Accession,ClosestGenotype,ClosestGenotypePident,ClosestSubtype,ClosestSubtypePident,ReferenceOverlapAA,FullyCover,CoveredRASPositions
MW205467,2,82.887,2c,83.905,150-321,Yes,150;159;206;282;316;320;321
MW205468,2,82.292,2v,83.756,150-321,Yes,150;159;206;282;316;320;321
MW205469,2,82.414,2v,84.328,150-321,Yes,150;159;206;282;316;320;321
MW205470,2,83.360,2v,83.520,150-321,Yes,150;159;206;282;316;320;321
MW205471,2,84.673,2u,86.140,150-321,Yes,150;159;206;282;316;320;321
MW205473,2,84.418,2k,85.930,150-321,Yes,150;159;206;282;316;320;321
MW205477,2,83.159,2u,84.352,150-321,Yes,150;159;206;282;316;320;321
MW205479,2,84.054,2a,85.991,150-321,Yes,150;159;206;282;316;320;321
MW205480,2,80.838,2f,89.820,150-321,Yes,150;159;206;282;316;320;321
MW205482,2,82.861,2f,87.034,150-321,Yes,150;159;206;282;316;320;321
MW205483,2,82.256,2d,86.917,150-321,Yes,150;159;206;282;316;320;321
MW205484,2,81.763,2d,85.866,150-321,Yes,150;159;206;282;316;320;321
MW205485,2,82.116,2r,91.654,150-321,Yes,150;159;206;282;316;320;321
MW205488,2,83.159,2k,86.289,150-321,Yes,150;159;206;282;316;320;321
MW205489,2,83.131,2v,85.562,150-321,Yes,150;159;206;282;316;320;321
MW205490,2,80.861,2v,83.308,150-321,Yes,150;159;206;282;316;320;321
MW205492,2,82.635,2c,93.114,150-321,Yes,150;159;206;282;316;320;321
MW205493,2,81.371,2c,91.654,150-321,Yes,150;159;206;282;316;320;321
MW205494,2,81.571,2r,83.384,150-321,Yes,150;159;206;282;316;320;321
MW205495,2,83.435,2i,91.489,150-321,Yes,150;159;206;282;316;320;321
MW205496,2,82.712,2i,91.952,150-321,Yes,150;159;206;282;316;320;321
MW205497,2,82.219,2i,90.578,150-321,Yes,150;159;206;282;316;320;321
MW205498,2,83.458,2i,90.760,150-321,Yes,150;159;206;282;316;320;321
MW205499,3,81.833,3b,90.671,150-321,Yes,150;159;206;282;316;320;321
MW205500,3,82.787,3b,90.164,150-321,Yes,150;159;206;282;316;320;321
MW205501,3,82.430,3b,93.103,150-321,Yes,150;159;206;282;316;320;321
MW205504,3,81.506,3b,92.308,150-321,Yes,150;159;206;282;316;320;321
MW205505,3,82.947,3b,92.219,150-321,Yes,150;159;206;282;316;320;321
MW205506,3,82.701,3b,92.109,150-321,Yes,150;159;206;282;316;320;321
MW357756,1,79.822,1b,92.464,150-321,Yes,150;159;206;282;316;320;321
MW357771,1,80.488,1b,92.683,150-321,Yes,150;159;206;282;316;320;321
MZ327730,3,95.361,3a,93.721,150-321,Yes,150;159;206;282;316;320;321
MZ327731,1,94.245,1a,93.541,150-321,Yes,150;159;206;282;316;320;321
MZ327732,1,95.655,1a,95.068,150-321,Yes,150;159;206;282;316;320;321
MZ327733,1,93.673,1a,93.087,150-321,Yes,150;159;206;282;316;320;321
MZ327737,1,94.025,1a,94.083,150-321,Yes,150;159;206;282;316;320;321
MZ327738,3,96.418,3a,94.131,150-321,Yes,150;159;206;282;316;320;321
MZ327739,1,95.009,1a,94.128,150-321,Yes,150;159;206;282;316;320;321
MZ327741,1,93.776,1a,93.188,150-321,Yes,150;159;206;282;316;320;321
MZ327742,1,94.363,1a,94.069,150-321,Yes,150;159;206;282;316;320;321
MZ327745,3,94.891,3a,93.721,150-321,Yes,150;159;206;282;316;320;321
MZ327748,3,94.715,3a,93.545,150-321,Yes,150;159;206;282;316;320;321
MZ327750,3,95.068,3a,93.721,150-321,Yes,150;159;206;282;316;320;321
MZ327754,3,95.655,3a,93.192,150-321,Yes,150;159;206;282;316;320;321
MZ327756,3,95.068,3a,94.308,150-321,Yes,150;159;206;282;316;320;321
MZ327757,3,94.480,3a,93.603,150-321,Yes,150;159;206;282;316;320;321
MZ327759,3,95.302,3a,93.838,150-321,Yes,150;159;206;282;316;320;321
MZ327763,1,94.259,1a,93.556,150-321,Yes,150;159;206;282;316;320;321
MZ327764,3,94.950,3a,93.545,150-321,Yes,150;159;206;282;316;320;321
MZ327770,1,94.845,1a,93.907,150-321,Yes,150;159;206;282;316;320;321
MZ327772,3,95.361,3a,93.779,150-321,Yes,150;159;206;282;316;320;321
MZ327773,3,94.950,3a,93.075,150-321,Yes,150;159;206;282;316;320;321
MZ327778,1,95.479,1a,95.009,150-321,Yes,150;159;206;282;316;320;321
MZ327779,3,94.363,3a,93.075,150-321,Yes,150;159;206;282;316;320;321
MZ327780,3,94.245,3a,93.310,150-321,Yes,150;159;206;282;316;320;321
MZ327781,3,95.361,3a,93.545,150-321,Yes,150;159;206;282;316;320;321
MZ327782,1,94.715,1a,94.245,150-321,Yes,150;159;206;282;316;320;321
MZ327783,3,94.422,3a,93.779,150-321,Yes,150;159;206;282;316;320;321
MZ327785,1,96.124,1a,95.537,150-321,Yes,150;159;206;282;316;320;321
MZ327786,3,95.244,3a,93.897,150-321,Yes,150;159;206;282;316;320;321
MZ327789,3,95.068,3a,93.545,150-321,Yes,150;159;206;282;316;320;321
MZ327790,1,94.245,1a,93.776,150-321,Yes,150;159;206;282;316;320;321
MZ327793,1,96.359,1a,95.596,150-321,Yes,150;159;206;282;316;320;321
MZ327794,3,95.713,3a,93.838,150-321,Yes,150;159;206;282;316;320;321
MZ327795,1,93.790,1a,92.853,150-321,Yes,150;159;206;282;316;320;321
MZ327796,3,96.888,3a,94.660,150-321,Yes,150;159;206;282;316;320;321
MZ327799,3,95.302,3a,93.310,150-321,Yes,150;159;206;282;316;320;321
PQ335035,1,95.637,1a,95.106,150-321,Yes,150;159;206;282;316;320;321
PQ335036,1,95.912,1a,95.079,150-321,Yes,150;159;206;282;316;320;321
PQ335037,1,96.226,1a,95.637,150-321,Yes,150;159;206;282;316;320;321
PQ335038,1,96.342,1a,95.575,150-321,Yes,150;159;206;282;316;320;321
PQ335039,1,95.819,1a,95.230,150-321,Yes,150;159;206;282;316;320;321
PQ335040,1,95.534,1a,95.079,150-321,Yes,150;159;206;282;316;320;321
PQ335041,1,95.696,1a,94.988,150-321,Yes,150;159;206;282;316;320;321
PQ335042,1,93.698,1a,93.404,150-321,Yes,150;159;206;282;316;320;321
PQ335045,1,93.278,1a,92.925,150-321,Yes,150;159;206;282;316;320;321
PQ335046,1,95.991,1a,95.106,150-321,Yes,150;159;206;282;316;320;321
PQ335049,1,95.524,1a,94.817,150-321,Yes,150;159;206;282;316;320;321
PQ335050,1,93.915,1a,93.122,246-321,,282;316;320;321
PQ335051,1,96.167,1a,95.460,150-321,Yes,150;159;206;282;316;320;321
PQ335052,1,95.224,1a,94.517,150-321,Yes,150;159;206;282;316;320;321
PQ335053,1,93.414,1a,93.617,150-321,Yes,150;159;206;282;316;320;321
PQ335054,1,89.537,1a,89.296,150-321,Yes,150;159;206;282;316;320;321
PQ335055,1,96.466,1a,95.819,150-321,Yes,150;159;206;282;316;320;321
PQ335056,1,95.814,1a,95.224,150-321,Yes,150;159;206;282;316;320;321
PQ335057,1,93.822,1a,93.247,150-321,Yes,150;159;206;282;316;320;321
PQ335058,1,93.684,1a,93.388,150-321,Yes,150;159;206;282;316;320;321
PQ335059,1,95.819,1a,95.347,150-321,Yes,150;159;206;282;316;320;321
PQ335061,1,96.403,1a,95.932,150-321,Yes,150;159;206;282;316;320;321
PQ335062,1,96.108,1a,95.401,150-321,Yes,150;159;206;282;316;320;321
PQ335064,1,95.460,1a,95.519,150-321,Yes,150;159;206;282;316;320;321
PQ335065,1,95.044,1a,94.572,150-321,Yes,150;159;206;282;316;320;321
PQ335066,1,95.932,1a,95.165,150-321,Yes,150;159;206;282;316;320;321
PQ335067,1,96.231,1a,95.642,150-321,Yes,150;159;206;282;316;320;321
PQ335068,1,96.291,1a,95.761,150-321,Yes,150;159;206;282;316;320;321
PQ335070,1,95.811,1a,95.212,150-321,Yes,150;159;206;282;316;320;321
PQ335071,1,96.521,1a,95.696,150-321,Yes,150;159;206;282;316;320;321
PQ335072,1,93.565,1a,93.565,150-321,Yes,150;159;206;282;316;320;321
PQ335073,1,95.932,1a,95.224,150-321,Yes,150;159;206;282;316;320;321
PQ335074,1,95.637,1a,95.106,150-321,Yes,150;159;206;282;316;320;321
PQ335075,1,93.278,1a,92.925,150-321,Yes,150;159;206;282;316;320;321
PQ335077,1,95.932,1a,95.283,150-321,Yes,150;159;206;282;316;320;321
PQ335078,1,95.578,1a,95.106,150-321,Yes,150;159;206;282;316;320;321
PQ335079,1,95.932,1a,95.342,150-321,Yes,150;159;206;282;316;320;321
PQ335082,1,96.482,1a,95.700,150-321,Yes,150;159;206;282;316;320;321
PQ335084,1,93.096,1a,92.954,150-321,Yes,150;159;206;282;316;320;321
PQ335085,1,95.814,1a,94.988,150-321,Yes,150;159;206;282;316;320;321
PQ335086,1,95.632,1a,94.923,150-321,Yes,150;159;206;282;316;320;321
PQ335087,1,94.935,1a,94.582,150-321,Yes,150;159;206;282;316;320;321
PQ335088,1,94.696,1a,94.201,150-321,Yes,150;159;206;282;316;320;321
PQ335091,4,92.284,4a,92.284,150-321,Yes,150;159;206;282;316;320;321
PQ335092,4,92.436,4a,92.436,150-321,Yes,150;159;206;282;316;320;321
PQ335093,4,92.803,4a,92.803,150-321,Yes,150;159;206;282;316;320;321
PQ335094,4,91.824,4a,91.824,150-321,Yes,150;159;206;282;316;320;321
PQ335097,4,92.034,4a,92.034,150-321,Yes,150;159;206;282;316;320;321
PQ335100,4,93.116,4a,93.116,150-321,Yes,150;159;206;282;316;320;321
PQ335104,4,92.511,4a,92.511,150-321,Yes,150;159;206;282;316;320;321
PQ335107,4,92.436,4a,92.436,150-321,Yes,150;159;206;282;316;320;321
PQ335108,4,91.997,4a,91.997,150-321,Yes,150;159;206;282;316;320;321
PQ335111,4,92.511,4a,92.511,150-321,Yes,150;159;206;282;316;320;321
PQ335112,4,90.769,4a,90.769,150-321,Yes,150;159;206;282;316;320;321
PQ335118,4,92.133,4a,92.133,150-321,Yes,150;159;206;282;316;320;321
PQ335119,4,92.814,4a,92.814,150-321,Yes,150;159;206;282;316;320;321
PQ335120,4,92.650,4a,92.650,150-321,Yes,150;159;206;282;316;320;321
PQ335121,4,92.808,4a,92.808,150-321,Yes,150;159;206;282;316;320;321
PQ335126,4,92.360,4a,92.360,150-321,Yes,150;159;206;282;316;320;321
PQ335127,4,93.183,4a,93.183,150-321,Yes,150;159;206;282;316;320;321
PQ335128,4,92.511,4a,92.511,150-321,Yes,150;159;206;282;316;320;321
PQ335129,4,92.209,4a,92.209,150-321,Yes,150;159;206;282;316;320;321
PQ335132,4,92.650,4a,92.650,150-321,Yes,150;159;206;282;316;320;321
PQ335133,4,93.192,4a,93.192,150-321,Yes,150;159;206;282;316;320;321
PQ335136,4,92.133,4a,92.133,150-321,Yes,150;159;206;282;316;320;321
PQ335138,4,92.297,4a,92.297,150-321,Yes,150;159;206;282;316;320;321
PQ335140,4,92.133,4a,92.133,150-321,Yes,150;159;206;282;316;320;321
PQ335144,4,92.294,4a,92.294,150-321,Yes,150;159;206;282;316;320;321
PQ335145,4,92.663,4a,92.663,150-321,Yes,150;159;206;282;316;320;321
PQ335146,4,92.738,4a,92.738,150-321,Yes,150;159;206;282;316;320;321
PQ335147,4,92.337,4a,92.337,150-321,Yes,150;159;206;282;316;320;321
PQ335151,4,92.511,4a,92.511,150-321,Yes,150;159;206;282;316;320;321
PQ335152,4,92.663,4a,92.663,150-321,Yes,150;159;206;282;316;320;321
PQ335153,4,93.192,4a,93.192,150-321,Yes,150;159;206;282;316;320;321
PQ335154,4,92.133,4a,92.133,150-321,Yes,150;159;206;282;316;320;321
PQ335157,4,92.709,4a,92.709,150-321,Yes,150;159;206;282;316;320;321
PQ365497,1,94.191,1a,93.852,150-321,Yes,150;159;206;282;316;320;321
PQ365498,3,95.544,3a,93.739,150-321,Yes,150;159;206;282;316;320;321
PQ365499,1,94.473,1a,94.021,150-321,Yes,150;159;206;282;316;320;321
PQ365500,1,94.698,1a,94.191,150-321,Yes,150;159;206;282;316;320;321
PQ365501,3,95.034,3a,93.179,150-321,Yes,150;159;206;282;316;320;321
PQ365503,1,94.078,1a,93.514,150-321,Yes,150;159;206;282;316;320;321
PQ365504,3,82.638,3i,95.699,150-321,Yes,150;159;206;282;316;320;321
PQ365505,3,83.239,3b,92.781,150-321,Yes,150;159;206;282;316;320;321
PQ365506,3,94.642,3a,93.115,150-321,Yes,150;159;206;282;316;320;321
PQ365507,1,93.796,1a,93.119,150-321,Yes,150;159;206;282;316;320;321
PQ365508,3,95.262,3a,93.401,150-321,Yes,150;159;206;282;316;320;321
PQ365509,3,94.921,3a,93.067,150-321,Yes,150;159;206;282;316;320;321
PQ365510,1,81.895,1b,92.668,150-321,Yes,150;159;206;282;316;320;321
PQ365511,3,94.867,3a,93.006,150-321,Yes,150;159;206;282;316;320;321
PQ365514,3,94.695,3a,93.010,150-321,Yes,150;159;206;282;316;320;321
PQ365515,3,95.147,3a,93.405,150-321,Yes,150;159;206;282;316;320;321
PQ365519,3,95.203,3a,93.067,150-321,Yes,150;159;206;282;316;320;321
PQ365520,3,95.147,3a,93.743,150-321,Yes,150;159;206;282;316;320;321
PQ365521,3,95.034,3a,93.236,150-321,Yes,150;159;206;282;316;320;321
PQ365522,3,95.542,3a,93.630,150-321,Yes,150;159;206;282;316;320;321
PQ365523,3,94.529,3a,92.611,150-321,Yes,150;159;206;282;316;320;321
PQ365524,3,83.390,3e,92.442,150-321,Yes,150;159;206;282;316;320;321
PQ365525,3,94.187,3a,92.728,150-321,Yes,150;159;206;282;316;320;321
PQ365526,3,94.642,3a,92.555,150-321,Yes,150;159;206;282;316;320;321
PQ365527,1,94.867,1a,94.191,150-321,Yes,150;159;206;282;316;320;321
PQ365528,3,94.585,3a,92.494,150-321,Yes,150;159;206;282;316;320;321
PQ365529,3,95.147,3a,93.405,150-321,Yes,150;159;206;282;316;320;321
PQ365530,3,95.037,3a,92.781,150-321,Yes,150;159;206;282;316;320;321
PQ365532,3,95.657,3a,94.191,150-321,Yes,150;159;206;282;316;320;321
PQ365533,1,94.529,1a,93.965,150-321,Yes,150;159;206;282;316;320;321
PQ365534,3,94.698,3a,93.627,150-321,Yes,150;159;206;282;316;320;321
PQ365535,3,95.260,3a,93.461,150-321,Yes,150;159;206;282;316;320;321
PQ365536,3,94.695,3a,93.292,150-321,Yes,150;159;206;282;316;320;321
PQ365537,3,95.262,3a,93.627,150-321,Yes,150;159;206;282;316;320;321
PQ365538,3,94.470,3a,92.897,150-321,Yes,150;159;206;282;316;320;321
PQ365539,3,83.804,3g,91.089,150-321,Yes,150;159;206;282;316;320;321
PQ365540,3,94.015,3a,92.857,150-321,Yes,150;159;206;282;316;320;321
ON630763,1,92.179,1a,92.060,150-321,Yes,150;159;206;282;316;320;321
ON630764,1,93.963,1a,93.724,150-321,Yes,150;159;206;282;316;320;321
ON630765,1,93.493,1a,92.716,150-321,Yes,150;159;206;282;316;320;321
ON630766,1,96.299,1a,95.522,150-321,Yes,150;159;206;282;316;320;321
ON630767,1,95.821,1a,94.925,150-321,Yes,150;159;206;282;316;320;321
ON630768,1,95.397,1a,94.620,150-321,Yes,150;159;206;282;316;320;321
ON630769,1,95.164,1a,94.866,150-321,Yes,150;159;206;282;316;320;321
ON630770,1,96.299,1a,95.403,150-321,Yes,150;159;206;282;316;320;321
ON630771,1,95.522,1a,94.866,150-321,Yes,150;159;206;282;316;320;321
ON630772,1,95.164,1a,94.448,150-321,Yes,150;159;206;282;316;320;321
ON630773,1,93.075,1a,93.313,150-321,Yes,150;159;206;282;316;320;321
ON630774,1,93.612,1a,93.134,150-321,Yes,150;159;206;282;316;320;321
ON630775,1,96.000,1a,95.343,150-321,Yes,150;159;206;282;316;320;321
ON630776,1,96.000,1a,95.224,150-321,Yes,150;159;206;282;316;320;321
ON630777,1,93.493,1a,92.776,150-321,Yes,150;159;206;282;316;320;321
ON630778,1,96.119,1a,95.463,150-321,Yes,150;159;206;282;316;320;321
ON630779,1,96.000,1a,95.343,150-321,Yes,150;159;206;282;316;320;321
ON630780,1,96.179,1a,95.522,150-321,Yes,150;159;206;282;316;320;321
ON630781,1,94.806,1a,94.328,150-321,Yes,150;159;206;282;316;320;321
ON630782,1,95.284,1a,94.507,150-321,Yes,150;159;206;282;316;320;321
ON630783,1,94.090,1a,93.552,150-321,Yes,150;159;206;282;316;320;321
ON630784,1,95.940,1a,95.164,150-321,Yes,150;159;206;282;316;320;321
ON630785,1,95.463,1a,94.687,150-321,Yes,150;159;206;282;316;320;321
ON630786,1,94.149,1a,93.851,150-321,Yes,150;159;206;282;316;320;321
ON630787,1,96.239,1a,95.642,150-321,Yes,150;159;206;282;316;320;321
ON630788,1,96.000,1a,94.985,150-321,Yes,150;159;206;282;316;320;321
ON630789,1,94.090,1a,93.791,150-321,Yes,150;159;206;282;316;320;321
ON630790,1,94.090,1a,93.672,150-321,Yes,150;159;206;282;316;320;321
ON630791,1,94.149,1a,93.731,150-321,Yes,150;159;206;282;316;320;321
ON630792,1,95.045,1a,94.328,150-321,Yes,150;159;206;282;316;320;321
ON630793,1,93.970,1a,93.552,150-321,Yes,150;159;206;282;316;320;321
ON630794,1,94.866,1a,94.090,150-321,Yes,150;159;206;282;316;320;321
ON630795,1,95.761,1a,95.403,150-321,Yes,150;159;206;282;316;320;321
ON630796,1,93.672,1a,92.836,150-321,Yes,150;159;206;282;316;320;321
ON630797,1,93.910,1a,93.134,150-321,Yes,150;159;206;282;316;320;321
ON630798,1,93.910,1a,93.313,150-321,Yes,150;159;206;282;316;320;321
ON630799,1,93.552,1a,92.776,150-321,Yes,150;159;206;282;316;320;321
ON630800,1,93.313,1a,92.836,150-321,Yes,150;159;206;282;316;320;321
ON630801,1,93.791,1a,93.075,150-321,Yes,150;159;206;282;316;320;321
ON630802,1,93.970,1a,93.612,150-321,Yes,150;159;206;282;316;320;321
ON630803,1,93.433,1a,92.776,150-321,Yes,150;159;206;282;316;320;321
ON630804,1,96.000,1a,95.104,150-321,Yes,150;159;206;282;316;320;321
ON630805,1,94.448,1a,93.731,150-321,Yes,150;159;206;282;316;320;321
ON630806,1,96.179,1a,95.642,150-321,Yes,150;159;206;282;316;320;321
ON630807,1,94.030,1a,93.313,150-321,Yes,150;159;206;282;316;320;321
ON630808,1,95.642,1a,94.985,150-321,Yes,150;159;206;282;316;320;321
ON630809,1,96.000,1a,95.463,150-321,Yes,150;159;206;282;316;320;321
ON630810,1,95.582,1a,94.687,150-321,Yes,150;159;206;282;316;320;321
ON630811,1,93.970,1a,93.075,150-321,Yes,150;159;206;282;316;320;321
ON630812,1,93.851,1a,93.015,150-321,Yes,150;159;206;282;316;320;321
ON630813,1,94.030,1a,93.552,150-321,Yes,150;159;206;282;316;320;321
ON630814,1,94.090,1a,93.254,150-321,Yes,150;159;206;282;316;320;321
ON630815,1,94.507,1a,93.672,150-321,Yes,150;159;206;282;316;320;321
ON630816,1,96.716,1a,96.060,150-321,Yes,150;159;206;282;316;320;321
ON630817,1,93.970,1a,93.791,150-321,Yes,150;159;206;282;316;320;321
ON630818,1,93.552,1a,92.776,150-321,Yes,150;159;206;282;316;320;321
ON630819,1,94.328,1a,93.493,150-321,Yes,150;159;206;282;316;320;321
ON630820,1,95.582,1a,94.687,150-321,Yes,150;159;206;282;316;320;321
ON630821,1,93.254,1a,93.075,150-321,Yes,150;159;206;282;316;320;321
ON630822,1,95.881,1a,95.224,150-321,Yes,150;159;206;282;316;320;321
ON630823,1,93.493,1a,92.836,150-321,Yes,150;159;206;282;316;320;321
ON630824,1,94.507,1a,93.731,150-321,Yes,150;159;206;282;316;320;321
ON630825,1,96.299,1a,95.522,150-321,Yes,150;159;206;282;316;320;321
ON630826,1,95.522,1a,95.045,150-321,Yes,150;159;206;282;316;320;321
ON630827,1,93.970,1a,93.194,150-321,Yes,150;159;206;282;316;320;321
ON630828,1,93.552,1a,92.836,150-321,Yes,150;159;206;282;316;320;321
ON630829,1,93.970,1a,93.373,150-321,Yes,150;159;206;282;316;320;321
ON630830,1,96.358,1a,95.940,150-321,Yes,150;159;206;282;316;320;321
ON630831,1,93.552,1a,92.955,150-321,Yes,150;159;206;282;316;320;321
ON630832,1,96.478,1a,96.060,150-321,Yes,150;159;206;282;316;320;321
ON630833,1,94.687,1a,94.149,150-321,Yes,150;159;206;282;316;320;321
ON630834,1,96.060,1a,95.164,150-321,Yes,150;159;206;282;316;320;321
ON630835,1,94.866,1a,94.209,150-321,Yes,150;159;206;282;316;320;321
ON630836,1,96.000,1a,95.403,150-321,Yes,150;159;206;282;316;320;321
ON630837,1,96.179,1a,95.284,150-321,Yes,150;159;206;282;316;320;321
ON630838,1,95.761,1a,94.985,150-321,Yes,150;159;206;282;316;320;321
ON630839,1,95.045,1a,94.388,150-321,Yes,150;159;206;282;316;320;321
ON630840,1,95.045,1a,94.149,150-321,Yes,150;159;206;282;316;320;321
ON630841,1,95.522,1a,94.627,150-321,Yes,150;159;206;282;316;320;321
ON630842,1,96.179,1a,95.582,150-321,Yes,150;159;206;282;316;320;321
ON630843,1,96.119,1a,95.343,150-321,Yes,150;159;206;282;316;320;321
ON630844,1,95.403,1a,94.627,150-321,Yes,150;159;206;282;316;320;321
ON630845,1,95.821,1a,95.045,150-321,Yes,150;159;206;282;316;320;321
ON630846,1,95.224,1a,94.567,150-321,Yes,150;159;206;282;316;320;321
ON630847,1,95.701,1a,95.224,150-321,Yes,150;159;206;282;316;320;321
ON630848,1,95.761,1a,95.164,150-321,Yes,150;159;206;282;316;320;321
ON630849,1,95.940,1a,95.045,150-321,Yes,150;159;206;282;316;320;321
ON630850,1,93.672,1a,93.134,150-321,Yes,150;159;206;282;316;320;321
ON630851,1,96.716,1a,95.821,150-321,Yes,150;159;206;282;316;320;321
ON630852,1,95.642,1a,94.746,150-321,Yes,150;159;206;282;316;320;321
ON630853,1,95.821,1a,95.224,150-321,Yes,150;159;206;282;316;320;321
ON630854,1,95.343,1a,94.448,150-321,Yes,150;159;206;282;316;320;321
ON630855,1,93.552,1a,93.015,150-321,Yes,150;159;206;282;316;320;321
ON630856,1,93.254,1a,92.657,150-321,Yes,150;159;206;282;316;320;321
ON630857,1,93.134,1a,92.776,150-321,Yes,150;159;206;282;316;320;321
ON630858,1,93.433,1a,92.955,150-321,Yes,150;159;206;282;316;320;321
ON630859,1,93.075,1a,92.597,150-321,Yes,150;159;206;282;316;320;321
ON630860,1,95.224,1a,94.448,150-321,Yes,150;159;206;282;316;320;321
ON630861,1,96.119,1a,95.343,150-321,Yes,150;159;206;282;316;320;321
ON630862,1,93.612,1a,93.194,150-321,Yes,150;159;206;282;316;320;321
ON630863,1,96.776,1a,96.060,150-321,Yes,150;159;206;282;316;320;321
ON630864,1,96.299,1a,95.522,150-321,Yes,150;159;206;282;316;320;321
ON630865,1,94.687,1a,93.910,150-321,Yes,150;159;206;282;316;320;321
ON630866,1,94.448,1a,93.851,150-321,Yes,150;159;206;282;316;320;321
ON630867,1,96.179,1a,95.403,150-321,Yes,150;159;206;282;316;320;321
ON630868,1,96.836,1a,96.060,150-321,Yes,150;159;206;282;316;320;321
ON630869,1,94.746,1a,93.970,150-321,Yes,150;159;206;282;316;320;321
ON630870,4,83.443,4d,94.866,150-321,Yes,150;159;206;282;316;320;321
ON630871,4,83.622,4d,94.985,150-321,Yes,150;159;206;282;316;320;321
ON630872,4,83.443,4d,94.627,150-321,Yes,150;159;206;282;316;320;321
ON630873,4,83.622,4d,95.343,150-321,Yes,150;159;206;282;316;320;321
ON630874,4,83.742,4d,95.045,150-321,Yes,150;159;206;282;316;320;321
ON630875,4,83.701,4d,94.800,150-321,Yes,150;159;206;282;316;320;321
ON630876,4,83.383,4d,94.687,150-321,Yes,150;159;206;282;316;320;321
ON630877,4,83.463,4d,94.620,150-321,Yes,150;159;206;282;316;320;321
ON630878,4,83.522,4d,94.680,150-321,Yes,150;159;206;282;316;320;321
ON630879,4,83.642,4d,94.561,150-321,Yes,150;159;206;282;316;320;321
ON630880,4,83.701,4d,95.039,150-321,Yes,150;159;206;282;316;320;321
ON630881,4,83.701,4d,95.218,150-321,Yes,150;159;206;282;316;320;321
ON630882,4,84.010,4d,95.278,150-321,Yes,150;159;206;282;316;320;321
ON630883,4,83.522,4d,94.860,150-321,Yes,150;159;206;282;316;320;321
ON630884,4,83.761,4d,95.278,150-321,Yes,150;159;206;282;316;320;321
ON630885,4,83.701,4d,94.860,150-321,Yes,150;159;206;282;316;320;321
ON630886,4,83.811,4d,94.919,150-321,Yes,150;159;206;282;316;320;321
ON630887,4,83.771,4d,94.680,150-321,Yes,150;159;206;282;316;320;321
ON630888,4,83.443,4d,95.224,150-321,Yes,150;159;206;282;316;320;321
ON630889,4,83.622,4d,94.866,150-321,Yes,150;159;206;282;316;320;321
ON630890,4,83.831,4d,94.860,150-321,Yes,150;159;206;282;316;320;321
ON630891,4,83.403,4d,94.860,150-321,Yes,150;159;206;282;316;320;321
ON630892,4,83.343,4d,95.397,150-321,Yes,150;159;206;282;316;320;321
ON630893,4,83.761,4d,95.158,150-321,Yes,150;159;206;282;316;320;321
ON630894,4,83.592,4d,94.680,150-321,Yes,150;159;206;282;316;320;321
ON630895,4,84.368,4d,95.278,150-321,Yes,150;159;206;282;316;320;321
ON630896,4,83.821,4d,94.561,150-321,Yes,150;159;206;282;316;320;321
ON630897,4,83.294,4d,95.158,150-321,Yes,150;159;206;282;316;320;321
ON630898,4,83.115,4d,94.202,150-321,Yes,150;159;206;282;316;320;321
ON630899,4,83.463,4d,95.158,150-321,Yes,150;159;206;282;316;320;321
ON630900,4,83.463,4d,95.218,150-321,Yes,150;159;206;282;316;320;321
MW675788,1,97.575,1a,96.871,150-321,Yes,150;159;206;282;316;320;321
MW675789,1,97.575,1a,96.871,150-321,Yes,150;159;206;282;316;320;321
MW675790,1,93.966,1a,93.391,150-321,Yes,150;159;206;282;316;320;321
MW675791,1,93.739,1a,93.175,150-321,Yes,150;159;206;282;316;320;321
MW675792,1,95.262,1a,94.303,150-321,Yes,150;159;206;282;316;320;321
MW675793,1,94.195,1a,93.391,150-321,Yes,150;159;206;282;316;320;321
MW675794,1,94.195,1a,93.391,150-321,Yes,150;159;206;282;316;320;321
MW675795,1,94.134,1a,93.345,150-321,Yes,150;159;206;282;316;320;321
MW675796,1,94.138,1a,93.333,150-321,Yes,150;159;206;282;316;320;321
MW675797,4,84.086,4d,95.034,150-321,Yes,150;159;206;282;316;320;321
MW675798,4,83.973,4d,94.921,150-321,Yes,150;159;206;282;316;320;321
MW675799,4,84.086,4d,95.090,150-321,Yes,150;159;206;282;316;320;321
MW675800,4,84.255,4d,94.921,150-321,Yes,150;159;206;282;316;320;321
MN628574,3,94.698,3a,93.006,150-321,Yes,150;159;206;282;316;320;321
MN628575,3,94.639,3a,92.954,150-321,Yes,150;159;206;282;316;320;321
MN628576,3,94.360,3a,92.555,150-321,Yes,150;159;206;282;316;320;321
MN628577,3,94.585,3a,93.006,150-321,Yes,150;159;206;282;316;320;321
MN628578,3,94.526,3a,93.123,150-321,Yes,150;159;206;282;316;320;321
MN628579,3,94.585,3a,93.175,150-321,Yes,150;159;206;282;316;320;321
MN628580,1,95.037,1a,94.473,150-321,Yes,150;159;206;282;316;320;321
MN628581,3,95.260,3a,93.687,150-321,Yes,150;159;206;282;316;320;321
MN628582,3,95.203,3a,93.517,150-321,Yes,150;159;206;282;316;320;321
MN628584,3,94.357,3a,92.559,150-321,Yes,150;159;206;282;316;320;321
MN628585,3,95.316,3a,93.743,150-321,Yes,150;159;206;282;316;320;321
MN628586,3,94.865,3a,92.954,150-321,Yes,150;159;206;282;316;320;321
MN628587,3,95.093,3a,93.175,150-321,Yes,150;159;206;282;316;320;321
MN628588,3,95.203,3a,93.517,150-321,Yes,150;159;206;282;316;320;321
MN628589,3,94.526,3a,93.010,150-321,Yes,150;159;206;282;316;320;321
MN628590,3,94.526,3a,93.123,150-321,Yes,150;159;206;282;316;320;321
MN628591,3,95.260,3a,93.405,150-321,Yes,150;159;206;282;316;320;321
MN628592,1,94.585,1a,94.473,150-321,Yes,150;159;206;282;316;320;321
MN628593,3,95.429,3a,93.743,150-321,Yes,150;159;206;282;316;320;321
MN628594,3,95.147,3a,93.461,150-321,Yes,150;159;206;282;316;320;321
MN628595,3,94.924,3a,92.893,150-321,Yes,150;159;206;282;316;320;321
MN628596,3,94.752,3a,93.067,150-321,Yes,150;159;206;282;316;320;321
MN628597,3,95.372,3a,93.912,150-321,Yes,150;159;206;282;316;320;321
MT032265,6,72.205,6n,95.981,150-321,Yes,150;159;206;282;316;320;321
MT032266,8,73.209,8a,73.209,150-321,Yes,150;159;206;282;316;320;321
MT032267,1,70.853,1g,71.296,150-321,Yes,150;159;206;282;316;320;321
MT032268,6,72.050,6n,96.600,150-321,Yes,150;159;206;282;316;320;321
MT032269,8,72.274,8a,72.274,150-321,Yes,150;159;206;282;316;320;321
MT032270,8,72.430,8a,72.430,150-321,Yes,150;159;206;282;316;320;321
MT032271,6,72.601,6n,95.827,150-321,Yes,150;159;206;282;316;320;321
MT032272,8,71.807,8a,71.807,150-321,Yes,150;159;206;282;316;320;321
MT032273,1,72.643,1a,72.531,150-321,Yes,150;159;206;282;316;320;321
MT032274,6,71.933,6n,95.827,150-321,Yes,150;159;206;282;316;320;321
MT032275,8,71.807,8a,71.807,150-321,Yes,150;159;206;282;316;320;321
MT032276,8,72.446,8a,72.446,150-321,Yes,150;159;206;282;316;320;321
MT032277,6,71.695,6n,95.672,150-321,Yes,150;159;206;282;316;320;321
MT032278,8,72.741,8a,72.741,150-321,Yes,150;159;206;282;316;320;321
MT032279,8,72.741,8a,72.741,150-321,Yes,150;159;206;282;316;320;321
MT032280,8,71.919,8a,71.919,150-321,Yes,150;159;206;282;316;320;321
MT032281,6,74.650,6xa,97.836,150-321,Yes,150;159;206;282;316;320;321
MT032282,6,75.272,6xa,97.682,150-321,Yes,150;159;206;282;316;320;321
MT032283,6,74.299,6xa,84.389,150-321,Yes,150;159;206;282;316;320;321
MT032286,6,74.961,6xa,98.145,150-321,Yes,150;159;206;282;316;320;321
MT032287,6,75.272,6xa,97.991,150-321,Yes,150;159;206;282;316;320;321
MT032288,6,75.117,6xa,98.145,150-321,Yes,150;159;206;282;316;320;321
MT032289,6,74.961,6xa,97.836,150-321,Yes,150;159;206;282;316;320;321
MT032290,6,75.428,6xa,97.682,150-321,Yes,150;159;206;282;316;320;321
MT032291,6,75.039,6xa,97.372,150-321,Yes,150;159;206;282;316;320;321
MT032292,6,75.272,6xa,97.682,150-321,Yes,150;159;206;282;316;320;321
MT032293,6,74.961,6xa,97.836,150-321,Yes,150;159;206;282;316;320;321
MT032294,6,74.650,6xa,98.454,150-321,Yes,150;159;206;282;316;320;321
MT032295,6,74.961,6xa,97.527,150-321,Yes,150;159;206;282;316;320;321
MT032296,6,75.117,6xa,98.454,150-321,Yes,150;159;206;282;316;320;321
MT032297,6,74.650,6xa,97.063,150-321,Yes,150;159;206;282;316;320;321
MT032298,6,74.650,6xa,97.218,150-321,Yes,150;159;206;282;316;320;321
MT032299,6,74.495,6xa,97.527,150-321,Yes,150;159;206;282;316;320;321
MT032300,6,75.272,6xa,98.300,150-321,Yes,150;159;206;282;316;320;321
MT032301,6,74.961,6xa,97.991,150-321,Yes,150;159;206;282;316;320;321
MT032302,6,75.195,6xa,84.853,150-321,Yes,150;159;206;282;316;320;321
MT032303,6,75.117,6xa,98.300,150-321,Yes,150;159;206;282;316;320;321
MT032304,6,75.659,6xa,97.063,150-321,Yes,150;159;206;282;316;320;321
MT032305,6,74.961,6xa,97.372,150-321,Yes,150;159;206;282;316;320;321
MT603264,1,82.620,1b,95.250,150-321,Yes,150;159;206;282;316;320;321
MT603266,1,81.140,1b,95.984,150-321,Yes,150;159;206;282;316;320;321
MT603267,1,82.902,1b,96.275,150-321,Yes,150;159;206;282;316;320;321
MT603268,3,97.655,3a,93.311,150-321,Yes,150;159;206;282;316;320;321
MT603269,3,96.189,3a,92.085,150-321,Yes,150;159;206;282;316;320;321
MT603270,3,96.707,3a,91.928,150-321,Yes,150;159;206;282;316;320;321
MT603271,3,94.845,3a,91.176,150-321,Yes,150;159;206;282;316;320;321
MT603272,3,95.759,3a,92.182,150-321,Yes,150;159;206;282;316;320;321
MT603273,3,96.160,3a,92.171,150-321,Yes,150;159;206;282;316;320;321
MT603275,3,97.206,3a,92.658,150-321,Yes,150;159;206;282;316;320;321
MT603276,3,97.019,3a,93.006,150-321,Yes,150;159;206;282;316;320;321
MT603277,3,94.118,3a,90.749,150-321,Yes,150;159;206;282;316;320;321
MT603278,3,95.041,3a,91.749,150-321,Yes,150;159;206;282;316;320;321
MT603279,3,96.933,3a,92.343,150-321,Yes,150;159;206;282;316;320;321
MT603280,3,96.856,3a,93.572,150-321,Yes,150;159;206;282;316;320;321
MT603281,3,97.353,3a,93.979,150-321,Yes,150;159;206;282;316;320;321
MT603282,3,95.833,3a,92.000,150-321,Yes,150;159;206;282;316;320;321
MT632105,1,81.854,1b,92.595,150-321,Yes,150;159;206;282;316;320;321
MT632106,1,82.301,1b,93.392,150-321,Yes,150;159;206;282;316;320;321
MT632107,1,81.850,1b,92.276,150-321,Yes,150;159;206;282;316;320;321
MT632108,1,81.782,1b,92.616,150-321,Yes,150;159;206;282;316;320;321
MT632109,1,82.807,1b,93.796,150-321,Yes,150;159;206;282;316;320;321
MT632110,1,94.528,1a,93.898,150-321,Yes,150;159;206;282;316;320;321
MT632111,1,82.065,1b,93.097,150-321,Yes,150;159;206;282;316;320;321
MT632112,1,81.208,1b,93.175,150-321,Yes,150;159;206;282;316;320;321
MT632113,1,81.275,1b,92.217,150-321,Yes,150;159;206;282;316;320;321
MT632114,1,81.922,1b,92.444,150-321,Yes,150;159;206;282;316;320;321
MT632115,1,94.550,1a,94.205,150-321,Yes,150;159;206;282;316;320;321
MT632116,1,96.165,1a,95.939,150-321,Yes,150;159;206;282;316;320;321
MT632117,1,81.895,1b,93.119,150-321,Yes,150;159;206;282;316;320;321
MT632118,1,96.118,1a,95.941,150-321,Yes,150;159;206;282;316;320;321
MT632119,1,82.234,1b,92.837,150-321,Yes,150;159;206;282;316;320;321
MT632120,1,80.813,1b,92.043,150-321,Yes,150;159;206;282;316;320;321
MT632121,1,94.247,1a,94.416,150-321,Yes,150;159;206;282;316;320;321
MT632122,1,82.967,1b,92.777,150-321,Yes,150;159;206;282;316;320;321
MT632123,1,82.592,1b,92.273,150-321,Yes,150;159;206;282;316;320;321
MT632124,1,81.410,1b,92.196,150-321,Yes,150;159;206;282;316;320;321
MT632125,1,91.130,1a,91.130,150-321,Yes,150;159;206;282;316;320;321
MT632128,1,82.542,1b,93.146,150-321,Yes,150;159;206;282;316;320;321
MT632129,1,82.403,1b,92.555,150-321,Yes,150;159;206;282;316;320;321
MT632130,1,96.052,1a,95.657,150-321,Yes,150;159;206;282;316;320;321
MT632131,1,81.839,1b,93.063,150-321,Yes,150;159;206;282;316;320;321
MT632132,1,81.849,1b,91.930,150-321,Yes,150;159;206;282;316;320;321
MT632133,1,82.064,1b,93.115,150-321,Yes,150;159;206;282;316;320;321
MT632134,1,82.008,1b,93.514,150-321,Yes,150;159;206;282;316;320;321
MT632135,1,81.275,1b,92.893,150-321,Yes,150;159;206;282;316;320;321
MT632136,1,82.207,1b,92.490,150-321,Yes,150;159;206;282;316;320;321
MT632137,1,81.545,1b,91.627,150-321,Yes,150;159;206;282;316;320;321
MT632138,1,79.128,1b,90.592,150-321,Yes,150;159;206;282;316;320;321
MT632139,1,82.187,1b,93.457,150-321,Yes,150;159;206;282;316;320;321
MT632140,1,81.669,1b,92.555,150-321,Yes,150;159;206;282;316;320;321
MT632141,1,81.105,1b,93.397,150-321,Yes,150;159;206;282;316;320;321
MT632142,1,82.333,1b,92.605,150-321,Yes,150;159;206;282;316;320;321
MT632143,1,82.018,1b,92.611,150-321,Yes,150;159;206;282;316;320;321
MT632144,1,82.008,1b,92.668,150-321,Yes,150;159;206;282;316;320;321
MT632145,1,81.951,1b,91.935,150-321,Yes,150;159;206;282;316;320;321
MT632147,1,82.129,1b,92.772,150-321,Yes,150;159;206;282;316;320;321
MT632148,1,82.290,1b,93.288,150-321,Yes,150;159;206;282;316;320;321
MT632149,1,82.177,1b,92.893,150-321,Yes,150;159;206;282;316;320;321
MT632150,1,82.741,1b,93.284,150-321,Yes,150;159;206;282;316;320;321
MT632151,1,81.828,1b,92.837,150-321,Yes,150;159;206;282;316;320;321
MT632152,1,82.177,1b,93.683,150-321,Yes,150;159;206;282;316;320;321
MT632153,1,81.895,1b,93.397,150-321,Yes,150;159;206;282;316;320;321
MT632154,1,82.346,1b,92.893,150-321,Yes,150;159;206;282;316;320;321
MT632155,1,94.698,1a,94.416,150-321,Yes,150;159;206;282;316;320;321
MT632156,1,96.221,1a,95.826,150-321,Yes,150;159;206;282;316;320;321
MT632157,1,95.374,1a,94.781,150-321,Yes,150;159;206;282;316;320;321
MT632158,3,95.937,3a,94.363,150-321,Yes,150;159;206;282;316;320;321
MT632159,1,95.939,1a,95.762,150-321,Yes,150;159;206;282;316;320;321
MT632160,1,94.517,1a,93.868,150-321,Yes,150;159;206;282;316;320;321
MT632161,1,82.044,1b,93.591,150-321,Yes,150;159;206;282;316;320;321
MT632162,3,94.300,3a,92.503,150-321,Yes,150;159;206;282;316;320;321
MT632163,1,82.280,1b,93.284,150-321,Yes,150;159;206;282;316;320;321
MT632164,1,82.177,1b,93.115,150-321,Yes,150;159;206;282;316;320;321
MT632165,1,81.342,1b,92.099,150-321,Yes,150;159;206;282;316;320;321
MT632166,1,80.829,1b,92.389,150-321,Yes,150;159;206;282;316;320;321
MT632167,1,81.998,1b,92.664,150-321,Yes,150;159;206;282;316;320;321
MT632168,1,82.628,1b,93.345,150-321,Yes,150;159;206;282;316;320;321
MT632169,1,96.055,1a,95.178,150-321,Yes,150;159;206;282;316;320;321
MT632170,3,95.203,3a,94.476,150-321,Yes,150;159;206;282;316;320;321
MT632171,1,82.438,1b,93.414,150-321,Yes,150;159;206;282;316;320;321
MT632172,3,94.360,3a,93.288,150-321,Yes,150;159;206;282;316;320;321
MT632173,1,78.499,1b,90.184,150-321,Yes,150;159;206;282;316;320;321
MT632174,1,82.403,1b,93.397,150-321,Yes,150;159;206;282;316;320;321
MT632175,1,95.995,1a,95.770,150-321,Yes,150;159;206;282;316;320;321
MT632176,1,82.967,1b,92.950,150-321,Yes,150;159;206;282;316;320;321
MT632177,1,82.346,1b,93.454,150-321,Yes,150;159;206;282;316;320;321
MT632178,1,81.690,1b,92.052,150-321,Yes,150;159;206;282;316;320;321
MT632179,3,93.051,3a,91.017,150-321,Yes,150;159;206;282;316;320;321
MT632180,3,94.191,3a,92.720,150-321,Yes,150;159;206;282;316;320;321
MT632181,1,82.628,1b,93.514,150-321,Yes,150;159;206;282;316;320;321
MT632182,1,81.331,1b,92.781,150-321,Yes,150;159;206;282;316;320;321
MT632183,1,82.216,1b,93.061,150-321,Yes,150;159;206;282;316;320;321
MT632184,1,82.177,1b,92.442,150-321,Yes,150;159;206;282;316;320;321
MT632185,1,81.514,1b,92.837,150-321,Yes,150;159;206;282;316;320;321
MT632186,3,93.188,3a,92.333,150-321,Yes,150;159;206;282;316;320;321
MT632187,1,94.356,1a,94.014,150-321,Yes,150;159;206;282;316;320;321
MT632188,1,82.516,1b,92.217,150-321,Yes,150;159;206;282;316;320;321
MT632190,1,82.638,1b,93.175,150-321,Yes,150;159;206;282;316;320;321
MT632191,1,94.585,1a,94.247,150-321,Yes,150;159;206;282;316;320;321
MT632192,1,96.106,1a,95.485,150-321,Yes,150;159;206;282;316;320;321
MT632193,1,81.669,1b,93.006,150-321,Yes,150;159;206;282;316;320;321
MT632194,3,95.090,3a,93.687,150-321,Yes,150;159;206;282;316;320;321
PQ660823,1,96.954,1a,96.277,150-321,Yes,150;159;206;282;316;320;321
PQ660824,1,96.277,1a,95.601,150-321,Yes,150;159;206;282;316;320;321
PQ660825,1,96.277,1a,95.431,150-321,Yes,150;159;206;282;316;320;321
PQ660826,1,95.770,1a,94.980,150-321,Yes,150;159;206;282;316;320;321
PQ660827,1,96.898,1a,96.334,150-321,Yes,150;159;206;282;316;320;321
PQ660828,1,96.334,1a,95.657,150-321,Yes,150;159;206;282;316;320;321
PQ660829,1,96.277,1a,95.375,150-321,Yes,150;159;206;282;316;320;321
PQ660830,4,91.935,4a,91.935,150-321,Yes,150;159;206;282;316;320;321
PQ660831,1,96.503,1a,95.713,150-321,Yes,150;159;206;282;316;320;321
PQ660832,1,96.390,1a,95.544,150-321,Yes,150;159;206;282;316;320;321
PQ660833,1,95.770,1a,94.980,150-321,Yes,150;159;206;282;316;320;321
PQ660834,1,96.616,1a,95.939,150-321,Yes,150;159;206;282;316;320;321
PQ660836,1,95.939,1a,94.980,150-321,Yes,150;159;206;282;316;320;321
PQ660837,4,92.099,4a,92.099,150-321,Yes,150;159;206;282;316;320;321
PQ660838,1,95.657,1a,95.037,150-321,Yes,150;159;206;282;316;320;321
PQ660839,4,92.686,4a,92.686,150-321,Yes,150;159;206;282;316;320;321
PQ660840,4,92.099,4a,92.099,150-321,Yes,150;159;206;282;316;320;321
PQ660841,1,96.221,1a,95.544,150-321,Yes,150;159;206;282;316;320;321
PQ660842,1,96.898,1a,96.108,150-321,Yes,150;159;206;282;316;320;321
PQ660843,1,96.334,1a,95.657,150-321,Yes,150;159;206;282;316;320;321
PQ660844,1,96.165,1a,95.375,150-321,Yes,150;159;206;282;316;320;321
PQ660845,1,96.277,1a,95.375,150-321,Yes,150;159;206;282;316;320;321
PQ660846,1,95.713,1a,94.924,150-321,Yes,150;159;206;282;316;320;321
PQ660848,4,92.494,4a,92.494,150-321,Yes,150;159;206;282;316;320;321
PQ660849,1,94.191,1a,93.401,150-321,Yes,150;159;206;282;316;320;321
PQ660850,1,96.334,1a,95.488,150-321,Yes,150;159;206;282;316;320;321
PQ660851,1,96.388,1a,95.372,150-321,Yes,150;159;206;282;316;320;321
PQ660854,1,96.334,1a,95.544,150-321,Yes,150;159;206;282;316;320;321
PQ660856,4,92.160,4a,92.160,150-321,Yes,150;159;206;282;316;320;321
PQ660858,1,95.601,1a,95.037,150-321,Yes,150;159;206;282;316;320;321
PQ660859,4,92.837,4a,92.837,150-321,Yes,150;159;206;282;316;320;321
MK252825,3,81.337,3b,92.500,150-321,Yes,150;159;206;282;316;320;321
MK252826,6,74.648,6xa,97.829,150-321,Yes,150;159;206;282;316;320;321
MK252828,6,72.188,6n,95.969,150-321,Yes,150;159;206;282;316;320;321
MK252829,3,81.804,3b,92.969,150-321,Yes,150;159;206;282;316;320;321
MK252830,3,81.960,3b,90.312,150-321,Yes,150;159;206;282;316;320;321
MK252831,3,81.308,3b,91.783,150-321,Yes,150;159;206;282;316;320;321
MK252832,1,95.814,1a,95.645,150-321,Yes,150;159;206;282;316;320;321
MK252833,6,74.491,6xa,96.589,150-321,Yes,150;159;206;282;316;320;321
MK252834,8,73.125,8a,73.125,150-321,Yes,150;159;206;282;316;320;321
MK252835,6,74.961,6xa,98.140,150-321,Yes,150;159;206;282;316;320;321
MK252836,3,81.776,3b,90.543,150-321,Yes,150;159;206;282;316;320;321
MK252837,6,75.274,6xa,97.984,150-321,Yes,150;159;206;282;316;320;321
MK252838,6,75.274,6xa,97.674,150-321,Yes,150;159;206;282;316;320;321
MK252839,1,70.762,1g,71.207,150-321,Yes,150;159;206;282;316;320;321
MK252840,6,75.117,6xa,98.140,150-321,Yes,150;159;206;282;316;320;321
MK252841,6,74.961,6xa,97.829,150-321,Yes,150;159;206;282;316;320;321
MK252842,6,72.031,6n,96.589,150-321,Yes,150;159;206;282;316;320;321
MK252843,3,79.595,3b,91.318,150-321,Yes,150;159;206;282;316;320;321
MK252844,3,81.931,3b,91.938,150-321,Yes,150;159;206;282;316;320;321
MK252845,3,81.776,3b,91.318,150-321,Yes,150;159;206;282;316;320;321
MK252846,1,81.661,1b,91.783,150-321,Yes,150;159;206;282;316;320;321
MK252847,8,72.188,8a,72.188,150-321,Yes,150;159;206;282;316;320;321
MK252848,6,75.430,6xa,97.674,150-321,Yes,150;159;206;282;316;320;321
MK252849,3,81.464,3b,91.938,150-321,Yes,150;159;206;282;316;320;321
MK252850,6,75.039,6xa,97.364,150-321,Yes,150;159;206;282;316;320;321
MK252851,3,81.776,3b,91.473,150-321,Yes,150;159;206;282;316;320;321
MK252852,6,75.274,6xa,97.674,150-321,Yes,150;159;206;282;316;320;321
MK252853,3,81.931,3b,92.403,150-321,Yes,150;159;206;282;316;320;321
MK252854,8,72.344,8a,72.344,150-321,Yes,150;159;206;282;316;320;321
MK252855,3,82.555,3b,92.093,150-321,Yes,150;159;206;282;316;320;321
MK252857,6,72.586,6n,95.814,150-321,Yes,150;159;206;282;316;320;321
MK252858,8,71.719,8a,71.719,150-321,Yes,150;159;206;282;316;320;321
MK252859,6,74.961,6xa,97.829,150-321,Yes,150;159;206;282;316;320;321
MK252860,1,95.659,1a,94.729,150-321,Yes,150;159;206;282;316;320;321
MK252861,3,81.308,3b,91.628,150-321,Yes,150;159;206;282;316;320;321
MK252862,3,82.555,3b,92.093,150-321,Yes,150;159;206;282;316;320;321
MK252863,3,81.464,3b,92.093,150-321,Yes,150;159;206;282;316;320;321
MK252864,1,93.953,1a,93.313,150-321,Yes,150;159;206;282;316;320;321
MK252865,1,93.488,1a,93.313,150-321,Yes,150;159;206;282;316;320;321
MK252866,8,71.875,8a,71.875,150-321,Yes,150;159;206;282;316;320;321
MK252867,1,72.558,1a,72.446,150-321,Yes,150;159;206;282;316;320;321
MK252868,6,72.712,6n,95.814,150-321,Yes,150;159;206;282;316;320;321
MK252869,8,71.719,8a,71.719,150-321,Yes,150;159;206;282;316;320;321
MK252870,8,72.360,8a,72.360,150-321,Yes,150;159;206;282;316;320;321
MK252871,6,71.674,6n,95.659,150-321,Yes,150;159;206;282;316;320;321
MK252872,8,72.656,8a,72.656,150-321,Yes,150;159;206;282;316;320;321
MK252873,6,74.648,6xa,98.450,150-321,Yes,150;159;206;282;316;320;321
MK252874,6,74.295,6xa,84.341,150-321,Yes,150;159;206;282;316;320;321
MK252875,3,81.649,3b,92.500,150-321,Yes,150;159;206;282;316;320;321
MK252876,3,95.659,3a,92.260,150-321,Yes,150;159;206;282;316;320;321
MK252877,6,74.961,6xa,97.519,150-321,Yes,150;159;206;282;316;320;321
MK252878,6,75.117,6xa,98.450,150-321,Yes,150;159;206;282;316;320;321
MK252879,6,74.648,6xa,97.054,150-321,Yes,150;159;206;282;316;320;321
MK252880,6,74.648,6xa,97.209,150-321,Yes,150;159;206;282;316;320;321
MK252881,8,72.656,8a,72.656,150-321,Yes,150;159;206;282;316;320;321
MK252882,3,81.308,3b,91.783,150-321,Yes,150;159;206;282;316;320;321
MK252883,6,74.491,6xa,97.519,150-321,Yes,150;159;206;282;316;320;321
MK252884,3,95.194,3a,91.796,150-321,Yes,150;159;206;282;316;320;321
MK252885,6,75.274,6xa,98.295,150-321,Yes,150;159;206;282;316;320;321
MK252886,6,74.961,6xa,97.984,150-321,Yes,150;159;206;282;316;320;321
MK252887,3,95.814,3a,93.344,150-321,Yes,150;159;206;282;316;320;321
MK252888,8,71.831,8a,71.831,150-321,Yes,150;159;206;282;316;320;321
MK252889,3,81.153,3b,92.248,150-321,Yes,150;159;206;282;316;320;321
MK252890,3,95.814,3a,92.724,150-321,Yes,150;159;206;282;316;320;321
MK252891,6,75.117,6xa,98.295,150-321,Yes,150;159;206;282;316;320;321
MK252893,6,75.196,6xa,84.806,150-321,Yes,150;159;206;282;316;320;321
MK252894,3,94.729,3a,93.189,150-321,Yes,150;159;206;282;316;320;321
MK252895,6,75.663,6xa,97.054,150-321,Yes,150;159;206;282;316;320;321
MK252896,6,74.961,6xa,97.364,150-321,Yes,150;159;206;282;316;320;321
MK252897,3,82.087,3b,91.628,150-321,Yes,150;159;206;282;316;320;321
MK327981,6,75.621,6g,83.617,150-321,Yes,150;159;206;282;316;320;321
MK327982,6,75.633,6g,85.933,150-321,Yes,150;159;206;282;316;320;321
MK327983,6,76.411,6g,84.977,150-321,Yes,150;159;206;282;316;320;321
MK327984,6,76.603,6g,84.646,150-321,Yes,150;159;206;282;316;320;321
MK327985,6,75.860,6g,82.019,150-321,Yes,150;159;206;282;316;320;321
MK327986,6,82.545,6a,94.912,150-321,Yes,150;159;206;282;316;320;321
MK327987,6,74.563,6g,82.757,150-321,Yes,150;159;206;282;316;320;321
MK327988,6,75.831,6g,85.828,150-321,Yes,150;159;206;282;316;320;321
MK327989,6,76.140,6xh,89.791,150-321,Yes,150;159;206;282;316;320;321
MK327990,6,75.028,6r,79.312,150-321,Yes,150;159;206;282;316;320;321
MK327991,6,75.310,6xg,78.271,150-321,Yes,150;159;206;282;316;320;321
MK327992,6,76.940,6g,83.787,150-321,Yes,150;159;206;282;316;320;321
MK327993,6,75.493,6r,78.028,150-321,Yes,150;159;206;282;316;320;321
MK327994,6,75.000,6xh,86.907,150-321,Yes,150;159;206;282;316;320;321
MK327995,6,75.071,6g,83.059,150-321,Yes,150;159;206;282;316;320;321
MK327996,6,74.930,6xh,88.720,150-321,Yes,150;159;206;282;316;320;321
MK327997,6,75.619,6g,85.026,150-321,Yes,150;159;206;282;316;320;321
MK327998,6,76.099,6g,83.437,150-321,Yes,150;159;206;282;316;320;321
MK327999,6,75.296,6g,82.370,150-321,Yes,150;159;206;282;316;320;321
MK328000,6,76.927,6g,87.635,150-321,Yes,150;159;206;282;316;320;321
MK328001,6,75.775,6r,78.761,150-321,Yes,150;159;206;282;316;320;321
MK328002,6,76.265,6xh,89.622,150-321,Yes,150;159;206;282;316;320;321
MK328003,6,76.126,6xh,89.904,150-321,Yes,150;159;206;282;316;320;321
MK328004,6,75.479,6p,78.523,150-321,Yes,150;159;206;282;316;320;321
MK328005,6,76.239,6g,85.706,150-321,Yes,150;159;206;282;316;320;321
MK328006,6,76.394,6xh,89.566,150-321,Yes,150;159;206;282;316;320;321
MK328007,6,75.183,6g,82.720,150-321,Yes,150;159;206;282;316;320;321
MK328008,6,74.887,6g,82.616,150-321,Yes,150;159;206;282;316;320;321
MK328009,6,75.424,6g,82.937,150-321,Yes,150;159;206;282;316;320;321
MK328010,6,74.902,6xh,83.192,150-321,Yes,150;159;206;282;316;320;321
MK328012,6,75.930,6g,79.058,150-321,Yes,150;159;206;282;316;320;321
MK328013,6,76.126,6g,86.168,150-321,Yes,150;159;206;282;316;320;321
MK328014,6,75.761,6g,84.023,150-321,Yes,150;159;206;282;316;320;321
MK328015,6,74.281,6g,83.277,150-321,Yes,150;159;206;282;316;320;321
MK328017,6,75.508,6g,85.170,150-321,Yes,150;159;206;282;316;320;321
MK328018,6,75.790,6g,83.107,150-321,Yes,150;159;206;282;316;320;321
MK328019,6,75.917,6g,84.297,150-321,Yes,150;159;206;282;316;320;321
MK328020,6,75.254,6g,80.771,150-321,Yes,150;159;206;282;316;320;321
MK328021,6,75.254,6r,79.312,150-321,Yes,150;159;206;282;316;320;321
MK328022,6,75.493,6g,83.673,150-321,Yes,150;159;206;282;316;320;321
MK328023,6,77.096,6n,78.547,150-321,Yes,150;159;206;282;316;320;321
MK328024,6,75.578,6g,86.103,150-321,Yes,150;159;206;282;316;320;321
MK328026,6,75.183,6g,84.410,150-321,Yes,150;159;206;282;316;320;321
MK527322,1,82.212,1b,92.332,150-321,Yes,150;159;206;282;316;320;321
MK527334,1,79.424,1b,92.070,150-321,Yes,150;159;206;282;316;320;321
MK527341,1,80.952,1b,92.650,150-321,Yes,150;159;206;282;316;320;321
MK527346,1,80.820,1b,92.616,150-321,Yes,150;159;206;282;316;320;321
MK527351,1,81.762,1b,93.201,150-321,Yes,150;159;206;282;316;320;321
MK527354,1,80.806,1b,92.754,150-321,Yes,150;159;206;282;316;320;321
MK527364,1,81.311,1b,91.922,150-321,Yes,150;159;206;282;316;320;321
MK527367,1,80.763,1b,92.635,150-321,Yes,150;159;206;282;316;320;321
MK527370,1,81.148,1b,92.880,150-321,Yes,150;159;206;282;316;320;321
MK527375,1,80.984,1b,94.669,150-321,Yes,150;159;206;282;316;320;321
MK527378,1,81.908,1b,92.623,150-321,Yes,150;159;206;282;316;320;321
MK527381,1,81.762,1b,93.201,150-321,Yes,150;159;206;282;316;320;321
MK527384,1,81.229,1b,91.694,150-321,Yes,150;159;206;282;316;320;321
MK527387,1,80.333,1b,92.833,150-321,Yes,150;159;206;282;316;320;321
MK527390,1,81.575,1b,93.300,150-321,Yes,150;159;206;282;316;320;321
MK527393,1,81.773,1b,94.089,150-321,Yes,150;159;206;282;316;320;321
MK527396,1,80.033,1b,92.742,150-321,Yes,150;159;206;282;316;320;321
MK527399,1,81.788,1b,93.554,150-321,Yes,150;159;206;282;316;320;321
MK527402,1,81.250,1b,93.257,150-321,Yes,150;159;206;282;316;320;321
MK527405,1,80.360,1b,92.170,150-321,Yes,150;159;206;282;316;320;321
MK527408,1,81.997,1b,92.496,150-321,Yes,150;159;206;282;316;320;321
MK527411,1,80.431,1b,92.053,150-321,Yes,150;159;206;282;316;320;321
MK527414,1,82.609,1b,91.914,150-321,Yes,150;159;206;282;316;320;321
MK527417,1,80.634,1b,93.489,150-321,Yes,150;159;206;282;316;320;321
MK527420,1,80.820,1b,93.419,150-321,Yes,150;159;206;282;316;320;321
MK527428,1,81.475,1b,92.233,150-321,Yes,150;159;206;282;316;320;321
MK527431,1,81.126,1b,92.659,150-321,Yes,150;159;206;282;316;320;321
MK527434,1,80.984,1b,92.581,150-321,Yes,150;159;206;282;316;320;321
MK527436,1,81.592,1b,93.279,150-321,Yes,150;159;206;282;316;320;321
MK527459,1,81.660,1b,91.945,150-321,Yes,150;159;206;282;316;320;321
MK799639,4,83.682,4n,93.552,150-321,Yes,150;159;206;282;316;320;321
MK903085,1,97.401,1a,96.554,150-321,Yes,150;159;206;282;316;320;321
MK903086,1,94.633,1a,94.237,150-321,Yes,150;159;206;282;316;320;321
MK903087,1,95.650,1a,94.972,150-321,Yes,150;159;206;282;316;320;321
MK903088,1,96.893,1a,96.068,150-321,Yes,150;159;206;282;316;320;321
MK903089,1,93.729,1a,93.107,150-321,Yes,150;159;206;282;316;320;321
MK903090,1,94.407,1a,94.011,150-321,Yes,150;159;206;282;316;320;321
MK903091,1,95.650,1a,94.972,150-321,Yes,150;159;206;282;316;320;321
MK903092,1,96.893,1a,96.068,150-321,Yes,150;159;206;282;316;320;321
MK903093,1,97.571,1a,96.667,150-321,Yes,150;159;206;282;316;320;321
MK903094,1,95.537,1a,94.972,150-321,Yes,150;159;206;282;316;320;321
MK903095,1,96.667,1a,95.819,150-321,Yes,150;159;206;282;316;320;321
MK903096,1,97.175,1a,96.384,150-321,Yes,150;159;206;282;316;320;321
MK903097,1,94.915,1a,94.576,150-321,Yes,150;159;206;282;316;320;321
MK903098,1,94.689,1a,94.011,150-321,Yes,150;159;206;282;316;320;321
MK903099,1,95.028,1a,94.689,150-321,Yes,150;159;206;282;316;320;321
MK903100,1,94.746,1a,94.520,150-321,Yes,150;159;206;282;316;320;321
MK903101,1,97.458,1a,96.723,150-321,Yes,150;159;206;282;316;320;321
MK903102,1,94.689,1a,94.181,150-321,Yes,150;159;206;282;316;320;321
MK903103,1,96.497,1a,95.989,150-321,Yes,150;159;206;282;316;320;321
MK903104,1,97.232,1a,96.554,150-321,Yes,150;159;206;282;316;320;321
MK903105,1,95.085,1a,94.463,150-321,Yes,150;159;206;282;316;320;321
MK903106,1,96.836,1a,96.723,150-321,Yes,150;159;206;282;316;320;321
MK903107,1,94.972,1a,94.407,150-321,Yes,150;159;206;282;316;320;321
MK903108,1,95.254,1a,94.689,150-321,Yes,150;159;206;282;316;320;321
MK903109,1,94.746,1a,94.407,150-321,Yes,150;159;206;282;316;320;321
MK903110,1,96.949,1a,96.102,150-321,Yes,150;159;206;282;316;320;321
MK903111,1,96.439,1a,95.704,150-321,Yes,150;159;206;282;316;320;321
MK903112,1,96.610,1a,96.215,150-321,Yes,150;159;206;282;316;320;321
MK903113,1,97.345,1a,96.158,150-321,Yes,150;159;206;282;316;320;321
MK903114,1,94.407,1a,93.672,150-321,Yes,150;159;206;282;316;320;321
MK903115,1,96.441,1a,96.441,150-321,Yes,150;159;206;282;316;320;321
MK903116,1,96.893,1a,96.215,150-321,Yes,150;159;206;282;316;320;321
MK903117,1,94.915,1a,94.520,150-321,Yes,150;159;206;282;316;320;321
MK903118,1,97.853,1a,97.037,150-321,Yes,150;159;206;282;316;320;321
MK903119,1,97.514,1a,96.554,150-321,Yes,150;159;206;282;316;320;321
MK903120,1,96.045,1a,95.085,150-321,Yes,150;159;206;282;316;320;321
MK903121,1,97.458,1a,96.497,150-321,Yes,150;159;206;282;316;320;321
MK903122,1,96.836,1a,96.667,150-321,Yes,150;159;206;282;316;320;321
MK903123,1,97.230,1a,96.326,150-321,Yes,150;159;206;282;316;320;321
MK903124,1,97.740,1a,96.667,150-321,Yes,150;159;206;282;316;320;321
MK903125,1,97.006,1a,96.497,150-321,Yes,150;159;206;282;316;320;321
MK903126,1,97.740,1a,96.923,150-321,Yes,150;159;206;282;316;320;321
MK903127,1,94.633,1a,94.181,150-321,Yes,150;159;206;282;316;320;321
MK903128,1,96.836,1a,96.441,150-321,Yes,150;159;206;282;316;320;321
MK903129,1,94.407,1a,93.785,150-321,Yes,150;159;206;282;316;320;321
MK903130,1,98.192,1a,97.345,150-321,Yes,150;159;206;282;316;320;321
MK903131,1,95.932,1a,95.311,150-321,Yes,150;159;206;282;316;320;321
MK903132,1,96.723,1a,96.045,150-321,Yes,150;159;206;282;316;320;321
MK903133,1,97.006,1a,96.045,150-321,Yes,150;159;206;282;316;320;321
MK903134,1,97.232,1a,96.441,150-321,Yes,150;159;206;282;316;320;321
MK903135,1,97.232,1a,96.384,150-321,Yes,150;159;206;282;316;320;321
MK903136,1,94.802,1a,94.011,150-321,Yes,150;159;206;282;316;320;321
MK903137,1,95.480,1a,94.859,150-321,Yes,150;159;206;282;316;320;321
MK903138,1,97.343,1a,96.721,150-321,Yes,150;159;206;282;316;320;321
MK903139,1,95.424,1a,94.915,150-321,Yes,150;159;206;282;316;320;321
MK903140,1,97.119,1a,96.441,150-321,Yes,150;159;206;282;316;320;321
MK903141,1,97.006,1a,96.893,150-321,Yes,150;159;206;282;316;320;321
MK903142,1,96.834,1a,95.930,150-321,Yes,150;159;206;282;316;320;321
MK903143,1,97.571,1a,96.949,150-321,Yes,150;159;206;282;316;320;321
MK903144,1,98.136,1a,97.208,150-321,Yes,150;159;206;282;316;320;321
MK903145,1,95.819,1a,95.537,150-321,Yes,150;159;206;282;316;320;321
MK903146,1,96.045,1a,95.424,150-321,Yes,150;159;206;282;316;320;321
MK903147,1,94.633,1a,93.842,150-321,Yes,150;159;206;282;316;320;321
MK903148,1,95.480,1a,94.972,150-321,Yes,150;159;206;282;316;320;321
MK903149,1,96.949,1a,96.384,150-321,Yes,150;159;206;282;316;320;321
MK903150,1,97.345,1a,96.554,150-321,Yes,150;159;206;282;316;320;321
MK903151,1,94.294,1a,93.955,150-321,Yes,150;159;206;282;316;320;321
MK903152,1,97.006,1a,96.271,150-321,Yes,150;159;206;282;316;320;321
MK903153,1,94.802,1a,94.124,150-321,Yes,150;159;206;282;316;320;321
MK903154,1,94.237,1a,93.955,150-321,Yes,150;159;206;282;316;320;321
MK903155,1,95.819,1a,95.198,150-321,Yes,150;159;206;282;316;320;321
MK903156,1,96.667,1a,96.045,150-321,Yes,150;159;206;282;316;320;321
MK903157,1,96.328,1a,96.045,150-321,Yes,150;159;206;282;316;320;321
MK903158,1,96.949,1a,96.215,150-321,Yes,150;159;206;282;316;320;321
MK903159,1,94.350,1a,93.842,150-321,Yes,150;159;206;282;316;320;321
MK903160,1,97.627,1a,96.667,150-321,Yes,150;159;206;282;316;320;321
MK903161,1,94.407,1a,94.294,150-321,Yes,150;159;206;282;316;320;321
MK903162,1,94.915,1a,94.350,150-321,Yes,150;159;206;282;316;320;321
MK903163,1,96.271,1a,95.876,150-321,Yes,150;159;206;282;316;320;321
MK903164,1,94.915,1a,94.237,150-321,Yes,150;159;206;282;316;320;321
MK903165,1,96.780,1a,96.158,150-321,Yes,150;159;206;282;316;320;321
MK903166,1,96.723,1a,96.441,150-321,Yes,150;159;206;282;316;320;321
MK903167,1,96.610,1a,95.876,150-321,Yes,150;159;206;282;316;320;321
MK903168,1,94.094,1a,93.457,150-321,Yes,150;159;206;282;316;320;321
MN147256,1,94.247,1a,93.852,150-321,Yes,150;159;206;282;316;320;321
MN147260,3,94.921,3a,94.025,150-321,Yes,150;159;206;282;316;320;321
MN147262,1,93.310,1a,93.139,150-321,Yes,150;159;206;282;316;320;321
MN147266,1,94.111,1a,93.425,150-321,Yes,150;159;206;282;316;320;321
MN147268,3,94.413,3a,93.236,150-321,Yes,150;159;206;282;316;320;321
MN147272,3,95.770,3a,95.037,150-321,Yes,150;159;206;282;316;320;321
MN147274,3,94.924,3a,93.570,150-321,Yes,150;159;206;282;316;320;321
MN147275,1,81.557,1b,92.273,150-321,Yes,150;159;206;282;316;320;321
MN147279,1,95.826,1a,95.544,150-321,Yes,150;159;206;282;316;320;321
MN147283,3,94.303,3a,93.627,150-321,Yes,150;159;206;282;316;320;321
MN147288,3,94.526,3a,94.307,150-321,Yes,150;159;206;282;316;320;321
MN147290,1,97.011,1a,96.560,150-321,Yes,150;159;206;282;316;320;321
MN147292,1,94.340,1a,93.939,150-321,Yes,150;159;206;282;316;320;321
MN147296,1,95.544,1a,95.037,150-321,Yes,150;159;206;282;316;320;321
MN147300,1,96.052,1a,95.657,150-321,Yes,150;159;206;282;316;320;321
MN147323,1,96.165,1a,95.883,150-321,Yes,150;159;206;282;316;320;321
MN147327,1,92.043,1a,91.535,150-321,Yes,150;159;206;282;316;320;321
MN147331,1,95.540,1a,94.740,150-321,Yes,150;159;206;282;316;320;321
MN147332,1,94.054,1a,93.539,150-321,Yes,150;159;206;282;316;320;321
MN147335,1,95.375,1a,95.206,150-321,Yes,150;159;206;282;316;320;321
MN147338,3,95.880,3a,94.870,150-321,Yes,150;159;206;282;316;320;321
MN147341,3,95.713,3a,94.416,150-321,Yes,150;159;206;282;316;320;321
MN147343,3,94.808,3a,94.138,150-321,Yes,150;159;206;282;316;320;321
MN147344,1,96.390,1a,95.544,150-321,Yes,150;159;206;282;316;320;321
MN147346,1,82.111,1b,92.833,150-321,Yes,150;159;206;282;316;320;321
MN147349,3,93.397,3a,92.165,150-321,Yes,150;159;206;282;316;320;321
MN147351,3,94.018,3a,93.123,150-321,Yes,150;159;206;282;316;320;321
MN147353,3,93.792,3a,93.067,150-321,Yes,150;159;206;282;316;320;321
MN147354,3,94.416,3a,93.454,150-321,Yes,150;159;206;282;316;320;321
MN147360,1,95.262,1a,94.755,150-321,Yes,150;159;206;282;316;320;321
MN147369,1,93.627,1a,93.119,150-321,Yes,150;159;206;282;316;320;321
MN147372,1,96.195,1a,95.571,150-321,Yes,150;159;206;282;316;320;321
MN147376,1,96.271,1a,95.763,150-321,Yes,150;159;206;282;316;320;321
MN147380,3,93.905,3a,93.799,150-321,Yes,150;159;206;282;316;320;321
MN147382,3,95.537,3a,93.785,150-321,Yes,150;159;206;282;316;320;321
MN147385,3,95.542,3a,95.096,150-321,Yes,150;159;206;282;316;320;321
MN147387,3,94.695,3a,94.307,150-321,Yes,150;159;206;282;316;320;321
MN147390,4,92.334,4a,92.334,150-321,Yes,150;159;206;282;316;320;321
MN147397,3,95.034,3a,94.476,150-321,Yes,150;159;206;282;316;320;321
MN147399,3,95.485,3a,94.250,150-321,Yes,150;159;206;282;316;320;321
MN147401,3,94.300,3a,94.363,150-321,Yes,150;159;206;282;316;320;321
MN147404,1,81.839,1b,93.006,150-321,Yes,150;159;206;282;316;320;321
MN147408,2,92.837,2a,93.392,150-321,Yes,150;159;206;282;316;320;321
MN147411,1,81.567,1b,92.499,150-321,Yes,150;159;206;282;316;320;321
MN147412,1,94.473,1a,94.360,150-321,Yes,150;159;206;282;316;320;321
MN147416,1,96.842,1a,95.939,150-321,Yes,150;159;206;282;316;320;321
MN147426,1,93.683,1a,93.345,150-321,Yes,150;159;206;282;316;320;321
MN147433,3,94.808,3a,93.630,150-321,Yes,150;159;206;282;316;320;321
MN147438,1,97.122,1a,96.246,150-321,Yes,150;159;206;282;316;320;321
MN147447,1,97.067,1a,96.221,150-321,Yes,150;159;206;282;316;320;321
MN147451,1,94.021,1a,93.965,150-321,Yes,150;159;206;282;316;320;321
MN147452,3,94.921,3a,94.701,150-321,Yes,150;159;206;282;316;320;321
MN147457,3,94.191,3a,93.909,150-321,Yes,150;159;206;282;316;320;321
MN147461,3,94.921,3a,93.405,150-321,Yes,150;159;206;282;316;320;321
MN147464,1,94.054,1a,93.654,150-321,Yes,150;159;206;282;316;320;321
MN147469,1,81.613,1b,92.664,150-321,Yes,150;159;206;282;316;320;321
MN147477,3,95.037,3a,94.360,150-321,Yes,150;159;206;282;316;320;321
MN147479,3,94.752,3a,93.912,150-321,Yes,150;159;206;282;316;320;321
MN147480,1,94.247,1a,93.965,150-321,Yes,150;159;206;282;316;320;321
MN147484,3,94.078,3a,93.397,150-321,Yes,150;159;206;282;316;320;321
MN147489,1,95.375,1a,94.980,150-321,Yes,150;159;206;282;316;320;321
MN147498,3,95.147,3a,94.307,150-321,Yes,150;159;206;282;316;320;321
MN147502,1,93.333,1a,92.871,150-321,Yes,150;159;206;282;316;320;321
MN147503,1,94.041,1a,94.041,150-321,Yes,150;159;206;282;316;320;321
MN147509,1,96.221,1a,95.375,150-321,Yes,150;159;206;282;316;320;321
MN147511,3,93.962,3a,93.123,150-321,Yes,150;159;206;282;316;320;321
MN147513,3,93.905,3a,93.461,150-321,Yes,150;159;206;282;316;320;321
MN147524,3,95.375,3a,93.852,150-321,Yes,150;159;206;282;316;320;321
MN147526,1,81.895,1b,92.273,150-321,Yes,150;159;206;282;316;320;321
MN147535,3,95.260,3a,93.574,150-321,Yes,150;159;206;282;316;320;321
MN147537,1,96.390,1a,95.375,150-321,Yes,150;159;206;282;316;320;321
MN147544,1,93.997,1a,93.368,150-321,Yes,150;159;206;282;316;320;321
MN147546,3,94.021,3a,93.063,150-321,Yes,150;159;206;282;316;320;321
MN147547,1,93.457,1a,93.006,150-321,Yes,150;159;206;282;316;320;321
MN147551,3,94.473,3a,93.570,150-321,Yes,150;159;206;282;316;320;321
MN147556,1,96.503,1a,95.826,150-321,Yes,150;159;206;282;316;320;321
MN147558,1,95.601,1a,94.924,150-321,Yes,150;159;206;282;316;320;321
MN147560,3,94.706,3a,92.244,150-321,Yes,150;159;206;282;316;320;321
MN147562,1,95.375,1a,94.642,150-321,Yes,150;159;206;282;316;320;321
MN147563,1,82.403,1b,92.273,150-321,Yes,150;159;206;282;316;320;321
MN147576,1,96.334,1a,95.319,150-321,Yes,150;159;206;282;316;320;321
MN147578,1,95.328,1a,94.571,150-321,Yes,150;159;206;282;316;320;321
MN147583,1,93.175,1a,92.724,150-321,Yes,150;159;206;282;316;320;321
MN147584,1,95.037,1a,94.698,150-321,Yes,150;159;206;282;316;320;321
MN147586,3,94.582,3a,93.743,150-321,Yes,150;159;206;282;316;320;321
MN147591,1,93.962,1a,93.792,150-321,Yes,150;159;206;282;316;320;321
MN147596,1,81.613,1b,93.457,150-321,Yes,150;159;206;282;316;320;321
MN147607,3,95.316,3a,94.589,150-321,Yes,150;159;206;282;316;320;321
MN147608,1,95.483,1a,94.568,150-321,Yes,150;159;206;282;316;320;321
MN147612,3,93.905,3a,93.912,150-321,Yes,150;159;206;282;316;320;321
MN147615,1,82.290,1b,93.345,150-321,Yes,150;159;206;282;316;320;321
MN147621,1,95.713,1a,95.093,150-321,Yes,150;159;206;282;316;320;321
MN147622,3,94.865,3a,94.532,150-321,Yes,150;159;206;282;316;320;321
MN147635,1,82.506,1b,91.986,150-321,Yes,150;159;206;282;316;320;321
MN147639,1,92.841,1a,92.383,150-321,Yes,150;159;206;282;316;320;321
MN147644,1,94.698,1a,94.247,150-321,Yes,150;159;206;282;316;320;321
MN147647,3,94.698,3a,94.247,150-321,Yes,150;159;206;282;316;320;321
MN147648,1,95.995,1a,95.375,150-321,Yes,150;159;206;282;316;320;321
MN147654,3,94.980,3a,94.131,150-321,Yes,150;159;206;282;316;320;321
MN147656,3,94.247,3a,93.739,150-321,Yes,150;159;206;282;316;320;321
MN147660,1,93.939,1a,93.482,150-321,Yes,150;159;206;282;316;320;321
MN147662,1,95.883,1a,95.483,150-321,Yes,150;159;206;282;316;320;321
MN147664,1,80.000,1b,92.115,150-321,Yes,150;159;206;282;316;320;321
MN147667,1,96.390,1a,95.657,150-321,Yes,150;159;206;282;316;320;321
MN147670,3,94.074,3a,93.067,150-321,Yes,150;159;206;282;316;320;321
MN147676,3,94.470,3a,92.841,150-321,Yes,150;159;206;282;316;320;321
MN147686,1,96.108,1a,95.939,150-321,Yes,150;159;206;282;316;320;321
MN147689,1,94.357,1a,93.792,150-321,Yes,150;159;206;282;316;320;321
MN147693,1,82.413,1b,92.212,150-321,Yes,150;159;206;282;316;320;321
MN147701,1,94.360,1a,94.134,150-321,Yes,150;159;206;282;316;320;321
MN147705,3,94.977,3a,93.517,150-321,Yes,150;159;206;282;316;320;321
MN147721,1,95.197,1a,94.969,150-321,Yes,150;159;206;282;316;320;321
MN147725,3,94.526,3a,94.645,150-321,Yes,150;159;206;282;316;320;321
MN147726,1,96.684,1a,95.883,150-321,Yes,150;159;206;282;316;320;321
MN147735,1,82.366,1b,92.104,150-321,Yes,150;159;206;282;316;320;321
MN147737,3,94.585,3a,93.232,150-321,Yes,150;159;206;282;316;320;321
MN147741,1,96.729,1a,96.108,150-321,Yes,150;159;206;282;316;320;321
MN147746,1,94.416,1a,94.078,150-321,Yes,150;159;206;282;316;320;321
MN147750,1,92.442,1a,91.935,150-321,Yes,150;159;206;282;316;320;321
MN147756,1,95.431,1a,94.867,150-321,Yes,150;159;206;282;316;320;321
MN147759,1,95.488,1a,94.642,150-321,Yes,150;159;206;282;316;320;321
MN147764,1,96.390,1a,95.431,150-321,Yes,150;159;206;282;316;320;321
MN147770,1,95.257,1a,94.636,150-321,Yes,150;159;206;282;316;320;321
MN164843,1,82.685,1l,94.642,150-321,Yes,150;159;206;282;316;320;321
MN164845,1,84.178,1o,87.204,150-321,Yes,150;159;206;282;316;320;321
MN164849,1,84.262,1c,86.939,150-321,Yes,150;159;206;282;316;320;321
MN164851,1,82.432,1d,88.156,150-321,Yes,150;159;206;282;316;320;321
MN164852,1,81.782,1c,83.070,150-321,Yes,150;159;206;282;316;320;321
MN164853,1,83.249,1d,89.114,150-321,Yes,150;159;206;282;316;320;321
MN164855,1,83.164,1d,88.156,150-321,Yes,150;159;206;282;316;320;321
MN164856,1,84.041,1h,84.398,150-321,Yes,150;159;206;282;316;320;321
MN164858,1,83.315,1o,86.415,150-321,Yes,150;159;206;282;316;320;321
MN164860,1,83.324,1l,95.037,150-321,Yes,150;159;206;282;316;320;321
MN164863,1,83.285,1b,84.032,150-321,Yes,150;159;206;282;316;320;321
MN164864,1,82.741,1l,95.770,150-321,Yes,150;159;206;282;316;320;321
MN164866,1,83.653,1e,94.529,150-321,Yes,150;159;206;282;316;320;321
MN164867,1,84.555,1o,87.422,150-321,Yes,150;159;206;282;316;320;321
MN164868,1,83.145,1d,87.366,150-321,Yes,150;159;206;282;316;320;321
MN164869,1,82.346,1g,95.542,150-321,Yes,150;159;206;282;316;320;321
MN164871,1,83.192,1o,86.125,150-321,Yes,150;159;206;282;316;320;321
MN164872,1,82.572,1c,82.976,150-321,Yes,150;159;206;282;316;320;321
MN164875,1,83.766,1e,94.698,150-321,Yes,150;159;206;282;316;320;321
MN240359,6,77.822,6xa,80.034,150-321,Yes,150;159;206;282;316;320;321
MN385563,2,81.953,2b,93.839,150-321,Yes,150;159;206;282;316;320;321
MN385564,2,81.716,2b,93.048,150-321,Yes,150;159;206;282;316;320;321
LC773637,4,82.967,4f,93.063,150-321,Yes,150;159;206;282;316;320;321
LC773638,4,83.305,4k,94.529,150-321,Yes,150;159;206;282;316;320;321
LC773639,4,85.803,4f,89.278,150-321,Yes,150;159;206;282;316;320;321
LC773640,4,85.465,4c,87.197,150-321,Yes,150;159;206;282;316;320;321
M58335,1,82.459,1b,100.000,150-321,Yes,150;159;206;282;316;320;321
M62321,1,97.011,1a,100.000,150-321,Yes,150;159;206;282;316;320;321
M67463,1,98.872,1a,100.000,150-321,Yes,150;159;206;282;316;320;321
MG602797,4,91.718,4a,91.718,150-321,Yes,150;159;206;282;316;320;321
MG602798,4,92.390,4a,92.390,150-321,Yes,150;159;206;282;316;320;321
MG602799,4,91.319,4a,91.319,150-321,Yes,150;159;206;282;316;320;321
MG602800,4,91.714,4a,91.714,150-321,Yes,150;159;206;282;316;320;321
MG602801,4,92.499,4a,92.499,150-321,Yes,150;159;206;282;316;320;321
MG602802,4,91.878,4a,91.878,150-321,Yes,150;159;206;282;316;320;321
MG602803,4,93.292,4a,93.292,150-321,Yes,150;159;206;282;316;320;321
MG602804,4,92.047,4a,92.047,150-321,Yes,150;159;206;282;316;320;321
MG602805,4,92.442,4a,92.442,150-321,Yes,150;159;206;282;316;320;321
MG602806,4,92.611,4a,92.611,150-321,Yes,150;159;206;282;316;320;321
MG602807,4,92.563,4a,92.563,150-321,Yes,150;159;206;282;316;320;321
PQ899567,5,87.028,5a,86.738,150-321,Yes,150;159;206;282;316;320;321
PQ899568,5,80.000,5b,100.000,150-321,Yes,150;159;206;282;316;320;321
PP092205,8,75.980,8a,75.970,150-321,Yes,150;159;206;282;316;320;321
MG879000,6,75.197,6xh,100.000,150-321,Yes,150;159;206;282;316;320;321
MH070080,1,81.969,1b,93.125,150-321,Yes,150;159;206;282;316;320;321
MH070081,1,81.550,1b,92.449,150-321,Yes,150;159;206;282;316;320;321
MH070082,1,81.908,1b,93.370,150-321,Yes,150;159;206;282;316;320;321
MH070083,1,80.767,1b,91.344,150-321,Yes,150;159;206;282;316;320;321
MH070085,1,81.600,1b,92.449,150-321,Yes,150;159;206;282;316;320;321
MH070086,1,81.169,1b,92.940,150-321,Yes,150;159;206;282;316;320;321
MH070087,1,82.092,1b,92.879,150-321,Yes,150;159;206;282;316;320;321
MH070088,1,81.807,1b,92.020,150-321,Yes,150;159;206;282;316;320;321
MH070090,1,81.723,1b,92.940,150-321,Yes,150;159;206;282;316;320;321
MH477420,1,80.028,1e,89.924,150-321,Yes,150;159;206;282;316;320;321
MH477424,4,83.616,4f,93.831,150-321,Yes,150;159;206;282;316;320;321
MH477426,4,82.303,4f,92.275,150-321,Yes,150;159;206;282;316;320;321
MH492360,6,76.140,6xg,100.000,150-321,Yes,150;159;206;282;316;320;321
MH492361,6,76.204,6xg,100.000,150-321,Yes,150;159;206;282;316;320;321
MH492362,6,76.027,6xg,97.793,150-321,Yes,150;159;206;282;316;320;321
MH562151,1,95.404,1a,94.453,150-321,Yes,150;159;206;282;316;320;321
MH562152,1,93.185,1a,92.710,150-321,Yes,150;159;206;282;316;320;321
MH562153,1,95.231,1a,94.913,150-321,Yes,150;159;206;282;316;320;321
MH562154,1,94.770,1a,94.295,150-321,Yes,150;159;206;282;316;320;321
MH562155,1,95.880,1a,94.929,150-321,Yes,150;159;206;282;316;320;321
MH562156,1,95.008,1a,93.661,150-321,Yes,150;159;206;282;316;320;321
MH562157,1,94.364,1a,93.398,150-321,Yes,150;159;206;282;316;320;321
MH562158,1,94.677,1a,93.871,150-321,Yes,150;159;206;282;316;320;321
MH562159,1,91.759,1a,90.967,150-321,Yes,150;159;206;282;316;320;321
MH562161,1,95.563,1a,94.770,150-321,Yes,150;159;206;282;316;320;321
MH562163,1,96.984,1a,96.032,150-321,Yes,150;159;206;282;316;320;321
MH562164,1,95.563,1a,94.770,150-321,Yes,150;159;206;282;316;320;321
MH562165,1,93.175,1a,92.381,150-321,Yes,150;159;206;282;316;320;321
MH562166,1,97.138,1a,96.502,150-321,Yes,150;159;206;282;316;320;321
MH562167,1,95.397,1a,94.603,150-321,Yes,150;159;206;282;316;320;321
MH562168,1,92.552,1a,91.759,150-321,Yes,150;159;206;282;316;320;321
MH562169,1,94.453,1a,93.661,150-321,Yes,150;159;206;282;316;320;321
MH562170,1,93.819,1a,93.344,150-321,Yes,150;159;206;282;316;320;321
MH562171,1,80.190,1b,92.552,150-321,Yes,150;159;206;282;316;320;321
MH562172,1,95.563,1a,95.087,150-321,Yes,150;159;206;282;316;320;321
MH562173,1,95.880,1a,95.087,150-321,Yes,150;159;206;282;316;320;321
MH562174,1,94.453,1a,93.661,150-321,Yes,150;159;206;282;316;320;321
MH562175,1,94.612,1a,94.612,150-321,Yes,150;159;206;282;316;320;321
MH590698,8,100.000,8a,100.000,150-321,Yes,150;159;206;282;316;320;321
MH590699,8,93.621,8a,93.672,150-321,Yes,150;159;206;282;316;320;321
MH590700,8,94.393,8a,94.361,150-321,Yes,150;159;206;282;316;320;321
MH590701,8,94.704,8a,94.674,150-321,Yes,150;159;206;282;316;320;321
MH742361,4,83.052,4k,93.341,150-321,Yes,150;159;206;282;316;320;321
MH742362,4,83.991,4q,93.341,150-321,Yes,150;159;206;282;316;320;321
MH742363,4,82.827,4q,92.104,150-321,Yes,150;159;206;282;316;320;321
MH742364,4,82.864,4k,93.115,150-321,Yes,150;159;206;282;316;320;321
MH742365,4,85.223,4v,92.777,150-321,Yes,150;159;206;282;316;320;321
MH742367,4,84.320,4v,95.488,150-321,Yes,150;159;206;282;316;320;321
MH742370,4,83.718,4k,94.357,150-321,Yes,150;159;206;282;316;320;321
MH742371,4,83.174,4k,93.679,150-321,Yes,150;159;206;282;316;320;321
MH885469,1,83.221,1o,100.000,150-321,Yes,150;159;206;282;316;320;321
MH940291,7,86.234,7a,86.234,150-321,Yes,150;159;206;282;316;320;321
MK134410,3,92.809,3a,89.482,150-321,Yes,150;159;206;282;316;320;321
MK134411,3,81.605,3i,97.826,150-321,Yes,150;159;206;282;316;320;321
MK134412,3,91.806,3a,88.982,150-321,Yes,150;159;206;282;316;320;321
MK134413,3,92.977,3a,89.316,150-321,Yes,150;159;206;282;316;320;321
MK134414,1,79.431,1b,90.468,150-321,Yes,150;159;206;282;316;320;321
MK134415,3,81.438,3b,91.639,150-321,Yes,150;159;206;282;316;320;321
MK134416,3,81.940,3g,91.806,150-321,Yes,150;159;206;282;316;320;321
MK134417,1,96.154,1a,95.485,150-321,Yes,150;159;206;282;316;320;321
MK134418,3,93.478,3a,90.651,150-321,Yes,150;159;206;282;316;320;321
MK134419,1,96.154,1a,95.151,150-321,Yes,150;159;206;282;316;320;321
MK134420,3,92.809,3a,90.150,150-321,Yes,150;159;206;282;316;320;321
MK134421,1,97.659,1a,96.656,150-321,Yes,150;159;206;282;316;320;321
MK134422,3,89.632,3a,87.980,150-321,Yes,150;159;206;282;316;320;321
MK134423,3,93.813,3a,91.319,150-321,Yes,150;159;206;282;316;320;321
MK134424,3,91.152,3a,88.167,150-321,Yes,150;159;206;282;316;320;321
MK134425,1,80.268,1b,90.970,150-321,Yes,150;159;206;282;316;320;321
MK134426,3,93.478,3a,89.983,150-321,Yes,150;159;206;282;316;320;321
MK134427,3,81.438,3b,93.144,150-321,Yes,150;159;206;282;316;320;321
MK134428,3,90.468,3a,87.312,150-321,Yes,150;159;206;282;316;320;321
MK134429,1,81.940,1b,92.642,150-321,Yes,150;159;206;282;316;320;321
MK134430,3,92.642,3a,89.149,150-321,Yes,150;159;206;282;316;320;321
MK134431,3,93.478,3a,90.317,150-321,Yes,150;159;206;282;316;320;321
MK134432,3,90.741,3a,88.552,150-321,Yes,150;159;206;282;316;320;321
MK134433,3,91.806,3a,88.648,150-321,Yes,150;159;206;282;316;320;321
MK135302,1,94.887,1a,94.002,150-321,Yes,150;159;206;282;316;320;321
MK135303,1,93.019,1a,92.232,150-321,Yes,150;159;206;282;316;320;321
MK135304,1,95.084,1a,94.199,150-321,Yes,150;159;206;282;316;320;321
MK135305,1,94.974,1a,94.359,150-321,Yes,150;159;206;282;316;320;321
MK135306,1,94.592,1a,94.002,150-321,Yes,150;159;206;282;316;320;321
MK135307,1,94.690,1a,94.199,150-321,Yes,150;159;206;282;316;320;321
MK135308,1,95.084,1a,94.395,150-321,Yes,150;159;206;282;316;320;321
MK135309,1,95.182,1a,94.395,150-321,Yes,150;159;206;282;316;320;321
MK135310,1,94.985,1a,94.494,150-321,Yes,150;159;206;282;316;320;321
MK135311,1,94.002,1a,93.117,150-321,Yes,150;159;206;282;316;320;321
MK135312,1,95.182,1a,94.494,150-321,Yes,150;159;206;282;316;320;321
MK135313,1,95.084,1a,94.199,150-321,Yes,150;159;206;282;316;320;321
MK135314,1,95.280,1a,94.395,150-321,Yes,150;159;206;282;316;320;321
MK135315,1,94.887,1a,94.002,150-321,Yes,150;159;206;282;316;320;321
MK135316,1,94.199,1a,93.609,150-321,Yes,150;159;206;282;316;320;321
MK135317,1,95.084,1a,94.395,150-321,Yes,150;159;206;282;316;320;321
MK135318,1,95.182,1a,95.084,150-321,Yes,150;159;206;282;316;320;321
MK135319,1,94.887,1a,94.100,150-321,Yes,150;159;206;282;316;320;321
MK135320,1,93.904,1a,93.609,150-321,Yes,150;159;206;282;316;320;321
MK135322,1,95.674,1a,95.182,150-321,Yes,150;159;206;282;316;320;321
MK135323,1,96.067,1a,95.182,150-321,Yes,150;159;206;282;316;320;321
MK135324,1,93.117,1a,92.724,150-321,Yes,150;159;206;282;316;320;321
MK135325,1,96.057,1a,95.147,150-321,Yes,150;159;206;282;316;320;321
MK135326,1,94.002,1a,93.117,150-321,Yes,150;159;206;282;316;320;321
MK135327,1,93.200,1a,92.527,150-321,Yes,150;159;206;282;316;320;321
MK135328,1,94.395,1a,94.100,150-321,Yes,150;159;206;282;316;320;321
MK135329,1,95.477,1a,94.592,150-321,Yes,150;159;206;282;316;320;321
MK135330,1,94.789,1a,93.904,150-321,Yes,150;159;206;282;316;320;321
MK135331,1,95.674,1a,94.789,150-321,Yes,150;159;206;282;316;320;321
MK135332,1,96.559,1a,95.674,150-321,Yes,150;159;206;282;316;320;321
MK135333,1,94.494,1a,94.002,150-321,Yes,150;159;206;282;316;320;321
MK135334,1,94.934,1a,94.225,150-321,Yes,150;159;206;282;316;320;321
MK135335,1,93.609,1a,93.215,150-321,Yes,150;159;206;282;316;320;321
MK135336,1,95.182,1a,94.297,150-321,Yes,150;159;206;282;316;320;321
MK135337,1,95.084,1a,94.297,150-321,Yes,150;159;206;282;316;320;321
MK135338,1,94.985,1a,94.100,150-321,Yes,150;159;206;282;316;320;321
MK135339,1,94.789,1a,94.002,150-321,Yes,150;159;206;282;316;320;321
MK135340,1,95.477,1a,94.592,150-321,Yes,150;159;206;282;316;320;321
MK135341,1,95.182,1a,94.297,150-321,Yes,150;159;206;282;316;320;321
MK135342,1,94.789,1a,94.297,150-321,Yes,150;159;206;282;316;320;321
MK135343,1,95.182,1a,94.395,150-321,Yes,150;159;206;282;316;320;321
MK135344,1,96.067,1a,95.182,150-321,Yes,150;159;206;282;316;320;321
MK135345,1,95.084,1a,94.199,150-321,Yes,150;159;206;282;316;320;321
MK135346,1,95.280,1a,94.592,150-321,Yes,150;159;206;282;316;320;321
MK135347,1,95.477,1a,94.592,150-321,Yes,150;159;206;282;316;320;321
MK135348,1,95.674,1a,94.789,150-321,Yes,150;159;206;282;316;320;321
MK135349,1,94.690,1a,94.494,150-321,Yes,150;159;206;282;316;320;321
MK135350,1,95.379,1a,94.887,150-321,Yes,150;159;206;282;316;320;321
MK135351,1,94.887,1a,94.592,150-321,Yes,150;159;206;282;316;320;321
MK135352,1,94.592,1a,93.904,150-321,Yes,150;159;206;282;316;320;321
MK135353,1,92.330,1a,91.445,150-321,Yes,150;159;206;282;316;320;321
MK135354,1,94.395,1a,93.609,150-321,Yes,150;159;206;282;316;320;321
MK135355,1,94.494,1a,93.805,150-321,Yes,150;159;206;282;316;320;321
MK135356,1,93.707,1a,93.314,150-321,Yes,150;159;206;282;316;320;321
MK135361,1,81.176,1b,92.451,150-321,Yes,150;159;206;282;316;320;321
MK135363,1,80.841,1b,92.375,150-321,Yes,150;159;206;282;316;320;321
MK135364,1,81.321,1b,93.189,150-321,Yes,150;159;206;282;316;320;321
MK135365,1,80.814,1b,92.636,150-321,Yes,150;159;206;282;316;320;321
MK135370,1,79.843,1b,91.544,150-321,Yes,150;159;206;282;316;320;321
MK135373,1,81.078,1b,91.863,150-321,Yes,150;159;206;282;316;320;321
MK135378,1,81.366,1b,93.157,150-321,Yes,150;159;206;282;316;320;321
MK135379,1,81.105,1b,93.023,150-321,Yes,150;159;206;282;316;320;321
MK135381,1,81.086,1b,92.733,150-321,Yes,150;159;206;282;316;320;321
MK135382,1,81.152,1b,92.151,150-321,Yes,150;159;206;282;316;320;321
MK135384,1,80.882,1b,92.157,150-321,Yes,150;159;206;282;316;320;321
MK135385,1,80.566,1b,92.676,150-321,Yes,150;159;206;282;316;320;321
MK135387,1,80.310,1b,91.279,150-321,Yes,150;159;206;282;316;320;321
MK135392,1,82.031,1b,92.864,150-321,Yes,150;159;206;282;316;320;321
MK135396,1,80.601,1b,92.829,150-321,Yes,150;159;206;282;316;320;321
MK135397,1,81.377,1b,92.054,150-321,Yes,150;159;206;282;316;320;321
MK135401,1,80.980,1b,91.765,150-321,Yes,150;159;206;282;316;320;321
MK135407,1,80.686,1b,91.765,150-321,Yes,150;159;206;282;316;320;321
MK135408,1,80.757,1b,92.536,150-321,Yes,150;159;206;282;316;320;321
MK135409,1,80.938,1b,91.984,150-321,Yes,150;159;206;282;316;320;321
MK135411,1,80.892,1b,92.829,150-321,Yes,150;159;206;282;316;320;321
MK135412,1,81.373,1b,92.157,150-321,Yes,150;159;206;282;316;320;321
MK135414,3,95.464,3a,92.906,150-321,Yes,150;159;206;282;316;320;321
MK135424,3,94.592,3a,92.338,150-321,Yes,150;159;206;282;316;320;321
MK135426,3,95.728,3a,93.902,150-321,Yes,150;159;206;282;316;320;321
MK135428,3,95.805,3a,93.826,150-321,Yes,150;159;206;282;316;320;321
MK135429,3,94.706,3a,92.948,150-321,Yes,150;159;206;282;316;320;321
MK135430,3,94.961,3a,92.933,150-321,Yes,150;159;206;282;316;320;321
MK135432,3,94.020,3a,91.381,150-321,Yes,150;159;206;282;316;320;321
MK135433,3,93.646,3a,91.406,150-321,Yes,150;159;206;282;316;320;321
MK139015,6,76.067,6xg,97.395,150-321,Yes,150;159;206;282;316;320;321
MK139017,6,76.180,6xg,97.792,150-321,Yes,150;159;206;282;316;320;321
MK139018,6,76.180,6xg,97.792,150-321,Yes,150;159;206;282;316;320;321
MK139019,6,75.955,6xg,98.414,150-321,Yes,150;159;206;282;316;320;321
MK139020,6,75.955,6xg,98.131,150-321,Yes,150;159;206;282;316;320;321
MK139021,6,76.180,6xg,97.508,150-321,Yes,150;159;206;282;316;320;321
MK139022,6,76.517,6xg,98.245,150-321,Yes,150;159;206;282;316;320;321
MK187268,1,93.707,1a,93.367,150-321,Yes,150;159;206;282;316;320;321
MK187269,1,80.272,1b,92.687,150-321,Yes,150;159;206;282;316;320;321
MK187270,1,80.612,1b,92.177,150-321,Yes,150;159;206;282;316;320;321
MK187271,1,80.102,1b,93.367,150-321,Yes,150;159;206;282;316;320;321
MK187272,1,80.952,1b,92.687,150-321,Yes,150;159;206;282;316;320;321
MK187273,1,94.378,1a,93.867,150-321,Yes,150;159;206;282;316;320;321
MK187274,1,93.867,1a,94.037,150-321,Yes,150;159;206;282;316;320;321
MK187275,1,79.932,1b,92.347,150-321,Yes,150;159;206;282;316;320;321
MK187276,1,80.442,1b,92.347,150-321,Yes,150;159;206;282;316;320;321
MK187277,1,96.082,1a,95.060,150-321,Yes,150;159;206;282;316;320;321
MK187278,1,93.697,1a,93.356,150-321,Yes,150;159;206;282;316;320;321
MK187279,1,81.911,1b,92.979,150-321,Yes,150;159;206;282;316;320;321
MK187280,1,81.293,1b,93.707,150-321,Yes,150;159;206;282;316;320;321
MK187281,1,94.378,1a,94.719,150-321,Yes,150;159;206;282;316;320;321
MK187282,1,80.612,1b,92.687,150-321,Yes,150;159;206;282;316;320;321
MK187283,1,80.442,1b,93.027,150-321,Yes,150;159;206;282;316;320;321
MK187284,1,79.762,1b,92.007,150-321,Yes,150;159;206;282;316;320;321
MK187285,1,81.122,1b,92.687,150-321,Yes,150;159;206;282;316;320;321
MK187286,1,80.239,1b,92.334,150-321,Yes,150;159;206;282;316;320;321
MK187287,1,95.571,1a,94.549,150-321,Yes,150;159;206;282;316;320;321
MK187288,1,80.952,1b,92.687,150-321,Yes,150;159;206;282;316;320;321
MK187289,1,96.429,1a,95.748,150-321,Yes,150;159;206;282;316;320;321
MK187290,1,80.102,1b,92.177,150-321,Yes,150;159;206;282;316;320;321
MK187291,1,95.918,1a,95.408,150-321,Yes,150;159;206;282;316;320;321
MK187292,1,81.803,1b,92.857,150-321,Yes,150;159;206;282;316;320;321
MK187293,1,80.612,1b,90.986,150-321,Yes,150;159;206;282;316;320;321
MK187294,1,94.719,1a,94.208,150-321,Yes,150;159;206;282;316;320;321
MK187295,1,95.400,1a,95.400,150-321,Yes,150;159;206;282;316;320;321
MK187296,1,80.612,1b,93.537,150-321,Yes,150;159;206;282;316;320;321
MK187297,1,79.762,1b,92.347,150-321,Yes,150;159;206;282;316;320;321
MK187298,1,94.218,1a,94.218,150-321,Yes,150;159;206;282;316;320;321
MK187299,1,96.599,1a,96.088,150-321,Yes,150;159;206;282;316;320;321
MK187300,1,94.178,1a,93.322,150-321,Yes,150;159;206;282;316;320;321
MK187301,1,94.719,1a,93.867,150-321,Yes,150;159;206;282;316;320;321
MK187302,1,80.102,1b,92.687,150-321,Yes,150;159;206;282;316;320;321
MK187303,1,81.122,1b,92.347,150-321,Yes,150;159;206;282;316;320;321
MK187304,1,93.867,1a,94.037,150-321,Yes,150;159;206;282;316;320;321
MK187305,1,81.463,1b,90.816,150-321,Yes,150;159;206;282;316;320;321
MK187306,1,80.612,1b,92.857,150-321,Yes,150;159;206;282;316;320;321
MK187307,1,80.102,1b,90.136,150-321,Yes,150;159;206;282;316;320;321
MK187308,1,80.612,1b,91.837,150-321,Yes,150;159;206;282;316;320;321
MK187309,1,81.261,1b,92.504,150-321,Yes,150;159;206;282;316;320;321
MK187310,1,80.102,1b,92.177,150-321,Yes,150;159;206;282;316;320;321
MK187311,1,80.442,1b,92.347,150-321,Yes,150;159;206;282;316;320;321
MK187312,1,81.229,1b,94.178,150-321,Yes,150;159;206;282;316;320;321
MK187313,1,80.102,1b,92.857,150-321,Yes,150;159;206;282;316;320;321
MK187314,1,81.293,1b,93.027,150-321,Yes,150;159;206;282;316;320;321
MK187315,1,79.082,1b,91.837,150-321,Yes,150;159;206;282;316;320;321
MK187316,1,80.442,1b,92.517,150-321,Yes,150;159;206;282;316;320;321
MK187317,1,93.356,1a,93.867,150-321,Yes,150;159;206;282;316;320;321
MK187318,1,80.612,1b,92.347,150-321,Yes,150;159;206;282;316;320;321
MK187319,1,95.571,1a,94.549,150-321,Yes,150;159;206;282;316;320;321
MK187320,1,94.378,1a,93.867,150-321,Yes,150;159;206;282;316;320;321
MK187321,1,82.483,1b,93.197,150-321,Yes,150;159;206;282;316;320;321
MK187322,1,81.633,1b,93.367,150-321,Yes,150;159;206;282;316;320;321
MK187323,1,80.442,1b,92.177,150-321,Yes,150;159;206;282;316;320;321
MK187324,1,79.422,1b,91.156,150-321,Yes,150;159;206;282;316;320;321
MK187325,1,79.422,1b,91.156,150-321,Yes,150;159;206;282;316;320;321
MK187326,1,81.633,1b,92.687,150-321,Yes,150;159;206;282;316;320;321
MK187327,1,95.400,1a,95.060,150-321,Yes,150;159;206;282;316;320;321
MK187328,1,81.122,1b,91.837,150-321,Yes,150;159;206;282;316;320;321
MK187329,1,80.272,1b,92.347,150-321,Yes,150;159;206;282;316;320;321
MK187330,1,79.592,1b,92.007,150-321,Yes,150;159;206;282;316;320;321
MK187331,1,81.293,1b,91.156,150-321,Yes,150;159;206;282;316;320;321
MK187332,1,81.463,1b,92.857,150-321,Yes,150;159;206;282;316;320;321
MK187333,1,81.122,1b,92.347,150-321,Yes,150;159;206;282;316;320;321
MK187334,1,80.612,1b,92.517,150-321,Yes,150;159;206;282;316;320;321
MK187335,1,80.782,1b,93.537,150-321,Yes,150;159;206;282;316;320;321
MK187336,1,92.504,1a,92.845,150-321,Yes,150;159;206;282;316;320;321
MK187337,1,81.293,1b,92.857,150-321,Yes,150;159;206;282;316;320;321
MK187338,1,95.230,1a,95.230,150-321,Yes,150;159;206;282;316;320;321
MK187339,1,80.612,1b,92.177,150-321,Yes,150;159;206;282;316;320;321
MK187340,1,95.741,1a,94.889,150-321,Yes,150;159;206;282;316;320;321
MK187341,1,94.898,1a,94.048,150-321,Yes,150;159;206;282;316;320;321
MK187342,1,94.218,1a,94.218,150-321,Yes,150;159;206;282;316;320;321
MK187343,1,79.932,1b,92.857,150-321,Yes,150;159;206;282;316;320;321
MK187344,1,81.293,1b,93.707,150-321,Yes,150;159;206;282;316;320;321
MK187345,1,93.867,1a,93.356,150-321,Yes,150;159;206;282;316;320;321
MK187346,1,96.599,1a,96.088,150-321,Yes,150;159;206;282;316;320;321
MK187347,1,81.122,1b,91.327,150-321,Yes,150;159;206;282;316;320;321
D00944,2,96.334,2a,100.000,150-321,Yes,150;159;206;282;316;320;321
D14853,1,83.418,1c,100.000,150-321,Yes,150;159;206;282;316;320;321
D17763,3,100.000,3a,94.811,150-321,Yes,150;159;206;282;316;320;321
D28917,3,94.811,3a,100.000,150-321,Yes,150;159;206;282;316;320;321
D49374,3,83.080,3b,100.000,150-321,Yes,150;159;206;282;316;320;321
D50480,1,81.500,1b,93.006,150-321,Yes,150;159;206;282;316;320;321
D50481,1,82.572,1b,93.965,150-321,Yes,150;159;206;282;316;320;321
D50482,1,80.643,1b,92.269,150-321,Yes,150;159;206;282;316;320;321
D50483,1,81.726,1b,93.119,150-321,Yes,150;159;206;282;316;320;321
D50484,1,80.756,1b,92.720,150-321,Yes,150;159;206;282;316;320;321
D50485,1,82.741,1b,93.796,150-321,Yes,150;159;206;282;316;320;321
D63821,3,79.357,3k,100.000,150-321,Yes,150;159;206;282;316;320;321
D63822,6,76.287,6g,100.000,150-321,Yes,150;159;206;282;316;320;321
D84262,6,100.000,6b,100.000,150-321,Yes,150;159;206;282;316;320;321
D84263,6,77.309,6d,100.000,150-321,Yes,150;159;206;282;316;320;321
D84264,6,76.845,6k,100.000,150-321,Yes,150;159;206;282;316;320;321
D84265,6,75.508,6h,100.000,150-321,Yes,150;159;206;282;316;320;321
D90208,1,81.603,1b,100.000,150-321,Yes,150;159;206;282;316;320;321
DQ155561,2,82.671,2i,100.000,150-321,Yes,150;159;206;282;316;320;321
DQ278891,6,75.422,6xj,92.982,150-321,Yes,150;159;206;282;316;320;321
DQ278892,6,74.676,6w,100.000,150-321,Yes,150;159;206;282;316;320;321
DQ278893,6,75.450,6xj,94.211,150-321,Yes,150;159;206;282;316;320;321
DQ278894,6,75.352,6n,100.000,150-321,Yes,150;159;206;282;316;320;321
DQ314805,6,75.635,6e,100.000,150-321,Yes,150;159;206;282;316;320;321
DQ314806,6,75.705,6g,94.671,150-321,Yes,150;159;206;282;316;320;321
DQ418782,4,91.601,4a,91.601,150-321,Yes,150;159;206;282;316;320;321
DQ418783,4,92.503,4a,92.503,150-321,Yes,150;159;206;282;316;320;321
DQ418784,4,91.324,4a,91.324,150-321,Yes,150;159;206;282;316;320;321
DQ418785,4,91.047,4a,91.047,150-321,Yes,150;159;206;282;316;320;321
DQ418786,4,84.893,4d,100.000,150-321,Yes,150;159;206;282;316;320;321
DQ418787,4,91.944,4a,91.944,150-321,Yes,150;159;206;282;316;320;321
DQ418788,4,92.616,4a,92.616,150-321,Yes,150;159;206;282;316;320;321
DQ418789,4,92.503,4a,92.503,150-321,Yes,150;159;206;282;316;320;321
DQ480512,6,83.531,6a,95.965,150-321,Yes,150;159;206;282;316;320;321
DQ480513,6,83.446,6a,96.901,150-321,Yes,150;159;206;282;316;320;321
DQ480514,6,83.671,6a,96.491,150-321,Yes,150;159;206;282;316;320;321
DQ480515,6,83.390,6a,96.608,150-321,Yes,150;159;206;282;316;320;321
DQ480516,6,84.208,6a,96.608,150-321,Yes,150;159;206;282;316;320;321
DQ480517,6,83.502,6a,96.550,150-321,Yes,150;159;206;282;316;320;321
DQ480518,6,83.840,6a,96.550,150-321,Yes,150;159;206;282;316;320;321
DQ480519,6,82.827,6a,97.076,150-321,Yes,150;159;206;282;316;320;321
DQ480520,6,82.827,6a,96.901,150-321,Yes,150;159;206;282;316;320;321
DQ480521,6,83.305,6a,96.374,150-321,Yes,150;159;206;282;316;320;321
DQ480522,6,83.362,6a,96.725,150-321,Yes,150;159;206;282;316;320;321
DQ480523,6,82.770,6a,95.848,150-321,Yes,150;159;206;282;316;320;321
DQ480524,6,82.995,6a,95.263,150-321,Yes,150;159;206;282;316;320;321
DQ516083,4,84.949,4d,95.544,150-321,Yes,150;159;206;282;316;320;321
DQ835760,6,75.563,6f,100.000,150-321,Yes,150;159;206;282;316;320;321
DQ835761,6,74.294,6j,96.842,150-321,Yes,150;159;206;282;316;320;321
DQ835762,6,74.532,6i,96.388,150-321,Yes,150;159;206;282;316;320;321
DQ835763,6,76.384,6m,97.293,150-321,Yes,150;159;206;282;316;320;321
DQ835764,6,75.971,6f,98.590,150-321,Yes,150;159;206;282;316;320;321
DQ835765,6,76.188,6m,96.503,150-321,Yes,150;159;206;282;316;320;321
DQ835766,6,76.471,6m,96.503,150-321,Yes,150;159;206;282;316;320;321
DQ835767,6,76.357,6m,100.000,150-321,Yes,150;159;206;282;316;320;321
DQ835768,6,75.647,6n,100.000,150-321,Yes,150;159;206;282;316;320;321
DQ835769,6,74.294,6j,100.000,150-321,Yes,150;159;206;282;316;320;321
DQ835770,6,74.261,6i,100.000,150-321,Yes,150;159;206;282;316;320;321
DQ889290,1,94.842,1a,94.262,150-321,Yes,150;159;206;282;316;320;321
EF026073,5,78.970,5a,78.558,150-321,Yes,150;159;206;282;316;320;321
EF108306,7,100.000,7a,100.000,150-321,Yes,150;159;206;282;316;320;321
EF407411,1,95.880,1a,95.767,150-321,Yes,150;159;206;282;316;320;321
EF407412,1,95.993,1a,95.429,150-321,Yes,150;159;206;282;316;320;321
EF407413,1,94.131,1a,93.792,150-321,Yes,150;159;206;282;316;320;321
EF407414,1,96.332,1a,95.598,150-321,Yes,150;159;206;282;316;320;321
EF407415,1,94.021,1a,93.570,150-321,Yes,150;159;206;282;316;320;321
EF407416,1,95.424,1a,94.929,150-321,Yes,150;159;206;282;316;320;321
EF407417,1,96.165,1a,95.093,150-321,Yes,150;159;206;282;316;320;321
EF407418,1,95.824,1a,95.147,150-321,Yes,150;159;206;282;316;320;321
EF407419,1,97.011,1a,95.601,150-321,Yes,150;159;206;282;316;320;321
EF407420,1,96.077,1a,95.392,150-321,Yes,150;159;206;282;316;320;321
EF407421,1,96.670,1a,95.598,150-321,Yes,150;159;206;282;316;320;321
EF407422,1,96.840,1a,96.219,150-321,Yes,150;159;206;282;316;320;321
EF407423,1,96.953,1a,96.219,150-321,Yes,150;159;206;282;316;320;321
EF407424,1,97.975,1a,97.260,150-321,Yes,150;159;206;282;316;320;321
EF407425,1,96.785,1a,95.826,150-321,Yes,150;159;206;282;316;320;321
EF407426,1,96.463,1a,95.836,150-321,Yes,150;159;206;282;316;320;321
EF407427,1,95.149,1a,94.585,150-321,Yes,150;159;206;282;316;320;321
EF407428,1,96.447,1a,96.052,150-321,Yes,150;159;206;282;316;320;321
EF407429,1,95.202,1a,94.517,150-321,Yes,150;159;206;282;316;320;321
EF407430,1,96.511,1a,95.950,150-321,Yes,150;159;206;282;316;320;321
EF407431,1,94.695,1a,94.413,150-321,Yes,150;159;206;282;316;320;321
EF407432,1,96.390,1a,95.657,150-321,Yes,150;159;206;282;316;320;321
EF407433,1,96.729,1a,96.132,150-321,Yes,150;159;206;282;316;320;321
EF407434,1,93.849,1a,93.510,150-321,Yes,150;159;206;282;316;320;321
EF407435,1,94.303,1a,93.627,150-321,Yes,150;159;206;282;316;320;321
EF407436,1,95.598,1a,94.695,150-321,Yes,150;159;206;282;316;320;321
EF407437,1,96.614,1a,96.219,150-321,Yes,150;159;206;282;316;320;321
EF407438,1,97.124,1a,96.390,150-321,Yes,150;159;206;282;316;320;321
EF407439,1,94.191,1a,93.909,150-321,Yes,150;159;206;282;316;320;321
EF407440,1,97.406,1a,96.672,150-321,Yes,150;159;206;282;316;320;321
EF407441,1,95.937,1a,95.429,150-321,Yes,150;159;206;282;316;320;321
EF407443,1,96.332,1a,96.332,150-321,Yes,150;159;206;282;316;320;321
EF407444,1,96.334,1a,95.488,150-321,Yes,150;159;206;282;316;320;321
EF407445,1,97.180,1a,96.560,150-321,Yes,150;159;206;282;316;320;321
EF407446,1,95.034,1a,94.526,150-321,Yes,150;159;206;282;316;320;321
EF407447,1,96.221,1a,94.980,150-321,Yes,150;159;206;282;316;320;321
EF407448,1,95.771,1a,95.211,150-321,Yes,150;159;206;282;316;320;321
EF407449,1,96.672,1a,95.939,150-321,Yes,150;159;206;282;316;320;321
EF407450,1,96.785,1a,96.221,150-321,Yes,150;159;206;282;316;320;321
EF407451,1,95.034,1a,95.147,150-321,Yes,150;159;206;282;316;320;321
EF407452,1,96.277,1a,95.544,150-321,Yes,150;159;206;282;316;320;321
EF407453,1,96.616,1a,95.544,150-321,Yes,150;159;206;282;316;320;321
EF407454,1,97.406,1a,96.108,150-321,Yes,150;159;206;282;316;320;321
EF407455,1,96.729,1a,96.052,150-321,Yes,150;159;206;282;316;320;321
EF407456,1,96.729,1a,96.672,150-321,Yes,150;159;206;282;316;320;321
EF407457,1,95.375,1a,94.867,150-321,Yes,150;159;206;282;316;320;321
EF407458,1,81.807,1b,92.519,150-321,Yes,150;159;206;282;316;320;321
EF407459,1,82.300,1b,95.713,150-321,Yes,150;159;206;282;316;320;321
EF407460,1,82.074,1b,94.924,150-321,Yes,150;159;206;282;316;320;321
EF407461,1,82.751,1b,95.037,150-321,Yes,150;159;206;282;316;320;321
EF407462,1,82.807,1b,95.770,150-321,Yes,150;159;206;282;316;320;321
EF407463,1,82.694,1b,95.375,150-321,Yes,150;159;206;282;316;320;321
EF407464,1,81.951,1b,93.401,150-321,Yes,150;159;206;282;316;320;321
EF407465,1,82.356,1b,96.165,150-321,Yes,150;159;206;282;316;320;321
EF407466,1,81.557,1b,92.810,150-321,Yes,150;159;206;282;316;320;321
EF407467,1,82.131,1b,96.108,150-321,Yes,150;159;206;282;316;320;321
EF407468,1,81.905,1b,95.713,150-321,Yes,150;159;206;282;316;320;321
EF407469,1,82.244,1b,95.883,150-321,Yes,150;159;206;282;316;320;321
EF407470,1,82.864,1b,96.165,150-321,Yes,150;159;206;282;316;320;321
EF407471,1,81.680,1b,94.698,150-321,Yes,150;159;206;282;316;320;321
EF407472,1,82.525,1b,95.995,150-321,Yes,150;159;206;282;316;320;321
EF407473,1,81.541,1b,92.652,150-321,Yes,150;159;206;282;316;320;321
EF407474,1,82.476,1b,96.711,150-321,Yes,150;159;206;282;316;320;321
EF407475,1,82.638,1b,95.939,150-321,Yes,150;159;206;282;316;320;321
EF407476,1,82.638,1b,95.713,150-321,Yes,150;159;206;282;316;320;321
EF407477,1,82.074,1b,95.601,150-321,Yes,150;159;206;282;316;320;321
EF407478,1,81.793,1b,95.883,150-321,Yes,150;159;206;282;316;320;321
EF407479,1,82.807,1b,95.601,150-321,Yes,150;159;206;282;316;320;321
EF407480,1,82.356,1b,96.052,150-321,Yes,150;159;206;282;316;320;321
EF407481,1,81.839,1b,93.288,150-321,Yes,150;159;206;282;316;320;321
EF407482,1,83.145,1b,94.811,150-321,Yes,150;159;206;282;316;320;321
EF407483,1,82.131,1b,94.529,150-321,Yes,150;159;206;282;316;320;321
EF407484,1,82.582,1b,96.447,150-321,Yes,150;159;206;282;316;320;321
EF407485,1,82.694,1b,95.939,150-321,Yes,150;159;206;282;316;320;321
EF407486,1,82.074,1b,94.867,150-321,Yes,150;159;206;282;316;320;321
EF407487,1,81.557,1b,94.134,150-321,Yes,150;159;206;282;316;320;321
EF407488,1,82.854,1b,93.570,150-321,Yes,150;159;206;282;316;320;321
EF407489,1,81.758,1b,92.464,150-321,Yes,150;159;206;282;316;320;321
EF407490,1,81.736,1b,95.601,150-321,Yes,150;159;206;282;316;320;321
EF407491,1,81.839,1b,92.777,150-321,Yes,150;159;206;282;316;320;321
EF407492,1,82.572,1b,93.627,150-321,Yes,150;159;206;282;316;320;321
EF407493,1,81.885,1b,93.228,150-321,Yes,150;159;206;282;316;320;321
EF407494,1,82.310,1b,94.698,150-321,Yes,150;159;206;282;316;320;321
EF407495,1,82.525,1b,96.221,150-321,Yes,150;159;206;282;316;320;321
EF407496,1,81.470,1b,93.604,150-321,Yes,150;159;206;282;316;320;321
EF407497,1,82.873,1b,94.867,150-321,Yes,150;159;206;282;316;320;321
EF407498,1,82.582,1b,95.770,150-321,Yes,150;159;206;282;316;320;321
EF407499,1,82.008,1b,92.946,150-321,Yes,150;159;206;282;316;320;321
EF407501,1,82.018,1b,93.228,150-321,Yes,150;159;206;282;316;320;321
EF407502,1,82.018,1b,95.657,150-321,Yes,150;159;206;282;316;320;321
EF407503,1,82.920,1b,95.149,150-321,Yes,150;159;206;282;316;320;321
EF407504,1,82.479,1b,95.375,150-321,Yes,150;159;206;282;316;320;321
EF424626,6,77.122,6p,100.000,150-321,Yes,150;159;206;282;316;320;321
EF424627,6,75.650,6o,100.000,150-321,Yes,150;159;206;282;316;320;321
EF424628,6,75.744,6l,100.000,150-321,Yes,150;159;206;282;316;320;321
EF424629,6,77.646,6c,100.000,150-321,Yes,150;159;206;282;316;320;321
EF589160,4,83.303,4f,94.585,150-321,Yes,150;159;206;282;316;320;321
EF589161,4,83.671,4f,100.000,150-321,Yes,150;159;206;282;316;320;321
EF632069,6,75.763,6t,94.808,150-321,Yes,150;159;206;282;316;320;321
EF632070,6,74.689,6t,94.980,150-321,Yes,150;159;206;282;316;320;321
EF632071,6,74.462,6t,100.000,150-321,Yes,150;159;206;282;316;320;321
OR497850,4,83.230,4k,93.172,150-321,Yes,150;159;206;282;316;320;321
OR497853,4,83.804,4d,95.034,150-321,Yes,150;159;206;282;316;320;321
OR497854,4,83.916,4d,96.106,150-321,Yes,150;159;206;282;316;320;321
OR497855,4,83.973,4d,94.977,150-321,Yes,150;159;206;282;316;320;321
OR497856,4,83.634,4d,94.413,150-321,Yes,150;159;206;282;316;320;321
OR497857,4,83.973,4d,94.921,150-321,Yes,150;159;206;282;316;320;321
OR497858,4,83.747,4d,94.300,150-321,Yes,150;159;206;282;316;320;321
OR497860,4,84.312,4d,95.598,150-321,Yes,150;159;206;282;316;320;321
OR497861,4,83.804,4d,94.752,150-321,Yes,150;159;206;282;316;320;321
OR497862,4,84.594,4d,95.655,150-321,Yes,150;159;206;282;316;320;321
OR497863,4,84.312,4d,95.203,150-321,Yes,150;159;206;282;316;320;321
OR497864,4,84.312,4d,95.203,150-321,Yes,150;159;206;282;316;320;321
OR497865,4,83.813,4d,94.526,150-321,Yes,150;159;206;282;316;320;321
OR497866,4,84.312,4d,95.767,150-321,Yes,150;159;206;282;316;320;321
OR497867,4,84.095,4d,95.147,150-321,Yes,150;159;206;282;316;320;321
OR497868,4,82.957,4d,94.018,150-321,Yes,150;159;206;282;316;320;321
OR497869,4,83.747,4d,94.977,150-321,Yes,150;159;206;282;316;320;321
OR497870,4,82.807,4r,93.679,150-321,Yes,150;159;206;282;316;320;321
OR497871,4,81.186,4r,92.751,150-321,Yes,150;159;206;282;316;320;321
OR497872,1,83.249,1c,95.711,150-321,Yes,150;159;206;282;316;320;321
OR497874,4,92.542,4a,92.542,150-321,Yes,150;159;206;282;316;320;321
OR497877,1,94.134,1a,93.457,150-321,Yes,150;159;206;282;316;320;321
OR497878,1,95.995,1a,95.262,150-321,Yes,150;159;206;282;316;320;321
OR497879,1,96.503,1a,95.657,150-321,Yes,150;159;206;282;316;320;321
OR497880,1,96.052,1a,95.431,150-321,Yes,150;159;206;282;316;320;321
OR497881,1,96.334,1a,95.392,150-321,Yes,150;159;206;282;316;320;321
OR497882,1,96.332,1a,95.734,150-321,Yes,150;159;206;282;316;320;321
OR497883,1,96.165,1a,95.206,150-321,Yes,150;159;206;282;316;320;321
OR497884,1,94.303,1a,93.796,150-321,Yes,150;159;206;282;316;320;321
OR497885,1,96.165,1a,95.222,150-321,Yes,150;159;206;282;316;320;321
OR497886,1,93.232,1a,92.555,150-321,Yes,150;159;206;282;316;320;321
OR497887,1,96.052,1a,95.108,150-321,Yes,150;159;206;282;316;320;321
OR497889,1,96.221,1a,95.375,150-321,Yes,150;159;206;282;316;320;321
OR497890,1,96.052,1a,95.206,150-321,Yes,150;159;206;282;316;320;321
OR497891,1,95.713,1a,94.767,150-321,Yes,150;159;206;282;316;320;321
OR497892,1,96.165,1a,95.319,150-321,Yes,150;159;206;282;316;320;321
OR497893,1,95.657,1a,94.642,150-321,Yes,150;159;206;282;316;320;321
OR497894,1,95.206,1a,94.247,150-321,Yes,150;159;206;282;316;320;321
OR497895,1,96.108,1a,95.770,150-321,Yes,150;159;206;282;316;320;321
OR497896,1,93.796,1a,93.232,150-321,Yes,150;159;206;282;316;320;321
OR497897,1,96.672,1a,96.075,150-321,Yes,150;159;206;282;316;320;321
OR497898,1,96.277,1a,95.336,150-321,Yes,150;159;206;282;316;320;321
OR497899,1,96.390,1a,95.449,150-321,Yes,150;159;206;282;316;320;321
OR497901,1,96.108,1a,95.165,150-321,Yes,150;159;206;282;316;320;321
OR497902,1,95.713,1a,94.767,150-321,Yes,150;159;206;282;316;320;321
OR497903,1,96.390,1a,95.149,150-321,Yes,150;159;206;282;316;320;321
OR497904,1,94.078,1a,93.232,150-321,Yes,150;159;206;282;316;320;321
OR497905,1,96.108,1a,95.262,150-321,Yes,150;159;206;282;316;320;321
OR497906,1,96.052,1a,95.108,150-321,Yes,150;159;206;282;316;320;321
OR497907,1,95.657,1a,94.642,150-321,Yes,150;159;206;282;316;320;321
OR497908,1,93.796,1a,93.345,150-321,Yes,150;159;206;282;316;320;321
OR497909,1,96.165,1a,95.544,150-321,Yes,150;159;206;282;316;320;321
OR497911,1,94.021,1a,93.514,150-321,Yes,150;159;206;282;316;320;321
OR497912,1,93.284,1a,93.002,150-321,Yes,150;159;206;282;316;320;321
OR497913,1,93.627,1a,93.627,150-321,Yes,150;159;206;282;316;320;321
OR497915,1,93.341,1a,92.946,150-321,Yes,150;159;206;282;316;320;321
OR497916,1,93.679,1a,93.172,150-321,Yes,150;159;206;282;316;320;321
OR497917,1,93.457,1a,93.288,150-321,Yes,150;159;206;282;316;320;321
OR497918,1,94.865,1a,94.413,150-321,Yes,150;159;206;282;316;320;321
OR497919,1,93.796,1a,93.514,150-321,Yes,150;159;206;282;316;320;321
OR497920,1,93.006,1a,92.273,150-321,Yes,150;159;206;282;316;320;321
OR497921,1,95.544,1a,95.206,150-321,Yes,150;159;206;282;316;320;321
OR497922,1,92.273,1a,91.653,150-321,Yes,150;159;206;282;316;320;321
OR497923,1,93.683,1a,93.175,150-321,Yes,150;159;206;282;316;320;321
OR497924,1,93.905,1a,93.397,150-321,Yes,150;159;206;282;316;320;321
OR497925,1,96.503,1a,95.826,150-321,Yes,150;159;206;282;316;320;321
OR497926,1,93.514,1a,92.950,150-321,Yes,150;159;206;282;316;320;321
OR497927,1,91.878,1a,91.258,150-321,Yes,150;159;206;282;316;320;321
OR497929,1,96.332,1a,95.392,150-321,Yes,150;159;206;282;316;320;321
OR497930,1,93.175,1a,92.668,150-321,Yes,150;159;206;282;316;320;321
OR497931,1,96.165,1a,95.222,150-321,Yes,150;159;206;282;316;320;321
OR497932,1,96.219,1a,95.372,150-321,Yes,150;159;206;282;316;320;321
OR497933,1,95.149,1a,94.191,150-321,Yes,150;159;206;282;316;320;321
OR497934,1,96.390,1a,95.791,150-321,Yes,150;159;206;282;316;320;321
OR497935,1,94.811,1a,93.852,150-321,Yes,150;159;206;282;316;320;321
OR497937,1,96.390,1a,95.544,150-321,Yes,150;159;206;282;316;320;321
OR497938,1,94.808,1a,94.695,150-321,Yes,150;159;206;282;316;320;321
OR497939,1,94.642,1a,94.360,150-321,Yes,150;159;206;282;316;320;321
OR497940,1,94.755,1a,94.360,150-321,Yes,150;159;206;282;316;320;321
OR497941,1,92.217,1a,92.217,150-321,Yes,150;159;206;282;316;320;321
OR497942,1,95.375,1a,94.482,150-321,Yes,150;159;206;282;316;320;321
OR497943,1,93.119,1a,92.950,150-321,Yes,150;159;206;282;316;320;321
OR497946,1,94.247,1a,93.909,150-321,Yes,150;159;206;282;316;320;321
OR497948,1,93.172,1a,93.115,150-321,Yes,150;159;206;282;316;320;321
OR497949,1,95.770,1a,95.713,150-321,Yes,150;159;206;282;316;320;321
OR497950,1,93.006,1a,92.555,150-321,Yes,150;159;206;282;316;320;321
OR497951,1,95.034,1a,94.526,150-321,Yes,150;159;206;282;316;320;321
OR497952,1,93.739,1a,93.345,150-321,Yes,150;159;206;282;316;320;321
OR497953,1,95.601,1a,94.642,150-321,Yes,150;159;206;282;316;320;321
OR497954,1,93.627,1a,93.232,150-321,Yes,150;159;206;282;316;320;321
OR497956,4,87.599,4c,94.018,150-321,Yes,150;159;206;282;316;320;321
OR497959,3,95.824,3a,93.743,150-321,Yes,150;159;206;282;316;320;321
OR497960,3,95.542,3a,93.687,150-321,Yes,150;159;206;282;316;320;321
OR497961,3,95.203,3a,93.799,150-321,Yes,150;159;206;282;316;320;321
OR497962,3,95.937,3a,94.363,150-321,Yes,150;159;206;282;316;320;321
OR497965,3,94.865,3a,93.123,150-321,Yes,150;159;206;282;316;320;321
OR497968,3,95.542,3a,93.856,150-321,Yes,150;159;206;282;316;320;321
OR497969,3,94.244,3a,92.785,150-321,Yes,150;159;206;282;316;320;321
OR497971,3,95.316,3a,93.687,150-321,Yes,150;159;206;282;316;320;321
OR497972,3,95.319,3a,93.852,150-321,Yes,150;159;206;282;316;320;321
OR497973,3,95.375,3a,94.078,150-321,Yes,150;159;206;282;316;320;321
OR497974,3,95.262,3a,93.627,150-321,Yes,150;159;206;282;316;320;321
OR497975,3,94.021,3a,92.893,150-321,Yes,150;159;206;282;316;320;321
OR497977,3,95.429,3a,93.574,150-321,Yes,150;159;206;282;316;320;321
OR497978,3,95.147,3a,93.236,150-321,Yes,150;159;206;282;316;320;321
OR497979,3,93.965,3a,93.288,150-321,Yes,150;159;206;282;316;320;321
OR497984,3,94.752,3a,93.799,150-321,Yes,150;159;206;282;316;320;321
OR497985,3,94.752,3a,93.123,150-321,Yes,150;159;206;282;316;320;321
OR497986,3,95.037,3a,93.401,150-321,Yes,150;159;206;282;316;320;321
OR497988,4,84.056,4q,93.006,150-321,Yes,150;159;206;282;316;320;321
OR497989,1,82.346,1b,93.119,150-321,Yes,150;159;206;282;316;320;321
OR497990,1,82.516,1b,92.104,150-321,Yes,150;159;206;282;316;320;321
OR497991,1,81.736,1b,92.329,150-321,Yes,150;159;206;282;316;320;321
OR497992,1,82.628,1b,92.950,150-321,Yes,150;159;206;282;316;320;321
OR497994,1,81.444,1b,92.893,150-321,Yes,150;159;206;282;316;320;321
OR497995,1,82.080,1b,92.029,150-321,Yes,150;159;206;282;316;320;321
OR497997,1,82.290,1b,92.494,150-321,Yes,150;159;206;282;316;320;321
OR497998,1,81.500,1b,92.156,150-321,Yes,150;159;206;282;316;320;321
OR497999,1,81.105,1b,91.986,150-321,Yes,150;159;206;282;316;320;321
OR498000,1,81.331,1b,92.499,150-321,Yes,150;159;206;282;316;320;321
OR498001,1,80.079,1b,90.293,150-321,Yes,150;159;206;282;316;320;321
OR498002,1,81.613,1b,92.325,150-321,Yes,150;159;206;282;316;320;321
OR498004,1,81.726,1b,92.668,150-321,Yes,150;159;206;282;316;320;321
OR498006,1,82.008,1b,93.172,150-321,Yes,150;159;206;282;316;320;321
OR498007,1,81.839,1b,92.217,150-321,Yes,150;159;206;282;316;320;321
OR498008,1,82.685,1b,91.761,150-321,Yes,150;159;206;282;316;320;321
OR498010,1,81.049,1b,91.878,150-321,Yes,150;159;206;282;316;320;321
OR498012,1,81.659,1b,91.366,150-321,Yes,150;159;206;282;316;320;321
OR498013,1,81.172,1b,91.822,150-321,Yes,150;159;206;282;316;320;321
OR498014,1,81.511,1b,91.371,150-321,Yes,150;159;206;282;316;320;321
OR498015,1,81.444,1b,93.232,150-321,Yes,150;159;206;282;316;320;321
OR498016,1,81.941,1b,93.567,150-321,Yes,150;159;206;282;316;320;321
OR498017,1,82.121,1b,93.457,150-321,Yes,150;159;206;282;316;320;321
OR498018,1,82.234,1b,93.570,150-321,Yes,150;159;206;282;316;320;321
OR498019,1,81.951,1b,92.781,150-321,Yes,150;159;206;282;316;320;321
OR498021,1,82.177,1b,93.570,150-321,Yes,150;159;206;282;316;320;321
OR498022,1,80.485,1b,92.442,150-321,Yes,150;159;206;282;316;320;321
OR498024,1,81.342,1b,92.212,150-321,Yes,150;159;206;282;316;320;321
OR498026,1,81.951,1b,92.273,150-321,Yes,150;159;206;282;316;320;321
OR498027,1,81.331,1b,91.991,150-321,Yes,150;159;206;282;316;320;321
OR498028,1,81.951,1b,92.442,150-321,Yes,150;159;206;282;316;320;321
OR498031,1,81.951,1b,93.063,150-321,Yes,150;159;206;282;316;320;321
OR498033,1,81.342,1b,92.611,150-321,Yes,150;159;206;282;316;320;321
OR498034,1,82.111,1b,93.736,150-321,Yes,150;159;206;282;316;320;321
OR498036,1,81.839,1b,92.386,150-321,Yes,150;159;206;282;316;320;321
OR498037,1,81.849,1b,93.006,150-321,Yes,150;159;206;282;316;320;321
OR498040,1,80.090,1b,91.145,150-321,Yes,150;159;206;282;316;320;321
OR498041,1,81.726,1b,92.329,150-321,Yes,150;159;206;282;316;320;321
OR498043,1,80.823,1b,91.822,150-321,Yes,150;159;206;282;316;320;321
OR498045,1,82.741,1b,93.063,150-321,Yes,150;159;206;282;316;320;321
OR498046,1,81.613,1b,93.232,150-321,Yes,150;159;206;282;316;320;321
OR498047,1,80.202,1b,91.314,150-321,Yes,150;159;206;282;316;320;321
OR498050,1,81.793,1b,91.991,150-321,Yes,150;159;206;282;316;320;321
OR498051,1,80.711,1b,91.540,150-321,Yes,150;159;206;282;316;320;321
OR498053,1,80.711,1b,90.858,150-321,Yes,150;159;206;282;316;320;321
OR498054,1,81.680,1b,92.217,150-321,Yes,150;159;206;282;316;320;321
OR498055,1,81.285,1b,92.156,150-321,Yes,150;159;206;282;316;320;321
OR498056,1,81.782,1b,92.555,150-321,Yes,150;159;206;282;316;320;321
OR498057,1,82.234,1b,92.386,150-321,Yes,150;159;206;282;316;320;321
OR498058,1,82.167,1b,91.930,150-321,Yes,150;159;206;282;316;320;321
OR498060,1,81.895,1b,91.371,150-321,Yes,150;159;206;282;316;320;321
OR498063,1,80.891,1b,91.591,150-321,Yes,150;159;206;282;316;320;321
OR498064,1,81.218,1b,92.273,150-321,Yes,150;159;206;282;316;320;321
OR498065,1,80.993,1b,91.540,150-321,Yes,150;159;206;282;316;320;321
OR498067,1,81.839,1b,91.878,150-321,Yes,150;159;206;282;316;320;321
OR498068,1,81.839,1b,93.284,150-321,Yes,150;159;206;282;316;320;321
OR498069,1,81.951,1b,92.611,150-321,Yes,150;159;206;282;316;320;321
OR498070,1,80.711,1b,91.540,150-321,Yes,150;159;206;282;316;320;321
OR498071,1,80.259,1b,90.186,150-321,Yes,150;159;206;282;316;320;321
U01214,1,82.054,1b,93.849,150-321,Yes,150;159;206;282;316;320;321
U37640,1,80.204,1b,92.245,150-321,Yes,150;159;206;282;316;320;321
U37641,1,80.000,1b,92.245,150-321,Yes,150;159;206;282;316;320;321
U37642,1,79.796,1b,92.041,150-321,Yes,150;159;206;282;316;320;321
U37643,1,80.204,1b,92.041,150-321,Yes,150;159;206;282;316;320;321
U37660,1,79.898,1b,92.245,150-321,Yes,150;159;206;282;316;320;321
U37661,1,80.000,1b,92.347,150-321,Yes,150;159;206;282;316;320;321
U37662,1,79.898,1b,91.939,150-321,Yes,150;159;206;282;316;320;321
U37663,1,80.102,1b,92.143,150-321,Yes,150;159;206;282;316;320;321
U37664,1,81.142,1b,92.449,150-321,Yes,150;159;206;282;316;320;321
U37665,1,81.346,1b,92.245,150-321,Yes,150;159;206;282;316;320;321
U37666,1,80.102,1b,92.041,150-321,Yes,150;159;206;282;316;320;321
U37667,1,80.102,1b,92.143,150-321,Yes,150;159;206;282;316;320;321
U37668,1,80.938,1b,92.653,150-321,Yes,150;159;206;282;316;320;321
U37669,1,81.040,1b,92.143,150-321,Yes,150;159;206;282;316;320;321
U37670,1,80.306,1b,92.347,150-321,Yes,150;159;206;282;316;320;321
U37671,1,80.204,1b,92.245,150-321,Yes,150;159;206;282;316;320;321
X76918,3,96.163,3a,94.194,150-321,Yes,150;159;206;282;316;320;321
Y11604,4,100.000,4a,100.000,150-321,Yes,150;159;206;282;316;320;321
Y12083,6,82.489,6a,100.000,150-321,Yes,150;159;206;282;316;320;321
Y13184,5,100.000,5a,92.607,150-321,Yes,150;159;206;282;316;320;321
AB047639,2,92.160,2a,100.000,150-321,Yes,150;159;206;282;316;320;321
AB047640,2,93.341,2a,94.561,150-321,Yes,150;159;206;282;316;320;321
AB047641,2,95.149,2a,95.322,150-321,Yes,150;159;206;282;316;320;321
AB047644,2,92.889,2a,93.681,150-321,Yes,150;159;206;282;316;320;321
AB047645,2,94.021,2a,94.620,150-321,Yes,150;159;206;282;316;320;321
AB049087,1,81.726,1b,93.172,150-321,Yes,150;159;206;282;316;320;321
AB049092,1,81.275,1b,91.761,150-321,Yes,150;159;206;282;316;320;321
AB049093,1,82.346,1b,94.078,150-321,Yes,150;159;206;282;316;320;321
AB049094,1,80.926,1b,92.381,150-321,Yes,150;159;206;282;316;320;321
AB049096,1,81.941,1b,93.115,150-321,Yes,150;159;206;282;316;320;321
AB049097,1,81.557,1b,93.909,150-321,Yes,150;159;206;282;316;320;321
AB049098,1,81.895,1b,95.206,150-321,Yes,150;159;206;282;316;320;321
AB049099,1,81.387,1b,93.119,150-321,Yes,150;159;206;282;316;320;321
AB049100,1,81.321,1b,93.288,150-321,Yes,150;159;206;282;316;320;321
AB057598,1,81.208,1b,92.494,150-321,Yes,150;159;206;282;316;320;321
AB057599,1,82.177,1b,93.567,150-321,Yes,150;159;206;282;316;320;321
AB057600,1,81.669,1b,93.115,150-321,Yes,150;159;206;282;316;320;321
AB057601,1,82.346,1b,94.865,150-321,Yes,150;159;206;282;316;320;321
AB057602,1,81.772,1b,93.454,150-321,Yes,150;159;206;282;316;320;321
AB057603,1,81.275,1b,92.781,150-321,Yes,150;159;206;282;316;320;321
AB057604,1,80.778,1b,91.540,150-321,Yes,150;159;206;282;316;320;321
AB057605,1,81.490,1b,93.002,150-321,Yes,150;159;206;282;316;320;321
AB057606,1,81.433,1b,92.889,150-321,Yes,150;159;206;282;316;320;321
AB057607,1,81.839,1b,92.724,150-321,Yes,150;159;206;282;316;320;321
AB057608,1,81.895,1b,92.950,150-321,Yes,150;159;206;282;316;320;321
AB057609,1,81.782,1b,93.401,150-321,Yes,150;159;206;282;316;320;321
AB057610,1,81.716,1b,92.664,150-321,Yes,150;159;206;282;316;320;321
AB057611,1,81.726,1b,94.473,150-321,Yes,150;159;206;282;316;320;321
AB057612,1,81.342,1b,92.442,150-321,Yes,150;159;206;282;316;320;321
AB057613,1,81.433,1b,93.059,150-321,Yes,150;159;206;282;316;320;321
AB057614,1,81.951,1b,93.739,150-321,Yes,150;159;206;282;316;320;321
AB057615,1,82.167,1b,93.510,150-321,Yes,150;159;206;282;316;320;321
AB057616,1,81.839,1b,95.316,150-321,Yes,150;159;206;282;316;320;321
AB057679,1,81.387,1b,93.232,150-321,Yes,150;159;206;282;316;320;321
AB057680,1,82.064,1b,94.134,150-321,Yes,150;159;206;282;316;320;321
AB057681,1,81.151,1b,92.494,150-321,Yes,150;159;206;282;316;320;321
AB057682,1,82.054,1b,92.664,150-321,Yes,150;159;206;282;316;320;321
AB057683,1,81.239,1b,92.160,150-321,Yes,150;159;206;282;316;320;321
AB057684,1,81.659,1b,92.607,150-321,Yes,150;159;206;282;316;320;321
AB057685,1,81.885,1b,92.551,150-321,Yes,150;159;206;282;316;320;321
AB057686,1,81.398,1b,92.950,150-321,Yes,150;159;206;282;316;320;321
AB057687,1,81.998,1b,92.889,150-321,Yes,150;159;206;282;316;320;321
AB057688,1,82.449,1b,93.962,150-321,Yes,150;159;206;282;316;320;321
AB057689,1,81.377,1b,93.284,150-321,Yes,150;159;206;282;316;320;321
AB057690,1,81.444,1b,92.555,150-321,Yes,150;159;206;282;316;320;321
AB057691,1,82.064,1b,93.627,150-321,Yes,150;159;206;282;316;320;321
AB057692,1,82.290,1b,92.269,150-321,Yes,150;159;206;282;316;320;321
AB189078,1,81.688,1b,94.233,150-321,Yes,150;159;206;282;316;320;321
AB189079,1,81.748,1b,94.055,150-321,Yes,150;159;206;282;316;320;321
AB189080,1,81.818,1b,94.114,150-321,Yes,150;159;206;282;316;320;321
AB189081,1,81.937,1b,93.936,150-321,Yes,150;159;206;282;316;320;321
AB189082,1,80.975,1b,93.222,150-321,Yes,150;159;206;282;316;320;321
AB189083,1,80.737,1b,92.985,150-321,Yes,150;159;206;282;316;320;321
AB189084,1,81.153,1b,94.233,150-321,Yes,150;159;206;282;316;320;321
AB189088,1,81.105,1b,92.509,150-321,Yes,150;159;206;282;316;320;321
AB189089,1,81.165,1b,91.974,150-321,Yes,150;159;206;282;316;320;321
AB189090,1,81.213,1b,93.520,150-321,Yes,150;159;206;282;316;320;321
AB189091,1,81.094,1b,93.163,150-321,Yes,150;159;206;282;316;320;321
AB189092,1,80.856,1b,92.687,150-321,Yes,150;159;206;282;316;320;321
AB189093,1,80.797,1b,92.509,150-321,Yes,150;159;206;282;316;320;321
AB189094,1,82.640,1b,93.044,150-321,Yes,150;159;206;282;316;320;321
AB189095,1,82.521,1b,92.925,150-321,Yes,150;159;206;282;316;320;321
AB189096,1,81.391,1b,92.985,150-321,Yes,150;159;206;282;316;320;321
AB189098,1,81.046,1b,92.449,150-321,Yes,150;159;206;282;316;320;321
AB189099,1,81.272,1b,93.460,150-321,Yes,150;159;206;282;316;320;321
AB189100,1,81.213,1b,94.174,150-321,Yes,150;159;206;282;316;320;321
AB189101,1,81.343,1b,92.568,150-321,Yes,150;159;206;282;316;320;321
AB189102,1,81.402,1b,92.628,150-321,Yes,150;159;206;282;316;320;321
AB189103,1,81.094,1b,92.747,150-321,Yes,150;159;206;282;316;320;321
AB189104,1,81.094,1b,92.747,150-321,Yes,150;159;206;282;316;320;321
AB189105,1,81.094,1b,93.698,150-321,Yes,150;159;206;282;316;320;321
AB189106,1,81.391,1b,93.520,150-321,Yes,150;159;206;282;316;320;321
AB189107,1,81.688,1b,93.222,150-321,Yes,150;159;206;282;316;320;321
AB189108,1,81.748,1b,93.460,150-321,Yes,150;159;206;282;316;320;321
AB207786,1,81.418,1b,92.809,150-321,Yes,150;159;206;282;316;320;321
AB207787,1,81.705,1b,93.097,150-321,Yes,150;159;206;282;316;320;321
AB207788,1,82.546,1b,93.384,150-321,Yes,150;159;206;282;316;320;321
AB207789,1,82.353,1b,93.480,150-321,Yes,150;159;206;282;316;320;321
AB207790,1,81.292,1b,92.234,150-321,Yes,150;159;206;282;316;320;321
AB207791,1,81.592,1b,92.809,150-321,Yes,150;159;206;282;316;320;321
AB207792,1,81.592,1b,92.809,150-321,Yes,150;159;206;282;316;320;321
AB207793,1,82.722,1b,92.042,150-321,Yes,150;159;206;282;316;320;321
AB207794,1,81.757,1b,92.809,150-321,Yes,150;159;206;282;316;320;321
AB207795,1,81.757,1b,93.001,150-321,Yes,150;159;206;282;316;320;321
AB207796,1,80.920,1b,92.905,150-321,Yes,150;159;206;282;316;320;321
AB207797,1,80.825,1b,93.001,150-321,Yes,150;159;206;282;316;320;321
AB207798,1,81.975,1b,92.713,150-321,Yes,150;159;206;282;316;320;321
AB207799,1,82.263,1b,93.001,150-321,Yes,150;159;206;282;316;320;321
AB207800,1,81.208,1b,92.905,150-321,Yes,150;159;206;282;316;320;321
AB207801,1,81.496,1b,93.097,150-321,Yes,150;159;206;282;316;320;321
AB661394,2,80.995,2b,95.833,150-321,Yes,150;159;206;282;316;320;321
AF046866,3,95.824,3a,94.250,150-321,Yes,150;159;206;282;316;320;321
AF064490,5,92.607,5a,100.000,150-321,Yes,150;159;206;282;316;320;321
AF165045,1,81.321,1b,91.648,150-321,Yes,150;159;206;282;316;320;321
AF165046,1,81.208,1b,91.591,150-321,Yes,150;159;206;282;316;320;321
AF165047,1,81.603,1b,93.567,150-321,Yes,150;159;206;282;316;320;321
AF165048,1,81.716,1b,93.510,150-321,Yes,150;159;206;282;316;320;321
AF165049,1,81.659,1b,94.131,150-321,Yes,150;159;206;282;316;320;321
AF165050,1,81.095,1b,93.623,150-321,Yes,150;159;206;282;316;320;321
AF165051,1,81.049,1b,93.288,150-321,Yes,150;159;206;282;316;320;321
AF165052,1,80.880,1b,93.401,150-321,Yes,150;159;206;282;316;320;321
AF165053,1,81.726,1b,92.499,150-321,Yes,150;159;206;282;316;320;321
AF165054,1,81.895,1b,92.837,150-321,Yes,150;159;206;282;316;320;321
AF165055,1,81.377,1b,93.228,150-321,Yes,150;159;206;282;316;320;321
AF165056,1,81.772,1b,93.228,150-321,Yes,150;159;206;282;316;320;321
AF165057,1,81.603,1b,94.865,150-321,Yes,150;159;206;282;316;320;321
AF165058,1,81.433,1b,94.357,150-321,Yes,150;159;206;282;316;320;321
AF165059,1,81.839,1b,94.977,150-321,Yes,150;159;206;282;316;320;321
AF165060,1,81.782,1b,94.865,150-321,Yes,150;159;206;282;316;320;321
AF165061,1,81.669,1b,93.965,150-321,Yes,150;159;206;282;316;320;321
AF165062,1,82.064,1b,94.416,150-321,Yes,150;159;206;282;316;320;321
AF165063,1,81.808,1b,92.873,150-321,Yes,150;159;206;282;316;320;321
AF165064,1,81.751,1b,92.930,150-321,Yes,150;159;206;282;316;320;321
AF169003,2,93.119,2a,93.860,150-321,Yes,150;159;206;282;316;320;321
AF169005,2,93.288,2a,93.860,150-321,Yes,150;159;206;282;316;320;321
AF177036,2,100.000,2a,96.316,150-321,Yes,150;159;206;282;316;320;321
AF207752,1,80.982,1b,94.074,150-321,Yes,150;159;206;282;316;320;321
AF207753,1,82.223,1b,94.639,150-321,Yes,150;159;206;282;316;320;321
AF207754,1,81.716,1b,94.473,150-321,Yes,150;159;206;282;316;320;321
AF207755,1,81.095,1b,91.366,150-321,Yes,150;159;206;282;316;320;321
AF207756,1,81.500,1b,94.867,150-321,Yes,150;159;206;282;316;320;321
AF207757,1,81.998,1b,92.889,150-321,Yes,150;159;206;282;316;320;321
AF207758,1,81.490,1b,94.811,150-321,Yes,150;159;206;282;316;320;321
AF207759,1,81.782,1b,93.796,150-321,Yes,150;159;206;282;316;320;321
AF207760,1,82.008,1b,92.946,150-321,Yes,150;159;206;282;316;320;321
AF207761,1,81.700,1b,93.063,150-321,Yes,150;159;206;282;316;320;321
AF207762,1,80.869,1b,92.946,150-321,Yes,150;159;206;282;316;320;321
AF207763,1,81.603,1b,93.567,150-321,Yes,150;159;206;282;316;320;321
AF207764,1,81.772,1b,92.720,150-321,Yes,150;159;206;282;316;320;321
AF207765,1,81.218,1b,93.962,150-321,Yes,150;159;206;282;316;320;321
AF207766,1,81.659,1b,93.852,150-321,Yes,150;159;206;282;316;320;321
AF207767,1,81.839,1b,94.300,150-321,Yes,150;159;206;282;316;320;321
AF207768,1,81.772,1b,91.817,150-321,Yes,150;159;206;282;316;320;321
AF207769,1,81.772,1b,92.950,150-321,Yes,150;159;206;282;316;320;321
AF207770,1,81.500,1b,94.078,150-321,Yes,150;159;206;282;316;320;321
AF207771,1,82.054,1b,92.494,150-321,Yes,150;159;206;282;316;320;321
AF207772,1,82.449,1b,93.965,150-321,Yes,150;159;206;282;316;320;321
AF207773,1,81.275,1b,92.499,150-321,Yes,150;159;206;282;316;320;321
AF207774,1,81.951,1b,95.037,150-321,Yes,150;159;206;282;316;320;321
AF208024,1,81.998,1b,93.341,150-321,Yes,150;159;206;282;316;320;321
AF238481,2,93.228,2a,94.444,150-321,Yes,150;159;206;282;316;320;321
AF238482,2,93.401,2a,94.737,150-321,Yes,150;159;206;282;316;320;321
AF238483,2,93.739,2a,94.269,150-321,Yes,150;159;206;282;316;320;321
AF238484,2,93.510,2a,95.029,150-321,Yes,150;159;206;282;316;320;321
AF238485,2,93.175,2a,93.801,150-321,Yes,150;159;206;282;316;320;321
AJ851228,1,83.023,1d,84.320,150-321,Yes,150;159;206;282;316;320;321
AM408911,5,78.970,5a,78.558,150-321,Yes,150;159;206;282;316;320;321
AM910652,1,82.413,1g,100.000,150-321,Yes,150;159;206;282;316;320;321
AY051292,1,82.694,1c,100.000,150-321,Yes,150;159;206;282;316;320;321
AY651061,1,82.714,1c,95.485,150-321,Yes,150;159;206;282;316;320;321
AY859526,6,83.840,6a,100.000,150-321,Yes,150;159;206;282;316;320;321
AY878650,6,75.647,6xj,92.982,150-321,Yes,150;159;206;282;316;320;321
AY878651,6,75.507,6xj,94.211,150-321,Yes,150;159;206;282;316;320;321
AY878652,6,75.647,6n,99.829,150-321,Yes,150;159;206;282;316;320;321
AY956463,1,94.308,1a,93.880,150-321,Yes,150;159;206;282;316;320;321
AY956464,1,94.452,1a,93.883,150-321,Yes,150;159;206;282;316;320;321
AY956467,3,94.620,3a,93.879,150-321,Yes,150;159;206;282;316;320;321
AY956468,1,93.449,1a,92.873,150-321,Yes,150;159;206;282;316;320;321
AY956469,1,94.097,1a,93.599,150-321,Yes,150;159;206;282;316;320;321
GU451218,1,81.669,1b,92.664,150-321,Yes,150;159;206;282;316;320;321
GU451219,1,81.951,1b,93.115,150-321,Yes,150;159;206;282;316;320;321
GU451220,1,81.321,1b,92.720,150-321,Yes,150;159;206;282;316;320;321
GU451221,1,81.951,1b,93.341,150-321,Yes,150;159;206;282;316;320;321
GU451222,1,81.885,1b,93.172,150-321,Yes,150;159;206;282;316;320;321
GU451223,1,81.557,1b,93.905,150-321,Yes,150;159;206;282;316;320;321
GU451224,1,82.223,1b,93.345,150-321,Yes,150;159;206;282;316;320;321
GU814263,3,96.727,3a,94.645,150-321,Yes,150;159;206;282;316;320;321
GU814265,4,98.591,4a,98.591,150-321,Yes,150;159;206;282;316;320;321
HM566120,4,92.321,4a,92.321,150-321,Yes,150;159;206;282;316;320;321
HM566121,5,92.260,5a,92.086,150-321,Yes,150;159;206;282;316;320;321
HM746802,1,97.226,1a,96.515,150-321,Yes,150;159;206;282;316;320;321
HM746803,1,96.906,1a,96.187,150-321,Yes,150;159;206;282;316;320;321
HM746804,1,92.616,1a,91.983,150-321,Yes,150;159;206;282;316;320;321
HM746809,1,94.214,1a,93.643,150-321,Yes,150;159;206;282;316;320;321
HM746810,1,93.989,1a,93.494,150-321,Yes,150;159;206;282;316;320;321
HM746811,1,94.329,1a,93.772,150-321,Yes,150;159;206;282;316;320;321
HM746812,1,93.961,1a,93.399,150-321,Yes,150;159;206;282;316;320;321
HM746818,1,81.367,1b,91.931,150-321,Yes,150;159;206;282;316;320;321
HM746819,1,82.349,1b,92.546,150-321,Yes,150;159;206;282;316;320;321
HM746820,1,81.341,1b,93.236,150-321,Yes,150;159;206;282;316;320;321
HM746822,1,81.700,1b,93.032,150-321,Yes,150;159;206;282;316;320;321
HM746823,1,80.899,1b,92.767,150-321,Yes,150;159;206;282;316;320;321
HM746824,1,80.750,1b,92.711,150-321,Yes,150;159;206;282;316;320;321
HM746825,1,80.626,1b,92.649,150-321,Yes,150;159;206;282;316;320;321
HM746826,1,80.626,1b,92.644,150-321,Yes,150;159;206;282;316;320;321
HM746827,1,81.505,1b,92.124,150-321,Yes,150;159;206;282;316;320;321
HM746828,1,81.531,1b,92.065,150-321,Yes,150;159;206;282;316;320;321
HM746829,1,81.940,1b,92.762,150-321,Yes,150;159;206;282;316;320;321
HM746830,1,82.191,1b,93.216,150-321,Yes,150;159;206;282;316;320;321
HM746831,1,80.534,1b,92.762,150-321,Yes,150;159;206;282;316;320;321
HM746832,1,80.661,1b,92.897,150-321,Yes,150;159;206;282;316;320;321
HM746833,1,81.562,1b,92.611,150-321,Yes,150;159;206;282;316;320;321
HM746836,1,81.531,1b,93.820,150-321,Yes,150;159;206;282;316;320;321
HM746838,1,81.382,1b,93.583,150-321,Yes,150;159;206;282;316;320;321
HM746839,1,81.312,1b,93.583,150-321,Yes,150;159;206;282;316;320;321
HM746841,1,81.083,1b,92.475,150-321,Yes,150;159;206;282;316;320;321
HQ229373,3,94.822,3a,92.084,150-321,Yes,150;159;206;282;316;320;321
HQ229425,2,92.818,2a,93.370,150-321,Yes,150;159;206;282;316;320;321
HQ450380,6,74.085,6u,92.387,150-321,Yes,150;159;206;282;316;320;321
HQ537007,1,80.047,1e,81.206,150-321,Yes,150;159;206;282;316;320;321
HQ537008,4,83.413,4v,95.247,150-321,Yes,150;159;206;282;316;320;321
HQ537009,4,84.251,4v,100.000,150-321,Yes,150;159;206;282;316;320;321
HQ738645,3,93.514,3a,92.668,150-321,Yes,150;159;206;282;316;320;321
HQ850278,1,95.290,1a,94.543,150-321,Yes,150;159;206;282;316;320;321
HQ850279,1,94.945,1a,94.314,150-321,Yes,150;159;206;282;316;320;321
HQ850280,1,97.702,1a,96.898,150-321,Yes,150;159;206;282;316;320;321
HQ850281,1,94.515,1a,94.284,150-321,Yes,150;159;206;282;316;320;321
HQ850282,1,96.390,1a,95.657,150-321,Yes,150;159;206;282;316;320;321
HQ850284,1,94.921,1a,94.470,150-321,Yes,150;159;206;282;316;320;321
HQ850285,1,97.575,1a,97.236,150-321,Yes,150;159;206;282;316;320;321
HQ850286,1,94.924,1a,94.473,150-321,Yes,150;159;206;282;316;320;321
HQ850287,1,96.332,1a,95.485,150-321,Yes,150;159;206;282;316;320;321
HQ850288,1,96.334,1a,95.713,150-321,Yes,150;159;206;282;316;320;321
HQ850289,1,93.965,1a,93.570,150-321,Yes,150;159;206;282;316;320;321
HQ850290,1,95.993,1a,95.655,150-321,Yes,150;159;206;282;316;320;321
HQ908282,1,80.730,1b,92.044,150-321,Yes,150;159;206;282;316;320;321
HQ908283,1,80.657,1b,92.044,150-321,Yes,150;159;206;282;316;320;321
HQ908284,1,80.803,1b,92.044,150-321,Yes,150;159;206;282;316;320;321
HQ908285,1,80.730,1b,91.898,150-321,Yes,150;159;206;282;316;320;321
HQ908286,1,79.752,1b,91.241,150-321,Yes,150;159;206;282;316;320;321
HQ908287,1,81.679,1b,92.774,150-321,Yes,150;159;206;282;316;320;321
HQ908288,1,81.314,1b,91.679,150-321,Yes,150;159;206;282;316;320;321
HQ908289,1,80.876,1b,92.044,150-321,Yes,150;159;206;282;316;320;321
HQ908290,1,80.730,1b,92.701,150-321,Yes,150;159;206;282;316;320;321
HQ908291,1,80.584,1b,92.409,150-321,Yes,150;159;206;282;316;320;321
HQ908292,1,81.241,1b,92.263,150-321,Yes,150;159;206;282;316;320;321
HQ908293,1,80.803,1b,92.263,150-321,Yes,150;159;206;282;316;320;321
HQ908294,1,80.949,1b,92.190,150-321,Yes,150;159;206;282;316;320;321
HQ908295,1,81.752,1b,91.606,150-321,Yes,150;159;206;282;316;320;321
HQ908296,1,80.365,1b,91.825,150-321,Yes,150;159;206;282;316;320;321
HQ908297,1,81.387,1b,92.409,150-321,Yes,150;159;206;282;316;320;321
HQ908298,1,81.022,1b,92.482,150-321,Yes,150;159;206;282;316;320;321
HQ908299,1,81.095,1b,92.044,150-321,Yes,150;159;206;282;316;320;321
HQ908300,1,81.387,1b,92.482,150-321,Yes,150;159;206;282;316;320;321
HQ908301,1,80.949,1b,92.190,150-321,Yes,150;159;206;282;316;320;321
HQ908302,1,80.511,1b,91.825,150-321,Yes,150;159;206;282;316;320;321
HQ908303,1,81.095,1b,91.898,150-321,Yes,150;159;206;282;316;320;321
HQ908304,1,80.876,1b,92.482,150-321,Yes,150;159;206;282;316;320;321
HQ908305,1,80.730,1b,92.482,150-321,Yes,150;159;206;282;316;320;321
HQ908306,1,80.511,1b,91.606,150-321,Yes,150;159;206;282;316;320;321
HQ908307,1,80.949,1b,92.701,150-321,Yes,150;159;206;282;316;320;321
HQ908308,1,80.657,1b,92.847,150-321,Yes,150;159;206;282;316;320;321
HQ908309,1,81.792,1b,92.701,150-321,Yes,150;159;206;282;316;320;321
HQ908310,1,81.241,1b,92.555,150-321,Yes,150;159;206;282;316;320;321
HQ908311,1,81.168,1b,92.190,150-321,Yes,150;159;206;282;316;320;321
HQ908312,1,80.949,1b,92.482,150-321,Yes,150;159;206;282;316;320;321
HQ908313,1,81.095,1b,92.701,150-321,Yes,150;159;206;282;316;320;321
HQ908314,1,81.168,1b,92.847,150-321,Yes,150;159;206;282;316;320;321
HQ908315,1,80.803,1b,92.482,150-321,Yes,150;159;206;282;316;320;321
HQ908316,1,81.022,1b,91.971,150-321,Yes,150;159;206;282;316;320;321
HQ908317,1,80.876,1b,92.774,150-321,Yes,150;159;206;282;316;320;321
HQ908318,1,80.803,1b,91.752,150-321,Yes,150;159;206;282;316;320;321
HQ908319,1,80.657,1b,91.971,150-321,Yes,150;159;206;282;316;320;321
HQ908320,1,81.387,1b,93.212,150-321,Yes,150;159;206;282;316;320;321
HQ908321,1,81.095,1b,92.628,150-321,Yes,150;159;206;282;316;320;321
HQ908322,1,81.241,1b,92.701,150-321,Yes,150;159;206;282;316;320;321
HQ908323,1,80.073,1b,91.606,150-321,Yes,150;159;206;282;316;320;321
HQ908324,1,81.533,1b,92.628,150-321,Yes,150;159;206;282;316;320;321
HQ908325,1,81.022,1b,92.336,150-321,Yes,150;159;206;282;316;320;321
HQ908326,1,80.803,1b,91.898,150-321,Yes,150;159;206;282;316;320;321
HQ908327,1,81.241,1b,92.774,150-321,Yes,150;159;206;282;316;320;321
HQ908328,1,81.168,1b,93.066,150-321,Yes,150;159;206;282;316;320;321
HQ908329,1,80.657,1b,93.066,150-321,Yes,150;159;206;282;316;320;321
HQ908330,1,81.825,1b,93.650,150-321,Yes,150;159;206;282;316;320;321
HQ908331,1,81.679,1b,93.285,150-321,Yes,150;159;206;282;316;320;321
HQ908332,1,81.533,1b,92.920,150-321,Yes,150;159;206;282;316;320;321
HQ908333,1,82.044,1b,93.285,150-321,Yes,150;159;206;282;316;320;321
HQ908334,1,81.533,1b,93.358,150-321,Yes,150;159;206;282;316;320;321
HQ908335,1,81.898,1b,92.701,150-321,Yes,150;159;206;282;316;320;321
HQ908336,1,80.730,1b,93.212,150-321,Yes,150;159;206;282;316;320;321
HQ908337,1,81.241,1b,92.993,150-321,Yes,150;159;206;282;316;320;321
HQ908338,1,80.803,1b,92.555,150-321,Yes,150;159;206;282;316;320;321
HQ908339,1,81.095,1b,92.263,150-321,Yes,150;159;206;282;316;320;321
HQ908340,1,80.876,1b,93.285,150-321,Yes,150;159;206;282;316;320;321
HQ908341,1,80.657,1b,92.117,150-321,Yes,150;159;206;282;316;320;321
HQ908342,1,81.314,1b,92.409,150-321,Yes,150;159;206;282;316;320;321
HQ908343,1,82.117,1b,93.358,150-321,Yes,150;159;206;282;316;320;321
HQ908344,1,81.168,1b,93.650,150-321,Yes,150;159;206;282;316;320;321
HQ908345,1,81.752,1b,93.650,150-321,Yes,150;159;206;282;316;320;321
HQ908346,1,81.022,1b,92.847,150-321,Yes,150;159;206;282;316;320;321
HQ908347,1,80.949,1b,93.212,150-321,Yes,150;159;206;282;316;320;321
HQ908348,1,80.803,1b,92.774,150-321,Yes,150;159;206;282;316;320;321
HQ908349,1,81.387,1b,93.723,150-321,Yes,150;159;206;282;316;320;321
HQ908350,1,81.168,1b,93.504,150-321,Yes,150;159;206;282;316;320;321
HQ908351,1,81.971,1b,92.774,150-321,Yes,150;159;206;282;316;320;321
HQ908352,1,80.949,1b,92.482,150-321,Yes,150;159;206;282;316;320;321
HQ908353,1,81.387,1b,93.650,150-321,Yes,150;159;206;282;316;320;321
HQ908354,1,80.803,1b,92.482,150-321,Yes,150;159;206;282;316;320;321
HQ908355,1,81.314,1b,93.431,150-321,Yes,150;159;206;282;316;320;321
HQ908356,1,81.460,1b,93.212,150-321,Yes,150;159;206;282;316;320;321
HQ908357,1,81.752,1b,92.628,150-321,Yes,150;159;206;282;316;320;321
HQ908358,1,80.876,1b,93.577,150-321,Yes,150;159;206;282;316;320;321
HQ908359,1,81.095,1b,92.482,150-321,Yes,150;159;206;282;316;320;321
HQ912953,3,95.937,3a,94.021,150-321,Yes,150;159;206;282;316;320;321
HQ912954,6,83.052,6a,96.023,150-321,Yes,150;159;206;282;316;320;321
HQ912955,6,83.164,6a,96.842,150-321,Yes,150;159;206;282;316;320;321
JF509176,3,94.204,3a,92.676,150-321,Yes,150;159;206;282;316;320;321
JF735121,3,76.180,3h,100.000,150-321,Yes,150;159;206;282;316;320;321
JF735122,3,79.301,3k,100.000,150-321,Yes,150;159;206;282;316;320;321
JF735123,3,82.854,3g,100.000,150-321,Yes,150;159;206;282;316;320;321
JF735126,3,76.348,3h,94.324,150-321,Yes,150;159;206;282;316;320;321
JF735127,4,81.145,4b,87.662,150-321,Yes,150;159;206;282;316;320;321
JF735132,4,83.596,4p,85.336,150-321,Yes,150;159;206;282;316;320;321
JF735133,4,83.831,4v,93.739,150-321,Yes,150;159;206;282;316;320;321
JF735134,4,81.282,4b,85.746,150-321,Yes,150;159;206;282;316;320;321
JF735135,4,87.599,4c,90.468,150-321,Yes,150;159;206;282;316;320;321
JF735136,4,83.727,4s,100.000,150-321,Yes,150;159;206;282;316;320;321
JF735137,4,91.094,4a,91.094,150-321,Yes,150;159;206;282;316;320;321
JF735138,4,79.820,4b,86.400,150-321,Yes,150;159;206;282;316;320;321
JN377747,1,81.241,1b,92.847,150-321,Yes,150;159;206;282;316;320;321
JN377748,1,81.387,1b,92.409,150-321,Yes,150;159;206;282;316;320;321
JN377749,1,81.460,1b,92.555,150-321,Yes,150;159;206;282;316;320;321
JN377750,1,80.949,1b,92.190,150-321,Yes,150;159;206;282;316;320;321
JN377751,1,80.146,1b,91.679,150-321,Yes,150;159;206;282;316;320;321
JN377752,1,80.657,1b,91.460,150-321,Yes,150;159;206;282;316;320;321
JN377753,1,81.314,1b,92.117,150-321,Yes,150;159;206;282;316;320;321
JN377754,1,81.241,1b,92.190,150-321,Yes,150;159;206;282;316;320;321
JN377755,1,81.022,1b,92.263,150-321,Yes,150;159;206;282;316;320;321
JN377756,1,81.022,1b,91.971,150-321,Yes,150;159;206;282;316;320;321
JN377757,1,80.146,1b,91.679,150-321,Yes,150;159;206;282;316;320;321
JN377758,1,80.584,1b,92.701,150-321,Yes,150;159;206;282;316;320;321
JN377759,1,81.533,1b,93.066,150-321,Yes,150;159;206;282;316;320;321
JN377760,1,81.241,1b,92.482,150-321,Yes,150;159;206;282;316;320;321
JN377761,1,80.365,1b,92.263,150-321,Yes,150;159;206;282;316;320;321
JN377762,1,81.314,1b,92.847,150-321,Yes,150;159;206;282;316;320;321
JN377763,1,81.241,1b,91.387,150-321,Yes,150;159;206;282;316;320;321
JN377764,1,81.387,1b,92.336,150-321,Yes,150;159;206;282;316;320;321
JN377765,1,81.314,1b,92.555,150-321,Yes,150;159;206;282;316;320;321
JN377766,1,81.022,1b,92.263,150-321,Yes,150;159;206;282;316;320;321
JN377767,1,81.971,1b,92.847,150-321,Yes,150;159;206;282;316;320;321
JN377768,1,81.095,1b,92.336,150-321,Yes,150;159;206;282;316;320;321
JN377769,1,80.949,1b,92.555,150-321,Yes,150;159;206;282;316;320;321
JN377770,1,80.730,1b,92.044,150-321,Yes,150;159;206;282;316;320;321
JN377771,1,81.075,1b,92.489,150-321,Yes,150;159;206;282;316;320;321
JN377772,1,81.241,1b,92.336,150-321,Yes,150;159;206;282;316;320;321
JN377773,1,81.095,1b,92.847,150-321,Yes,150;159;206;282;316;320;321
JN377774,1,81.241,1b,92.847,150-321,Yes,150;159;206;282;316;320;321
JN377775,1,81.606,1b,93.358,150-321,Yes,150;159;206;282;316;320;321
JN377776,1,81.241,1b,93.212,150-321,Yes,150;159;206;282;316;320;321
JN377777,1,81.533,1b,92.263,150-321,Yes,150;159;206;282;316;320;321
JN377778,1,80.803,1b,91.971,150-321,Yes,150;159;206;282;316;320;321
JN377779,1,81.460,1b,93.212,150-321,Yes,150;159;206;282;316;320;321
JN377780,1,81.022,1b,92.190,150-321,Yes,150;159;206;282;316;320;321
JN377781,1,80.876,1b,93.139,150-321,Yes,150;159;206;282;316;320;321
JN588558,3,92.937,3a,90.527,150-321,Yes,150;159;206;282;316;320;321
JN714194,3,93.341,3a,92.390,150-321,Yes,150;159;206;282;316;320;321
JQ065709,3,82.957,3b,92.047,150-321,Yes,150;159;206;282;316;320;321
JQ717254,3,95.203,3a,93.405,150-321,Yes,150;159;206;282;316;320;321
JQ717255,3,93.284,3a,92.165,150-321,Yes,150;159;206;282;316;320;321
JQ717256,3,93.567,3a,92.559,150-321,Yes,150;159;206;282;316;320;321
JQ717257,3,93.284,3a,91.939,150-321,Yes,150;159;206;282;316;320;321
JQ717258,3,93.115,3a,92.954,150-321,Yes,150;159;206;282;316;320;321
JQ717259,3,94.131,3a,93.179,150-321,Yes,150;159;206;282;316;320;321
JQ717260,3,93.115,3a,92.221,150-321,Yes,150;159;206;282;316;320;321
PX290144,4,82.964,4f,93.662,150-321,Yes,150;159;206;282;316;320;321
PX376056,1,82.645,1l,95.396,150-321,Yes,150;159;206;282;316;320;321
PX386717,3,94.357,3a,93.405,150-321,Yes,150;159;206;282;316;320;321
PX386719,3,94.865,3a,93.292,150-321,Yes,150;159;206;282;316;320;321
PX386721,1,82.177,1b,93.852,150-321,Yes,150;159;206;282;316;320;321
PX386722,3,93.962,3a,93.517,150-321,Yes,150;159;206;282;316;320;321
PX386723,3,95.372,3a,93.630,150-321,Yes,150;159;206;282;316;320;321
PX386724,1,92.765,1a,92.353,150-321,Yes,150;159;206;282;316;320;321
PX386730,3,93.962,3a,92.728,150-321,Yes,150;159;206;282;316;320;321
PX386731,1,80.767,1b,91.878,150-321,Yes,150;159;206;282;316;320;321
PX386732,3,92.724,3a,91.427,150-321,Yes,150;159;206;282;316;320;321
PX386733,3,94.074,3a,93.345,150-321,Yes,150;159;206;282;316;320;321
PX386734,3,94.808,3a,93.517,150-321,Yes,150;159;206;282;316;320;321
PX386737,1,93.540,1a,92.981,150-321,Yes,150;159;206;282;316;320;321
PX386738,3,94.639,3a,93.067,150-321,Yes,150;159;206;282;316;320;321
PX386741,3,93.965,3a,92.781,150-321,Yes,150;159;206;282;316;320;321
PX386742,3,93.115,3a,92.277,150-321,Yes,150;159;206;282;316;320;321
PX386743,1,81.895,1b,92.664,150-321,Yes,150;159;206;282;316;320;321
PX386744,3,94.360,3a,93.514,150-321,Yes,150;159;206;282;316;320;321
PX386745,1,91.158,1a,90.535,150-321,Yes,150;159;206;282;316;320;321
PX386746,1,82.018,1b,92.099,150-321,Yes,150;159;206;282;316;320;321
PX386748,1,93.457,1a,92.724,150-321,Yes,150;159;206;282;316;320;321
PX386749,3,94.416,3a,93.627,150-321,Yes,150;159;206;282;316;320;321
PX386751,3,94.224,3a,92.498,150-321,Yes,150;159;206;282;316;320;321
PX386753,3,94.244,3a,93.405,150-321,Yes,150;159;206;282;316;320;321
PX386754,1,93.831,1a,93.605,150-321,Yes,150;159;206;282;316;320;321
PX386759,3,94.018,3a,93.348,150-321,Yes,150;159;206;282;316;320;321
PX386762,3,93.514,3a,92.329,150-321,Yes,150;159;206;282;316;320;321
PX386764,1,92.877,1a,92.029,150-321,Yes,150;159;206;282;316;320;321
PX386765,1,96.275,1a,95.824,150-321,Yes,150;159;206;282;316;320;321
PX386769,1,92.967,1a,92.513,150-321,Yes,150;159;206;282;316;320;321
PX386770,1,95.534,1a,94.969,150-321,Yes,150;159;206;282;316;320;321
PX386771,3,94.867,3a,93.739,150-321,Yes,150;159;206;282;316;320;321
PX386772,3,94.642,3a,93.119,150-321,Yes,150;159;206;282;316;320;321
PX386773,3,93.341,3a,92.390,150-321,Yes,150;159;206;282;316;320;321
PX386774,1,94.010,1a,94.093,191-321,,206;282;316;320;321
PX386775,1,93.514,1a,92.611,150-321,Yes,150;159;206;282;316;320;321
PX386776,3,94.413,3a,93.461,150-321,Yes,150;159;206;282;316;320;321
PX386778,1,82.131,1b,92.728,150-321,Yes,150;159;206;282;316;320;321
PX386779,1,95.713,1a,95.037,150-321,Yes,150;159;206;282;316;320;321
PX386780,1,96.942,1a,96.189,150-321,Yes,150;159;206;282;316;320;321
PX386781,3,94.074,3a,93.292,150-321,Yes,150;159;206;282;316;320;321
PX386782,1,94.247,1a,93.570,150-321,Yes,150;159;206;282;316;320;321
PX386784,1,95.460,1a,94.870,150-321,Yes,150;159;206;282;316;320;321
PX386785,1,80.199,1b,91.993,150-321,Yes,150;159;206;282;316;320;321
PX386789,1,93.288,1a,92.611,150-321,Yes,150;159;206;282;316;320;321
PX386790,1,81.105,1b,92.551,150-321,Yes,150;159;206;282;316;320;321
PX386792,1,94.867,1a,94.529,150-321,Yes,150;159;206;282;316;320;321
PX386793,1,81.105,1b,92.329,150-321,Yes,150;159;206;282;316;320;321
PX386794,1,93.401,1a,93.063,150-321,Yes,150;159;206;282;316;320;321
PX386797,3,95.316,3a,93.405,150-321,Yes,150;159;206;282;316;320;321
PX386798,1,92.325,1a,91.874,150-321,Yes,150;159;206;282;316;320;321
PX386799,3,94.413,3a,93.348,150-321,Yes,150;159;206;282;316;320;321
PX386803,1,92.993,1a,92.303,150-321,Yes,150;159;206;282;316;320;321
PX386806,1,94.018,1a,93.397,150-321,Yes,150;159;206;282;316;320;321
PX386807,1,93.739,1a,93.457,150-321,Yes,150;159;206;282;316;320;321
PX386808,3,94.811,3a,93.457,150-321,Yes,150;159;206;282;316;320;321
PX386809,3,93.570,3a,92.781,150-321,Yes,150;159;206;282;316;320;321
PX386810,3,93.683,3a,92.724,150-321,Yes,150;159;206;282;316;320;321
PX386812,3,94.808,3a,93.630,150-321,Yes,150;159;206;282;316;320;321
PX386813,1,94.585,1a,94.078,150-321,Yes,150;159;206;282;316;320;321
PX386814,1,95.262,1a,94.924,150-321,Yes,150;159;206;282;316;320;321
PX386815,1,81.726,1b,92.893,150-321,Yes,150;159;206;282;316;320;321
PX386816,1,93.100,1a,92.647,150-321,Yes,150;159;206;282;316;320;321
PX386819,1,93.965,1a,93.457,150-321,Yes,150;159;206;282;316;320;321
PX386820,3,95.149,3a,92.950,150-321,Yes,150;159;206;282;316;320;321
PX386821,3,94.755,3a,94.134,150-321,Yes,150;159;206;282;316;320;321
PX386823,1,92.525,1a,92.072,150-321,Yes,150;159;206;282;316;320;321
PX386825,1,92.950,1a,92.264,150-321,Yes,150;159;206;282;316;320;321
PX386826,2,81.959,2b,93.482,150-321,Yes,150;159;206;282;316;320;321
PX386828,3,93.514,3a,92.837,150-321,Yes,150;159;206;282;316;320;321
PX386829,1,93.796,1a,93.232,150-321,Yes,150;159;206;282;316;320;321
PX386830,3,94.921,3a,93.968,150-321,Yes,150;159;206;282;316;320;321
PX386831,3,94.867,3a,93.965,150-321,Yes,150;159;206;282;316;320;321
PX386834,3,94.977,3a,93.123,150-321,Yes,150;159;206;282;316;320;321
PX386835,3,94.529,3a,93.683,150-321,Yes,150;159;206;282;316;320;321
PX386837,3,94.357,3a,93.348,150-321,Yes,150;159;206;282;316;320;321
PX386839,1,94.526,1a,93.736,150-321,Yes,150;159;206;282;316;320;321
PX386840,1,92.777,1a,92.269,150-321,Yes,150;159;206;282;316;320;321
PX386841,1,93.711,1a,93.201,150-321,Yes,150;159;206;282;316;320;321
PX386843,3,95.147,3a,93.912,150-321,Yes,150;159;206;282;316;320;321
PX386844,3,94.244,3a,93.179,150-321,Yes,150;159;206;282;316;320;321
PX386845,1,93.627,1a,92.950,150-321,Yes,150;159;206;282;316;320;321
PX386846,2,81.097,2b,93.075,150-321,Yes,150;159;206;282;316;320;321
PX386847,3,94.977,3a,94.138,150-321,Yes,150;159;206;282;316;320;321
PX386848,3,93.909,3a,92.442,150-321,Yes,150;159;206;282;316;320;321
PX386850,3,93.228,3a,91.601,150-321,Yes,150;159;206;282;316;320;321
PX386851,1,94.234,1a,93.612,150-321,Yes,150;159;206;282;316;320;321
PX386852,1,94.847,1a,94.904,150-321,Yes,150;159;206;282;316;320;321
PX386854,3,94.413,3a,93.348,150-321,Yes,150;159;206;282;316;320;321
PX386855,1,89.103,1a,88.605,150-321,Yes,150;159;206;282;316;320;321
PX386856,1,93.909,1a,93.514,150-321,Yes,150;159;206;282;316;320;321
PX386857,1,79.859,1b,90.311,150-321,Yes,150;159;206;282;316;320;321
PX386859,3,93.059,3a,92.165,150-321,Yes,150;159;206;282;316;320;321
PX386860,3,94.582,3a,93.348,150-321,Yes,150;159;206;282;316;320;321
PX386861,1,95.243,1a,94.904,150-321,Yes,150;159;206;282;316;320;321
PX386863,3,95.711,3a,93.799,150-321,Yes,150;159;206;282;316;320;321
PX386864,1,94.585,1a,94.078,150-321,Yes,150;159;206;282;316;320;321
PX386865,3,94.526,3a,93.630,150-321,Yes,150;159;206;282;316;320;321
PX386867,1,94.838,1a,94.214,150-321,Yes,150;159;206;282;316;320;321
PX386872,3,95.037,3a,94.134,150-321,Yes,150;159;206;282;316;320;321
PX386874,3,92.160,3a,91.483,150-321,Yes,150;159;206;282;316;320;321
PX386875,1,93.739,1a,93.232,150-321,Yes,150;159;206;282;316;320;321
PX386876,3,94.413,3a,92.559,150-321,Yes,150;159;206;282;316;320;321
PX386878,1,93.407,1a,92.796,150-321,Yes,150;159;206;282;316;320;321
PX386879,1,95.149,1a,94.529,150-321,Yes,150;159;206;282;316;320;321
PX386880,3,94.698,3a,93.401,150-321,Yes,150;159;206;282;316;320;321
PX386882,1,81.206,1b,92.272,150-321,Yes,150;159;206;282;316;320;321
PX386883,3,94.187,3a,93.010,150-321,Yes,150;159;206;282;316;320;321
PX386884,3,94.585,3a,93.457,150-321,Yes,150;159;206;282;316;320;321
PX386885,1,81.958,1b,92.276,150-321,Yes,150;159;206;282;316;320;321
PX386887,3,92.381,3a,91.488,150-321,Yes,150;159;206;282;316;320;321
PX386888,3,93.776,3a,92.077,150-321,Yes,150;159;206;282;316;320;321
PX386891,1,93.401,1a,92.611,150-321,Yes,150;159;206;282;316;320;321
PX386892,1,81.717,1b,92.534,150-321,Yes,150;159;206;282;316;320;321
PX386893,3,94.921,3a,94.081,150-321,Yes,150;159;206;282;316;320;321
PX386894,1,93.103,1a,92.595,150-321,Yes,150;159;206;282;316;320;321
PX386896,3,94.585,3a,93.457,150-321,Yes,150;159;206;282;316;320;321
PX386897,1,94.833,1a,94.187,150-321,Yes,150;159;206;282;316;320;321
PX386898,1,94.372,1a,93.970,150-321,Yes,150;159;206;282;316;320;321
PX386899,3,94.416,3a,93.345,150-321,Yes,150;159;206;282;316;320;321
PX386900,1,93.814,1a,93.242,150-321,Yes,150;159;206;282;316;320;321
PX386901,3,94.585,3a,92.950,150-321,Yes,150;159;206;282;316;320;321
PX386905,3,95.149,3a,93.909,150-321,Yes,150;159;206;282;316;320;321
PX386907,1,93.119,1a,92.611,150-321,Yes,150;159;206;282;316;320;321
PX386908,1,94.303,1a,93.965,150-321,Yes,150;159;206;282;316;320;321
PX386909,1,93.812,1a,93.345,150-321,Yes,150;159;206;282;316;320;321
PX386911,3,95.657,3a,93.852,150-321,Yes,150;159;206;282;316;320;321
PX386913,1,92.132,1a,91.709,197-321,,206;282;316;320;321
PX386915,1,94.725,1a,94.209,150-321,Yes,150;159;206;282;316;320;321
PX386916,3,95.262,3a,93.627,150-321,Yes,150;159;206;282;316;320;321
PX386917,1,94.679,1a,93.927,150-321,Yes,150;159;206;282;316;320;321
PX386918,3,93.623,3a,92.446,150-321,Yes,150;159;206;282;316;320;321
PX386919,3,94.529,3a,93.397,150-321,Yes,150;159;206;282;316;320;321
PX386920,3,94.755,3a,93.965,150-321,Yes,150;159;206;282;316;320;321
PX386921,3,95.037,3a,92.893,150-321,Yes,150;159;206;282;316;320;321
PX386922,1,95.601,1a,94.585,150-321,Yes,150;159;206;282;316;320;321
PX386925,3,94.695,3a,93.517,150-321,Yes,150;159;206;282;316;320;321
PX386927,1,93.397,1a,93.228,150-321,Yes,150;159;206;282;316;320;321
PX386928,3,94.244,3a,93.345,150-321,Yes,150;159;206;282;316;320;321
PX386929,3,94.191,3a,92.950,150-321,Yes,150;159;206;282;316;320;321
PX386930,1,94.124,1a,93.390,150-321,Yes,150;159;206;282;316;320;321
PX386931,1,94.134,1a,94.021,150-321,Yes,150;159;206;282;316;320;321
PX386932,1,95.581,1a,95.241,150-321,Yes,150;159;206;282;316;320;321
PX386933,3,95.034,3a,93.179,150-321,Yes,150;159;206;282;316;320;321
PX386934,3,94.413,3a,93.292,150-321,Yes,150;159;206;282;316;320;321
PX386935,1,93.600,1a,93.247,150-321,Yes,150;159;206;282;316;320;321
PX386937,1,81.623,1b,92.785,150-321,Yes,150;159;206;282;316;320;321
PX386938,1,94.134,1a,93.401,150-321,Yes,150;159;206;282;316;320;321
PX386939,1,95.133,1a,94.844,150-321,Yes,150;159;206;282;316;320;321
PX386942,3,94.244,3a,93.063,150-321,Yes,150;159;206;282;316;320;321
PX386944,1,93.965,1a,93.514,150-321,Yes,150;159;206;282;316;320;321
PX386945,3,92.651,3a,91.598,150-321,Yes,150;159;206;282;316;320;321
PX386946,3,94.865,3a,93.799,150-321,Yes,150;159;206;282;316;320;321
PX386947,1,94.247,1a,93.683,150-321,Yes,150;159;206;282;316;320;321
PX386948,1,95.319,1a,94.191,150-321,Yes,150;159;206;282;316;320;321
PX386949,1,81.457,1b,91.168,150-321,Yes,150;159;206;282;316;320;321
PX386950,3,94.977,3a,93.292,150-321,Yes,150;159;206;282;316;320;321
PX386952,1,93.300,1a,92.680,150-321,Yes,150;159;206;282;316;320;321
PX386953,1,92.986,1a,92.590,150-321,Yes,150;159;206;282;316;320;321
PX386956,2,80.843,2b,93.193,150-321,Yes,150;159;206;282;316;320;321
PX386957,3,94.752,3a,93.799,150-321,Yes,150;159;206;282;316;320;321
PX386958,1,94.360,1a,93.629,150-321,Yes,150;159;206;282;316;320;321
PX386959,3,94.808,3a,93.743,150-321,Yes,150;159;206;282;316;320;321
PX386961,1,81.895,1b,91.540,150-321,Yes,150;159;206;282;316;320;321
PX386962,1,82.310,1l,95.601,150-321,Yes,150;159;206;282;316;320;321
PX386964,1,83.080,1l,94.416,150-321,Yes,150;159;206;282;316;320;321
PX386966,3,83.239,3b,91.991,150-321,Yes,150;159;206;282;316;320;321
PX386969,6,83.380,6a,94.854,150-321,Yes,150;159;206;282;316;320;321
PX386970,3,77.584,3h,83.943,150-321,Yes,150;159;206;282;316;320;321
PX386971,4,87.817,4c,94.755,150-321,Yes,150;159;206;282;316;320;321
PX386972,3,75.998,3h,92.627,150-321,Yes,150;159;206;282;316;320;321
PX386973,3,82.675,3b,91.653,150-321,Yes,150;159;206;282;316;320;321
PX386974,4,82.827,4r,93.909,150-321,Yes,150;159;206;282;316;320;321
PX386975,4,87.937,4c,95.429,150-321,Yes,150;159;206;282;316;320;321
PX386976,4,82.423,4r,93.962,150-321,Yes,150;159;206;282;316;320;321
PX386977,4,82.356,4v,92.555,150-321,Yes,150;159;206;282;316;320;321
PX386978,6,83.164,6a,95.380,150-321,Yes,150;159;206;282;316;320;321
PX386979,6,82.883,6a,94.211,150-321,Yes,150;159;206;282;316;320;321
PX386980,4,84.216,4t,93.627,150-321,Yes,150;159;206;282;316;320;321
PX386981,1,81.726,1g,94.191,150-321,Yes,150;159;206;282;316;320;321
PX386982,1,82.582,1g,94.187,150-321,Yes,150;159;206;282;316;320;321
PX386983,4,84.876,4v,95.485,150-321,Yes,150;159;206;282;316;320;321
PX386984,1,82.817,1l,94.529,150-321,Yes,150;159;206;282;316;320;321
PX386985,1,82.694,1e,93.514,150-321,Yes,150;159;206;282;316;320;321
PX386986,1,84.047,1e,93.852,150-321,Yes,150;159;206;282;316;320;321
PX386989,2,81.273,2b,93.379,150-321,Yes,150;159;206;282;316;320;321
PX386992,1,91.540,1a,91.371,150-321,Yes,150;159;206;282;316;320;321
PX386994,4,90.579,4a,90.579,150-321,Yes,150;159;206;282;316;320;321
PX386995,4,91.761,4a,91.761,150-321,Yes,150;159;206;282;316;320;321
PX386996,4,83.343,4d,94.391,150-321,Yes,150;159;206;282;316;320;321
PX386997,4,83.251,4d,95.037,150-321,Yes,150;159;206;282;316;320;321
PX386998,4,84.759,4d,95.581,150-321,Yes,150;159;206;282;316;320;321
PX386999,4,82.663,4k,93.878,150-321,Yes,150;159;206;282;316;320;321
PX387001,5,92.102,5a,92.330,150-321,Yes,150;159;206;282;316;320;321
PX387002,5,91.761,5a,91.930,150-321,Yes,150;159;206;282;316;320;321
PX387003,1,94.087,1a,93.443,150-321,Yes,150;159;206;282;316;320;321
PX387004,1,93.724,1a,93.089,150-321,Yes,150;159;206;282;316;320;321
PX387005,3,93.852,3a,92.273,150-321,Yes,150;159;206;282;316;320;321
PX387006,1,82.078,1b,91.594,150-321,Yes,150;159;206;282;316;320;321
PX387009,1,91.986,1a,91.591,150-321,Yes,150;159;206;282;316;320;321
PX387010,1,94.296,1a,93.523,150-321,Yes,150;159;206;282;316;320;321
PX387011,1,93.279,1a,92.642,150-321,Yes,150;159;206;282;316;320;321
PX387012,1,95.657,1a,95.544,150-321,Yes,150;159;206;282;316;320;321
PX387013,1,95.995,1a,95.431,150-321,Yes,150;159;206;282;316;320;321
PX387014,1,93.457,1a,92.837,150-321,Yes,150;159;206;282;316;320;321
PX387016,1,93.962,1a,93.905,150-321,Yes,150;159;206;282;316;320;321
PX387017,3,94.752,3a,93.630,150-321,Yes,150;159;206;282;316;320;321
PX387018,1,94.021,1a,93.683,150-321,Yes,150;159;206;282;316;320;321
PX387019,1,93.510,1a,93.679,150-321,Yes,150;159;206;282;316;320;321
PX387020,1,92.273,1a,91.935,150-321,Yes,150;159;206;282;316;320;321
PX387022,1,93.796,1a,93.457,150-321,Yes,150;159;206;282;316;320;321
PX387024,1,93.909,1a,93.570,150-321,Yes,150;159;206;282;316;320;321
PX387026,3,93.739,3a,92.329,150-321,Yes,150;159;206;282;316;320;321
PX387029,1,80.012,1b,91.124,150-321,Yes,150;159;206;282;316;320;321
PX387031,3,93.457,3a,92.047,150-321,Yes,150;159;206;282;316;320;321
PX387032,1,94.924,1a,94.473,150-321,Yes,150;159;206;282;316;320;321
PX387033,1,92.538,1a,91.892,150-321,Yes,150;159;206;282;316;320;321
PX387036,1,81.988,1b,93.665,150-321,Yes,150;159;206;282;316;320;321
PX387037,1,92.442,1a,91.991,150-321,Yes,150;159;206;282;316;320;321
PX387039,3,93.510,3a,92.672,150-321,Yes,150;159;206;282;316;320;321
PX387040,2,79.404,2b,91.304,150-321,Yes,150;159;206;282;316;320;321
PX446232,4,83.324,4f,94.529,150-321,Yes,150;159;206;282;316;320;321
PX459926,1,84.375,1e,94.923,150-321,Yes,150;159;206;282;316;320;321
EU155213,1,94.529,1a,94.134,150-321,Yes,150;159;206;282;316;320;321
EU155214,1,94.698,1a,93.852,150-321,Yes,150;159;206;282;316;320;321
EU155215,1,96.163,1a,95.485,150-321,Yes,150;159;206;282;316;320;321
EU155216,1,96.108,1a,95.713,150-321,Yes,150;159;206;282;316;320;321
EU155217,1,81.669,1b,93.683,150-321,Yes,150;159;206;282;316;320;321
EU155218,1,82.234,1b,93.175,150-321,Yes,150;159;206;282;316;320;321
EU155219,1,82.356,1b,92.946,150-321,Yes,150;159;206;282;316;320;321
EU155220,1,82.864,1b,92.664,150-321,Yes,150;159;206;282;316;320;321
EU155221,1,82.459,1b,93.345,150-321,Yes,150;159;206;282;316;320;321
EU155222,1,81.736,1b,93.067,150-321,Yes,150;159;206;282;316;320;321
EU155223,1,81.998,1b,93.679,150-321,Yes,150;159;206;282;316;320;321
EU155224,1,81.951,1b,93.119,150-321,Yes,150;159;206;282;316;320;321
EU155225,1,81.951,1b,92.893,150-321,Yes,150;159;206;282;316;320;321
EU155226,1,82.177,1b,93.063,150-321,Yes,150;159;206;282;316;320;321
EU155227,1,82.638,1b,93.119,150-321,Yes,150;159;206;282;316;320;321
EU155228,1,82.177,1b,93.288,150-321,Yes,150;159;206;282;316;320;321
EU155229,1,82.459,1b,94.247,150-321,Yes,150;159;206;282;316;320;321
EU155230,1,82.516,1b,93.115,150-321,Yes,150;159;206;282;316;320;321
EU155231,1,82.525,1b,93.627,150-321,Yes,150;159;206;282;316;320;321
EU155232,1,82.516,1b,93.345,150-321,Yes,150;159;206;282;316;320;321
EU155233,1,94.191,1a,94.134,150-321,Yes,150;159;206;282;316;320;321
EU155234,1,82.403,1b,92.946,150-321,Yes,150;159;206;282;316;320;321
EU155235,1,82.121,1b,93.341,150-321,Yes,150;159;206;282;316;320;321
EU155236,1,97.349,1a,96.616,150-321,Yes,150;159;206;282;316;320;321
EU155237,1,96.672,1a,96.616,150-321,Yes,150;159;206;282;316;320;321
EU155238,1,97.011,1a,96.390,150-321,Yes,150;159;206;282;316;320;321
EU155239,1,96.953,1a,96.246,150-321,Yes,150;159;206;282;316;320;321
EU155240,1,94.529,1a,93.909,150-321,Yes,150;159;206;282;316;320;321
EU155242,1,94.360,1a,93.796,150-321,Yes,150;159;206;282;316;320;321
EU155243,1,94.585,1a,93.965,150-321,Yes,150;159;206;282;316;320;321
EU155244,1,97.349,1a,96.503,150-321,Yes,150;159;206;282;316;320;321
EU155245,1,96.954,1a,96.616,150-321,Yes,150;159;206;282;316;320;321
EU155246,1,96.896,1a,96.501,150-321,Yes,150;159;206;282;316;320;321
EU155248,1,97.067,1a,95.939,150-321,Yes,150;159;206;282;316;320;321
EU155249,1,96.501,1a,95.655,150-321,Yes,150;159;206;282;316;320;321
EU155250,1,96.558,1a,95.824,150-321,Yes,150;159;206;282;316;320;321
EU155251,1,96.390,1a,95.544,150-321,Yes,150;159;206;282;316;320;321
EU155252,1,96.390,1a,95.883,150-321,Yes,150;159;206;282;316;320;321
EU155253,1,82.074,1b,92.897,150-321,Yes,150;159;206;282;316;320;321
EU155254,1,82.280,1b,93.397,150-321,Yes,150;159;206;282;316;320;321
EU155255,1,82.628,1b,93.063,150-321,Yes,150;159;206;282;316;320;321
EU155256,1,82.356,1b,92.893,150-321,Yes,150;159;206;282;316;320;321
EU155257,1,82.798,1b,93.739,150-321,Yes,150;159;206;282;316;320;321
EU155258,1,82.064,1b,93.454,150-321,Yes,150;159;206;282;316;320;321
EU155259,1,81.839,1b,92.781,150-321,Yes,150;159;206;282;316;320;321
EU155261,1,82.111,1b,93.397,150-321,Yes,150;159;206;282;316;320;321
EU155262,1,81.567,1b,92.386,150-321,Yes,150;159;206;282;316;320;321
EU155263,1,82.901,1b,93.002,150-321,Yes,150;159;206;282;316;320;321
EU155264,1,82.131,1b,92.781,150-321,Yes,150;159;206;282;316;320;321
EU155266,1,96.165,1a,95.262,150-321,Yes,150;159;206;282;316;320;321
EU155267,1,96.503,1a,95.601,150-321,Yes,150;159;206;282;316;320;321
EU155268,1,94.867,1a,94.134,150-321,Yes,150;159;206;282;316;320;321
EU155269,1,94.642,1a,94.191,150-321,Yes,150;159;206;282;316;320;321
EU155270,1,96.277,1a,95.544,150-321,Yes,150;159;206;282;316;320;321
EU155271,1,95.939,1a,95.601,150-321,Yes,150;159;206;282;316;320;321
EU155272,1,94.360,1a,93.965,150-321,Yes,150;159;206;282;316;320;321
EU155274,1,96.503,1a,96.108,150-321,Yes,150;159;206;282;316;320;321
EU155275,1,95.883,1a,95.375,150-321,Yes,150;159;206;282;316;320;321
EU155276,1,96.729,1a,95.826,150-321,Yes,150;159;206;282;316;320;321
EU155277,1,93.401,1a,92.781,150-321,Yes,150;159;206;282;316;320;321
EU155278,1,95.431,1a,95.037,150-321,Yes,150;159;206;282;316;320;321
EU155279,1,83.023,1b,92.781,150-321,Yes,150;159;206;282;316;320;321
EU155280,1,81.782,1b,93.514,150-321,Yes,150;159;206;282;316;320;321
EU155281,1,82.121,1b,93.175,150-321,Yes,150;159;206;282;316;320;321
EU155282,1,94.191,1a,94.021,150-321,Yes,150;159;206;282;316;320;321
EU155283,1,94.867,1a,94.247,150-321,Yes,150;159;206;282;316;320;321
EU155284,1,94.698,1a,94.021,150-321,Yes,150;159;206;282;316;320;321
EU155285,1,96.898,1a,96.390,150-321,Yes,150;159;206;282;316;320;321
EU155286,1,96.560,1a,95.713,150-321,Yes,150;159;206;282;316;320;321
EU155287,1,96.447,1a,95.883,150-321,Yes,150;159;206;282;316;320;321
EU155288,1,97.688,1a,96.758,150-321,Yes,150;159;206;282;316;320;321
EU155289,1,94.980,1a,94.585,150-321,Yes,150;159;206;282;316;320;321
EU155290,1,96.842,1a,96.108,150-321,Yes,150;159;206;282;316;320;321
EU155291,1,97.857,1a,96.985,150-321,Yes,150;159;206;282;316;320;321
EU155292,1,97.236,1a,96.560,150-321,Yes,150;159;206;282;316;320;321
EU155293,1,96.277,1a,95.770,150-321,Yes,150;159;206;282;316;320;321
EU155294,1,95.206,1a,94.529,150-321,Yes,150;159;206;282;316;320;321
EU155295,1,94.247,1a,94.247,150-321,Yes,150;159;206;282;316;320;321
EU155296,1,96.616,1a,95.791,150-321,Yes,150;159;206;282;316;320;321
EU155297,1,95.372,1a,94.977,150-321,Yes,150;159;206;282;316;320;321
EU155298,1,95.542,1a,95.429,150-321,Yes,150;159;206;282;316;320;321
EU155299,1,95.598,1a,94.808,150-321,Yes,150;159;206;282;316;320;321
EU155300,1,81.895,1b,93.570,150-321,Yes,150;159;206;282;316;320;321
EU155301,1,82.741,1b,93.852,150-321,Yes,150;159;206;282;316;320;321
EU155302,1,80.813,1b,93.909,150-321,Yes,150;159;206;282;316;320;321
EU155303,1,83.249,1b,93.232,150-321,Yes,150;159;206;282;316;320;321
EU155304,1,82.854,1b,93.965,150-321,Yes,150;159;206;282;316;320;321
EU155305,1,82.516,1b,93.345,150-321,Yes,150;159;206;282;316;320;321
EU155306,1,82.177,1b,92.386,150-321,Yes,150;159;206;282;316;320;321
EU155307,1,81.557,1b,93.288,150-321,Yes,150;159;206;282;316;320;321
EU155308,1,82.121,1b,93.408,150-321,Yes,150;159;206;282;316;320;321
EU155309,1,96.390,1a,96.108,150-321,Yes,150;159;206;282;316;320;321
EU155310,1,96.447,1a,95.883,150-321,Yes,150;159;206;282;316;320;321
EU155311,1,96.672,1a,95.826,150-321,Yes,150;159;206;282;316;320;321
EU155313,1,95.093,1a,94.867,150-321,Yes,150;159;206;282;316;320;321
EU155314,1,94.247,1a,93.739,150-321,Yes,150;159;206;282;316;320;321
EU155315,1,81.782,1b,93.063,150-321,Yes,150;159;206;282;316;320;321
EU155316,1,81.634,1b,93.063,150-321,Yes,150;159;206;282;316;320;321
EU155317,1,82.798,1b,93.059,150-321,Yes,150;159;206;282;316;320;321
EU155318,1,83.023,1b,93.683,150-321,Yes,150;159;206;282;316;320;321
EU155319,1,94.191,1a,93.570,150-321,Yes,150;159;206;282;316;320;321
EU155320,1,97.913,1a,97.099,150-321,Yes,150;159;206;282;316;320;321
EU155321,1,96.390,1a,96.221,150-321,Yes,150;159;206;282;316;320;321
EU155322,1,94.755,1a,94.021,150-321,Yes,150;159;206;282;316;320;321
EU155323,1,93.514,1a,92.893,150-321,Yes,150;159;206;282;316;320;321
EU155324,1,82.403,1b,93.175,150-321,Yes,150;159;206;282;316;320;321
EU155325,1,82.018,1b,92.777,150-321,Yes,150;159;206;282;316;320;321
EU155326,1,82.177,1b,93.457,150-321,Yes,150;159;206;282;316;320;321
EU155327,1,82.854,1b,93.232,150-321,Yes,150;159;206;282;316;320;321
EU155328,1,82.008,1b,93.457,150-321,Yes,150;159;206;282;316;320;321
EU155329,1,82.628,1b,93.457,150-321,Yes,150;159;206;282;316;320;321
EU155330,1,82.064,1b,93.739,150-321,Yes,150;159;206;282;316;320;321
EU155331,1,82.798,1b,93.796,150-321,Yes,150;159;206;282;316;320;321
EU155332,1,83.136,1b,93.796,150-321,Yes,150;159;206;282;316;320;321
EU155333,1,82.741,1b,93.345,150-321,Yes,150;159;206;282;316;320;321
EU155334,1,82.064,1b,93.739,150-321,Yes,150;159;206;282;316;320;321
EU155335,1,82.290,1b,93.683,150-321,Yes,150;159;206;282;316;320;321
EU155336,1,81.613,1b,93.683,150-321,Yes,150;159;206;282;316;320;321
EU155337,1,82.064,1b,93.852,150-321,Yes,150;159;206;282;316;320;321
EU155338,1,98.026,1a,97.099,150-321,Yes,150;159;206;282;316;320;321
EU155339,1,96.390,1a,95.995,150-321,Yes,150;159;206;282;316;320;321
EU155340,1,96.898,1a,95.826,150-321,Yes,150;159;206;282;316;320;321
EU155341,1,94.924,1a,94.642,150-321,Yes,150;159;206;282;316;320;321
EU155342,1,96.785,1a,95.601,150-321,Yes,150;159;206;282;316;320;321
EU155343,1,98.421,1a,97.611,150-321,Yes,150;159;206;282;316;320;321
EU155344,1,97.970,1a,97.011,150-321,Yes,150;159;206;282;316;320;321
EU155345,1,93.288,1a,93.063,150-321,Yes,150;159;206;282;316;320;321
EU155346,1,94.021,1a,93.627,150-321,Yes,150;159;206;282;316;320;321
EU155347,1,93.796,1a,93.345,150-321,Yes,150;159;206;282;316;320;321
EU155348,1,93.796,1a,93.570,150-321,Yes,150;159;206;282;316;320;321
EU155349,1,94.473,1a,93.683,150-321,Yes,150;159;206;282;316;320;321
EU155351,1,94.473,1a,94.134,150-321,Yes,150;159;206;282;316;320;321
EU155352,1,94.078,1a,93.909,150-321,Yes,150;159;206;282;316;320;321
EU155353,1,94.357,1a,94.018,150-321,Yes,150;159;206;282;316;320;321
EU155354,1,97.180,1a,96.560,150-321,Yes,150;159;206;282;316;320;321
EU155355,1,93.909,1a,93.401,150-321,Yes,150;159;206;282;316;320;321
EU155356,1,82.187,1b,93.461,150-321,Yes,150;159;206;282;316;320;321
EU155357,1,82.131,1b,94.078,150-321,Yes,150;159;206;282;316;320;321
EU155358,1,82.393,1b,92.889,150-321,Yes,150;159;206;282;316;320;321
EU155359,1,82.403,1b,93.457,150-321,Yes,150;159;206;282;316;320;321
EU155360,1,82.403,1b,93.175,150-321,Yes,150;159;206;282;316;320;321
EU155361,1,81.726,1b,92.329,150-321,Yes,150;159;206;282;316;320;321
EU155362,1,81.049,1b,92.499,150-321,Yes,150;159;206;282;316;320;321
EU155363,1,83.023,1b,93.457,150-321,Yes,150;159;206;282;316;320;321
EU155364,1,82.459,1b,93.345,150-321,Yes,150;159;206;282;316;320;321
EU155365,1,82.346,1b,92.555,150-321,Yes,150;159;206;282;316;320;321
EU155366,1,82.393,1b,93.514,150-321,Yes,150;159;206;282;316;320;321
EU155367,1,81.726,1b,92.104,150-321,Yes,150;159;206;282;316;320;321
EU155368,1,82.064,1b,93.063,150-321,Yes,150;159;206;282;316;320;321
EU155369,1,81.726,1b,93.401,150-321,Yes,150;159;206;282;316;320;321
EU155370,1,82.403,1b,93.063,150-321,Yes,150;159;206;282;316;320;321
EU155371,1,82.403,1b,92.611,150-321,Yes,150;159;206;282;316;320;321
EU155372,1,82.121,1b,93.345,150-321,Yes,150;159;206;282;316;320;321
EU155373,1,81.546,1b,92.893,150-321,Yes,150;159;206;282;316;320;321
EU155374,1,82.469,1b,93.852,150-321,Yes,150;159;206;282;316;320;321
EU155375,1,82.316,1b,93.559,150-321,Yes,150;159;206;282;316;320;321
EU155376,1,82.628,1b,93.627,150-321,Yes,150;159;206;282;316;320;321
EU155377,1,81.726,1b,93.006,150-321,Yes,150;159;206;282;316;320;321
EU155378,1,96.219,1a,95.711,150-321,Yes,150;159;206;282;316;320;321
EU155380,1,95.037,1a,94.755,150-321,Yes,150;159;206;282;316;320;321
EU155381,1,82.177,1b,93.063,150-321,Yes,150;159;206;282;316;320;321
EU155382,1,81.500,1b,92.156,150-321,Yes,150;159;206;282;316;320;321
EU158186,6,75.414,6v,100.000,150-321,Yes,150;159;206;282;316;320;321
EU234061,1,82.459,1b,93.683,150-321,Yes,150;159;206;282;316;320;321
EU234062,1,82.290,1b,93.172,150-321,Yes,150;159;206;282;316;320;321
EU234063,1,95.883,1a,95.601,150-321,Yes,150;159;206;282;316;320;321
EU234064,1,95.770,1a,94.980,150-321,Yes,150;159;206;282;316;320;321
EU234065,1,98.534,1a,97.611,150-321,Yes,150;159;206;282;316;320;321
EU239713,1,94.924,1a,94.078,150-321,Yes,150;159;206;282;316;320;321
EU239714,1,81.275,1b,93.623,150-321,Yes,150;159;206;282;316;320;321
EU239715,1,97.744,1a,96.815,150-321,Yes,150;159;206;282;316;320;321
EU239716,1,96.388,1a,95.449,150-321,Yes,150;159;206;282;316;320;321
EU246930,6,79.425,6a,87.946,150-321,Yes,150;159;206;282;316;320;321
EU246931,6,76.295,6e,84.837,150-321,Yes,150;159;206;282;316;320;321
EU246932,6,75.155,6e,89.566,150-321,Yes,150;159;206;282;316;320;321
EU246933,6,75.506,6l,95.939,150-321,Yes,150;159;206;282;316;320;321
EU246934,6,75.679,6o,93.059,150-321,Yes,150;159;206;282;316;320;321
EU246935,6,74.068,6i,96.277,150-321,Yes,150;159;206;282;316;320;321
EU246936,6,75.648,6f,95.544,150-321,Yes,150;159;206;282;316;320;321
EU246938,6,75.268,6n,97.124,150-321,Yes,150;159;206;282;316;320;321
EU246939,6,74.279,6t,100.000,150-321,Yes,150;159;206;282;316;320;321
EU246940,6,77.014,6u,100.000,150-321,Yes,150;159;206;282;316;320;321
EU250017,1,96.954,1a,96.052,150-321,Yes,150;159;206;282;316;320;321
EU255927,1,94.247,1a,94.021,150-321,Yes,150;159;206;282;316;320;321
EU255928,1,93.457,1a,93.683,150-321,Yes,150;159;206;282;316;320;321
EU255929,1,94.134,1a,93.909,150-321,Yes,150;159;206;282;316;320;321
EU255930,1,93.288,1a,92.781,150-321,Yes,150;159;206;282;316;320;321
EU255931,1,97.349,1a,96.334,150-321,Yes,150;159;206;282;316;320;321
EU255932,1,97.124,1a,96.447,150-321,Yes,150;159;206;282;316;320;321
EU255933,1,94.924,1a,94.247,150-321,Yes,150;159;206;282;316;320;321
EU255934,1,95.713,1a,95.431,150-321,Yes,150;159;206;282;316;320;321
EU255935,1,96.842,1a,96.729,150-321,Yes,150;159;206;282;316;320;321
EU255936,1,96.503,1a,96.052,150-321,Yes,150;159;206;282;316;320;321
EU255937,1,94.191,1a,93.683,150-321,Yes,150;159;206;282;316;320;321
EU255938,1,97.124,1a,96.108,150-321,Yes,150;159;206;282;316;320;321
EU255939,1,94.811,1a,94.416,150-321,Yes,150;159;206;282;316;320;321
EU255940,1,96.108,1a,95.770,150-321,Yes,150;159;206;282;316;320;321
EU255941,1,96.390,1a,96.108,150-321,Yes,150;159;206;282;316;320;321
EU255942,1,97.011,1a,96.189,150-321,Yes,150;159;206;282;316;320;321
EU255943,1,94.134,1a,93.739,150-321,Yes,150;159;206;282;316;320;321
EU255944,1,94.642,1a,94.247,150-321,Yes,150;159;206;282;316;320;321
EU255945,1,94.416,1a,93.965,150-321,Yes,150;159;206;282;316;320;321
EU255946,1,93.627,1a,93.288,150-321,Yes,150;159;206;282;316;320;321
EU255947,1,94.134,1a,94.021,150-321,Yes,150;159;206;282;316;320;321
EU255948,1,93.965,1a,93.852,150-321,Yes,150;159;206;282;316;320;321
EU255949,1,94.021,1a,93.458,150-321,Yes,150;159;206;282;316;320;321
EU255950,1,93.457,1a,92.724,150-321,Yes,150;159;206;282;316;320;321
EU255951,1,94.865,1a,94.244,150-321,Yes,150;159;206;282;316;320;321
EU255952,1,93.852,1a,93.232,150-321,Yes,150;159;206;282;316;320;321
EU255953,1,95.937,1a,95.372,150-321,Yes,150;159;206;282;316;320;321
EU255954,1,94.191,1a,93.852,150-321,Yes,150;159;206;282;316;320;321
EU255955,1,93.739,1a,92.950,150-321,Yes,150;159;206;282;316;320;321
EU255956,1,95.657,1a,95.488,150-321,Yes,150;159;206;282;316;320;321
EU255957,1,94.698,1a,94.134,150-321,Yes,150;159;206;282;316;320;321
EU255958,1,95.319,1a,94.867,150-321,Yes,150;159;206;282;316;320;321
EU255960,1,82.356,1b,92.950,150-321,Yes,150;159;206;282;316;320;321
EU255961,1,82.525,1b,93.179,150-321,Yes,150;159;206;282;316;320;321
EU255962,1,82.403,1b,93.623,150-321,Yes,150;159;206;282;316;320;321
EU255963,1,97.406,1a,97.067,150-321,Yes,150;159;206;282;316;320;321
EU255964,1,94.303,1a,93.852,150-321,Yes,150;159;206;282;316;320;321
EU255965,1,96.954,1a,96.108,150-321,Yes,150;159;206;282;316;320;321
EU255966,1,94.980,1a,94.755,150-321,Yes,150;159;206;282;316;320;321
EU255968,1,97.293,1a,96.503,150-321,Yes,150;159;206;282;316;320;321
EU255969,1,97.688,1a,96.928,150-321,Yes,150;159;206;282;316;320;321
EU255970,1,94.755,1a,94.360,150-321,Yes,150;159;206;282;316;320;321
EU255971,1,97.798,1a,96.985,150-321,Yes,150;159;206;282;316;320;321
EU255973,1,98.308,1a,97.497,150-321,Yes,150;159;206;282;316;320;321
EU255974,1,96.954,1a,95.939,150-321,Yes,150;159;206;282;316;320;321
EU255975,1,98.195,1a,97.156,150-321,Yes,150;159;206;282;316;320;321
EU255976,1,97.124,1a,96.616,150-321,Yes,150;159;206;282;316;320;321
EU255977,1,97.575,1a,96.390,150-321,Yes,150;159;206;282;316;320;321
EU255978,1,97.236,1a,96.616,150-321,Yes,150;159;206;282;316;320;321
EU255979,1,97.744,1a,96.871,150-321,Yes,150;159;206;282;316;320;321
EU255980,1,97.406,1a,96.560,150-321,Yes,150;159;206;282;316;320;321
EU255981,1,97.349,1a,96.503,150-321,Yes,150;159;206;282;316;320;321
EU255982,1,95.149,1a,94.698,150-321,Yes,150;159;206;282;316;320;321
EU255983,1,97.631,1a,96.701,150-321,Yes,150;159;206;282;316;320;321
EU255984,1,95.262,1a,94.191,150-321,Yes,150;159;206;282;316;320;321
EU255985,1,97.744,1a,96.815,150-321,Yes,150;159;206;282;316;320;321
EU255986,1,96.672,1a,96.165,150-321,Yes,150;159;206;282;316;320;321
EU255987,1,94.811,1a,94.529,150-321,Yes,150;159;206;282;316;320;321
EU255988,1,96.898,1a,96.503,150-321,Yes,150;159;206;282;316;320;321
EU255989,1,94.924,1a,94.529,150-321,Yes,150;159;206;282;316;320;321
EU255990,1,97.575,1a,96.729,150-321,Yes,150;159;206;282;316;320;321
EU255991,1,97.744,1a,97.042,150-321,Yes,150;159;206;282;316;320;321
EU255992,1,96.108,1a,95.826,150-321,Yes,150;159;206;282;316;320;321
EU255993,1,95.826,1a,95.375,150-321,Yes,150;159;206;282;316;320;321
EU255994,1,96.616,1a,95.939,150-321,Yes,150;159;206;282;316;320;321
EU255995,1,94.131,1a,93.736,150-321,Yes,150;159;206;282;316;320;321
EU255996,1,94.247,1a,93.514,150-321,Yes,150;159;206;282;316;320;321
EU255997,1,96.840,1a,96.106,150-321,Yes,150;159;206;282;316;320;321
EU255998,1,96.560,1a,95.601,150-321,Yes,150;159;206;282;316;320;321
EU255999,1,93.796,1a,93.288,150-321,Yes,150;159;206;282;316;320;321
EU256000,1,82.290,1b,93.228,150-321,Yes,150;159;206;282;316;320;321
EU256001,1,82.413,1b,92.438,150-321,Yes,150;159;206;282;316;320;321
EU256002,1,96.277,1a,95.770,150-321,Yes,150;159;206;282;316;320;321
EU256003,1,96.334,1a,95.375,150-321,Yes,150;159;206;282;316;320;321
EU256004,1,95.262,1a,94.360,150-321,Yes,150;159;206;282;316;320;321
EU256005,1,96.334,1a,95.488,150-321,Yes,150;159;206;282;316;320;321
EU256006,1,94.244,1a,93.962,150-321,Yes,150;159;206;282;316;320;321
EU256007,1,93.288,1a,93.345,150-321,Yes,150;159;206;282;316;320;321
EU256008,1,96.954,1a,96.447,150-321,Yes,150;159;206;282;316;320;321
EU256009,1,96.560,1a,95.431,150-321,Yes,150;159;206;282;316;320;321
EU256010,1,97.857,1a,97.042,150-321,Yes,150;159;206;282;316;320;321
EU256011,1,96.560,1a,95.826,150-321,Yes,150;159;206;282;316;320;321
EU256012,1,97.180,1a,96.334,150-321,Yes,150;159;206;282;316;320;321
EU256013,1,96.616,1a,95.657,150-321,Yes,150;159;206;282;316;320;321
EU256014,1,95.713,1a,95.093,150-321,Yes,150;159;206;282;316;320;321
EU256015,1,96.842,1a,95.883,150-321,Yes,150;159;206;282;316;320;321
EU256016,1,97.236,1a,96.108,150-321,Yes,150;159;206;282;316;320;321
EU256017,1,96.729,1a,95.770,150-321,Yes,150;159;206;282;316;320;321
EU256018,1,97.011,1a,96.108,150-321,Yes,150;159;206;282;316;320;321
EU256019,1,96.447,1a,96.052,150-321,Yes,150;159;206;282;316;320;321
EU256020,1,96.672,1a,96.221,150-321,Yes,150;159;206;282;316;320;321
EU256021,1,94.416,1a,94.021,150-321,Yes,150;159;206;282;316;320;321
EU256022,1,94.811,1a,94.191,150-321,Yes,150;159;206;282;316;320;321
EU256023,1,94.078,1a,93.457,150-321,Yes,150;159;206;282;316;320;321
EU256024,1,96.785,1a,96.334,150-321,Yes,150;159;206;282;316;320;321
EU256025,1,94.980,1a,94.084,150-321,Yes,150;159;206;282;316;320;321
EU256026,1,97.293,1a,96.447,150-321,Yes,150;159;206;282;316;320;321
EU256027,1,96.785,1a,95.995,150-321,Yes,150;159;206;282;316;320;321
EU256028,1,98.026,1a,97.213,150-321,Yes,150;159;206;282;316;320;321
EU256029,1,94.360,1a,93.683,150-321,Yes,150;159;206;282;316;320;321
EU256030,1,96.842,1a,96.132,150-321,Yes,150;159;206;282;316;320;321
EU256031,1,96.108,1a,95.431,150-321,Yes,150;159;206;282;316;320;321
EU256032,1,96.052,1a,95.770,150-321,Yes,150;159;206;282;316;320;321
EU256033,1,95.880,1a,95.147,150-321,Yes,150;159;206;282;316;320;321
EU256034,1,94.191,1a,93.965,150-321,Yes,150;159;206;282;316;320;321
EU256035,1,96.616,1a,95.713,150-321,Yes,150;159;206;282;316;320;321
EU256036,1,97.180,1a,96.052,150-321,Yes,150;159;206;282;316;320;321
EU256037,1,96.503,1a,95.601,150-321,Yes,150;159;206;282;316;320;321
EU256038,1,95.993,1a,95.485,150-321,Yes,150;159;206;282;316;320;321
EU256039,1,96.954,1a,96.132,150-321,Yes,150;159;206;282;316;320;321
EU256040,1,96.388,1a,95.767,150-321,Yes,150;159;206;282;316;320;321
EU256041,1,96.842,1a,96.390,150-321,Yes,150;159;206;282;316;320;321
EU256043,1,96.390,1a,95.488,150-321,Yes,150;159;206;282;316;320;321
EU256044,1,96.842,1a,95.995,150-321,Yes,150;159;206;282;316;320;321
EU256046,1,95.149,1a,94.247,150-321,Yes,150;159;206;282;316;320;321
EU256047,1,96.560,1a,95.826,150-321,Yes,150;159;206;282;316;320;321
EU256048,1,96.785,1a,96.390,150-321,Yes,150;159;206;282;316;320;321
EU256049,1,94.416,1a,94.021,150-321,Yes,150;159;206;282;316;320;321
EU256050,1,96.616,1a,95.883,150-321,Yes,150;159;206;282;316;320;321
EU256051,1,97.067,1a,96.503,150-321,Yes,150;159;206;282;316;320;321
EU256052,1,96.503,1a,95.826,150-321,Yes,150;159;206;282;316;320;321
EU256053,1,94.021,1a,93.401,150-321,Yes,150;159;206;282;316;320;321
EU256054,1,82.008,1b,93.288,150-321,Yes,150;159;206;282;316;320;321
EU256057,1,94.980,1a,94.360,150-321,Yes,150;159;206;282;316;320;321
EU256058,1,95.713,1a,95.431,150-321,Yes,150;159;206;282;316;320;321
EU256059,1,82.572,1b,93.796,150-321,Yes,150;159;206;282;316;320;321
EU256060,1,96.334,1a,95.883,150-321,Yes,150;159;206;282;316;320;321
EU256061,1,81.500,1b,93.232,150-321,Yes,150;159;206;282;316;320;321
EU256062,1,82.582,1b,92.616,150-321,Yes,150;159;206;282;316;320;321
EU256064,1,82.516,1b,93.172,150-321,Yes,150;159;206;282;316;320;321
EU256065,1,82.121,1b,92.837,150-321,Yes,150;159;206;282;316;320;321
EU256066,1,82.930,1b,93.002,150-321,Yes,150;159;206;282;316;320;321
EU256067,1,96.616,1a,95.770,150-321,Yes,150;159;206;282;316;320;321
EU256068,1,94.416,1a,93.909,150-321,Yes,150;159;206;282;316;320;321
EU256069,1,94.074,1a,94.018,150-321,Yes,150;159;206;282;316;320;321
EU256070,1,96.558,1a,95.824,150-321,Yes,150;159;206;282;316;320;321
EU256071,1,94.977,1a,94.141,150-321,Yes,150;159;206;282;316;320;321
EU256072,1,93.739,1a,93.457,150-321,Yes,150;159;206;282;316;320;321
EU256073,1,97.180,1a,96.644,150-321,Yes,150;159;206;282;316;320;321
EU256074,1,95.147,1a,94.187,150-321,Yes,150;159;206;282;316;320;321
EU256075,1,82.290,1b,93.232,150-321,Yes,150;159;206;282;316;320;321
EU256076,1,82.356,1b,93.405,150-321,Yes,150;159;206;282;316;320;321
EU256077,1,82.121,1b,92.325,150-321,Yes,150;159;206;282;316;320;321
EU256078,1,81.864,1b,92.877,150-321,Yes,150;159;206;282;316;320;321
EU256079,1,82.346,1b,93.796,150-321,Yes,150;159;206;282;316;320;321
EU256080,1,83.023,1b,93.739,150-321,Yes,150;159;206;282;316;320;321
EU256081,1,81.895,1b,93.119,150-321,Yes,150;159;206;282;316;320;321
EU256082,1,82.572,1b,94.247,150-321,Yes,150;159;206;282;316;320;321
EU256083,1,82.177,1b,93.796,150-321,Yes,150;159;206;282;316;320;321
EU256084,1,81.782,1b,92.893,150-321,Yes,150;159;206;282;316;320;321
EU256085,1,82.469,1b,92.777,150-321,Yes,150;159;206;282;316;320;321
EU256087,1,96.108,1a,95.939,150-321,Yes,150;159;206;282;316;320;321
EU256088,1,81.782,1b,92.104,150-321,Yes,150;159;206;282;316;320;321
EU256089,1,82.064,1b,92.950,150-321,Yes,150;159;206;282;316;320;321
EU256090,1,82.741,1b,95.262,150-321,Yes,150;159;206;282;316;320;321
EU256091,1,82.967,1b,93.228,150-321,Yes,150;159;206;282;316;320;321
EU256092,1,82.121,1b,93.345,150-321,Yes,150;159;206;282;316;320;321
EU256094,1,96.616,1a,95.883,150-321,Yes,150;159;206;282;316;320;321
EU256095,1,96.898,1a,95.995,150-321,Yes,150;159;206;282;316;320;321
EU256096,1,96.334,1a,95.995,150-321,Yes,150;159;206;282;316;320;321
EU256097,1,96.503,1a,96.165,150-321,Yes,150;159;206;282;316;320;321
EU256098,1,82.244,1b,93.457,150-321,Yes,150;159;206;282;316;320;321
EU256099,1,81.557,1b,94.191,150-321,Yes,150;159;206;282;316;320;321
EU256100,1,82.346,1b,93.514,150-321,Yes,150;159;206;282;316;320;321
EU256101,1,82.930,1b,93.288,150-321,Yes,150;159;206;282;316;320;321
EU256102,1,83.258,1b,92.494,150-321,Yes,150;159;206;282;316;320;321
EU256103,1,81.613,1b,92.833,150-321,Yes,150;159;206;282;316;320;321
EU256104,1,97.349,1a,96.390,150-321,Yes,150;159;206;282;316;320;321
EU256105,1,96.163,1a,95.203,150-321,Yes,150;159;206;282;316;320;321
EU256106,1,94.585,1a,94.134,150-321,Yes,150;159;206;282;316;320;321
EU256107,1,94.303,1a,93.852,150-321,Yes,150;159;206;282;316;320;321
EU260395,1,94.642,1a,94.021,150-321,Yes,150;159;206;282;316;320;321
EU260396,1,97.236,1a,96.503,150-321,Yes,150;159;206;282;316;320;321
EU362876,1,96.594,1a,96.189,150-321,Yes,150;159;206;282;316;320;321
EU362877,1,96.277,1a,95.883,150-321,Yes,150;159;206;282;316;320;321
EU362878,1,96.722,1a,96.042,150-321,Yes,150;159;206;282;316;320;321
EU362879,1,95.901,1a,95.266,150-321,Yes,150;159;206;282;316;320;321
EU362880,1,93.072,1a,92.552,150-321,Yes,150;159;206;282;316;320;321
EU362881,1,95.820,1a,95.134,150-321,Yes,150;159;206;282;316;320;321
EU362882,1,94.585,1a,94.191,150-321,Yes,150;159;206;282;316;320;321
EU362883,1,96.166,1a,95.857,150-321,Yes,150;159;206;282;316;320;321
EU362884,1,96.560,1a,95.601,150-321,Yes,150;159;206;282;316;320;321
EU362885,1,96.305,1a,95.785,150-321,Yes,150;159;206;282;316;320;321
EU362886,1,94.134,1a,93.570,150-321,Yes,150;159;206;282;316;320;321
EU362887,1,95.826,1a,95.488,150-321,Yes,150;159;206;282;316;320;321
EU362888,1,95.012,1a,94.451,150-321,Yes,150;159;206;282;316;320;321
EU362889,1,95.511,1a,94.825,150-321,Yes,150;159;206;282;316;320;321
EU362890,1,96.970,1a,96.166,150-321,Yes,150;159;206;282;316;320;321
EU362891,1,96.074,1a,95.670,150-321,Yes,150;159;206;282;316;320;321
EU362892,1,96.954,1a,96.221,150-321,Yes,150;159;206;282;316;320;321
EU362893,1,94.226,1a,93.880,150-321,Yes,150;159;206;282;316;320;321
EU362894,1,94.400,1a,94.226,150-321,Yes,150;159;206;282;316;320;321
EU362895,1,94.360,1a,94.191,150-321,Yes,150;159;206;282;316;320;321
EU362896,1,96.560,1a,95.601,150-321,Yes,150;159;206;282;316;320;321
EU362897,1,96.898,1a,95.995,150-321,Yes,150;159;206;282;316;320;321
EU362898,1,97.065,1a,96.163,150-321,Yes,150;159;206;282;316;320;321
EU362899,1,96.326,1a,95.704,150-321,Yes,150;159;206;282;316;320;321
EU362900,1,96.957,1a,96.398,150-321,Yes,150;159;206;282;316;320;321
EU362901,1,93.849,1a,93.510,150-321,Yes,150;159;206;282;316;320;321
EU362902,1,96.638,1a,95.953,150-321,Yes,150;159;206;282;316;320;321
EU362903,1,96.784,1a,96.599,150-321,Yes,150;159;206;282;316;320;321
EU362904,1,97.321,1a,96.698,150-321,Yes,150;159;206;282;316;320;321
EU362905,1,94.891,1a,94.268,150-321,Yes,150;159;206;282;316;320;321
EU362906,1,96.590,1a,95.908,150-321,Yes,150;159;206;282;316;320;321
EU362907,1,97.464,1a,96.786,150-321,Yes,150;159;206;282;316;320;321
EU362908,1,96.511,1a,95.950,150-321,Yes,150;159;206;282;316;320;321
EU362909,1,94.682,1a,94.249,150-321,Yes,150;159;206;282;316;320;321
EU362910,1,95.336,1a,95.211,150-321,Yes,150;159;206;282;316;320;321
EU362911,1,95.202,1a,94.517,150-321,Yes,150;159;206;282;316;320;321
EU392169,4,83.277,4f,94.811,150-321,Yes,150;159;206;282;316;320;321
EU392170,4,83.277,4f,92.833,150-321,Yes,150;159;206;282;316;320;321
EU392171,4,83.484,4k,93.852,150-321,Yes,150;159;206;282;316;320;321
EU392172,4,85.102,4d,96.275,150-321,Yes,150;159;206;282;316;320;321
EU392173,4,83.249,4k,100.000,150-321,Yes,150;159;206;282;316;320;321
EU392174,4,83.766,4f,93.962,150-321,Yes,150;159;206;282;316;320;321
EU392175,4,83.775,4f,100.000,150-321,Yes,150;159;206;282;316;320;321
EU408326,6,75.367,6e,93.739,150-321,Yes,150;159;206;282;316;320;321
EU408328,6,77.053,6r,100.000,150-321,Yes,150;159;206;282;316;320;321
EU408329,6,75.720,6s,100.000,150-321,Yes,150;159;206;282;316;320;321
EU408330,6,78.035,6xa,100.000,150-321,Yes,150;159;206;282;316;320;321
EU408331,6,77.922,6xa,99.662,150-321,Yes,150;159;206;282;316;320;321
EU408332,6,78.229,6xa,100.000,150-321,Yes,150;159;206;282;316;320;321
EU482831,1,94.755,1a,94.416,150-321,Yes,150;159;206;282;316;320;321
EU482832,1,94.416,1a,94.134,150-321,Yes,150;159;206;282;316;320;321
EU482833,1,81.782,1b,93.063,150-321,Yes,150;159;206;282;316;320;321
EU482834,1,94.811,1a,94.247,150-321,Yes,150;159;206;282;316;320;321
EU482835,1,94.021,1a,93.739,150-321,Yes,150;159;206;282;316;320;321
EU482836,1,96.390,1a,95.826,150-321,Yes,150;159;206;282;316;320;321
EU482837,1,96.954,1a,96.277,150-321,Yes,150;159;206;282;316;320;321
EU482838,1,96.277,1a,95.206,150-321,Yes,150;159;206;282;316;320;321
EU482839,1,82.177,1b,93.119,150-321,Yes,150;159;206;282;316;320;321
EU482840,1,94.924,1a,94.473,150-321,Yes,150;159;206;282;316;320;321
EU482841,1,97.009,1a,96.445,150-321,Yes,150;159;206;282;316;320;321
EU482842,1,94.585,1a,94.642,150-321,Yes,150;159;206;282;316;320;321
EU482843,1,97.236,1a,96.221,150-321,Yes,150;159;206;282;316;320;321
EU482844,1,93.739,1a,93.457,150-321,Yes,150;159;206;282;316;320;321
EU482845,1,96.616,1a,95.883,150-321,Yes,150;159;206;282;316;320;321
EU482846,1,95.262,1a,94.867,150-321,Yes,150;159;206;282;316;320;321
EU482847,1,97.236,1a,96.334,150-321,Yes,150;159;206;282;316;320;321
EU482848,1,95.037,1a,94.698,150-321,Yes,150;159;206;282;316;320;321
EU482849,1,82.403,1b,93.454,150-321,Yes,150;159;206;282;316;320;321
EU482850,1,96.729,1a,95.939,150-321,Yes,150;159;206;282;316;320;321
EU482852,1,96.842,1a,95.883,150-321,Yes,150;159;206;282;316;320;321
EU482853,1,94.529,1a,94.078,150-321,Yes,150;159;206;282;316;320;321
EU482854,1,94.808,1a,94.018,150-321,Yes,150;159;206;282;316;320;321
EU482855,1,94.360,1a,94.134,150-321,Yes,150;159;206;282;316;320;321
EU482856,1,96.447,1a,95.770,150-321,Yes,150;159;206;282;316;320;321
EU482857,1,94.078,1a,93.514,150-321,Yes,150;159;206;282;316;320;321
EU482858,1,94.191,1a,93.739,150-321,Yes,150;159;206;282;316;320;321
EU482859,1,81.680,1b,93.457,150-321,Yes,150;159;206;282;316;320;321
EU482860,1,82.582,1b,93.514,150-321,Yes,150;159;206;282;316;320;321
EU482861,1,95.993,1a,95.316,150-321,Yes,150;159;206;282;316;320;321
EU482862,1,97.011,1a,95.995,150-321,Yes,150;159;206;282;316;320;321
EU482863,1,95.598,1a,95.090,150-321,Yes,150;159;206;282;316;320;321
EU482864,1,96.729,1a,95.904,150-321,Yes,150;159;206;282;316;320;321
EU482865,1,96.277,1a,95.713,150-321,Yes,150;159;206;282;316;320;321
EU482866,1,96.503,1a,95.713,150-321,Yes,150;159;206;282;316;320;321
EU482867,1,94.811,1a,94.134,150-321,Yes,150;159;206;282;316;320;321
EU482868,1,96.898,1a,96.165,150-321,Yes,150;159;206;282;316;320;321
EU482869,1,94.698,1a,94.191,150-321,Yes,150;159;206;282;316;320;321
EU482870,1,97.180,1a,96.359,150-321,Yes,150;159;206;282;316;320;321
EU482871,1,94.247,1a,93.852,150-321,Yes,150;159;206;282;316;320;321
EU482872,1,94.811,1a,94.529,150-321,Yes,150;159;206;282;316;320;321
EU482873,1,96.106,1a,95.711,150-321,Yes,150;159;206;282;316;320;321
EU482874,1,82.177,1b,93.514,150-321,Yes,150;159;206;282;316;320;321
EU482875,1,81.669,1b,92.668,150-321,Yes,150;159;206;282;316;320;321
EU482876,1,97.406,1a,96.503,150-321,Yes,150;159;206;282;316;320;321
EU482877,1,82.131,1b,92.664,150-321,Yes,150;159;206;282;316;320;321
EU482878,1,96.954,1a,96.108,150-321,Yes,150;159;206;282;316;320;321
EU482880,1,82.234,1b,93.401,150-321,Yes,150;159;206;282;316;320;321
EU482881,1,82.516,1b,92.611,150-321,Yes,150;159;206;282;316;320;321
EU482882,1,97.011,1a,95.995,150-321,Yes,150;159;206;282;316;320;321
EU482883,1,82.459,1b,92.499,150-321,Yes,150;159;206;282;316;320;321
EU482884,1,97.462,1a,96.701,150-321,Yes,150;159;206;282;316;320;321
EU482885,1,82.121,1b,93.228,150-321,Yes,150;159;206;282;316;320;321
EU482886,1,82.356,1b,92.325,150-321,Yes,150;159;206;282;316;320;321
EU482888,1,81.895,1b,93.345,150-321,Yes,150;159;206;282;316;320;321
EU529676,1,95.431,1a,94.642,150-321,Yes,150;159;206;282;316;320;321
EU529677,1,96.785,1a,95.883,150-321,Yes,150;159;206;282;316;320;321
EU529678,1,94.247,1a,94.360,150-321,Yes,150;159;206;282;316;320;321
EU529679,1,96.785,1a,95.657,150-321,Yes,150;159;206;282;316;320;321
EU529680,1,96.616,1a,95.770,150-321,Yes,150;159;206;282;316;320;321
EU529681,1,94.980,1a,94.360,150-321,Yes,150;159;206;282;316;320;321
EU529682,1,82.459,1b,91.817,150-321,Yes,150;159;206;282;316;320;321
EU569722,1,96.616,1a,96.165,150-321,Yes,150;159;206;282;316;320;321
EU569723,1,96.503,1a,96.108,150-321,Yes,150;159;206;282;316;320;321
EU595697,1,94.078,1a,93.683,150-321,Yes,150;159;206;282;316;320;321
EU595698,1,95.655,1a,95.316,150-321,Yes,150;159;206;282;316;320;321
EU595699,1,93.909,1a,93.232,150-321,Yes,150;159;206;282;316;320;321
EU643834,6,74.394,6w,100.000,150-321,Yes,150;159;206;282;316;320;321
EU643836,6,74.366,6w,93.401,150-321,Yes,150;159;206;282;316;320;321
EU660383,1,93.965,1a,93.796,150-321,Yes,150;159;206;282;316;320;321
EU660384,1,94.303,1a,94.021,150-321,Yes,150;159;206;282;316;320;321
EU660385,1,93.852,1a,93.401,150-321,Yes,150;159;206;282;316;320;321
EU710084,1,92.385,1a,91.760,150-321,Yes,150;159;206;282;316;320;321
EU710085,1,94.276,1a,93.448,150-321,Yes,150;159;206;282;316;320;321
EU710091,1,94.320,1a,93.571,150-321,Yes,150;159;206;282;316;320;321
EU710093,1,90.416,1a,90.038,150-321,Yes,150;159;206;282;316;320;321
EU710096,1,94.151,1a,93.522,150-321,Yes,150;159;206;282;316;320;321
EU710098,1,94.825,1a,94.368,150-321,Yes,150;159;206;282;316;320;321
EU710099,1,94.519,1a,93.630,150-321,Yes,150;159;206;282;316;320;321
EU710100,1,94.298,1a,93.728,150-321,Yes,150;159;206;282;316;320;321
EU710101,1,94.939,1a,94.939,150-321,Yes,150;159;206;282;316;320;321
EU710107,1,93.931,1a,93.184,150-321,Yes,150;159;206;282;316;320;321
EU710108,1,93.812,1a,93.319,150-321,Yes,150;159;206;282;316;320;321
EU710109,1,94.804,1a,94.202,150-321,Yes,150;159;206;282;316;320;321
EU710110,1,93.402,1a,92.990,150-321,Yes,150;159;206;282;316;320;321
EU710116,1,93.187,1a,92.967,150-321,Yes,150;159;206;282;316;320;321
EU710125,1,93.746,1a,93.246,150-321,Yes,150;159;206;282;316;320;321
EU710126,1,93.009,1a,92.447,150-321,Yes,150;159;206;282;316;320;321
EU710127,1,95.098,1a,94.363,150-321,Yes,150;159;206;282;316;320;321
EU710130,1,95.839,1a,95.334,150-321,Yes,150;159;206;282;316;320;321
EU710131,1,94.021,1a,93.518,150-321,Yes,150;159;206;282;316;320;321
EU710132,1,96.361,1a,95.679,150-321,Yes,150;159;206;282;316;320;321
EU710133,1,94.234,1a,93.614,150-321,Yes,150;159;206;282;316;320;321
EU710137,1,96.685,1a,96.123,150-321,Yes,150;159;206;282;316;320;321
EU710139,1,96.442,1a,95.630,150-321,Yes,150;159;206;282;316;320;321
EU710142,1,96.181,1a,95.477,150-321,Yes,150;159;206;282;316;320;321
EU710143,1,92.269,1a,91.762,150-321,Yes,150;159;206;282;316;320;321
EU710144,1,92.763,1a,92.259,150-321,Yes,150;159;206;282;316;320;321
EU710145,1,93.820,1a,93.134,150-321,Yes,150;159;206;282;316;320;321
EU710158,1,94.100,1a,93.215,150-321,Yes,150;159;206;282;316;320;321
EU710164,1,93.567,1a,92.788,150-321,Yes,150;159;206;282;316;320;321
EU710167,1,94.691,1a,94.074,150-321,Yes,150;159;206;282;316;320;321
EU710168,1,92.262,1a,91.766,150-321,Yes,150;159;206;282;316;320;321
EU710170,1,93.647,1a,93.005,150-321,Yes,150;159;206;282;316;320;321
EU710172,1,94.394,1a,94.050,150-321,Yes,150;159;206;282;316;320;321
EU710173,1,93.641,1a,93.026,150-321,Yes,150;159;206;282;316;320;321
EU710174,1,95.574,1a,94.979,150-321,Yes,150;159;206;282;316;320;321
EU710176,1,93.646,1a,92.962,150-321,Yes,150;159;206;282;316;320;321
EU710177,1,92.862,1a,92.791,150-321,Yes,150;159;206;282;316;320;321
EU710178,1,95.360,1a,94.789,150-321,Yes,150;159;206;282;316;320;321
EU710180,1,93.015,1a,93.229,150-321,Yes,150;159;206;282;316;320;321
EU710181,1,93.149,1a,92.331,150-321,Yes,150;159;206;282;316;320;321
EU710184,1,96.224,1a,95.944,229-321,,282;316;320;321
EU710186,1,93.291,1a,93.576,150-321,Yes,150;159;206;282;316;320;321
EU710187,1,93.693,1a,93.161,150-321,Yes,150;159;206;282;316;320;321
EU710188,1,92.195,1a,92.117,150-321,Yes,150;159;206;282;316;320;321
EU710189,1,93.692,1a,93.321,150-321,Yes,150;159;206;282;316;320;321
EU710192,1,93.728,1a,93.229,150-321,Yes,150;159;206;282;316;320;321
EU710194,1,92.979,1a,92.606,150-321,Yes,150;159;206;282;316;320;321
EU710196,1,96.151,1a,95.510,150-321,Yes,150;159;206;282;316;320;321
EU710199,1,93.951,1a,93.401,150-321,Yes,150;159;206;282;316;320;321
EU710200,1,94.699,1a,94.160,150-321,Yes,150;159;206;282;316;320;321
EU710201,1,92.516,1a,92.017,150-321,Yes,150;159;206;282;316;320;321
EU710203,1,92.208,1a,91.919,150-321,Yes,150;159;206;282;316;320;321
EU710206,1,93.799,1a,93.585,150-321,Yes,150;159;206;282;316;320;321
EU710207,1,93.920,1a,93.562,150-321,Yes,150;159;206;282;316;320;321
EU710208,1,92.872,1a,92.587,150-321,Yes,150;159;206;282;316;320;321
EU710209,1,94.156,1a,93.692,150-321,Yes,150;159;206;282;316;320;321
EU710210,1,94.726,1a,94.227,150-321,Yes,150;159;206;282;316;320;321
EU710211,1,92.006,1a,91.649,150-321,Yes,150;159;206;282;316;320;321
EU710215,1,95.153,1a,94.868,150-321,Yes,150;159;206;282;316;320;321
EU710219,1,93.216,1a,92.797,150-321,Yes,150;159;206;282;316;320;321
EU710223,1,93.229,1a,92.659,150-321,Yes,150;159;206;282;316;320;321
EU710224,1,94.524,1a,93.804,150-321,Yes,150;159;206;282;316;320;321
EU710226,1,92.604,1a,92.209,150-321,Yes,150;159;206;282;316;320;321
EU710227,1,93.904,1a,93.117,150-321,Yes,150;159;206;282;316;320;321
EU710229,1,94.780,1a,93.952,150-321,Yes,150;159;206;282;316;320;321
EU710230,1,93.806,1a,93.487,150-321,Yes,150;159;206;282;316;320;321
EU710234,1,93.571,1a,92.884,150-321,Yes,150;159;206;282;316;320;321
EU710235,1,94.647,1a,93.790,150-321,Yes,150;159;206;282;316;320;321
EU710236,1,96.150,1a,95.509,150-321,Yes,150;159;206;282;316;320;321
EU710238,1,93.300,1a,92.801,150-321,Yes,150;159;206;282;316;320;321
EU710239,1,94.635,1a,94.134,150-321,Yes,150;159;206;282;316;320;321
EU710240,1,94.581,1a,93.786,150-321,Yes,150;159;206;282;316;320;321
EU710241,1,93.728,1a,93.300,150-321,Yes,150;159;206;282;316;320;321
EU710243,1,93.270,1a,92.571,150-321,Yes,150;159;206;282;316;320;321
EU710244,1,93.922,1a,93.162,150-321,Yes,150;159;206;282;316;320;321
EU710248,1,94.726,1a,94.155,150-321,Yes,150;159;206;282;316;320;321
EU710249,1,93.446,1a,93.049,150-321,Yes,150;159;206;282;316;320;321
EU710253,1,93.494,1a,92.982,150-321,Yes,150;159;206;282;316;320;321
EU710255,1,93.362,1a,92.862,150-321,Yes,150;159;206;282;316;320;321
EU710259,1,94.004,1a,93.647,150-321,Yes,150;159;206;282;316;320;321
EU710260,1,93.505,1a,93.005,150-321,Yes,150;159;206;282;316;320;321
EU710267,1,94.013,1a,93.585,150-321,Yes,150;159;206;282;316;320;321
EU710270,1,94.861,1a,94.004,150-321,Yes,150;159;206;282;316;320;321
EU710271,1,93.489,1a,92.977,150-321,Yes,150;159;206;282;316;320;321
EU710273,1,92.288,1a,91.724,150-321,Yes,150;159;206;282;316;320;321
EU710276,1,93.174,1a,92.822,150-321,Yes,150;159;206;282;316;320;321
EU710284,1,81.790,1b,93.384,150-321,Yes,150;159;206;282;316;320;321
EU710285,1,79.633,1b,92.844,150-321,Yes,150;159;206;282;316;320;321
EU710286,1,80.704,1b,91.960,150-321,Yes,150;159;206;282;316;320;321
EU710287,1,81.363,1b,92.365,150-321,Yes,150;159;206;282;316;320;321
EU710290,1,81.508,1b,91.969,150-321,Yes,150;159;206;282;316;320;321
EU710293,1,81.579,1b,92.964,150-321,Yes,150;159;206;282;316;320;321
EU710295,1,82.815,1b,92.351,150-321,Yes,150;159;206;282;316;320;321
EU710296,1,93.899,1a,93.192,150-321,Yes,150;159;206;282;316;320;321
EU710298,1,81.981,1b,92.846,150-321,Yes,150;159;206;282;316;320;321
EU710303,1,79.282,1b,89.729,150-321,Yes,150;159;206;282;316;320;321
EU710304,1,81.364,1b,92.483,150-321,Yes,150;159;206;282;316;320;321
EU710305,1,82.335,1b,92.442,150-321,Yes,150;159;206;282;316;320;321
EU710308,1,82.474,1b,93.056,150-321,Yes,150;159;206;282;316;320;321
EU710312,1,81.059,1b,91.391,150-321,Yes,150;159;206;282;316;320;321
EU710313,1,81.455,1b,92.582,150-321,Yes,150;159;206;282;316;320;321
EU710316,1,81.337,1b,92.731,150-321,Yes,150;159;206;282;316;320;321
EU710319,1,80.743,1b,92.485,150-321,Yes,150;159;206;282;316;320;321
EU710322,1,82.336,1b,91.518,150-321,Yes,150;159;206;282;316;320;321
EU710323,1,81.439,1b,92.172,150-321,Yes,150;159;206;282;316;320;321
EU710324,1,82.040,1b,91.888,150-321,Yes,150;159;206;282;316;320;321
EU710325,1,81.255,1b,92.832,150-321,Yes,150;159;206;282;316;320;321
EU710326,1,81.505,1b,93.319,150-321,Yes,150;159;206;282;316;320;321
EU710327,1,80.679,1b,92.640,150-321,Yes,150;159;206;282;316;320;321
EU710329,1,81.543,1b,91.977,150-321,Yes,150;159;206;282;316;320;321
EU710330,1,79.899,1b,90.674,150-321,Yes,150;159;206;282;316;320;321
EU710332,3,95.497,3a,93.553,150-321,Yes,150;159;206;282;316;320;321
EU710333,3,94.593,3a,94.391,150-321,Yes,150;159;206;282;316;320;321
EU710337,3,96.269,3a,93.813,150-321,Yes,150;159;206;282;316;320;321
EU710339,3,96.012,3a,93.938,150-321,Yes,150;159;206;282;316;320;321
EU710340,3,94.819,3a,93.460,150-321,Yes,150;159;206;282;316;320;321
EU710341,3,93.392,3a,91.132,150-321,Yes,150;159;206;282;316;320;321
EU710347,3,95.849,3a,93.840,150-321,Yes,150;159;206;282;316;320;321
EU710348,3,93.086,3a,91.880,150-321,Yes,150;159;206;282;316;320;321
EU710353,3,94.978,3a,94.919,150-321,Yes,150;159;206;282;316;320;321
EU710354,3,95.810,3a,94.000,150-321,Yes,150;159;206;282;316;320;321
EU710355,3,96.061,3a,93.262,150-321,Yes,150;159;206;282;316;320;321
EU710368,3,94.434,3a,91.781,150-321,Yes,150;159;206;282;316;320;321
EU710371,3,95.498,3a,93.933,150-321,Yes,150;159;206;282;316;320;321
EU710372,3,95.394,3a,93.075,150-321,Yes,150;159;206;282;316;320;321
EU710374,3,93.546,3a,92.048,150-321,Yes,150;159;206;282;316;320;321
EU710375,3,95.300,3a,93.280,150-321,Yes,150;159;206;282;316;320;321
EU710376,3,95.852,3a,93.455,150-321,Yes,150;159;206;282;316;320;321
EU710377,3,96.402,3a,94.607,150-321,Yes,150;159;206;282;316;320;321
EU710378,3,96.066,3a,94.568,150-321,Yes,150;159;206;282;316;320;321
EU710379,3,93.506,3a,91.204,150-321,Yes,150;159;206;282;316;320;321
EU710380,3,95.875,3a,93.532,150-321,Yes,150;159;206;282;316;320;321
EU710381,3,96.491,3a,94.109,150-321,Yes,150;159;206;282;316;320;321
EU710383,3,95.888,3a,93.287,150-321,Yes,150;159;206;282;316;320;321
EU710385,3,92.872,3a,90.883,150-321,Yes,150;159;206;282;316;320;321
EU710386,3,95.064,3a,92.852,150-321,Yes,150;159;206;282;316;320;321
EU710389,3,94.281,3a,93.008,150-321,Yes,150;159;206;282;316;320;321
EU710392,3,95.910,3a,93.937,150-321,Yes,150;159;206;282;316;320;321
EU710393,3,94.303,3a,93.073,150-321,Yes,150;159;206;282;316;320;321
EU710394,3,95.864,3a,93.564,150-321,Yes,150;159;206;282;316;320;321
EU710398,3,94.483,3a,93.262,150-321,Yes,150;159;206;282;316;320;321
EU710399,3,95.346,3a,93.297,150-321,Yes,150;159;206;282;316;320;321
EU710401,3,95.044,3a,93.555,150-321,Yes,150;159;206;282;316;320;321
EU710404,3,96.193,3a,93.634,150-321,Yes,150;159;206;282;316;320;321
EU710405,3,94.250,3a,92.923,150-321,Yes,150;159;206;282;316;320;321
EU710406,3,94.375,3a,92.505,150-321,Yes,150;159;206;282;316;320;321
EU710408,3,94.847,3a,92.840,150-321,Yes,150;159;206;282;316;320;321
EU710413,3,95.056,3a,93.876,150-321,Yes,150;159;206;282;316;320;321
EU710415,3,96.225,3a,94.513,150-321,Yes,150;159;206;282;316;320;321
EU710417,3,95.046,3a,94.128,150-321,Yes,150;159;206;282;316;320;321
EU710418,3,95.833,3a,94.316,150-321,Yes,150;159;206;282;316;320;321
EU710421,3,94.406,3a,92.843,150-321,Yes,150;159;206;282;316;320;321
EU710423,3,93.614,3a,92.076,150-321,Yes,150;159;206;282;316;320;321
EU710424,3,92.985,3a,91.615,150-321,Yes,150;159;206;282;316;320;321
EU710425,3,94.200,3a,92.672,150-321,Yes,150;159;206;282;316;320;321
EU710427,3,94.048,3a,92.531,150-321,Yes,150;159;206;282;316;320;321
EU710428,3,95.200,3a,93.200,150-321,Yes,150;159;206;282;316;320;321
EU710430,3,95.391,3a,94.059,150-321,Yes,150;159;206;282;316;320;321
EU710431,3,95.445,3a,94.069,150-321,Yes,150;159;206;282;316;320;321
EU710436,3,96.126,3a,93.871,150-321,Yes,150;159;206;282;316;320;321
EU710438,3,94.826,3a,93.575,150-321,Yes,150;159;206;282;316;320;321
EU710439,3,95.267,3a,94.730,150-321,Yes,150;159;206;282;316;320;321
EU710440,3,94.364,3a,92.357,150-321,Yes,150;159;206;282;316;320;321
EU710441,3,94.526,3a,92.987,150-321,Yes,150;159;206;282;316;320;321
EU710444,3,95.784,3a,93.413,150-321,Yes,150;159;206;282;316;320;321
EU710445,3,94.845,3a,94.986,150-321,Yes,150;159;206;282;316;320;321
EU710448,3,96.151,3a,94.231,150-321,Yes,150;159;206;282;316;320;321
EU710449,3,94.399,3a,92.969,150-321,Yes,150;159;206;282;316;320;321
EU710452,3,94.678,3a,94.756,150-321,Yes,150;159;206;282;316;320;321
EU710454,3,94.564,3a,94.210,150-321,Yes,150;159;206;282;316;320;321
EU710455,3,95.098,3a,92.722,150-321,Yes,150;159;206;282;316;320;321
EU710456,3,94.200,3a,92.737,150-321,Yes,150;159;206;282;316;320;321
EU710457,3,94.932,3a,93.566,150-321,Yes,150;159;206;282;316;320;321
EU710459,3,94.571,3a,93.401,150-321,Yes,150;159;206;282;316;320;321
EU710460,3,96.083,3a,93.879,150-321,Yes,150;159;206;282;316;320;321
EU710461,3,95.414,3a,93.023,150-321,Yes,150;159;206;282;316;320;321
EU781746,1,96.614,1a,95.824,150-321,Yes,150;159;206;282;316;320;321
EU781747,1,96.334,1a,96.616,150-321,Yes,150;159;206;282;316;320;321
EU781748,1,94.980,1a,94.303,150-321,Yes,150;159;206;282;316;320;321
EU781749,1,95.544,1a,95.037,150-321,Yes,150;159;206;282;316;320;321
EU781750,1,94.924,1a,94.755,150-321,Yes,150;159;206;282;316;320;321
EU781751,1,97.575,1a,96.672,150-321,Yes,150;159;206;282;316;320;321
EU781752,1,93.796,1a,93.232,150-321,Yes,150;159;206;282;316;320;321
EU781753,1,94.642,1a,94.416,150-321,Yes,150;159;206;282;316;320;321
EU781754,1,96.898,1a,96.165,150-321,Yes,150;159;206;282;316;320;321
EU781755,1,96.785,1a,95.826,150-321,Yes,150;159;206;282;316;320;321
EU781756,1,96.954,1a,96.221,150-321,Yes,150;159;206;282;316;320;321
EU781757,1,94.865,1a,94.470,150-321,Yes,150;159;206;282;316;320;321
EU781758,1,96.219,1a,95.090,150-321,Yes,150;159;206;282;316;320;321
EU781759,1,95.488,1a,94.642,150-321,Yes,150;159;206;282;316;320;321
EU781760,1,97.180,1a,96.729,150-321,Yes,150;159;206;282;316;320;321
EU781761,1,96.727,1a,96.332,150-321,Yes,150;159;206;282;316;320;321
EU781762,1,95.995,1a,95.657,150-321,Yes,150;159;206;282;316;320;321
EU781763,1,96.388,1a,95.824,150-321,Yes,150;159;206;282;316;320;321
EU781764,1,96.842,1a,96.052,150-321,Yes,150;159;206;282;316;320;321
EU781765,1,94.247,1a,93.852,150-321,Yes,150;159;206;282;316;320;321
EU781766,1,95.880,1a,94.865,150-321,Yes,150;159;206;282;316;320;321
EU781767,1,94.303,1a,94.247,150-321,Yes,150;159;206;282;316;320;321
EU781768,1,95.260,1a,94.865,150-321,Yes,150;159;206;282;316;320;321
EU781769,1,96.108,1a,95.431,150-321,Yes,150;159;206;282;316;320;321
EU781770,1,96.954,1a,96.221,150-321,Yes,150;159;206;282;316;320;321
EU781771,1,94.134,1a,93.739,150-321,Yes,150;159;206;282;316;320;321
EU781772,1,95.657,1a,95.375,150-321,Yes,150;159;206;282;316;320;321
EU781773,1,96.277,1a,95.544,150-321,Yes,150;159;206;282;316;320;321
EU781774,1,96.729,1a,96.221,150-321,Yes,150;159;206;282;316;320;321
EU781775,1,96.050,1a,95.542,150-321,Yes,150;159;206;282;316;320;321
EU781776,1,97.631,1a,96.785,150-321,Yes,150;159;206;282;316;320;321
EU781777,1,95.939,1a,95.319,150-321,Yes,150;159;206;282;316;320;321
EU781778,1,94.755,1a,94.134,150-321,Yes,150;159;206;282;316;320;321
EU781779,1,93.965,1a,93.683,150-321,Yes,150;159;206;282;316;320;321
EU781780,1,95.037,1a,94.755,150-321,Yes,150;159;206;282;316;320;321
EU781781,1,95.375,1a,94.585,150-321,Yes,150;159;206;282;316;320;321
EU781782,1,96.221,1a,96.108,150-321,Yes,150;159;206;282;316;320;321
EU781783,1,97.124,1a,95.939,150-321,Yes,150;159;206;282;316;320;321
EU781784,1,97.236,1a,96.052,150-321,Yes,150;159;206;282;316;320;321
EU781785,1,96.052,1a,95.262,150-321,Yes,150;159;206;282;316;320;321
EU781786,1,97.011,1a,96.616,150-321,Yes,150;159;206;282;316;320;321
EU781787,1,94.134,1a,93.852,150-321,Yes,150;159;206;282;316;320;321
EU781788,1,94.642,1a,93.909,150-321,Yes,150;159;206;282;316;320;321
EU781789,1,95.601,1a,95.149,150-321,Yes,150;159;206;282;316;320;321
EU781790,1,94.473,1a,94.191,150-321,Yes,150;159;206;282;316;320;321
EU781791,1,96.332,1a,95.993,150-321,Yes,150;159;206;282;316;320;321
EU781792,1,95.713,1a,94.811,150-321,Yes,150;159;206;282;316;320;321
EU781793,1,95.601,1a,95.544,150-321,Yes,150;159;206;282;316;320;321
EU781794,1,96.390,1a,95.883,150-321,Yes,150;159;206;282;316;320;321
EU781795,1,94.413,1a,93.736,150-321,Yes,150;159;206;282;316;320;321
EU781796,1,94.585,1a,93.965,150-321,Yes,150;159;206;282;316;320;321
EU781797,1,96.447,1a,95.657,150-321,Yes,150;159;206;282;316;320;321
EU781798,1,95.770,1a,95.375,150-321,Yes,150;159;206;282;316;320;321
EU781799,1,95.488,1a,94.811,150-321,Yes,150;159;206;282;316;320;321
EU781800,1,97.236,1a,96.560,150-321,Yes,150;159;206;282;316;320;321
EU781801,1,97.631,1a,96.815,150-321,Yes,150;159;206;282;316;320;321
EU781802,1,97.011,1a,96.334,150-321,Yes,150;159;206;282;316;320;321
EU781803,1,96.560,1a,95.939,150-321,Yes,150;159;206;282;316;320;321
EU781804,1,96.390,1a,95.601,150-321,Yes,150;159;206;282;316;320;321
EU781805,1,96.163,1a,95.767,150-321,Yes,150;159;206;282;316;320;321
EU781806,1,96.165,1a,95.037,150-321,Yes,150;159;206;282;316;320;321
EU781807,1,94.585,1a,93.796,150-321,Yes,150;159;206;282;316;320;321
EU781808,1,94.134,1a,94.078,150-321,Yes,150;159;206;282;316;320;321
EU781809,1,96.388,1a,95.429,150-321,Yes,150;159;206;282;316;320;321
EU781810,1,95.262,1a,94.529,150-321,Yes,150;159;206;282;316;320;321
EU781811,1,96.503,1a,95.544,150-321,Yes,150;159;206;282;316;320;321
EU781812,1,96.558,1a,95.767,150-321,Yes,150;159;206;282;316;320;321
EU781813,1,95.995,1a,95.431,150-321,Yes,150;159;206;282;316;320;321
EU781814,1,96.672,1a,96.052,150-321,Yes,150;159;206;282;316;320;321
EU781815,1,97.124,1a,96.165,150-321,Yes,150;159;206;282;316;320;321
EU781816,1,95.375,1a,94.811,150-321,Yes,150;159;206;282;316;320;321
EU781817,1,93.909,1a,93.796,150-321,Yes,150;159;206;282;316;320;321
EU781818,1,94.413,1a,94.074,150-321,Yes,150;159;206;282;316;320;321
EU781819,1,95.826,1a,95.431,150-321,Yes,150;159;206;282;316;320;321
EU781820,1,96.616,1a,96.165,150-321,Yes,150;159;206;282;316;320;321
EU781821,1,97.575,1a,96.644,150-321,Yes,150;159;206;282;316;320;321
EU781822,1,95.544,1a,95.319,150-321,Yes,150;159;206;282;316;320;321
EU781823,1,97.800,1a,96.871,150-321,Yes,150;159;206;282;316;320;321
EU781824,1,92.893,1a,92.499,150-321,Yes,150;159;206;282;316;320;321
EU781825,1,82.675,1b,92.946,150-321,Yes,150;159;206;282;316;320;321
EU781826,1,82.403,1b,93.119,150-321,Yes,150;159;206;282;316;320;321
EU781827,1,82.290,1b,93.739,150-321,Yes,150;159;206;282;316;320;321
EU781828,1,82.741,1b,93.401,150-321,Yes,150;159;206;282;316;320;321
EU781829,1,82.064,1b,92.893,150-321,Yes,150;159;206;282;316;320;321
EU781830,1,82.131,1b,92.386,150-321,Yes,150;159;206;282;316;320;321
EU781831,1,81.895,1b,93.006,150-321,Yes,150;159;206;282;316;320;321
EU781832,1,82.234,1b,94.078,150-321,Yes,150;159;206;282;316;320;321
EU798760,6,75.485,6v,100.000,150-321,Yes,150;159;206;282;316;320;321
EU798761,6,75.299,6v,99.486,150-321,Yes,150;159;206;282;316;320;321
EU862823,1,96.447,1a,95.563,150-321,Yes,150;159;206;282;316;320;321
EU862824,1,95.088,1a,94.241,150-321,Yes,150;159;206;282;316;320;321
EU862832,1,96.277,1a,95.544,150-321,Yes,150;159;206;282;316;320;321
EU862833,1,96.346,1a,95.534,150-321,Yes,150;159;206;282;316;320;321
EU862834,1,96.332,1a,95.711,150-321,Yes,150;159;206;282;316;320;321
FJ025856,4,80.743,4w,100.000,150-321,Yes,150;159;206;282;316;320;321
FJ217353,1,81.669,1b,91.991,150-321,Yes,150;159;206;282;316;320;321
FJ217354,1,81.500,1b,92.499,150-321,Yes,150;159;206;282;316;320;321
FJ217355,1,82.685,1b,93.115,150-321,Yes,150;159;206;282;316;320;321
FJ217356,1,81.885,1b,93.059,150-321,Yes,150;159;206;282;316;320;321
FJ380064,1,82.476,1b,92.538,150-321,Yes,150;159;206;282;316;320;321
FJ380065,1,82.306,1b,94.234,150-321,Yes,150;159;206;282;316;320;321
FJ380067,1,81.921,1b,92.595,150-321,Yes,150;159;206;282;316;320;321
FJ380068,1,82.403,1b,93.288,150-321,Yes,150;159;206;282;316;320;321
FJ380071,1,82.306,1b,93.217,150-321,Yes,150;159;206;282;316;320;321
FJ380072,1,82.306,1b,93.273,150-321,Yes,150;159;206;282;316;320;321
FJ380073,1,82.759,1b,93.047,150-321,Yes,150;159;206;282;316;320;321
FJ380074,1,82.525,1b,99.267,150-321,Yes,150;159;206;282;316;320;321
FJ380075,1,82.476,1b,93.838,150-321,Yes,150;159;206;282;316;320;321
FJ380076,1,82.476,1b,93.895,150-321,Yes,150;159;206;282;316;320;321
FJ380077,1,81.854,1b,93.443,150-321,Yes,150;159;206;282;316;320;321
FJ380078,1,81.798,1b,93.669,150-321,Yes,150;159;206;282;316;320;321
FJ380080,1,81.998,1b,93.059,150-321,Yes,150;159;206;282;316;320;321
FJ380081,1,82.582,1b,93.397,150-321,Yes,150;159;206;282;316;320;321
FJ380082,1,82.582,1b,93.397,150-321,Yes,150;159;206;282;316;320;321
FJ380083,1,82.137,1b,92.764,150-321,Yes,150;159;206;282;316;320;321
FJ380084,1,81.854,1b,92.312,150-321,Yes,150;159;206;282;316;320;321
FJ380085,1,82.090,1b,92.425,150-321,Yes,150;159;206;282;316;320;321
FJ380087,1,82.306,1b,92.708,150-321,Yes,150;159;206;282;316;320;321
FJ380088,1,82.413,1b,93.115,150-321,Yes,150;159;206;282;316;320;321
FJ380089,1,82.234,1b,93.288,150-321,Yes,150;159;206;282;316;320;321
FJ407092,3,83.741,3i,100.000,150-321,Yes,150;159;206;282;316;320;321
FJ435090,6,75.214,6v,97.945,150-321,Yes,150;159;206;282;316;320;321
FJ462431,4,84.104,4p,100.000,150-321,Yes,150;159;206;282;316;320;321
FJ462433,4,84.966,4m,100.000,150-321,Yes,150;159;206;282;316;320;321
FJ462434,4,83.484,4q,100.000,150-321,Yes,150;159;206;282;316;320;321
FJ462435,4,80.034,4b,100.000,150-321,Yes,150;159;206;282;316;320;321
FJ462436,4,88.451,4c,100.000,150-321,Yes,150;159;206;282;316;320;321
FJ462437,4,84.386,4d,100.000,150-321,Yes,150;159;206;282;316;320;321
FJ462438,4,82.442,4k,100.000,150-321,Yes,150;159;206;282;316;320;321
FJ462439,4,82.095,4r,100.000,150-321,Yes,150;159;206;282;316;320;321
FJ462440,4,83.878,4o,100.000,150-321,Yes,150;159;206;282;316;320;321
FJ462441,4,83.474,4n,100.000,150-321,Yes,150;159;206;282;316;320;321
FJ469163,6,79.826,6a,95.918,150-321,Yes,150;159;206;282;316;320;321
FJ469164,6,80.261,6a,96.647,150-321,Yes,150;159;206;282;316;320;321
FJ469165,6,81.241,6a,96.501,150-321,Yes,150;159;206;282;316;320;321
FJ469166,6,80.552,6a,95.481,150-321,Yes,150;159;206;282;316;320;321
FJ469167,6,79.883,6a,96.356,150-321,Yes,150;159;206;282;316;320;321
FJ469168,6,80.697,6a,95.627,150-321,Yes,150;159;206;282;316;320;321
FJ469169,6,80.175,6a,96.501,150-321,Yes,150;159;206;282;316;320;321
FJ469170,6,80.904,6a,96.210,150-321,Yes,150;159;206;282;316;320;321
FJ469171,6,81.132,6a,97.085,150-321,Yes,150;159;206;282;316;320;321
FJ469172,6,79.502,6a,96.501,150-321,Yes,150;159;206;282;316;320;321
FJ469173,6,79.971,6a,95.481,150-321,Yes,150;159;206;282;316;320;321
FJ469174,6,81.277,6a,96.064,150-321,Yes,150;159;206;282;316;320;321
FJ469175,6,79.245,6a,96.064,150-321,Yes,150;159;206;282;316;320;321
FJ469176,6,80.406,6a,96.501,150-321,Yes,150;159;206;282;316;320;321
FJ469177,6,80.697,6a,95.335,150-321,Yes,150;159;206;282;316;320;321
FJ469178,6,80.552,6a,96.064,150-321,Yes,150;159;206;282;316;320;321
FJ469179,6,80.552,6a,96.647,150-321,Yes,150;159;206;282;316;320;321
FJ469180,6,81.132,6a,95.918,150-321,Yes,150;159;206;282;316;320;321
FJ469181,6,80.321,6a,94.752,150-321,Yes,150;159;206;282;316;320;321
FJ469182,6,80.029,6a,95.044,150-321,Yes,150;159;206;282;316;320;321
FJ469183,6,81.277,6a,96.939,150-321,Yes,150;159;206;282;316;320;321
FJ469184,6,81.567,6a,95.773,150-321,Yes,150;159;206;282;316;320;321
FJ469185,6,80.904,6a,96.356,150-321,Yes,150;159;206;282;316;320;321
FJ469186,6,80.233,6a,96.064,150-321,Yes,150;159;206;282;316;320;321
FJ469187,6,80.552,6a,95.918,150-321,Yes,150;159;206;282;316;320;321
FJ469188,6,80.612,6a,96.210,150-321,Yes,150;159;206;282;316;320;321
FJ469189,6,81.422,6a,96.356,150-321,Yes,150;159;206;282;316;320;321
FJ469190,6,80.175,6a,94.023,150-321,Yes,150;159;206;282;316;320;321
FJ469191,6,80.175,6a,93.732,150-321,Yes,150;159;206;282;316;320;321
FJ469192,6,80.904,6a,95.335,150-321,Yes,150;159;206;282;316;320;321
FJ469193,6,81.567,6a,96.647,150-321,Yes,150;159;206;282;316;320;321
FJ469194,6,80.552,6a,97.085,150-321,Yes,150;159;206;282;316;320;321
FJ469195,6,80.116,6a,96.939,150-321,Yes,150;159;206;282;316;320;321
FJ469196,6,80.959,6a,96.647,150-321,Yes,150;159;206;282;316;320;321
FJ469197,6,80.697,6a,96.501,150-321,Yes,150;159;206;282;316;320;321
FJ469198,6,79.681,6a,96.210,150-321,Yes,150;159;206;282;316;320;321
FJ469199,6,80.987,6a,96.064,150-321,Yes,150;159;206;282;316;320;321
FJ469200,6,81.341,6a,96.210,150-321,Yes,150;159;206;282;316;320;321
FJ469201,6,81.250,6a,97.376,150-321,Yes,150;159;206;282;316;320;321
FJ469202,6,81.132,6a,95.918,150-321,Yes,150;159;206;282;316;320;321
FJ469203,6,80.029,6a,95.335,150-321,Yes,150;159;206;282;316;320;321
FJ469204,6,80.000,6a,94.721,150-321,Yes,150;159;206;282;316;320;321
FJ469205,6,79.971,6a,95.627,150-321,Yes,150;159;206;282;316;320;321
FJ469206,6,80.552,6a,96.647,150-321,Yes,150;159;206;282;316;320;321
FJ469207,6,80.406,6a,96.793,150-321,Yes,150;159;206;282;316;320;321
FJ469208,6,79.826,6a,96.210,150-321,Yes,150;159;206;282;316;320;321
FJ469209,6,80.116,6a,96.793,150-321,Yes,150;159;206;282;316;320;321
FJ469210,6,80.697,6a,96.356,150-321,Yes,150;159;206;282;316;320;321
FJ469211,6,80.552,6a,96.647,150-321,Yes,150;159;206;282;316;320;321
FJ469212,6,80.552,6a,96.939,150-321,Yes,150;159;206;282;316;320;321
FJ469213,6,79.971,6a,97.085,150-321,Yes,150;159;206;282;316;320;321
FJ469214,6,79.971,6a,96.356,150-321,Yes,150;159;206;282;316;320;321
FJ469215,6,80.697,6a,96.647,150-321,Yes,150;159;206;282;316;320;321
FJ469216,6,80.697,6a,96.647,150-321,Yes,150;159;206;282;316;320;321
FJ469217,6,79.971,6a,96.356,150-321,Yes,150;159;206;282;316;320;321
FJ469218,6,79.971,6a,96.356,150-321,Yes,150;159;206;282;316;320;321
FJ469219,6,79.971,6a,96.356,150-321,Yes,150;159;206;282;316;320;321
FJ469220,6,79.971,6a,96.356,150-321,Yes,150;159;206;282;316;320;321
FJ469221,6,79.971,6a,96.356,150-321,Yes,150;159;206;282;316;320;321
FJ469222,6,80.116,6a,96.356,150-321,Yes,150;159;206;282;316;320;321
FJ469223,6,79.971,6a,96.356,150-321,Yes,150;159;206;282;316;320;321
FJ469224,6,80.697,6a,95.627,150-321,Yes,150;159;206;282;316;320;321
FJ469225,6,81.195,6a,96.210,150-321,Yes,150;159;206;282;316;320;321
FJ469226,6,81.132,6a,97.085,150-321,Yes,150;159;206;282;316;320;321
FJ469227,6,80.261,6a,96.501,150-321,Yes,150;159;206;282;316;320;321
FJ469228,6,80.842,6a,96.356,150-321,Yes,150;159;206;282;316;320;321
FJ469229,6,80.987,6a,95.627,150-321,Yes,150;159;206;282;316;320;321
FJ469230,6,80.466,6a,94.898,150-321,Yes,150;159;206;282;316;320;321
FJ469231,6,81.422,6a,95.773,150-321,Yes,150;159;206;282;316;320;321
FJ469232,6,80.378,6a,96.064,150-321,Yes,150;159;206;282;316;320;321
FJ469233,6,80.523,6a,96.356,150-321,Yes,150;159;206;282;316;320;321
FJ469234,6,79.942,6a,96.064,150-321,Yes,150;159;206;282;316;320;321
FJ469235,6,80.233,6a,96.356,150-321,Yes,150;159;206;282;316;320;321
FJ469236,6,80.523,6a,96.356,150-321,Yes,150;159;206;282;316;320;321
FJ469237,6,80.959,6a,95.627,150-321,Yes,150;159;206;282;316;320;321
FJ469238,6,80.523,6a,96.647,150-321,Yes,150;159;206;282;316;320;321
FJ469239,6,80.669,6a,96.356,150-321,Yes,150;159;206;282;316;320;321
FJ469240,6,80.669,6a,96.356,150-321,Yes,150;159;206;282;316;320;321
FJ469241,6,80.669,6a,96.356,150-321,Yes,150;159;206;282;316;320;321
FJ469242,6,80.523,6a,95.918,150-321,Yes,150;159;206;282;316;320;321
FJ469243,6,80.523,6a,96.064,150-321,Yes,150;159;206;282;316;320;321
FJ469244,6,80.523,6a,96.210,150-321,Yes,150;159;206;282;316;320;321
FJ469245,6,80.814,6a,96.210,150-321,Yes,150;159;206;282;316;320;321
FJ469246,6,80.087,6a,96.356,150-321,Yes,150;159;206;282;316;320;321
FJ469247,6,80.233,6a,95.918,150-321,Yes,150;159;206;282;316;320;321
FJ469248,6,81.132,6a,96.356,150-321,Yes,150;159;206;282;316;320;321
FJ469249,6,81.341,6a,96.501,150-321,Yes,150;159;206;282;316;320;321
FJ469250,6,79.826,6a,96.793,150-321,Yes,150;159;206;282;316;320;321
FJ469251,6,81.132,6a,96.501,150-321,Yes,150;159;206;282;316;320;321
FJ469252,6,80.842,6a,96.501,150-321,Yes,150;159;206;282;316;320;321
FJ469253,6,80.842,6a,96.501,150-321,Yes,150;159;206;282;316;320;321
FJ469254,6,81.132,6a,95.481,150-321,Yes,150;159;206;282;316;320;321
FJ469255,6,80.552,6a,96.356,150-321,Yes,150;159;206;282;316;320;321
FJ469256,6,80.842,6a,96.501,150-321,Yes,150;159;206;282;316;320;321
FJ469257,6,80.697,6a,96.064,150-321,Yes,150;159;206;282;316;320;321
FJ469258,6,80.987,6a,96.356,150-321,Yes,150;159;206;282;316;320;321
FJ469259,6,80.697,6a,96.501,150-321,Yes,150;159;206;282;316;320;321
FJ469260,6,80.697,6a,96.501,150-321,Yes,150;159;206;282;316;320;321
FJ469261,6,80.842,6a,96.793,150-321,Yes,150;159;206;282;316;320;321
FJ469262,6,80.842,6a,95.627,150-321,Yes,150;159;206;282;316;320;321
FJ469263,6,80.552,6a,95.335,150-321,Yes,150;159;206;282;316;320;321
FJ469264,6,80.842,6a,95.627,150-321,Yes,150;159;206;282;316;320;321
FJ469265,6,80.552,6a,95.335,150-321,Yes,150;159;206;282;316;320;321
FJ469266,6,80.842,6a,95.481,150-321,Yes,150;159;206;282;316;320;321
FJ469267,6,80.842,6a,95.627,150-321,Yes,150;159;206;282;316;320;321
FJ469268,6,80.842,6a,95.627,150-321,Yes,150;159;206;282;316;320;321
FJ469269,6,80.697,6a,95.481,150-321,Yes,150;159;206;282;316;320;321
FJ469270,6,80.697,6a,95.481,150-321,Yes,150;159;206;282;316;320;321
FJ469271,6,80.842,6a,95.627,150-321,Yes,150;159;206;282;316;320;321
FJ469272,6,81.050,6a,96.647,150-321,Yes,150;159;206;282;316;320;321
FJ469273,6,80.758,6a,96.064,150-321,Yes,150;159;206;282;316;320;321
FJ469274,6,81.050,6a,95.773,150-321,Yes,150;159;206;282;316;320;321
FJ469275,6,80.758,6a,96.064,150-321,Yes,150;159;206;282;316;320;321
FJ839869,4,82.920,4t,100.000,150-321,Yes,150;159;206;282;316;320;321
FJ839870,4,85.336,4l,100.000,150-321,Yes,150;159;206;282;316;320;321
FJ872256,2,81.640,2k,91.206,150-321,Yes,150;159;206;282;316;320;321
FJ872262,2,92.330,2a,93.451,150-321,Yes,150;159;206;282;316;320;321
FJ872263,2,84.130,2c,92.139,150-321,Yes,150;159;206;282;316;320;321
FJ872264,2,83.323,2k,92.105,150-321,Yes,150;159;206;282;316;320;321
FJ872265,2,92.293,2a,93.465,150-321,Yes,150;159;206;282;316;320;321
FJ872266,2,91.908,2a,92.853,150-321,Yes,150;159;206;282;316;320;321
FJ872268,2,83.873,2u,86.451,150-321,Yes,150;159;206;282;316;320;321
FJ872270,2,79.152,2l,93.400,150-321,Yes,150;159;206;282;316;320;321
FJ872271,2,81.421,2b,94.132,150-321,Yes,150;159;206;282;316;320;321
FJ872284,3,95.858,3a,93.732,150-321,Yes,150;159;206;282;316;320;321
FJ872285,3,95.486,3a,93.506,150-321,Yes,150;159;206;282;316;320;321
FJ872286,3,95.700,3a,93.329,150-321,Yes,150;159;206;282;316;320;321
FJ872287,3,96.590,3a,94.176,150-321,Yes,150;159;206;282;316;320;321
FJ872288,3,94.958,3a,93.581,150-321,Yes,150;159;206;282;316;320;321
FJ872289,3,94.949,3a,93.691,150-321,Yes,150;159;206;282;316;320;321
FJ872290,3,96.431,3a,94.681,150-321,Yes,150;159;206;282;316;320;321
FJ872293,3,96.408,3a,93.955,150-321,Yes,150;159;206;282;316;320;321
FJ872294,3,95.514,3a,93.864,150-321,Yes,150;159;206;282;316;320;321
FJ872295,3,95.182,3a,94.069,150-321,Yes,150;159;206;282;316;320;321
FJ872296,3,95.652,3a,94.186,150-321,Yes,150;159;206;282;316;320;321
FJ872297,4,91.549,4a,91.549,150-321,Yes,150;159;206;282;316;320;321
FJ872298,4,91.324,4a,91.324,150-321,Yes,150;159;206;282;316;320;321
FJ872299,4,91.966,4a,91.966,150-321,Yes,150;159;206;282;316;320;321
FJ872300,4,92.216,4a,92.216,150-321,Yes,150;159;206;282;316;320;321
FJ872301,4,92.394,4a,92.394,150-321,Yes,150;159;206;282;316;320;321
FJ872302,4,92.281,4a,92.281,150-321,Yes,150;159;206;282;316;320;321
FJ872303,4,91.136,4a,91.136,150-321,Yes,150;159;206;282;316;320;321
FJ872304,4,84.199,4d,96.163,150-321,Yes,150;159;206;282;316;320;321
FJ872305,4,84.763,4d,95.485,150-321,Yes,150;159;206;282;316;320;321
FJ872306,4,84.264,4d,95.262,150-321,Yes,150;159;206;282;316;320;321
FJ872307,4,83.371,4k,93.172,150-321,Yes,150;159;206;282;316;320;321
FJ872308,4,92.548,4a,92.548,150-321,Yes,150;159;206;282;316;320;321
FJ872309,4,92.353,4a,92.353,150-321,Yes,150;159;206;282;316;320;321
FJ872310,4,91.900,4a,91.900,150-321,Yes,150;159;206;282;316;320;321
FJ872311,4,92.404,4a,92.404,150-321,Yes,150;159;206;282;316;320;321
FJ872313,4,91.716,4a,91.716,150-321,Yes,150;159;206;282;316;320;321
FJ872314,4,84.720,4d,95.342,150-321,Yes,150;159;206;282;316;320;321
FJ872315,4,83.885,4d,95.676,150-321,Yes,150;159;206;282;316;320;321
FJ872316,4,84.921,4d,95.029,150-321,Yes,150;159;206;282;316;320;321
FJ872318,4,82.112,4d,95.330,150-321,Yes,150;159;206;282;316;320;321
FJ872320,4,91.880,4a,91.880,150-321,Yes,150;159;206;282;316;320;321
FJ872322,4,84.659,4d,94.851,150-321,Yes,150;159;206;282;316;320;321
FJ872323,4,84.762,4d,95.928,150-321,Yes,150;159;206;282;316;320;321
FJ872324,4,84.516,4d,96.175,150-321,Yes,150;159;206;282;316;320;321
FJ872325,4,84.309,4d,95.715,150-321,Yes,150;159;206;282;316;320;321
FJ872328,1,96.657,1a,95.793,150-321,Yes,150;159;206;282;316;320;321
FJ872329,1,94.111,1a,93.591,150-321,Yes,150;159;206;282;316;320;321
FJ872330,1,94.349,1a,94.064,150-321,Yes,150;159;206;282;316;320;321
FJ872331,1,96.769,1a,96.076,150-321,Yes,150;159;206;282;316;320;321
FJ872332,1,96.275,1a,95.655,150-321,Yes,150;159;206;282;316;320;321
FJ872333,1,80.196,1b,91.686,150-321,Yes,150;159;206;282;316;320;321
FJ872334,1,81.445,1b,92.192,150-321,Yes,150;159;206;282;316;320;321
FJ872335,1,81.772,1b,93.115,150-321,Yes,150;159;206;282;316;320;321
FJ872336,1,81.559,1b,92.636,150-321,Yes,150;159;206;282;316;320;321
FJ872337,1,82.090,1b,93.423,150-321,Yes,150;159;206;282;316;320;321
FJ872338,1,94.381,1a,93.724,150-321,Yes,150;159;206;282;316;320;321
FJ872339,1,93.954,1a,93.349,150-321,Yes,150;159;206;282;316;320;321
FJ872340,1,96.921,1a,96.059,150-321,Yes,150;159;206;282;316;320;321
FJ872341,1,81.744,1b,92.686,150-321,Yes,150;159;206;282;316;320;321
FJ872342,1,82.147,1i,94.457,150-321,Yes,150;159;206;282;316;320;321
FJ872343,1,93.561,1a,92.992,150-321,Yes,150;159;206;282;316;320;321
FJ872344,1,82.274,1b,91.686,150-321,Yes,150;159;206;282;316;320;321
FJ872345,1,93.646,1a,93.246,150-321,Yes,150;159;206;282;316;320;321
FJ872346,1,96.390,1a,95.375,150-321,Yes,150;159;206;282;316;320;321
FJ872347,1,93.570,1a,93.006,150-321,Yes,150;159;206;282;316;320;321
FJ872348,1,95.939,1a,95.601,150-321,Yes,150;159;206;282;316;320;321
FJ872349,1,94.021,1a,93.514,150-321,Yes,150;159;206;282;316;320;321
FJ872351,1,81.951,1b,92.837,150-321,Yes,150;159;206;282;316;320;321
FJ872352,1,81.567,1b,92.438,150-321,Yes,150;159;206;282;316;320;321
FJ872353,1,94.021,1a,93.796,150-321,Yes,150;159;206;282;316;320;321
FJ872355,1,80.936,1h,93.909,150-321,Yes,150;159;206;282;316;320;321
FJ872356,5,93.462,5a,93.746,150-321,Yes,150;159;206;282;316;320;321
FJ872357,5,91.973,5a,91.916,150-321,Yes,150;159;206;282;316;320;321
FJ872358,5,91.870,5a,92.268,150-321,Yes,150;159;206;282;316;320;321
FJ872359,5,92.666,5a,93.007,150-321,Yes,150;159;206;282;316;320;321
FJ872360,5,92.321,5a,92.605,150-321,Yes,150;159;206;282;316;320;321
FJ872361,5,90.899,5a,91.354,150-321,Yes,150;159;206;282;316;320;321
FJ872362,5,92.586,5a,93.205,150-321,Yes,150;159;206;282;316;320;321
FJ872363,5,92.647,5a,92.242,150-321,Yes,150;159;206;282;316;320;321
FJ872364,5,91.964,5a,92.639,150-321,Yes,150;159;206;282;316;320;321
FJ872365,5,92.025,5a,92.129,150-321,Yes,150;159;206;282;316;320;321
FJ872366,5,92.360,5a,92.752,150-321,Yes,150;159;206;282;316;320;321
FJ872367,5,92.425,5a,92.086,150-321,Yes,150;159;206;282;316;320;321
FJ872368,5,91.359,5a,92.553,150-321,Yes,150;159;206;282;316;320;321
FJ872369,5,92.264,5a,92.321,150-321,Yes,150;159;206;282;316;320;321
FJ872370,5,91.581,5a,92.150,150-321,Yes,150;159;206;282;316;320;321
GQ275355,3,93.457,3a,92.781,150-321,Yes,150;159;206;282;316;320;321
GQ356200,3,95.394,3a,94.063,150-321,Yes,150;159;206;282;316;320;321
GQ356206,3,94.924,3a,93.909,150-321,Yes,150;159;206;282;316;320;321
GQ356207,3,95.203,3a,93.205,150-321,Yes,150;159;206;282;316;320;321
GQ356210,3,94.048,3a,92.531,150-321,Yes,150;159;206;282;316;320;321
GQ356211,3,95.833,3a,94.316,150-321,Yes,150;159;206;282;316;320;321
GQ356212,3,96.164,3a,94.118,150-321,Yes,150;159;206;282;316;320;321
GQ356213,3,94.075,3a,92.814,150-321,Yes,150;159;206;282;316;320;321
GQ356214,3,94.841,3a,93.457,150-321,Yes,150;159;206;282;316;320;321
GQ356216,3,96.192,3a,94.192,150-321,Yes,150;159;206;282;316;320;321
JX183549,6,76.029,6xi,100.000,150-321,Yes,150;159;206;282;316;320;321
JX183550,6,75.957,6xj,87.310,150-321,Yes,150;159;206;282;316;320;321
JX183551,6,76.056,6xi,86.294,150-321,Yes,150;159;206;282;316;320;321
JX183552,6,74.830,6xb,100.000,150-321,Yes,150;159;206;282;316;320;321
JX183553,6,76.056,6l,85.956,150-321,Yes,150;159;206;282;316;320;321
JX183554,6,75.986,6l,89.391,150-321,Yes,150;159;206;282;316;320;321
JX183555,6,75.478,6l,94.698,150-321,Yes,150;159;206;282;316;320;321
JX183556,6,76.378,6l,94.642,150-321,Yes,150;159;206;282;316;320;321
JX183558,6,75.509,6j,87.472,150-321,Yes,150;159;206;282;316;320;321
JX227949,2,83.502,2c,93.556,150-321,Yes,150;159;206;282;316;320;321
JX227954,3,84.368,3g,100.000,150-321,Yes,150;159;206;282;316;320;321
JX227955,3,82.967,3i,100.000,150-321,Yes,150;159;206;282;316;320;321
JX227956,3,82.906,3i,98.228,150-321,Yes,150;159;206;282;316;320;321
JX227957,4,85.110,4l,94.980,150-321,Yes,150;159;206;282;316;320;321
JX227958,4,83.822,4l,94.470,150-321,Yes,150;159;206;282;316;320;321
JX227959,4,84.941,4v,100.000,150-321,Yes,150;159;206;282;316;320;321
JX227960,4,83.869,4v,95.431,150-321,Yes,150;159;206;282;316;320;321
JX227961,4,84.966,4m,95.090,150-321,Yes,150;159;206;282;316;320;321
JX227962,4,82.761,4r,93.965,150-321,Yes,150;159;206;282;316;320;321
JX227964,4,82.967,4k,86.069,150-321,Yes,150;159;206;282;316;320;321
JX227969,3,83.709,3i,96.095,150-321,Yes,150;159;206;282;316;320;321
JX227970,4,83.521,4n,91.483,150-321,Yes,150;159;206;282;316;320;321
JX227971,4,81.070,4g,94.473,150-321,Yes,150;159;206;282;316;320;321
JX227972,4,84.208,4m,94.360,150-321,Yes,150;159;206;282;316;320;321
JX227973,4,83.086,4n,92.503,150-321,Yes,150;159;206;282;316;320;321
JX227975,4,82.209,4r,94.979,150-321,Yes,150;159;206;282;316;320;321
JX227976,4,81.869,4r,93.739,150-321,Yes,150;159;206;282;316;320;321
JX227977,4,83.860,4o,92.833,150-321,Yes,150;159;206;282;316;320;321
JX227978,4,84.772,4o,93.736,150-321,Yes,150;159;206;282;316;320;321
JX227979,4,83.878,4o,93.909,150-321,Yes,150;159;206;282;316;320;321
JX437195,1,94.526,1a,94.074,150-321,Yes,150;159;206;282;316;320;321
JX437196,1,93.397,1a,92.777,150-321,Yes,150;159;206;282;316;320;321
JX437199,1,93.849,1a,93.059,150-321,Yes,150;159;206;282;316;320;321
JX437200,1,93.736,1a,93.397,150-321,Yes,150;159;206;282;316;320;321
JX437201,1,81.557,1b,91.535,150-321,Yes,150;159;206;282;316;320;321
JX437202,1,94.300,1a,93.629,150-321,Yes,150;159;206;282;316;320;321
JX437203,1,94.413,1a,93.679,150-321,Yes,150;159;206;282;316;320;321
JX437204,1,94.413,1a,93.679,150-321,Yes,150;159;206;282;316;320;321
JX437206,1,92.664,1a,92.551,150-321,Yes,150;159;206;282;316;320;321
JX437207,1,94.074,1a,93.172,150-321,Yes,150;159;206;282;316;320;321
JX437208,1,93.228,1a,92.551,150-321,Yes,150;159;206;282;316;320;321
JX437209,1,81.546,1b,92.494,150-321,Yes,150;159;206;282;316;320;321
JX437210,1,81.828,1b,91.930,150-321,Yes,150;159;206;282;316;320;321
JX437211,1,93.849,1a,93.397,150-321,Yes,150;159;206;282;316;320;321
JX437212,1,94.074,1a,93.510,150-321,Yes,150;159;206;282;316;320;321
JX437213,1,93.002,1a,92.325,150-321,Yes,150;159;206;282;316;320;321
JX437214,1,93.284,1a,92.889,150-321,Yes,150;159;206;282;316;320;321
JX437216,1,81.895,1b,92.269,150-321,Yes,150;159;206;282;316;320;321
JX437217,1,94.131,1a,93.792,150-321,Yes,150;159;206;282;316;320;321
JX437218,1,93.457,1a,93.627,150-321,Yes,150;159;206;282;316;320;321
JX437220,1,93.679,1a,93.059,150-321,Yes,150;159;206;282;316;320;321
JX437224,1,93.059,1a,92.269,150-321,Yes,150;159;206;282;316;320;321
JX437226,1,93.228,1a,92.720,150-321,Yes,150;159;206;282;316;320;321
JX437228,1,94.018,1a,93.567,150-321,Yes,150;159;206;282;316;320;321
JX437229,1,91.761,1a,91.422,150-321,Yes,150;159;206;282;316;320;321
JX437231,1,94.300,1a,93.857,150-321,Yes,150;159;206;282;316;320;321
JX437233,1,94.018,1a,93.679,150-321,Yes,150;159;206;282;316;320;321
JX437234,1,82.393,1b,93.002,150-321,Yes,150;159;206;282;316;320;321
JX437237,1,93.905,1a,93.397,150-321,Yes,150;159;206;282;316;320;321
JX437239,1,82.008,1b,92.494,150-321,Yes,150;159;206;282;316;320;321
JX437240,1,81.941,1b,93.059,150-321,Yes,150;159;206;282;316;320;321
JX437241,1,93.454,1a,93.059,150-321,Yes,150;159;206;282;316;320;321
JX437242,1,93.172,1a,92.889,150-321,Yes,150;159;206;282;316;320;321
JX437243,1,93.059,1a,92.889,150-321,Yes,150;159;206;282;316;320;321
JX437244,1,94.413,1a,93.962,150-321,Yes,150;159;206;282;316;320;321
JX437245,1,94.300,1a,93.454,150-321,Yes,150;159;206;282;316;320;321
JX437246,1,93.115,1a,92.720,150-321,Yes,150;159;206;282;316;320;321
JX437247,1,81.038,1b,91.253,150-321,Yes,150;159;206;282;316;320;321
JX437248,1,92.889,1a,92.381,150-321,Yes,150;159;206;282;316;320;321
JX437252,1,95.939,1a,95.206,150-321,Yes,150;159;206;282;316;320;321
JX437255,1,92.499,1a,92.559,150-321,Yes,150;159;206;282;316;320;321
JX437257,1,94.642,1a,94.191,150-321,Yes,150;159;206;282;316;320;321
JX437258,1,94.416,1a,93.627,150-321,Yes,150;159;206;282;316;320;321
JX437259,1,94.303,1a,93.852,150-321,Yes,150;159;206;282;316;320;321
JX437261,1,95.319,1a,95.093,150-321,Yes,150;159;206;282;316;320;321
JX437262,1,92.664,1a,92.269,150-321,Yes,150;159;206;282;316;320;321
JX437264,1,94.413,1a,93.510,150-321,Yes,150;159;206;282;316;320;321
JX437266,1,93.849,1a,93.679,150-321,Yes,150;159;206;282;316;320;321
JX437268,1,93.172,1a,92.607,150-321,Yes,150;159;206;282;316;320;321
JX437271,1,94.357,1a,93.849,150-321,Yes,150;159;206;282;316;320;321
JX437272,1,93.962,1a,93.736,150-321,Yes,150;159;206;282;316;320;321
JX437273,1,94.018,1a,93.341,150-321,Yes,150;159;206;282;316;320;321
JX437274,1,93.792,1a,93.172,150-321,Yes,150;159;206;282;316;320;321
JX437275,1,95.203,1a,94.639,150-321,Yes,150;159;206;282;316;320;321
JX437277,1,93.905,1a,93.228,150-321,Yes,150;159;206;282;316;320;321
JX437279,1,92.438,1a,92.156,150-321,Yes,150;159;206;282;316;320;321
JX437280,1,94.018,1a,93.231,150-321,Yes,150;159;206;282;316;320;321
JX437281,1,81.500,1b,92.381,150-321,Yes,150;159;206;282;316;320;321
KC124769,1,82.177,1b,92.668,150-321,Yes,150;159;206;282;316;320;321
KC124770,1,82.177,1b,93.063,150-321,Yes,150;159;206;282;316;320;321
KC124772,1,82.798,1b,92.217,150-321,Yes,150;159;206;282;316;320;321
KC124774,1,81.444,1b,92.893,150-321,Yes,150;159;206;282;316;320;321
KC124775,1,81.726,1b,93.345,150-321,Yes,150;159;206;282;316;320;321
KC124776,1,81.557,1b,92.217,150-321,Yes,150;159;206;282;316;320;321
KC124777,1,81.659,1b,92.381,150-321,Yes,150;159;206;282;316;320;321
KC124779,1,82.798,1b,93.232,150-321,Yes,150;159;206;282;316;320;321
KC124780,1,82.572,1b,93.232,150-321,Yes,150;159;206;282;316;320;321
KC124781,1,82.346,1b,93.006,150-321,Yes,150;159;206;282;316;320;321
KC124782,1,81.669,1b,93.401,150-321,Yes,150;159;206;282;316;320;321
KC124783,1,81.726,1b,92.386,150-321,Yes,150;159;206;282;316;320;321
KC124786,1,82.798,1b,93.514,150-321,Yes,150;159;206;282;316;320;321
KC124787,1,82.967,1b,92.664,150-321,Yes,150;159;206;282;316;320;321
KC124788,1,82.628,1b,94.247,150-321,Yes,150;159;206;282;316;320;321
KC124789,1,82.121,1b,91.822,150-321,Yes,150;159;206;282;316;320;321
KC124790,1,81.500,1b,92.269,150-321,Yes,150;159;206;282;316;320;321
KC124791,1,81.782,1b,93.006,150-321,Yes,150;159;206;282;316;320;321
KC124793,1,82.064,1b,93.228,150-321,Yes,150;159;206;282;316;320;321
KC124794,1,81.567,1b,91.314,150-321,Yes,150;159;206;282;316;320;321
KC124796,1,82.177,1b,92.217,150-321,Yes,150;159;206;282;316;320;321
KC124797,1,81.839,1b,92.386,150-321,Yes,150;159;206;282;316;320;321
KC124798,1,82.403,1b,93.063,150-321,Yes,150;159;206;282;316;320;321
KC124799,1,82.064,1b,92.494,150-321,Yes,150;159;206;282;316;320;321
KC124801,1,81.331,1b,92.273,150-321,Yes,150;159;206;282;316;320;321
KC124803,1,81.669,1b,92.724,150-321,Yes,150;159;206;282;316;320;321
KC124804,1,81.885,1b,92.777,150-321,Yes,150;159;206;282;316;320;321
KC124805,1,82.177,1b,92.329,150-321,Yes,150;159;206;282;316;320;321
KC124806,1,81.264,1b,92.664,150-321,Yes,150;159;206;282;316;320;321
KC124807,1,82.008,1b,93.232,150-321,Yes,150;159;206;282;316;320;321
KC124809,1,81.469,1b,93.570,150-321,Yes,150;159;206;282;316;320;321
KC124810,1,82.187,1b,92.837,150-321,Yes,150;159;206;282;316;320;321
KC124811,1,82.008,1b,93.175,150-321,Yes,150;159;206;282;316;320;321
KC124812,1,82.008,1b,92.781,150-321,Yes,150;159;206;282;316;320;321
KC124813,1,82.234,1b,92.668,150-321,Yes,150;159;206;282;316;320;321
KC124814,1,80.880,1b,92.893,150-321,Yes,150;159;206;282;316;320;321
KC124815,1,82.064,1b,92.442,150-321,Yes,150;159;206;282;316;320;321
KC124816,1,82.074,1b,93.006,150-321,Yes,150;159;206;282;316;320;321
KC124817,1,81.387,1b,92.386,150-321,Yes,150;159;206;282;316;320;321
KC124818,1,82.403,1b,93.119,150-321,Yes,150;159;206;282;316;320;321
KC124819,1,82.403,1b,93.627,150-321,Yes,150;159;206;282;316;320;321
KC124820,1,81.782,1b,92.555,150-321,Yes,150;159;206;282;316;320;321
KC124822,1,82.244,1b,92.837,150-321,Yes,150;159;206;282;316;320;321
KC124823,1,81.726,1b,93.232,150-321,Yes,150;159;206;282;316;320;321
KC124824,1,80.936,1b,92.442,150-321,Yes,150;159;206;282;316;320;321
KC124825,1,82.469,1b,92.446,150-321,Yes,150;159;206;282;316;320;321
KC124826,1,82.403,1b,93.683,150-321,Yes,150;159;206;282;316;320;321
KC124829,1,82.685,1b,93.175,150-321,Yes,150;159;206;282;316;320;321
KC124830,1,81.782,1b,93.345,150-321,Yes,150;159;206;282;316;320;321
KC124831,1,82.177,1b,93.175,150-321,Yes,150;159;206;282;316;320;321
KC124832,1,82.318,1b,92.887,150-321,Yes,150;159;206;282;316;320;321
KC124835,1,81.530,1b,92.528,150-321,Yes,150;159;206;282;316;320;321
KC124836,1,82.367,1b,92.110,150-321,Yes,150;159;206;282;316;320;321
KC124837,1,81.601,1b,92.708,150-321,Yes,150;159;206;282;316;320;321
KC124838,1,82.188,1b,92.528,150-321,Yes,150;159;206;282;316;320;321
KC124839,1,80.813,1b,92.588,150-321,Yes,150;159;206;282;316;320;321
KC124841,1,81.949,1b,92.947,150-321,Yes,150;159;206;282;316;320;321
KC124842,1,81.231,1b,92.528,150-321,Yes,150;159;206;282;316;320;321
KC124844,1,81.172,1b,92.767,150-321,Yes,150;159;206;282;316;320;321
KC124845,1,81.530,1b,91.751,150-321,Yes,150;159;206;282;316;320;321
KC124846,1,82.318,1b,92.289,150-321,Yes,150;159;206;282;316;320;321
KC124847,1,82.606,1b,93.545,150-321,Yes,150;159;206;282;316;320;321
KC124848,1,81.661,1b,92.648,150-321,Yes,150;159;206;282;316;320;321
KC124849,1,80.287,1b,92.110,150-321,Yes,150;159;206;282;316;320;321
KC124850,1,81.590,1b,93.126,150-321,Yes,150;159;206;282;316;320;321
KC124851,1,81.590,1b,91.990,150-321,Yes,150;159;206;282;316;320;321
KC124852,1,81.590,1b,92.170,150-321,Yes,150;159;206;282;316;320;321
KC124853,1,80.873,1b,92.409,150-321,Yes,150;159;206;282;316;320;321
KC124854,1,81.470,1b,91.871,150-321,Yes,150;159;206;282;316;320;321
KC124855,1,81.889,1b,92.289,150-321,Yes,150;159;206;282;316;320;321
KC124856,1,82.785,1b,92.349,150-321,Yes,150;159;206;282;316;320;321
KC124857,1,80.932,1b,92.648,150-321,Yes,150;159;206;282;316;320;321
KC124858,1,81.351,1b,91.572,150-321,Yes,150;159;206;282;316;320;321
KC124859,1,81.720,1b,92.289,150-321,Yes,150;159;206;282;316;320;321
KC124861,1,81.243,1b,92.887,150-321,Yes,150;159;206;282;316;320;321
KC124862,1,81.172,1b,93.545,150-321,Yes,150;159;206;282;316;320;321
KC124863,1,82.546,1b,93.126,150-321,Yes,150;159;206;282;316;320;321
KC124865,1,82.068,1b,93.186,150-321,Yes,150;159;206;282;316;320;321
KC124866,1,82.855,1b,93.365,150-321,Yes,150;159;206;282;316;320;321
KC124867,1,81.470,1b,93.485,150-321,Yes,150;159;206;282;316;320;321
KC124868,1,82.068,1b,93.545,150-321,Yes,150;159;206;282;316;320;321
KC124869,1,81.829,1b,93.186,150-321,Yes,150;159;206;282;316;320;321
KC124870,1,81.780,1b,92.230,150-321,Yes,150;159;206;282;316;320;321
KC124871,1,81.650,1b,91.990,150-321,Yes,150;159;206;282;316;320;321
KC124873,1,82.855,1b,92.050,150-321,Yes,150;159;206;282;316;320;321
KC124874,1,81.840,1b,92.349,150-321,Yes,150;159;206;282;316;320;321
KC124875,1,82.367,1b,93.246,150-321,Yes,150;159;206;282;316;320;321
KC124876,1,81.710,1b,92.170,150-321,Yes,150;159;206;282;316;320;321
KC124878,1,82.367,1b,92.648,150-321,Yes,150;159;206;282;316;320;321
KC124879,1,81.470,1b,91.333,150-321,Yes,150;159;206;282;316;320;321
KC124881,1,81.112,1b,92.230,150-321,Yes,150;159;206;282;316;320;321
KC124883,1,81.411,1b,93.305,150-321,Yes,150;159;206;282;316;320;321
KC124885,1,81.650,1b,93.485,150-321,Yes,150;159;206;282;316;320;321
KC124886,1,82.188,1b,93.604,150-321,Yes,150;159;206;282;316;320;321
KC124887,1,81.650,1b,92.230,150-321,Yes,150;159;206;282;316;320;321
KC124888,1,81.959,1b,92.827,150-321,Yes,150;159;206;282;316;320;321
KC124889,1,81.231,1b,91.154,150-321,Yes,150;159;206;282;316;320;321
KC124890,1,82.008,1b,93.066,150-321,Yes,150;159;206;282;316;320;321
KC124891,1,81.900,1b,92.349,150-321,Yes,150;159;206;282;316;320;321
KC124892,1,81.650,1b,92.349,150-321,Yes,150;159;206;282;316;320;321
KC124893,1,81.470,1b,92.887,150-321,Yes,150;159;206;282;316;320;321
KC124894,1,81.291,1b,92.528,150-321,Yes,150;159;206;282;316;320;321
KC124895,1,81.889,1b,92.767,150-321,Yes,150;159;206;282;316;320;321
KC124896,1,81.183,1b,92.708,150-321,Yes,150;159;206;282;316;320;321
KC124897,1,80.705,1b,92.289,150-321,Yes,150;159;206;282;316;320;321
KC124899,1,81.291,1b,91.811,150-321,Yes,150;159;206;282;316;320;321
KC124900,1,81.661,1b,93.126,150-321,Yes,150;159;206;282;316;320;321
KC124901,1,82.487,1b,92.050,150-321,Yes,150;159;206;282;316;320;321
KC124902,1,81.650,1b,92.827,150-321,Yes,150;159;206;282;316;320;321
KC124903,1,81.650,1b,92.588,150-321,Yes,150;159;206;282;316;320;321
KC124904,1,80.406,1b,92.050,150-321,Yes,150;159;206;282;316;320;321
KC124905,1,82.557,1b,92.528,150-321,Yes,150;159;206;282;316;320;321
KC124906,1,80.873,1b,92.110,150-321,Yes,150;159;206;282;316;320;321
KC124907,1,81.590,1b,93.126,150-321,Yes,150;159;206;282;316;320;321
KC124908,1,81.650,1b,93.365,150-321,Yes,150;159;206;282;316;320;321
KC124909,1,81.601,1b,92.234,150-321,Yes,150;159;206;282;316;320;321
KC124910,1,81.590,1b,92.947,150-321,Yes,150;159;206;282;316;320;321
KC124912,1,81.650,1b,92.469,150-321,Yes,150;159;206;282;316;320;321
KC124913,1,81.889,1b,92.708,150-321,Yes,150;159;206;282;316;320;321
KC124914,1,81.231,1b,91.871,150-321,Yes,150;159;206;282;316;320;321
KC124915,1,81.959,1b,92.230,150-321,Yes,150;159;206;282;316;320;321
KC124916,1,80.813,1b,91.871,150-321,Yes,150;159;206;282;316;320;321
KC124917,1,81.889,1b,92.528,150-321,Yes,150;159;206;282;316;320;321
KC124919,1,80.992,1b,92.409,150-321,Yes,150;159;206;282;316;320;321
KC124920,1,81.470,1b,92.409,150-321,Yes,150;159;206;282;316;320;321
KC124921,1,81.291,1b,92.349,150-321,Yes,150;159;206;282;316;320;321
KC124922,1,81.231,1b,92.588,150-321,Yes,150;159;206;282;316;320;321
KC124923,1,81.302,1b,92.230,150-321,Yes,150;159;206;282;316;320;321
KC124924,1,81.351,1b,92.110,150-321,Yes,150;159;206;282;316;320;321
KC124925,1,81.530,1b,92.767,150-321,Yes,150;159;206;282;316;320;321
KC124926,1,82.068,1b,93.305,150-321,Yes,150;159;206;282;316;320;321
KC124927,1,82.068,1b,92.289,150-321,Yes,150;159;206;282;316;320;321
KC124928,1,81.422,1b,91.034,150-321,Yes,150;159;206;282;316;320;321
KC124929,1,82.606,1b,91.990,150-321,Yes,150;159;206;282;316;320;321
KC124930,1,82.008,1b,92.469,150-321,Yes,150;159;206;282;316;320;321
KC124931,1,82.247,1b,92.528,150-321,Yes,150;159;206;282;316;320;321
KC124932,1,82.008,1b,91.990,150-321,Yes,150;159;206;282;316;320;321
KC124933,1,81.710,1b,92.170,150-321,Yes,150;159;206;282;316;320;321
KC124934,1,82.726,1b,93.126,150-321,Yes,150;159;206;282;316;320;321
KC124935,1,81.351,1b,93.007,150-321,Yes,150;159;206;282;316;320;321
KC124936,1,81.889,1b,93.425,150-321,Yes,150;159;206;282;316;320;321
KC124937,1,81.769,1b,93.186,150-321,Yes,150;159;206;282;316;320;321
KC124938,1,82.258,1b,91.213,150-321,Yes,150;159;206;282;316;320;321
KC124939,1,81.900,1b,92.588,150-321,Yes,150;159;206;282;316;320;321
KC124940,1,82.367,1b,92.767,150-321,Yes,150;159;206;282;316;320;321
KC124941,1,81.710,1b,92.827,150-321,Yes,150;159;206;282;316;320;321
KC124942,1,81.481,1b,91.692,150-321,Yes,150;159;206;282;316;320;321
KC124944,1,80.992,1b,91.871,150-321,Yes,150;159;206;282;316;320;321
KC124945,1,81.590,1b,92.469,150-321,Yes,150;159;206;282;316;320;321
KC124946,1,81.302,1b,93.066,150-321,Yes,150;159;206;282;316;320;321
KC124947,1,80.932,1b,92.588,150-321,Yes,150;159;206;282;316;320;321
KC124948,1,81.889,1b,92.528,150-321,Yes,150;159;206;282;316;320;321
KC124949,1,81.574,1b,91.751,150-321,Yes,150;159;206;282;316;320;321
KC124950,1,82.188,1b,92.588,150-321,Yes,150;159;206;282;316;320;321
KC124951,1,80.873,1b,91.751,150-321,Yes,150;159;206;282;316;320;321
KC124952,1,82.487,1b,92.827,150-321,Yes,150;159;206;282;316;320;321
KC124953,1,81.889,1b,91.333,150-321,Yes,150;159;206;282;316;320;321
KC124954,1,82.269,1b,92.887,150-321,Yes,150;159;206;282;316;320;321
KC124955,1,82.437,1b,92.409,150-321,Yes,150;159;206;282;316;320;321
KC124956,1,81.481,1b,92.349,150-321,Yes,150;159;206;282;316;320;321
KC124957,1,81.840,1b,92.528,150-321,Yes,150;159;206;282;316;320;321
KC124958,1,81.612,1b,92.827,150-321,Yes,150;159;206;282;316;320;321
KC124959,1,81.530,1b,91.632,150-321,Yes,150;159;206;282;316;320;321
KC124960,1,81.900,1b,92.588,150-321,Yes,150;159;206;282;316;320;321
KC124961,1,81.194,1b,92.887,150-321,Yes,150;159;206;282;316;320;321
KC124962,1,81.243,1b,92.110,150-321,Yes,150;159;206;282;316;320;321
KC124963,1,82.068,1b,93.425,150-321,Yes,150;159;206;282;316;320;321
KC124965,1,82.139,1b,93.007,150-321,Yes,150;159;206;282;316;320;321
KC124966,1,81.291,1b,93.066,150-321,Yes,150;159;206;282;316;320;321
KC124967,1,81.769,1b,93.365,150-321,Yes,150;159;206;282;316;320;321
KC124968,1,81.949,1b,93.545,150-321,Yes,150;159;206;282;316;320;321
KC124969,1,81.530,1b,91.632,150-321,Yes,150;159;206;282;316;320;321
KC124971,1,81.889,1b,93.664,150-321,Yes,150;159;206;282;316;320;321
KC124972,1,80.992,1b,92.588,150-321,Yes,150;159;206;282;316;320;321
KC124973,1,82.128,1b,92.469,150-321,Yes,150;159;206;282;316;320;321
KC124974,1,82.128,1b,92.588,150-321,Yes,150;159;206;282;316;320;321
KC124975,1,82.079,1b,92.050,150-321,Yes,150;159;206;282;316;320;321
KC124976,1,81.243,1b,91.452,150-321,Yes,150;159;206;282;316;320;321
KC124977,1,81.769,1b,92.947,150-321,Yes,150;159;206;282;316;320;321
KC124978,1,80.514,1b,92.409,150-321,Yes,150;159;206;282;316;320;321
KC124979,1,81.351,1b,92.827,150-321,Yes,150;159;206;282;316;320;321
KC124980,1,81.900,1b,92.349,150-321,Yes,150;159;206;282;316;320;321
KC124981,1,80.634,1b,92.528,150-321,Yes,150;159;206;282;316;320;321
KC124982,1,82.247,1b,93.545,150-321,Yes,150;159;206;282;316;320;321
KC124983,1,81.780,1b,91.811,150-321,Yes,150;159;206;282;316;320;321
KC124984,1,81.889,1b,93.604,150-321,Yes,150;159;206;282;316;320;321
KC124985,1,82.008,1b,92.827,150-321,Yes,150;159;206;282;316;320;321
KC124987,1,80.873,1b,91.751,150-321,Yes,150;159;206;282;316;320;321
KC124988,1,81.769,1b,92.947,150-321,Yes,150;159;206;282;316;320;321
KC124989,1,82.008,1b,93.126,150-321,Yes,150;159;206;282;316;320;321
KC124990,1,82.008,1b,92.469,150-321,Yes,150;159;206;282;316;320;321
KC124991,1,81.590,1b,92.767,150-321,Yes,150;159;206;282;316;320;321
KC124992,1,80.932,1b,92.110,150-321,Yes,150;159;206;282;316;320;321
KC124993,1,81.791,1b,92.827,150-321,Yes,150;159;206;282;316;320;321
KC124994,1,82.188,1b,93.365,150-321,Yes,150;159;206;282;316;320;321
KC124995,1,80.992,1b,92.469,150-321,Yes,150;159;206;282;316;320;321
KC124996,1,81.470,1b,92.409,150-321,Yes,150;159;206;282;316;320;321
KC124997,1,81.172,1b,92.708,150-321,Yes,150;159;206;282;316;320;321
KC124998,1,81.829,1b,92.648,150-321,Yes,150;159;206;282;316;320;321
KC124999,1,81.829,1b,93.246,150-321,Yes,150;159;206;282;316;320;321
KC125000,1,81.829,1b,92.767,150-321,Yes,150;159;206;282;316;320;321
KC125001,1,81.052,1b,92.708,150-321,Yes,150;159;206;282;316;320;321
KC125002,1,81.710,1b,94.202,150-321,Yes,150;159;206;282;316;320;321
KC125003,1,81.661,1b,92.050,150-321,Yes,150;159;206;282;316;320;321
KC125004,1,81.889,1b,93.126,150-321,Yes,150;159;206;282;316;320;321
KC125005,1,81.949,1b,91.154,150-321,Yes,150;159;206;282;316;320;321
KC125006,1,81.889,1b,92.887,150-321,Yes,150;159;206;282;316;320;321
KC125007,1,81.112,1b,92.409,150-321,Yes,150;159;206;282;316;320;321
KC127119,1,94.065,1a,93.765,150-321,Yes,150;159;206;282;316;320;321
KC127120,1,95.601,1a,94.698,150-321,Yes,150;159;206;282;316;320;321
KC127121,1,97.180,1a,96.447,150-321,Yes,150;159;206;282;316;320;321
KC127122,1,96.277,1a,95.601,150-321,Yes,150;159;206;282;316;320;321
KC127123,1,96.447,1a,95.375,150-321,Yes,150;159;206;282;316;320;321
KC127124,1,95.262,1a,94.755,150-321,Yes,150;159;206;282;316;320;321
KC127125,1,96.052,1a,95.149,150-321,Yes,150;159;206;282;316;320;321
KC127126,1,95.824,1a,95.711,150-321,Yes,150;159;206;282;316;320;321
KC127127,1,95.149,1a,94.247,150-321,Yes,150;159;206;282;316;320;321
KC127128,1,96.560,1a,95.904,150-321,Yes,150;159;206;282;316;320;321
KC127129,1,97.011,1a,95.826,150-321,Yes,150;159;206;282;316;320;321
KC127130,1,96.165,1a,95.544,150-321,Yes,150;159;206;282;316;320;321
KC127131,1,96.447,1a,96.052,150-321,Yes,150;159;206;282;316;320;321
KC127132,1,96.631,1a,96.089,150-321,Yes,150;159;206;282;316;320;321
KC127133,1,95.770,1a,94.867,150-321,Yes,150;159;206;282;316;320;321
KC127134,1,96.277,1a,95.431,150-321,Yes,150;159;206;282;316;320;321
KC127135,1,94.921,1a,94.244,150-321,Yes,150;159;206;282;316;320;321
KC127136,1,96.221,1a,95.826,150-321,Yes,150;159;206;282;316;320;321
KC127138,1,96.672,1a,95.544,150-321,Yes,150;159;206;282;316;320;321
KC127139,1,96.954,1a,96.560,150-321,Yes,150;159;206;282;316;320;321
KC127140,1,95.826,1a,95.149,150-321,Yes,150;159;206;282;316;320;321
KC127141,1,95.657,1a,95.262,150-321,Yes,150;159;206;282;316;320;321
KC127142,1,95.319,1a,94.473,150-321,Yes,150;159;206;282;316;320;321
KC127143,1,94.284,1a,93.863,150-321,Yes,150;159;206;282;316;320;321
KC127146,1,94.074,1a,93.567,150-321,Yes,150;159;206;282;316;320;321
KC127147,1,96.052,1a,95.657,150-321,Yes,150;159;206;282;316;320;321
KC127150,1,95.487,1a,94.525,150-321,Yes,150;159;206;282;316;320;321
KC127151,1,96.277,1a,95.770,150-321,Yes,150;159;206;282;316;320;321
KC127152,1,96.277,1a,95.319,150-321,Yes,150;159;206;282;316;320;321
KC127154,1,95.262,1a,94.585,150-321,Yes,150;159;206;282;316;320;321
KC127155,1,96.165,1a,95.601,150-321,Yes,150;159;206;282;316;320;321
KC127156,1,96.503,1a,95.657,150-321,Yes,150;159;206;282;316;320;321
KC127158,1,94.529,1a,94.134,150-321,Yes,150;159;206;282;316;320;321
KC127159,1,96.108,1a,95.431,150-321,Yes,150;159;206;282;316;320;321
KC127160,1,96.277,1a,95.488,150-321,Yes,150;159;206;282;316;320;321
KC127161,1,94.473,1a,93.909,150-321,Yes,150;159;206;282;316;320;321
KC127162,1,95.939,1a,95.488,150-321,Yes,150;159;206;282;316;320;321
KC127163,1,97.067,1a,96.165,150-321,Yes,150;159;206;282;316;320;321
KC127164,1,94.416,1a,93.739,150-321,Yes,150;159;206;282;316;320;321
KC127165,1,96.165,1a,95.449,150-321,Yes,150;159;206;282;316;320;321
KC127166,1,95.657,1a,95.375,150-321,Yes,150;159;206;282;316;320;321
KC127167,1,94.303,1a,93.514,150-321,Yes,150;159;206;282;316;320;321
KC127168,1,94.529,1a,94.247,150-321,Yes,150;159;206;282;316;320;321
KC127169,1,94.529,1a,94.078,150-321,Yes,150;159;206;282;316;320;321
KC127171,1,95.488,1a,94.360,150-321,Yes,150;159;206;282;316;320;321
KC127172,1,95.770,1a,95.262,150-321,Yes,150;159;206;282;316;320;321
KC127173,1,95.767,1a,95.051,150-321,Yes,150;159;206;282;316;320;321
KC127174,1,96.729,1a,96.390,150-321,Yes,150;159;206;282;316;320;321
KC127175,1,95.770,1a,95.431,150-321,Yes,150;159;206;282;316;320;321
KC127176,1,96.165,1a,95.713,150-321,Yes,150;159;206;282;316;320;321
KC127177,1,95.262,1a,94.755,150-321,Yes,150;159;206;282;316;320;321
KC127178,1,97.800,1a,96.871,150-321,Yes,150;159;206;282;316;320;321
KC127179,1,95.126,1a,94.645,150-321,Yes,150;159;206;282;316;320;321
KC127180,1,95.485,1a,95.034,150-321,Yes,150;159;206;282;316;320;321
KC127181,1,96.165,1a,95.037,150-321,Yes,150;159;206;282;316;320;321
KC127182,1,96.334,1a,95.375,150-321,Yes,150;159;206;282;316;320;321
KC127183,1,97.293,1a,96.359,150-321,Yes,150;159;206;282;316;320;321
KC127184,1,96.672,1a,95.995,150-321,Yes,150;159;206;282;316;320;321
KC127186,1,96.450,1a,95.668,150-321,Yes,150;159;206;282;316;320;321
KC127187,1,97.011,1a,95.826,150-321,Yes,150;159;206;282;316;320;321
KC127188,1,97.067,1a,95.770,150-321,Yes,150;159;206;282;316;320;321
KC127189,1,96.277,1a,95.544,150-321,Yes,150;159;206;282;316;320;321
KC127190,1,94.416,1a,93.852,150-321,Yes,150;159;206;282;316;320;321
KC127192,1,96.447,1a,95.262,150-321,Yes,150;159;206;282;316;320;321
KC127194,1,95.375,1a,94.416,150-321,Yes,150;159;206;282;316;320;321
KC127195,1,95.826,1a,94.811,150-321,Yes,150;159;206;282;316;320;321
KC127196,1,95.262,1a,94.585,150-321,Yes,150;159;206;282;316;320;321
KC127197,1,96.447,1a,95.657,150-321,Yes,150;159;206;282;316;320;321
KC127198,1,95.883,1a,95.319,150-321,Yes,150;159;206;282;316;320;321
KC127199,1,94.473,1a,93.457,150-321,Yes,150;159;206;282;316;320;321
KC127200,1,96.390,1a,95.601,150-321,Yes,150;159;206;282;316;320;321
KC127201,1,95.431,1a,94.529,150-321,Yes,150;159;206;282;316;320;321
KC127202,1,95.770,1a,94.867,150-321,Yes,150;159;206;282;316;320;321
KC127203,1,95.601,1a,95.770,150-321,Yes,150;159;206;282;316;320;321
KC127206,1,94.247,1a,93.457,150-321,Yes,150;159;206;282;316;320;321
KC127208,1,95.601,1a,95.037,150-321,Yes,150;159;206;282;316;320;321
KC127209,1,94.755,1a,93.965,150-321,Yes,150;159;206;282;316;320;321
KC127210,1,96.209,1a,95.307,150-321,Yes,150;159;206;282;316;320;321
KC127213,1,96.447,1a,95.826,150-321,Yes,150;159;206;282;316;320;321
KC127214,1,96.052,1a,95.319,150-321,Yes,150;159;206;282;316;320;321
KC127215,1,97.688,1a,96.758,150-321,Yes,150;159;206;282;316;320;321
KC127217,1,95.995,1a,95.319,150-321,Yes,150;159;206;282;316;320;321
KC127218,1,94.698,1a,94.134,150-321,Yes,150;159;206;282;316;320;321
KC127219,1,94.078,1a,93.570,150-321,Yes,150;159;206;282;316;320;321
KC127220,1,94.191,1a,93.345,150-321,Yes,150;159;206;282;316;320;321
KC127221,1,94.698,1a,94.078,150-321,Yes,150;159;206;282;316;320;321
KC127222,1,94.529,1a,93.570,150-321,Yes,150;159;206;282;316;320;321
KC127224,1,96.672,1a,95.657,150-321,Yes,150;159;206;282;316;320;321
KC127225,1,96.334,1a,95.601,150-321,Yes,150;159;206;282;316;320;321
KC127226,1,95.262,1a,94.416,150-321,Yes,150;159;206;282;316;320;321
KC127228,1,96.108,1a,95.431,150-321,Yes,150;159;206;282;316;320;321
KC127229,1,97.067,1a,96.165,150-321,Yes,150;159;206;282;316;320;321
KC127230,1,94.946,1a,95.066,150-321,Yes,150;159;206;282;316;320;321
KC127231,1,94.642,1a,94.360,150-321,Yes,150;159;206;282;316;320;321
KC127232,1,95.034,1a,94.582,150-321,Yes,150;159;206;282;316;320;321
KC127233,1,96.390,1a,95.904,150-321,Yes,150;159;206;282;316;320;321
KC127234,1,94.585,1a,94.303,150-321,Yes,150;159;206;282;316;320;321
KC127235,1,96.165,1a,95.544,150-321,Yes,150;159;206;282;316;320;321
KC127236,1,96.108,1a,95.375,150-321,Yes,150;159;206;282;316;320;321
KC127237,1,95.206,1a,94.529,150-321,Yes,150;159;206;282;316;320;321
KC127240,1,95.601,1a,94.585,150-321,Yes,150;159;206;282;316;320;321
KC127241,1,94.980,1a,94.303,150-321,Yes,150;159;206;282;316;320;321
KC127242,1,96.390,1a,95.601,150-321,Yes,150;159;206;282;316;320;321
KC127243,1,97.575,1a,96.560,150-321,Yes,150;159;206;282;316;320;321
KC127245,1,96.165,1a,95.431,150-321,Yes,150;159;206;282;316;320;321
KC127246,1,95.149,1a,94.698,150-321,Yes,150;159;206;282;316;320;321
KC127247,1,96.390,1a,95.431,150-321,Yes,150;159;206;282;316;320;321
KC127248,1,96.503,1a,95.791,150-321,Yes,150;159;206;282;316;320;321
KC127249,1,97.011,1a,96.165,150-321,Yes,150;159;206;282;316;320;321
KC127250,1,96.729,1a,95.601,150-321,Yes,150;159;206;282;316;320;321
KC127251,1,96.729,1a,95.883,150-321,Yes,150;159;206;282;316;320;321
KC127252,1,95.375,1a,94.867,150-321,Yes,150;159;206;282;316;320;321
KC127255,1,94.585,1a,94.021,150-321,Yes,150;159;206;282;316;320;321
KC127256,1,96.503,1a,95.826,150-321,Yes,150;159;206;282;316;320;321
KC127257,1,96.390,1a,95.728,150-321,Yes,150;159;206;282;316;320;321
KC127258,1,96.842,1a,95.826,150-321,Yes,150;159;206;282;316;320;321
KC127259,1,95.601,1a,94.529,150-321,Yes,150;159;206;282;316;320;321
KC127260,1,94.134,1a,93.683,150-321,Yes,150;159;206;282;316;320;321
KC127262,1,95.770,1a,95.165,150-321,Yes,150;159;206;282;316;320;321
KC127263,1,96.277,1a,95.995,150-321,Yes,150;159;206;282;316;320;321
KC127264,1,95.668,1a,94.946,150-321,Yes,150;159;206;282;316;320;321
KC127265,1,94.074,1a,93.454,150-321,Yes,150;159;206;282;316;320;321
KC127266,1,96.785,1a,96.108,150-321,Yes,150;159;206;282;316;320;321
KC127267,1,97.011,1a,96.277,150-321,Yes,150;159;206;282;316;320;321
KC127268,1,94.867,1a,93.852,150-321,Yes,150;159;206;282;316;320;321
KC127269,1,95.375,1a,94.698,150-321,Yes,150;159;206;282;316;320;321
KC127270,1,97.518,1a,96.587,150-321,Yes,150;159;206;282;316;320;321
KC127271,1,96.898,1a,96.165,150-321,Yes,150;159;206;282;316;320;321
KC127272,1,94.585,1a,94.134,150-321,Yes,150;159;206;282;316;320;321
KC127274,1,95.485,1a,95.034,150-321,Yes,150;159;206;282;316;320;321
KC127275,1,95.883,1a,95.544,150-321,Yes,150;159;206;282;316;320;321
KC127276,1,96.165,1a,95.375,150-321,Yes,150;159;206;282;316;320;321
KC127278,1,94.698,1a,94.078,150-321,Yes,150;159;206;282;316;320;321
KC127279,1,96.165,1a,95.488,150-321,Yes,150;159;206;282;316;320;321
KC127280,1,97.573,1a,96.815,150-321,Yes,150;159;206;282;316;320;321
KC127281,1,96.954,1a,96.018,150-321,Yes,150;159;206;282;316;320;321
KC127282,1,93.006,1a,92.611,150-321,Yes,150;159;206;282;316;320;321
KC127283,1,95.995,1a,95.826,150-321,Yes,150;159;206;282;316;320;321
KC127284,1,96.108,1a,95.620,150-321,Yes,150;159;206;282;316;320;321
KC127285,1,97.349,1a,96.473,150-321,Yes,150;159;206;282;316;320;321
KC127286,1,96.221,1a,95.149,150-321,Yes,150;159;206;282;316;320;321
KC127287,1,95.937,1a,95.203,150-321,Yes,150;159;206;282;316;320;321
KC127288,1,96.898,1a,95.939,150-321,Yes,150;159;206;282;316;320;321
KC127289,1,93.457,1a,93.006,150-321,Yes,150;159;206;282;316;320;321
KC127291,1,94.924,1a,93.965,150-321,Yes,150;159;206;282;316;320;321
KC127292,1,95.375,1a,94.698,150-321,Yes,150;159;206;282;316;320;321
KC127293,1,95.375,1a,94.811,150-321,Yes,150;159;206;282;316;320;321
KC127294,1,94.303,1a,93.514,150-321,Yes,150;159;206;282;316;320;321
KC127295,1,95.713,1a,94.980,150-321,Yes,150;159;206;282;316;320;321
KC127296,1,95.657,1a,95.713,150-321,Yes,150;159;206;282;316;320;321
KC127297,1,95.319,1a,94.416,150-321,Yes,150;159;206;282;316;320;321
KC127298,1,94.470,1a,93.849,150-321,Yes,150;159;206;282;316;320;321
KC127299,1,95.149,1a,94.529,150-321,Yes,150;159;206;282;316;320;321
KC127300,1,96.334,1a,96.221,150-321,Yes,150;159;206;282;316;320;321
KC127301,1,94.247,1a,93.627,150-321,Yes,150;159;206;282;316;320;321
KC127302,1,95.149,1a,94.303,150-321,Yes,150;159;206;282;316;320;321
KC127303,1,93.645,1a,92.866,150-321,Yes,150;159;206;282;316;320;321
KC127304,1,96.043,1a,95.324,150-321,Yes,150;159;206;282;316;320;321
KC127305,1,95.204,1a,94.365,150-321,Yes,150;159;206;282;316;320;321
KC127306,1,94.005,1a,93.465,150-321,Yes,150;159;206;282;316;320;321
KC127310,1,94.724,1a,93.705,150-321,Yes,150;159;206;282;316;320;321
KC127312,1,93.225,1a,93.106,150-321,Yes,150;159;206;282;316;320;321
KC127314,1,92.866,1a,92.386,150-321,Yes,150;159;206;282;316;320;321
KC127315,1,93.825,1a,93.046,150-321,Yes,150;159;206;282;316;320;321
KC127316,1,95.204,1a,94.724,150-321,Yes,150;159;206;282;316;320;321
KC127317,1,94.005,1a,93.525,150-321,Yes,150;159;206;282;316;320;321
KC127318,1,93.165,1a,92.386,150-321,Yes,150;159;206;282;316;320;321
KC127319,1,93.525,1a,92.986,150-321,Yes,150;159;206;282;316;320;321
KC127320,1,93.525,1a,92.986,150-321,Yes,150;159;206;282;316;320;321
KC127322,1,93.945,1a,93.705,150-321,Yes,150;159;206;282;316;320;321
KC127323,1,95.923,1a,95.264,150-321,Yes,150;159;206;282;316;320;321
KC127324,1,94.005,1a,93.465,150-321,Yes,150;159;206;282;316;320;321
KC127326,1,94.005,1a,93.525,150-321,Yes,150;159;206;282;316;320;321
KC127329,1,97.422,1a,96.523,150-321,Yes,150;159;206;282;316;320;321
KC127330,1,94.544,1a,93.945,150-321,Yes,150;159;206;282;316;320;321
KC127331,1,93.885,1a,93.585,150-321,Yes,150;159;206;282;316;320;321
KC127333,1,93.825,1a,93.046,150-321,Yes,150;159;206;282;316;320;321
KC127335,1,96.103,1a,95.444,150-321,Yes,150;159;206;282;316;320;321
KC127337,1,93.945,1a,93.705,150-321,Yes,150;159;206;282;316;320;321
KC127338,1,95.144,1a,94.544,150-321,Yes,150;159;206;282;316;320;321
KC127339,1,96.163,1a,95.743,150-321,Yes,150;159;206;282;316;320;321
KC127340,1,96.942,1a,95.923,150-321,Yes,150;159;206;282;316;320;321
KC127342,1,96.523,1a,95.743,150-321,Yes,150;159;206;282;316;320;321
KC127343,1,94.724,1a,94.005,150-321,Yes,150;159;206;282;316;320;321
KC127345,1,94.484,1a,93.825,150-321,Yes,150;159;206;282;316;320;321
KC127346,1,96.763,1a,95.983,150-321,Yes,150;159;206;282;316;320;321
KC127347,1,95.803,1a,95.144,150-321,Yes,150;159;206;282;316;320;321
KC127348,1,95.264,1a,94.784,150-321,Yes,150;159;206;282;316;320;321
KC127349,1,94.544,1a,93.765,150-321,Yes,150;159;206;282;316;320;321
KC127350,1,94.724,1a,93.945,150-321,Yes,150;159;206;282;316;320;321
KC127352,1,96.703,1a,95.863,150-321,Yes,150;159;206;282;316;320;321
KC127354,1,96.403,1a,95.504,150-321,Yes,150;159;206;282;316;320;321
KC127355,1,93.046,1a,92.686,150-321,Yes,150;159;206;282;316;320;321
KC127356,1,96.283,1a,95.504,150-321,Yes,150;159;206;282;316;320;321
KC127357,1,93.345,1a,92.446,150-321,Yes,150;159;206;282;316;320;321
KC127359,1,94.245,1a,93.885,150-321,Yes,150;159;206;282;316;320;321
KC127360,1,95.384,1a,94.664,150-321,Yes,150;159;206;282;316;320;321
KC127361,1,94.538,1a,94.298,150-321,Yes,150;159;206;282;316;320;321
KC127363,1,95.803,1a,95.444,150-321,Yes,150;159;206;282;316;320;321
KC127364,1,94.185,1a,93.945,150-321,Yes,150;159;206;282;316;320;321
KC127365,1,93.705,1a,93.225,150-321,Yes,150;159;206;282;316;320;321
KC127366,1,96.703,1a,95.923,150-321,Yes,150;159;206;282;316;320;321
KC127367,1,96.343,1a,95.683,150-321,Yes,150;159;206;282;316;320;321
KC127368,1,96.163,1a,95.384,150-321,Yes,150;159;206;282;316;320;321
KC127369,1,93.645,1a,93.106,150-321,Yes,150;159;206;282;316;320;321
KC127370,1,94.964,1a,94.245,150-321,Yes,150;159;206;282;316;320;321
KC127372,1,93.765,1a,93.165,150-321,Yes,150;159;206;282;316;320;321
KC127374,1,96.223,1a,95.504,150-321,Yes,150;159;206;282;316;320;321
KC127375,1,94.544,1a,93.885,150-321,Yes,150;159;206;282;316;320;321
KC127376,1,94.904,1a,94.125,150-321,Yes,150;159;206;282;316;320;321
KC127377,1,95.743,1a,95.027,150-321,Yes,150;159;206;282;316;320;321
KC127379,1,94.844,1a,94.305,150-321,Yes,150;159;206;282;316;320;321
KC127380,1,94.544,1a,94.065,150-321,Yes,150;159;206;282;316;320;321
KC127381,1,95.324,1a,94.544,150-321,Yes,150;159;206;282;316;320;321
KC127382,1,93.885,1a,93.345,150-321,Yes,150;159;206;282;316;320;321
KC127383,1,95.863,1a,94.904,150-321,Yes,150;159;206;282;316;320;321
KC127385,1,95.743,1a,95.504,150-321,Yes,150;159;206;282;316;320;321
KC127386,1,96.283,1a,95.504,150-321,Yes,150;159;206;282;316;320;321
KC127387,1,97.122,1a,96.223,150-321,Yes,150;159;206;282;316;320;321
KC127388,1,96.283,1a,95.264,150-321,Yes,150;159;206;282;316;320;321
KC127390,1,96.043,1a,95.324,150-321,Yes,150;159;206;282;316;320;321
KC127391,1,96.583,1a,95.683,150-321,Yes,150;159;206;282;316;320;321
KC127393,1,95.983,1a,95.204,150-321,Yes,150;159;206;282;316;320;321
KC127394,1,93.825,1a,93.106,150-321,Yes,150;159;206;282;316;320;321
KC127395,1,95.923,1a,95.983,150-321,Yes,150;159;206;282;316;320;321
KC127396,1,96.163,1a,96.103,150-321,Yes,150;159;206;282;316;320;321
KC127397,1,95.624,1a,95.084,150-321,Yes,150;159;206;282;316;320;321
KC127400,1,96.403,1a,95.504,150-321,Yes,150;159;206;282;316;320;321
KC127401,1,97.302,1a,96.283,150-321,Yes,150;159;206;282;316;320;321
KC127404,1,94.305,1a,94.245,150-321,Yes,150;159;206;282;316;320;321
KC127405,1,94.844,1a,94.005,150-321,Yes,150;159;206;282;316;320;321
KC127406,1,96.882,1a,96.103,150-321,Yes,150;159;206;282;316;320;321
KC127407,1,94.904,1a,94.185,150-321,Yes,150;159;206;282;316;320;321
KC127408,1,94.065,1a,93.825,150-321,Yes,150;159;206;282;316;320;321
KC127410,1,96.823,1a,96.043,150-321,Yes,150;159;206;282;316;320;321
KC127411,1,95.264,1a,95.144,150-321,Yes,150;159;206;282;316;320;321
KC127412,1,96.163,1a,95.264,150-321,Yes,150;159;206;282;316;320;321
KC127413,1,95.863,1a,95.144,150-321,Yes,150;159;206;282;316;320;321
KC127414,1,96.583,1a,95.803,150-321,Yes,150;159;206;282;316;320;321
KC127415,1,96.463,1a,95.743,150-321,Yes,150;159;206;282;316;320;321
KC127417,1,95.384,1a,94.604,150-321,Yes,150;159;206;282;316;320;321
KC127418,1,94.245,1a,93.705,150-321,Yes,150;159;206;282;316;320;321
KC127419,1,95.983,1a,95.624,150-321,Yes,150;159;206;282;316;320;321
KC127420,1,95.444,1a,94.544,150-321,Yes,150;159;206;282;316;320;321
KC127421,1,96.163,1a,95.384,150-321,Yes,150;159;206;282;316;320;321
KC127422,1,95.983,1a,95.983,150-321,Yes,150;159;206;282;316;320;321
KC127423,1,96.163,1a,95.683,150-321,Yes,150;159;206;282;316;320;321
KC127424,1,95.983,1a,95.324,150-321,Yes,150;159;206;282;316;320;321
KC127425,1,95.983,1a,95.683,150-321,Yes,150;159;206;282;316;320;321
KC127426,1,94.125,1a,93.165,150-321,Yes,150;159;206;282;316;320;321
KC127427,1,96.343,1a,95.624,150-321,Yes,150;159;206;282;316;320;321
KC127428,1,93.525,1a,93.106,150-321,Yes,150;159;206;282;316;320;321
KC127429,1,96.223,1a,95.444,150-321,Yes,150;159;206;282;316;320;321
KC127430,1,95.444,1a,95.024,150-321,Yes,150;159;206;282;316;320;321
KC127431,1,95.983,1a,95.564,150-321,Yes,150;159;206;282;316;320;321
KC127432,1,95.743,1a,94.844,150-321,Yes,150;159;206;282;316;320;321
KC127434,1,95.144,1a,95.264,150-321,Yes,150;159;206;282;316;320;321
KC127436,1,95.504,1a,95.084,150-321,Yes,150;159;206;282;316;320;321
KC127437,1,93.585,1a,92.986,150-321,Yes,150;159;206;282;316;320;321
KC127438,1,95.923,1a,95.384,150-321,Yes,150;159;206;282;316;320;321
KC127439,1,96.043,1a,95.624,150-321,Yes,150;159;206;282;316;320;321
KC127440,1,93.825,1a,93.225,150-321,Yes,150;159;206;282;316;320;321
KC127442,1,95.144,1a,94.544,150-321,Yes,150;159;206;282;316;320;321
KC127443,1,92.866,1a,92.446,150-321,Yes,150;159;206;282;316;320;321
KC127444,1,94.424,1a,93.645,150-321,Yes,150;159;206;282;316;320;321
KC127445,1,93.046,1a,92.686,150-321,Yes,150;159;206;282;316;320;321
KC127446,1,96.643,1a,95.863,150-321,Yes,150;159;206;282;316;320;321
KC127447,1,95.144,1a,94.424,150-321,Yes,150;159;206;282;316;320;321
KC127449,1,95.803,1a,95.264,150-321,Yes,150;159;206;282;316;320;321
KC127450,1,93.705,1a,92.986,150-321,Yes,150;159;206;282;316;320;321
KC127451,1,95.144,1a,94.964,150-321,Yes,150;159;206;282;316;320;321
KC127452,1,96.643,1a,96.283,150-321,Yes,150;159;206;282;316;320;321
KC127454,1,97.002,1a,96.103,150-321,Yes,150;159;206;282;316;320;321
KC127456,1,94.305,1a,94.065,150-321,Yes,150;159;206;282;316;320;321
KC127457,1,94.664,1a,94.365,150-321,Yes,150;159;206;282;316;320;321
KC127458,1,95.803,1a,95.384,150-321,Yes,150;159;206;282;316;320;321
KC127460,1,95.201,1a,94.841,150-321,Yes,150;159;206;282;316;320;321
KC127462,1,93.345,1a,93.046,150-321,Yes,150;159;206;282;316;320;321
KC127463,1,94.664,1a,94.185,150-321,Yes,150;159;206;282;316;320;321
KC127464,1,93.945,1a,93.525,150-321,Yes,150;159;206;282;316;320;321
KC127465,1,93.405,1a,93.046,150-321,Yes,150;159;206;282;316;320;321
KC127468,1,95.564,1a,95.024,150-321,Yes,150;159;206;282;316;320;321
KC127469,1,95.384,1a,94.784,150-321,Yes,150;159;206;282;316;320;321
KC127470,1,93.705,1a,92.866,150-321,Yes,150;159;206;282;316;320;321
KC127471,1,93.645,1a,93.106,150-321,Yes,150;159;206;282;316;320;321
KC127472,1,93.885,1a,93.585,150-321,Yes,150;159;206;282;316;320;321
KC127474,1,93.046,1a,92.566,150-321,Yes,150;159;206;282;316;320;321
KC127475,1,93.225,1a,92.926,150-321,Yes,150;159;206;282;316;320;321
KC127476,1,95.324,1a,94.544,150-321,Yes,150;159;206;282;316;320;321
KC127477,1,96.463,1a,95.803,150-321,Yes,150;159;206;282;316;320;321
KC127479,1,94.484,1a,93.705,150-321,Yes,150;159;206;282;316;320;321
KC127481,1,93.106,1a,92.386,150-321,Yes,150;159;206;282;316;320;321
KC127482,1,96.583,1a,95.863,150-321,Yes,150;159;206;282;316;320;321
KC127484,1,96.583,1a,95.923,150-321,Yes,150;159;206;282;316;320;321
KC127485,1,95.024,1a,94.484,150-321,Yes,150;159;206;282;316;320;321
KC127486,1,97.242,1a,96.343,150-321,Yes,150;159;206;282;316;320;321
KC127489,1,93.165,1a,92.626,150-321,Yes,150;159;206;282;316;320;321
KC127490,1,94.365,1a,93.765,150-321,Yes,150;159;206;282;316;320;321
KC127491,1,95.743,1a,95.923,150-321,Yes,150;159;206;282;316;320;321
KC127492,1,94.541,1a,93.941,150-321,Yes,150;159;206;282;316;320;321
KC127493,1,95.324,1a,94.424,150-321,Yes,150;159;206;282;316;320;321
KC127495,1,93.705,1a,93.465,150-321,Yes,150;159;206;282;316;320;321
KC127496,1,95.564,1a,94.604,150-321,Yes,150;159;206;282;316;320;321
KC127497,1,93.885,1a,93.705,150-321,Yes,150;159;206;282;316;320;321
KC127498,1,95.384,1a,94.664,150-321,Yes,150;159;206;282;316;320;321
KC127500,1,95.084,1a,94.784,150-321,Yes,150;159;206;282;316;320;321
KC127501,1,93.165,1a,92.686,150-321,Yes,150;159;206;282;316;320;321
KC127502,1,95.204,1a,94.664,150-321,Yes,150;159;206;282;316;320;321
KC127503,1,95.144,1a,94.365,150-321,Yes,150;159;206;282;316;320;321
KC127504,1,95.564,1a,94.964,150-321,Yes,150;159;206;282;316;320;321
KC127506,1,96.283,1a,95.743,150-321,Yes,150;159;206;282;316;320;321
KC127507,1,96.643,1a,95.863,150-321,Yes,150;159;206;282;316;320;321
KC127508,1,95.324,1a,94.424,150-321,Yes,150;159;206;282;316;320;321
KC127509,1,94.904,1a,94.125,150-321,Yes,150;159;206;282;316;320;321
KC127510,1,92.746,1a,92.326,150-321,Yes,150;159;206;282;316;320;321
KC127511,1,96.103,1a,95.683,150-321,Yes,150;159;206;282;316;320;321
KC127512,1,97.002,1a,96.223,150-321,Yes,150;159;206;282;316;320;321
KC127513,1,96.163,1a,95.444,150-321,Yes,150;159;206;282;316;320;321
KC127514,1,93.285,1a,92.866,150-321,Yes,150;159;206;282;316;320;321
KC127515,1,95.863,1a,95.144,150-321,Yes,150;159;206;282;316;320;321
KC127517,1,94.784,1a,94.365,150-321,Yes,150;159;206;282;316;320;321
KC127518,1,92.626,1a,91.966,150-321,Yes,150;159;206;282;316;320;321
KC127519,1,93.465,1a,93.106,150-321,Yes,150;159;206;282;316;320;321
KC127520,1,96.703,1a,95.743,150-321,Yes,150;159;206;282;316;320;321
KC127522,1,96.283,1a,95.384,150-321,Yes,150;159;206;282;316;320;321
KC127523,1,95.384,1a,94.664,150-321,Yes,150;159;206;282;316;320;321
KC127524,1,96.283,1a,95.504,150-321,Yes,150;159;206;282;316;320;321
KC127525,1,95.144,1a,94.484,150-321,Yes,150;159;206;282;316;320;321
KC127526,1,96.283,1a,95.504,150-321,Yes,150;159;206;282;316;320;321
KC127527,1,96.043,1a,95.384,150-321,Yes,150;159;206;282;316;320;321
KC127528,1,95.204,1a,94.724,150-321,Yes,150;159;206;282;316;320;321
KC127529,1,96.223,1a,95.324,150-321,Yes,150;159;206;282;316;320;321
KC127531,1,96.103,1a,95.743,150-321,Yes,150;159;206;282;316;320;321
KC127532,1,95.204,1a,94.784,150-321,Yes,150;159;206;282;316;320;321
KC127533,1,95.624,1a,95.624,150-321,Yes,150;159;206;282;316;320;321
KC127534,1,95.983,1a,95.264,150-321,Yes,150;159;206;282;316;320;321
KC127536,1,96.223,1a,95.324,150-321,Yes,150;159;206;282;316;320;321
KC127537,1,94.125,1a,93.825,150-321,Yes,150;159;206;282;316;320;321
KC127539,1,95.444,1a,94.904,150-321,Yes,150;159;206;282;316;320;321
KC127542,1,95.504,1a,95.084,150-321,Yes,150;159;206;282;316;320;321
KC127543,1,96.283,1a,95.564,150-321,Yes,150;159;206;282;316;320;321
KC127545,1,95.504,1a,95.624,150-321,Yes,150;159;206;282;316;320;321
KC127546,1,94.365,1a,93.705,150-321,Yes,150;159;206;282;316;320;321
KC127547,1,95.564,1a,94.604,150-321,Yes,150;159;206;282;316;320;321
KC127548,1,93.405,1a,92.686,150-321,Yes,150;159;206;282;316;320;321
KC127550,1,96.163,1a,95.564,150-321,Yes,150;159;206;282;316;320;321
KC127551,1,94.125,1a,93.345,150-321,Yes,150;159;206;282;316;320;321
KC127552,1,96.463,1a,95.863,150-321,Yes,150;159;206;282;316;320;321
KC127554,1,96.103,1a,95.444,150-321,Yes,150;159;206;282;316;320;321
KC127555,1,94.424,1a,93.945,150-321,Yes,150;159;206;282;316;320;321
KC127556,1,95.983,1a,95.384,150-321,Yes,150;159;206;282;316;320;321
KC127557,1,94.185,1a,93.645,150-321,Yes,150;159;206;282;316;320;321
KC127558,1,93.885,1a,93.285,150-321,Yes,150;159;206;282;316;320;321
KC127559,1,94.664,1a,94.125,150-321,Yes,150;159;206;282;316;320;321
KC127561,1,95.624,1a,94.784,150-321,Yes,150;159;206;282;316;320;321
KC127562,1,94.065,1a,93.465,150-321,Yes,150;159;206;282;316;320;321
KC127563,1,93.525,1a,92.866,150-321,Yes,150;159;206;282;316;320;321
KC127564,1,97.182,1a,96.283,150-321,Yes,150;159;206;282;316;320;321
KC127565,1,94.544,1a,93.945,150-321,Yes,150;159;206;282;316;320;321
KC127566,1,96.643,1a,95.624,150-321,Yes,150;159;206;282;316;320;321
KC127567,1,95.983,1a,95.084,150-321,Yes,150;159;206;282;316;320;321
KC127568,1,94.904,1a,94.604,150-321,Yes,150;159;206;282;316;320;321
KC127570,1,94.365,1a,93.645,150-321,Yes,150;159;206;282;316;320;321
KC127571,1,94.245,1a,93.825,150-321,Yes,150;159;206;282;316;320;321
KC127572,1,95.444,1a,94.544,150-321,Yes,150;159;206;282;316;320;321
KC127573,1,95.923,1a,95.324,150-321,Yes,150;159;206;282;316;320;321
KC127576,1,95.624,1a,95.144,150-321,Yes,150;159;206;282;316;320;321
KC127577,1,95.444,1a,94.484,150-321,Yes,150;159;206;282;316;320;321
KC127578,1,96.703,1a,95.743,150-321,Yes,150;159;206;282;316;320;321
KC127579,1,95.564,1a,94.964,150-321,Yes,150;159;206;282;316;320;321
KC127580,1,97.422,1a,96.523,150-321,Yes,150;159;206;282;316;320;321
KC127581,1,93.885,1a,93.225,150-321,Yes,150;159;206;282;316;320;321
KC127584,1,94.544,1a,93.825,150-321,Yes,150;159;206;282;316;320;321
KC127585,1,94.365,1a,93.705,150-321,Yes,150;159;206;282;316;320;321
KC127586,1,96.223,1a,95.564,150-321,Yes,150;159;206;282;316;320;321
KC127587,1,96.763,1a,96.403,150-321,Yes,150;159;206;282;316;320;321
KC127588,1,94.544,1a,93.885,150-321,Yes,150;159;206;282;316;320;321
KC127589,1,96.703,1a,95.923,150-321,Yes,150;159;206;282;316;320;321
KC127591,1,93.585,1a,92.986,150-321,Yes,150;159;206;282;316;320;321
KC127592,1,94.185,1a,93.765,150-321,Yes,150;159;206;282;316;320;321
KC127594,1,93.525,1a,93.465,150-321,Yes,150;159;206;282;316;320;321
KC127595,1,94.784,1a,94.424,150-321,Yes,150;159;206;282;316;320;321
KC127597,1,94.305,1a,93.585,150-321,Yes,150;159;206;282;316;320;321
KC127598,1,93.165,1a,92.746,150-321,Yes,150;159;206;282;316;320;321
KC127599,1,95.803,1a,95.144,150-321,Yes,150;159;206;282;316;320;321
KC127600,1,97.001,1a,96.221,150-321,Yes,150;159;206;282;316;320;321
KC127601,1,94.125,1a,93.345,150-321,Yes,150;159;206;282;316;320;321
KC127602,1,94.844,1a,94.005,150-321,Yes,150;159;206;282;316;320;321
KC127603,1,96.343,1a,95.863,150-321,Yes,150;159;206;282;316;320;321
KC127604,1,96.043,1a,95.564,150-321,Yes,150;159;206;282;316;320;321
KC127605,1,92.806,1a,92.446,150-321,Yes,150;159;206;282;316;320;321
KC127606,1,94.305,1a,93.645,150-321,Yes,150;159;206;282;316;320;321
KC127607,1,95.743,1a,94.844,150-321,Yes,150;159;206;282;316;320;321
KC127608,1,93.885,1a,93.345,150-321,Yes,150;159;206;282;316;320;321
KC127609,1,93.765,1a,93.465,150-321,Yes,150;159;206;282;316;320;321
KC127610,1,94.125,1a,93.765,150-321,Yes,150;159;206;282;316;320;321
KC127611,1,94.005,1a,93.705,150-321,Yes,150;159;206;282;316;320;321
KC127612,1,95.803,1a,95.564,150-321,Yes,150;159;206;282;316;320;321
KC127613,1,93.765,1a,93.225,150-321,Yes,150;159;206;282;316;320;321
KC127615,1,96.763,1a,96.163,150-321,Yes,150;159;206;282;316;320;321
KC127616,1,95.024,1a,94.305,150-321,Yes,150;159;206;282;316;320;321
KC127617,1,95.084,1a,94.544,150-321,Yes,150;159;206;282;316;320;321
KC127618,1,95.204,1a,94.185,150-321,Yes,150;159;206;282;316;320;321
KC127619,1,95.624,1a,94.604,150-321,Yes,150;159;206;282;316;320;321
KC127620,1,96.942,1a,96.163,150-321,Yes,150;159;206;282;316;320;321
KC127621,1,94.305,1a,93.705,150-321,Yes,150;159;206;282;316;320;321
KC127623,1,93.825,1a,93.106,150-321,Yes,150;159;206;282;316;320;321
KC127624,1,96.163,1a,95.324,150-321,Yes,150;159;206;282;316;320;321
KC127627,1,96.882,1a,96.103,150-321,Yes,150;159;206;282;316;320;321
KC127628,1,96.283,1a,95.624,150-321,Yes,150;159;206;282;316;320;321
KC127629,1,95.264,1a,94.604,150-321,Yes,150;159;206;282;316;320;321
KC127630,1,95.983,1a,95.264,150-321,Yes,150;159;206;282;316;320;321
KC127631,1,94.484,1a,93.645,150-321,Yes,150;159;206;282;316;320;321
KC127632,1,96.223,1a,95.324,150-321,Yes,150;159;206;282;316;320;321
KC127634,1,95.624,1a,95.024,150-321,Yes,150;159;206;282;316;320;321
KC127635,1,95.923,1a,95.144,150-321,Yes,150;159;206;282;316;320;321
KC127636,1,95.923,1a,95.504,150-321,Yes,150;159;206;282;316;320;321
KC127638,1,94.784,1a,94.005,150-321,Yes,150;159;206;282;316;320;321
KC127639,1,96.163,1a,95.504,150-321,Yes,150;159;206;282;316;320;321
KC127640,1,95.923,1a,95.204,150-321,Yes,150;159;206;282;316;320;321
KC127641,1,94.484,1a,93.765,150-321,Yes,150;159;206;282;316;320;321
KC127642,1,93.860,1a,92.982,150-321,Yes,150;159;206;282;316;320;321
KC127643,1,95.322,1a,94.737,150-321,Yes,150;159;206;282;316;320;321
KC127644,1,93.957,1a,93.177,150-321,Yes,150;159;206;282;316;320;321
KC127646,1,95.127,1a,94.542,150-321,Yes,150;159;206;282;316;320;321
KC127648,1,93.665,1a,93.372,150-321,Yes,150;159;206;282;316;320;321
KC127649,1,94.152,1a,93.372,150-321,Yes,150;159;206;282;316;320;321
KC127650,1,93.372,1a,93.177,150-321,Yes,150;159;206;282;316;320;321
KC127651,1,94.834,1a,93.957,150-321,Yes,150;159;206;282;316;320;321
KC127652,1,95.906,1a,95.809,150-321,Yes,150;159;206;282;316;320;321
KC127653,1,94.347,1a,93.470,150-321,Yes,150;159;206;282;316;320;321
KC127654,1,92.885,1a,92.105,150-321,Yes,150;159;206;282;316;320;321
KC127655,1,96.881,1a,96.199,150-321,Yes,150;159;206;282;316;320;321
KC127656,1,94.542,1a,93.665,150-321,Yes,150;159;206;282;316;320;321
KC191671,6,76.043,6n,96.954,150-321,Yes,150;159;206;282;316;320;321
KC248193,1,82.930,1l,100.000,150-321,Yes,150;159;206;282;316;320;321
KC248194,1,83.258,1e,100.000,150-321,Yes,150;159;206;282;316;320;321
KC248195,1,81.746,1l,86.294,150-321,Yes,150;159;206;282;316;320;321
KC248196,1,82.628,1l,94.755,150-321,Yes,150;159;206;282;316;320;321
KC248197,1,82.827,1l,100.000,150-321,Yes,150;159;206;282;316;320;321
KC248198,1,81.500,1h,100.000,150-321,Yes,150;159;206;282;316;320;321
KC248199,1,80.880,1h,100.000,150-321,Yes,150;159;206;282;316;320;321
KC441467,3,82.572,3b,92.043,150-321,Yes,150;159;206;282;316;320;321
KC441468,3,83.587,3b,92.551,150-321,Yes,150;159;206;282;316;320;321
KC441469,3,82.280,3b,92.273,150-321,Yes,150;159;206;282;316;320;321
KC441470,3,82.741,3b,92.720,150-321,Yes,150;159;206;282;316;320;321
KC441471,3,82.967,3b,92.381,150-321,Yes,150;159;206;282;316;320;321
KC441472,3,83.305,3b,92.720,150-321,Yes,150;159;206;282;316;320;321
KC441473,3,82.628,3b,92.381,150-321,Yes,150;159;206;282;316;320;321
KC441474,3,82.854,3b,92.212,150-321,Yes,150;159;206;282;316;320;321
KC441475,3,82.788,3b,92.160,150-321,Yes,150;159;206;282;316;320;321
KC441476,3,82.798,3b,92.325,150-321,Yes,150;159;206;282;316;320;321
KC441477,6,83.248,6a,96.725,150-321,Yes,150;159;206;282;316;320;321
KC441478,6,82.624,6a,95.380,150-321,Yes,150;159;206;282;316;320;321
KC441479,6,83.305,6a,95.848,150-321,Yes,150;159;206;282;316;320;321
KC441480,6,83.135,6a,96.491,150-321,Yes,150;159;206;282;316;320;321
KC441481,6,83.362,6a,97.193,150-321,Yes,150;159;206;282;316;320;321
KC441482,6,83.589,6a,96.374,150-321,Yes,150;159;206;282;316;320;321
KC441483,6,83.248,6a,96.140,150-321,Yes,150;159;206;282;316;320;321
KC441484,6,83.049,6a,96.316,150-321,Yes,150;159;206;282;316;320;321
KC441485,6,83.021,6a,96.433,150-321,Yes,150;159;206;282;316;320;321
KC441486,6,83.475,6a,95.906,150-321,Yes,150;159;206;282;316;320;321
KC767829,5,92.105,5a,92.645,150-321,Yes,150;159;206;282;316;320;321
KC767830,5,92.765,5a,93.036,150-321,Yes,150;159;206;282;316;320;321
KC767831,5,91.509,5a,92.183,150-321,Yes,150;159;206;282;316;320;321
KC767833,5,91.301,5a,92.136,150-321,Yes,150;159;206;282;316;320;321
KC767834,5,92.329,5a,93.075,150-321,Yes,150;159;206;282;316;320;321
KC844037,6,83.052,6a,95.673,150-321,Yes,150;159;206;282;316;320;321
KC844038,6,83.512,6a,96.140,150-321,Yes,150;159;206;282;316;320;321
KC844039,6,76.906,6xa,80.034,150-321,Yes,150;159;206;282;316;320;321
KC844040,6,76.550,6xa,77.998,150-321,Yes,150;159;206;282;316;320;321
KC844041,3,94.582,3a,93.179,150-321,Yes,150;159;206;282;316;320;321
KC844043,2,92.104,2a,93.158,150-321,Yes,150;159;206;282;316;320;321
KC844044,3,82.957,3b,91.596,150-321,Yes,150;159;206;282;316;320;321
KC844046,5,92.720,5a,93.002,150-321,Yes,150;159;206;282;316;320;321
KC844047,1,83.023,1c,95.203,150-321,Yes,150;159;206;282;316;320;321
KC844049,1,95.713,1a,94.755,150-321,Yes,150;159;206;282;316;320;321
KC967476,2,92.160,2a,100.000,150-321,Yes,150;159;206;282;316;320;321
KF035123,3,93.172,3a,92.165,150-321,Yes,150;159;206;282;316;320;321
KF035124,3,93.341,3a,91.995,150-321,Yes,150;159;206;282;316;320;321
KF035125,3,93.567,3a,92.672,150-321,Yes,150;159;206;282;316;320;321
KF035126,3,93.115,3a,92.954,150-321,Yes,150;159;206;282;316;320;321
KF035127,3,94.300,3a,93.292,150-321,Yes,150;159;206;282;316;320;321
KF667756,1,94.035,1a,93.244,150-321,Yes,150;159;206;282;316;320;321
KF667757,1,94.157,1a,93.548,150-321,Yes,150;159;206;282;316;320;321
KF667758,1,93.427,1a,93.001,150-321,Yes,150;159;206;282;316;320;321
KF667759,1,94.827,1a,94.157,150-321,Yes,150;159;206;282;316;320;321
KF667760,1,94.400,1a,93.974,150-321,Yes,150;159;206;282;316;320;321
KF667761,1,94.400,1a,93.853,150-321,Yes,150;159;206;282;316;320;321
KF667762,1,93.427,1a,92.635,150-321,Yes,150;159;206;282;316;320;321
KF667763,1,94.157,1a,93.731,150-321,Yes,150;159;206;282;316;320;321
KF667764,1,94.035,1a,93.366,150-321,Yes,150;159;206;282;316;320;321
KF667765,1,95.131,1a,94.340,150-321,Yes,150;159;206;282;316;320;321
KF667766,1,93.305,1a,93.305,150-321,Yes,150;159;206;282;316;320;321
KF667767,1,94.887,1a,94.279,150-321,Yes,150;159;206;282;316;320;321
KF667768,1,91.697,1a,91.819,150-321,Yes,150;159;206;282;316;320;321
KF667769,1,94.505,1a,93.712,150-321,Yes,150;159;206;282;316;320;321
KF667770,1,94.766,1a,93.792,150-321,Yes,150;159;206;282;316;320;321
KF667771,1,94.218,1a,93.548,150-321,Yes,150;159;206;282;316;320;321
KF667772,1,95.557,1a,94.887,150-321,Yes,150;159;206;282;316;320;321
KF667773,1,93.244,1a,93.061,150-321,Yes,150;159;206;282;316;320;321
KF667774,1,93.974,1a,93.183,150-321,Yes,150;159;206;282;316;320;321
KF667775,1,93.792,1a,93.122,150-321,Yes,150;159;206;282;316;320;321
KF667776,1,97.870,1a,96.896,150-321,Yes,150;159;206;282;316;320;321
KF667777,1,92.575,1a,92.209,150-321,Yes,150;159;206;282;316;320;321
KF667778,1,96.409,1a,95.496,150-321,Yes,150;159;206;282;316;320;321
KF667779,1,93.427,1a,92.940,150-321,Yes,150;159;206;282;316;320;321
KF667780,1,94.766,1a,93.974,150-321,Yes,150;159;206;282;316;320;321
KF667781,1,94.279,1a,93.609,150-321,Yes,150;159;206;282;316;320;321
KF667782,1,94.340,1a,93.670,150-321,Yes,150;159;206;282;316;320;321
KF667783,1,93.974,1a,93.244,150-321,Yes,150;159;206;282;316;320;321
KF667784,1,95.009,1a,94.096,150-321,Yes,150;159;206;282;316;320;321
KF667785,1,93.061,1a,92.575,150-321,Yes,150;159;206;282;316;320;321
KF667786,1,96.409,1a,95.435,150-321,Yes,150;159;206;282;316;320;321
KF667787,1,96.409,1a,95.435,150-321,Yes,150;159;206;282;316;320;321
KF667820,1,81.071,1b,93.305,150-321,Yes,150;159;206;282;316;320;321
KF667821,1,81.497,1b,93.366,150-321,Yes,150;159;206;282;316;320;321
KF667822,1,81.436,1b,92.209,150-321,Yes,150;159;206;282;316;320;321
KF667823,1,82.045,1b,93.427,150-321,Yes,150;159;206;282;316;320;321
KF667824,1,81.020,1b,92.331,150-321,Yes,150;159;206;282;316;320;321
KF667825,1,81.581,1b,92.635,150-321,Yes,150;159;206;282;316;320;321
KF667826,1,81.873,1b,92.575,150-321,Yes,150;159;206;282;316;320;321
KF667827,1,81.497,1b,93.001,150-321,Yes,150;159;206;282;316;320;321
KF667828,1,81.934,1b,93.061,150-321,Yes,150;159;206;282;316;320;321
KF667829,1,81.658,1b,92.626,150-321,Yes,150;159;206;282;316;320;321
KF667830,1,81.658,1b,92.931,150-321,Yes,150;159;206;282;316;320;321
KF667831,1,82.123,1b,91.763,150-321,Yes,150;159;206;282;316;320;321
KF667832,1,82.654,1b,92.514,150-321,Yes,150;159;206;282;316;320;321
KF667833,1,81.204,1b,91.905,150-321,Yes,150;159;206;282;316;320;321
KF667834,1,82.299,1b,92.392,150-321,Yes,150;159;206;282;316;320;321
KF667835,1,82.056,1b,92.514,150-321,Yes,150;159;206;282;316;320;321
KF667836,1,81.326,1b,92.879,150-321,Yes,150;159;206;282;316;320;321
KF667837,1,81.619,1b,92.575,150-321,Yes,150;159;206;282;316;320;321
KF667838,1,81.984,1d,87.462,150-321,Yes,150;159;206;282;316;320;321
KF667839,1,81.862,1b,92.331,150-321,Yes,150;159;206;282;316;320;321
KF667840,1,82.421,1b,92.757,150-321,Yes,150;159;206;282;316;320;321
KF667841,1,82.167,1b,93.609,150-321,Yes,150;159;206;282;316;320;321
KF667842,1,81.010,1b,92.270,150-321,Yes,150;159;206;282;316;320;321
KF667843,1,82.410,1b,93.122,150-321,Yes,150;159;206;282;316;320;321
KF667844,1,82.045,1b,92.696,150-321,Yes,150;159;206;282;316;320;321
KF667845,1,82.471,1b,92.270,150-321,Yes,150;159;206;282;316;320;321
KF667846,1,81.995,1b,91.844,150-321,Yes,150;159;206;282;316;320;321
KF667847,1,81.436,1b,91.722,150-321,Yes,150;159;206;282;316;320;321
KF667848,1,81.497,1b,93.244,150-321,Yes,150;159;206;282;316;320;321
KF667849,1,81.680,1b,92.818,150-321,Yes,150;159;206;282;316;320;321
PX091934,2,92.360,2a,93.251,150-321,Yes,150;159;206;282;316;320;321
PX091935,1,81.968,1b,92.756,150-321,Yes,150;159;206;282;316;320;321
PX091936,3,95.076,3a,94.058,150-321,Yes,150;159;206;282;316;320;321
KJ148617,2,78.036,2l,93.742,150-321,Yes,150;159;206;282;316;320;321
KJ148618,2,77.972,2l,92.720,150-321,Yes,150;159;206;282;316;320;321
KJ437271,1,93.947,1a,93.318,150-321,Yes,150;159;206;282;316;320;321
KJ437279,1,93.711,1a,93.082,150-321,Yes,150;159;206;282;316;320;321
KJ437295,1,82.131,1b,92.724,150-321,Yes,150;159;206;282;316;320;321
KJ437307,3,96.335,3a,94.889,150-321,Yes,150;159;206;282;316;320;321
KJ437311,3,95.238,3a,93.416,150-321,Yes,150;159;206;282;316;320;321
KJ437313,3,95.956,3a,93.807,150-321,Yes,150;159;206;282;316;320;321
KJ437314,3,94.781,3a,92.699,150-321,Yes,150;159;206;282;316;320;321
KJ437318,3,96.608,3a,94.133,150-321,Yes,150;159;206;282;316;320;321
KJ437327,3,95.825,3a,94.329,150-321,Yes,150;159;206;282;316;320;321
KJ439767,1,83.813,1c,94.977,150-321,Yes,150;159;206;282;316;320;321
KJ439768,1,82.516,1d,100.000,150-321,Yes,150;159;206;282;316;320;321
KJ439769,1,83.587,1e,100.000,150-321,Yes,150;159;206;282;316;320;321
KJ439770,1,82.403,1g,100.000,150-321,Yes,150;159;206;282;316;320;321
KJ439771,1,80.767,1h,94.698,150-321,Yes,150;159;206;282;316;320;321
KJ439772,1,81.951,1i,100.000,150-321,Yes,150;159;206;282;316;320;321
KJ439773,1,86.069,1j,100.000,150-321,Yes,150;159;206;282;316;320;321
KJ439774,1,85.336,1k,100.000,150-321,Yes,150;159;206;282;316;320;321
KJ439775,1,86.069,1n,100.000,150-321,Yes,150;159;206;282;316;320;321
KJ439776,1,81.839,1l,89.114,150-321,Yes,150;159;206;282;316;320;321
KJ439777,1,84.884,1k,88.000,150-321,Yes,150;159;206;282;316;320;321
KJ439778,1,85.939,1m,100.000,150-321,Yes,150;159;206;282;316;320;321
KJ439779,1,83.991,1o,100.000,150-321,Yes,150;159;206;282;316;320;321
KJ439780,1,86.817,1m,86.640,150-321,Yes,150;159;206;282;316;320;321
KJ439781,1,86.061,1n,100.000,150-321,Yes,150;159;206;282;316;320;321
KJ439782,1,86.366,1m,100.000,150-321,Yes,150;159;206;282;316;320;321
KJ470612,3,95.037,3a,94.698,150-321,Yes,150;159;206;282;316;320;321
KJ470613,3,96.219,3a,96.280,150-321,Yes,150;159;206;282;316;320;321
KJ470614,3,96.953,3a,95.096,150-321,Yes,150;159;206;282;316;320;321
KJ470615,3,95.485,3a,95.039,150-321,Yes,150;159;206;282;316;320;321
KJ470616,3,83.080,3b,92.156,150-321,Yes,150;159;206;282;316;320;321
KJ470617,3,83.362,3b,91.765,150-321,Yes,150;159;206;282;316;320;321
KJ470618,3,83.362,3e,100.000,150-321,Yes,150;159;206;282;316;320;321
KJ470619,3,85.214,3d,100.000,150-321,Yes,150;159;206;282;316;320;321
KJ470620,6,75.817,6g,85.204,150-321,Yes,150;159;206;282;316;320;321
KJ470621,6,76.255,6g,86.395,150-321,Yes,150;159;206;282;316;320;321
KJ470622,6,76.268,6g,86.735,150-321,Yes,150;159;206;282;316;320;321
KJ470623,6,74.717,6g,82.360,150-321,Yes,150;159;206;282;316;320;321
KJ470624,6,76.169,6g,85.034,150-321,Yes,150;159;206;282;316;320;321
KJ470625,6,75.113,6g,82.899,150-321,Yes,150;159;206;282;316;320;321
KJ529536,1,95.375,1a,94.642,150-321,Yes,150;159;206;282;316;320;321
KJ529537,1,95.375,1a,94.924,150-321,Yes,150;159;206;282;316;320;321
KJ529538,1,94.529,1a,93.570,150-321,Yes,150;159;206;282;316;320;321
KJ529539,1,81.726,1b,92.611,150-321,Yes,150;159;206;282;316;320;321
KJ529540,1,80.813,1b,92.781,150-321,Yes,150;159;206;282;316;320;321
KJ529541,1,96.447,1a,95.770,150-321,Yes,150;159;206;282;316;320;321
KJ529542,1,95.883,1a,95.149,150-321,Yes,150;159;206;282;316;320;321
KJ529543,1,94.698,1a,94.191,150-321,Yes,150;159;206;282;316;320;321
KJ529544,1,94.413,1a,93.510,150-321,Yes,150;159;206;282;316;320;321
KJ529545,1,93.852,1a,93.852,150-321,Yes,150;159;206;282;316;320;321
KJ529546,1,81.218,1b,93.401,150-321,Yes,150;159;206;282;316;320;321
KJ529548,1,81.613,1b,91.653,150-321,Yes,150;159;206;282;316;320;321
KJ529549,1,93.457,1a,93.006,150-321,Yes,150;159;206;282;316;320;321
KJ529550,1,81.060,1b,92.386,150-321,Yes,150;159;206;282;316;320;321
KJ529551,1,81.716,1b,92.325,150-321,Yes,150;159;206;282;316;320;321
KJ529553,1,94.529,1a,94.191,150-321,Yes,150;159;206;282;316;320;321
KJ529554,1,94.074,1a,93.228,150-321,Yes,150;159;206;282;316;320;321
KJ529555,1,94.360,1a,93.627,150-321,Yes,150;159;206;282;316;320;321
KJ529556,1,82.290,1b,93.119,150-321,Yes,150;159;206;282;316;320;321
KJ529557,1,93.683,1a,93.119,150-321,Yes,150;159;206;282;316;320;321
KJ529560,1,81.444,1b,92.386,150-321,Yes,150;159;206;282;316;320;321
KJ529561,1,81.839,1b,92.442,150-321,Yes,150;159;206;282;316;320;321
KJ529562,1,92.381,1a,92.043,150-321,Yes,150;159;206;282;316;320;321
KJ529564,1,94.416,1a,94.078,150-321,Yes,150;159;206;282;316;320;321
KJ529565,1,93.059,1a,93.172,150-321,Yes,150;159;206;282;316;320;321
KJ529566,1,94.416,1a,93.683,150-321,Yes,150;159;206;282;316;320;321
KJ529569,1,81.782,1b,92.668,150-321,Yes,150;159;206;282;316;320;321
KJ529570,1,94.924,1a,94.585,150-321,Yes,150;159;206;282;316;320;321
KJ529572,1,96.221,1a,95.488,150-321,Yes,150;159;206;282;316;320;321
KJ529573,1,93.175,1a,92.442,150-321,Yes,150;159;206;282;316;320;321
KJ529574,1,93.172,1a,92.946,150-321,Yes,150;159;206;282;316;320;321
KJ529575,1,93.514,1a,93.401,150-321,Yes,150;159;206;282;316;320;321
KJ529576,1,93.002,1a,92.833,150-321,Yes,150;159;206;282;316;320;321
KJ529579,1,81.500,1b,92.555,150-321,Yes,150;159;206;282;316;320;321
KJ529581,1,94.360,1a,94.303,150-321,Yes,150;159;206;282;316;320;321
KJ529582,1,82.290,1b,92.611,150-321,Yes,150;159;206;282;316;320;321
KJ529583,1,82.413,1b,92.611,150-321,Yes,150;159;206;282;316;320;321
KJ529584,1,94.924,1a,94.416,150-321,Yes,150;159;206;282;316;320;321
KJ529585,1,95.770,1a,95.206,150-321,Yes,150;159;206;282;316;320;321
KJ529586,1,95.093,1a,94.360,150-321,Yes,150;159;206;282;316;320;321
KJ529587,1,81.782,1b,93.514,150-321,Yes,150;159;206;282;316;320;321
KJ529590,1,94.078,1a,93.457,150-321,Yes,150;159;206;282;316;320;321
KJ529591,1,95.655,1a,95.993,150-321,Yes,150;159;206;282;316;320;321
KJ529592,1,95.601,1a,95.149,150-321,Yes,150;159;206;282;316;320;321
KJ529595,1,96.616,1a,95.677,150-321,Yes,150;159;206;282;316;320;321
KJ529596,1,94.360,1a,93.683,150-321,Yes,150;159;206;282;316;320;321
KJ529597,1,95.319,1a,94.698,150-321,Yes,150;159;206;282;316;320;321
KJ529600,1,92.837,1a,92.442,150-321,Yes,150;159;206;282;316;320;321
KJ529601,1,93.965,1a,93.457,150-321,Yes,150;159;206;282;316;320;321
KJ529602,1,82.459,1b,93.514,150-321,Yes,150;159;206;282;316;320;321
KJ529603,1,95.939,1a,95.431,150-321,Yes,150;159;206;282;316;320;321
KJ529604,1,92.217,1a,91.596,150-321,Yes,150;159;206;282;316;320;321
KJ529605,1,93.570,1a,93.514,150-321,Yes,150;159;206;282;316;320;321
KJ529607,1,94.755,1a,94.473,150-321,Yes,150;159;206;282;316;320;321
KJ529608,1,93.567,1a,93.228,150-321,Yes,150;159;206;282;316;320;321
KJ529609,1,94.303,1a,93.514,150-321,Yes,150;159;206;282;316;320;321
KJ529610,1,95.431,1a,94.980,150-321,Yes,150;159;206;282;316;320;321
KJ529611,1,96.163,1a,95.372,150-321,Yes,150;159;206;282;316;320;321
KJ529612,1,96.729,1a,96.390,150-321,Yes,150;159;206;282;316;320;321
KJ529616,1,92.156,1a,91.761,150-321,Yes,150;159;206;282;316;320;321
KJ529618,1,82.469,1b,92.607,150-321,Yes,150;159;206;282;316;320;321
KJ529619,1,93.063,1a,92.668,150-321,Yes,150;159;206;282;316;320;321
KJ529620,1,81.218,1b,91.540,150-321,Yes,150;159;206;282;316;320;321
KJ529621,1,95.995,1a,95.051,150-321,Yes,150;159;206;282;316;320;321
KJ529623,1,80.327,1b,91.874,150-321,Yes,150;159;206;282;316;320;321
KJ529624,1,94.811,1a,94.416,150-321,Yes,150;159;206;282;316;320;321
KJ529626,1,81.793,1b,92.893,150-321,Yes,150;159;206;282;316;320;321
KJ529627,1,93.852,1a,93.006,150-321,Yes,150;159;206;282;316;320;321
KJ529629,1,93.965,1a,94.021,150-321,Yes,150;159;206;282;316;320;321
KJ529630,1,95.431,1a,94.698,150-321,Yes,150;159;206;282;316;320;321
KJ529631,1,82.008,1b,92.893,150-321,Yes,150;159;206;282;316;320;321
KJ529632,1,81.905,1b,92.893,150-321,Yes,150;159;206;282;316;320;321
KJ529633,1,93.172,1a,93.059,150-321,Yes,150;159;206;282;316;320;321
KJ529634,1,82.459,1b,92.950,150-321,Yes,150;159;206;282;316;320;321
KJ529636,1,93.006,1a,92.386,150-321,Yes,150;159;206;282;316;320;321
KJ529638,1,95.488,1a,94.811,150-321,Yes,150;159;206;282;316;320;321
KJ529639,1,93.679,1a,93.115,150-321,Yes,150;159;206;282;316;320;321
KJ529640,1,96.221,1a,95.657,150-321,Yes,150;159;206;282;316;320;321
KJ529641,1,82.028,1b,93.115,150-321,Yes,150;159;206;282;316;320;321
KJ529642,1,94.187,1a,93.567,150-321,Yes,150;159;206;282;316;320;321
KJ529644,1,82.572,1b,93.401,150-321,Yes,150;159;206;282;316;320;321
KJ529645,1,82.403,1b,92.104,150-321,Yes,150;159;206;282;316;320;321
KJ529646,1,94.980,1a,95.319,150-321,Yes,150;159;206;282;316;320;321
KJ529649,1,96.334,1a,95.431,150-321,Yes,150;159;206;282;316;320;321
KJ529650,1,82.516,1b,92.724,150-321,Yes,150;159;206;282;316;320;321
KJ529651,1,95.149,1a,94.653,150-321,Yes,150;159;206;282;316;320;321
KJ529652,1,96.334,1a,95.826,150-321,Yes,150;159;206;282;316;320;321
KJ529653,1,93.683,1a,93.288,150-321,Yes,150;159;206;282;316;320;321
KJ529654,1,82.346,1b,93.345,150-321,Yes,150;159;206;282;316;320;321
KJ529656,1,93.345,1a,92.781,150-321,Yes,150;159;206;282;316;320;321
KJ529657,1,95.093,1a,94.698,150-321,Yes,150;159;206;282;316;320;321
KJ529658,1,95.037,1a,94.529,150-321,Yes,150;159;206;282;316;320;321
KJ529659,1,95.090,1a,94.482,150-321,Yes,150;159;206;282;316;320;321
KJ529660,1,81.049,1b,91.991,150-321,Yes,150;159;206;282;316;320;321
KJ529661,1,94.134,1a,93.796,150-321,Yes,150;159;206;282;316;320;321
KJ529664,1,82.290,1b,93.063,150-321,Yes,150;159;206;282;316;320;321
KJ529665,1,81.782,1b,92.777,150-321,Yes,150;159;206;282;316;320;321
KJ529668,1,82.346,1b,92.499,150-321,Yes,150;159;206;282;316;320;321
KJ529670,1,82.008,1b,92.837,150-321,Yes,150;159;206;282;316;320;321
KJ529671,1,81.669,1b,92.438,150-321,Yes,150;159;206;282;316;320;321
KJ529672,1,94.191,1a,93.852,150-321,Yes,150;159;206;282;316;320;321
KJ529674,1,82.064,1b,92.837,150-321,Yes,150;159;206;282;316;320;321
KJ529675,1,95.939,1a,95.037,150-321,Yes,150;159;206;282;316;320;321
KJ529677,1,82.121,1b,92.781,150-321,Yes,150;159;206;282;316;320;321
KJ529680,1,93.457,1a,93.514,150-321,Yes,150;159;206;282;316;320;321
KJ529681,1,80.756,1b,91.196,150-321,Yes,150;159;206;282;316;320;321
KJ529684,1,92.893,1a,92.668,150-321,Yes,150;159;206;282;316;320;321
KJ529685,1,82.280,1b,92.837,150-321,Yes,150;159;206;282;316;320;321
KJ529686,1,94.191,1a,93.457,150-321,Yes,150;159;206;282;316;320;321
KJ529687,1,95.939,1a,95.488,150-321,Yes,150;159;206;282;316;320;321
KJ529688,1,93.175,1a,92.781,150-321,Yes,150;159;206;282;316;320;321
KJ529690,1,81.398,1b,92.724,150-321,Yes,150;159;206;282;316;320;321
KJ529691,1,94.698,1a,94.134,150-321,Yes,150;159;206;282;316;320;321
KJ529692,1,94.191,1a,93.683,150-321,Yes,150;159;206;282;316;320;321
KJ529693,1,93.134,1a,92.438,150-321,Yes,150;159;206;282;316;320;321
KJ529695,1,94.811,1a,94.360,150-321,Yes,150;159;206;282;316;320;321
KJ529696,1,93.852,1a,93.683,150-321,Yes,150;159;206;282;316;320;321
KJ529697,1,94.328,1a,93.532,150-321,Yes,150;159;206;282;316;320;321
KJ529698,1,81.839,1b,92.668,150-321,Yes,150;159;206;282;316;320;321
KJ529700,1,81.726,1b,92.442,150-321,Yes,150;159;206;282;316;320;321
KJ529703,1,82.967,1b,93.063,150-321,Yes,150;159;206;282;316;320;321
KJ529704,1,93.830,1a,93.384,150-321,Yes,150;159;206;282;316;320;321
KJ567644,6,76.110,6xi,86.625,150-321,Yes,150;159;206;282;316;320;321
KJ567645,6,75.479,6xb,100.000,150-321,Yes,150;159;206;282;316;320;321
KJ567646,6,75.887,6xf,100.000,150-321,Yes,150;159;206;282;316;320;321
KJ567647,6,76.225,6xf,100.000,150-321,Yes,150;159;206;282;316;320;321
KJ567648,6,76.298,6xf,81.144,150-321,Yes,150;159;206;282;316;320;321
KJ567649,6,75.845,6xc,88.095,150-321,Yes,150;159;206;282;316;320;321
KJ567650,6,75.845,6xc,87.925,150-321,Yes,150;159;206;282;316;320;321
KJ567651,6,75.901,6xc,100.000,150-321,Yes,150;159;206;282;316;320;321
KJ567652,6,76.113,6e,85.110,150-321,Yes,150;159;206;282;316;320;321
KJ678744,6,82.995,6a,96.082,150-321,Yes,150;159;206;282;316;320;321
KJ678745,6,83.052,6a,96.140,150-321,Yes,150;159;206;282;316;320;321
KJ678746,6,83.333,6a,96.433,150-321,Yes,150;159;206;282;316;320;321
KJ678747,6,83.399,6a,97.250,150-321,Yes,150;159;206;282;316;320;321
KJ678748,6,83.192,6a,96.491,150-321,Yes,150;159;206;282;316;320;321
KJ678749,6,83.502,6a,96.842,150-321,Yes,150;159;206;282;316;320;321
KJ678750,6,83.136,6a,96.433,150-321,Yes,150;159;206;282;316;320;321
KJ678751,6,83.502,6a,96.901,150-321,Yes,150;159;206;282;316;320;321
KJ678752,6,83.333,6a,96.608,150-321,Yes,150;159;206;282;316;320;321
KJ678753,6,83.615,6a,96.842,150-321,Yes,150;159;206;282;316;320;321
KJ678755,6,83.390,6a,96.784,150-321,Yes,150;159;206;282;316;320;321
KJ678756,6,83.587,6a,95.731,150-321,Yes,150;159;206;282;316;320;321
KJ678757,6,83.362,6a,96.842,150-321,Yes,150;159;206;282;316;320;321
KJ678758,6,83.108,6a,96.140,150-321,Yes,150;159;206;282;316;320;321
KJ678759,6,83.446,6a,96.374,150-321,Yes,150;159;206;282;316;320;321
KJ678760,6,83.418,6a,96.433,150-321,Yes,150;159;206;282;316;320;321
KJ678761,6,82.827,6a,96.901,150-321,Yes,150;159;206;282;316;320;321
KJ678762,6,83.437,6a,96.491,150-321,Yes,150;159;206;282;316;320;321
KJ678763,6,83.615,6a,96.374,150-321,Yes,150;159;206;282;316;320;321
KJ678764,6,83.192,6a,95.614,150-321,Yes,150;159;206;282;316;320;321
KJ678765,6,83.249,6a,96.959,150-321,Yes,150;159;206;282;316;320;321
KJ678766,6,82.883,6a,96.316,150-321,Yes,150;159;206;282;316;320;321
KJ678767,6,83.164,6a,95.088,150-321,Yes,150;159;206;282;316;320;321
KJ678769,6,82.939,6a,94.854,150-321,Yes,150;159;206;282;316;320;321
KJ678770,6,82.883,6a,95.029,150-321,Yes,150;159;206;282;316;320;321
KJ678771,6,82.883,6a,96.725,150-321,Yes,150;159;206;282;316;320;321
KJ678772,6,83.644,6a,94.678,150-321,Yes,150;159;206;282;316;320;321
KJ678773,6,83.427,6a,95.789,150-321,Yes,150;159;206;282;316;320;321
KJ678774,6,83.277,6a,95.263,150-321,Yes,150;159;206;282;316;320;321
KJ678775,6,82.489,6a,93.743,150-321,Yes,150;159;206;282;316;320;321
KJ678776,6,83.587,6a,95.497,150-321,Yes,150;159;206;282;316;320;321
KJ678777,6,83.099,6a,95.146,150-321,Yes,150;159;206;282;316;320;321
KJ678778,6,83.700,6a,95.380,150-321,Yes,150;159;206;282;316;320;321
KJ678779,6,83.108,6a,95.439,150-321,Yes,150;159;206;282;316;320;321
KJ678780,6,83.465,6a,94.152,150-321,Yes,150;159;206;282;316;320;321
KJ678781,6,83.221,6a,96.784,150-321,Yes,150;159;206;282;316;320;321
KJ678782,6,83.953,6a,96.023,150-321,Yes,150;159;206;282;316;320;321
KJ678783,6,82.658,6a,95.673,150-321,Yes,150;159;206;282;316;320;321
KJ678784,6,83.446,6a,96.667,150-321,Yes,150;159;206;282;316;320;321
KJ678785,6,83.108,6a,96.491,150-321,Yes,150;159;206;282;316;320;321
KJ678787,6,82.658,6a,95.205,150-321,Yes,150;159;206;282;316;320;321
KJ678788,6,81.951,6a,92.632,150-321,Yes,150;159;206;282;316;320;321
KJ678789,6,83.390,6a,95.614,150-321,Yes,150;159;206;282;316;320;321
KJ678790,6,83.926,6a,92.865,150-321,Yes,150;159;206;282;316;320;321
KJ678791,6,83.549,6a,93.743,150-321,Yes,150;159;206;282;316;320;321
KJ678792,6,82.883,6a,94.620,150-321,Yes,150;159;206;282;316;320;321
KJ678793,6,82.883,6a,93.918,150-321,Yes,150;159;206;282;316;320;321
KJ678794,6,83.671,6a,95.088,150-321,Yes,150;159;206;282;316;320;321
KJ678795,6,82.798,6a,95.205,150-321,Yes,150;159;206;282;316;320;321
KJ678796,6,83.333,6a,93.684,150-321,Yes,150;159;206;282;316;320;321
KJ678797,6,83.126,6a,94.386,150-321,Yes,150;159;206;282;316;320;321
KJ678798,6,83.858,6a,94.094,150-321,Yes,150;159;206;282;316;320;321
KJ678799,6,81.895,6a,93.450,150-321,Yes,150;159;206;282;316;320;321
KJ678801,6,82.741,6a,93.450,150-321,Yes,150;159;206;282;316;320;321
KJ678802,6,83.324,6a,94.503,150-321,Yes,150;159;206;282;316;320;321
KJ678803,6,83.070,6a,93.801,150-321,Yes,150;159;206;282;316;320;321
KJ678805,6,83.192,6a,93.626,150-321,Yes,150;159;206;282;316;320;321
KJ678806,6,84.038,6a,94.327,150-321,Yes,150;159;206;282;316;320;321
KJ678807,6,82.601,6a,93.743,150-321,Yes,150;159;206;282;316;320;321
KJ678808,6,83.926,6a,93.567,150-321,Yes,150;159;206;282;316;320;321
KJ678809,6,83.277,6a,94.678,150-321,Yes,150;159;206;282;316;320;321
KJ678810,6,83.446,6a,93.860,150-321,Yes,150;159;206;282;316;320;321
KJ678811,6,83.671,6a,95.614,150-321,Yes,150;159;206;282;316;320;321
KJ678812,6,83.108,6a,94.269,150-321,Yes,150;159;206;282;316;320;321
KJ678813,6,83.052,6a,95.673,150-321,Yes,150;159;206;282;316;320;321
KJ678814,6,82.910,6a,95.848,150-321,Yes,150;159;206;282;316;320;321
KJ678815,6,83.502,6a,97.135,150-321,Yes,150;159;206;282;316;320;321
KJ678816,6,83.249,6a,95.322,150-321,Yes,150;159;206;282;316;320;321
KJ678817,6,83.512,6a,96.140,150-321,Yes,150;159;206;282;316;320;321
KM252779,6,75.393,6e,90.468,150-321,Yes,150;159;206;282;316;320;321
KM252780,6,76.000,6e,93.100,150-321,Yes,150;159;206;282;316;320;321
KM252781,6,75.759,6e,90.863,150-321,Yes,150;159;206;282;316;320;321
KM252782,6,75.241,6h,94.360,150-321,Yes,150;159;206;282;316;320;321
KM252783,6,74.816,6h,94.078,150-321,Yes,150;159;206;282;316;320;321
KM252784,6,75.226,6h,95.260,150-321,Yes,150;159;206;282;316;320;321
KM252785,6,76.166,6p,92.724,150-321,Yes,150;159;206;282;316;320;321
KM252786,6,76.394,6r,95.657,150-321,Yes,150;159;206;282;316;320;321
KM252787,6,76.131,6s,95.465,150-321,Yes,150;159;206;282;316;320;321
KM252789,6,87.472,6xd,100.000,150-321,Yes,150;159;206;282;316;320;321
KM252790,6,86.633,6xd,100.000,150-321,Yes,150;159;206;282;316;320;321
KM252791,6,87.260,6xd,88.824,150-321,Yes,150;159;206;282;316;320;321
KM252792,6,75.408,6xe,100.000,150-321,Yes,150;159;206;282;316;320;321
KM252793,6,75.521,6d,86.464,150-321,Yes,150;159;206;282;316;320;321
KM252794,6,74.915,6i,82.731,150-321,Yes,150;159;206;282;316;320;321
KM252795,6,75.213,6j,87.754,150-321,Yes,150;159;206;282;316;320;321
KM252797,6,75.562,6c,81.038,150-321,Yes,150;159;206;282;316;320;321
KM252798,6,75.322,6xf,81.782,150-321,Yes,150;159;206;282;316;320;321
KM252799,6,82.910,6xd,82.924,150-321,Yes,150;159;206;282;316;320;321
KM252800,6,75.141,6q,84.507,150-321,Yes,150;159;206;282;316;320;321
KM277568,1,82.060,1b,92.473,150-321,Yes,150;159;206;282;316;320;321
KM277569,1,81.751,1b,91.929,150-321,Yes,150;159;206;282;316;320;321
KM277570,1,82.216,1b,93.209,150-321,Yes,150;159;206;282;316;320;321
KM277572,1,81.087,1b,92.186,150-321,Yes,150;159;206;282;316;320;321
KM277573,1,80.800,1b,91.840,150-321,Yes,150;159;206;282;316;320;321
KM277574,1,82.117,1b,92.699,150-321,Yes,150;159;206;282;316;320;321
KM277575,1,82.022,1b,92.422,150-321,Yes,150;159;206;282;316;320;321
KM277576,1,81.076,1b,92.635,150-321,Yes,150;159;206;282;316;320;321
KM277577,1,82.015,1b,92.995,150-321,Yes,150;159;206;282;316;320;321
KM277578,1,82.232,1b,92.369,150-321,Yes,150;159;206;282;316;320;321
KM277579,1,81.754,1b,92.702,150-321,Yes,150;159;206;282;316;320;321
KM277580,1,81.570,1b,92.829,150-321,Yes,150;159;206;282;316;320;321
KM277581,1,82.569,1b,93.492,150-321,Yes,150;159;206;282;316;320;321
KM504109,6,75.676,6xg,85.504,150-321,Yes,150;159;206;282;316;320;321
KM504110,6,76.239,6f,96.447,150-321,Yes,150;159;206;282;316;320;321
KM504111,6,76.927,6c,82.449,150-321,Yes,150;159;206;282;316;320;321
KM504112,6,77.302,6o,77.595,235-321,,282;316;320;321
KM504113,6,76.126,6r,95.488,150-321,Yes,150;159;206;282;316;320;321
KM504114,6,75.099,6q,86.444,150-321,Yes,150;159;206;282;316;320;321
KM504115,6,76.163,6q,94.777,150-321,Yes,150;159;206;282;316;320;321
KM504116,6,75.775,6q,94.425,150-321,Yes,150;159;206;282;316;320;321
KM504117,6,76.464,6q,84.539,150-321,Yes,150;159;206;282;316;320;321
KM504118,6,76.421,6xf,83.249,150-321,Yes,150;159;206;282;316;320;321
KM504119,6,75.184,6h,87.754,150-321,Yes,150;159;206;282;316;320;321
KM504120,6,75.478,6q,85.924,150-321,Yes,150;159;206;282;316;320;321
KM504121,6,75.409,6c,81.962,150-321,Yes,150;159;206;282;316;320;321
KM504122,6,74.463,6h,93.679,150-321,Yes,150;159;206;282;316;320;321
KM504123,6,75.438,6s,95.125,150-321,Yes,150;159;206;282;316;320;321
KM504124,6,77.278,6c,93.852,150-321,Yes,150;159;206;282;316;320;321
KM874786,1,95.087,1a,94.308,150-321,Yes,150;159;206;282;316;320;321
KR108465,3,95.455,3a,92.019,150-321,Yes,150;159;206;282;316;320;321
KX621422,1,95.271,1a,94.513,150-321,Yes,150;159;206;282;316;320;321
KX621425,1,93.041,1a,92.632,150-321,Yes,150;159;206;282;316;320;321
KX621426,3,95.956,3a,93.611,150-321,Yes,150;159;206;282;316;320;321
KX621428,3,95.303,3a,93.481,150-321,Yes,150;159;206;282;316;320;321
KX621429,3,96.021,3a,94.263,150-321,Yes,150;159;206;282;316;320;321
KX621431,3,95.303,3a,94.263,150-321,Yes,150;159;206;282;316;320;321
KX621432,3,95.564,3a,94.003,150-321,Yes,150;159;206;282;316;320;321
KX621433,3,94.390,3a,93.216,150-321,Yes,150;159;206;282;316;320;321
KX621434,3,95.499,3a,93.872,150-321,Yes,150;159;206;282;316;320;321
KX621436,1,93.870,1a,93.579,150-321,Yes,150;159;206;282;316;320;321
KX621437,1,93.337,1a,92.925,150-321,Yes,150;159;206;282;316;320;321
KX621438,1,95.798,1a,95.584,150-321,Yes,150;159;206;282;316;320;321
KX621439,1,95.855,1a,95.155,150-321,Yes,150;159;206;282;316;320;321
KX621441,3,93.999,3a,92.699,150-321,Yes,150;159;206;282;316;320;321
KX621443,1,97.721,1a,97.151,150-321,Yes,150;159;206;282;316;320;321
KX621444,1,97.575,1a,96.758,150-321,Yes,150;159;206;282;316;320;321
KX621445,1,94.069,1a,93.600,150-321,Yes,150;159;206;282;316;320;321
KX621447,3,94.847,3a,93.090,150-321,Yes,150;159;206;282;316;320;321
KX621453,3,95.825,3a,93.286,150-321,Yes,150;159;206;282;316;320;321
KX621454,3,95.173,3a,94.785,150-321,Yes,150;159;206;282;316;320;321
KX621456,1,93.929,1a,93.637,150-321,Yes,150;159;206;282;316;320;321
KX621464,1,96.491,1a,96.023,150-321,Yes,150;159;206;282;316;320;321
KX621466,1,94.571,1a,94.104,150-321,Yes,150;159;206;282;316;320;321
KX621467,1,93.457,1a,93.172,150-321,Yes,150;159;206;282;316;320;321
KX621469,3,95.108,3a,94.064,150-321,Yes,150;159;206;282;316;320;321
KX621470,3,95.303,3a,94.589,150-321,Yes,150;159;206;282;316;320;321
KX621471,1,95.826,1a,95.591,150-321,Yes,150;159;206;282;316;320;321
KX621472,3,95.108,3a,93.025,150-321,Yes,150;159;206;282;316;320;321
KX621475,3,96.086,3a,94.003,150-321,Yes,150;159;206;282;316;320;321
KX621476,3,94.521,3a,93.742,150-321,Yes,150;159;206;282;316;320;321
KX621477,3,96.151,3a,93.868,150-321,Yes,150;159;206;282;316;320;321
KX621478,3,94.521,3a,94.003,150-321,Yes,150;159;206;282;316;320;321
KX621479,3,95.369,3a,92.960,150-321,Yes,150;159;206;282;316;320;321
KX621480,3,94.455,3a,92.894,150-321,Yes,150;159;206;282;316;320;321
KX621481,3,94.521,3a,93.742,150-321,Yes,150;159;206;282;316;320;321
KX621483,3,94.912,3a,94.459,150-321,Yes,150;159;206;282;316;320;321
KX621486,3,96.086,3a,93.677,150-321,Yes,150;159;206;282;316;320;321
KX621487,3,96.086,3a,94.003,150-321,Yes,150;159;206;282;316;320;321
KX621488,3,95.303,3a,93.742,150-321,Yes,150;159;206;282;316;320;321
KX621489,3,95.108,3a,94.980,150-321,Yes,150;159;206;282;316;320;321
KX621490,3,95.956,3a,94.850,150-321,Yes,150;159;206;282;316;320;321
KX621491,3,94.455,3a,92.960,150-321,Yes,150;159;206;282;316;320;321
KX621492,3,94.455,3a,94.133,150-321,Yes,150;159;206;282;316;320;321
KX621493,1,94.870,1a,94.340,150-321,Yes,150;159;206;282;316;320;321
KX621494,3,94.586,3a,93.611,150-321,Yes,150;159;206;282;316;320;321
KX621496,3,95.695,3a,94.133,150-321,Yes,150;159;206;282;316;320;321
KX621497,3,96.543,3a,94.329,150-321,Yes,150;159;206;282;316;320;321
KX621498,3,95.695,3a,94.785,150-321,Yes,150;159;206;282;316;320;321
KX621499,3,94.260,3a,92.503,150-321,Yes,150;159;206;282;316;320;321
KX621500,1,94.221,1a,93.870,150-321,Yes,150;159;206;282;316;320;321
KX621501,3,95.238,3a,93.546,150-321,Yes,150;159;206;282;316;320;321
KX621502,3,95.760,3a,94.329,150-321,Yes,150;159;206;282;316;320;321
KX621503,3,95.434,3a,93.481,150-321,Yes,150;159;206;282;316;320;321
KX621506,3,94.977,3a,92.759,150-321,Yes,150;159;206;282;316;320;321
KX621507,3,95.042,3a,94.589,150-321,Yes,150;159;206;282;316;320;321
KX621508,3,95.499,3a,94.720,150-321,Yes,150;159;206;282;316;320;321
KX621511,1,93.661,1a,93.234,150-321,Yes,150;159;206;282;316;320;321
KX621513,3,95.173,3a,94.263,150-321,Yes,150;159;206;282;316;320;321
KX621515,1,94.523,1a,93.954,150-321,Yes,150;159;206;282;316;320;321
KX621516,3,95.629,3a,94.915,150-321,Yes,150;159;206;282;316;320;321
KX621517,1,94.587,1a,94.088,150-321,Yes,150;159;206;282;316;320;321
KX621518,3,95.564,3a,94.589,150-321,Yes,150;159;206;282;316;320;321
KX621519,3,94.781,3a,94.325,150-321,Yes,150;159;206;282;316;320;321
KX621520,1,95.798,1a,95.442,150-321,Yes,150;159;206;282;316;320;321
KX621521,1,93.519,1a,93.305,150-321,Yes,150;159;206;282;316;320;321
KX621522,3,94.912,3a,93.872,150-321,Yes,150;159;206;282;316;320;321
KX621525,1,95.228,1a,94.943,150-321,Yes,150;159;206;282;316;320;321
KX621526,1,96.620,1a,95.862,150-321,Yes,150;159;206;282;316;320;321
KX621527,3,95.890,3a,94.003,150-321,Yes,150;159;206;282;316;320;321
KX621530,3,95.953,3a,94.390,150-321,Yes,150;159;206;282;316;320;321
KX621531,3,96.217,3a,94.915,150-321,Yes,150;159;206;282;316;320;321
KX621532,1,96.011,1a,95.442,150-321,Yes,150;159;206;282;316;320;321
KX621534,3,95.042,3a,93.742,150-321,Yes,150;159;206;282;316;320;321
KX621537,3,94.781,3a,94.133,150-321,Yes,150;159;206;282;316;320;321
KX621539,3,94.390,3a,92.894,150-321,Yes,150;159;206;282;316;320;321
KX621540,1,96.083,1a,95.584,150-321,Yes,150;159;206;282;316;320;321
KX621541,3,95.695,3a,93.872,150-321,Yes,150;159;206;282;316;320;321
KX621543,1,94.396,1a,93.695,150-321,Yes,150;159;206;282;316;320;321
KX621544,1,96.316,1a,95.731,150-321,Yes,150;159;206;282;316;320;321
KX621545,2,81.958,2b,94.628,150-321,Yes,150;159;206;282;316;320;321
KX621546,2,81.604,2b,93.802,150-321,Yes,150;159;206;282;316;320;321
KX621547,2,82.075,2b,94.038,150-321,Yes,150;159;206;282;316;320;321
KX621548,2,81.958,2b,93.861,150-321,Yes,150;159;206;282;316;320;321
KX621549,2,81.958,2b,93.979,150-321,Yes,150;159;206;282;316;320;321
KX621550,2,81.899,2b,93.506,150-321,Yes,150;159;206;282;316;320;321
KX621551,2,82.311,2b,95.277,150-321,Yes,150;159;206;282;316;320;321
KX621552,2,81.604,2b,94.097,150-321,Yes,150;159;206;282;316;320;321
KX621553,2,81.309,2b,94.628,150-321,Yes,150;159;206;282;316;320;321
KX621554,2,81.958,2b,94.333,150-321,Yes,150;159;206;282;316;320;321
KX621555,2,81.781,2b,93.743,150-321,Yes,150;159;206;282;316;320;321
KX621556,2,82.075,2b,94.805,150-321,Yes,150;159;206;282;316;320;321
KY083756,4,84.225,4r,93.824,150-321,Yes,150;159;206;282;316;320;321
KY083758,2,83.001,2v,84.615,150-321,Yes,150;159;206;282;316;320;321
KY120328,1,80.949,1b,93.205,150-321,Yes,150;159;206;282;316;320;321
KY120329,6,82.266,6a,96.665,150-321,Yes,150;159;206;282;316;320;321
KY120332,3,95.906,3a,93.799,150-321,Yes,150;159;206;282;316;320;321
KY608611,1,82.572,1c,93.397,150-321,Yes,150;159;206;282;316;320;321
KY608612,1,82.562,1c,94.134,150-321,Yes,150;159;206;282;316;320;321
KY608616,1,82.535,1g,94.695,150-321,Yes,150;159;206;282;316;320;321
KY608618,1,82.149,1l,93.819,150-321,Yes,150;159;206;282;316;320;321
KY608629,2,82.112,2j,91.263,150-321,Yes,150;159;206;282;316;320;321
KY608636,3,83.352,3g,91.314,150-321,Yes,150;159;206;282;316;320;321
KY608640,3,83.004,3i,96.435,150-321,Yes,150;159;206;282;316;320;321
KY608641,3,83.512,3i,95.925,150-321,Yes,150;159;206;282;316;320;321
KY608642,3,83.145,3i,96.501,150-321,Yes,150;159;206;282;316;320;321
KY608643,3,82.101,3i,95.190,150-321,Yes,150;159;206;282;316;320;321
KY608645,3,82.768,3i,95.699,150-321,Yes,150;159;206;282;316;320;321
KY608646,3,82.552,3i,96.831,150-321,Yes,150;159;206;282;316;320;321
KY608648,3,82.542,3i,94.564,150-321,Yes,150;159;206;282;316;320;321
KY608649,3,83.700,3i,96.503,150-321,Yes,150;159;206;282;316;320;321
KY608651,4,87.599,4c,95.260,150-321,Yes,150;159;206;282;316;320;321
KY608652,4,88.169,4c,95.544,150-321,Yes,150;159;206;282;316;320;321
KY608653,4,83.099,4f,93.288,150-321,Yes,150;159;206;282;316;320;321
KY608655,4,84.997,4l,94.191,150-321,Yes,150;159;206;282;316;320;321
KY608656,4,84.142,4n,94.079,150-321,Yes,150;159;206;282;316;320;321
KY608657,4,83.878,4n,92.611,150-321,Yes,150;159;206;282;316;320;321
KY608658,4,83.973,4n,93.232,150-321,Yes,150;159;206;282;316;320;321
KY608659,4,84.142,4n,92.442,150-321,Yes,150;159;206;282;316;320;321
KY608661,4,84.433,4n,93.965,150-321,Yes,150;159;206;282;316;320;321
KY608663,4,83.465,4n,93.232,150-321,Yes,150;159;206;282;316;320;321
KY608665,4,83.014,4n,91.991,150-321,Yes,150;159;206;282;316;320;321
KY608667,4,83.427,4o,92.273,150-321,Yes,150;159;206;282;316;320;321
KY608668,4,83.493,4o,89.008,150-321,Yes,150;159;206;282;316;320;321
KY608669,4,83.926,4o,89.284,150-321,Yes,150;159;206;282;316;320;321
KY608670,4,84.828,4o,93.115,150-321,Yes,150;159;206;282;316;320;321
KY608671,4,83.549,4o,93.683,150-321,Yes,150;159;206;282;316;320;321
KY608672,4,83.587,4o,93.683,150-321,Yes,150;159;206;282;316;320;321
KY608673,4,83.869,4o,93.002,150-321,Yes,150;159;206;282;316;320;321
KY608675,4,83.822,4o,93.006,150-321,Yes,150;159;206;282;316;320;321
KY608676,4,84.216,4o,92.047,150-321,Yes,150;159;206;282;316;320;321
KY608677,4,84.386,4o,88.494,150-321,Yes,150;159;206;282;316;320;321
KY608678,4,84.845,4o,92.668,150-321,Yes,150;159;206;282;316;320;321
KY608681,4,82.106,4r,93.256,150-321,Yes,150;159;206;282;316;320;321
KY608684,4,82.648,4r,94.018,150-321,Yes,150;159;206;282;316;320;321
KY608685,4,83.192,4t,91.540,150-321,Yes,150;159;206;282;316;320;321
KY608692,6,73.918,6e,91.889,150-321,Yes,150;159;206;282;316;320;321
KY608695,6,72.942,6e,90.760,150-321,Yes,150;159;206;282;316;320;321
KY608696,6,75.000,6e,91.179,150-321,Yes,150;159;206;282;316;320;321
KY608697,6,74.742,6e,91.992,150-321,Yes,150;159;206;282;316;320;321
KY608698,6,74.741,6e,91.012,150-321,Yes,150;159;206;282;316;320;321
KY608700,6,74.762,6h,92.645,150-321,Yes,150;159;206;282;316;320;321
KY608701,8,72.976,8a,72.976,150-321,Yes,150;159;206;282;316;320;321
KY608702,6,73.699,6i,96.388,150-321,Yes,150;159;206;282;316;320;321
KY608703,6,76.304,6l,94.611,150-321,Yes,150;159;206;282;316;320;321
KY608707,6,74.904,6m,92.332,150-321,Yes,150;159;206;282;316;320;321
KY608708,6,74.922,6m,92.653,150-321,Yes,150;159;206;282;316;320;321
KY608710,6,75.314,6n,96.621,150-321,Yes,150;159;206;282;316;320;321
KY608714,6,75.479,6q,94.414,150-321,Yes,150;159;206;282;316;320;321
KY608715,6,74.900,6q,93.779,150-321,Yes,150;159;206;282;316;320;321
KY608716,6,75.641,6q,94.660,150-321,Yes,150;159;206;282;316;320;321
KY620313,2,92.555,2a,93.626,150-321,Yes,150;159;206;282;316;320;321
KY620314,2,93.232,2a,93.684,150-321,Yes,150;159;206;282;316;320;321
KY620320,2,92.273,2a,93.275,150-321,Yes,150;159;206;282;316;320;321
KY620323,2,91.596,2a,92.281,150-321,Yes,150;159;206;282;316;320;321
KY620324,2,91.427,2a,92.573,150-321,Yes,150;159;206;282;316;320;321
KY620325,2,91.483,2a,92.398,150-321,Yes,150;159;206;282;316;320;321
KY620327,2,92.837,2a,94.035,150-321,Yes,150;159;206;282;316;320;321
KY620328,2,93.288,2a,94.152,150-321,Yes,150;159;206;282;316;320;321
KY620362,3,94.921,3a,94.025,150-321,Yes,150;159;206;282;316;320;321
KY620363,3,94.865,3a,94.025,150-321,Yes,150;159;206;282;316;320;321
KY620365,3,94.921,3a,94.363,150-321,Yes,150;159;206;282;316;320;321
KY620366,3,94.980,3a,93.965,150-321,Yes,150;159;206;282;316;320;321
KY620367,3,95.147,3a,94.983,150-321,Yes,150;159;206;282;316;320;321
KY620368,3,94.977,3a,94.983,150-321,Yes,150;159;206;282;316;320;321
KY620369,3,94.808,3a,94.589,150-321,Yes,150;159;206;282;316;320;321
KY620371,3,95.542,3a,95.547,150-321,Yes,150;159;206;282;316;320;321
KY620372,3,95.316,3a,94.927,150-321,Yes,150;159;206;282;316;320;321
KY620374,3,94.755,3a,94.811,150-321,Yes,150;159;206;282;316;320;321
KY620375,3,94.752,3a,94.701,150-321,Yes,150;159;206;282;316;320;321
KY620376,3,94.811,3a,94.416,150-321,Yes,150;159;206;282;316;320;321
KY620377,3,96.108,3a,95.770,150-321,Yes,150;159;206;282;316;320;321
KY620378,3,95.372,3a,94.983,150-321,Yes,150;159;206;282;316;320;321
KY620379,3,95.485,3a,95.321,150-321,Yes,150;159;206;282;316;320;321
KY620380,3,95.037,3a,94.808,150-321,Yes,150;159;206;282;316;320;321
KY620381,3,95.037,3a,94.134,150-321,Yes,150;159;206;282;316;320;321
KY620382,3,96.108,3a,95.149,150-321,Yes,150;159;206;282;316;320;321
KY620383,3,94.639,3a,95.096,150-321,Yes,150;159;206;282;316;320;321
KY620385,3,94.585,3a,94.416,150-321,Yes,150;159;206;282;316;320;321
KY620386,3,93.849,3a,93.236,150-321,Yes,150;159;206;282;316;320;321
KY620387,3,94.977,3a,94.589,150-321,Yes,150;159;206;282;316;320;321
KY620388,3,94.867,3a,94.078,150-321,Yes,150;159;206;282;316;320;321
KY620389,3,95.488,3a,94.811,150-321,Yes,150;159;206;282;316;320;321
KY620391,3,95.601,3a,94.924,150-321,Yes,150;159;206;282;316;320;321
KY620392,3,95.542,3a,95.209,150-321,Yes,150;159;206;282;316;320;321
KY620393,3,94.529,3a,94.191,150-321,Yes,150;159;206;282;316;320;321
KY620394,3,96.050,3a,95.265,150-321,Yes,150;159;206;282;316;320;321
KY620395,3,94.529,3a,94.416,150-321,Yes,150;159;206;282;316;320;321
KY620396,3,94.921,3a,94.814,150-321,Yes,150;159;206;282;316;320;321
KY620397,3,95.034,3a,94.476,150-321,Yes,150;159;206;282;316;320;321
KY620398,3,95.262,3a,94.360,150-321,Yes,150;159;206;282;316;320;321
KY620399,3,95.488,3a,94.529,150-321,Yes,150;159;206;282;316;320;321
KY620400,3,94.698,3a,94.473,150-321,Yes,150;159;206;282;316;320;321
KY620401,3,94.811,3a,94.473,150-321,Yes,150;159;206;282;316;320;321
KY620402,3,95.262,3a,94.187,150-321,Yes,150;159;206;282;316;320;321
KY620403,3,96.050,3a,95.660,150-321,Yes,150;159;206;282;316;320;321
KY620405,3,94.698,3a,94.021,150-321,Yes,150;159;206;282;316;320;321
KY620406,3,94.924,3a,94.247,150-321,Yes,150;159;206;282;316;320;321
KY620407,3,95.147,3a,94.870,150-321,Yes,150;159;206;282;316;320;321
KY620408,3,94.187,3a,93.856,150-321,Yes,150;159;206;282;316;320;321
KY620409,3,95.147,3a,94.758,150-321,Yes,150;159;206;282;316;320;321
KY620410,3,94.921,3a,94.476,150-321,Yes,150;159;206;282;316;320;321
KY620412,3,94.698,3a,93.739,150-321,Yes,150;159;206;282;316;320;321
KY620413,3,94.300,3a,94.134,150-321,Yes,150;159;206;282;316;320;321
KY620415,3,95.206,3a,93.909,150-321,Yes,150;159;206;282;316;320;321
KY620416,3,94.977,3a,94.814,150-321,Yes,150;159;206;282;316;320;321
KY620417,3,95.147,3a,94.645,150-321,Yes,150;159;206;282;316;320;321
KY620418,3,95.034,3a,94.758,150-321,Yes,150;159;206;282;316;320;321
KY620419,3,95.655,3a,95.434,150-321,Yes,150;159;206;282;316;320;321
KY620420,3,94.752,3a,94.589,150-321,Yes,150;159;206;282;316;320;321
KY620421,3,95.034,3a,95.152,150-321,Yes,150;159;206;282;316;320;321
KY620422,3,94.413,3a,94.194,150-321,Yes,150;159;206;282;316;320;321
KY620423,3,95.485,3a,95.265,150-321,Yes,150;159;206;282;316;320;321
KY620424,3,95.598,3a,95.152,150-321,Yes,150;159;206;282;316;320;321
KY620425,3,94.695,3a,95.096,150-321,Yes,150;159;206;282;316;320;321
KY620426,3,94.357,3a,94.758,150-321,Yes,150;159;206;282;316;320;321
KY620428,3,94.865,3a,94.814,150-321,Yes,150;159;206;282;316;320;321
KY620429,3,94.921,3a,95.152,150-321,Yes,150;159;206;282;316;320;321
KY620430,3,94.808,3a,94.081,150-321,Yes,150;159;206;282;316;320;321
KY620431,3,95.203,3a,95.152,150-321,Yes,150;159;206;282;316;320;321
KY620432,3,94.755,3a,93.965,150-321,Yes,150;159;206;282;316;320;321
KY620433,3,94.300,3a,93.796,150-321,Yes,150;159;206;282;316;320;321
KY620434,3,94.078,3a,93.627,150-321,Yes,150;159;206;282;316;320;321
KY620435,3,94.977,3a,94.250,150-321,Yes,150;159;206;282;316;320;321
KY620436,3,94.585,3a,94.021,150-321,Yes,150;159;206;282;316;320;321
KY620438,3,95.880,3a,94.645,150-321,Yes,150;159;206;282;316;320;321
KY620440,3,94.187,3a,93.630,150-321,Yes,150;159;206;282;316;320;321
KY620441,3,95.203,3a,94.532,150-321,Yes,150;159;206;282;316;320;321
KY620442,3,94.698,3a,94.021,150-321,Yes,150;159;206;282;316;320;321
KY620443,3,94.695,3a,94.532,150-321,Yes,150;159;206;282;316;320;321
KY620444,3,95.542,3a,94.758,150-321,Yes,150;159;206;282;316;320;321
KY620445,3,94.131,3a,94.419,150-321,Yes,150;159;206;282;316;320;321
KY620446,3,94.582,3a,94.363,150-321,Yes,150;159;206;282;316;320;321
KY620447,3,94.695,3a,94.589,150-321,Yes,150;159;206;282;316;320;321
KY620449,3,94.529,3a,94.191,150-321,Yes,150;159;206;282;316;320;321
KY620450,3,94.473,3a,93.852,150-321,Yes,150;159;206;282;316;320;321
KY620451,3,94.360,3a,93.965,150-321,Yes,150;159;206;282;316;320;321
KY620452,3,94.695,3a,93.799,150-321,Yes,150;159;206;282;316;320;321
KY620453,3,94.752,3a,94.870,150-321,Yes,150;159;206;282;316;320;321
KY620454,3,95.260,3a,94.307,150-321,Yes,150;159;206;282;316;320;321
KY620455,3,95.260,3a,94.814,150-321,Yes,150;159;206;282;316;320;321
KY620457,3,95.147,3a,94.476,150-321,Yes,150;159;206;282;316;320;321
KY620458,3,95.037,3a,94.698,150-321,Yes,150;159;206;282;316;320;321
KY620459,3,94.921,3a,94.250,150-321,Yes,150;159;206;282;316;320;321
KY620460,3,95.034,3a,94.589,150-321,Yes,150;159;206;282;316;320;321
KY620461,3,95.093,3a,94.303,150-321,Yes,150;159;206;282;316;320;321
KY620462,3,94.247,3a,94.021,150-321,Yes,150;159;206;282;316;320;321
KY620463,3,94.698,3a,94.360,150-321,Yes,150;159;206;282;316;320;321
KY620464,3,95.372,3a,94.814,150-321,Yes,150;159;206;282;316;320;321
KY620465,3,95.206,3a,94.078,150-321,Yes,150;159;206;282;316;320;321
KY620466,3,94.698,3a,93.401,150-321,Yes,150;159;206;282;316;320;321
KY620467,3,94.526,3a,93.517,150-321,Yes,150;159;206;282;316;320;321
KY620468,3,94.360,3a,94.473,150-321,Yes,150;159;206;282;316;320;321
KY620469,3,95.316,3a,94.983,150-321,Yes,150;159;206;282;316;320;321
KY620470,3,94.582,3a,94.081,150-321,Yes,150;159;206;282;316;320;321
KY620471,3,94.752,3a,93.912,150-321,Yes,150;159;206;282;316;320;321
KY620472,3,94.582,3a,94.307,150-321,Yes,150;159;206;282;316;320;321
KY620473,3,94.695,3a,94.250,150-321,Yes,150;159;206;282;316;320;321
KY620474,3,94.470,3a,93.799,150-321,Yes,150;159;206;282;316;320;321
KY620475,3,95.147,3a,94.814,150-321,Yes,150;159;206;282;316;320;321
KY620476,3,94.526,3a,94.138,150-321,Yes,150;159;206;282;316;320;321
KY620477,3,94.752,3a,94.419,150-321,Yes,150;159;206;282;316;320;321
KY620478,3,94.808,3a,94.758,150-321,Yes,150;159;206;282;316;320;321
KY620479,3,94.977,3a,94.701,150-321,Yes,150;159;206;282;316;320;321
KY620480,3,94.639,3a,94.025,150-321,Yes,150;159;206;282;316;320;321
KY620481,3,94.413,3a,94.307,150-321,Yes,150;159;206;282;316;320;321
KY620482,3,94.526,3a,94.081,150-321,Yes,150;159;206;282;316;320;321
KY620483,3,93.951,3a,93.405,150-321,Yes,150;159;206;282;316;320;321
KY620485,3,94.131,3a,93.630,150-321,Yes,150;159;206;282;316;320;321
KY620486,3,95.711,3a,93.912,150-321,Yes,150;159;206;282;316;320;321
KY620487,3,95.657,3a,94.360,150-321,Yes,150;159;206;282;316;320;321
KY620488,3,94.921,3a,93.687,150-321,Yes,150;159;206;282;316;320;321
KY620489,3,95.147,3a,93.517,150-321,Yes,150;159;206;282;316;320;321
KY620490,3,95.711,3a,94.081,150-321,Yes,150;159;206;282;316;320;321
KY620491,3,95.993,3a,94.532,150-321,Yes,150;159;206;282;316;320;321
KY620492,3,95.488,3a,94.247,150-321,Yes,150;159;206;282;316;320;321
KY620493,3,96.052,3a,94.473,150-321,Yes,150;159;206;282;316;320;321
KY620494,3,96.165,3a,94.867,150-321,Yes,150;159;206;282;316;320;321
KY620495,3,95.544,3a,93.457,150-321,Yes,150;159;206;282;316;320;321
KY620496,3,95.149,3a,93.401,150-321,Yes,150;159;206;282;316;320;321
KY620497,3,95.431,3a,94.078,150-321,Yes,150;159;206;282;316;320;321
KY620498,3,95.429,3a,93.630,150-321,Yes,150;159;206;282;316;320;321
KY620499,3,95.375,3a,93.796,150-321,Yes,150;159;206;282;316;320;321
KY620500,3,96.108,3a,93.683,150-321,Yes,150;159;206;282;316;320;321
KY620501,3,96.896,3a,94.983,150-321,Yes,150;159;206;282;316;320;321
KY620502,3,95.657,3a,93.401,150-321,Yes,150;159;206;282;316;320;321
KY620503,3,95.711,3a,94.078,150-321,Yes,150;159;206;282;316;320;321
KY620504,3,96.163,3a,94.307,150-321,Yes,150;159;206;282;316;320;321
KY620505,3,96.050,3a,94.081,150-321,Yes,150;159;206;282;316;320;321
KY620506,3,96.050,3a,94.250,150-321,Yes,150;159;206;282;316;320;321
KY620507,3,95.883,3a,94.021,150-321,Yes,150;159;206;282;316;320;321
KY620509,3,95.767,3a,93.574,150-321,Yes,150;159;206;282;316;320;321
KY620510,3,95.544,3a,93.288,150-321,Yes,150;159;206;282;316;320;321
KY620511,3,96.445,3a,93.968,150-321,Yes,150;159;206;282;316;320;321
KY620512,3,96.614,3a,94.927,150-321,Yes,150;159;206;282;316;320;321
KY620513,3,96.953,3a,94.758,150-321,Yes,150;159;206;282;316;320;321
KY620518,3,95.937,3a,94.025,150-321,Yes,150;159;206;282;316;320;321
KY620520,3,96.106,3a,94.419,150-321,Yes,150;159;206;282;316;320;321
KY620521,3,95.488,3a,93.570,150-321,Yes,150;159;206;282;316;320;321
KY620522,3,95.149,3a,93.627,150-321,Yes,150;159;206;282;316;320;321
KY620523,3,96.163,3a,93.743,150-321,Yes,150;159;206;282;316;320;321
KY620524,3,95.824,3a,94.025,150-321,Yes,150;159;206;282;316;320;321
KY620525,3,95.262,3a,93.401,150-321,Yes,150;159;206;282;316;320;321
KY620527,3,95.767,3a,94.081,150-321,Yes,150;159;206;282;316;320;321
KY620528,3,95.542,3a,93.574,150-321,Yes,150;159;206;282;316;320;321
KY620529,3,95.824,3a,94.138,150-321,Yes,150;159;206;282;316;320;321
KY620530,3,95.542,3a,94.138,150-321,Yes,150;159;206;282;316;320;321
KY620531,3,95.262,3a,93.909,150-321,Yes,150;159;206;282;316;320;321
KY620532,3,95.544,3a,93.288,150-321,Yes,150;159;206;282;316;320;321
KY620533,3,95.601,3a,93.909,150-321,Yes,150;159;206;282;316;320;321
KY620534,3,95.826,3a,93.965,150-321,Yes,150;159;206;282;316;320;321
KY620535,3,96.165,3a,94.134,150-321,Yes,150;159;206;282;316;320;321
KY620536,3,95.544,3a,93.345,150-321,Yes,150;159;206;282;316;320;321
KY620537,3,95.375,3a,94.021,150-321,Yes,150;159;206;282;316;320;321
KY620538,3,95.488,3a,93.965,150-321,Yes,150;159;206;282;316;320;321
KY620539,3,95.824,3a,93.799,150-321,Yes,150;159;206;282;316;320;321
KY620540,3,95.544,3a,94.021,150-321,Yes,150;159;206;282;316;320;321
KY620541,3,94.977,3a,93.405,150-321,Yes,150;159;206;282;316;320;321
KY620542,3,96.165,3a,94.247,150-321,Yes,150;159;206;282;316;320;321
KY620543,3,94.244,3a,93.574,150-321,Yes,150;159;206;282;316;320;321
KY620545,3,95.316,3a,93.856,150-321,Yes,150;159;206;282;316;320;321
KY620546,3,94.529,3a,94.078,150-321,Yes,150;159;206;282;316;320;321
KY620547,3,94.752,3a,93.461,150-321,Yes,150;159;206;282;316;320;321
KY620548,3,93.567,3a,91.883,150-321,Yes,150;159;206;282;316;320;321
KY620550,3,95.090,3a,93.348,150-321,Yes,150;159;206;282;316;320;321
KY620551,3,95.090,3a,93.405,150-321,Yes,150;159;206;282;316;320;321
KY620553,3,95.542,3a,93.743,150-321,Yes,150;159;206;282;316;320;321
KY620554,3,95.770,3a,94.078,150-321,Yes,150;159;206;282;316;320;321
KY620555,3,95.542,3a,94.025,150-321,Yes,150;159;206;282;316;320;321
KY620556,3,94.921,3a,92.954,150-321,Yes,150;159;206;282;316;320;321
KY620557,3,94.867,3a,93.627,150-321,Yes,150;159;206;282;316;320;321
KY620558,3,94.131,3a,92.559,150-321,Yes,150;159;206;282;316;320;321
KY620560,3,95.711,3a,93.799,150-321,Yes,150;159;206;282;316;320;321
KY620561,3,95.372,3a,93.630,150-321,Yes,150;159;206;282;316;320;321
KY620562,3,95.826,3a,94.021,150-321,Yes,150;159;206;282;316;320;321
KY620563,3,95.149,3a,93.345,150-321,Yes,150;159;206;282;316;320;321
KY620564,3,95.316,3a,93.236,150-321,Yes,150;159;206;282;316;320;321
KY620565,3,95.711,3a,93.574,150-321,Yes,150;159;206;282;316;320;321
KY620566,3,95.488,3a,93.909,150-321,Yes,150;159;206;282;316;320;321
KY620567,3,95.429,3a,93.912,150-321,Yes,150;159;206;282;316;320;321
KY620569,3,95.147,3a,93.743,150-321,Yes,150;159;206;282;316;320;321
KY620570,3,95.090,3a,93.799,150-321,Yes,150;159;206;282;316;320;321
KY620571,3,92.837,3a,91.822,150-321,Yes,150;159;206;282;316;320;321
KY620572,3,93.488,3a,92.226,150-321,Yes,150;159;206;282;316;320;321
KY620573,3,95.090,3a,94.532,150-321,Yes,150;159;206;282;316;320;321
KY620575,3,95.203,3a,93.799,150-321,Yes,150;159;206;282;316;320;321
KY620576,3,94.416,3a,93.119,150-321,Yes,150;159;206;282;316;320;321
KY620577,3,95.488,3a,93.909,150-321,Yes,150;159;206;282;316;320;321
KY620579,3,95.037,3a,93.119,150-321,Yes,150;159;206;282;316;320;321
KY620581,3,95.034,3a,93.179,150-321,Yes,150;159;206;282;316;320;321
KY620582,3,95.429,3a,93.799,150-321,Yes,150;159;206;282;316;320;321
KY620583,3,94.865,3a,93.348,150-321,Yes,150;159;206;282;316;320;321
KY620584,3,94.752,3a,92.954,150-321,Yes,150;159;206;282;316;320;321
KY620585,3,94.980,3a,93.063,150-321,Yes,150;159;206;282;316;320;321
KY620586,3,95.090,3a,93.799,150-321,Yes,150;159;206;282;316;320;321
KY620587,3,94.977,3a,93.292,150-321,Yes,150;159;206;282;316;320;321
KY620588,3,94.867,3a,94.247,150-321,Yes,150;159;206;282;316;320;321
KY620589,3,94.134,3a,93.683,150-321,Yes,150;159;206;282;316;320;321
KY620590,3,94.642,3a,93.909,150-321,Yes,150;159;206;282;316;320;321
KY620591,3,94.755,3a,94.134,150-321,Yes,150;159;206;282;316;320;321
KY620592,3,94.639,3a,93.236,150-321,Yes,150;159;206;282;316;320;321
KY620593,3,95.090,3a,94.363,150-321,Yes,150;159;206;282;316;320;321
KY620594,3,95.429,3a,94.025,150-321,Yes,150;159;206;282;316;320;321
KY620595,3,94.980,3a,93.627,150-321,Yes,150;159;206;282;316;320;321
KY620596,3,94.808,3a,92.954,150-321,Yes,150;159;206;282;316;320;321
KY620597,3,95.260,3a,93.687,150-321,Yes,150;159;206;282;316;320;321
KY620598,3,95.375,3a,94.078,150-321,Yes,150;159;206;282;316;320;321
KY620599,3,95.203,3a,93.687,150-321,Yes,150;159;206;282;316;320;321
KY620600,3,94.582,3a,93.743,150-321,Yes,150;159;206;282;316;320;321
KY620601,3,94.921,3a,94.419,150-321,Yes,150;159;206;282;316;320;321
KY620602,3,96.727,3a,94.927,150-321,Yes,150;159;206;282;316;320;321
KY620603,3,96.445,3a,95.378,150-321,Yes,150;159;206;282;316;320;321
KY620604,3,96.842,3a,95.147,150-321,Yes,150;159;206;282;316;320;321
KY620605,3,95.824,3a,94.645,150-321,Yes,150;159;206;282;316;320;321
KY620607,3,94.018,3a,93.405,150-321,Yes,150;159;206;282;316;320;321
KY620608,3,94.074,3a,93.461,150-321,Yes,150;159;206;282;316;320;321
KY620609,3,95.260,3a,94.250,150-321,Yes,150;159;206;282;316;320;321
KY620610,3,95.147,3a,94.250,150-321,Yes,150;159;206;282;316;320;321
KY620611,3,96.445,3a,94.589,150-321,Yes,150;159;206;282;316;320;321
KY620612,3,95.316,3a,94.081,150-321,Yes,150;159;206;282;316;320;321
KY620613,3,95.937,3a,95.547,150-321,Yes,150;159;206;282;316;320;321
KY620614,3,93.849,3a,92.616,150-321,Yes,150;159;206;282;316;320;321
KY620615,3,93.792,3a,92.724,150-321,Yes,150;159;206;282;316;320;321
KY620616,3,95.824,3a,94.645,150-321,Yes,150;159;206;282;316;320;321
KY620617,3,95.598,3a,94.250,150-321,Yes,150;159;206;282;316;320;321
KY620618,3,94.921,3a,93.968,150-321,Yes,150;159;206;282;316;320;321
KY620619,3,94.977,3a,94.138,150-321,Yes,150;159;206;282;316;320;321
KY620620,3,95.260,3a,94.250,150-321,Yes,150;159;206;282;316;320;321
KY620621,3,94.811,3a,93.796,150-321,Yes,150;159;206;282;316;320;321
KY620622,3,95.319,3a,94.247,150-321,Yes,150;159;206;282;316;320;321
KY620623,3,95.939,3a,94.416,150-321,Yes,150;159;206;282;316;320;321
KY620624,3,95.093,3a,93.852,150-321,Yes,150;159;206;282;316;320;321
KY620625,3,95.711,3a,94.138,150-321,Yes,150;159;206;282;316;320;321
KY620626,3,95.655,3a,94.194,150-321,Yes,150;159;206;282;316;320;321
KY620627,3,94.865,3a,93.574,150-321,Yes,150;159;206;282;316;320;321
KY620628,3,95.149,3a,94.021,150-321,Yes,150;159;206;282;316;320;321
KY620629,3,94.585,3a,93.796,150-321,Yes,150;159;206;282;316;320;321
KY620630,3,94.134,3a,93.457,150-321,Yes,150;159;206;282;316;320;321
KY620631,3,94.529,3a,93.852,150-321,Yes,150;159;206;282;316;320;321
KY620632,3,94.300,3a,93.517,150-321,Yes,150;159;206;282;316;320;321
KY620633,3,94.811,3a,93.683,150-321,Yes,150;159;206;282;316;320;321
KY620634,3,95.372,3a,94.419,150-321,Yes,150;159;206;282;316;320;321
KY620635,3,95.429,3a,94.363,150-321,Yes,150;159;206;282;316;320;321
KY620636,3,95.262,3a,94.529,150-321,Yes,150;159;206;282;316;320;321
KY620637,3,94.526,3a,93.405,150-321,Yes,150;159;206;282;316;320;321
KY620638,3,94.811,3a,94.247,150-321,Yes,150;159;206;282;316;320;321
KY620639,3,95.203,3a,93.405,150-321,Yes,150;159;206;282;316;320;321
KY620640,3,95.713,3a,94.529,150-321,Yes,150;159;206;282;316;320;321
KY620642,3,95.037,3a,94.247,150-321,Yes,150;159;206;282;316;320;321
KY620643,3,94.357,3a,93.405,150-321,Yes,150;159;206;282;316;320;321
KY620644,3,94.924,3a,94.191,150-321,Yes,150;159;206;282;316;320;321
KY620645,3,94.977,3a,93.630,150-321,Yes,150;159;206;282;316;320;321
KY620646,3,94.808,3a,94.081,150-321,Yes,150;159;206;282;316;320;321
KY620647,3,95.542,3a,94.476,150-321,Yes,150;159;206;282;316;320;321
KY620648,3,95.147,3a,93.345,150-321,Yes,150;159;206;282;316;320;321
KY620649,3,94.808,3a,93.461,150-321,Yes,150;159;206;282;316;320;321
KY620650,3,95.316,3a,93.799,150-321,Yes,150;159;206;282;316;320;321
KY620651,3,95.203,3a,93.912,150-321,Yes,150;159;206;282;316;320;321
KY620652,3,94.360,3a,92.611,150-321,Yes,150;159;206;282;316;320;321
KY620653,3,95.149,3a,94.078,150-321,Yes,150;159;206;282;316;320;321
KY620654,3,95.260,3a,93.968,150-321,Yes,150;159;206;282;316;320;321
KY620655,3,93.175,3a,92.104,150-321,Yes,150;159;206;282;316;320;321
KY620656,3,94.698,3a,93.232,150-321,Yes,150;159;206;282;316;320;321
KY620657,3,95.034,3a,94.476,150-321,Yes,150;159;206;282;316;320;321
KY620658,3,95.090,3a,94.532,150-321,Yes,150;159;206;282;316;320;321
KY620659,3,94.244,3a,93.574,150-321,Yes,150;159;206;282;316;320;321
KY620660,3,95.655,3a,94.645,150-321,Yes,150;159;206;282;316;320;321
KY620661,3,93.059,3a,92.277,150-321,Yes,150;159;206;282;316;320;321
KY620662,3,95.262,3a,94.360,150-321,Yes,150;159;206;282;316;320;321
KY620663,3,94.924,3a,94.078,150-321,Yes,150;159;206;282;316;320;321
KY620664,3,94.811,3a,93.345,150-321,Yes,150;159;206;282;316;320;321
KY620665,3,95.093,3a,93.909,150-321,Yes,150;159;206;282;316;320;321
KY620666,3,94.413,3a,93.405,150-321,Yes,150;159;206;282;316;320;321
KY620667,3,94.698,3a,93.852,150-321,Yes,150;159;206;282;316;320;321
KY620669,3,93.228,3a,91.883,150-321,Yes,150;159;206;282;316;320;321
KY620670,3,95.372,3a,94.303,150-321,Yes,150;159;206;282;316;320;321
KY620672,3,94.018,3a,93.401,150-321,Yes,150;159;206;282;316;320;321
KY620673,3,94.244,3a,93.006,150-321,Yes,150;159;206;282;316;320;321
KY620674,3,94.244,3a,93.179,150-321,Yes,150;159;206;282;316;320;321
KY620676,3,94.924,3a,93.457,150-321,Yes,150;159;206;282;316;320;321
KY620677,3,95.316,3a,93.968,150-321,Yes,150;159;206;282;316;320;321
KY620678,3,94.752,3a,94.081,150-321,Yes,150;159;206;282;316;320;321
KY620679,3,94.921,3a,93.912,150-321,Yes,150;159;206;282;316;320;321
KY620680,3,94.921,3a,93.743,150-321,Yes,150;159;206;282;316;320;321
KY620681,3,94.074,3a,93.010,150-321,Yes,150;159;206;282;316;320;321
KY620682,3,94.639,3a,93.912,150-321,Yes,150;159;206;282;316;320;321
KY620684,3,94.582,3a,93.856,150-321,Yes,150;159;206;282;316;320;321
KY620685,3,94.924,3a,93.909,150-321,Yes,150;159;206;282;316;320;321
KY620686,3,94.191,3a,93.627,150-321,Yes,150;159;206;282;316;320;321
KY620687,3,94.865,3a,94.138,150-321,Yes,150;159;206;282;316;320;321
KY620688,3,95.262,3a,94.416,150-321,Yes,150;159;206;282;316;320;321
KY620689,3,94.529,3a,93.401,150-321,Yes,150;159;206;282;316;320;321
KY620690,3,94.416,3a,93.401,150-321,Yes,150;159;206;282;316;320;321
KY620691,3,94.473,3a,93.739,150-321,Yes,150;159;206;282;316;320;321
KY620692,3,95.488,3a,94.303,150-321,Yes,150;159;206;282;316;320;321
KY620693,3,95.203,3a,94.419,150-321,Yes,150;159;206;282;316;320;321
KY620694,3,94.300,3a,93.123,150-321,Yes,150;159;206;282;316;320;321
KY620695,3,94.416,3a,93.514,150-321,Yes,150;159;206;282;316;320;321
KY620696,3,95.429,3a,94.363,150-321,Yes,150;159;206;282;316;320;321
KY620697,3,94.811,3a,93.401,150-321,Yes,150;159;206;282;316;320;321
KY620698,3,94.642,3a,93.288,150-321,Yes,150;159;206;282;316;320;321
KY620699,3,94.300,3a,93.405,150-321,Yes,150;159;206;282;316;320;321
KY620700,3,94.300,3a,93.517,150-321,Yes,150;159;206;282;316;320;321
KY620701,3,95.034,3a,94.025,150-321,Yes,150;159;206;282;316;320;321
KY620702,3,94.977,3a,93.968,150-321,Yes,150;159;206;282;316;320;321
KY620703,3,95.431,3a,94.247,150-321,Yes,150;159;206;282;316;320;321
KY620704,3,95.431,3a,94.473,150-321,Yes,150;159;206;282;316;320;321
KY620705,3,95.034,3a,93.856,150-321,Yes,150;159;206;282;316;320;321
KY620706,3,95.090,3a,94.532,150-321,Yes,150;159;206;282;316;320;321
KY620707,3,94.867,3a,93.739,150-321,Yes,150;159;206;282;316;320;321
KY620708,3,94.811,3a,93.796,150-321,Yes,150;159;206;282;316;320;321
KY620709,3,95.372,3a,94.250,150-321,Yes,150;159;206;282;316;320;321
KY620710,3,93.679,3a,93.123,150-321,Yes,150;159;206;282;316;320;321
KY620711,3,95.037,3a,93.570,150-321,Yes,150;159;206;282;316;320;321
KY620712,3,94.134,3a,93.175,150-321,Yes,150;159;206;282;316;320;321
KY620713,3,95.883,3a,94.980,150-321,Yes,150;159;206;282;316;320;321
KY620714,3,94.134,3a,93.570,150-321,Yes,150;159;206;282;316;320;321
KY620715,3,94.867,3a,93.514,150-321,Yes,150;159;206;282;316;320;321
KY620716,3,94.303,3a,92.946,150-321,Yes,150;159;206;282;316;320;321
KY620717,3,94.811,3a,93.683,150-321,Yes,150;159;206;282;316;320;321
KY620718,3,95.203,3a,93.856,150-321,Yes,150;159;206;282;316;320;321
KY620719,3,94.980,3a,93.909,150-321,Yes,150;159;206;282;316;320;321
KY620720,3,94.416,3a,93.345,150-321,Yes,150;159;206;282;316;320;321
KY620722,3,94.921,3a,93.968,150-321,Yes,150;159;206;282;316;320;321
KY620723,3,94.018,3a,93.405,150-321,Yes,150;159;206;282;316;320;321
KY620725,3,94.303,3a,93.123,150-321,Yes,150;159;206;282;316;320;321
KY620726,3,93.627,3a,93.059,150-321,Yes,150;159;206;282;316;320;321
KY620727,3,95.262,3a,94.360,150-321,Yes,150;159;206;282;316;320;321
KY620728,3,94.585,3a,93.345,150-321,Yes,150;159;206;282;316;320;321
KY620729,3,94.244,3a,93.292,150-321,Yes,150;159;206;282;316;320;321
KY620730,3,94.529,3a,93.796,150-321,Yes,150;159;206;282;316;320;321
KY620731,3,94.413,3a,93.179,150-321,Yes,150;159;206;282;316;320;321
KY620732,3,94.360,3a,92.837,150-321,Yes,150;159;206;282;316;320;321
KY620733,3,94.698,3a,93.345,150-321,Yes,150;159;206;282;316;320;321
KY620734,3,94.921,3a,94.025,150-321,Yes,150;159;206;282;316;320;321
KY620735,3,94.413,3a,93.687,150-321,Yes,150;159;206;282;316;320;321
KY620736,3,94.865,3a,93.630,150-321,Yes,150;159;206;282;316;320;321
KY620737,3,94.526,3a,93.232,150-321,Yes,150;159;206;282;316;320;321
KY620740,3,94.191,3a,92.668,150-321,Yes,150;159;206;282;316;320;321
KY620741,3,95.090,3a,93.630,150-321,Yes,150;159;206;282;316;320;321
KY620742,3,94.473,3a,93.570,150-321,Yes,150;159;206;282;316;320;321
KY620743,3,94.413,3a,93.348,150-321,Yes,150;159;206;282;316;320;321
KY620744,3,94.921,3a,93.461,150-321,Yes,150;159;206;282;316;320;321
KY620745,3,94.980,3a,94.134,150-321,Yes,150;159;206;282;316;320;321
KY620746,3,94.018,3a,93.292,150-321,Yes,150;159;206;282;316;320;321
KY620747,3,95.147,3a,93.799,150-321,Yes,150;159;206;282;316;320;321
KY620749,3,95.826,3a,94.360,150-321,Yes,150;159;206;282;316;320;321
KY620750,3,94.526,3a,93.292,150-321,Yes,150;159;206;282;316;320;321
KY620751,3,94.698,3a,93.175,150-321,Yes,150;159;206;282;316;320;321
KY620752,3,94.300,3a,93.856,150-321,Yes,150;159;206;282;316;320;321
KY620753,3,95.147,3a,94.307,150-321,Yes,150;159;206;282;316;320;321
KY620754,3,95.429,3a,94.814,150-321,Yes,150;159;206;282;316;320;321
KY620755,3,95.034,3a,93.743,150-321,Yes,150;159;206;282;316;320;321
KY620756,3,94.639,3a,93.236,150-321,Yes,150;159;206;282;316;320;321
KY620757,3,94.867,3a,93.570,150-321,Yes,150;159;206;282;316;320;321
KY620758,3,95.093,3a,93.739,150-321,Yes,150;159;206;282;316;320;321
KY620760,3,95.090,3a,93.687,150-321,Yes,150;159;206;282;316;320;321
KY620761,3,94.526,3a,93.461,150-321,Yes,150;159;206;282;316;320;321
KY620762,3,94.585,3a,93.909,150-321,Yes,150;159;206;282;316;320;321
KY620763,3,94.808,3a,93.461,150-321,Yes,150;159;206;282;316;320;321
KY620764,3,94.639,3a,93.461,150-321,Yes,150;159;206;282;316;320;321
KY620765,3,94.526,3a,93.461,150-321,Yes,150;159;206;282;316;320;321
KY620766,3,94.755,3a,93.965,150-321,Yes,150;159;206;282;316;320;321
KY620767,3,93.796,3a,92.386,150-321,Yes,150;159;206;282;316;320;321
KY620768,3,94.695,3a,93.574,150-321,Yes,150;159;206;282;316;320;321
KY620769,3,94.413,3a,93.517,150-321,Yes,150;159;206;282;316;320;321
KY620770,3,94.134,3a,93.796,150-321,Yes,150;159;206;282;316;320;321
KY620771,3,93.401,3a,91.765,150-321,Yes,150;159;206;282;316;320;321
KY620772,3,95.429,3a,93.405,150-321,Yes,150;159;206;282;316;320;321
KY620773,3,93.852,3a,92.893,150-321,Yes,150;159;206;282;316;320;321
KY620775,3,94.811,3a,94.021,150-321,Yes,150;159;206;282;316;320;321
KY620776,3,94.078,3a,92.950,150-321,Yes,150;159;206;282;316;320;321
KY620777,3,94.755,3a,93.401,150-321,Yes,150;159;206;282;316;320;321
KY620778,3,94.529,3a,93.457,150-321,Yes,150;159;206;282;316;320;321
KY620779,3,94.470,3a,93.179,150-321,Yes,150;159;206;282;316;320;321
KY620780,3,94.413,3a,93.630,150-321,Yes,150;159;206;282;316;320;321
KY620781,3,94.865,3a,93.288,150-321,Yes,150;159;206;282;316;320;321
KY620782,3,94.924,3a,93.288,150-321,Yes,150;159;206;282;316;320;321
KY620783,3,94.303,3a,93.345,150-321,Yes,150;159;206;282;316;320;321
KY620784,3,94.300,3a,93.123,150-321,Yes,150;159;206;282;316;320;321
KY620785,3,94.191,3a,93.345,150-321,Yes,150;159;206;282;316;320;321
KY620786,3,94.247,3a,93.567,150-321,Yes,150;159;206;282;316;320;321
KY620787,3,94.416,3a,93.119,150-321,Yes,150;159;206;282;316;320;321
KY620788,3,93.962,3a,93.348,150-321,Yes,150;159;206;282;316;320;321
KY620789,3,94.413,3a,93.405,150-321,Yes,150;159;206;282;316;320;321
KY620792,3,93.063,3a,92.217,150-321,Yes,150;159;206;282;316;320;321
KY620793,3,94.808,3a,93.630,150-321,Yes,150;159;206;282;316;320;321
KY620794,3,94.244,3a,93.236,150-321,Yes,150;159;206;282;316;320;321
KY620795,3,94.808,3a,94.025,150-321,Yes,150;159;206;282;316;320;321
KY620796,3,94.300,3a,92.724,150-321,Yes,150;159;206;282;316;320;321
KY620797,3,95.093,3a,93.627,150-321,Yes,150;159;206;282;316;320;321
KY620798,3,94.695,3a,93.461,150-321,Yes,150;159;206;282;316;320;321
KY620799,3,93.514,3a,92.781,150-321,Yes,150;159;206;282;316;320;321
KY620800,3,94.425,3a,93.271,150-321,Yes,150;159;206;282;316;320;321
KY620802,3,95.149,3a,93.175,150-321,Yes,150;159;206;282;316;320;321
KY620803,3,94.755,3a,94.021,150-321,Yes,150;159;206;282;316;320;321
KY620804,3,94.303,3a,93.627,150-321,Yes,150;159;206;282;316;320;321
KY620805,3,93.852,3a,92.837,150-321,Yes,150;159;206;282;316;320;321
KY620806,3,94.865,3a,94.025,150-321,Yes,150;159;206;282;316;320;321
KY620807,3,94.191,3a,93.288,150-321,Yes,150;159;206;282;316;320;321
KY620808,3,93.792,3a,92.446,150-321,Yes,150;159;206;282;316;320;321
KY620809,3,92.837,3a,92.555,150-321,Yes,150;159;206;282;316;320;321
KY620810,3,95.203,3a,94.194,150-321,Yes,150;159;206;282;316;320;321
KY620812,3,94.639,3a,93.236,150-321,Yes,150;159;206;282;316;320;321
KY620813,3,94.187,3a,93.010,150-321,Yes,150;159;206;282;316;320;321
KY620814,3,94.021,3a,93.570,150-321,Yes,150;159;206;282;316;320;321
KY620815,3,92.551,3a,91.660,150-321,Yes,150;159;206;282;316;320;321
KY620816,3,93.905,3a,93.179,150-321,Yes,150;159;206;282;316;320;321
KY620817,3,94.360,3a,92.442,150-321,Yes,150;159;206;282;316;320;321
KY620819,3,93.905,3a,93.461,150-321,Yes,150;159;206;282;316;320;321
KY620820,3,94.585,3a,93.063,150-321,Yes,150;159;206;282;316;320;321
KY620821,3,94.865,3a,93.968,150-321,Yes,150;159;206;282;316;320;321
KY620822,3,94.244,3a,93.743,150-321,Yes,150;159;206;282;316;320;321
KY620825,3,94.021,3a,93.796,150-321,Yes,150;159;206;282;316;320;321
KY620826,3,94.018,3a,92.559,150-321,Yes,150;159;206;282;316;320;321
KY620827,3,92.837,3a,92.329,150-321,Yes,150;159;206;282;316;320;321
KY620828,3,93.345,3a,92.611,150-321,Yes,150;159;206;282;316;320;321
KY620829,3,93.514,3a,93.345,150-321,Yes,150;159;206;282;316;320;321
KY620830,3,93.623,3a,92.897,150-321,Yes,150;159;206;282;316;320;321
KY620831,3,92.720,3a,91.488,150-321,Yes,150;159;206;282;316;320;321
KY620833,3,93.397,3a,92.616,150-321,Yes,150;159;206;282;316;320;321
KY620834,3,91.653,3a,91.089,150-321,Yes,150;159;206;282;316;320;321
KY620835,3,93.514,3a,93.006,150-321,Yes,150;159;206;282;316;320;321
KY620837,3,93.514,3a,92.837,150-321,Yes,150;159;206;282;316;320;321
KY620838,3,92.889,3a,91.657,150-321,Yes,150;159;206;282;316;320;321
KY620839,3,93.172,3a,92.442,150-321,Yes,150;159;206;282;316;320;321
KY620840,3,93.739,3a,92.555,150-321,Yes,150;159;206;282;316;320;321
KY620841,3,93.345,3a,92.781,150-321,Yes,150;159;206;282;316;320;321
KY620842,3,93.063,3a,92.555,150-321,Yes,150;159;206;282;316;320;321
KY620843,3,94.639,3a,93.517,150-321,Yes,150;159;206;282;316;320;321
KY620844,3,94.018,3a,93.010,150-321,Yes,150;159;206;282;316;320;321
KY620845,3,93.905,3a,93.232,150-321,Yes,150;159;206;282;316;320;321
KY620846,3,93.909,3a,92.893,150-321,Yes,150;159;206;282;316;320;321
KY620847,3,93.567,3a,92.390,150-321,Yes,150;159;206;282;316;320;321
KY620849,3,94.244,3a,93.067,150-321,Yes,150;159;206;282;316;320;321
KY620850,3,93.397,3a,92.503,150-321,Yes,150;159;206;282;316;320;321
KY620851,3,93.623,3a,93.236,150-321,Yes,150;159;206;282;316;320;321
KY620852,3,93.965,3a,92.781,150-321,Yes,150;159;206;282;316;320;321
KY620853,3,92.128,3a,90.883,150-321,Yes,150;159;206;282;316;320;321
KY620854,3,93.912,3a,92.559,150-321,Yes,150;159;206;282;316;320;321
KY620855,3,92.950,3a,92.099,150-321,Yes,150;159;206;282;316;320;321
KY620856,3,93.683,3a,92.724,150-321,Yes,150;159;206;282;316;320;321
KY620857,3,93.454,3a,92.390,150-321,Yes,150;159;206;282;316;320;321
KY620858,3,93.905,3a,92.390,150-321,Yes,150;159;206;282;316;320;321
KY620859,3,93.284,3a,92.390,150-321,Yes,150;159;206;282;316;320;321
KY620862,3,93.115,3a,92.052,150-321,Yes,150;159;206;282;316;320;321
KY620863,3,95.147,3a,94.025,150-321,Yes,150;159;206;282;316;320;321
KY620864,3,93.228,3a,92.108,150-321,Yes,150;159;206;282;316;320;321
KY620865,3,90.119,3a,88.075,150-321,Yes,150;159;206;282;316;320;321
KY620866,3,93.397,3a,93.292,150-321,Yes,150;159;206;282;316;320;321
KY620867,3,92.494,3a,92.108,150-321,Yes,150;159;206;282;316;320;321
KY620869,3,82.619,3b,92.555,150-321,Yes,150;159;206;282;316;320;321
KY620870,3,81.828,3b,92.837,150-321,Yes,150;159;206;282;316;320;321
KY620871,3,83.352,3b,92.047,150-321,Yes,150;159;206;282;316;320;321
KY620873,3,83.023,3b,92.494,150-321,Yes,150;159;206;282;316;320;321
KY620874,3,84.029,3b,92.611,150-321,Yes,150;159;206;282;316;320;321
KY620876,3,84.386,3g,94.244,150-321,Yes,150;159;206;282;316;320;321
KY620877,3,84.038,3g,95.680,150-321,Yes,150;159;206;282;316;320;321
KY620878,3,83.145,3i,96.324,150-321,Yes,150;159;206;282;316;320;321
KY620879,3,83.474,3i,86.689,150-321,Yes,150;159;206;282;316;320;321
LC209864,1,94.879,1a,94.550,150-321,Yes,150;159;206;282;316;320;321
LC209865,1,96.586,1a,96.323,150-321,Yes,150;159;206;282;316;320;321
LC209866,1,95.601,1a,95.076,150-321,Yes,150;159;206;282;316;320;321
LC209867,1,96.454,1a,95.798,150-321,Yes,150;159;206;282;316;320;321
LC209869,1,93.697,1a,93.303,150-321,Yes,150;159;206;282;316;320;321
LC209870,1,93.828,1a,93.368,150-321,Yes,150;159;206;282;316;320;321
LC209871,1,95.863,1a,95.076,150-321,Yes,150;159;206;282;316;320;321
LC368325,1,83.255,1b,92.710,150-321,Yes,150;159;206;282;316;320;321
LC368377,1,80.636,1b,92.673,150-321,Yes,150;159;206;282;316;320;321
LC368400,1,80.733,1b,93.797,150-321,Yes,150;159;206;282;316;320;321
LC368433,1,81.398,1b,93.774,150-321,Yes,150;159;206;282;316;320;321
LC368440,1,79.550,1b,91.300,150-321,Yes,150;159;206;282;316;320;321
LC435021,6,82.409,6a,93.023,150-321,Yes,150;159;206;282;316;320;321
LC435022,1,81.387,1b,93.627,150-321,Yes,150;159;206;282;316;320;321
LC435023,6,75.437,6e,91.258,150-321,Yes,150;159;206;282;316;320;321
LC435024,6,76.845,6r,97.688,150-321,Yes,150;159;206;282;316;320;321
LC435025,1,81.603,1b,91.596,150-321,Yes,150;159;206;282;316;320;321
LC435026,1,81.782,1b,91.709,150-321,Yes,150;159;206;282;316;320;321
LC435027,6,75.366,6e,91.145,150-321,Yes,150;159;206;282;316;320;321
LC435028,6,76.845,6r,97.857,150-321,Yes,150;159;206;282;316;320;321
LC435029,1,81.772,1b,91.765,150-321,Yes,150;159;206;282;316;320;321
LC435030,1,81.782,1b,91.709,150-321,Yes,150;159;206;282;316;320;321
KT148758,1,95.181,1a,94.478,150-321,Yes,150;159;206;282;316;320;321
KT148759,1,96.386,1a,95.884,150-321,Yes,150;159;206;282;316;320;321
KT148760,1,94.880,1a,94.378,150-321,Yes,150;159;206;282;316;320;321
KT148761,1,96.386,1a,95.884,150-321,Yes,150;159;206;282;316;320;321
KT148762,1,96.185,1a,95.683,150-321,Yes,150;159;206;282;316;320;321
KT148763,1,94.779,1a,94.076,150-321,Yes,150;159;206;282;316;320;321
KT148764,1,96.285,1a,95.783,150-321,Yes,150;159;206;282;316;320;321
KT148765,1,95.984,1a,95.281,150-321,Yes,150;159;206;282;316;320;321
KT148766,1,96.787,1a,96.084,150-321,Yes,150;159;206;282;316;320;321
KT148768,1,95.582,1a,94.980,150-321,Yes,150;159;206;282;316;320;321
KT148769,1,96.988,1a,96.285,150-321,Yes,150;159;206;282;316;320;321
KT148770,1,95.080,1a,94.578,150-321,Yes,150;159;206;282;316;320;321
KT148771,1,97.289,1a,96.586,150-321,Yes,150;159;206;282;316;320;321
KT148773,1,96.586,1a,95.884,150-321,Yes,150;159;206;282;316;320;321
KT148775,1,96.888,1a,96.185,150-321,Yes,150;159;206;282;316;320;321
KT148776,1,94.880,1a,94.578,150-321,Yes,150;159;206;282;316;320;321
KT148777,1,96.787,1a,96.084,150-321,Yes,150;159;206;282;316;320;321
KT148778,1,95.181,1a,94.779,150-321,Yes,150;159;206;282;316;320;321
KT148779,1,94.980,1a,94.478,150-321,Yes,150;159;206;282;316;320;321
KT148780,1,96.888,1a,96.185,150-321,Yes,150;159;206;282;316;320;321
KT148781,1,95.783,1a,95.281,150-321,Yes,150;159;206;282;316;320;321
KT148782,1,96.486,1a,95.783,150-321,Yes,150;159;206;282;316;320;321
KT148783,1,92.671,1a,92.369,150-321,Yes,150;159;206;282;316;320;321
KT148784,1,93.574,1a,93.675,150-321,Yes,150;159;206;282;316;320;321
KT148785,1,93.775,1a,93.474,150-321,Yes,150;159;206;282;316;320;321
KT148787,1,94.378,1a,93.976,150-321,Yes,150;159;206;282;316;320;321
KT148788,1,93.775,1a,93.273,150-321,Yes,150;159;206;282;316;320;321
KT148790,1,94.277,1a,93.976,150-321,Yes,150;159;206;282;316;320;321
KT148791,1,94.378,1a,93.876,150-321,Yes,150;159;206;282;316;320;321
KT148792,1,94.679,1a,94.277,150-321,Yes,150;159;206;282;316;320;321
KT148794,1,81.426,1b,92.060,150-321,Yes,150;159;206;282;316;320;321
KT148795,1,82.010,1b,91.867,150-321,Yes,150;159;206;282;316;320;321
KT148797,1,81.508,1b,93.166,150-321,Yes,150;159;206;282;316;320;321
KT148799,1,80.522,1b,92.965,150-321,Yes,150;159;206;282;316;320;321
KT148800,1,82.229,1b,92.161,150-321,Yes,150;159;206;282;316;320;321
KT148801,1,82.530,1b,92.161,150-321,Yes,150;159;206;282;316;320;321
KT148802,1,81.827,1b,92.965,150-321,Yes,150;159;206;282;316;320;321
KT148803,1,81.627,1b,92.864,150-321,Yes,150;159;206;282;316;320;321
KT148804,1,81.735,1b,92.965,150-321,Yes,150;159;206;282;316;320;321
KT148805,1,81.939,1b,92.663,150-321,Yes,150;159;206;282;316;320;321
KT148806,1,80.823,1b,91.357,150-321,Yes,150;159;206;282;316;320;321
KT148808,1,82.430,1b,92.563,150-321,Yes,150;159;206;282;316;320;321
KT148810,1,81.827,1b,91.960,150-321,Yes,150;159;206;282;316;320;321
KT148811,1,81.837,1b,92.864,150-321,Yes,150;159;206;282;316;320;321
KT148814,1,82.653,1b,92.663,150-321,Yes,150;159;206;282;316;320;321
KT148816,1,82.028,1b,92.979,150-321,Yes,150;159;206;282;316;320;321
KT595242,5,80.492,5a,80.796,150-321,Yes,150;159;206;282;316;320;321
KT871584,1,80.789,1b,91.084,150-321,Yes,150;159;206;282;316;320;321
KT871585,1,81.680,1b,93.345,150-321,Yes,150;159;206;282;316;320;321
KT871586,1,81.387,1b,92.047,150-321,Yes,150;159;206;282;316;320;321
KT871587,1,82.393,1b,92.946,150-321,Yes,150;159;206;282;316;320;321
KT871588,1,94.977,1a,94.639,150-321,Yes,150;159;206;282;316;320;321
KT871590,1,82.336,1b,92.494,150-321,Yes,150;159;206;282;316;320;321
KT871591,1,81.613,1b,93.175,150-321,Yes,150;159;206;282;316;320;321
KT871592,1,82.336,1b,93.454,150-321,Yes,150;159;206;282;316;320;321
KT871593,1,81.433,1b,92.893,150-321,Yes,150;159;206;282;316;320;321
KT871594,1,82.290,1b,92.273,150-321,Yes,150;159;206;282;316;320;321
KT871596,1,95.316,1a,94.865,150-321,Yes,150;159;206;282;316;320;321
KT871597,1,81.275,1b,91.309,150-321,Yes,150;159;206;282;316;320;321
KT871598,1,81.951,1b,92.156,150-321,Yes,150;159;206;282;316;320;321
KT871599,1,80.823,1b,91.366,150-321,Yes,150;159;206;282;316;320;321
KT871600,1,81.962,1b,91.986,150-321,Yes,150;159;206;282;316;320;321
KT871602,1,82.413,1b,92.442,150-321,Yes,150;159;206;282;316;320;321
KT871605,1,81.331,1b,91.366,150-321,Yes,150;159;206;282;316;320;321
KT871606,1,81.839,1b,92.043,150-321,Yes,150;159;206;282;316;320;321
KT871607,1,81.998,1b,92.551,150-321,Yes,150;159;206;282;316;320;321
KT871608,1,81.331,1b,92.442,150-321,Yes,150;159;206;282;316;320;321
KT871611,1,81.793,1b,92.160,150-321,Yes,150;159;206;282;316;320;321
KT871612,1,82.572,1b,93.510,150-321,Yes,150;159;206;282;316;320;321
KT871613,1,81.557,1b,92.950,150-321,Yes,150;159;206;282;316;320;321
KT871614,1,81.500,1b,92.381,150-321,Yes,150;159;206;282;316;320;321
KT871615,1,81.716,1b,92.607,150-321,Yes,150;159;206;282;316;320;321
KT871616,1,81.736,1b,92.720,150-321,Yes,150;159;206;282;316;320;321
KT871617,1,81.623,1b,92.837,150-321,Yes,150;159;206;282;316;320;321
KT871619,1,81.321,1b,92.551,150-321,Yes,150;159;206;282;316;320;321
KT871620,1,93.567,1a,93.284,150-321,Yes,150;159;206;282;316;320;321
KT871621,1,81.433,1b,92.156,150-321,Yes,150;159;206;282;316;320;321
KT871622,1,81.398,1b,92.043,150-321,Yes,150;159;206;282;316;320;321
KT871623,1,93.905,1a,93.172,150-321,Yes,150;159;206;282;316;320;321
KT871624,1,81.613,1b,92.555,150-321,Yes,150;159;206;282;316;320;321
KT871629,1,80.982,1b,91.309,150-321,Yes,150;159;206;282;316;320;321
KT871631,1,81.716,1b,91.704,150-321,Yes,150;159;206;282;316;320;321
KT871632,1,82.280,1b,91.704,150-321,Yes,150;159;206;282;316;320;321
KT871633,1,82.064,1b,92.273,150-321,Yes,150;159;206;282;316;320;321
KT871634,1,92.156,1a,91.704,150-321,Yes,150;159;206;282;316;320;321
KT871635,1,81.623,1b,92.269,150-321,Yes,150;159;206;282;316;320;321
KT871636,1,82.064,1b,92.724,150-321,Yes,150;159;206;282;316;320;321
KT871637,1,82.074,1b,93.006,150-321,Yes,150;159;206;282;316;320;321
KT871638,1,81.951,1b,92.950,150-321,Yes,150;159;206;282;316;320;321
KT871639,1,81.218,1b,91.314,150-321,Yes,150;159;206;282;316;320;321
KT871640,1,93.792,1a,93.397,150-321,Yes,150;159;206;282;316;320;321
KT871643,1,96.614,1a,95.993,150-321,Yes,150;159;206;282;316;320;321
KT871644,1,93.962,1a,93.510,150-321,Yes,150;159;206;282;316;320;321
KT871645,1,81.895,1b,90.858,150-321,Yes,150;159;206;282;316;320;321
KT871646,1,81.828,1b,92.946,150-321,Yes,150;159;206;282;316;320;321
KT871648,1,81.998,1b,92.494,150-321,Yes,150;159;206;282;316;320;321
KT871649,1,82.121,1b,92.781,150-321,Yes,150;159;206;282;316;320;321
KT871650,1,81.038,1b,91.535,150-321,Yes,150;159;206;282;316;320;321
KT871651,1,81.839,1b,93.345,150-321,Yes,150;159;206;282;316;320;321
KT871652,1,80.767,1b,90.919,150-321,Yes,150;159;206;282;316;320;321
KT871653,1,93.905,1a,93.454,150-321,Yes,150;159;206;282;316;320;321
KT871655,1,82.685,1b,93.345,150-321,Yes,150;159;206;282;316;320;321
KT871657,1,80.587,1b,91.704,150-321,Yes,150;159;206;282;316;320;321
KT871659,1,82.628,1b,92.720,150-321,Yes,150;159;206;282;316;320;321
KT871662,1,96.163,1a,95.429,150-321,Yes,150;159;206;282;316;320;321
KT871663,1,82.111,1b,93.454,150-321,Yes,150;159;206;282;316;320;321
KT871664,1,81.398,1b,93.006,150-321,Yes,150;159;206;282;316;320;321
KT871665,1,81.331,1b,92.893,150-321,Yes,150;159;206;282;316;320;321
KT871667,1,95.429,1a,94.482,150-321,Yes,150;159;206;282;316;320;321
KT871669,1,80.756,1b,91.479,150-321,Yes,150;159;206;282;316;320;321
KT871671,1,80.090,1b,91.540,150-321,Yes,150;159;206;282;316;320;321
KT871672,1,81.793,1b,93.909,150-321,Yes,150;159;206;282;316;320;321
KT871673,1,81.546,1b,91.930,150-321,Yes,150;159;206;282;316;320;321
KT871676,1,82.910,1b,92.325,150-321,Yes,150;159;206;282;316;320;321
KT871677,1,93.397,1a,92.720,150-321,Yes,150;159;206;282;316;320;321
KT871678,1,82.798,1b,92.047,150-321,Yes,150;159;206;282;316;320;321
KT871680,1,81.321,1b,92.156,150-321,Yes,150;159;206;282;316;320;321
KT871681,1,95.655,1a,95.372,150-321,Yes,150;159;206;282;316;320;321
KT871683,1,81.669,1b,92.043,150-321,Yes,150;159;206;282;316;320;321
KT871684,1,82.064,1b,93.063,150-321,Yes,150;159;206;282;316;320;321
KT871685,1,80.722,1b,91.314,150-321,Yes,150;159;206;282;316;320;321
KT871687,1,82.346,1b,92.833,150-321,Yes,150;159;206;282;316;320;321
KT871688,1,82.798,1b,93.063,150-321,Yes,150;159;206;282;316;320;321
KT871689,1,81.218,1b,92.781,150-321,Yes,150;159;206;282;316;320;321
KT871690,1,80.598,1b,92.047,150-321,Yes,150;159;206;282;316;320;321
KT871691,1,81.849,1b,92.889,150-321,Yes,150;159;206;282;316;320;321
KT871692,1,94.018,1a,93.623,150-321,Yes,150;159;206;282;316;320;321
KT871693,1,96.332,1a,95.316,150-321,Yes,150;159;206;282;316;320;321
KT871694,1,82.074,1b,92.386,150-321,Yes,150;159;206;282;316;320;321
KT871696,1,82.798,1b,93.006,150-321,Yes,150;159;206;282;316;320;321
KT871698,1,82.413,1b,93.119,150-321,Yes,150;159;206;282;316;320;321
KT871699,1,82.628,1b,93.849,150-321,Yes,150;159;206;282;316;320;321
KT871700,1,81.275,1b,92.833,150-321,Yes,150;159;206;282;316;320;321
KT871701,1,81.885,1b,92.325,150-321,Yes,150;159;206;282;316;320;321
KT871702,1,82.131,1b,93.514,150-321,Yes,150;159;206;282;316;320;321
KT871705,1,81.885,1b,93.059,150-321,Yes,150;159;206;282;316;320;321
KT871706,1,82.054,1b,93.059,150-321,Yes,150;159;206;282;316;320;321
KT871707,1,81.613,1b,92.499,150-321,Yes,150;159;206;282;316;320;321
KT871709,1,96.445,1a,95.485,150-321,Yes,150;159;206;282;316;320;321
KT871710,1,82.459,1b,92.104,150-321,Yes,150;159;206;282;316;320;321
KT871712,1,82.290,1b,93.627,150-321,Yes,150;159;206;282;316;320;321
KT871713,1,81.849,1b,93.288,150-321,Yes,150;159;206;282;316;320;321
KT871715,1,81.557,1b,92.950,150-321,Yes,150;159;206;282;316;320;321
KT871716,1,80.926,1b,92.212,150-321,Yes,150;159;206;282;316;320;321
KT871717,1,94.131,1a,93.736,150-321,Yes,150;159;206;282;316;320;321
KT871719,1,82.290,1b,92.438,150-321,Yes,150;159;206;282;316;320;321
KT871721,1,81.726,1b,92.329,150-321,Yes,150;159;206;282;316;320;321
KT871723,1,81.321,1b,92.499,150-321,Yes,150;159;206;282;316;320;321
KT871725,1,81.546,1b,92.607,150-321,Yes,150;159;206;282;316;320;321
KT871726,1,81.782,1b,92.329,150-321,Yes,150;159;206;282;316;320;321
KT871727,1,81.603,1b,93.284,150-321,Yes,150;159;206;282;316;320;321
KT871729,1,81.669,1b,92.043,150-321,Yes,150;159;206;282;316;320;321
KT871730,1,94.865,1a,94.074,150-321,Yes,150;159;206;282;316;320;321
KT871731,1,82.054,1b,92.777,150-321,Yes,150;159;206;282;316;320;321
KT871732,1,83.136,1b,93.457,150-321,Yes,150;159;206;282;316;320;321
KT871733,1,81.321,1b,92.156,150-321,Yes,150;159;206;282;316;320;321
KT871734,1,80.248,1b,91.140,150-321,Yes,150;159;206;282;316;320;321
KT871735,1,81.613,1b,92.781,150-321,Yes,150;159;206;282;316;320;321
KT871737,1,81.275,1b,92.607,150-321,Yes,150;159;206;282;316;320;321
KT871738,1,80.700,1b,91.817,150-321,Yes,150;159;206;282;316;320;321
KT871739,1,94.187,1a,93.623,150-321,Yes,150;159;206;282;316;320;321
KT871740,1,81.828,1b,93.284,150-321,Yes,150;159;206;282;316;320;321
KT871741,1,81.895,1b,91.704,150-321,Yes,150;159;206;282;316;320;321
KT871743,1,81.557,1b,91.765,150-321,Yes,150;159;206;282;316;320;321
KT871744,1,94.300,1a,93.962,150-321,Yes,150;159;206;282;316;320;321
KT871746,1,81.105,1b,91.422,150-321,Yes,150;159;206;282;316;320;321
KT871747,1,82.234,1b,92.381,150-321,Yes,150;159;206;282;316;320;321
KT871748,1,93.962,1a,93.341,150-321,Yes,150;159;206;282;316;320;321
KT871749,1,81.275,1b,91.483,150-321,Yes,150;159;206;282;316;320;321
KT871750,1,81.962,1b,92.889,150-321,Yes,150;159;206;282;316;320;321
KT871752,1,81.726,1b,91.422,150-321,Yes,150;159;206;282;316;320;321
KT871753,1,80.845,1b,91.591,150-321,Yes,150;159;206;282;316;320;321
KT871754,1,81.998,1b,92.607,150-321,Yes,150;159;206;282;316;320;321
KT871755,1,82.074,1b,93.401,150-321,Yes,150;159;206;282;316;320;321
KT871757,1,81.321,1b,93.172,150-321,Yes,150;159;206;282;316;320;321
KT871758,1,82.018,1b,92.724,150-321,Yes,150;159;206;282;316;320;321
KT871759,1,92.720,1a,92.156,150-321,Yes,150;159;206;282;316;320;321
KT871760,1,80.722,1b,91.822,150-321,Yes,150;159;206;282;316;320;321
KT871761,1,93.849,1a,93.228,150-321,Yes,150;159;206;282;316;320;321
KT871763,1,93.115,1a,92.381,150-321,Yes,150;159;206;282;316;320;321
KT871764,1,93.341,1a,93.228,150-321,Yes,150;159;206;282;316;320;321
KT871767,1,92.946,1a,92.946,150-321,Yes,150;159;206;282;316;320;321
KT871768,1,80.869,1b,91.930,150-321,Yes,150;159;206;282;316;320;321
KT871769,1,80.429,1b,90.750,150-321,Yes,150;159;206;282;316;320;321
KT871770,1,81.885,1b,92.269,150-321,Yes,150;159;206;282;316;320;321
KT871771,1,82.516,1b,92.777,150-321,Yes,150;159;206;282;316;320;321
KT871772,1,80.541,1b,91.140,150-321,Yes,150;159;206;282;316;320;321
KT871773,1,82.090,1d,87.910,150-321,Yes,150;159;206;282;316;320;321
KT871774,1,81.095,1b,92.325,150-321,Yes,150;159;206;282;316;320;321
KT871775,1,81.285,1b,91.765,150-321,Yes,150;159;206;282;316;320;321
KT871776,1,82.572,1b,93.457,150-321,Yes,150;159;206;282;316;320;321
KT871777,1,96.050,1a,95.203,150-321,Yes,150;159;206;282;316;320;321
KT871778,1,93.172,1a,92.607,150-321,Yes,150;159;206;282;316;320;321
KT871780,1,81.941,1b,93.510,150-321,Yes,150;159;206;282;316;320;321
KT871781,1,93.679,1a,93.172,150-321,Yes,150;159;206;282;316;320;321
KT871782,1,95.147,1a,94.695,150-321,Yes,150;159;206;282;316;320;321
KT871785,1,80.813,1b,91.930,150-321,Yes,150;159;206;282;316;320;321
KT871786,1,95.090,1a,94.695,150-321,Yes,150;159;206;282;316;320;321
KT871787,1,81.500,1b,91.309,150-321,Yes,150;159;206;282;316;320;321
KT871788,1,92.720,1a,92.212,150-321,Yes,150;159;206;282;316;320;321
KT871789,1,81.049,1b,92.664,150-321,Yes,150;159;206;282;316;320;321
KT871790,1,82.751,1b,92.616,150-321,Yes,150;159;206;282;316;320;321
KT871792,1,82.403,1b,93.457,150-321,Yes,150;159;206;282;316;320;321
KT871794,1,82.704,1b,91.032,150-321,Yes,150;159;206;282;316;320;321
KT871795,1,92.889,1a,92.325,150-321,Yes,150;159;206;282;316;320;321
KT871797,1,82.290,1b,93.063,150-321,Yes,150;159;206;282;316;320;321
KT871798,1,82.018,1b,92.386,150-321,Yes,150;159;206;282;316;320;321
KT871801,1,81.218,1b,92.217,150-321,Yes,150;159;206;282;316;320;321
KT871802,1,81.444,1b,92.668,150-321,Yes,150;159;206;282;316;320;321
KT871804,1,93.849,1a,93.341,150-321,Yes,150;159;206;282;316;320;321
KT871805,1,82.516,1b,94.191,150-321,Yes,150;159;206;282;316;320;321
KT871806,1,82.920,1b,93.006,150-321,Yes,150;159;206;282;316;320;321
KT871807,1,82.449,1b,93.905,150-321,Yes,150;159;206;282;316;320;321
KT871808,1,81.218,1b,91.366,150-321,Yes,150;159;206;282;316;320;321
KT871809,1,93.341,1a,93.002,150-321,Yes,150;159;206;282;316;320;321
KT871810,1,93.567,1a,93.115,150-321,Yes,150;159;206;282;316;320;321
KT871811,1,81.669,1b,92.442,150-321,Yes,150;159;206;282;316;320;321
KT871813,1,93.228,1a,92.777,150-321,Yes,150;159;206;282;316;320;321
KT871814,1,80.778,1b,91.991,150-321,Yes,150;159;206;282;316;320;321
KT871816,1,82.582,1b,93.067,150-321,Yes,150;159;206;282;316;320;321
KT871819,1,80.259,1b,90.237,150-321,Yes,150;159;206;282;316;320;321
KT871820,1,82.290,1b,92.217,150-321,Yes,150;159;206;282;316;320;321
KT871821,1,81.941,1b,93.172,150-321,Yes,150;159;206;282;316;320;321
KT871824,1,93.849,1a,93.341,150-321,Yes,150;159;206;282;316;320;321
KT871825,1,81.782,1b,93.063,150-321,Yes,150;159;206;282;316;320;321
KT871826,1,94.526,1a,93.849,150-321,Yes,150;159;206;282;316;320;321
KT871827,1,82.244,1b,91.483,150-321,Yes,150;159;206;282;316;320;321
KT871828,1,82.516,1b,92.724,150-321,Yes,150;159;206;282;316;320;321
KT871829,1,93.962,1a,93.397,150-321,Yes,150;159;206;282;316;320;321
KT871830,1,82.111,1b,92.325,150-321,Yes,150;159;206;282;316;320;321
KT871831,1,82.074,1b,93.119,150-321,Yes,150;159;206;282;316;320;321
KT871832,1,82.018,1b,93.909,150-321,Yes,150;159;206;282;316;320;321
KT871833,1,81.105,1b,91.765,150-321,Yes,150;159;206;282;316;320;321
KT871836,1,93.397,1a,93.002,150-321,Yes,150;159;206;282;316;320;321
KT871837,1,82.675,1b,92.156,150-321,Yes,150;159;206;282;316;320;321
KT871838,1,81.218,1b,91.201,150-321,Yes,150;159;206;282;316;320;321
KT871840,1,82.064,1b,93.627,150-321,Yes,150;159;206;282;316;320;321
KT871842,1,81.151,1b,91.761,150-321,Yes,150;159;206;282;316;320;321
KT871843,1,81.377,1b,90.971,150-321,Yes,150;159;206;282;316;320;321
KT871844,1,81.839,1b,92.893,150-321,Yes,150;159;206;282;316;320;321
KT871845,1,81.172,1b,92.724,150-321,Yes,150;159;206;282;316;320;321
KT871846,1,80.869,1b,91.253,150-321,Yes,150;159;206;282;316;320;321
KT871847,1,81.793,1b,92.555,150-321,Yes,150;159;206;282;316;320;321
KT871848,1,82.018,1b,92.551,150-321,Yes,150;159;206;282;316;320;321
KT871849,1,96.275,1a,95.711,150-321,Yes,150;159;206;282;316;320;321
KT871850,1,94.018,1a,93.623,150-321,Yes,150;159;206;282;316;320;321
KT871852,1,81.387,1b,91.935,150-321,Yes,150;159;206;282;316;320;321
KT871854,1,81.962,1b,92.668,150-321,Yes,150;159;206;282;316;320;321
KT871855,1,81.377,1b,92.664,150-321,Yes,150;159;206;282;316;320;321
KT871856,1,82.290,1b,92.664,150-321,Yes,150;159;206;282;316;320;321
KT871857,1,81.218,1b,91.540,150-321,Yes,150;159;206;282;316;320;321
KT871858,1,82.008,1b,92.156,150-321,Yes,150;159;206;282;316;320;321
KT871859,1,82.187,1b,92.724,150-321,Yes,150;159;206;282;316;320;321
KT871860,1,81.613,1b,91.089,150-321,Yes,150;159;206;282;316;320;321
KT871861,1,80.643,1b,92.494,150-321,Yes,150;159;206;282;316;320;321
KT871862,1,94.300,1a,93.679,150-321,Yes,150;159;206;282;316;320;321
KT871863,1,82.628,1b,92.551,150-321,Yes,150;159;206;282;316;320;321
KT871865,1,81.049,1b,92.494,150-321,Yes,150;159;206;282;316;320;321
KT871866,1,81.151,1b,92.777,150-321,Yes,150;159;206;282;316;320;321
KT871867,1,81.895,1b,91.196,150-321,Yes,150;159;206;282;316;320;321
KT871869,1,94.244,1a,93.454,150-321,Yes,150;159;206;282;316;320;321
KT871870,1,81.839,1b,93.063,150-321,Yes,150;159;206;282;316;320;321
KT871871,1,81.951,1b,92.499,150-321,Yes,150;159;206;282;316;320;321
KT871872,1,82.346,1b,93.119,150-321,Yes,150;159;206;282;316;320;321
KT871874,1,79.797,1b,90.643,150-321,Yes,150;159;206;282;316;320;321
KT871875,1,80.609,1b,91.765,150-321,Yes,150;159;206;282;316;320;321
KT871876,1,93.510,1a,92.946,150-321,Yes,150;159;206;282;316;320;321
KT871878,1,81.105,1b,92.611,150-321,Yes,150;159;206;282;316;320;321
KT871882,1,82.074,1b,93.232,150-321,Yes,150;159;206;282;316;320;321
KT871883,1,81.444,1b,92.893,150-321,Yes,150;159;206;282;316;320;321
KT871884,1,81.669,1b,93.627,150-321,Yes,150;159;206;282;316;320;321
KT871885,1,80.418,1b,91.479,150-321,Yes,150;159;206;282;316;320;321
KT871887,1,81.387,1b,91.540,150-321,Yes,150;159;206;282;316;320;321
KT871888,1,82.064,1b,92.724,150-321,Yes,150;159;206;282;316;320;321
KT871891,1,80.722,1b,91.084,150-321,Yes,150;159;206;282;316;320;321
KT871892,1,81.275,1b,91.874,150-321,Yes,150;159;206;282;316;320;321
KT871893,1,80.880,1b,90.971,150-321,Yes,150;159;206;282;316;320;321
KT871894,1,81.726,1b,91.089,150-321,Yes,150;159;206;282;316;320;321
KT871896,1,81.716,1b,91.930,150-321,Yes,150;159;206;282;316;320;321
KT871897,1,81.998,1b,93.284,150-321,Yes,150;159;206;282;316;320;321
KT871898,1,81.782,1b,92.946,150-321,Yes,150;159;206;282;316;320;321
KT871899,1,81.557,1b,91.991,150-321,Yes,150;159;206;282;316;320;321
KT871900,1,83.023,1b,92.668,150-321,Yes,150;159;206;282;316;320;321
KT871901,1,81.014,1b,91.371,150-321,Yes,150;159;206;282;316;320;321
KT871902,1,82.694,1b,91.986,150-321,Yes,150;159;206;282;316;320;321
KT871903,1,82.018,1b,92.499,150-321,Yes,150;159;206;282;316;320;321
KT871905,1,82.223,1b,92.551,150-321,Yes,150;159;206;282;316;320;321
KT871906,1,80.778,1b,91.309,150-321,Yes,150;159;206;282;316;320;321
KT871908,1,93.454,1a,92.833,150-321,Yes,150;159;206;282;316;320;321
KT871909,1,80.023,1b,92.381,150-321,Yes,150;159;206;282;316;320;321
KT871910,1,81.377,1b,93.284,150-321,Yes,150;159;206;282;316;320;321
KT871914,1,95.316,1a,94.582,150-321,Yes,150;159;206;282;316;320;321
KT871915,1,81.557,1b,91.366,150-321,Yes,150;159;206;282;316;320;321
KT871916,1,81.716,1b,92.720,150-321,Yes,150;159;206;282;316;320;321
KT871918,1,92.950,1a,92.611,150-321,Yes,150;159;206;282;316;320;321
KT871920,1,81.772,1b,92.833,150-321,Yes,150;159;206;282;316;320;321
KT871921,1,80.880,1b,91.089,150-321,Yes,150;159;206;282;316;320;321
KT871922,1,81.500,1b,91.878,150-321,Yes,150;159;206;282;316;320;321
KT871924,1,80.259,1b,90.801,150-321,Yes,150;159;206;282;316;320;321
KT871925,1,82.572,1b,92.781,150-321,Yes,150;159;206;282;316;320;321
KT871927,1,81.613,1b,93.345,150-321,Yes,150;159;206;282;316;320;321
KT871928,1,93.792,1a,93.059,150-321,Yes,150;159;206;282;316;320;321
KT871929,1,82.525,1b,93.739,150-321,Yes,150;159;206;282;316;320;321
KT871931,1,93.962,1a,93.792,150-321,Yes,150;159;206;282;316;320;321
KT871932,1,96.332,1a,95.392,150-321,Yes,150;159;206;282;316;320;321
KT871933,1,95.485,1a,95.034,150-321,Yes,150;159;206;282;316;320;321
KT871934,1,81.377,1b,92.889,150-321,Yes,150;159;206;282;316;320;321
KT871935,1,80.926,1b,91.479,150-321,Yes,150;159;206;282;316;320;321
KT871937,1,82.121,1b,92.499,150-321,Yes,150;159;206;282;316;320;321
KT871938,1,81.454,1b,92.160,150-321,Yes,150;159;206;282;316;320;321
KT871940,1,93.736,1a,93.002,150-321,Yes,150;159;206;282;316;320;321
KT871941,1,81.321,1b,92.551,150-321,Yes,150;159;206;282;316;320;321
KT871942,1,81.793,1b,93.345,150-321,Yes,150;159;206;282;316;320;321
KT871943,1,82.741,1b,92.607,150-321,Yes,150;159;206;282;316;320;321
KT871944,1,81.849,1b,93.010,150-321,Yes,150;159;206;282;316;320;321
KT871945,1,81.941,1b,93.228,150-321,Yes,150;159;206;282;316;320;321
KT871947,1,81.387,1b,91.704,150-321,Yes,150;159;206;282;316;320;321
KT871948,1,82.336,1b,92.781,150-321,Yes,150;159;206;282;316;320;321
KT871949,1,82.177,1b,92.724,150-321,Yes,150;159;206;282;316;320;321
KT871954,1,81.049,1b,92.724,150-321,Yes,150;159;206;282;316;320;321
KT871955,1,81.105,1b,91.874,150-321,Yes,150;159;206;282;316;320;321
KT871956,1,81.951,1b,92.499,150-321,Yes,150;159;206;282;316;320;321
KT871960,1,94.244,1a,94.187,150-321,Yes,150;159;206;282;316;320;321
KT871963,1,96.388,1a,95.485,150-321,Yes,150;159;206;282;316;320;321
KT871964,1,82.028,1b,92.212,150-321,Yes,150;159;206;282;316;320;321
KT871965,1,81.049,1b,92.499,150-321,Yes,150;159;206;282;316;320;321
KT871967,1,81.669,1b,92.329,150-321,Yes,150;159;206;282;316;320;321
KT871968,1,96.163,1a,95.147,150-321,Yes,150;159;206;282;316;320;321
KT871969,1,94.695,1a,93.849,150-321,Yes,150;159;206;282;316;320;321
KT871970,1,81.444,1b,92.273,150-321,Yes,150;159;206;282;316;320;321
KT871971,1,81.567,1b,93.115,150-321,Yes,150;159;206;282;316;320;321
KT871972,1,82.403,1b,92.781,150-321,Yes,150;159;206;282;316;320;321
KT871973,1,80.496,1b,91.140,150-321,Yes,150;159;206;282;316;320;321
KT871974,1,82.469,1b,92.724,150-321,Yes,150;159;206;282;316;320;321
KT871976,1,80.756,1b,92.438,150-321,Yes,150;159;206;282;316;320;321
KT871977,1,81.895,1b,93.119,150-321,Yes,150;159;206;282;316;320;321
KT871978,1,81.726,1b,91.709,150-321,Yes,150;159;206;282;316;320;321
KT871979,1,82.449,1b,92.889,150-321,Yes,150;159;206;282;316;320;321
KT871980,1,81.839,1b,92.611,150-321,Yes,150;159;206;282;316;320;321
KT871981,1,82.074,1b,92.781,150-321,Yes,150;159;206;282;316;320;321
KT871982,1,81.772,1b,92.381,150-321,Yes,150;159;206;282;316;320;321
KT871983,1,81.772,1b,92.551,150-321,Yes,150;159;206;282;316;320;321
KT871984,1,81.038,1b,91.253,150-321,Yes,150;159;206;282;316;320;321
KT871985,1,82.244,1b,92.104,150-321,Yes,150;159;206;282;316;320;321
KT871986,1,81.885,1b,92.720,150-321,Yes,150;159;206;282;316;320;321
KT871987,1,82.018,1b,92.893,150-321,Yes,150;159;206;282;316;320;321
KT871988,1,82.619,1b,93.284,150-321,Yes,150;159;206;282;316;320;321
KT871989,1,96.219,1a,95.655,150-321,Yes,150;159;206;282;316;320;321
KT871990,1,82.469,1b,92.950,150-321,Yes,150;159;206;282;316;320;321
KT871991,1,81.500,1b,92.386,150-321,Yes,150;159;206;282;316;320;321
KT871993,1,82.111,1b,92.325,150-321,Yes,150;159;206;282;316;320;321
KT871994,1,80.880,1b,91.145,150-321,Yes,150;159;206;282;316;320;321
KT871999,1,82.290,1b,92.950,150-321,Yes,150;159;206;282;316;320;321
KT872000,1,82.346,1b,93.172,150-321,Yes,150;159;206;282;316;320;321
KT872001,1,81.726,1b,92.273,150-321,Yes,150;159;206;282;316;320;321
KT872003,1,80.598,1b,91.935,150-321,Yes,150;159;206;282;316;320;321
KT872004,1,82.469,1b,92.893,150-321,Yes,150;159;206;282;316;320;321
KT872005,1,80.372,1b,91.935,150-321,Yes,150;159;206;282;316;320;321
KT872006,1,82.177,1b,93.002,150-321,Yes,150;159;206;282;316;320;321
KT872008,1,81.962,1b,93.006,150-321,Yes,150;159;206;282;316;320;321
KT872010,1,81.885,1b,91.535,150-321,Yes,150;159;206;282;316;320;321
KT872011,1,81.557,1b,92.104,150-321,Yes,150;159;206;282;316;320;321
KT872012,1,81.218,1b,92.047,150-321,Yes,150;159;206;282;316;320;321
KT872013,1,81.951,1b,92.047,150-321,Yes,150;159;206;282;316;320;321
KT872015,1,80.372,1b,91.258,150-321,Yes,150;159;206;282;316;320;321
KT872017,1,82.290,1b,93.228,150-321,Yes,150;159;206;282;316;320;321
KT872021,1,93.792,1a,93.623,150-321,Yes,150;159;206;282;316;320;321
KT872022,1,81.557,1b,91.822,150-321,Yes,150;159;206;282;316;320;321
KT872023,1,81.275,1b,92.156,150-321,Yes,150;159;206;282;316;320;321
KT872024,1,81.490,1b,91.591,150-321,Yes,150;159;206;282;316;320;321
KT872025,1,81.998,1b,92.889,150-321,Yes,150;159;206;282;316;320;321
KT872027,1,81.726,1b,92.837,150-321,Yes,150;159;206;282;316;320;321
KT872029,1,82.572,1b,92.837,150-321,Yes,150;159;206;282;316;320;321
KT872032,1,81.772,1b,91.930,150-321,Yes,150;159;206;282;316;320;321
KT872033,1,81.885,1b,93.059,150-321,Yes,150;159;206;282;316;320;321
KT872034,1,81.500,1b,92.156,150-321,Yes,150;159;206;282;316;320;321
KT872035,1,82.844,1b,91.986,150-321,Yes,150;159;206;282;316;320;321
KT872036,1,82.290,1b,93.232,150-321,Yes,150;159;206;282;316;320;321
KT872037,1,96.275,1a,95.711,150-321,Yes,150;159;206;282;316;320;321
KT872038,1,81.726,1b,91.371,150-321,Yes,150;159;206;282;316;320;321
KT872040,1,82.223,1b,93.228,150-321,Yes,150;159;206;282;316;320;321
KT872041,1,82.516,1b,92.720,150-321,Yes,150;159;206;282;316;320;321
KT872042,1,81.716,1b,92.212,150-321,Yes,150;159;206;282;316;320;321
KT872044,1,93.849,1a,93.679,150-321,Yes,150;159;206;282;316;320;321
KT872045,1,80.756,1b,91.817,150-321,Yes,150;159;206;282;316;320;321
KT872046,1,81.038,1b,92.043,150-321,Yes,150;159;206;282;316;320;321
KT872048,1,94.865,1a,94.413,150-321,Yes,150;159;206;282;316;320;321
KT872049,1,93.059,1a,92.494,150-321,Yes,150;159;206;282;316;320;321
KT872050,1,81.500,1b,91.878,150-321,Yes,150;159;206;282;316;320;321
KT872051,1,81.331,1b,92.946,150-321,Yes,150;159;206;282;316;320;321
KT872052,1,82.967,1b,92.551,150-321,Yes,150;159;206;282;316;320;321
KT872054,1,82.167,1b,91.930,150-321,Yes,150;159;206;282;316;320;321
KT872055,1,81.603,1b,92.777,150-321,Yes,150;159;206;282;316;320;321
KT872056,1,82.064,1b,93.288,150-321,Yes,150;159;206;282;316;320;321
KT872058,1,80.982,1b,91.986,150-321,Yes,150;159;206;282;316;320;321
KT872059,1,81.229,1b,91.930,150-321,Yes,150;159;206;282;316;320;321
KT872060,1,81.951,1b,93.514,150-321,Yes,150;159;206;282;316;320;321
KT872061,1,81.567,1b,91.874,150-321,Yes,150;159;206;282;316;320;321
KT872062,1,81.669,1b,92.442,150-321,Yes,150;159;206;282;316;320;321
KT872065,1,81.828,1b,93.397,150-321,Yes,150;159;206;282;316;320;321
KT872066,1,81.264,1b,92.494,150-321,Yes,150;159;206;282;316;320;321
KT872068,1,81.839,1b,92.329,150-321,Yes,150;159;206;282;316;320;321
KT872069,1,95.880,1a,95.260,150-321,Yes,150;159;206;282;316;320;321
KT872070,1,94.413,1a,93.849,150-321,Yes,150;159;206;282;316;320;321
KT872074,1,81.772,1b,92.611,150-321,Yes,150;159;206;282;316;320;321
KT872077,1,82.479,1b,92.841,150-321,Yes,150;159;206;282;316;320;321
KT872078,1,81.038,1b,92.381,150-321,Yes,150;159;206;282;316;320;321
KT872079,1,82.535,1b,92.381,150-321,Yes,150;159;206;282;316;320;321
KT872080,1,81.049,1b,92.442,150-321,Yes,150;159;206;282;316;320;321
KT872082,1,81.962,1b,92.893,150-321,Yes,150;159;206;282;316;320;321
KT872083,1,81.218,1b,91.653,150-321,Yes,150;159;206;282;316;320;321
KT872085,1,82.177,1b,93.345,150-321,Yes,150;159;206;282;316;320;321
KT872086,1,82.413,1b,92.611,150-321,Yes,150;159;206;282;316;320;321
KT872088,1,80.823,1b,92.559,150-321,Yes,150;159;206;282;316;320;321
KT872089,1,82.741,1b,92.781,150-321,Yes,150;159;206;282;316;320;321
KT872090,1,82.074,1b,92.950,150-321,Yes,150;159;206;282;316;320;321
KT872091,1,80.700,1b,92.946,150-321,Yes,150;159;206;282;316;320;321
KT872093,1,81.500,1b,92.047,150-321,Yes,150;159;206;282;316;320;321
KT872095,1,80.756,1b,92.156,150-321,Yes,150;159;206;282;316;320;321
KT872096,1,82.628,1b,93.006,150-321,Yes,150;159;206;282;316;320;321
KT872097,1,81.500,1b,91.653,150-321,Yes,150;159;206;282;316;320;321
KT872098,1,80.813,1b,91.761,150-321,Yes,150;159;206;282;316;320;321
KT872099,1,82.572,1b,93.232,150-321,Yes,150;159;206;282;316;320;321
KT872102,1,82.054,1b,92.212,150-321,Yes,150;159;206;282;316;320;321
KT872103,1,93.284,1a,93.002,150-321,Yes,150;159;206;282;316;320;321
KT872105,1,82.741,1b,93.063,150-321,Yes,150;159;206;282;316;320;321
KT872106,1,82.336,1b,91.986,150-321,Yes,150;159;206;282;316;320;321
KT872107,1,82.064,1b,92.273,150-321,Yes,150;159;206;282;316;320;321
KT872108,1,94.303,1a,93.965,150-321,Yes,150;159;206;282;316;320;321
KT872110,1,80.711,1b,92.217,150-321,Yes,150;159;206;282;316;320;321
KT872111,1,82.121,1b,92.668,150-321,Yes,150;159;206;282;316;320;321
KT872112,1,80.869,1b,92.889,150-321,Yes,150;159;206;282;316;320;321
KT872113,1,82.516,1b,92.777,150-321,Yes,150;159;206;282;316;320;321
KT872114,1,82.403,1b,93.288,150-321,Yes,150;159;206;282;316;320;321
KT872115,1,81.151,1b,92.325,150-321,Yes,150;159;206;282;316;320;321
KT872117,1,97.065,1a,96.275,150-321,Yes,150;159;206;282;316;320;321
KT872118,1,81.669,1b,93.514,150-321,Yes,150;159;206;282;316;320;321
KT872119,1,95.316,1a,94.357,150-321,Yes,150;159;206;282;316;320;321
KT872120,1,82.074,1b,93.010,150-321,Yes,150;159;206;282;316;320;321
KT872121,1,81.398,1b,91.371,150-321,Yes,150;159;206;282;316;320;321
KT872122,1,94.360,1a,94.247,150-321,Yes,150;159;206;282;316;320;321
KT872123,1,81.726,1b,92.386,150-321,Yes,150;159;206;282;316;320;321
KT872126,1,80.880,1b,91.765,150-321,Yes,150;159;206;282;316;320;321
KT872128,1,81.849,1b,92.837,150-321,Yes,150;159;206;282;316;320;321
KT872129,1,94.018,1a,93.567,150-321,Yes,150;159;206;282;316;320;321
KT872130,1,82.121,1b,93.683,150-321,Yes,150;159;206;282;316;320;321
KT872131,1,81.567,1b,91.822,150-321,Yes,150;159;206;282;316;320;321
KT872132,1,81.782,1b,92.217,150-321,Yes,150;159;206;282;316;320;321
KT872133,1,82.403,1b,93.796,150-321,Yes,150;159;206;282;316;320;321
KT872134,1,82.131,1b,92.499,150-321,Yes,150;159;206;282;316;320;321
KT872136,1,82.516,1b,92.720,150-321,Yes,150;159;206;282;316;320;321
KT872139,1,81.885,1b,91.479,150-321,Yes,150;159;206;282;316;320;321
KT872140,1,80.541,1b,90.976,150-321,Yes,150;159;206;282;316;320;321
KT872141,1,81.387,1b,90.858,150-321,Yes,150;159;206;282;316;320;321
KT872143,1,81.726,1b,92.668,150-321,Yes,150;159;206;282;316;320;321
KT872144,1,82.177,1b,91.648,150-321,Yes,150;159;206;282;316;320;321
KT872145,1,82.741,1b,93.006,150-321,Yes,150;159;206;282;316;320;321
KT872146,1,81.275,1b,92.099,150-321,Yes,150;159;206;282;316;320;321
KT872147,1,93.172,1a,92.833,150-321,Yes,150;159;206;282;316;320;321
KT872148,1,82.290,1b,92.946,150-321,Yes,150;159;206;282;316;320;321
KT872149,1,80.023,1b,90.632,150-321,Yes,150;159;206;282;316;320;321
KT872151,1,81.782,1b,92.494,150-321,Yes,150;159;206;282;316;320;321
KT872153,1,93.849,1a,93.454,150-321,Yes,150;159;206;282;316;320;321
KT872154,1,81.613,1b,92.273,150-321,Yes,150;159;206;282;316;320;321
KT872155,1,81.500,1b,92.555,150-321,Yes,150;159;206;282;316;320;321
KT872157,1,82.121,1b,93.457,150-321,Yes,150;159;206;282;316;320;321
KT872159,1,81.162,1b,91.991,150-321,Yes,150;159;206;282;316;320;321
KT872160,1,93.510,1a,93.228,150-321,Yes,150;159;206;282;316;320;321
KT872161,1,80.643,1b,91.986,150-321,Yes,150;159;206;282;316;320;321
KT872162,1,81.275,1b,91.765,150-321,Yes,150;159;206;282;316;320;321
KT872163,1,80.912,1b,92.104,150-321,Yes,150;159;206;282;316;320;321
KT872165,1,92.212,1a,91.874,150-321,Yes,150;159;206;282;316;320;321
KT872167,1,82.300,1b,92.611,150-321,Yes,150;159;206;282;316;320;321
KT872168,1,82.403,1b,92.720,150-321,Yes,150;159;206;282;316;320;321
KT872170,1,80.823,1b,91.822,150-321,Yes,150;159;206;282;316;320;321
KT872171,1,82.290,1b,92.724,150-321,Yes,150;159;206;282;316;320;321
KT872172,1,81.998,1b,92.833,150-321,Yes,150;159;206;282;316;320;321
KT872173,1,80.485,1b,91.596,150-321,Yes,150;159;206;282;316;320;321
KT872174,1,81.613,1b,91.709,150-321,Yes,150;159;206;282;316;320;321
KT872175,1,81.726,1b,92.781,150-321,Yes,150;159;206;282;316;320;321
KT872176,1,81.433,1b,92.494,150-321,Yes,150;159;206;282;316;320;321
KT872177,1,81.680,1b,92.668,150-321,Yes,150;159;206;282;316;320;321
KT872179,1,81.387,1b,92.104,150-321,Yes,150;159;206;282;316;320;321
KT872181,1,81.951,1b,92.160,150-321,Yes,150;159;206;282;316;320;321
KT872182,1,93.849,1a,92.889,150-321,Yes,150;159;206;282;316;320;321
KT872183,1,82.121,1b,93.232,150-321,Yes,150;159;206;282;316;320;321
KT872184,1,82.008,1b,93.232,150-321,Yes,150;159;206;282;316;320;321
KT872185,1,83.080,1b,93.345,150-321,Yes,150;159;206;282;316;320;321
KT872187,1,81.782,1b,93.119,150-321,Yes,150;159;206;282;316;320;321
KT872188,1,95.485,1a,95.372,150-321,Yes,150;159;206;282;316;320;321
KT872189,1,82.121,1b,93.909,150-321,Yes,150;159;206;282;316;320;321
KT872192,1,81.716,1b,92.212,150-321,Yes,150;159;206;282;316;320;321
KT872193,1,82.008,1b,92.837,150-321,Yes,150;159;206;282;316;320;321
KT872195,1,81.567,1b,92.108,150-321,Yes,150;159;206;282;316;320;321
KT872197,1,81.387,1b,91.253,150-321,Yes,150;159;206;282;316;320;321
KT872198,1,81.669,1b,92.273,150-321,Yes,150;159;206;282;316;320;321
KT872199,1,82.234,1b,93.457,150-321,Yes,150;159;206;282;316;320;321
KT872200,1,95.090,1a,94.357,150-321,Yes,150;159;206;282;316;320;321
KT872202,1,81.659,1b,92.156,150-321,Yes,150;159;206;282;316;320;321
KT872203,1,81.275,1b,92.442,150-321,Yes,150;159;206;282;316;320;321
KT872204,1,82.187,1b,92.217,150-321,Yes,150;159;206;282;316;320;321
KT872205,1,81.915,1b,91.765,150-321,Yes,150;159;206;282;316;320;321
KT872206,1,81.895,1b,92.837,150-321,Yes,150;159;206;282;316;320;321
KT872210,1,81.172,1b,93.006,150-321,Yes,150;159;206;282;316;320;321
KT872211,1,82.506,1b,92.777,150-321,Yes,150;159;206;282;316;320;321
KT872212,1,80.541,1b,90.576,150-321,Yes,150;159;206;282;316;320;321
KT872213,1,82.054,1b,92.438,150-321,Yes,150;159;206;282;316;320;321
KT872214,1,80.485,1b,91.709,150-321,Yes,150;159;206;282;316;320;321
KT872215,1,96.275,1a,95.316,150-321,Yes,150;159;206;282;316;320;321
KT872217,1,82.244,1b,93.006,150-321,Yes,150;159;206;282;316;320;321
KT872219,1,82.064,1b,92.494,150-321,Yes,150;159;206;282;316;320;321
KT872221,1,81.782,1b,92.273,150-321,Yes,150;159;206;282;316;320;321
KT872222,1,93.905,1a,93.341,150-321,Yes,150;159;206;282;316;320;321
KT872223,1,81.162,1b,91.479,150-321,Yes,150;159;206;282;316;320;321
KT872224,1,80.880,1b,93.232,150-321,Yes,150;159;206;282;316;320;321
KT872225,1,81.398,1b,93.175,150-321,Yes,150;159;206;282;316;320;321
KT872226,1,81.828,1b,92.664,150-321,Yes,150;159;206;282;316;320;321
KT872229,1,81.557,1b,92.724,150-321,Yes,150;159;206;282;316;320;321
KT872230,1,82.628,1b,93.175,150-321,Yes,150;159;206;282;316;320;321
KT872232,1,80.767,1b,91.986,150-321,Yes,150;159;206;282;316;320;321
KT872233,1,81.716,1b,92.381,150-321,Yes,150;159;206;282;316;320;321
KT872235,1,94.244,1a,93.623,150-321,Yes,150;159;206;282;316;320;321
KT872236,1,83.023,1b,93.345,150-321,Yes,150;159;206;282;316;320;321
KT872237,1,82.187,1b,93.006,150-321,Yes,150;159;206;282;316;320;321
KT872238,1,81.387,1b,91.366,150-321,Yes,150;159;206;282;316;320;321
KT872239,1,81.567,1b,92.893,150-321,Yes,150;159;206;282;316;320;321
KT872240,1,81.433,1b,91.986,150-321,Yes,150;159;206;282;316;320;321
KT872241,1,81.736,1b,92.052,150-321,Yes,150;159;206;282;316;320;321
KT872243,1,81.500,1b,91.765,150-321,Yes,150;159;206;282;316;320;321
KT872244,1,82.177,1b,93.627,150-321,Yes,150;159;206;282;316;320;321
KT872245,1,80.643,1b,91.479,150-321,Yes,150;159;206;282;316;320;321
KT872246,1,81.828,1b,93.002,150-321,Yes,150;159;206;282;316;320;321
KT872247,1,81.941,1b,92.889,150-321,Yes,150;159;206;282;316;320;321
KT872248,1,81.275,1b,91.479,150-321,Yes,150;159;206;282;316;320;321
KT872249,1,81.659,1b,92.777,150-321,Yes,150;159;206;282;316;320;321
KT872250,1,82.346,1b,92.047,150-321,Yes,150;159;206;282;316;320;321
KT872251,1,81.680,1b,91.991,150-321,Yes,150;159;206;282;316;320;321
KT872252,1,94.526,1a,94.413,150-321,Yes,150;159;206;282;316;320;321
KT872253,1,94.300,1a,93.454,150-321,Yes,150;159;206;282;316;320;321
KT872254,1,81.387,1b,90.858,150-321,Yes,150;159;206;282;316;320;321
KT872256,1,92.551,1a,92.269,150-321,Yes,150;159;206;282;316;320;321
KT872257,1,95.770,1a,95.051,150-321,Yes,150;159;206;282;316;320;321
KT872258,1,94.470,1a,93.962,150-321,Yes,150;159;206;282;316;320;321
KT872260,1,94.977,1a,94.074,150-321,Yes,150;159;206;282;316;320;321
KT872262,1,81.669,1b,91.765,150-321,Yes,150;159;206;282;316;320;321
KT872263,1,81.003,1b,92.386,150-321,Yes,150;159;206;282;316;320;321
KT872264,1,80.845,1b,91.704,150-321,Yes,150;159;206;282;316;320;321
KT872265,1,93.284,1a,92.777,150-321,Yes,150;159;206;282;316;320;321
KT872266,1,94.244,1a,94.131,150-321,Yes,150;159;206;282;316;320;321
KT872267,1,82.516,1b,92.325,150-321,Yes,150;159;206;282;316;320;321
KT872268,1,80.926,1b,91.761,150-321,Yes,150;159;206;282;316;320;321
KT872269,1,82.121,1b,93.115,150-321,Yes,150;159;206;282;316;320;321
KT872271,1,82.346,1b,92.555,150-321,Yes,150;159;206;282;316;320;321
KT872274,1,93.965,1a,93.457,150-321,Yes,150;159;206;282;316;320;321
KT872275,1,82.187,1b,92.724,150-321,Yes,150;159;206;282;316;320;321
KT872276,1,94.413,1a,93.736,150-321,Yes,150;159;206;282;316;320;321
KT872277,1,82.403,1b,92.668,150-321,Yes,150;159;206;282;316;320;321
KT872278,1,81.613,1b,92.329,150-321,Yes,150;159;206;282;316;320;321
KT872279,1,81.433,1b,92.833,150-321,Yes,150;159;206;282;316;320;321
KT872280,1,80.767,1b,92.494,150-321,Yes,150;159;206;282;316;320;321
KT872281,1,82.167,1b,93.115,150-321,Yes,150;159;206;282;316;320;321
KT872282,1,82.346,1b,92.893,150-321,Yes,150;159;206;282;316;320;321
KT872283,1,82.008,1b,92.950,150-321,Yes,150;159;206;282;316;320;321
KT872284,1,81.557,1b,92.499,150-321,Yes,150;159;206;282;316;320;321
KT872285,1,81.895,1b,92.781,150-321,Yes,150;159;206;282;316;320;321
KT872287,1,94.187,1a,93.736,150-321,Yes,150;159;206;282;316;320;321
KT872288,1,81.444,1b,93.514,150-321,Yes,150;159;206;282;316;320;321
KT872289,1,95.147,1a,94.977,150-321,Yes,150;159;206;282;316;320;321
KT872290,1,83.089,1b,93.852,150-321,Yes,150;159;206;282;316;320;321
KT872291,1,82.177,1b,92.724,150-321,Yes,150;159;206;282;316;320;321
KT872294,1,93.962,1a,93.849,150-321,Yes,150;159;206;282;316;320;321
KT872296,1,81.782,1b,93.172,150-321,Yes,150;159;206;282;316;320;321
KT872297,1,81.208,1b,91.591,150-321,Yes,150;159;206;282;316;320;321
KT872298,1,82.449,1b,93.172,150-321,Yes,150;159;206;282;316;320;321
KT872300,1,81.038,1b,91.027,150-321,Yes,150;159;206;282;316;320;321
KT872301,1,82.366,1b,92.047,150-321,Yes,150;159;206;282;316;320;321
KT872302,1,81.105,1b,92.442,150-321,Yes,150;159;206;282;316;320;321
KT872303,1,94.639,1a,94.131,150-321,Yes,150;159;206;282;316;320;321
KT872304,1,82.064,1b,93.345,150-321,Yes,150;159;206;282;316;320;321
KT872305,1,81.494,1b,93.039,150-321,Yes,150;159;206;282;316;320;321
KT872306,1,81.444,1b,92.269,150-321,Yes,150;159;206;282;316;320;321
KT872308,1,82.008,1b,91.761,150-321,Yes,150;159;206;282;316;320;321
KT872311,1,81.680,1b,92.837,150-321,Yes,150;159;206;282;316;320;321
KT872312,1,81.736,1b,93.006,150-321,Yes,150;159;206;282;316;320;321
KT872313,1,82.280,1b,93.679,150-321,Yes,150;159;206;282;316;320;321
KT872314,1,81.511,1b,92.329,150-321,Yes,150;159;206;282;316;320;321
KT872315,1,81.885,1b,92.494,150-321,Yes,150;159;206;282;316;320;321
KT872317,1,82.685,1b,93.514,150-321,Yes,150;159;206;282;316;320;321
KT872318,1,82.854,1b,92.889,150-321,Yes,150;159;206;282;316;320;321
KT872319,1,81.275,1b,91.817,150-321,Yes,150;159;206;282;316;320;321
KT872320,1,81.603,1b,92.438,150-321,Yes,150;159;206;282;316;320;321
KT872322,1,82.336,1b,91.704,150-321,Yes,150;159;206;282;316;320;321
KT872324,1,82.628,1b,92.668,150-321,Yes,150;159;206;282;316;320;321
KT872325,1,81.716,1b,92.438,150-321,Yes,150;159;206;282;316;320;321
KT872326,1,81.659,1b,91.596,150-321,Yes,150;159;206;282;316;320;321
KT872327,1,94.695,1a,93.905,150-321,Yes,150;159;206;282;316;320;321
KT872328,1,81.613,1b,93.002,150-321,Yes,150;159;206;282;316;320;321
KT872329,1,81.387,1b,92.893,150-321,Yes,150;159;206;282;316;320;321
KT872330,1,82.008,1b,92.386,150-321,Yes,150;159;206;282;316;320;321
KT872331,1,82.306,1b,92.369,150-321,Yes,150;159;206;282;316;320;321
KT872332,1,94.187,1a,93.510,150-321,Yes,150;159;206;282;316;320;321
KT872333,1,81.613,1b,92.611,150-321,Yes,150;159;206;282;316;320;321
KT872334,1,80.880,1b,92.104,150-321,Yes,150;159;206;282;316;320;321
KT872336,1,81.038,1b,92.551,150-321,Yes,150;159;206;282;316;320;321
KT872339,1,81.628,1b,93.047,150-321,Yes,150;159;206;282;316;320;321
KT872340,1,82.403,1b,92.499,150-321,Yes,150;159;206;282;316;320;321
KT872341,1,81.500,1b,92.781,150-321,Yes,150;159;206;282;316;320;321
KT872343,1,81.716,1b,92.551,150-321,Yes,150;159;206;282;316;320;321
KT872344,1,93.341,1a,93.115,150-321,Yes,150;159;206;282;316;320;321
KT872345,1,92.607,1a,92.264,150-321,Yes,150;159;206;282;316;320;321
KT872347,1,81.669,1b,93.175,150-321,Yes,150;159;206;282;316;320;321
KT872348,1,81.557,1b,92.555,150-321,Yes,150;159;206;282;316;320;321
KT872350,1,81.839,1b,93.345,150-321,Yes,150;159;206;282;316;320;321
KT872351,1,81.849,1b,92.950,150-321,Yes,150;159;206;282;316;320;321
KT872353,1,81.557,1b,92.273,150-321,Yes,150;159;206;282;316;320;321
KT872354,1,81.444,1b,93.063,150-321,Yes,150;159;206;282;316;320;321
KT872355,1,81.444,1b,93.059,150-321,Yes,150;159;206;282;316;320;321
KT872356,1,94.187,1a,93.454,150-321,Yes,150;159;206;282;316;320;321
KT872357,1,82.121,1b,92.781,150-321,Yes,150;159;206;282;316;320;321
KT872358,1,82.290,1b,92.781,150-321,Yes,150;159;206;282;316;320;321
KT872359,1,80.305,1b,90.463,150-321,Yes,150;159;206;282;316;320;321
KT872361,1,81.726,1b,92.043,150-321,Yes,150;159;206;282;316;320;321
KT872362,1,82.177,1b,94.021,150-321,Yes,150;159;206;282;316;320;321
KT872365,1,82.562,1b,93.341,150-321,Yes,150;159;206;282;316;320;321
KT872366,1,82.459,1b,92.781,150-321,Yes,150;159;206;282;316;320;321
KT872367,1,81.895,1b,92.781,150-321,Yes,150;159;206;282;316;320;321
KT872368,1,82.592,1b,93.454,150-321,Yes,150;159;206;282;316;320;321
KT872371,1,81.003,1b,92.043,150-321,Yes,150;159;206;282;316;320;321
KT872372,1,81.546,1b,92.720,150-321,Yes,150;159;206;282;316;320;321
KT872373,1,94.526,1a,94.018,150-321,Yes,150;159;206;282;316;320;321
KT872374,1,81.557,1b,92.724,150-321,Yes,150;159;206;282;316;320;321
KT872375,1,95.937,1a,95.372,150-321,Yes,150;159;206;282;316;320;321
KT872376,1,82.403,1b,92.217,150-321,Yes,150;159;206;282;316;320;321
KT872377,1,81.998,1b,93.284,150-321,Yes,150;159;206;282;316;320;321
KT872378,1,93.679,1a,93.454,150-321,Yes,150;159;206;282;316;320;321
KT872380,1,81.331,1b,92.160,150-321,Yes,150;159;206;282;316;320;321
KT872381,1,82.177,1b,92.668,150-321,Yes,150;159;206;282;316;320;321
KT872382,1,96.332,1a,95.767,150-321,Yes,150;159;206;282;316;320;321
KT872383,1,81.772,1b,93.679,150-321,Yes,150;159;206;282;316;320;321
KT872384,1,96.445,1a,95.620,150-321,Yes,150;159;206;282;316;320;321
KT872387,1,81.546,1b,92.269,150-321,Yes,150;159;206;282;316;320;321
KT872389,1,96.275,1a,95.824,150-321,Yes,150;159;206;282;316;320;321
KT872390,1,80.756,1b,93.454,150-321,Yes,150;159;206;282;316;320;321
KT872391,1,94.977,1a,94.187,150-321,Yes,150;159;206;282;316;320;321
KT872393,1,81.669,1b,92.611,150-321,Yes,150;159;206;282;316;320;321
KT872395,1,81.736,1b,92.720,150-321,Yes,150;159;206;282;316;320;321
KT872397,1,81.208,1b,92.946,150-321,Yes,150;159;206;282;316;320;321
KT872398,1,81.331,1b,90.976,150-321,Yes,150;159;206;282;316;320;321
KT872399,1,81.162,1b,92.156,150-321,Yes,150;159;206;282;316;320;321
KT872400,1,81.557,1b,92.724,150-321,Yes,150;159;206;282;316;320;321
KT872401,1,82.459,1b,93.514,150-321,Yes,150;159;206;282;316;320;321
KT872403,1,95.034,1a,94.470,150-321,Yes,150;159;206;282;316;320;321
KT872404,1,81.444,1b,91.930,150-321,Yes,150;159;206;282;316;320;321
KT872405,1,82.459,1b,93.006,150-321,Yes,150;159;206;282;316;320;321
KT872408,1,82.516,1b,92.047,150-321,Yes,150;159;206;282;316;320;321
KT872409,1,81.726,1b,92.494,150-321,Yes,150;159;206;282;316;320;321
KT872411,1,81.387,1b,90.863,150-321,Yes,150;159;206;282;316;320;321
KT872412,1,95.880,1a,95.090,150-321,Yes,150;159;206;282;316;320;321
KT872413,1,80.947,1b,91.427,150-321,Yes,150;159;206;282;316;320;321
KT872414,1,82.562,1b,93.849,150-321,Yes,150;159;206;282;316;320;321
KT872415,1,82.459,1b,91.765,150-321,Yes,150;159;206;282;316;320;321
KT872416,1,81.454,1b,92.950,150-321,Yes,150;159;206;282;316;320;321
KT872417,1,81.951,1b,92.893,150-321,Yes,150;159;206;282;316;320;321
KT872418,1,81.557,1b,91.991,150-321,Yes,150;159;206;282;316;320;321
KT872419,1,81.433,1b,92.494,150-321,Yes,150;159;206;282;316;320;321
KT872420,1,81.782,1b,93.175,150-321,Yes,150;159;206;282;316;320;321
KT872421,1,81.772,1b,92.946,150-321,Yes,150;159;206;282;316;320;321
KT872422,1,80.361,1b,90.801,150-321,Yes,150;159;206;282;316;320;321
KT872423,1,93.792,1a,93.792,150-321,Yes,150;159;206;282;316;320;321
KT872424,1,82.064,1b,92.889,150-321,Yes,150;159;206;282;316;320;321
KT872425,1,81.951,1b,92.386,150-321,Yes,150;159;206;282;316;320;321
KT872426,1,93.228,1a,92.946,150-321,Yes,150;159;206;282;316;320;321
KT872429,1,81.557,1b,92.329,150-321,Yes,150;159;206;282;316;320;321
KT872432,1,95.090,1a,94.639,150-321,Yes,150;159;206;282;316;320;321
KT872434,1,82.403,1b,93.341,150-321,Yes,150;159;206;282;316;320;321
KT872435,1,82.751,1b,93.232,150-321,Yes,150;159;206;282;316;320;321
KT872436,1,82.064,1b,91.709,150-321,Yes,150;159;206;282;316;320;321
KT872438,1,81.151,1b,92.438,150-321,Yes,150;159;206;282;316;320;321
KT872439,1,81.377,1b,91.986,150-321,Yes,150;159;206;282;316;320;321
KT872440,1,93.397,1a,92.833,150-321,Yes,150;159;206;282;316;320;321
KT872441,1,81.726,1b,92.381,150-321,Yes,150;159;206;282;316;320;321
KT872444,1,81.444,1b,92.668,150-321,Yes,150;159;206;282;316;320;321
KT872449,1,81.500,1b,92.499,150-321,Yes,150;159;206;282;316;320;321
KT872452,1,80.936,1b,91.822,150-321,Yes,150;159;206;282;316;320;321
KT872453,1,80.361,1b,91.704,150-321,Yes,150;159;206;282;316;320;321
KT872455,1,82.356,1b,92.160,150-321,Yes,150;159;206;282;316;320;321
KT872456,1,93.962,1a,93.341,150-321,Yes,150;159;206;282;316;320;321
KT872457,1,82.403,1b,93.627,150-321,Yes,150;159;206;282;316;320;321
KT872458,1,92.381,1a,91.874,150-321,Yes,150;159;206;282;316;320;321
KT872459,1,82.234,1b,94.021,150-321,Yes,150;159;206;282;316;320;321
KT872461,1,81.849,1b,91.648,150-321,Yes,150;159;206;282;316;320;321
KT872463,1,82.234,1b,92.837,150-321,Yes,150;159;206;282;316;320;321
KT872464,1,82.280,1b,92.043,150-321,Yes,150;159;206;282;316;320;321
KT872465,1,93.570,1a,92.893,150-321,Yes,150;159;206;282;316;320;321
KT872467,1,81.454,1b,92.551,150-321,Yes,150;159;206;282;316;320;321
KT872468,1,82.675,1b,91.930,150-321,Yes,150;159;206;282;316;320;321
KT872469,1,96.332,1a,95.937,150-321,Yes,150;159;206;282;316;320;321
KT872472,1,81.490,1b,92.156,150-321,Yes,150;159;206;282;316;320;321
KT872473,1,81.726,1b,92.273,150-321,Yes,150;159;206;282;316;320;321
KT872474,1,82.054,1b,93.397,150-321,Yes,150;159;206;282;316;320;321
KT872476,1,80.767,1b,92.724,150-321,Yes,150;159;206;282;316;320;321
KT872479,1,80.485,1b,91.761,150-321,Yes,150;159;206;282;316;320;321
KT872480,1,93.736,1a,93.174,150-321,Yes,150;159;206;282;316;320;321
KT872483,1,81.998,1b,92.381,150-321,Yes,150;159;206;282;316;320;321
KT872484,1,81.782,1b,92.442,150-321,Yes,150;159;206;282;316;320;321
KT872485,1,82.111,1b,92.438,150-321,Yes,150;159;206;282;316;320;321
KT872486,1,80.947,1b,91.817,150-321,Yes,150;159;206;282;316;320;321
KT872487,1,82.403,1b,92.837,150-321,Yes,150;159;206;282;316;320;321
KT872488,1,81.839,1b,92.273,150-321,Yes,150;159;206;282;316;320;321
KT872490,1,82.403,1b,93.175,150-321,Yes,150;159;206;282;316;320;321
KT872492,1,82.131,1b,93.175,150-321,Yes,150;159;206;282;316;320;321
KT872496,1,81.772,1b,92.555,150-321,Yes,150;159;206;282;316;320;321
KT872498,1,81.116,1b,91.657,150-321,Yes,150;159;206;282;316;320;321
KT872499,1,81.603,1b,92.269,150-321,Yes,150;159;206;282;316;320;321
KT872500,1,82.121,1b,92.777,150-321,Yes,150;159;206;282;316;320;321
KT872501,1,81.716,1b,92.720,150-321,Yes,150;159;206;282;316;320;321
KT872502,1,82.131,1b,92.668,150-321,Yes,150;159;206;282;316;320;321
KT872503,1,94.018,1a,93.510,150-321,Yes,150;159;206;282;316;320;321
KT872504,1,81.772,1b,93.115,150-321,Yes,150;159;206;282;316;320;321
KT872506,1,82.054,1b,93.736,150-321,Yes,150;159;206;282;316;320;321
KT872507,1,80.947,1b,92.217,150-321,Yes,150;159;206;282;316;320;321
KT872510,1,81.515,1b,91.464,150-321,Yes,150;159;206;282;316;320;321
KT872513,1,82.121,1b,92.386,150-321,Yes,150;159;206;282;316;320;321
KT872514,1,80.993,1b,90.750,150-321,Yes,150;159;206;282;316;320;321
KT872515,1,82.240,1b,92.817,150-321,Yes,150;159;206;282;316;320;321
KT872516,1,81.172,1b,92.781,150-321,Yes,150;159;206;282;316;320;321
KT872517,1,81.546,1b,91.761,150-321,Yes,150;159;206;282;316;320;321
KT872518,1,82.018,1b,92.104,150-321,Yes,150;159;206;282;316;320;321
KT872519,1,82.403,1b,92.724,150-321,Yes,150;159;206;282;316;320;321
KT872521,1,81.895,1b,92.169,150-321,Yes,150;159;206;282;316;320;321
KT872522,1,93.736,1a,92.777,150-321,Yes,150;159;206;282;316;320;321
KT872525,1,81.726,1b,92.438,150-321,Yes,150;159;206;282;316;320;321
KT872526,1,80.654,1b,91.709,150-321,Yes,150;159;206;282;316;320;321
KT872527,1,93.454,1a,93.002,150-321,Yes,150;159;206;282;316;320;321
KT872528,1,81.511,1b,92.156,150-321,Yes,150;159;206;282;316;320;321
KT872529,1,81.669,1b,91.935,150-321,Yes,150;159;206;282;316;320;321
KT872530,1,93.679,1a,93.510,150-321,Yes,150;159;206;282;316;320;321
KT872531,1,81.208,1b,91.874,150-321,Yes,150;159;206;282;316;320;321
KT872532,1,81.105,1b,91.935,150-321,Yes,150;159;206;282;316;320;321
KT872533,1,94.865,1a,93.849,150-321,Yes,150;159;206;282;316;320;321
KT872534,1,81.951,1b,93.796,150-321,Yes,150;159;206;282;316;320;321
KT872535,1,81.095,1b,92.212,150-321,Yes,150;159;206;282;316;320;321
KT872536,1,81.444,1b,91.991,150-321,Yes,150;159;206;282;316;320;321
KT872538,1,81.613,1b,93.288,150-321,Yes,150;159;206;282;316;320;321
KT872539,1,82.121,1b,92.499,150-321,Yes,150;159;206;282;316;320;321
KT872540,1,82.300,1b,92.620,150-321,Yes,150;159;206;282;316;320;321
KT872542,1,81.998,1b,93.172,150-321,Yes,150;159;206;282;316;320;321
KT872543,1,93.736,1a,92.889,150-321,Yes,150;159;206;282;316;320;321
KT872545,1,81.839,1b,92.893,150-321,Yes,150;159;206;282;316;320;321
KT872546,1,82.403,1b,93.119,150-321,Yes,150;159;206;282;316;320;321
KT872548,1,81.726,1b,92.777,150-321,Yes,150;159;206;282;316;320;321
KT872549,1,80.654,1b,91.935,150-321,Yes,150;159;206;282;316;320;321
KT872552,1,82.336,1b,93.397,150-321,Yes,150;159;206;282;316;320;321
KT872554,1,82.234,1b,92.325,150-321,Yes,150;159;206;282;316;320;321
KT872555,1,81.659,1b,92.269,150-321,Yes,150;159;206;282;316;320;321
KT872556,1,80.429,1b,91.314,150-321,Yes,150;159;206;282;316;320;321
KT872557,1,81.433,1b,92.664,150-321,Yes,150;159;206;282;316;320;321
KT872560,1,81.782,1b,92.893,150-321,Yes,150;159;206;282;316;320;321
KT872561,1,82.064,1b,91.991,150-321,Yes,150;159;206;282;316;320;321
KT872562,1,93.567,1a,92.777,150-321,Yes,150;159;206;282;316;320;321
KT872563,1,93.736,1a,93.284,150-321,Yes,150;159;206;282;316;320;321
KT872565,1,95.598,1a,95.203,150-321,Yes,150;159;206;282;316;320;321
KT872566,1,82.844,1b,92.099,150-321,Yes,150;159;206;282;316;320;321
KT872567,1,82.685,1b,93.006,150-321,Yes,150;159;206;282;316;320;321
KT872571,1,81.275,1b,91.765,150-321,Yes,150;159;206;282;316;320;321
KT872572,1,82.346,1b,93.401,150-321,Yes,150;159;206;282;316;320;321
KT872573,1,81.567,1b,92.160,150-321,Yes,150;159;206;282;316;320;321
KT872574,1,81.772,1b,92.212,150-321,Yes,150;159;206;282;316;320;321
KT872575,1,81.331,1b,92.217,150-321,Yes,150;159;206;282;316;320;321
KT872577,1,81.557,1b,92.724,150-321,Yes,150;159;206;282;316;320;321
KT872578,1,81.726,1b,92.442,150-321,Yes,150;159;206;282;316;320;321
KT872580,1,81.387,1b,91.991,150-321,Yes,150;159;206;282;316;320;321
KT872583,1,81.680,1b,92.724,150-321,Yes,150;159;206;282;316;320;321
KT872584,1,82.064,1b,92.781,150-321,Yes,150;159;206;282;316;320;321
KT872585,1,94.357,1a,93.905,150-321,Yes,150;159;206;282;316;320;321
KT872586,1,81.998,1b,93.510,150-321,Yes,150;159;206;282;316;320;321
KT872590,1,81.941,1b,92.664,150-321,Yes,150;159;206;282;316;320;321
KT872591,1,81.895,1b,92.104,150-321,Yes,150;159;206;282;316;320;321
KT872592,1,82.244,1b,92.777,150-321,Yes,150;159;206;282;316;320;321
KT872593,1,80.530,1b,91.874,150-321,Yes,150;159;206;282;316;320;321
KT872594,1,81.782,1b,92.611,150-321,Yes,150;159;206;282;316;320;321
KT872595,1,92.889,1a,92.269,150-321,Yes,150;159;206;282;316;320;321
KT872599,1,81.557,1b,92.499,150-321,Yes,150;159;206;282;316;320;321
KT872601,1,81.726,1b,92.104,150-321,Yes,150;159;206;282;316;320;321
KT872602,1,97.291,1a,96.473,150-321,Yes,150;159;206;282;316;320;321
KT872603,1,81.105,1b,92.668,150-321,Yes,150;159;206;282;316;320;321
KT872604,1,81.500,1b,93.063,150-321,Yes,150;159;206;282;316;320;321
KT872605,1,81.885,1b,92.664,150-321,Yes,150;159;206;282;316;320;321
KT872606,1,81.500,1b,92.668,150-321,Yes,150;159;206;282;316;320;321
KT872608,1,83.305,1b,93.288,150-321,Yes,150;159;206;282;316;320;321
KT872609,1,81.828,1b,93.792,150-321,Yes,150;159;206;282;316;320;321
KT872610,1,81.500,1b,92.724,150-321,Yes,150;159;206;282;316;320;321
KT872613,1,82.054,1b,92.325,150-321,Yes,150;159;206;282;316;320;321
KT872614,1,82.121,1b,92.724,150-321,Yes,150;159;206;282;316;320;321
KT872615,1,93.567,1a,93.228,150-321,Yes,150;159;206;282;316;320;321
KT872616,1,81.398,1b,92.664,150-321,Yes,150;159;206;282;316;320;321
KT872617,1,81.951,1b,92.555,150-321,Yes,150;159;206;282;316;320;321
KT872618,1,93.623,1a,93.510,150-321,Yes,150;159;206;282;316;320;321
KT872623,1,81.557,1b,93.063,150-321,Yes,150;159;206;282;316;320;321
KT872624,1,81.049,1b,91.822,150-321,Yes,150;159;206;282;316;320;321
KT872625,1,81.972,1b,92.438,150-321,Yes,150;159;206;282;316;320;321
KT872626,1,80.823,1b,91.704,150-321,Yes,150;159;206;282;316;320;321
KT872629,1,81.116,1b,91.657,150-321,Yes,150;159;206;282;316;320;321
KT872631,1,81.331,1b,92.386,150-321,Yes,150;159;206;282;316;320;321
KT872632,1,93.341,1a,92.720,150-321,Yes,150;159;206;282;316;320;321
KT872633,1,93.228,1a,92.777,150-321,Yes,150;159;206;282;316;320;321
KT872634,1,93.172,1a,92.664,150-321,Yes,150;159;206;282;316;320;321
KT872635,1,81.285,1b,91.140,150-321,Yes,150;159;206;282;316;320;321
KT872639,1,82.064,1b,91.709,150-321,Yes,150;159;206;282;316;320;321
KT872641,1,80.936,1b,92.386,150-321,Yes,150;159;206;282;316;320;321
KT872642,1,95.316,1a,94.470,150-321,Yes,150;159;206;282;316;320;321
KT872644,1,93.288,1a,92.950,150-321,Yes,150;159;206;282;316;320;321
KT872645,1,81.218,1b,91.422,150-321,Yes,150;159;206;282;316;320;321
KT872646,1,82.111,1b,92.156,150-321,Yes,150;159;206;282;316;320;321
KT872648,1,82.234,1b,93.627,150-321,Yes,150;159;206;282;316;320;321
KT872651,1,82.111,1b,92.551,150-321,Yes,150;159;206;282;316;320;321
KT872652,1,82.203,1b,92.373,150-321,Yes,150;159;206;282;316;320;321
KT872653,1,94.808,1a,93.679,150-321,Yes,150;159;206;282;316;320;321
KT872654,1,82.685,1b,92.893,150-321,Yes,150;159;206;282;316;320;321
KT872655,1,94.018,1a,93.515,150-321,Yes,150;159;206;282;316;320;321
KT872656,1,93.962,1a,93.623,150-321,Yes,150;159;206;282;316;320;321
KT872657,1,80.993,1b,92.668,150-321,Yes,150;159;206;282;316;320;321
KT872659,1,81.557,1b,92.837,150-321,Yes,150;159;206;282;316;320;321
KT872662,1,94.187,1a,93.962,150-321,Yes,150;159;206;282;316;320;321
KT872663,1,93.059,1a,92.777,150-321,Yes,150;159;206;282;316;320;321
KT872664,1,82.751,1b,93.172,150-321,Yes,150;159;206;282;316;320;321
KT872665,1,94.921,1a,94.074,150-321,Yes,150;159;206;282;316;320;321
KT872667,1,96.388,1a,95.598,150-321,Yes,150;159;206;282;316;320;321
KT872670,1,93.228,1a,92.833,150-321,Yes,150;159;206;282;316;320;321
KT872672,1,81.782,1b,93.002,150-321,Yes,150;159;206;282;316;320;321
KT872673,1,82.008,1b,93.345,150-321,Yes,150;159;206;282;316;320;321
KT872674,1,81.151,1b,91.817,150-321,Yes,150;159;206;282;316;320;321
KT872675,1,80.936,1b,91.930,150-321,Yes,150;159;206;282;316;320;321
KT872676,1,81.264,1b,91.196,150-321,Yes,150;159;206;282;316;320;321
KT872678,1,81.557,1b,93.627,150-321,Yes,150;159;206;282;316;320;321
KT872679,1,81.546,1b,91.986,150-321,Yes,150;159;206;282;316;320;321
KT872680,1,94.074,1a,93.284,150-321,Yes,150;159;206;282;316;320;321
KT872682,1,94.191,1a,93.232,150-321,Yes,150;159;206;282;316;320;321
KT872683,1,82.121,1b,93.059,150-321,Yes,150;159;206;282;316;320;321
KT872684,1,81.285,1b,91.422,150-321,Yes,150;159;206;282;316;320;321
KT872685,1,82.008,1b,92.269,150-321,Yes,150;159;206;282;316;320;321
KT872687,1,81.972,1b,92.047,150-321,Yes,150;159;206;282;316;320;321
KT872689,1,95.372,1a,94.470,150-321,Yes,150;159;206;282;316;320;321
KT872692,1,80.947,1b,91.822,150-321,Yes,150;159;206;282;316;320;321
KT872693,1,81.659,1b,92.099,150-321,Yes,150;159;206;282;316;320;321
KT872695,1,95.880,1a,95.429,150-321,Yes,150;159;206;282;316;320;321
KT872696,1,82.572,1b,93.397,150-321,Yes,150;159;206;282;316;320;321
KT872697,1,93.341,1a,93.341,150-321,Yes,150;159;206;282;316;320;321
KT872698,1,81.782,1b,93.796,150-321,Yes,150;159;206;282;316;320;321
KT872700,1,95.372,1a,94.752,150-321,Yes,150;159;206;282;316;320;321
KT872701,1,81.603,1b,91.874,150-321,Yes,150;159;206;282;316;320;321
KT872702,1,81.557,1b,91.822,150-321,Yes,150;159;206;282;316;320;321
KT872703,1,81.433,1b,92.607,150-321,Yes,150;159;206;282;316;320;321
KT872704,1,93.341,1a,92.494,150-321,Yes,150;159;206;282;316;320;321
KT872705,1,95.767,1a,95.316,150-321,Yes,150;159;206;282;316;320;321
KT872707,1,81.377,1b,92.099,150-321,Yes,150;159;206;282;316;320;321
KT872709,1,82.403,1b,93.457,150-321,Yes,150;159;206;282;316;320;321
KT872710,1,93.567,1a,93.059,150-321,Yes,150;159;206;282;316;320;321
KT872711,1,81.546,1b,91.930,150-321,Yes,150;159;206;282;316;320;321
KT872712,1,93.172,1a,92.833,150-321,Yes,150;159;206;282;316;320;321
KT872713,1,81.951,1b,92.499,150-321,Yes,150;159;206;282;316;320;321
KT872714,1,82.290,1b,93.345,150-321,Yes,150;159;206;282;316;320;321
KT872715,1,81.951,1b,93.006,150-321,Yes,150;159;206;282;316;320;321
KT872716,1,81.387,1b,92.837,150-321,Yes,150;159;206;282;316;320;321
KT872717,1,81.895,1b,92.724,150-321,Yes,150;159;206;282;316;320;321
KT872718,1,81.377,1b,92.381,150-321,Yes,150;159;206;282;316;320;321
KT872719,1,82.628,1b,93.683,150-321,Yes,150;159;206;282;316;320;321
KT872721,1,96.275,1a,95.316,150-321,Yes,150;159;206;282;316;320;321
KT872722,1,81.885,1b,92.664,150-321,Yes,150;159;206;282;316;320;321
KT872723,1,82.167,1b,92.043,150-321,Yes,150;159;206;282;316;320;321
KT872724,1,93.792,1a,93.679,150-321,Yes,150;159;206;282;316;320;321
KT872725,1,96.219,1a,95.767,150-321,Yes,150;159;206;282;316;320;321
KT872726,1,81.500,1b,92.494,150-321,Yes,150;159;206;282;316;320;321
KT872728,1,80.700,1b,91.648,150-321,Yes,150;159;206;282;316;320;321
KT872729,1,82.008,1b,92.611,150-321,Yes,150;159;206;282;316;320;321
KT872731,1,81.433,1b,92.099,150-321,Yes,150;159;206;282;316;320;321
KT872732,1,82.121,1b,92.494,150-321,Yes,150;159;206;282;316;320;321
KT872734,1,81.951,1b,92.720,150-321,Yes,150;159;206;282;316;320;321
KT872736,1,82.403,1b,93.457,150-321,Yes,150;159;206;282;316;320;321
KT872737,1,95.880,1a,95.260,150-321,Yes,150;159;206;282;316;320;321
KT872738,1,81.377,1b,92.099,150-321,Yes,150;159;206;282;316;320;321
KT872741,1,82.346,1b,93.063,150-321,Yes,150;159;206;282;316;320;321
KT872743,1,81.321,1b,91.704,150-321,Yes,150;159;206;282;316;320;321
KT872744,1,80.248,1b,92.438,150-321,Yes,150;159;206;282;316;320;321
KT872745,1,81.105,1b,92.611,150-321,Yes,150;159;206;282;316;320;321
KT872746,1,82.306,1b,93.443,150-321,Yes,150;159;206;282;316;320;321
KT872747,1,81.049,1b,91.653,150-321,Yes,150;159;206;282;316;320;321
KT872748,1,95.711,1a,95.090,150-321,Yes,150;159;206;282;316;320;321
KT872749,1,81.782,1b,92.555,150-321,Yes,150;159;206;282;316;320;321
KT872752,1,81.285,1b,93.119,150-321,Yes,150;159;206;282;316;320;321
KT872753,1,82.244,1b,92.889,150-321,Yes,150;159;206;282;316;320;321
KT872754,1,82.403,1b,92.720,150-321,Yes,150;159;206;282;316;320;321
KT872755,1,93.792,1a,93.454,150-321,Yes,150;159;206;282;316;320;321
KT872757,1,81.500,1b,91.991,150-321,Yes,150;159;206;282;316;320;321
KT872758,1,81.895,1b,93.006,150-321,Yes,150;159;206;282;316;320;321
KT872759,1,81.669,1b,92.603,150-321,Yes,150;159;206;282;316;320;321
KT872761,1,81.885,1b,91.986,150-321,Yes,150;159;206;282;316;320;321
KT872762,1,80.587,1b,90.801,150-321,Yes,150;159;206;282;316;320;321
KT872763,1,82.223,1b,92.664,150-321,Yes,150;159;206;282;316;320;321
KT872764,1,80.845,1b,91.258,150-321,Yes,150;159;206;282;316;320;321
KT872767,1,82.910,1b,93.852,150-321,Yes,150;159;206;282;316;320;321
KT872768,1,94.357,1a,93.849,150-321,Yes,150;159;206;282;316;320;321
KT872769,1,81.962,1b,93.006,150-321,Yes,150;159;206;282;316;320;321
KT872772,1,82.449,1b,93.228,150-321,Yes,150;159;206;282;316;320;321
KT872773,1,80.541,1b,93.006,150-321,Yes,150;159;206;282;316;320;321
KT872774,1,81.828,1b,92.889,150-321,Yes,150;159;206;282;316;320;321
KT872775,1,81.726,1b,92.499,150-321,Yes,150;159;206;282;316;320;321
KT872776,1,82.346,1b,93.683,150-321,Yes,150;159;206;282;316;320;321
KT872777,1,81.941,1b,91.930,150-321,Yes,150;159;206;282;316;320;321
KT872778,1,95.993,1a,95.034,150-321,Yes,150;159;206;282;316;320;321
KT872779,1,82.121,1b,92.668,150-321,Yes,150;159;206;282;316;320;321
KT872780,1,81.726,1b,93.006,150-321,Yes,150;159;206;282;316;320;321
KT872781,1,81.613,1b,92.047,150-321,Yes,150;159;206;282;316;320;321
KT872783,1,82.751,1b,93.119,150-321,Yes,150;159;206;282;316;320;321
KT872784,1,82.167,1b,92.325,150-321,Yes,150;159;206;282;316;320;321
KT872785,1,82.864,1b,92.950,150-321,Yes,150;159;206;282;316;320;321
KT872787,1,82.223,1b,93.567,150-321,Yes,150;159;206;282;316;320;321
KT872788,1,82.459,1b,93.175,150-321,Yes,150;159;206;282;316;320;321
KT872790,1,82.403,1b,93.063,150-321,Yes,150;159;206;282;316;320;321
KT872791,1,93.454,1a,93.397,150-321,Yes,150;159;206;282;316;320;321
KT872792,1,82.234,1b,93.397,150-321,Yes,150;159;206;282;316;320;321
KT872793,1,96.445,1a,95.506,150-321,Yes,150;159;206;282;316;320;321
KT872794,1,81.444,1b,92.160,150-321,Yes,150;159;206;282;316;320;321
KT872795,1,82.008,1b,92.777,150-321,Yes,150;159;206;282;316;320;321
KT872796,1,81.444,1b,93.175,150-321,Yes,150;159;206;282;316;320;321
KT872797,1,81.454,1b,92.950,150-321,Yes,150;159;206;282;316;320;321
KT872798,1,81.772,1b,92.720,150-321,Yes,150;159;206;282;316;320;321
KT872800,1,82.356,1b,92.386,150-321,Yes,150;159;206;282;316;320;321
KT872801,1,82.064,1b,93.175,150-321,Yes,150;159;206;282;316;320;321
KT872803,1,94.526,1a,93.905,150-321,Yes,150;159;206;282;316;320;321
KT872805,1,81.387,1b,92.104,150-321,Yes,150;159;206;282;316;320;321
KT872807,1,81.828,1b,93.002,150-321,Yes,150;159;206;282;316;320;321
KT872808,1,82.525,1b,93.454,150-321,Yes,150;159;206;282;316;320;321
KT872809,1,81.782,1b,92.724,150-321,Yes,150;159;206;282;316;320;321
KT872811,1,93.849,1a,93.341,150-321,Yes,150;159;206;282;316;320;321
KT872812,1,93.792,1a,93.115,150-321,Yes,150;159;206;282;316;320;321
KT872814,1,81.669,1b,92.555,150-321,Yes,150;159;206;282;316;320;321
KT872816,1,81.659,1b,92.664,150-321,Yes,150;159;206;282;316;320;321
KT872818,1,81.490,1b,91.874,150-321,Yes,150;159;206;282;316;320;321
KT872819,1,82.356,1b,92.837,150-321,Yes,150;159;206;282;316;320;321
KT872820,1,82.506,1b,92.889,150-321,Yes,150;159;206;282;316;320;321
KT872821,1,91.817,1a,90.971,150-321,Yes,150;159;206;282;316;320;321
KT872822,1,82.074,1b,93.457,150-321,Yes,150;159;206;282;316;320;321
KT872823,1,93.228,1a,92.833,150-321,Yes,150;159;206;282;316;320;321
KT872824,1,81.905,1b,92.494,150-321,Yes,150;159;206;282;316;320;321
KT872825,1,94.752,1a,94.357,150-321,Yes,150;159;206;282;316;320;321
KT872827,1,82.290,1b,93.345,150-321,Yes,150;159;206;282;316;320;321
KT872828,1,81.726,1b,93.627,150-321,Yes,150;159;206;282;316;320;321
KT872829,1,82.244,1b,92.720,150-321,Yes,150;159;206;282;316;320;321
KT872831,1,82.008,1b,91.935,150-321,Yes,150;159;206;282;316;320;321
KT872833,1,81.387,1b,92.555,150-321,Yes,150;159;206;282;316;320;321
KT872834,1,93.623,1a,93.059,150-321,Yes,150;159;206;282;316;320;321
KT872836,1,81.557,1b,91.596,150-321,Yes,150;159;206;282;316;320;321
KT872838,1,95.034,1a,94.074,150-321,Yes,150;159;206;282;316;320;321
KT872840,1,81.623,1b,92.438,150-321,Yes,150;159;206;282;316;320;321
KT872842,1,81.162,1b,92.386,150-321,Yes,150;159;206;282;316;320;321
KT872843,1,81.387,1b,93.063,150-321,Yes,150;159;206;282;316;320;321
KT872844,1,81.603,1b,92.212,150-321,Yes,150;159;206;282;316;320;321
KT872845,1,81.998,1b,93.002,150-321,Yes,150;159;206;282;316;320;321
KT872846,1,82.280,1b,92.946,150-321,Yes,150;159;206;282;316;320;321
KT872847,1,81.567,1b,92.950,150-321,Yes,150;159;206;282;316;320;321
KT872848,1,80.936,1b,92.273,150-321,Yes,150;159;206;282;316;320;321
KT872850,1,94.473,1a,93.739,150-321,Yes,150;159;206;282;316;320;321
KT872851,1,81.049,1b,91.709,150-321,Yes,150;159;206;282;316;320;321
KT872852,1,94.470,1a,94.244,150-321,Yes,150;159;206;282;316;320;321
KT872853,1,81.500,1b,92.273,150-321,Yes,150;159;206;282;316;320;321
KT872854,1,81.772,1b,93.284,150-321,Yes,150;159;206;282;316;320;321
KT872855,1,81.557,1b,91.653,150-321,Yes,150;159;206;282;316;320;321
KT872856,1,94.131,1a,93.567,150-321,Yes,150;159;206;282;316;320;321
KT872858,1,81.839,1b,92.499,150-321,Yes,150;159;206;282;316;320;321
KT872859,1,93.792,1a,93.172,150-321,Yes,150;159;206;282;316;320;321
KT872860,1,82.054,1b,92.889,150-321,Yes,150;159;206;282;316;320;321
KT872861,1,81.275,1b,91.935,150-321,Yes,150;159;206;282;316;320;321
KT872862,1,82.234,1b,92.724,150-321,Yes,150;159;206;282;316;320;321
KT872863,1,82.798,1b,93.172,150-321,Yes,150;159;206;282;316;320;321
KT872864,1,81.695,1b,92.147,150-321,Yes,150;159;206;282;316;320;321
KT872865,1,81.793,1b,92.043,150-321,Yes,150;159;206;282;316;320;321
KT872866,1,82.223,1b,93.454,150-321,Yes,150;159;206;282;316;320;321
KT872867,1,81.321,1b,92.325,150-321,Yes,150;159;206;282;316;320;321
KT872868,1,81.951,1b,92.047,150-321,Yes,150;159;206;282;316;320;321
KT872870,1,80.383,1b,91.874,150-321,Yes,150;159;206;282;316;320;321
KT872871,1,96.332,1a,95.711,150-321,Yes,150;159;206;282;316;320;321
KT872872,1,82.788,1b,93.510,150-321,Yes,150;159;206;282;316;320;321
KT872873,1,81.331,1b,92.664,150-321,Yes,150;159;206;282;316;320;321
KT872874,1,82.234,1b,92.269,150-321,Yes,150;159;206;282;316;320;321
KT872875,1,81.793,1b,92.611,150-321,Yes,150;159;206;282;316;320;321
KT872876,1,93.228,1a,92.777,150-321,Yes,150;159;206;282;316;320;321
KT872877,1,82.986,1b,92.668,150-321,Yes,150;159;206;282;316;320;321
KT872878,1,92.833,1a,92.325,150-321,Yes,150;159;206;282;316;320;321
KT872879,1,81.782,1b,92.329,150-321,Yes,150;159;206;282;316;320;321
KT872881,1,82.741,1b,93.288,150-321,Yes,150;159;206;282;316;320;321
KT872882,1,81.772,1b,91.145,150-321,Yes,150;159;206;282;316;320;321
KT872884,1,81.603,1b,92.720,150-321,Yes,150;159;206;282;316;320;321
KT872885,1,82.506,1b,93.736,150-321,Yes,150;159;206;282;316;320;321
KT872886,1,81.951,1b,92.438,150-321,Yes,150;159;206;282;316;320;321
KT872887,1,82.346,1b,92.438,150-321,Yes,150;159;206;282;316;320;321
KT872888,1,82.074,1b,93.348,150-321,Yes,150;159;206;282;316;320;321
KT872889,1,82.121,1b,92.837,150-321,Yes,150;159;206;282;316;320;321
KT872890,1,81.331,1b,92.950,150-321,Yes,150;159;206;282;316;320;321
KT872893,1,82.685,1b,92.893,150-321,Yes,150;159;206;282;316;320;321
KT872895,1,82.008,1b,92.325,150-321,Yes,150;159;206;282;316;320;321
KT872896,1,82.300,1b,92.099,150-321,Yes,150;159;206;282;316;320;321
KT872898,1,82.346,1b,92.837,150-321,Yes,150;159;206;282;316;320;321
KT872900,1,80.926,1b,91.535,150-321,Yes,150;159;206;282;316;320;321
KT872901,1,82.008,1b,92.381,150-321,Yes,150;159;206;282;316;320;321
KT872902,1,81.490,1b,92.043,150-321,Yes,150;159;206;282;316;320;321
KT872903,1,81.377,1b,92.212,150-321,Yes,150;159;206;282;316;320;321
KT872904,1,80.936,1b,92.442,150-321,Yes,150;159;206;282;316;320;321
KT872905,1,81.669,1b,91.935,150-321,Yes,150;159;206;282;316;320;321
KT872906,1,82.008,1b,92.777,150-321,Yes,150;159;206;282;316;320;321
KT872907,1,81.905,1b,92.611,150-321,Yes,150;159;206;282;316;320;321
KT872909,1,82.403,1b,92.217,150-321,Yes,150;159;206;282;316;320;321
KT872910,1,96.501,1a,95.620,150-321,Yes,150;159;206;282;316;320;321
KT872911,1,82.346,1b,92.269,150-321,Yes,150;159;206;282;316;320;321
KT872914,1,82.403,1b,91.761,150-321,Yes,150;159;206;282;316;320;321
KT872915,1,82.290,1b,92.555,150-321,Yes,150;159;206;282;316;320;321
KT872917,1,81.716,1b,91.935,150-321,Yes,150;159;206;282;316;320;321
KT872918,1,81.398,1b,92.555,150-321,Yes,150;159;206;282;316;320;321
KT872919,1,82.177,1b,92.950,150-321,Yes,150;159;206;282;316;320;321
KT872920,1,94.300,1a,93.849,150-321,Yes,150;159;206;282;316;320;321
KT872921,1,82.506,1b,92.611,150-321,Yes,150;159;206;282;316;320;321
KT872922,1,81.275,1b,92.104,150-321,Yes,150;159;206;282;316;320;321
KT872923,1,82.459,1b,92.499,150-321,Yes,150;159;206;282;316;320;321
KT872925,1,82.356,1b,92.781,150-321,Yes,150;159;206;282;316;320;321
KT872927,1,80.880,1b,92.386,150-321,Yes,150;159;206;282;316;320;321
KT872928,1,82.234,1b,92.668,150-321,Yes,150;159;206;282;316;320;321
KT872929,1,82.300,1b,92.893,150-321,Yes,150;159;206;282;316;320;321
KT872931,1,81.208,1b,93.228,150-321,Yes,150;159;206;282;316;320;321
KT872932,1,94.018,1a,93.792,150-321,Yes,150;159;206;282;316;320;321
KT872933,1,80.135,1b,90.181,150-321,Yes,150;159;206;282;316;320;321
KT872935,1,81.444,1b,91.986,150-321,Yes,150;159;206;282;316;320;321
KT872936,1,95.711,1a,95.203,150-321,Yes,150;159;206;282;316;320;321
KT872937,1,82.336,1b,93.006,150-321,Yes,150;159;206;282;316;320;321
KT872938,1,81.644,1b,93.454,150-321,Yes,150;159;206;282;316;320;321
KT872939,1,95.824,1a,95.485,150-321,Yes,150;159;206;282;316;320;321
KT872940,1,81.839,1b,92.724,150-321,Yes,150;159;206;282;316;320;321
KT872942,1,82.167,1b,93.510,150-321,Yes,150;159;206;282;316;320;321
KT872944,1,82.290,1b,93.119,150-321,Yes,150;159;206;282;316;320;321
KT872947,1,82.008,1b,93.006,150-321,Yes,150;159;206;282;316;320;321
KT872948,1,80.982,1b,91.479,150-321,Yes,150;159;206;282;316;320;321
KT872949,1,80.474,1b,93.172,150-321,Yes,150;159;206;282;316;320;321
KT872950,1,81.490,1b,92.217,150-321,Yes,150;159;206;282;316;320;321
KT872951,1,81.151,1b,91.704,150-321,Yes,150;159;206;282;316;320;321
KT872953,1,82.167,1b,92.551,150-321,Yes,150;159;206;282;316;320;321
KT872954,1,81.321,1b,92.381,150-321,Yes,150;159;206;282;316;320;321
KT872956,1,82.008,1b,93.796,150-321,Yes,150;159;206;282;316;320;321
KT872957,1,81.049,1b,92.104,150-321,Yes,150;159;206;282;316;320;321
KT872958,1,94.526,1a,93.623,150-321,Yes,150;159;206;282;316;320;321
KT872959,1,81.962,1b,92.499,150-321,Yes,150;159;206;282;316;320;321
KT872961,1,81.782,1b,92.611,150-321,Yes,150;159;206;282;316;320;321
KT872962,1,82.018,1b,93.175,150-321,Yes,150;159;206;282;316;320;321
KT872965,1,82.064,1b,93.228,150-321,Yes,150;159;206;282;316;320;321
KT872966,1,81.782,1b,92.269,150-321,Yes,150;159;206;282;316;320;321
KT872967,1,81.454,1b,91.822,150-321,Yes,150;159;206;282;316;320;321
KT872968,1,81.049,1b,92.156,150-321,Yes,150;159;206;282;316;320;321
KT872970,1,81.038,1b,91.986,150-321,Yes,150;159;206;282;316;320;321
KT872971,1,81.895,1b,93.457,150-321,Yes,150;159;206;282;316;320;321
KT872972,1,81.782,1b,92.837,150-321,Yes,150;159;206;282;316;320;321
KT872973,1,81.782,1b,93.063,150-321,Yes,150;159;206;282;316;320;321
KT872974,1,81.613,1b,94.021,150-321,Yes,150;159;206;282;316;320;321
KT872977,1,81.208,1b,92.099,150-321,Yes,150;159;206;282;316;320;321
KT872978,1,81.433,1b,91.986,150-321,Yes,150;159;206;282;316;320;321
KT872979,1,82.121,1b,93.627,150-321,Yes,150;159;206;282;316;320;321
KT872981,1,82.459,1b,93.401,150-321,Yes,150;159;206;282;316;320;321
KT872982,1,81.905,1b,92.047,150-321,Yes,150;159;206;282;316;320;321
KT872983,1,82.403,1b,93.567,150-321,Yes,150;159;206;282;316;320;321
KT872986,1,81.782,1b,93.006,150-321,Yes,150;159;206;282;316;320;321
KT872987,1,93.454,1a,93.284,150-321,Yes,150;159;206;282;316;320;321
KT872989,1,81.962,1b,91.765,150-321,Yes,150;159;206;282;316;320;321
KT872990,1,82.064,1b,92.720,150-321,Yes,150;159;206;282;316;320;321
KT872991,1,93.736,1a,93.397,150-321,Yes,150;159;206;282;316;320;321
KT872993,1,81.387,1b,92.551,150-321,Yes,150;159;206;282;316;320;321
KT872997,1,81.003,1b,91.883,150-321,Yes,150;159;206;282;316;320;321
KT872999,1,81.613,1b,92.555,150-321,Yes,150;159;206;282;316;320;321
KT873000,1,81.782,1b,93.063,150-321,Yes,150;159;206;282;316;320;321
KT873001,1,81.546,1b,92.777,150-321,Yes,150;159;206;282;316;320;321
KT873002,1,82.572,1b,92.893,150-321,Yes,150;159;206;282;316;320;321
KT873003,1,94.187,1a,93.962,150-321,Yes,150;159;206;282;316;320;321
KT873005,1,81.377,1b,91.704,150-321,Yes,150;159;206;282;316;320;321
KT873007,1,81.433,1b,93.002,150-321,Yes,150;159;206;282;316;320;321
KT873009,1,82.111,1b,92.438,150-321,Yes,150;159;206;282;316;320;321
KT873010,1,82.121,1b,93.006,150-321,Yes,150;159;206;282;316;320;321
KT873011,1,80.869,1b,92.099,150-321,Yes,150;159;206;282;316;320;321
KT873013,1,82.798,1b,92.325,150-321,Yes,150;159;206;282;316;320;321
KT873014,1,81.557,1b,92.386,150-321,Yes,150;159;206;282;316;320;321
KT873016,1,81.951,1b,92.386,150-321,Yes,150;159;206;282;316;320;321
KT873017,1,81.782,1b,92.551,150-321,Yes,150;159;206;282;316;320;321
KT873018,1,81.951,1b,93.175,150-321,Yes,150;159;206;282;316;320;321
KT873019,1,95.485,1a,94.752,150-321,Yes,150;159;206;282;316;320;321
KT873020,1,81.387,1b,93.063,150-321,Yes,150;159;206;282;316;320;321
KT873021,1,82.008,1b,93.401,150-321,Yes,150;159;206;282;316;320;321
KT873022,1,81.049,1b,92.104,150-321,Yes,150;159;206;282;316;320;321
KT873023,1,81.387,1b,92.893,150-321,Yes,150;159;206;282;316;320;321
KT873024,1,94.244,1a,93.567,150-321,Yes,150;159;206;282;316;320;321
KT873025,1,82.572,1b,92.273,150-321,Yes,150;159;206;282;316;320;321
KT873026,1,82.234,1b,93.401,150-321,Yes,150;159;206;282;316;320;321
KT873027,1,81.736,1b,92.381,150-321,Yes,150;159;206;282;316;320;321
KT873028,1,95.260,1a,94.865,150-321,Yes,150;159;206;282;316;320;321
KT873029,1,82.177,1b,93.175,150-321,Yes,150;159;206;282;316;320;321
KT873030,1,95.767,1a,95.034,150-321,Yes,150;159;206;282;316;320;321
KT873031,1,81.557,1b,93.352,150-321,Yes,150;159;206;282;316;320;321
KT873032,1,81.680,1b,93.059,150-321,Yes,150;159;206;282;316;320;321
KT873033,1,81.408,1b,92.273,150-321,Yes,150;159;206;282;316;320;321
KT873034,1,82.300,1b,93.119,150-321,Yes,150;159;206;282;316;320;321
KT873035,1,81.839,1b,92.611,150-321,Yes,150;159;206;282;316;320;321
KT873036,1,82.346,1b,91.878,150-321,Yes,150;159;206;282;316;320;321
KT873037,1,81.433,1b,92.664,150-321,Yes,150;159;206;282;316;320;321
KT873038,1,83.023,1b,92.777,150-321,Yes,150;159;206;282;316;320;321
KT873039,1,81.669,1b,92.555,150-321,Yes,150;159;206;282;316;320;321
KT873040,1,82.967,1b,93.401,150-321,Yes,150;159;206;282;316;320;321
KT873042,1,82.018,1b,93.179,150-321,Yes,150;159;206;282;316;320;321
KT873044,1,82.167,1b,92.099,150-321,Yes,150;159;206;282;316;320;321
KT873045,1,81.905,1b,92.946,150-321,Yes,150;159;206;282;316;320;321
KT873046,1,82.234,1b,92.329,150-321,Yes,150;159;206;282;316;320;321
KT873047,1,81.500,1b,92.329,150-321,Yes,150;159;206;282;316;320;321
KT873048,1,82.346,1b,93.288,150-321,Yes,150;159;206;282;316;320;321
KT873049,1,81.613,1b,93.232,150-321,Yes,150;159;206;282;316;320;321
KT873052,1,81.398,1b,91.817,150-321,Yes,150;159;206;282;316;320;321
KT873053,1,94.187,1a,93.905,150-321,Yes,150;159;206;282;316;320;321
KT873054,1,81.828,1b,92.212,150-321,Yes,150;159;206;282;316;320;321
KT873055,1,81.839,1b,92.499,150-321,Yes,150;159;206;282;316;320;321
KT873056,1,81.454,1b,92.273,150-321,Yes,150;159;206;282;316;320;321
KT873057,1,81.603,1b,92.043,150-321,Yes,150;159;206;282;316;320;321
KT873058,1,82.234,1b,91.648,150-321,Yes,150;159;206;282;316;320;321
KT873059,1,81.828,1b,93.736,150-321,Yes,150;159;206;282;316;320;321
KT873060,1,92.494,1a,91.874,150-321,Yes,150;159;206;282;316;320;321
KT873062,1,82.469,1b,92.494,150-321,Yes,150;159;206;282;316;320;321
KT873063,1,81.962,1b,92.277,150-321,Yes,150;159;206;282;316;320;321
KT873064,1,81.941,1b,92.325,150-321,Yes,150;159;206;282;316;320;321
KT873066,1,81.905,1b,92.099,150-321,Yes,150;159;206;282;316;320;321
KT873067,1,81.014,1b,91.704,150-321,Yes,150;159;206;282;316;320;321
KT873069,1,93.397,1a,92.889,150-321,Yes,150;159;206;282;316;320;321
KT873070,1,95.372,1a,94.752,150-321,Yes,150;159;206;282;316;320;321
KT873071,1,82.177,1b,92.950,150-321,Yes,150;159;206;282;316;320;321
KT873072,1,82.008,1b,93.739,150-321,Yes,150;159;206;282;316;320;321
KT873073,1,81.500,1b,92.442,150-321,Yes,150;159;206;282;316;320;321
KT873074,1,81.060,1b,91.145,150-321,Yes,150;159;206;282;316;320;321
KT873075,1,81.444,1b,92.047,150-321,Yes,150;159;206;282;316;320;321
KT873077,1,82.459,1b,92.438,150-321,Yes,150;159;206;282;316;320;321
KT873080,1,80.767,1b,91.371,150-321,Yes,150;159;206;282;316;320;321
KT873083,1,82.121,1b,92.607,150-321,Yes,150;159;206;282;316;320;321
KT873084,1,82.234,1b,92.499,150-321,Yes,150;159;206;282;316;320;321
KT873087,1,95.429,1a,94.921,150-321,Yes,150;159;206;282;316;320;321
KT873089,1,81.490,1b,92.777,150-321,Yes,150;159;206;282;316;320;321
KT873091,1,80.643,1b,93.228,150-321,Yes,150;159;206;282;316;320;321
KT873092,1,80.192,1b,90.914,150-321,Yes,150;159;206;282;316;320;321
KT873093,1,81.613,1b,92.269,150-321,Yes,150;159;206;282;316;320;321
KT873095,1,81.490,1b,93.397,150-321,Yes,150;159;206;282;316;320;321
KT873096,1,81.716,1b,93.341,150-321,Yes,150;159;206;282;316;320;321
KT873097,1,82.516,1b,92.664,150-321,Yes,150;159;206;282;316;320;321
KT873098,1,82.131,1b,92.438,150-321,Yes,150;159;206;282;316;320;321
KT873099,1,82.346,1b,93.059,150-321,Yes,150;159;206;282;316;320;321
KT873102,1,96.275,1a,95.542,150-321,Yes,150;159;206;282;316;320;321
KT873103,1,94.921,1a,94.413,150-321,Yes,150;159;206;282;316;320;321
KT873105,1,81.105,1b,92.386,150-321,Yes,150;159;206;282;316;320;321
KT873106,1,81.603,1b,92.607,150-321,Yes,150;159;206;282;316;320;321
KT873107,1,93.059,1a,92.664,150-321,Yes,150;159;206;282;316;320;321
KT873108,1,95.598,1a,95.372,150-321,Yes,150;159;206;282;316;320;321
KT873109,1,81.264,1b,91.874,150-321,Yes,150;159;206;282;316;320;321
KT873110,1,81.038,1b,91.591,150-321,Yes,150;159;206;282;316;320;321
KT873111,1,81.331,1b,92.499,150-321,Yes,150;159;206;282;316;320;321
KT873112,1,81.331,1b,91.878,150-321,Yes,150;159;206;282;316;320;321
KT873113,1,81.208,1b,91.930,150-321,Yes,150;159;206;282;316;320;321
KT873114,1,82.459,1b,93.736,150-321,Yes,150;159;206;282;316;320;321
KT873115,1,82.064,1b,92.499,150-321,Yes,150;159;206;282;316;320;321
KT873116,1,80.587,1b,91.027,150-321,Yes,150;159;206;282;316;320;321
KT873117,1,82.064,1b,93.341,150-321,Yes,150;159;206;282;316;320;321
KT873118,1,81.895,1b,92.386,150-321,Yes,150;159;206;282;316;320;321
KT873122,1,82.177,1b,93.175,150-321,Yes,150;159;206;282;316;320;321
KT873123,1,80.947,1b,92.442,150-321,Yes,150;159;206;282;316;320;321
KT873124,1,82.008,1b,92.104,150-321,Yes,150;159;206;282;316;320;321
KT873125,1,82.967,1b,93.228,150-321,Yes,150;159;206;282;316;320;321
KT873126,1,82.234,1b,92.442,150-321,Yes,150;159;206;282;316;320;321
KT873127,1,81.905,1b,93.059,150-321,Yes,150;159;206;282;316;320;321
KT873128,1,80.485,1b,91.483,150-321,Yes,150;159;206;282;316;320;321
KT873129,1,82.346,1b,91.874,150-321,Yes,150;159;206;282;316;320;321
KT873130,1,94.357,1a,93.679,150-321,Yes,150;159;206;282;316;320;321
KT873131,1,82.064,1b,93.172,150-321,Yes,150;159;206;282;316;320;321
KT873132,1,93.567,1a,93.002,150-321,Yes,150;159;206;282;316;320;321
KT873134,1,82.290,1b,92.611,150-321,Yes,150;159;206;282;316;320;321
KT873135,1,82.376,1b,92.555,150-321,Yes,150;159;206;282;316;320;321
KT873136,1,81.387,1b,93.510,150-321,Yes,150;159;206;282;316;320;321
KT873137,1,81.218,1b,91.653,150-321,Yes,150;159;206;282;316;320;321
KT873138,1,82.223,1b,92.781,150-321,Yes,150;159;206;282;316;320;321
KT873139,1,81.331,1b,92.160,150-321,Yes,150;159;206;282;316;320;321
KU094821,3,92.720,3a,91.826,150-321,Yes,150;159;206;282;316;320;321
KU094822,3,92.664,3a,91.770,150-321,Yes,150;159;206;282;316;320;321
KU094823,3,92.607,3a,91.714,150-321,Yes,150;159;206;282;316;320;321
KU094824,3,92.494,3a,91.601,150-321,Yes,150;159;206;282;316;320;321
KU094825,3,92.607,3a,91.714,150-321,Yes,150;159;206;282;316;320;321
KU094831,3,92.660,3a,91.864,150-321,Yes,150;159;206;282;316;320;321
KU180709,1,82.403,1b,92.893,150-321,Yes,150;159;206;282;316;320;321
KU180710,1,94.247,1a,93.457,150-321,Yes,150;159;206;282;316;320;321
KU180711,1,81.444,1b,92.273,150-321,Yes,150;159;206;282;316;320;321
KU180712,1,94.755,1a,94.247,150-321,Yes,150;159;206;282;316;320;321
KU180713,4,88.388,4c,88.883,150-321,Yes,150;159;206;282;316;320;321
KU180714,1,95.206,1a,94.416,150-321,Yes,150;159;206;282;316;320;321
KU180715,4,84.368,4d,95.937,150-321,Yes,150;159;206;282;316;320;321
KU180716,1,81.669,1b,93.457,150-321,Yes,150;159;206;282;316;320;321
KU180717,1,95.883,1a,95.149,150-321,Yes,150;159;206;282;316;320;321
KU180718,1,93.683,1a,93.345,150-321,Yes,150;159;206;282;316;320;321
KU180719,1,94.303,1a,93.852,150-321,Yes,150;159;206;282;316;320;321
KU180720,1,94.416,1a,93.852,150-321,Yes,150;159;206;282;316;320;321
KU180721,3,95.655,3a,94.250,150-321,Yes,150;159;206;282;316;320;321
KU180722,3,96.672,3a,93.570,150-321,Yes,150;159;206;282;316;320;321
KU180724,3,95.149,3a,93.739,150-321,Yes,150;159;206;282;316;320;321
KU180725,1,82.018,1b,92.672,150-321,Yes,150;159;206;282;316;320;321
KU180726,1,95.770,1a,95.431,150-321,Yes,150;159;206;282;316;320;321
KU180727,1,94.585,1a,93.796,150-321,Yes,150;159;206;282;316;320;321
KU180728,1,82.008,1b,92.160,150-321,Yes,150;159;206;282;316;320;321
KU180731,1,82.413,1b,93.345,150-321,Yes,150;159;206;282;316;320;321
KU362458,1,94.637,1a,94.006,150-321,Yes,150;159;206;282;316;320;321
KU362459,1,95.590,1a,95.179,150-321,Yes,150;159;206;282;316;320;321
KU362460,1,94.148,1a,93.532,150-321,Yes,150;159;206;282;316;320;321
KU362461,1,96.296,1a,95.818,150-321,Yes,150;159;206;282;316;320;321
KU362462,1,96.301,1a,95.823,150-321,Yes,150;159;206;282;316;320;321
KU362463,1,93.333,1a,93.231,150-321,Yes,150;159;206;282;316;320;321
KU362464,1,94.769,1a,94.564,150-321,Yes,150;159;206;282;316;320;321
KU362465,1,94.872,1a,94.462,150-321,Yes,150;159;206;282;316;320;321
KU362466,1,93.538,1a,93.538,150-321,Yes,150;159;206;282;316;320;321
KU362467,1,93.703,1a,93.597,150-321,Yes,150;159;206;282;316;320;321
KU362468,1,94.154,1a,93.846,150-321,Yes,150;159;206;282;316;320;321
KU362469,1,94.256,1a,94.154,150-321,Yes,150;159;206;282;316;320;321
KU362470,1,94.851,1a,94.130,150-321,Yes,150;159;206;282;316;320;321
KU362471,1,94.769,1a,94.462,150-321,Yes,150;159;206;282;316;320;321
KU362472,1,94.154,1a,93.641,150-321,Yes,150;159;206;282;316;320;321
KU362473,1,95.179,1a,94.256,150-321,Yes,150;159;206;282;316;320;321
KU362474,1,95.077,1a,94.256,150-321,Yes,150;159;206;282;316;320;321
KU362475,1,94.872,1a,94.667,150-321,Yes,150;159;206;282;316;320;321
KU362476,1,94.667,1a,94.769,150-321,Yes,150;159;206;282;316;320;321
KU362477,1,94.462,1a,93.538,150-321,Yes,150;159;206;282;316;320;321
KU362478,1,93.128,1a,93.026,150-321,Yes,150;159;206;282;316;320;321
KU362479,1,94.462,1a,94.256,150-321,Yes,150;159;206;282;316;320;321
KU362480,1,94.974,1a,94.051,150-321,Yes,150;159;206;282;316;320;321
KU362481,1,95.077,1a,94.154,150-321,Yes,150;159;206;282;316;320;321
KU362482,1,95.385,1a,94.769,150-321,Yes,150;159;206;282;316;320;321
KU362483,1,94.256,1a,94.256,150-321,Yes,150;159;206;282;316;320;321
KU362484,1,94.872,1a,94.256,150-321,Yes,150;159;206;282;316;320;321
KU362485,1,95.282,1a,95.282,150-321,Yes,150;159;206;282;316;320;321
KU362486,1,93.634,1a,93.634,150-321,Yes,150;159;206;282;316;320;321
KU362487,1,93.744,1a,93.026,150-321,Yes,150;159;206;282;316;320;321
KU362488,1,95.282,1a,94.667,150-321,Yes,150;159;206;282;316;320;321
KU362489,1,95.179,1a,94.359,150-321,Yes,150;159;206;282;316;320;321
KU362490,1,93.436,1a,93.333,150-321,Yes,150;159;206;282;316;320;321
KU362491,1,94.667,1a,94.256,150-321,Yes,150;159;206;282;316;320;321
KU362492,1,94.564,1a,94.564,150-321,Yes,150;159;206;282;316;320;321
KU362493,1,94.872,1a,94.462,150-321,Yes,150;159;206;282;316;320;321
KU362494,1,94.154,1a,93.436,150-321,Yes,150;159;206;282;316;320;321
KU362495,1,94.769,1a,94.051,150-321,Yes,150;159;206;282;316;320;321
KU362496,1,94.456,1a,93.943,150-321,Yes,150;159;206;282;316;320;321
KU362497,1,94.974,1a,94.256,150-321,Yes,150;159;206;282;316;320;321
KU362499,1,94.667,1a,94.256,150-321,Yes,150;159;206;282;316;320;321
KU362500,1,93.846,1a,93.231,150-321,Yes,150;159;206;282;316;320;321
KU362501,1,81.109,1b,92.710,150-321,Yes,150;159;206;282;316;320;321
KU362502,1,80.903,1b,92.505,150-321,Yes,150;159;206;282;316;320;321
KU362503,1,80.718,1b,92.308,150-321,Yes,150;159;206;282;316;320;321
KU362504,1,80.287,1b,92.821,150-321,Yes,150;159;206;282;316;320;321
KU362505,1,81.006,1b,93.744,150-321,Yes,150;159;206;282;316;320;321
KU362506,1,80.493,1b,92.615,150-321,Yes,150;159;206;282;316;320;321
KU362507,1,80.410,1b,91.590,150-321,Yes,150;159;206;282;316;320;321
KU362508,1,81.744,1b,92.513,150-321,Yes,150;159;206;282;316;320;321
KU362509,1,79.795,1b,91.992,150-321,Yes,150;159;206;282;316;320;321
KU362510,1,80.328,1b,92.205,150-321,Yes,150;159;206;282;316;320;321
KU362511,1,80.493,1b,92.176,150-321,Yes,150;159;206;282;316;320;321
KU362512,1,79.795,1b,90.554,150-321,Yes,150;159;206;282;316;320;321
KU362513,1,81.006,1b,93.018,150-321,Yes,150;159;206;282;316;320;321
KU362514,1,79.324,1b,91.889,150-321,Yes,150;159;206;282;316;320;321
KU362515,1,81.352,1b,92.718,150-321,Yes,150;159;206;282;316;320;321
KU362516,1,81.070,1b,92.406,150-321,Yes,150;159;206;282;316;320;321
KU362517,1,81.520,1b,92.505,150-321,Yes,150;159;206;282;316;320;321
KU362518,1,80.595,1b,91.692,150-321,Yes,150;159;206;282;316;320;321
KU362519,1,80.305,1b,91.413,150-321,Yes,150;159;206;282;316;320;321
KU362520,1,81.045,1b,92.821,150-321,Yes,150;159;206;282;316;320;321
KU362521,1,80.407,1b,91.756,150-321,Yes,150;159;206;282;316;320;321
KU362522,1,81.203,1b,93.018,150-321,Yes,150;159;206;282;316;320;321
KU362523,1,80.513,1b,91.795,150-321,Yes,150;159;206;282;316;320;321
KU362525,1,81.049,1b,91.649,150-321,Yes,150;159;206;282;316;320;321
KU362526,1,80.300,1b,91.970,150-321,Yes,150;159;206;282;316;320;321
KU362527,1,81.604,1b,92.719,150-321,Yes,150;159;206;282;316;320;321
KU362528,1,81.049,1b,91.640,150-321,Yes,150;159;206;282;316;320;321
KU362529,1,80.698,1b,92.000,150-321,Yes,150;159;206;282;316;320;321
KU362530,1,80.963,1b,92.451,150-321,Yes,150;159;206;282;316;320;321
KU362531,1,79.271,1b,91.417,150-321,Yes,150;159;206;282;316;320;321
KU362533,1,81.354,1b,92.812,150-321,Yes,150;159;206;282;316;320;321
KU362534,1,81.867,1b,92.390,150-321,Yes,150;159;206;282;316;320;321
KU362535,1,80.864,1b,91.049,150-321,Yes,150;159;206;282;316;320;321
KU362536,1,80.251,1b,92.476,150-321,Yes,150;159;206;282;316;320;321
KU362537,1,81.045,1b,90.462,150-321,Yes,150;159;206;282;316;320;321
KU362538,1,80.292,1b,92.642,150-321,Yes,150;159;206;282;316;320;321
KU362539,1,80.963,1b,92.779,150-321,Yes,150;159;206;282;316;320;321
KU362540,1,81.042,1b,93.375,150-321,Yes,150;159;206;282;316;320;321
KU362541,1,81.818,1b,91.785,150-321,Yes,150;159;206;282;316;320;321
KU362542,1,81.304,1b,93.350,150-321,Yes,150;159;206;282;316;320;321
KU362543,1,80.525,1b,93.107,150-321,Yes,150;159;206;282;316;320;321
KU362544,1,80.835,1b,92.719,150-321,Yes,150;159;206;282;316;320;321
KU362545,1,80.801,1b,92.615,150-321,Yes,150;159;206;282;316;320;321
KU362546,1,80.328,1b,91.703,150-321,Yes,150;159;206;282;316;320;321
KU362547,1,80.193,1b,92.291,150-321,Yes,150;159;206;282;316;320;321
KU362548,1,80.208,1b,93.271,150-321,Yes,150;159;206;282;316;320;321
KU362549,1,80.205,1b,92.205,150-321,Yes,150;159;206;282;316;320;321
KU362550,1,80.595,1b,91.786,150-321,Yes,150;159;206;282;316;320;321
KU362551,1,80.082,1b,92.813,150-321,Yes,150;159;206;282;316;320;321
KU362552,1,80.513,1b,91.385,150-321,Yes,150;159;206;282;316;320;321
KU861171,7,73.986,7a,73.986,150-321,Yes,150;159;206;282;316;320;321
KU871276,2,81.159,2b,93.529,150-321,Yes,150;159;206;282;316;320;321
KU871277,2,81.060,2b,94.342,150-321,Yes,150;159;206;282;316;320;321
KU871278,2,81.655,2b,92.303,150-321,Yes,150;159;206;282;316;320;321
KU871279,5,91.711,5a,92.357,150-321,Yes,150;159;206;282;316;320;321
KU871280,5,91.770,5a,92.651,150-321,Yes,150;159;206;282;316;320;321
KU871281,5,91.863,5a,92.925,150-321,Yes,150;159;206;282;316;320;321
KU871282,5,91.770,5a,92.828,150-321,Yes,150;159;206;282;316;320;321
KU871283,4,83.825,4d,95.809,150-321,Yes,150;159;206;282;316;320;321
KU871284,4,83.884,4d,95.632,150-321,Yes,150;159;206;282;316;320;321
KU871285,4,83.766,4d,95.100,150-321,Yes,150;159;206;282;316;320;321
KU871286,4,83.766,4d,95.750,150-321,Yes,150;159;206;282;316;320;321
KU871287,4,84.357,4d,95.159,150-321,Yes,150;159;206;282;316;320;321
KU871288,4,84.679,4m,94.864,150-321,Yes,150;159;206;282;316;320;321
KU871289,4,92.158,4a,92.158,150-321,Yes,150;159;206;282;316;320;321
KU871290,4,92.110,4a,92.110,150-321,Yes,150;159;206;282;316;320;321
KU871291,4,92.094,4a,92.094,150-321,Yes,150;159;206;282;316;320;321
KU871292,4,91.742,4a,91.742,150-321,Yes,150;159;206;282;316;320;321
KU871293,4,92.512,4a,92.512,150-321,Yes,150;159;206;282;316;320;321
KU871294,3,94.715,3a,93.779,150-321,Yes,150;159;206;282;316;320;321
KU871295,3,94.950,3a,93.075,150-321,Yes,150;159;206;282;316;320;321
KU871296,3,93.893,3a,92.840,150-321,Yes,150;159;206;282;316;320;321
KU871297,3,94.069,3a,93.662,150-321,Yes,150;159;206;282;316;320;321
KU871298,3,94.539,3a,93.192,150-321,Yes,150;159;206;282;316;320;321
KU871299,3,94.950,3a,93.717,150-321,Yes,150;159;206;282;316;320;321
KU871300,1,97.299,1a,96.712,150-321,Yes,150;159;206;282;316;320;321
KU871301,1,96.124,1a,95.361,150-321,Yes,150;159;206;282;316;320;321
KU871302,1,94.539,1a,94.128,150-321,Yes,150;159;206;282;316;320;321
KU871303,1,94.891,1a,94.011,150-321,Yes,150;159;206;282;316;320;321
KU871306,1,93.952,1a,93.600,150-321,Yes,150;159;206;282;316;320;321
KU871307,1,82.678,1b,92.836,150-321,Yes,150;159;206;282;316;320;321
KU871308,1,81.914,1b,93.012,150-321,Yes,150;159;206;282;316;320;321
KU871309,1,82.017,1b,92.895,150-321,Yes,150;159;206;282;316;320;321
KU871310,6,82.708,6a,94.598,150-321,Yes,150;159;206;282;316;320;321
KU871311,6,83.382,6a,95.118,150-321,Yes,150;159;206;282;316;320;321
KU883428,4,80.904,4r,93.577,150-321,Yes,150;159;206;282;316;320;321
KU883429,4,80.029,4o,93.139,150-321,Yes,150;159;206;282;316;320;321
KU883430,4,91.703,4a,91.703,150-321,Yes,150;159;206;282;316;320;321
KU883431,4,91.557,4a,91.557,150-321,Yes,150;159;206;282;316;320;321
KU883432,4,92.285,4a,92.285,150-321,Yes,150;159;206;282;316;320;321
KU883433,4,92.140,4a,92.140,150-321,Yes,150;159;206;282;316;320;321
KU883434,4,91.266,4a,91.266,150-321,Yes,150;159;206;282;316;320;321
KU883435,4,80.876,4d,92.993,150-321,Yes,150;159;206;282;316;320;321
KU883436,4,81.752,4d,92.993,150-321,Yes,150;159;206;282;316;320;321
KU883437,4,91.557,4a,91.557,150-321,Yes,150;159;206;282;316;320;321
KX092342,7,71.501,7b,100.000,150-321,Yes,150;159;206;282;316;320;321
KX107872,5,91.878,5a,92.551,150-321,Yes,150;159;206;282;316;320;321
KX107873,5,92.922,5a,92.979,150-321,Yes,150;159;206;282;316;320;321
KX107874,5,93.514,5a,93.905,150-321,Yes,150;159;206;282;316;320;321
KX107875,5,92.409,5a,92.180,150-321,Yes,150;159;206;282;316;320;321
KX107877,6,73.699,6i,96.388,150-321,Yes,150;159;206;282;316;320;321
KX107878,6,75.286,6n,96.163,150-321,Yes,150;159;206;282;316;320;321
KX107880,6,75.314,6n,96.621,150-321,Yes,150;159;206;282;316;320;321
KX107881,6,75.788,6l,95.206,150-321,Yes,150;159;206;282;316;320;321
KX107882,6,74.662,6e,91.822,150-321,Yes,150;159;206;282;316;320;321
KX107883,6,82.432,6a,94.035,150-321,Yes,150;159;206;282;316;320;321
KX107884,6,75.463,6e,90.976,150-321,Yes,150;159;206;282;316;320;321
KX107886,6,75.887,6e,94.134,150-321,Yes,150;159;206;282;316;320;321
KX107887,6,82.658,6a,93.392,150-321,Yes,150;159;206;282;316;320;321
KX107888,6,73.859,6e,91.370,150-321,Yes,150;159;206;282;316;320;321
KX107891,6,75.621,6j,88.850,150-321,Yes,150;159;206;282;316;320;321
KX107892,5,91.810,5a,91.753,150-321,Yes,150;159;206;282;316;320;321
KX107893,6,74.974,6e,89.820,150-321,Yes,150;159;206;282;316;320;321
KX107894,6,75.215,6o,93.196,150-321,Yes,150;159;206;282;316;320;321
KX107895,6,75.366,6e,92.668,150-321,Yes,150;159;206;282;316;320;321
KX107896,6,75.284,6e,93.117,150-321,Yes,150;159;206;282;316;320;321
KX107897,6,75.573,6e,92.135,150-321,Yes,150;159;206;282;316;320;321
KX172138,7,71.445,7b,83.557,150-321,Yes,150;159;206;282;316;320;321
KX258962,1,81.076,1b,92.635,150-321,Yes,150;159;206;282;316;320;321
KX258963,1,81.268,1b,92.699,150-321,Yes,150;159;206;282;316;320;321
KX258964,1,82.015,1b,92.995,150-321,Yes,150;159;206;282;316;320;321
KX258965,1,81.927,1b,92.812,150-321,Yes,150;159;206;282;316;320;321
KX258966,1,81.570,1b,92.829,150-321,Yes,150;159;206;282;316;320;321
KX258967,1,81.654,1b,92.787,150-321,Yes,150;159;206;282;316;320;321
KX258968,1,82.400,1b,92.922,150-321,Yes,150;159;206;282;316;320;321
KX258969,1,82.513,1b,92.752,150-321,Yes,150;159;206;282;316;320;321
KX258970,1,81.540,1b,93.375,150-321,Yes,150;159;206;282;316;320;321
KX258971,1,81.653,1b,93.828,150-321,Yes,150;159;206;282;316;320;321
KX258972,1,82.021,1b,92.751,150-321,Yes,150;159;206;282;316;320;321
KX258974,1,82.316,1b,92.584,150-321,Yes,150;159;206;282;316;320;321
KX258975,1,81.403,1b,92.869,150-321,Yes,150;159;206;282;316;320;321
KX258976,1,81.435,1b,93.109,150-321,Yes,150;159;206;282;316;320;321
KX258977,1,82.259,1b,92.641,150-321,Yes,150;159;206;282;316;320;321
KX258978,1,82.202,1b,92.584,150-321,Yes,150;159;206;282;316;320;321
KX258979,1,81.460,1b,91.728,150-321,Yes,150;159;206;282;316;320;321
KX258980,1,81.574,1b,91.895,150-321,Yes,150;159;206;282;316;320;321
KX258981,1,81.730,1b,92.211,150-321,Yes,150;159;206;282;316;320;321
KX258983,1,81.528,1b,92.531,150-321,Yes,150;159;206;282;316;320;321
KX258984,1,81.891,1b,92.995,150-321,Yes,150;159;206;282;316;320;321
KX258986,1,81.425,1b,93.048,150-321,Yes,150;159;206;282;316;320;321
KX258987,1,82.232,1b,92.369,150-321,Yes,150;159;206;282;316;320;321
KX258988,1,82.513,1b,92.869,150-321,Yes,150;159;206;282;316;320;321
KX258989,1,81.754,1b,92.702,150-321,Yes,150;159;206;282;316;320;321
KX258991,1,82.569,1b,93.492,150-321,Yes,150;159;206;282;316;320;321
KX258992,1,82.619,1b,93.539,150-321,Yes,150;159;206;282;316;320;321
KX258993,1,81.593,1b,93.451,150-321,Yes,150;159;206;282;316;320;321
KX258994,1,81.678,1b,93.208,150-321,Yes,150;159;206;282;316;320;321
KX258995,1,81.236,1b,92.220,150-321,Yes,150;159;206;282;316;320;321
KX258998,1,82.676,1b,91.824,150-321,Yes,150;159;206;282;316;320;321
KX259001,1,81.735,1b,93.037,150-321,Yes,150;159;206;282;316;320;321
KX259003,1,81.403,1b,93.041,150-321,Yes,150;159;206;282;316;320;321
KX259004,1,81.435,1b,93.052,150-321,Yes,150;159;206;282;316;320;321
KX259005,1,81.425,1b,93.048,150-321,Yes,150;159;206;282;316;320;321
KX259006,1,82.319,1b,92.666,150-321,Yes,150;159;206;282;316;320;321
KX259007,1,82.256,1b,92.687,150-321,Yes,150;159;206;282;316;320;321
KX259008,1,82.192,1b,92.580,150-321,Yes,150;159;206;282;316;320;321
KX259009,1,82.330,1b,92.500,150-321,Yes,150;159;206;282;316;320;321
OM525854,1,83.362,1o,83.926,150-321,Yes,150;159;206;282;316;320;321
OM525856,1,87.874,1m,88.438,150-321,Yes,150;159;206;282;316;320;321
OM525859,1,80.665,1b,81.098,150-321,Yes,150;159;206;282;316;320;321
OM525860,2,83.192,2d,94.035,150-321,Yes,150;159;206;282;316;320;321
OM525862,1,82.366,1d,87.592,150-321,Yes,150;159;206;282;316;320;321
OM525863,1,83.249,1c,87.930,150-321,Yes,150;159;206;282;316;320;321
OM525864,1,86.858,1k,88.047,150-321,Yes,150;159;206;282;316;320;321
OM525865,1,83.183,1d,85.392,150-321,Yes,150;159;206;282;316;320;321
OM525866,1,87.084,1a,87.366,150-321,Yes,150;159;206;282;316;320;321
OM525867,1,81.951,1b,93.063,150-321,Yes,150;159;206;282;316;320;321
OM525868,1,83.202,1d,85.803,150-321,Yes,150;159;206;282;316;320;321
OM525869,1,82.403,1b,93.232,150-321,Yes,150;159;206;282;316;320;321
OM525871,1,86.633,1k,88.805,150-321,Yes,150;159;206;282;316;320;321
OM525872,1,82.704,1d,87.422,150-321,Yes,150;159;206;282;316;320;321
OM525875,1,87.422,1k,88.571,150-321,Yes,150;159;206;282;316;320;321
OM525876,1,82.704,1d,87.479,150-321,Yes,150;159;206;282;316;320;321
OM525882,1,82.346,1b,92.950,150-321,Yes,150;159;206;282;316;320;321
OM525883,1,81.828,1b,92.950,150-321,Yes,150;159;206;282;316;320;321
OM525888,1,87.310,1a,87.253,150-321,Yes,150;159;206;282;316;320;321
OM525889,1,83.080,1d,85.344,150-321,Yes,150;159;206;282;316;320;321
OM525891,1,86.971,1a,87.422,150-321,Yes,150;159;206;282;316;320;321
OM525892,1,82.469,1d,87.874,150-321,Yes,150;159;206;282;316;320;321
OM525894,1,83.108,1d,84.780,150-321,Yes,150;159;206;282;316;320;321
OM525896,1,82.074,1b,85.271,150-321,Yes,150;159;206;282;316;320;321
OM525897,1,82.197,1d,84.394,150-321,Yes,150;159;206;282;316;320;321
OM525902,1,87.648,1a,87.648,150-321,Yes,150;159;206;282;316;320;321
OM525906,1,82.535,1d,87.310,150-321,Yes,150;159;206;282;316;320;321
OM525909,1,86.520,1k,88.345,150-321,Yes,150;159;206;282;316;320;321
OM811383,3,94.737,3a,92.210,150-321,Yes,150;159;206;282;316;320;321
OM811384,3,95.027,3a,92.185,150-321,Yes,150;159;206;282;316;320;321
OM811389,1,81.717,1b,93.949,150-321,Yes,150;159;206;282;316;320;321
OM811390,1,95.638,1a,94.830,150-321,Yes,150;159;206;282;316;320;321
PV184471,3,95.221,3a,93.791,150-321,Yes,150;159;206;282;316;320;321
PV184472,3,94.624,3a,94.269,150-321,Yes,150;159;206;282;316;320;321
PV184473,3,94.026,3a,93.612,150-321,Yes,150;159;206;282;316;320;321
PV184478,3,94.803,3a,93.791,150-321,Yes,150;159;206;282;316;320;321
PV184479,3,95.938,3a,94.090,150-321,Yes,150;159;206;282;316;320;321
PV184480,3,94.922,3a,93.970,150-321,Yes,150;159;206;282;316;320;321
PV184482,3,94.205,3a,93.970,150-321,Yes,150;159;206;282;316;320;321
PV184484,3,93.907,3a,92.951,150-321,Yes,150;159;206;282;316;320;321
PV184485,3,95.460,3a,95.343,150-321,Yes,150;159;206;282;316;320;321
PV184492,3,95.639,3a,94.030,150-321,Yes,150;159;206;282;316;320;321
PV184496,3,94.504,3a,93.970,150-321,Yes,150;159;206;282;316;320;321
PV184497,3,95.221,3a,93.791,150-321,Yes,150;159;206;282;316;320;321
PV184498,3,95.579,3a,94.507,150-321,Yes,150;159;206;282;316;320;321
PV184499,3,94.504,3a,94.627,150-321,Yes,150;159;206;282;316;320;321
PV184500,3,95.579,3a,93.731,150-321,Yes,150;159;206;282;316;320;321
PV184501,3,95.579,3a,94.985,150-321,Yes,150;159;206;282;316;320;321
PV184502,3,94.803,3a,94.687,150-321,Yes,150;159;206;282;316;320;321
PV184503,3,95.579,3a,94.448,150-321,Yes,150;159;206;282;316;320;321
PV184504,3,95.579,3a,93.851,150-321,Yes,150;159;206;282;316;320;321
PV184506,3,94.504,3a,93.791,150-321,Yes,150;159;206;282;316;320;321
PV184508,3,93.787,3a,93.851,150-321,Yes,150;159;206;282;316;320;321
PV184509,3,94.205,3a,93.134,150-321,Yes,150;159;206;282;316;320;321
PV184511,3,95.460,3a,95.582,150-321,Yes,150;159;206;282;316;320;321
PV184513,3,95.579,3a,94.269,150-321,Yes,150;159;206;282;316;320;321
PV184517,3,94.743,3a,93.493,150-321,Yes,150;159;206;282;316;320;321
PV184520,3,96.177,3a,93.970,150-321,Yes,150;159;206;282;316;320;321
PV184521,3,95.042,3a,92.955,150-321,Yes,150;159;206;282;316;320;321
PV184525,3,94.863,3a,94.866,150-321,Yes,150;159;206;282;316;320;321
PV184526,3,94.564,3a,93.552,150-321,Yes,150;159;206;282;316;320;321
PV184527,3,93.847,3a,92.776,150-321,Yes,150;159;206;282;316;320;321
PV184528,3,94.086,3a,93.194,150-321,Yes,150;159;206;282;316;320;321
PV184529,3,94.564,3a,93.254,150-321,Yes,150;159;206;282;316;320;321
PV184530,3,94.803,3a,93.493,150-321,Yes,150;159;206;282;316;320;321
PV184531,3,95.102,3a,95.284,150-321,Yes,150;159;206;282;316;320;321
PV184532,3,94.863,3a,94.090,150-321,Yes,150;159;206;282;316;320;321
PV184533,3,93.724,3a,93.070,150-321,Yes,150;159;206;282;316;320;321
PV184534,3,93.787,3a,92.537,150-321,Yes,150;159;206;282;316;320;321
PV184535,3,94.325,3a,93.250,150-321,Yes,150;159;206;282;316;320;321
PV184536,3,94.504,3a,94.030,150-321,Yes,150;159;206;282;316;320;321
PV184538,3,94.863,3a,93.612,150-321,Yes,150;159;206;282;316;320;321
PV184539,3,94.624,3a,94.149,150-321,Yes,150;159;206;282;316;320;321
PV184542,3,95.878,3a,93.910,150-321,Yes,150;159;206;282;316;320;321
PV184546,3,94.564,3a,93.672,150-321,Yes,150;159;206;282;316;320;321
PV184547,3,95.938,3a,94.090,150-321,Yes,150;159;206;282;316;320;321
PV184548,3,94.743,3a,93.672,150-321,Yes,150;159;206;282;316;320;321
PV184549,3,94.564,3a,92.776,150-321,Yes,150;159;206;282;316;320;321
PV184551,3,94.444,3a,94.269,150-321,Yes,150;159;206;282;316;320;321
PV184555,3,94.205,3a,93.791,150-321,Yes,150;159;206;282;316;320;321
PV184556,3,94.385,3a,93.433,150-321,Yes,150;159;206;282;316;320;321
PV184561,3,95.400,3a,93.970,150-321,Yes,150;159;206;282;316;320;321
PV184563,3,94.385,3a,93.672,150-321,Yes,150;159;206;282;316;320;321
PV184567,3,94.026,3a,92.657,150-321,Yes,150;159;206;282;316;320;321
PV184568,3,94.683,3a,92.896,150-321,Yes,150;159;206;282;316;320;321
PV184570,3,95.341,3a,93.552,150-321,Yes,150;159;206;282;316;320;321
PV289078,1,93.717,1a,93.306,150-321,Yes,150;159;206;282;316;320;321
PV289136,3,94.923,3a,93.088,150-321,Yes,150;159;206;282;316;320;321
PV289137,3,94.113,3a,93.529,150-321,Yes,150;159;206;282;316;320;321
PV289138,3,94.040,3a,93.382,150-321,Yes,150;159;206;282;316;320;321
PV289139,3,94.845,3a,93.525,150-321,Yes,150;159;206;282;316;320;321
PV289140,3,95.511,3a,93.382,150-321,Yes,150;159;206;282;316;320;321
PV289141,3,94.996,3a,94.412,150-321,Yes,150;159;206;282;316;320;321
PV289142,3,94.849,3a,93.971,150-321,Yes,150;159;206;282;316;320;321
PV289143,3,94.408,3a,94.118,150-321,Yes,150;159;206;282;316;320;321
PV289144,3,93.819,3a,93.015,150-321,Yes,150;159;206;282;316;320;321
PV289145,3,93.819,3a,93.824,150-321,Yes,150;159;206;282;316;320;321
PV289146,3,95.070,3a,94.485,150-321,Yes,150;159;206;282;316;320;321
PV289147,3,93.451,3a,93.893,150-321,Yes,150;159;206;282;316;320;321
PV289148,3,93.966,3a,94.113,150-321,Yes,150;159;206;282;316;320;321
PV289149,3,93.819,3a,93.819,150-321,Yes,150;159;206;282;316;320;321
PV289150,3,93.594,3a,92.127,150-321,Yes,150;159;206;282;316;320;321
PV289151,3,94.555,3a,93.235,150-321,Yes,150;159;206;282;316;320;321
PV289152,3,94.330,3a,93.010,150-321,Yes,150;159;206;282;316;320;321
PV289153,3,93.819,3a,92.206,150-321,Yes,150;159;206;282;316;320;321
PV289154,3,93.819,3a,92.353,150-321,Yes,150;159;206;282;316;320;321
PV289155,3,94.187,3a,93.083,150-321,Yes,150;159;206;282;316;320;321
PV289156,3,94.187,3a,93.162,150-321,Yes,150;159;206;282;316;320;321
PV289157,3,94.334,3a,93.309,150-321,Yes,150;159;206;282;316;320;321
PV289158,3,95.364,3a,95.368,150-321,Yes,150;159;206;282;316;320;321
PV289159,3,94.040,3a,94.265,150-321,Yes,150;159;206;282;316;320;321
PV289160,3,93.525,3a,93.015,150-321,Yes,150;159;206;282;316;320;321
PV289161,3,93.893,3a,93.529,150-321,Yes,150;159;206;282;316;320;321
PV289162,3,93.893,3a,91.618,150-321,Yes,150;159;206;282;316;320;321
PV289163,3,94.408,3a,93.750,150-321,Yes,150;159;206;282;316;320;321
PV289164,3,95.364,3a,95.000,150-321,Yes,150;159;206;282;316;320;321
PV289165,3,95.806,3a,93.750,150-321,Yes,150;159;206;282;316;320;321
PV289167,3,94.555,3a,93.824,150-321,Yes,150;159;206;282;316;320;321
PV289168,3,94.334,3a,93.088,150-321,Yes,150;159;206;282;316;320;321
PV289169,3,95.143,3a,93.235,150-321,Yes,150;159;206;282;316;320;321
PV289170,3,95.729,3a,93.819,150-321,Yes,150;159;206;282;316;320;321
PV289171,3,95.291,3a,93.309,150-321,Yes,150;159;206;282;316;320;321
PV289172,3,94.113,3a,93.015,150-321,Yes,150;159;206;282;316;320;321
PV289173,3,94.187,3a,92.353,150-321,Yes,150;159;206;282;316;320;321
PV289174,3,94.481,3a,93.382,150-321,Yes,150;159;206;282;316;320;321
PV289175,3,94.776,3a,93.676,150-321,Yes,150;159;206;282;316;320;321
PV289176,3,95.585,3a,94.265,150-321,Yes,150;159;206;282;316;320;321
PV289177,3,94.408,3a,92.941,150-321,Yes,150;159;206;282;316;320;321
PV289178,3,94.628,3a,92.721,150-321,Yes,150;159;206;282;316;320;321
PV289179,3,94.555,3a,93.015,150-321,Yes,150;159;206;282;316;320;321
PV289180,3,95.143,3a,93.309,150-321,Yes,150;159;206;282;316;320;321
PV289181,3,95.726,3a,93.584,150-321,Yes,150;159;206;282;316;320;321
PV289182,3,95.143,3a,93.603,150-321,Yes,150;159;206;282;316;320;321
PV289183,3,95.585,3a,93.529,150-321,Yes,150;159;206;282;316;320;321
PV289184,3,96.174,3a,94.849,150-321,Yes,150;159;206;282;316;320;321
PV289185,3,94.996,3a,94.632,150-321,Yes,150;159;206;282;316;320;321
PV289186,3,94.113,3a,92.206,150-321,Yes,150;159;206;282;316;320;321
PV289187,3,95.873,3a,94.543,150-321,Yes,150;159;206;282;316;320;321
PV289188,3,95.438,3a,93.529,150-321,Yes,150;159;206;282;316;320;321
PV289189,3,95.806,3a,93.824,150-321,Yes,150;159;206;282;316;320;321
PV289190,3,94.849,3a,93.529,150-321,Yes,150;159;206;282;316;320;321
PV289191,3,94.040,3a,92.279,150-321,Yes,150;159;206;282;316;320;321
PV289192,3,95.585,3a,93.750,150-321,Yes,150;159;206;282;316;320;321
PV289193,3,95.143,3a,93.015,150-321,Yes,150;159;206;282;316;320;321
PV289194,3,94.252,3a,92.915,150-321,Yes,150;159;206;282;316;320;321
PV289195,3,93.966,3a,92.574,150-321,Yes,150;159;206;282;316;320;321
PV289196,3,93.888,3a,92.274,150-321,Yes,150;159;206;282;316;320;321
PV289197,3,93.966,3a,92.574,150-321,Yes,150;159;206;282;316;320;321
PV289198,3,94.551,3a,92.715,150-321,Yes,150;159;206;282;316;320;321
PV289199,3,96.247,3a,93.824,150-321,Yes,150;159;206;282;316;320;321
PV289200,3,94.702,3a,92.868,150-321,Yes,150;159;206;282;316;320;321
PV289201,3,95.582,3a,93.893,150-321,Yes,150;159;206;282;316;320;321
PV289202,3,95.879,3a,93.897,150-321,Yes,150;159;206;282;316;320;321
PV289203,3,94.923,3a,93.603,150-321,Yes,150;159;206;282;316;320;321
PV289204,3,94.849,3a,93.162,150-321,Yes,150;159;206;282;316;320;321
PV289205,3,95.143,3a,93.456,150-321,Yes,150;159;206;282;316;320;321
PV289206,3,94.187,3a,94.044,150-321,Yes,150;159;206;282;316;320;321
PV289207,3,94.628,3a,94.338,150-321,Yes,150;159;206;282;316;320;321
PV289208,3,93.377,3a,93.456,150-321,Yes,150;159;206;282;316;320;321
PV289209,3,94.408,3a,94.265,150-321,Yes,150;159;206;282;316;320;321
PV289211,3,94.481,3a,94.559,150-321,Yes,150;159;206;282;316;320;321
PV289212,3,94.776,3a,95.000,150-321,Yes,150;159;206;282;316;320;321
PV289213,3,94.187,3a,92.721,150-321,Yes,150;159;206;282;316;320;321
PV289214,3,94.702,3a,93.235,150-321,Yes,150;159;206;282;316;320;321
PV289215,3,97.351,3a,96.103,150-321,Yes,150;159;206;282;316;320;321
PV289217,3,96.762,3a,95.956,150-321,Yes,150;159;206;282;316;320;321
PV289219,3,95.732,3a,94.412,150-321,Yes,150;159;206;282;316;320;321
PV289220,3,97.277,3a,96.250,150-321,Yes,150;159;206;282;316;320;321
PV289221,3,97.057,3a,95.956,150-321,Yes,150;159;206;282;316;320;321
MZ161145,6,82.770,6a,95.965,150-321,Yes,150;159;206;282;316;320;321
MZ161146,6,82.735,6a,96.667,150-321,Yes,150;159;206;282;316;320;321
MZ161147,6,82.934,6a,96.550,150-321,Yes,150;159;206;282;316;320;321
MZ161148,6,83.134,6a,96.784,150-321,Yes,150;159;206;282;316;320;321
MZ161149,6,83.362,6a,96.842,150-321,Yes,150;159;206;282;316;320;321
MZ161150,6,83.162,6a,96.257,150-321,Yes,150;159;206;282;316;320;321
MZ161151,6,83.248,6a,96.199,150-321,Yes,150;159;206;282;316;320;321
MZ161152,6,83.362,6a,96.433,150-321,Yes,150;159;206;282;316;320;321
MZ161153,6,83.476,6a,96.842,150-321,Yes,150;159;206;282;316;320;321
MZ161154,6,83.502,6a,96.257,150-321,Yes,150;159;206;282;316;320;321
MZ161155,6,82.906,6a,96.784,150-321,Yes,150;159;206;282;316;320;321
MZ161156,6,83.502,6a,96.901,150-321,Yes,150;159;206;282;316;320;321
MZ161157,6,83.020,6a,96.550,150-321,Yes,150;159;206;282;316;320;321
MZ161158,6,82.995,6a,95.088,150-321,Yes,150;159;206;282;316;320;321
MZ171127,6,75.240,6xj,100.000,150-321,Yes,150;159;206;282;316;320;321
MZ171128,6,75.549,6xj,96.140,150-321,Yes,150;159;206;282;316;320;321
MZ171129,6,75.845,6xj,96.374,150-321,Yes,150;159;206;282;316;320;321
MZ171130,6,75.324,6xj,95.731,150-321,Yes,150;159;206;282;316;320;321
MZ171131,6,75.465,6xj,95.263,150-321,Yes,150;159;206;282;316;320;321
MZ171132,6,75.141,6xj,95.614,150-321,Yes,150;159;206;282;316;320;321
MZ171133,6,75.691,6xj,95.029,150-321,Yes,150;159;206;282;316;320;321
MZ171134,6,75.127,6xj,94.386,150-321,Yes,150;159;206;282;316;320;321
MZ504973,6,76.014,6xi,100.000,150-321,Yes,150;159;206;282;316;320;321
OM896881,3,82.901,3b,93.288,150-321,Yes,150;159;206;282;316;320;321
OM896882,3,82.967,3b,91.986,150-321,Yes,150;159;206;282;316;320;321
OM896883,3,82.901,3b,92.160,150-321,Yes,150;159;206;282;316;320;321
OM896884,3,83.136,3b,91.874,150-321,Yes,150;159;206;282;316;320;321
OM896885,3,82.844,3b,92.104,150-321,Yes,150;159;206;282;316;320;321
OM896886,3,83.277,3b,91.977,150-321,Yes,150;159;206;282;316;320;321
OM896887,3,82.901,3b,93.232,150-321,Yes,150;159;206;282;316;320;321
OM896888,3,82.731,3b,91.765,150-321,Yes,150;159;206;282;316;320;321
OM896889,3,82.854,3b,91.817,150-321,Yes,150;159;206;282;316;320;321
OM896890,3,82.506,3b,92.217,150-321,Yes,150;159;206;282;316;320;321
OM896891,3,83.183,3b,92.386,150-321,Yes,150;159;206;282;316;320;321
OM896892,3,83.296,3b,92.273,150-321,Yes,150;159;206;282;316;320;321
OM896893,3,82.731,3b,92.386,150-321,Yes,150;159;206;282;316;320;321
OM896894,3,83.070,3b,93.232,150-321,Yes,150;159;206;282;316;320;321
OM896895,3,83.080,3b,92.893,150-321,Yes,150;159;206;282;316;320;321
OM896896,3,82.798,3b,93.457,150-321,Yes,150;159;206;282;316;320;321
OM896897,3,82.572,3b,91.986,150-321,Yes,150;159;206;282;316;320;321
OM896898,3,82.619,3b,92.724,150-321,Yes,150;159;206;282;316;320;321
OM896899,3,82.854,3b,92.438,150-321,Yes,150;159;206;282;316;320;321
OM896900,3,83.126,3b,92.724,150-321,Yes,150;159;206;282;316;320;321
OM896901,3,82.731,3b,92.442,150-321,Yes,150;159;206;282;316;320;321
OM896902,3,82.619,3b,91.991,150-321,Yes,150;159;206;282;316;320;321
OM896904,3,83.023,3b,92.664,150-321,Yes,150;159;206;282;316;320;321
OM896905,3,82.788,3b,92.217,150-321,Yes,150;159;206;282;316;320;321
OM896906,3,82.994,3b,92.203,150-321,Yes,150;159;206;282;316;320;321
OM896907,3,82.901,3b,92.047,150-321,Yes,150;159;206;282;316;320;321
OM896908,3,81.377,3b,89.397,150-321,Yes,150;159;206;282;316;320;321
OM896909,3,83.183,3b,92.047,150-321,Yes,150;159;206;282;316;320;321
OM896910,3,83.249,3b,92.043,150-321,Yes,150;159;206;282;316;320;321
OM896911,3,82.788,3b,92.386,150-321,Yes,150;159;206;282;316;320;321
OM896912,3,82.844,3b,92.386,150-321,Yes,150;159;206;282;316;320;321
OM896913,3,83.070,3b,92.217,150-321,Yes,150;159;206;282;316;320;321
OM896914,3,83.239,3b,93.006,150-321,Yes,150;159;206;282;316;320;321
OM896915,3,83.503,3b,92.486,150-321,Yes,150;159;206;282;316;320;321
OM896916,3,83.277,3b,92.203,150-321,Yes,150;159;206;282;316;320;321
OM896917,3,83.070,3b,92.837,150-321,Yes,150;159;206;282;316;320;321
OM896918,3,82.938,3b,92.260,150-321,Yes,150;159;206;282;316;320;321
OM896919,3,82.675,3b,92.837,150-321,Yes,150;159;206;282;316;320;321
OM896920,3,82.712,3b,92.316,150-321,Yes,150;159;206;282;316;320;321
OM896921,3,83.060,3b,92.151,150-321,Yes,150;159;206;282;316;320;321
OM896922,3,82.788,3b,92.499,150-321,Yes,150;159;206;282;316;320;321
OM896923,3,83.465,3b,92.555,150-321,Yes,150;159;206;282;316;320;321
OM896924,3,83.532,3b,92.800,150-321,Yes,150;159;206;282;316;320;321
OM896925,3,82.484,3b,92.326,150-321,Yes,150;159;206;282;316;320;321
OM896926,3,82.393,3b,92.329,150-321,Yes,150;159;206;282;316;320;321
OM896927,3,83.107,3b,92.486,150-321,Yes,150;159;206;282;316;320;321
OM896928,3,83.352,3b,91.765,150-321,Yes,150;159;206;282;316;320;321
OM896929,3,83.126,3b,92.724,150-321,Yes,150;159;206;282;316;320;321
OM896930,3,82.788,3b,91.765,150-321,Yes,150;159;206;282;316;320;321
OM896931,3,81.891,3b,91.344,150-321,Yes,150;159;206;282;316;320;321
OM896932,3,82.854,3b,92.499,150-321,Yes,150;159;206;282;316;320;321
OM896933,3,82.844,3b,92.104,150-321,Yes,150;159;206;282;316;320;321
OM896934,3,83.014,3b,91.032,150-321,Yes,150;159;206;282;316;320;321
OM896935,3,83.239,3b,92.273,150-321,Yes,150;159;206;282;316;320;321
OM896936,3,82.619,3b,92.217,150-321,Yes,150;159;206;282;316;320;321
OM896937,3,83.014,3b,92.668,150-321,Yes,150;159;206;282;316;320;321
OM896938,3,83.135,3b,91.880,150-321,Yes,150;159;206;282;316;320;321
OM896939,3,83.352,3b,92.499,150-321,Yes,150;159;206;282;316;320;321
OM896941,3,83.070,3b,91.991,150-321,Yes,150;159;206;282;316;320;321
OM896942,3,82.562,3b,92.047,150-321,Yes,150;159;206;282;316;320;321
OM896943,3,82.957,3b,92.499,150-321,Yes,150;159;206;282;316;320;321
OM896944,3,82.967,3b,91.648,150-321,Yes,150;159;206;282;316;320;321
OM896945,3,95.303,3a,94.118,150-321,Yes,150;159;206;282;316;320;321
OM896946,3,94.526,3a,93.517,150-321,Yes,150;159;206;282;316;320;321
OM896947,3,95.303,3a,94.174,150-321,Yes,150;159;206;282;316;320;321
OM896948,3,95.316,3a,93.401,150-321,Yes,150;159;206;282;316;320;321
OM896949,3,96.050,3a,94.194,150-321,Yes,150;159;206;282;316;320;321
OM896950,3,95.993,3a,94.645,150-321,Yes,150;159;206;282;316;320;321
OM896951,3,95.883,3a,94.191,150-321,Yes,150;159;206;282;316;320;321
OM896952,3,95.711,3a,94.532,150-321,Yes,150;159;206;282;316;320;321
OM896953,3,94.680,3a,93.382,150-321,Yes,150;159;206;282;316;320;321
OM896954,3,95.537,3a,94.181,150-321,Yes,150;159;206;282;316;320;321
OM896955,3,94.737,3a,93.609,150-321,Yes,150;159;206;282;316;320;321
OM896956,3,95.655,3a,93.856,150-321,Yes,150;159;206;282;316;320;321
OM896957,3,94.413,3a,93.236,150-321,Yes,150;159;206;282;316;320;321
OM896958,3,95.655,3a,94.363,150-321,Yes,150;159;206;282;316;320;321
OM896959,3,95.650,3a,94.350,150-321,Yes,150;159;206;282;316;320;321
OM896960,3,95.260,3a,94.194,150-321,Yes,150;159;206;282;316;320;321
OM896961,3,95.198,3a,94.181,150-321,Yes,150;159;206;282;316;320;321
OM896962,3,95.198,3a,93.955,150-321,Yes,150;159;206;282;316;320;321
OM896963,3,95.190,3a,93.835,150-321,Yes,150;159;206;282;316;320;321
OM896964,3,95.372,3a,94.025,150-321,Yes,150;159;206;282;316;320;321
OM896965,3,94.695,3a,93.630,150-321,Yes,150;159;206;282;316;320;321
OM896966,3,95.316,3a,94.194,150-321,Yes,150;159;206;282;316;320;321
OM896967,3,96.106,3a,94.307,150-321,Yes,150;159;206;282;316;320;321
OM896968,3,94.808,3a,94.025,150-321,Yes,150;159;206;282;316;320;321
OM896969,3,95.076,3a,93.835,150-321,Yes,150;159;206;282;316;320;321
OM896970,3,96.390,3a,94.244,150-321,Yes,150;159;206;282;316;320;321
OM896971,3,95.642,3a,94.344,150-321,Yes,150;159;206;282;316;320;321
OM896972,3,94.977,3a,93.799,150-321,Yes,150;159;206;282;316;320;321
OM896973,3,95.480,3a,94.124,150-321,Yes,150;159;206;282;316;320;321
OM896974,3,95.203,3a,94.025,150-321,Yes,150;159;206;282;316;320;321
OM896975,3,95.429,3a,94.138,150-321,Yes,150;159;206;282;316;320;321
OM896976,3,95.880,3a,93.743,150-321,Yes,150;159;206;282;316;320;321
OM896977,3,96.445,3a,94.698,150-321,Yes,150;159;206;282;316;320;321
OM896978,3,95.037,3a,94.078,150-321,Yes,150;159;206;282;316;320;321
OM896979,3,95.586,3a,94.231,150-321,Yes,150;159;206;282;316;320;321
OM896980,3,94.972,3a,93.842,150-321,Yes,150;159;206;282;316;320;321
OM896981,3,95.316,3a,94.138,150-321,Yes,150;159;206;282;316;320;321
OM896982,3,94.755,3a,93.683,150-321,Yes,150;159;206;282;316;320;321
OM896983,3,96.106,3a,94.363,150-321,Yes,150;159;206;282;316;320;321
OM896984,3,95.034,3a,93.687,150-321,Yes,150;159;206;282;316;320;321
OM896985,3,95.767,3a,93.687,150-321,Yes,150;159;206;282;316;320;321
OM896986,3,94.977,3a,94.025,150-321,Yes,150;159;206;282;316;320;321
OM896987,3,94.695,3a,93.119,150-321,Yes,150;159;206;282;316;320;321
OM896988,3,94.695,3a,93.123,150-321,Yes,150;159;206;282;316;320;321
OM896989,3,94.074,3a,92.728,150-321,Yes,150;159;206;282;316;320;321
OM896990,3,94.921,3a,93.499,150-321,Yes,150;159;206;282;316;320;321
OM896991,3,95.485,3a,94.194,150-321,Yes,150;159;206;282;316;320;321
OM896992,3,95.037,3a,93.683,150-321,Yes,150;159;206;282;316;320;321
OM896993,3,94.695,3a,93.743,150-321,Yes,150;159;206;282;316;320;321
OM896994,3,95.147,3a,93.683,150-321,Yes,150;159;206;282;316;320;321
OM896995,3,95.260,3a,93.912,150-321,Yes,150;159;206;282;316;320;321
OM896996,3,95.542,3a,94.081,150-321,Yes,150;159;206;282;316;320;321
OM896997,3,95.260,3a,93.799,150-321,Yes,150;159;206;282;316;320;321
OM896998,3,95.485,3a,94.363,150-321,Yes,150;159;206;282;316;320;321
OM896999,3,96.052,3a,94.247,150-321,Yes,150;159;206;282;316;320;321
OM897000,3,94.639,3a,93.292,150-321,Yes,150;159;206;282;316;320;321
MW715685,1,94.191,1a,93.514,150-321,Yes,150;159;206;282;316;320;321
MW715686,1,96.447,1a,95.262,150-321,Yes,150;159;206;282;316;320;321
MW715687,1,96.052,1a,95.431,150-321,Yes,150;159;206;282;316;320;321
MW715688,1,94.134,1a,93.570,150-321,Yes,150;159;206;282;316;320;321
MW715689,4,84.068,4d,95.311,150-321,Yes,150;159;206;282;316;320;321
