name,virus,subtype,bootstrap support
KX159109,HCV,1a,100.0
KY083764,HCV,2k,94.0
KX159080,HCV,1a,100.0
KX159083,HCV,1a,100.0
KX159082,HCV,1a,100.0
KX159081,HCV,1a,100.0
EU781752,HCV,1a,100.0
EU781753,HCV,1a,100.0
EU781754,HCV,1a,100.0
EU781750,HCV,1a,100.0
EU781759,HCV,1a,100.0
EU781756,HCV,1a,100.0
EU781758,HCV,1a,100.0
KU871311,HCV,6a,100.0
KU871309,HCV,1b,100.0
KU871306,HCV,1a,100.0
EF406134,HCV,1a,100.0
EF406135,HCV,1a,100.0
EF406173,HCV,3a,100.0
EF406172,HCV,3a,100.0
MN528429,HCV,1a,100.0
MN528439,HCV,1b,100.0
MN528438,HCV,1b,100.0
MN528440,HCV,1b,100.0
MN528437,HCV,1b,100.0
MN528441,HCV,1b,100.0
MN528436,HCV,1b,100.0
MN528443,HCV,1b,100.0
DQ164646,HCV,5a,100.0
DQ164645,HCV,5a,100.0
DQ164642,HCV,5a,100.0
DQ164647,HCV,5a,100.0
DQ164643,HCV,5a,100.0
DQ164644,HCV,5a,100.0
DQ164648,HCV,5a,100.0
MN528444,HCV,1b,100.0
DQ164649,HCV,5a,100.0
DQ164651,HCV,5a,100.0
DQ164660,HCV,5a,100.0
DQ164655,HCV,5a,100.0
DQ164658,HCV,5a,100.0
DQ164652,HCV,5a,100.0
DQ164659,HCV,5a,100.0
DQ164654,HCV,5a,100.0
DQ164664,HCV,5a,100.0
DQ164661,HCV,5a,100.0
DQ164665,HCV,5a,100.0
DQ164670,HCV,5a,100.0
DQ164671,HCV,5a,100.0
DQ164673,HCV,5a,100.0
DQ164667,HCV,5a,100.0
DQ164668,HCV,5a,100.0
DQ164672,HCV,5a,100.0
DQ164674,HCV,5a,100.0
DQ164676,HCV,5a,100.0
DQ164669,HCV,5a,100.0
DQ164679,HCV,5a,100.0
DQ164678,HCV,5a,100.0
DQ164684,HCV,5a,100.0
DQ164685,HCV,5a,100.0
DQ164686,HCV,5a,100.0
DQ164683,HCV,5a,100.0
DQ164677,HCV,5a,100.0
DQ164687,HCV,5a,100.0
DQ164682,HCV,5a,100.0
DQ164690,HCV,5a,100.0
DQ164692,HCV,5a,100.0
DQ164688,HCV,5a,100.0
DQ164693,HCV,5a,100.0
DQ164694,HCV,5a,100.0
DQ164696,HCV,5a,100.0
DQ164697,HCV,5a,100.0
DQ164699,HCV,5a,100.0
DQ164695,HCV,5a,100.0
DQ164703,HCV,5a,100.0
DQ164700,HCV,5a,100.0
DQ164705,HCV,5a,100.0
DQ164702,HCV,5a,100.0
DQ164704,HCV,5a,100.0
DQ164707,HCV,5a,100.0
DQ164709,HCV,5a,100.0
DQ164710,HCV,5a,100.0
DQ164706,HCV,5a,100.0
DQ164712,HCV,5a,100.0
DQ164711,HCV,5a,100.0
DQ164713,HCV,5a,100.0
DQ164718,HCV,5a,100.0
DQ164716,HCV,5a,100.0
DQ164719,HCV,5a,100.0
DQ164721,HCV,5a,100.0
DQ164715,HCV,5a,100.0
DQ164722,HCV,5a,100.0
DQ164725,HCV,5a,100.0
DQ164724,HCV,5a,100.0
DQ164730,HCV,5a,100.0
DQ164727,HCV,5a,100.0
DQ164726,HCV,5a,100.0
DQ164729,HCV,5a,100.0
DQ164732,HCV,5a,100.0
DQ164733,HCV,5a,100.0
DQ164728,HCV,5a,100.0
DQ164734,HCV,5a,100.0
DQ164737,HCV,5a,100.0
DQ164736,HCV,5a,100.0
DQ164743,HCV,5a,100.0
DQ164738,HCV,5a,100.0
DQ164741,HCV,5a,100.0
DQ164739,HCV,5a,100.0
DQ164744,HCV,5a,100.0
DQ164742,HCV,5a,100.0
DQ164740,HCV,5a,100.0
DQ164745,HCV,5a,100.0
KF524134,HCV,1a,100.0
KF524133,HCV,1b,100.0
DQ164747,HCV,5a,100.0
KF524137,HCV,1a,100.0
KF524135,HCV,1b,100.0
KF524138,HCV,1a,100.0
KF524139,HCV,1b,100.0
KF524136,HCV,1a,100.0
KF524144,HCV,1b,100.0
KF524145,HCV,1b,100.0
KF524142,HCV,1b,100.0
KF524141,HCV,1b,100.0
KF524148,HCV,1b,100.0
KF524147,HCV,1b,100.0
KF524146,HCV,1b,100.0
KF524143,HCV,1b,100.0
KF524151,HCV,1b,100.0
KF524154,HCV,1b,100.0
KF524155,HCV,1a,100.0
KF524150,HCV,1b,100.0
KF524157,HCV,1b,100.0
KF524156,HCV,1b,100.0
KF524152,HCV,1b,100.0
KF524153,HCV,1b,100.0
KF524161,HCV,1b,100.0
KF524163,HCV,1a,100.0
KF524164,HCV,1b,100.0
KF524162,HCV,1b,100.0
KF524158,HCV,1b,100.0
KF524167,HCV,1b,100.0
KF524160,HCV,1a,100.0
KF524165,HCV,1b,100.0
KF524168,HCV,1a,100.0
KF524169,HCV,1a,100.0
KF524173,HCV,1a,100.0
KF524170,HCV,1b,100.0
KF524174,HCV,1b,100.0
KF524177,HCV,1a,100.0
KF524172,HCV,1b,100.0
KF524171,HCV,1a,100.0
KF524175,HCV,1b,100.0
KF524180,HCV,1a,100.0
KF524178,HCV,1b,100.0
KF524181,HCV,1a,100.0
KF524183,HCV,1a,100.0
KF524184,HCV,1b,100.0
KF524187,HCV,1a,100.0
KF524186,HCV,1b,100.0
KF524182,HCV,1b,100.0
KF524185,HCV,1b,100.0
KF524191,HCV,1a,100.0
KF524195,HCV,1a,100.0
KF524194,HCV,1a,100.0
KF524198,HCV,1a,100.0
KF524196,HCV,1b,100.0
KF524190,HCV,1a,100.0
KF524197,HCV,1b,100.0
KF524193,HCV,1a,100.0
KF524192,HCV,1a,100.0
KF524201,HCV,1a,100.0
KF524202,HCV,1b,100.0
KF524203,HCV,1a,100.0
KF524205,HCV,1a,100.0
KF524207,HCV,1a,100.0
KF524204,HCV,1a,100.0
KF524206,HCV,1a,100.0
KF524209,HCV,1a,100.0
KF524208,HCV,1b,100.0
KF524212,HCV,1a,100.0
KF524216,HCV,1b,100.0
KF524215,HCV,1a,100.0
KF524211,HCV,1b,100.0
KF524217,HCV,1b,100.0
KF524218,HCV,1b,100.0
KF524213,HCV,1b,100.0
KF524214,HCV,1b,100.0
KF524222,HCV,1b,100.0
KF524220,HCV,1b,100.0
KF524225,HCV,1b,100.0
KF524223,HCV,1b,100.0
KF524226,HCV,1b,100.0
KF524227,HCV,1a,100.0
KF524229,HCV,1b,100.0
KF524228,HCV,1a,100.0
KF524230,HCV,1b,100.0
KF524232,HCV,1b,100.0
KF524234,HCV,1a,100.0
KF524233,HCV,1b,100.0
KF524237,HCV,1a,100.0
KF524236,HCV,1a,100.0
KF524238,HCV,1b,100.0
KF524239,HCV,1b,100.0
KF524235,HCV,1a,100.0
KF524240,HCV,1b,100.0
KF524242,HCV,1a,100.0
KF524248,HCV,1a,100.0
KF524245,HCV,1a,100.0
KF524249,HCV,1b,100.0
KF524244,HCV,1b,100.0
KF524246,HCV,1b,100.0
KF524243,HCV,1b,100.0
KF524247,HCV,1b,100.0
KF524251,HCV,1b,100.0
KF524254,HCV,1b,100.0
KF524256,HCV,1a,100.0
KF524250,HCV,1b,100.0
KF524255,HCV,1b,100.0
MK962403,HCV,1b,100.0
MK962402,HCV,1b,86.0
KF524252,HCV,1b,100.0
KF524257,HCV,1a,100.0
MK962405,HCV,4k,100.0
MK962407,HCV,4c,100.0
MK962404,HCV,1b,79.0
MK962406,HCV,4c,100.0
MK962410,HCV,4r,100.0
MK962413,HCV,4k,100.0
MK962414,HCV,1b,30.0
MK962411,HCV,4k,89.0
MK962412,HCV,4k,100.0
MK962416,HCV,1b,100.0
MK962415,HCV,4k,100.0
MK962419,HCV,4v,50.0
MK990305,HCV,2q,96.0
MK962420,HCV,2j,94.0
MK990306,HCV,2j,73.0
MK990302,HCV,2j,78.0
MK962417,HCV,4c,100.0
MK990303,HCV,2a,71.0
MK990308,HCV,2c,63.0
KU180710,HCV,1a,100.0
KU180714,HCV,1a,100.0
KU180718,HCV,1a,100.0
KU180711,HCV,1b,100.0
KU180724,HCV,3a,100.0
KU180712,HCV,1a,100.0
KU180720,HCV,1a,100.0
KU180713,HCV,4a,100.0
KU180717,HCV,1a,100.0
KU180709,HCV,1b,100.0
KU180716,HCV,1b,100.0
KU180721,HCV,3a,100.0
FN553069,HCV,5a,100.0
FN553070,HCV,5a,100.0
FN553071,HCV,5a,100.0
FN553072,HCV,5a,100.0
FN553073,HCV,5a,100.0
FN553074,HCV,5a,100.0
FN553075,HCV,5a,100.0
FN553077,HCV,5a,100.0
FN553076,HCV,5a,100.0
FN553078,HCV,5a,100.0
FN553081,HCV,5a,100.0
FN553080,HCV,5a,100.0
FN553082,HCV,5a,100.0
FN553083,HCV,5a,100.0
FN553086,HCV,5a,100.0
FN553085,HCV,5a,100.0
FN553084,HCV,5a,100.0
FN553087,HCV,5a,100.0
FN553088,HCV,5a,100.0
FN553097,HCV,5a,100.0
FN553095,HCV,5a,100.0
FN553096,HCV,5a,100.0
FN553092,HCV,5a,100.0
FN553099,HCV,5a,100.0
FN553098,HCV,5a,100.0
FN553093,HCV,5a,100.0
FN553100,HCV,5a,100.0
FN553094,HCV,5a,100.0
FN553101,HCV,5a,100.0
FN553113,HCV,5a,100.0
FN553116,HCV,5a,100.0
FN553117,HCV,5a,100.0
FN553119,HCV,5a,100.0
FN553118,HCV,5a,100.0
FN553120,HCV,5a,100.0
FN553123,HCV,5a,100.0
FN553122,HCV,5a,100.0
FN553114,HCV,5a,100.0
FN553121,HCV,5a,100.0
FN553125,HCV,5a,100.0
FN553124,HCV,5a,100.0
FN553127,HCV,5a,100.0
FN553128,HCV,5a,100.0
FN553129,HCV,5a,100.0
FN553133,HCV,5a,100.0
FN553131,HCV,5a,100.0
FN553134,HCV,5a,100.0
FN553130,HCV,5a,100.0
FN553132,HCV,5a,100.0
FN553147,HCV,5a,100.0
FN553151,HCV,5a,100.0
FN553150,HCV,5a,100.0
FN553149,HCV,5a,100.0
FN553153,HCV,5a,100.0
FN553152,HCV,5a,100.0
FN553155,HCV,5a,100.0
FN553148,HCV,5a,100.0
FN553156,HCV,5a,100.0
FN553154,HCV,5a,100.0
FN553161,HCV,5a,100.0
FN553160,HCV,5a,100.0
FN553158,HCV,5a,100.0
FN553162,HCV,5a,100.0
FN553163,HCV,5a,100.0
FN553165,HCV,5a,100.0
FN553164,HCV,5a,100.0
FN553166,HCV,5a,100.0
FN553159,HCV,5a,100.0
FN553167,HCV,5a,100.0
FN553180,HCV,5a,100.0
FN553182,HCV,5a,100.0
FN553179,HCV,5a,100.0
FN553185,HCV,5a,100.0
FN553184,HCV,5a,100.0
FN553183,HCV,5a,100.0
FN553187,HCV,5a,100.0
FN553188,HCV,5a,100.0
FN553186,HCV,5a,100.0
FN553189,HCV,5a,100.0
FN553205,HCV,5a,100.0
FN553201,HCV,5a,100.0
FN553204,HCV,5a,100.0
FN553203,HCV,5a,100.0
FN553208,HCV,5a,100.0
FN553209,HCV,5a,100.0
FN553207,HCV,5a,100.0
FN553211,HCV,5a,100.0
FN553210,HCV,5a,100.0
FN553206,HCV,5a,100.0
FN553225,HCV,5a,100.0
FN553228,HCV,5a,100.0
FN553224,HCV,5a,100.0
FN553226,HCV,5a,100.0
FN553227,HCV,5a,100.0
FN553231,HCV,5a,100.0
FN553229,HCV,5a,100.0
FN553232,HCV,5a,100.0
FN553230,HCV,5a,100.0
FN553233,HCV,5a,100.0
FN553237,HCV,5a,100.0
FN553242,HCV,5a,100.0
FN553243,HCV,5a,100.0
FN553239,HCV,5a,100.0
FN553240,HCV,5a,100.0
FN553244,HCV,5a,100.0
FN553238,HCV,5a,100.0
FN553241,HCV,5a,100.0
FN553264,HCV,5a,100.0
FN553267,HCV,5a,100.0
FN553266,HCV,5a,100.0
FN553268,HCV,5a,100.0
FN553263,HCV,5a,100.0
FN553262,HCV,5a,100.0
FN553265,HCV,5a,100.0
KX159104,HCV,1a,100.0
KX159106,HCV,1a,100.0
KX159105,HCV,1a,100.0
KX159107,HCV,1a,100.0
KX159110,HCV,1a,100.0
KX159114,HCV,1a,100.0
KX159113,HCV,1a,100.0
KX159111,HCV,1a,100.0
KX159117,HCV,1a,100.0
KX159116,HCV,1a,100.0
KX159119,HCV,1a,100.0
KX159103,HCV,1a,100.0
KX159121,HCV,1a,100.0
KX159120,HCV,1a,100.0
KX159108,HCV,1a,100.0
KX159122,HCV,1a,100.0
KX159118,HCV,1a,100.0
KX159123,HCV,1a,100.0
KX159148,HCV,1b,100.0
KX159153,HCV,1b,100.0
KX159130,HCV,1b,100.0
KX159141,HCV,1b,100.0
KX159157,HCV,1b,100.0
KX159205,HCV,1b,100.0
KX159206,HCV,1b,100.0
KX159211,HCV,1b,100.0
KX159210,HCV,1b,100.0
KX159213,HCV,1b,100.0
KX159212,HCV,1b,100.0
KX159194,HCV,1b,100.0
KX159203,HCV,1b,100.0
KX159216,HCV,1b,100.0
KP057788,HCV,1a,100.0
KP057785,HCV,3a,100.0
KP057784,HCV,3a,100.0
KP057787,HCV,3a,100.0
KX159219,HCV,1b,100.0
KX159208,HCV,1b,100.0
KP057789,HCV,1a,100.0
KX159198,HCV,1b,100.0
EF406141,HCV,1a,100.0
EF406154,HCV,1b,100.0
EF406156,HCV,1b,100.0
EF406158,HCV,1b,100.0
EF406155,HCV,1b,100.0
EF406175,HCV,3a,100.0
EF406169,HCV,3a,100.0
EF406179,HCV,3a,100.0
DQ164723,HCV,5a,100.0
DQ164735,HCV,5a,100.0
DQ164746,HCV,5a,100.0
KF524241,HCV,1b,100.0
KF524253,HCV,1a,100.0
MK962408,HCV,4r,100.0
MK962409,HCV,4k,100.0
MK962418,HCV,4k,93.0
MK990304,HCV,2c,73.0
MK990307,HCV,2k,43.0
KX373283,HCV,1b,100.0
FN553168,HCV,5a,100.0
FN553181,HCV,5a,100.0
FN553191,HCV,5a,100.0
FN553202,HCV,5a,100.0
FN553213,HCV,5a,100.0
MN164854,HCV,"unassigned_1, 1a-1l",NA
MN164845,HCV,1a,100.0
MN164843,HCV,1l,100.0
MN164855,HCV,"unassigned_1, 1b-1a",NA
MN164862,HCV,"unassigned_1, 1a-1b",NA
MN164849,HCV,1a,100.0
MN164868,HCV,"unassigned_1, 1a-1b",NA
MN164852,HCV,1a,100.0
MN164870,HCV,"unassigned_1, 1l-1a-1b",NA
FN553068,HCV,5a,100.0
MN164874,HCV,"unassigned_1, 1b-1a",NA
MN164873,HCV,"unassigned_1, 1b-1a",NA
MN164856,HCV,1a,100.0
MN164876,HCV,"unassigned_1, 1b-1a",NA
MN164858,HCV,1a,100.0
MN164860,HCV,1l,100.0
MN164867,HCV,1a,100.0
MN164877,HCV,"unassigned_1, 1l-1a",NA
MN164866,HCV,1e,100.0
MN164872,HCV,1a,99.0
MN164864,HCV,1l,100.0
MN164869,HCV,1g,100.0
MN164875,HCV,1e,100.0
MN164863,HCV,1a,100.0
MN164871,HCV,1a,100.0
KX159087,HCV,1a,100.0
KX159133,HCV,1b,100.0
KX159139,HCV,1b,100.0
KX159137,HCV,1b,100.0
KX159136,HCV,1b,100.0
KX159134,HCV,1b,100.0
KX159126,HCV,1b,100.0
KX159140,HCV,1b,100.0
KX159138,HCV,1b,100.0
KX159143,HCV,1b,100.0
KX159144,HCV,1b,100.0
KX159155,HCV,1b,100.0
KX159158,HCV,1b,100.0
KX159167,HCV,3a,100.0
KX159165,HCV,3a,100.0
KX159161,HCV,3a,100.0
KX159160,HCV,3a,100.0
KX159163,HCV,3a,100.0
KX159168,HCV,3a,100.0
KX159169,HCV,3a,100.0
KX159166,HCV,3a,100.0
KX159172,HCV,3a,100.0
KX159170,HCV,3a,100.0
KX159156,HCV,1b,100.0
KX159171,HCV,3a,100.0
KX159162,HCV,3a,100.0
KX159159,HCV,1b,100.0
KX159183,HCV,4a,100.0
EU781762,HCV,1a,100.0
EU781761,HCV,1a,100.0
EU781757,HCV,1a,100.0
EU781765,HCV,1a,100.0
EU781764,HCV,1a,100.0
EU781766,HCV,1a,100.0
EU781763,HCV,1a,100.0
EU781767,HCV,1a,100.0
EU781770,HCV,1a,100.0
EU781768,HCV,1a,100.0
EU781772,HCV,1a,100.0
EU781773,HCV,1a,100.0
EU781769,HCV,1a,100.0
EU781774,HCV,1a,100.0
EU781778,HCV,1a,100.0
EU781780,HCV,1a,100.0
EU781771,HCV,1a,100.0
EU781779,HCV,1a,100.0
EU781776,HCV,1a,100.0
EU781781,HCV,1a,100.0
EU781782,HCV,1a,100.0
EU781785,HCV,1a,100.0
EU781775,HCV,1a,100.0
EU781783,HCV,1a,100.0
EU781777,HCV,1a,100.0
EU781784,HCV,1a,100.0
EU781789,HCV,1a,100.0
EU781788,HCV,1a,100.0
EU781786,HCV,1a,100.0
EU781791,HCV,1a,100.0
EU781793,HCV,1a,100.0
EU781794,HCV,1a,100.0
EU781790,HCV,1a,100.0
EU781792,HCV,1a,100.0
EU781787,HCV,1a,100.0
EU781798,HCV,1a,100.0
EU781801,HCV,1a,100.0
EU781795,HCV,1a,100.0
EU781796,HCV,1a,100.0
EU781797,HCV,1a,100.0
KU871284,HCV,4d,100.0
KU871282,HCV,5a,100.0
KU871281,HCV,5a,100.0
KU871286,HCV,4d,100.0
KU871285,HCV,4d,100.0
KU871288,HCV,4m,100.0
KU871293,HCV,4a,100.0
KU871292,HCV,4a,100.0
KU871295,HCV,3a,100.0
KU871291,HCV,4a,100.0
KU871287,HCV,4d,100.0
KU871290,HCV,4a,100.0
KU871289,HCV,4a,100.0
KU871304,HCV,"unassigned_1, 1a-3a",NA
KU871305,HCV,"unassigned_1, 1a-2b",NA
KU871294,HCV,3a,100.0
EF406133,HCV,1a,100.0
EF406136,HCV,1a,100.0
EF406138,HCV,1a,100.0
KU871301,HCV,1a,100.0
EF406139,HCV,1a,100.0
EF406137,HCV,1a,100.0
KU871299,HCV,3a,100.0
EF406140,HCV,1a,100.0
KU871302,HCV,1a,100.0
KU871300,HCV,1a,100.0
EF406143,HCV,1a,100.0
EF406145,HCV,1a,100.0
EF406146,HCV,1a,100.0
EF406142,HCV,1a,100.0
KU871296,HCV,3a,100.0
EF406148,HCV,1a,100.0
EF406149,HCV,1a,100.0
EF406144,HCV,1a,100.0
EF406151,HCV,1b,100.0
EF406150,HCV,1a,100.0
EF406157,HCV,1b,100.0
EF406160,HCV,1b,100.0
EF406162,HCV,1b,100.0
EF406161,HCV,1b,100.0
EF406159,HCV,1b,100.0
EF406163,HCV,1b,100.0
EF406174,HCV,3a,100.0
EF406178,HCV,3a,100.0
KU871308,HCV,1b,100.0
EF406177,HCV,3a,100.0
EF406180,HCV,3a,100.0
EF406181,HCV,3a,100.0
EF406184,HCV,3a,100.0
EF406183,HCV,3a,100.0
EF406187,HCV,3a,100.0
EF406188,HCV,3a,100.0
MN528419,HCV,1a,100.0
MN528420,HCV,1a,100.0
EF406176,HCV,3a,100.0
MN528421,HCV,1a,100.0
MN528422,HCV,1a,100.0
MN528424,HCV,1a,100.0
MN528425,HCV,1a,100.0
MN528423,HCV,1a,100.0
MN528426,HCV,1a,100.0
EF406182,HCV,3a,100.0
EF406185,HCV,3a,100.0
MN528435,HCV,1b,100.0
MN528442,HCV,1b,100.0
DQ164650,HCV,5a,100.0
DQ164666,HCV,5a,100.0
DQ164675,HCV,5a,100.0
DQ164680,HCV,5a,100.0
DQ164691,HCV,5a,100.0
DQ164698,HCV,5a,100.0
DQ164701,HCV,5a,100.0
DQ164681,HCV,5a,100.0
DQ164708,HCV,5a,100.0
PV184531,HCV,3a,100.0
PV184528,HCV,3a,100.0
PV184530,HCV,3a,100.0
PV184532,HCV,3a,100.0
PV184543,HCV,"unassigned_1, 1a-2b",NA
PV184537,HCV,1a,100.0
PV184534,HCV,3a,100.0
PV184533,HCV,3a,100.0
PV184538,HCV,3a,100.0
PV184526,HCV,3a,100.0
PV184536,HCV,3a,100.0
PV184535,HCV,3a,100.0
PV184527,HCV,3a,100.0
PV184539,HCV,3a,100.0
PV184541,HCV,1a,100.0
PV184544,HCV,1a,100.0
PV184542,HCV,3a,100.0
PV184547,HCV,3a,100.0
PV184548,HCV,3a,100.0
PV184551,HCV,3a,100.0
PV184553,HCV,1a,100.0
PV184540,HCV,1a,100.0
PV184554,HCV,1a,100.0
PV184552,HCV,1a,100.0
PV184546,HCV,3a,100.0
PV184545,HCV,1a,100.0
PV184550,HCV,1a,100.0
PV184562,HCV,"unassigned_1, 1a-2b",NA
PV184556,HCV,3a,100.0
PV184549,HCV,3a,100.0
PV184565,HCV,1a,100.0
PV184559,HCV,1a,100.0
PV184557,HCV,1a,100.0
PV184555,HCV,3a,100.0
PV184564,HCV,1a,100.0
PV184569,HCV,"unassigned_1, 1a-2b",NA
PV184558,HCV,"unassigned_1, 1a-2b",NA
PV184566,HCV,1a,100.0
PV184567,HCV,3a,100.0
KX373289,HCV,1b,100.0
KX373290,HCV,1b,100.0
KM587625,HCV,"unassigned_1, 4d-4a-4n-4g-1a-3h",NA
KM587623,HCV,"unassigned_1, 3i-3k",NA
KM587614,HCV,1a,100.0
KM587617,HCV,2b,100.0
KM587618,HCV,2b,100.0
KM587619,HCV,2c,100.0
KM587620,HCV,2c,100.0
KM587627,HCV,6a,100.0
AB677528,HCV,"unassigned_1, 1b-2b",NA
FN553089,HCV,5a,100.0
FN553090,HCV,5a,100.0
FN553103,HCV,5a,100.0
FN553104,HCV,5a,100.0
FN553105,HCV,5a,100.0
FN553106,HCV,5a,100.0
FN553107,HCV,5a,100.0
FN553109,HCV,5a,100.0
FN553111,HCV,5a,100.0
FN553110,HCV,5a,100.0
FN553108,HCV,5a,100.0
FN553112,HCV,5a,100.0
FN553137,HCV,5a,100.0
FN553136,HCV,5a,100.0
FN553138,HCV,5a,100.0
FN553139,HCV,5a,100.0
FN553142,HCV,5a,100.0
FN553144,HCV,5a,100.0
FN553143,HCV,5a,100.0
FN553145,HCV,5a,100.0
FN553140,HCV,5a,100.0
FN553141,HCV,5a,100.0
FN553170,HCV,5a,100.0
FN553172,HCV,5a,100.0
FN553173,HCV,5a,100.0
FN553169,HCV,5a,100.0
FN553174,HCV,5a,100.0
FN553178,HCV,5a,100.0
FN553177,HCV,5a,100.0
FN553175,HCV,5a,100.0
FN553176,HCV,5a,100.0
FN553171,HCV,5a,100.0
FN553193,HCV,5a,100.0
FN553195,HCV,5a,100.0
FN553192,HCV,5a,100.0
FN553196,HCV,5a,100.0
FN553194,HCV,5a,100.0
FN553197,HCV,5a,100.0
FN553198,HCV,5a,100.0
FN553199,HCV,5a,100.0
FN553200,HCV,5a,100.0
FN553190,HCV,5a,100.0
FN553214,HCV,5a,100.0
FN553218,HCV,5a,100.0
FN553215,HCV,5a,100.0
FN553220,HCV,5a,100.0
FN553221,HCV,5a,100.0
FN553219,HCV,5a,100.0
FN553216,HCV,5a,100.0
FN553222,HCV,5a,100.0
FN553212,HCV,5a,100.0
FN553217,HCV,5a,100.0
FN553235,HCV,5a,100.0
FN553234,HCV,5a,100.0
FN553236,HCV,5a,100.0
FN553245,HCV,5a,100.0
FN553246,HCV,5a,100.0
FN553249,HCV,5a,100.0
FN553247,HCV,5a,100.0
FN553248,HCV,5a,100.0
FN553251,HCV,5a,100.0
FN553253,HCV,5a,100.0
FN553255,HCV,5a,100.0
FN553256,HCV,5a,100.0
FN553259,HCV,5a,100.0
FN553254,HCV,5a,100.0
FN553257,HCV,5a,100.0
FN553258,HCV,5a,100.0
FN553261,HCV,5a,100.0
FN553250,HCV,5a,100.0
KX159085,HCV,1a,100.0
KX159084,HCV,1a,100.0
KX159088,HCV,1a,100.0
KX159091,HCV,1a,100.0
KX159089,HCV,1a,100.0
KX159093,HCV,1a,100.0
KX159090,HCV,1a,100.0
KX159092,HCV,1a,100.0
KX159094,HCV,1a,100.0
KX159096,HCV,1a,100.0
KX159097,HCV,1a,100.0
KX159095,HCV,1a,100.0
KX159100,HCV,1a,100.0
KX159101,HCV,1a,100.0
KX159102,HCV,1a,100.0
KX159098,HCV,1a,100.0
KX159086,HCV,1a,100.0
KX159099,HCV,1a,100.0
KX159124,HCV,1a,100.0
KX159131,HCV,1b,100.0
KX159127,HCV,1b,100.0
KX159128,HCV,1b,100.0
KX159129,HCV,1b,100.0
KX159115,HCV,1a,100.0
KX159135,HCV,1b,100.0
KX159132,HCV,1b,100.0
KX159142,HCV,1b,100.0
KX159147,HCV,1b,100.0
KX159146,HCV,1b,100.0
KX159150,HCV,1b,100.0
KX159145,HCV,1b,100.0
KX159154,HCV,1b,100.0
KX159149,HCV,1b,100.0
KX159152,HCV,1b,100.0
KX159125,HCV,1b,100.0
KX159151,HCV,1b,100.0
KX159177,HCV,4d,100.0
KX159180,HCV,4d,100.0
KX159178,HCV,4d,100.0
KX159176,HCV,4d,100.0
KX159184,HCV,4a,100.0
KX159188,HCV,4d,100.0
KX159189,HCV,4a,100.0
KX159191,HCV,1b,100.0
KX159174,HCV,4d,100.0
KX159197,HCV,1b,100.0
KX159192,HCV,1b,100.0
KX159201,HCV,1b,100.0
KX159202,HCV,1b,100.0
KX159200,HCV,1b,100.0
KX159164,HCV,3a,100.0
KX159195,HCV,1b,100.0
KX159182,HCV,4a,100.0
KX159204,HCV,1a,100.0
KX159190,HCV,1b,100.0
KX159209,HCV,1b,100.0
KX159199,HCV,1b,100.0
KX159207,HCV,1b,100.0
KX159218,HCV,1b,100.0
KX159222,HCV,1b,100.0
KX159220,HCV,1b,100.0
KX159221,HCV,1b,100.0
KX159223,HCV,1b,100.0
KX159214,HCV,1b,100.0
KX159215,HCV,1b,100.0
KX159224,HCV,1b,100.0
KX159217,HCV,1b,100.0
KP057778,HCV,3a,100.0
KP057792,HCV,1b,100.0
KP057779,HCV,3a,100.0
PV184503,HCV,3a,100.0
EU781800,HCV,1a,100.0
EU781799,HCV,1a,100.0
KU871278,HCV,2b,100.0
EU781804,HCV,1a,100.0
KU871277,HCV,2b,100.0
EU781803,HCV,1a,100.0
EU781802,HCV,1a,100.0
KU871276,HCV,2b,100.0
KU871280,HCV,5a,100.0
KU871279,HCV,5a,100.0
KU871283,HCV,4d,100.0
EF406152,HCV,1b,100.0
EF406147,HCV,1a,100.0
EF406153,HCV,1b,100.0
EF406164,HCV,1b,100.0
EF406165,HCV,1b,100.0
EF406167,HCV,1b,100.0
EF406166,HCV,1b,100.0
EF406168,HCV,1b,100.0
KU871298,HCV,3a,100.0
EF406171,HCV,3a,100.0
EF406170,HCV,3a,100.0
KU871310,HCV,6a,100.0
KU871303,HCV,1a,100.0
EF406186,HCV,3a,100.0
MN528427,HCV,1a,100.0
MN528431,HCV,1b,100.0
MN528430,HCV,1b,100.0
MN528432,HCV,1b,100.0
MN528428,HCV,1a,100.0
MN528433,HCV,1b,100.0
KU871307,HCV,1b,100.0
KU871297,HCV,3a,100.0
MN528434,HCV,1b,100.0
KF524189,HCV,1a,100.0
KF524188,HCV,1b,100.0
KF524199,HCV,1a,100.0
KF524200,HCV,1b,100.0
KF524210,HCV,1a,100.0
KF524221,HCV,1b,100.0
KF524224,HCV,1b,100.0
KF524231,HCV,1a,100.0
KF524219,HCV,1b,100.0
FN553079,HCV,5a,100.0
FN553091,HCV,5a,100.0
FN553102,HCV,5a,100.0
FN553115,HCV,5a,100.0
FN553126,HCV,5a,100.0
FN553135,HCV,5a,100.0
FN553146,HCV,5a,100.0
FN553157,HCV,5a,100.0
FN553223,HCV,5a,100.0
KU180723,HCV,2b,100.0
KU180722,HCV,3a,100.0
KU180719,HCV,1a,100.0
KU180715,HCV,4d,100.0
KM102762,HCV,"unassigned_1, 1a-2b",NA
KM102761,HCV,"unassigned_1, 1a-2b",NA
KM102764,HCV,"unassigned_1, 1b-2j-2a-2b",NA
KM102760,HCV,"unassigned_1, 1a-2b",NA
KM102763,HCV,"unassigned_1, 1a-2b",NA
KX373284,HCV,1b,100.0
KX373285,HCV,1b,100.0
KX373286,HCV,1b,100.0
KX373287,HCV,1b,100.0
KU180727,HCV,1a,100.0
KM102765,HCV,"unassigned_1, 1b-2k",NA
KM102767,HCV,"unassigned_1, 1b-2b",NA
KU180725,HCV,1b,100.0
KU180731,HCV,1b,100.0
KM102770,HCV,"unassigned_1, 1b-2k",NA
KU180730,HCV,2b,100.0
KM102766,HCV,"unassigned_1, 1b-2b",NA
KM102768,HCV,"unassigned_1, 1b-2a-2k",NA
KU180728,HCV,1b,100.0
KU180726,HCV,1a,100.0
KM102769,HCV,"unassigned_1, 1b-2a-2k",NA
KU180729,HCV,2b,100.0
KM587621,HCV,2j,100.0
KM587622,HCV,3a,100.0
AB677529,HCV,"unassigned_1, 1b-2b",NA
KM587626,HCV,5a,100.0
KM587615,HCV,1b,100.0
AB677527,HCV,"unassigned_1, 1b-2b",NA
KM587616,HCV,2a,100.0
AB677531,HCV,"unassigned_1, 1b-2b",NA
KM587628,HCV,6a,100.0
KM587624,HCV,4a,100.0
AB677532,HCV,"unassigned_1, 1b-2b",NA
AB677530,HCV,"unassigned_1, 1b-2b",NA
MN164848,HCV,"unassigned_1, 1a-1l",NA
KM587630,HCV,6j,100.0
AB677533,HCV,"unassigned_1, 1b-2b",NA
MN164850,HCV,"unassigned_1, 1a-1c",NA
MN164853,HCV,"unassigned_1, 1a-1b",NA
MN164851,HCV,"unassigned_1, 1b-1a",NA
KM587629,HCV,6e,100.0
FN553252,HCV,5a,100.0
FN553260,HCV,5a,100.0
KX159185,HCV,4a,100.0
KX159181,HCV,4a,100.0
KX159186,HCV,4a,100.0
KX159179,HCV,4d,100.0
KX159193,HCV,1b,100.0
KX159173,HCV,3a,100.0
KX159175,HCV,4d,100.0
KX159187,HCV,4a,100.0
KX159196,HCV,1b,100.0
KP057783,HCV,3a,100.0
KP057782,HCV,3a,100.0
KP057790,HCV,1a,100.0
KP057791,HCV,1a,100.0
KP057780,HCV,3a,100.0
KP057781,HCV,3a,100.0
KP057795,HCV,1b,100.0
KP057786,HCV,3a,100.0
KP057794,HCV,1b,100.0
KP057793,HCV,1b,100.0
PV184477,HCV,"unassigned_1, 3a-2b",NA
PV184474,HCV,"unassigned_1, 1a-3a",NA
PV184471,HCV,3a,100.0
PV184472,HCV,3a,100.0
PV184483,HCV,1a,100.0
PV184486,HCV,3a,100.0
PV184476,HCV,1a,100.0
PV184484,HCV,3a,100.0
PV184482,HCV,3a,100.0
PV184485,HCV,3a,100.0
PV184480,HCV,3a,100.0
PV184478,HCV,3a,100.0
PV184475,HCV,1a,100.0
PV184488,HCV,1a,100.0
PV184479,HCV,3a,100.0
PV184501,HCV,3a,100.0
PV184504,HCV,3a,100.0
PV184505,HCV,1a,100.0
PV184512,HCV,1a,100.0
PV184506,HCV,3a,100.0
PV184514,HCV,1a,100.0
PV184511,HCV,3a,100.0
PV184507,HCV,1a,100.0
PV184509,HCV,3a,100.0
PV184515,HCV,1a,100.0
PV184517,HCV,3a,100.0
PV184516,HCV,1a,100.0
PV184508,HCV,3a,100.0
PV184513,HCV,3a,100.0
PV184519,HCV,1a,100.0
PV184521,HCV,3a,100.0
PV184522,HCV,1a,100.0
PV184510,HCV,1a,100.0
PV184520,HCV,3a,100.0
PV184518,HCV,1a,100.0
PV184525,HCV,3a,100.0
PV184523,HCV,1a,100.0
PV184524,HCV,1a,100.0
PV184529,HCV,3a,100.0
PV184563,HCV,3a,100.0
PV184570,HCV,3a,100.0
PV184568,HCV,3a,100.0
DQ889263,HCV,1a,100.0
PV184560,HCV,1a,100.0
DQ889271,HCV,1a,100.0
DQ889296,HCV,1a,100.0
DQ889264,HCV,1a,100.0
PV184561,HCV,3a,100.0
DQ889290,HCV,1a,100.0
DQ889268,HCV,1a,100.0
DQ889276,HCV,1a,100.0
DQ889295,HCV,1a,100.0
DQ889291,HCV,1a,100.0
DQ889308,HCV,1a,100.0
PV184571,HCV,1a,100.0
DQ889312,HCV,1a,100.0
DQ889314,HCV,1a,100.0
EU781748,HCV,1a,100.0
EU781746,HCV,1a,100.0
EU781747,HCV,1a,100.0
EU781749,HCV,1a,100.0
EU781755,HCV,1a,100.0
EU781751,HCV,1a,100.0
EU781760,HCV,1a,100.0
DQ164714,HCV,5a,100.0
DQ164720,HCV,5a,100.0
DQ164731,HCV,5a,100.0
KF524140,HCV,1b,100.0
KF524149,HCV,1b,100.0
KF524159,HCV,1b,100.0
KF524166,HCV,1b,100.0
KF524176,HCV,1a,100.0
KF524179,HCV,1a,100.0
KX373288,HCV,1b,100.0
FN553067,HCV,5a,100.0
PV184473,HCV,3a,100.0
PV184481,HCV,1a,100.0
PV184487,HCV,1a,100.0
PV184491,HCV,1a,100.0
PV184490,HCV,1a,100.0
PV184492,HCV,3a,100.0
PV184489,HCV,1a,100.0
PV184498,HCV,3a,100.0
PV184499,HCV,3a,100.0
PV184494,HCV,1a,100.0
PV184496,HCV,3a,100.0
PV184493,HCV,1a,100.0
PV184495,HCV,1a,100.0
PV184497,HCV,3a,100.0
PV184502,HCV,3a,100.0
PV184500,HCV,3a,100.0
KX159112,HCV,1a,100.0
KY620371,HCV,3a,100.0
FN553276,HCV,5a,100.0
FN553277,HCV,5a,100.0
FN553278,HCV,5a,100.0
KY620580,HCV,"unassigned_1, 3a-3h",NA
KY620573,HCV,3a,100.0
KY620660,HCV,3a,100.0
KY620663,HCV,3a,100.0
KY620661,HCV,3a,100.0
KY620665,HCV,3a,100.0
KY620662,HCV,3a,100.0
KY620664,HCV,3a,100.0
ON630877,HCV,4d,100.0
KY620668,HCV,3a,100.0
ON630770,HCV,1a,100.0
KY620569,HCV,3a,100.0
KY620571,HCV,3a,100.0
KY620570,HCV,3a,100.0
ON630878,HCV,4d,100.0
ON630879,HCV,4d,100.0
ON630880,HCV,4d,100.0
HM441243,HCV,3h,100.0
HM441244,HCV,3h,100.0
KC844039,HCV,6w,98.0
KC844046,HCV,5a,100.0
KC844044,HCV,3b,100.0
KC844045,HCV,4d,100.0
KC844052,HCV,"unassigned_1, 1b-3h",NA
AY070171,HCV,"unassigned_1, 2k-1b",NA
AY070172,HCV,"unassigned_1, 2k-1b",NA
KC844047,HCV,1c,100.0
AY070174,HCV,1b,100.0
KC844050,HCV,2j,100.0
KC844051,HCV,"unassigned_1, 1b-3h",NA
KC844049,HCV,1a,100.0
KC844038,HCV,6a,100.0
KC844048,HCV,2b,100.0
KX621504,HCV,1a,100.0
KX621422,HCV,1a,100.0
KX621429,HCV,3a,100.0
KX621424,HCV,1a,100.0
KX621423,HCV,1a,100.0
KX621426,HCV,3a,100.0
KX621430,HCV,1a,100.0
KX621425,HCV,1a,100.0
KX621428,HCV,3a,100.0
KX621427,HCV,1a,100.0
KX621435,HCV,1a,100.0
KX621432,HCV,3a,100.0
KX621505,HCV,1a,100.0
KX621433,HCV,3a,100.0
KX621437,HCV,1a,100.0
FJ775752,HCV,4a,100.0
FJ775753,HCV,4r,100.0
FJ775755,HCV,4r,100.0
FJ775754,HCV,4f,100.0
KX621431,HCV,3a,100.0
KX621441,HCV,3a,100.0
KX621436,HCV,1a,100.0
KX621439,HCV,1a,100.0
KX621440,HCV,1a,100.0
KX621434,HCV,3a,100.0
FJ775756,HCV,4v,57.0
FJ775758,HCV,4f,100.0
FJ775760,HCV,4f,100.0
FJ775759,HCV,4l,51.0
FJ775761,HCV,4d,100.0
FJ775762,HCV,4f,73.0
KX621438,HCV,1a,100.0
KX621443,HCV,1a,100.0
KX621444,HCV,1a,100.0
KX621445,HCV,1a,100.0
KX621446,HCV,1a,100.0
KX621442,HCV,1a,100.0
KX621450,HCV,1a,100.0
KX621447,HCV,3a,100.0
KX621506,HCV,3a,100.0
KX621449,HCV,1a,100.0
KX621452,HCV,1a,100.0
KX621453,HCV,3a,100.0
KX621511,HCV,1a,100.0
KX621458,HCV,1a,100.0
KX621513,HCV,3a,100.0
KX621451,HCV,1a,100.0
KX621448,HCV,1a,100.0
KX621457,HCV,1a,100.0
KX621459,HCV,1a,100.0
KX621455,HCV,1a,100.0
FJ775775,HCV,4d,100.0
FJ775776,HCV,4d,100.0
OM525855,HCV,"unassigned_1, 2a-2k",NA
OM525854,HCV,1b,100.0
OM525856,HCV,1a,100.0
OM525860,HCV,2d,100.0
OM525858,HCV,2a,61.0
OM525859,HCV,1b,100.0
OM525857,HCV,2d,100.0
KX621508,HCV,3a,100.0
KX621510,HCV,1a,100.0
KY620375,HCV,3a,100.0
KY620382,HCV,3a,100.0
KY620387,HCV,3a,100.0
KY620383,HCV,3a,100.0
KY620378,HCV,3a,100.0
KY620381,HCV,3a,100.0
KY620385,HCV,3a,100.0
KY620390,HCV,"unassigned_1, 3a-3h",NA
KY620379,HCV,3a,100.0
KY620374,HCV,3a,100.0
KY620377,HCV,3a,100.0
KY620388,HCV,3a,100.0
KY620376,HCV,3a,100.0
KY620380,HCV,3a,100.0
KY620386,HCV,3a,100.0
HM441240,HCV,3h,100.0
KY620505,HCV,3a,100.0
KY620523,HCV,3a,100.0
KY620831,HCV,3a,100.0
KY620830,HCV,3a,100.0
KY620826,HCV,3a,100.0
KY620526,HCV,"unassigned_1, 3a-3h",NA
KY620520,HCV,3a,100.0
KY620522,HCV,3a,100.0
KY620530,HCV,3a,100.0
KY620528,HCV,3a,100.0
HM441241,HCV,3h,100.0
HM441242,HCV,3h,100.0
ON630900,HCV,4d,100.0
AY070215,HCV,"unassigned_1, 2k-1b",NA
KX621463,HCV,1a,100.0
KX621464,HCV,1a,100.0
KX621462,HCV,1a,100.0
KX621461,HCV,1a,100.0
FJ775774,HCV,4d,100.0
FJ775741,HCV,4a,100.0
FJ775739,HCV,4a,100.0
KX621491,HCV,3a,100.0
KY620350,HCV,2b,100.0
KX621492,HCV,3a,100.0
KX621495,HCV,1a,100.0
FJ775745,HCV,4a,100.0
KY620364,HCV,"unassigned_1, 3a-3h",NA
KY620370,HCV,"unassigned_1, 3a-3h",NA
KX621514,HCV,1a,100.0
ON630772,HCV,1a,100.0
ON630773,HCV,1a,100.0
ON630776,HCV,1a,100.0
ON630771,HCV,1a,100.0
ON630768,HCV,1a,100.0
ON630774,HCV,1a,100.0
ON630779,HCV,1a,100.0
FJ775763,HCV,4k,100.0
FJ775764,HCV,4a,100.0
FJ775765,HCV,4f,100.0
FJ775767,HCV,4d,100.0
KX621494,HCV,3a,100.0
FJ775766,HCV,4d,100.0
FJ775768,HCV,4a,100.0
FJ775769,HCV,4a,100.0
KY620488,HCV,3a,100.0
ON630782,HCV,1a,100.0
ON630777,HCV,1a,100.0
ON630780,HCV,1a,100.0
ON630784,HCV,1a,100.0
ON630785,HCV,1a,100.0
ON630786,HCV,1a,100.0
ON630783,HCV,1a,100.0
ON630787,HCV,1a,100.0
KY620489,HCV,3a,100.0
KY620495,HCV,3a,100.0
KY620490,HCV,3a,100.0
KY620478,HCV,3a,100.0
KY620494,HCV,3a,100.0
KY620492,HCV,3a,100.0
KY620493,HCV,3a,100.0
KX621518,HCV,3a,100.0
KY620508,HCV,"unassigned_1, 3a-3h",NA
KY620503,HCV,3a,100.0
KX621516,HCV,3a,100.0
KY620500,HCV,3a,100.0
KY620497,HCV,3a,100.0
KX621515,HCV,1a,100.0
KY620504,HCV,3a,100.0
KY620499,HCV,3a,100.0
KX621519,HCV,3a,100.0
KY620496,HCV,3a,100.0
KY620498,HCV,3a,100.0
KX621520,HCV,1a,100.0
KY620502,HCV,3a,100.0
KY620507,HCV,3a,100.0
KY620501,HCV,3a,100.0
KX621522,HCV,3a,100.0
KY620510,HCV,3a,100.0
KY620516,HCV,"unassigned_1, 3a-3h",NA
KY620517,HCV,"unassigned_1, 3a-3h",NA
KY620515,HCV,"unassigned_1, 3a-3h",NA
KY620514,HCV,"unassigned_1, 3a-3h",NA
KY620512,HCV,3a,100.0
KY620519,HCV,"unassigned_1, 3a-3h",NA
KY620513,HCV,3a,100.0
KY620506,HCV,3a,100.0
KY620511,HCV,3a,100.0
KY620509,HCV,3a,100.0
KY620518,HCV,3a,100.0
KY620521,HCV,3a,100.0
KY620391,HCV,3a,100.0
KY620393,HCV,3a,100.0
KY620396,HCV,3a,100.0
KY620397,HCV,3a,100.0
KY620394,HCV,3a,100.0
KY620404,HCV,"unassigned_1, 3a-3h",NA
KY620395,HCV,3a,100.0
KY620389,HCV,3a,100.0
KY620402,HCV,3a,100.0
KY620400,HCV,3a,100.0
KY620403,HCV,3a,100.0
KY620392,HCV,3a,100.0
KY620401,HCV,3a,100.0
KY620409,HCV,3a,100.0
KY620406,HCV,3a,100.0
KY620398,HCV,3a,100.0
KY620405,HCV,3a,100.0
KY620399,HCV,3a,100.0
KY620413,HCV,3a,100.0
KY620414,HCV,"unassigned_1, 3a-3h",NA
KY620407,HCV,3a,100.0
KY620411,HCV,3a,100.0
KY620408,HCV,3a,100.0
KY620416,HCV,3a,100.0
KY620412,HCV,3a,100.0
KY620410,HCV,3a,100.0
KY620419,HCV,3a,100.0
KY620422,HCV,3a,100.0
KY620427,HCV,"unassigned_1, 3a-3h",NA
KY620418,HCV,3a,100.0
KY620417,HCV,3a,100.0
KY620421,HCV,3a,100.0
KY620420,HCV,3a,100.0
KY620424,HCV,3a,100.0
KY620415,HCV,3a,100.0
KY620428,HCV,3a,100.0
KY620437,HCV,"unassigned_1, 3a-3h",NA
KY620430,HCV,3a,100.0
KY620429,HCV,3a,100.0
KY620423,HCV,3a,100.0
KY620426,HCV,3a,100.0
KY620439,HCV,3a,100.0
KY620436,HCV,3a,100.0
KY620435,HCV,3a,100.0
KY620432,HCV,3a,100.0
KY620425,HCV,3a,100.0
KY620440,HCV,3a,100.0
KY620433,HCV,3a,100.0
KY620431,HCV,3a,100.0
KY620434,HCV,3a,100.0
KY620444,HCV,3a,100.0
KY620443,HCV,3a,100.0
KY620448,HCV,"unassigned_1, 3a-3h",NA
KY620441,HCV,3a,100.0
KY620456,HCV,"unassigned_1, 3a-3h",NA
KY620438,HCV,3a,100.0
KY620453,HCV,3a,100.0
KY620447,HCV,3a,100.0
KY620442,HCV,3a,100.0
KY620446,HCV,3a,100.0
KY620450,HCV,3a,100.0
KY620455,HCV,3a,100.0
KY620445,HCV,3a,100.0
KY620452,HCV,3a,100.0
KY620454,HCV,3a,100.0
KY620449,HCV,3a,100.0
KY620463,HCV,3a,100.0
KY620458,HCV,3a,100.0
KY620451,HCV,3a,100.0
KY620457,HCV,3a,100.0
KY620466,HCV,3a,100.0
KY620459,HCV,3a,100.0
KY620462,HCV,3a,100.0
KY620469,HCV,3a,100.0
KY620461,HCV,3a,100.0
KY620460,HCV,3a,100.0
KY620464,HCV,3a,100.0
KY620468,HCV,3a,100.0
KY620467,HCV,3a,100.0
KY620465,HCV,3a,100.0
KY620471,HCV,3a,100.0
KY620470,HCV,3a,100.0
KY620473,HCV,3a,100.0
KY620484,HCV,"unassigned_1, 3a-3h",NA
KY620474,HCV,3a,100.0
KY620481,HCV,3a,100.0
KY620472,HCV,3a,100.0
KY620479,HCV,3a,100.0
KY620477,HCV,3a,100.0
KY620482,HCV,3a,100.0
KY620475,HCV,3a,100.0
KY620651,HCV,3a,100.0
KY620645,HCV,3a,100.0
KY620655,HCV,3a,100.0
KY620644,HCV,3a,100.0
KY620659,HCV,3a,100.0
KY620649,HCV,3a,100.0
KY620657,HCV,3a,100.0
KY620658,HCV,3a,100.0
KY620656,HCV,3a,100.0
KY620775,HCV,3a,100.0
KY620776,HCV,3a,100.0
KY620777,HCV,3a,100.0
KY620778,HCV,3a,100.0
KY620781,HCV,3a,100.0
KY620782,HCV,3a,100.0
KY620780,HCV,3a,100.0
KY620790,HCV,"unassigned_1, 3a-3h",NA
KY620783,HCV,3a,100.0
KY620787,HCV,3a,100.0
KY620779,HCV,3a,100.0
KY620784,HCV,3a,100.0
KY620791,HCV,"unassigned_1, 3a-3h",NA
KY620801,HCV,"unassigned_1, 3a-3h",NA
KY620786,HCV,3a,100.0
KY620789,HCV,3a,100.0
KY620794,HCV,3a,100.0
KY620788,HCV,3a,100.0
KY620785,HCV,3a,100.0
KY620800,HCV,3a,100.0
KY620793,HCV,3a,100.0
KY620792,HCV,3a,100.0
KY620802,HCV,3a,100.0
KY620796,HCV,3a,100.0
KY620803,HCV,3a,100.0
KY620795,HCV,3a,100.0
KY620798,HCV,3a,100.0
KY620797,HCV,3a,100.0
KY620799,HCV,3a,100.0
KY620811,HCV,"unassigned_1, 3a-3h",NA
KY620806,HCV,3a,100.0
KY620804,HCV,3a,100.0
KY620805,HCV,3a,100.0
KY620809,HCV,3a,100.0
KY620807,HCV,3a,100.0
KY620814,HCV,3a,100.0
KY620808,HCV,3a,100.0
KY620823,HCV,"unassigned_1, 3a-3h",NA
KY620812,HCV,3a,100.0
KY620810,HCV,3a,100.0
KY620824,HCV,"unassigned_1, 3a-3h",NA
KY620817,HCV,3a,100.0
KY620816,HCV,3a,100.0
KY620818,HCV,3a,100.0
KY620822,HCV,3a,100.0
KY620815,HCV,3a,100.0
KY620820,HCV,3a,100.0
KY620819,HCV,3a,100.0
KY620813,HCV,3a,100.0
KY620821,HCV,3a,100.0
KY620827,HCV,3a,100.0
KY620832,HCV,"unassigned_1, 3a-3h",NA
KY620836,HCV,"unassigned_1, 3a-3h",NA
KY620829,HCV,3a,100.0
KY620825,HCV,3a,100.0
KY620828,HCV,3a,100.0
KY620834,HCV,3a,100.0
KY620837,HCV,3a,100.0
KY620835,HCV,3a,100.0
KY620843,HCV,3a,100.0
KY620839,HCV,3a,100.0
KY620840,HCV,3a,100.0
KY620833,HCV,3a,100.0
KY620844,HCV,3a,100.0
KY620838,HCV,3a,100.0
KY620842,HCV,3a,100.0
KY620846,HCV,3a,100.0
KY620849,HCV,3a,100.0
KY620841,HCV,3a,100.0
KY620847,HCV,3a,100.0
KY620850,HCV,3a,100.0
KY620851,HCV,3a,100.0
KY620860,HCV,"unassigned_1, 3a-2b",NA
KY620848,HCV,3a,100.0
KY620853,HCV,3a,100.0
KY620852,HCV,3a,100.0
KY620854,HCV,3a,100.0
KY620845,HCV,3a,100.0
KY620859,HCV,3a,100.0
KY620856,HCV,3a,100.0
KY620855,HCV,3a,100.0
KY620857,HCV,3a,100.0
KY620868,HCV,"unassigned_1, 3a-2b",NA
KY620858,HCV,3a,100.0
KY620872,HCV,"unassigned_1, 3b-3h",NA
KY620865,HCV,3a,100.0
KY620875,HCV,"unassigned_1, 3b-3a",NA
KY620862,HCV,3a,100.0
KY620866,HCV,3a,100.0
KY620864,HCV,3a,100.0
KY620861,HCV,3a,100.0
KY620870,HCV,3b,100.0
KY620863,HCV,3a,100.0
KY620867,HCV,3a,100.0
KY620871,HCV,3b,100.0
KY620880,HCV,"unassigned_1, 1a-2b",NA
KY620869,HCV,3b,100.0
KY620873,HCV,3b,100.0
KY620876,HCV,3g,100.0
KY620878,HCV,3i,100.0
KY620874,HCV,3b,100.0
ON630763,HCV,1a,100.0
ON630765,HCV,1a,100.0
KY620879,HCV,3g,99.0
ON630764,HCV,1a,100.0
KY620877,HCV,3g,100.0
ON630767,HCV,1a,100.0
ON630882,HCV,4d,100.0
ON630881,HCV,4d,100.0
ON630884,HCV,4d,100.0
ON630885,HCV,4d,100.0
KY620735,HCV,3a,100.0
KY620743,HCV,3a,100.0
KY620747,HCV,3a,100.0
KY620745,HCV,3a,100.0
KY620759,HCV,"unassigned_1, 3a-3h",NA
KY620744,HCV,3a,100.0
KY620749,HCV,3a,100.0
KY620746,HCV,3a,100.0
KY620750,HCV,3a,100.0
KY620757,HCV,3a,100.0
KY620753,HCV,3a,100.0
KY620756,HCV,3a,100.0
KY620754,HCV,3a,100.0
KY620761,HCV,3a,100.0
KY620760,HCV,3a,100.0
KY620755,HCV,3a,100.0
KY620762,HCV,3a,100.0
KY620767,HCV,3a,100.0
KY620764,HCV,3a,100.0
KY620768,HCV,3a,100.0
KY620765,HCV,3a,100.0
KY620769,HCV,3a,100.0
KY620771,HCV,3a,100.0
KY620774,HCV,3a,100.0
KY620766,HCV,3a,100.0
KY620772,HCV,3a,100.0
KY620773,HCV,3a,100.0
ON630791,HCV,1a,100.0
ON630789,HCV,1a,100.0
ON630794,HCV,1a,100.0
ON630788,HCV,1a,100.0
ON630792,HCV,1a,100.0
ON630797,HCV,1a,100.0
ON630798,HCV,1a,100.0
ON630796,HCV,1a,100.0
ON630800,HCV,1a,100.0
ON630795,HCV,1a,100.0
ON630801,HCV,1a,100.0
ON630805,HCV,1a,100.0
ON630804,HCV,1a,100.0
ON630799,HCV,1a,100.0
ON630802,HCV,1a,100.0
ON630809,HCV,1a,100.0
ON630810,HCV,1a,100.0
ON630812,HCV,1a,100.0
ON630811,HCV,1a,100.0
ON630813,HCV,1a,100.0
ON630814,HCV,1a,100.0
ON630808,HCV,1a,100.0
ON630807,HCV,1a,100.0
ON630816,HCV,1a,100.0
ON630820,HCV,1a,100.0
ON630819,HCV,1a,100.0
ON630823,HCV,1a,100.0
ON630821,HCV,1a,100.0
ON630817,HCV,1a,100.0
ON630822,HCV,1a,100.0
ON630824,HCV,1a,100.0
ON630827,HCV,1a,100.0
ON630826,HCV,1a,100.0
ON630825,HCV,1a,100.0
ON630831,HCV,1a,100.0
ON630830,HCV,1a,100.0
ON630829,HCV,1a,100.0
ON630832,HCV,1a,100.0
ON630833,HCV,1a,100.0
ON630836,HCV,1a,100.0
ON630835,HCV,1a,100.0
ON630839,HCV,1a,100.0
ON630837,HCV,1a,100.0
ON630838,HCV,1a,100.0
ON630841,HCV,1a,100.0
ON630844,HCV,1a,100.0
ON630843,HCV,1a,100.0
ON630846,HCV,1a,100.0
ON630847,HCV,1a,100.0
ON630848,HCV,1a,100.0
ON630845,HCV,1a,100.0
ON630850,HCV,1a,100.0
ON630849,HCV,1a,100.0
ON630851,HCV,1a,100.0
ON630852,HCV,1a,100.0
ON630854,HCV,1a,100.0
ON630856,HCV,1a,100.0
ON630855,HCV,1a,100.0
ON630858,HCV,1a,100.0
ON630857,HCV,1a,100.0
ON630860,HCV,1a,100.0
ON630861,HCV,1a,100.0
ON630862,HCV,1a,100.0
ON630863,HCV,1a,100.0
ON630864,HCV,1a,100.0
ON630866,HCV,1a,100.0
ON630867,HCV,1a,100.0
ON630869,HCV,1a,100.0
ON630870,HCV,4d,100.0
ON630868,HCV,1a,100.0
ON630872,HCV,4d,100.0
ON630876,HCV,4d,100.0
ON630874,HCV,4d,100.0
ON630871,HCV,4d,100.0
ON630875,HCV,4d,100.0
KX621507,HCV,3a,100.0
KX621512,HCV,1a,100.0
KY620483,HCV,3a,100.0
KY620485,HCV,3a,100.0
KY620486,HCV,3a,100.0
KY620525,HCV,3a,100.0
KY620527,HCV,3a,100.0
KY620532,HCV,3a,100.0
KY620533,HCV,3a,100.0
KY620535,HCV,3a,100.0
KY620534,HCV,3a,100.0
KY620524,HCV,3a,100.0
KY620531,HCV,3a,100.0
KY620540,HCV,3a,100.0
KY620537,HCV,3a,100.0
KY620542,HCV,3a,100.0
KY620541,HCV,3a,100.0
KY620538,HCV,3a,100.0
KY620544,HCV,3a,100.0
KY620536,HCV,3a,100.0
KY620547,HCV,3a,100.0
KY620539,HCV,3a,100.0
KY620546,HCV,3a,100.0
KY620549,HCV,"unassigned_1, 3a-3h",NA
KY620543,HCV,3a,100.0
KY620529,HCV,3a,100.0
KY620545,HCV,3a,100.0
KY620552,HCV,"unassigned_1, 3a-3h",NA
KY620553,HCV,3a,100.0
KY620550,HCV,3a,100.0
KY620548,HCV,3a,100.0
KY620554,HCV,3a,100.0
KY620551,HCV,3a,100.0
KY620558,HCV,3a,100.0
KY620555,HCV,3a,100.0
KY620557,HCV,3a,100.0
KY620560,HCV,3a,100.0
KY620568,HCV,"unassigned_1, 3a-3h",NA
KY620565,HCV,3a,100.0
KY620559,HCV,3a,100.0
KY620562,HCV,3a,100.0
KY620556,HCV,3a,100.0
KY620574,HCV,"unassigned_1, 3a-3h",NA
KY620566,HCV,3a,100.0
KY620563,HCV,3a,100.0
KY620567,HCV,3a,100.0
KY620561,HCV,3a,100.0
KY620572,HCV,3a,100.0
KY620564,HCV,3a,100.0
KY620579,HCV,3a,100.0
KY620577,HCV,3a,100.0
KY620578,HCV,3a,100.0
KY620576,HCV,3a,100.0
KY620581,HCV,3a,100.0
KY620583,HCV,3a,100.0
KY620586,HCV,3a,100.0
KY620589,HCV,3a,100.0
KY620575,HCV,3a,100.0
KY620584,HCV,3a,100.0
KY620585,HCV,3a,100.0
KY620582,HCV,3a,100.0
KY620593,HCV,3a,100.0
KY620592,HCV,3a,100.0
KY620587,HCV,3a,100.0
KY620594,HCV,3a,100.0
KY620591,HCV,3a,100.0
KY620590,HCV,3a,100.0
KY620597,HCV,3a,100.0
KY620595,HCV,3a,100.0
KY620599,HCV,3a,100.0
KY620598,HCV,3a,100.0
KY620606,HCV,"unassigned_1, 3a-3h",NA
KY620600,HCV,3a,100.0
KY620603,HCV,3a,100.0
KY620596,HCV,3a,100.0
KY620588,HCV,3a,100.0
KY620602,HCV,3a,100.0
KY620608,HCV,3a,100.0
KY620609,HCV,3a,100.0
KY620604,HCV,3a,100.0
KY620607,HCV,3a,100.0
KY620612,HCV,3a,100.0
KY620610,HCV,3a,100.0
KY620613,HCV,3a,100.0
KY620615,HCV,3a,100.0
KY620614,HCV,3a,100.0
KY620605,HCV,3a,100.0
KY620620,HCV,3a,100.0
KY620618,HCV,3a,100.0
KY620621,HCV,3a,100.0
KY620601,HCV,3a,100.0
KY620617,HCV,3a,100.0
KY620622,HCV,3a,100.0
KY620619,HCV,3a,100.0
KY620616,HCV,3a,100.0
KY620611,HCV,3a,100.0
KY620624,HCV,3a,100.0
KY620623,HCV,3a,100.0
KY620625,HCV,3a,100.0
KY620627,HCV,3a,100.0
KY620626,HCV,3a,100.0
KY620630,HCV,3a,100.0
KY620628,HCV,3a,100.0
KY620633,HCV,3a,100.0
KY620641,HCV,"unassigned_1, 3a-3h",NA
KY620632,HCV,3a,100.0
KY620638,HCV,3a,100.0
KY620629,HCV,3a,100.0
KY620640,HCV,3a,100.0
KY620635,HCV,3a,100.0
KY620637,HCV,3a,100.0
KY620642,HCV,3a,100.0
KY620639,HCV,3a,100.0
KY620631,HCV,3a,100.0
KY620636,HCV,3a,100.0
KY620634,HCV,3a,100.0
KY620643,HCV,3a,100.0
KY620650,HCV,3a,100.0
KY620648,HCV,3a,100.0
KY620647,HCV,3a,100.0
KY620653,HCV,3a,100.0
KY620646,HCV,3a,100.0
KY620654,HCV,3a,100.0
KY620652,HCV,3a,100.0
ON630886,HCV,4d,100.0
ON630888,HCV,4d,100.0
ON630887,HCV,4d,100.0
ON630883,HCV,4d,100.0
ON630891,HCV,4d,100.0
ON630889,HCV,4d,100.0
ON630766,HCV,1a,100.0
ON630892,HCV,4d,100.0
ON630895,HCV,4d,100.0
ON630890,HCV,4d,100.0
ON630897,HCV,4d,100.0
ON630893,HCV,4d,100.0
ON630898,HCV,4d,100.0
ON630894,HCV,4d,100.0
KC844040,HCV,6w,100.0
KC844041,HCV,3a,100.0
ON630896,HCV,4d,100.0
ON630899,HCV,4d,100.0
HM441238,HCV,3h,100.0
KC844042,HCV,2j,100.0
HM441239,HCV,3h,100.0
KC844037,HCV,6a,100.0
KC844043,HCV,2a,100.0
KX621460,HCV,1a,100.0
KX621465,HCV,1a,100.0
KX621456,HCV,1a,100.0
KX621467,HCV,1a,100.0
KX621454,HCV,3a,100.0
KX621466,HCV,1a,100.0
KX621469,HCV,3a,100.0
KX621470,HCV,3a,100.0
KX621475,HCV,3a,100.0
KX621473,HCV,1a,100.0
KX621476,HCV,3a,100.0
KX621468,HCV,1a,100.0
KX621478,HCV,3a,100.0
KX621471,HCV,1a,100.0
KX621472,HCV,3a,100.0
KX621477,HCV,3a,100.0
KX621482,HCV,1a,100.0
KX621474,HCV,1a,100.0
KX621481,HCV,3a,100.0
KX621479,HCV,3a,100.0
KX621483,HCV,3a,100.0
KX621480,HCV,3a,100.0
KX621484,HCV,1a,100.0
KX621485,HCV,1a,100.0
KX621487,HCV,3a,100.0
KX621486,HCV,3a,100.0
KX621490,HCV,3a,100.0
KX621489,HCV,3a,100.0
KX621488,HCV,3a,100.0
FJ775740,HCV,4a,100.0
FJ775742,HCV,4a,100.0
FJ775743,HCV,4d,100.0
FJ775744,HCV,4a,100.0
FJ775746,HCV,4a,100.0
FJ775749,HCV,4a,100.0
FJ775748,HCV,4d,100.0
FJ775750,HCV,4d,100.0
FJ775747,HCV,4f,100.0
FJ775771,HCV,4a,100.0
FJ775772,HCV,4d,100.0
FJ775773,HCV,4a,100.0
FJ775770,HCV,4p,100.0
FN553281,HCV,5a,100.0
FN553282,HCV,5a,100.0
FN553280,HCV,5a,100.0
KX621496,HCV,3a,100.0
FN553279,HCV,5a,100.0
KX621497,HCV,3a,100.0
KX621493,HCV,1a,100.0
KX621498,HCV,3a,100.0
KX621499,HCV,3a,100.0
KX621500,HCV,1a,100.0
KY620322,HCV,"unassigned_1, 2a-3a",NA
KX621501,HCV,3a,100.0
KX621502,HCV,3a,100.0
KX621503,HCV,3a,100.0
KY620314,HCV,2a,100.0
KY620318,HCV,2a,100.0
KY620319,HCV,2a,100.0
KY620313,HCV,2a,100.0
KY620317,HCV,2a,100.0
KY620321,HCV,2a,100.0
KY620320,HCV,2a,100.0
KY620315,HCV,2a,100.0
KY620316,HCV,2a,100.0
KY620323,HCV,2a,100.0
KY620324,HCV,2a,100.0
KY620325,HCV,2a,100.0
KY620330,HCV,"unassigned_1, 2c-2b-3g-2b-2a",NA
KY620327,HCV,2a,100.0
KY620333,HCV,"unassigned_1, 2c-6h-3h",NA
KY620334,HCV,"unassigned_1, 2c-6h-2b",NA
KY620326,HCV,2a,100.0
KY620328,HCV,2a,100.0
KY620329,HCV,2m,100.0
KY620331,HCV,2c,100.0
KY620332,HCV,2c,100.0
KY620335,HCV,2b,100.0
KY620336,HCV,2b,100.0
KY620339,HCV,2b,100.0
KY620337,HCV,2b,100.0
KY620338,HCV,2b,100.0
KY620341,HCV,2b,100.0
KY620342,HCV,2b,100.0
KY620343,HCV,2b,100.0
KY620346,HCV,2b,100.0
KY620345,HCV,2b,100.0
KY620348,HCV,2b,100.0
KY620340,HCV,2b,100.0
KY620352,HCV,2b,100.0
KY620347,HCV,2b,100.0
KY620351,HCV,2b,100.0
KY620344,HCV,2b,100.0
KY620353,HCV,2b,100.0
KY620356,HCV,2b,100.0
KY620354,HCV,2b,100.0
KY620349,HCV,2b,100.0
KY620357,HCV,2b,100.0
KY620358,HCV,2b,100.0
KY620359,HCV,2b,100.0
KY620355,HCV,2b,100.0
KY620360,HCV,2b,100.0
KY620363,HCV,3a,100.0
KY620361,HCV,2b,100.0
KY620367,HCV,3a,100.0
KY620362,HCV,3a,100.0
KY620369,HCV,3a,100.0
KY620671,HCV,"unassigned_1, 3a-3h",NA
KY620368,HCV,3a,100.0
KY620667,HCV,3a,100.0
KY620365,HCV,3a,100.0
KY620366,HCV,3a,100.0
KY620669,HCV,3a,100.0
KY620673,HCV,3a,100.0
KY620675,HCV,"unassigned_1, 3a-3h",NA
KY620695,HCV,3a,100.0
KY620702,HCV,3a,100.0
KY620708,HCV,3a,100.0
KY620712,HCV,3a,100.0
KY620724,HCV,"unassigned_1, 3a-3h",NA
KY620719,HCV,3a,100.0
KY620728,HCV,3a,100.0
KY620736,HCV,3a,100.0
KY620732,HCV,3a,100.0
KY620751,HCV,3a,100.0
KY620752,HCV,3a,100.0
KY620758,HCV,3a,100.0
KY620763,HCV,3a,100.0
KY620770,HCV,3a,100.0
ON630769,HCV,1a,100.0
ON630775,HCV,1a,100.0
ON630781,HCV,1a,100.0
ON630778,HCV,1a,100.0
ON630793,HCV,1a,100.0
ON630790,HCV,1a,100.0
ON630806,HCV,1a,100.0
ON630803,HCV,1a,100.0
ON630815,HCV,1a,100.0
ON630818,HCV,1a,100.0
ON630828,HCV,1a,100.0
ON630834,HCV,1a,100.0
ON630840,HCV,1a,100.0
ON630842,HCV,1a,100.0
ON630853,HCV,1a,100.0
ON630859,HCV,1a,100.0
AY070170,HCV,"unassigned_1, 2k-1b",NA
ON630865,HCV,1a,100.0
AY070214,HCV,"unassigned_1, 2k-1b",NA
ON630873,HCV,4d,100.0
KX621509,HCV,1a,100.0
KX621517,HCV,1a,100.0
KX621521,HCV,1a,100.0
KX621528,HCV,1a,100.0
KX621535,HCV,1a,100.0
KX621540,HCV,1a,100.0
FJ775734,HCV,4d,100.0
FJ775751,HCV,4a,100.0
FJ775757,HCV,4a,100.0
KY620670,HCV,3a,100.0
KY620666,HCV,3a,100.0
KY620674,HCV,3a,100.0
KY620677,HCV,3a,100.0
KY620678,HCV,3a,100.0
KY620672,HCV,3a,100.0
KY620679,HCV,3a,100.0
KY620680,HCV,3a,100.0
KY620683,HCV,3a,100.0
KY620684,HCV,3a,100.0
KY620676,HCV,3a,100.0
KY620682,HCV,3a,100.0
KY620681,HCV,3a,100.0
KY620686,HCV,3a,100.0
KY620685,HCV,3a,100.0
KY620689,HCV,3a,100.0
KY620688,HCV,3a,100.0
KY620687,HCV,3a,100.0
KY620691,HCV,3a,100.0
KY620694,HCV,3a,100.0
KY620693,HCV,3a,100.0
KY620690,HCV,3a,100.0
KY620696,HCV,3a,100.0
KY620692,HCV,3a,100.0
KY620700,HCV,3a,100.0
KY620701,HCV,3a,100.0
KY620699,HCV,3a,100.0
KY620697,HCV,3a,100.0
KY620706,HCV,3a,100.0
KY620707,HCV,3a,100.0
KY620698,HCV,3a,100.0
KY620704,HCV,3a,100.0
KY620710,HCV,3a,100.0
KY620703,HCV,3a,100.0
KY620705,HCV,3a,100.0
KY620711,HCV,3a,100.0
KY620713,HCV,3a,100.0
KY620709,HCV,3a,100.0
KY620714,HCV,3a,100.0
KY620721,HCV,"unassigned_1, 3a-3h",NA
KY620716,HCV,3a,100.0
KY620718,HCV,3a,100.0
KY620715,HCV,3a,100.0
KY620717,HCV,3a,100.0
KY620720,HCV,3a,100.0
KY620723,HCV,3a,100.0
KY620722,HCV,3a,100.0
KY620726,HCV,3a,100.0
KY620727,HCV,3a,100.0
KY620729,HCV,3a,100.0
KY620725,HCV,3a,100.0
KY620730,HCV,3a,100.0
KY620733,HCV,3a,100.0
KY620734,HCV,3a,100.0
KY620738,HCV,"unassigned_1, 3a-3h",NA
KY620731,HCV,3a,100.0
KY620737,HCV,3a,100.0
KY620740,HCV,3a,100.0
KY620739,HCV,3a,100.0
KY620748,HCV,"unassigned_1, 3a-3h",NA
KY620742,HCV,3a,100.0
KY620741,HCV,3a,100.0
KX621524,HCV,1a,100.0
KX621525,HCV,1a,100.0
KX621523,HCV,1a,100.0
KX621526,HCV,1a,100.0
KX621529,HCV,1a,100.0
KX621527,HCV,3a,100.0
KX621531,HCV,3a,100.0
KX621530,HCV,3a,100.0
KX621532,HCV,1a,100.0
KX621534,HCV,3a,100.0
KX621533,HCV,1a,100.0
KX621536,HCV,1a,100.0
KX621537,HCV,3a,100.0
KX621538,HCV,1a,100.0
KX621539,HCV,3a,100.0
KX621541,HCV,3a,100.0
KX621543,HCV,1a,100.0
KX621542,HCV,1a,100.0
KX621544,HCV,1a,100.0
KJ439767,HCV,1c,100.0
FJ775735,HCV,4d,100.0
KJ439769,HCV,1e,100.0
FJ775736,HCV,4a,100.0
KJ439768,HCV,1b,100.0
FJ775738,HCV,4a,100.0
FJ775737,HCV,4a,100.0
KJ439772,HCV,1b,100.0
KJ439770,HCV,1g,100.0
KJ439773,HCV,1a,100.0
KJ439771,HCV,1h,100.0
KJ439774,HCV,1a,100.0
KJ439775,HCV,1a,100.0
KJ439776,HCV,1l,100.0
KJ439777,HCV,1a,100.0
KJ439779,HCV,1b,100.0
KJ439778,HCV,1a,100.0
KJ439781,HCV,1a,100.0
KJ439780,HCV,1a,100.0
KJ439782,HCV,1a,100.0
OM525862,HCV,1b,100.0
OM525861,HCV,2d,100.0
OM525866,HCV,1a,100.0
OM525865,HCV,1b,100.0
OM525864,HCV,1a,100.0
OM525867,HCV,1b,100.0
OM525863,HCV,1c,100.0
OM525868,HCV,1b,100.0
OM525869,HCV,1b,100.0
OM525873,HCV,"unassigned_1, 1a-1b",NA
OM525870,HCV,2d,100.0
OM525871,HCV,1a,100.0
OM525872,HCV,1b,100.0
OM525875,HCV,1a,100.0
OM525874,HCV,2d,100.0
OM525876,HCV,1b,100.0
OM525877,HCV,2j,80.0
OM525878,HCV,2a,99.0
OM525881,HCV,2d,100.0
OM525883,HCV,1b,100.0
OM525880,HCV,2b,100.0
OM525879,HCV,2j,100.0
OM525882,HCV,1b,100.0
OM525886,HCV,2d,100.0
OM525884,HCV,2q,61.0
OM525887,HCV,2d,100.0
OM525885,HCV,2j,98.0
OM525895,HCV,"unassigned_1, 1b-2a",NA
OM525899,HCV,"unassigned_1, 2b-1b",NA
OM525889,HCV,1b,100.0
OM525890,HCV,2j,67.0
OM525888,HCV,1b,100.0
OM525892,HCV,1b,100.0
OM525891,HCV,1a,100.0
OM525896,HCV,1b,100.0
OM525893,HCV,2a,96.0
OM525894,HCV,1b,100.0
OM525897,HCV,1b,100.0
OM525898,HCV,2d,100.0
OM525908,HCV,"unassigned_1, 2d-2a",NA
OM525902,HCV,1a,100.0
OM525900,HCV,2j,96.0
OM525903,HCV,2q,94.0
OM525901,HCV,2a,78.0
OM525904,HCV,2q,93.0
OM525905,HCV,2j,50.0
OM525906,HCV,1b,100.0
OM525907,HCV,2d,100.0
OM525910,HCV,2d,100.0
OM525909,HCV,1a,100.0
D50480,HCV,1b,100.0
D50481,HCV,1b,100.0
D50484,HCV,1b,100.0
D50483,HCV,1b,100.0
D50482,HCV,1b,100.0
HQ850278,HCV,1a,100.0
D50485,HCV,1b,100.0
HQ850280,HCV,1a,100.0
HQ850279,HCV,1a,100.0
HQ850281,HCV,1a,100.0
HQ850282,HCV,1a,100.0
HQ850283,HCV,1a,100.0
FN553270,HCV,5a,100.0
FN553275,HCV,5a,100.0
FN553269,HCV,5a,100.0
FN553274,HCV,5a,100.0
FN553271,HCV,5a,100.0
FN553272,HCV,5a,100.0
FN553273,HCV,5a,100.0
KY620373,HCV,"unassigned_1, 3a-3h",NA
KY620384,HCV,"unassigned_1, 3a-3h",NA
KY620372,HCV,3a,100.0
KY620487,HCV,3a,100.0
KY620480,HCV,3a,100.0
KY620476,HCV,3a,100.0
KY620491,HCV,3a,100.0
HQ850290,HCV,1a,100.0
KM580611,HCV,1a,100.0
JN704223,HCV,1b,100.0
KM580609,HCV,1a,100.0
KM580612,HCV,1a,100.0
HQ850289,HCV,1a,100.0
HQ850288,HCV,1a,100.0
HQ850284,HCV,1a,100.0
GU451223,HCV,1b,100.0
HQ850287,HCV,1a,100.0
HQ850285,HCV,1a,100.0
GU451219,HCV,1b,100.0
PX091940,HCV,2a,100.0
HQ850286,HCV,1a,100.0
GU451218,HCV,1b,100.0
GU451220,HCV,1b,100.0
PX091942,HCV,3a,100.0
GU451222,HCV,1b,100.0
GU451221,HCV,1b,100.0
D14853,HCV,1c,100.0
GU451224,HCV,1b,100.0
KC248193,HCV,1l,100.0
HQ537009,HCV,4v,100.0
KC248199,HCV,1h,100.0
KM580633,HCV,1b,100.0
KM580621,HCV,1a,100.0
KM580626,HCV,1a,100.0
KM580630,HCV,1b,100.0
KM580637,HCV,1b,100.0
KM580635,HCV,1b,100.0
KM580640,HCV,1b,100.0
KM580639,HCV,1b,100.0
KM588725,HCV,3a,100.0
KM580647,HCV,1b,100.0
KM588716,HCV,3a,100.0
KM580642,HCV,1b,100.0
KM588708,HCV,3a,100.0
KM588714,HCV,3a,100.0
KM588720,HCV,3a,100.0
KM588731,HCV,3a,100.0
KM588723,HCV,3a,100.0
KM588728,HCV,3a,100.0
KM588729,HCV,3a,100.0
KM588734,HCV,3a,100.0
KM588740,HCV,3a,100.0
KM588737,HCV,3a,100.0
KM588739,HCV,3a,100.0
KM589424,HCV,3b,100.0
KM588742,HCV,3a,100.0
KM588747,HCV,3a,100.0
KM588760,HCV,3a,100.0
KM589439,HCV,6f,100.0
KM589436,HCV,6f,100.0
KM589425,HCV,3b,100.0
KM589429,HCV,3b,100.0
KM589450,HCV,6f,100.0
KM589443,HCV,6f,100.0
KM589446,HCV,6f,100.0
JN704213,HCV,1b,100.0
JN704193,HCV,1a,100.0
JN704196,HCV,1b,100.0
JN704198,HCV,1a,100.0
JN704197,HCV,1b,100.0
JN704202,HCV,1a,100.0
JN704205,HCV,1b,100.0
JN704209,HCV,1b,100.0
KT232609,HCV,1b,100.0
JN704218,HCV,1a,100.0
JN704219,HCV,1a,100.0
JN704221,HCV,1b,100.0
KT232587,HCV,1a,100.0
KT232591,HCV,1a,100.0
KT232600,HCV,1b,100.0
KT232595,HCV,1b,100.0
KT232602,HCV,1b,100.0
KT232590,HCV,1b,100.0
KT232601,HCV,1b,100.0
KT232597,HCV,1b,100.0
KT232616,HCV,1b,100.0
KT232621,HCV,1a,100.0
KT232622,HCV,1a,100.0
KT232617,HCV,1b,100.0
KT232610,HCV,1b,100.0
KT232612,HCV,1b,100.0
KT232627,HCV,1a,100.0
KT232603,HCV,1a,100.0
KT232631,HCV,1a,100.0
KT232634,HCV,1b,100.0
KT232633,HCV,1a,100.0
KT232620,HCV,1a,100.0
KT232637,HCV,1a,100.0
KT232632,HCV,1b,100.0
KT232642,HCV,1a,100.0
KT232640,HCV,1a,100.0
KT232636,HCV,1b,100.0
KT232641,HCV,1b,100.0
KT232643,HCV,1a,100.0
KT232653,HCV,1b,100.0
KT232638,HCV,1a,100.0
KT232655,HCV,1a,100.0
KT232654,HCV,1b,100.0
KT232623,HCV,1a,100.0
KT232624,HCV,1b,100.0
KT232618,HCV,1a,100.0
KT232626,HCV,1b,100.0
KT232615,HCV,1b,100.0
KT232625,HCV,1b,100.0
KT232639,HCV,1a,100.0
KT232635,HCV,1b,100.0
KT232647,HCV,1b,100.0
KT232646,HCV,1b,100.0
KT232667,HCV,1a,100.0
KT232659,HCV,1b,100.0
KT232668,HCV,1a,100.0
KT232665,HCV,1b,100.0
KT232660,HCV,1a,100.0
KT232664,HCV,1a,100.0
KT232671,HCV,1a,100.0
KT232678,HCV,1b,100.0
KT232614,HCV,1b,100.0
KT232611,HCV,1b,100.0
KT232661,HCV,1a,100.0
KT232608,HCV,1a,100.0
KT232677,HCV,1a,100.0
KT232679,HCV,1a,100.0
KT232681,HCV,1a,100.0
KT232689,HCV,1a,100.0
KT232684,HCV,1a,100.0
KT232702,HCV,1b,100.0
KT232690,HCV,1a,100.0
KT232692,HCV,1b,100.0
KT232676,HCV,1a,100.0
KT232713,HCV,1a,100.0
KT232723,HCV,1a,100.0
KT232717,HCV,1a,100.0
KT232691,HCV,1a,100.0
KT232694,HCV,1b,100.0
KT232724,HCV,1a,100.0
KT232730,HCV,1a,100.0
KT232727,HCV,1a,100.0
KT232726,HCV,1a,100.0
KT232734,HCV,1a,100.0
KT232699,HCV,1a,100.0
KT232743,HCV,1b,100.0
KT232736,HCV,1a,100.0
KT232722,HCV,1a,100.0
KT232737,HCV,1a,100.0
KT232735,HCV,1a,100.0
KT232742,HCV,1b,100.0
KT232725,HCV,1a,100.0
KT232728,HCV,1b,100.0
KT232733,HCV,1a,100.0
KT232731,HCV,1b,100.0
KT232738,HCV,1b,100.0
KT232744,HCV,1a,100.0
KT232747,HCV,1b,100.0
KT232753,HCV,1a,100.0
KT232748,HCV,1b,100.0
KT232732,HCV,1a,100.0
KT232751,HCV,1a,100.0
KT232755,HCV,1b,100.0
KT232746,HCV,1a,100.0
KT232756,HCV,1b,100.0
KT232754,HCV,1b,100.0
KT232749,HCV,1b,100.0
KT232752,HCV,1a,100.0
KT232759,HCV,1b,100.0
KT232739,HCV,1a,100.0
KT232740,HCV,1a,100.0
KT232750,HCV,1b,100.0
KT232762,HCV,1a,100.0
KT232768,HCV,1b,100.0
KT232741,HCV,1a,100.0
KT232745,HCV,1a,100.0
KT232729,HCV,1b,100.0
KT232757,HCV,1a,100.0
KT232766,HCV,1b,100.0
KT232765,HCV,1a,100.0
KT232758,HCV,1a,100.0
KT232771,HCV,1a,100.0
KT232761,HCV,1b,100.0
KT232763,HCV,1b,100.0
KT232760,HCV,1b,100.0
KT232786,HCV,1a,100.0
KT232764,HCV,1a,100.0
KT232774,HCV,1a,100.0
KT232772,HCV,1a,100.0
KT232769,HCV,1b,100.0
KT232773,HCV,1a,100.0
KT232776,HCV,1b,100.0
KT232770,HCV,1a,100.0
KT232775,HCV,1b,100.0
KT232783,HCV,1b,100.0
KT232767,HCV,1a,100.0
KT232785,HCV,1a,100.0
KT232782,HCV,1b,100.0
KT232777,HCV,1a,100.0
KT232787,HCV,1a,100.0
KT232789,HCV,1b,100.0
KT232778,HCV,1a,100.0
KT232794,HCV,1b,100.0
KT232791,HCV,1a,100.0
KT232798,HCV,1b,100.0
KT232801,HCV,1b,100.0
KT232796,HCV,1b,100.0
KT232812,HCV,1b,100.0
KT232811,HCV,1b,100.0
KT232800,HCV,1b,100.0
KT232810,HCV,1a,100.0
KT232809,HCV,1b,100.0
KT232813,HCV,1b,100.0
KT232824,HCV,1a,100.0
KT232827,HCV,1b,100.0
KT232826,HCV,1a,100.0
KT232830,HCV,1b,100.0
KT232825,HCV,1b,100.0
KT232837,HCV,1a,100.0
KT232836,HCV,1b,100.0
KT232840,HCV,1b,100.0
KT232838,HCV,1a,100.0
KT232828,HCV,1b,100.0
KT232835,HCV,1a,100.0
KT232843,HCV,1b,100.0
KT232839,HCV,1b,100.0
KT232844,HCV,1b,100.0
KT232853,HCV,1a,100.0
KT232852,HCV,1b,100.0
KT232851,HCV,1b,100.0
KT232841,HCV,1b,100.0
KT232857,HCV,1b,100.0
KT232859,HCV,1a,100.0
KT232814,HCV,1b,100.0
KT232863,HCV,1a,100.0
KT232864,HCV,1b,100.0
KT232861,HCV,1b,100.0
KT232869,HCV,1a,100.0
KT232874,HCV,1b,100.0
KT232856,HCV,1b,100.0
KT232875,HCV,1a,100.0
KT232877,HCV,1a,100.0
KT232870,HCV,1a,100.0
KT232876,HCV,1b,100.0
KT232873,HCV,1a,100.0
KT232878,HCV,1b,100.0
KT232872,HCV,1b,100.0
KT232879,HCV,1a,100.0
KT232884,HCV,1b,100.0
KT232866,HCV,1b,100.0
KT232882,HCV,1a,100.0
KT232888,HCV,1b,100.0
KT232890,HCV,1b,100.0
KT232893,HCV,1b,100.0
KT232881,HCV,1a,100.0
KT232883,HCV,1b,100.0
KT232894,HCV,1b,100.0
KT232897,HCV,1b,100.0
KT232901,HCV,1b,100.0
KT232899,HCV,1b,100.0
KT232898,HCV,1b,100.0
KT232905,HCV,1b,100.0
KT232903,HCV,1b,100.0
KT232886,HCV,1b,100.0
KT232900,HCV,1a,100.0
KT232909,HCV,1b,100.0
KT232925,HCV,1b,100.0
KT232922,HCV,1b,100.0
KT232924,HCV,1b,100.0
KT232932,HCV,1b,100.0
KT232927,HCV,1b,100.0
KT232931,HCV,1b,100.0
KT232930,HCV,1b,100.0
KT232934,HCV,1b,100.0
KT232935,HCV,1b,100.0
KT232938,HCV,1b,100.0
KT232942,HCV,1b,100.0
KT232945,HCV,1b,100.0
KT232941,HCV,1b,100.0
KT232947,HCV,1b,100.0
KT232944,HCV,1b,100.0
KT232952,HCV,1b,100.0
KT232951,HCV,1b,100.0
KT232949,HCV,1b,100.0
KT232956,HCV,1b,100.0
KT232958,HCV,1b,100.0
KT232972,HCV,1b,100.0
KT232976,HCV,1b,100.0
KT232974,HCV,1b,100.0
KT232975,HCV,1b,100.0
KT232969,HCV,1b,100.0
KT232970,HCV,1a,100.0
KT232960,HCV,1b,100.0
KT232980,HCV,1b,100.0
KT232985,HCV,1b,100.0
KT232982,HCV,1b,100.0
KT232986,HCV,1b,100.0
KT232991,HCV,1b,100.0
KT232990,HCV,1b,100.0
KT232998,HCV,1b,100.0
KT233002,HCV,1b,100.0
KT233003,HCV,1b,100.0
KT233004,HCV,1b,100.0
KT233001,HCV,1b,100.0
KT233000,HCV,1b,100.0
KT233006,HCV,1b,100.0
KT233005,HCV,1b,100.0
KT232996,HCV,1b,100.0
KT232989,HCV,1b,100.0
KT232784,HCV,1b,100.0
KT232790,HCV,1a,100.0
KT232779,HCV,1b,100.0
KT232792,HCV,1a,100.0
KT232797,HCV,1b,100.0
KT232804,HCV,1b,100.0
KT232795,HCV,1b,100.0
KT232806,HCV,1a,100.0
KT232799,HCV,1b,100.0
KT232802,HCV,1b,100.0
KT232793,HCV,1b,100.0
KT232805,HCV,1b,100.0
KT232808,HCV,1b,100.0
KT232807,HCV,1a,100.0
KT232803,HCV,1a,100.0
KT232815,HCV,1b,100.0
KT232818,HCV,1a,100.0
KT232819,HCV,1a,100.0
KT232816,HCV,1a,100.0
KT232820,HCV,1b,100.0
KT232822,HCV,1b,100.0
KT232821,HCV,1a,100.0
KT232823,HCV,1a,100.0
KT232817,HCV,1a,100.0
KT232780,HCV,1b,100.0
KT232829,HCV,1b,100.0
KT232832,HCV,1b,100.0
KT232831,HCV,1b,100.0
KT232834,HCV,1b,100.0
KT232833,HCV,1a,100.0
KT232847,HCV,1a,100.0
KT232848,HCV,1a,100.0
KT232846,HCV,1b,100.0
KT232845,HCV,1b,100.0
KT232849,HCV,1b,100.0
KT232842,HCV,1b,100.0
KT232850,HCV,1b,100.0
KT232854,HCV,1a,100.0
KT232860,HCV,1a,100.0
KT232862,HCV,1b,100.0
KT232865,HCV,1b,100.0
KT232867,HCV,1a,100.0
KT232858,HCV,1b,100.0
KT232868,HCV,1b,100.0
KT232871,HCV,1b,100.0
KT232885,HCV,1b,100.0
KT232889,HCV,1a,100.0
KT232887,HCV,1b,100.0
KT232892,HCV,1b,100.0
KT232891,HCV,1b,100.0
KT232895,HCV,1a,100.0
KT232904,HCV,1a,100.0
KT232902,HCV,1b,100.0
KT232908,HCV,1a,100.0
KT232880,HCV,1b,100.0
KT232907,HCV,1b,100.0
KT232915,HCV,1a,100.0
KT232921,HCV,1b,100.0
KT232918,HCV,1b,100.0
KT232913,HCV,1b,100.0
KT232919,HCV,1b,100.0
KT232926,HCV,1b,100.0
KT232914,HCV,1a,100.0
KT232929,HCV,1b,100.0
KT232928,HCV,1b,100.0
KT232933,HCV,1b,100.0
KT232923,HCV,1b,100.0
KT232936,HCV,1b,100.0
KT232939,HCV,1b,100.0
KT232937,HCV,1b,100.0
KT232940,HCV,1b,100.0
KT232943,HCV,1b,100.0
KT232920,HCV,1a,100.0
KT232948,HCV,1b,100.0
KT232950,HCV,1b,100.0
KT232962,HCV,1b,100.0
KT232959,HCV,1b,100.0
KT232963,HCV,1b,100.0
KT232965,HCV,1b,100.0
KT232966,HCV,1b,100.0
KT232961,HCV,1b,100.0
KT232964,HCV,1b,100.0
KT232967,HCV,1b,100.0
KT232968,HCV,1b,100.0
KT232971,HCV,1b,100.0
KT232978,HCV,1b,100.0
KT232973,HCV,1a,100.0
KT232953,HCV,1b,100.0
KT232977,HCV,1b,100.0
KT232957,HCV,1b,100.0
KT232954,HCV,1b,100.0
KT232981,HCV,1b,100.0
KT232988,HCV,1b,100.0
KT232987,HCV,1a,100.0
KT232984,HCV,1b,100.0
KT232994,HCV,1b,100.0
KT232993,HCV,1b,100.0
KT232983,HCV,1b,100.0
KT232997,HCV,1b,100.0
KT232999,HCV,1b,100.0
KT233009,HCV,1b,100.0
KT232992,HCV,1b,100.0
KT233014,HCV,1a,100.0
KT233017,HCV,1b,100.0
KT233018,HCV,1a,100.0
KT233026,HCV,1a,100.0
KT233029,HCV,1a,100.0
KT233032,HCV,1a,100.0
KT233022,HCV,1a,100.0
KT233020,HCV,1b,100.0
KT232648,HCV,1a,100.0
KT232644,HCV,1b,100.0
KT232650,HCV,1a,100.0
KT232649,HCV,1b,100.0
KT232652,HCV,1b,100.0
KT232658,HCV,1b,100.0
KT232651,HCV,1b,100.0
KT232645,HCV,1b,100.0
KT232662,HCV,1b,100.0
KT232663,HCV,1a,100.0
KT232672,HCV,1b,100.0
KT232670,HCV,1b,100.0
KT232673,HCV,1b,100.0
KT232669,HCV,1a,100.0
KT232675,HCV,1b,100.0
KT232666,HCV,1a,100.0
KT232680,HCV,1b,100.0
KT232674,HCV,1b,100.0
KT232656,HCV,1a,100.0
KT232682,HCV,1b,100.0
KT232657,HCV,1b,100.0
KT232683,HCV,1b,100.0
KT232687,HCV,1a,100.0
KT232686,HCV,1a,100.0
KT232685,HCV,1a,100.0
KT232693,HCV,1b,100.0
KT232695,HCV,1a,100.0
KT232698,HCV,1a,100.0
KT232688,HCV,1a,100.0
KT232701,HCV,1a,100.0
KT232696,HCV,1a,100.0
KT232703,HCV,1b,100.0
KT232705,HCV,1b,100.0
KT232704,HCV,1b,100.0
KT232711,HCV,1b,100.0
KT232709,HCV,1a,100.0
KT232707,HCV,1a,100.0
KT232708,HCV,1a,100.0
KT232710,HCV,1b,100.0
KT232712,HCV,1b,100.0
KT232700,HCV,1b,100.0
KT232706,HCV,1a,100.0
KT232716,HCV,1b,100.0
KT232697,HCV,1a,100.0
KT232715,HCV,1b,100.0
KT232714,HCV,1b,100.0
KT232718,HCV,1a,100.0
KT232719,HCV,1a,100.0
KT232721,HCV,1b,100.0
KT232720,HCV,1a,100.0
KT232910,HCV,1a,100.0
KT232911,HCV,1a,100.0
KT232912,HCV,1b,100.0
KT232917,HCV,1b,100.0
KT232896,HCV,1b,100.0
KT232916,HCV,1b,100.0
KT232946,HCV,1b,100.0
KT232979,HCV,1b,100.0
KT233013,HCV,1b,100.0
KT233023,HCV,1a,100.0
JN704222,HCV,1b,100.0
KT233048,HCV,1a,100.0
KT233045,HCV,1a,100.0
KT233047,HCV,1a,100.0
JN704278,HCV,1a,100.0
JN704279,HCV,1b,100.0
KT232335,HCV,1b,100.0
KT232338,HCV,1b,100.0
KT232341,HCV,1b,100.0
KT232343,HCV,1b,100.0
KT232339,HCV,1b,100.0
KT232329,HCV,1b,100.0
KT232337,HCV,1b,100.0
KT232361,HCV,1a,100.0
KT232357,HCV,1a,100.0
KT232363,HCV,1a,100.0
KT232347,HCV,1a,100.0
KT232360,HCV,1a,100.0
KT232362,HCV,1a,100.0
KT232349,HCV,1b,100.0
KT232367,HCV,1b,100.0
KT232350,HCV,1b,100.0
KT232372,HCV,1a,100.0
KT232370,HCV,1b,100.0
KT232371,HCV,1a,100.0
KT232369,HCV,1b,100.0
KT232379,HCV,1b,100.0
KT232386,HCV,1a,100.0
KT232388,HCV,1a,100.0
KT232390,HCV,1b,100.0
KT232375,HCV,1b,100.0
KT232389,HCV,1a,100.0
KT232391,HCV,1b,100.0
KT232403,HCV,1b,100.0
KT232405,HCV,1a,100.0
KT232408,HCV,1b,100.0
KT232411,HCV,1a,100.0
KT232409,HCV,1b,100.0
KT232412,HCV,1b,100.0
KT232413,HCV,1a,100.0
KT232414,HCV,1b,100.0
KT232419,HCV,1a,100.0
KT233030,HCV,1b,100.0
KT233036,HCV,1a,100.0
KT233040,HCV,1a,100.0
KT233043,HCV,1a,100.0
KT232584,HCV,1b,100.0
KT232593,HCV,1b,100.0
KT232592,HCV,1b,100.0
KT232594,HCV,1b,100.0
KT232604,HCV,1b,100.0
KT232599,HCV,1b,100.0
KT232596,HCV,1b,100.0
KT232605,HCV,1b,100.0
KT232606,HCV,1a,100.0
KT232607,HCV,1b,100.0
KT232628,HCV,1a,100.0
KT232619,HCV,1b,100.0
KT232613,HCV,1b,100.0
KT232630,HCV,1b,100.0
KT232629,HCV,1a,100.0
KT232410,HCV,1a,100.0
KT232407,HCV,1b,100.0
KT232396,HCV,1a,100.0
KT232429,HCV,1a,100.0
KT232427,HCV,1b,100.0
KT232430,HCV,1a,100.0
KT232417,HCV,1a,100.0
KT232424,HCV,1a,100.0
KT232442,HCV,1a,100.0
KT232435,HCV,1a,100.0
KT232445,HCV,1a,100.0
KT232444,HCV,1a,100.0
KT232457,HCV,1a,100.0
KT232456,HCV,1a,100.0
KT232460,HCV,1a,100.0
KT232465,HCV,1a,100.0
KT232452,HCV,1b,100.0
KT232498,HCV,1a,100.0
KT232493,HCV,1b,100.0
KT232492,HCV,1b,100.0
KT232491,HCV,1a,100.0
KT232517,HCV,1a,100.0
KT232521,HCV,1b,100.0
KT232525,HCV,1b,100.0
KT232527,HCV,1b,100.0
KT232526,HCV,1b,100.0
KT232507,HCV,1a,100.0
KT232534,HCV,1b,100.0
KT232529,HCV,1b,100.0
KT232528,HCV,1b,100.0
KT232530,HCV,1b,100.0
KT232531,HCV,1b,100.0
KT232536,HCV,1b,100.0
KT232538,HCV,1b,100.0
KT232539,HCV,1b,100.0
KT232543,HCV,1b,100.0
KT232549,HCV,1b,100.0
KT232541,HCV,1b,100.0
KT232578,HCV,1b,100.0
KT232580,HCV,1b,100.0
KT232572,HCV,1b,100.0
KT232588,HCV,1a,100.0
KT232581,HCV,1b,100.0
KT232589,HCV,1b,100.0
KT232585,HCV,1b,100.0
KT232781,HCV,1a,100.0
KT232788,HCV,1a,100.0
KT232955,HCV,1b,100.0
KT232598,HCV,1b,100.0
KT232855,HCV,1b,100.0
KT232906,HCV,1a,100.0
KT232995,HCV,1b,100.0
KT233016,HCV,1b,100.0
KT233012,HCV,1b,100.0
KT233010,HCV,1b,100.0
KT233011,HCV,1b,100.0
KT233015,HCV,1b,100.0
KT233008,HCV,1b,100.0
KT233007,HCV,1b,100.0
KT233024,HCV,1a,100.0
KT233025,HCV,1a,100.0
KT233027,HCV,1a,100.0
KT233039,HCV,1a,100.0
KT233035,HCV,1b,100.0
KT233037,HCV,1a,100.0
KT233034,HCV,1b,100.0
KT233038,HCV,1a,100.0
KT233050,HCV,1a,100.0
KT233049,HCV,1b,100.0
KT233046,HCV,1a,100.0
KM580614,HCV,1a,100.0
KM580615,HCV,1a,100.0
KM580616,HCV,1a,100.0
KM580623,HCV,1a,100.0
KM580625,HCV,1a,100.0
KM580619,HCV,1b,98.0
KM580629,HCV,1b,100.0
KM580631,HCV,1b,100.0
KM580632,HCV,1b,100.0
HQ537008,HCV,4v,100.0
KM580646,HCV,1b,100.0
KM580641,HCV,1b,100.0
KM580644,HCV,1b,100.0
KC248197,HCV,1l,100.0
KM580650,HCV,1b,100.0
KM580655,HCV,1b,100.0
KM580636,HCV,1b,100.0
KC248198,HCV,1h,100.0
KM588707,HCV,3a,100.0
KM580652,HCV,1b,100.0
KM580653,HCV,1b,100.0
KT233031,HCV,1a,100.0
KT233033,HCV,1a,100.0
KT233028,HCV,1b,100.0
KT233044,HCV,1b,100.0
KT233042,HCV,1a,100.0
KT233041,HCV,1a,100.0
PX091941,HCV,1b,100.0
KM580608,HCV,1a,100.0
KM580610,HCV,1a,100.0
KM580613,HCV,1a,100.0
KM580617,HCV,1a,100.0
KM580618,HCV,1a,100.0
KC248195,HCV,1l,100.0
KM580622,HCV,1a,100.0
KC248196,HCV,1l,100.0
KC248194,HCV,1e,100.0
KM580620,HCV,1a,100.0
KM580628,HCV,1b,100.0
KM580624,HCV,1a,100.0
KM580634,HCV,1b,100.0
KM580627,HCV,1a,100.0
HQ537007,HCV,1b,100.0
KM580638,HCV,1b,100.0
LC650200,HCV,1g,100.0
KM580645,HCV,1b,100.0
KM580649,HCV,1b,100.0
KM580643,HCV,1b,100.0
KM580648,HCV,1b,100.0
KM580654,HCV,1b,100.0
KM588709,HCV,3a,100.0
KM588706,HCV,3a,100.0
KM588712,HCV,3a,100.0
KM588713,HCV,3a,100.0
KM588711,HCV,3a,100.0
KM580651,HCV,1b,100.0
KM588718,HCV,3a,100.0
KM588719,HCV,3a,100.0
KM588721,HCV,3a,100.0
KM588710,HCV,3a,100.0
KT233021,HCV,1a,100.0
KM588724,HCV,3a,100.0
KM588715,HCV,3a,100.0
KM588722,HCV,3a,100.0
KM588727,HCV,3a,100.0
KM588717,HCV,3a,100.0
KM588733,HCV,3a,100.0
KT233019,HCV,1b,100.0
KM588744,HCV,3a,100.0
KM588736,HCV,3a,100.0
KM588738,HCV,3a,100.0
KM588743,HCV,3a,100.0
KM588732,HCV,3a,100.0
KM588726,HCV,3a,100.0
KM588730,HCV,3a,100.0
KM588750,HCV,3a,100.0
KM588749,HCV,3a,100.0
KM588746,HCV,3a,100.0
KM588741,HCV,3a,100.0
KM588735,HCV,3a,100.0
KM588753,HCV,3a,100.0
KM588745,HCV,3a,100.0
KM588748,HCV,3a,100.0
KM588752,HCV,3a,100.0
KM589423,HCV,3b,100.0
KM588755,HCV,3a,100.0
KM589426,HCV,3b,100.0
KM588759,HCV,3a,100.0
KM589422,HCV,3b,100.0
KM588751,HCV,3a,100.0
KM588756,HCV,3a,100.0
KM588758,HCV,3a,100.0
KM589434,HCV,3b,100.0
KM589433,HCV,3b,100.0
KM589435,HCV,6f,100.0
KM589430,HCV,3b,100.0
KM588754,HCV,3a,100.0
KM588757,HCV,3a,100.0
KM589427,HCV,3b,100.0
KM589428,HCV,3b,100.0
KM589441,HCV,6f,100.0
KM589448,HCV,6f,100.0
KM589440,HCV,6f,100.0
KM589437,HCV,6f,100.0
KM589444,HCV,6f,100.0
KM589438,HCV,6f,100.0
KM589432,HCV,3b,100.0
KM589445,HCV,6f,100.0
KM589447,HCV,6f,100.0
JN704192,HCV,1b,100.0
KM589449,HCV,6f,100.0
KM589451,HCV,6f,100.0
JN704199,HCV,1a,100.0
JN704194,HCV,1a,100.0
JN704201,HCV,1b,100.0
KM589431,HCV,3b,100.0
JN704203,HCV,1a,100.0
JN704200,HCV,1b,100.0
JN704208,HCV,1a,100.0
JN704195,HCV,1b,100.0
KM589442,HCV,6f,100.0
KM589452,HCV,6f,100.0
JN704210,HCV,1a,100.0
JN704204,HCV,1a,100.0
JN704211,HCV,1b,100.0
JN704212,HCV,1b,100.0
JN704206,HCV,1a,100.0
JN704215,HCV,1b,100.0
JN704224,HCV,1a,100.0
JN704229,HCV,1a,100.0
JN704207,HCV,1b,100.0
JN704230,HCV,1a,100.0
JN704214,HCV,1b,100.0
JN704216,HCV,1b,100.0
JN704217,HCV,1b,100.0
JN704228,HCV,1b,100.0
JN704241,HCV,1a,100.0
JN704240,HCV,1a,100.0
JN704237,HCV,1a,100.0
JN704232,HCV,1a,100.0
JN704220,HCV,1a,100.0
JN704239,HCV,1a,100.0
JN704227,HCV,1b,100.0
JN704238,HCV,1a,100.0
JN704234,HCV,1a,100.0
JN704226,HCV,1b,100.0
JN704236,HCV,1a,100.0
JN704235,HCV,1a,100.0
JN704244,HCV,1a,100.0
JN704246,HCV,1a,100.0
JN704233,HCV,1a,100.0
JN704242,HCV,1a,100.0
JN704231,HCV,1a,100.0
JN704245,HCV,1b,100.0
JN704249,HCV,1a,100.0
JN704254,HCV,1a,100.0
JN704252,HCV,1a,100.0
JN704247,HCV,1a,100.0
JN704255,HCV,1b,100.0
JN704250,HCV,1a,100.0
JN704248,HCV,1a,100.0
JN704225,HCV,1b,100.0
JN704257,HCV,1a,100.0
JN704259,HCV,1b,100.0
JN704256,HCV,1a,100.0
JN704243,HCV,1b,100.0
JN704251,HCV,1a,100.0
JN704267,HCV,1a,100.0
JN704261,HCV,1a,100.0
JN704260,HCV,1a,100.0
JN704271,HCV,1b,100.0
JN704263,HCV,1a,100.0
JN704258,HCV,1b,100.0
JN704262,HCV,1a,100.0
JN704253,HCV,1a,100.0
JN704277,HCV,1a,100.0
JN704265,HCV,1b,100.0
JN704264,HCV,1a,100.0
JN704266,HCV,1a,100.0
JN704269,HCV,1a,100.0
JN704274,HCV,1a,100.0
JN704273,HCV,1a,100.0
JN704283,HCV,1a,100.0
JN704268,HCV,1a,100.0
JN704270,HCV,1a,100.0
JN704282,HCV,1a,100.0
JN704275,HCV,1a,100.0
JN704284,HCV,1a,100.0
JN704286,HCV,1a,100.0
JN704285,HCV,1a,100.0
JN704292,HCV,1b,100.0
JN704294,HCV,1a,100.0
JN704293,HCV,1a,100.0
JN704298,HCV,1b,100.0
KT232323,HCV,1b,100.0
KT232328,HCV,1b,100.0
KT232331,HCV,1b,100.0
KT232330,HCV,1b,100.0
JN704299,HCV,1b,100.0
KT232326,HCV,1b,100.0
KT232325,HCV,1b,100.0
KT232334,HCV,1b,100.0
KT232336,HCV,1b,100.0
KT232344,HCV,1b,100.0
KT232355,HCV,1a,100.0
KT232340,HCV,1b,100.0
KT232352,HCV,1a,100.0
KT232353,HCV,1b,100.0
KT232351,HCV,1a,100.0
JN704276,HCV,1a,100.0
JN704280,HCV,1a,100.0
JN704289,HCV,1b,100.0
JN704291,HCV,1a,100.0
JN704281,HCV,1a,100.0
JN704288,HCV,1b,100.0
JN704287,HCV,1b,100.0
JN704300,HCV,1b,100.0
JN704296,HCV,1b,100.0
JN704295,HCV,1a,100.0
KT232327,HCV,1b,100.0
JN704297,HCV,1b,100.0
KT232333,HCV,1b,100.0
KT232332,HCV,1b,100.0
KT232345,HCV,1a,100.0
KT232342,HCV,1b,100.0
KT232324,HCV,1b,100.0
KT232346,HCV,1a,100.0
KT232348,HCV,1a,100.0
KT232354,HCV,1a,100.0
KT232356,HCV,1b,100.0
KT232365,HCV,1a,100.0
KT232364,HCV,1a,100.0
KT232368,HCV,1a,100.0
KT232359,HCV,1b,100.0
KT232366,HCV,1a,100.0
KT232358,HCV,1a,100.0
KT232378,HCV,1b,100.0
KT232377,HCV,1b,100.0
KT232376,HCV,1b,100.0
KT232380,HCV,1a,100.0
KT232385,HCV,1a,100.0
KT232373,HCV,1b,100.0
KT232394,HCV,1a,100.0
KT232400,HCV,1a,100.0
KT232382,HCV,1b,100.0
KT232387,HCV,1a,100.0
KT232374,HCV,1b,100.0
KT232392,HCV,1b,100.0
KT232383,HCV,1a,100.0
KT232384,HCV,1a,100.0
KT232395,HCV,1b,100.0
KT232402,HCV,1b,100.0
KT232404,HCV,1b,100.0
KT232401,HCV,1a,100.0
KT232393,HCV,1a,100.0
KT232381,HCV,1a,100.0
KT232399,HCV,1b,100.0
KT232397,HCV,1b,100.0
KT232398,HCV,1b,100.0
JN704272,HCV,1b,100.0
KT232416,HCV,1b,100.0
JN704290,HCV,1a,100.0
KT232415,HCV,1b,100.0
KT232406,HCV,1b,100.0
KT232432,HCV,1b,100.0
KT232426,HCV,1b,100.0
KT232443,HCV,1a,100.0
KT232439,HCV,1b,100.0
KT232418,HCV,1a,100.0
KT232420,HCV,1b,100.0
KT232421,HCV,1a,100.0
KT232423,HCV,1a,100.0
KT232425,HCV,1a,100.0
KT232422,HCV,1a,100.0
KT232428,HCV,1b,100.0
KT232441,HCV,1a,100.0
KT232450,HCV,1a,100.0
KT232448,HCV,1a,100.0
KT232431,HCV,1b,100.0
KT232446,HCV,1b,100.0
KT232451,HCV,1a,100.0
KT232449,HCV,1b,100.0
KT232454,HCV,1a,100.0
KT232453,HCV,1b,100.0
KT232433,HCV,1b,100.0
KT232464,HCV,1a,100.0
KT232440,HCV,1b,100.0
KT232436,HCV,1a,100.0
KT232462,HCV,1a,100.0
KT232466,HCV,1a,100.0
KT232455,HCV,1b,100.0
KT232463,HCV,1b,100.0
KT232467,HCV,1a,100.0
KT232468,HCV,1a,100.0
KT232474,HCV,1b,100.0
KT232459,HCV,1a,100.0
KT232447,HCV,1a,100.0
KT232437,HCV,1a,100.0
KT232434,HCV,1a,100.0
KT232438,HCV,1b,100.0
KT232477,HCV,1a,100.0
KT232461,HCV,1b,100.0
KT232472,HCV,1a,100.0
KT232481,HCV,1b,100.0
KT232482,HCV,1b,100.0
KT232469,HCV,1a,100.0
KT232480,HCV,1b,100.0
KT232476,HCV,1b,100.0
KT232470,HCV,1a,100.0
KT232479,HCV,1a,100.0
KT232478,HCV,1a,100.0
KT232458,HCV,1a,100.0
KT232471,HCV,1a,100.0
KT232486,HCV,1b,100.0
KT232475,HCV,1b,100.0
KT232497,HCV,1a,100.0
KT232499,HCV,1a,100.0
KT232488,HCV,1b,100.0
KT232496,HCV,1a,100.0
KT232484,HCV,1b,100.0
KT232494,HCV,1b,100.0
KT232500,HCV,1b,100.0
KT232483,HCV,1a,100.0
KT232501,HCV,1b,100.0
KT232495,HCV,1b,100.0
KT232505,HCV,1a,100.0
KT232509,HCV,1b,100.0
KT232503,HCV,1b,100.0
KT232504,HCV,1a,100.0
KT232485,HCV,1b,100.0
KT232502,HCV,1b,100.0
KT232511,HCV,1a,100.0
KT232473,HCV,1b,100.0
KT232510,HCV,1a,100.0
KT232508,HCV,1b,100.0
KT232513,HCV,1b,100.0
KT232516,HCV,1a,100.0
KT232515,HCV,1a,100.0
KT232518,HCV,1a,100.0
KT232514,HCV,1a,100.0
KT232487,HCV,1b,100.0
KT232506,HCV,1b,100.0
KT232519,HCV,1a,100.0
KT232489,HCV,1b,100.0
KT232490,HCV,1a,100.0
KT232512,HCV,1b,100.0
KT232532,HCV,1b,100.0
KT232533,HCV,1b,100.0
KT232540,HCV,1b,100.0
KT232523,HCV,1b,100.0
KT232524,HCV,1b,100.0
KT232520,HCV,1a,100.0
KT232535,HCV,1b,100.0
KT232522,HCV,1b,100.0
KT232546,HCV,1b,100.0
KT232542,HCV,1b,100.0
KT232553,HCV,1a,100.0
KT232550,HCV,1b,100.0
KT232548,HCV,1b,100.0
KT232557,HCV,1b,100.0
KT232537,HCV,1b,100.0
KT232544,HCV,1b,100.0
KT232547,HCV,1b,100.0
KT232555,HCV,1a,100.0
KT232552,HCV,1a,100.0
KT232545,HCV,1b,100.0
KT232551,HCV,1a,100.0
KT232558,HCV,1a,100.0
KT232564,HCV,1b,100.0
KT232563,HCV,1a,100.0
KT232573,HCV,1a,100.0
KT232568,HCV,1b,100.0
KT232574,HCV,1b,100.0
KT232565,HCV,1b,100.0
KT232560,HCV,1b,100.0
KT232556,HCV,1a,100.0
KT232554,HCV,1b,100.0
KT232559,HCV,1a,100.0
KT232569,HCV,1b,100.0
KT232570,HCV,1a,100.0
KT232577,HCV,1a,100.0
KT232576,HCV,1b,100.0
KT232583,HCV,1a,100.0
KT232575,HCV,1a,100.0
KT232582,HCV,1a,100.0
KT232562,HCV,1a,100.0
KT232566,HCV,1b,100.0
KT232571,HCV,1a,100.0
KT232586,HCV,1b,100.0
KT232579,HCV,1a,100.0
KT232567,HCV,1a,100.0
KT232561,HCV,1b,100.0
KT233418,HCV,1a,100.0
KT233431,HCV,1a,100.0
KT233429,HCV,1a,100.0
KT233423,HCV,1a,100.0
KT233529,HCV,1a,100.0
KT233530,HCV,1a,100.0
KT233535,HCV,1a,100.0
KT233404,HCV,1a,100.0
KT233332,HCV,1a,100.0
KT233292,HCV,3a,100.0
KT233403,HCV,1a,100.0
KT233406,HCV,1a,100.0
KT233432,HCV,1a,100.0
KT233521,HCV,1a,100.0
KT233417,HCV,1a,100.0
KT233420,HCV,1b,100.0
KT233416,HCV,1a,100.0
KT233839,HCV,1b,100.0
KT233845,HCV,1b,100.0
KT233865,HCV,1a,100.0
KT233854,HCV,1a,100.0
KT233876,HCV,1a,100.0
KT233877,HCV,1a,100.0
KT233873,HCV,1b,100.0
KT233852,HCV,1b,100.0
KT233870,HCV,1a,100.0
KT233866,HCV,1b,100.0
KT233863,HCV,1b,100.0
KT233926,HCV,1b,100.0
KT233878,HCV,1a,100.0
KT233880,HCV,1a,100.0
KT233882,HCV,1b,100.0
KT233881,HCV,1a,100.0
KT233883,HCV,1a,100.0
KT233053,HCV,1a,100.0
KT234047,HCV,1b,100.0
KT234050,HCV,1b,100.0
KT233051,HCV,1a,100.0
KT233055,HCV,1a,100.0
KT233057,HCV,1a,100.0
KT233054,HCV,1a,100.0
KT233062,HCV,1a,100.0
KT233059,HCV,1a,100.0
KT233060,HCV,1a,100.0
KT233061,HCV,1b,100.0
KT233072,HCV,1a,100.0
KT233070,HCV,1b,100.0
KT233069,HCV,1a,100.0
KT233074,HCV,1b,100.0
KT233073,HCV,1b,100.0
KT233071,HCV,1a,100.0
KT233058,HCV,1a,100.0
KT233091,HCV,1a,100.0
KT233092,HCV,1b,100.0
KT233090,HCV,1a,100.0
KT233056,HCV,1a,100.0
KT233089,HCV,1a,100.0
KT233086,HCV,1b,100.0
KT233093,HCV,1a,100.0
KT233080,HCV,1a,100.0
KT233067,HCV,1a,100.0
KT233063,HCV,1b,100.0
KT233083,HCV,1a,100.0
KT233097,HCV,1a,100.0
KT233095,HCV,1a,100.0
KT233102,HCV,1a,100.0
KT233101,HCV,1a,100.0
KT233088,HCV,1b,100.0
KT233103,HCV,1b,100.0
KT233107,HCV,1a,100.0
KT233068,HCV,1b,100.0
KT233098,HCV,1a,100.0
KT233112,HCV,1a,100.0
KT233109,HCV,1a,100.0
KT233105,HCV,1a,100.0
KT233096,HCV,1a,100.0
KT233099,HCV,1b,100.0
KT233082,HCV,1a,100.0
KT233106,HCV,1a,100.0
KT233113,HCV,1b,100.0
KT233111,HCV,1b,100.0
KT233110,HCV,1a,100.0
KT233100,HCV,1a,100.0
KT233065,HCV,1a,100.0
KT233115,HCV,1a,100.0
KT233125,HCV,1a,100.0
KT233124,HCV,1a,100.0
KT233094,HCV,1a,100.0
KT233146,HCV,1a,100.0
KT233143,HCV,1b,100.0
KT233114,HCV,1b,100.0
KT233121,HCV,1a,100.0
KT233122,HCV,1b,100.0
KT233119,HCV,1a,100.0
KT233116,HCV,1a,100.0
KT233123,HCV,1a,100.0
KT233131,HCV,1a,100.0
KT233135,HCV,1a,100.0
KT233126,HCV,1b,100.0
KT233127,HCV,1a,100.0
KT233137,HCV,1b,100.0
KT233138,HCV,1a,100.0
KT233139,HCV,1a,100.0
KT233104,HCV,1b,100.0
KT233118,HCV,1a,100.0
KT233134,HCV,1b,100.0
KT233141,HCV,1a,100.0
KT233145,HCV,1a,100.0
KT233142,HCV,1a,100.0
KT233157,HCV,1a,100.0
KT233149,HCV,1b,100.0
KT233144,HCV,1a,100.0
KT233148,HCV,1a,100.0
KT233117,HCV,1a,100.0
KT233128,HCV,1b,100.0
KT233140,HCV,1a,100.0
KT233153,HCV,1a,100.0
KT233167,HCV,1a,100.0
KT233188,HCV,1a,100.0
KT233159,HCV,1a,100.0
KT233147,HCV,1b,100.0
KT233154,HCV,1b,100.0
KT233156,HCV,1a,100.0
KT233160,HCV,1a,100.0
KT233155,HCV,1a,100.0
KT233150,HCV,1a,100.0
KT233182,HCV,1a,100.0
KT233183,HCV,1a,100.0
KT233181,HCV,1a,100.0
KT233186,HCV,1a,100.0
KT233187,HCV,1a,100.0
KT233185,HCV,1a,100.0
KT233180,HCV,1a,100.0
KT233195,HCV,1a,100.0
KT233197,HCV,1b,100.0
KT233196,HCV,1a,100.0
KT233189,HCV,1a,100.0
KT233203,HCV,1a,100.0
KT233199,HCV,1a,100.0
KT233202,HCV,1a,100.0
KT233191,HCV,1b,100.0
KT233184,HCV,1a,100.0
KT233172,HCV,1b,100.0
KT233190,HCV,1a,100.0
KT233192,HCV,1a,100.0
KT233194,HCV,1b,100.0
KT233169,HCV,1a,100.0
KT233193,HCV,1b,100.0
KT233236,HCV,1b,100.0
KT233230,HCV,1b,100.0
KT233227,HCV,1b,100.0
KT233226,HCV,1a,100.0
KT233219,HCV,1a,100.0
KT233222,HCV,1a,100.0
KT233220,HCV,1a,100.0
KT233242,HCV,1b,100.0
KT233201,HCV,1a,100.0
KT233205,HCV,1a,100.0
KT233231,HCV,1b,100.0
KT233224,HCV,1a,100.0
KT233234,HCV,1b,100.0
KT233232,HCV,1b,100.0
KT233235,HCV,1b,100.0
KT233238,HCV,1b,100.0
KT233249,HCV,1b,100.0
KT233243,HCV,1b,100.0
KT233228,HCV,1b,100.0
KT233253,HCV,1b,100.0
KT233252,HCV,1b,100.0
KT233250,HCV,1b,100.0
KT233247,HCV,1b,100.0
KT233257,HCV,1b,100.0
KT233256,HCV,1b,100.0
KT233258,HCV,1b,100.0
KT233251,HCV,1b,100.0
KT233263,HCV,1b,100.0
KT233265,HCV,1b,100.0
KT233261,HCV,1b,100.0
KT233262,HCV,1b,100.0
KT233255,HCV,1b,100.0
KT233239,HCV,1b,100.0
KT233241,HCV,1b,100.0
KT233268,HCV,1b,100.0
KT233267,HCV,1b,100.0
KT233240,HCV,1b,100.0
KT233266,HCV,1b,100.0
KT233270,HCV,1b,100.0
KT233269,HCV,1b,100.0
KT233229,HCV,1b,100.0
KT233245,HCV,1b,100.0
KT233237,HCV,1b,100.0
KT233248,HCV,1b,100.0
KT233273,HCV,1a,100.0
KT233274,HCV,1a,100.0
KT233272,HCV,1b,100.0
KT233277,HCV,1b,100.0
KT233271,HCV,1b,100.0
KT233260,HCV,1b,100.0
KT233278,HCV,1b,100.0
KT233279,HCV,1b,100.0
KT233280,HCV,1b,100.0
KT233284,HCV,1a,100.0
KT233297,HCV,1b,100.0
KT233305,HCV,1a,100.0
KT233310,HCV,1b,100.0
KT233311,HCV,1b,100.0
KT233313,HCV,1b,100.0
KT233315,HCV,1a,100.0
KT233316,HCV,1b,100.0
KT233314,HCV,1a,100.0
KT233312,HCV,1b,100.0
KT233317,HCV,1a,100.0
KT233320,HCV,1a,100.0
KT233300,HCV,6l,100.0
KT233321,HCV,1a,100.0
KT233324,HCV,1a,100.0
KT233296,HCV,1e,100.0
KT233323,HCV,1b,100.0
KT233337,HCV,1b,100.0
KT233340,HCV,1a,100.0
KT233342,HCV,1b,100.0
KT233341,HCV,1b,100.0
KT233346,HCV,1b,100.0
KT233345,HCV,1b,100.0
KT233347,HCV,1b,100.0
KT233299,HCV,6q,100.0
KT233364,HCV,1a,100.0
KT233366,HCV,1a,100.0
KT233372,HCV,1a,100.0
KT233375,HCV,1a,100.0
KT233376,HCV,1a,100.0
KT233397,HCV,1a,100.0
KT233399,HCV,1a,100.0
KT233400,HCV,1b,100.0
KT233402,HCV,1a,100.0
KT233401,HCV,1a,100.0
KT233281,HCV,1b,100.0
KT233360,HCV,1a,100.0
KT233407,HCV,1a,100.0
KT233412,HCV,1a,100.0
KT233419,HCV,1a,100.0
KT233415,HCV,1b,100.0
KT233422,HCV,1b,100.0
KT233421,HCV,1a,100.0
KT233427,HCV,1a,100.0
KT233428,HCV,1a,100.0
KT233424,HCV,1a,100.0
KT233436,HCV,1a,100.0
KT233439,HCV,1a,100.0
KT233440,HCV,1a,100.0
KT233438,HCV,1a,100.0
KT233435,HCV,1a,100.0
KT233443,HCV,1a,100.0
KT233442,HCV,1a,100.0
KT233448,HCV,1a,100.0
KT233450,HCV,1a,100.0
KT233446,HCV,1a,100.0
KT233454,HCV,1a,100.0
KT233449,HCV,1a,100.0
KT233447,HCV,1a,100.0
KT233460,HCV,1a,100.0
KT233476,HCV,1a,100.0
KT233470,HCV,1b,100.0
KT233475,HCV,1a,100.0
KT233480,HCV,1b,100.0
KT233478,HCV,1a,100.0
KT233483,HCV,1a,100.0
KT233479,HCV,1a,100.0
KT233486,HCV,1a,100.0
KT233491,HCV,1a,100.0
KT233489,HCV,1a,100.0
KT233490,HCV,1a,100.0
KT233495,HCV,1a,100.0
KT233465,HCV,1a,100.0
KT233498,HCV,1a,100.0
KT233499,HCV,1a,100.0
KT233497,HCV,1a,100.0
KT233477,HCV,1a,100.0
KT233500,HCV,1a,100.0
KT233502,HCV,1a,100.0
KT233510,HCV,1a,100.0
KT233464,HCV,1a,100.0
KT233509,HCV,1a,100.0
KT233511,HCV,1a,100.0
KT233519,HCV,1b,100.0
KT233514,HCV,1a,100.0
KT233516,HCV,1a,100.0
KT233518,HCV,1a,100.0
KT233522,HCV,1a,100.0
KT233523,HCV,1a,100.0
KT233520,HCV,1a,100.0
KT233533,HCV,1a,100.0
KT233512,HCV,1a,100.0
KT233485,HCV,1a,100.0
KT233538,HCV,1a,100.0
KT233546,HCV,1a,100.0
KT233541,HCV,1a,100.0
KT233543,HCV,1b,100.0
KT233548,HCV,1a,100.0
KT233551,HCV,1a,100.0
KT233552,HCV,1a,100.0
KT233569,HCV,1a,100.0
KT233570,HCV,1a,100.0
KT233571,HCV,1a,100.0
KT233573,HCV,1a,100.0
KT233574,HCV,1a,100.0
KT233591,HCV,1a,100.0
KT233593,HCV,1b,100.0
KT233581,HCV,1a,100.0
KT233594,HCV,1b,100.0
KT233592,HCV,1a,100.0
KT233595,HCV,1b,100.0
KT233597,HCV,1b,100.0
KT233578,HCV,1b,100.0
KT233602,HCV,1b,100.0
KT233611,HCV,1b,100.0
KT233276,HCV,1b,100.0
KT233275,HCV,1b,100.0
KT233289,HCV,1g,100.0
KT233290,HCV,6e,100.0
KT233293,HCV,3a,100.0
KT233287,HCV,1a,100.0
KT233304,HCV,1a,100.0
KT233282,HCV,1b,100.0
KT233303,HCV,1a,100.0
KT233330,HCV,1a,100.0
KT233331,HCV,1a,100.0
KT233329,HCV,1b,100.0
KT233343,HCV,1b,100.0
KT233383,HCV,1b,100.0
KT233386,HCV,1b,100.0
KT233382,HCV,1a,100.0
KT233371,HCV,1a,100.0
KT233408,HCV,1b,100.0
KT233389,HCV,1a,100.0
KT233405,HCV,1a,100.0
KT233410,HCV,1a,100.0
KT233379,HCV,1b,100.0
KT233425,HCV,1a,100.0
KT233426,HCV,1b,100.0
KT233430,HCV,1a,100.0
KT233433,HCV,1a,100.0
KT233434,HCV,1a,100.0
KT233437,HCV,1a,100.0
KT233441,HCV,1b,100.0
KT233444,HCV,1a,100.0
KT233445,HCV,1a,100.0
KT233452,HCV,1a,100.0
KT233453,HCV,1a,100.0
KT233458,HCV,1a,100.0
KT233459,HCV,1a,100.0
KT233462,HCV,1a,100.0
KT233466,HCV,1a,100.0
KT233469,HCV,1a,100.0
KT233471,HCV,1a,100.0
KT233468,HCV,1a,100.0
KT233473,HCV,1a,100.0
KT233472,HCV,1b,100.0
KT233474,HCV,1a,100.0
KT233457,HCV,1b,100.0
KT233467,HCV,1a,100.0
KT233492,HCV,1a,100.0
KT233504,HCV,1a,100.0
KT233507,HCV,1a,100.0
KT233508,HCV,1a,100.0
KT233515,HCV,1a,100.0
KT233513,HCV,1a,100.0
KT233505,HCV,1a,100.0
KT233528,HCV,1a,100.0
KT233526,HCV,1b,100.0
KT233517,HCV,1a,100.0
KT233503,HCV,1a,100.0
KT233527,HCV,1a,100.0
KT233531,HCV,1a,100.0
KT233532,HCV,1a,100.0
KT233534,HCV,1b,100.0
KT233537,HCV,1a,100.0
KT233542,HCV,1a,100.0
KT233547,HCV,1a,100.0
KT233559,HCV,1a,100.0
KT233540,HCV,1a,100.0
KT233566,HCV,1a,100.0
KT233565,HCV,1b,100.0
KT233563,HCV,1a,100.0
KT233539,HCV,1b,100.0
KT233568,HCV,1a,100.0
KT233564,HCV,1b,100.0
KT233572,HCV,1a,100.0
KT233576,HCV,1a,100.0
KT233579,HCV,1b,100.0
KT233554,HCV,1b,100.0
KT233584,HCV,1a,100.0
KT233604,HCV,1a,100.0
KT233606,HCV,1a,100.0
KT233600,HCV,1b,100.0
KT233585,HCV,1a,100.0
KT233605,HCV,1a,100.0
KT233625,HCV,1b,100.0
KT233628,HCV,1b,100.0
KT233558,HCV,1e,100.0
KT233629,HCV,1b,100.0
KT233630,HCV,1b,100.0
KT233631,HCV,1b,100.0
KT233658,HCV,1a,100.0
KT233659,HCV,1a,100.0
KT233663,HCV,1a,100.0
KT233711,HCV,1a,100.0
KT233710,HCV,1a,100.0
KT233712,HCV,1a,100.0
KT233640,HCV,1b,100.0
KT233641,HCV,1b,100.0
KT233642,HCV,1b,100.0
KT233650,HCV,1a,100.0
KT233612,HCV,1a,100.0
KT233655,HCV,1a,100.0
KT233675,HCV,1a,100.0
KT233676,HCV,1b,100.0
KT233678,HCV,1a,100.0
KT233688,HCV,1a,100.0
KT233689,HCV,1a,100.0
KT233687,HCV,1a,100.0
KT233696,HCV,1a,100.0
KT233701,HCV,1a,100.0
KT233721,HCV,1a,100.0
KT233718,HCV,1a,100.0
KT233733,HCV,1a,100.0
KT233726,HCV,1a,100.0
KT233739,HCV,1a,100.0
KT233738,HCV,1a,100.0
KT233740,HCV,1a,100.0
KT233760,HCV,1a,100.0
KT233763,HCV,1a,100.0
KT233742,HCV,1b,100.0
KT233761,HCV,1a,100.0
KT233748,HCV,1a,100.0
KT233772,HCV,1a,100.0
KT233785,HCV,1a,100.0
KT233783,HCV,1a,100.0
KT233773,HCV,1a,100.0
KT233744,HCV,1b,100.0
KT233801,HCV,1b,100.0
KT233793,HCV,1b,100.0
KT233797,HCV,1b,100.0
KT233798,HCV,1b,100.0
KT233794,HCV,1b,100.0
KT233802,HCV,1b,100.0
KT233795,HCV,1b,100.0
KT233796,HCV,1b,100.0
KT233803,HCV,1b,100.0
KT233800,HCV,1b,100.0
KT233806,HCV,1b,100.0
KT233807,HCV,1b,100.0
KT233784,HCV,1b,100.0
KT233811,HCV,1a,100.0
KT233821,HCV,1a,100.0
KT233817,HCV,1b,100.0
KT233818,HCV,1a,100.0
KT233799,HCV,1b,100.0
KT233778,HCV,1a,100.0
KT233814,HCV,1a,100.0
KT233813,HCV,1a,100.0
KT233815,HCV,1a,100.0
KT233819,HCV,1b,100.0
KT233830,HCV,1b,100.0
KT233835,HCV,1b,100.0
KT233810,HCV,1b,100.0
KT233832,HCV,1b,100.0
KT233844,HCV,1b,100.0
KT233841,HCV,1b,100.0
KT233843,HCV,1b,100.0
KT233823,HCV,1a,100.0
KT233812,HCV,1b,100.0
KT233822,HCV,1a,100.0
KT233824,HCV,1a,100.0
KT233825,HCV,1b,100.0
KT233826,HCV,1b,100.0
KT233829,HCV,1b,100.0
KT233828,HCV,1b,100.0
KT233834,HCV,1b,100.0
KT233850,HCV,1b,100.0
KT233846,HCV,1b,100.0
KT233853,HCV,1a,100.0
KT233855,HCV,1a,100.0
KT233848,HCV,1b,100.0
KT233838,HCV,1b,100.0
KT233827,HCV,1a,100.0
KT233875,HCV,1a,100.0
KT233856,HCV,1a,100.0
KT233860,HCV,1a,100.0
KT233864,HCV,1a,100.0
KT233871,HCV,1b,100.0
KT233867,HCV,1a,100.0
KT233874,HCV,1a,100.0
KT233900,HCV,1a,100.0
KT233897,HCV,1a,100.0
KT233893,HCV,1a,100.0
KT233888,HCV,1a,100.0
KT233899,HCV,1b,100.0
KT233895,HCV,1a,100.0
KT233898,HCV,1b,100.0
KT233906,HCV,1b,100.0
KT233902,HCV,1a,100.0
KT233905,HCV,1b,100.0
KT233907,HCV,1b,100.0
KT233908,HCV,1a,100.0
KT233915,HCV,1b,100.0
KT233913,HCV,1a,100.0
KT233910,HCV,1a,100.0
KT233909,HCV,1b,100.0
KT233912,HCV,1b,100.0
KT233914,HCV,1a,100.0
KT233917,HCV,1a,100.0
KT233901,HCV,1a,100.0
KT233922,HCV,1a,100.0
KT233904,HCV,1b,100.0
KT233921,HCV,1b,100.0
KT233928,HCV,1a,100.0
KT233903,HCV,1a,100.0
KT233919,HCV,1a,100.0
KT233923,HCV,1a,100.0
KT233911,HCV,1a,100.0
KT233930,HCV,1a,100.0
KT233920,HCV,1b,100.0
KT233918,HCV,1b,100.0
KT233924,HCV,1a,100.0
KT233941,HCV,1a,100.0
KT233932,HCV,1a,100.0
KT233945,HCV,1a,100.0
KT233944,HCV,1a,100.0
KT233946,HCV,1b,100.0
KT233947,HCV,1b,100.0
KT233939,HCV,1b,100.0
KT233965,HCV,1b,100.0
KT233942,HCV,1b,100.0
KT233949,HCV,1b,100.0
KT233951,HCV,1a,100.0
KT233952,HCV,1b,100.0
KT233953,HCV,1b,100.0
KT233966,HCV,1b,100.0
KT233955,HCV,1a,100.0
KT233961,HCV,1b,100.0
KT233964,HCV,1a,100.0
KT233963,HCV,1b,100.0
KT233967,HCV,1a,100.0
KT233974,HCV,1b,100.0
KT233968,HCV,1a,100.0
KT233970,HCV,1a,100.0
KT233929,HCV,1b,100.0
KT233971,HCV,1a,100.0
KT233959,HCV,1b,100.0
KT233960,HCV,1a,100.0
KT233972,HCV,1a,100.0
KT233950,HCV,1a,100.0
KT233943,HCV,1a,100.0
KT233995,HCV,1b,100.0
KT233958,HCV,1b,100.0
KT233982,HCV,1a,100.0
KT233980,HCV,1b,100.0
KT233983,HCV,1b,100.0
KT233981,HCV,1b,100.0
KT233973,HCV,1a,100.0
KT233986,HCV,1a,100.0
KT233969,HCV,1a,100.0
KT233988,HCV,1a,100.0
KT233984,HCV,1b,100.0
KT233985,HCV,1b,100.0
KT233979,HCV,1b,100.0
KT233996,HCV,1a,100.0
KT233997,HCV,1b,100.0
KT234000,HCV,1b,100.0
KT234003,HCV,1a,100.0
KT233977,HCV,1b,100.0
KT234005,HCV,1b,100.0
KT234021,HCV,1b,100.0
KT233998,HCV,1a,100.0
KT234004,HCV,1b,100.0
KT234006,HCV,1b,100.0
KT234011,HCV,1b,100.0
KT234009,HCV,1a,100.0
KT234002,HCV,1a,100.0
KT234027,HCV,1b,100.0
KT234028,HCV,1b,100.0
KT234044,HCV,1b,100.0
KT234026,HCV,1b,100.0
KT234040,HCV,1b,100.0
KT234039,HCV,1b,100.0
KT234033,HCV,1b,100.0
KT234036,HCV,1b,100.0
KT234034,HCV,1b,100.0
KT234035,HCV,1b,100.0
KT234043,HCV,1b,100.0
KT234046,HCV,1b,100.0
KT234045,HCV,1b,100.0
KT234041,HCV,1b,100.0
KT233387,HCV,1b,100.0
KT233392,HCV,1a,100.0
KT233734,HCV,1a,100.0
KT233391,HCV,1a,100.0
KT233396,HCV,1a,100.0
KT233393,HCV,1a,100.0
KT233390,HCV,1b,100.0
KT233395,HCV,1a,100.0
KT233394,HCV,1a,100.0
KT233398,HCV,1a,100.0
KT233411,HCV,1a,100.0
KT233409,HCV,1b,100.0
KT233413,HCV,1a,100.0
KT233414,HCV,1h,48.0
KT233451,HCV,1b,100.0
KT233461,HCV,1a,100.0
KT233456,HCV,1a,100.0
KT233463,HCV,1b,100.0
KT233482,HCV,1a,100.0
KT233481,HCV,1a,100.0
KT233455,HCV,1a,100.0
KT233484,HCV,1a,100.0
KT233488,HCV,1b,100.0
KT233487,HCV,1a,100.0
KT233493,HCV,1a,100.0
KT233494,HCV,1a,100.0
KT233496,HCV,1a,100.0
KT233501,HCV,1a,100.0
KT233506,HCV,1a,100.0
KT233524,HCV,1a,100.0
KT233525,HCV,1a,100.0
KT233545,HCV,1a,100.0
KT233549,HCV,1b,100.0
KT233544,HCV,1b,100.0
KT233550,HCV,1a,100.0
KT233553,HCV,1a,100.0
KT233556,HCV,1a,100.0
KT233560,HCV,1a,100.0
KT233536,HCV,1a,100.0
KT233555,HCV,1a,100.0
KT233567,HCV,1a,100.0
KT233561,HCV,1a,100.0
KT233580,HCV,1a,100.0
KT233577,HCV,1a,100.0
KT233575,HCV,1b,100.0
KT233562,HCV,1a,100.0
KT233586,HCV,1a,100.0
KT233582,HCV,1a,100.0
KT233587,HCV,1a,100.0
KT233588,HCV,1b,100.0
KT233590,HCV,1a,100.0
KT233589,HCV,1b,100.0
KT233599,HCV,1b,100.0
KT233601,HCV,1a,100.0
KT233583,HCV,1b,100.0
KT233598,HCV,1b,100.0
KT233557,HCV,1a,100.0
KT233609,HCV,1b,100.0
KT233614,HCV,1a,100.0
KT233610,HCV,1b,100.0
KT233616,HCV,1b,100.0
KT233603,HCV,1a,100.0
KT233613,HCV,1a,100.0
KT233617,HCV,1b,100.0
KT233615,HCV,1b,100.0
KT233607,HCV,1b,100.0
KT233620,HCV,1a,100.0
KT233619,HCV,1b,100.0
KT233618,HCV,1b,100.0
KT233622,HCV,1a,100.0
KT233621,HCV,1a,100.0
KT233624,HCV,1a,100.0
KT233627,HCV,1b,100.0
KT233623,HCV,1a,100.0
KT233608,HCV,1b,100.0
KT233626,HCV,1b,100.0
KT233634,HCV,1b,100.0
KT233632,HCV,1b,100.0
KT233633,HCV,1b,100.0
KT233639,HCV,1b,100.0
KT233637,HCV,1b,100.0
KT233648,HCV,1b,100.0
KT233646,HCV,1b,100.0
KT233644,HCV,1b,100.0
KT233643,HCV,1b,100.0
KT233647,HCV,1b,100.0
KT233645,HCV,1a,100.0
KT233649,HCV,1b,100.0
KT233653,HCV,1b,100.0
KT233657,HCV,1b,100.0
KT233654,HCV,1b,100.0
KT233652,HCV,1a,100.0
KT233636,HCV,1b,100.0
KT233638,HCV,1b,100.0
KT233635,HCV,1b,100.0
KT233660,HCV,1a,100.0
KT233661,HCV,1a,100.0
KT233662,HCV,1b,100.0
KT233665,HCV,1a,100.0
KT233664,HCV,1a,100.0
KT233596,HCV,1b,100.0
KT233671,HCV,1a,100.0
KT233672,HCV,1a,100.0
KT233666,HCV,1a,100.0
KT233667,HCV,1b,100.0
KT233670,HCV,1a,100.0
KT233680,HCV,1a,100.0
KT233681,HCV,1a,100.0
KT233677,HCV,1a,100.0
KT233679,HCV,1a,100.0
KT233685,HCV,1a,100.0
KT233683,HCV,1a,100.0
KT233682,HCV,1a,100.0
KT233684,HCV,1a,100.0
KT233651,HCV,1b,100.0
KT233686,HCV,1a,100.0
KT233690,HCV,1a,100.0
KT233692,HCV,1a,100.0
KT233694,HCV,1b,100.0
KT233697,HCV,1b,100.0
KT233656,HCV,1b,100.0
KT233695,HCV,1a,100.0
KT233698,HCV,1b,100.0
KT233669,HCV,1b,100.0
KT233693,HCV,1b,100.0
KT233702,HCV,1a,100.0
KT233703,HCV,1a,100.0
KT233706,HCV,1a,100.0
KT233700,HCV,1a,100.0
KT233705,HCV,1a,100.0
KT233674,HCV,1a,100.0
KT233708,HCV,1a,100.0
KT233709,HCV,1a,100.0
KT233673,HCV,1a,100.0
KT233668,HCV,1b,100.0
KT233713,HCV,1b,100.0
KT233714,HCV,1a,100.0
KT233716,HCV,1a,100.0
KT233715,HCV,1a,100.0
KT233691,HCV,1a,100.0
KT233720,HCV,1a,100.0
KT233724,HCV,1a,100.0
KT233723,HCV,1a,100.0
KT233699,HCV,1a,100.0
KT233725,HCV,1a,100.0
KT233722,HCV,1a,100.0
KT233727,HCV,1a,100.0
KT233730,HCV,1a,100.0
KT233732,HCV,1a,100.0
KT233731,HCV,1a,100.0
KT233728,HCV,1a,100.0
KT233736,HCV,1a,100.0
KT233704,HCV,1a,100.0
KT233735,HCV,1b,100.0
KT233743,HCV,1a,100.0
KT233719,HCV,1a,100.0
KT233788,HCV,1b,100.0
KT233707,HCV,1a,100.0
KT233741,HCV,1a,100.0
KT233786,HCV,1b,100.0
KT233729,HCV,1a,100.0
KT233787,HCV,1b,100.0
KT233737,HCV,1a,100.0
KT233775,HCV,1a,100.0
KT233745,HCV,1a,100.0
KT233790,HCV,1b,100.0
KT233751,HCV,1a,100.0
KT233749,HCV,1a,100.0
KT233789,HCV,1b,100.0
KT233753,HCV,1a,100.0
KT233746,HCV,1a,100.0
KT233747,HCV,1a,100.0
KT233805,HCV,1b,100.0
KT233758,HCV,1a,100.0
KT233750,HCV,1a,100.0
KT233808,HCV,1b,100.0
KT233759,HCV,1a,100.0
KT233752,HCV,1a,100.0
KT233791,HCV,1b,100.0
KT233717,HCV,1a,100.0
KT233804,HCV,1a,100.0
KT233762,HCV,1a,100.0
KT233809,HCV,1a,100.0
KT233764,HCV,1a,100.0
KT233792,HCV,1b,100.0
KT233766,HCV,1a,100.0
KT233816,HCV,1b,100.0
KT233756,HCV,1a,100.0
KT233837,HCV,1b,100.0
KT233765,HCV,1a,100.0
KT233769,HCV,1a,100.0
KT233836,HCV,1b,100.0
KT233768,HCV,1a,100.0
KT233820,HCV,1a,100.0
KT233770,HCV,1a,100.0
KT233840,HCV,1b,100.0
KT233767,HCV,1a,100.0
KT233774,HCV,1a,100.0
KT233831,HCV,1a,100.0
KT233757,HCV,1a,100.0
KT233842,HCV,1a,100.0
KT233776,HCV,1a,100.0
KT233847,HCV,1a,100.0
KT233771,HCV,1a,100.0
KT233777,HCV,1a,100.0
KT233779,HCV,1a,100.0
KT233780,HCV,1b,100.0
KT233781,HCV,1a,100.0
KT233754,HCV,1a,100.0
KT233755,HCV,1b,100.0
KT233782,HCV,1a,100.0
KT233164,HCV,1b,100.0
KT233162,HCV,1a,100.0
KT233175,HCV,1a,100.0
KT233165,HCV,1a,100.0
KT233173,HCV,1b,100.0
KT233178,HCV,1a,100.0
KT233177,HCV,1a,100.0
KT233171,HCV,1a,100.0
KT233151,HCV,1b,100.0
KT233179,HCV,1a,100.0
KT233207,HCV,1b,100.0
KT233206,HCV,1a,100.0
KT233174,HCV,1a,100.0
KT233210,HCV,1b,100.0
KT233176,HCV,1a,100.0
KT233213,HCV,1a,100.0
KT233214,HCV,1a,100.0
KT233217,HCV,1b,100.0
KT233204,HCV,1a,100.0
KT233211,HCV,1b,100.0
KT233198,HCV,1b,100.0
KT233849,HCV,1a,100.0
KT233212,HCV,1a,100.0
KT233209,HCV,1a,100.0
KT233859,HCV,1a,100.0
KT233218,HCV,1b,100.0
KT233200,HCV,1a,100.0
KT233858,HCV,1a,100.0
KT233857,HCV,1b,100.0
KT233833,HCV,1b,100.0
KT233862,HCV,1a,100.0
KT233861,HCV,1a,100.0
KT233851,HCV,1a,100.0
KT233868,HCV,1a,100.0
KT233869,HCV,1a,100.0
KT233208,HCV,1a,100.0
KT233872,HCV,1a,100.0
KT233879,HCV,1a,100.0
KT233216,HCV,1a,100.0
KT233223,HCV,1a,100.0
KT233886,HCV,1a,100.0
KT233221,HCV,1a,100.0
KT233885,HCV,1b,100.0
KT233225,HCV,1b,100.0
KT233884,HCV,1a,100.0
KT233215,HCV,1a,100.0
KT233889,HCV,1a,100.0
KT233244,HCV,1b,100.0
KT233246,HCV,1b,100.0
KT233887,HCV,1a,100.0
KT233233,HCV,1b,100.0
KT233254,HCV,1b,100.0
KT233892,HCV,1b,100.0
KT233259,HCV,1b,100.0
KT233894,HCV,1a,100.0
KT233285,HCV,1a,100.0
KT233286,HCV,1a,100.0
KT233890,HCV,1b,100.0
KT233288,HCV,1b,100.0
KT233896,HCV,1a,100.0
KT233264,HCV,1b,100.0
KT233891,HCV,1a,100.0
KT233306,HCV,1a,100.0
KT233298,HCV,1c,100.0
KT233916,HCV,1a,100.0
KT233308,HCV,1a,100.0
KT233931,HCV,1b,100.0
KT233301,HCV,1g,100.0
KT233933,HCV,1b,100.0
KT233307,HCV,1a,100.0
KT233934,HCV,1a,100.0
KT233291,HCV,1g,100.0
KT233309,HCV,1a,100.0
KT233935,HCV,1a,100.0
KT233302,HCV,1l,100.0
KT233318,HCV,1a,100.0
KT233936,HCV,1b,100.0
KT233319,HCV,1a,100.0
KT233322,HCV,1b,100.0
KT233925,HCV,1a,100.0
KT233325,HCV,1b,100.0
KT233927,HCV,1b,100.0
KT233327,HCV,1a,100.0
KT233328,HCV,1a,100.0
KT233326,HCV,1b,100.0
KT233938,HCV,1b,100.0
KT233335,HCV,1a,100.0
KT233940,HCV,1a,100.0
KT233334,HCV,1a,100.0
KT233956,HCV,1a,100.0
KT233336,HCV,1b,100.0
KT233948,HCV,1a,100.0
KT233283,HCV,1a,100.0
KT233954,HCV,1a,100.0
KT233295,HCV,6e,100.0
KT233339,HCV,1a,100.0
KT233937,HCV,1a,100.0
KT233338,HCV,1b,100.0
KT233333,HCV,1a,100.0
KT233957,HCV,1b,100.0
KT233294,HCV,4m,100.0
KT233344,HCV,1b,100.0
KT233962,HCV,1a,100.0
KT233348,HCV,1b,100.0
KT233351,HCV,1b,100.0
KT233975,HCV,1a,100.0
KT233350,HCV,1b,100.0
KT233349,HCV,1b,100.0
KT233976,HCV,1b,100.0
KT233354,HCV,1b,100.0
KT233353,HCV,1b,100.0
KT233978,HCV,1b,100.0
KT233355,HCV,1b,100.0
KT233992,HCV,1b,100.0
KT233357,HCV,1b,100.0
KT233352,HCV,1b,100.0
KT233994,HCV,1a,100.0
KT233358,HCV,1b,100.0
KT233365,HCV,1a,100.0
KT233991,HCV,1a,100.0
KT233361,HCV,1a,100.0
KT233990,HCV,1b,100.0
KT233363,HCV,1a,100.0
KT233989,HCV,1b,100.0
KT233368,HCV,1b,100.0
KT233993,HCV,1b,100.0
KT233367,HCV,1a,100.0
KT234010,HCV,1a,100.0
KT233369,HCV,1a,100.0
KT234013,HCV,1b,100.0
KT233362,HCV,1a,100.0
KT233987,HCV,1a,100.0
KT233359,HCV,1b,100.0
KT234018,HCV,1b,100.0
KT233370,HCV,1a,100.0
KT234007,HCV,1a,100.0
KT233373,HCV,1a,100.0
KT234012,HCV,1b,100.0
KT233374,HCV,1a,100.0
KT233999,HCV,1a,100.0
KT233377,HCV,1b,100.0
KT234015,HCV,1b,100.0
KT233378,HCV,1a,100.0
KT234008,HCV,1b,100.0
KT233356,HCV,1b,100.0
KT234001,HCV,1b,100.0
KT233380,HCV,1b,100.0
KT233384,HCV,1a,100.0
KT234023,HCV,1b,100.0
KT233385,HCV,1a,100.0
KT234014,HCV,1b,100.0
KT233388,HCV,1b,100.0
KT234024,HCV,1b,100.0
KT233381,HCV,1a,100.0
KT234016,HCV,1b,100.0
KT234022,HCV,1b,100.0
KT234017,HCV,1b,100.0
KT234020,HCV,1a,100.0
KT234025,HCV,1b,100.0
KT234019,HCV,1a,100.0
KT234031,HCV,1b,100.0
KT234029,HCV,1b,100.0
KT234032,HCV,1b,100.0
KT234030,HCV,1b,100.0
KT234042,HCV,1b,100.0
KT234037,HCV,1b,100.0
KT234038,HCV,1b,100.0
KT234049,HCV,1b,100.0
KT234048,HCV,1b,100.0
KT233064,HCV,1b,100.0
KT233052,HCV,1a,100.0
KT233120,HCV,1a,100.0
KT233130,HCV,1a,100.0
KT233129,HCV,1b,100.0
KT233108,HCV,1b,100.0
KT233076,HCV,1a,100.0
KT233075,HCV,1a,100.0
KT233066,HCV,1a,100.0
KT233077,HCV,1a,100.0
KT233079,HCV,1a,100.0
KT233078,HCV,1b,100.0
KT233085,HCV,1b,100.0
KT233087,HCV,1a,100.0
KT233084,HCV,1a,100.0
KT233081,HCV,1b,100.0
KT233136,HCV,1a,100.0
KT233132,HCV,1a,100.0
KT233133,HCV,1b,100.0
KT233161,HCV,1a,100.0
KT233152,HCV,1a,100.0
KT233163,HCV,1a,100.0
KT233166,HCV,1b,100.0
KT233168,HCV,1a,100.0
KT233170,HCV,1a,100.0
KT233158,HCV,1a,100.0
KT234063,HCV,1b,100.0
KT234081,HCV,1b,100.0
KT234083,HCV,1b,100.0
KT234092,HCV,1b,100.0
KT234086,HCV,1b,100.0
KT234091,HCV,1b,100.0
KT234203,HCV,1a,100.0
KT234077,HCV,1b,100.0
KT234600,HCV,1b,100.0
KT234272,HCV,1a,100.0
KT234271,HCV,1b,100.0
KT234270,HCV,1a,100.0
KT234376,HCV,1a,100.0
KT234584,HCV,1b,100.0
KT234585,HCV,1b,100.0
KT234595,HCV,1a,100.0
KT234593,HCV,1a,100.0
KT234610,HCV,1b,100.0
KT234611,HCV,1b,100.0
KT234264,HCV,1a,100.0
KT234267,HCV,1a,100.0
KT234381,HCV,1b,100.0
KT234445,HCV,1b,100.0
KT234590,HCV,1a,100.0
KT234587,HCV,1b,100.0
KT234591,HCV,1a,100.0
KT234602,HCV,1b,100.0
KT234605,HCV,1a,100.0
KT234772,HCV,1b,100.0
KT234776,HCV,1b,100.0
KT234791,HCV,1b,100.0
KT234793,HCV,1b,100.0
KT234785,HCV,1b,100.0
KT234784,HCV,1b,100.0
KT234778,HCV,1b,100.0
KT234779,HCV,1b,100.0
KT234773,HCV,1b,100.0
KT235048,HCV,1b,100.0
KT235047,HCV,1b,100.0
KT234076,HCV,1b,100.0
KT234057,HCV,1b,100.0
KT234056,HCV,1b,100.0
KT234059,HCV,1b,100.0
KT234061,HCV,1b,100.0
KT234074,HCV,1b,100.0
KT234071,HCV,1b,100.0
KT234058,HCV,1b,100.0
KT234070,HCV,1b,100.0
KT234073,HCV,1b,100.0
KT234075,HCV,1b,100.0
KT234060,HCV,1b,100.0
KT234068,HCV,1b,100.0
KT234079,HCV,1b,100.0
KT234080,HCV,1b,100.0
KT234078,HCV,1b,100.0
KT234072,HCV,1b,100.0
KT234088,HCV,1b,100.0
KT234085,HCV,1b,100.0
KT234082,HCV,1b,100.0
KT234097,HCV,1b,100.0
KT234099,HCV,1b,100.0
KT234090,HCV,1b,100.0
KT234093,HCV,1b,100.0
KT234067,HCV,1b,100.0
KT234087,HCV,1b,100.0
KT234096,HCV,1b,100.0
KT234100,HCV,1b,100.0
KT234101,HCV,1b,100.0
KT234095,HCV,1b,100.0
KT234102,HCV,1b,100.0
KT234089,HCV,1b,100.0
KT234066,HCV,1b,100.0
KT234208,HCV,1b,100.0
KT234105,HCV,1b,100.0
KT234118,HCV,1b,100.0
KT234192,HCV,1a,100.0
KT234201,HCV,1b,100.0
KT234190,HCV,1a,100.0
KT234198,HCV,1b,100.0
KT234112,HCV,1b,100.0
KT234098,HCV,1b,100.0
KT234104,HCV,1b,100.0
KT234114,HCV,1a,100.0
KT234117,HCV,1a,100.0
KT234188,HCV,1b,100.0
KT234111,HCV,1b,100.0
KT234194,HCV,1a,100.0
KT234191,HCV,1b,100.0
KT234108,HCV,1b,100.0
KT234199,HCV,1b,100.0
KT234202,HCV,1b,100.0
KT234209,HCV,1b,100.0
KT234214,HCV,1b,100.0
KT234217,HCV,1b,100.0
KT234222,HCV,1a,100.0
KT234225,HCV,1b,100.0
KT234223,HCV,1a,100.0
KT234233,HCV,1b,100.0
KT234236,HCV,1b,100.0
KT234241,HCV,1a,100.0
KT234234,HCV,1a,100.0
KT234243,HCV,1a,100.0
KT234244,HCV,1a,100.0
KT234240,HCV,1b,100.0
KT234232,HCV,1a,100.0
KT234246,HCV,1a,100.0
KT234253,HCV,1a,100.0
KT234205,HCV,1b,100.0
KT234210,HCV,1b,100.0
KT234219,HCV,1b,100.0
KT234265,HCV,1a,100.0
KT234255,HCV,1a,100.0
KT234277,HCV,1a,100.0
KT234278,HCV,1a,100.0
KT234279,HCV,1a,100.0
KT234280,HCV,1a,100.0
KT234263,HCV,1a,100.0
KT234258,HCV,1b,100.0
KT234266,HCV,1a,100.0
KT234269,HCV,1a,100.0
KT234273,HCV,1a,100.0
KT234338,HCV,1a,100.0
KT234274,HCV,1a,100.0
KT234282,HCV,1a,100.0
KT234288,HCV,1b,100.0
KT234291,HCV,1b,100.0
KT234290,HCV,1a,100.0
KT234305,HCV,1a,100.0
KT234311,HCV,1b,100.0
KT234293,HCV,1a,100.0
KT234317,HCV,1a,100.0
KT234308,HCV,1b,100.0
KT234315,HCV,1a,100.0
KT234316,HCV,1a,100.0
KT234309,HCV,1a,100.0
KT234322,HCV,1a,100.0
KT234310,HCV,1a,100.0
KT234318,HCV,1b,100.0
KT234329,HCV,1a,100.0
KT234331,HCV,1a,100.0
KT234337,HCV,1a,100.0
KT234336,HCV,1a,100.0
KT234335,HCV,1a,100.0
KT234351,HCV,1b,100.0
KT234341,HCV,1a,100.0
KT234353,HCV,1b,100.0
KT234352,HCV,1b,100.0
KT234289,HCV,1a,100.0
KT234292,HCV,1b,100.0
KT234285,HCV,1a,100.0
KT234294,HCV,1b,100.0
KT234306,HCV,1a,100.0
KT234312,HCV,1b,100.0
KT234307,HCV,1b,100.0
KT234287,HCV,1a,100.0
KT234313,HCV,1a,100.0
KT234314,HCV,1a,100.0
KT234319,HCV,1a,100.0
KT234323,HCV,1a,100.0
KT234324,HCV,1a,100.0
KT234326,HCV,1a,100.0
KT234321,HCV,1a,100.0
KT234325,HCV,1b,100.0
KT234328,HCV,1b,100.0
KT234320,HCV,1a,100.0
KT234340,HCV,1b,100.0
KT234346,HCV,1b,100.0
KT234344,HCV,1a,100.0
KT234345,HCV,1a,100.0
KT234332,HCV,1a,100.0
KT234347,HCV,1b,100.0
KT234348,HCV,1b,100.0
KT234360,HCV,1a,100.0
KT234359,HCV,1b,100.0
KT234370,HCV,1a,100.0
KT234378,HCV,1a,100.0
KT234375,HCV,1a,100.0
KT234377,HCV,1b,100.0
KT234390,HCV,1a,100.0
KT234392,HCV,1a,100.0
KT234396,HCV,1a,100.0
KT234419,HCV,1b,100.0
KT234402,HCV,1a,100.0
KT234391,HCV,1a,100.0
KT234404,HCV,1a,100.0
KT234399,HCV,1a,100.0
KT234395,HCV,1a,100.0
KT234420,HCV,1b,100.0
KT234418,HCV,1a,100.0
KT234416,HCV,1a,100.0
KT234398,HCV,1b,100.0
KT234406,HCV,1a,100.0
KT234410,HCV,1a,100.0
KT234414,HCV,1a,100.0
KT234417,HCV,1a,100.0
KT234407,HCV,1a,100.0
KT234430,HCV,1a,100.0
KT234447,HCV,1a,100.0
KT234428,HCV,1b,100.0
KT234449,HCV,1a,100.0
KT234440,HCV,1a,100.0
KT234439,HCV,1a,100.0
KT234443,HCV,1a,100.0
KT234465,HCV,1b,100.0
KT234471,HCV,1a,100.0
KT234451,HCV,1a,100.0
KT234476,HCV,1a,100.0
KT234478,HCV,1b,100.0
KT234484,HCV,1a,100.0
KT234502,HCV,1a,100.0
KT234497,HCV,1a,100.0
KT234513,HCV,1a,100.0
KT234505,HCV,1a,100.0
KT234491,HCV,1a,100.0
KT234510,HCV,1a,100.0
KT234516,HCV,1b,100.0
KT234519,HCV,1b,100.0
KT234517,HCV,1a,100.0
KT234529,HCV,1a,100.0
KT234533,HCV,1a,100.0
KT234515,HCV,1a,100.0
KT234527,HCV,1a,100.0
KT234534,HCV,1b,100.0
KT234561,HCV,1a,100.0
KT234564,HCV,1a,100.0
KT234566,HCV,1a,100.0
KT234573,HCV,1a,100.0
KT234574,HCV,1a,100.0
KT234567,HCV,1a,100.0
KT234589,HCV,1b,100.0
KT234601,HCV,1b,100.0
KT234614,HCV,1b,100.0
KT234620,HCV,1a,100.0
KT234436,HCV,1b,100.0
KT234435,HCV,1a,100.0
KT234455,HCV,1b,100.0
KT234458,HCV,1a,100.0
KT234469,HCV,1b,100.0
KT234457,HCV,1b,100.0
KT234467,HCV,1b,100.0
KT234481,HCV,1a,100.0
KT234507,HCV,1b,100.0
KT234522,HCV,1a,100.0
KT234528,HCV,1a,100.0
KT234539,HCV,1b,100.0
KT234542,HCV,1b,100.0
KT234532,HCV,1a,100.0
KT234544,HCV,1b,100.0
KT234547,HCV,1a,100.0
KT234538,HCV,1a,100.0
KT234536,HCV,1b,100.0
KT234553,HCV,1a,100.0
KT234556,HCV,1a,100.0
KT234560,HCV,1a,100.0
KT234541,HCV,1b,100.0
KT234572,HCV,1a,100.0
KT234581,HCV,1b,100.0
KT234582,HCV,1a,100.0
KT234578,HCV,1b,100.0
KT234579,HCV,1b,100.0
KT234627,HCV,1b,100.0
KT234628,HCV,1b,100.0
KT234622,HCV,1b,100.0
KT234624,HCV,1a,100.0
KT234617,HCV,1b,100.0
KT234625,HCV,1b,100.0
KT234621,HCV,1b,100.0
KT234626,HCV,1b,100.0
KT234630,HCV,1a,100.0
KT234633,HCV,1b,100.0
KT234638,HCV,1a,100.0
KT234421,HCV,1a,100.0
KT234415,HCV,1a,100.0
KT234413,HCV,1a,100.0
KT234631,HCV,1b,100.0
KT234635,HCV,1b,100.0
KT234629,HCV,1b,100.0
KT234639,HCV,1b,100.0
KT234643,HCV,1a,100.0
KT234647,HCV,1a,100.0
KT234650,HCV,1b,100.0
KT234652,HCV,1a,100.0
KT234646,HCV,1b,100.0
KT234644,HCV,1a,100.0
KT234637,HCV,1b,100.0
KT234636,HCV,1b,100.0
KT234640,HCV,1a,100.0
KT234663,HCV,1b,100.0
KT234648,HCV,1b,100.0
KT234656,HCV,1b,100.0
KT234649,HCV,1a,100.0
KT234660,HCV,1a,100.0
KT234662,HCV,1a,100.0
KT234664,HCV,1b,100.0
KT234667,HCV,1a,100.0
KT234674,HCV,1b,100.0
KT234671,HCV,1b,100.0
KT234677,HCV,1a,100.0
KT234668,HCV,1a,100.0
KT234658,HCV,1b,100.0
KT234694,HCV,1a,100.0
KT234686,HCV,1b,100.0
KT234684,HCV,1b,100.0
KT234678,HCV,1b,100.0
KT234689,HCV,1a,100.0
KT234691,HCV,1a,100.0
KT234688,HCV,1b,100.0
KT234685,HCV,1b,100.0
KT234679,HCV,1b,100.0
KT234693,HCV,1b,100.0
KT234696,HCV,1b,100.0
KT234681,HCV,1a,100.0
KT234676,HCV,1a,100.0
KT234701,HCV,1b,100.0
KT234702,HCV,1a,100.0
KT234690,HCV,1a,100.0
KT234697,HCV,1b,100.0
KT234706,HCV,1b,100.0
KT234692,HCV,1b,100.0
KT234708,HCV,1b,100.0
KT234698,HCV,1b,100.0
KT234709,HCV,1b,100.0
KT234695,HCV,1b,100.0
KT234704,HCV,1b,100.0
KT234712,HCV,1a,100.0
KT234707,HCV,1b,100.0
KT234713,HCV,1b,100.0
KT234715,HCV,1a,100.0
KT234710,HCV,1b,100.0
KT234711,HCV,1b,100.0
KT234705,HCV,1b,100.0
KT234719,HCV,1b,100.0
KT234699,HCV,1b,100.0
KT234716,HCV,1b,100.0
KT234717,HCV,1a,100.0
KT234721,HCV,1b,100.0
KT234724,HCV,1a,100.0
KT234737,HCV,1a,100.0
KT234732,HCV,1a,100.0
KT234728,HCV,1b,100.0
KT234720,HCV,1b,100.0
KT234714,HCV,1a,100.0
KT234730,HCV,1a,100.0
KT234735,HCV,1a,100.0
KT234733,HCV,1a,100.0
KT234742,HCV,1b,100.0
KT234734,HCV,1a,100.0
KT234739,HCV,1b,100.0
KT234741,HCV,1a,100.0
KT234740,HCV,1a,100.0
KT234750,HCV,1b,100.0
KT234736,HCV,1b,100.0
KT234727,HCV,1b,100.0
KT234738,HCV,1a,100.0
KT234747,HCV,1b,100.0
KT234731,HCV,1a,100.0
KT234745,HCV,1a,100.0
KT234746,HCV,1a,100.0
KT234743,HCV,1a,100.0
KT234748,HCV,1b,100.0
KT234744,HCV,1b,100.0
KT234751,HCV,1b,100.0
KT234749,HCV,1b,100.0
KT234754,HCV,1b,100.0
KT234757,HCV,1b,100.0
KT234756,HCV,1b,100.0
KT234771,HCV,1b,100.0
KT234753,HCV,1b,100.0
KT234761,HCV,1b,100.0
KT234767,HCV,1b,100.0
KT234768,HCV,1b,100.0
KT234760,HCV,1b,100.0
KT234769,HCV,1b,100.0
KT234770,HCV,1b,100.0
KT234781,HCV,1b,100.0
KT234777,HCV,1b,100.0
KT234787,HCV,1b,100.0
KT234788,HCV,1b,100.0
KT234783,HCV,1b,100.0
KT234786,HCV,1b,100.0
KT234766,HCV,1b,100.0
KT234764,HCV,1b,100.0
KT234775,HCV,1b,100.0
KT234794,HCV,1b,100.0
KT234774,HCV,1b,100.0
KT234780,HCV,1b,100.0
KT234817,HCV,1a,100.0
KT234797,HCV,1b,100.0
KT234795,HCV,1b,100.0
KT234796,HCV,1b,100.0
KT234789,HCV,1b,100.0
KT234820,HCV,1b,100.0
KT234790,HCV,1b,100.0
KT234808,HCV,1a,100.0
KT234819,HCV,1a,100.0
KT234815,HCV,1a,100.0
KT234818,HCV,1a,100.0
KT234821,HCV,1b,100.0
KT234824,HCV,1b,100.0
KT234842,HCV,1b,100.0
KT234830,HCV,1b,100.0
KT234838,HCV,1b,100.0
KT234846,HCV,1a,100.0
KT234844,HCV,1a,100.0
KT234843,HCV,1a,100.0
KT234847,HCV,1b,100.0
KT234872,HCV,1b,100.0
KT234875,HCV,1b,100.0
KT234874,HCV,1b,100.0
KT234868,HCV,1a,100.0
KT234870,HCV,1b,100.0
KT234878,HCV,1b,100.0
KT234891,HCV,1a,100.0
KT234895,HCV,1b,100.0
KT234886,HCV,1b,100.0
KT234889,HCV,1a,100.0
KT234898,HCV,1b,100.0
KT234894,HCV,1a,100.0
KT234826,HCV,1b,100.0
KT234827,HCV,1b,100.0
KT234828,HCV,1b,100.0
KT234825,HCV,1b,100.0
KT234812,HCV,1b,100.0
KT234831,HCV,1b,100.0
KT234834,HCV,1b,100.0
KT234836,HCV,1b,100.0
KT234835,HCV,1b,100.0
KT234840,HCV,1b,100.0
KT234839,HCV,1b,100.0
KT234853,HCV,1b,100.0
KT234851,HCV,1b,100.0
KT234856,HCV,1b,100.0
KT234857,HCV,1b,100.0
KT234855,HCV,1b,100.0
KT234845,HCV,1a,100.0
KT234852,HCV,1a,100.0
KT234877,HCV,1b,100.0
KT234881,HCV,1b,100.0
KT234869,HCV,1b,100.0
KT234871,HCV,1b,100.0
KT234885,HCV,1a,100.0
KT234884,HCV,1a,100.0
KT234879,HCV,1b,100.0
KT234883,HCV,1a,100.0
KT234867,HCV,1b,100.0
KT234887,HCV,1b,100.0
KT234909,HCV,1b,100.0
KT234902,HCV,1b,100.0
KT234893,HCV,1b,100.0
KT234907,HCV,1b,100.0
KT234905,HCV,1b,100.0
KT234910,HCV,1b,100.0
KT234888,HCV,1b,100.0
KT234916,HCV,1b,100.0
KT234915,HCV,1b,100.0
KT234920,HCV,1b,100.0
KT234911,HCV,1b,100.0
KT234924,HCV,1b,100.0
KT234923,HCV,1b,100.0
KT234914,HCV,1b,100.0
KT234927,HCV,1b,100.0
KT234925,HCV,1b,100.0
KT234917,HCV,1b,100.0
KT234918,HCV,1b,100.0
KT234926,HCV,1b,100.0
KT234921,HCV,1b,100.0
KT234929,HCV,1b,100.0
KT234928,HCV,1b,100.0
KT234933,HCV,1b,100.0
KT234936,HCV,1b,100.0
KT234922,HCV,1b,100.0
KT234810,HCV,1a,100.0
KT234813,HCV,1b,100.0
KT234945,HCV,1b,100.0
KT234932,HCV,1b,100.0
KT234943,HCV,1b,100.0
KT234944,HCV,1b,100.0
KT234940,HCV,1b,100.0
KT234930,HCV,1b,100.0
KT234947,HCV,1b,100.0
KT234938,HCV,1b,100.0
KT234931,HCV,1b,100.0
KT234939,HCV,1b,100.0
KT234935,HCV,1b,100.0
KT234942,HCV,1b,100.0
KT234919,HCV,1b,100.0
KT234959,HCV,1b,100.0
KT234960,HCV,1b,100.0
KT234962,HCV,1b,100.0
KT234955,HCV,1b,100.0
KT234950,HCV,1b,100.0
KT234965,HCV,1b,100.0
KT234963,HCV,1b,100.0
KT234975,HCV,1b,100.0
KT234966,HCV,1b,100.0
KT234977,HCV,1b,100.0
KT234980,HCV,1b,100.0
KT234964,HCV,1b,100.0
KT234968,HCV,1a,100.0
KT234972,HCV,1b,100.0
KT234953,HCV,1b,100.0
KT234979,HCV,1b,100.0
KT234970,HCV,1b,100.0
KT234985,HCV,1b,100.0
KT234986,HCV,1b,100.0
KT234983,HCV,1b,100.0
KT234976,HCV,1b,100.0
KT234978,HCV,1b,100.0
KT234987,HCV,1b,100.0
KT234981,HCV,1b,100.0
KT234984,HCV,1b,100.0
KT235001,HCV,1a,100.0
KT234949,HCV,1b,100.0
KT234934,HCV,1b,100.0
KT235004,HCV,1b,100.0
KT234994,HCV,1b,100.0
KT235006,HCV,1a,100.0
KT235011,HCV,1b,100.0
KT235000,HCV,1b,100.0
KT234991,HCV,1b,100.0
KT235003,HCV,1b,100.0
KT235002,HCV,1b,100.0
KT234990,HCV,1b,100.0
KT234992,HCV,1b,100.0
KT234996,HCV,1b,100.0
KT234951,HCV,1b,100.0
KT234937,HCV,1b,100.0
KT234941,HCV,1b,100.0
KT235015,HCV,1a,100.0
KT235007,HCV,1a,100.0
KT235005,HCV,1a,100.0
KT234999,HCV,1b,100.0
KT235018,HCV,1b,100.0
KT235017,HCV,1b,100.0
KT235016,HCV,1a,100.0
KT235014,HCV,1a,100.0
KT235009,HCV,1a,100.0
KT235019,HCV,1a,100.0
KT235013,HCV,1a,100.0
KT235010,HCV,1b,100.0
KT235029,HCV,1b,100.0
KT235025,HCV,1b,100.0
KT235024,HCV,1a,100.0
KT235033,HCV,1b,100.0
KT235034,HCV,1a,100.0
KT235027,HCV,1a,100.0
KT235030,HCV,1b,100.0
KT235045,HCV,1b,100.0
KT234127,HCV,1a,100.0
KT235040,HCV,1b,100.0
KT235022,HCV,1b,100.0
KT235020,HCV,1b,100.0
KT235026,HCV,1a,100.0
KT235023,HCV,1a,100.0
KT235021,HCV,1b,100.0
KT235008,HCV,1b,100.0
KT235043,HCV,1a,100.0
KT235041,HCV,1b,100.0
KT235044,HCV,1b,100.0
KT235042,HCV,1a,100.0
KT235037,HCV,1b,100.0
KT235036,HCV,1b,100.0
KT235050,HCV,1b,100.0
KT234138,HCV,1b,100.0
KT235032,HCV,1a,100.0
KT235035,HCV,1a,100.0
KT235031,HCV,1b,100.0
KT235038,HCV,1a,100.0
KT235028,HCV,1a,100.0
KT234167,HCV,1a,100.0
KT234168,HCV,1b,100.0
KT234162,HCV,1b,100.0
KT234161,HCV,1b,100.0
KT234170,HCV,1b,100.0
KT234172,HCV,1b,100.0
KT234169,HCV,1b,100.0
KT234171,HCV,1b,100.0
KT234174,HCV,1a,100.0
KT234175,HCV,1b,100.0
KT234173,HCV,1b,100.0
KT234179,HCV,1b,100.0
KT234184,HCV,1b,100.0
KT234180,HCV,1a,100.0
KT234182,HCV,1b,100.0
KT234343,HCV,1a,100.0
KT234355,HCV,1b,100.0
KT234361,HCV,1a,100.0
KT234362,HCV,1a,100.0
KT234364,HCV,1a,100.0
KT234366,HCV,1b,100.0
KT234369,HCV,1a,100.0
KT234367,HCV,1a,100.0
KT234365,HCV,1b,100.0
KT235012,HCV,1b,100.0
KT234358,HCV,1a,100.0
KT234069,HCV,1b,100.0
KT234557,HCV,1a,100.0
KT234550,HCV,1a,100.0
KT234569,HCV,1b,100.0
KT234571,HCV,1b,100.0
KT234558,HCV,1a,100.0
KT234570,HCV,1a,100.0
KT234568,HCV,1b,100.0
KT234576,HCV,1a,100.0
KT234583,HCV,1a,100.0
KT234588,HCV,1b,100.0
KT234586,HCV,1a,100.0
KT234580,HCV,1b,100.0
KT234577,HCV,1b,100.0
KT234592,HCV,1a,100.0
KT234575,HCV,1a,100.0
KT234594,HCV,1a,100.0
KT234596,HCV,1b,100.0
KT234597,HCV,1a,100.0
KT234598,HCV,1b,100.0
KT234604,HCV,1b,100.0
KT234599,HCV,1b,100.0
KT234608,HCV,1b,100.0
KT234613,HCV,1b,100.0
KT234615,HCV,1b,100.0
KT234606,HCV,1b,100.0
KT234612,HCV,1b,100.0
KT234607,HCV,1a,100.0
KT234618,HCV,1a,100.0
KT234623,HCV,1b,100.0
KT234619,HCV,1b,100.0
KT234609,HCV,1b,100.0
KT234616,HCV,1a,100.0
KT234603,HCV,1b,100.0
KT234641,HCV,1a,100.0
KT234642,HCV,1a,100.0
KT234632,HCV,1a,100.0
KT234634,HCV,1a,100.0
KT234645,HCV,1b,100.0
KT234654,HCV,1a,100.0
KT234659,HCV,1a,100.0
KT234661,HCV,1a,100.0
KT234651,HCV,1a,100.0
KT234655,HCV,1b,100.0
KT234657,HCV,1a,100.0
KT234665,HCV,1a,100.0
KT234673,HCV,1a,100.0
KT234653,HCV,1b,100.0
KT234670,HCV,1b,100.0
KT234669,HCV,1a,100.0
KT234672,HCV,1a,100.0
KT234682,HCV,1b,100.0
KT234666,HCV,1a,100.0
KT234683,HCV,1b,100.0
KT234680,HCV,1b,100.0
KT234675,HCV,1a,100.0
KT234687,HCV,1a,100.0
KT234700,HCV,1b,100.0
KT234703,HCV,1b,100.0
KT234723,HCV,1a,100.0
KT234726,HCV,1b,100.0
KT234725,HCV,1a,100.0
KT234729,HCV,1a,100.0
KT234718,HCV,1a,100.0
KT234722,HCV,1a,100.0
KT234752,HCV,1b,100.0
KT234759,HCV,1b,100.0
KT234755,HCV,1b,100.0
KT234758,HCV,1b,100.0
KT234763,HCV,1b,100.0
KT234762,HCV,1b,100.0
KT234765,HCV,1b,100.0
KT234799,HCV,1b,100.0
KT234798,HCV,1b,100.0
KT234792,HCV,1b,100.0
KT234803,HCV,1b,100.0
KT234807,HCV,1b,100.0
KT234782,HCV,1b,100.0
KT234806,HCV,1b,100.0
KT234800,HCV,1a,100.0
KT234804,HCV,1b,100.0
KT234814,HCV,1a,100.0
KT234801,HCV,1b,100.0
KT234802,HCV,1b,100.0
KT234816,HCV,1a,100.0
KT234805,HCV,1b,100.0
KT234811,HCV,1a,100.0
KT234822,HCV,1b,100.0
KT234823,HCV,1b,100.0
KT234809,HCV,1a,100.0
KT234841,HCV,1b,100.0
KT234829,HCV,1b,100.0
KT234833,HCV,1b,100.0
KT234848,HCV,1b,100.0
KT234837,HCV,1b,100.0
KT234850,HCV,1b,100.0
KT234849,HCV,1b,100.0
KT234832,HCV,1b,100.0
KT234860,HCV,1b,100.0
KT234862,HCV,1b,100.0
KT234858,HCV,1b,100.0
KT234863,HCV,1b,100.0
KT234861,HCV,1a,100.0
KT234854,HCV,1b,100.0
KT234865,HCV,1a,100.0
KT234864,HCV,1b,100.0
KT234859,HCV,1b,100.0
KT234873,HCV,1b,100.0
KT234866,HCV,1b,100.0
KT234880,HCV,1b,100.0
KT234876,HCV,1b,100.0
KT234882,HCV,1b,100.0
KT234890,HCV,1a,100.0
KT234899,HCV,1b,100.0
KT234896,HCV,1b,100.0
KT234897,HCV,1b,100.0
KT234900,HCV,1b,100.0
KT234892,HCV,1a,100.0
KT234901,HCV,1b,100.0
KT234912,HCV,1b,100.0
KT234903,HCV,1b,100.0
KT234904,HCV,1b,100.0
KT234913,HCV,1b,100.0
KT234906,HCV,1b,100.0
KT234084,HCV,1b,100.0
KT234094,HCV,1b,100.0
KT234103,HCV,1b,100.0
KT234106,HCV,1b,100.0
KT234109,HCV,1b,100.0
KT234113,HCV,1a,100.0
KT234107,HCV,1b,100.0
KT234116,HCV,1b,100.0
KT234110,HCV,1b,100.0
KT234120,HCV,1b,100.0
KT234123,HCV,1a,100.0
KT234189,HCV,1a,100.0
KT234119,HCV,1b,100.0
KT234121,HCV,1a,100.0
KT234115,HCV,1b,100.0
KT234122,HCV,1b,100.0
KT234195,HCV,1b,100.0
KT234193,HCV,1a,100.0
KT234196,HCV,1a,100.0
KT234197,HCV,1b,100.0
KT234200,HCV,1b,100.0
KT234124,HCV,1a,100.0
KT234207,HCV,1b,100.0
KT234204,HCV,1b,100.0
KT234213,HCV,1a,100.0
KT234211,HCV,1b,100.0
KT234212,HCV,1b,100.0
KT234215,HCV,1b,100.0
KT234206,HCV,1b,100.0
KT234220,HCV,1a,100.0
KT234224,HCV,1b,100.0
KT234216,HCV,1a,100.0
KT234218,HCV,1b,100.0
KT234229,HCV,1a,100.0
KT234227,HCV,1a,100.0
KT234221,HCV,1b,100.0
KT234226,HCV,1a,100.0
KT234230,HCV,1b,100.0
KT234231,HCV,1a,100.0
KT234238,HCV,1b,100.0
KT234239,HCV,1a,100.0
KT234245,HCV,1a,100.0
KT234228,HCV,1a,100.0
KT234251,HCV,1a,100.0
KT234248,HCV,1a,100.0
KT234249,HCV,1a,100.0
KT234235,HCV,1b,100.0
KT234252,HCV,1a,100.0
KT234254,HCV,1a,100.0
KT234237,HCV,1b,100.0
KT234259,HCV,1a,100.0
KT234247,HCV,1a,100.0
KT234257,HCV,1a,100.0
KT234256,HCV,1a,100.0
KT234242,HCV,1a,100.0
KT234250,HCV,1a,100.0
KT234262,HCV,1a,100.0
KT234268,HCV,1a,100.0
KT234260,HCV,1a,100.0
KT234261,HCV,1b,100.0
KT234276,HCV,1b,100.0
KT234283,HCV,1a,100.0
KT234284,HCV,1b,100.0
KT234275,HCV,1b,100.0
KT234286,HCV,1b,100.0
KT234295,HCV,1a,100.0
KT234298,HCV,1a,100.0
KT234297,HCV,1a,100.0
KT234281,HCV,1a,100.0
KT234301,HCV,1a,100.0
KT234299,HCV,1a,100.0
KT234303,HCV,1a,100.0
KT234296,HCV,1a,100.0
KT234302,HCV,1b,100.0
KT234300,HCV,1b,100.0
KT234304,HCV,1a,100.0
KT234327,HCV,1b,100.0
KT234334,HCV,1a,100.0
KT234330,HCV,1b,100.0
KT234339,HCV,1b,100.0
KT234342,HCV,1a,100.0
KT234350,HCV,1b,100.0
KT234354,HCV,1b,100.0
KT234333,HCV,1a,100.0
KT234356,HCV,1b,100.0
KT234357,HCV,1a,100.0
KT234349,HCV,1b,100.0
KT234908,HCV,1b,100.0
KT234956,HCV,1b,100.0
KT234954,HCV,1b,100.0
KT234952,HCV,1b,100.0
KT234948,HCV,1b,100.0
KT234957,HCV,1b,100.0
KT234946,HCV,1b,100.0
KT234961,HCV,1b,100.0
KT234969,HCV,1b,100.0
KT234971,HCV,1b,100.0
KT234958,HCV,1b,100.0
KT234973,HCV,1b,100.0
KT234974,HCV,1b,100.0
KT234967,HCV,1b,100.0
KT234993,HCV,1b,100.0
KT234997,HCV,1b,100.0
KT234988,HCV,1b,100.0
KT234982,HCV,1b,100.0
KT234998,HCV,1a,100.0
KT234995,HCV,1b,100.0
KT234989,HCV,1b,100.0
KT234051,HCV,1b,100.0
KT234055,HCV,1b,100.0
KT235049,HCV,1b,100.0
KT235046,HCV,1b,100.0
KT235039,HCV,1a,100.0
KT234125,HCV,1b,100.0
KT234053,HCV,1b,100.0
KT234129,HCV,1b,100.0
KT234126,HCV,1a,100.0
KT234130,HCV,1a,100.0
KT234137,HCV,1b,100.0
KT234128,HCV,1a,100.0
KT234131,HCV,1a,100.0
KT234136,HCV,1a,100.0
KT234132,HCV,1b,100.0
KT234054,HCV,1b,100.0
KT234134,HCV,1b,100.0
KT234139,HCV,1b,100.0
KT234135,HCV,1b,100.0
KT234052,HCV,1b,100.0
KT234141,HCV,1b,100.0
KT234145,HCV,1b,100.0
KT234146,HCV,1a,100.0
KT234142,HCV,1b,100.0
KT234148,HCV,1b,100.0
KT234144,HCV,1b,100.0
KT234150,HCV,1b,100.0
KT234151,HCV,1b,100.0
KT234149,HCV,1b,100.0
KT234147,HCV,1b,100.0
KT234140,HCV,1b,100.0
KT234143,HCV,1b,100.0
KT234152,HCV,1b,100.0
KT234155,HCV,1b,100.0
KT234157,HCV,1a,100.0
KT234159,HCV,1b,100.0
KT234156,HCV,1b,100.0
KT234163,HCV,1a,100.0
KT234154,HCV,1b,100.0
KT234160,HCV,1b,100.0
KT234164,HCV,1b,100.0
KT234158,HCV,1b,100.0
KT234165,HCV,1b,100.0
KT234166,HCV,1b,100.0
KT234153,HCV,1b,100.0
KT234178,HCV,1a,100.0
KT234133,HCV,1b,100.0
KT234183,HCV,1b,100.0
KT234177,HCV,1a,100.0
KT234181,HCV,1a,100.0
KT234185,HCV,1b,100.0
KT234187,HCV,1a,100.0
KT234176,HCV,1a,100.0
KT234062,HCV,1b,100.0
KT234064,HCV,1b,100.0
KT234186,HCV,1b,100.0
KT234065,HCV,1b,100.0
KT234363,HCV,1b,100.0
KT234373,HCV,1b,100.0
KT234368,HCV,1a,100.0
KT234374,HCV,1b,100.0
KT234379,HCV,1a,100.0
KT234371,HCV,1a,100.0
KT234382,HCV,1b,100.0
KT234384,HCV,1b,100.0
KT234386,HCV,1a,100.0
KT234372,HCV,1a,100.0
KT234380,HCV,1a,100.0
KT234387,HCV,1b,100.0
KT234383,HCV,1a,100.0
KT234385,HCV,1a,100.0
KT234388,HCV,1a,100.0
KT234400,HCV,1a,100.0
KT234403,HCV,1a,100.0
KT234397,HCV,1b,100.0
KT234393,HCV,1a,100.0
KT234389,HCV,1a,100.0
KT234394,HCV,1a,100.0
KT234405,HCV,1a,100.0
KT234401,HCV,1a,100.0
KT234422,HCV,1a,100.0
KT234408,HCV,1a,100.0
KT234412,HCV,1a,100.0
KT234423,HCV,1a,100.0
KT234429,HCV,1a,100.0
KT234425,HCV,1a,100.0
KT234432,HCV,1a,100.0
KT234433,HCV,1a,100.0
KT234424,HCV,1a,100.0
KT234426,HCV,1a,100.0
KT234434,HCV,1a,100.0
KT234431,HCV,1a,100.0
KT234427,HCV,1a,100.0
KT234411,HCV,1a,100.0
KT234409,HCV,1b,100.0
KT234437,HCV,1b,100.0
KT234446,HCV,1a,100.0
KT234441,HCV,1b,100.0
KT234453,HCV,1a,100.0
KT234442,HCV,1a,100.0
KT234454,HCV,1a,100.0
KT234452,HCV,1b,100.0
KT234438,HCV,1a,100.0
KT234448,HCV,1a,100.0
KT234456,HCV,1a,100.0
KT234462,HCV,1a,100.0
KT234460,HCV,1a,100.0
KT234464,HCV,1a,100.0
KT234444,HCV,1a,100.0
KT234468,HCV,1a,100.0
KT234459,HCV,1a,100.0
KT234470,HCV,1a,100.0
KT234473,HCV,1a,100.0
KT234472,HCV,1b,100.0
KT234479,HCV,1a,100.0
KT234480,HCV,1a,100.0
KT234463,HCV,1a,100.0
KT234450,HCV,1a,100.0
KT234466,HCV,1a,100.0
KT234461,HCV,1b,100.0
KT234477,HCV,1a,100.0
KT234475,HCV,1a,100.0
KT234482,HCV,1b,100.0
KT234474,HCV,1b,100.0
KT234490,HCV,1a,100.0
KT234488,HCV,1b,100.0
KT234486,HCV,1a,100.0
KT234493,HCV,1b,100.0
KT234483,HCV,1b,100.0
KT234487,HCV,1a,100.0
KT234485,HCV,1a,100.0
KT234489,HCV,1a,100.0
KT234498,HCV,1a,100.0
KT234499,HCV,1a,100.0
KT234494,HCV,1a,100.0
KT234496,HCV,1a,100.0
KT234503,HCV,1a,100.0
KT234501,HCV,1a,100.0
KT234500,HCV,1a,100.0
KT234504,HCV,1a,100.0
KT234506,HCV,1a,100.0
KT234492,HCV,1b,100.0
KT234495,HCV,1a,100.0
KT234508,HCV,1b,100.0
KT234511,HCV,1b,100.0
KT234512,HCV,1b,100.0
KT234514,HCV,1a,100.0
KT234523,HCV,1a,100.0
KT234521,HCV,1a,100.0
KT234525,HCV,1a,100.0
KT234509,HCV,1a,100.0
KT234518,HCV,1b,100.0
KT234535,HCV,1a,100.0
KT234531,HCV,1a,100.0
KT234526,HCV,1a,100.0
KT234537,HCV,1a,100.0
KT234530,HCV,1a,100.0
KT234524,HCV,1a,100.0
KT234520,HCV,1a,100.0
KT234548,HCV,1b,100.0
KT234549,HCV,1b,100.0
KT234543,HCV,1b,100.0
KT234551,HCV,1a,100.0
KT234540,HCV,1a,100.0
KT234555,HCV,1b,100.0
KT234545,HCV,1b,100.0
KT234559,HCV,1a,100.0
KT234546,HCV,1a,100.0
KT234552,HCV,1a,100.0
KT234562,HCV,1b,100.0
KT234554,HCV,1a,100.0
KT234565,HCV,1a,100.0
KT234563,HCV,1b,100.0
KT235333,HCV,1a,100.0
KT235327,HCV,1a,100.0
KT235331,HCV,1a,100.0
KT235306,HCV,1b,100.0
KT235332,HCV,1b,100.0
KP411641,HCV,1a,100.0
KT235059,HCV,1b,100.0
KP411617,HCV,1a,100.0
KP411632,HCV,1a,100.0
KP411656,HCV,1a,100.0
KP411664,HCV,1a,100.0
KP411673,HCV,1a,100.0
KP411672,HCV,1a,100.0
KP411669,HCV,1a,100.0
KP411742,HCV,1a,100.0
EF139662,HCV,1b,100.0
EU622929,HCV,1a,100.0
EF139694,HCV,1a,100.0
EF139667,HCV,1a,100.0
EF139675,HCV,1a,100.0
EF139744,HCV,1b,100.0
MG993256,HCV,1b,100.0
EF139772,HCV,1a,100.0
JQ343806,HCV,1a,100.0
JQ343807,HCV,1a,100.0
JQ343803,HCV,1a,100.0
JQ343813,HCV,1a,100.0
JQ343815,HCV,1a,100.0
JQ343809,HCV,1a,100.0
JQ343812,HCV,1a,100.0
JQ343816,HCV,1a,100.0
MG993258,HCV,1b,100.0
MG993268,HCV,1b,100.0
MG993265,HCV,1b,100.0
MG993272,HCV,1b,100.0
MG993241,HCV,1b,100.0
HQ908288,HCV,1b,100.0
HM568439,HCV,3a,100.0
KT235079,HCV,1a,100.0
KT235058,HCV,1a,100.0
KT235070,HCV,1a,100.0
KT235066,HCV,1a,100.0
KT235095,HCV,1b,100.0
KT235107,HCV,1b,100.0
KT235099,HCV,1b,100.0
KT235121,HCV,1a,100.0
KT235071,HCV,1a,100.0
KT235124,HCV,1a,100.0
KT235163,HCV,1b,100.0
KT235145,HCV,1b,100.0
KT235126,HCV,1a,100.0
KT235127,HCV,1b,100.0
KT235143,HCV,1a,100.0
KT235144,HCV,1b,100.0
KT235138,HCV,1a,100.0
KT235146,HCV,1a,100.0
KT235167,HCV,1a,100.0
KT235193,HCV,1a,100.0
KT235182,HCV,1a,100.0
KT235165,HCV,1b,100.0
KT235140,HCV,1a,100.0
KT235180,HCV,1a,100.0
KT235192,HCV,1b,100.0
KT235191,HCV,1a,100.0
KT235177,HCV,1a,100.0
KT235176,HCV,1a,100.0
KT235195,HCV,1a,100.0
KT235206,HCV,1a,100.0
KT235203,HCV,1b,100.0
KT235209,HCV,1a,100.0
KT235197,HCV,1a,100.0
KT235208,HCV,1a,100.0
KT235210,HCV,1a,100.0
KT235179,HCV,1b,100.0
KT235212,HCV,1a,100.0
KT235213,HCV,1a,100.0
KT235218,HCV,1b,100.0
KT235232,HCV,1a,100.0
KT235214,HCV,1b,100.0
KT235219,HCV,1a,100.0
KT235224,HCV,1a,100.0
KT235228,HCV,1a,100.0
KT235227,HCV,1a,100.0
KT235226,HCV,1a,100.0
KT235235,HCV,1a,100.0
KT235237,HCV,1a,100.0
KT235241,HCV,1b,100.0
KT235244,HCV,1a,100.0
KT235220,HCV,1a,100.0
KT235216,HCV,1b,100.0
KT235229,HCV,1a,100.0
KT235240,HCV,1a,100.0
KT235207,HCV,1a,100.0
KT235252,HCV,1a,100.0
KT235238,HCV,1a,100.0
KT235247,HCV,1a,100.0
KT235248,HCV,1a,100.0
KT235245,HCV,1a,100.0
KT235215,HCV,1a,100.0
KT235253,HCV,1b,100.0
KT235217,HCV,1a,100.0
KT235251,HCV,1b,100.0
KT235264,HCV,1a,100.0
KT235256,HCV,1a,100.0
KT235259,HCV,1a,100.0
KT235257,HCV,1a,100.0
KT235246,HCV,1a,100.0
KT235254,HCV,1a,100.0
KT235261,HCV,1a,100.0
KT235258,HCV,1b,100.0
KT235250,HCV,1b,100.0
KT235260,HCV,1a,100.0
KT235292,HCV,1a,100.0
KT235277,HCV,1a,100.0
KT235273,HCV,1a,100.0
KT235280,HCV,1b,100.0
KT235268,HCV,1a,100.0
KT235279,HCV,1b,100.0
KT235283,HCV,1b,100.0
KT235298,HCV,1a,100.0
KT235302,HCV,1a,100.0
KT235305,HCV,1a,100.0
KT235297,HCV,1a,100.0
KT235319,HCV,1b,100.0
KT235326,HCV,1b,100.0
KT235330,HCV,1b,100.0
KT235324,HCV,1a,100.0
KT235328,HCV,1a,100.0
KT235263,HCV,1a,100.0
KT235288,HCV,1a,100.0
KT235311,HCV,1b,100.0
KT235312,HCV,1a,100.0
KT235301,HCV,1a,100.0
KT235300,HCV,1a,100.0
KT235339,HCV,1b,100.0
KT235347,HCV,1b,100.0
KT235352,HCV,1a,100.0
KT235341,HCV,1a,100.0
KT235320,HCV,1a,100.0
KT235349,HCV,1b,100.0
KT235353,HCV,1a,100.0
KT235343,HCV,1a,100.0
KT235329,HCV,1a,100.0
KT235342,HCV,1a,100.0
KT235359,HCV,1a,100.0
KT235358,HCV,1a,100.0
KT235355,HCV,1a,100.0
KT235350,HCV,1b,100.0
KT235362,HCV,1a,100.0
KT235361,HCV,1a,100.0
KT235360,HCV,1a,100.0
KT235370,HCV,1a,100.0
KT235375,HCV,1a,100.0
KT235365,HCV,1a,100.0
KT235372,HCV,1b,100.0
KT235354,HCV,1a,100.0
KT235366,HCV,1a,100.0
KT235371,HCV,1a,100.0
KT235368,HCV,1a,100.0
KT235376,HCV,1b,100.0
KT235377,HCV,1b,100.0
KT235374,HCV,1b,100.0
KT235373,HCV,1b,100.0
KT235367,HCV,1a,100.0
KT235379,HCV,1a,100.0
KT235357,HCV,1a,100.0
KT235363,HCV,1b,100.0
KT235356,HCV,1a,100.0
KT235396,HCV,1a,100.0
KT235382,HCV,1a,100.0
KT235385,HCV,1a,100.0
KT235384,HCV,1a,100.0
KT235380,HCV,1b,100.0
KT235387,HCV,1a,100.0
KT235369,HCV,1a,100.0
KT235383,HCV,1b,100.0
KT235388,HCV,1a,100.0
KT235394,HCV,1a,100.0
KT235392,HCV,1a,100.0
KT235389,HCV,1a,100.0
KT235390,HCV,1a,100.0
KT235381,HCV,1a,100.0
KT235378,HCV,1b,100.0
KT235395,HCV,1a,100.0
KT235402,HCV,1b,100.0
KT235391,HCV,1a,100.0
KT235398,HCV,1a,100.0
KT235405,HCV,1a,100.0
KT235406,HCV,1b,100.0
KT235408,HCV,1a,100.0
KT235411,HCV,1a,100.0
KT235403,HCV,1a,100.0
KT235417,HCV,1a,100.0
KT235401,HCV,1a,100.0
KT235416,HCV,1a,100.0
KT235397,HCV,1a,100.0
KT235410,HCV,1b,100.0
KT235413,HCV,1a,100.0
KT235422,HCV,1a,100.0
KT235424,HCV,1b,100.0
KT235415,HCV,1a,100.0
KT235426,HCV,1a,100.0
KT235425,HCV,1a,100.0
KT235409,HCV,1a,100.0
KT235429,HCV,1a,100.0
KT235446,HCV,1b,100.0
KT235445,HCV,1a,100.0
KT235430,HCV,1a,100.0
KT235449,HCV,1a,100.0
KT235448,HCV,1b,100.0
KT235450,HCV,1b,100.0
KT235442,HCV,1a,100.0
KT235432,HCV,1a,100.0
KT235453,HCV,1a,100.0
KT235462,HCV,1b,100.0
KT235463,HCV,1a,100.0
KT235457,HCV,1a,100.0
KT235466,HCV,1a,100.0
KT235482,HCV,1b,100.0
KT235483,HCV,1b,100.0
KT235484,HCV,1b,100.0
KT235477,HCV,1b,100.0
KT235478,HCV,1b,100.0
KT235485,HCV,1b,100.0
KT235488,HCV,1b,100.0
KT235495,HCV,1b,100.0
KT235500,HCV,1b,100.0
KT235501,HCV,1b,100.0
KT235502,HCV,1b,100.0
KT235481,HCV,1b,100.0
KT235498,HCV,1b,100.0
KT235496,HCV,1b,100.0
KT235503,HCV,1b,100.0
KT235508,HCV,1b,100.0
KT235513,HCV,1b,100.0
KT235507,HCV,1b,100.0
KT235517,HCV,1b,100.0
KT235051,HCV,1b,100.0
KT235057,HCV,1b,100.0
KT235056,HCV,1a,100.0
KT235523,HCV,1b,100.0
KT235055,HCV,1a,100.0
KT235525,HCV,1b,100.0
KT235053,HCV,1b,100.0
KT235101,HCV,1a,100.0
KT235102,HCV,1b,100.0
KT235103,HCV,1b,100.0
KT235104,HCV,1a,100.0
KT235091,HCV,1a,100.0
KT235092,HCV,1a,100.0
KT235105,HCV,1b,100.0
KT235115,HCV,1b,100.0
KT235130,HCV,1b,100.0
KT235134,HCV,1b,100.0
KT235132,HCV,1a,100.0
KT235148,HCV,1a,100.0
KT235106,HCV,1b,100.0
KT235152,HCV,1a,100.0
KT235151,HCV,1a,100.0
KT235158,HCV,1b,100.0
KT235155,HCV,1a,100.0
KT235159,HCV,1b,100.0
KT235169,HCV,1a,100.0
KT235161,HCV,1a,100.0
KT235156,HCV,1a,100.0
KT235171,HCV,1b,100.0
KT235172,HCV,1b,100.0
KT235187,HCV,1a,100.0
KT235160,HCV,1b,100.0
KT235189,HCV,1a,100.0
KT235186,HCV,1b,100.0
KT235185,HCV,1a,100.0
HM568444,HCV,4a,100.0
KP411618,HCV,1a,100.0
HM568440,HCV,4a,100.0
KP411619,HCV,1a,100.0
KP411626,HCV,1a,100.0
HM568434,HCV,2b,100.0
KT235420,HCV,1b,100.0
KT235407,HCV,1a,100.0
KT235400,HCV,1b,100.0
KT235421,HCV,1a,100.0
KT235414,HCV,1a,100.0
KT235386,HCV,1b,100.0
KT235423,HCV,1a,100.0
KT235418,HCV,1b,100.0
KT235427,HCV,1a,100.0
KT235434,HCV,1a,100.0
KT235433,HCV,1b,100.0
KT235435,HCV,1b,100.0
KT235437,HCV,1b,100.0
KT235439,HCV,1b,100.0
KT235441,HCV,1a,100.0
KT235431,HCV,1a,100.0
KT235436,HCV,1b,100.0
KT235438,HCV,1a,100.0
KT235443,HCV,1a,100.0
KT235455,HCV,1a,100.0
KT235454,HCV,1a,100.0
KT235460,HCV,1a,100.0
KT235456,HCV,1a,100.0
KT235451,HCV,1b,100.0
KT235461,HCV,1a,100.0
KT235467,HCV,1a,100.0
KT235464,HCV,1a,100.0
KT235468,HCV,1b,100.0
KT235459,HCV,1a,100.0
KT235458,HCV,1a,100.0
KT235474,HCV,1b,100.0
KT235469,HCV,1a,100.0
KT235473,HCV,1b,100.0
KT235476,HCV,1b,100.0
KT235470,HCV,1a,100.0
KT235480,HCV,1b,100.0
KT235475,HCV,1b,100.0
KT235487,HCV,1b,100.0
KT235486,HCV,1b,100.0
KT235471,HCV,1b,100.0
KT235494,HCV,1b,100.0
KT235489,HCV,1b,100.0
KT235493,HCV,1b,100.0
KT235472,HCV,1b,100.0
KT235492,HCV,1b,100.0
KT235491,HCV,1b,100.0
KT235497,HCV,1b,100.0
KT235490,HCV,1b,100.0
KT235505,HCV,1b,100.0
KT235510,HCV,1b,100.0
KT235511,HCV,1b,100.0
KT235506,HCV,1b,100.0
KT235504,HCV,1b,100.0
KT235515,HCV,1b,100.0
KT235512,HCV,1b,100.0
KT235521,HCV,1b,100.0
KT235509,HCV,1b,100.0
KT235518,HCV,1b,100.0
KT235522,HCV,1b,100.0
KT235052,HCV,1a,100.0
KT235519,HCV,1b,100.0
KT235054,HCV,1b,100.0
KT235075,HCV,1b,100.0
KT235076,HCV,1a,100.0
KT235086,HCV,1b,100.0
KT235077,HCV,1a,100.0
KT235087,HCV,1a,100.0
KT235078,HCV,1a,100.0
KT235073,HCV,1b,100.0
KT235524,HCV,1b,100.0
KT235088,HCV,1a,100.0
KT235074,HCV,1a,100.0
KT235090,HCV,1a,100.0
KT235100,HCV,1b,100.0
KT235072,HCV,1a,100.0
KT235516,HCV,1b,100.0
KT235118,HCV,1b,100.0
KT235131,HCV,1a,100.0
KT235128,HCV,1b,100.0
KT235117,HCV,1a,100.0
KT235119,HCV,1a,100.0
KT235089,HCV,1a,100.0
KT235120,HCV,1a,100.0
KT235114,HCV,1b,100.0
KT235129,HCV,1a,100.0
KT235149,HCV,1b,100.0
KT235150,HCV,1a,100.0
KT235157,HCV,1b,100.0
KT235154,HCV,1a,100.0
KT235133,HCV,1b,100.0
KT235116,HCV,1a,100.0
KT235170,HCV,1b,100.0
KT235173,HCV,1a,100.0
KT235174,HCV,1b,100.0
KT235175,HCV,1a,100.0
KT235153,HCV,1b,100.0
KT235183,HCV,1a,100.0
HM568437,HCV,2b,100.0
HM568436,HCV,2b,100.0
HM568438,HCV,3a,100.0
KT235188,HCV,1a,100.0
HM568435,HCV,2b,100.0
HM568441,HCV,4a,100.0
HM568442,HCV,4a,100.0
HM568443,HCV,4a,100.0
KP411614,HCV,1a,100.0
KP411616,HCV,1a,100.0
HM568432,HCV,2b,100.0
KP411615,HCV,1a,100.0
HM568433,HCV,2b,100.0
KP411620,HCV,1a,100.0
KP411622,HCV,1a,100.0
KP411627,HCV,1a,100.0
KP411628,HCV,1a,100.0
KP411634,HCV,1a,100.0
KP411636,HCV,1a,100.0
KP411639,HCV,1a,100.0
KP411635,HCV,1a,100.0
KP411638,HCV,1a,100.0
KP411637,HCV,1a,100.0
KP411642,HCV,1a,100.0
KP411630,HCV,1a,100.0
KP411648,HCV,1a,100.0
KP411640,HCV,1a,100.0
KP411654,HCV,1a,100.0
KP411645,HCV,1a,100.0
KP411647,HCV,1a,100.0
KP411655,HCV,1a,100.0
KP411668,HCV,1a,100.0
KP411652,HCV,1a,100.0
KP411662,HCV,1a,100.0
KP411667,HCV,1a,100.0
KP411685,HCV,1a,100.0
KP411686,HCV,1a,100.0
KP411677,HCV,1a,100.0
KP411660,HCV,1a,100.0
KP411674,HCV,1a,100.0
KP411690,HCV,1a,100.0
KP411676,HCV,1a,100.0
KP411691,HCV,1a,100.0
KP411689,HCV,1a,100.0
KP411687,HCV,1a,100.0
KP411661,HCV,1a,100.0
KP411697,HCV,1a,100.0
KP411698,HCV,1a,100.0
KP411702,HCV,1a,100.0
KP411696,HCV,1a,100.0
KP411701,HCV,1a,100.0
KP411678,HCV,1a,100.0
KP411704,HCV,1a,100.0
KP411624,HCV,1a,100.0
KT235184,HCV,1a,100.0
KP411629,HCV,1a,100.0
KP411621,HCV,1a,100.0
KP411631,HCV,1a,100.0
KP411643,HCV,1a,100.0
KP411623,HCV,1a,100.0
KP411644,HCV,1a,100.0
KP411646,HCV,1a,100.0
KP411650,HCV,1a,100.0
KP411649,HCV,1a,100.0
KP411670,HCV,1a,100.0
KP411671,HCV,1a,100.0
KP411663,HCV,1a,100.0
KP411681,HCV,1a,100.0
KP411683,HCV,1a,100.0
KP411684,HCV,1a,100.0
KP411679,HCV,1a,100.0
KP411693,HCV,1a,100.0
KP411692,HCV,1a,100.0
KP411695,HCV,1a,100.0
KP411707,HCV,1a,100.0
KP411713,HCV,1a,100.0
KP411711,HCV,1a,100.0
KP411700,HCV,1a,100.0
KP411712,HCV,1a,100.0
KP411708,HCV,1a,100.0
KP411659,HCV,1a,100.0
KP411710,HCV,1a,100.0
KP411703,HCV,1a,100.0
KP411721,HCV,1a,100.0
KP411722,HCV,1a,100.0
KP411717,HCV,1a,100.0
KP411719,HCV,1a,100.0
KP411725,HCV,1a,100.0
KP411726,HCV,1a,100.0
KP411723,HCV,1a,100.0
KP411718,HCV,1a,100.0
KP411714,HCV,1a,100.0
KP411720,HCV,1a,100.0
KP411675,HCV,1a,100.0
KT235399,HCV,1b,100.0
KT235393,HCV,1a,100.0
KT235404,HCV,1b,100.0
EU332548,HCV,3a,100.0
KP411737,HCV,1a,100.0
KX247137,HCV,1a,100.0
KX247140,HCV,1a,100.0
KX247139,HCV,1a,100.0
KX247136,HCV,1a,100.0
KX247135,HCV,1a,100.0
EU315122,HCV,1b,100.0
KX247134,HCV,3a,100.0
EU622930,HCV,1a,100.0
EU622933,HCV,1a,100.0
EU332549,HCV,2b,100.0
KX247133,HCV,3a,100.0
EF139669,HCV,1a,100.0
EF139664,HCV,"unassigned_1, 1b-3b",NA
EF139661,HCV,1b,100.0
KX247142,HCV,1a,100.0
KX247132,HCV,1b,100.0
KX247144,HCV,1b,100.0
EF139659,HCV,1a,100.0
EF139660,HCV,1b,100.0
EF139657,HCV,1a,100.0
EF139672,HCV,1b,100.0
EF139663,HCV,1b,100.0
KX247131,HCV,1a,100.0
EF139676,HCV,1a,100.0
EF139674,HCV,1b,100.0
KX247145,HCV,1b,100.0
EF139678,HCV,1a,100.0
EF139681,HCV,1a,100.0
EF139665,HCV,1a,100.0
EF139671,HCV,1a,100.0
EF139670,HCV,1a,100.0
EF139673,HCV,1a,100.0
EF139658,HCV,1a,100.0
EF139687,HCV,1a,100.0
EF139666,HCV,1a,100.0
EF139682,HCV,1a,100.0
EF139683,HCV,1a,100.0
EF139685,HCV,1b,100.0
EF139691,HCV,1b,100.0
EF139688,HCV,1a,100.0
EF139696,HCV,1a,100.0
EF139700,HCV,3a,100.0
EF139668,HCV,1a,100.0
EF139686,HCV,1b,100.0
EF139684,HCV,1a,100.0
EF139690,HCV,1a,100.0
EF139693,HCV,1b,100.0
EF139692,HCV,1b,100.0
EF139703,HCV,1a,100.0
EF139718,HCV,1b,100.0
EF139698,HCV,1a,100.0
EF139710,HCV,1a,100.0
EF139680,HCV,1a,100.0
EF139695,HCV,1a,100.0
EF139701,HCV,1a,100.0
EF139677,HCV,1b,100.0
EF139704,HCV,1a,100.0
EF139679,HCV,1a,100.0
EF139731,HCV,1a,100.0
EF139712,HCV,1a,100.0
EF139724,HCV,1b,100.0
EF139723,HCV,1a,100.0
EF139720,HCV,1a,100.0
EF139715,HCV,1a,100.0
EF139717,HCV,1a,100.0
EF139729,HCV,1a,100.0
EF139728,HCV,1a,100.0
EF139714,HCV,1a,100.0
EF139726,HCV,1a,100.0
EF139735,HCV,1a,100.0
EF139736,HCV,1a,100.0
EF139738,HCV,1b,100.0
EF139719,HCV,1a,100.0
EF139725,HCV,1a,100.0
EF139737,HCV,1a,100.0
EF139730,HCV,1a,100.0
EF139702,HCV,1a,100.0
EF139706,HCV,1b,100.0
EF139748,HCV,1a,100.0
EF139739,HCV,1a,100.0
EF139746,HCV,1a,100.0
EF139743,HCV,1a,100.0
EF139740,HCV,1a,100.0
EF139754,HCV,1a,100.0
EF139758,HCV,1a,100.0
EF139751,HCV,1b,100.0
EF139734,HCV,1b,100.0
EF139733,HCV,1a,100.0
EF139749,HCV,1a,100.0
EF139763,HCV,1a,100.0
EF139759,HCV,1a,100.0
EF139767,HCV,1a,100.0
EF139768,HCV,1a,100.0
EF139762,HCV,1a,100.0
EF139750,HCV,1a,100.0
EF139761,HCV,1a,100.0
EF139760,HCV,1a,100.0
EF139741,HCV,1a,100.0
EF139765,HCV,1b,100.0
EF139769,HCV,1b,100.0
EF139770,HCV,1a,100.0
EF139773,HCV,1a,100.0
EF139756,HCV,1a,100.0
EF139755,HCV,1a,100.0
EF139766,HCV,1a,100.0
EF139771,HCV,1a,100.0
EF173631,HCV,1a,100.0
EF173627,HCV,1a,100.0
JQ343820,HCV,1a,100.0
JQ343822,HCV,1a,100.0
JQ343823,HCV,1a,100.0
JQ343819,HCV,1a,100.0
EF173629,HCV,1a,100.0
EF173630,HCV,1a,100.0
EF173636,HCV,1a,100.0
EF173634,HCV,1a,100.0
EF173633,HCV,1a,100.0
JQ343821,HCV,1a,100.0
EF173642,HCV,1a,100.0
EF173645,HCV,1a,100.0
EF173643,HCV,1a,100.0
EF139757,HCV,1b,100.0
EF139742,HCV,1a,100.0
EF139764,HCV,1a,100.0
JQ343805,HCV,1a,100.0
JQ343808,HCV,1a,100.0
JQ343810,HCV,1a,100.0
JQ343817,HCV,1a,100.0
JQ343818,HCV,1a,100.0
EF173639,HCV,1a,100.0
EF173637,HCV,1a,100.0
EF173640,HCV,1a,100.0
EF173644,HCV,1a,100.0
JQ343825,HCV,1a,100.0
EF173638,HCV,1a,100.0
EF173646,HCV,1a,100.0
JQ343826,HCV,1a,100.0
EF173628,HCV,1a,100.0
EF173648,HCV,1a,100.0
EF173650,HCV,1a,100.0
EF173652,HCV,1a,100.0
JQ343804,HCV,1a,100.0
EF173632,HCV,1a,100.0
JQ343814,HCV,1a,100.0
EF173635,HCV,1a,100.0
MG993235,HCV,1b,100.0
MG993227,HCV,1b,100.0
EF173649,HCV,1a,100.0
JQ343824,HCV,1a,100.0
MG993229,HCV,1b,100.0
MG993225,HCV,1b,100.0
MG993228,HCV,1b,100.0
MG993231,HCV,1b,100.0
MG993232,HCV,1b,100.0
MG993226,HCV,1b,100.0
MG993234,HCV,1b,100.0
MG993236,HCV,1b,100.0
MG993230,HCV,1b,100.0
EF173641,HCV,1a,100.0
EF173647,HCV,1a,100.0
MG993233,HCV,1b,100.0
MG993242,HCV,1b,100.0
MG993237,HCV,1b,100.0
MG993243,HCV,1b,100.0
MG993246,HCV,1b,100.0
MG993244,HCV,1b,100.0
MG993239,HCV,1b,100.0
MG993247,HCV,1b,100.0
MG993248,HCV,1b,100.0
MG993240,HCV,1b,100.0
MG993245,HCV,1b,100.0
MG993251,HCV,1b,100.0
MG993252,HCV,1b,100.0
MG993257,HCV,1b,100.0
MG993238,HCV,1b,100.0
MG993250,HCV,1b,100.0
MG993253,HCV,1b,100.0
MG993259,HCV,1b,100.0
MG993255,HCV,1b,100.0
MG993254,HCV,1b,100.0
MG993261,HCV,1b,100.0
MG993264,HCV,1b,100.0
MG993249,HCV,1b,100.0
MG993262,HCV,1b,100.0
MG993266,HCV,1b,100.0
MG993260,HCV,1b,100.0
MG993269,HCV,1b,100.0
MG993267,HCV,1b,100.0
MG993263,HCV,1b,100.0
MG993271,HCV,1b,100.0
MG993270,HCV,1b,100.0
MG993274,HCV,1b,100.0
MG993275,HCV,1b,100.0
MG993276,HCV,1b,100.0
MG993273,HCV,1b,100.0
MG993281,HCV,1b,100.0
MG993282,HCV,1b,100.0
MG993288,HCV,1b,100.0
MG993277,HCV,1b,100.0
MG993289,HCV,1b,100.0
MG993284,HCV,1b,100.0
MG993283,HCV,1b,100.0
MG993285,HCV,1b,100.0
MG993290,HCV,1b,100.0
MG993287,HCV,1b,100.0
MG993291,HCV,1b,100.0
MG993286,HCV,1b,100.0
MG993302,HCV,1b,100.0
MG993297,HCV,1b,100.0
MG993296,HCV,1b,100.0
MG993299,HCV,1b,100.0
MG993280,HCV,1b,100.0
MG993294,HCV,1b,100.0
MG993292,HCV,1b,100.0
MG993306,HCV,1b,100.0
MG993303,HCV,1b,100.0
MG993305,HCV,1b,100.0
MG993300,HCV,1b,100.0
MG993308,HCV,1b,100.0
MG993301,HCV,1b,100.0
MG993293,HCV,1b,100.0
MG993307,HCV,1b,100.0
MG993317,HCV,1b,100.0
MG993295,HCV,1b,100.0
MG993310,HCV,1b,100.0
MG993309,HCV,1b,100.0
MG993304,HCV,1b,100.0
MG993318,HCV,1b,100.0
MG993298,HCV,1b,100.0
MG993319,HCV,1b,100.0
MG993312,HCV,1b,100.0
MG993315,HCV,1b,100.0
MG993316,HCV,1b,100.0
MG993311,HCV,1b,100.0
MG993314,HCV,1b,100.0
KT235526,HCV,1b,100.0
KT235527,HCV,1b,100.0
KT235533,HCV,1b,100.0
KT235535,HCV,1b,100.0
KT235532,HCV,1b,100.0
KT235528,HCV,1b,100.0
KT235537,HCV,1b,100.0
KT235536,HCV,1b,100.0
KT235534,HCV,1b,100.0
KT235538,HCV,1b,100.0
HQ908306,HCV,1b,100.0
KT235529,HCV,1b,100.0
KT235555,HCV,1b,100.0
KT235546,HCV,1b,100.0
KT235547,HCV,1b,100.0
KT235550,HCV,1b,100.0
KT235549,HCV,1b,100.0
KT235530,HCV,1b,100.0
KT235553,HCV,1b,100.0
KT235552,HCV,1a,100.0
KT235558,HCV,1b,100.0
KT235564,HCV,1b,100.0
KT235559,HCV,1b,100.0
KX236171,HCV,1b,100.0
KT235561,HCV,1b,100.0
KX236172,HCV,1a,100.0
KT235556,HCV,1b,100.0
KT235551,HCV,1b,100.0
KT235557,HCV,1b,100.0
KT235540,HCV,1b,100.0
KT235560,HCV,1b,100.0
KT235531,HCV,1b,100.0
KT235543,HCV,1b,100.0
KT235563,HCV,1b,100.0
HM568417,HCV,1a,100.0
KX236174,HCV,1a,100.0
KX236177,HCV,1a,100.0
KT235548,HCV,1a,100.0
KX236175,HCV,1a,100.0
HM568422,HCV,1a,100.0
KX236176,HCV,1b,100.0
KX236173,HCV,1a,100.0
HM568418,HCV,1a,100.0
HM568423,HCV,1a,100.0
HM568424,HCV,1a,100.0
HM568421,HCV,1a,100.0
HM568425,HCV,1a,100.0
HM568426,HCV,1a,100.0
HQ908285,HCV,1b,100.0
HQ908292,HCV,1b,100.0
HM568428,HCV,1b,100.0
HM568430,HCV,1b,100.0
HM568429,HCV,1b,100.0
HQ908293,HCV,1b,100.0
HQ908290,HCV,1b,100.0
HQ908282,HCV,1b,100.0
HQ908284,HCV,1b,100.0
HQ908287,HCV,1b,100.0
HQ908286,HCV,1b,100.0
HQ908297,HCV,1b,100.0
HQ908295,HCV,1b,100.0
HQ908283,HCV,1b,100.0
HQ908299,HCV,1b,100.0
HQ908289,HCV,1b,100.0
HQ908291,HCV,1b,100.0
HQ908301,HCV,1b,100.0
HQ908302,HCV,1b,100.0
HM568431,HCV,1b,100.0
KT235062,HCV,1a,100.0
HM568419,HCV,1a,100.0
HQ908303,HCV,1b,100.0
HQ908300,HCV,1b,100.0
HQ908296,HCV,1b,100.0
HQ908294,HCV,1b,100.0
HQ908305,HCV,1b,100.0
KT235067,HCV,1a,100.0
KT235082,HCV,1a,100.0
KT235069,HCV,1a,100.0
KT235083,HCV,1a,100.0
KT235068,HCV,1a,100.0
KT235064,HCV,1a,100.0
KT235081,HCV,1a,100.0
KT235065,HCV,1a,100.0
KT235080,HCV,1a,100.0
KT235063,HCV,1b,100.0
KT235094,HCV,1b,100.0
KT235093,HCV,1b,100.0
KT235097,HCV,1a,100.0
KT235110,HCV,1a,100.0
KT235084,HCV,1a,100.0
KT235111,HCV,1b,100.0
KT235113,HCV,1a,100.0
KT235098,HCV,1b,100.0
KT235108,HCV,1b,100.0
KT235125,HCV,1a,100.0
KT235123,HCV,1a,100.0
KT235109,HCV,1a,100.0
KT235096,HCV,1a,100.0
KT235136,HCV,1a,100.0
KT235135,HCV,1a,100.0
KT235141,HCV,1b,100.0
KT235137,HCV,1a,100.0
KT235112,HCV,1a,100.0
KT235562,HCV,1b,100.0
KP411653,HCV,1a,100.0
KP411728,HCV,1a,100.0
KP411729,HCV,1a,100.0
KP411727,HCV,1a,100.0
KP411706,HCV,1a,100.0
KP411709,HCV,1a,100.0
KP411731,HCV,1a,100.0
KP411715,HCV,1a,100.0
KP411735,HCV,1a,100.0
KP411724,HCV,1a,100.0
KP411736,HCV,1a,100.0
KP411734,HCV,1a,100.0
KP411705,HCV,1a,100.0
KP411738,HCV,1a,100.0
KP411740,HCV,1a,100.0
KP411739,HCV,1a,100.0
KP411741,HCV,1a,100.0
KP411744,HCV,1a,100.0
KP411745,HCV,1a,100.0
KP411716,HCV,1a,100.0
KP411746,HCV,1a,100.0
KP411732,HCV,1a,100.0
KP411733,HCV,1a,100.0
KP411730,HCV,1a,100.0
KP411743,HCV,1a,100.0
EU307651,HCV,1b,100.0
EU307650,HCV,1b,100.0
EU312148,HCV,2b,100.0
EU312150,HCV,2b,100.0
EU302587,HCV,2b,100.0
EU315119,HCV,3a,100.0
EU312149,HCV,2b,100.0
EU332546,HCV,3a,100.0
EU307649,HCV,1b,100.0
EU332547,HCV,3a,100.0
EU315121,HCV,3a,100.0
EU307652,HCV,1b,100.0
EU622931,HCV,1a,100.0
EU312151,HCV,2b,100.0
EU622932,HCV,1a,100.0
KX247138,HCV,1a,100.0
EU315118,HCV,3a,100.0
KX247141,HCV,1a,100.0
EU315120,HCV,3a,100.0
KX247143,HCV,1a,100.0
EF139699,HCV,1a,100.0
EF139708,HCV,1a,100.0
EF139705,HCV,1b,100.0
EF139713,HCV,1a,100.0
EF139716,HCV,1a,100.0
EF139697,HCV,1a,100.0
EF139721,HCV,1a,100.0
EF139747,HCV,1b,100.0
EF139732,HCV,1a,100.0
EF139707,HCV,1a,100.0
EF139722,HCV,1b,100.0
EF139745,HCV,1a,100.0
EF173653,HCV,1a,100.0
EF173654,HCV,1a,100.0
JQ343811,HCV,1a,100.0
EF173651,HCV,1a,100.0
HQ908298,HCV,1b,100.0
KT235541,HCV,1b,100.0
KT235544,HCV,1b,100.0
KT235539,HCV,1b,100.0
HQ908304,HCV,1b,100.0
KT235542,HCV,1b,100.0
KT235545,HCV,1b,100.0
KT235554,HCV,1b,100.0
KT235061,HCV,1b,100.0
HM568420,HCV,1a,100.0
HM568427,HCV,1b,100.0
KT235060,HCV,1b,100.0
KT235142,HCV,1a,100.0
KT235162,HCV,1b,100.0
KT235147,HCV,1a,100.0
KT235178,HCV,1a,100.0
KT235139,HCV,1a,100.0
KT235168,HCV,1b,100.0
KT235164,HCV,1a,100.0
KT235166,HCV,1a,100.0
KT235122,HCV,1b,100.0
KT235181,HCV,1b,100.0
KT235085,HCV,1a,100.0
KT235190,HCV,1b,100.0
KT235202,HCV,1a,100.0
KT235205,HCV,1a,100.0
KT235196,HCV,1a,100.0
KT235201,HCV,1b,100.0
KT235204,HCV,1a,100.0
KT235198,HCV,1a,100.0
KT235200,HCV,1b,100.0
KT235194,HCV,1a,100.0
KT235199,HCV,1a,100.0
KT235211,HCV,1a,100.0
KT235225,HCV,1a,100.0
KT235223,HCV,1b,100.0
KT235222,HCV,1b,100.0
KT235221,HCV,1a,100.0
KT235230,HCV,1a,100.0
KT235233,HCV,1a,100.0
KT235234,HCV,1a,100.0
KT235231,HCV,1b,100.0
KT235239,HCV,1a,100.0
KT235236,HCV,1a,100.0
KT235243,HCV,1a,100.0
KT235249,HCV,1a,100.0
KT235242,HCV,1a,100.0
KT235265,HCV,1a,100.0
KT235266,HCV,1b,100.0
KT235255,HCV,1a,100.0
KT235262,HCV,1a,100.0
KT235271,HCV,1a,100.0
KT235269,HCV,1a,100.0
KT235274,HCV,1a,100.0
KT235267,HCV,1a,100.0
KT235278,HCV,1a,100.0
KT235276,HCV,1a,100.0
KT235281,HCV,1b,100.0
KT235284,HCV,1b,100.0
KT235272,HCV,1a,100.0
KT235282,HCV,1a,100.0
KT235285,HCV,1b,100.0
KT235286,HCV,1a,100.0
KT235270,HCV,1a,100.0
KT235287,HCV,1a,100.0
KT235290,HCV,1a,100.0
KT235275,HCV,1a,100.0
KT235294,HCV,1a,100.0
KT235293,HCV,1a,100.0
KT235289,HCV,1a,100.0
KT235296,HCV,1a,100.0
KT235299,HCV,1a,100.0
KT235295,HCV,1a,100.0
KT235304,HCV,1a,100.0
KT235307,HCV,1b,100.0
KT235291,HCV,1b,100.0
KT235310,HCV,1a,100.0
KT235308,HCV,1b,100.0
KT235313,HCV,1a,100.0
KT235309,HCV,1a,100.0
KT235314,HCV,1a,100.0
KT235316,HCV,1a,100.0
KT235315,HCV,1a,100.0
KT235317,HCV,1b,100.0
KT235318,HCV,1b,100.0
KT235322,HCV,1a,100.0
KT235321,HCV,1a,100.0
KT235303,HCV,1b,100.0
KT235323,HCV,1a,100.0
KT235337,HCV,1a,100.0
KT235338,HCV,1b,100.0
KT235325,HCV,1a,100.0
KT235336,HCV,1a,100.0
KT235334,HCV,1b,100.0
KT235340,HCV,1a,100.0
KT235344,HCV,1a,100.0
KT235345,HCV,1a,100.0
KT235348,HCV,1a,100.0
KT235346,HCV,1a,100.0
KT235335,HCV,1b,100.0
KT235351,HCV,1b,100.0
KT235364,HCV,1a,100.0
KT235419,HCV,1a,100.0
KT235412,HCV,1a,100.0
KT235440,HCV,1a,100.0
KT235444,HCV,1a,100.0
KT235447,HCV,1a,100.0
KT235428,HCV,1a,100.0
KT235452,HCV,1b,100.0
KT235465,HCV,1b,100.0
KT235499,HCV,1b,100.0
KT235479,HCV,1b,100.0
KT235520,HCV,1b,100.0
KT235514,HCV,1b,100.0
KP411625,HCV,1a,100.0
KP411633,HCV,1a,100.0
KP411651,HCV,1a,100.0
KP411657,HCV,1a,100.0
KP411665,HCV,1a,100.0
KP411658,HCV,1a,100.0
KP411666,HCV,1a,100.0
KP411688,HCV,1a,100.0
KP411680,HCV,1a,100.0
KP411694,HCV,1a,100.0
KP411699,HCV,1a,100.0
KP411682,HCV,1a,100.0
HQ908309,HCV,1b,100.0
HQ908310,HCV,1b,100.0
HQ908316,HCV,1b,100.0
HQ908312,HCV,1b,100.0
HQ908321,HCV,1b,100.0
HQ908314,HCV,1b,100.0
HQ908319,HCV,1b,100.0
JQ246537,HCV,1b,100.0
JQ246530,HCV,1b,100.0
JQ246540,HCV,1b,100.0
JQ246542,HCV,1b,100.0
JQ246536,HCV,1b,100.0
JQ246529,HCV,1b,100.0
JQ246541,HCV,1b,100.0
JQ246538,HCV,1b,100.0
JQ246545,HCV,1b,100.0
JQ246535,HCV,1b,100.0
HQ908315,HCV,1b,100.0
JQ246539,HCV,1b,100.0
JQ246544,HCV,1b,100.0
HQ908320,HCV,1b,100.0
JQ253519,HCV,1b,100.0
JQ253522,HCV,1b,100.0
HQ908318,HCV,1b,100.0
JQ253518,HCV,1b,100.0
HQ908307,HCV,1b,100.0
JQ253520,HCV,1b,100.0
JQ253524,HCV,1b,100.0
HQ908313,HCV,1b,100.0
JQ246543,HCV,1b,100.0
JQ253526,HCV,1b,100.0
JQ253529,HCV,1b,100.0
JQ253521,HCV,1b,100.0
HQ908322,HCV,1b,100.0
JQ253530,HCV,1b,100.0
JQ253528,HCV,1b,100.0
JQ253527,HCV,1b,100.0
HQ908311,HCV,1b,100.0
MG993214,HCV,1b,100.0
JQ253533,HCV,1b,100.0
HQ908308,HCV,1b,100.0
HQ908317,HCV,1b,100.0
HQ908326,HCV,1b,100.0
HQ908327,HCV,1b,100.0
HQ908324,HCV,1b,100.0
HQ908335,HCV,1b,100.0
HQ908329,HCV,1b,100.0
HQ908323,HCV,1b,100.0
HQ908333,HCV,1b,100.0
HQ908325,HCV,1b,100.0
KM277568,HCV,1b,100.0
KM277569,HCV,1b,100.0
JQ246509,HCV,1b,100.0
KM277578,HCV,1b,100.0
KM277579,HCV,1b,100.0
KM277570,HCV,1b,100.0
KM277576,HCV,1b,100.0
JQ246514,HCV,1b,100.0
KM277574,HCV,1b,100.0
JQ246511,HCV,1b,100.0
KT162212,HCV,1b,100.0
JQ246520,HCV,1b,100.0
JQ246510,HCV,1b,100.0
JQ246512,HCV,1b,100.0
JQ246515,HCV,1b,100.0
JQ246513,HCV,1b,100.0
JQ246518,HCV,1b,100.0
JQ246517,HCV,1b,100.0
JQ246519,HCV,1b,100.0
JQ246526,HCV,1b,100.0
JQ246525,HCV,1b,100.0
JQ246522,HCV,1b,100.0
JQ246516,HCV,1b,100.0
JQ246527,HCV,1b,100.0
JQ246521,HCV,1b,100.0
KT162198,HCV,1b,100.0
KT162205,HCV,1b,100.0
KT162225,HCV,1b,100.0
KT162223,HCV,1b,100.0
KT162226,HCV,1b,100.0
HQ908351,HCV,1b,100.0
KT162894,HCV,6n,100.0
KT162893,HCV,6a,100.0
KT162895,HCV,6n,100.0
KT162896,HCV,6n,100.0
FJ864737,HCV,1b,100.0
FJ864742,HCV,1b,100.0
FJ864741,HCV,1b,100.0
HQ908359,HCV,1b,100.0
FJ864740,HCV,1b,100.0
FJ864736,HCV,1b,100.0
HQ908346,HCV,1b,100.0
FJ864747,HCV,1b,100.0
FJ864745,HCV,1b,100.0
FJ864750,HCV,1b,100.0
HQ908357,HCV,1b,100.0
FJ864751,HCV,1b,100.0
HQ908354,HCV,1b,100.0
FJ864754,HCV,1b,100.0
FJ864759,HCV,1b,100.0
FJ864760,HCV,1b,100.0
FJ864752,HCV,1b,100.0
FJ864761,HCV,1b,100.0
KT162219,HCV,1b,100.0
HQ908332,HCV,1b,100.0
FJ864743,HCV,1b,100.0
FJ864746,HCV,1b,100.0
FJ864748,HCV,1b,100.0
HQ908356,HCV,1b,100.0
FJ864744,HCV,1b,100.0
HQ908355,HCV,1b,100.0
FJ864753,HCV,1b,100.0
FJ864739,HCV,1b,100.0
FJ864749,HCV,1b,100.0
FJ864764,HCV,1b,100.0
FJ864762,HCV,1b,100.0
FJ864756,HCV,1b,100.0
HQ908353,HCV,1b,100.0
FJ864771,HCV,1b,100.0
FJ864755,HCV,1b,100.0
FJ864763,HCV,1b,100.0
FJ864734,HCV,1b,100.0
FJ864758,HCV,1b,100.0
HQ908358,HCV,1b,100.0
FJ864770,HCV,1b,100.0
FJ864769,HCV,1b,100.0
HQ908348,HCV,1b,100.0
FJ864767,HCV,1b,100.0
FJ864735,HCV,1b,100.0
FJ864774,HCV,1b,100.0
FJ864757,HCV,1b,100.0
FJ864775,HCV,3a,100.0
FJ864779,HCV,3a,100.0
FJ864772,HCV,1b,100.0
FJ864738,HCV,1b,100.0
FJ864784,HCV,3a,100.0
FJ864780,HCV,3a,100.0
FJ864781,HCV,3a,100.0
FJ864765,HCV,1b,100.0
FJ864777,HCV,3a,100.0
FJ864778,HCV,3a,100.0
FJ864776,HCV,3a,100.0
FJ864785,HCV,3a,100.0
FJ864766,HCV,1b,100.0
FJ864782,HCV,3a,100.0
FJ864768,HCV,1b,100.0
FJ864790,HCV,3a,100.0
FJ864773,HCV,1b,100.0
FJ864789,HCV,3a,100.0
FJ864792,HCV,3a,100.0
FJ864794,HCV,3a,100.0
FJ864788,HCV,3a,100.0
FJ864803,HCV,3a,100.0
FJ864795,HCV,3a,100.0
FJ864783,HCV,3a,100.0
FJ864801,HCV,3a,100.0
FJ864806,HCV,3a,100.0
FJ864804,HCV,3a,100.0
FJ864786,HCV,3a,100.0
FJ864791,HCV,3a,100.0
FJ864802,HCV,3a,100.0
FJ864787,HCV,3a,100.0
FJ864809,HCV,3a,100.0
FJ864793,HCV,3a,100.0
FJ864799,HCV,3a,100.0
FJ864800,HCV,3a,100.0
FJ864815,HCV,3a,100.0
FJ864816,HCV,3a,100.0
FJ864814,HCV,3a,100.0
FJ864810,HCV,3a,100.0
FJ864807,HCV,3a,100.0
FJ864812,HCV,3a,100.0
FJ864805,HCV,3a,100.0
FJ864798,HCV,3a,100.0
FJ864797,HCV,3a,100.0
FJ864808,HCV,3a,100.0
FJ864811,HCV,3a,100.0
FJ864796,HCV,3a,100.0
FJ864813,HCV,3a,100.0
JQ246523,HCV,1b,100.0
JQ246524,HCV,1b,100.0
MG993219,HCV,1b,100.0
JQ246528,HCV,1b,100.0
JQ246531,HCV,1b,100.0
JQ246533,HCV,1b,100.0
JQ246532,HCV,1b,100.0
JQ246534,HCV,1b,100.0
MG993222,HCV,1b,100.0
MG993220,HCV,1b,100.0
JQ253540,HCV,1b,100.0
MG993278,HCV,1b,100.0
JQ253537,HCV,1b,100.0
MK210547,HCV,4a,100.0
MG993215,HCV,1b,100.0
JQ253534,HCV,1b,100.0
JQ253535,HCV,1b,100.0
MG993216,HCV,1b,100.0
JQ253538,HCV,1b,100.0
MG993217,HCV,1b,100.0
JQ253532,HCV,1b,100.0
MG993224,HCV,1b,100.0
MG993279,HCV,1b,100.0
JQ253531,HCV,1b,100.0
MG993313,HCV,1b,100.0
KT162187,HCV,1b,100.0
KT162190,HCV,1b,100.0
KM277577,HCV,1b,100.0
KM277580,HCV,1b,100.0
KT162204,HCV,1b,100.0
KT162211,HCV,1b,100.0
KT162216,HCV,1b,100.0
KT162220,HCV,1b,100.0
KT162213,HCV,1b,100.0
KT162222,HCV,1b,100.0
KT162221,HCV,1b,100.0
KT162242,HCV,1b,100.0
KT162239,HCV,1b,100.0
KT162244,HCV,1b,100.0
KT162263,HCV,1b,100.0
KT162265,HCV,1b,100.0
KT162266,HCV,1b,100.0
KT162255,HCV,1b,100.0
KT162269,HCV,1b,100.0
KT162274,HCV,1b,100.0
KT162282,HCV,1b,100.0
KT162281,HCV,1b,100.0
KT162285,HCV,1b,100.0
KT162283,HCV,1b,100.0
KT162286,HCV,1b,100.0
KT162288,HCV,1b,100.0
KT162284,HCV,1b,100.0
KT162280,HCV,1b,100.0
KT162298,HCV,1b,100.0
KT162278,HCV,1b,100.0
KT162302,HCV,1b,100.0
KT162238,HCV,1b,100.0
KT162303,HCV,1b,100.0
KT162309,HCV,1b,100.0
KT162307,HCV,1b,100.0
KT162345,HCV,2a,100.0
KT162349,HCV,2a,100.0
KT162341,HCV,2a,100.0
KT162342,HCV,2a,100.0
KT162336,HCV,2a,100.0
KT162374,HCV,3a,100.0
KT162376,HCV,3a,100.0
KT162379,HCV,3a,100.0
KT162384,HCV,3a,100.0
KT162383,HCV,3a,100.0
KT162387,HCV,3a,100.0
KT162386,HCV,3a,100.0
KT162361,HCV,3a,100.0
KT162417,HCV,3a,100.0
KT162422,HCV,3a,100.0
KT162423,HCV,3a,100.0
KT162424,HCV,3a,100.0
KT162426,HCV,3a,100.0
KT162419,HCV,3a,100.0
KT162457,HCV,3a,100.0
KT162460,HCV,3a,100.0
KT162465,HCV,3a,100.0
KT162462,HCV,3a,100.0
KT162443,HCV,3a,100.0
KT162467,HCV,3a,100.0
KT162470,HCV,3a,100.0
KT162508,HCV,3b,100.0
KT162523,HCV,3b,100.0
KT162510,HCV,3b,100.0
KT162539,HCV,3b,100.0
KT162545,HCV,3b,100.0
KT162527,HCV,3b,100.0
KT162563,HCV,3b,100.0
KT162561,HCV,3b,100.0
KT162587,HCV,3b,100.0
KT162591,HCV,6a,100.0
KT162568,HCV,3b,100.0
KT162590,HCV,3b,100.0
KT162597,HCV,6a,100.0
KT162588,HCV,3b,100.0
KT162595,HCV,6a,100.0
KT162600,HCV,6a,100.0
KT162558,HCV,3b,100.0
KT162618,HCV,6a,100.0
KT162620,HCV,6a,100.0
KT162605,HCV,6a,100.0
KT162623,HCV,6a,100.0
KT162619,HCV,6a,100.0
KT162622,HCV,6a,100.0
KT162664,HCV,6a,100.0
KT162670,HCV,6a,100.0
KT162671,HCV,6a,100.0
KT162648,HCV,6a,100.0
KT162668,HCV,6a,100.0
KT162673,HCV,6a,100.0
KT162678,HCV,6a,100.0
KT162716,HCV,6a,100.0
KT162719,HCV,6a,100.0
KT162721,HCV,6a,100.0
KT162723,HCV,6a,100.0
KT162722,HCV,6a,100.0
KT162724,HCV,6a,100.0
KT162709,HCV,6a,100.0
KT162706,HCV,6a,100.0
KT162702,HCV,6a,100.0
MK210554,HCV,4a,100.0
MK210548,HCV,4a,100.0
MK210545,HCV,4a,100.0
MK210549,HCV,4a,100.0
MK210555,HCV,4a,100.0
MK210550,HCV,4a,100.0
D14111,HCV,1b,100.0
KT162147,HCV,1a,100.0
KT162148,HCV,1a,100.0
KT162149,HCV,1a,100.0
KT162151,HCV,1a,100.0
KT162150,HCV,1a,100.0
KT162152,HCV,1a,100.0
KT162153,HCV,1a,100.0
KT162155,HCV,1a,100.0
KT162157,HCV,1a,100.0
KT162156,HCV,1a,100.0
KT162158,HCV,1a,100.0
KT162160,HCV,1a,100.0
KT162159,HCV,1a,100.0
KT162163,HCV,1a,100.0
KT162165,HCV,1a,100.0
KT162164,HCV,1a,100.0
KT162166,HCV,1b,100.0
KT162169,HCV,1b,100.0
KT162180,HCV,1b,100.0
KT162182,HCV,1b,100.0
KT162186,HCV,1b,100.0
KT162197,HCV,1b,100.0
KT162176,HCV,1b,100.0
KT162185,HCV,1b,100.0
KT162193,HCV,1b,100.0
KM277575,HCV,1b,100.0
KT162215,HCV,1b,100.0
KT162227,HCV,1b,100.0
KT162230,HCV,1b,100.0
KT162245,HCV,1b,100.0
KT162248,HCV,1b,100.0
KT162229,HCV,1b,100.0
KT162251,HCV,1b,100.0
KT162252,HCV,1b,100.0
KT162249,HCV,1b,100.0
KT162250,HCV,1b,100.0
KT162256,HCV,1b,100.0
KT162258,HCV,1b,100.0
KT162253,HCV,1b,100.0
KT162254,HCV,1b,100.0
KT162231,HCV,1b,100.0
KT162257,HCV,1b,100.0
KT162259,HCV,1b,100.0
KT162262,HCV,1b,100.0
KT162260,HCV,1b,100.0
KT162271,HCV,1b,100.0
KT162270,HCV,1b,100.0
KT162272,HCV,1b,100.0
KT162275,HCV,1b,100.0
KT162276,HCV,1b,100.0
KT162289,HCV,1b,100.0
KT162287,HCV,1b,100.0
KT162290,HCV,1b,100.0
KT162291,HCV,1b,100.0
KT162277,HCV,1b,100.0
KT162295,HCV,1b,100.0
KT162296,HCV,1b,100.0
KT162294,HCV,1b,100.0
KT162301,HCV,1b,100.0
KT162292,HCV,1b,100.0
KT162300,HCV,1b,100.0
KT162299,HCV,1b,100.0
KT162293,HCV,1b,100.0
KT162273,HCV,1b,100.0
KT162297,HCV,1b,100.0
KT162237,HCV,1b,100.0
KT162315,HCV,1b,100.0
KT162310,HCV,1b,100.0
KT162308,HCV,1b,100.0
KT162312,HCV,1b,100.0
KT162319,HCV,1b,100.0
KT162318,HCV,1b,100.0
KT162322,HCV,1b,100.0
KT162320,HCV,1b,100.0
KT162323,HCV,1b,100.0
KT162305,HCV,1b,100.0
KT162327,HCV,1b,100.0
KT162324,HCV,1b,100.0
KT162325,HCV,1b,100.0
KT162328,HCV,1b,100.0
KT162330,HCV,1b,100.0
KT162333,HCV,2a,100.0
KT162332,HCV,2a,100.0
KT162337,HCV,2a,100.0
KT162339,HCV,2a,100.0
KT162329,HCV,1b,100.0
KT162338,HCV,2a,100.0
KT162354,HCV,3a,100.0
KT162356,HCV,3a,100.0
KT162351,HCV,2a,100.0
KT162347,HCV,2a,100.0
KT162353,HCV,2a,100.0
KT162313,HCV,1b,100.0
KT162359,HCV,3a,100.0
KT162366,HCV,3a,100.0
KT162365,HCV,3a,100.0
KT162364,HCV,3a,100.0
KT162367,HCV,3a,100.0
KT162398,HCV,3a,100.0
KT162399,HCV,3a,100.0
KT162397,HCV,3a,100.0
KT162402,HCV,3a,100.0
KT162404,HCV,3a,100.0
KT162405,HCV,3a,100.0
KT162416,HCV,3a,100.0
KT162425,HCV,3a,100.0
KT162427,HCV,3a,100.0
KT162410,HCV,3a,100.0
KT162433,HCV,3a,100.0
KT162436,HCV,3a,100.0
KT162442,HCV,3a,100.0
KT162447,HCV,3a,100.0
KT162448,HCV,3a,100.0
KT162454,HCV,3a,100.0
KT162450,HCV,3a,100.0
KT162455,HCV,3a,100.0
KT162434,HCV,3a,100.0
KT162471,HCV,3a,100.0
KT162472,HCV,3a,100.0
KT162453,HCV,3a,100.0
KT162474,HCV,3a,100.0
KT162468,HCV,3a,100.0
KT162481,HCV,3b,100.0
KT162476,HCV,3a,100.0
KT162478,HCV,3a,100.0
KT162438,HCV,3a,100.0
KT162463,HCV,3a,100.0
KT162486,HCV,3b,100.0
KT162485,HCV,3b,100.0
KT162484,HCV,3b,100.0
KT162473,HCV,3a,100.0
KT162479,HCV,3b,100.0
KT162488,HCV,3b,100.0
KT162490,HCV,3b,100.0
KT162489,HCV,3b,100.0
KT162491,HCV,3b,100.0
KT162483,HCV,3b,100.0
KT162495,HCV,3b,100.0
KT162492,HCV,3b,100.0
KT162480,HCV,3b,100.0
KT162517,HCV,3b,100.0
KT162518,HCV,3b,100.0
KT162515,HCV,3b,100.0
KT162516,HCV,3b,100.0
KT162519,HCV,3b,100.0
KT162522,HCV,3b,100.0
KT162521,HCV,3b,100.0
KT162520,HCV,3b,100.0
KT162526,HCV,3b,100.0
KT162537,HCV,3b,100.0
KT162525,HCV,3b,100.0
KT162536,HCV,3b,100.0
KT162535,HCV,3b,100.0
KT162538,HCV,3b,100.0
KT162542,HCV,3b,100.0
KT162540,HCV,3b,100.0
KT162543,HCV,3b,100.0
KT162541,HCV,3b,100.0
KT162554,HCV,3b,100.0
KT162553,HCV,3b,100.0
KT162549,HCV,3b,100.0
KT162556,HCV,3b,100.0
KT162544,HCV,3b,100.0
KT162559,HCV,3b,100.0
KT162548,HCV,3b,100.0
KT162560,HCV,3b,100.0
KT162562,HCV,3b,100.0
KT162569,HCV,3b,100.0
KT162575,HCV,3b,100.0
KT162577,HCV,3b,100.0
KT162576,HCV,3b,100.0
KT162555,HCV,3b,100.0
KT162497,HCV,3b,100.0
KT162579,HCV,3b,100.0
KT162581,HCV,3b,100.0
KT162580,HCV,3b,100.0
KT162572,HCV,3b,100.0
KT162582,HCV,3b,100.0
KT162578,HCV,3b,100.0
KT162584,HCV,3b,100.0
KT162583,HCV,3b,100.0
KT162585,HCV,3b,100.0
KT162586,HCV,3b,100.0
KT162589,HCV,3b,100.0
KT162592,HCV,6a,100.0
KT162601,HCV,6a,100.0
KT162602,HCV,6a,100.0
KT162593,HCV,6a,100.0
KT162599,HCV,6a,100.0
KT162598,HCV,6a,100.0
KT162606,HCV,6a,100.0
KT162596,HCV,6a,100.0
KT162607,HCV,6a,100.0
KT162604,HCV,6a,100.0
KT162594,HCV,6a,100.0
KT162610,HCV,6a,100.0
KT162609,HCV,6a,100.0
KT162613,HCV,6a,100.0
KT162615,HCV,6a,100.0
KT162616,HCV,6a,100.0
KT162634,HCV,6a,100.0
KT162635,HCV,6a,100.0
KT162640,HCV,6a,100.0
KT162638,HCV,6a,100.0
KT162639,HCV,6a,100.0
KT162617,HCV,6a,100.0
KT162642,HCV,6a,100.0
KT162644,HCV,6a,100.0
KT162643,HCV,6a,100.0
KT162646,HCV,6a,100.0
KT162647,HCV,6a,100.0
KT162645,HCV,6a,100.0
KT162651,HCV,6a,100.0
KT162650,HCV,6a,100.0
KT162656,HCV,6a,100.0
KT162654,HCV,6a,100.0
KT162653,HCV,6a,100.0
KT162627,HCV,6a,100.0
KT162676,HCV,6a,100.0
KT162675,HCV,6a,100.0
KT162666,HCV,6a,100.0
KT162679,HCV,6a,100.0
KT162680,HCV,6a,100.0
KT162659,HCV,6a,100.0
KT162704,HCV,6a,100.0
KT162705,HCV,6a,100.0
KT162703,HCV,6a,100.0
KT162708,HCV,6a,100.0
KT162710,HCV,6a,100.0
KT162711,HCV,6a,100.0
KT162697,HCV,6a,100.0
KT162688,HCV,6a,100.0
KT162717,HCV,6a,100.0
KT162718,HCV,6a,100.0
KT162729,HCV,6a,100.0
KT162732,HCV,6a,100.0
KT162748,HCV,6a,100.0
KT162759,HCV,6a,100.0
KT162756,HCV,6a,100.0
KT162747,HCV,6a,100.0
KT162760,HCV,6a,100.0
KT162752,HCV,6a,100.0
KT162757,HCV,6a,100.0
KT162763,HCV,6a,100.0
KT162746,HCV,6a,100.0
KT162769,HCV,6a,100.0
KT162762,HCV,6a,100.0
KT162775,HCV,6a,100.0
KT162773,HCV,6a,100.0
KT162776,HCV,6a,100.0
KT162772,HCV,6a,100.0
KT162770,HCV,6a,100.0
KT162779,HCV,6a,100.0
KT162783,HCV,6a,100.0
KT162782,HCV,6a,100.0
KT162777,HCV,6a,100.0
KT162755,HCV,6a,100.0
KT162761,HCV,6a,100.0
KT162774,HCV,6a,100.0
KT162786,HCV,6a,100.0
KT162767,HCV,6a,100.0
KT162753,HCV,6a,100.0
KT162791,HCV,6a,100.0
KT162802,HCV,6a,100.0
KT162807,HCV,6a,100.0
KT162818,HCV,6a,100.0
KT162804,HCV,6a,100.0
KT162798,HCV,6a,100.0
KT162799,HCV,6a,100.0
KT162823,HCV,6a,100.0
KT162822,HCV,6a,100.0
KT162800,HCV,6a,100.0
KT162806,HCV,6a,100.0
KT162826,HCV,6a,100.0
KT162832,HCV,6a,100.0
KT162829,HCV,6a,100.0
KT162835,HCV,6a,100.0
KT162838,HCV,6a,100.0
KT162836,HCV,6a,100.0
KT162842,HCV,6a,100.0
KT162844,HCV,6a,100.0
KT162841,HCV,6a,100.0
KT162846,HCV,6a,100.0
KT162855,HCV,6a,100.0
KT162830,HCV,6a,100.0
KT162865,HCV,6a,100.0
KT162869,HCV,6a,100.0
KT162870,HCV,6a,100.0
KT162864,HCV,6a,100.0
KT162872,HCV,6a,100.0
KT162867,HCV,6a,100.0
KT162871,HCV,6a,100.0
KT162873,HCV,6a,100.0
KT162859,HCV,6a,100.0
KT162880,HCV,6a,100.0
KT162885,HCV,6a,100.0
KT162879,HCV,6a,100.0
KT162886,HCV,6a,100.0
KT162887,HCV,6a,100.0
KT162889,HCV,6a,100.0
KT162890,HCV,6a,100.0
KT162881,HCV,6a,100.0
KT162882,HCV,6a,100.0
KT162766,HCV,6a,100.0
KT162765,HCV,6a,100.0
KT162758,HCV,6a,100.0
KT162727,HCV,6a,100.0
KT162751,HCV,6a,100.0
KT162771,HCV,6a,100.0
KT162768,HCV,6a,100.0
KT162745,HCV,6a,100.0
KT162764,HCV,6a,100.0
KT162787,HCV,6a,100.0
KT162792,HCV,6a,100.0
KT162785,HCV,6a,100.0
KT162781,HCV,6a,100.0
KT162789,HCV,6a,100.0
KT162796,HCV,6a,100.0
KT162780,HCV,6a,100.0
KT162790,HCV,6a,100.0
KT162788,HCV,6a,100.0
KT162794,HCV,6a,100.0
KT162795,HCV,6a,100.0
KT162819,HCV,6a,100.0
KT162825,HCV,6a,100.0
KT162837,HCV,6a,100.0
KT162843,HCV,6a,100.0
KT162848,HCV,6a,100.0
KT162850,HCV,6a,100.0
KT162847,HCV,6a,100.0
KT162851,HCV,6a,100.0
KT162852,HCV,6a,100.0
KT162849,HCV,6a,100.0
KT162853,HCV,6a,100.0
KT162845,HCV,6a,100.0
KT162868,HCV,6a,100.0
KT162860,HCV,6a,100.0
KT162874,HCV,6a,100.0
KT162875,HCV,6a,100.0
KT162877,HCV,6a,100.0
KT162866,HCV,6a,100.0
KT162876,HCV,6a,100.0
KT162857,HCV,6a,100.0
HQ908336,HCV,1b,100.0
HQ908334,HCV,1b,100.0
HQ908338,HCV,1b,100.0
HQ908328,HCV,1b,100.0
HQ908337,HCV,1b,100.0
HQ908341,HCV,1b,100.0
HQ908339,HCV,1b,100.0
HQ908330,HCV,1b,100.0
HQ908344,HCV,1b,100.0
HQ908342,HCV,1b,100.0
HQ908331,HCV,1b,100.0
HQ908347,HCV,1b,100.0
HQ908345,HCV,1b,100.0
HQ908343,HCV,1b,100.0
HQ908349,HCV,1b,100.0
HQ908352,HCV,1b,100.0
FJ864731,HCV,1b,100.0
HQ908340,HCV,1b,100.0
FJ864733,HCV,1b,100.0
HQ908350,HCV,1b,100.0
FJ864732,HCV,1b,100.0
MK210544,HCV,4a,100.0
JQ253536,HCV,1b,100.0
MK210546,HCV,4a,100.0
JQ253523,HCV,1b,100.0
MG993223,HCV,1b,100.0
MK210551,HCV,4a,100.0
JQ253525,HCV,1b,100.0
MG993221,HCV,1b,100.0
MG993218,HCV,1b,100.0
JQ253541,HCV,1b,100.0
KT162411,HCV,3a,100.0
KT162696,HCV,6a,100.0
KT162698,HCV,6a,100.0
KT162700,HCV,6a,100.0
KT162715,HCV,6a,100.0
KT162730,HCV,6a,100.0
KT162720,HCV,6a,100.0
KT162712,HCV,6a,100.0
KT162725,HCV,6a,100.0
KT162713,HCV,6a,100.0
KT162733,HCV,6a,100.0
KT162714,HCV,6a,100.0
KT162728,HCV,6a,100.0
KT162737,HCV,6a,100.0
KT162738,HCV,6a,100.0
MK210553,HCV,4a,100.0
MK210552,HCV,4a,100.0
JQ253539,HCV,1b,100.0
D14113,HCV,2b,100.0
D14112,HCV,2a,100.0
D14114,HCV,2b,100.0
D14115,HCV,1b,100.0
KT162143,HCV,1a,100.0
KT162145,HCV,1a,100.0
KT162146,HCV,1a,100.0
KT162144,HCV,1a,100.0
KT162154,HCV,1a,100.0
KT162162,HCV,1a,100.0
KT162161,HCV,1a,100.0
KT162167,HCV,1b,100.0
KT162168,HCV,1b,100.0
KT162170,HCV,1b,100.0
KT162171,HCV,1b,100.0
KT162172,HCV,1b,100.0
KM277573,HCV,1b,100.0
KT162173,HCV,1b,100.0
KT162175,HCV,1b,100.0
KT162174,HCV,1b,100.0
KT162178,HCV,1b,100.0
KM277572,HCV,1b,100.0
KT162177,HCV,1b,100.0
KT162181,HCV,1b,100.0
KT162184,HCV,1b,100.0
KT162183,HCV,1b,100.0
KT162188,HCV,1b,100.0
KT162179,HCV,1b,100.0
KT162189,HCV,1b,100.0
KT162194,HCV,1b,100.0
KT162195,HCV,1b,100.0
KT162196,HCV,1b,100.0
KT162191,HCV,1b,100.0
KT162192,HCV,1b,100.0
KT162199,HCV,1b,100.0
KT162201,HCV,1b,100.0
KT162203,HCV,1b,100.0
KT162206,HCV,1b,100.0
KT162202,HCV,1b,100.0
KT162207,HCV,1b,100.0
KT162200,HCV,1b,100.0
KT162208,HCV,1b,100.0
KT162209,HCV,1b,100.0
KM277581,HCV,1b,100.0
KM277571,HCV,1b,100.0
KT162214,HCV,1b,100.0
KT162217,HCV,1b,100.0
KT162218,HCV,1b,100.0
KT162210,HCV,1b,100.0
KT162224,HCV,1b,100.0
KT162228,HCV,1b,100.0
KT162232,HCV,1b,100.0
KT162233,HCV,1b,100.0
KT162234,HCV,1b,100.0
KT162236,HCV,1b,100.0
KT162240,HCV,1b,100.0
KT162243,HCV,1b,100.0
KT162241,HCV,1b,100.0
KT162246,HCV,1b,100.0
KT162742,HCV,6a,100.0
KT162741,HCV,6a,100.0
KT162734,HCV,6a,100.0
KT162739,HCV,6a,100.0
KT162707,HCV,6a,100.0
KT162743,HCV,6a,100.0
KT162736,HCV,6a,100.0
KT162740,HCV,6a,100.0
KT162692,HCV,6a,100.0
KT162749,HCV,6a,100.0
KT162744,HCV,6a,100.0
KT162735,HCV,6a,100.0
KT162726,HCV,6a,100.0
KT162731,HCV,6a,100.0
KT162750,HCV,6a,100.0
KT162754,HCV,6a,100.0
KT162801,HCV,6a,100.0
KT162797,HCV,6a,100.0
KT162805,HCV,6a,100.0
KT162778,HCV,6a,100.0
KT162803,HCV,6a,100.0
KT162793,HCV,6a,100.0
KT162811,HCV,6a,100.0
KT162808,HCV,6a,100.0
KT162810,HCV,6a,100.0
KT162812,HCV,6a,100.0
KT162813,HCV,6a,100.0
KT162784,HCV,6a,100.0
KT162815,HCV,6a,100.0
KT162817,HCV,6a,100.0
KT162816,HCV,6a,100.0
KT162814,HCV,6a,100.0
KT162809,HCV,6a,100.0
KT162827,HCV,6a,100.0
KT162831,HCV,6a,100.0
KT162824,HCV,6a,100.0
KT162828,HCV,6a,100.0
KT162820,HCV,6a,100.0
KT162821,HCV,6a,100.0
KT162833,HCV,6a,100.0
KT162840,HCV,6a,100.0
KT162834,HCV,6a,100.0
KT162858,HCV,6a,100.0
KT162839,HCV,6a,100.0
KT162854,HCV,6a,100.0
KT162856,HCV,6a,100.0
KT162862,HCV,6a,100.0
KT162863,HCV,6a,100.0
KT162861,HCV,6a,100.0
KT162878,HCV,6a,100.0
KT162891,HCV,6a,100.0
KT162888,HCV,6a,100.0
KT162884,HCV,6a,100.0
KT162883,HCV,6a,100.0
KT162892,HCV,6a,100.0
KT162897,HCV,6n,100.0
KT162247,HCV,1b,100.0
KT162268,HCV,1b,100.0
KT162264,HCV,1b,100.0
KT162267,HCV,1b,100.0
KT162235,HCV,1b,100.0
KT162261,HCV,1b,100.0
KT162279,HCV,1b,100.0
KT162317,HCV,1b,100.0
KT162306,HCV,1b,100.0
KT162321,HCV,1b,100.0
KT162304,HCV,1b,100.0
KT162311,HCV,1b,100.0
KT162326,HCV,1b,100.0
KT162340,HCV,2a,100.0
KT162334,HCV,2a,100.0
KT162316,HCV,1b,100.0
KT162335,HCV,2a,100.0
KT162344,HCV,2a,100.0
KT162346,HCV,2a,100.0
KT162343,HCV,2a,100.0
KT162348,HCV,2a,100.0
KT162314,HCV,1b,100.0
KT162352,HCV,2a,100.0
KT162350,HCV,2a,100.0
KT162357,HCV,3a,100.0
KT162360,HCV,3a,100.0
KT162355,HCV,3a,100.0
KT162358,HCV,3a,100.0
KT162363,HCV,3a,100.0
KT162331,HCV,2a,100.0
KT162362,HCV,3a,100.0
KT162368,HCV,3a,100.0
KT162369,HCV,3a,100.0
KT162372,HCV,3a,100.0
KT162375,HCV,3a,100.0
KT162377,HCV,3a,100.0
KT162378,HCV,3a,100.0
KT162381,HCV,3a,100.0
KT162380,HCV,3a,100.0
KT162390,HCV,3a,100.0
KT162389,HCV,3a,100.0
KT162370,HCV,3a,100.0
KT162392,HCV,3a,100.0
KT162391,HCV,3a,100.0
KT162385,HCV,3a,100.0
KT162394,HCV,3a,100.0
KT162371,HCV,3a,100.0
KT162393,HCV,3a,100.0
KT162395,HCV,3a,100.0
KT162396,HCV,3a,100.0
KT162406,HCV,3a,100.0
KT162382,HCV,3a,100.0
KT162401,HCV,3a,100.0
KT162407,HCV,3a,100.0
KT162373,HCV,3a,100.0
KT162408,HCV,3a,100.0
KT162412,HCV,3a,100.0
KT162413,HCV,3a,100.0
KT162414,HCV,3a,100.0
KT162409,HCV,3a,100.0
KT162415,HCV,3a,100.0
KT162421,HCV,3a,100.0
KT162420,HCV,3a,100.0
KT162430,HCV,3a,100.0
KT162431,HCV,3a,100.0
KT162428,HCV,3a,100.0
KT162432,HCV,3a,100.0
KT162418,HCV,3a,100.0
KT162429,HCV,3a,100.0
KT162400,HCV,3a,100.0
KT162435,HCV,3a,100.0
KT162437,HCV,3a,100.0
KT162439,HCV,3a,100.0
KT162440,HCV,3a,100.0
KT162388,HCV,3a,100.0
KT162445,HCV,3a,100.0
KT162444,HCV,3a,100.0
KT162449,HCV,3a,100.0
KT162403,HCV,3a,100.0
KT162446,HCV,3a,100.0
KT162441,HCV,3a,100.0
KT162451,HCV,3a,100.0
KT162456,HCV,3a,100.0
KT162452,HCV,3a,100.0
KT162459,HCV,3a,100.0
KT162458,HCV,3a,100.0
KT162466,HCV,3a,100.0
KT162469,HCV,3a,100.0
KT162461,HCV,3a,100.0
KT162477,HCV,3a,100.0
KT162475,HCV,3a,100.0
KT162482,HCV,3b,100.0
KT162496,HCV,3b,100.0
KT162498,HCV,3b,100.0
KT162464,HCV,3a,100.0
KT162494,HCV,3b,100.0
KT162501,HCV,3b,100.0
KT162499,HCV,3b,100.0
KT162503,HCV,3b,100.0
KT162502,HCV,3b,100.0
KT162500,HCV,3b,100.0
KT162487,HCV,3b,100.0
KT162505,HCV,3b,100.0
KT162509,HCV,3b,100.0
KT162504,HCV,3b,100.0
KT162507,HCV,3b,100.0
KT162511,HCV,3b,100.0
KT162506,HCV,3b,100.0
KT162493,HCV,3b,100.0
KT162512,HCV,3b,100.0
KT162514,HCV,3b,100.0
KT162513,HCV,3b,100.0
KT162528,HCV,3b,100.0
KT162524,HCV,3b,100.0
KT162530,HCV,3b,100.0
KT162532,HCV,3b,100.0
KT162529,HCV,3b,100.0
KT162533,HCV,3b,100.0
KT162531,HCV,3b,100.0
KT162534,HCV,3b,100.0
KT162547,HCV,3b,100.0
KT162546,HCV,3b,100.0
KT162550,HCV,3b,100.0
KT162551,HCV,3b,100.0
KT162552,HCV,3b,100.0
KT162557,HCV,3b,100.0
KT162564,HCV,3b,100.0
KT162565,HCV,3b,100.0
KT162567,HCV,3b,100.0
KT162566,HCV,3b,100.0
KT162571,HCV,3b,100.0
KT162573,HCV,3b,100.0
KT162574,HCV,3b,100.0
KT162570,HCV,3b,100.0
KT162612,HCV,6a,100.0
KT162614,HCV,6a,100.0
KT162608,HCV,6a,100.0
KT162625,HCV,6a,100.0
KT162621,HCV,6a,100.0
KT162603,HCV,6a,100.0
KT162624,HCV,6a,100.0
KT162630,HCV,6a,100.0
KT162631,HCV,6a,100.0
KT162632,HCV,6a,100.0
KT162628,HCV,6a,100.0
KT162629,HCV,6a,100.0
KT162633,HCV,6a,100.0
KT162636,HCV,6a,100.0
KT162637,HCV,6a,100.0
KT162626,HCV,6a,100.0
KT162655,HCV,6a,100.0
KT162658,HCV,6a,100.0
KT162657,HCV,6a,100.0
KT162660,HCV,6a,100.0
KT162662,HCV,6a,100.0
KT162661,HCV,6a,100.0
KT162641,HCV,6a,100.0
KT162663,HCV,6a,100.0
KT162652,HCV,6a,100.0
KT162665,HCV,6a,100.0
KT162672,HCV,6a,100.0
KT162667,HCV,6a,100.0
KT162674,HCV,6a,100.0
KT162683,HCV,6a,100.0
KT162677,HCV,6a,100.0
KT162682,HCV,6a,100.0
KT162669,HCV,6a,100.0
KT162681,HCV,6a,100.0
KT162684,HCV,6a,100.0
KT162649,HCV,6a,100.0
KT162689,HCV,6a,100.0
KT162686,HCV,6a,100.0
KT162690,HCV,6a,100.0
KT162691,HCV,6a,100.0
KT162687,HCV,6a,100.0
KT162693,HCV,6a,100.0
KT162695,HCV,6a,100.0
KT162685,HCV,6a,100.0
KT162694,HCV,6a,100.0
KT162611,HCV,6a,100.0
KT162699,HCV,6a,100.0
KT162701,HCV,6a,100.0
DQ364460,HCV,"unassigned_1, 1b-2b",NA
KT162906,HCV,6n,100.0
AB548129,HCV,1b,100.0
KT162902,HCV,6n,100.0
KT162905,HCV,6n,100.0
KT162901,HCV,6n,100.0
AF035138,HCV,1a,100.0
AF035139,HCV,1a,100.0
KT162899,HCV,6n,100.0
KT162904,HCV,6n,100.0
JX170934,HCV,1b,100.0
JX170935,HCV,1b,100.0
AF035142,HCV,1a,100.0
GU126585,HCV,1a,100.0
OR917744,HCV,2j,100.0
AF035145,HCV,1a,100.0
OR917748,HCV,2j,100.0
AF035140,HCV,1a,100.0
GU126565,HCV,1a,100.0
KT162898,HCV,6n,100.0
OR917751,HCV,2j,40.0
OR917745,HCV,2j,100.0
GU126567,HCV,1a,100.0
GU126586,HCV,1a,100.0
GU126598,HCV,1a,100.0
GU126600,HCV,1a,100.0
GU126597,HCV,1a,100.0
OR917750,HCV,2q,61.0
GU126566,HCV,1a,100.0
GU126568,HCV,1a,100.0
GU126563,HCV,1a,100.0
GU126569,HCV,1a,100.0
GU126580,HCV,1a,100.0
GU126570,HCV,1a,100.0
GU126596,HCV,1a,100.0
AF035144,HCV,1a,100.0
GU126562,HCV,1a,100.0
GU126582,HCV,1a,100.0
OR917749,HCV,2k,100.0
GU126595,HCV,1a,100.0
GU126599,HCV,1a,100.0
GU126604,HCV,1b,100.0
GU126610,HCV,1b,100.0
GU126642,HCV,1b,100.0
GU126583,HCV,1a,100.0
GU126606,HCV,1b,100.0
GU126611,HCV,1b,100.0
GU126633,HCV,1b,100.0
GU126632,HCV,1b,100.0
GU126605,HCV,1b,100.0
GU126564,HCV,1a,100.0
GU126636,HCV,1b,100.0
GU126637,HCV,1b,100.0
GU126635,HCV,1b,100.0
GU126638,HCV,1b,100.0
GU126640,HCV,1b,100.0
GU126641,HCV,1b,100.0
GU126607,HCV,1b,100.0
GU126663,HCV,3a,100.0
GU126634,HCV,1b,100.0
GU126646,HCV,1b,100.0
GU126660,HCV,3a,100.0
GU126648,HCV,1b,100.0
GU126639,HCV,1b,100.0
GU126647,HCV,1b,100.0
GU126608,HCV,1b,100.0
GU126643,HCV,1b,100.0
GU126602,HCV,1b,100.0
GU126631,HCV,1b,100.0
GU126644,HCV,1b,100.0
GU126609,HCV,1b,100.0
GU126645,HCV,1b,100.0
GU126666,HCV,3a,100.0
GU126612,HCV,1b,100.0
GU126658,HCV,3a,100.0
FJ002541,HCV,1b,100.0
FJ002533,HCV,1b,100.0
MK801215,HCV,1a,100.0
FJ002531,HCV,1b,100.0
GU126662,HCV,3a,100.0
FJ002534,HCV,1b,100.0
FJ002537,HCV,1b,100.0
FJ002536,HCV,1b,100.0
GU126664,HCV,3a,100.0
FJ002561,HCV,1b,100.0
FJ002562,HCV,1b,100.0
FJ002560,HCV,1b,100.0
FJ002559,HCV,1b,100.0
FJ002564,HCV,1b,100.0
FJ002535,HCV,1b,100.0
MK801219,HCV,3a,100.0
FJ002549,HCV,1b,100.0
FJ002551,HCV,1b,100.0
FJ002553,HCV,1b,100.0
FJ002552,HCV,1b,100.0
FJ002555,HCV,1b,100.0
FJ002557,HCV,1b,100.0
FJ002556,HCV,1b,100.0
FJ002563,HCV,1b,100.0
FJ002550,HCV,1b,100.0
FJ002569,HCV,1b,100.0
MK609559,HCV,3a,100.0
FJ002542,HCV,1b,100.0
MK609553,HCV,1b,100.0
MK609561,HCV,3a,100.0
MK609562,HCV,3a,100.0
MK609550,HCV,1a,100.0
MK609556,HCV,3a,100.0
FJ002538,HCV,1b,100.0
FJ002565,HCV,1b,100.0
FJ002568,HCV,1b,100.0
FJ002567,HCV,1b,100.0
FJ002566,HCV,1b,100.0
MK609552,HCV,1b,100.0
FJ002558,HCV,1b,100.0
FJ002546,HCV,1b,100.0
MK609557,HCV,3a,100.0
MK609555,HCV,3a,100.0
KJ564296,HCV,1b,100.0
MK609551,HCV,1a,100.0
FJ002539,HCV,1b,100.0
FJ002543,HCV,1b,100.0
FJ002544,HCV,1b,100.0
FJ002548,HCV,1b,100.0
FJ002547,HCV,1b,100.0
MK801221,HCV,1a,100.0
GU126601,HCV,1b,100.0
FJ002545,HCV,1b,100.0
MF136929,HCV,1a,100.0
MF136919,HCV,1a,100.0
KJ564298,HCV,1a,100.0
MF136922,HCV,1a,100.0
MK609563,HCV,3a,100.0
MF136923,HCV,1a,100.0
MF136921,HCV,1a,100.0
MF136924,HCV,1a,100.0
MF136926,HCV,1a,100.0
KJ564294,HCV,1b,100.0
KJ564295,HCV,1b,100.0
KJ564299,HCV,1a,100.0
MF136928,HCV,1a,100.0
MK609554,HCV,1b,100.0
MF136934,HCV,1a,100.0
MK609558,HCV,3a,100.0
MF136932,HCV,1a,100.0
MF136937,HCV,1a,100.0
KJ564300,HCV,1a,100.0
MF136918,HCV,1a,100.0
KJ564297,HCV,1a,100.0
MK609560,HCV,3a,100.0
MF136936,HCV,1a,100.0
MF136938,HCV,1a,100.0
MF136940,HCV,1a,100.0
MF136942,HCV,1a,100.0
MF136930,HCV,1a,100.0
MF136946,HCV,1a,100.0
MF136931,HCV,1a,100.0
MF136949,HCV,1a,100.0
MF136951,HCV,1a,100.0
MF136953,HCV,1a,100.0
MF136952,HCV,1a,100.0
MF136954,HCV,1a,100.0
MF136957,HCV,1a,100.0
MF136959,HCV,1a,100.0
MF136956,HCV,1a,100.0
MF136941,HCV,1a,100.0
MF136945,HCV,1a,100.0
MF136935,HCV,1a,100.0
MF136988,HCV,1a,100.0
MF136933,HCV,1a,100.0
MF136979,HCV,1a,100.0
MF136980,HCV,1a,100.0
MF136968,HCV,1a,100.0
MF136967,HCV,1a,100.0
MF136983,HCV,1a,100.0
MF136989,HCV,1a,100.0
MF136997,HCV,1a,100.0
MF136996,HCV,1a,100.0
MF137000,HCV,1a,100.0
MF136981,HCV,1a,100.0
MF136962,HCV,1a,100.0
MF136984,HCV,1a,100.0
MF136985,HCV,1a,100.0
MF136987,HCV,1a,100.0
MF136990,HCV,1a,100.0
MF136986,HCV,1a,100.0
MF136991,HCV,1a,100.0
MF136993,HCV,1a,100.0
MF137029,HCV,1a,100.0
MF136978,HCV,1a,100.0
MF137005,HCV,1a,100.0
MF137006,HCV,1a,100.0
MF137002,HCV,1a,100.0
MF137012,HCV,1a,100.0
MF137017,HCV,1a,100.0
MF137016,HCV,1a,100.0
MF137020,HCV,1a,100.0
MF137035,HCV,1a,100.0
MF137015,HCV,1a,100.0
MF137013,HCV,1a,100.0
MF137037,HCV,1a,100.0
MF137038,HCV,1a,100.0
MF137040,HCV,1a,100.0
MF137047,HCV,1a,100.0
MF137045,HCV,1a,100.0
MF137046,HCV,1a,100.0
MF137048,HCV,1a,100.0
MF137032,HCV,1a,100.0
MF137050,HCV,1a,100.0
MF137057,HCV,1a,100.0
MF137060,HCV,1b,100.0
MF137033,HCV,1a,100.0
MF137051,HCV,1a,100.0
MF137054,HCV,1a,100.0
MF137069,HCV,1b,100.0
MF137078,HCV,1b,100.0
MF137079,HCV,1b,100.0
MF137056,HCV,1a,100.0
MF137075,HCV,1b,100.0
MF137073,HCV,1b,100.0
MF137080,HCV,1b,100.0
MF137068,HCV,1b,100.0
MF137082,HCV,1b,100.0
MF137090,HCV,1b,100.0
MF137096,HCV,1b,100.0
MF137118,HCV,1b,100.0
MF137113,HCV,1b,100.0
MF137120,HCV,1b,100.0
MF137098,HCV,1b,100.0
MF137094,HCV,1b,100.0
MF137125,HCV,1b,100.0
MF137122,HCV,1b,100.0
MF137127,HCV,1b,100.0
MF137128,HCV,1b,100.0
MF137126,HCV,1b,100.0
MF137147,HCV,1b,100.0
MF137124,HCV,1b,100.0
MF137145,HCV,1b,100.0
MF137150,HCV,1b,100.0
MF137134,HCV,1b,100.0
KM057755,HCV,4a,100.0
MF137138,HCV,1b,100.0
KM057759,HCV,1a,100.0
KM057757,HCV,1a,100.0
KM057758,HCV,1a,100.0
KM057760,HCV,4d,100.0
MF137148,HCV,1b,100.0
KM057762,HCV,4d,100.0
KM057765,HCV,1a,100.0
KM057775,HCV,1a,100.0
KM057756,HCV,4a,100.0
KM057778,HCV,4a,100.0
KM057781,HCV,2k,56.0
KM057782,HCV,4a,100.0
KM057776,HCV,2q,99.0
MZ438758,HCV,3a,100.0
KM057777,HCV,4a,100.0
MZ438763,HCV,3a,100.0
MZ438766,HCV,3a,100.0
MZ438767,HCV,3a,100.0
MZ438765,HCV,3a,100.0
MZ438770,HCV,3a,100.0
KM057785,HCV,4a,100.0
MZ438761,HCV,3a,100.0
HQ324182,HCV,1b,100.0
MZ438777,HCV,3a,100.0
HQ324178,HCV,1b,100.0
HQ324186,HCV,1b,100.0
HQ324188,HCV,1b,100.0
HQ324191,HCV,1b,100.0
HQ324192,HCV,1b,100.0
HQ324211,HCV,1b,100.0
MZ438776,HCV,3a,100.0
HQ324212,HCV,1b,100.0
HQ324217,HCV,1b,100.0
AB548107,HCV,1b,100.0
AB548102,HCV,1b,100.0
AB548110,HCV,1b,100.0
AB548106,HCV,1b,100.0
MF137008,HCV,1a,100.0
MF137067,HCV,1b,100.0
MF137065,HCV,1b,100.0
MF137064,HCV,1b,100.0
MF137059,HCV,1b,100.0
MF137070,HCV,1b,100.0
MF137072,HCV,1b,100.0
MF137085,HCV,1b,100.0
MF137084,HCV,1b,100.0
MF137083,HCV,1b,100.0
MF137106,HCV,1b,100.0
MF137095,HCV,1b,100.0
MF137107,HCV,1b,100.0
MF137108,HCV,1b,100.0
MF137109,HCV,1b,100.0
MF137132,HCV,1b,100.0
MF137135,HCV,1b,100.0
MF137137,HCV,1b,100.0
MF137112,HCV,1b,100.0
MF137136,HCV,1b,100.0
MF137156,HCV,1b,100.0
MF137155,HCV,1b,100.0
MF137160,HCV,1b,100.0
MF137162,HCV,1b,100.0
MF137139,HCV,1b,100.0
MF137146,HCV,1b,100.0
MF137158,HCV,1b,100.0
KM057767,HCV,1a,100.0
KM057763,HCV,1a,100.0
KM057768,HCV,1a,100.0
MF137157,HCV,1b,100.0
KM057770,HCV,3a,100.0
MF137163,HCV,1b,100.0
KM057772,HCV,3a,100.0
KM057774,HCV,4d,100.0
KM057773,HCV,1a,100.0
MZ438754,HCV,3a,100.0
KM057784,HCV,4a,100.0
KM057769,HCV,3a,100.0
MZ438753,HCV,3a,100.0
MZ438755,HCV,3a,100.0
MZ438757,HCV,3a,100.0
MZ438756,HCV,3a,100.0
MZ438759,HCV,3a,100.0
KM057761,HCV,1a,100.0
MZ438773,HCV,3a,100.0
MZ438762,HCV,3a,100.0
MZ438774,HCV,3a,100.0
MZ438775,HCV,3a,100.0
AB548072,HCV,1b,100.0
AB548071,HCV,1b,100.0
AB548094,HCV,1b,100.0
AB548095,HCV,1b,100.0
AB548089,HCV,1b,100.0
AB548096,HCV,1b,100.0
AB548103,HCV,1b,100.0
AB548088,HCV,1b,100.0
AB548121,HCV,1b,100.0
ON603922,HCV,3a,100.0
AB548126,HCV,1b,100.0
ON603923,HCV,3a,100.0
ON603926,HCV,3a,100.0
AB548120,HCV,1b,100.0
ON603927,HCV,3a,100.0
ON603928,HCV,3a,100.0
AB548132,HCV,1b,100.0
AB548133,HCV,1b,100.0
AB548109,HCV,1b,100.0
AB548131,HCV,1b,100.0
AB548098,HCV,1b,100.0
AB548135,HCV,1b,100.0
ON603931,HCV,3a,100.0
ON603934,HCV,3a,100.0
ON603932,HCV,3a,100.0
KU725876,HCV,1a,100.0
HQ623195,HCV,1a,100.0
HQ623197,HCV,1a,100.0
HQ623198,HCV,1b,100.0
AB548127,HCV,1b,100.0
HQ623201,HCV,1a,100.0
HQ623200,HCV,1a,100.0
HQ623205,HCV,1a,100.0
HQ623202,HCV,1a,100.0
HQ623206,HCV,1a,100.0
HQ623207,HCV,1a,100.0
HQ623209,HCV,1b,100.0
HQ623212,HCV,1b,100.0
MF137001,HCV,1a,100.0
MF137030,HCV,1a,100.0
HQ623208,HCV,1a,100.0
HQ623215,HCV,1b,100.0
MF137026,HCV,1a,100.0
HQ623217,HCV,1a,100.0
HQ623218,HCV,1a,100.0
HQ623220,HCV,1a,100.0
MF137023,HCV,1a,100.0
HQ623221,HCV,1a,100.0
HQ623219,HCV,1a,100.0
HQ623222,HCV,1a,100.0
HQ623224,HCV,1a,100.0
HQ623210,HCV,1b,100.0
HQ623225,HCV,1a,100.0
HQ623226,HCV,1a,100.0
HQ623230,HCV,1b,100.0
HQ623229,HCV,1b,100.0
HQ623231,HCV,1b,100.0
HQ623223,HCV,1a,100.0
HQ623228,HCV,1a,100.0
HQ623232,HCV,1b,100.0
HQ623227,HCV,1a,100.0
HQ623235,HCV,1b,100.0
HQ623236,HCV,1a,100.0
HQ623237,HCV,1a,100.0
HQ623239,HCV,1b,100.0
HQ623258,HCV,1b,100.0
HQ623248,HCV,1a,100.0
HQ623247,HCV,1a,100.0
HQ623249,HCV,1a,100.0
HQ623285,HCV,2k,100.0
HQ623287,HCV,2j,70.0
HQ623281,HCV,2k,100.0
HQ623284,HCV,2j,100.0
HQ623286,HCV,2b,100.0
HQ623290,HCV,2c,100.0
HQ623282,HCV,5a,37.0
HQ623289,HCV,2b,100.0
LC435025,HCV,1b,100.0
KT162910,HCV,6n,100.0
KT162914,HCV,6v,100.0
KT162911,HCV,6n,100.0
KT162915,HCV,6v,100.0
KT162913,HCV,6xa,100.0
HQ623291,HCV,2k,100.0
HQ623270,HCV,1b,100.0
HQ623273,HCV,1a,100.0
HQ623272,HCV,1b,100.0
HQ623274,HCV,1b,100.0
HQ623275,HCV,2b,100.0
HQ623279,HCV,2i,100.0
HQ623276,HCV,2c,100.0
LC435023,HCV,6e,100.0
HQ623278,HCV,2i,100.0
AF035130,HCV,1a,100.0
AF035131,HCV,1a,100.0
EU362876,HCV,1a,100.0
AF035132,HCV,1a,100.0
EU362877,HCV,1a,100.0
AF035134,HCV,1a,100.0
AF035133,HCV,1a,100.0
AF035135,HCV,1a,100.0
AF035137,HCV,1a,100.0
AF035136,HCV,1a,100.0
AF035146,HCV,1a,100.0
AF035147,HCV,1a,100.0
AF035148,HCV,1a,100.0
EU362885,HCV,1a,100.0
EU362883,HCV,1a,100.0
OR917741,HCV,2j,45.0
AF035150,HCV,1a,100.0
AF035149,HCV,1a,100.0
HQ623245,HCV,1a,100.0
EU362879,HCV,1a,100.0
OR917743,HCV,2k,86.0
GU126590,HCV,1a,100.0
GU126589,HCV,1a,100.0
GU126588,HCV,1a,100.0
GU126557,HCV,1a,100.0
GU126591,HCV,1a,100.0
GU126593,HCV,1a,100.0
GU126559,HCV,1a,100.0
GU126561,HCV,1a,100.0
GU126556,HCV,1a,100.0
GU126577,HCV,1a,100.0
GU126579,HCV,1a,100.0
GU126587,HCV,1a,100.0
GU126574,HCV,1a,100.0
GU126578,HCV,1a,100.0
GU126618,HCV,1b,100.0
GU126620,HCV,1b,100.0
GU126655,HCV,3a,100.0
GU126656,HCV,3a,100.0
GU126616,HCV,1b,100.0
GU126628,HCV,1b,100.0
MK801194,HCV,1b,100.0
GU126654,HCV,3a,100.0
GU126629,HCV,1b,100.0
MK801202,HCV,1b,100.0
GU126657,HCV,3a,100.0
GU126627,HCV,1b,100.0
GU126630,HCV,1b,100.0
GU126624,HCV,1b,100.0
GU126592,HCV,1a,100.0
GU126617,HCV,1b,100.0
GU126650,HCV,1b,100.0
EU362890,HCV,1a,100.0
GU126622,HCV,1b,100.0
HQ623316,HCV,2c,100.0
HQ623303,HCV,2j,65.0
MK801198,HCV,1b,100.0
HQ623293,HCV,6w,25.0
HQ623294,HCV,2c,97.0
HQ623296,HCV,2c,100.0
MK801196,HCV,1b,100.0
HQ623295,HCV,4v,18.0
HQ623326,HCV,3a,100.0
HQ623325,HCV,3a,100.0
HQ623328,HCV,3a,100.0
HQ623310,HCV,2j,99.0
HQ623313,HCV,2a,100.0
HQ623317,HCV,2a,100.0
HQ623318,HCV,2j,90.0
HQ623320,HCV,3a,100.0
HQ623321,HCV,3a,100.0
HQ623338,HCV,3a,100.0
HQ623319,HCV,2j,78.0
HQ623337,HCV,3a,100.0
HQ623346,HCV,3a,100.0
HQ623350,HCV,3a,100.0
HQ623347,HCV,3a,100.0
HQ623351,HCV,3a,100.0
HQ623341,HCV,3a,100.0
HQ623315,HCV,2k,100.0
HQ623340,HCV,2j,22.0
HQ623342,HCV,3a,100.0
GU126651,HCV,1b,100.0
HQ623343,HCV,3a,100.0
HQ623362,HCV,3a,100.0
HQ623363,HCV,3a,100.0
HQ623339,HCV,3a,100.0
HQ623344,HCV,3a,100.0
HQ623331,HCV,3a,100.0
HQ623323,HCV,3a,100.0
HQ623397,HCV,4a,100.0
HQ623353,HCV,3a,100.0
HQ623371,HCV,4d,100.0
HQ623377,HCV,4a,100.0
HQ623380,HCV,4d,100.0
HQ623382,HCV,4d,100.0
HQ623381,HCV,4a,100.0
HQ623376,HCV,4r,100.0
HQ623357,HCV,3a,100.0
HQ623387,HCV,4d,100.0
HQ623385,HCV,4d,100.0
HQ623389,HCV,4a,100.0
HQ623388,HCV,4a,100.0
HQ623390,HCV,4a,100.0
HQ623408,HCV,5a,100.0
HQ623409,HCV,5a,100.0
HQ623366,HCV,4a,100.0
HQ623400,HCV,4d,100.0
HQ623402,HCV,4a,57.0
HQ623403,HCV,4a,100.0
HQ623404,HCV,5a,100.0
JX170916,HCV,1b,100.0
JX170922,HCV,1b,100.0
JX170918,HCV,1b,100.0
JX170920,HCV,1b,100.0
JX170924,HCV,1b,100.0
HQ623384,HCV,4d,100.0
HQ623422,HCV,5a,100.0
HQ623401,HCV,4a,100.0
JX170933,HCV,1b,100.0
JX170930,HCV,1b,100.0
JX170929,HCV,1b,100.0
JX170932,HCV,1b,100.0
JX170928,HCV,1b,100.0
JX170931,HCV,1b,100.0
MK801204,HCV,1a,100.0
HQ623423,HCV,5a,100.0
EU362894,HCV,1a,100.0
EU362897,HCV,1a,100.0
EU362905,HCV,1a,100.0
EU362895,HCV,1a,100.0
EU362904,HCV,1a,100.0
EU362907,HCV,1a,100.0
EU362901,HCV,1a,100.0
KM057779,HCV,1b,100.0
EU362903,HCV,1a,100.0
LC435029,HCV,1b,100.0
LC435026,HCV,1b,100.0
KT162900,HCV,6n,100.0
AF035141,HCV,1a,100.0
MK801206,HCV,1b,100.0
KT162907,HCV,6n,100.0
OR917746,HCV,2c,61.0
AF035143,HCV,1a,100.0
OR917747,HCV,2c,98.0
MK801211,HCV,1b,100.0
HQ623204,HCV,1b,100.0
KT162903,HCV,6n,100.0
GU126581,HCV,1a,100.0
GU126584,HCV,1a,100.0
GU126603,HCV,1b,100.0
GU126665,HCV,3a,100.0
GU126659,HCV,3a,100.0
MK801217,HCV,1a,100.0
MK801223,HCV,1b,100.0
FJ002530,HCV,1b,100.0
GU126661,HCV,3a,100.0
FJ002532,HCV,1b,100.0
FJ002540,HCV,1b,100.0
FJ002554,HCV,1b,100.0
MF136943,HCV,1a,100.0
MF136927,HCV,1a,100.0
MF136920,HCV,1a,100.0
MF136925,HCV,1a,100.0
MF136948,HCV,1a,100.0
MF136955,HCV,1a,100.0
MF136958,HCV,1a,100.0
MF136961,HCV,1a,100.0
MF136944,HCV,1a,100.0
MF136950,HCV,1a,100.0
MF136947,HCV,1a,100.0
MF136964,HCV,1a,100.0
MF136966,HCV,1a,100.0
MF136969,HCV,1a,100.0
MF136971,HCV,1a,100.0
MF136972,HCV,1a,100.0
MF136973,HCV,1a,100.0
MF136960,HCV,1a,100.0
MF136976,HCV,1a,100.0
MF136974,HCV,1a,100.0
MF136982,HCV,1a,100.0
MF136977,HCV,1a,100.0
MF136939,HCV,1a,100.0
MF136970,HCV,1a,100.0
MF136965,HCV,1a,100.0
MF136994,HCV,1a,100.0
MF136995,HCV,1a,100.0
MF136975,HCV,1a,100.0
MF136998,HCV,1a,100.0
MF137003,HCV,1a,100.0
MF136963,HCV,1a,100.0
MF137004,HCV,1a,100.0
MF137009,HCV,1a,100.0
MF137010,HCV,1a,100.0
MF137011,HCV,1a,100.0
MF136992,HCV,1a,100.0
MF136999,HCV,1a,100.0
MF137021,HCV,1a,100.0
MF137019,HCV,1a,100.0
MF137022,HCV,1a,100.0
MF137024,HCV,1a,100.0
MF137025,HCV,1a,100.0
MF137027,HCV,1a,100.0
MF137028,HCV,1a,100.0
MF137007,HCV,1a,100.0
MF137018,HCV,1a,100.0
MF137034,HCV,1a,100.0
MF137036,HCV,1a,100.0
MF137039,HCV,1a,100.0
MF137042,HCV,1a,100.0
MF137031,HCV,1a,100.0
MF137044,HCV,1a,100.0
MF137053,HCV,1a,100.0
MF137055,HCV,1a,100.0
MF137052,HCV,1a,100.0
MF137058,HCV,1a,100.0
MF137061,HCV,1b,100.0
MF137062,HCV,1b,100.0
MF137063,HCV,1b,100.0
MF137014,HCV,1a,100.0
MF137066,HCV,1b,100.0
MF137049,HCV,1a,100.0
MF137074,HCV,1b,100.0
MF137041,HCV,1a,100.0
MF137077,HCV,1b,100.0
MF137087,HCV,1b,100.0
MF137089,HCV,1b,100.0
MF137086,HCV,1b,100.0
MF137043,HCV,1a,100.0
MF137071,HCV,1b,100.0
MF137093,HCV,1b,100.0
MF137092,HCV,1b,100.0
MF137076,HCV,1b,100.0
MF137099,HCV,1b,100.0
MF137100,HCV,1b,100.0
MF137097,HCV,1b,100.0
MF137103,HCV,1b,100.0
MF137101,HCV,1b,100.0
MF137104,HCV,1b,100.0
MF137091,HCV,1b,100.0
MF137105,HCV,1b,100.0
MF137111,HCV,1b,100.0
MF137110,HCV,1b,100.0
MF137115,HCV,1b,100.0
MF137116,HCV,1b,100.0
MF137114,HCV,1b,100.0
MF137102,HCV,1b,100.0
MF137121,HCV,1b,100.0
MF137123,HCV,1b,100.0
MF137081,HCV,1b,100.0
MF137130,HCV,1b,100.0
MF137143,HCV,1b,100.0
MF137144,HCV,1b,100.0
MF137151,HCV,1b,100.0
MF137129,HCV,1b,100.0
MF137152,HCV,1b,100.0
MF137153,HCV,1b,100.0
MF137154,HCV,1b,100.0
MF137161,HCV,1b,100.0
MF137159,HCV,1b,100.0
MF137149,HCV,1b,100.0
MF137164,HCV,1b,100.0
KM057766,HCV,4d,100.0
KM057764,HCV,1a,100.0
KM057771,HCV,3a,100.0
KM057783,HCV,4a,100.0
KM057780,HCV,2q,97.0
KM057786,HCV,1a,100.0
MF137142,HCV,1b,100.0
MZ438752,HCV,3a,100.0
MZ438772,HCV,3a,100.0
HQ324177,HCV,1b,100.0
HQ324180,HCV,1b,100.0
HQ324179,HCV,1b,100.0
MZ438760,HCV,3a,100.0
MZ438769,HCV,3a,100.0
HQ324184,HCV,1b,100.0
HQ324183,HCV,1b,100.0
MZ438771,HCV,3a,100.0
HQ324187,HCV,1b,100.0
HQ324189,HCV,1b,100.0
HQ324190,HCV,1b,100.0
MZ438764,HCV,3a,100.0
HQ324195,HCV,1b,100.0
HQ324196,HCV,1b,100.0
HQ324197,HCV,1b,100.0
HQ324198,HCV,1b,100.0
HQ324201,HCV,1b,100.0
HQ324199,HCV,1b,100.0
HQ324200,HCV,1b,100.0
HQ324202,HCV,1b,100.0
HQ324181,HCV,1b,100.0
HQ324204,HCV,1b,100.0
HQ324205,HCV,1b,100.0
MZ438768,HCV,3a,100.0
HQ324207,HCV,1b,100.0
HQ324209,HCV,1b,100.0
HQ324208,HCV,1b,100.0
HQ324194,HCV,1b,100.0
HQ324213,HCV,1b,100.0
HQ324214,HCV,1b,100.0
HQ324185,HCV,1b,100.0
HQ324215,HCV,1b,100.0
HQ324219,HCV,1b,100.0
HQ324216,HCV,1b,100.0
HQ324222,HCV,1b,100.0
HQ324223,HCV,1b,100.0
HQ324221,HCV,1b,100.0
HQ324224,HCV,1b,100.0
HQ324220,HCV,1b,100.0
HQ324193,HCV,1b,100.0
AB548070,HCV,1b,100.0
AB548073,HCV,1b,100.0
HQ324206,HCV,1b,100.0
AB548074,HCV,1b,100.0
AB548075,HCV,1b,100.0
AB548078,HCV,1b,100.0
AB548079,HCV,1b,100.0
AB548082,HCV,1b,100.0
AB548083,HCV,1b,100.0
AB548086,HCV,1b,100.0
AB548084,HCV,1b,100.0
HQ324210,HCV,1b,100.0
AB548085,HCV,1b,100.0
AB548080,HCV,1b,100.0
HQ324203,HCV,1b,100.0
AB548077,HCV,1b,100.0
AB548090,HCV,1b,100.0
AB548092,HCV,1b,100.0
AB548087,HCV,1b,100.0
AB548091,HCV,1b,100.0
AB548093,HCV,1b,100.0
AB548100,HCV,1b,100.0
AB548104,HCV,1b,100.0
AB548076,HCV,1b,100.0
AB548081,HCV,1b,100.0
HQ324218,HCV,1b,100.0
AB548105,HCV,1b,100.0
AB548111,HCV,1b,100.0
AB548112,HCV,1b,100.0
AB548108,HCV,1b,100.0
AB548113,HCV,1b,100.0
AB548101,HCV,1b,100.0
AB548114,HCV,1b,100.0
AB548116,HCV,1b,100.0
AB548118,HCV,1b,100.0
AB548097,HCV,1b,100.0
AB548117,HCV,1b,100.0
AB548119,HCV,1b,100.0
AB548125,HCV,1b,100.0
AB548123,HCV,1b,100.0
AB548099,HCV,1b,100.0
AB548124,HCV,1b,100.0
AB548122,HCV,1b,100.0
AB548128,HCV,1b,100.0
AB548130,HCV,1b,100.0
AB548115,HCV,1b,100.0
AB548136,HCV,1b,100.0
AB548137,HCV,1b,100.0
AB548134,HCV,1b,100.0
ON603924,HCV,3a,100.0
ON603930,HCV,3a,100.0
ON603929,HCV,3a,100.0
ON603936,HCV,3a,100.0
ON603933,HCV,3a,100.0
ON603938,HCV,3a,100.0
ON603925,HCV,3a,100.0
ON603940,HCV,3a,100.0
KU725875,HCV,1a,100.0
ON603937,HCV,3a,100.0
ON603939,HCV,3a,100.0
KU725878,HCV,1a,100.0
MF137131,HCV,1b,100.0
MF137117,HCV,1b,100.0
MF137088,HCV,1b,100.0
MF137133,HCV,1b,100.0
MF137140,HCV,1b,100.0
MF137119,HCV,1b,100.0
MF137141,HCV,1b,100.0
HQ623369,HCV,4d,100.0
HQ623375,HCV,4a,100.0
HQ623373,HCV,4d,100.0
HQ623349,HCV,3a,100.0
HQ623378,HCV,4a,100.0
HQ623379,HCV,4a,100.0
HQ623386,HCV,4a,100.0
EU362893,HCV,1a,100.0
HQ623393,HCV,4a,100.0
HQ623394,HCV,4a,100.0
HQ623370,HCV,4t,100.0
HQ623395,HCV,4a,100.0
HQ623396,HCV,4r,100.0
HQ623374,HCV,4a,100.0
HQ623399,HCV,4a,100.0
HQ623405,HCV,5a,100.0
HQ623383,HCV,4a,100.0
HQ623407,HCV,5a,100.0
HQ623406,HCV,5a,100.0
HQ623410,HCV,5a,100.0
HQ623372,HCV,4a,100.0
HQ623411,HCV,5a,100.0
HQ623415,HCV,5a,100.0
HQ623414,HCV,5a,100.0
HQ623392,HCV,4d,100.0
HQ623419,HCV,5a,100.0
HQ623413,HCV,5a,100.0
HQ623417,HCV,5a,100.0
HQ623391,HCV,4d,100.0
HQ623416,HCV,5a,100.0
HQ623420,HCV,5a,100.0
HQ623421,HCV,5a,100.0
HQ623424,HCV,5a,100.0
JX170910,HCV,1b,100.0
HQ623425,HCV,5a,100.0
JX170912,HCV,1b,100.0
JX170914,HCV,1b,100.0
JX170915,HCV,1b,100.0
JX170911,HCV,1b,100.0
JX170913,HCV,1b,100.0
HQ623426,HCV,5a,100.0
JX170917,HCV,1b,100.0
JX170921,HCV,1b,100.0
JX170919,HCV,1b,100.0
HQ623418,HCV,5a,100.0
JX170923,HCV,1b,100.0
HQ623398,HCV,4a,100.0
JX170925,HCV,1b,100.0
HQ623412,HCV,5a,100.0
JX170926,HCV,1b,100.0
JX170927,HCV,1b,100.0
MK801213,HCV,3a,100.0
MK801209,HCV,1a,100.0
AF035122,HCV,1a,100.0
AF035123,HCV,1a,100.0
AF035124,HCV,1a,100.0
AF035125,HCV,1a,100.0
AF035128,HCV,1a,100.0
AF035127,HCV,1a,100.0
EU362900,HCV,1a,100.0
EU362902,HCV,1a,100.0
AF035126,HCV,1a,100.0
EU362906,HCV,1a,100.0
EU362908,HCV,1a,100.0
EU362899,HCV,1a,100.0
EU362896,HCV,1a,100.0
EU362898,HCV,1a,100.0
EU362910,HCV,1a,100.0
EU362909,HCV,1a,100.0
EU362911,HCV,1a,100.0
ON603935,HCV,3a,100.0
KU725880,HCV,1b,100.0
HQ623194,HCV,1a,100.0
KU725879,HCV,1a,100.0
HQ623199,HCV,1b,100.0
HQ623203,HCV,1b,100.0
KU725877,HCV,1a,100.0
HQ623211,HCV,1b,100.0
HQ623196,HCV,1a,100.0
HQ623213,HCV,1b,100.0
HQ623216,HCV,1a,100.0
HQ623214,HCV,1b,100.0
HQ623233,HCV,1b,100.0
HQ623234,HCV,1b,100.0
HQ623242,HCV,1a,100.0
HQ623241,HCV,1a,100.0
HQ623240,HCV,1b,100.0
HQ623244,HCV,1a,100.0
HQ623243,HCV,1b,100.0
HQ623238,HCV,1a,100.0
HQ623246,HCV,1a,100.0
HQ623250,HCV,1b,100.0
HQ623252,HCV,1e,100.0
HQ623251,HCV,1b,100.0
HQ623253,HCV,1a,100.0
HQ623254,HCV,1a,100.0
HQ623257,HCV,1b,100.0
HQ623256,HCV,1a,100.0
HQ623260,HCV,1b,100.0
HQ623259,HCV,1b,100.0
HQ623255,HCV,1a,100.0
HQ623261,HCV,1a,100.0
HQ623265,HCV,1a,100.0
HQ623264,HCV,1a,100.0
HQ623262,HCV,1a,100.0
HQ623263,HCV,1a,100.0
HQ623266,HCV,1a,100.0
HQ623268,HCV,1b,100.0
HQ623267,HCV,1a,100.0
HQ623269,HCV,1b,100.0
HQ623271,HCV,1a,100.0
HQ623277,HCV,2c,100.0
HQ623280,HCV,2i,100.0
HQ623283,HCV,6w,35.0
LC435022,HCV,1b,100.0
KT162909,HCV,6n,100.0
KT162908,HCV,6n,100.0
KT162912,HCV,6n,100.0
HQ623288,HCV,2a,100.0
LC435027,HCV,6e,100.0
LC435030,HCV,1b,100.0
LC435028,HCV,6r,100.0
LC435021,HCV,6a,100.0
EU362881,HCV,1a,100.0
LC435024,HCV,6r,100.0
EU362878,HCV,1a,100.0
EU362888,HCV,1a,100.0
AF035129,HCV,1a,100.0
EU362887,HCV,1a,100.0
GU126553,HCV,1a,100.0
GU126554,HCV,1a,100.0
OR917742,HCV,2j,71.0
GU126555,HCV,1a,100.0
EU362884,HCV,1a,100.0
GU126560,HCV,1a,100.0
EU362880,HCV,1a,100.0
GU126558,HCV,1a,100.0
GU126571,HCV,1a,100.0
GU126573,HCV,1a,100.0
GU126572,HCV,1a,100.0
EU362882,HCV,1a,100.0
GU126576,HCV,1a,100.0
EU362889,HCV,1a,100.0
GU126575,HCV,1a,100.0
EU362891,HCV,1a,100.0
GU126594,HCV,1a,100.0
GU126614,HCV,1b,100.0
GU126613,HCV,1b,100.0
GU126619,HCV,1b,100.0
GU126623,HCV,1b,100.0
GU126615,HCV,1b,100.0
GU126621,HCV,1b,100.0
GU126625,HCV,1b,100.0
GU126626,HCV,1b,100.0
GU126652,HCV,1b,100.0
GU126653,HCV,1b,100.0
GU126649,HCV,1b,100.0
HQ623298,HCV,2c,100.0
HQ623299,HCV,2a,100.0
HQ623292,HCV,2a,100.0
HQ623302,HCV,2k,49.0
HQ623301,HCV,2a,100.0
HQ623300,HCV,2i,100.0
MK801200,HCV,1a,100.0
HQ623305,HCV,2j,96.0
HQ623307,HCV,2i,100.0
HQ623304,HCV,2a,100.0
HQ623309,HCV,2c,59.0
HQ623306,HCV,2j,36.0
HQ623312,HCV,2i,100.0
HQ623297,HCV,2k,100.0
HQ623311,HCV,2c,100.0
HQ623308,HCV,2i,99.0
HQ623324,HCV,3a,100.0
HQ623322,HCV,3a,100.0
HQ623329,HCV,3a,100.0
HQ623327,HCV,3a,100.0
EU362892,HCV,1a,100.0
HQ623332,HCV,3a,100.0
HQ623314,HCV,2b,100.0
HQ623335,HCV,3a,100.0
HQ623330,HCV,3a,100.0
HQ623333,HCV,3a,100.0
HQ623334,HCV,3a,100.0
HQ623345,HCV,3a,100.0
HQ623348,HCV,3a,100.0
HQ623354,HCV,3a,100.0
HQ623356,HCV,3a,100.0
HQ623355,HCV,3a,100.0
EU362886,HCV,1a,100.0
HQ623358,HCV,3a,100.0
HQ623336,HCV,3a,100.0
HQ623360,HCV,3a,100.0
HQ623359,HCV,3a,100.0
HQ623352,HCV,3a,100.0
HQ623361,HCV,3a,100.0
HQ623364,HCV,4d,100.0
HQ623367,HCV,4d,100.0
HQ623368,HCV,4a,100.0
HQ623365,HCV,4d,100.0
AF369248,HCV,1b,100.0
KM591980,HCV,1a,100.0
KM591981,HCV,1a,100.0
KM591990,HCV,1a,100.0
KM591992,HCV,1a,100.0
KM591991,HCV,1a,100.0
KM591995,HCV,1a,100.0
KM591973,HCV,1a,100.0
KF489405,HCV,1b,100.0
EF407486,HCV,1b,100.0
EF407504,HCV,1b,100.0
EF407502,HCV,1b,100.0
EF407503,HCV,1b,100.0
EF407500,HCV,1b,100.0
KF489393,HCV,2c,100.0
HM746868,HCV,1a,100.0
KF489415,HCV,1a,100.0
KF489414,HCV,1a,100.0
KF489417,HCV,3a,100.0
KF489407,HCV,1b,100.0
HM746870,HCV,1a,100.0
KF489416,HCV,3a,100.0
KF489410,HCV,1b,100.0
HM746878,HCV,1a,100.0
HM746875,HCV,1a,100.0
HM746872,HCV,1a,100.0
HM746873,HCV,1a,100.0
KJ678811,HCV,6a,100.0
HM746882,HCV,1a,100.0
KJ678815,HCV,6a,100.0
HM746885,HCV,1a,100.0
AF207756,HCV,1b,100.0
HM746886,HCV,1a,100.0
KR870888,HCV,"unassigned_1, 1e-4k-4n-4g-4a-4f-4d-4g",NA
AF207752,HCV,1b,100.0
KJ678814,HCV,6a,100.0
KJ678812,HCV,6a,100.0
KJ678813,HCV,6a,100.0
KJ678817,HCV,6a,100.0
LC773637,HCV,4f,100.0
KJ678816,HCV,6a,100.0
LC773640,HCV,4a,100.0
KJ567644,HCV,6l,100.0
LC773638,HCV,4k,100.0
KY704895,HCV,3a,100.0
KJ567647,HCV,6w,54.0
JX170936,HCV,1b,100.0
KJ567645,HCV,6l,100.0
JX170937,HCV,1b,100.0
JX170941,HCV,1b,100.0
JX170939,HCV,1b,100.0
JX170951,HCV,1a,100.0
JX170944,HCV,1b,100.0
JX170946,HCV,1b,100.0
JX170948,HCV,1b,100.0
JX170945,HCV,1b,100.0
JX170956,HCV,1a,100.0
JX170955,HCV,1a,100.0
JX170957,HCV,1a,100.0
JX170953,HCV,1a,100.0
JX170961,HCV,1a,100.0
LC773639,HCV,4f,96.0
KJ567651,HCV,6e,100.0
JX170990,HCV,2c,100.0
JX170978,HCV,1a,100.0
JX170985,HCV,2c,100.0
JX170983,HCV,2c,100.0
JX170984,HCV,2c,100.0
JX170981,HCV,2c,100.0
JX170973,HCV,1a,100.0
JX170979,HCV,1a,100.0
JX171011,HCV,3a,100.0
JX170994,HCV,2c,100.0
JX170996,HCV,2c,100.0
JX171013,HCV,3a,100.0
JX171008,HCV,2c,100.0
JX171015,HCV,3a,100.0
JX171012,HCV,3a,100.0
JX170965,HCV,1a,100.0
JX170959,HCV,1a,100.0
JX170969,HCV,1a,100.0
JX170964,HCV,1a,100.0
JX170971,HCV,1a,100.0
JX170970,HCV,1a,100.0
JX170940,HCV,1b,100.0
JX171024,HCV,3a,100.0
JX171023,HCV,3a,100.0
JX171026,HCV,3a,100.0
JX171028,HCV,3a,100.0
JX171009,HCV,2c,100.0
JX171030,HCV,3a,100.0
JX171025,HCV,3a,100.0
JX171045,HCV,4d,100.0
JX171065,HCV,4a,100.0
JX171052,HCV,4d,100.0
KF011287,HCV,1a,100.0
KF011289,HCV,1a,100.0
JX171034,HCV,3a,100.0
JX171041,HCV,3a,100.0
JX171044,HCV,4d,100.0
JX171039,HCV,3a,100.0
JX171046,HCV,4a,100.0
JX171040,HCV,3a,100.0
JX171047,HCV,4a,100.0
KF011296,HCV,1a,100.0
KF011294,HCV,1a,100.0
JX171056,HCV,4d,100.0
KF011297,HCV,1a,100.0
KF011285,HCV,1a,100.0
KF011286,HCV,1a,100.0
JX171050,HCV,4o,100.0
KF011290,HCV,1a,100.0
JX171063,HCV,4d,100.0
KF011309,HCV,1a,100.0
KF011310,HCV,1a,100.0
KF011308,HCV,1a,100.0
KF011298,HCV,1a,100.0
JX170992,HCV,2c,100.0
KF011321,HCV,1a,100.0
KF011322,HCV,1a,100.0
KF011323,HCV,1a,100.0
JX170997,HCV,2c,100.0
KF011318,HCV,1a,100.0
KF011299,HCV,1a,100.0
KF011325,HCV,1a,100.0
KF011328,HCV,1a,100.0
KF011333,HCV,1a,100.0
KF011334,HCV,1a,100.0
KF011330,HCV,1a,100.0
AF369218,HCV,1a,100.0
AF369224,HCV,1a,100.0
AF369226,HCV,1a,100.0
AF369229,HCV,1a,100.0
JX170999,HCV,2c,100.0
JX171000,HCV,2c,100.0
JX171001,HCV,2c,100.0
JX171003,HCV,2c,100.0
AF369232,HCV,1a,100.0
AF369234,HCV,1a,100.0
AF369240,HCV,1a,100.0
AF369238,HCV,1a,100.0
AF369225,HCV,1a,100.0
AF369259,HCV,1b,100.0
AF369243,HCV,1a,100.0
AF369227,HCV,1a,100.0
AF369216,HCV,1a,100.0
KM591978,HCV,1a,100.0
KM591987,HCV,1a,100.0
KM592013,HCV,1b,100.0
KM592003,HCV,1a,100.0
AF369250,HCV,1b,100.0
AF379335,HCV,1b,100.0
KM592027,HCV,1b,100.0
KM592028,HCV,1b,100.0
KC591745,HCV,1a,100.0
AF379298,HCV,1b,100.0
AF379301,HCV,1b,100.0
AF379304,HCV,1b,100.0
AF379303,HCV,1b,100.0
KC591737,HCV,1a,100.0
AF379311,HCV,1b,100.0
AF379284,HCV,1b,100.0
AF379318,HCV,1b,100.0
AF379330,HCV,1b,100.0
EU853667,HCV,1a,100.0
AF379310,HCV,1b,100.0
KF011337,HCV,1b,100.0
KF011335,HCV,1b,100.0
EU853670,HCV,1a,100.0
KF011336,HCV,1b,100.0
KF011338,HCV,1b,100.0
KF011340,HCV,1b,100.0
KU196286,HCV,1a,100.0
AF379331,HCV,1b,100.0
AF379336,HCV,1b,100.0
AF379317,HCV,1b,100.0
KF011374,HCV,1b,100.0
KF011346,HCV,1b,100.0
KF011344,HCV,1b,100.0
KF011350,HCV,1b,100.0
KF011351,HCV,1b,100.0
KF011347,HCV,1b,100.0
KF011342,HCV,1b,100.0
KF011362,HCV,1b,100.0
KF011363,HCV,1b,100.0
KF011383,HCV,1b,100.0
KF011378,HCV,1b,100.0
KF011382,HCV,1b,100.0
EU853665,HCV,1a,100.0
KF011395,HCV,1b,100.0
KF011370,HCV,1b,100.0
KF011375,HCV,1b,100.0
KF011407,HCV,1b,100.0
KF011408,HCV,1b,100.0
KF011410,HCV,1b,100.0
KF011358,HCV,1b,100.0
KF011414,HCV,1b,100.0
KF011420,HCV,1b,100.0
KF011422,HCV,1b,100.0
KF011440,HCV,1b,100.0
KF011428,HCV,1b,100.0
KF011442,HCV,1b,100.0
AB072056,HCV,1b,100.0
AB072058,HCV,1b,100.0
KF011444,HCV,1b,100.0
AB072091,HCV,1b,100.0
AB072095,HCV,1b,100.0
AB072094,HCV,1b,100.0
AB089524,HCV,1b,100.0
AB089523,HCV,1b,100.0
AB089526,HCV,1b,100.0
AB089549,HCV,1b,100.0
AB089548,HCV,1b,100.0
AB089551,HCV,1b,100.0
AB100818,HCV,1b,100.0
AB100819,HCV,1b,100.0
AB100820,HCV,1b,100.0
LN808739,HCV,1b,100.0
AB100824,HCV,1b,100.0
LN808742,HCV,1b,100.0
LN808743,HCV,1b,100.0
KF489409,HCV,1b,100.0
KF489411,HCV,1b,100.0
KF489412,HCV,1b,100.0
KF489413,HCV,1a,100.0
HM746871,HCV,1a,100.0
HM746869,HCV,1a,100.0
HM746874,HCV,1a,100.0
HM746867,HCV,1a,100.0
HM746881,HCV,1a,100.0
HM746880,HCV,1a,100.0
AF207764,HCV,1b,100.0
AF207757,HCV,1b,100.0
AF207763,HCV,1b,100.0
AF207753,HCV,1b,100.0
AF207754,HCV,1b,100.0
AF207759,HCV,1b,100.0
AF207760,HCV,1b,100.0
AF207755,HCV,1b,100.0
AF207766,HCV,1b,100.0
MH742360,HCV,"unassigned_1, 4v-4k",NA
AF207773,HCV,1b,100.0
AF207774,HCV,1b,100.0
AF207771,HCV,1b,100.0
AF207769,HCV,1b,100.0
AF208024,HCV,1b,100.0
AF207772,HCV,1b,100.0
AF207765,HCV,1b,100.0
AF207768,HCV,1b,100.0
MH742364,HCV,4k,100.0
MH742362,HCV,4v,98.0
MH742361,HCV,4k,100.0
MH742368,HCV,"unassigned_1, 4v-4g",NA
MH742369,HCV,"unassigned_1, 4v-4a-4p",NA
AF207770,HCV,1b,100.0
MH742367,HCV,4v,100.0
JX171043,HCV,4a,100.0
JX171037,HCV,3a,100.0
JX171048,HCV,4n,100.0
JX171042,HCV,3a,100.0
JX171027,HCV,3a,100.0
JX171049,HCV,4d,100.0
JX171036,HCV,3a,100.0
JX171061,HCV,4d,100.0
JX171051,HCV,4d,100.0
JX171057,HCV,4d,100.0
JX171062,HCV,4d,100.0
JX171059,HCV,4d,100.0
JX171064,HCV,4d,100.0
JX171017,HCV,3a,100.0
JX171054,HCV,4m,100.0
JX171053,HCV,4a,100.0
JX171055,HCV,4a,100.0
KF011282,HCV,1a,100.0
KF011281,HCV,1a,100.0
KF011283,HCV,1a,100.0
KF011292,HCV,1a,100.0
KF011295,HCV,1a,100.0
KF011284,HCV,1a,100.0
KF011291,HCV,1a,100.0
KF011301,HCV,1a,100.0
KF011302,HCV,1a,100.0
KF011303,HCV,1a,100.0
KF011300,HCV,1a,100.0
KF011293,HCV,1a,100.0
KF011306,HCV,1a,100.0
KF011307,HCV,1a,100.0
KF011288,HCV,1a,100.0
KF011313,HCV,1a,100.0
KF011314,HCV,1a,100.0
KF011311,HCV,1a,100.0
KF011317,HCV,1a,100.0
JX171060,HCV,4d,100.0
KF011316,HCV,1a,100.0
KF011320,HCV,1a,100.0
KF011324,HCV,1a,100.0
KF011326,HCV,1a,100.0
KF011305,HCV,1a,100.0
KF011329,HCV,1a,100.0
KF011327,HCV,1a,100.0
KF011315,HCV,1a,100.0
AF369214,HCV,1a,100.0
KF011319,HCV,1a,100.0
KF011332,HCV,1a,100.0
KF011312,HCV,1a,100.0
AF369217,HCV,1a,100.0
AF369220,HCV,1a,100.0
AF369221,HCV,1a,100.0
AF369219,HCV,1a,100.0
AF369222,HCV,1a,100.0
AF369237,HCV,1a,100.0
AF369239,HCV,1a,100.0
AF369233,HCV,1a,100.0
AF369241,HCV,1a,100.0
AF369242,HCV,1a,100.0
AF369223,HCV,1a,100.0
JX171058,HCV,4d,100.0
AF369245,HCV,1a,100.0
AF369215,HCV,1a,100.0
AF369246,HCV,1b,100.0
AF369247,HCV,1b,100.0
AF369252,HCV,1b,100.0
AF369251,HCV,1b,100.0
AF369244,HCV,1a,100.0
AF369253,HCV,1b,100.0
AF369236,HCV,1a,100.0
AF369228,HCV,1a,100.0
AF369255,HCV,1b,100.0
AF369257,HCV,1b,100.0
AF369249,HCV,1b,100.0
AF369260,HCV,1b,100.0
AF369262,HCV,1b,100.0
AF369263,HCV,1b,100.0
KM591970,HCV,1a,100.0
AF369261,HCV,1b,100.0
AF369254,HCV,1b,100.0
AF369256,HCV,1b,100.0
KM591971,HCV,1a,100.0
KM591972,HCV,1a,100.0
KM591974,HCV,1a,100.0
KM591975,HCV,1a,100.0
KM591977,HCV,1a,100.0
KM591979,HCV,1a,100.0
KM591983,HCV,1a,100.0
AF369258,HCV,1b,100.0
KM591985,HCV,1a,100.0
KM591982,HCV,1a,100.0
KM591984,HCV,1a,100.0
KM591989,HCV,1a,100.0
KM591988,HCV,1a,100.0
KM591986,HCV,1a,100.0
KF011304,HCV,1a,100.0
KM591976,HCV,1a,100.0
KM591997,HCV,1a,100.0
KM592000,HCV,1a,100.0
KM591999,HCV,1a,100.0
KM591994,HCV,1a,100.0
KM591996,HCV,1a,100.0
KM592005,HCV,1a,100.0
KM591993,HCV,1a,100.0
KM592001,HCV,1a,100.0
KM592006,HCV,1a,100.0
KM592008,HCV,1a,100.0
KM592004,HCV,1a,100.0
KM592007,HCV,1a,100.0
KM592015,HCV,1b,100.0
KM592012,HCV,1b,100.0
KM592016,HCV,1b,100.0
KM592017,HCV,1b,100.0
KM592010,HCV,1b,100.0
KM592011,HCV,1b,100.0
KM592014,HCV,1b,100.0
KM592019,HCV,1b,100.0
KM592020,HCV,1b,100.0
KM591998,HCV,1a,100.0
KM592018,HCV,1b,100.0
KM592021,HCV,1b,100.0
KM592023,HCV,1b,100.0
KM592024,HCV,1b,100.0
KF011373,HCV,1b,100.0
KF011379,HCV,1b,100.0
KF011380,HCV,1b,100.0
KF011381,HCV,1b,100.0
KF011352,HCV,1b,100.0
KF011385,HCV,1b,100.0
KF011388,HCV,1b,100.0
KF011390,HCV,1b,100.0
KF011389,HCV,1b,100.0
KF011392,HCV,1b,100.0
KF011393,HCV,1b,100.0
KF011391,HCV,1b,100.0
KF011396,HCV,1b,100.0
KF011394,HCV,1b,100.0
KF011397,HCV,1b,100.0
KF011386,HCV,1b,100.0
KF011401,HCV,1b,100.0
KF011400,HCV,1b,100.0
KF011402,HCV,1b,100.0
KF011369,HCV,1b,100.0
KF011403,HCV,1b,100.0
KF011367,HCV,1b,100.0
KF011384,HCV,1b,100.0
KF011405,HCV,1b,100.0
KF011409,HCV,1b,100.0
KF011406,HCV,1b,100.0
KF011411,HCV,1b,100.0
KF011412,HCV,1b,100.0
KF011398,HCV,1b,100.0
KF011416,HCV,1b,100.0
KF011417,HCV,1b,100.0
KF011418,HCV,1b,100.0
KF011387,HCV,1b,100.0
KF011419,HCV,1b,100.0
KF011424,HCV,1b,100.0
KF011421,HCV,1b,100.0
KF011399,HCV,1b,100.0
KF011425,HCV,1b,100.0
KF011426,HCV,1b,100.0
KF011429,HCV,1b,100.0
KF011432,HCV,1b,100.0
KF011434,HCV,1b,100.0
KF011339,HCV,1b,100.0
KF011437,HCV,1b,100.0
KF011436,HCV,1b,100.0
KF011438,HCV,1b,100.0
KF011413,HCV,1b,100.0
KF011439,HCV,1b,100.0
KF011431,HCV,1b,100.0
KF011404,HCV,1b,100.0
KF011443,HCV,1b,100.0
KF011447,HCV,1b,100.0
KF011449,HCV,1b,100.0
KF011441,HCV,1b,100.0
KF011450,HCV,1b,100.0
KF011451,HCV,1b,100.0
AB072043,HCV,1b,100.0
KF011446,HCV,1b,100.0
KF011430,HCV,1b,100.0
AB072048,HCV,1b,100.0
AB072047,HCV,1b,100.0
AB072050,HCV,1b,100.0
AB072052,HCV,1b,100.0
AB072051,HCV,1b,100.0
AB072046,HCV,1b,100.0
AB072054,HCV,1b,100.0
AB072053,HCV,1b,100.0
AB072061,HCV,1b,100.0
AB072062,HCV,1b,100.0
AB072057,HCV,1b,100.0
AB072059,HCV,1b,100.0
AB072064,HCV,1b,100.0
AB072063,HCV,1b,100.0
AB072065,HCV,1b,100.0
AB072066,HCV,1b,100.0
AB072067,HCV,1b,100.0
AB072070,HCV,1b,100.0
AB072071,HCV,1b,100.0
AB072073,HCV,1b,100.0
AB072072,HCV,1b,100.0
AB072074,HCV,1b,100.0
AB072077,HCV,1b,100.0
AB072078,HCV,1b,100.0
AB072079,HCV,1b,100.0
AB072080,HCV,1b,100.0
AB072081,HCV,1b,100.0
AB072082,HCV,1b,100.0
AB072087,HCV,1b,100.0
AB072084,HCV,1b,100.0
AB072086,HCV,1b,100.0
AB072085,HCV,1b,100.0
AB072088,HCV,1b,100.0
AB072083,HCV,1b,100.0
AB072089,HCV,1b,100.0
AB072090,HCV,1b,100.0
AB072097,HCV,1b,100.0
AB072096,HCV,1b,100.0
AB072098,HCV,1b,100.0
AB072100,HCV,1b,100.0
AB072099,HCV,1b,100.0
AB072055,HCV,1b,100.0
AB072102,HCV,1b,100.0
AB072060,HCV,1b,100.0
AB072104,HCV,1b,100.0
AB072107,HCV,1b,100.0
AB072111,HCV,1b,100.0
AB072112,HCV,1b,100.0
AB072108,HCV,1b,100.0
AB072109,HCV,1b,100.0
AB072110,HCV,1b,100.0
AB072113,HCV,1b,100.0
KF011445,HCV,1b,100.0
AB072093,HCV,1b,100.0
AB072103,HCV,1b,100.0
KF011423,HCV,1b,100.0
AB072049,HCV,1b,100.0
AB072092,HCV,1b,100.0
EF407416,HCV,1a,100.0
EF407415,HCV,1a,100.0
EF407412,HCV,1a,100.0
EF407420,HCV,1a,100.0
EF407421,HCV,1a,100.0
EF407417,HCV,1a,100.0
AB089562,HCV,1b,100.0
AB089568,HCV,1b,100.0
AB089550,HCV,1b,100.0
AB089565,HCV,1b,100.0
AB089570,HCV,1b,100.0
AB089571,HCV,1b,100.0
EF407496,HCV,1b,100.0
AB089572,HCV,1b,100.0
AB089573,HCV,1b,100.0
AB089574,HCV,1b,100.0
AB089575,HCV,1b,100.0
AB089576,HCV,1b,100.0
AB089577,HCV,1b,100.0
AB089578,HCV,1b,100.0
AB089579,HCV,1b,100.0
EF407488,HCV,1b,100.0
AB089580,HCV,1b,100.0
AB089581,HCV,1b,100.0
AB089582,HCV,1b,100.0
AB100810,HCV,1b,100.0
AB089569,HCV,1b,100.0
AB100811,HCV,1b,100.0
AB100812,HCV,1b,100.0
AB100813,HCV,1b,100.0
AB100815,HCV,1b,100.0
AB100816,HCV,1b,100.0
AB100814,HCV,1b,100.0
AB100817,HCV,1b,100.0
AB100821,HCV,1b,100.0
AB100822,HCV,1b,100.0
AB100823,HCV,1b,100.0
AB100825,HCV,1b,100.0
AB100806,HCV,1b,100.0
AB100827,HCV,1b,100.0
AB100826,HCV,1b,100.0
LN808727,HCV,1b,100.0
LN808728,HCV,1b,100.0
LN808733,HCV,1b,100.0
LN808731,HCV,1b,100.0
LN808732,HCV,1b,100.0
LN808734,HCV,1b,100.0
LN808735,HCV,1b,100.0
LN808736,HCV,1b,100.0
LN808737,HCV,1b,100.0
LN808738,HCV,1b,100.0
LN808741,HCV,1b,100.0
LN808744,HCV,1b,100.0
KF489390,HCV,2c,100.0
AB100828,HCV,1b,100.0
EF407501,HCV,1b,100.0
KF489394,HCV,2c,100.0
KF489391,HCV,2c,100.0
KF489395,HCV,2c,100.0
KF489392,HCV,2c,100.0
KF489396,HCV,2c,100.0
KF489404,HCV,1b,100.0
KF489406,HCV,1b,100.0
KF489408,HCV,1b,100.0
AB100808,HCV,1b,100.0
LN808740,HCV,1b,100.0
HM746877,HCV,1a,100.0
HM746884,HCV,1a,100.0
HM746883,HCV,1a,100.0
HM746888,HCV,1b,100.0
HM746876,HCV,1a,100.0
AF207762,HCV,1b,100.0
AF207761,HCV,1b,100.0
AF207758,HCV,1b,100.0
AF207767,HCV,1b,100.0
MH742366,HCV,"unassigned_1, 4v-4m",NA
MH742363,HCV,4q,52.0
MH742365,HCV,4v,100.0
EU392172,HCV,4d,100.0
EU392175,HCV,4f,100.0
KJ678748,HCV,6a,100.0
KJ678752,HCV,6a,100.0
KJ678768,HCV,"unassigned_1, 6a-3a",NA
KJ678769,HCV,6a,100.0
KJ678775,HCV,6a,100.0
KJ678782,HCV,6a,100.0
KJ678788,HCV,6a,100.0
KJ678799,HCV,6a,100.0
KJ678802,HCV,6a,100.0
KJ678807,HCV,6a,100.0
KY704892,HCV,3a,100.0
KY704894,HCV,3a,100.0
KY704896,HCV,3a,100.0
AF369230,HCV,1a,100.0
KF011331,HCV,1a,100.0
AF369231,HCV,1a,100.0
AF369235,HCV,1a,100.0
KF011433,HCV,1b,100.0
KF011415,HCV,1b,100.0
KF011435,HCV,1b,100.0
KF011448,HCV,1b,100.0
KF011427,HCV,1b,100.0
AB072045,HCV,1b,100.0
AB072069,HCV,1b,100.0
AB072068,HCV,1b,100.0
AB072075,HCV,1b,100.0
AB072076,HCV,1b,100.0
AB072044,HCV,1b,100.0
AB072101,HCV,1b,100.0
AB072105,HCV,1b,100.0
AB072106,HCV,1b,100.0
EF407466,HCV,1b,100.0
AB089536,HCV,1b,100.0
AB089560,HCV,1b,100.0
AB089544,HCV,1b,100.0
AB089583,HCV,1b,100.0
AB100807,HCV,1b,100.0
AB100809,HCV,1b,100.0
LN808729,HCV,1b,100.0
AB100829,HCV,1b,100.0
LN808730,HCV,1b,100.0
KF489397,HCV,1b,100.0
KF489399,HCV,1b,100.0
KF489398,HCV,1b,100.0
KF489400,HCV,1b,100.0
KF489401,HCV,1b,100.0
KF489402,HCV,1b,100.0
KF489403,HCV,1b,100.0
HM746879,HCV,1a,100.0
HM746887,HCV,1b,100.0
MH742370,HCV,4k,100.0
EU392170,HCV,4f,100.0
EU392173,HCV,4k,100.0
MH940291,HCV,7a,64.0
KJ678747,HCV,6a,100.0
KJ678744,HCV,6a,100.0
KJ678745,HCV,6a,100.0
KJ678746,HCV,6a,100.0
EU392171,HCV,4k,100.0
MH742371,HCV,4k,100.0
KJ678749,HCV,6a,100.0
KJ678751,HCV,6a,100.0
KJ678754,HCV,"unassigned_1, 6a-3h",NA
KJ678750,HCV,6a,100.0
EU392174,HCV,4f,100.0
KJ678756,HCV,6a,100.0
KJ678758,HCV,6a,100.0
KJ678759,HCV,6a,100.0
KJ678755,HCV,6a,100.0
KJ678760,HCV,6a,100.0
KJ678753,HCV,6a,100.0
KJ678762,HCV,6a,100.0
KJ678764,HCV,6a,100.0
KJ678766,HCV,6a,100.0
KJ678765,HCV,6a,100.0
KJ678763,HCV,6a,100.0
KJ678757,HCV,6a,100.0
KJ678767,HCV,6a,100.0
KJ678761,HCV,6a,100.0
KJ678770,HCV,6a,100.0
KJ678773,HCV,6a,100.0
KJ678771,HCV,6a,100.0
KJ678776,HCV,6a,100.0
KJ678774,HCV,6a,100.0
KJ678777,HCV,6a,100.0
KJ678779,HCV,6a,100.0
KJ678772,HCV,6a,100.0
KJ678783,HCV,6a,100.0
KJ678781,HCV,6a,100.0
KJ678784,HCV,6a,100.0
KJ678778,HCV,6a,100.0
KJ678780,HCV,6a,100.0
KJ678787,HCV,6a,100.0
KJ678785,HCV,6a,100.0
KJ678786,HCV,6a,100.0
KJ678791,HCV,6a,100.0
KJ678792,HCV,6a,100.0
KJ678789,HCV,6a,100.0
KJ678793,HCV,6a,100.0
KJ678798,HCV,6a,100.0
KJ678796,HCV,6a,100.0
KJ678790,HCV,6a,100.0
KJ678794,HCV,6a,100.0
KJ678797,HCV,6a,100.0
KJ678800,HCV,6a,100.0
KJ678795,HCV,6a,100.0
KJ678803,HCV,6a,100.0
KJ678804,HCV,6a,100.0
KJ678801,HCV,6a,100.0
KJ678805,HCV,6a,100.0
KJ678808,HCV,6a,100.0
KJ678810,HCV,6a,100.0
KJ678806,HCV,6a,100.0
KJ678809,HCV,6a,100.0
KJ567646,HCV,6e,78.0
KY704893,HCV,3a,100.0
KJ567649,HCV,6e,100.0
KJ567648,HCV,6w,100.0
PP092205,HCV,6w,79.0
PP092206,HCV,6w,47.0
PP092207,HCV,6w,55.0
KJ567650,HCV,6e,100.0
KJ567652,HCV,6e,100.0
PP092208,HCV,6w,68.0
JX170947,HCV,1b,100.0
JX170949,HCV,1a,100.0
JX170943,HCV,1b,100.0
JX170942,HCV,1b,100.0
JX170950,HCV,1a,100.0
JX170938,HCV,1b,100.0
JX170954,HCV,1a,100.0
JX170962,HCV,1a,100.0
JX170958,HCV,1a,100.0
JX170952,HCV,1a,100.0
JX170960,HCV,1a,100.0
JX170967,HCV,1a,100.0
JX170968,HCV,1a,100.0
JX170966,HCV,1a,100.0
JX170975,HCV,1a,100.0
JX170972,HCV,1a,100.0
JX170974,HCV,1a,100.0
JX170976,HCV,1a,100.0
JX170982,HCV,2c,100.0
JX170963,HCV,1a,100.0
JX170980,HCV,2c,100.0
JX170987,HCV,2c,100.0
JX170991,HCV,2c,100.0
JX170988,HCV,2c,100.0
JX170989,HCV,2c,100.0
JX170977,HCV,1a,100.0
JX170993,HCV,2c,100.0
JX170995,HCV,2c,100.0
JX170998,HCV,2c,100.0
JX171004,HCV,2c,100.0
JX171005,HCV,2c,100.0
JX171006,HCV,2c,100.0
JX171002,HCV,2c,100.0
JX170986,HCV,2c,100.0
JX171010,HCV,3a,100.0
JX171016,HCV,3a,100.0
JX171014,HCV,3a,100.0
JX171019,HCV,3a,100.0
JX171020,HCV,3a,100.0
JX171022,HCV,3a,100.0
JX171021,HCV,3a,100.0
JX171018,HCV,3a,100.0
JX171029,HCV,3a,100.0
JX171007,HCV,2c,100.0
JX171033,HCV,3a,100.0
JX171031,HCV,3a,100.0
JX171035,HCV,3a,100.0
JX171032,HCV,3a,100.0
JX171038,HCV,3a,100.0
KM592026,HCV,1b,100.0
KM592025,HCV,1b,100.0
KM592009,HCV,1a,100.0
KC591725,HCV,1b,100.0
KC591727,HCV,1b,100.0
KC591726,HCV,1b,100.0
KC591729,HCV,1a,100.0
KC591728,HCV,1a,100.0
KC591730,HCV,1a,100.0
KM592022,HCV,1b,100.0
KC591731,HCV,1a,100.0
KC591735,HCV,1a,100.0
KC591732,HCV,1a,100.0
KC591733,HCV,1a,100.0
KC591741,HCV,1a,100.0
KC591738,HCV,1a,100.0
KC591742,HCV,1a,100.0
KM592002,HCV,1a,100.0
KC591740,HCV,1a,100.0
KC591739,HCV,1a,100.0
AF379280,HCV,1b,100.0
AF379281,HCV,1b,100.0
KC591736,HCV,1a,100.0
AF379286,HCV,1b,100.0
KC591743,HCV,1a,100.0
KC591734,HCV,1a,100.0
AF379289,HCV,1b,100.0
KC591744,HCV,1a,100.0
AF379290,HCV,1b,100.0
AF379288,HCV,1b,100.0
KC591746,HCV,1a,100.0
AF379291,HCV,1b,100.0
AF379292,HCV,1b,100.0
AF379294,HCV,1b,100.0
AF379295,HCV,1b,100.0
AF379293,HCV,1b,100.0
AF379282,HCV,1b,100.0
AF379296,HCV,1b,100.0
AF379285,HCV,1b,100.0
AF379297,HCV,1b,100.0
AF379299,HCV,1b,100.0
AF379302,HCV,1b,100.0
AF379300,HCV,1b,100.0
AF379306,HCV,1b,100.0
AF379308,HCV,1b,100.0
AF379309,HCV,1b,100.0
AF379305,HCV,1b,100.0
AF379307,HCV,1b,100.0
AF379312,HCV,1b,100.0
AF379313,HCV,1b,100.0
AF379315,HCV,1b,100.0
AF379314,HCV,1b,100.0
AF379319,HCV,1b,100.0
AF379287,HCV,1b,100.0
AF379316,HCV,1b,100.0
AF379320,HCV,1b,100.0
AF379323,HCV,1b,100.0
AF379324,HCV,1b,100.0
AF379322,HCV,1b,100.0
AF379325,HCV,1b,100.0
AF379327,HCV,1b,100.0
AF379326,HCV,1b,100.0
AF379328,HCV,1b,100.0
AF379332,HCV,1b,100.0
AF379329,HCV,1b,100.0
AF379333,HCV,1b,100.0
AF379334,HCV,1b,100.0
AF379338,HCV,1b,100.0
AF379337,HCV,1b,100.0
AF379339,HCV,1b,100.0
AF379341,HCV,1b,100.0
AF379342,HCV,1b,100.0
AF379340,HCV,1b,100.0
AF379346,HCV,1b,100.0
AF379348,HCV,1b,100.0
AF379279,HCV,1b,100.0
AF379283,HCV,1b,100.0
AF379344,HCV,1b,100.0
AF379349,HCV,1b,100.0
AF379350,HCV,1b,100.0
AF379355,HCV,1b,100.0
AF379353,HCV,1b,100.0
AF379354,HCV,1b,100.0
AF379352,HCV,1b,100.0
KU196273,HCV,1b,100.0
KU196276,HCV,1a,100.0
KU196280,HCV,1b,100.0
KU196288,HCV,1a,100.0
KU196278,HCV,1b,100.0
KU196290,HCV,1a,100.0
KU196284,HCV,1b,100.0
KU196292,HCV,1b,100.0
KU196298,HCV,1a,100.0
KU196296,HCV,1a,100.0
KU196294,HCV,1b,100.0
EU853661,HCV,1a,100.0
AF379321,HCV,1b,100.0
EU853662,HCV,1a,100.0
EU853663,HCV,1a,100.0
AF379345,HCV,1b,100.0
EU853666,HCV,1b,100.0
AF379343,HCV,1b,100.0
EU853669,HCV,1a,100.0
EU853668,HCV,1a,100.0
KF011341,HCV,1b,100.0
KF011343,HCV,1b,100.0
AF379347,HCV,1b,100.0
KF011345,HCV,1b,100.0
KF011348,HCV,1b,100.0
AF379351,HCV,1b,100.0
KF011353,HCV,1b,100.0
KF011355,HCV,1b,100.0
KF011354,HCV,1b,100.0
KF011356,HCV,1b,100.0
KF011359,HCV,1b,100.0
KF011360,HCV,1b,100.0
KF011361,HCV,1b,100.0
KF011364,HCV,1b,100.0
KF011366,HCV,1b,100.0
EU853664,HCV,1b,100.0
KF011365,HCV,1b,100.0
KF011368,HCV,1b,100.0
KF011349,HCV,1b,100.0
EF407414,HCV,1a,100.0
EF407413,HCV,1a,100.0
EF407422,HCV,1a,100.0
EF407425,HCV,1a,100.0
EF407423,HCV,1a,100.0
EF407424,HCV,1a,100.0
EF407426,HCV,1a,100.0
EF407411,HCV,1a,100.0
EF407427,HCV,1a,100.0
EF407418,HCV,1a,100.0
EF407419,HCV,1a,100.0
EF407431,HCV,1a,100.0
EF407436,HCV,1a,100.0
EF407429,HCV,1a,100.0
EF407428,HCV,1a,100.0
EF407432,HCV,1a,100.0
EF407434,HCV,1a,100.0
EF407438,HCV,1a,100.0
EF407433,HCV,1a,100.0
EF407430,HCV,1a,100.0
EF407435,HCV,1a,100.0
EF407439,HCV,1a,100.0
EF407437,HCV,1a,100.0
EF407442,HCV,1a,100.0
EF407443,HCV,1a,100.0
EF407448,HCV,1a,100.0
EF407441,HCV,1a,100.0
EF407440,HCV,1a,100.0
EF407444,HCV,1a,100.0
EF407446,HCV,1a,100.0
EF407452,HCV,1a,100.0
EF407445,HCV,1a,100.0
EF407449,HCV,1a,100.0
EF407454,HCV,1a,100.0
EF407447,HCV,1a,100.0
EF407453,HCV,1a,100.0
EF407450,HCV,1a,100.0
EF407451,HCV,1a,100.0
EF407455,HCV,1a,100.0
EF407456,HCV,1a,100.0
EF407457,HCV,1a,100.0
EF407464,HCV,1b,100.0
EF407458,HCV,1b,100.0
EF407465,HCV,1b,100.0
EF407462,HCV,1b,100.0
EF407459,HCV,1b,100.0
EF407468,HCV,1b,100.0
EF407467,HCV,1b,100.0
EF407463,HCV,1b,100.0
EF407460,HCV,1b,100.0
EF407461,HCV,1b,100.0
EF407471,HCV,1b,100.0
EF407472,HCV,1b,100.0
EF407469,HCV,1b,100.0
EF407473,HCV,1b,100.0
EF407475,HCV,1b,100.0
EF407476,HCV,1b,100.0
EF407470,HCV,1b,100.0
EF407478,HCV,1b,100.0
EF407474,HCV,1b,100.0
EF407477,HCV,1b,100.0
EF407479,HCV,1b,100.0
EF407481,HCV,1b,100.0
EF407482,HCV,1b,100.0
EF407484,HCV,1b,100.0
EF407480,HCV,1b,100.0
EF407483,HCV,1b,100.0
EF407487,HCV,1b,100.0
EF407489,HCV,1b,100.0
EF407485,HCV,1b,100.0
EF407494,HCV,1b,100.0
EF407493,HCV,1b,100.0
EF407490,HCV,1b,100.0
AB089512,HCV,1b,100.0
EF407497,HCV,1b,100.0
AB089513,HCV,1b,100.0
AB089514,HCV,1b,100.0
EF407492,HCV,1b,100.0
EF407491,HCV,1b,100.0
AB089516,HCV,1b,100.0
AB089517,HCV,1b,100.0
AB089515,HCV,1b,100.0
AB089518,HCV,1b,100.0
AB089520,HCV,1b,100.0
AB089521,HCV,1b,100.0
AB089522,HCV,1b,100.0
AB089525,HCV,1b,100.0
AB089519,HCV,1b,100.0
AB089528,HCV,1b,100.0
AB089529,HCV,1b,100.0
AB089531,HCV,1b,100.0
AB089530,HCV,1b,100.0
AB089532,HCV,1b,100.0
EF407498,HCV,1b,100.0
AB089533,HCV,1b,100.0
EF407499,HCV,1b,100.0
AB089534,HCV,1b,100.0
AB089535,HCV,1b,100.0
AB089537,HCV,1b,100.0
AB089539,HCV,1b,100.0
AB089538,HCV,1b,100.0
AB089540,HCV,1b,100.0
AB089527,HCV,1b,100.0
AB089541,HCV,1b,100.0
AB089542,HCV,1b,100.0
AB089543,HCV,1b,100.0
AB089546,HCV,1b,100.0
AB089547,HCV,1b,100.0
EF407495,HCV,1b,100.0
AB089554,HCV,1b,100.0
AB089552,HCV,1b,100.0
AB089553,HCV,1b,100.0
AB089555,HCV,1b,100.0
AB089545,HCV,1b,100.0
AB089557,HCV,1b,100.0
AB089558,HCV,1b,100.0
AB089556,HCV,1b,100.0
AB089559,HCV,1b,100.0
AB089561,HCV,1b,100.0
AB089563,HCV,1b,100.0
AB089564,HCV,1b,100.0
AB089566,HCV,1b,100.0
AB089567,HCV,1b,100.0
KF011372,HCV,1b,100.0
KF011371,HCV,1b,100.0
KF011376,HCV,1b,100.0
KF011377,HCV,1b,100.0
KF011357,HCV,1b,100.0
KY704901,HCV,3a,100.0
AB049094,HCV,1b,100.0
FJ462437,HCV,"unassigned_1, 4d-4o",NA
DQ155561,HCV,2i,100.0
FJ462432,HCV,4g,100.0
FJ462438,HCV,4k,100.0
FJ462431,HCV,4p,100.0
FJ462434,HCV,4q,100.0
JX183553,HCV,6l,100.0
JX183555,HCV,6l,100.0
EF424625,HCV,6q,100.0
JX183551,HCV,6l,100.0
JX183554,HCV,6l,100.0
EF424626,HCV,6p,100.0
KC767831,HCV,5a,100.0
KC767829,HCV,5a,100.0
AB049097,HCV,1b,100.0
KC767830,HCV,5a,100.0
AB049098,HCV,1b,100.0
KC767832,HCV,5a,100.0
KC767834,HCV,5a,100.0
KC767833,HCV,5a,100.0
AM910652,HCV,1g,100.0
JX183550,HCV,6l,100.0
JX183552,HCV,6l,100.0
JX183557,HCV,6n,100.0
JX183558,HCV,6j,100.0
EF424627,HCV,6o,100.0
EF424629,HCV,6c,100.0
EF424628,HCV,6l,100.0
D84265,HCV,6h,100.0
JX227952,HCV,"unassigned_1, 1b-2j-2a-2j-2q-2k-2q-2k",NA
D84264,HCV,6k,100.0
D84263,HCV,6d,100.0
D84262,HCV,6b,100.0
MH492360,HCV,6n,100.0
JX227949,HCV,2c,100.0
JX227955,HCV,3i,100.0
KX107851,HCV,5a,100.0
MH477423,HCV,2a,87.0
KJ470612,HCV,3a,100.0
KJ470616,HCV,3b,100.0
EU408331,HCV,6xa,100.0
EU408330,HCV,6xa,100.0
OM896915,HCV,3b,100.0
KJ470615,HCV,3a,100.0
OM896913,HCV,3b,100.0
OM896916,HCV,3b,100.0
OM896918,HCV,3b,100.0
EU643835,HCV,"unassigned_1, 6w-2b",NA
FJ025854,HCV,"unassigned_1, 4k-4f",NA
OM896919,HCV,3b,100.0
OM896920,HCV,3b,100.0
OM896922,HCV,3b,100.0
OM896924,HCV,3b,100.0
OM896921,HCV,3b,100.0
OM896923,HCV,3b,100.0
EU643834,HCV,6w,100.0
FJ025856,HCV,4w,100.0
MH477420,HCV,1e,100.0
EU798761,HCV,6v,100.0
FJ435090,HCV,6v,100.0
KJ470613,HCV,3a,100.0
MH477417,HCV,4f,100.0
EU408332,HCV,6xa,100.0
MH477418,HCV,4f,100.0
KJ470619,HCV,3a,100.0
FJ025855,HCV,4w,100.0
OM896972,HCV,3a,100.0
OM896964,HCV,3a,100.0
OM896971,HCV,3a,100.0
OM896967,HCV,3a,100.0
OM896973,HCV,3a,100.0
OM896975,HCV,3a,100.0
OM896969,HCV,3a,100.0
OM896976,HCV,3a,100.0
OM896970,HCV,3a,100.0
OM896980,HCV,3a,100.0
OM896977,HCV,3a,100.0
OM896974,HCV,3a,100.0
OM896968,HCV,3a,100.0
OM896983,HCV,3a,100.0
OM896981,HCV,3a,100.0
OM896979,HCV,3a,100.0
OM896978,HCV,3a,100.0
OM896982,HCV,3a,100.0
OM896991,HCV,3a,100.0
OM896989,HCV,3a,100.0
OM896988,HCV,3a,100.0
OM896987,HCV,3a,100.0
OM896998,HCV,3a,100.0
OM896984,HCV,3a,100.0
OM896990,HCV,3a,100.0
OM896985,HCV,3a,100.0
OM896994,HCV,3a,100.0
OM896993,HCV,3a,100.0
OM896986,HCV,3a,100.0
OM896997,HCV,3a,100.0
OM896996,HCV,3a,100.0
OM896995,HCV,3a,100.0
OM896992,HCV,3a,100.0
JF735125,HCV,"unassigned_1, 3i-3h-6h-6b",NA
JF735124,HCV,"unassigned_1, 3a-3g",NA
JF735121,HCV,3h,100.0
JF735122,HCV,3k,100.0
OM897000,HCV,3a,100.0
JF735123,HCV,3g,100.0
KJ470620,HCV,6g,99.0
KJ470622,HCV,6g,100.0
KJ470621,HCV,6g,100.0
KJ470623,HCV,6w,100.0
KJ470624,HCV,6g,99.0
KJ470617,HCV,3b,100.0
KJ470614,HCV,3a,100.0
KJ470618,HCV,3a,100.0
OM312192,HCV,1b,100.0
OM312194,HCV,1b,100.0
OM312195,HCV,1b,100.0
OM312349,HCV,3a,100.0
OM312179,HCV,1b,100.0
OM312180,HCV,1b,100.0
OM312182,HCV,1b,100.0
OM312356,HCV,3a,100.0
OM312355,HCV,3a,100.0
OK001638,HCV,4a,100.0
OK001639,HCV,4d,100.0
OM312363,HCV,3a,100.0
OM811403,HCV,1b,100.0
OM811405,HCV,3a,100.0
OM312364,HCV,3a,100.0
MW041298,HCV,2j,100.0
MW041295,HCV,2j,100.0
MW041294,HCV,2j,100.0
AB031663,HCV,2k,100.0
OK001629,HCV,4a,100.0
DQ314805,HCV,6e,100.0
DQ314806,HCV,6g,100.0
MW041297,HCV,2j,100.0
MW041299,HCV,2j,100.0
KU861171,HCV,2j,66.0
MW041296,HCV,2j,100.0
KY704904,HCV,3b,100.0
KY704907,HCV,3b,100.0
KY704910,HCV,3b,100.0
KY704905,HCV,3b,100.0
OM811410,HCV,1b,100.0
OM811408,HCV,3a,100.0
OM811411,HCV,3a,100.0
KY704897,HCV,3a,100.0
KY704906,HCV,3b,100.0
KY704899,HCV,3a,100.0
KY704908,HCV,3b,100.0
KY704900,HCV,3a,100.0
KY704903,HCV,3a,100.0
KY704909,HCV,3b,100.0
KY704916,HCV,1b,100.0
KY704911,HCV,3b,100.0
KY704898,HCV,3a,100.0
KY704912,HCV,1b,100.0
KY704913,HCV,1b,100.0
KY704918,HCV,1b,100.0
KY704915,HCV,1b,100.0
KY120329,HCV,6a,100.0
PQ365501,HCV,3a,100.0
KY704914,HCV,1b,100.0
EU408326,HCV,6e,100.0
KY120332,HCV,3a,100.0
PQ365499,HCV,1a,100.0
EU408327,HCV,6o,100.0
KY704917,HCV,1b,100.0
PQ365497,HCV,1a,100.0
PQ365502,HCV,3a,100.0
KY120330,HCV,6n,100.0
PQ365498,HCV,3a,100.0
PQ365503,HCV,1a,100.0
KY120328,HCV,1b,100.0
KY120331,HCV,1b,100.0
PQ365500,HCV,1a,100.0
PQ365504,HCV,3i,100.0
PQ365511,HCV,3a,100.0
PQ365516,HCV,1a,100.0
PQ365505,HCV,3b,100.0
PQ365507,HCV,1a,100.0
PQ365510,HCV,1b,100.0
PQ365518,HCV,3a,100.0
PQ365517,HCV,3a,100.0
PQ365515,HCV,3a,100.0
PQ365513,HCV,3a,100.0
PQ365512,HCV,3a,100.0
PQ365519,HCV,3a,100.0
AB049092,HCV,1b,100.0
PQ365525,HCV,3a,100.0
PQ365527,HCV,1a,100.0
PQ365528,HCV,3a,100.0
PQ365523,HCV,3a,100.0
PQ365522,HCV,3a,100.0
PQ365526,HCV,3a,100.0
PQ365530,HCV,3a,100.0
MZ161152,HCV,6a,100.0
MZ161157,HCV,6a,100.0
MZ161158,HCV,6a,100.0
KM504123,HCV,6s,100.0
DQ835761,HCV,6j,100.0
KM504122,HCV,6h,100.0
DQ835760,HCV,6f,100.0
KM504124,HCV,6c,100.0
AB049088,HCV,"unassigned_1, 1b-6b",NA
AB049091,HCV,"unassigned_1, 1b-2b-6d-6b",NA
AB049089,HCV,"unassigned_1, 1b-6h-6b",NA
DQ835767,HCV,6m,100.0
DQ835765,HCV,6m,100.0
DQ835764,HCV,6f,100.0
DQ835762,HCV,6i,100.0
AB049087,HCV,1b,100.0
DQ835763,HCV,6m,100.0
MK612002,HCV,1a,100.0
MK612005,HCV,3a,100.0
MK612014,HCV,1a,100.0
MK612011,HCV,3a,100.0
MH477419,HCV,1e,100.0
MK548362,HCV,"unassigned_1, 1a-2b",NA
MK548363,HCV,"unassigned_1, 1a-2b",NA
PQ365520,HCV,3a,100.0
PQ365536,HCV,3a,100.0
KM504113,HCV,6r,100.0
KM504112,HCV,1b,61.0
KM504114,HCV,6o,68.0
KM504118,HCV,6w,70.0
AB049100,HCV,1b,100.0
DQ835766,HCV,6m,100.0
DQ480512,HCV,6a,100.0
JF735129,HCV,"unassigned_1, 4v-4k",NA
DQ480516,HCV,6a,100.0
DQ480517,HCV,6a,100.0
DQ480514,HCV,6a,100.0
JF735130,HCV,"unassigned_1, 4v-4o",NA
DQ480518,HCV,6a,100.0
JF735131,HCV,"unassigned_1, 4v-4g",NA
DQ480515,HCV,6a,100.0
DQ480521,HCV,6a,100.0
JF735136,HCV,"unassigned_1, 4v-4g",NA
DQ480519,HCV,6a,100.0
DQ480520,HCV,6a,100.0
MK611999,HCV,1a,100.0
MK612017,HCV,3a,100.0
MK612023,HCV,3a,100.0
MK612008,HCV,1a,100.0
MK612032,HCV,3a,100.0
MK612020,HCV,2a,100.0
MK612038,HCV,4a,100.0
MK612026,HCV,3a,100.0
MK612035,HCV,3a,100.0
MH477422,HCV,4f,100.0
OM896892,HCV,3b,100.0
OM896894,HCV,3b,100.0
OM896893,HCV,3b,100.0
DQ155560,HCV,"unassigned_1, 6p-2j-2a-2k-2j",NA
OM896895,HCV,3b,100.0
OM896896,HCV,3b,100.0
OM896898,HCV,3b,100.0
OM896897,HCV,3b,100.0
OM896900,HCV,3b,100.0
AB049096,HCV,1b,100.0
OM896902,HCV,3b,100.0
OM896899,HCV,3b,100.0
OM896901,HCV,3b,100.0
AB049099,HCV,1b,100.0
OM896905,HCV,3b,100.0
OM896904,HCV,3b,100.0
OM896931,HCV,3b,100.0
OM896903,HCV,3b,100.0
OM896910,HCV,3b,100.0
OM896907,HCV,3b,100.0
OM896908,HCV,3b,100.0
OM896909,HCV,3b,100.0
OM896906,HCV,3b,100.0
OM896911,HCV,3b,100.0
OM896914,HCV,3b,100.0
OM896917,HCV,3b,100.0
OM896912,HCV,3b,100.0
OM896925,HCV,3b,100.0
OM896926,HCV,3b,100.0
OM896927,HCV,3b,100.0
OM896928,HCV,3b,100.0
OM896929,HCV,3b,100.0
OM896933,HCV,3b,100.0
OM896935,HCV,3b,100.0
OM896932,HCV,3b,100.0
OM896936,HCV,3b,100.0
OM896934,HCV,3b,100.0
OM896930,HCV,3b,100.0
OM896939,HCV,3b,100.0
OM896938,HCV,3b,100.0
OM896946,HCV,3a,100.0
OM896944,HCV,3b,100.0
OM896958,HCV,3a,100.0
OM896953,HCV,3a,100.0
OM896960,HCV,3a,100.0
OM896951,HCV,3a,100.0
OM896952,HCV,3a,100.0
OM896940,HCV,3b,100.0
OM896941,HCV,3b,100.0
OM896945,HCV,3a,100.0
OM896942,HCV,3b,100.0
MT633132,HCV,1b,66.0
OM896947,HCV,3a,100.0
OM896948,HCV,3a,100.0
OM896949,HCV,3a,100.0
OM896950,HCV,3a,100.0
OM312163,HCV,1a,100.0
OM312165,HCV,1a,100.0
OM312164,HCV,1a,100.0
OM312166,HCV,1a,100.0
OM312167,HCV,1a,100.0
OM312168,HCV,1a,100.0
OM312170,HCV,1a,100.0
OM312186,HCV,1b,100.0
OM312187,HCV,1b,100.0
OM312181,HCV,1b,100.0
OM312175,HCV,1b,100.0
OM312176,HCV,1b,100.0
OM312174,HCV,1b,100.0
OM312171,HCV,1a,100.0
OM312172,HCV,1a,100.0
OM896999,HCV,3a,100.0
OM312177,HCV,1b,100.0
OM312207,HCV,1b,100.0
OM312178,HCV,1b,100.0
OM312184,HCV,1b,100.0
OM312185,HCV,1b,100.0
OM312183,HCV,1b,100.0
OM312190,HCV,1b,100.0
OM312191,HCV,1b,100.0
OM312198,HCV,1b,100.0
OM312202,HCV,1b,100.0
OM312209,HCV,1b,100.0
OM312189,HCV,1b,100.0
OM312193,HCV,1b,100.0
OM312199,HCV,1b,100.0
OM312200,HCV,1b,100.0
OM312201,HCV,1b,100.0
OM312188,HCV,1b,100.0
OM312203,HCV,1b,100.0
OM312196,HCV,1b,100.0
OM312206,HCV,1b,100.0
OM312210,HCV,1b,100.0
OM312208,HCV,1b,100.0
OM312197,HCV,1b,100.0
OM312214,HCV,1b,100.0
OM312240,HCV,1b,100.0
OM312204,HCV,1b,100.0
OM312222,HCV,1b,100.0
OM312238,HCV,1b,100.0
OM312239,HCV,1b,100.0
OM312232,HCV,1b,100.0
OM312225,HCV,1b,100.0
OM312215,HCV,1b,100.0
OM312242,HCV,1b,100.0
OM312237,HCV,1b,100.0
OM312241,HCV,1b,100.0
OM312220,HCV,1b,100.0
OM312228,HCV,1b,100.0
OM312243,HCV,1b,100.0
OM312251,HCV,1b,100.0
OM312257,HCV,3a,100.0
OM312247,HCV,1b,100.0
OM312250,HCV,1b,100.0
OM312236,HCV,1b,100.0
OM312255,HCV,3a,100.0
OM312261,HCV,3a,100.0
OM312246,HCV,1b,100.0
OM312298,HCV,3a,100.0
OM312262,HCV,3a,100.0
OM312259,HCV,3a,100.0
OM312269,HCV,3a,100.0
OM312258,HCV,3a,100.0
OM312244,HCV,1b,100.0
OM312266,HCV,3a,100.0
OM312276,HCV,3a,100.0
OM312275,HCV,3a,100.0
OM312277,HCV,3a,100.0
OM312278,HCV,3a,100.0
OM312297,HCV,3a,100.0
OM312299,HCV,3a,100.0
OM312301,HCV,3a,100.0
OM312295,HCV,3a,100.0
OM312282,HCV,3a,100.0
OM312279,HCV,3a,100.0
OM312304,HCV,3a,100.0
OM312305,HCV,3a,100.0
OM312307,HCV,3a,100.0
OM312330,HCV,3a,100.0
OM312359,HCV,3a,100.0
OM312361,HCV,3a,100.0
OM312263,HCV,3a,100.0
OM312284,HCV,3a,100.0
OM312286,HCV,3a,100.0
OM312285,HCV,3a,100.0
OM312264,HCV,3a,100.0
OM312273,HCV,3a,100.0
OM312274,HCV,3a,100.0
OM312287,HCV,3a,100.0
OM312280,HCV,3a,100.0
OM312335,HCV,3a,100.0
OM312334,HCV,3a,100.0
OM312333,HCV,3a,100.0
OM312336,HCV,3a,100.0
OM312338,HCV,3a,100.0
OM312317,HCV,3a,100.0
OM312346,HCV,3a,100.0
OM312337,HCV,3a,100.0
OM312351,HCV,3a,100.0
OK001634,HCV,4a,100.0
OK001633,HCV,4a,100.0
OK001642,HCV,4a,100.0
OK001636,HCV,4o,100.0
OK001643,HCV,4d,100.0
OK001644,HCV,4a,100.0
OK001640,HCV,4a,100.0
OK001637,HCV,4a,100.0
OM811404,HCV,1b,100.0
OM811406,HCV,3a,100.0
OM811407,HCV,1b,100.0
OM811409,HCV,1b,100.0
OM811414,HCV,1b,100.0
OM811412,HCV,1a,100.0
OM811416,HCV,1b,100.0
OK001645,HCV,4a,100.0
OK001632,HCV,4a,100.0
OK001635,HCV,4a,100.0
OM811415,HCV,1b,100.0
OM312321,HCV,3a,100.0
OM312323,HCV,3a,100.0
DQ418785,HCV,4a,100.0
OM312091,HCV,1a,100.0
OM312067,HCV,1a,100.0
OM312111,HCV,1a,100.0
OM312136,HCV,1a,100.0
OM312125,HCV,1a,100.0
OM312124,HCV,1a,100.0
OM312137,HCV,1a,100.0
OM312149,HCV,1a,100.0
OM312078,HCV,1a,100.0
OM312080,HCV,1a,100.0
OM312153,HCV,1a,100.0
OM312081,HCV,1a,100.0
OM312348,HCV,3a,100.0
JX227969,HCV,3i,100.0
JX227972,HCV,4m,100.0
JX227964,HCV,4k,100.0
JX227976,HCV,4r,100.0
JX227977,HCV,4o,100.0
JX227973,HCV,4n,100.0
JX227975,HCV,4r,100.0
JX227974,HCV,2m,100.0
JX227978,HCV,4o,100.0
JX227979,HCV,4o,100.0
JF735114,HCV,2d,100.0
JF735115,HCV,2r,100.0
JF735119,HCV,2a,93.0
JF735118,HCV,2k,100.0
JF735116,HCV,2j,99.0
AB661419,HCV,2b,100.0
AB661418,HCV,2b,100.0
AB661423,HCV,2b,100.0
AB661421,HCV,2b,100.0
DQ835768,HCV,6n,100.0
DQ835769,HCV,6j,100.0
AB049093,HCV,1b,100.0
JX227951,HCV,2c,100.0
MH492361,HCV,6n,100.0
JX227953,HCV,2k,100.0
JX227950,HCV,2c,100.0
JX227956,HCV,3i,100.0
JX227957,HCV,4l,100.0
JX227954,HCV,3g,100.0
MH492362,HCV,6n,100.0
JX227961,HCV,4m,100.0
JX227960,HCV,4v,100.0
JX227958,HCV,4l,100.0
JX227959,HCV,4v,100.0
JX227962,HCV,4r,100.0
JX227967,HCV,2m,100.0
JX227965,HCV,2c,100.0
JX227963,HCV,4g?,100.0
JX227971,HCV,4g,100.0
JX227970,HCV,4n,100.0
JX227968,HCV,2m,100.0
JX227966,HCV,2c,100.0
JX183549,HCV,6k,98.0
JX183556,HCV,6l,100.0
MK612029,HCV,1a,100.0
MK548364,HCV,"unassigned_1, 1a-2b",NA
MK548365,HCV,"unassigned_1, 1a-2b",NA
MK548366,HCV,"unassigned_1, 1a-2b",NA
EU643836,HCV,6w,100.0
MK548369,HCV,"unassigned_1, 1a-2b",NA
MH477424,HCV,4f,100.0
MH477421,HCV,4f,100.0
EU798760,HCV,6v,100.0
MK548368,HCV,"unassigned_1, 1a-2b",NA
MK548367,HCV,"unassigned_1, 1a-2b",NA
MH477426,HCV,4f,100.0
KX107849,HCV,5a,100.0
KX107848,HCV,5a,100.0
KX107852,HCV,6a,100.0
KX107853,HCV,6e,100.0
KX107856,HCV,6l,100.0
KX107859,HCV,5a,100.0
JF735126,HCV,3h,100.0
KX107850,HCV,5a,100.0
KX107854,HCV,6a,100.0
KX107857,HCV,6l,100.0
KX107860,HCV,6e,100.0
KX107855,HCV,5a,100.0
KX107861,HCV,6a,100.0
KX107858,HCV,6a,100.0
OM896881,HCV,3b,100.0
OM896888,HCV,3b,100.0
OM896882,HCV,3b,100.0
OM896887,HCV,3b,100.0
OM896885,HCV,3b,100.0
OM896884,HCV,3b,100.0
OM896886,HCV,3b,100.0
OM896889,HCV,3b,100.0
KC191671,HCV,6n,100.0
OM896883,HCV,3b,100.0
OM896891,HCV,3b,100.0
OM896890,HCV,3b,100.0
OM896957,HCV,3a,100.0
OM896959,HCV,3a,100.0
OM896955,HCV,3a,100.0
OM896961,HCV,3a,100.0
OM896956,HCV,3a,100.0
OM896954,HCV,3a,100.0
OM896966,HCV,3a,100.0
OM896962,HCV,3a,100.0
OM896963,HCV,3a,100.0
OM896965,HCV,3a,100.0
OM896937,HCV,3b,100.0
OM896943,HCV,3b,100.0
OM312169,HCV,1a,100.0
OM312173,HCV,1a,100.0
OM312205,HCV,1b,100.0
OM312211,HCV,1b,100.0
OM312213,HCV,1b,100.0
OM312216,HCV,1b,100.0
OM312217,HCV,1b,100.0
OM312218,HCV,1b,100.0
OM312212,HCV,1b,100.0
OM312223,HCV,1b,100.0
OM312226,HCV,1b,100.0
OM312219,HCV,1b,100.0
OM312224,HCV,1b,100.0
OM312234,HCV,1b,100.0
OM312221,HCV,1b,100.0
OM312235,HCV,1b,100.0
OM312229,HCV,1b,100.0
OM312231,HCV,1b,100.0
OM312233,HCV,1b,100.0
OM312248,HCV,1b,100.0
OM312227,HCV,1b,100.0
OM312245,HCV,1b,100.0
OM312249,HCV,1b,100.0
OM312230,HCV,1b,100.0
OM312254,HCV,3a,100.0
OM312253,HCV,1b,100.0
OM312256,HCV,3a,100.0
AB661422,HCV,2b,100.0
AB661420,HCV,2b,100.0
AB661425,HCV,2b,100.0
AB661426,HCV,2b,100.0
AB661428,HCV,2b,100.0
AB661427,HCV,2b,100.0
AB661424,HCV,2b,100.0
AB661432,HCV,2b,100.0
AB661430,HCV,2b,100.0
AB661431,HCV,2b,100.0
AB661429,HCV,2b,100.0
ON314814,HCV,2q,56.0
ON314812,HCV,2k,94.0
ON314815,HCV,2j,68.0
ON314813,HCV,2k,94.0
ON314816,HCV,2j,99.0
ON314819,HCV,2q,61.0
ON314820,HCV,2j,42.0
ON314817,HCV,2k,58.0
ON314818,HCV,2k,100.0
ON314821,HCV,2j,100.0
ON841568,HCV,1b,100.0
ON841567,HCV,1b,100.0
ON314825,HCV,2j,64.0
ON314824,HCV,2q,99.0
FJ462433,HCV,4m,100.0
FJ462435,HCV,4b,100.0
FJ462440,HCV,4o,100.0
PQ365508,HCV,3a,100.0
PQ365506,HCV,3a,100.0
PQ365514,HCV,3a,100.0
PQ365509,HCV,3a,100.0
PQ365524,HCV,3a,100.0
PQ365521,HCV,3a,100.0
PQ365529,HCV,3a,100.0
PQ365532,HCV,3a,100.0
PQ365535,HCV,3a,100.0
PQ365537,HCV,3a,100.0
PQ365534,HCV,3a,100.0
MZ161145,HCV,6a,100.0
PQ365539,HCV,3g,100.0
MZ161146,HCV,6a,100.0
PQ365538,HCV,3a,100.0
PQ365531,HCV,3a,100.0
PQ365533,HCV,1a,100.0
MZ161149,HCV,6a,100.0
PQ365540,HCV,3a,100.0
MZ161156,HCV,6a,100.0
MZ161150,HCV,6a,100.0
MZ161147,HCV,6a,100.0
MZ161148,HCV,6a,100.0
MZ161153,HCV,6a,100.0
MZ161151,HCV,6a,100.0
MZ161154,HCV,6a,100.0
MZ161155,HCV,6a,100.0
EU246937,HCV,"unassigned_1, 6n-6o-6e-6a-6o",NA
EU246931,HCV,6e,100.0
EU246930,HCV,6a,100.0
EU246932,HCV,6e,100.0
EU246935,HCV,6i,100.0
EU246934,HCV,6o,100.0
EU246936,HCV,6f,100.0
EU246938,HCV,6n,100.0
KM504111,HCV,6e,53.0
KM504109,HCV,6n,100.0
KM504110,HCV,6f,100.0
EU246939,HCV,6t,100.0
KM504115,HCV,6q,100.0
EU246933,HCV,6l,100.0
EU246940,HCV,6u,100.0
KM504116,HCV,6q,100.0
KM504120,HCV,6e,96.0
KM504117,HCV,6e,59.0
KM504121,HCV,6w,93.0
KM504119,HCV,6h,100.0
AB049090,HCV,"unassigned_1, 1b-6k-6b",NA
DQ835770,HCV,6i,100.0
AB049101,HCV,"unassigned_1, 1b-6k-6d-6b",NA
AB049095,HCV,"unassigned_1, 1b-6h-6b",NA
FJ462436,HCV,4c,100.0
FJ462441,HCV,4n,100.0
FJ839870,HCV,4l,100.0
AY859526,HCV,6a,100.0
FJ839869,HCV,4t,100.0
DQ480513,HCV,6a,100.0
FJ462439,HCV,4r,100.0
DQ480523,HCV,6a,100.0
DQ480522,HCV,6a,100.0
JF735134,HCV,4k,100.0
JF735137,HCV,4a,100.0
JF735127,HCV,4k,98.0
JF735132,HCV,4v,73.0
JF735135,HCV,4a,100.0
JF735138,HCV,4k,100.0
DQ480524,HCV,6a,100.0
MZ171127,HCV,6l,100.0
MZ171128,HCV,6l,99.0
MZ171129,HCV,6l,100.0
MZ171130,HCV,6l,100.0
MZ171131,HCV,6l,100.0
MZ171134,HCV,6l,100.0
MZ171132,HCV,6l,100.0
MZ171133,HCV,6l,100.0
OM312118,HCV,1a,100.0
OM312122,HCV,1a,100.0
OM312123,HCV,1a,100.0
OM312102,HCV,1a,100.0
OM312121,HCV,1a,100.0
OM312127,HCV,1a,100.0
OM312117,HCV,1a,100.0
OM312271,HCV,3a,100.0
OM312268,HCV,3a,100.0
OM312272,HCV,3a,100.0
OM312252,HCV,1b,100.0
OM312265,HCV,3a,100.0
OM312260,HCV,3a,100.0
OM312270,HCV,3a,100.0
OM312281,HCV,3a,100.0
OM312283,HCV,3a,100.0
OM312289,HCV,3a,100.0
OM312291,HCV,3a,100.0
OM312293,HCV,3a,100.0
OM312292,HCV,3a,100.0
OM312294,HCV,3a,100.0
OM312267,HCV,3a,100.0
OM312308,HCV,3a,100.0
OM312300,HCV,3a,100.0
OM312288,HCV,3a,100.0
OM312310,HCV,3a,100.0
OM312311,HCV,3a,100.0
OM312312,HCV,3a,100.0
OM312313,HCV,3a,100.0
OM312314,HCV,3a,100.0
OM312315,HCV,3a,100.0
OM312316,HCV,3a,100.0
OM312302,HCV,3a,100.0
OM312306,HCV,3a,100.0
OM312296,HCV,3a,100.0
OM312303,HCV,3a,100.0
OM312324,HCV,3a,100.0
OM312325,HCV,3a,100.0
OM312309,HCV,3a,100.0
OM312326,HCV,3a,100.0
OM312328,HCV,3a,100.0
OM312327,HCV,3a,100.0
OM312332,HCV,3a,100.0
OM312319,HCV,3a,100.0
OM312318,HCV,3a,100.0
OM312339,HCV,3a,100.0
OM312290,HCV,3a,100.0
OM312329,HCV,3a,100.0
OM312344,HCV,3a,100.0
OM312345,HCV,3a,100.0
MK328010,HCV,6w,100.0
MK328017,HCV,6g,100.0
MK328025,HCV,6w,80.0
JF735128,HCV,"unassigned_1, 4v-4m-4p-4t-4a-3g-2b-1a-3h",NA
MK328020,HCV,6w,100.0
MK328022,HCV,6g,99.0
MH590699,HCV,"unassigned_1, 2j-5a",NA
MH590701,HCV,"unassigned_1, 2j-5a",NA
MH590700,HCV,"unassigned_1, 1b-6w",NA
MK328021,HCV,6w,99.0
MH590698,HCV,"unassigned_1, 2j-5a",NA
MK328019,HCV,6g,100.0
MK328024,HCV,6g,90.0
MK328018,HCV,6w,100.0
JF735133,HCV,4v,100.0
MK328023,HCV,6w,87.0
MK328026,HCV,6w,99.0
DQ418786,HCV,4d,100.0
DQ418784,HCV,4a,100.0
DQ418787,HCV,4a,100.0
DQ418782,HCV,4a,100.0
DQ418789,HCV,4a,100.0
KM252779,HCV,6e,100.0
DQ418788,HCV,4a,100.0
KM252782,HCV,6h,100.0
DQ418783,HCV,4a,100.0
KM252788,HCV,"unassigned_1, 6u-2b",NA
KM252780,HCV,6e,100.0
KM252783,HCV,6h,100.0
KM252784,HCV,6h,100.0
KM252781,HCV,6e,100.0
KM252785,HCV,6p,100.0
KM252786,HCV,6r,100.0
KM252791,HCV,6a,100.0
KM252789,HCV,6a,100.0
KM252790,HCV,6a,100.0
KM252787,HCV,6s,100.0
KM252793,HCV,6d,79.0
KM252794,HCV,6w,86.0
KM252798,HCV,6e,46.0
KM252795,HCV,6j,100.0
KM252792,HCV,6n,100.0
KM252797,HCV,6e,61.0
KM252799,HCV,6a,100.0
KM252796,HCV,6e,80.0
KM252800,HCV,6e,90.0
GQ356201,HCV,3a,100.0
GQ356205,HCV,3a,100.0
GQ356202,HCV,3a,100.0
GQ356204,HCV,3a,100.0
GQ356206,HCV,3a,100.0
GQ356200,HCV,3a,100.0
GQ356209,HCV,3a,100.0
GQ356207,HCV,3a,100.0
GQ356212,HCV,3a,100.0
GQ356208,HCV,3a,100.0
GQ356203,HCV,3a,100.0
GQ356211,HCV,3a,100.0
GQ356210,HCV,3a,100.0
GQ356215,HCV,3a,100.0
GQ356217,HCV,3a,100.0
GQ356214,HCV,3a,100.0
GQ356213,HCV,3a,100.0
EF589160,HCV,4f,100.0
EF589161,HCV,4f,100.0
EF108306,HCV,7a,100.0
ON228285,HCV,5a,100.0
OM312065,HCV,1a,100.0
GQ356216,HCV,3a,100.0
ON228287,HCV,5a,100.0
OM312066,HCV,1a,100.0
OM312068,HCV,1a,100.0
OM312069,HCV,1a,100.0
OM312071,HCV,1a,100.0
OM312070,HCV,1a,100.0
OM312072,HCV,1a,100.0
OM312074,HCV,1a,100.0
OM312075,HCV,1a,100.0
OM312073,HCV,1a,100.0
JF735113,HCV,2j,100.0
OM312076,HCV,1a,100.0
OM312079,HCV,1a,100.0
OM312077,HCV,1a,100.0
OM312084,HCV,1a,100.0
OM312083,HCV,1a,100.0
OM312082,HCV,1a,100.0
OM312085,HCV,1a,100.0
OM312086,HCV,1a,100.0
OM312089,HCV,1a,100.0
OM312088,HCV,1a,100.0
OM312087,HCV,1a,100.0
OM312090,HCV,1a,100.0
JF735110,HCV,2j,53.0
OM312094,HCV,1a,100.0
OM312093,HCV,1a,100.0
OM312092,HCV,1a,100.0
ON228286,HCV,5a,100.0
OM312095,HCV,1a,100.0
OM312096,HCV,1a,100.0
OM312097,HCV,1a,100.0
OM312099,HCV,1a,100.0
OM312100,HCV,1a,100.0
OM312098,HCV,1a,100.0
JF735111,HCV,2m,100.0
OM312101,HCV,1a,100.0
ON228288,HCV,5a,100.0
OM312103,HCV,1a,100.0
OM312104,HCV,1a,100.0
OM312105,HCV,1a,100.0
OM312106,HCV,1a,100.0
OM312107,HCV,1a,100.0
OM312108,HCV,1a,100.0
OM312109,HCV,1a,100.0
OM312110,HCV,1a,100.0
OM312113,HCV,1a,100.0
OM312114,HCV,1a,100.0
OM312115,HCV,1a,100.0
OM312116,HCV,1a,100.0
OM312119,HCV,1a,100.0
OM312120,HCV,1a,100.0
JF735112,HCV,2a,82.0
OM312112,HCV,1a,100.0
OM312130,HCV,1a,100.0
OM312128,HCV,1a,100.0
OM312132,HCV,1a,100.0
OM312131,HCV,1a,100.0
OM312133,HCV,1a,100.0
OM312134,HCV,1a,100.0
OM312135,HCV,1a,100.0
OM312139,HCV,1a,100.0
OM312126,HCV,1a,100.0
OM312141,HCV,1a,100.0
OM312143,HCV,1a,100.0
OM312144,HCV,1a,100.0
OM312142,HCV,1a,100.0
OM312145,HCV,1a,100.0
OM312147,HCV,1a,100.0
OM312146,HCV,1a,100.0
OM312148,HCV,1a,100.0
OM312152,HCV,1a,100.0
OM312151,HCV,1a,100.0
OM312129,HCV,1a,100.0
OM312155,HCV,1a,100.0
OM312150,HCV,1a,100.0
OM312158,HCV,1a,100.0
OM312140,HCV,1a,100.0
OM312154,HCV,1a,100.0
OM312159,HCV,1a,100.0
OM312157,HCV,1a,100.0
OM312138,HCV,1a,100.0
OM312160,HCV,1a,100.0
JF735120,HCV,2e,100.0
OM312162,HCV,1a,100.0
OM312156,HCV,1a,100.0
OM312161,HCV,1a,100.0
JF735117,HCV,2j,100.0
KY704902,HCV,3a,100.0
OM312352,HCV,3a,100.0
OM312343,HCV,3a,100.0
OM312354,HCV,3a,100.0
OM312342,HCV,3a,100.0
OM312341,HCV,3a,100.0
OM312340,HCV,3a,100.0
OM312331,HCV,3a,100.0
OM312358,HCV,3a,100.0
OM312357,HCV,3a,100.0
OM312350,HCV,3a,100.0
OM312362,HCV,3a,100.0
OM312353,HCV,3a,100.0
OM312320,HCV,3a,100.0
OK001630,HCV,4a,100.0
OM312360,HCV,3a,100.0
OK001631,HCV,4d,100.0
OM312347,HCV,3a,100.0
OM312322,HCV,3a,100.0
OK001641,HCV,4a,100.0
OM811418,HCV,1a,100.0
OM811417,HCV,3a,100.0
OM811413,HCV,3a,100.0
OM811421,HCV,1b,100.0
OM811419,HCV,1b,100.0
OM811420,HCV,3a,100.0
DQ278894,HCV,6n,100.0
DQ278893,HCV,6l,100.0
DQ278892,HCV,6w,100.0
DQ278891,HCV,6l,100.0
AB661373,HCV,2b,100.0
AB661374,HCV,2b,100.0
AB661379,HCV,2b,100.0
AB661376,HCV,2b,100.0
AB661380,HCV,2b,100.0
AB661375,HCV,2b,100.0
AB661382,HCV,2b,100.0
AB661389,HCV,2b,100.0
AB661377,HCV,2b,100.0
AB661383,HCV,2b,100.0
AB661378,HCV,2b,100.0
AB661384,HCV,2b,100.0
AB661381,HCV,2b,100.0
AB661385,HCV,2b,100.0
AB661388,HCV,2b,100.0
AB661387,HCV,2b,100.0
AB661390,HCV,2b,100.0
AB661386,HCV,2b,100.0
AB661391,HCV,2b,100.0
AB661394,HCV,2b,100.0
AB661395,HCV,2b,100.0
AB661392,HCV,2b,100.0
AB661400,HCV,2b,100.0
AB661393,HCV,2b,100.0
AB661401,HCV,2b,100.0
AB661396,HCV,2b,100.0
AB661398,HCV,2b,100.0
AB661397,HCV,2b,100.0
AB661402,HCV,2b,100.0
AB661404,HCV,2b,100.0
AB661399,HCV,2b,100.0
AB661406,HCV,2b,100.0
AB661405,HCV,2b,100.0
AB661403,HCV,2b,100.0
AB661407,HCV,2b,100.0
AB661410,HCV,2b,100.0
AB661411,HCV,2b,100.0
AB661412,HCV,2b,100.0
AB661408,HCV,2b,100.0
AB661409,HCV,2b,100.0
AB661413,HCV,2b,100.0
AB661416,HCV,2b,100.0
AB661415,HCV,2b,100.0
AB661414,HCV,2b,100.0
AB661417,HCV,2b,100.0
ON314826,HCV,2j,100.0
ON314822,HCV,2k,100.0
AY956463,HCV,1a,100.0
AY956464,HCV,1a,100.0
ON314828,HCV,2q,61.0
AY956466,HCV,1a,100.0
AY956469,HCV,1a,100.0
ON314823,HCV,2j,73.0
ON314827,HCV,2q,69.0
AY956465,HCV,1a,100.0
AY956467,HCV,3a,100.0
AY956468,HCV,1a,100.0
KJ470625,HCV,6w,88.0
MK327983,HCV,6g,100.0
MK327982,HCV,6g,100.0
MK327981,HCV,6w,99.0
MK327994,HCV,6w,99.0
MK327984,HCV,6g,100.0
MK327987,HCV,6w,100.0
MK327988,HCV,6g,100.0
MK327985,HCV,6w,100.0
MK327989,HCV,6w,100.0
MK327992,HCV,6g,100.0
MK327995,HCV,6w,100.0
MK327990,HCV,6w,96.0
MK327986,HCV,6a,100.0
MK327991,HCV,6w,75.0
MK327996,HCV,6w,100.0
MK327993,HCV,1b,100.0
MK327998,HCV,6w,99.0
MK327999,HCV,6w,100.0
MK327997,HCV,6g,100.0
MK328004,HCV,6a,96.0
MK328001,HCV,6w,89.0
MK328007,HCV,6w,100.0
MK328011,HCV,6a,67.0
MK328003,HCV,6w,100.0
MK328006,HCV,6w,100.0
MK328016,HCV,"unassigned_1, 6g-3b",NA
MK328012,HCV,1b,88.0
MK328008,HCV,6w,99.0
MK328009,HCV,6w,100.0
MK328005,HCV,6g,97.0
MK328000,HCV,6g,100.0
MK328002,HCV,6w,100.0
MK328013,HCV,6g,100.0
MK328015,HCV,6g,92.0
MK328014,HCV,6w,100.0
AB709313,HCV,1b,100.0
AB709269,HCV,1b,100.0
AB709361,HCV,1b,100.0
AB047643,HCV,2a,100.0
AB047642,HCV,2a,100.0
AB047644,HCV,2a,100.0
AB047645,HCV,2a,100.0
AB709340,HCV,1b,100.0
AB709386,HCV,1b,100.0
AB709387,HCV,1b,100.0
AB709388,HCV,1b,100.0
AB709312,HCV,1b,100.0
AB709306,HCV,1b,100.0
AB709310,HCV,1b,100.0
KY460588,HCV,4d,100.0
AB709410,HCV,1b,100.0
AB709435,HCV,1b,100.0
AB709463,HCV,1b,100.0
KJ437279,HCV,1a,100.0
KJ437311,HCV,3a,100.0
KX621546,HCV,2b,100.0
KJ437271,HCV,1a,100.0
KJ437327,HCV,3a,100.0
KJ437307,HCV,3a,100.0
KJ437313,HCV,3a,100.0
KJ437318,HCV,3a,100.0
KJ437295,HCV,1b,100.0
MT893899,HCV,4r,100.0
MT893900,HCV,4c,96.0
MT893901,HCV,4c,78.0
KX621545,HCV,2b,100.0
KJ437296,HCV,1a,100.0
KJ437300,HCV,1a,100.0
KX621547,HCV,2b,100.0
KX621548,HCV,2b,100.0
KJ437342,HCV,3a,100.0
KX621549,HCV,2b,100.0
KX621553,HCV,2b,100.0
KX621554,HCV,2b,100.0
KX621551,HCV,2b,100.0
KJ437314,HCV,3a,100.0
KX621555,HCV,2b,100.0
KX621556,HCV,2b,100.0
KX621552,HCV,2b,100.0
KX621550,HCV,2b,100.0
AB709511,HCV,1b,100.0
FN666429,HCV,2q,100.0
FN666428,HCV,2q,100.0
MH714573,HCV,6a,100.0
KY460583,HCV,4d,100.0
MN650770,HCV,1a,100.0
KY460580,HCV,4d,100.0
MN650813,HCV,1a,100.0
MN650788,HCV,3a,100.0
MN650785,HCV,3a,100.0
MN650787,HCV,3a,100.0
MN650784,HCV,3a,100.0
D50409,HCV,2c,100.0
EU408328,HCV,6r,100.0
EU158186,HCV,6v,100.0
EF632070,HCV,6t,100.0
EF632069,HCV,6t,100.0
EF632071,HCV,6t,100.0
EU408329,HCV,6s,100.0
MG747314,HCV,1b,100.0
LC368439,HCV,2b,100.0
EU980107,HCV,1b,100.0
LC368443,HCV,1b,100.0
LC368440,HCV,1b,100.0
LC368441,HCV,1b,100.0
LC368446,HCV,1b,100.0
MN628580,HCV,1a,100.0
MN628577,HCV,3a,100.0
MN628575,HCV,3a,100.0
MN628582,HCV,3a,100.0
MN628576,HCV,3a,100.0
MN628579,HCV,3a,100.0
MN628574,HCV,3a,100.0
MN628581,HCV,3a,100.0
MN628595,HCV,3a,100.0
MN628594,HCV,3a,100.0
MN628597,HCV,3a,100.0
MN628592,HCV,1a,100.0
LC368355,HCV,3a,100.0
LC368365,HCV,3a,100.0
LC368361,HCV,3a,100.0
LC368364,HCV,3a,100.0
LC368371,HCV,2a,100.0
LC368376,HCV,1b,100.0
LC368370,HCV,3a,100.0
LC368369,HCV,3a,100.0
LC368373,HCV,2a,100.0
LC368367,HCV,2b,100.0
LC368377,HCV,1b,100.0
LC368372,HCV,3a,100.0
LC368375,HCV,1b,100.0
LC368379,HCV,1b,100.0
LC368368,HCV,3a,100.0
LC368378,HCV,2a,100.0
LC368380,HCV,1b,100.0
LC368382,HCV,3a,100.0
LC368381,HCV,1b,100.0
LC368392,HCV,2a,100.0
LC368386,HCV,1b,100.0
LC368385,HCV,1b,100.0
LC368390,HCV,1b,100.0
LC368389,HCV,2a,100.0
LC368384,HCV,1b,100.0
LC368383,HCV,1b,100.0
MG747373,HCV,1b,100.0
MG747386,HCV,1a,100.0
MG747395,HCV,1b,100.0
MG747394,HCV,1b,100.0
MG747393,HCV,1b,100.0
MG747397,HCV,1a,100.0
MG747420,HCV,1b,100.0
OR497849,HCV,4k,100.0
OR497850,HCV,4k,100.0
MG747353,HCV,1a,100.0
MG747384,HCV,1b,100.0
MG747382,HCV,1a,100.0
MG747405,HCV,1b,100.0
MG747400,HCV,1a,100.0
MG747402,HCV,1b,100.0
MG747401,HCV,1b,100.0
MG747404,HCV,1b,100.0
ON841569,HCV,1b,100.0
MH733022,HCV,1b,100.0
ON841580,HCV,3a,100.0
MH733018,HCV,1b,100.0
ON841573,HCV,1b,100.0
MH733017,HCV,1b,100.0
MH733020,HCV,1b,100.0
MH733021,HCV,1b,100.0
MH733016,HCV,1b,100.0
AB709302,HCV,1b,100.0
MH733023,HCV,1b,100.0
MH733019,HCV,1b,100.0
AB709304,HCV,1b,100.0
AB709303,HCV,1b,100.0
AB709299,HCV,1b,100.0
AB709291,HCV,1b,100.0
MH733037,HCV,1b,100.0
MH733034,HCV,1b,100.0
ON841570,HCV,1b,100.0
MH733042,HCV,1b,100.0
ON841574,HCV,1b,100.0
ON841579,HCV,3a,100.0
ON841578,HCV,3a,100.0
MH733024,HCV,1b,100.0
ON841572,HCV,1b,100.0
MH733039,HCV,1b,100.0
MH733036,HCV,1b,100.0
MH733046,HCV,1b,100.0
MH733047,HCV,1b,100.0
MH733045,HCV,1b,100.0
MH733044,HCV,1b,100.0
ON841577,HCV,1b,100.0
MH733061,HCV,1a,100.0
MH733051,HCV,1a,100.0
MH733062,HCV,1a,100.0
MH733050,HCV,1a,100.0
MH733069,HCV,1a,100.0
MK215014,HCV,1b,100.0
AB709242,HCV,1b,100.0
AB709241,HCV,1b,100.0
AB709243,HCV,1b,100.0
MH733049,HCV,1b,100.0
MH733065,HCV,1a,100.0
MK215007,HCV,1b,100.0
MK215008,HCV,1b,100.0
MK215009,HCV,1b,100.0
AB709251,HCV,1b,100.0
AB709252,HCV,1b,100.0
MH733068,HCV,1a,100.0
MH733066,HCV,1a,100.0
MH733067,HCV,1a,100.0
MK215011,HCV,1b,100.0
MK215012,HCV,1b,100.0
MK139018,HCV,6n,100.0
MK139019,HCV,6n,100.0
AY878651,HCV,6l,100.0
JN714194,HCV,3a,100.0
AB709254,HCV,1b,100.0
JQ717257,HCV,3a,100.0
AB709255,HCV,1b,100.0
AB709256,HCV,1b,100.0
JQ717256,HCV,3a,100.0
AB709257,HCV,1b,100.0
MK139017,HCV,6n,100.0
AB709268,HCV,1b,100.0
AB709267,HCV,1b,100.0
AB693846,HCV,1b,100.0
MK139020,HCV,6n,100.0
AB709253,HCV,1b,100.0
AB709272,HCV,1b,100.0
AB709287,HCV,1b,100.0
AB709317,HCV,1b,100.0
AB709316,HCV,1b,100.0
AB709314,HCV,1b,100.0
AB709318,HCV,1b,100.0
AB709321,HCV,1b,100.0
AB709323,HCV,1b,100.0
AB709339,HCV,1b,100.0
AB709336,HCV,1b,100.0
AB709338,HCV,1b,100.0
AB709343,HCV,1b,100.0
AB709342,HCV,1b,100.0
AB709335,HCV,1b,100.0
AB709344,HCV,1b,100.0
AB709353,HCV,1b,100.0
AB709352,HCV,1b,100.0
JQ717259,HCV,3a,100.0
AB047640,HCV,2a,100.0
AB709356,HCV,1b,100.0
AB709349,HCV,1b,100.0
AB709368,HCV,1b,100.0
AB709363,HCV,1b,100.0
AB709373,HCV,1b,100.0
AB709374,HCV,1b,100.0
AB047641,HCV,2a,100.0
AB709377,HCV,1b,100.0
AB709369,HCV,1b,100.0
AB709370,HCV,1b,100.0
MH733026,HCV,1b,100.0
AB709271,HCV,1b,100.0
AB709286,HCV,1b,100.0
HQ738645,HCV,3a,100.0
AB709258,HCV,1b,100.0
AB709288,HCV,1b,100.0
AB709289,HCV,1b,100.0
AB709282,HCV,1b,100.0
MK139016,HCV,6n,100.0
AB709315,HCV,1b,100.0
AB709325,HCV,1b,100.0
AB709331,HCV,1b,100.0
AB709324,HCV,1b,100.0
AB709333,HCV,1b,100.0
AB709330,HCV,1b,100.0
AB709334,HCV,1b,100.0
AB709341,HCV,1b,100.0
AB709347,HCV,1b,100.0
AB709348,HCV,1b,100.0
AB709337,HCV,1b,100.0
AB709350,HCV,1b,100.0
AB709351,HCV,1b,100.0
AB709346,HCV,1b,100.0
AB709354,HCV,1b,100.0
AB709381,HCV,1b,100.0
AB709378,HCV,1b,100.0
AB709379,HCV,1b,100.0
MK139022,HCV,6n,100.0
AY878652,HCV,6n,100.0
AB709260,HCV,1b,100.0
MH733060,HCV,1a,100.0
MH733055,HCV,1a,100.0
AB709382,HCV,1b,100.0
MK215006,HCV,1b,100.0
MH733072,HCV,1a,100.0
MH733070,HCV,1a,100.0
MH733071,HCV,1a,100.0
MH733059,HCV,1a,100.0
AB693841,HCV,1b,100.0
AB693838,HCV,1b,100.0
AB693840,HCV,1b,100.0
AB693835,HCV,1b,100.0
AB693836,HCV,1b,100.0
AB709245,HCV,1b,100.0
MH733032,HCV,1b,100.0
MH733031,HCV,1b,100.0
MH733030,HCV,1b,100.0
MH733053,HCV,1a,100.0
MH733054,HCV,1a,100.0
MH733057,HCV,1a,100.0
MH733056,HCV,1a,100.0
MH733058,HCV,1a,100.0
MH733075,HCV,1a,100.0
MH733073,HCV,1a,100.0
JQ717260,HCV,3a,100.0
MH733076,HCV,1a,100.0
AB693837,HCV,1b,100.0
AB709246,HCV,1b,100.0
AB709248,HCV,1b,100.0
AB709259,HCV,1b,100.0
AB693839,HCV,1b,100.0
AB709261,HCV,1b,100.0
AB709262,HCV,1b,100.0
AB709263,HCV,1b,100.0
AB709264,HCV,1b,100.0
AB709278,HCV,1b,100.0
AB709281,HCV,1b,100.0
AB709280,HCV,1b,100.0
AB709292,HCV,1b,100.0
AB709293,HCV,1b,100.0
AB709300,HCV,1b,100.0
AB709244,HCV,1b,100.0
AB709266,HCV,1b,100.0
ON841582,HCV,3a,100.0
AB709265,HCV,1b,100.0
AB709298,HCV,1b,100.0
AB709305,HCV,1b,100.0
ON841584,HCV,1b,100.0
MH733012,HCV,1b,100.0
MH733013,HCV,1b,100.0
AB709275,HCV,1b,100.0
MH733015,HCV,1b,100.0
MH733014,HCV,1b,100.0
AB709276,HCV,1b,100.0
AB709277,HCV,1b,100.0
AB709249,HCV,1b,100.0
AB709397,HCV,1b,100.0
AB709399,HCV,1b,100.0
AB709400,HCV,1b,100.0
AB709402,HCV,1b,100.0
AB709398,HCV,1b,100.0
AB709394,HCV,1b,100.0
AB709408,HCV,1b,100.0
AB709413,HCV,1b,100.0
AB709403,HCV,1b,100.0
AB709407,HCV,1b,100.0
AB709406,HCV,1b,100.0
AB709409,HCV,1b,100.0
AB709416,HCV,1b,100.0
AB709390,HCV,1b,100.0
AB709301,HCV,1b,100.0
AB709411,HCV,1b,100.0
AB709417,HCV,1b,100.0
AB709415,HCV,1b,100.0
AB709412,HCV,1b,100.0
AB709418,HCV,1b,100.0
AB709420,HCV,1b,100.0
AB709424,HCV,1b,100.0
AB709425,HCV,1b,100.0
AB709414,HCV,1b,100.0
AB709423,HCV,1b,100.0
AB709404,HCV,1b,100.0
AB709405,HCV,1b,100.0
AB709401,HCV,1b,100.0
AB709427,HCV,1b,100.0
AB709436,HCV,1b,100.0
AB709438,HCV,1b,100.0
AB709437,HCV,1b,100.0
AB709426,HCV,1b,100.0
AB709430,HCV,1b,100.0
AB709440,HCV,1b,100.0
AB709431,HCV,1b,100.0
AB709419,HCV,1b,100.0
AB709422,HCV,1b,100.0
AB709429,HCV,1b,100.0
AB709421,HCV,1b,100.0
AB709433,HCV,1b,100.0
AB709432,HCV,1b,100.0
AB709434,HCV,1b,100.0
AB709444,HCV,1b,100.0
AB709442,HCV,1b,100.0
AB709445,HCV,1b,100.0
AB709439,HCV,1b,100.0
AB709428,HCV,1b,100.0
AB709457,HCV,1b,100.0
AB709465,HCV,1b,100.0
AB709468,HCV,1b,100.0
AB709458,HCV,1b,100.0
AB709474,HCV,1b,100.0
AB709448,HCV,1b,100.0
AB709443,HCV,1b,100.0
AB709447,HCV,1b,100.0
AB709451,HCV,1b,100.0
AB709452,HCV,1b,100.0
AB709453,HCV,1b,100.0
AB709456,HCV,1b,100.0
AB709483,HCV,1b,100.0
AB709478,HCV,1b,100.0
AB709467,HCV,1b,100.0
AB709488,HCV,1b,100.0
AB709492,HCV,1b,100.0
AB709499,HCV,1b,100.0
AB709482,HCV,1b,100.0
AB709464,HCV,1b,100.0
AB709466,HCV,1b,100.0
AB709469,HCV,1b,100.0
AB709470,HCV,1b,100.0
AB709471,HCV,1b,100.0
AB709446,HCV,1b,100.0
AB709473,HCV,1b,100.0
AB709495,HCV,1b,100.0
AB709500,HCV,1b,100.0
AB709502,HCV,1b,100.0
AB709491,HCV,1b,100.0
AB709479,HCV,1b,100.0
AB709503,HCV,1b,100.0
AB709497,HCV,1b,100.0
AB709498,HCV,1b,100.0
AB709509,HCV,1b,100.0
AB709515,HCV,1b,100.0
AB709513,HCV,1b,100.0
AB709485,HCV,1b,100.0
AB709508,HCV,1b,100.0
AB709517,HCV,1b,100.0
AB709519,HCV,1b,100.0
AB709522,HCV,1b,100.0
AB709521,HCV,1b,100.0
KY460558,HCV,4d,100.0
KY460557,HCV,4d,100.0
KY460561,HCV,4d,100.0
KY460560,HCV,4d,100.0
KY460562,HCV,4d,100.0
KY460564,HCV,4d,100.0
KY460563,HCV,4d,100.0
AB709518,HCV,1b,100.0
AB709520,HCV,1b,100.0
AB709528,HCV,1b,100.0
AB709525,HCV,1b,100.0
AB709523,HCV,1b,100.0
AB709529,HCV,1b,100.0
AB709533,HCV,1b,100.0
AB709531,HCV,1b,100.0
AB709534,HCV,1b,100.0
MT893902,HCV,4k,100.0
MT893903,HCV,4r,100.0
MT893905,HCV,4r,100.0
MT893904,HCV,4c,91.0
MT893906,HCV,4r,100.0
KY460571,HCV,4d,100.0
KY460570,HCV,4d,100.0
KY460572,HCV,4d,100.0
KY460573,HCV,4d,100.0
AB709486,HCV,1b,100.0
AB709487,HCV,1b,100.0
AB709462,HCV,1b,100.0
AB709477,HCV,1a,100.0
AB709489,HCV,1b,100.0
AB709490,HCV,1b,100.0
KY460606,HCV,4d,100.0
KY460611,HCV,4d,100.0
KY460612,HCV,4d,100.0
KY460614,HCV,4d,100.0
KY460615,HCV,4d,100.0
KY460613,HCV,4d,100.0
KY460617,HCV,4d,100.0
KY460618,HCV,4d,100.0
KY460616,HCV,4d,100.0
KY460605,HCV,4d,100.0
KY460607,HCV,4d,100.0
KY460609,HCV,4d,100.0
KY460620,HCV,4d,100.0
KY460621,HCV,4d,100.0
KY460619,HCV,4d,100.0
KY460608,HCV,4d,100.0
MH714561,HCV,6t,100.0
MH714563,HCV,6o,100.0
MH714564,HCV,6o,100.0
MH714569,HCV,6o,100.0
KY460593,HCV,4d,100.0
MH714568,HCV,6a,100.0
MH714562,HCV,6e,100.0
KY460610,HCV,4d,100.0
MH714572,HCV,6a,100.0
MH714565,HCV,6a,100.0
MH714574,HCV,6e,100.0
MH714575,HCV,6e,100.0
MH714576,HCV,6q,100.0
MH714577,HCV,6q,100.0
MN650796,HCV,3a,100.0
MH714571,HCV,6e,100.0
MH714579,HCV,6o,100.0
MH714584,HCV,6q,100.0
MH714581,HCV,6h,100.0
MH714582,HCV,6q,100.0
MH714583,HCV,6p,100.0
MN650773,HCV,1a,100.0
MN650774,HCV,1a,100.0
MN650772,HCV,1a,100.0
MN650808,HCV,1a,100.0
MN650809,HCV,1a,100.0
MN650810,HCV,1a,100.0
MH714585,HCV,6a,100.0
MH714594,HCV,6f,100.0
MH714593,HCV,6a,100.0
MH714589,HCV,6e,100.0
MH714596,HCV,4k,27.0
MN650758,HCV,1a,100.0
MN650761,HCV,1a,100.0
MN650760,HCV,1a,100.0
MH714595,HCV,6p,100.0
MN650786,HCV,3a,100.0
MN650782,HCV,3a,100.0
MN650780,HCV,3a,100.0
MN650783,HCV,3a,100.0
MN650771,HCV,1a,100.0
MN650789,HCV,3a,100.0
MN650791,HCV,3a,100.0
MN650797,HCV,3a,100.0
LC368309,HCV,1b,100.0
MF182660,HCV,1b,100.0
MF182663,HCV,1a,100.0
MF182664,HCV,1b,100.0
MF182665,HCV,1b,100.0
MF182662,HCV,1b,100.0
MF182661,HCV,1b,100.0
MF182679,HCV,1b,100.0
MF182680,HCV,1a,100.0
MF182677,HCV,1a,100.0
MF182669,HCV,1a,100.0
MF182671,HCV,1b,100.0
MF182672,HCV,1a,100.0
MF182673,HCV,1b,100.0
MF182666,HCV,1b,100.0
MF182674,HCV,1b,100.0
MF182675,HCV,1a,100.0
MF182668,HCV,1b,100.0
MF182670,HCV,1b,100.0
MF182681,HCV,1b,100.0
MF182684,HCV,1a,100.0
MF182676,HCV,1b,100.0
MF182686,HCV,1a,100.0
MF182687,HCV,1b,100.0
MF182689,HCV,1a,100.0
MF182683,HCV,1b,100.0
MF182682,HCV,1a,100.0
LC368318,HCV,1b,100.0
LC368310,HCV,1b,100.0
LC368319,HCV,1b,100.0
KX172138,HCV,2j,66.0
LC368314,HCV,1b,100.0
MF182688,HCV,1a,100.0
EU980109,HCV,1b,100.0
MF182685,HCV,1a,100.0
D63821,HCV,3k,100.0
LC368322,HCV,1b,100.0
D63822,HCV,6g,100.0
LC368330,HCV,1b,100.0
LC368325,HCV,1b,100.0
LC368336,HCV,1b,100.0
LC368335,HCV,1b,100.0
LC368333,HCV,1b,100.0
LC368337,HCV,1b,100.0
LC368340,HCV,1b,100.0
LC368339,HCV,1b,100.0
LC368323,HCV,1b,100.0
LC368334,HCV,1b,100.0
LC368341,HCV,1b,100.0
LC368352,HCV,"unassigned_1, 3a-1a",NA
LC368342,HCV,1b,100.0
LC368338,HCV,1b,100.0
LC368346,HCV,1b,100.0
LC368396,HCV,1b,100.0
LC368398,HCV,1b,100.0
LC368400,HCV,1b,100.0
LC368401,HCV,1b,100.0
LC368399,HCV,1b,100.0
LC368397,HCV,2b,100.0
LC368407,HCV,1b,100.0
LC368405,HCV,1b,100.0
LC368409,HCV,6n,100.0
LC368403,HCV,1b,100.0
LC368411,HCV,2b,100.0
LC368410,HCV,1b,100.0
LC368406,HCV,1b,100.0
LC368448,HCV,1b,100.0
KC197233,HCV,"unassigned_1, 2j-6k",NA
KC197226,HCV,2b,100.0
LC368449,HCV,2a,100.0
KC197230,HCV,"unassigned_1, 2i-2k",NA
KC197232,HCV,2j,100.0
KC197231,HCV,"unassigned_1, 2i-2k-2b-3h",NA
LC368343,HCV,1b,100.0
LC368345,HCV,1b,100.0
LC368349,HCV,1b,100.0
LC368353,HCV,3a,100.0
LC368348,HCV,1b,100.0
LC368357,HCV,4a,100.0
LC368350,HCV,1b,100.0
LC368359,HCV,1b,100.0
LC368344,HCV,1b,100.0
LC368356,HCV,4a,100.0
LC368358,HCV,3a,100.0
LC368354,HCV,2a,100.0
LC368362,HCV,2a,100.0
LC368360,HCV,3a,100.0
LC368363,HCV,2b,100.0
LC368366,HCV,"unassigned_1, 1a-2b",NA
LC368408,HCV,1b,100.0
LC368414,HCV,4a,100.0
LC368402,HCV,1b,100.0
LC368413,HCV,1b,100.0
LC368416,HCV,2a,100.0
LC368415,HCV,2a,100.0
EU980110,HCV,1b,100.0
EU980111,HCV,1b,100.0
KC197229,HCV,"unassigned_1, 2i-2k-2c-3h",NA
LC368444,HCV,2c,100.0
LC368311,HCV,1a,100.0
KC197228,HCV,2c,100.0
KC197236,HCV,2j,98.0
LC368317,HCV,1a,100.0
LC368316,HCV,1a,100.0
LC368324,HCV,1a,100.0
LC368320,HCV,1a,100.0
AM055837,HCV,1b,100.0
AM055842,HCV,1a,100.0
AM055841,HCV,1a,100.0
AM055840,HCV,1b,100.0
AM055839,HCV,1b,100.0
AM055849,HCV,1b,100.0
AM055851,HCV,1a,100.0
AM055846,HCV,1b,100.0
AM055855,HCV,1a,100.0
AM055856,HCV,1b,100.0
LC368404,HCV,1a,100.0
LC368351,HCV,"unassigned_1, 1a-3a",NA
AM055836,HCV,1b,100.0
AM055838,HCV,1b,100.0
LC368331,HCV,1a,100.0
AM055844,HCV,1a,100.0
KC197239,HCV,2b,90.0
LC368327,HCV,1a,100.0
LC368329,HCV,1a,100.0
AM055847,HCV,1b,100.0
AM055848,HCV,1b,100.0
LC368332,HCV,1a,100.0
LC368347,HCV,1a,100.0
AM055859,HCV,1b,100.0
AM055850,HCV,1b,100.0
AM055843,HCV,1b,100.0
LC368374,HCV,1a,100.0
AM055854,HCV,1a,100.0
AM055858,HCV,1b,100.0
LC368412,HCV,1a,100.0
LC368391,HCV,1a,100.0
AM055860,HCV,1b,100.0
EU980108,HCV,1b,100.0
MN628583,HCV,3a,100.0
MG747299,HCV,1b,100.0
MN628588,HCV,3a,100.0
MN628586,HCV,3a,100.0
LC368445,HCV,1b,100.0
LC368447,HCV,1b,100.0
LC368442,HCV,2c,100.0
MG747300,HCV,1b,100.0
MG747387,HCV,1b,100.0
MG747302,HCV,1a,100.0
MG747303,HCV,1b,100.0
MN628584,HCV,3a,100.0
MG747304,HCV,1b,100.0
MG747306,HCV,1a,100.0
MG747301,HCV,1b,100.0
MN628585,HCV,3a,100.0
MN628587,HCV,3a,100.0
MG747305,HCV,1b,100.0
MN628589,HCV,3a,100.0
MG747309,HCV,1b,100.0
MG747313,HCV,1b,100.0
MG747308,HCV,1a,100.0
MG747310,HCV,1a,100.0
MG747312,HCV,1a,100.0
MG747317,HCV,1b,100.0
MG747319,HCV,1b,100.0
MG747311,HCV,1b,100.0
MN628578,HCV,3a,100.0
MG747325,HCV,1b,100.0
MG747321,HCV,1b,100.0
MG747327,HCV,1a,100.0
MG747320,HCV,1b,100.0
MG747329,HCV,1b,100.0
MG747318,HCV,1b,100.0
MG747330,HCV,1a,100.0
MG747363,HCV,1a,100.0
MG747355,HCV,1b,100.0
MG747365,HCV,1b,100.0
MN628591,HCV,3a,100.0
MG747374,HCV,1b,100.0
MG747375,HCV,1b,100.0
MG747377,HCV,1a,100.0
AB709311,HCV,1b,100.0
MG747372,HCV,1a,100.0
AB709309,HCV,1b,100.0
MG747388,HCV,1b,100.0
MG747392,HCV,1a,100.0
MG747391,HCV,1b,100.0
MG747390,HCV,1a,100.0
MG747407,HCV,1b,100.0
MG747416,HCV,1b,100.0
MG747403,HCV,1b,100.0
LC368388,HCV,2a,100.0
LC368387,HCV,1b,100.0
LC368393,HCV,2a,100.0
LC368394,HCV,1b,100.0
LC368395,HCV,1b,100.0
LC368417,HCV,1b,100.0
LC368420,HCV,3b,100.0
LC368418,HCV,1b,100.0
LC368422,HCV,1b,100.0
LC368419,HCV,1b,100.0
MG747336,HCV,1b,100.0
MG747334,HCV,1b,100.0
MG747340,HCV,1a,100.0
MG747341,HCV,1b,100.0
MG747346,HCV,1a,100.0
MG747352,HCV,1a,100.0
MG747357,HCV,1b,100.0
MG747358,HCV,1b,100.0
MG747356,HCV,1a,100.0
MG747354,HCV,1a,100.0
MG747348,HCV,1a,100.0
MG747360,HCV,1a,100.0
MG747359,HCV,1a,100.0
MG747361,HCV,1a,100.0
MG747364,HCV,1b,100.0
MG747380,HCV,1a,100.0
MG747371,HCV,1a,100.0
AB709307,HCV,1b,100.0
MG747383,HCV,1a,100.0
MG747381,HCV,1b,100.0
MG747379,HCV,1b,100.0
MG747411,HCV,1b,100.0
MG747410,HCV,1b,100.0
MG747412,HCV,1b,100.0
MG747413,HCV,1b,100.0
AB709270,HCV,1b,100.0
AB709273,HCV,1b,100.0
AB709284,HCV,1b,100.0
AB709274,HCV,1b,100.0
AB709283,HCV,1b,100.0
AB709285,HCV,1b,100.0
AB709320,HCV,1b,100.0
AB709326,HCV,1b,100.0
AB709327,HCV,1b,100.0
AB709322,HCV,1b,100.0
AB709329,HCV,1b,100.0
AB709319,HCV,1b,100.0
AB709328,HCV,1b,100.0
AB709332,HCV,1b,100.0
AB709355,HCV,1b,100.0
AB709357,HCV,1b,100.0
AB709358,HCV,1b,100.0
AB709365,HCV,1b,100.0
AB709366,HCV,1b,100.0
AB709359,HCV,1b,100.0
AB709364,HCV,1b,100.0
AB709362,HCV,1b,100.0
AB709345,HCV,1b,100.0
AB709360,HCV,1b,100.0
AB709371,HCV,1b,100.0
AB709367,HCV,1b,100.0
AB709380,HCV,1b,100.0
AB709376,HCV,1b,100.0
AB709372,HCV,1b,100.0
MH733025,HCV,1b,100.0
AB709383,HCV,1b,100.0
AB709384,HCV,1b,100.0
LC368424,HCV,1b,100.0
LC368426,HCV,2a,100.0
LC368425,HCV,1b,100.0
LC368421,HCV,6w,99.0
LC368427,HCV,1b,100.0
LC368429,HCV,1b,100.0
LC368423,HCV,6n,100.0
LC368428,HCV,1b,100.0
LC368431,HCV,2a,100.0
LC368430,HCV,2b,100.0
LC368435,HCV,6n,100.0
LC368438,HCV,2b,100.0
LC368434,HCV,1b,100.0
LC368432,HCV,2a,100.0
LC368437,HCV,1b,100.0
LC368433,HCV,1b,100.0
LC368436,HCV,1b,100.0
AB709532,HCV,1b,100.0
AB709493,HCV,1b,100.0
AB709527,HCV,1b,100.0
AB709524,HCV,1b,100.0
MH733038,HCV,1b,100.0
ON841571,HCV,1b,100.0
MH733043,HCV,1b,100.0
MH733040,HCV,1b,100.0
MH733041,HCV,1b,100.0
ON841575,HCV,1b,100.0
ON841576,HCV,3a,100.0
MH733035,HCV,1b,100.0
MH733064,HCV,1a,100.0
MK215010,HCV,1b,100.0
MK215015,HCV,1b,100.0
MK215016,HCV,1b,100.0
MK215017,HCV,1b,100.0
MH733063,HCV,1a,100.0
MK215013,HCV,1b,100.0
MH733048,HCV,1b,100.0
JQ717254,HCV,3a,100.0
AB693842,HCV,1b,100.0
AB693843,HCV,1b,100.0
MK139021,HCV,6n,100.0
MK139015,HCV,6n,100.0
AB693844,HCV,1b,100.0
AB693845,HCV,1b,100.0
JQ717255,HCV,3a,100.0
MH714570,HCV,6e,44.0
MH714586,HCV,6e,100.0
MH714587,HCV,6l,88.0
MH714592,HCV,6e,100.0
MH714580,HCV,6e,100.0
MH714591,HCV,6e,100.0
MH714588,HCV,6a,100.0
MH714590,HCV,6r,100.0
MN650763,HCV,1a,100.0
MH714578,HCV,6e,91.0
MN650764,HCV,1a,100.0
MN650777,HCV,3a,100.0
MN650759,HCV,1a,100.0
MN650762,HCV,1a,100.0
MN650765,HCV,1a,100.0
MN650766,HCV,1a,100.0
MN650767,HCV,1a,100.0
MN650769,HCV,1a,100.0
MN650768,HCV,1a,100.0
MN650776,HCV,3a,100.0
MN650775,HCV,3a,100.0
MN650779,HCV,3a,100.0
MN650778,HCV,3a,100.0
MN650781,HCV,3a,100.0
MN650792,HCV,3a,100.0
MN650790,HCV,3a,100.0
MN650794,HCV,3a,100.0
MN650795,HCV,3a,100.0
MN650800,HCV,4d,100.0
MN650802,HCV,4d,100.0
MN650807,HCV,"unassigned_1, 1a-4d",NA
MN650801,HCV,4d,100.0
MN650798,HCV,3a,100.0
MN650799,HCV,4d,100.0
MN650803,HCV,4d,100.0
MN650804,HCV,4d,100.0
MN650806,HCV,4d,100.0
MN650805,HCV,4d,100.0
MN650812,HCV,1a,100.0
MN650811,HCV,1a,100.0
MN650817,HCV,4d,100.0
MN650814,HCV,3a,100.0
MN650815,HCV,4d,100.0
MN650793,HCV,3a,100.0
MN650818,HCV,4d,100.0
MN650819,HCV,3a,100.0
MN650816,HCV,4d,100.0
MF182667,HCV,1b,100.0
MF182678,HCV,1a,100.0
KC197227,HCV,2c,100.0
LC368313,HCV,1a,100.0
KC197234,HCV,2k,100.0
KC197235,HCV,2b,97.0
LC368312,HCV,1a,100.0
KC197238,HCV,2b,100.0
LC368315,HCV,1a,100.0
LC368326,HCV,1a,100.0
LC368321,HCV,1a,100.0
KC197240,HCV,2b,99.0
KC197237,HCV,2j,83.0
AM055845,HCV,1b,100.0
AM055853,HCV,1b,100.0
AM055852,HCV,1b,100.0
AM055857,HCV,1b,100.0
LC368328,HCV,1a,100.0
AM055861,HCV,1b,100.0
MG747322,HCV,1b,100.0
MG747324,HCV,1a,100.0
MG747316,HCV,1a,100.0
MG747323,HCV,1b,100.0
MG747307,HCV,1b,100.0
MG747331,HCV,1b,100.0
MG747335,HCV,1a,100.0
MG747315,HCV,1b,100.0
MG747326,HCV,1b,100.0
MG747333,HCV,1a,100.0
MG747339,HCV,1a,100.0
MG747343,HCV,1b,100.0
MG747337,HCV,1b,100.0
MG747342,HCV,1b,100.0
MG747344,HCV,1b,100.0
MG747328,HCV,1a,100.0
MG747345,HCV,1b,100.0
MG747350,HCV,1b,100.0
MG747338,HCV,1a,100.0
MG747332,HCV,1b,100.0
MN628590,HCV,3a,100.0
MG747347,HCV,1b,100.0
MG747349,HCV,1b,100.0
MG747351,HCV,1b,100.0
MG747369,HCV,1b,100.0
MN628593,HCV,3a,100.0
MG747370,HCV,1b,100.0
MN628596,HCV,3a,100.0
MG747362,HCV,1b,100.0
MG747366,HCV,1b,100.0
MG747376,HCV,1b,100.0
MG747378,HCV,1a,100.0
MG747368,HCV,1a,100.0
MG747367,HCV,1b,100.0
MG747414,HCV,1b,100.0
MG747418,HCV,1b,100.0
MG747409,HCV,1b,100.0
MG747419,HCV,1b,100.0
MG747415,HCV,1b,100.0
MG747406,HCV,1b,100.0
MG747408,HCV,1b,100.0
MG747417,HCV,1b,100.0
MH733028,HCV,1b,100.0
MH733027,HCV,1b,100.0
JQ717258,HCV,3a,100.0
AB709385,HCV,1b,100.0
AB709375,HCV,1b,100.0
MH733033,HCV,1b,100.0
MH733052,HCV,1a,100.0
MH733074,HCV,1a,100.0
MH733029,HCV,1b,100.0
MH733077,HCV,1a,100.0
AB693834,HCV,1b,100.0
AB709250,HCV,1b,100.0
AB709294,HCV,1b,100.0
AB709279,HCV,1b,100.0
AB709247,HCV,1b,100.0
AB709295,HCV,1b,100.0
AB709297,HCV,1b,100.0
AB709296,HCV,1b,100.0
AB709290,HCV,1b,100.0
AB709389,HCV,1b,100.0
AB709391,HCV,1b,100.0
AB709393,HCV,1b,100.0
AB709392,HCV,1b,100.0
AB709395,HCV,1b,100.0
ON841581,HCV,3a,100.0
ON841583,HCV,3a,100.0
AB709396,HCV,1b,100.0
AB709455,HCV,1b,100.0
AB709459,HCV,1b,100.0
AB709450,HCV,1b,100.0
AB709460,HCV,1b,100.0
AB709449,HCV,1b,100.0
AB709441,HCV,1b,100.0
AB709461,HCV,1b,100.0
AB709476,HCV,1b,100.0
AB709454,HCV,1b,100.0
AB709475,HCV,1b,100.0
AB709472,HCV,1b,100.0
AB709481,HCV,1b,100.0
AB709484,HCV,1b,100.0
AB709480,HCV,1b,100.0
AB709496,HCV,1b,100.0
AB709501,HCV,1b,100.0
AB709504,HCV,1b,100.0
AB709505,HCV,1b,100.0
AB709494,HCV,1b,100.0
AB709506,HCV,1b,100.0
AB709512,HCV,1b,100.0
AB709507,HCV,1b,100.0
AB709516,HCV,1b,100.0
AB709510,HCV,1b,100.0
AB709526,HCV,1b,100.0
AB709514,HCV,1b,100.0
AB709530,HCV,1b,100.0
KY460555,HCV,4d,100.0
KY460556,HCV,4d,100.0
KY460565,HCV,4d,100.0
KY460567,HCV,4d,100.0
KY460566,HCV,4d,100.0
KY460559,HCV,4d,100.0
KY460569,HCV,4d,100.0
KY460574,HCV,4d,100.0
KY460575,HCV,4d,100.0
KY460576,HCV,4d,100.0
KY460577,HCV,4a,100.0
KY460568,HCV,4d,100.0
KY460578,HCV,4d,100.0
KY460579,HCV,4d,100.0
KY460581,HCV,4d,100.0
KY460582,HCV,4d,100.0
KY460584,HCV,4d,100.0
KY460585,HCV,4d,100.0
KY460586,HCV,4a,100.0
KY460587,HCV,4d,100.0
KY460589,HCV,4d,100.0
KY460590,HCV,4d,100.0
KY460591,HCV,4d,100.0
KY460592,HCV,4d,100.0
KY460595,HCV,4d,100.0
KY460594,HCV,4d,100.0
KY460597,HCV,4d,100.0
KY460596,HCV,4d,100.0
KY460599,HCV,4d,100.0
KY460600,HCV,4d,100.0
KY460598,HCV,4d,100.0
KY460601,HCV,4d,100.0
KY460602,HCV,4d,100.0
KY460603,HCV,4d,100.0
KY460604,HCV,4d,100.0
MH714567,HCV,6e,100.0
MH714566,HCV,6a,100.0
AB709308,HCV,1b,100.0
MG747389,HCV,1b,100.0
MG747385,HCV,1b,100.0
MG747398,HCV,1a,100.0
MG747399,HCV,1a,100.0
MG747396,HCV,1a,100.0
OR498071,HCV,1b,100.0
OR497951,HCV,1a,100.0
OR498017,HCV,1b,100.0
OR498007,HCV,1b,100.0
OR498015,HCV,1b,100.0
OR498020,HCV,1b,100.0
OR498018,HCV,1b,100.0
OR498016,HCV,1b,100.0
OR498019,HCV,1b,100.0
OR498023,HCV,1b,100.0
OR498021,HCV,1b,100.0
OR498022,HCV,1b,100.0
OR498024,HCV,1b,100.0
OR498029,HCV,1b,100.0
OR498032,HCV,1b,100.0
OR498031,HCV,1b,100.0
OR498027,HCV,1b,100.0
OR498026,HCV,1b,100.0
OR498025,HCV,1b,100.0
OR498033,HCV,1b,100.0
OR498035,HCV,1b,100.0
OR498028,HCV,1b,100.0
OR498030,HCV,1b,100.0
OR498038,HCV,1b,100.0
OR498034,HCV,1b,100.0
OR498036,HCV,1b,100.0
OR498037,HCV,1b,100.0
OR498041,HCV,1b,100.0
OR498042,HCV,1b,100.0
OR498046,HCV,1b,100.0
OR498045,HCV,1b,100.0
KC123435,HCV,1b,100.0
KC123442,HCV,1b,100.0
OR498040,HCV,1b,100.0
OR498047,HCV,1b,100.0
OR498049,HCV,1b,100.0
OR498044,HCV,1b,100.0
KC123513,HCV,1b,100.0
OR498039,HCV,1b,100.0
OR498043,HCV,1b,100.0
OR498052,HCV,1b,100.0
OR498050,HCV,1b,100.0
OR498048,HCV,1b,100.0
OR498051,HCV,1b,100.0
OR498053,HCV,1b,100.0
OR498058,HCV,1b,100.0
OR498055,HCV,1b,100.0
OR498062,HCV,1b,100.0
OR498057,HCV,1b,100.0
OR498059,HCV,1b,100.0
OR498056,HCV,1b,100.0
OR498063,HCV,1b,100.0
OR498061,HCV,1b,100.0
KC123522,HCV,1b,100.0
KC123481,HCV,1b,100.0
KC123529,HCV,1b,100.0
KC123530,HCV,1b,100.0
KC123531,HCV,1b,100.0
KC123527,HCV,1b,100.0
KC123518,HCV,1b,100.0
KC123548,HCV,1b,100.0
KC123542,HCV,1b,100.0
KC123544,HCV,1b,100.0
KC123538,HCV,1b,100.0
KC123547,HCV,1b,100.0
KC123550,HCV,1b,100.0
KC123549,HCV,1b,100.0
KC123739,HCV,1b,100.0
KC123622,HCV,1b,100.0
KC123875,HCV,1b,100.0
KC123828,HCV,1b,100.0
KC123829,HCV,1b,100.0
KC123826,HCV,1b,100.0
KC123804,HCV,1b,100.0
KC123819,HCV,1b,100.0
KC123824,HCV,1b,100.0
KC124137,HCV,1b,100.0
KC124099,HCV,1b,100.0
KC124138,HCV,1b,100.0
OR497856,HCV,4d,100.0
OR497855,HCV,4d,100.0
KC123512,HCV,1b,100.0
OR497903,HCV,1a,100.0
OR497907,HCV,1a,100.0
OR497905,HCV,1a,100.0
OR497908,HCV,1a,100.0
OR497909,HCV,1a,100.0
OR497911,HCV,1a,100.0
OR497899,HCV,1a,100.0
OR497912,HCV,1a,100.0
OR497906,HCV,1a,100.0
OR497915,HCV,1a,100.0
OR497914,HCV,1a,100.0
KC123458,HCV,1b,100.0
OR497949,HCV,1a,100.0
OR497952,HCV,1a,100.0
KC123467,HCV,1b,100.0
KC123454,HCV,1b,100.0
OR497957,HCV,2c,100.0
KC123469,HCV,1b,100.0
KC123459,HCV,1b,100.0
KC123498,HCV,1g,100.0
KC123480,HCV,1b,100.0
KC123496,HCV,1b,100.0
KC123472,HCV,1b,100.0
KC123468,HCV,1b,100.0
KC123525,HCV,1b,100.0
KC123540,HCV,1b,100.0
KC123541,HCV,1b,100.0
KC123520,HCV,1b,100.0
KC123526,HCV,1b,100.0
KC123510,HCV,1b,100.0
KC123521,HCV,1b,100.0
KC123545,HCV,1b,100.0
KC123483,HCV,1b,100.0
KC123546,HCV,1b,100.0
KC123446,HCV,1b,100.0
KC123453,HCV,1b,100.0
KC123445,HCV,1b,100.0
OR497948,HCV,1a,100.0
KC123455,HCV,1b,100.0
KC123456,HCV,1b,100.0
OR497940,HCV,1a,100.0
KC123457,HCV,1b,100.0
KC123470,HCV,1b,100.0
OR497954,HCV,1a,100.0
OR497956,HCV,4c,100.0
KC123473,HCV,1b,100.0
OR497958,HCV,2c,100.0
KC123471,HCV,1b,100.0
OR497953,HCV,1a,100.0
KC123493,HCV,1b,100.0
KC123485,HCV,1b,100.0
OR497962,HCV,3a,100.0
KC123511,HCV,1b,100.0
KC123524,HCV,1b,100.0
KC123523,HCV,1b,100.0
KC123436,HCV,1b,100.0
KC123437,HCV,1b,100.0
KC123439,HCV,1b,100.0
KC123440,HCV,1b,100.0
KC123448,HCV,1b,100.0
KC123447,HCV,1b,100.0
KC123450,HCV,1b,100.0
KC123461,HCV,1b,100.0
OR498054,HCV,1b,100.0
KC123463,HCV,1b,100.0
KC123452,HCV,1b,100.0
KC123475,HCV,1b,100.0
KC123438,HCV,1b,100.0
KC123462,HCV,1b,100.0
KC123486,HCV,1b,100.0
OR498066,HCV,1b,100.0
OR498065,HCV,1b,100.0
KC123474,HCV,1b,100.0
OR498060,HCV,1b,100.0
KC123464,HCV,1b,100.0
KC123477,HCV,1b,100.0
KC123489,HCV,1b,100.0
KC123491,HCV,1b,100.0
KC123500,HCV,1b,100.0
OR498067,HCV,1b,100.0
KC123479,HCV,1b,100.0
KC123478,HCV,1b,100.0
OR498064,HCV,1b,100.0
KC123466,HCV,1b,100.0
KC123476,HCV,1b,100.0
KC123502,HCV,1b,100.0
KC123487,HCV,1b,100.0
KC123504,HCV,1b,100.0
KC123499,HCV,1b,100.0
KC123501,HCV,1b,100.0
KC123505,HCV,1b,100.0
KC123488,HCV,1b,100.0
KC123517,HCV,1b,100.0
KC123532,HCV,1b,100.0
KC123555,HCV,1b,100.0
KC123503,HCV,1b,100.0
KC123535,HCV,1b,100.0
KC123556,HCV,1b,100.0
KC123539,HCV,1b,100.0
KC123536,HCV,1b,100.0
KC123553,HCV,1b,100.0
KC123534,HCV,1b,100.0
KC123533,HCV,1b,100.0
KC123567,HCV,1b,100.0
KC123537,HCV,1b,100.0
KC123559,HCV,1b,100.0
KC123564,HCV,1b,100.0
KC123552,HCV,1b,100.0
KC123554,HCV,1b,100.0
KC123557,HCV,1b,100.0
KC123570,HCV,1b,100.0
KC123565,HCV,1b,100.0
KC123561,HCV,1b,100.0
KC123569,HCV,1b,100.0
KC123571,HCV,1b,100.0
KC123599,HCV,1b,100.0
KC123592,HCV,1b,100.0
KC123589,HCV,1b,100.0
KC123604,HCV,1b,100.0
KC123605,HCV,1b,100.0
KC123609,HCV,1b,100.0
KC123610,HCV,1b,100.0
KC123607,HCV,1b,100.0
KC123628,HCV,1b,100.0
KC123645,HCV,1b,100.0
KC123654,HCV,1b,100.0
KC123653,HCV,1b,100.0
KC123642,HCV,1b,100.0
KC123666,HCV,1b,100.0
KC123665,HCV,1b,100.0
KC123668,HCV,1b,100.0
KC123664,HCV,1b,100.0
KC123670,HCV,1b,100.0
KC123674,HCV,1b,100.0
KC123676,HCV,1b,100.0
KC123669,HCV,1b,100.0
KC123677,HCV,1b,100.0
KC123683,HCV,1b,100.0
KC123671,HCV,1b,100.0
KC123680,HCV,1b,100.0
KC123684,HCV,1b,100.0
KC123672,HCV,1b,100.0
KC123685,HCV,1b,100.0
KC123673,HCV,1b,100.0
KC123697,HCV,1b,100.0
KC123686,HCV,1b,100.0
KC123698,HCV,1b,100.0
KC123692,HCV,1b,100.0
KC123702,HCV,1b,100.0
KC123709,HCV,1b,100.0
KC123711,HCV,1b,100.0
KC123705,HCV,1b,100.0
KC123690,HCV,1b,100.0
KC123724,HCV,1b,100.0
KC123721,HCV,1b,100.0
KC123717,HCV,1b,100.0
KC123581,HCV,1b,100.0
KC123580,HCV,1b,100.0
KC123582,HCV,1b,100.0
KC123578,HCV,1b,100.0
KC123577,HCV,1b,100.0
KC123590,HCV,1b,100.0
KC123579,HCV,1b,100.0
KC123576,HCV,1b,100.0
KC123586,HCV,1b,100.0
KC123594,HCV,1b,100.0
KC123596,HCV,1b,100.0
KC123588,HCV,1b,100.0
KC123593,HCV,1b,100.0
KC123584,HCV,1b,100.0
KC123597,HCV,1b,100.0
KC123585,HCV,1b,100.0
KC123600,HCV,1b,100.0
KC123603,HCV,1b,100.0
KC123611,HCV,1b,100.0
KC123618,HCV,1b,100.0
KC123616,HCV,1b,100.0
KC123627,HCV,1b,100.0
KC123630,HCV,1b,100.0
KC123619,HCV,1b,100.0
KC123621,HCV,1b,100.0
KC123614,HCV,1b,100.0
KC123625,HCV,1b,100.0
KC123632,HCV,1b,100.0
KC123629,HCV,1b,100.0
KC123626,HCV,1b,100.0
KC123646,HCV,1b,100.0
KC123647,HCV,1b,100.0
KC123648,HCV,1b,100.0
KC123658,HCV,1b,100.0
KC123656,HCV,1b,100.0
KC123661,HCV,1b,100.0
KC123643,HCV,1b,100.0
KC123651,HCV,1b,100.0
KC123659,HCV,1b,100.0
KC123652,HCV,1b,100.0
KC123663,HCV,1b,100.0
KC123662,HCV,1b,100.0
KC123660,HCV,1b,100.0
KC123667,HCV,1b,100.0
KC123688,HCV,1b,100.0
KC123681,HCV,1b,100.0
KC123679,HCV,1b,100.0
KC123689,HCV,1b,100.0
KC123691,HCV,1b,100.0
KC123700,HCV,1b,100.0
KC123703,HCV,1b,100.0
KC123713,HCV,1b,100.0
KC123712,HCV,1b,100.0
KC123706,HCV,1b,100.0
KC123716,HCV,1b,100.0
KC123715,HCV,1b,100.0
KC123722,HCV,1b,100.0
KC123728,HCV,1b,100.0
KC123730,HCV,1b,100.0
KC123737,HCV,1b,100.0
KC123738,HCV,1b,100.0
KC123746,HCV,1b,100.0
KC123750,HCV,1b,100.0
KC123762,HCV,1b,100.0
KC123754,HCV,1b,100.0
KC123787,HCV,1b,100.0
KC123761,HCV,1b,100.0
KC123760,HCV,1b,100.0
KC123758,HCV,1b,100.0
KC123759,HCV,1b,100.0
KC123735,HCV,1b,100.0
KC123752,HCV,1b,100.0
KC123749,HCV,1b,100.0
KC123755,HCV,1b,100.0
KC123743,HCV,1b,100.0
KC123574,HCV,1b,100.0
KC123840,HCV,1b,100.0
KC123839,HCV,1b,100.0
KC123849,HCV,1b,100.0
KC123857,HCV,1b,100.0
KC123847,HCV,1b,100.0
KC123788,HCV,1b,100.0
KC123789,HCV,1b,100.0
KC123838,HCV,1b,100.0
KC123808,HCV,1b,100.0
KC123865,HCV,1b,100.0
KC123862,HCV,1b,100.0
KC123856,HCV,1b,100.0
KC123867,HCV,1b,100.0
KC123855,HCV,1b,100.0
KC123859,HCV,1b,100.0
KC123868,HCV,1b,100.0
KC123876,HCV,1b,100.0
KC123863,HCV,1b,100.0
KC123914,HCV,1b,100.0
KC123883,HCV,1b,100.0
KC123872,HCV,1b,100.0
KC123874,HCV,1b,100.0
KC123877,HCV,1b,100.0
KC123886,HCV,1b,100.0
KC123899,HCV,1b,100.0
KC123908,HCV,1b,100.0
KC123925,HCV,1b,100.0
KC123905,HCV,1b,100.0
KC123882,HCV,1b,100.0
KC123913,HCV,1b,100.0
KC123895,HCV,1b,100.0
KC123909,HCV,1b,100.0
KC123918,HCV,1b,100.0
KC123926,HCV,1b,100.0
KC123950,HCV,1b,100.0
KC123927,HCV,1b,100.0
KC123931,HCV,1b,100.0
KC123928,HCV,1b,100.0
KC123922,HCV,1b,100.0
KC123937,HCV,1b,100.0
KC123948,HCV,1b,100.0
KC123949,HCV,1b,100.0
KC123945,HCV,1b,100.0
KC123940,HCV,1b,100.0
KC123939,HCV,1b,100.0
KC123947,HCV,1b,100.0
KC123963,HCV,1b,100.0
KC123956,HCV,1b,100.0
KC123959,HCV,1b,100.0
KC123965,HCV,1b,100.0
KC123991,HCV,1b,100.0
KC123973,HCV,1b,100.0
KC123974,HCV,1b,100.0
KC123975,HCV,1b,100.0
KC123972,HCV,1b,100.0
KC123976,HCV,1b,100.0
KC123967,HCV,1b,100.0
KC123961,HCV,1b,100.0
KC123986,HCV,1b,100.0
KC123979,HCV,1b,100.0
KC123983,HCV,1b,100.0
KC123987,HCV,1b,100.0
KC123990,HCV,1b,100.0
KC123988,HCV,1b,100.0
KC123996,HCV,1b,100.0
KC123995,HCV,1b,100.0
KC123992,HCV,1b,100.0
KC123998,HCV,1b,100.0
KC123997,HCV,1b,100.0
KC124009,HCV,1b,100.0
KC124003,HCV,1b,100.0
KC124004,HCV,1b,100.0
KC123985,HCV,1b,100.0
KC124002,HCV,1b,100.0
KC124008,HCV,1b,100.0
KC124006,HCV,1b,100.0
KC123962,HCV,1b,100.0
KC123978,HCV,1b,100.0
KC123980,HCV,1b,100.0
KC123982,HCV,1b,100.0
KC123981,HCV,1b,100.0
KC123966,HCV,1b,100.0
KC123977,HCV,1b,100.0
KC123984,HCV,1b,100.0
KC124013,HCV,1b,100.0
KC124007,HCV,1b,100.0
KC124010,HCV,1b,100.0
KC124015,HCV,1b,100.0
KC124021,HCV,1b,100.0
KC124017,HCV,1b,100.0
KC124019,HCV,1b,100.0
KC124020,HCV,1b,100.0
KC124014,HCV,1b,100.0
KC124022,HCV,1b,100.0
KC124011,HCV,1b,100.0
KC124023,HCV,1b,100.0
KC124026,HCV,1b,100.0
KC124025,HCV,1b,100.0
KC124012,HCV,1b,100.0
KC124001,HCV,1b,100.0
KC124005,HCV,1b,100.0
KC124028,HCV,1b,100.0
KC124018,HCV,1b,100.0
KC124027,HCV,1b,100.0
KC124024,HCV,1b,100.0
KC124032,HCV,1b,100.0
KC124016,HCV,1b,100.0
KC124036,HCV,1b,100.0
KC124033,HCV,1b,100.0
KC124030,HCV,1b,100.0
KC123994,HCV,1b,100.0
KC124037,HCV,1b,100.0
KC124031,HCV,1b,100.0
KC124039,HCV,1b,100.0
KC124040,HCV,1b,100.0
KC124034,HCV,1b,100.0
KC124041,HCV,1b,100.0
KC124029,HCV,1b,100.0
KC124044,HCV,1b,100.0
KC123970,HCV,1b,100.0
KC124038,HCV,1b,100.0
KC124048,HCV,1b,100.0
KC123993,HCV,1b,100.0
KC124043,HCV,1b,100.0
KC123989,HCV,1b,100.0
KC123999,HCV,1b,100.0
KC124000,HCV,1b,100.0
KC124074,HCV,1b,100.0
KC124046,HCV,1b,100.0
KC124047,HCV,1b,100.0
KC124049,HCV,1b,100.0
KC124042,HCV,1b,100.0
KC124053,HCV,1b,100.0
KC124045,HCV,1b,100.0
KC124055,HCV,1b,100.0
KC124052,HCV,1b,100.0
KC124063,HCV,1b,100.0
KC124060,HCV,1b,100.0
KC124061,HCV,1b,100.0
KC124071,HCV,1b,100.0
KC124070,HCV,1b,100.0
KC124072,HCV,1b,100.0
KC124064,HCV,1b,100.0
KC124077,HCV,1b,100.0
KC124073,HCV,1b,100.0
KC124083,HCV,1b,100.0
KC124084,HCV,1b,100.0
KC124080,HCV,1b,100.0
KC124051,HCV,1b,100.0
KC124054,HCV,1b,100.0
KC124057,HCV,1b,100.0
KC124056,HCV,1b,100.0
KC124050,HCV,1b,100.0
KC124059,HCV,1b,100.0
KC124076,HCV,1b,100.0
KC124069,HCV,1b,100.0
KC124081,HCV,1b,100.0
KC124085,HCV,1b,100.0
KC124067,HCV,1b,100.0
KC124068,HCV,1b,100.0
KC124086,HCV,1b,100.0
KC124075,HCV,1b,100.0
KC124078,HCV,1b,100.0
KC124090,HCV,1b,100.0
KC124066,HCV,1b,100.0
KC124087,HCV,1b,100.0
KC124065,HCV,1b,100.0
KC124058,HCV,1b,100.0
KC124092,HCV,1b,100.0
KC124089,HCV,1b,100.0
KC124079,HCV,1b,100.0
KC124082,HCV,1b,100.0
KC124093,HCV,1b,100.0
KC124095,HCV,1b,100.0
KC124096,HCV,1b,100.0
KC124094,HCV,1b,100.0
KC124112,HCV,1b,100.0
KC124115,HCV,1b,100.0
KC124114,HCV,1b,100.0
KC124105,HCV,1b,100.0
KC124100,HCV,1b,100.0
KC124104,HCV,1b,100.0
KC124088,HCV,1b,100.0
KC124108,HCV,1b,100.0
KC124113,HCV,1b,100.0
KC124106,HCV,1b,100.0
KC124119,HCV,1b,100.0
KC124107,HCV,1b,100.0
KC124109,HCV,1b,100.0
KC124111,HCV,1b,100.0
KC124091,HCV,1b,100.0
KC124098,HCV,1b,100.0
KC124101,HCV,1b,100.0
KC124102,HCV,1b,100.0
KC124103,HCV,1b,100.0
KC124097,HCV,1b,100.0
KC124129,HCV,1b,100.0
KC124110,HCV,1b,100.0
KC124120,HCV,1b,100.0
KC124116,HCV,1b,100.0
KC124124,HCV,1b,100.0
KC124125,HCV,1b,100.0
KC124118,HCV,1b,100.0
KC124127,HCV,1b,100.0
KC124132,HCV,1b,100.0
KC124128,HCV,1b,100.0
KC124131,HCV,1b,100.0
KC124136,HCV,1b,100.0
KC124123,HCV,1b,100.0
KC124126,HCV,1b,100.0
KC124134,HCV,1b,100.0
KC124121,HCV,1b,100.0
KC123764,HCV,1b,100.0
KC124117,HCV,1b,100.0
KC124133,HCV,1b,100.0
KC123780,HCV,1b,100.0
KC123551,HCV,1b,100.0
KC124135,HCV,1b,100.0
KC123768,HCV,1b,100.0
KC123763,HCV,1b,100.0
KC123770,HCV,1b,100.0
KC123772,HCV,1b,100.0
KC123771,HCV,1b,100.0
KC123769,HCV,1b,100.0
KC123765,HCV,1b,100.0
KC123767,HCV,1b,100.0
KC123774,HCV,1b,100.0
KC123766,HCV,1b,100.0
KC123778,HCV,1b,100.0
KC123777,HCV,1b,100.0
KC123792,HCV,1b,100.0
KC123795,HCV,1b,100.0
KC123782,HCV,1b,100.0
KC123798,HCV,1b,100.0
KC123799,HCV,1b,100.0
KC123797,HCV,1b,100.0
KC123781,HCV,1b,100.0
KC123791,HCV,1b,100.0
KC123776,HCV,1b,100.0
KC123793,HCV,1b,100.0
KC123814,HCV,1b,100.0
KC123816,HCV,1b,100.0
KC123820,HCV,1b,100.0
KC123815,HCV,1b,100.0
KC123818,HCV,1b,100.0
KC123802,HCV,1b,100.0
KC123817,HCV,1b,100.0
KC123803,HCV,1b,100.0
KC123796,HCV,1b,100.0
KC123822,HCV,1b,100.0
KC123794,HCV,1b,100.0
KC123812,HCV,1b,100.0
KC123801,HCV,1b,100.0
KC123813,HCV,1b,100.0
KC123821,HCV,1b,100.0
KC123823,HCV,1b,100.0
KC123800,HCV,1b,100.0
KC123825,HCV,1b,100.0
KC123830,HCV,1b,100.0
KC123833,HCV,1b,100.0
OR497853,HCV,4d,100.0
OR497865,HCV,4d,100.0
KC123811,HCV,1b,100.0
KC123785,HCV,1b,100.0
KC123810,HCV,1b,100.0
OR497986,HCV,3a,100.0
OR497987,HCV,3a,100.0
KC123807,HCV,1b,100.0
OR497990,HCV,1b,100.0
OR497988,HCV,4q,100.0
OR497975,HCV,3a,100.0
OR497852,HCV,4k,100.0
OR497859,HCV,4d,100.0
OR497862,HCV,4d,100.0
OR497854,HCV,4d,100.0
OR497858,HCV,4d,100.0
OR498068,HCV,1b,100.0
OR497989,HCV,1b,100.0
OR497992,HCV,1b,100.0
OR498001,HCV,1b,100.0
OR498000,HCV,1b,100.0
OR497991,HCV,1b,100.0
OR497999,HCV,1b,100.0
OR497994,HCV,1b,100.0
OR497995,HCV,1b,100.0
OR497993,HCV,1b,100.0
OR497998,HCV,1b,100.0
OR497996,HCV,1b,100.0
OR498005,HCV,1b,100.0
OR498002,HCV,1b,100.0
OR497997,HCV,1b,100.0
OR498004,HCV,1b,100.0
OR498003,HCV,1b,100.0
OR498010,HCV,1b,100.0
OR498006,HCV,1b,100.0
OR498011,HCV,1b,100.0
OR498008,HCV,1b,100.0
OR498009,HCV,1b,100.0
OR498014,HCV,1b,100.0
OR498013,HCV,1b,100.0
OR498012,HCV,1b,100.0
KC123460,HCV,1b,100.0
KC123451,HCV,1b,100.0
KC123449,HCV,1b,100.0
KC123465,HCV,1b,100.0
KC123490,HCV,1b,100.0
KC123519,HCV,1b,100.0
KC123515,HCV,1b,100.0
KC123516,HCV,1b,100.0
KC123514,HCV,1b,100.0
KC123528,HCV,1b,100.0
KC123568,HCV,1b,100.0
KC123560,HCV,1b,100.0
KC123558,HCV,1b,100.0
KC123562,HCV,1b,100.0
KC123563,HCV,1b,100.0
KC123572,HCV,1b,100.0
KC123566,HCV,1b,100.0
KC123575,HCV,1b,100.0
KC123587,HCV,1b,100.0
KC123573,HCV,1b,100.0
KC123583,HCV,1b,100.0
KC123601,HCV,1b,100.0
KC123591,HCV,1b,100.0
KC123595,HCV,1b,100.0
KC123598,HCV,1b,100.0
KC123602,HCV,1b,100.0
KC123608,HCV,1b,100.0
KC123613,HCV,1b,100.0
KC123615,HCV,1b,100.0
KC123612,HCV,1b,100.0
KC123606,HCV,1b,100.0
KC123623,HCV,1b,100.0
KC123617,HCV,1b,100.0
KC123633,HCV,1b,100.0
KC123620,HCV,1b,100.0
KC123631,HCV,1b,100.0
KC123624,HCV,1b,100.0
KC123636,HCV,1b,100.0
KC123635,HCV,1b,100.0
KC123634,HCV,1b,100.0
KC123638,HCV,1b,100.0
KC123639,HCV,1b,100.0
KC123640,HCV,1b,100.0
KC123644,HCV,1b,100.0
KC123641,HCV,1b,100.0
OR497863,HCV,4d,100.0
OR497851,HCV,4k,100.0
OR497860,HCV,4d,100.0
OR497857,HCV,4d,100.0
OR497861,HCV,4d,100.0
OR497864,HCV,4d,100.0
OR497866,HCV,4d,100.0
OR497876,HCV,"unassigned_1, 1b-2k",NA
OR497871,HCV,4r,100.0
OR497868,HCV,4d,100.0
OR497870,HCV,4r,100.0
OR497867,HCV,4d,100.0
OR497877,HCV,1a,100.0
OR497873,HCV,4v,100.0
OR497883,HCV,1a,100.0
OR497875,HCV,4a,100.0
OR497872,HCV,1c,100.0
OR497879,HCV,1a,100.0
OR497874,HCV,4a,100.0
OR497869,HCV,4d,100.0
OR497880,HCV,1a,100.0
OR497882,HCV,1a,100.0
OR497878,HCV,1a,100.0
OR497881,HCV,1a,100.0
OR497885,HCV,1a,100.0
OR497887,HCV,1a,100.0
OR497895,HCV,1a,100.0
OR497890,HCV,1a,100.0
OR497888,HCV,1a,100.0
OR497889,HCV,1a,100.0
OR497884,HCV,1a,100.0
OR497891,HCV,1a,100.0
OR497892,HCV,1a,100.0
OR497886,HCV,1a,100.0
OR497897,HCV,1a,100.0
OR497893,HCV,1a,100.0
OR497894,HCV,1a,100.0
OR497898,HCV,1a,100.0
OR497896,HCV,1a,100.0
OR497904,HCV,1a,100.0
OR497900,HCV,1a,100.0
OR497901,HCV,1a,100.0
OR497902,HCV,1a,100.0
OR497955,HCV,2a,100.0
OR497910,HCV,1a,100.0
OR497916,HCV,1a,100.0
OR497913,HCV,1a,100.0
OR497918,HCV,1a,100.0
OR497919,HCV,1a,100.0
OR497922,HCV,1a,100.0
OR497928,HCV,1a,100.0
OR497917,HCV,1a,100.0
OR497923,HCV,1a,100.0
OR497931,HCV,1a,100.0
OR497924,HCV,1a,100.0
OR497921,HCV,1a,100.0
OR497920,HCV,1a,100.0
OR497927,HCV,1a,100.0
OR497925,HCV,1a,100.0
OR497930,HCV,1a,100.0
OR497926,HCV,1a,100.0
OR497934,HCV,1a,100.0
OR497933,HCV,1a,100.0
OR497929,HCV,1a,100.0
OR497932,HCV,1a,100.0
OR497936,HCV,1a,100.0
OR497945,HCV,1a,100.0
OR497939,HCV,1a,100.0
OR497935,HCV,1a,100.0
OR497947,HCV,1a,100.0
OR497942,HCV,1a,100.0
OR497944,HCV,1a,100.0
OR497943,HCV,1a,100.0
OR497941,HCV,1a,100.0
OR497938,HCV,1a,100.0
OR497946,HCV,1a,100.0
OR497937,HCV,1a,100.0
KC123441,HCV,1b,100.0
KC123443,HCV,1b,100.0
OR497950,HCV,1a,100.0
KC123444,HCV,1b,100.0
KC123492,HCV,1b,100.0
KC123482,HCV,1b,100.0
KC123497,HCV,1b,100.0
KC123495,HCV,1b,100.0
KC123494,HCV,1b,100.0
KC123508,HCV,1b,100.0
KC123509,HCV,1b,100.0
KC123484,HCV,1b,100.0
KC123507,HCV,1b,100.0
KC123506,HCV,1b,100.0
KC123543,HCV,1b,100.0
OR497964,HCV,3a,100.0
OR497959,HCV,3a,100.0
OR497972,HCV,3a,100.0
OR497966,HCV,3a,100.0
OR497968,HCV,3a,100.0
OR497961,HCV,3a,100.0
OR497960,HCV,3a,100.0
OR497969,HCV,3a,100.0
OR497967,HCV,3a,100.0
OR497965,HCV,3a,100.0
OR497973,HCV,3a,100.0
OR497971,HCV,3a,100.0
OR497963,HCV,3a,100.0
OR497970,HCV,3a,100.0
OR497974,HCV,3a,100.0
OR497976,HCV,3a,100.0
OR497978,HCV,3a,100.0
OR497980,HCV,3a,100.0
OR497977,HCV,3a,100.0
OR497984,HCV,3a,100.0
OR497985,HCV,3a,100.0
OR497979,HCV,3a,100.0
OR497982,HCV,3a,100.0
OR497981,HCV,3a,100.0
OR497983,HCV,3a,100.0
MZ327745,HCV,3a,100.0
MZ327750,HCV,3a,100.0
MZ327747,HCV,1a,100.0
MZ327756,HCV,3a,100.0
MZ327755,HCV,2b,100.0
MZ327753,HCV,1b,100.0
MZ327754,HCV,3a,100.0
MZ327757,HCV,3a,100.0
MZ327752,HCV,4d,100.0
MZ327759,HCV,3a,100.0
MZ327758,HCV,1a,100.0
MZ327760,HCV,1a,100.0
MZ327762,HCV,1a,100.0
MZ327761,HCV,1a,100.0
MZ327765,HCV,1a,100.0
MZ327763,HCV,1a,100.0
MZ327764,HCV,3a,100.0
MZ327767,HCV,1a,100.0
MZ327768,HCV,1a,100.0
MZ327769,HCV,1b,100.0
MZ327766,HCV,1a,100.0
MZ327770,HCV,1a,100.0
MZ327772,HCV,3a,100.0
MZ327771,HCV,1a,100.0
MZ327774,HCV,1b,100.0
MZ327773,HCV,3a,100.0
MZ327775,HCV,1b,100.0
MZ327776,HCV,1a,100.0
MZ327777,HCV,1a,100.0
MZ327779,HCV,3a,100.0
MZ327780,HCV,3a,100.0
MZ327781,HCV,3a,100.0
MZ327778,HCV,1a,100.0
MZ327786,HCV,3a,100.0
MZ327782,HCV,1a,100.0
MZ327785,HCV,1a,100.0
MZ327783,HCV,3a,100.0
KY083762,HCV,4r,100.0
MZ327787,HCV,1a,100.0
KY083763,HCV,4r,100.0
MZ327784,HCV,2b,100.0
KC123434,HCV,1b,100.0
MZ327788,HCV,1a,100.0
MZ327791,HCV,1b,100.0
MZ327789,HCV,3a,100.0
MZ327790,HCV,1a,100.0
MZ327792,HCV,1a,100.0
MZ327793,HCV,1a,100.0
MZ327794,HCV,3a,100.0
MZ327795,HCV,1a,100.0
MZ327797,HCV,1a,100.0
MZ327800,HCV,2b,100.0
MZ327796,HCV,3a,100.0
MZ327799,HCV,3a,100.0
MZ327798,HCV,1a,100.0
KC123637,HCV,1b,100.0
KC123650,HCV,1b,100.0
KC123649,HCV,1b,100.0
KC123655,HCV,1b,100.0
KC123657,HCV,1b,100.0
KC123675,HCV,1b,100.0
KC123678,HCV,1b,100.0
KC123687,HCV,1b,100.0
KC123682,HCV,1b,100.0
KC123694,HCV,1b,100.0
KC123699,HCV,1b,100.0
KC123693,HCV,1b,100.0
KC123704,HCV,1b,100.0
KC123701,HCV,1b,100.0
KC123696,HCV,1b,100.0
KC123695,HCV,1b,100.0
KC123710,HCV,1b,100.0
KC123708,HCV,1b,100.0
KC123714,HCV,1b,100.0
KC123707,HCV,1b,100.0
KC123718,HCV,1b,100.0
KC123720,HCV,1b,100.0
KC123719,HCV,1b,100.0
KC123723,HCV,1b,100.0
KC123727,HCV,1b,100.0
KC123732,HCV,1b,100.0
KC123726,HCV,1b,100.0
KC123733,HCV,1b,100.0
KC123729,HCV,1b,100.0
KC123731,HCV,1b,100.0
KC123725,HCV,1b,100.0
KC123734,HCV,1b,100.0
KC123741,HCV,1b,100.0
KC123747,HCV,1b,100.0
KC123745,HCV,1b,100.0
KC123736,HCV,1b,100.0
KC123744,HCV,1b,100.0
KC123740,HCV,1b,100.0
KC123742,HCV,1b,100.0
KC123753,HCV,1b,100.0
KC123748,HCV,1b,100.0
KC123757,HCV,1b,100.0
KC123751,HCV,1b,100.0
KC123784,HCV,1b,100.0
KC123790,HCV,1b,100.0
KC123756,HCV,1b,100.0
KC123805,HCV,1b,100.0
KC123786,HCV,1b,100.0
KC123806,HCV,1b,100.0
KC123845,HCV,1b,100.0
KC123846,HCV,1b,100.0
KC123843,HCV,1b,100.0
KC123809,HCV,1b,100.0
KC123844,HCV,1b,100.0
KC123841,HCV,1b,100.0
KC123852,HCV,1b,100.0
KC123850,HCV,1b,100.0
KC123842,HCV,1b,100.0
KC123851,HCV,1b,100.0
KC123860,HCV,1b,100.0
KC123854,HCV,1b,100.0
KC123848,HCV,1b,100.0
KC123858,HCV,1b,100.0
KC123861,HCV,1b,100.0
KC123866,HCV,1b,100.0
KC123870,HCV,1b,100.0
KC123873,HCV,1b,100.0
KC123853,HCV,1b,100.0
KC123864,HCV,1b,100.0
KC123879,HCV,1b,100.0
KC123869,HCV,1b,100.0
KC123871,HCV,1b,100.0
KC123881,HCV,1b,100.0
KC123884,HCV,1b,100.0
KC123887,HCV,1b,100.0
KC123880,HCV,1b,100.0
KC123888,HCV,1b,100.0
KC123885,HCV,1b,100.0
KC123878,HCV,1b,100.0
KC123894,HCV,1b,100.0
KC123891,HCV,1b,100.0
KC123889,HCV,1b,100.0
KC123896,HCV,1b,100.0
KC123898,HCV,1b,100.0
KC123897,HCV,1b,100.0
KC123893,HCV,1b,100.0
KC123892,HCV,1b,100.0
KC123902,HCV,1b,100.0
KC123907,HCV,1b,100.0
KC123903,HCV,1b,100.0
KC123910,HCV,1b,100.0
KC123904,HCV,1b,100.0
KC123900,HCV,1b,100.0
KC123890,HCV,1b,100.0
KC123906,HCV,1b,100.0
KC123901,HCV,1b,100.0
KC123920,HCV,1b,100.0
KC123919,HCV,1b,100.0
KC123912,HCV,1b,100.0
KC123916,HCV,1b,100.0
KC123911,HCV,1b,100.0
KC123921,HCV,1b,100.0
KC123923,HCV,1b,100.0
KC123915,HCV,1b,100.0
KC123917,HCV,1b,100.0
KC123932,HCV,1b,100.0
KC123933,HCV,1b,100.0
KC123935,HCV,1b,100.0
KC123929,HCV,1b,100.0
KC123934,HCV,1b,100.0
KC123938,HCV,1b,100.0
KC123936,HCV,1b,100.0
KC123930,HCV,1b,100.0
KC123942,HCV,1b,100.0
KC123924,HCV,1b,100.0
KC123941,HCV,1b,100.0
KC123943,HCV,1b,100.0
KC123953,HCV,1b,100.0
KC123951,HCV,1b,100.0
KC123946,HCV,1b,100.0
KC123957,HCV,1b,100.0
KC123955,HCV,1b,100.0
KC123952,HCV,1b,100.0
KC123944,HCV,1b,100.0
KC123960,HCV,1b,100.0
KC123969,HCV,1b,100.0
KC123958,HCV,1b,100.0
KC123954,HCV,1b,100.0
KC123964,HCV,1b,100.0
KC123968,HCV,1b,100.0
KC123971,HCV,1b,100.0
KC124035,HCV,1b,100.0
KC124062,HCV,1b,100.0
KC124122,HCV,1b,100.0
KC124130,HCV,1b,100.0
KC123773,HCV,1b,100.0
KC123775,HCV,1b,100.0
KC123779,HCV,1b,100.0
KC123783,HCV,1b,100.0
KC123834,HCV,1b,100.0
KC123837,HCV,1b,100.0
KC123831,HCV,1b,100.0
KC123827,HCV,1b,100.0
KC123832,HCV,1b,100.0
KC123835,HCV,1b,100.0
KC123836,HCV,1b,100.0
MZ327735,HCV,3a,100.0
MZ327733,HCV,1a,100.0
MZ327732,HCV,1a,100.0
OR498069,HCV,1b,100.0
MZ327731,HCV,1a,100.0
MZ327730,HCV,3a,100.0
MZ327739,HCV,1a,100.0
MZ327740,HCV,1a,100.0
MZ327737,HCV,1a,100.0
MZ327734,HCV,1a,100.0
MZ327736,HCV,1a,100.0
MZ327743,HCV,"unassigned_1, 1a-1b",NA
MZ327741,HCV,1a,100.0
OR498072,HCV,2i,100.0
OR498070,HCV,1b,100.0
MZ327742,HCV,1a,100.0
MZ327738,HCV,3a,100.0
MZ327751,HCV,1a,100.0
MZ327746,HCV,1a,100.0
MZ327744,HCV,1a,100.0
MZ327748,HCV,3a,100.0
MZ327749,HCV,1a,100.0
KC124209,HCV,1b,100.0
KC124334,HCV,1b,100.0
KC124289,HCV,1b,100.0
KC124434,HCV,1b,100.0
KC124364,HCV,1b,100.0
KC124441,HCV,1b,100.0
KC124311,HCV,1b,100.0
KC124428,HCV,1b,100.0
KC124430,HCV,1b,100.0
KC124435,HCV,1b,100.0
KC125150,HCV,1a,100.0
KC124460,HCV,1b,100.0
KC124525,HCV,1b,100.0
KC124731,HCV,1b,100.0
KC124452,HCV,1b,100.0
KC125139,HCV,1a,100.0
KC125222,HCV,1a,100.0
KC125160,HCV,1a,100.0
KC125198,HCV,1a,100.0
KC124150,HCV,1b,100.0
KC125228,HCV,1a,100.0
KC125246,HCV,1a,100.0
KC124142,HCV,1b,100.0
KC124149,HCV,1b,100.0
KC124144,HCV,1b,100.0
KC124147,HCV,1b,100.0
KC124157,HCV,1b,100.0
KC124170,HCV,1b,100.0
KC124180,HCV,1b,100.0
KC124178,HCV,1b,100.0
KC124158,HCV,1b,100.0
KC124146,HCV,1b,100.0
KC124160,HCV,1b,100.0
KC124152,HCV,1b,100.0
KC124163,HCV,1b,100.0
KC124161,HCV,1b,100.0
KC124183,HCV,1b,100.0
KC124194,HCV,1b,100.0
KC124165,HCV,1b,100.0
KC124187,HCV,1b,100.0
KC124185,HCV,1b,100.0
KC124190,HCV,1b,100.0
KC124168,HCV,1b,100.0
KC124189,HCV,1b,100.0
KC124193,HCV,1b,100.0
KC124196,HCV,1b,100.0
KC124174,HCV,1b,100.0
KC124156,HCV,1b,100.0
KC124175,HCV,1b,100.0
KC124212,HCV,1b,100.0
KC124200,HCV,1b,100.0
KC124208,HCV,1b,100.0
KC124202,HCV,1b,100.0
KC124210,HCV,1b,100.0
KC124216,HCV,1b,100.0
KC124206,HCV,1b,100.0
KC124224,HCV,1b,100.0
KC124211,HCV,1b,100.0
KC124215,HCV,1b,100.0
KC124214,HCV,1b,100.0
KC124213,HCV,1b,100.0
KC124222,HCV,1b,100.0
KC124312,HCV,1b,100.0
KC124236,HCV,1b,100.0
KC124238,HCV,1b,100.0
KC124253,HCV,1b,100.0
KC124247,HCV,1b,100.0
KC124250,HCV,1b,100.0
KC124257,HCV,1b,100.0
KC124252,HCV,1b,100.0
KC124272,HCV,1b,100.0
KC124288,HCV,1b,100.0
KC124286,HCV,1b,100.0
KC124283,HCV,1b,100.0
KC124284,HCV,1b,100.0
KC124291,HCV,1b,100.0
KC124300,HCV,1b,100.0
KC124303,HCV,1b,100.0
KC124306,HCV,1b,100.0
KC124308,HCV,1b,100.0
KC124304,HCV,1b,100.0
KC124295,HCV,1b,100.0
KC124229,HCV,1b,100.0
KC124254,HCV,1b,100.0
KC124249,HCV,1b,100.0
KC124258,HCV,1b,100.0
KC124273,HCV,1b,100.0
KC124269,HCV,1b,100.0
KC124274,HCV,1b,100.0
KC124275,HCV,1b,100.0
KC124271,HCV,1b,100.0
KC124313,HCV,1b,100.0
KC124305,HCV,1b,100.0
KC124316,HCV,1b,100.0
KC124321,HCV,1b,100.0
KC124320,HCV,1b,100.0
KC124314,HCV,1b,100.0
KC124325,HCV,1b,100.0
KC124319,HCV,1b,100.0
KC124338,HCV,1b,100.0
KC124348,HCV,1b,100.0
KC124350,HCV,1b,100.0
KC124349,HCV,1b,100.0
KC124323,HCV,1b,100.0
KC124318,HCV,1b,100.0
KC124327,HCV,1b,100.0
KC124322,HCV,1b,100.0
KC124331,HCV,1b,100.0
KC124324,HCV,1b,100.0
KC124330,HCV,1b,100.0
KC124337,HCV,1b,100.0
KC124339,HCV,1b,100.0
KC124342,HCV,1b,100.0
KC124341,HCV,1b,100.0
KC124347,HCV,1b,100.0
KC124309,HCV,1b,100.0
KC124296,HCV,1b,100.0
KC124310,HCV,1b,100.0
KC124317,HCV,1b,100.0
KC124315,HCV,1b,100.0
KC124383,HCV,1b,100.0
KC124399,HCV,1b,100.0
KC124393,HCV,1b,100.0
KC124397,HCV,1b,100.0
KC124398,HCV,1b,100.0
KC124396,HCV,1b,100.0
KC124400,HCV,1b,100.0
KC124405,HCV,1b,100.0
KC124385,HCV,1b,100.0
KC124389,HCV,1b,100.0
KC124404,HCV,1b,100.0
KC124403,HCV,1b,100.0
KC124401,HCV,1b,100.0
KC124402,HCV,1b,100.0
KC124415,HCV,1b,100.0
KC124423,HCV,1b,100.0
KC124420,HCV,1b,100.0
KC124395,HCV,1b,100.0
KC124422,HCV,1b,100.0
KC124421,HCV,1b,100.0
KC124418,HCV,1b,100.0
KC124426,HCV,1b,100.0
KC124424,HCV,1b,100.0
KC124429,HCV,1b,100.0
KC124427,HCV,1b,100.0
KC124425,HCV,1b,100.0
KC124431,HCV,1b,100.0
KC124433,HCV,1b,100.0
KC124432,HCV,1b,100.0
KC124439,HCV,1b,100.0
KC124438,HCV,1b,100.0
KC124440,HCV,1b,100.0
KC124437,HCV,1b,100.0
KC124467,HCV,1b,100.0
KC124445,HCV,1b,100.0
KC124444,HCV,1b,100.0
KC124463,HCV,1b,100.0
KC124458,HCV,1b,100.0
KC124461,HCV,1b,100.0
KC124453,HCV,1b,100.0
KC124448,HCV,1b,100.0
KC124462,HCV,1b,100.0
KC124466,HCV,1b,100.0
KC124447,HCV,1b,100.0
KC124464,HCV,1b,100.0
KC124472,HCV,1b,100.0
KC124482,HCV,1b,100.0
KC124484,HCV,1b,100.0
KC124499,HCV,1b,100.0
KC124493,HCV,1b,100.0
KC124497,HCV,1b,100.0
KC124496,HCV,1b,100.0
KC124503,HCV,1b,100.0
KC124455,HCV,1b,100.0
KC124451,HCV,1b,100.0
KC124456,HCV,1b,100.0
KC124457,HCV,1b,100.0
KC124502,HCV,1b,100.0
KC124498,HCV,1b,100.0
KC124504,HCV,1b,100.0
KC124501,HCV,1b,100.0
KC124505,HCV,1b,100.0
KC124506,HCV,1b,100.0
KC124511,HCV,1b,100.0
KC124510,HCV,1b,100.0
KC124509,HCV,1b,100.0
KC124488,HCV,1b,100.0
KC124526,HCV,1b,100.0
KC124527,HCV,1b,100.0
KC124514,HCV,1b,100.0
KC124528,HCV,1b,100.0
KC124530,HCV,1b,100.0
KC124529,HCV,1b,100.0
KC124534,HCV,1b,100.0
KC124546,HCV,1b,100.0
KC124532,HCV,1b,100.0
KC124539,HCV,1b,100.0
KC124555,HCV,1b,100.0
KC124588,HCV,1b,100.0
KC124585,HCV,1b,100.0
KC124598,HCV,1b,100.0
KC124613,HCV,1b,100.0
KC124636,HCV,1b,100.0
KC124642,HCV,1b,100.0
KC124640,HCV,1b,100.0
KC124629,HCV,1b,100.0
KC124647,HCV,1b,100.0
KC124645,HCV,1b,100.0
KC124660,HCV,1b,100.0
KC124666,HCV,1b,100.0
KC124659,HCV,1b,100.0
KC124683,HCV,1b,100.0
KC124682,HCV,1b,100.0
KC124698,HCV,1b,100.0
KC124695,HCV,1b,100.0
KC124716,HCV,1b,100.0
KC124728,HCV,1b,100.0
KC124718,HCV,1b,100.0
KC124729,HCV,1b,100.0
KC124730,HCV,1b,100.0
KC124734,HCV,1b,100.0
KC124732,HCV,1b,100.0
KC124710,HCV,1b,100.0
KC124756,HCV,1b,100.0
KC124751,HCV,1b,100.0
KC124754,HCV,1b,100.0
KC124757,HCV,1b,100.0
KC124753,HCV,1b,100.0
KC124762,HCV,1b,100.0
KC124766,HCV,1b,100.0
KC124759,HCV,1b,100.0
KC125010,HCV,1a,100.0
KC125013,HCV,1a,100.0
KC125012,HCV,1a,100.0
KC124768,HCV,1b,100.0
KC124491,HCV,1b,100.0
KC124520,HCV,1b,100.0
KC124524,HCV,1b,100.0
KC124523,HCV,1b,100.0
KC124521,HCV,1b,100.0
KC124522,HCV,1b,100.0
KC124568,HCV,1b,100.0
KC124570,HCV,1b,100.0
KC124531,HCV,1b,100.0
KC124566,HCV,1b,100.0
KC124567,HCV,1b,100.0
KC124571,HCV,1b,100.0
KC124580,HCV,1b,100.0
KC124579,HCV,1b,100.0
KC124591,HCV,1b,100.0
KC124611,HCV,1b,100.0
KC124607,HCV,1b,100.0
KC124617,HCV,1b,100.0
KC124612,HCV,1b,100.0
KC124623,HCV,1b,100.0
KC124620,HCV,1b,100.0
KC124621,HCV,1b,100.0
KC124626,HCV,1b,100.0
KC124643,HCV,1b,100.0
KC124677,HCV,1b,100.0
KC124678,HCV,1b,100.0
KC124670,HCV,1b,100.0
KC124671,HCV,1b,100.0
KC124676,HCV,1b,100.0
KC124665,HCV,1b,100.0
KC124685,HCV,1b,100.0
KC124700,HCV,1b,100.0
KC124690,HCV,1b,100.0
KC124699,HCV,1b,100.0
KC124703,HCV,1b,100.0
KC124696,HCV,1b,100.0
KC124704,HCV,1b,100.0
KC124725,HCV,1b,100.0
KC124735,HCV,1b,100.0
KC124733,HCV,1b,100.0
KC124736,HCV,1b,100.0
KC124738,HCV,1b,100.0
KC124737,HCV,1b,100.0
KC124740,HCV,1b,100.0
KC124749,HCV,1b,100.0
KC124748,HCV,1b,100.0
KC124760,HCV,1b,100.0
KC124758,HCV,1b,100.0
KC124763,HCV,1b,100.0
KC124755,HCV,1b,100.0
KC124765,HCV,1b,100.0
KC124764,HCV,1b,100.0
KC125016,HCV,1a,100.0
KC125021,HCV,1a,100.0
KC125049,HCV,1a,100.0
KC125050,HCV,1a,100.0
KC125045,HCV,1a,100.0
KC125046,HCV,1a,100.0
KC125052,HCV,1a,100.0
KC125051,HCV,1a,100.0
KC125088,HCV,1a,100.0
KC125074,HCV,1a,100.0
KC125077,HCV,1a,100.0
KC125093,HCV,1a,100.0
KC125092,HCV,1a,100.0
KC125086,HCV,1a,100.0
KC125054,HCV,1a,100.0
KC125057,HCV,1a,100.0
KC125020,HCV,1a,100.0
KC125058,HCV,1a,100.0
KC125059,HCV,1a,100.0
KC125055,HCV,1a,100.0
KC125066,HCV,1a,100.0
KC125080,HCV,1a,100.0
KC125079,HCV,1a,100.0
KC125078,HCV,1a,100.0
KC125083,HCV,1a,100.0
KC125085,HCV,1a,100.0
KC125084,HCV,1a,100.0
KC125095,HCV,1a,100.0
KC125094,HCV,1a,100.0
KC125082,HCV,1a,100.0
KC125097,HCV,1a,100.0
KC124547,HCV,1b,100.0
KC125098,HCV,1a,100.0
KC125087,HCV,1a,100.0
KC125096,HCV,1a,100.0
KC124545,HCV,1b,100.0
KC125108,HCV,1a,100.0
KC125106,HCV,1a,100.0
KC125105,HCV,1a,100.0
KC124552,HCV,1b,100.0
KC124551,HCV,1b,100.0
KC124543,HCV,1b,100.0
KC125142,HCV,1a,100.0
KC125112,HCV,1a,100.0
KC125104,HCV,1a,100.0
KC125114,HCV,1a,100.0
KC125115,HCV,1a,100.0
KC125121,HCV,1a,100.0
KC125135,HCV,1a,100.0
KC125132,HCV,1a,100.0
KC125136,HCV,1a,100.0
KC125143,HCV,1a,100.0
KC125140,HCV,1a,100.0
KC125148,HCV,1a,100.0
KC125130,HCV,1a,100.0
KC125126,HCV,1a,100.0
KC125134,HCV,1a,100.0
KC125137,HCV,1a,100.0
KC125124,HCV,1a,100.0
KC125129,HCV,1a,100.0
KC125146,HCV,1a,100.0
KC125145,HCV,1a,100.0
KC125141,HCV,1a,100.0
KC125149,HCV,1a,100.0
KC125155,HCV,1a,100.0
KC125144,HCV,1a,100.0
KC125151,HCV,1a,100.0
KC125147,HCV,1a,100.0
KC125156,HCV,1a,100.0
KC125138,HCV,1a,100.0
KC125157,HCV,1a,100.0
KC125176,HCV,1a,100.0
KC125165,HCV,1a,100.0
KC125153,HCV,1a,100.0
KC125158,HCV,1a,100.0
KC125152,HCV,1a,100.0
KC125166,HCV,1a,100.0
KC125163,HCV,1a,100.0
KC125161,HCV,1a,100.0
KC125154,HCV,1a,100.0
KC125168,HCV,1a,100.0
KC125169,HCV,1a,100.0
KC125171,HCV,1a,100.0
KC125159,HCV,1a,100.0
KC125174,HCV,1a,100.0
KC125177,HCV,1a,100.0
KC125172,HCV,1a,100.0
KC125175,HCV,1a,100.0
KC125170,HCV,1a,100.0
KC125185,HCV,1a,100.0
KC125164,HCV,1a,100.0
KC125167,HCV,1a,100.0
KC125162,HCV,1a,100.0
KC125178,HCV,1a,100.0
KC125180,HCV,1a,100.0
KC125190,HCV,1a,100.0
KC125186,HCV,1a,100.0
KC125194,HCV,1a,100.0
KC125196,HCV,1a,100.0
KC125200,HCV,1a,100.0
KC125197,HCV,1a,100.0
KC125191,HCV,1a,100.0
KC125208,HCV,1a,100.0
KC125204,HCV,1a,100.0
KC125233,HCV,1a,100.0
KC125219,HCV,1a,100.0
KC125220,HCV,1a,100.0
KC125223,HCV,1a,100.0
KC125227,HCV,1a,100.0
KC125232,HCV,1a,100.0
KC125226,HCV,1a,100.0
KC125257,HCV,1a,100.0
KC125254,HCV,1a,100.0
KC125253,HCV,1a,100.0
KC125260,HCV,1a,100.0
KC125259,HCV,1a,100.0
KC125262,HCV,1a,100.0
KC125214,HCV,1a,100.0
KC125218,HCV,1a,100.0
KC125205,HCV,1a,100.0
KC125215,HCV,1a,100.0
KC125225,HCV,1a,100.0
KC125224,HCV,1a,100.0
KC125236,HCV,1a,100.0
KC125237,HCV,1a,100.0
KC125241,HCV,1a,100.0
KC125242,HCV,1a,100.0
KC125243,HCV,1a,100.0
KC125238,HCV,1a,100.0
KC125247,HCV,1a,100.0
KC125239,HCV,1a,100.0
KC125255,HCV,1a,100.0
KC125256,HCV,1a,100.0
KC125240,HCV,1a,100.0
KC125244,HCV,1a,100.0
KC125261,HCV,1a,100.0
KC125286,HCV,1a,100.0
KC125229,HCV,1a,100.0
KC125274,HCV,1a,100.0
KC125284,HCV,1a,100.0
KC125287,HCV,1a,100.0
KC125283,HCV,1a,100.0
KC125293,HCV,1a,100.0
KC125295,HCV,1a,100.0
KC125291,HCV,1a,100.0
KC125296,HCV,1a,100.0
KC125292,HCV,1a,100.0
KC125288,HCV,1a,100.0
KC125279,HCV,1a,100.0
KC125231,HCV,1a,100.0
KC125221,HCV,1a,100.0
KC125230,HCV,1a,100.0
KC125235,HCV,1a,100.0
KC125343,HCV,1a,100.0
KC125297,HCV,1a,100.0
KC125298,HCV,1a,100.0
KC125305,HCV,1a,100.0
KC125302,HCV,1a,100.0
KC125307,HCV,1a,100.0
KC125308,HCV,1a,100.0
KC125315,HCV,1a,100.0
KC125321,HCV,1a,100.0
KC125327,HCV,1a,100.0
KC125323,HCV,1a,100.0
KC125324,HCV,1a,100.0
KC125322,HCV,1a,100.0
KC125349,HCV,1a,100.0
KC125339,HCV,1a,100.0
KC125289,HCV,1a,100.0
KC125300,HCV,1a,100.0
KC125301,HCV,1a,100.0
KC125294,HCV,1a,100.0
KC125299,HCV,1a,100.0
KC125290,HCV,1a,100.0
KC125330,HCV,1a,100.0
KC125335,HCV,1a,100.0
KC125332,HCV,1a,100.0
KC125334,HCV,1a,100.0
KC125337,HCV,1a,100.0
KC125345,HCV,1a,100.0
KC125363,HCV,1a,100.0
KC125351,HCV,1a,100.0
KC125353,HCV,1a,100.0
KC125354,HCV,1a,100.0
KC125342,HCV,1a,100.0
KC124207,HCV,1b,100.0
KC124443,HCV,1b,100.0
KC124442,HCV,1b,100.0
KC124436,HCV,1b,100.0
KC124446,HCV,1b,100.0
KC124450,HCV,1b,100.0
KC124454,HCV,1b,100.0
KC124449,HCV,1b,100.0
KC124469,HCV,1b,100.0
KC124470,HCV,1b,100.0
KC124139,HCV,1b,100.0
KC124143,HCV,1b,100.0
KC124141,HCV,1b,100.0
KC124148,HCV,1b,100.0
KC124140,HCV,1b,100.0
KC124151,HCV,1b,100.0
KC124145,HCV,1b,100.0
KC124159,HCV,1b,100.0
KC124162,HCV,1b,100.0
KC124154,HCV,1b,100.0
KC124153,HCV,1b,100.0
KC124155,HCV,1b,100.0
KC124167,HCV,1b,100.0
KC124166,HCV,1b,100.0
KC124172,HCV,1b,100.0
KC124164,HCV,1b,100.0
KC124179,HCV,1b,100.0
KC124173,HCV,1b,100.0
KC124169,HCV,1b,100.0
KC124181,HCV,1b,100.0
KC124171,HCV,1b,100.0
KC124176,HCV,1b,100.0
KC124188,HCV,1b,100.0
KC124186,HCV,1b,100.0
KC124182,HCV,1b,100.0
KC124177,HCV,1b,100.0
KC124197,HCV,1b,100.0
KC124195,HCV,1b,100.0
KC124199,HCV,1b,100.0
KC124204,HCV,1b,100.0
KC124203,HCV,1b,100.0
KC124205,HCV,1b,100.0
KC124191,HCV,1b,100.0
KC124184,HCV,1b,100.0
KC124201,HCV,1b,100.0
KC124198,HCV,1b,100.0
KC124192,HCV,1b,100.0
KC124657,HCV,1b,100.0
KC124634,HCV,1b,100.0
KC124656,HCV,1b,100.0
KC124655,HCV,1b,100.0
KC124652,HCV,1b,100.0
KC124658,HCV,1b,100.0
KC124649,HCV,1b,100.0
KC124662,HCV,1b,100.0
KC124663,HCV,1b,100.0
KC124646,HCV,1b,100.0
KC124667,HCV,1b,100.0
KC124661,HCV,1b,100.0
KC124668,HCV,1b,100.0
KC124669,HCV,1b,100.0
KC124672,HCV,1b,100.0
KC124673,HCV,1b,100.0
KC124675,HCV,1b,100.0
KC124674,HCV,1b,100.0
KC124679,HCV,1b,100.0
KC124664,HCV,1b,100.0
KC124687,HCV,1b,100.0
KC124680,HCV,1b,100.0
KC124689,HCV,1b,100.0
KC124688,HCV,1b,100.0
KC124694,HCV,1b,100.0
KC124684,HCV,1b,100.0
KC124692,HCV,1b,100.0
KC124691,HCV,1b,100.0
KC124693,HCV,1b,100.0
KC124681,HCV,1b,100.0
KC124686,HCV,1b,100.0
KC124697,HCV,1b,100.0
KC124701,HCV,1b,100.0
KC124706,HCV,1b,100.0
KC124707,HCV,1b,100.0
KC124702,HCV,1b,100.0
KC124705,HCV,1b,100.0
KC124708,HCV,1b,100.0
KC124713,HCV,1b,100.0
KC124712,HCV,1b,100.0
KC124715,HCV,1b,100.0
KC124717,HCV,1b,100.0
KC124711,HCV,1b,100.0
KC124720,HCV,1b,100.0
KC124714,HCV,1b,100.0
KC124723,HCV,1b,100.0
KC124722,HCV,1b,100.0
KC124709,HCV,1b,100.0
KC124726,HCV,1b,100.0
KC124721,HCV,1b,100.0
KC124727,HCV,1b,100.0
KC124724,HCV,1b,100.0
KC124719,HCV,1b,100.0
KC124743,HCV,1b,100.0
KC124739,HCV,1b,100.0
KC124744,HCV,1b,100.0
KC124746,HCV,1b,100.0
KC124747,HCV,1b,100.0
KC124742,HCV,1b,100.0
KC124750,HCV,1b,100.0
KC124745,HCV,1b,100.0
KC124752,HCV,1b,100.0
KC124741,HCV,1b,100.0
KC124767,HCV,1b,100.0
KC125015,HCV,1a,100.0
KC125011,HCV,1a,100.0
KC125018,HCV,1a,100.0
KC124761,HCV,1b,100.0
KC125009,HCV,1a,100.0
KC125014,HCV,1a,100.0
KC125017,HCV,1a,100.0
KC125008,HCV,1a,100.0
KC125022,HCV,1a,100.0
KC125019,HCV,1a,100.0
KC125027,HCV,1a,100.0
KC125028,HCV,1a,100.0
KC125029,HCV,1a,100.0
KC124468,HCV,1b,100.0
KC124474,HCV,1b,100.0
KC124471,HCV,1b,100.0
KC124476,HCV,1b,100.0
KC124465,HCV,1b,100.0
KC124473,HCV,1b,100.0
KC124475,HCV,1b,100.0
KC124477,HCV,1b,100.0
KC124479,HCV,1b,100.0
KC124480,HCV,1b,100.0
KC124481,HCV,1b,100.0
KC124485,HCV,1b,100.0
KC124486,HCV,1b,100.0
KC124478,HCV,1b,100.0
KC124459,HCV,1b,100.0
KC124483,HCV,1b,100.0
KC124492,HCV,1b,100.0
KC124489,HCV,1b,100.0
KC124490,HCV,1b,100.0
KC124494,HCV,1b,100.0
KC124495,HCV,1b,100.0
KC124487,HCV,1b,100.0
KC124500,HCV,1b,100.0
KC124512,HCV,1b,100.0
KC124513,HCV,1b,100.0
KC124517,HCV,1b,100.0
KC124516,HCV,1b,100.0
KC124515,HCV,1b,100.0
KC124508,HCV,1b,100.0
KC124535,HCV,1b,100.0
KC124538,HCV,1b,100.0
KC124533,HCV,1b,100.0
KC124519,HCV,1b,100.0
KC124518,HCV,1b,100.0
KC124537,HCV,1b,100.0
KC124541,HCV,1b,100.0
KC124540,HCV,1b,100.0
KC124536,HCV,1b,100.0
KC124542,HCV,1b,100.0
KC124548,HCV,1b,100.0
KC124554,HCV,1b,100.0
KC124556,HCV,1b,100.0
KC124553,HCV,1b,100.0
KC124550,HCV,1b,100.0
KC124507,HCV,1b,100.0
KC124544,HCV,1b,100.0
KC124558,HCV,1b,100.0
KC124559,HCV,1b,100.0
KC124560,HCV,1b,100.0
KC124557,HCV,1b,100.0
KC124563,HCV,1b,100.0
KC124562,HCV,1b,100.0
KC124564,HCV,1b,100.0
KC124569,HCV,1b,100.0
KC124561,HCV,1b,100.0
KC124549,HCV,1b,100.0
KC124574,HCV,1b,100.0
KC124565,HCV,1b,100.0
KC124575,HCV,1b,100.0
KC124578,HCV,1b,100.0
KC124572,HCV,1b,100.0
KC124576,HCV,1b,100.0
KC124583,HCV,1b,100.0
KC124581,HCV,1b,100.0
KC124582,HCV,1b,100.0
KC124586,HCV,1b,100.0
KC124573,HCV,1b,100.0
KC124592,HCV,1b,100.0
KC124589,HCV,1b,100.0
KC124594,HCV,1b,100.0
KC124577,HCV,1b,100.0
KC124599,HCV,1b,100.0
KC124595,HCV,1b,100.0
KC124584,HCV,1b,100.0
KC124597,HCV,1b,100.0
KC124587,HCV,1b,100.0
KC124600,HCV,1b,100.0
KC124590,HCV,1b,100.0
KC124603,HCV,1b,100.0
KC124596,HCV,1b,100.0
KC124604,HCV,1b,100.0
KC124601,HCV,1b,100.0
KC124609,HCV,1b,100.0
KC124602,HCV,1b,100.0
KC124610,HCV,1b,100.0
KC124606,HCV,1b,100.0
KC124614,HCV,1b,100.0
KC124593,HCV,1b,100.0
KC124615,HCV,1b,100.0
KC124605,HCV,1b,100.0
KC124608,HCV,1b,100.0
KC124616,HCV,1b,100.0
KC124618,HCV,1b,100.0
KC124622,HCV,1b,100.0
KC124624,HCV,1b,100.0
KC124619,HCV,1b,100.0
KC124628,HCV,1b,100.0
KC124633,HCV,1b,100.0
KC124632,HCV,1b,100.0
KC124631,HCV,1b,100.0
KC124625,HCV,1b,100.0
KC124627,HCV,1b,100.0
KC124638,HCV,1b,100.0
KC124635,HCV,1b,100.0
KC124630,HCV,1b,100.0
KC124637,HCV,1b,100.0
KC124639,HCV,1b,100.0
KC124641,HCV,1b,100.0
KC124650,HCV,1b,100.0
KC124648,HCV,1b,100.0
KC124654,HCV,1b,100.0
KC124651,HCV,1b,100.0
KC124653,HCV,1b,100.0
KC124644,HCV,1b,100.0
KC125110,HCV,1a,100.0
KC125100,HCV,1a,100.0
KC125111,HCV,1a,100.0
KC125099,HCV,1a,100.0
KC125123,HCV,1a,100.0
KC125116,HCV,1a,100.0
KC125117,HCV,1a,100.0
KC125113,HCV,1a,100.0
KC125122,HCV,1a,100.0
KC125107,HCV,1a,100.0
KC125118,HCV,1a,100.0
KC125120,HCV,1a,100.0
KC125128,HCV,1a,100.0
KC125125,HCV,1a,100.0
KC125119,HCV,1a,100.0
KC125127,HCV,1a,100.0
KC125131,HCV,1a,100.0
KC125133,HCV,1a,100.0
KC125184,HCV,1a,100.0
KC125179,HCV,1a,100.0
KC125181,HCV,1a,100.0
KC125183,HCV,1a,100.0
KC125187,HCV,1a,100.0
KC125182,HCV,1a,100.0
KC125173,HCV,1a,100.0
KC125193,HCV,1a,100.0
KC125188,HCV,1a,100.0
KC125195,HCV,1a,100.0
KC125192,HCV,1a,100.0
KC125189,HCV,1a,100.0
KC125206,HCV,1a,100.0
KC125202,HCV,1a,100.0
KC125207,HCV,1a,100.0
KC125209,HCV,1a,100.0
KC125213,HCV,1e,100.0
KC125203,HCV,1a,100.0
KC125211,HCV,1a,100.0
KC125201,HCV,1a,100.0
KC125199,HCV,1a,100.0
KC125210,HCV,1a,100.0
KC125216,HCV,1a,100.0
KC125212,HCV,1a,100.0
KC125217,HCV,1a,100.0
KC125249,HCV,1a,100.0
KC125245,HCV,1a,100.0
KC125251,HCV,1a,100.0
KC125248,HCV,1a,100.0
KC125252,HCV,1a,100.0
KC125234,HCV,1a,100.0
KC125250,HCV,1a,100.0
KC125258,HCV,1a,100.0
KC125268,HCV,1a,100.0
KC125264,HCV,1a,100.0
KC125271,HCV,1a,100.0
KC125273,HCV,1a,100.0
KC125263,HCV,1a,100.0
KC125267,HCV,1a,100.0
KC125269,HCV,1a,100.0
KC125275,HCV,1a,100.0
KC125272,HCV,1a,100.0
KC125277,HCV,1a,100.0
KC125030,HCV,1a,100.0
KC125032,HCV,1a,100.0
KC125025,HCV,1a,100.0
KC125034,HCV,1a,100.0
KC125033,HCV,1a,100.0
KC125036,HCV,1a,100.0
KC125024,HCV,1a,100.0
KC125038,HCV,1a,100.0
KC125040,HCV,1a,100.0
KC125039,HCV,1a,100.0
KC125031,HCV,1a,100.0
KC125041,HCV,1a,100.0
KC125043,HCV,1a,100.0
KC125023,HCV,1a,100.0
KC125042,HCV,1a,100.0
KC125044,HCV,1a,100.0
KC125048,HCV,1a,100.0
KC125047,HCV,1a,100.0
KC125026,HCV,1a,100.0
KC125062,HCV,1a,100.0
KC125053,HCV,1a,100.0
KC125037,HCV,1a,100.0
KC125061,HCV,1a,100.0
KC125035,HCV,1a,100.0
KC125060,HCV,1a,100.0
KC125063,HCV,1a,100.0
KC125069,HCV,1a,100.0
KC125072,HCV,1a,100.0
KC125070,HCV,1a,100.0
KC125068,HCV,1a,100.0
KC125067,HCV,1a,100.0
KC125071,HCV,1a,100.0
KC125065,HCV,1a,100.0
KC125056,HCV,1a,100.0
KC125076,HCV,1a,100.0
KC125075,HCV,1a,100.0
KC125073,HCV,1a,100.0
KC125064,HCV,1a,100.0
KC125081,HCV,1a,100.0
KC125089,HCV,1a,100.0
KC125102,HCV,1a,100.0
KC125091,HCV,1a,100.0
KC125090,HCV,1a,100.0
KC125101,HCV,1a,100.0
KC125103,HCV,1a,100.0
KC125109,HCV,1a,100.0
KC125270,HCV,1a,100.0
KC125266,HCV,1a,100.0
KC125276,HCV,1a,100.0
KC125265,HCV,1a,100.0
KC125278,HCV,1a,100.0
KC125281,HCV,1a,100.0
KC125282,HCV,1a,100.0
KC125280,HCV,1a,100.0
KC125285,HCV,1a,100.0
KC125306,HCV,1a,100.0
KC125313,HCV,1a,100.0
KC125309,HCV,1a,100.0
KC125314,HCV,1a,100.0
KC125311,HCV,1a,100.0
KC125316,HCV,1a,100.0
KC125303,HCV,1a,100.0
KC125318,HCV,1a,100.0
KC125312,HCV,1a,100.0
KC125310,HCV,1a,100.0
KC125317,HCV,1a,100.0
KC125320,HCV,1a,100.0
KC125304,HCV,1a,100.0
KC125319,HCV,1a,100.0
KC125325,HCV,1a,100.0
KC125329,HCV,1a,100.0
KC125333,HCV,1a,100.0
KC125326,HCV,1a,100.0
KC125331,HCV,1a,100.0
KC125336,HCV,1a,100.0
KC125328,HCV,1a,100.0
KC125341,HCV,1a,100.0
KC125344,HCV,1a,100.0
KC125346,HCV,1a,100.0
KC125350,HCV,1a,100.0
KC125347,HCV,1a,100.0
KC125340,HCV,1a,100.0
KC125356,HCV,1a,100.0
KC125352,HCV,1a,100.0
KC125348,HCV,1a,100.0
KC125338,HCV,1a,100.0
KC125359,HCV,1a,100.0
KC125357,HCV,1a,100.0
KC125362,HCV,1a,100.0
KC125366,HCV,1a,100.0
KC125364,HCV,1a,100.0
KC125355,HCV,1a,100.0
KC125360,HCV,1a,100.0
KC125371,HCV,1a,100.0
KC125365,HCV,1a,100.0
KC125358,HCV,1a,100.0
KC125370,HCV,1a,100.0
KC125369,HCV,1a,100.0
KC125361,HCV,1a,100.0
KC125367,HCV,1a,100.0
KC125372,HCV,1a,100.0
KC125368,HCV,1a,100.0
KC125373,HCV,1a,100.0
KC125374,HCV,1a,100.0
KC125376,HCV,1a,100.0
KC125377,HCV,1a,100.0
KC125375,HCV,1a,100.0
KC124223,HCV,1b,100.0
KC124217,HCV,1b,100.0
KC124219,HCV,1b,100.0
KC124220,HCV,1b,100.0
KC124221,HCV,1b,100.0
KC124218,HCV,1b,100.0
KC124227,HCV,1b,100.0
KC124225,HCV,1b,100.0
KC124226,HCV,1b,100.0
KC124228,HCV,1b,100.0
KC124230,HCV,1b,100.0
KC124240,HCV,1b,100.0
KC124232,HCV,1b,100.0
KC124231,HCV,1b,100.0
KC124234,HCV,1b,100.0
KC124233,HCV,1b,100.0
KC124245,HCV,1b,100.0
KC124244,HCV,1b,100.0
KC124243,HCV,1b,100.0
KC124239,HCV,1b,100.0
KC124237,HCV,1b,100.0
KC124235,HCV,1b,100.0
KC124241,HCV,1b,100.0
KC124246,HCV,1b,100.0
KC124242,HCV,1b,100.0
KC124262,HCV,1b,100.0
KC124248,HCV,1b,100.0
KC124251,HCV,1b,100.0
KC124259,HCV,1b,100.0
KC124255,HCV,1b,100.0
KC124261,HCV,1b,100.0
KC124266,HCV,1b,100.0
KC124263,HCV,1b,100.0
KC124264,HCV,1b,100.0
KC124256,HCV,1b,100.0
KC124268,HCV,1b,100.0
KC124267,HCV,1b,100.0
KC124270,HCV,1b,100.0
KC124277,HCV,1b,100.0
KC124260,HCV,1b,100.0
KC124280,HCV,1b,100.0
KC124278,HCV,1b,100.0
KC124281,HCV,1b,100.0
KC124285,HCV,1b,100.0
KC124282,HCV,1b,100.0
KC124279,HCV,1b,100.0
KC124292,HCV,1b,100.0
KC124265,HCV,1b,100.0
KC124294,HCV,1b,100.0
KC124276,HCV,1b,100.0
KC124297,HCV,1b,100.0
KC124293,HCV,1b,100.0
KC124299,HCV,1b,100.0
KC124302,HCV,1b,100.0
KC124298,HCV,1b,100.0
KC124301,HCV,1b,100.0
KC124307,HCV,1b,100.0
KC124290,HCV,1b,100.0
KC124329,HCV,1b,100.0
KC124328,HCV,1b,100.0
KC124333,HCV,1b,100.0
KC124287,HCV,1b,100.0
KC124335,HCV,1b,100.0
KC124326,HCV,1b,100.0
KC124332,HCV,1b,100.0
KC124346,HCV,1b,100.0
KC124352,HCV,1b,100.0
KC124336,HCV,1b,100.0
KC124351,HCV,1b,100.0
KC124356,HCV,1b,100.0
KC124353,HCV,1b,100.0
KC124354,HCV,1b,100.0
KC124344,HCV,1b,100.0
KC124355,HCV,1b,100.0
KC124361,HCV,1b,100.0
KC124360,HCV,1b,100.0
KC124340,HCV,1b,100.0
KC124359,HCV,1b,100.0
KC124362,HCV,1b,100.0
KC124345,HCV,1b,100.0
KC124365,HCV,1b,100.0
KC124343,HCV,1b,100.0
KC124368,HCV,1b,100.0
KC124357,HCV,1b,100.0
KC124363,HCV,1b,100.0
KC124371,HCV,1b,100.0
KC124366,HCV,1b,100.0
KC124358,HCV,1b,100.0
KC124373,HCV,1b,100.0
KC124372,HCV,1b,100.0
KC124367,HCV,1b,100.0
KC124379,HCV,1b,100.0
KC124374,HCV,1b,100.0
KC124381,HCV,1b,100.0
KC124369,HCV,1b,100.0
KC124378,HCV,1b,100.0
KC124375,HCV,1b,100.0
KC124382,HCV,1b,100.0
KC124370,HCV,1b,100.0
KC124380,HCV,1b,100.0
KC124376,HCV,1b,100.0
KC124388,HCV,1b,100.0
KC124377,HCV,1b,100.0
KC124392,HCV,1b,100.0
KC124384,HCV,1b,100.0
KC124386,HCV,1b,100.0
KC124394,HCV,1b,100.0
KC124391,HCV,1b,100.0
KC124387,HCV,1b,100.0
KC124409,HCV,1b,100.0
KC124406,HCV,1b,100.0
KC124410,HCV,1b,100.0
KC124390,HCV,1b,100.0
KC124413,HCV,1b,100.0
KC124412,HCV,1b,100.0
KC124407,HCV,1b,100.0
KC124411,HCV,1b,100.0
KC124416,HCV,1b,100.0
KC124408,HCV,1b,100.0
KC124419,HCV,1b,100.0
KC124417,HCV,1b,100.0
KC124414,HCV,1b,100.0
KC125462,HCV,1a,100.0
KC125479,HCV,1a,100.0
KC125449,HCV,1a,100.0
KC125463,HCV,1a,100.0
KC125465,HCV,1a,100.0
KC125516,HCV,1a,100.0
KC125551,HCV,1a,100.0
KC125562,HCV,1a,100.0
KC125537,HCV,1a,100.0
KC125563,HCV,1a,100.0
KC125652,HCV,1a,100.0
KC125649,HCV,1a,100.0
KC125650,HCV,1a,100.0
KC125559,HCV,1a,100.0
KC125654,HCV,1a,100.0
KC125714,HCV,1a,100.0
KC125659,HCV,1a,100.0
KC125877,HCV,1a,100.0
KC125848,HCV,1a,100.0
KC125917,HCV,1a,100.0
KC126173,HCV,1a,100.0
KC125948,HCV,1a,100.0
KC125994,HCV,1a,100.0
KC126094,HCV,1a,100.0
KC126211,HCV,1a,100.0
KC126168,HCV,1a,100.0
KC126256,HCV,1a,100.0
KC126237,HCV,1a,100.0
KC126239,HCV,1a,100.0
KC126242,HCV,1a,100.0
KC126243,HCV,1a,100.0
KC126248,HCV,1a,100.0
KC126257,HCV,1a,100.0
KC126246,HCV,1a,100.0
KC126339,HCV,1a,100.0
KC126250,HCV,1a,100.0
KC126288,HCV,1a,100.0
KC126337,HCV,1a,100.0
KC126270,HCV,1a,100.0
KC126322,HCV,1a,100.0
KC126343,HCV,1a,100.0
KC126344,HCV,1a,100.0
KC125388,HCV,1a,100.0
KC125387,HCV,1a,100.0
KC125389,HCV,1a,100.0
KC125390,HCV,1a,100.0
KC125396,HCV,1a,100.0
KC125400,HCV,1a,100.0
KC125394,HCV,1a,100.0
KC125392,HCV,1a,100.0
KC125395,HCV,1a,100.0
KC125404,HCV,1a,100.0
KC125397,HCV,1a,100.0
KC125407,HCV,1a,100.0
KC125405,HCV,1a,100.0
KC125409,HCV,1a,100.0
KC125403,HCV,1a,100.0
KC125410,HCV,1a,100.0
KC125492,HCV,1a,100.0
KC125412,HCV,1a,100.0
KC125436,HCV,1a,100.0
KC125426,HCV,1a,100.0
KC125422,HCV,1a,100.0
KC125406,HCV,1a,100.0
KC125435,HCV,1a,100.0
KC125438,HCV,1a,100.0
KC125461,HCV,1a,100.0
KC125453,HCV,1a,100.0
KC125490,HCV,1a,100.0
KC125466,HCV,1a,100.0
KC125424,HCV,1a,100.0
KC125448,HCV,1a,100.0
KC125489,HCV,1a,100.0
KC125521,HCV,1a,100.0
KC125536,HCV,1a,100.0
KC125494,HCV,1a,100.0
KC125530,HCV,1a,100.0
KC125478,HCV,1a,100.0
KC125539,HCV,1a,100.0
KC125550,HCV,1a,100.0
KC125544,HCV,1a,100.0
KC125549,HCV,1a,100.0
KC125554,HCV,1a,100.0
KC125529,HCV,1a,100.0
KC125552,HCV,1a,100.0
KC125579,HCV,1a,100.0
KC125582,HCV,1a,100.0
KC125580,HCV,1a,100.0
KC125589,HCV,1a,100.0
KC125577,HCV,1a,100.0
KC125556,HCV,1a,100.0
KC125587,HCV,1a,100.0
KC125583,HCV,1a,100.0
KC125581,HCV,1a,100.0
KC125586,HCV,1a,100.0
KC125584,HCV,1a,100.0
KC125591,HCV,1a,100.0
KC125572,HCV,1a,100.0
KC125598,HCV,1a,100.0
KC125590,HCV,1a,100.0
KC125599,HCV,1a,100.0
KC125558,HCV,1a,100.0
KC125560,HCV,1a,100.0
KC125547,HCV,1a,100.0
KC125571,HCV,1a,100.0
KC125574,HCV,1a,100.0
KC125569,HCV,1a,100.0
KC125597,HCV,1a,100.0
KC125592,HCV,1a,100.0
KC125596,HCV,1a,100.0
KC125614,HCV,1a,100.0
KC125604,HCV,1a,100.0
KC125602,HCV,1a,100.0
KC125610,HCV,1a,100.0
KC125615,HCV,1a,100.0
KC125605,HCV,1a,100.0
KC125623,HCV,1a,100.0
KC125606,HCV,1a,100.0
KC125626,HCV,1a,100.0
KC125627,HCV,1a,100.0
KC125603,HCV,1a,100.0
KC125616,HCV,1a,100.0
KC125613,HCV,1a,100.0
KC125620,HCV,1a,100.0
KC125621,HCV,1a,100.0
KC125619,HCV,1a,100.0
KC125612,HCV,1a,100.0
KC125617,HCV,1a,100.0
KC125633,HCV,1a,100.0
KC125618,HCV,1a,100.0
KC125634,HCV,1a,100.0
KC125641,HCV,1a,100.0
KC125629,HCV,1a,100.0
KC125631,HCV,1a,100.0
KC125632,HCV,1a,100.0
KC125628,HCV,1a,100.0
KC125625,HCV,1a,100.0
KC125637,HCV,1a,100.0
KC125642,HCV,1a,100.0
KC125648,HCV,1a,100.0
KC125647,HCV,1a,100.0
KC125657,HCV,1a,100.0
KC125656,HCV,1a,100.0
KC125658,HCV,1a,100.0
KC125662,HCV,1a,100.0
KC125678,HCV,1a,100.0
KC125668,HCV,1a,100.0
KC125671,HCV,1a,100.0
KC125680,HCV,1a,100.0
KC125670,HCV,1a,100.0
KC125673,HCV,1a,100.0
KC125683,HCV,1a,100.0
KC125676,HCV,1a,100.0
KC125663,HCV,1a,100.0
KC125664,HCV,1a,100.0
KC125661,HCV,1a,100.0
KC125677,HCV,1a,100.0
KC125687,HCV,1a,100.0
KC125688,HCV,1a,100.0
KC125716,HCV,1a,100.0
KC125690,HCV,1a,100.0
KC125689,HCV,1a,100.0
KC125681,HCV,1a,100.0
KC125723,HCV,1a,100.0
KC125711,HCV,1a,100.0
KC125724,HCV,1a,100.0
KC125717,HCV,1a,100.0
KC125730,HCV,1a,100.0
KC125732,HCV,1a,100.0
KC125694,HCV,1a,100.0
KC125698,HCV,1a,100.0
KC125693,HCV,1a,100.0
KC125706,HCV,1a,100.0
KC125707,HCV,1a,100.0
KC125703,HCV,1a,100.0
KC125718,HCV,1a,100.0
KC125722,HCV,1a,100.0
KC125720,HCV,1a,100.0
KC125708,HCV,1a,100.0
KC125726,HCV,1a,100.0
KC125725,HCV,1a,100.0
KC125763,HCV,1a,100.0
KC125734,HCV,1a,100.0
KC125747,HCV,1a,100.0
KC125758,HCV,1a,100.0
KC125764,HCV,1a,100.0
KC125755,HCV,1a,100.0
KC125765,HCV,1a,100.0
KC125772,HCV,1a,100.0
KC125794,HCV,1a,100.0
KC125771,HCV,1a,100.0
KC125761,HCV,1a,100.0
KC125774,HCV,1a,100.0
KC125773,HCV,1a,100.0
KC125769,HCV,1a,100.0
KC125766,HCV,1a,100.0
KC125770,HCV,1a,100.0
KC125776,HCV,1a,100.0
KC125779,HCV,1a,100.0
KC125784,HCV,1a,100.0
KC125800,HCV,1a,100.0
KC125799,HCV,1a,100.0
KC125790,HCV,1a,100.0
KC125798,HCV,1a,100.0
KC125795,HCV,1a,100.0
KC125796,HCV,1a,100.0
KC125797,HCV,1a,100.0
KC125833,HCV,1a,100.0
KC125840,HCV,1a,100.0
KC125842,HCV,1a,100.0
KC125835,HCV,1a,100.0
KC125850,HCV,1a,100.0
KC125871,HCV,1a,100.0
KC125872,HCV,1a,100.0
KC125886,HCV,1a,100.0
KC125885,HCV,1a,100.0
KC125874,HCV,1a,100.0
KC125887,HCV,1a,100.0
KC125888,HCV,1a,100.0
KC125915,HCV,1a,100.0
KC125908,HCV,1a,100.0
KC125905,HCV,1a,100.0
KC125925,HCV,1a,100.0
KC125937,HCV,1a,100.0
KC125934,HCV,1a,100.0
KC125940,HCV,1a,100.0
KC125939,HCV,1a,100.0
KC125935,HCV,1a,100.0
KC125768,HCV,1a,100.0
KC125775,HCV,1a,100.0
KC125807,HCV,1a,100.0
KC125815,HCV,1a,100.0
KC125806,HCV,1a,100.0
KC125801,HCV,1a,100.0
KC125823,HCV,1a,100.0
KC125825,HCV,1a,100.0
KC125816,HCV,1a,100.0
KC125819,HCV,1a,100.0
KC125828,HCV,1a,100.0
KC125824,HCV,1a,100.0
KC125827,HCV,1a,100.0
KC125836,HCV,1a,100.0
KC125826,HCV,1a,100.0
KC125863,HCV,1a,100.0
KC125860,HCV,1a,100.0
KC125873,HCV,1a,100.0
KC125870,HCV,1a,100.0
KC125864,HCV,1a,100.0
KC125862,HCV,1a,100.0
KC125880,HCV,1a,100.0
KC125909,HCV,1a,100.0
KC125906,HCV,1a,100.0
KC125920,HCV,1a,100.0
KC125938,HCV,1a,100.0
KC125942,HCV,1a,100.0
KC125955,HCV,1a,100.0
KC125949,HCV,1a,100.0
KC125950,HCV,1a,100.0
KC125956,HCV,1a,100.0
KC125961,HCV,1a,100.0
KC125964,HCV,1a,100.0
KC125966,HCV,1a,100.0
KC125960,HCV,1a,100.0
KC125974,HCV,1a,100.0
KC125970,HCV,1a,100.0
KC125968,HCV,1a,100.0
KC125972,HCV,1a,100.0
KC125977,HCV,1a,100.0
KC125969,HCV,1a,100.0
KC125976,HCV,1a,100.0
KC126005,HCV,1a,100.0
KC125989,HCV,1a,100.0
KC125979,HCV,1a,100.0
KC125982,HCV,1a,100.0
KC125988,HCV,1a,100.0
KC126012,HCV,1a,100.0
KC126009,HCV,1a,100.0
KC125998,HCV,1a,100.0
KC126004,HCV,1a,100.0
KC126011,HCV,1a,100.0
KC126008,HCV,1a,100.0
KC126013,HCV,1a,100.0
KC125975,HCV,1a,100.0
KC125978,HCV,1a,100.0
KC125971,HCV,1a,100.0
KC125983,HCV,1a,100.0
KC125997,HCV,1a,100.0
KC125986,HCV,1a,100.0
KC125991,HCV,1a,100.0
KC126001,HCV,1a,100.0
KC126002,HCV,1a,100.0
KC125996,HCV,1a,100.0
KC126024,HCV,1a,100.0
KC126016,HCV,1a,100.0
KC126000,HCV,1a,100.0
KC125995,HCV,1a,100.0
KC126021,HCV,1a,100.0
KC126034,HCV,1a,100.0
KC126030,HCV,1a,100.0
KC126032,HCV,1a,100.0
KC126038,HCV,1a,100.0
KC126033,HCV,1a,100.0
KC126029,HCV,1a,100.0
KC126039,HCV,1a,100.0
KC126020,HCV,1a,100.0
KC126036,HCV,1a,100.0
KC126042,HCV,1a,100.0
KC126026,HCV,1a,100.0
KC126043,HCV,1a,100.0
KC126040,HCV,1a,100.0
KC126045,HCV,1a,100.0
KC126052,HCV,1a,100.0
KC126048,HCV,1a,100.0
KC126054,HCV,1e,100.0
KC126049,HCV,1a,100.0
KC126055,HCV,1a,100.0
KC126041,HCV,1a,100.0
KC126044,HCV,1a,100.0
KC126046,HCV,1a,100.0
KC126050,HCV,1a,100.0
KC126051,HCV,1a,100.0
KC126047,HCV,1a,100.0
KC126060,HCV,1a,100.0
KC126061,HCV,1a,100.0
KC126053,HCV,1a,100.0
KC126066,HCV,1a,100.0
KC126059,HCV,1a,100.0
KC126057,HCV,1a,100.0
KC126063,HCV,1a,100.0
KC126073,HCV,1a,100.0
KC126067,HCV,1a,100.0
KC126065,HCV,1a,100.0
KC126056,HCV,1a,100.0
KC126058,HCV,1a,100.0
KC126072,HCV,1a,100.0
KC126075,HCV,1a,100.0
KC126077,HCV,1a,100.0
KC126062,HCV,1a,100.0
KC126068,HCV,1a,100.0
KC126078,HCV,1a,100.0
KC126081,HCV,1a,100.0
KC126084,HCV,1a,100.0
KC126064,HCV,1a,100.0
KC126070,HCV,1a,100.0
KC126076,HCV,1a,100.0
KC126071,HCV,1a,100.0
KC126069,HCV,1a,100.0
KC126079,HCV,1a,100.0
KC126090,HCV,1a,100.0
KC126082,HCV,1a,100.0
KC126074,HCV,1a,100.0
KC126080,HCV,1a,100.0
KC126085,HCV,1a,100.0
KC126093,HCV,1a,100.0
KC126083,HCV,1a,100.0
KC126096,HCV,1a,100.0
KC126088,HCV,1a,100.0
KC126092,HCV,1a,100.0
KC126089,HCV,1a,100.0
KC126098,HCV,1a,100.0
KC126095,HCV,1a,100.0
KC126100,HCV,1a,100.0
KC126091,HCV,1a,100.0
KC126108,HCV,1a,100.0
KC126086,HCV,1a,100.0
KC126106,HCV,1a,100.0
KC126115,HCV,1a,100.0
KC126101,HCV,1a,100.0
KC126107,HCV,1a,100.0
KC126112,HCV,1a,100.0
KC126103,HCV,1a,100.0
KC126124,HCV,1a,100.0
KC126087,HCV,1a,100.0
KC126105,HCV,1a,100.0
KC126099,HCV,1a,100.0
KC126097,HCV,1a,100.0
KC126102,HCV,1a,100.0
KC126111,HCV,1a,100.0
KC126121,HCV,1a,100.0
KC126117,HCV,1a,100.0
KC126126,HCV,1a,100.0
KC126125,HCV,1a,100.0
KC126128,HCV,1a,100.0
KC126131,HCV,1a,100.0
KC126104,HCV,1a,100.0
KC126110,HCV,1a,100.0
KC126119,HCV,1a,100.0
KC126109,HCV,1a,100.0
KC126116,HCV,1a,100.0
KC126114,HCV,1a,100.0
KC126120,HCV,1a,100.0
KC126113,HCV,1a,100.0
KC126123,HCV,1a,100.0
KC126118,HCV,1a,100.0
KC126132,HCV,1a,100.0
KC126127,HCV,1a,100.0
KC126129,HCV,1a,100.0
KC126130,HCV,1a,100.0
KC126138,HCV,1a,100.0
KC126146,HCV,1a,100.0
KC126145,HCV,1a,100.0
KC126143,HCV,1a,100.0
KC126133,HCV,1a,100.0
KC126140,HCV,1a,100.0
KC126141,HCV,1a,100.0
KC126150,HCV,1a,100.0
KC126153,HCV,1a,100.0
KC126154,HCV,1a,100.0
KC126142,HCV,1a,100.0
KC126147,HCV,1a,100.0
KC126148,HCV,1a,100.0
KC126151,HCV,1a,100.0
KC126149,HCV,1a,100.0
KC126152,HCV,1a,100.0
KC126159,HCV,1a,100.0
KC126155,HCV,1a,100.0
KC126160,HCV,1a,100.0
KC126144,HCV,1a,100.0
KC126164,HCV,1a,100.0
KC126135,HCV,1a,100.0
KC126136,HCV,1a,100.0
KC126158,HCV,1a,100.0
KC126137,HCV,1a,100.0
KC126156,HCV,1a,100.0
KC126134,HCV,1a,100.0
KC126166,HCV,1a,100.0
KC126172,HCV,1a,100.0
KC126139,HCV,1a,100.0
KC126171,HCV,1a,100.0
KC126122,HCV,1a,100.0
KC126167,HCV,1a,100.0
KC126165,HCV,1a,100.0
KC126163,HCV,1a,100.0
KC126169,HCV,1a,100.0
KC126175,HCV,1a,100.0
KC126157,HCV,1a,100.0
KC126161,HCV,1a,100.0
KC126162,HCV,1a,100.0
KC126179,HCV,1a,100.0
KC126184,HCV,1a,100.0
KC126187,HCV,1a,100.0
KC126188,HCV,1a,100.0
KC126181,HCV,1a,100.0
KC126191,HCV,1a,100.0
KC126178,HCV,1a,100.0
KC126185,HCV,1a,100.0
KC126189,HCV,1a,100.0
KC126183,HCV,1a,100.0
KC126202,HCV,1a,100.0
KC126192,HCV,1a,100.0
KC126180,HCV,1a,100.0
KC126190,HCV,1a,100.0
KC126198,HCV,1a,100.0
KC126197,HCV,1a,100.0
KC126196,HCV,1a,100.0
KC126193,HCV,1a,100.0
KC126201,HCV,1a,100.0
KC126205,HCV,1a,100.0
KC126204,HCV,1a,100.0
KC126208,HCV,1a,100.0
KC126199,HCV,1a,100.0
KC126203,HCV,1a,100.0
KC126194,HCV,1a,100.0
KC126206,HCV,1a,100.0
KC126215,HCV,1a,100.0
KC126216,HCV,1a,100.0
KC126195,HCV,1a,100.0
KC126218,HCV,1a,100.0
KC126223,HCV,1a,100.0
KC126210,HCV,1a,100.0
KC126207,HCV,1a,100.0
KC126209,HCV,1a,100.0
KC126224,HCV,1a,100.0
KC126229,HCV,1a,100.0
KC126221,HCV,1a,100.0
KC126251,HCV,1a,100.0
KC126235,HCV,1a,100.0
KC126232,HCV,1a,100.0
KC126231,HCV,1a,100.0
KC126217,HCV,1a,100.0
KC126226,HCV,1a,100.0
KC126230,HCV,1a,100.0
KC126228,HCV,1a,100.0
KC126247,HCV,1a,100.0
KC126241,HCV,1a,100.0
KC126234,HCV,1a,100.0
KC126236,HCV,1a,100.0
KC126249,HCV,1a,100.0
KC126252,HCV,1a,100.0
KC126253,HCV,1a,100.0
KC126259,HCV,1a,100.0
KC126261,HCV,1a,100.0
KC126264,HCV,1a,100.0
KC126263,HCV,1a,100.0
KC126255,HCV,1a,100.0
KC126260,HCV,1a,100.0
KC126265,HCV,1a,100.0
KC126219,HCV,1a,100.0
KC126220,HCV,1a,100.0
KC126214,HCV,1a,100.0
KC126213,HCV,1a,100.0
KC126200,HCV,1a,100.0
KC126212,HCV,1a,100.0
KC126222,HCV,1a,100.0
KC126238,HCV,1a,100.0
KC126225,HCV,1a,100.0
KC126244,HCV,1a,100.0
KC126233,HCV,1a,100.0
KC126240,HCV,1a,100.0
KC126227,HCV,1a,100.0
KC126245,HCV,1a,100.0
KC126268,HCV,1a,100.0
KC126258,HCV,1a,100.0
KC126275,HCV,1a,100.0
KC126273,HCV,1a,100.0
KC126277,HCV,1a,100.0
KC126281,HCV,1a,100.0
KC126278,HCV,1a,100.0
KC126299,HCV,1a,100.0
KC126254,HCV,1a,100.0
KC126280,HCV,1a,100.0
KC126274,HCV,1a,100.0
KC126276,HCV,1a,100.0
KC126282,HCV,1a,100.0
KC126287,HCV,1a,100.0
KC126300,HCV,1a,100.0
KC126308,HCV,1a,100.0
KC126306,HCV,1a,100.0
KC126298,HCV,1a,100.0
KC126310,HCV,1a,100.0
KC126302,HCV,1a,100.0
KC126267,HCV,1a,100.0
KC126290,HCV,1a,100.0
KC126293,HCV,1a,100.0
KC126296,HCV,1a,100.0
KC126292,HCV,1a,100.0
KC126284,HCV,1a,100.0
KC126307,HCV,1a,100.0
KC126311,HCV,1a,100.0
KC126317,HCV,1a,100.0
KC126303,HCV,1a,100.0
KC126319,HCV,1a,100.0
KC126309,HCV,1a,100.0
KC126294,HCV,1a,100.0
KC126279,HCV,1a,100.0
KC126304,HCV,1a,100.0
KC126305,HCV,1a,100.0
KC126285,HCV,1a,100.0
KC126353,HCV,1a,100.0
KC126328,HCV,1a,100.0
KC126341,HCV,1a,100.0
KC126340,HCV,1a,100.0
KC126342,HCV,1a,100.0
KC126331,HCV,1a,100.0
KC126347,HCV,1a,100.0
KC126362,HCV,1a,100.0
KC126351,HCV,1a,100.0
KC126350,HCV,1a,100.0
KC126352,HCV,1a,100.0
KC126348,HCV,1a,100.0
KC126358,HCV,1a,100.0
KC126355,HCV,1a,100.0
KC126349,HCV,1a,100.0
KC126360,HCV,1a,100.0
KC126361,HCV,1a,100.0
KC126357,HCV,1a,100.0
KC126346,HCV,1a,100.0
KC125417,HCV,1a,100.0
KC125483,HCV,1a,100.0
KC126375,HCV,1a,100.0
KC125379,HCV,1a,100.0
KC126374,HCV,1a,100.0
KC126376,HCV,1a,100.0
KC125380,HCV,1a,100.0
KC125381,HCV,1a,100.0
KC125419,HCV,1a,100.0
KC125431,HCV,1a,100.0
KC125443,HCV,1a,100.0
KC125430,HCV,1a,100.0
KC125444,HCV,1a,100.0
KC125432,HCV,1a,100.0
KC125470,HCV,1a,100.0
KC125495,HCV,1a,100.0
KC125471,HCV,1a,100.0
KC125472,HCV,1a,100.0
KC125482,HCV,1a,100.0
KC125473,HCV,1a,100.0
KC125484,HCV,1a,100.0
KC125467,HCV,1a,100.0
KC125496,HCV,1a,100.0
KC125487,HCV,1a,100.0
KC125501,HCV,1a,100.0
KC125486,HCV,1a,100.0
KC125498,HCV,1a,100.0
KC125499,HCV,1a,100.0
KC125509,HCV,1a,100.0
KC125485,HCV,1a,100.0
KC125504,HCV,1a,100.0
KC125497,HCV,1a,100.0
KC125502,HCV,1a,100.0
KC125503,HCV,1a,100.0
KC125500,HCV,1a,100.0
KC125505,HCV,1a,100.0
KC125513,HCV,1a,100.0
KC125506,HCV,1a,100.0
KC125847,HCV,1a,100.0
KC125455,HCV,1a,100.0
KC125508,HCV,1a,100.0
KC126345,HCV,1a,100.0
KC126369,HCV,1a,100.0
KC125514,HCV,1a,100.0
KC125385,HCV,1a,100.0
KC125386,HCV,1a,100.0
KC125398,HCV,1a,100.0
KC125391,HCV,1a,100.0
KC125399,HCV,1a,100.0
KC125393,HCV,1a,100.0
KC125401,HCV,1a,100.0
KC125402,HCV,1a,100.0
KC125411,HCV,1a,100.0
KC125408,HCV,1a,100.0
KC125423,HCV,1a,100.0
KC125420,HCV,1a,100.0
KC125421,HCV,1a,100.0
KC125450,HCV,1a,100.0
KC125439,HCV,1a,100.0
KC125452,HCV,1a,100.0
KC125437,HCV,1a,100.0
KC125434,HCV,1a,100.0
KC125425,HCV,1a,100.0
KC125451,HCV,1a,100.0
KC125475,HCV,1a,100.0
KC125460,HCV,1a,100.0
KC125488,HCV,1a,100.0
KC125477,HCV,1a,100.0
KC125464,HCV,1a,100.0
KC125440,HCV,1a,100.0
KC125474,HCV,1a,100.0
KC125476,HCV,1a,100.0
KC125491,HCV,1a,100.0
KC125524,HCV,1a,100.0
KC125480,HCV,1a,100.0
KC125522,HCV,1a,100.0
KC125526,HCV,1a,100.0
KC125527,HCV,1a,100.0
KC125523,HCV,1a,100.0
KC125525,HCV,1a,100.0
KC125534,HCV,1a,100.0
KC125533,HCV,1a,100.0
KC125493,HCV,1a,100.0
KC125541,HCV,1a,100.0
KC125532,HCV,1a,100.0
KC125538,HCV,1a,100.0
KC125542,HCV,1a,100.0
KC125540,HCV,1a,100.0
KC125531,HCV,1a,100.0
KC125543,HCV,1a,100.0
KC125545,HCV,1a,100.0
KC125528,HCV,1a,100.0
KC125535,HCV,1a,100.0
KC125553,HCV,1a,100.0
KC125557,HCV,1a,100.0
KC125546,HCV,1a,100.0
KC125548,HCV,1a,100.0
KC125564,HCV,1a,100.0
KC125555,HCV,1a,100.0
KC125573,HCV,1a,100.0
KC125570,HCV,1a,100.0
KC125565,HCV,1a,100.0
KC125561,HCV,1a,100.0
KC125568,HCV,1a,100.0
KC125566,HCV,1a,100.0
KC125576,HCV,1a,100.0
KC125578,HCV,1a,100.0
KC125567,HCV,1a,100.0
KC125588,HCV,1a,100.0
KC125575,HCV,1a,100.0
KC125594,HCV,1a,100.0
KC125585,HCV,1a,100.0
KC125593,HCV,1a,100.0
KC125595,HCV,1a,100.0
KC125607,HCV,1a,100.0
KC125608,HCV,1a,100.0
KC125600,HCV,1a,100.0
KC125601,HCV,1a,100.0
KC125611,HCV,1a,100.0
KC125609,HCV,1a,100.0
KC125630,HCV,1a,100.0
KC125624,HCV,1a,100.0
KC125622,HCV,1a,100.0
KC125639,HCV,1a,100.0
KC125638,HCV,1a,100.0
KC125640,HCV,1a,100.0
KC125635,HCV,1a,100.0
KC125645,HCV,1a,100.0
KC125644,HCV,1a,100.0
KC125643,HCV,1a,100.0
KC125646,HCV,1a,100.0
KC125651,HCV,1a,100.0
KC125655,HCV,1a,100.0
KC125636,HCV,1a,100.0
KC125653,HCV,1a,100.0
KC125666,HCV,1a,100.0
KC125660,HCV,1a,100.0
KC125665,HCV,1a,100.0
KC125669,HCV,1a,100.0
KC125667,HCV,1a,100.0
KC125674,HCV,1a,100.0
KC125685,HCV,1a,100.0
KC125679,HCV,1a,100.0
KC125682,HCV,1a,100.0
KC125672,HCV,1a,100.0
KC125675,HCV,1a,100.0
KC125691,HCV,1a,100.0
KC125697,HCV,1a,100.0
KC125701,HCV,1a,100.0
KC125695,HCV,1a,100.0
KC125686,HCV,1a,100.0
KC125696,HCV,1a,100.0
KC125699,HCV,1a,100.0
KC125684,HCV,1a,100.0
KC125702,HCV,1a,100.0
KC125692,HCV,1b,100.0
KC125705,HCV,1a,100.0
KC125700,HCV,1a,100.0
KC125704,HCV,1a,100.0
KC125709,HCV,1a,100.0
KC125712,HCV,1a,100.0
KC125710,HCV,1a,100.0
KC125719,HCV,1a,100.0
KC125727,HCV,1a,100.0
KC125729,HCV,1a,100.0
KC125735,HCV,1a,100.0
KC125713,HCV,1a,100.0
KC125731,HCV,1a,100.0
KC125721,HCV,1a,100.0
KC125738,HCV,1b,100.0
KC125740,HCV,1a,100.0
KC125741,HCV,1a,100.0
KC125728,HCV,1a,100.0
KC125739,HCV,1a,100.0
KC125715,HCV,1a,100.0
KC125742,HCV,1a,100.0
KC125737,HCV,1a,100.0
KC125745,HCV,1a,100.0
KC125743,HCV,1a,100.0
KC125746,HCV,1a,100.0
KC125736,HCV,1a,100.0
KC125733,HCV,1a,100.0
KC125754,HCV,1a,100.0
KC125748,HCV,1a,100.0
KC125744,HCV,1a,100.0
KC125751,HCV,1a,100.0
KC125753,HCV,1a,100.0
KC125759,HCV,1a,100.0
KC125749,HCV,1a,100.0
KC125756,HCV,1a,100.0
KC125752,HCV,1a,100.0
KC126291,HCV,1a,100.0
KC126289,HCV,1a,100.0
KC126295,HCV,1a,100.0
KC126297,HCV,1a,100.0
KC126286,HCV,1a,100.0
KC126301,HCV,1a,100.0
KC126315,HCV,1a,100.0
KC126320,HCV,1a,100.0
KC126314,HCV,1a,100.0
KC126323,HCV,1a,100.0
KC126312,HCV,1a,100.0
KC126324,HCV,1a,100.0
KC126313,HCV,1a,100.0
KC126316,HCV,1a,100.0
KC126318,HCV,1a,100.0
KC126329,HCV,1a,100.0
KC126326,HCV,1a,100.0
KC126325,HCV,1a,100.0
KC126332,HCV,1a,100.0
KC126334,HCV,1a,100.0
KC126333,HCV,1a,100.0
KC126338,HCV,1a,100.0
KC126330,HCV,1a,100.0
KC126336,HCV,1a,100.0
KC126327,HCV,1a,100.0
KC126335,HCV,1a,100.0
KC126321,HCV,1a,100.0
KC126356,HCV,1a,100.0
KC126359,HCV,1a,100.0
KC126368,HCV,1a,100.0
KC126370,HCV,1a,100.0
KC126363,HCV,1a,100.0
KC126366,HCV,1a,100.0
KC126372,HCV,1a,100.0
KC126367,HCV,1a,100.0
KC126373,HCV,1a,100.0
KC126365,HCV,1a,100.0
KC126354,HCV,1a,100.0
KC126371,HCV,1a,100.0
KC126364,HCV,1a,100.0
KC125414,HCV,1a,100.0
KC125378,HCV,1a,100.0
KC125383,HCV,1a,100.0
KC125384,HCV,1a,100.0
KC125382,HCV,1a,100.0
KC125413,HCV,1a,100.0
KC126377,HCV,1a,100.0
KC125416,HCV,1a,100.0
KC125415,HCV,1a,100.0
KC125418,HCV,1a,100.0
KC125429,HCV,1a,100.0
KC125442,HCV,1a,100.0
KC125428,HCV,1a,100.0
KC125454,HCV,1a,100.0
KC125457,HCV,1a,100.0
KC125433,HCV,1a,100.0
KC125446,HCV,1a,100.0
KC125427,HCV,1a,100.0
KC125469,HCV,1a,100.0
KC125441,HCV,1a,100.0
KC125459,HCV,1a,100.0
KC125445,HCV,1a,100.0
KC125447,HCV,1a,100.0
KC125456,HCV,1a,100.0
KC125458,HCV,1a,100.0
KC125468,HCV,1a,100.0
KC125481,HCV,1a,100.0
KC125515,HCV,1a,100.0
KC125510,HCV,1a,100.0
KC125520,HCV,1a,100.0
KC125517,HCV,1a,100.0
KC125518,HCV,1a,100.0
KC125512,HCV,1a,100.0
KC125511,HCV,1a,100.0
KC125507,HCV,1a,100.0
KC125519,HCV,1a,100.0
KC125760,HCV,1a,100.0
KC125750,HCV,1a,100.0
KC125757,HCV,1a,100.0
KC125762,HCV,1a,100.0
KC125767,HCV,1a,100.0
KC125780,HCV,1a,100.0
KC125789,HCV,1a,100.0
KC125783,HCV,1a,100.0
KC125778,HCV,1a,100.0
KC125785,HCV,1a,100.0
KC125786,HCV,1a,100.0
KC125787,HCV,1a,100.0
KC125782,HCV,1a,100.0
KC125781,HCV,1a,100.0
KC125777,HCV,1a,100.0
KC125792,HCV,1a,100.0
KC125791,HCV,1a,100.0
KC125788,HCV,1a,100.0
KC125793,HCV,1a,100.0
KC125804,HCV,1a,100.0
KC125810,HCV,1a,100.0
KC125808,HCV,1a,100.0
KC125809,HCV,1a,100.0
KC125813,HCV,1a,100.0
KC125802,HCV,1a,100.0
KC125811,HCV,1a,100.0
KC125805,HCV,1a,100.0
KC125817,HCV,1a,100.0
KC125814,HCV,1a,100.0
KC125820,HCV,1a,100.0
KC125818,HCV,1a,100.0
KC125812,HCV,1a,100.0
KC125803,HCV,1a,100.0
KC125829,HCV,1a,100.0
KC125821,HCV,1a,100.0
KC125837,HCV,1a,100.0
KC125831,HCV,1a,100.0
KC125830,HCV,1a,100.0
KC125822,HCV,1a,100.0
KC125832,HCV,1a,100.0
KC125843,HCV,1a,100.0
KC125834,HCV,1a,100.0
KC125838,HCV,1a,100.0
KC125839,HCV,1a,100.0
KC125841,HCV,1a,100.0
KC125853,HCV,1a,100.0
KC125846,HCV,1a,100.0
KC125856,HCV,1a,100.0
KC125844,HCV,1a,100.0
KC125845,HCV,1a,100.0
KC125854,HCV,1a,100.0
KC125859,HCV,1a,100.0
KC125849,HCV,1a,100.0
KC125857,HCV,1a,100.0
KC125855,HCV,1a,100.0
KC125852,HCV,1a,100.0
KC125851,HCV,1a,100.0
KC125858,HCV,1a,100.0
KC125861,HCV,1a,100.0
KC125867,HCV,1a,100.0
KC125866,HCV,1a,100.0
KC125879,HCV,1a,100.0
KC125865,HCV,1a,100.0
KC125869,HCV,1a,100.0
KC125875,HCV,1a,100.0
KC125876,HCV,1a,100.0
KC125881,HCV,1a,100.0
KC125878,HCV,1a,100.0
KC125884,HCV,1a,100.0
KC125868,HCV,1a,100.0
KC125883,HCV,1a,100.0
KC125893,HCV,1a,100.0
KC125898,HCV,1a,100.0
KC125882,HCV,1a,100.0
KC125900,HCV,1a,100.0
KC125889,HCV,1a,100.0
KC125896,HCV,1a,100.0
KC125892,HCV,1a,100.0
KC125891,HCV,1a,100.0
KC125895,HCV,1a,100.0
KC125901,HCV,1a,100.0
KC125894,HCV,1a,100.0
KC125899,HCV,1a,100.0
KC125902,HCV,1a,100.0
KC125890,HCV,1a,100.0
KC125897,HCV,1a,100.0
KC125911,HCV,1a,100.0
KC125914,HCV,1a,100.0
KC125904,HCV,1a,100.0
KC125912,HCV,1a,100.0
KC125907,HCV,1a,100.0
KC125903,HCV,1a,100.0
KC125918,HCV,1a,100.0
KC125919,HCV,1a,100.0
KC125926,HCV,1a,100.0
KC125913,HCV,1a,100.0
KC125927,HCV,1a,100.0
KC125924,HCV,1a,100.0
KC125922,HCV,1a,100.0
KC125929,HCV,1a,100.0
KC125928,HCV,1a,100.0
KC125910,HCV,1a,100.0
KC125931,HCV,1a,100.0
KC125930,HCV,1a,100.0
KC125936,HCV,1a,100.0
KC125923,HCV,1a,100.0
KC125916,HCV,1a,100.0
KC125932,HCV,1a,100.0
KC125921,HCV,1a,100.0
KC125946,HCV,1a,100.0
KC125943,HCV,1a,100.0
KC125941,HCV,1a,100.0
KC125933,HCV,1a,100.0
KC125951,HCV,1a,100.0
KC125944,HCV,1a,100.0
KC125954,HCV,1a,100.0
KC125947,HCV,1a,100.0
KC125959,HCV,1a,100.0
KC125965,HCV,1a,100.0
KC125958,HCV,1a,100.0
KC125952,HCV,1a,100.0
KC125957,HCV,1a,100.0
KC125953,HCV,1a,100.0
KC125945,HCV,1a,100.0
KC125967,HCV,1a,100.0
KC125963,HCV,1a,100.0
KC125973,HCV,1a,100.0
KC125980,HCV,1a,100.0
KC125987,HCV,1a,100.0
KC125962,HCV,1a,100.0
KC125981,HCV,1a,100.0
KC125992,HCV,1a,100.0
KC125984,HCV,1a,100.0
KC125990,HCV,1a,100.0
KC125985,HCV,1a,100.0
KC126006,HCV,1a,100.0
KC125993,HCV,1a,100.0
KC125999,HCV,1a,100.0
KC126003,HCV,1a,100.0
KC126007,HCV,1a,100.0
KC126017,HCV,1a,100.0
KC126018,HCV,1a,100.0
KC126014,HCV,1a,100.0
KC126010,HCV,1a,100.0
KC126019,HCV,1a,100.0
KC126023,HCV,1a,100.0
KC126022,HCV,1a,100.0
KC126025,HCV,1a,100.0
KC126028,HCV,1a,100.0
KC126027,HCV,1a,100.0
KC126035,HCV,1a,100.0
KC126031,HCV,1a,100.0
KC126015,HCV,1a,100.0
KC126037,HCV,1a,100.0
KC126176,HCV,1a,100.0
KC126174,HCV,1a,100.0
KC126177,HCV,1a,100.0
KC126170,HCV,1a,100.0
KC126186,HCV,1a,100.0
KC126182,HCV,1a,100.0
KC126266,HCV,1a,100.0
KC126269,HCV,1a,100.0
KC126262,HCV,1a,100.0
KC126271,HCV,1a,100.0
KC126272,HCV,1a,100.0
KC126283,HCV,1a,100.0
KC126471,HCV,1a,100.0
KC126427,HCV,1a,100.0
KC126464,HCV,1a,100.0
KC126467,HCV,1a,100.0
KC126535,HCV,1a,100.0
KC126472,HCV,1a,100.0
KC126595,HCV,1a,100.0
KC126538,HCV,1a,100.0
KC126516,HCV,1a,100.0
KC126565,HCV,1a,100.0
KC126567,HCV,1a,100.0
KC126583,HCV,1a,100.0
KC126589,HCV,1a,100.0
KC126588,HCV,1a,100.0
KC126643,HCV,1a,100.0
KC126633,HCV,1a,100.0
KC126696,HCV,1a,100.0
KC126691,HCV,1a,100.0
KC126708,HCV,1a,100.0
KC126700,HCV,1a,100.0
KC126698,HCV,1a,100.0
KC126765,HCV,1a,100.0
KC126711,HCV,1b,82.0
KC126746,HCV,1a,100.0
KC126743,HCV,1a,100.0
KC126742,HCV,1a,100.0
KC126751,HCV,1a,100.0
KC126837,HCV,1a,100.0
KC126749,HCV,1a,100.0
KC126759,HCV,1a,100.0
KC126761,HCV,1a,100.0
KC126945,HCV,1a,100.0
KC126944,HCV,1a,100.0
KC126948,HCV,1a,100.0
KC126960,HCV,1a,100.0
KC126977,HCV,1a,100.0
KC126943,HCV,1a,100.0
KC126971,HCV,1a,100.0
KC126968,HCV,1a,100.0
KC126969,HCV,1a,100.0
KC126967,HCV,1a,100.0
KC126963,HCV,1a,100.0
KC126451,HCV,1a,100.0
MW689965,HCV,1b,100.0
KC126378,HCV,1a,100.0
KC126396,HCV,1a,100.0
KC126392,HCV,1a,100.0
KC126394,HCV,1a,100.0
KC126397,HCV,1a,100.0
KC126393,HCV,1a,100.0
KC126400,HCV,1a,100.0
KC126395,HCV,1a,100.0
KC126398,HCV,1a,100.0
KC126399,HCV,1a,100.0
KC126428,HCV,1a,100.0
KC126430,HCV,1a,100.0
KC126433,HCV,1a,100.0
KC126415,HCV,1a,100.0
KC126429,HCV,1a,100.0
KC126431,HCV,1a,100.0
KC126453,HCV,1a,100.0
KC126435,HCV,1a,100.0
KC126436,HCV,1a,100.0
KC126455,HCV,1a,100.0
KC126463,HCV,1a,100.0
KC126425,HCV,1a,100.0
KC126466,HCV,1a,100.0
KC126474,HCV,1a,100.0
KC126469,HCV,1a,100.0
KC126470,HCV,1a,100.0
KC126452,HCV,1a,100.0
KC126468,HCV,1a,100.0
KC126434,HCV,1a,100.0
KC126432,HCV,1a,100.0
KC126454,HCV,1a,100.0
KC126450,HCV,1a,100.0
KC126456,HCV,1a,100.0
KC126465,HCV,1a,100.0
KC126487,HCV,1a,100.0
KC126473,HCV,1a,100.0
KC126486,HCV,1a,100.0
KC126476,HCV,1a,100.0
KC126501,HCV,1a,100.0
KC126485,HCV,1a,100.0
KC126475,HCV,1a,100.0
KC126484,HCV,1a,100.0
KC126489,HCV,1a,100.0
KC126497,HCV,1a,100.0
KC126500,HCV,1a,100.0
KC126519,HCV,1a,100.0
KC126502,HCV,1a,100.0
KC126525,HCV,1a,100.0
KC126523,HCV,1a,100.0
KC126518,HCV,1a,100.0
KC126503,HCV,1a,100.0
KC126529,HCV,1a,100.0
KC126522,HCV,1a,100.0
KC126517,HCV,1a,100.0
KC126520,HCV,1a,100.0
KC126488,HCV,1a,100.0
KC126533,HCV,1a,100.0
KC126521,HCV,1a,100.0
KC126530,HCV,1a,100.0
KC126532,HCV,1a,100.0
KC126527,HCV,1a,100.0
KC126534,HCV,1a,100.0
KC126526,HCV,1a,100.0
KC126531,HCV,1a,100.0
KC126524,HCV,1a,100.0
KC126528,HCV,1a,100.0
KC126537,HCV,1a,100.0
KC126543,HCV,1a,100.0
KC126499,HCV,1a,100.0
KC126490,HCV,1a,100.0
KC126498,HCV,1a,100.0
KC126544,HCV,1a,100.0
KC126536,HCV,1a,100.0
KC126540,HCV,1a,100.0
KC126555,HCV,1a,100.0
KC126542,HCV,1a,100.0
KC126557,HCV,1a,100.0
KC126559,HCV,1a,100.0
KC126541,HCV,1a,100.0
KC126558,HCV,1a,100.0
KC126560,HCV,1a,100.0
KC126566,HCV,1a,100.0
KC126552,HCV,1a,100.0
KC126563,HCV,1a,100.0
KC126562,HCV,1a,100.0
KC126561,HCV,1a,100.0
KC126551,HCV,1a,100.0
KC126570,HCV,1a,100.0
KC126569,HCV,1a,100.0
KC126585,HCV,1a,100.0
KC126553,HCV,1a,100.0
KC126587,HCV,1a,100.0
KC126573,HCV,1a,100.0
KC126592,HCV,1a,100.0
KC126572,HCV,1a,100.0
KC126568,HCV,1a,100.0
KC126594,HCV,1a,100.0
KC126590,HCV,1a,100.0
KC126596,HCV,1a,100.0
KC126604,HCV,1a,100.0
KC126602,HCV,1a,100.0
KC126605,HCV,1a,100.0
KC126598,HCV,1a,100.0
KC126603,HCV,1a,100.0
KC126601,HCV,1a,100.0
KC126586,HCV,1a,100.0
KC126597,HCV,1a,100.0
KC126607,HCV,1a,100.0
KC126600,HCV,1a,100.0
KC126599,HCV,1a,100.0
KC126609,HCV,1a,100.0
KC126608,HCV,1a,100.0
KC126578,HCV,1a,100.0
KC126584,HCV,1a,100.0
KC126591,HCV,1a,100.0
KC126615,HCV,1a,100.0
KC126614,HCV,1a,100.0
KC126593,HCV,1a,100.0
KC126613,HCV,1a,100.0
KC126612,HCV,1a,100.0
KC126620,HCV,1a,100.0
KC126611,HCV,1a,100.0
KC126618,HCV,1a,100.0
KC126625,HCV,1a,100.0
KC126606,HCV,1a,100.0
KC126619,HCV,1a,100.0
KC126616,HCV,1a,100.0
KC126627,HCV,1a,100.0
KC126634,HCV,1a,100.0
KC126654,HCV,1a,100.0
KC126639,HCV,1a,100.0
KC126641,HCV,1a,100.0
KC126651,HCV,1a,100.0
KC126653,HCV,1a,100.0
KC126655,HCV,1a,100.0
KC126645,HCV,1a,100.0
KC126649,HCV,1a,100.0
KC126656,HCV,1a,100.0
KC126658,HCV,1a,100.0
KC126647,HCV,1a,100.0
KC126664,HCV,1a,100.0
KC126661,HCV,1a,100.0
KC126657,HCV,1a,100.0
KC126668,HCV,1a,100.0
KC126659,HCV,1a,100.0
KC126671,HCV,1a,100.0
KC126646,HCV,1a,100.0
KC126652,HCV,1a,100.0
KC126673,HCV,1a,100.0
KC126666,HCV,1a,100.0
KC126675,HCV,1a,100.0
KC126669,HCV,1a,100.0
KC126660,HCV,1a,100.0
KC126674,HCV,1a,100.0
KC126679,HCV,1a,100.0
KC126663,HCV,1a,100.0
KC126683,HCV,1a,100.0
KC126697,HCV,1a,100.0
KC126685,HCV,1a,100.0
KC126693,HCV,1a,100.0
KC126702,HCV,1a,100.0
KC126699,HCV,1a,100.0
KC126704,HCV,1a,100.0
KC126718,HCV,1a,100.0
KC126725,HCV,1a,100.0
KC126717,HCV,1a,100.0
KC126721,HCV,1a,100.0
KC126724,HCV,1a,100.0
KC126714,HCV,1a,100.0
KC126734,HCV,1a,100.0
KC126728,HCV,1a,100.0
KC126729,HCV,1a,100.0
KC126727,HCV,1a,100.0
KC126736,HCV,1a,100.0
KC126735,HCV,1a,100.0
KC126733,HCV,1a,100.0
KC126720,HCV,1a,100.0
KC126723,HCV,1a,100.0
KC126732,HCV,1a,100.0
KC126738,HCV,1a,100.0
KC126744,HCV,1a,100.0
KC126739,HCV,1a,100.0
KC126737,HCV,1a,100.0
KC126752,HCV,1a,100.0
KC126741,HCV,1a,100.0
KC126740,HCV,1a,100.0
KC126747,HCV,1a,100.0
KC126748,HCV,1a,100.0
KC126745,HCV,1a,100.0
KC126754,HCV,1a,100.0
KC126756,HCV,1a,100.0
KC126681,HCV,1a,100.0
KC126682,HCV,1a,100.0
KC126677,HCV,1a,100.0
KC126680,HCV,1a,100.0
KC126692,HCV,1a,100.0
KC126695,HCV,1a,100.0
KC126688,HCV,1a,100.0
KC126694,HCV,1a,100.0
KC126701,HCV,1a,100.0
KC126703,HCV,1a,100.0
KC126707,HCV,1a,100.0
KC126705,HCV,1a,100.0
KC126709,HCV,1a,100.0
KC126730,HCV,1a,100.0
KC126726,HCV,1a,100.0
KC126731,HCV,1a,100.0
KC126722,HCV,1a,100.0
KC126758,HCV,1a,100.0
KC126750,HCV,1a,100.0
KC126760,HCV,1a,100.0
KC126757,HCV,1a,100.0
KC126667,HCV,1a,100.0
KC126670,HCV,1a,100.0
KC126672,HCV,1a,100.0
KC126662,HCV,1a,100.0
KC126665,HCV,1a,100.0
KC126770,HCV,1a,100.0
KC126755,HCV,1a,100.0
KC126753,HCV,1a,100.0
KC126762,HCV,1a,100.0
KC126772,HCV,1a,100.0
KC126774,HCV,1a,100.0
KC126768,HCV,1a,100.0
KC126776,HCV,1a,100.0
KC126775,HCV,1a,100.0
KC126782,HCV,1a,100.0
KC126767,HCV,1a,100.0
KC126783,HCV,1a,100.0
KC126769,HCV,1a,100.0
KC126781,HCV,1a,100.0
KC126786,HCV,1a,100.0
KC126777,HCV,1a,100.0
KC126773,HCV,1a,100.0
KC126766,HCV,1a,100.0
KC126764,HCV,1a,100.0
KC126771,HCV,1a,100.0
KC126763,HCV,1a,100.0
KC126780,HCV,1a,100.0
KC126814,HCV,1a,100.0
KC126795,HCV,1a,100.0
KC126796,HCV,1a,100.0
KC126802,HCV,1a,100.0
KC126800,HCV,1a,100.0
KC126790,HCV,1a,100.0
KC126818,HCV,1a,100.0
KC126815,HCV,1a,100.0
KC126807,HCV,1a,100.0
KC126791,HCV,1a,100.0
KC126785,HCV,1a,100.0
KC126797,HCV,1a,100.0
KC126798,HCV,1a,100.0
KC126810,HCV,1a,100.0
KC126809,HCV,1a,100.0
KC126821,HCV,1a,100.0
KC126813,HCV,1a,100.0
KC126828,HCV,1a,100.0
KC126827,HCV,1a,100.0
KC126824,HCV,1a,100.0
KC126825,HCV,1a,100.0
KC126817,HCV,1a,100.0
KC126816,HCV,1a,100.0
KC126833,HCV,1a,100.0
KC126831,HCV,1a,100.0
KC126823,HCV,1a,100.0
KC126835,HCV,1a,100.0
KC126829,HCV,1a,100.0
KC126830,HCV,1a,100.0
KC126836,HCV,1a,100.0
KC126832,HCV,1a,100.0
KC126839,HCV,1a,100.0
KC126822,HCV,1a,100.0
KC126811,HCV,1a,100.0
KC126855,HCV,1a,100.0
KC126848,HCV,1a,100.0
KC126842,HCV,1a,100.0
KC126851,HCV,1a,100.0
KC126847,HCV,1a,100.0
KC126853,HCV,1a,100.0
KC126891,HCV,1a,100.0
KC126856,HCV,1a,100.0
KC126852,HCV,1a,100.0
KC126840,HCV,1a,100.0
KC126838,HCV,1a,100.0
KC126844,HCV,1a,100.0
KC126843,HCV,1a,100.0
KC126846,HCV,1a,100.0
KC126863,HCV,1a,100.0
KC126861,HCV,1a,100.0
KC126860,HCV,1a,100.0
KC126865,HCV,1a,100.0
KC126864,HCV,1a,100.0
KC126850,HCV,1a,100.0
KC126875,HCV,1a,100.0
KC126867,HCV,1a,100.0
KC126876,HCV,1a,100.0
KC126884,HCV,1a,100.0
KC126885,HCV,1a,100.0
KC126877,HCV,1a,100.0
KC126886,HCV,1a,100.0
KC126879,HCV,1a,100.0
KC126871,HCV,1a,100.0
KC126882,HCV,1a,100.0
KC126887,HCV,1a,100.0
KC126899,HCV,1a,100.0
KC126892,HCV,1a,100.0
KC126890,HCV,1a,100.0
KC126893,HCV,1a,100.0
KC126898,HCV,1a,100.0
KC126896,HCV,1a,100.0
KC126888,HCV,1a,100.0
KC126922,HCV,1a,100.0
KC126904,HCV,1a,100.0
KC126910,HCV,1a,100.0
KC126889,HCV,1a,100.0
KC126905,HCV,1a,100.0
KC126911,HCV,1a,100.0
KC126909,HCV,1a,100.0
KC126915,HCV,1a,100.0
KC126914,HCV,1a,100.0
KC126920,HCV,1a,100.0
KC126932,HCV,1a,100.0
KC126953,HCV,1a,100.0
KC126937,HCV,1a,100.0
KC126947,HCV,1a,100.0
KC126940,HCV,1a,100.0
KC126946,HCV,1a,100.0
KC126950,HCV,1a,100.0
KC126951,HCV,1a,100.0
KC126958,HCV,1a,100.0
KC126983,HCV,1a,100.0
KC126972,HCV,1a,100.0
KC127046,HCV,1a,100.0
KC126990,HCV,1a,100.0
KC127014,HCV,1a,100.0
KC127002,HCV,1a,100.0
KC127016,HCV,1a,100.0
KC127052,HCV,1a,100.0
KC127048,HCV,1a,100.0
KC127056,HCV,1a,100.0
KC127049,HCV,1a,100.0
KC127058,HCV,1a,100.0
KC127062,HCV,1a,100.0
KC127069,HCV,1a,100.0
KC127013,HCV,1a,100.0
KC127022,HCV,1a,100.0
KC127023,HCV,1a,100.0
KC127015,HCV,1a,100.0
KC127018,HCV,1a,100.0
KC127021,HCV,1a,100.0
KC127029,HCV,1a,100.0
KC127036,HCV,1a,100.0
KC127040,HCV,1a,100.0
KC127045,HCV,1a,100.0
KC127037,HCV,1a,100.0
KC127034,HCV,1a,100.0
KC127035,HCV,1a,100.0
KC127042,HCV,1a,100.0
KC127028,HCV,1a,100.0
KC127038,HCV,1a,100.0
KC127043,HCV,1a,100.0
KC127026,HCV,1a,100.0
KC127044,HCV,1a,100.0
KC127065,HCV,1a,100.0
KC127073,HCV,1a,100.0
KC127072,HCV,1a,100.0
KC127060,HCV,1a,100.0
KC127061,HCV,1a,100.0
KC127078,HCV,1a,100.0
KC127084,HCV,1a,100.0
KC127087,HCV,1a,100.0
KC127092,HCV,1a,100.0
KC127082,HCV,1a,100.0
KC127089,HCV,1a,100.0
KC127104,HCV,1a,100.0
KC127102,HCV,1a,100.0
KC127095,HCV,1a,100.0
KC127093,HCV,1a,100.0
KC127099,HCV,1a,100.0
KC127080,HCV,1a,100.0
KC127075,HCV,1a,100.0
KC127081,HCV,1a,100.0
KC127064,HCV,1a,100.0
KC127083,HCV,1a,100.0
KC127074,HCV,1a,100.0
KC127101,HCV,1a,100.0
PV289196,HCV,3a,100.0
PV289202,HCV,3a,100.0
PV289199,HCV,3a,100.0
PV289203,HCV,3a,100.0
PV289210,HCV,"unassigned_1, 3a-2b",NA
PV289200,HCV,3a,100.0
PV289205,HCV,3a,100.0
PV289195,HCV,3a,100.0
PV289204,HCV,3a,100.0
PV289197,HCV,3a,100.0
KC127051,HCV,1a,100.0
KC126439,HCV,1a,100.0
KC126388,HCV,1a,100.0
KC126387,HCV,1a,100.0
MW690007,HCV,1g,100.0
MW690012,HCV,1g,100.0
MW690016,HCV,1b,100.0
KC126390,HCV,1a,100.0
KC126391,HCV,1a,100.0
MW690015,HCV,1a,100.0
MW690010,HCV,1e,100.0
KC126444,HCV,1a,100.0
LC209863,HCV,1a,100.0
KC126446,HCV,1a,100.0
KC126441,HCV,1a,100.0
MW690014,HCV,1b,100.0
KC126422,HCV,1a,100.0
KC126448,HCV,1a,100.0
KC126445,HCV,1a,100.0
KC126493,HCV,1a,100.0
KC126505,HCV,1a,100.0
KC126478,HCV,1a,100.0
KC126408,HCV,1a,100.0
MW690013,HCV,1c,96.0
MW690019,HCV,1a,100.0
MW690017,HCV,1a,100.0
KC126406,HCV,1a,100.0
KC126419,HCV,1a,100.0
KC126409,HCV,1a,100.0
KC126410,HCV,1a,100.0
MW690018,HCV,1a,100.0
KC126483,HCV,1a,100.0
KC126481,HCV,1a,100.0
KC126459,HCV,1a,100.0
KC126492,HCV,1a,100.0
KC126480,HCV,1a,100.0
KC126495,HCV,1a,100.0
KC126496,HCV,1a,100.0
KC126504,HCV,1a,100.0
KC126507,HCV,1a,100.0
KC126506,HCV,1a,100.0
KC126508,HCV,1a,100.0
KC126513,HCV,1a,100.0
KC126482,HCV,1a,100.0
KC126515,HCV,1a,100.0
KC126514,HCV,1a,100.0
KC126379,HCV,1a,100.0
KC126510,HCV,1a,100.0
KC126512,HCV,1a,100.0
KC126380,HCV,1a,100.0
KC126420,HCV,1a,100.0
KC126440,HCV,1a,100.0
KC126460,HCV,1a,100.0
KC126511,HCV,1a,100.0
KC127032,HCV,1a,100.0
MW690020,HCV,1a,100.0
KC126443,HCV,1a,100.0
KC126442,HCV,1a,100.0
KC126438,HCV,1a,100.0
KC126424,HCV,1a,100.0
MW689969,HCV,"unassigned_1, 1a-1b",NA
KC126421,HCV,1a,100.0
MW689966,HCV,1b,100.0
KC126873,HCV,1a,100.0
MW689964,HCV,1l,100.0
MW689967,HCV,1b,100.0
MW689968,HCV,1b,100.0
MW689973,HCV,1b,100.0
MW689972,HCV,1a,100.0
MW689971,HCV,1b,100.0
MW689970,HCV,1a,100.0
MW689974,HCV,1a,100.0
MW689981,HCV,1a,100.0
MW689979,HCV,1a,100.0
MW689987,HCV,"unassigned_1, 1a-4r",NA
MW689976,HCV,1b,100.0
MW689975,HCV,1b,100.0
MW689978,HCV,1g,100.0
MW689980,HCV,1a,100.0
MW689982,HCV,1a,100.0
MW689977,HCV,1a,100.0
MW689993,HCV,"unassigned_1, 1a-1b",NA
MW689985,HCV,1a,100.0
MW689989,HCV,1a,100.0
MW689984,HCV,1g,100.0
MW689988,HCV,1a,100.0
MW689986,HCV,1a,100.0
MW689995,HCV,"unassigned_1, 1a-4k-1b-4k-1b-4k",NA
MW689991,HCV,1b,100.0
MW689990,HCV,1a,100.0
MW689992,HCV,1b,100.0
MW689997,HCV,1b,100.0
MW690001,HCV,1a,100.0
MW689996,HCV,1a,100.0
MW690004,HCV,"unassigned_1, 1a-4o-4v-4o",NA
KC127094,HCV,1a,100.0
KC127086,HCV,1a,100.0
KC127097,HCV,1a,100.0
KC127103,HCV,1a,100.0
KC127100,HCV,1a,100.0
KC127096,HCV,1a,100.0
KC127085,HCV,1a,100.0
KC127115,HCV,1a,100.0
KC127116,HCV,1a,100.0
KC127108,HCV,1a,100.0
KC127098,HCV,1a,100.0
KC127111,HCV,1a,100.0
KC127113,HCV,1a,100.0
KC127106,HCV,1a,100.0
KC127114,HCV,1a,100.0
KC127110,HCV,1a,100.0
KC127117,HCV,1a,100.0
KC127109,HCV,1a,100.0
KC127107,HCV,1a,100.0
KC127118,HCV,1a,100.0
KC127112,HCV,1a,100.0
KC127105,HCV,1a,100.0
PV289047,HCV,1a,100.0
PV289040,HCV,1a,100.0
PV289046,HCV,1a,100.0
PV289054,HCV,1a,100.0
PV289048,HCV,1a,100.0
PV289043,HCV,1a,100.0
PV289044,HCV,1a,100.0
PV289049,HCV,1a,100.0
PV289041,HCV,1a,100.0
PV289042,HCV,1a,100.0
PV289053,HCV,1a,100.0
PV289051,HCV,1a,100.0
PV289052,HCV,1a,100.0
PV289045,HCV,1a,100.0
PV289050,HCV,1a,100.0
PV289055,HCV,1a,100.0
PV289056,HCV,1a,100.0
PV289057,HCV,1a,100.0
PV289063,HCV,1a,100.0
PV289069,HCV,1a,100.0
PV289059,HCV,1a,100.0
PV289065,HCV,1a,100.0
PV289068,HCV,1a,100.0
PV289060,HCV,1a,100.0
PV289067,HCV,1a,100.0
PV289070,HCV,1a,100.0
PV289061,HCV,1a,100.0
PV289062,HCV,1a,100.0
MW689998,HCV,1a,100.0
MW689994,HCV,1a,100.0
MW690008,HCV,"unassigned_1, 1b-4r-1a-4r",NA
MW689999,HCV,1b,100.0
MW690009,HCV,"unassigned_1, 1b-1a",NA
MW690005,HCV,1a,100.0
MW690002,HCV,1a,100.0
MW690000,HCV,1a,100.0
MW690003,HCV,1a,100.0
MW690011,HCV,1a,100.0
KC126401,HCV,1a,100.0
KC126402,HCV,1a,100.0
KC126405,HCV,1a,100.0
KC126412,HCV,1a,100.0
KC126403,HCV,1a,100.0
KC126414,HCV,1a,100.0
KC126426,HCV,1a,100.0
KC126418,HCV,1a,100.0
KC126413,HCV,1a,100.0
KC126416,HCV,1a,100.0
KC126404,HCV,1a,100.0
KC126417,HCV,1a,100.0
KC126545,HCV,1a,100.0
KC126546,HCV,1a,100.0
KC126539,HCV,1a,100.0
KC126549,HCV,1a,100.0
KC126548,HCV,1a,100.0
KC126550,HCV,1a,100.0
KC126547,HCV,1a,100.0
KC126556,HCV,1a,100.0
KC126574,HCV,1a,100.0
KC126564,HCV,1a,100.0
KC126577,HCV,1a,100.0
KC126579,HCV,1a,100.0
KC126576,HCV,1a,100.0
KC126571,HCV,1a,100.0
KC126580,HCV,1a,100.0
KC126582,HCV,1a,100.0
KC126581,HCV,1a,100.0
KC126554,HCV,1a,100.0
KC126575,HCV,1a,100.0
KC126624,HCV,1a,100.0
KC126628,HCV,1a,100.0
KC126632,HCV,1a,100.0
KC126622,HCV,1a,100.0
KC126617,HCV,1a,100.0
KC126637,HCV,1a,100.0
KC126636,HCV,1a,100.0
KC126630,HCV,1a,100.0
KC126621,HCV,1a,100.0
KC126623,HCV,1a,100.0
KC126638,HCV,1a,100.0
KC126635,HCV,1a,100.0
KC126610,HCV,1a,100.0
KC126640,HCV,1a,100.0
KC126631,HCV,1a,100.0
KC126626,HCV,1a,100.0
KC126629,HCV,1a,100.0
KC126642,HCV,1a,100.0
KC126648,HCV,1a,100.0
KC126644,HCV,1a,100.0
KC126650,HCV,1a,100.0
KC126684,HCV,1a,100.0
KC126678,HCV,1a,100.0
KC126690,HCV,1a,100.0
KC126686,HCV,1a,100.0
KC126689,HCV,1a,100.0
KC126687,HCV,1a,100.0
KC126676,HCV,1a,100.0
KC126715,HCV,1a,100.0
KC126716,HCV,1a,100.0
KC126706,HCV,1a,100.0
KC126719,HCV,1a,100.0
KC126712,HCV,1a,100.0
KC126710,HCV,1a,100.0
KC126713,HCV,1a,100.0
KC126779,HCV,1a,100.0
KC126784,HCV,1a,100.0
KC126778,HCV,1a,100.0
KC126794,HCV,1a,100.0
KC126789,HCV,1a,100.0
KC126788,HCV,1a,100.0
KC126799,HCV,1a,100.0
KC126787,HCV,1a,100.0
KC126806,HCV,1a,100.0
KC126808,HCV,1a,100.0
KC126792,HCV,1a,100.0
KC126803,HCV,1a,100.0
KC126801,HCV,1a,100.0
KC126812,HCV,1a,100.0
KC126793,HCV,1a,100.0
KC126804,HCV,1a,100.0
KC126819,HCV,1a,100.0
KC126820,HCV,1a,100.0
KC126805,HCV,1a,100.0
KC126826,HCV,1a,100.0
KC126834,HCV,1a,100.0
KC126841,HCV,1a,100.0
KC126854,HCV,1a,100.0
KC126845,HCV,1a,100.0
KC126857,HCV,1a,100.0
KC126849,HCV,1a,100.0
KC126859,HCV,1a,100.0
KC126868,HCV,1a,100.0
KC126858,HCV,1a,100.0
KC126866,HCV,1a,100.0
PV289142,HCV,3a,100.0
PV289140,HCV,3a,100.0
PV289138,HCV,3a,100.0
PV289143,HCV,3a,100.0
PV289145,HCV,3a,100.0
PV289147,HCV,3a,100.0
PV289148,HCV,3a,100.0
PV289149,HCV,3a,100.0
PV289152,HCV,3a,100.0
PV289153,HCV,3a,100.0
PV289150,HCV,3a,100.0
PV289144,HCV,3a,100.0
PV289146,HCV,3a,100.0
PV289151,HCV,3a,100.0
PV289157,HCV,3a,100.0
PV289156,HCV,3a,100.0
PV289160,HCV,3a,100.0
PV289162,HCV,3a,100.0
PV289158,HCV,3a,100.0
PV289155,HCV,3a,100.0
PV289154,HCV,3a,100.0
PV289159,HCV,3a,100.0
PV289167,HCV,3a,100.0
PV289166,HCV,3a,100.0
PV289163,HCV,3a,100.0
PV289165,HCV,3a,100.0
PV289161,HCV,3a,100.0
PV289170,HCV,3a,100.0
PV289168,HCV,3a,100.0
PV289171,HCV,3a,100.0
PV289169,HCV,3a,100.0
PV289175,HCV,3a,100.0
PV289173,HCV,3a,100.0
PV289172,HCV,3a,100.0
PV289164,HCV,3a,100.0
PV289177,HCV,3a,100.0
PV289176,HCV,3a,100.0
PV289178,HCV,3a,100.0
PV289174,HCV,3a,100.0
PV289179,HCV,3a,100.0
PV289180,HCV,3a,100.0
PV289183,HCV,3a,100.0
PV289181,HCV,3a,100.0
PV289185,HCV,3a,100.0
PV289186,HCV,3a,100.0
PV289188,HCV,3a,100.0
PV289182,HCV,3a,100.0
PV289187,HCV,3a,100.0
PV289190,HCV,3a,100.0
PV289184,HCV,3a,100.0
PV289191,HCV,3a,100.0
PV289189,HCV,3a,100.0
PV289192,HCV,3a,100.0
PV289194,HCV,3a,100.0
PV289193,HCV,3a,100.0
PV289198,HCV,3a,100.0
PV289209,HCV,3a,100.0
PV289206,HCV,3a,100.0
PV289201,HCV,3a,100.0
PV289207,HCV,3a,100.0
PV289216,HCV,"unassigned_1, 3a-2b",NA
PV289208,HCV,3a,100.0
PV289218,HCV,"unassigned_1, 3a-2b",NA
MW689945,HCV,"unassigned_1, 1a-4a",NA
MW689944,HCV,"unassigned_1, 1a-2k",NA
PV289211,HCV,3a,100.0
PV289212,HCV,3a,100.0
PV289214,HCV,3a,100.0
PV289217,HCV,3a,100.0
PV289213,HCV,3a,100.0
PV289220,HCV,3a,100.0
PV289221,HCV,3a,100.0
PV289219,HCV,3a,100.0
MW689949,HCV,1a,100.0
MW689947,HCV,1a,100.0
MW689946,HCV,1a,100.0
MW689948,HCV,1a,100.0
PV289215,HCV,3a,100.0
MW689950,HCV,1a,100.0
MW689952,HCV,1l,100.0
MW689953,HCV,1a,100.0
MW689963,HCV,"unassigned_1, 1a-4a",NA
MW689956,HCV,1a,100.0
MW689954,HCV,1a,100.0
MW689951,HCV,1a,100.0
MW689955,HCV,1a,100.0
MW689959,HCV,1a,100.0
PV289064,HCV,1a,100.0
PV289071,HCV,1a,100.0
PV289058,HCV,1a,100.0
PV289072,HCV,1a,100.0
PV289066,HCV,1a,100.0
PV289077,HCV,1a,100.0
PV289074,HCV,1a,100.0
PV289073,HCV,1a,100.0
PV289082,HCV,1a,100.0
PV289076,HCV,1a,100.0
PV289081,HCV,1a,100.0
PV289079,HCV,1a,100.0
PV289078,HCV,1a,100.0
PV289084,HCV,1a,100.0
PV289075,HCV,1a,100.0
PV289087,HCV,1a,100.0
PV289086,HCV,1a,100.0
PV289080,HCV,1a,100.0
PV289083,HCV,1a,100.0
PV289085,HCV,1a,100.0
PV289088,HCV,1a,100.0
PV289095,HCV,1a,100.0
PV289090,HCV,1a,100.0
PV289092,HCV,1a,100.0
PV289097,HCV,1a,100.0
PV289089,HCV,1a,100.0
PV289091,HCV,1a,100.0
PV289094,HCV,1a,100.0
PV289093,HCV,1a,100.0
PV289100,HCV,1a,100.0
PV289099,HCV,1a,100.0
PV289101,HCV,1a,100.0
PV289098,HCV,1a,100.0
PV289096,HCV,1a,100.0
PV289103,HCV,1a,100.0
PV289102,HCV,1a,100.0
PV289107,HCV,1a,100.0
PV289116,HCV,"unassigned_1, 1a-2b",NA
PV289104,HCV,1a,100.0
PV289111,HCV,1a,100.0
PV289106,HCV,1a,100.0
PV289110,HCV,1a,100.0
PV289108,HCV,1a,100.0
PV289109,HCV,1a,100.0
PV289115,HCV,1a,100.0
PV289113,HCV,1a,100.0
PV289118,HCV,"unassigned_1, 1a-2b",NA
PV289114,HCV,1a,100.0
PV289112,HCV,1a,100.0
PV289105,HCV,1a,100.0
PV289117,HCV,1a,100.0
PV289121,HCV,1a,100.0
PV289119,HCV,1a,100.0
PV289123,HCV,1a,100.0
PV289124,HCV,1a,100.0
PV289120,HCV,1a,100.0
PV289130,HCV,"unassigned_1, 1a-2b",NA
PV289131,HCV,1a,100.0
PV289132,HCV,1a,100.0
PV289122,HCV,1a,100.0
PV289129,HCV,1a,100.0
PV289126,HCV,1a,100.0
PV289133,HCV,1a,100.0
PV289125,HCV,1a,100.0
PV289127,HCV,1a,100.0
PV289134,HCV,1a,100.0
PV289128,HCV,1a,100.0
PV289135,HCV,1a,100.0
PV289137,HCV,3a,100.0
PV289141,HCV,3a,100.0
PV289139,HCV,3a,100.0
PV289136,HCV,3a,100.0
MW689961,HCV,1a,100.0
MW689957,HCV,1a,100.0
MW689960,HCV,1a,100.0
MW689958,HCV,1a,100.0
MW689962,HCV,1a,100.0
KC126385,HCV,1a,100.0
KC126386,HCV,1a,100.0
MW690006,HCV,1a,100.0
KC126389,HCV,1a,100.0
KC126411,HCV,1a,100.0
KC126407,HCV,1a,100.0
KC126437,HCV,1a,100.0
KC126458,HCV,1a,100.0
KC126462,HCV,1a,100.0
KC126423,HCV,1a,100.0
KC126457,HCV,1a,100.0
KC126447,HCV,1a,100.0
KC126461,HCV,1a,100.0
KC126479,HCV,1a,100.0
KC126449,HCV,1a,100.0
KC126477,HCV,1a,100.0
KC126494,HCV,1a,100.0
KC126491,HCV,1a,100.0
KC126509,HCV,1a,100.0
KC126384,HCV,1a,100.0
KC126383,HCV,1a,100.0
KC126382,HCV,1a,100.0
KC126381,HCV,1a,100.0
KC126872,HCV,1a,100.0
KC126862,HCV,1a,100.0
KC126869,HCV,1a,100.0
KC126870,HCV,1a,100.0
KC126881,HCV,1a,100.0
KC126878,HCV,1a,100.0
KC126880,HCV,1a,100.0
KC126874,HCV,1a,100.0
KC126895,HCV,1a,100.0
KC126894,HCV,1a,100.0
KC126900,HCV,1a,100.0
KC126901,HCV,1a,100.0
KC126897,HCV,1a,100.0
KC126907,HCV,1a,100.0
KC126883,HCV,1a,100.0
KC126908,HCV,1a,100.0
KC126903,HCV,1a,100.0
KC126902,HCV,1a,100.0
KC126912,HCV,1a,100.0
KC126913,HCV,1a,100.0
KC126916,HCV,1a,100.0
KC126906,HCV,1a,100.0
KC126919,HCV,1a,100.0
KC126917,HCV,1a,100.0
KC126924,HCV,1a,100.0
KC126918,HCV,1a,100.0
KC126926,HCV,1a,100.0
KC126928,HCV,1a,100.0
KC126927,HCV,1a,100.0
KC126925,HCV,1a,100.0
KC126923,HCV,1a,100.0
KC126921,HCV,1a,100.0
KC126933,HCV,1a,100.0
KC126930,HCV,1a,100.0
KC126934,HCV,1a,100.0
KC126939,HCV,1a,100.0
KC126931,HCV,1a,100.0
KC126938,HCV,1a,100.0
KC126942,HCV,1a,100.0
KC126929,HCV,1a,100.0
KC126936,HCV,1a,100.0
KC126935,HCV,1a,100.0
KC126941,HCV,1a,100.0
KC126952,HCV,1a,100.0
KC126957,HCV,1a,100.0
KC126949,HCV,1a,100.0
KC126955,HCV,1a,100.0
KC126954,HCV,1a,100.0
KC126959,HCV,1a,100.0
KC126962,HCV,1a,100.0
KC126956,HCV,1a,100.0
KC126964,HCV,1a,100.0
KC126970,HCV,1a,100.0
KC126966,HCV,1a,100.0
KC126965,HCV,1a,100.0
KC126961,HCV,1a,100.0
KC126981,HCV,1a,100.0
KC126974,HCV,1a,100.0
KC126980,HCV,1a,100.0
KC126973,HCV,1a,100.0
KC126985,HCV,1a,100.0
KC126978,HCV,1a,100.0
KC126975,HCV,1a,100.0
KC126976,HCV,1a,100.0
KC126984,HCV,1a,100.0
KC126987,HCV,1a,100.0
KC126986,HCV,1a,100.0
KC126992,HCV,1a,100.0
KC126991,HCV,1a,100.0
KC126979,HCV,1a,100.0
KC127000,HCV,1a,100.0
KC126995,HCV,1a,100.0
KC126989,HCV,1a,100.0
KC126982,HCV,1a,100.0
KC126998,HCV,1a,100.0
KC126994,HCV,1a,100.0
KC127005,HCV,1a,100.0
KC127004,HCV,1a,100.0
KC126999,HCV,1a,100.0
KC127001,HCV,1a,100.0
KC126997,HCV,1a,100.0
KC126996,HCV,1a,100.0
KC126993,HCV,1a,100.0
KC126988,HCV,1a,100.0
KC127009,HCV,1a,100.0
KC127011,HCV,1a,100.0
KC127008,HCV,1a,100.0
KC127012,HCV,1a,100.0
KC127007,HCV,1a,100.0
KC127006,HCV,1a,100.0
KC127003,HCV,1a,100.0
KC127010,HCV,1a,100.0
KC127019,HCV,1a,100.0
KC127017,HCV,1a,100.0
KC127020,HCV,1a,100.0
KC127030,HCV,1a,100.0
KC127033,HCV,1a,100.0
KC127031,HCV,1a,100.0
KC127027,HCV,1a,100.0
KC127025,HCV,1a,100.0
KC127024,HCV,1a,100.0
KC127039,HCV,1a,100.0
KC127041,HCV,1a,100.0
KC127057,HCV,1a,100.0
KC127053,HCV,1a,100.0
KC127047,HCV,1a,100.0
KC127055,HCV,1a,100.0
KC127068,HCV,1a,100.0
KC127054,HCV,1a,100.0
KC127067,HCV,1a,100.0
KC127066,HCV,1a,100.0
KC127050,HCV,1a,100.0
KC127063,HCV,1a,100.0
KC127076,HCV,1a,100.0
KC127071,HCV,1a,100.0
KC127079,HCV,1a,100.0
KC127077,HCV,1a,100.0
KC127070,HCV,1a,100.0
KC127059,HCV,1a,100.0
KC127088,HCV,1a,100.0
KC127091,HCV,1a,100.0
KC127090,HCV,1a,100.0
LC209864,HCV,1a,100.0
EU709907,HCV,1a,100.0
EU709908,HCV,1a,100.0
EU709909,HCV,1a,100.0
EU709910,HCV,1a,100.0
GU117915,HCV,2b,100.0
GU117916,HCV,1a,100.0
GU117917,HCV,1a,100.0
GU117921,HCV,1a,100.0
GU117922,HCV,1a,100.0
GU117925,HCV,1a,100.0
EU709894,HCV,1a,100.0
EU709893,HCV,1a,100.0
GU117924,HCV,1a,100.0
EU709895,HCV,1a,100.0
EU709897,HCV,1a,100.0
EU709898,HCV,1a,100.0
EU709900,HCV,1a,100.0
EU709901,HCV,1a,100.0
EU709903,HCV,1a,100.0
EU709904,HCV,1a,100.0
EU709902,HCV,1a,100.0
EU709906,HCV,1a,100.0
EU709905,HCV,1a,100.0
EU709923,HCV,1a,100.0
EU709921,HCV,1a,100.0
EU709925,HCV,1a,100.0
EU709926,HCV,1a,100.0
EU709931,HCV,1a,100.0
EU709929,HCV,1a,100.0
EU709932,HCV,1a,100.0
EU709928,HCV,1a,100.0
EU709934,HCV,1a,100.0
EU709927,HCV,1a,100.0
EU709933,HCV,1a,100.0
EU709942,HCV,1a,100.0
EU709953,HCV,1b,100.0
EU709950,HCV,1b,100.0
EU709947,HCV,1a,100.0
EU709951,HCV,1b,100.0
EU709955,HCV,1b,100.0
EU709954,HCV,1b,100.0
EU709957,HCV,1b,100.0
EU709959,HCV,1b,100.0
EU709958,HCV,1b,100.0
EU709956,HCV,1b,100.0
EU709974,HCV,3a,100.0
EU709978,HCV,3a,100.0
EU709982,HCV,3a,100.0
EU709977,HCV,3a,100.0
EU709979,HCV,3a,100.0
EU709981,HCV,3a,100.0
EU709983,HCV,3a,100.0
EU709980,HCV,3a,100.0
EU709985,HCV,3a,100.0
EU709986,HCV,3a,100.0
EU709984,HCV,3a,100.0
KT870174,HCV,1b,100.0
KT870176,HCV,1b,100.0
KT870171,HCV,1b,100.0
EU709965,HCV,3a,100.0
EU710002,HCV,3a,100.0
EU709999,HCV,3a,100.0
EU710007,HCV,3a,100.0
EU710000,HCV,3a,100.0
EU710004,HCV,3a,100.0
EU710010,HCV,3a,100.0
EU710008,HCV,3a,100.0
EU710006,HCV,3a,100.0
EU710009,HCV,3a,100.0
EU710005,HCV,3a,100.0
EU710001,HCV,3a,100.0
EU710016,HCV,3a,100.0
EU710025,HCV,3a,100.0
EU710029,HCV,3a,100.0
EU710027,HCV,3a,100.0
EU710030,HCV,3a,100.0
EU710026,HCV,3a,100.0
EU710031,HCV,3a,100.0
LC209865,HCV,1a,100.0
EU710054,HCV,3a,100.0
EU710050,HCV,3a,100.0
EU710048,HCV,3a,100.0
EU710052,HCV,3a,100.0
EU710053,HCV,3a,100.0
EU710055,HCV,3a,100.0
EU710056,HCV,3a,100.0
EU710060,HCV,3a,100.0
EU710058,HCV,3a,100.0
EU710057,HCV,3a,100.0
EU710059,HCV,3a,100.0
LC209869,HCV,1a,100.0
EU710032,HCV,3a,100.0
EU710034,HCV,3a,100.0
EU710033,HCV,3a,100.0
EU710028,HCV,3a,100.0
EU710035,HCV,3a,100.0
EU710081,HCV,3a,100.0
EU710080,HCV,3a,100.0
EU710082,HCV,3a,100.0
EU710079,HCV,3a,100.0
EU710077,HCV,3a,100.0
EU710468,HCV,1a,100.0
EU710469,HCV,1a,100.0
EU710467,HCV,1a,100.0
EU710075,HCV,3a,100.0
EU710078,HCV,3a,100.0
EU710500,HCV,1a,100.0
EU710486,HCV,1a,100.0
EU710485,HCV,1a,100.0
EU710488,HCV,1a,100.0
EU710489,HCV,1a,100.0
EU710490,HCV,1a,100.0
EU710492,HCV,1a,100.0
EU710491,HCV,1a,100.0
EU710493,HCV,1a,100.0
EU710494,HCV,1a,100.0
EU710496,HCV,1a,100.0
EU710516,HCV,1a,100.0
EU710512,HCV,1a,100.0
KT735179,HCV,1a,100.0
KT735187,HCV,1a,100.0
KT735178,HCV,1a,100.0
KT735183,HCV,3a,100.0
KT735181,HCV,1a,100.0
LC209868,HCV,1a,100.0
LC209875,HCV,1a,100.0
LC209876,HCV,1a,100.0
LC209870,HCV,1a,100.0
LC209867,HCV,1a,100.0
LC209877,HCV,1a,100.0
LC209872,HCV,1a,100.0
LC209871,HCV,1a,100.0
LC209880,HCV,1a,100.0
LC209879,HCV,1a,100.0
KT870200,HCV,1b,100.0
KT870194,HCV,1b,100.0
KT870206,HCV,1b,100.0
KT870204,HCV,1b,100.0
KT870203,HCV,1b,100.0
LC209873,HCV,1a,100.0
LC209878,HCV,1a,100.0
LC209866,HCV,1a,100.0
LC209874,HCV,1a,100.0
LC209885,HCV,1a,100.0
PQ660824,HCV,1a,100.0
LC209887,HCV,1a,100.0
PQ660826,HCV,1a,100.0
LC209883,HCV,1a,100.0
PQ660828,HCV,1a,100.0
LC209888,HCV,1a,100.0
LC209881,HCV,1a,100.0
PQ660823,HCV,1a,100.0
KT870224,HCV,1a,100.0
PQ660827,HCV,1a,100.0
PQ660829,HCV,1a,100.0
LC209884,HCV,1a,100.0
PQ660830,HCV,4a,100.0
PQ660831,HCV,1a,100.0
KT870237,HCV,1b,100.0
KT870239,HCV,1b,100.0
KT870238,HCV,1b,100.0
KT870240,HCV,1b,100.0
KT870236,HCV,1b,100.0
KT870235,HCV,1b,100.0
KT870227,HCV,1a,100.0
KT870232,HCV,1b,100.0
KT870231,HCV,1b,100.0
KT870233,HCV,1b,100.0
KT870250,HCV,1b,100.0
KT870251,HCV,1b,100.0
PQ660834,HCV,1a,100.0
KT870248,HCV,1b,100.0
KT870254,HCV,1b,100.0
KT870253,HCV,1b,100.0
PQ660832,HCV,1a,100.0
KT870252,HCV,1a,100.0
PQ660836,HCV,1a,100.0
PQ660842,HCV,1a,100.0
KT870265,HCV,1b,100.0
KT870255,HCV,1b,100.0
KT870260,HCV,1b,100.0
KT870259,HCV,1b,100.0
KT870276,HCV,1a,100.0
KT870279,HCV,1b,100.0
KT870278,HCV,1b,100.0
KT870241,HCV,1b,100.0
KT870243,HCV,1b,100.0
KT870244,HCV,1b,100.0
KT870245,HCV,1a,100.0
KT870247,HCV,1a,100.0
KT870246,HCV,1b,100.0
KT870270,HCV,1b,100.0
KT870271,HCV,1b,100.0
KT870272,HCV,1b,100.0
KT870274,HCV,1b,100.0
KT870273,HCV,1a,100.0
KT870282,HCV,1b,100.0
KT870284,HCV,1b,100.0
KT870286,HCV,1a,100.0
KT870285,HCV,1b,100.0
KT870331,HCV,1b,100.0
KT870329,HCV,1b,100.0
KT870333,HCV,1b,100.0
KT870328,HCV,1a,100.0
KT870337,HCV,1b,100.0
KT870338,HCV,1b,100.0
KT870340,HCV,1b,100.0
KT870343,HCV,1b,100.0
KT870342,HCV,1b,100.0
KT870346,HCV,1b,100.0
KT870344,HCV,1b,100.0
KT870347,HCV,1b,100.0
KT870345,HCV,1b,100.0
KT870371,HCV,1b,100.0
KT870366,HCV,1b,100.0
KT870367,HCV,1b,100.0
KT870381,HCV,1b,100.0
KT870379,HCV,1a,100.0
KT870385,HCV,1b,100.0
KT870382,HCV,1b,100.0
KT870380,HCV,1b,100.0
KT870383,HCV,1b,100.0
KT870392,HCV,1b,100.0
KT870390,HCV,1b,100.0
KT870388,HCV,1b,100.0
KT870391,HCV,1b,100.0
KT870400,HCV,1b,100.0
KT870401,HCV,1b,100.0
KT870402,HCV,1b,100.0
KT870405,HCV,1b,100.0
KT870404,HCV,1b,100.0
KT870408,HCV,1b,100.0
KT870407,HCV,1b,100.0
KT870411,HCV,1b,100.0
KT870412,HCV,1a,100.0
KT870418,HCV,1b,100.0
KT870419,HCV,1b,100.0
KT870415,HCV,1b,100.0
KT870414,HCV,1a,100.0
KT870417,HCV,1b,100.0
KT870413,HCV,1b,100.0
KT870429,HCV,1b,100.0
KT870430,HCV,1b,100.0
KT870432,HCV,1b,100.0
KT870426,HCV,1b,100.0
KT870440,HCV,1a,100.0
KT870445,HCV,1b,100.0
KT870443,HCV,1b,100.0
KT870441,HCV,1b,100.0
KT870461,HCV,1b,100.0
KT870459,HCV,1b,100.0
KT870460,HCV,1b,100.0
KT870462,HCV,1b,100.0
KT870463,HCV,1b,100.0
KT870466,HCV,1b,100.0
KT870467,HCV,1b,100.0
KT870470,HCV,1b,100.0
KT870481,HCV,1a,100.0
KT870482,HCV,1a,100.0
KT870483,HCV,1a,100.0
KT870490,HCV,1b,100.0
KT870495,HCV,1b,100.0
KT870492,HCV,1a,100.0
KT870494,HCV,1b,100.0
KT870496,HCV,1b,100.0
KT870522,HCV,1b,100.0
KT870521,HCV,1a,100.0
KT870524,HCV,1b,100.0
KT870523,HCV,1b,100.0
KT870535,HCV,1b,100.0
KT870536,HCV,1a,100.0
KT870533,HCV,1b,100.0
KT870531,HCV,1b,100.0
KT870537,HCV,1b,100.0
KT870532,HCV,1b,100.0
KT870561,HCV,1b,100.0
KT870562,HCV,1b,100.0
KT870563,HCV,1a,100.0
KT870558,HCV,1a,100.0
KT870567,HCV,1b,100.0
KT870566,HCV,1b,100.0
KT870568,HCV,1b,100.0
KT870565,HCV,1b,100.0
KT870564,HCV,1b,100.0
KT870580,HCV,1b,100.0
KT870577,HCV,1b,100.0
KT870581,HCV,1b,100.0
KT870590,HCV,1a,100.0
KT870592,HCV,1b,100.0
KT870594,HCV,1b,100.0
KT870593,HCV,1b,100.0
KT870291,HCV,1b,100.0
KT870289,HCV,1a,100.0
KT870288,HCV,1b,100.0
KT870293,HCV,1b,100.0
KT870294,HCV,1b,100.0
KT870290,HCV,1b,100.0
KT870297,HCV,1b,100.0
KT870298,HCV,1b,100.0
KT870301,HCV,1b,100.0
KT870296,HCV,1b,100.0
KT870300,HCV,1b,100.0
KT870303,HCV,1b,100.0
KT870308,HCV,1a,100.0
KT870304,HCV,1b,100.0
KT870311,HCV,1b,100.0
KT870313,HCV,1b,100.0
KT870314,HCV,1b,100.0
KT870317,HCV,1a,100.0
KT870319,HCV,1b,100.0
KT870320,HCV,1b,100.0
KT870321,HCV,1b,100.0
KT870318,HCV,1a,100.0
KT870316,HCV,1b,100.0
KT870324,HCV,1b,100.0
KT870322,HCV,1a,100.0
KT870327,HCV,1b,100.0
KT870326,HCV,1a,100.0
KT870348,HCV,1b,100.0
KT870352,HCV,1b,100.0
KT870350,HCV,1b,100.0
KT870355,HCV,1b,100.0
KT870359,HCV,1b,100.0
KT870356,HCV,1b,100.0
KT870357,HCV,1a,100.0
KT870362,HCV,1b,100.0
KT870365,HCV,1b,100.0
KT870361,HCV,1a,100.0
KT870374,HCV,1a,100.0
KT870376,HCV,1b,100.0
KT870372,HCV,1a,100.0
KT870378,HCV,1a,100.0
KT870375,HCV,1b,100.0
KT870377,HCV,1b,100.0
KT870399,HCV,1b,100.0
KT870398,HCV,1b,100.0
KT870394,HCV,1b,100.0
KT870397,HCV,1a,100.0
KT870395,HCV,1a,100.0
KT870425,HCV,1b,100.0
KT870422,HCV,1b,100.0
KT870424,HCV,1b,100.0
KT870435,HCV,1b,100.0
KT870436,HCV,1b,100.0
KT870437,HCV,1b,100.0
KT870434,HCV,1b,100.0
KT870447,HCV,1b,100.0
KT870450,HCV,1b,100.0
KT870451,HCV,1a,100.0
KT870449,HCV,1b,100.0
KT870448,HCV,1b,100.0
KT870453,HCV,1b,100.0
KT870454,HCV,1b,100.0
KT870455,HCV,1b,100.0
KT870456,HCV,1b,100.0
KT870457,HCV,1b,100.0
KT870475,HCV,1b,100.0
KT870474,HCV,1b,100.0
KT870473,HCV,1b,100.0
KT870476,HCV,1b,100.0
KT870472,HCV,1b,100.0
KT870477,HCV,1b,100.0
KT870485,HCV,1b,100.0
KT870487,HCV,1a,100.0
KT870489,HCV,1a,100.0
KT870486,HCV,1b,100.0
KT870503,HCV,1b,100.0
KT870497,HCV,1a,100.0
KT870498,HCV,1a,100.0
KT870504,HCV,1b,100.0
KT870508,HCV,1b,100.0
KT870510,HCV,1b,100.0
KT870506,HCV,1a,100.0
KT870507,HCV,1b,100.0
KT870514,HCV,1b,100.0
KT870517,HCV,1b,100.0
KT870515,HCV,1b,100.0
KT870512,HCV,1b,100.0
KT870516,HCV,1b,100.0
KT870527,HCV,1b,100.0
KT870529,HCV,1b,100.0
KT870526,HCV,1b,100.0
KT870528,HCV,1b,100.0
KT870530,HCV,1b,100.0
KT870540,HCV,1a,100.0
KT870539,HCV,1b,100.0
KT870541,HCV,1b,100.0
KT870544,HCV,1b,100.0
KT870542,HCV,1b,100.0
KT870545,HCV,1b,100.0
KT870548,HCV,1b,100.0
KT870550,HCV,1a,100.0
KT870552,HCV,1b,100.0
KT870553,HCV,1b,100.0
KT870554,HCV,1a,100.0
KT870557,HCV,1b,100.0
KT870555,HCV,1b,100.0
KT870572,HCV,1b,100.0
KT870573,HCV,1a,100.0
KT870571,HCV,1b,100.0
KT870574,HCV,1b,100.0
KT870575,HCV,1b,100.0
KT870585,HCV,1b,100.0
KT870584,HCV,1b,100.0
KT870586,HCV,1a,100.0
KT870583,HCV,1b,100.0
KT870588,HCV,1b,100.0
KT870587,HCV,1b,100.0
KT870598,HCV,1b,100.0
KT870601,HCV,1b,100.0
KT870600,HCV,1b,100.0
KT870597,HCV,1b,100.0
KT870599,HCV,1b,100.0
KT870604,HCV,1b,100.0
KT870606,HCV,1b,100.0
KT870605,HCV,1b,100.0
KT870608,HCV,1b,100.0
KT870607,HCV,1b,100.0
KT870620,HCV,1b,100.0
KT870622,HCV,1b,100.0
KT870621,HCV,1b,100.0
KT870619,HCV,1b,100.0
KT870617,HCV,1b,100.0
KT870625,HCV,1b,100.0
KT870624,HCV,1b,100.0
KT870627,HCV,1b,100.0
KT870629,HCV,1b,100.0
KT870626,HCV,1b,100.0
KT870628,HCV,1a,100.0
KT870639,HCV,1b,100.0
KT870638,HCV,1a,100.0
KT870640,HCV,1b,100.0
KT870642,HCV,1a,100.0
KT870641,HCV,1b,100.0
KT870637,HCV,1b,100.0
KT870652,HCV,1b,100.0
KT870653,HCV,1b,100.0
KT870651,HCV,1b,100.0
KT870658,HCV,1b,100.0
KT870660,HCV,1b,100.0
KT870662,HCV,1a,100.0
KT870661,HCV,1b,100.0
KT870657,HCV,1a,100.0
KT870673,HCV,1b,100.0
KT870671,HCV,1a,100.0
KT870672,HCV,1b,100.0
KT870674,HCV,1b,100.0
KT870670,HCV,1b,100.0
KT870685,HCV,1b,100.0
KT870684,HCV,1a,100.0
KT870683,HCV,1b,100.0
KT870687,HCV,1b,100.0
KT870686,HCV,1b,100.0
KT870688,HCV,1b,100.0
KT870701,HCV,1b,100.0
KT870700,HCV,1b,100.0
KT870697,HCV,1b,100.0
KT870698,HCV,1b,100.0
KT870711,HCV,1b,100.0
KT870710,HCV,1b,100.0
KT870712,HCV,1b,100.0
KT870714,HCV,1b,100.0
KT870713,HCV,1b,100.0
KT870733,HCV,1b,100.0
KT870731,HCV,1b,100.0
KT870729,HCV,1b,100.0
KT870728,HCV,1b,100.0
KT870742,HCV,1b,100.0
KT870744,HCV,1b,100.0
KT870743,HCV,1b,100.0
KT870745,HCV,1b,100.0
KT870754,HCV,1b,100.0
KT870752,HCV,1b,100.0
KT870756,HCV,1a,100.0
KT870755,HCV,1b,100.0
KT870757,HCV,1b,100.0
KT870765,HCV,1b,100.0
KT870767,HCV,1b,100.0
KT870769,HCV,1b,100.0
KT870770,HCV,1a,100.0
KT870771,HCV,1a,100.0
KT870781,HCV,1b,100.0
KT870780,HCV,1b,100.0
KT870782,HCV,1b,100.0
KT870613,HCV,1b,100.0
KT870612,HCV,1a,100.0
KT870615,HCV,1b,100.0
KT870610,HCV,1b,100.0
KT870611,HCV,1b,100.0
KT870614,HCV,1b,100.0
KT870631,HCV,1a,100.0
KT870632,HCV,1b,100.0
KT870635,HCV,1b,100.0
KT870634,HCV,1b,100.0
KT870645,HCV,1a,100.0
KT870643,HCV,1b,100.0
KT870647,HCV,1b,100.0
KT870648,HCV,1b,100.0
KT870649,HCV,1b,100.0
KT870644,HCV,1b,100.0
KT870663,HCV,1b,100.0
KT870667,HCV,1b,100.0
KT870665,HCV,1b,100.0
KT870666,HCV,1b,100.0
KT870679,HCV,1b,100.0
KT870676,HCV,1a,100.0
KT870681,HCV,1b,100.0
KT870680,HCV,1b,100.0
KT870693,HCV,1b,100.0
KT870694,HCV,1b,100.0
KT870689,HCV,1b,100.0
KT870692,HCV,1b,100.0
KT870695,HCV,1a,100.0
KT870703,HCV,1b,100.0
KT870705,HCV,1b,100.0
KT870707,HCV,1b,100.0
KT870708,HCV,1b,100.0
KT870715,HCV,1b,100.0
KT870718,HCV,1a,100.0
KT870719,HCV,1b,100.0
KT870722,HCV,1b,100.0
KT870724,HCV,1b,100.0
KT870726,HCV,1b,100.0
KT870725,HCV,1b,100.0
KT870739,HCV,1b,100.0
KT870738,HCV,1b,100.0
KT870735,HCV,1b,100.0
KT870749,HCV,1b,100.0
KT870748,HCV,1b,100.0
KT870751,HCV,1a,100.0
KT870758,HCV,1b,100.0
KT870760,HCV,1b,100.0
KT870761,HCV,1b,100.0
KT870762,HCV,1b,100.0
KT870763,HCV,1b,100.0
KT870764,HCV,1b,100.0
KT870776,HCV,1a,100.0
KT870775,HCV,1b,100.0
KT870778,HCV,1b,100.0
KT870774,HCV,1b,100.0
KT870777,HCV,1b,100.0
KT870792,HCV,1b,100.0
KT870796,HCV,1b,100.0
KT870795,HCV,1b,100.0
KT870794,HCV,1b,100.0
KT870797,HCV,1b,100.0
KT870793,HCV,1b,100.0
KT870812,HCV,1b,100.0
KT870815,HCV,1b,100.0
KT870813,HCV,1b,100.0
KT870816,HCV,1a,100.0
KT870825,HCV,1b,100.0
KT870824,HCV,1b,100.0
KT870829,HCV,1b,100.0
KT870830,HCV,1b,100.0
KT870838,HCV,1b,100.0
KT870839,HCV,1b,100.0
KT870788,HCV,1b,100.0
KT870789,HCV,1b,100.0
KT870785,HCV,1b,100.0
KT870790,HCV,1b,100.0
KT870787,HCV,1b,100.0
KT870800,HCV,1b,100.0
KT870802,HCV,1b,100.0
KT870801,HCV,1b,100.0
KT870804,HCV,1b,100.0
KT870805,HCV,1b,100.0
KT870810,HCV,1b,100.0
KT870806,HCV,1b,100.0
KT870809,HCV,1b,100.0
KT870808,HCV,1b,100.0
KT870819,HCV,1b,100.0
KT870823,HCV,1b,100.0
KT870821,HCV,1b,100.0
KT870817,HCV,1a,100.0
KT870822,HCV,1b,100.0
KT870820,HCV,1b,100.0
KT870835,HCV,1b,100.0
KT870836,HCV,1b,100.0
KT870834,HCV,1b,100.0
KT870837,HCV,1b,100.0
KT870833,HCV,1b,100.0
GU117909,HCV,1b,100.0
GU117912,HCV,2a,100.0
GU117913,HCV,2b,100.0
KT870219,HCV,1b,100.0
KT870217,HCV,1b,100.0
KT870212,HCV,1b,100.0
EU709940,HCV,1a,100.0
GU117910,HCV,2a,100.0
EU709941,HCV,1a,100.0
EU709939,HCV,1a,100.0
EU709943,HCV,1a,100.0
GU117911,HCV,3a,100.0
EU709964,HCV,3a,100.0
EU709968,HCV,3a,100.0
EU709971,HCV,3a,100.0
EU709970,HCV,3a,100.0
EU709969,HCV,3a,100.0
EU710042,HCV,3a,100.0
EU710011,HCV,3a,100.0
EU710061,HCV,3a,100.0
EU710046,HCV,3a,100.0
EU710045,HCV,3a,100.0
EU710041,HCV,3a,100.0
EU710471,HCV,1a,100.0
EU709998,HCV,3a,100.0
EU710477,HCV,1a,100.0
EU710478,HCV,1a,100.0
EU710476,HCV,1a,100.0
EU710483,HCV,1a,100.0
EU710473,HCV,1a,100.0
EU710505,HCV,1a,100.0
EU710474,HCV,1a,100.0
EU710514,HCV,1a,100.0
EU710501,HCV,1a,100.0
EU710515,HCV,1a,100.0
KT870160,HCV,1b,100.0
KT870173,HCV,1a,100.0
KT870164,HCV,1b,100.0
KT870175,HCV,1a,100.0
EU709911,HCV,1a,100.0
EU709914,HCV,1a,100.0
EU709913,HCV,1a,100.0
EU709915,HCV,1a,100.0
EU709935,HCV,1a,100.0
EU709938,HCV,1a,100.0
EU709919,HCV,1a,100.0
EU709917,HCV,1a,100.0
EU709916,HCV,1a,100.0
EU710015,HCV,3a,100.0
EU710020,HCV,3a,100.0
EU710014,HCV,3a,100.0
EU710013,HCV,3a,100.0
EU710019,HCV,3a,100.0
EU710067,HCV,3a,100.0
EU710037,HCV,3a,100.0
EU710043,HCV,3a,100.0
EU709918,HCV,1a,100.0
EU710040,HCV,3a,100.0
EU710070,HCV,3a,100.0
EU710071,HCV,3a,100.0
EU710072,HCV,3a,100.0
KT870183,HCV,1b,100.0
KT870178,HCV,1b,100.0
KT735186,HCV,1a,100.0
KT870187,HCV,1a,100.0
KT870186,HCV,1b,100.0
KT870185,HCV,1a,100.0
KT870182,HCV,1b,100.0
KT735185,HCV,4a,100.0
KT870179,HCV,1a,100.0
KT870177,HCV,1b,100.0
KT870180,HCV,1b,100.0
KT870181,HCV,1b,100.0
KT870184,HCV,1b,100.0
KT870189,HCV,1b,100.0
KT870188,HCV,1b,100.0
KT870191,HCV,1a,100.0
KT870190,HCV,1b,100.0
KT735184,HCV,1b,100.0
KT870192,HCV,1b,100.0
KT870193,HCV,1b,100.0
KT870205,HCV,1a,100.0
KT870202,HCV,1b,100.0
KT870210,HCV,1b,100.0
KT870207,HCV,1b,100.0
KT870208,HCV,1b,100.0
KT870211,HCV,1b,100.0
KT870197,HCV,1b,100.0
KT735182,HCV,1b,100.0
KT870195,HCV,1a,100.0
KT870199,HCV,1b,100.0
KT870196,HCV,1b,100.0
KT870198,HCV,1b,100.0
KT735180,HCV,1b,100.0
KT870201,HCV,1b,100.0
KT870209,HCV,1b,100.0
KT870216,HCV,1b,100.0
KT870215,HCV,1b,100.0
KT870218,HCV,1b,100.0
KT870220,HCV,1b,100.0
KT870221,HCV,1b,100.0
KT870257,HCV,1a,100.0
KT870230,HCV,1b,100.0
KT870234,HCV,1b,100.0
KT870228,HCV,1b,100.0
KT870242,HCV,1a,100.0
KT870249,HCV,1b,100.0
KT870256,HCV,1a,100.0
KT870263,HCV,1b,100.0
KT870269,HCV,1b,100.0
KT870268,HCV,1b,100.0
KT870275,HCV,1b,100.0
KT870264,HCV,1b,100.0
KT870283,HCV,1a,100.0
KT870280,HCV,1b,100.0
KT870281,HCV,1b,100.0
KT870287,HCV,1a,100.0
KT870258,HCV,1b,100.0
KT870266,HCV,1b,100.0
KT870292,HCV,1b,100.0
KT870262,HCV,1a,100.0
KT870261,HCV,1b,100.0
KT870277,HCV,1b,100.0
KT870267,HCV,1b,100.0
KT870295,HCV,1b,100.0
KT870302,HCV,1b,100.0
KT870330,HCV,1b,100.0
KT870305,HCV,1b,100.0
KT870299,HCV,1b,100.0
KT870309,HCV,1b,100.0
KT870306,HCV,1b,100.0
KT870315,HCV,1a,100.0
KT870312,HCV,1b,100.0
KT870307,HCV,1a,100.0
KT870323,HCV,1b,100.0
KT870325,HCV,1b,100.0
KT870336,HCV,1b,100.0
KT870349,HCV,1b,100.0
KT870339,HCV,1a,100.0
KT870351,HCV,1b,100.0
KT870358,HCV,1b,100.0
KT870354,HCV,1b,100.0
KT870360,HCV,1b,100.0
KT870363,HCV,1b,100.0
KT870353,HCV,1b,100.0
KT870368,HCV,1b,100.0
KT870369,HCV,1b,100.0
KT870373,HCV,1b,100.0
KT870332,HCV,1b,100.0
KT870310,HCV,1b,100.0
KT870334,HCV,1a,100.0
KT870335,HCV,1b,100.0
KT870341,HCV,1b,100.0
KT870431,HCV,1b,100.0
KT870403,HCV,1b,100.0
KT870396,HCV,1b,100.0
KT870409,HCV,1b,100.0
KT870416,HCV,1b,100.0
KT870406,HCV,1b,100.0
KT870410,HCV,1b,100.0
KT870421,HCV,1b,100.0
KT870427,HCV,1b,100.0
KT870420,HCV,1b,100.0
KT870433,HCV,1b,100.0
KT870423,HCV,1b,100.0
KT870438,HCV,1b,100.0
KT870444,HCV,1b,100.0
KT870458,HCV,1b,100.0
KT870464,HCV,1b,100.0
KT870465,HCV,1b,100.0
KT870468,HCV,1b,100.0
KT870471,HCV,1b,100.0
KT870493,HCV,1b,100.0
KT870500,HCV,1b,100.0
KT870501,HCV,1b,100.0
KT870499,HCV,1a,100.0
KT870479,HCV,1b,100.0
KT870505,HCV,1b,100.0
KT870511,HCV,1b,100.0
KT870509,HCV,1b,100.0
KT870502,HCV,1b,100.0
KT870469,HCV,1b,100.0
KT870478,HCV,1b,100.0
KT870480,HCV,1b,100.0
KT870484,HCV,1b,100.0
KT870488,HCV,1b,100.0
KT870491,HCV,1b,100.0
KT870513,HCV,1b,100.0
KT870518,HCV,1b,100.0
KT870525,HCV,1b,100.0
KT870551,HCV,1b,100.0
KT870556,HCV,1b,100.0
KT870560,HCV,1b,100.0
KT870559,HCV,1b,100.0
KT870520,HCV,1b,100.0
KT870570,HCV,1a,100.0
KT870519,HCV,1b,100.0
KT870534,HCV,1b,100.0
KT870538,HCV,1a,100.0
KT870543,HCV,1a,100.0
KT870547,HCV,1a,100.0
KT870546,HCV,1b,100.0
KT870596,HCV,1b,100.0
KT870439,HCV,1b,100.0
KT870595,HCV,1b,100.0
KT870442,HCV,1a,100.0
KT870602,HCV,1a,100.0
KT870569,HCV,1b,100.0
KT870603,HCV,1b,100.0
KT870579,HCV,1b,100.0
KT870609,HCV,1b,100.0
KT870549,HCV,1a,100.0
KT870428,HCV,1b,100.0
KT870446,HCV,1a,100.0
KT870576,HCV,1b,100.0
KT870578,HCV,1b,100.0
KT870582,HCV,1a,100.0
KT870589,HCV,1b,100.0
KT870636,HCV,1b,100.0
KT870646,HCV,1b,100.0
KT870650,HCV,1b,100.0
KT870656,HCV,1b,100.0
KT870654,HCV,1b,100.0
KT870664,HCV,1a,100.0
KT870655,HCV,1a,100.0
KT870690,HCV,1b,100.0
KT870691,HCV,1b,100.0
KT870675,HCV,1b,100.0
KT870702,HCV,1b,100.0
KT870699,HCV,1a,100.0
KT870706,HCV,1b,100.0
KT870704,HCV,1b,100.0
KT870696,HCV,1b,100.0
KT870709,HCV,1b,100.0
KT870717,HCV,1b,100.0
KT870716,HCV,1b,100.0
GU117919,HCV,3a,100.0
EU709976,HCV,3a,100.0
EU709975,HCV,3a,100.0
EU710074,HCV,3a,100.0
EU710487,HCV,1a,100.0
EU710484,HCV,1a,100.0
LC209882,HCV,1a,100.0
LC209886,HCV,1a,100.0
PQ660835,HCV,"unassigned_1, 1a-4a-4v",NA
PQ660833,HCV,1a,100.0
PQ660845,HCV,1a,100.0
GU117908,HCV,1b,100.0
GU117907,HCV,1b,100.0
KT870734,HCV,1b,100.0
KT870773,HCV,1b,100.0
KT870779,HCV,1b,100.0
KT870784,HCV,1b,100.0
KT870786,HCV,1b,100.0
KT870783,HCV,1b,100.0
KT870791,HCV,1a,100.0
KT870826,HCV,1b,100.0
KT870828,HCV,1b,100.0
KT870827,HCV,1b,100.0
KT870832,HCV,1a,100.0
KT870831,HCV,1a,100.0
KT870730,HCV,1b,100.0
PQ660846,HCV,1a,100.0
PQ660838,HCV,1a,100.0
PQ660855,HCV,"unassigned_1, 1a-4a-4v",NA
PQ660847,HCV,4a,100.0
PQ660853,HCV,"unassigned_1, 1a-4a",NA
PQ660857,HCV,"unassigned_1, 4a-1a",NA
PQ660848,HCV,4a,100.0
PQ660851,HCV,1a,100.0
PQ660854,HCV,1a,100.0
PQ660850,HCV,1a,100.0
PQ660849,HCV,1a,100.0
PQ660859,HCV,4a,100.0
PQ660856,HCV,4a,100.0
PQ660858,HCV,1a,100.0
EU709961,HCV,1b,100.0
EU709952,HCV,1b,100.0
KT870616,HCV,1b,100.0
KT870618,HCV,1a,100.0
KT870623,HCV,1b,100.0
KT870591,HCV,1b,100.0
KT870630,HCV,1a,100.0
KT870633,HCV,1b,100.0
KT870659,HCV,1b,100.0
KT870668,HCV,1b,100.0
KT870669,HCV,1b,100.0
KT870678,HCV,1b,100.0
KT870677,HCV,1b,100.0
KT870682,HCV,1b,100.0
KT870721,HCV,1b,100.0
GU117920,HCV,2b,100.0
EU709896,HCV,1a,100.0
KT870723,HCV,1b,100.0
EU709899,HCV,1a,100.0
EU709922,HCV,1a,100.0
EU709924,HCV,1a,100.0
EU709949,HCV,1b,100.0
KT870740,HCV,1b,100.0
KT870736,HCV,1b,100.0
KT870737,HCV,1b,100.0
KT870750,HCV,1b,100.0
KT870747,HCV,1a,100.0
KT870741,HCV,1a,100.0
KT870753,HCV,1b,100.0
KT870746,HCV,1b,100.0
KT870759,HCV,1b,100.0
KT870766,HCV,1b,100.0
KT870768,HCV,1b,100.0
KT870772,HCV,1b,100.0
KT870798,HCV,1b,100.0
KT870803,HCV,1b,100.0
EU710076,HCV,3a,100.0
EU710470,HCV,1a,100.0
GU117914,HCV,2b,100.0
EU709936,HCV,1a,100.0
EU709946,HCV,1a,100.0
EU709944,HCV,1a,100.0
EU709966,HCV,3a,100.0
EU709962,HCV,3a,100.0
EU709967,HCV,3a,100.0
EU709963,HCV,3a,100.0
EU709972,HCV,3a,100.0
EU709912,HCV,1a,100.0
EU709945,HCV,1a,100.0
EU709989,HCV,3a,100.0
EU709991,HCV,3a,100.0
EU709988,HCV,3a,100.0
EU709973,HCV,3a,100.0
EU709990,HCV,3a,100.0
EU709987,HCV,3a,100.0
EU709992,HCV,3a,100.0
EU709993,HCV,3a,100.0
EU709994,HCV,3a,100.0
EU709937,HCV,1a,100.0
EU709996,HCV,3a,100.0
EU709995,HCV,3a,100.0
EU710012,HCV,3a,100.0
EU710017,HCV,3a,100.0
EU709997,HCV,3a,100.0
EU710022,HCV,3a,100.0
EU710018,HCV,3a,100.0
EU710021,HCV,3a,100.0
EU710036,HCV,3a,100.0
EU710039,HCV,3a,100.0
EU710038,HCV,3a,100.0
EU710047,HCV,3a,100.0
EU710065,HCV,3a,100.0
EU710062,HCV,3a,100.0
EU710063,HCV,3a,100.0
EU710064,HCV,3a,100.0
EU710066,HCV,3a,100.0
EU710068,HCV,3a,100.0
EU710472,HCV,1a,100.0
EU710073,HCV,3a,100.0
EU710044,HCV,3a,100.0
EU710475,HCV,1a,100.0
EU710482,HCV,1a,100.0
EU710481,HCV,1a,100.0
EU710502,HCV,1a,100.0
KT870452,HCV,1b,100.0
EU710480,HCV,1a,100.0
EU710069,HCV,3a,100.0
EU710503,HCV,1a,100.0
EU710506,HCV,1a,100.0
EU710508,HCV,1a,100.0
EU710509,HCV,1a,100.0
EU710513,HCV,1a,100.0
EU710507,HCV,1a,100.0
EU710504,HCV,1a,100.0
EU710499,HCV,1a,100.0
EU710497,HCV,1a,100.0
KT870161,HCV,1b,100.0
KT870162,HCV,1b,100.0
KT870159,HCV,1b,100.0
KT870163,HCV,1b,100.0
KT870165,HCV,1b,100.0
KT870166,HCV,1b,100.0
KT870168,HCV,1b,100.0
KT870167,HCV,1b,100.0
KT870169,HCV,1b,100.0
KT870170,HCV,1b,100.0
KT870172,HCV,1b,100.0
KT870213,HCV,1b,100.0
KT870214,HCV,1a,100.0
KT870222,HCV,1b,100.0
KT870225,HCV,1b,100.0
KT870223,HCV,1b,100.0
KT870229,HCV,1b,100.0
KT870226,HCV,1b,100.0
KT870384,HCV,1b,100.0
KT870387,HCV,1b,100.0
KT870370,HCV,1a,100.0
KT870364,HCV,1b,100.0
KT870386,HCV,1b,100.0
KT870389,HCV,1b,100.0
KT870393,HCV,1b,100.0
KT870727,HCV,1a,100.0
EU710003,HCV,3a,100.0
KT870720,HCV,1b,100.0
EU710024,HCV,3a,100.0
EU710049,HCV,3a,100.0
EU710051,HCV,3a,100.0
KT870807,HCV,1b,100.0
KT870799,HCV,1b,100.0
KT870811,HCV,1b,100.0
KT870814,HCV,1b,100.0
KT870818,HCV,1a,100.0
KT870732,HCV,1b,100.0
PQ660840,HCV,4a,100.0
PQ660843,HCV,1a,100.0
PQ660837,HCV,4a,100.0
PQ660844,HCV,1a,100.0
PQ660825,HCV,1a,100.0
PQ660839,HCV,4a,100.0
PQ660841,HCV,1a,100.0
PQ660852,HCV,"unassigned_1, 4a-1a",NA
KT870877,HCV,1a,100.0
KT870855,HCV,1b,100.0
KT871030,HCV,1b,100.0
KT870950,HCV,1b,100.0
KT871048,HCV,1b,100.0
KT870935,HCV,1a,100.0
KT871040,HCV,1b,100.0
KT871039,HCV,1b,100.0
KT871054,HCV,1b,100.0
KT871046,HCV,1b,100.0
KT871066,HCV,1b,100.0
KT871033,HCV,1b,100.0
KT871155,HCV,1b,100.0
KT871081,HCV,1b,100.0
KT871161,HCV,1b,100.0
KT871139,HCV,1b,100.0
KT871156,HCV,1a,100.0
KT871154,HCV,1b,100.0
KT871151,HCV,1b,100.0
KT871149,HCV,1b,100.0
KT871268,HCV,1b,100.0
KT871145,HCV,1b,100.0
KT871438,HCV,1b,100.0
KT871511,HCV,1b,100.0
KT871522,HCV,1b,100.0
KT871518,HCV,1b,100.0
KT871526,HCV,1b,100.0
KT870854,HCV,1b,100.0
JX437309,HCV,1b,100.0
KT871534,HCV,1b,100.0
KT871532,HCV,1a,100.0
KT871537,HCV,1b,100.0
JX437348,HCV,1a,100.0
PX386853,HCV,1a,100.0
PX386859,HCV,3a,100.0
PX386856,HCV,1a,100.0
PX386858,HCV,3a,100.0
PX386855,HCV,1a,100.0
PX386861,HCV,1a,100.0
PX386860,HCV,3a,100.0
PX386851,HCV,1a,100.0
PX386854,HCV,3a,100.0
PX386857,HCV,1b,100.0
PX386863,HCV,3a,100.0
PX386852,HCV,1a,100.0
PX386864,HCV,1a,100.0
PX386862,HCV,3a,100.0
PX386869,HCV,1a,100.0
PX386870,HCV,1a,100.0
PX386866,HCV,2b,100.0
PX386871,HCV,1b,100.0
PX386867,HCV,1a,100.0
PX386868,HCV,2b,100.0
PX386873,HCV,3a,100.0
PX386877,HCV,1a,100.0
PX386876,HCV,3a,100.0
PX386874,HCV,3a,100.0
PX386865,HCV,3a,100.0
PX386875,HCV,1a,100.0
PX386882,HCV,1b,100.0
PX386879,HCV,1a,100.0
PX386878,HCV,1a,100.0
PX386872,HCV,3a,100.0
PX386881,HCV,1a,100.0
PX386880,HCV,3a,100.0
KT870869,HCV,1a,100.0
KT870846,HCV,1b,100.0
KT870866,HCV,1b,100.0
KT870876,HCV,1b,100.0
KT870845,HCV,1b,100.0
KT870874,HCV,1b,100.0
KT870871,HCV,1b,100.0
KT870878,HCV,1b,100.0
KT870905,HCV,1b,100.0
KT870883,HCV,1b,100.0
KT870875,HCV,1b,100.0
KT870907,HCV,1b,100.0
KT870870,HCV,1b,100.0
KT870862,HCV,1b,100.0
KT870873,HCV,1b,100.0
KT870882,HCV,1a,100.0
KT870863,HCV,1b,100.0
KT870892,HCV,1b,100.0
KT870884,HCV,1b,100.0
KT870893,HCV,1b,100.0
KT870880,HCV,1b,100.0
KT870895,HCV,1b,100.0
KT870897,HCV,1b,100.0
KT870879,HCV,1b,100.0
KT870908,HCV,1b,100.0
KT870894,HCV,1b,100.0
KT870911,HCV,1b,100.0
KT870976,HCV,1b,100.0
KT870980,HCV,1b,100.0
KT870978,HCV,1b,100.0
KT870986,HCV,1a,100.0
KT870988,HCV,1a,100.0
KT870983,HCV,1b,100.0
KT870987,HCV,1b,100.0
KT870991,HCV,1b,100.0
KT870997,HCV,1b,100.0
KT870995,HCV,1b,100.0
KT871007,HCV,1a,100.0
KT871003,HCV,1b,100.0
KT870913,HCV,1b,100.0
KT870896,HCV,1a,100.0
KT870916,HCV,1b,100.0
KT870906,HCV,1b,100.0
KT870909,HCV,1b,100.0
KT870925,HCV,1b,100.0
KT870917,HCV,1b,100.0
KT871002,HCV,1b,100.0
KT871010,HCV,1b,100.0
KT871006,HCV,1b,100.0
KT871008,HCV,1a,100.0
KT871019,HCV,1b,100.0
KT871009,HCV,1b,100.0
KT870843,HCV,1b,100.0
KT870915,HCV,1a,100.0
KT870929,HCV,1b,100.0
KT870937,HCV,1b,100.0
KT870881,HCV,1b,100.0
KT870938,HCV,1b,100.0
KT871022,HCV,1b,100.0
KT871011,HCV,1b,100.0
KT871014,HCV,1a,100.0
KT871024,HCV,1a,100.0
KT871012,HCV,1b,100.0
KT871020,HCV,1b,100.0
KT871017,HCV,1b,100.0
KT871016,HCV,1b,100.0
KT871018,HCV,1b,100.0
KT871013,HCV,1b,100.0
KT871015,HCV,1b,100.0
KT871026,HCV,1a,100.0
KT871021,HCV,1b,100.0
KT871032,HCV,1a,100.0
KT871023,HCV,1b,100.0
KT871027,HCV,1b,100.0
KT870841,HCV,1a,100.0
KT871028,HCV,1b,100.0
KT870842,HCV,1b,100.0
KT871031,HCV,1b,100.0
KT871025,HCV,1b,100.0
KT871034,HCV,1b,100.0
KT870860,HCV,1a,100.0
KT870865,HCV,1b,100.0
KT871061,HCV,1a,100.0
KT871050,HCV,1b,100.0
KT871052,HCV,1b,100.0
KT871049,HCV,1b,100.0
KT871056,HCV,1b,100.0
KT871058,HCV,1b,100.0
KT871053,HCV,1b,100.0
KT871036,HCV,1b,100.0
KT871042,HCV,1b,100.0
KT871043,HCV,1b,100.0
KT871045,HCV,1b,100.0
KT871044,HCV,1b,100.0
KT871047,HCV,1b,100.0
KT871073,HCV,1b,100.0
KT871069,HCV,1b,100.0
KT871078,HCV,1b,100.0
KT871074,HCV,1b,100.0
KT871057,HCV,1b,100.0
KT871068,HCV,1b,100.0
KT871080,HCV,1b,100.0
KT871062,HCV,1b,100.0
KT871060,HCV,1b,100.0
KT871055,HCV,1a,100.0
KT871064,HCV,1b,100.0
KT871086,HCV,1b,100.0
KT871067,HCV,1b,100.0
KT871075,HCV,1b,100.0
KT871091,HCV,1a,100.0
KT871092,HCV,1b,100.0
KT871063,HCV,1b,100.0
KT871051,HCV,1b,100.0
KT871059,HCV,1b,100.0
KT871065,HCV,1a,100.0
KT871071,HCV,1b,100.0
KT871070,HCV,1b,100.0
KT871103,HCV,1b,100.0
KT871101,HCV,1b,100.0
KT871106,HCV,1b,100.0
KT871094,HCV,1b,100.0
KT871102,HCV,1b,100.0
KT871100,HCV,1b,100.0
KT871107,HCV,1b,100.0
KT871099,HCV,1b,100.0
KT871112,HCV,1b,100.0
KT871110,HCV,1b,100.0
KT871077,HCV,1b,100.0
KT871095,HCV,1a,100.0
KT871093,HCV,1b,100.0
KT871096,HCV,1b,100.0
KT871097,HCV,1b,100.0
KT871108,HCV,1b,100.0
KT871088,HCV,1b,100.0
KT871098,HCV,1a,100.0
KT871109,HCV,1a,100.0
KT871104,HCV,1a,100.0
KT871115,HCV,1b,100.0
KT871134,HCV,1b,100.0
KT871133,HCV,1b,100.0
KT871117,HCV,1b,100.0
KT871135,HCV,1b,100.0
KT871124,HCV,1b,100.0
KT871125,HCV,1a,100.0
KT871153,HCV,1b,100.0
KT871152,HCV,1b,100.0
KT871157,HCV,1a,100.0
KT871147,HCV,1b,100.0
KT871175,HCV,1b,100.0
KT871176,HCV,1a,100.0
KT871184,HCV,1a,100.0
KT871186,HCV,1a,100.0
KT871198,HCV,1b,100.0
KT871197,HCV,1b,100.0
KT871201,HCV,1b,100.0
KT871195,HCV,1b,100.0
KT871200,HCV,1b,100.0
KT871222,HCV,1b,100.0
KT871217,HCV,1b,100.0
KT871225,HCV,1b,100.0
KT871224,HCV,1b,100.0
KT871211,HCV,1b,100.0
KT871231,HCV,1b,100.0
KT871245,HCV,1b,100.0
KT871248,HCV,1b,100.0
KT871243,HCV,1b,100.0
KT871238,HCV,1b,100.0
KT871244,HCV,1b,100.0
KT871240,HCV,1b,100.0
KT871269,HCV,1b,100.0
KT871267,HCV,1b,100.0
KT871291,HCV,1b,100.0
KT871293,HCV,1b,100.0
KT871289,HCV,1b,100.0
KT871295,HCV,1b,100.0
KT871299,HCV,1b,100.0
KT871294,HCV,1b,100.0
KT871332,HCV,1b,100.0
KT871334,HCV,1b,100.0
KT871336,HCV,1b,100.0
KT871337,HCV,1b,100.0
KT871340,HCV,1a,100.0
KT871323,HCV,1b,100.0
KT871331,HCV,1b,100.0
KT871341,HCV,1a,100.0
KT871347,HCV,1b,100.0
KT871382,HCV,1b,100.0
KT871383,HCV,1b,100.0
KT871384,HCV,1b,100.0
KT871396,HCV,1a,100.0
KT871398,HCV,1b,100.0
KT871397,HCV,1b,100.0
KT871400,HCV,1b,100.0
KT871395,HCV,1b,100.0
KT871413,HCV,1a,100.0
KT871416,HCV,1b,100.0
KT871405,HCV,1b,100.0
KT871412,HCV,1b,100.0
KT871436,HCV,1b,100.0
KT871435,HCV,1b,100.0
KT871453,HCV,1b,100.0
KT871442,HCV,1b,100.0
KT871451,HCV,1a,100.0
KT871449,HCV,1a,100.0
KT871445,HCV,1b,100.0
KT871455,HCV,1b,100.0
KT871461,HCV,1b,100.0
KT871466,HCV,1b,100.0
KT871470,HCV,1b,100.0
KT871469,HCV,1a,100.0
KT871480,HCV,1b,100.0
KT871479,HCV,1a,100.0
KT871476,HCV,1b,100.0
KT871488,HCV,1a,100.0
KT871498,HCV,1b,100.0
KT871497,HCV,1b,100.0
KT871499,HCV,1b,100.0
KT871490,HCV,1b,100.0
KT871500,HCV,1b,100.0
KT871507,HCV,1b,100.0
KT871515,HCV,1b,100.0
KT871508,HCV,1b,100.0
KT871517,HCV,1b,100.0
KT871519,HCV,1b,100.0
KT871536,HCV,1b,100.0
KT871530,HCV,1b,100.0
KT871529,HCV,1b,100.0
KT871535,HCV,1b,100.0
KT871531,HCV,1b,100.0
KT871538,HCV,1b,100.0
KT871563,HCV,1b,100.0
KT871128,HCV,1b,100.0
KT871127,HCV,1b,100.0
KT871130,HCV,1a,100.0
KT871131,HCV,1b,100.0
KT871126,HCV,1a,100.0
KT871132,HCV,1b,100.0
KT871129,HCV,1b,100.0
KT871136,HCV,1a,100.0
KT871122,HCV,1b,100.0
KT871138,HCV,1a,100.0
KT871140,HCV,1b,100.0
KT871123,HCV,1b,100.0
KT871141,HCV,1b,100.0
KT871158,HCV,1b,100.0
KT871159,HCV,1b,100.0
KT871160,HCV,1b,100.0
KT871166,HCV,1b,100.0
KT871164,HCV,1b,100.0
KT871162,HCV,1a,100.0
KT871167,HCV,1b,100.0
KT871182,HCV,1b,100.0
KT871212,HCV,1b,100.0
KT871208,HCV,1b,100.0
KT871209,HCV,1b,100.0
KT871215,HCV,1a,100.0
KT871205,HCV,1b,100.0
KT871214,HCV,1a,100.0
KT871193,HCV,1b,100.0
KT871210,HCV,1b,100.0
KT871229,HCV,1b,100.0
KT871223,HCV,1b,100.0
KT871235,HCV,1b,100.0
KT871226,HCV,1b,100.0
KT871239,HCV,1b,100.0
KT871250,HCV,1b,100.0
KT871251,HCV,1b,100.0
KT871257,HCV,1b,100.0
KT871258,HCV,1b,100.0
KT871281,HCV,1a,100.0
KT871282,HCV,1b,100.0
KT871275,HCV,1b,100.0
KT871284,HCV,1b,100.0
KT871280,HCV,1b,100.0
KT871285,HCV,1b,100.0
KT871283,HCV,1b,100.0
KT871286,HCV,1b,100.0
KT871292,HCV,1b,100.0
KT871296,HCV,1b,100.0
KT871307,HCV,1b,100.0
KT871304,HCV,1b,100.0
KT871303,HCV,1a,100.0
KT871308,HCV,1a,100.0
KT871311,HCV,1b,100.0
KT871302,HCV,1b,100.0
KT871310,HCV,1b,100.0
KT871316,HCV,1b,100.0
KT871312,HCV,1b,100.0
KT871326,HCV,1b,100.0
KT871328,HCV,1b,100.0
KT871327,HCV,1b,100.0
KT871329,HCV,1b,100.0
KT871325,HCV,1b,100.0
KT871330,HCV,1b,100.0
KT871346,HCV,1b,100.0
KT871351,HCV,1b,100.0
KT871365,HCV,1b,100.0
KT871356,HCV,1b,100.0
KT871368,HCV,1b,100.0
KT871371,HCV,1b,100.0
KT871370,HCV,1b,100.0
KT871373,HCV,1b,100.0
KT871374,HCV,1b,100.0
KT871387,HCV,1b,100.0
KT871381,HCV,1b,100.0
KT871388,HCV,1a,100.0
KT871401,HCV,1b,100.0
KT871403,HCV,1b,100.0
KT871389,HCV,1b,100.0
KT871399,HCV,1b,100.0
KT871409,HCV,1b,100.0
KT871411,HCV,1b,100.0
KT871410,HCV,1b,100.0
KT871414,HCV,1b,100.0
KT871415,HCV,1b,100.0
KT871426,HCV,1b,100.0
KT871430,HCV,1b,100.0
KT871434,HCV,1b,100.0
KT871429,HCV,1b,100.0
KT871433,HCV,1b,100.0
KT871422,HCV,1b,100.0
KT871444,HCV,1b,100.0
KT871441,HCV,1b,100.0
KT871439,HCV,1a,100.0
KT871446,HCV,1a,100.0
KT871448,HCV,1b,100.0
KT871452,HCV,1b,100.0
KT871450,HCV,1b,100.0
KT871447,HCV,1b,100.0
KT871458,HCV,1b,100.0
KT871459,HCV,1a,100.0
KT871457,HCV,1b,100.0
KT871482,HCV,1a,100.0
KT871481,HCV,1b,100.0
KT871477,HCV,1b,100.0
KT871489,HCV,1b,100.0
KT871493,HCV,1b,100.0
KT871495,HCV,1b,100.0
KT871483,HCV,1b,100.0
KT871491,HCV,1b,100.0
KT871494,HCV,1b,100.0
KT871501,HCV,1b,100.0
KT871504,HCV,1b,100.0
KT871496,HCV,1b,100.0
KT871502,HCV,1b,100.0
KT871506,HCV,1b,100.0
KT871505,HCV,1b,100.0
KT871509,HCV,1a,100.0
KT871513,HCV,1a,100.0
KT871510,HCV,1b,100.0
KT871503,HCV,1b,100.0
KT871514,HCV,1b,100.0
KT871512,HCV,1b,100.0
KT871528,HCV,1b,100.0
KT871524,HCV,1b,100.0
KT871520,HCV,1b,100.0
KT871527,HCV,1a,100.0
KT871533,HCV,1b,100.0
KT871525,HCV,1b,100.0
KT871547,HCV,1b,100.0
KT871546,HCV,1b,100.0
KT871550,HCV,1b,100.0
KT871554,HCV,1b,100.0
KT871557,HCV,1b,100.0
KT871556,HCV,1b,100.0
KT871553,HCV,1b,100.0
KT871561,HCV,1b,100.0
KT871564,HCV,1b,100.0
KT871562,HCV,1b,100.0
KT871575,HCV,1b,100.0
KT871578,HCV,1b,100.0
JX437283,HCV,1a,100.0
JX437282,HCV,1a,100.0
KT871583,HCV,1b,100.0
JX437301,HCV,1a,100.0
JX437298,HCV,1a,100.0
JX437302,HCV,1a,100.0
JX437292,HCV,1a,100.0
JX437305,HCV,1a,100.0
JX437310,HCV,1a,100.0
JX437316,HCV,1a,100.0
JX437303,HCV,1b,100.0
JX437318,HCV,1a,100.0
JX437320,HCV,1a,100.0
JX437308,HCV,1a,100.0
JX437317,HCV,1a,100.0
JX437342,HCV,1a,100.0
JX437338,HCV,1a,100.0
JX437340,HCV,1a,100.0
JX437337,HCV,1b,100.0
JX437345,HCV,1a,100.0
JX437346,HCV,1a,100.0
JX437357,HCV,1a,100.0
JX437356,HCV,1a,100.0
JX437361,HCV,1a,100.0
KM874787,HCV,1a,100.0
JX437354,HCV,1b,100.0
JX437367,HCV,1a,100.0
KT870885,HCV,1b,100.0
KT870886,HCV,1b,100.0
KT870888,HCV,1a,100.0
KT870887,HCV,1a,100.0
KT870889,HCV,1b,100.0
KT870890,HCV,1b,100.0
KT870901,HCV,1b,100.0
KT870918,HCV,1a,100.0
KT870923,HCV,1b,100.0
KT870922,HCV,1b,100.0
KT870921,HCV,1b,100.0
KT870931,HCV,1b,100.0
KT870952,HCV,1b,100.0
KT870959,HCV,1b,100.0
KT870944,HCV,1a,100.0
KT870956,HCV,1b,100.0
KT870961,HCV,1a,100.0
KT870962,HCV,1a,100.0
KT870963,HCV,1b,100.0
KT870970,HCV,1b,100.0
KT870974,HCV,1b,100.0
KT870856,HCV,1b,100.0
KT870858,HCV,1b,100.0
KT870857,HCV,1b,100.0
KT870955,HCV,1b,100.0
KT870979,HCV,1b,100.0
KT870990,HCV,1a,100.0
KT870927,HCV,1b,100.0
KT870984,HCV,1a,100.0
KT870989,HCV,1b,100.0
KT870939,HCV,1b,100.0
KT870941,HCV,1a,100.0
KT870981,HCV,1b,100.0
KT870982,HCV,1a,100.0
KT870985,HCV,1b,100.0
KT871004,HCV,1b,100.0
KT870992,HCV,1b,100.0
KT871000,HCV,1b,100.0
KT870993,HCV,1b,100.0
KT870996,HCV,1b,100.0
KT870994,HCV,1b,100.0
KT871005,HCV,1b,100.0
KT870999,HCV,1b,100.0
KT870998,HCV,1b,100.0
KT871001,HCV,1a,100.0
KT871029,HCV,1b,100.0
KT871038,HCV,1b,100.0
KT871035,HCV,1b,100.0
KT871041,HCV,1b,100.0
KT871037,HCV,1b,100.0
KT871079,HCV,1a,100.0
KT871084,HCV,1b,100.0
KT871083,HCV,1b,100.0
KT871076,HCV,1b,100.0
KT871085,HCV,1b,100.0
KT871111,HCV,1b,100.0
KT871113,HCV,1b,100.0
KT871105,HCV,1b,100.0
KT871114,HCV,1b,100.0
KT871118,HCV,1b,100.0
KT871119,HCV,1b,100.0
KT871116,HCV,1b,100.0
KT871120,HCV,1b,100.0
KT871121,HCV,1b,100.0
KT871142,HCV,1b,100.0
KT871144,HCV,1b,100.0
KT871143,HCV,1b,100.0
KT871137,HCV,1b,100.0
KT871146,HCV,1a,100.0
KT871148,HCV,1b,100.0
KT871150,HCV,1b,100.0
KT871165,HCV,1b,100.0
KT871171,HCV,1b,100.0
KT871170,HCV,1b,100.0
KT871163,HCV,1b,100.0
KT871172,HCV,1b,100.0
KT871169,HCV,1a,100.0
KT871177,HCV,1a,100.0
KT871180,HCV,1b,100.0
KT871185,HCV,1b,100.0
KT871174,HCV,1a,100.0
KT871173,HCV,1b,100.0
KT871178,HCV,1b,100.0
KT871183,HCV,1b,100.0
KT871187,HCV,1b,100.0
KT871168,HCV,1b,100.0
KT871179,HCV,1b,100.0
KT871181,HCV,1b,100.0
KT871188,HCV,1b,100.0
KT871191,HCV,1a,100.0
KT871192,HCV,1b,100.0
KT871194,HCV,1b,100.0
KT871189,HCV,1b,100.0
KT871196,HCV,1a,100.0
KT871199,HCV,1b,100.0
KT871190,HCV,1b,100.0
KT871202,HCV,1b,100.0
KT871204,HCV,1b,100.0
KT871207,HCV,1b,100.0
KT871206,HCV,1b,100.0
KT871203,HCV,1b,100.0
KT871213,HCV,1b,100.0
KT871219,HCV,1b,100.0
KT871220,HCV,1b,100.0
KT871218,HCV,1b,100.0
KT871221,HCV,1b,100.0
KT871216,HCV,1b,100.0
KT871227,HCV,1a,100.0
KT871232,HCV,1b,100.0
KT871228,HCV,1a,100.0
KT871234,HCV,1b,100.0
KT871230,HCV,1b,100.0
KT871233,HCV,1b,100.0
KT871237,HCV,1b,100.0
KT871236,HCV,1b,100.0
KT871242,HCV,1b,100.0
KT871241,HCV,1b,100.0
KT871252,HCV,1b,100.0
KT871254,HCV,1b,100.0
KT871255,HCV,1b,100.0
KT871247,HCV,1b,100.0
KT871249,HCV,1b,100.0
KT871256,HCV,1b,100.0
KT871246,HCV,1b,100.0
KT871260,HCV,1b,100.0
KT871253,HCV,1b,100.0
KT871261,HCV,1b,100.0
KT871262,HCV,1a,100.0
KT871264,HCV,1a,100.0
KT871266,HCV,1b,100.0
KT871265,HCV,1a,100.0
KT871272,HCV,1b,100.0
KT871271,HCV,1b,100.0
KT871259,HCV,1b,100.0
KT871273,HCV,1b,100.0
KT871276,HCV,1a,100.0
KT871263,HCV,1a,100.0
KT871270,HCV,1b,100.0
KT871279,HCV,1b,100.0
KT871274,HCV,1b,100.0
KT871287,HCV,1b,100.0
KT871288,HCV,1a,100.0
KT871277,HCV,1b,100.0
KT871278,HCV,1a,100.0
KT871290,HCV,1b,100.0
KT871297,HCV,1b,100.0
KT871301,HCV,1b,100.0
KT871300,HCV,1b,100.0
PX386797,HCV,3a,100.0
PX386802,HCV,3a,100.0
PX386801,HCV,2b,100.0
PX386807,HCV,1a,100.0
PX386810,HCV,3a,100.0
PX386808,HCV,3a,100.0
PX386815,HCV,1b,100.0
PX386812,HCV,3a,100.0
PX386809,HCV,3a,100.0
PX386819,HCV,1a,100.0
PX386813,HCV,1a,100.0
PX386814,HCV,1a,100.0
PX386818,HCV,1a,100.0
PX386816,HCV,1a,100.0
PX386817,HCV,3a,100.0
PX386824,HCV,3a,100.0
PX386823,HCV,1a,100.0
PX386820,HCV,3a,100.0
PX386822,HCV,3a,100.0
PX386821,HCV,3a,100.0
PX386827,HCV,1a,100.0
PX386826,HCV,2b,100.0
PX386829,HCV,1a,100.0
PX386832,HCV,3a,100.0
PX386831,HCV,3a,100.0
PX386836,HCV,1a,100.0
PX386825,HCV,1a,100.0
PX386834,HCV,3a,100.0
PX386833,HCV,1a,100.0
PX386828,HCV,3a,100.0
PX386830,HCV,3a,100.0
PX386835,HCV,3a,100.0
PX386840,HCV,1a,100.0
PX386839,HCV,1a,100.0
PX386841,HCV,1a,100.0
PX386849,HCV,1a,100.0
PX386850,HCV,3a,100.0
PX386848,HCV,3a,100.0
PX386847,HCV,3a,100.0
KT870847,HCV,1b,100.0
KT870848,HCV,1b,100.0
KT870849,HCV,1b,100.0
KT870850,HCV,1a,100.0
KT870852,HCV,1b,100.0
KT870853,HCV,1b,100.0
KT870899,HCV,1b,100.0
KT870900,HCV,1b,100.0
KT870898,HCV,1b,100.0
KT870902,HCV,1b,100.0
KT870903,HCV,1b,100.0
KT870954,HCV,1b,100.0
KT870953,HCV,1b,100.0
KT870957,HCV,1b,100.0
KT870958,HCV,1b,100.0
KT870948,HCV,1b,100.0
KT870949,HCV,1b,100.0
KT870975,HCV,1b,100.0
KT870960,HCV,1a,100.0
KT870971,HCV,1b,100.0
KT870859,HCV,1a,100.0
KT870973,HCV,1b,100.0
KT870967,HCV,1b,100.0
KT871559,HCV,1b,100.0
KT871560,HCV,1b,100.0
KT871567,HCV,1b,100.0
KT871558,HCV,1b,100.0
KT871566,HCV,1a,100.0
JX437284,HCV,1a,100.0
JX437290,HCV,1a,100.0
JX437287,HCV,1a,100.0
JX437289,HCV,1a,100.0
JX437297,HCV,1b,100.0
JX437293,HCV,1a,100.0
JX437288,HCV,1b,100.0
JX437291,HCV,1a,100.0
JX437311,HCV,1a,100.0
JX437306,HCV,1b,100.0
JX437313,HCV,1a,100.0
JX437307,HCV,1a,100.0
JX437304,HCV,1a,100.0
JX437315,HCV,1a,100.0
JX437327,HCV,1b,100.0
JX437328,HCV,1a,100.0
JX437325,HCV,1b,100.0
JX437331,HCV,1a,100.0
JX437333,HCV,1a,100.0
JX437336,HCV,1a,100.0
JX437330,HCV,1a,100.0
JX437334,HCV,1b,100.0
JX437339,HCV,1a,100.0
JX437326,HCV,1b,100.0
JX437358,HCV,1a,100.0
JX437359,HCV,1a,100.0
KM874788,HCV,3a,100.0
PX386838,HCV,3a,100.0
PX386842,HCV,3a,100.0
PX386843,HCV,3a,100.0
PX386845,HCV,1a,100.0
PX386837,HCV,3a,100.0
PX386846,HCV,2b,100.0
PX386844,HCV,3a,100.0
KT870891,HCV,1b,100.0
KT870851,HCV,1a,100.0
KT870932,HCV,1b,100.0
KT870934,HCV,1b,100.0
KT870920,HCV,1b,100.0
KT870943,HCV,1a,100.0
KT870946,HCV,1a,100.0
KT870933,HCV,1b,100.0
KT870945,HCV,1b,100.0
KT870904,HCV,1b,100.0
KT870919,HCV,1b,100.0
KT870947,HCV,1b,100.0
KT870936,HCV,1b,100.0
KT870951,HCV,1b,100.0
KT870966,HCV,1b,100.0
KT870968,HCV,1a,100.0
KT870969,HCV,1b,100.0
KT870972,HCV,1b,100.0
KT870964,HCV,1a,100.0
KT870965,HCV,1a,100.0
KT870840,HCV,1b,100.0
KT870868,HCV,1b,100.0
KT870867,HCV,1b,100.0
KT870864,HCV,1b,100.0
KT870844,HCV,1b,100.0
KT870872,HCV,1a,100.0
KT870861,HCV,1b,100.0
KT870910,HCV,1b,100.0
KT870940,HCV,1b,100.0
KT870930,HCV,1b,100.0
KT870926,HCV,1b,100.0
KT870914,HCV,1b,100.0
KT870928,HCV,1b,100.0
KT870912,HCV,1b,100.0
KT870942,HCV,1b,100.0
KT870924,HCV,1a,100.0
KT870977,HCV,1b,100.0
KT871305,HCV,1b,100.0
KT871306,HCV,1b,100.0
KT871298,HCV,1b,100.0
KT871315,HCV,1b,100.0
KT871318,HCV,1b,100.0
KT871320,HCV,1b,100.0
KT871322,HCV,1b,100.0
KT871313,HCV,1b,100.0
KT871321,HCV,1a,100.0
KT871317,HCV,1b,100.0
KT871324,HCV,1b,100.0
KT871314,HCV,1b,100.0
KT871309,HCV,1b,100.0
KT871319,HCV,1b,100.0
KT871333,HCV,1b,100.0
KT871343,HCV,1b,100.0
KT871345,HCV,1a,100.0
KT871342,HCV,1b,100.0
KT871339,HCV,1a,100.0
KT871344,HCV,1b,100.0
KT871338,HCV,1b,100.0
KT871349,HCV,1a,100.0
KT871335,HCV,1b,100.0
KT871352,HCV,1a,100.0
KT871350,HCV,1b,100.0
KT871353,HCV,1b,100.0
KT871348,HCV,1b,100.0
KT871354,HCV,1b,100.0
KT871357,HCV,1b,100.0
KT871359,HCV,1b,100.0
KT871355,HCV,1b,100.0
KT871362,HCV,1a,100.0
KT871361,HCV,1b,100.0
KT871358,HCV,1b,100.0
KT871360,HCV,1a,100.0
KT871364,HCV,1b,100.0
KT871367,HCV,1b,100.0
KT871372,HCV,1b,100.0
KT871376,HCV,1b,100.0
KT871366,HCV,1b,100.0
KT871378,HCV,1b,100.0
KT871363,HCV,1b,100.0
KT871377,HCV,1b,100.0
KT871369,HCV,1b,100.0
KT871379,HCV,1a,100.0
KT871375,HCV,1b,100.0
KT871385,HCV,1b,100.0
KT871386,HCV,1a,100.0
KT871392,HCV,1a,100.0
KT871394,HCV,1b,100.0
KT871390,HCV,1b,100.0
KT871380,HCV,1b,100.0
KT871391,HCV,1b,100.0
KT871402,HCV,1b,100.0
KT871393,HCV,1b,100.0
KT871406,HCV,1b,100.0
KT871404,HCV,1b,100.0
KT871407,HCV,1a,100.0
KT871417,HCV,1b,100.0
KT871420,HCV,1a,100.0
KT871419,HCV,1b,100.0
KT871408,HCV,1b,100.0
KT871425,HCV,1b,100.0
KT871423,HCV,1a,100.0
KT871424,HCV,1b,100.0
KT871418,HCV,1b,100.0
KT871431,HCV,1b,100.0
KT871421,HCV,1a,100.0
KT871428,HCV,1b,100.0
KT871437,HCV,1b,100.0
KT871427,HCV,1a,100.0
KT871432,HCV,1a,100.0
KT871440,HCV,1b,100.0
KT871443,HCV,1b,100.0
KT871462,HCV,1b,100.0
KT871460,HCV,1b,100.0
KT871464,HCV,1b,100.0
KT871465,HCV,1b,100.0
KT871468,HCV,1b,100.0
KT871467,HCV,1a,100.0
KT871463,HCV,1b,100.0
KT871456,HCV,1b,100.0
KT871471,HCV,1b,100.0
KT871472,HCV,1b,100.0
KT871474,HCV,1b,100.0
KT871475,HCV,1b,100.0
KT871454,HCV,1b,100.0
KT871473,HCV,1b,100.0
KT871484,HCV,1b,100.0
KT871478,HCV,1b,100.0
KT871487,HCV,1b,100.0
KT871486,HCV,1b,100.0
KT871485,HCV,1b,100.0
KT871492,HCV,1b,100.0
KT871516,HCV,1b,100.0
KT871521,HCV,1b,100.0
KT871523,HCV,1b,100.0
KT871539,HCV,1b,100.0
KT871542,HCV,1b,100.0
KT871545,HCV,1b,100.0
KT871552,HCV,1b,100.0
KT871540,HCV,1b,100.0
KT871543,HCV,1b,100.0
KT871549,HCV,1b,100.0
KT871548,HCV,1b,100.0
KT871551,HCV,1b,100.0
KT871541,HCV,1b,100.0
KT871544,HCV,1b,100.0
KT871555,HCV,1b,100.0
KT871570,HCV,1b,100.0
KT871568,HCV,1a,100.0
KT871573,HCV,1b,100.0
KT871572,HCV,1b,100.0
KT871574,HCV,1a,100.0
KT871565,HCV,1b,100.0
KT871571,HCV,1b,100.0
KT871579,HCV,1b,100.0
KT871569,HCV,1b,100.0
KT871577,HCV,1b,100.0
KT871582,HCV,1a,100.0
KT871576,HCV,1b,100.0
KT871581,HCV,1b,100.0
JX437286,HCV,1a,100.0
KT871580,HCV,1a,100.0
JX437296,HCV,1b,100.0
JX437299,HCV,1a,100.0
JX437295,HCV,1a,100.0
JX437300,HCV,1a,100.0
JX437294,HCV,1a,100.0
JX437285,HCV,1a,100.0
JX437321,HCV,1b,100.0
JX437319,HCV,1a,100.0
JX437323,HCV,1a,100.0
JX437324,HCV,1a,100.0
JX437322,HCV,1b,100.0
JX437312,HCV,1a,100.0
JX437314,HCV,1a,100.0
JX437335,HCV,1a,100.0
JX437341,HCV,1a,100.0
JX437329,HCV,1a,100.0
JX437344,HCV,1a,100.0
JX437347,HCV,1a,100.0
JX437349,HCV,1a,100.0
JX437350,HCV,1a,100.0
JX437343,HCV,1b,100.0
JX437352,HCV,1a,100.0
JX437332,HCV,1a,100.0
JX437353,HCV,1a,100.0
JX437351,HCV,1a,100.0
JX437364,HCV,1a,100.0
KM874789,HCV,1a,100.0
JX437365,HCV,1a,100.0
JX437355,HCV,1a,100.0
JX437360,HCV,1a,100.0
JX437366,HCV,1a,100.0
JX437362,HCV,1a,100.0
JX437368,HCV,1b,100.0
JX437363,HCV,1b,100.0
PX386723,HCV,3a,100.0
PX386717,HCV,3a,100.0
PX386730,HCV,3a,100.0
PX386724,HCV,1a,100.0
PX386721,HCV,1b,100.0
PX386720,HCV,3a,100.0
PX386732,HCV,3a,100.0
PX386725,HCV,1b,100.0
PX386722,HCV,3a,100.0
PX386729,HCV,3a,100.0
PX386727,HCV,3a,100.0
PX386719,HCV,3a,100.0
PX386726,HCV,2b,100.0
PX386718,HCV,1a,100.0
PX386731,HCV,1b,100.0
PX386728,HCV,2b,100.0
PX386733,HCV,3a,100.0
PX386740,HCV,1a,100.0
PX386734,HCV,3a,100.0
PX386743,HCV,1b,100.0
PX386735,HCV,3a,100.0
PX386739,HCV,1a,100.0
PX386741,HCV,3a,100.0
PX386738,HCV,3a,100.0
PX386737,HCV,1a,100.0
PX386744,HCV,3a,100.0
PX386746,HCV,1b,100.0
PX386747,HCV,1a,100.0
PX386745,HCV,1a,100.0
PX386742,HCV,3a,100.0
PX386736,HCV,3a,100.0
PX386748,HCV,1a,100.0
PX386755,HCV,2b,100.0
PX386757,HCV,1a,100.0
PX386754,HCV,1a,100.0
PX386750,HCV,3a,100.0
PX386756,HCV,1a,100.0
PX386759,HCV,3a,100.0
PX386751,HCV,3a,100.0
PX386749,HCV,3a,100.0
PX386753,HCV,3a,100.0
PX386752,HCV,3a,100.0
PX386761,HCV,3a,100.0
PX386762,HCV,3a,100.0
PX386763,HCV,3a,100.0
PX386760,HCV,3a,100.0
PX386758,HCV,1a,100.0
PX386764,HCV,1a,100.0
PX386766,HCV,1a,100.0
PX386765,HCV,1a,100.0
PX386767,HCV,1a,100.0
PX386770,HCV,1a,100.0
PX386773,HCV,3a,100.0
PX386774,HCV,1a,100.0
PX386771,HCV,3a,100.0
PX386769,HCV,1a,100.0
PX386777,HCV,1b,100.0
PX386778,HCV,1b,100.0
PX386768,HCV,3a,100.0
PX386772,HCV,3a,100.0
PX386775,HCV,1a,100.0
PX386776,HCV,3a,100.0
PX386779,HCV,1a,100.0
PX386783,HCV,1c,100.0
PX386780,HCV,1a,100.0
PX386781,HCV,3a,100.0
PX386782,HCV,1a,100.0
PX386785,HCV,1b,100.0
PX386789,HCV,1a,100.0
PX386788,HCV,1a,100.0
PX386786,HCV,1a,100.0
PX386790,HCV,1b,100.0
PX386784,HCV,1a,100.0
PX386795,HCV,1a,100.0
PX386791,HCV,3a,100.0
PX386792,HCV,1a,100.0
PX386793,HCV,1b,100.0
PX386787,HCV,3a,100.0
PX386796,HCV,3a,100.0
PX386794,HCV,1a,100.0
PX386803,HCV,1a,100.0
PX386800,HCV,2a,100.0
PX386804,HCV,1b,100.0
PX386811,HCV,"unassigned_1, 1a-3a",NA
PX386805,HCV,1a,100.0
PX386798,HCV,1a,100.0
PX386799,HCV,3a,100.0
PX386806,HCV,1a,100.0
KT871087,HCV,1b,100.0
KT871089,HCV,1a,100.0
KT871090,HCV,1a,100.0
KT871082,HCV,1b,100.0
KT871072,HCV,1a,100.0
EU255927,HCV,1a,100.0
EU155227,HCV,1b,100.0
EU155226,HCV,1b,100.0
EU155223,HCV,1b,100.0
EU155221,HCV,1b,100.0
EU155224,HCV,1b,100.0
EU155225,HCV,1b,100.0
EU155228,HCV,1b,100.0
EU155230,HCV,1b,100.0
EU155233,HCV,1a,100.0
EU155231,HCV,1b,100.0
EU155232,HCV,1b,100.0
EU155238,HCV,1a,100.0
EU155239,HCV,1a,100.0
EU155234,HCV,1b,100.0
EU155235,HCV,1b,100.0
EU155243,HCV,1a,100.0
EU155240,HCV,1a,100.0
EU155244,HCV,1a,100.0
EU155245,HCV,1a,100.0
EU155236,HCV,1a,100.0
EU155248,HCV,1a,100.0
EU155237,HCV,1a,100.0
EU155242,HCV,1a,100.0
EU155246,HCV,1a,100.0
EU155249,HCV,1a,100.0
EU155250,HCV,1a,100.0
EU155251,HCV,1a,100.0
EU155253,HCV,1b,100.0
EU155256,HCV,1b,100.0
EU155257,HCV,1b,100.0
EU155255,HCV,1b,100.0
EU155252,HCV,1a,100.0
EU155258,HCV,1b,100.0
EU155254,HCV,1b,100.0
EU155266,HCV,1a,100.0
EU155259,HCV,1b,100.0
EU155262,HCV,1b,100.0
EU155263,HCV,1b,100.0
EU155264,HCV,1b,100.0
EU155261,HCV,1b,100.0
EU155268,HCV,1a,100.0
EU155267,HCV,1a,100.0
EU155270,HCV,1a,100.0
EU155272,HCV,1a,100.0
EU155271,HCV,1a,100.0
EU155275,HCV,1a,100.0
EU155274,HCV,1a,100.0
EU155269,HCV,1a,100.0
EU155276,HCV,1a,100.0
EU155354,HCV,1a,100.0
EU155351,HCV,1a,100.0
EU155356,HCV,1b,100.0
EU155361,HCV,1b,100.0
EU155357,HCV,1b,100.0
EU155358,HCV,1b,100.0
EU155355,HCV,1a,100.0
EU155360,HCV,1b,100.0
EU155362,HCV,1b,100.0
EU155364,HCV,1b,100.0
EU155365,HCV,1b,100.0
EU155363,HCV,1b,100.0
EU155359,HCV,1b,100.0
EU155366,HCV,1b,100.0
EU155368,HCV,1b,100.0
EU155370,HCV,1b,100.0
EU155369,HCV,1b,100.0
EU155371,HCV,1b,100.0
EU155367,HCV,1b,100.0
EU155373,HCV,1b,100.0
EU155372,HCV,1b,100.0
EU155374,HCV,1b,100.0
EU155375,HCV,1b,100.0
EU155376,HCV,1b,100.0
EU155380,HCV,1a,100.0
EU155377,HCV,1b,100.0
EU155378,HCV,1a,100.0
EU155382,HCV,1b,100.0
EU155381,HCV,1b,100.0
EU234061,HCV,1b,100.0
EU256041,HCV,1a,100.0
EU256043,HCV,1a,100.0
EU256044,HCV,1a,100.0
EU256040,HCV,1a,100.0
EU256046,HCV,1a,100.0
EU256049,HCV,1a,100.0
EU256047,HCV,1a,100.0
EU256050,HCV,1a,100.0
EU256051,HCV,1a,100.0
EU256052,HCV,1a,100.0
EU256053,HCV,1a,100.0
EU256058,HCV,1a,100.0
EU256054,HCV,1b,100.0
EU256059,HCV,1b,100.0
EU256061,HCV,1b,100.0
EU256065,HCV,1b,100.0
EU256060,HCV,1a,100.0
EU256062,HCV,1b,100.0
EU256067,HCV,1a,100.0
EU256066,HCV,1b,100.0
EU256068,HCV,1a,100.0
EU256070,HCV,1a,100.0
EU256071,HCV,1a,100.0
EU256072,HCV,1a,100.0
EU256075,HCV,1b,100.0
EU256077,HCV,1b,100.0
EU256073,HCV,1a,100.0
EU256074,HCV,1a,100.0
EU256076,HCV,1b,100.0
EU256078,HCV,1b,100.0
EU256080,HCV,1b,100.0
EU256084,HCV,1b,100.0
EU256083,HCV,1b,100.0
EU482876,HCV,1a,100.0
EU482881,HCV,1b,100.0
EU482886,HCV,1b,100.0
EU482884,HCV,1a,100.0
EU482877,HCV,1b,100.0
EU482882,HCV,1a,100.0
EU482880,HCV,1b,100.0
EU482883,HCV,1b,100.0
EU482878,HCV,1a,100.0
EU529676,HCV,1a,100.0
EU482885,HCV,1b,100.0
EU482888,HCV,1b,100.0
EU529678,HCV,1a,100.0
EU529677,HCV,1a,100.0
EU529679,HCV,1a,100.0
EU529680,HCV,1a,100.0
EU529681,HCV,1a,100.0
EU569723,HCV,1a,100.0
EU595697,HCV,1a,100.0
EU569722,HCV,1a,100.0
EU660385,HCV,1a,100.0
EU595698,HCV,1a,100.0
EU660384,HCV,1a,100.0
EU595699,HCV,1a,100.0
EU781806,HCV,1a,100.0
EU660383,HCV,1a,100.0
EU781805,HCV,1a,100.0
EU781807,HCV,1a,100.0
EU529682,HCV,1b,100.0
EU781811,HCV,1a,100.0
EU781808,HCV,1a,100.0
EU781810,HCV,1a,100.0
EU781812,HCV,1a,100.0
EU781814,HCV,1a,100.0
EU781809,HCV,1a,100.0
EU781816,HCV,1a,100.0
EU781813,HCV,1a,100.0
EU781815,HCV,1a,100.0
EU781820,HCV,1a,100.0
EU781818,HCV,1a,100.0
EU781821,HCV,1a,100.0
EU781819,HCV,1a,100.0
EU781824,HCV,1a,100.0
EU781822,HCV,1a,100.0
EU781817,HCV,1a,100.0
EU781825,HCV,1b,100.0
EU781823,HCV,1a,100.0
EU781826,HCV,1b,100.0
EU781827,HCV,1b,100.0
PX387034,HCV,3a,100.0
PX387031,HCV,3a,100.0
PX387037,HCV,1a,100.0
PX387036,HCV,1b,100.0
PX387035,HCV,1a,100.0
EU155213,HCV,1a,100.0
EU155214,HCV,1a,100.0
PX387039,HCV,3a,100.0
PX387026,HCV,3a,100.0
PX387038,HCV,3a,100.0
PX387040,HCV,2b,100.0
EU155216,HCV,1a,100.0
EU155215,HCV,1a,100.0
EU155217,HCV,1b,100.0
EU155218,HCV,1b,100.0
EU155219,HCV,1b,100.0
EU155220,HCV,1b,100.0
EU155229,HCV,1b,100.0
EU155222,HCV,1b,100.0
EU155323,HCV,1a,100.0
EU155317,HCV,1b,100.0
EU155318,HCV,1b,100.0
EU155322,HCV,1a,100.0
EU155331,HCV,1b,100.0
EU155329,HCV,1b,100.0
EU155332,HCV,1b,100.0
EU155330,HCV,1b,100.0
EU155325,HCV,1b,100.0
EU155324,HCV,1b,100.0
EU155328,HCV,1b,100.0
EU155327,HCV,1b,100.0
EU155333,HCV,1b,100.0
EU155326,HCV,1b,100.0
EU155334,HCV,1b,100.0
EU155335,HCV,1b,100.0
EU155336,HCV,1b,100.0
EU155339,HCV,1a,100.0
EU155344,HCV,1a,100.0
EU155340,HCV,1a,100.0
EU155342,HCV,1a,100.0
EU155347,HCV,1a,100.0
EU155341,HCV,1a,100.0
EU155343,HCV,1a,100.0
EU155337,HCV,1b,100.0
EU155338,HCV,1a,100.0
EU155346,HCV,1a,100.0
EU155352,HCV,1a,100.0
EU155345,HCV,1a,100.0
EU155349,HCV,1a,100.0
EU155348,HCV,1a,100.0
EU155353,HCV,1a,100.0
EU255976,HCV,1a,100.0
EU255977,HCV,1a,100.0
EU255981,HCV,1a,100.0
EU255980,HCV,1a,100.0
EU255982,HCV,1a,100.0
EU255978,HCV,1a,100.0
EU255984,HCV,1a,100.0
EU255983,HCV,1a,100.0
EU255985,HCV,1a,100.0
EU255987,HCV,1a,100.0
EU255986,HCV,1a,100.0
EU255989,HCV,1a,100.0
EU255991,HCV,1a,100.0
EU255990,HCV,1a,100.0
EU255993,HCV,1a,100.0
EU255995,HCV,1a,100.0
EU255996,HCV,1a,100.0
EU255998,HCV,1a,100.0
EU255992,HCV,1a,100.0
EU255994,HCV,1a,100.0
EU256000,HCV,1b,100.0
EU255999,HCV,1a,100.0
EU256003,HCV,1a,100.0
EU256002,HCV,1a,100.0
EU256006,HCV,1a,100.0
EU256005,HCV,1a,100.0
EU256004,HCV,1a,100.0
EU256010,HCV,1a,100.0
EU256012,HCV,1a,100.0
EU256013,HCV,1a,100.0
EU256009,HCV,1a,100.0
EU256011,HCV,1a,100.0
EU256007,HCV,1a,100.0
EU256015,HCV,1a,100.0
EU256016,HCV,1a,100.0
EU256017,HCV,1a,100.0
EU256018,HCV,1a,100.0
EU256019,HCV,1a,100.0
EU256021,HCV,1a,100.0
EU256020,HCV,1a,100.0
EU256023,HCV,1a,100.0
EU256028,HCV,1a,100.0
EU256027,HCV,1a,100.0
EU256024,HCV,1a,100.0
EU256026,HCV,1a,100.0
EU256030,HCV,1a,100.0
EU256029,HCV,1a,100.0
EU256032,HCV,1a,100.0
EU256031,HCV,1a,100.0
EU256035,HCV,1a,100.0
EU256033,HCV,1a,100.0
EU256036,HCV,1a,100.0
EU256037,HCV,1a,100.0
PX386911,HCV,3a,100.0
PX386909,HCV,1a,100.0
PX386913,HCV,1a,100.0
PX386908,HCV,1a,100.0
PX386914,HCV,3a,100.0
PX386919,HCV,3a,100.0
PX386912,HCV,3a,100.0
PX386918,HCV,3a,100.0
PX386917,HCV,1a,100.0
PX386916,HCV,3a,100.0
PX386910,HCV,3a,100.0
PX386923,HCV,1a,100.0
PX386920,HCV,3a,100.0
PX386921,HCV,3a,100.0
PX386922,HCV,1a,100.0
PX386915,HCV,1a,100.0
PX386924,HCV,1a,100.0
PX386925,HCV,3a,100.0
PX386929,HCV,3a,100.0
PX386930,HCV,1a,100.0
PX386926,HCV,2j,100.0
PX386932,HCV,1a,100.0
PX386927,HCV,1a,100.0
PX386931,HCV,1a,100.0
PX386934,HCV,3a,100.0
PX386935,HCV,1a,100.0
PX386928,HCV,3a,100.0
PX386933,HCV,3a,100.0
PX386938,HCV,1a,100.0
PX386937,HCV,1b,100.0
PX386936,HCV,1a,100.0
PX386943,HCV,3a,100.0
PX386939,HCV,1a,100.0
PX386944,HCV,1a,100.0
PX386945,HCV,3a,100.0
PX386940,HCV,1b,100.0
PX386942,HCV,3a,100.0
PX386941,HCV,3a,100.0
PX386946,HCV,3a,100.0
PX386951,HCV,1a,100.0
PX386954,HCV,1a,100.0
PX386949,HCV,1b,100.0
PX386952,HCV,1a,100.0
PX386948,HCV,1a,100.0
PX386947,HCV,1a,100.0
PX386957,HCV,3a,100.0
PX386953,HCV,1a,100.0
PX386950,HCV,3a,100.0
PX386960,HCV,3a,100.0
PX386955,HCV,1a,100.0
PX386958,HCV,1a,100.0
PX386959,HCV,3a,100.0
PX386956,HCV,2b,100.0
PX386968,HCV,"unassigned_1, 3h-6a",NA
PX386963,HCV,4v,100.0
PX386962,HCV,1l,100.0
PX386961,HCV,1b,100.0
EU155281,HCV,1b,100.0
EU155280,HCV,1b,100.0
EU155277,HCV,1a,100.0
EU155279,HCV,1b,100.0
EU155278,HCV,1a,100.0
EU155282,HCV,1a,100.0
EU155283,HCV,1a,100.0
EU155287,HCV,1a,100.0
EU155285,HCV,1a,100.0
EU155288,HCV,1a,100.0
EU155286,HCV,1a,100.0
EU155284,HCV,1a,100.0
EU155290,HCV,1a,100.0
EU155292,HCV,1a,100.0
EU155291,HCV,1a,100.0
EU155295,HCV,1a,100.0
EU155297,HCV,1a,100.0
EU155289,HCV,1a,100.0
EU155293,HCV,1a,100.0
EU155296,HCV,1a,100.0
EU155294,HCV,1a,100.0
EU155300,HCV,1b,100.0
EU155298,HCV,1a,100.0
EU155299,HCV,1a,100.0
EU155301,HCV,1b,100.0
EU155302,HCV,1b,100.0
EU155304,HCV,1b,100.0
EU155303,HCV,1b,100.0
EU155305,HCV,1b,100.0
EU155306,HCV,1b,100.0
EU155307,HCV,1b,100.0
EU155313,HCV,1a,100.0
EU155308,HCV,1b,100.0
EU155311,HCV,1a,100.0
EU155309,HCV,1a,100.0
EU155314,HCV,1a,100.0
EU155316,HCV,1b,100.0
EU155319,HCV,1a,100.0
EU155315,HCV,1b,100.0
EU155310,HCV,1a,100.0
EU155321,HCV,1a,100.0
EU155320,HCV,1a,100.0
EU250017,HCV,1a,100.0
EU255931,HCV,1a,100.0
EU255934,HCV,1a,100.0
EU255943,HCV,1a,100.0
EU255948,HCV,1a,100.0
EU255957,HCV,1a,100.0
EU255962,HCV,1b,100.0
EU255969,HCV,1a,100.0
EU255974,HCV,1a,100.0
EU255979,HCV,1a,100.0
EU255988,HCV,1a,100.0
EU255997,HCV,1a,100.0
EU256001,HCV,1b,100.0
EU256008,HCV,1a,100.0
EU256014,HCV,1a,100.0
EU256022,HCV,1a,100.0
EU256025,HCV,1a,100.0
EU256034,HCV,1a,100.0
EU256038,HCV,1a,100.0
EU256039,HCV,1a,100.0
EU256048,HCV,1a,100.0
EU256057,HCV,1a,100.0
EU256064,HCV,1b,100.0
EU256069,HCV,1a,100.0
EU256079,HCV,1b,100.0
EU256081,HCV,1b,100.0
EU256091,HCV,1b,100.0
EU256098,HCV,1b,100.0
EU256103,HCV,1b,100.0
EU256104,HCV,1a,100.0
EU256106,HCV,1a,100.0
EU256105,HCV,1a,100.0
EU260396,HCV,1a,100.0
EU256107,HCV,1a,100.0
EU260395,HCV,1a,100.0
EU482831,HCV,1a,100.0
EU482834,HCV,1a,100.0
EU482832,HCV,1a,100.0
EU482835,HCV,1a,100.0
EU482837,HCV,1a,100.0
EU482838,HCV,1a,100.0
EU482833,HCV,1b,100.0
EU482836,HCV,1a,100.0
EU482839,HCV,1b,100.0
EU482840,HCV,1a,100.0
EU482841,HCV,1a,100.0
EU482842,HCV,1a,100.0
EU482845,HCV,1a,100.0
EU482846,HCV,1a,100.0
EU482844,HCV,1a,100.0
EU482848,HCV,1a,100.0
EU482843,HCV,1a,100.0
EU482847,HCV,1a,100.0
EU482849,HCV,1b,100.0
EU482852,HCV,1a,100.0
EU482850,HCV,1a,100.0
EU482854,HCV,1a,100.0
EU482855,HCV,1a,100.0
EU482853,HCV,1a,100.0
EU482856,HCV,1a,100.0
EU482857,HCV,1a,100.0
EU482858,HCV,1a,100.0
EU482859,HCV,1b,100.0
EU482861,HCV,1a,100.0
EU482862,HCV,1a,100.0
EU482863,HCV,1a,100.0
EU482860,HCV,1b,100.0
EU482868,HCV,1a,100.0
EU482865,HCV,1a,100.0
EU482867,HCV,1a,100.0
EU482872,HCV,1a,100.0
EU482869,HCV,1a,100.0
EU482866,HCV,1a,100.0
EU482870,HCV,1a,100.0
EU482864,HCV,1a,100.0
EU482875,HCV,1b,100.0
EU482874,HCV,1b,100.0
EU482871,HCV,1a,100.0
EU482873,HCV,1a,100.0
EU781828,HCV,1b,100.0
EU781829,HCV,1b,100.0
EU781832,HCV,1b,100.0
EU781831,HCV,1b,100.0
EU781830,HCV,1b,100.0
EU256085,HCV,1b,100.0
EU256082,HCV,1b,100.0
EU256087,HCV,1a,100.0
EU256088,HCV,1b,100.0
EU256089,HCV,1b,100.0
EU256092,HCV,1b,100.0
EU256090,HCV,1b,100.0
EU256097,HCV,1a,100.0
EU256094,HCV,1a,100.0
EU256095,HCV,1a,100.0
EU256096,HCV,1a,100.0
EU256100,HCV,1b,100.0
EU256099,HCV,1b,100.0
EU256101,HCV,1b,100.0
EU256102,HCV,1b,100.0
PX386886,HCV,1b,100.0
PX386893,HCV,3a,100.0
PX386883,HCV,3a,100.0
PX386895,HCV,1a,100.0
PX386888,HCV,3a,100.0
PX386891,HCV,1a,100.0
PX386885,HCV,1b,100.0
PX386889,HCV,1a,100.0
PX386894,HCV,1a,100.0
PX386898,HCV,1a,100.0
PX386887,HCV,3a,100.0
PX386884,HCV,3a,100.0
PX386896,HCV,3a,100.0
PX386890,HCV,3a,100.0
PX386892,HCV,1b,100.0
PX386899,HCV,3a,100.0
PX386904,HCV,3a,100.0
PX386901,HCV,3a,100.0
PX386902,HCV,3a,100.0
PX386907,HCV,1a,100.0
PX386897,HCV,1a,100.0
PX386900,HCV,1a,100.0
PX386906,HCV,1a,100.0
PX386905,HCV,3a,100.0
PX386903,HCV,1a,100.0
PX386965,HCV,4b,100.0
PX386966,HCV,3b,100.0
PX386964,HCV,1l,100.0
PX386970,HCV,3h,100.0
PX386976,HCV,4r,100.0
PX386975,HCV,4c,100.0
PX386969,HCV,6a,100.0
PX386973,HCV,3b,100.0
PX386967,HCV,3b,100.0
PX386972,HCV,3h,100.0
PX386974,HCV,4r,100.0
PX386971,HCV,4c,100.0
PX386977,HCV,4v,100.0
PX386981,HCV,1g,100.0
PX386978,HCV,6a,100.0
PX386979,HCV,6a,100.0
PX386983,HCV,4v,100.0
PX386985,HCV,1e,100.0
PX386987,HCV,2b,100.0
PX386984,HCV,1l,100.0
PX386980,HCV,4t,100.0
PX386982,HCV,1g,100.0
PX386986,HCV,1e,100.0
PX386993,HCV,4f,100.0
PX386992,HCV,1a,100.0
PX386989,HCV,2b,100.0
PX386991,HCV,2c,100.0
PX386995,HCV,4a,100.0
PX386997,HCV,4d,100.0
PX386994,HCV,4a,100.0
PX386998,HCV,4d,100.0
PX386988,HCV,2b,100.0
PX386990,HCV,2b,100.0
PX387000,HCV,4o,100.0
PX386996,HCV,4d,100.0
PX386999,HCV,4k,100.0
PX387005,HCV,3a,100.0
PX387001,HCV,5a,100.0
PX387003,HCV,1a,100.0
PX387002,HCV,5a,100.0
PX387006,HCV,1b,100.0
PX387004,HCV,1a,100.0
PX387011,HCV,1a,100.0
PX387008,HCV,1a,100.0
PX387007,HCV,1a,100.0
PX387014,HCV,1a,100.0
PX387010,HCV,1a,100.0
PX387012,HCV,1a,100.0
PX387015,HCV,1a,100.0
PX387013,HCV,1a,100.0
PX387009,HCV,1a,100.0
PX387019,HCV,1a,100.0
PX387018,HCV,1a,100.0
PX387021,HCV,1a,100.0
PX387017,HCV,3a,100.0
PX387020,HCV,1a,100.0
PX387016,HCV,1a,100.0
PX387023,HCV,1a,100.0
PX387027,HCV,3a,100.0
PX387030,HCV,1a,100.0
PX387028,HCV,1a,100.0
PX387025,HCV,1a,100.0
PX387029,HCV,1b,100.0
PX387022,HCV,1a,100.0
PX387032,HCV,1a,100.0
PX387033,HCV,1a,100.0
PX387024,HCV,1a,100.0
EU234064,HCV,1a,100.0
EU234063,HCV,1a,100.0
EU234062,HCV,1b,100.0
EU234065,HCV,1a,100.0
EU239715,HCV,1a,100.0
EU239713,HCV,1a,100.0
EU239716,HCV,1a,100.0
EU239714,HCV,1b,100.0
EU255930,HCV,1a,100.0
EU255929,HCV,1a,100.0
EU255928,HCV,1a,100.0
EU255932,HCV,1a,100.0
EU255933,HCV,1a,100.0
EU255935,HCV,1a,100.0
EU255937,HCV,1a,100.0
EU255936,HCV,1a,100.0
EU255940,HCV,1a,100.0
EU255942,HCV,1a,100.0
EU255941,HCV,1a,100.0
EU255939,HCV,1a,100.0
EU255938,HCV,1a,100.0
EU255945,HCV,1a,100.0
EU255944,HCV,1a,100.0
EU255946,HCV,1a,100.0
EU255949,HCV,1a,100.0
EU255947,HCV,1a,100.0
EU255952,HCV,1a,100.0
EU255950,HCV,1a,100.0
EU255951,HCV,1a,100.0
EU255953,HCV,1a,100.0
EU255955,HCV,1a,100.0
EU255956,HCV,1a,100.0
EU255954,HCV,1a,100.0
EU255958,HCV,1a,100.0
EU255960,HCV,1b,100.0
EU255961,HCV,1b,100.0
EU255963,HCV,1a,100.0
EU255964,HCV,1a,100.0
EU255965,HCV,1a,100.0
EU255970,HCV,1a,100.0
EU255966,HCV,1a,100.0
EU255968,HCV,1a,100.0
EU255971,HCV,1a,100.0
EU255973,HCV,1a,100.0
EU255975,HCV,1a,100.0
