name,virus,subtype,bootstrap support
HQ229336,HCV,3a,100.0
HQ229427,HCV,1b,100.0
HQ229454,HCV,1b,100.0
HQ229453,HCV,1a,100.0
HQ229431,HCV,3a,100.0
HQ229456,HCV,1b,100.0
HQ229469,HCV,1a,100.0
HQ229455,HCV,3a,100.0
HQ229351,HCV,1a,100.0
HQ229335,HCV,3a,100.0
HQ229386,HCV,1a,100.0
HQ229396,HCV,1b,100.0
HQ229421,HCV,3a,100.0
HQ229433,HCV,1b,100.0
HQ229463,HCV,1a,100.0
HQ229464,HCV,3a,100.0
HQ229470,HCV,1a,100.0
HQ229476,HCV,3a,100.0
HQ229482,HCV,3a,100.0
HQ229481,HCV,3a,100.0
HQ229487,HCV,3a,100.0
HQ229483,HCV,3b,100.0
HQ229486,HCV,3a,100.0
HQ229498,HCV,1a,100.0
HQ229495,HCV,3a,100.0
HQ229499,HCV,1a,100.0
HQ229496,HCV,3b,100.0
HQ229338,HCV,1b,100.0
HQ229339,HCV,3a,100.0
HQ229337,HCV,3a,100.0
FJ807143,HCV,4d,100.0
HQ229521,HCV,1a,100.0
HQ229516,HCV,3b,100.0
HQ229519,HCV,1a,100.0
HQ229514,HCV,1b,100.0
HQ229518,HCV,3a,100.0
FJ807162,HCV,4d,100.0
FJ807163,HCV,4d,100.0
FJ807166,HCV,4d,100.0
HQ229324,HCV,1a,100.0
HQ229326,HCV,1a,100.0
HQ229325,HCV,1a,100.0
HQ229329,HCV,1a,100.0
MK135308,HCV,1a,100.0
MK135316,HCV,1a,100.0
MK135314,HCV,1a,100.0
MK135318,HCV,1a,100.0
MK135304,HCV,1a,100.0
MK135320,HCV,1a,100.0
MK135322,HCV,1a,100.0
MK135323,HCV,1a,100.0
MK135321,HCV,1a,100.0
MK135313,HCV,1a,100.0
MK135315,HCV,1a,100.0
MK135325,HCV,1a,100.0
MK135330,HCV,1a,100.0
MK135329,HCV,1a,100.0
MK135312,HCV,1a,100.0
MK135338,HCV,1a,100.0
MK135342,HCV,1a,100.0
MK135341,HCV,1a,100.0
MK135334,HCV,1a,100.0
MK135333,HCV,1a,100.0
MK135336,HCV,1a,100.0
MK135346,HCV,1a,100.0
MK135347,HCV,1a,100.0
MK135343,HCV,1a,100.0
MK135310,HCV,1a,100.0
MK135349,HCV,1a,100.0
MK135351,HCV,1a,100.0
MK135358,HCV,"unassigned_1, 1b-1a",NA
MK135355,HCV,1a,100.0
MK135360,HCV,1b,100.0
MK135352,HCV,1a,100.0
MK135366,HCV,"unassigned_1, 1b-1a",NA
MK135364,HCV,1b,100.0
MK135375,HCV,1b,100.0
MK135362,HCV,1b,100.0
MK135383,HCV,"unassigned_1, 1b-1a",NA
MK135382,HCV,1b,100.0
MK135381,HCV,1b,100.0
MK135369,HCV,"unassigned_1, 1b-1a",NA
MK135372,HCV,1b,100.0
MK135370,HCV,1b,100.0
MK135385,HCV,1b,100.0
MK135388,HCV,1b,100.0
MK135390,HCV,1b,100.0
MK135394,HCV,1b,100.0
MK135396,HCV,1b,100.0
MK135393,HCV,1b,100.0
MK135397,HCV,1b,100.0
MK135401,HCV,1b,100.0
MK135402,HCV,1b,100.0
MK135405,HCV,1b,100.0
MK135408,HCV,1b,100.0
MK135403,HCV,1b,100.0
MK135418,HCV,3a,100.0
MK135417,HCV,3a,100.0
MK135415,HCV,3a,100.0
MK135419,HCV,3a,100.0
MK135424,HCV,3a,100.0
MK135422,HCV,3a,100.0
MK135421,HCV,3a,100.0
MK135409,HCV,1b,100.0
MK135412,HCV,1b,100.0
MK135411,HCV,1b,100.0
MK135426,HCV,3a,100.0
MK135425,HCV,3a,100.0
MK135427,HCV,3a,100.0
MH614247,HCV,3a,100.0
MH614248,HCV,3a,100.0
MK135431,HCV,3a,100.0
MH614249,HCV,1a,100.0
MH614250,HCV,3a,100.0
MK135432,HCV,3a,100.0
MK135433,HCV,3a,100.0
MK135373,HCV,1b,100.0
MK135378,HCV,1b,100.0
PX468941,HCV,1b,100.0
PX468942,HCV,1b,100.0
PX468940,HCV,1b,100.0
PX468935,HCV,1a,100.0
PX468936,HCV,1a,100.0
PX468938,HCV,1a,100.0
MH614253,HCV,3a,100.0
PX468945,HCV,1b,100.0
MH614252,HCV,3a,100.0
PX468944,HCV,1b,100.0
MH614255,HCV,3a,100.0
PX468950,HCV,3a,100.0
PX468948,HCV,1b,100.0
PX468952,HCV,3a,100.0
MH614257,HCV,4a,100.0
MH614260,HCV,3a,100.0
MT502209,HCV,3a,100.0
MH614259,HCV,1a,100.0
MH614254,HCV,1a,100.0
MH614258,HCV,3a,100.0
MH614256,HCV,1a,100.0
MT502233,HCV,3a,100.0
MT502232,HCV,3a,100.0
MT502234,HCV,3a,100.0
MT502236,HCV,3a,100.0
MT502241,HCV,3a,100.0
MT502205,HCV,3a,100.0
MT502207,HCV,3a,100.0
MT502204,HCV,3a,100.0
PX468955,HCV,3a,100.0
PX468953,HCV,3a,100.0
MT502208,HCV,3a,100.0
MT502224,HCV,3a,100.0
MT502226,HCV,3a,100.0
MT502228,HCV,3a,100.0
MT502221,HCV,3a,100.0
MT502227,HCV,3a,100.0
MT502225,HCV,3a,100.0
MT502230,HCV,3a,100.0
MT502222,HCV,3a,100.0
MT502223,HCV,3a,100.0
MT502229,HCV,3a,100.0
KR095344,HCV,6c,100.0
KR095342,HCV,6i,100.0
KR095343,HCV,6c,100.0
KR095348,HCV,6f,100.0
KR095346,HCV,6n,100.0
KR095347,HCV,6n,100.0
KR095349,HCV,6f,100.0
KR095350,HCV,6c,100.0
KR095351,HCV,6n,100.0
MT502244,HCV,3a,100.0
KR095345,HCV,6c,100.0
MT502239,HCV,3a,100.0
MT502237,HCV,3a,100.0
MT502242,HCV,3a,100.0
MT502238,HCV,3a,100.0
MT502235,HCV,3a,100.0
KR095352,HCV,6f,100.0
KR095354,HCV,6f,100.0
KR095353,HCV,6f,100.0
AB488514,HCV,1b,100.0
AB488513,HCV,1b,100.0
AB488517,HCV,1b,100.0
AB488516,HCV,1b,100.0
AB488519,HCV,1b,100.0
AB488520,HCV,1b,100.0
AB488518,HCV,1b,100.0
MT502210,HCV,3a,100.0
AB461381,HCV,1b,100.0
AB461378,HCV,1b,100.0
AB461379,HCV,1b,100.0
MT502213,HCV,3a,100.0
AB461382,HCV,1b,100.0
AB461380,HCV,1b,100.0
AB488521,HCV,1b,100.0
MT502215,HCV,3a,100.0
AB488522,HCV,1b,100.0
AB461375,HCV,1b,100.0
AB461376,HCV,1b,100.0
AB461374,HCV,1b,100.0
AY321572,HCV,1b,100.0
AY321575,HCV,1b,100.0
AY321577,HCV,1b,100.0
AY321576,HCV,1b,100.0
AY321573,HCV,1b,100.0
KU362459,HCV,1a,100.0
KU362458,HCV,1a,100.0
AY321571,HCV,1b,100.0
KU362474,HCV,1a,100.0
KU362475,HCV,1a,100.0
KU362477,HCV,1a,100.0
KU362479,HCV,1a,100.0
KU362478,HCV,1a,100.0
KU362480,HCV,1a,100.0
KU362503,HCV,1b,100.0
KU362504,HCV,1b,100.0
KU362506,HCV,1b,100.0
KU362507,HCV,1b,100.0
KU362508,HCV,1b,100.0
KU362505,HCV,1b,100.0
KU362528,HCV,1b,100.0
KU362527,HCV,1b,100.0
KU362526,HCV,1b,100.0
KU362524,HCV,1b,100.0
KU362525,HCV,1b,100.0
KU362529,HCV,1b,100.0
KU362542,HCV,1b,100.0
KU362541,HCV,1b,100.0
KU362538,HCV,1b,100.0
KU362540,HCV,1b,100.0
KU362539,HCV,1b,100.0
KT921390,HCV,6j,100.0
OM287929,HCV,6w,100.0
OM287930,HCV,6w,100.0
KT921389,HCV,6i,100.0
HQ229343,HCV,3a,100.0
HQ229331,HCV,1a,100.0
HQ229342,HCV,3a,100.0
HQ229332,HCV,1b,100.0
HQ229333,HCV,3a,100.0
HQ229345,HCV,1b,100.0
HQ229330,HCV,1b,100.0
HQ229344,HCV,3b,100.0
HQ229356,HCV,1a,100.0
HQ229328,HCV,1a,100.0
HQ229401,HCV,3a,100.0
HQ229445,HCV,3b,100.0
HQ229422,HCV,1a,100.0
HQ229426,HCV,1a,100.0
HQ229387,HCV,1a,100.0
HQ229448,HCV,3a,100.0
HQ229449,HCV,3a,100.0
HQ229555,HCV,3a,100.0
HQ229537,HCV,3a,100.0
HQ229543,HCV,1b,100.0
AY321567,HCV,1b,100.0
AB461383,HCV,1b,100.0
AY321569,HCV,1b,100.0
AY321568,HCV,1b,100.0
AY321570,HCV,1b,100.0
AY321564,HCV,1b,100.0
AY321565,HCV,1b,100.0
KU362460,HCV,1a,100.0
KU362461,HCV,1a,100.0
KU362465,HCV,1a,100.0
KU362464,HCV,1a,100.0
KU362466,HCV,1a,100.0
KU362462,HCV,1a,100.0
KU362470,HCV,1a,100.0
KU362471,HCV,1a,100.0
KU362468,HCV,1a,100.0
KU362472,HCV,1a,100.0
KU362473,HCV,1a,100.0
KU362469,HCV,1a,100.0
KU362481,HCV,1a,100.0
KU362485,HCV,1a,100.0
KU362484,HCV,1a,100.0
KU362487,HCV,1a,100.0
KU362486,HCV,1a,100.0
KU362483,HCV,1a,100.0
KU362489,HCV,1a,100.0
KU362491,HCV,1a,100.0
KU362493,HCV,1a,100.0
KU362492,HCV,1a,100.0
KU362490,HCV,1a,100.0
KU362494,HCV,1a,100.0
KU362495,HCV,1a,100.0
KU362498,HCV,1a,100.0
KU362499,HCV,1a,100.0
KU362500,HCV,1a,100.0
KU362501,HCV,1b,100.0
KU362497,HCV,1a,100.0
KU362510,HCV,1b,100.0
KU362512,HCV,1b,100.0
KU362511,HCV,1b,100.0
KU362514,HCV,1b,100.0
KU362515,HCV,1b,100.0
KU362509,HCV,1b,100.0
KU362518,HCV,1b,100.0
KU362516,HCV,1b,100.0
KU362521,HCV,1b,100.0
KU362520,HCV,1b,100.0
KU362517,HCV,1b,100.0
KU362522,HCV,1b,100.0
KU362532,HCV,1b,100.0
KU362531,HCV,1b,100.0
KU362534,HCV,1b,100.0
KU362535,HCV,1b,100.0
KU362536,HCV,1b,100.0
KU362533,HCV,1b,100.0
KU362546,HCV,1b,100.0
KU362545,HCV,1b,100.0
KU362550,HCV,1b,100.0
KU362549,HCV,1b,100.0
KU362548,HCV,1b,100.0
KU362547,HCV,1b,100.0
KU362552,HCV,1b,100.0
KT921379,HCV,3a,100.0
KT921381,HCV,3a,100.0
KT921380,HCV,3a,100.0
KT921384,HCV,3b,100.0
KT921385,HCV,6f,100.0
KT921382,HCV,3a,100.0
KT921383,HCV,3a,100.0
KT921386,HCV,6f,100.0
KT921388,HCV,6c,100.0
KT921387,HCV,6f,100.0
KT921377,HCV,3a,100.0
KR071885,HCV,1a,100.0
KR071882,HCV,1a,100.0
KR071886,HCV,1a,100.0
KR072028,HCV,3a,100.0
HQ229354,HCV,3a,100.0
HQ229355,HCV,3a,100.0
HQ229357,HCV,3b,100.0
HQ229323,HCV,3b,100.0
HQ229361,HCV,6n,100.0
HQ229358,HCV,1a,100.0
HQ229334,HCV,1a,100.0
HQ229363,HCV,3a,100.0
HQ229376,HCV,1a,100.0
HQ229365,HCV,1a,100.0
HQ229378,HCV,3a,100.0
HQ229327,HCV,1b,100.0
HQ229362,HCV,3a,100.0
HQ229377,HCV,1a,100.0
HQ229360,HCV,3a,100.0
HQ229450,HCV,6n,100.0
HQ229491,HCV,3b,100.0
HQ229542,HCV,1a,100.0
HQ229568,HCV,1b,100.0
HQ229569,HCV,1a,100.0
HQ229566,HCV,1a,100.0
HQ229582,HCV,3b,100.0
HQ229557,HCV,3a,100.0
HQ229585,HCV,3a,100.0
HQ229584,HCV,3a,100.0
HQ229580,HCV,3a,100.0
HQ229588,HCV,3a,100.0
HQ229578,HCV,1b,100.0
HQ229591,HCV,3b,100.0
HQ229593,HCV,3a,100.0
HQ229602,HCV,3a,100.0
HQ229573,HCV,1a,100.0
MG581923,HCV,1a,100.0
MG581926,HCV,3a,100.0
MG581925,HCV,3a,100.0
KC408466,HCV,6f,100.0
MG581929,HCV,3a,100.0
MN729336,HCV,1b,100.0
HQ229603,HCV,3a,100.0
MG581927,HCV,3a,100.0
MN729337,HCV,3a,100.0
HQ229595,HCV,3a,100.0
MN729347,HCV,3a,100.0
MF372705,HCV,3a,100.0
MF372706,HCV,3a,100.0
MF372704,HCV,1b,100.0
MF372708,HCV,1a,100.0
MF372710,HCV,1a,100.0
MF372711,HCV,3a,100.0
MG581922,HCV,1a,100.0
MN729339,HCV,1a,100.0
PQ758689,HCV,3a,100.0
PQ758692,HCV,1a,100.0
MN729349,HCV,3a,100.0
PQ758693,HCV,1a,100.0
PQ758694,HCV,1b,100.0
MN729346,HCV,1a,100.0
FJ807058,HCV,4a,100.0
PQ758695,HCV,3a,100.0
FJ807060,HCV,4k,100.0
MN729343,HCV,3a,100.0
FJ807065,HCV,4a,100.0
FJ807080,HCV,4a,100.0
FJ807064,HCV,4a,100.0
MF372709,HCV,1b,100.0
FJ807083,HCV,4a,100.0
FJ807100,HCV,4d,100.0
FJ807098,HCV,4d,100.0
FJ807076,HCV,4a,100.0
FJ807062,HCV,4a,100.0
FJ807111,HCV,4d,100.0
FJ807084,HCV,4n,100.0
FJ807117,HCV,4d,100.0
FJ807104,HCV,4a,100.0
FJ807122,HCV,4d,100.0
FJ807120,HCV,4d,100.0
FJ807091,HCV,4a,100.0
FJ807124,HCV,4d,100.0
FJ807142,HCV,4d,100.0
FJ807139,HCV,4d,100.0
FJ807112,HCV,4d,100.0
FJ807123,HCV,4d,100.0
FJ807126,HCV,4a,100.0
FJ807144,HCV,4d,100.0
FJ807147,HCV,4d,100.0
HQ229601,HCV,3a,100.0
MN729338,HCV,3a,100.0
MN729340,HCV,3a,100.0
MN729341,HCV,1a,100.0
MN729342,HCV,1a,100.0
MN729344,HCV,3a,100.0
MN729345,HCV,3a,100.0
HQ229600,HCV,3a,100.0
MF372703,HCV,3a,100.0
FJ807051,HCV,4k,100.0
FJ807049,HCV,4a,100.0
FJ807053,HCV,4d,100.0
MG581928,HCV,3a,100.0
PQ758691,HCV,3a,100.0
FJ807069,HCV,4a,100.0
FJ807070,HCV,4a,100.0
FJ807077,HCV,4r,100.0
FJ807073,HCV,4a,53.0
MF372707,HCV,1a,100.0
FJ807071,HCV,4a,100.0
FJ807074,HCV,4d,100.0
FJ807075,HCV,4a,100.0
FJ807082,HCV,4a,100.0
FJ807079,HCV,4a,100.0
FJ807092,HCV,4a,100.0
FJ807096,HCV,4a,100.0
FJ807056,HCV,4a,100.0
FJ807078,HCV,4a,100.0
FJ807095,HCV,4a,100.0
FJ807136,HCV,4d,100.0
FJ807116,HCV,4d,100.0
FJ807135,HCV,4d,100.0
FJ807118,HCV,4d,100.0
FJ807127,HCV,4a,100.0
FJ807152,HCV,4k,100.0
FJ807146,HCV,4d,100.0
FJ807134,HCV,4d,100.0
FJ807108,HCV,4d,100.0
FJ807141,HCV,4d,100.0
FJ807161,HCV,4d,100.0
FJ807154,HCV,4d,100.0
FJ807165,HCV,4d,100.0
FJ807167,HCV,4d,100.0
FJ807168,HCV,4d,100.0
FJ807164,HCV,4d,100.0
MK135302,HCV,1a,100.0
MK135368,HCV,"unassigned_1, 1b-1a",NA
MK135331,HCV,1a,100.0
MK135361,HCV,1b,100.0
MK135365,HCV,1b,100.0
MK135367,HCV,1b,100.0
MK135363,HCV,1b,100.0
FJ807153,HCV,4d,100.0
FJ807160,HCV,4d,100.0
MK135303,HCV,1a,100.0
MK135305,HCV,1a,100.0
MK135309,HCV,1a,100.0
FJ807158,HCV,4d,100.0
MK135306,HCV,1a,100.0
MK135348,HCV,1a,100.0
MK135357,HCV,"unassigned_1, 1b-1a",NA
MK135353,HCV,1a,100.0
MK135356,HCV,1a,100.0
MK135359,HCV,1b,100.0
MK135344,HCV,1a,100.0
MK135377,HCV,1b,100.0
MK135380,HCV,"unassigned_1, 1b-1a",NA
MK135376,HCV,1b,100.0
MK135386,HCV,"unassigned_1, 1b-1a",NA
MK135339,HCV,1a,100.0
MK135379,HCV,1b,100.0
MK135389,HCV,1b,100.0
MK135384,HCV,1b,100.0
MK135406,HCV,1b,100.0
MK135407,HCV,1b,100.0
MK135400,HCV,1b,100.0
MK135410,HCV,"unassigned_1, 1b-1a",NA
MK135374,HCV,1b,100.0
MK135404,HCV,1b,100.0
MK135414,HCV,3a,100.0
MK135391,HCV,1b,100.0
MK135416,HCV,3a,100.0
MK135413,HCV,1b,100.0
MK135387,HCV,1b,100.0
MK135392,HCV,1b,100.0
MK135371,HCV,1b,100.0
MK135354,HCV,1a,100.0
MK135399,HCV,"unassigned_1, 1b-1a",NA
MK135395,HCV,1b,100.0
PX468934,HCV,1a,100.0
PX468937,HCV,1a,100.0
PX468943,HCV,1b,100.0
PX468939,HCV,1a,100.0
PX468946,HCV,1b,100.0
PX468949,HCV,3a,100.0
MT502212,HCV,3a,100.0
MT502217,HCV,3a,100.0
PX468951,HCV,3a,100.0
MT502206,HCV,3a,100.0
PX468947,HCV,1b,100.0
MT502211,HCV,3a,100.0
MK135398,HCV,1b,100.0
PX468954,HCV,3a,100.0
MT502220,HCV,3a,100.0
MT502231,HCV,3a,100.0
MK135430,HCV,3a,100.0
MK135428,HCV,3a,100.0
MT502216,HCV,3a,100.0
MH614251,HCV,1a,100.0
MK135420,HCV,3a,100.0
MT502240,HCV,3a,100.0
MT502243,HCV,3a,100.0
AB488511,HCV,1b,100.0
AB488515,HCV,1b,100.0
AB488512,HCV,1b,100.0
MK135429,HCV,3a,100.0
MK135423,HCV,3a,100.0
MT502219,HCV,3a,100.0
MT502218,HCV,3a,100.0
KU362482,HCV,1a,100.0
KU362488,HCV,1a,100.0
KU362496,HCV,1a,100.0
AB461377,HCV,1b,100.0
AY321566,HCV,1b,100.0
MT502214,HCV,3a,100.0
AB461384,HCV,1b,100.0
KU362530,HCV,1b,100.0
KU362537,HCV,1b,100.0
KU362544,HCV,1b,100.0
KT921378,HCV,3a,100.0
KU362551,HCV,1b,100.0
KT921391,HCV,6n,100.0
KT921394,HCV,1b,100.0
KT921392,HCV,1b,100.0
KT921395,HCV,1a,100.0
KT921393,HCV,1b,100.0
AY321574,HCV,1b,100.0
KU362463,HCV,1a,100.0
KU362467,HCV,1a,100.0
KU362476,HCV,1a,100.0
OM287935,HCV,6w,100.0
KU362543,HCV,1b,100.0
KR071883,HCV,1a,100.0
OM287931,HCV,6w,100.0
OM287936,HCV,6w,100.0
KR071884,HCV,1a,100.0
KR071888,HCV,1a,100.0
KR071887,HCV,1a,100.0
KR071892,HCV,1a,100.0
KR071902,HCV,1a,100.0
KR071897,HCV,1a,100.0
KR071889,HCV,1a,100.0
KR071924,HCV,1a,100.0
KR071910,HCV,1a,100.0
KR071890,HCV,1a,100.0
KR071914,HCV,1a,100.0
KR071930,HCV,1a,100.0
KR071931,HCV,1a,100.0
KR071933,HCV,1a,100.0
KR071934,HCV,1a,100.0
OM287933,HCV,6w,100.0
KR071913,HCV,1a,100.0
KR071932,HCV,1a,100.0
KR071942,HCV,1a,100.0
KR071939,HCV,1a,100.0
KR071925,HCV,1a,100.0
KR071926,HCV,1a,100.0
KR071923,HCV,1a,100.0
KR071941,HCV,1a,100.0
KR071946,HCV,1a,100.0
KR071915,HCV,1a,100.0
KR071929,HCV,1a,100.0
KR071955,HCV,1a,100.0
KR071951,HCV,1a,100.0
KR071928,HCV,1a,100.0
KR071953,HCV,1a,100.0
KR071949,HCV,1a,100.0
KR071936,HCV,1a,100.0
KR071938,HCV,1a,100.0
KR071954,HCV,1a,100.0
KR071945,HCV,1a,100.0
KR071972,HCV,1a,100.0
KR071978,HCV,1a,100.0
KR071969,HCV,1a,100.0
KR072004,HCV,1a,100.0
KR072006,HCV,1a,100.0
KR072007,HCV,3a,100.0
KR071937,HCV,1a,100.0
KR071944,HCV,1a,100.0
KR071943,HCV,1a,100.0
KR071940,HCV,1a,100.0
KR071904,HCV,1a,100.0
KR071935,HCV,1a,100.0
KR071988,HCV,1a,100.0
KR071996,HCV,1a,100.0
KR071998,HCV,1a,100.0
KR071999,HCV,1a,100.0
KR071993,HCV,1a,100.0
KR072000,HCV,1a,100.0
KR072002,HCV,1a,100.0
KR071973,HCV,1a,100.0
HQ229503,HCV,3a,100.0
KR072016,HCV,3a,100.0
KR071991,HCV,1a,100.0
KR072010,HCV,3a,100.0
KR072022,HCV,3a,100.0
HQ229412,HCV,3a,100.0
HQ229395,HCV,3a,100.0
HQ229415,HCV,1a,100.0
HQ229420,HCV,1b,100.0
HQ229388,HCV,3a,100.0
HQ229460,HCV,3a,100.0
HQ229389,HCV,3a,100.0
HQ229443,HCV,2a,100.0
HQ229458,HCV,3a,100.0
HQ229459,HCV,1b,100.0
HQ229524,HCV,3a,100.0
HQ229504,HCV,1a,100.0
HQ229531,HCV,1a,100.0
HQ229532,HCV,1a,100.0
KR072026,HCV,3a,100.0
KR072023,HCV,3a,100.0
HQ229341,HCV,1a,100.0
HQ229392,HCV,1a,100.0
HQ229391,HCV,3a,100.0
HQ229394,HCV,1b,100.0
HQ229374,HCV,1b,100.0
HQ229435,HCV,3a,100.0
HQ229437,HCV,3a,100.0
HQ229440,HCV,1b,100.0
HQ229441,HCV,1b,100.0
HQ229418,HCV,3a,100.0
HQ229439,HCV,1a,100.0
HQ229434,HCV,3b,100.0
HQ229442,HCV,1b,100.0
HQ229444,HCV,3a,100.0
HQ229461,HCV,1b,100.0
HQ229479,HCV,1a,100.0
HQ229480,HCV,3a,100.0
HQ229465,HCV,3a,100.0
HQ229419,HCV,1a,100.0
HQ229485,HCV,3a,100.0
HQ229484,HCV,1a,100.0
HQ229488,HCV,3a,100.0
HQ229501,HCV,1a,100.0
HQ229502,HCV,1b,100.0
HQ229472,HCV,3a,100.0
HQ229347,HCV,1a,100.0
HQ229346,HCV,1b,100.0
HQ229349,HCV,1a,100.0
HQ229350,HCV,1a,100.0
HQ229364,HCV,3a,100.0
HQ229385,HCV,1b,100.0
HQ229380,HCV,1a,100.0
HQ229379,HCV,1b,100.0
HQ229383,HCV,3a,100.0
HQ229381,HCV,3a,100.0
HQ229509,HCV,3b,100.0
HQ229507,HCV,3a,100.0
KR072015,HCV,3a,100.0
HQ229359,HCV,3a,100.0
HQ229400,HCV,1a,100.0
HQ229403,HCV,3a,100.0
HQ229406,HCV,3a,100.0
HQ229404,HCV,1b,100.0
HQ229399,HCV,1b,100.0
FJ807101,HCV,4a,100.0
FJ807105,HCV,4o,100.0
FJ807093,HCV,4a,100.0
HQ229407,HCV,3a,100.0
HQ229382,HCV,3a,100.0
HQ229384,HCV,3b,100.0
HQ229402,HCV,3b,100.0
FJ807102,HCV,4d,100.0
FJ807099,HCV,4d,100.0
KR072017,HCV,3a,100.0
FJ807086,HCV,4a,100.0
HQ229410,HCV,1b,100.0
FJ807106,HCV,4a,100.0
FJ807107,HCV,4d,100.0
HQ229423,HCV,3b,100.0
HQ229424,HCV,1a,100.0
HQ229428,HCV,3a,100.0
HQ229405,HCV,3a,100.0
HQ229446,HCV,6i,100.0
FJ807110,HCV,4a,100.0
FJ807115,HCV,4d,100.0
FJ807114,HCV,4d,100.0
FJ807109,HCV,4d,100.0
FJ807103,HCV,4d,100.0
FJ807119,HCV,4d,100.0
FJ807072,HCV,4a,100.0
HQ229447,HCV,3a,100.0
HQ229425,HCV,2a,100.0
HQ229409,HCV,1a,100.0
HQ229432,HCV,3b,100.0
HQ229452,HCV,3a,100.0
HQ229408,HCV,3b,100.0
HQ229474,HCV,3a,100.0
HQ229471,HCV,3a,100.0
HQ229477,HCV,1b,100.0
HQ229451,HCV,1b,100.0
HQ229429,HCV,3a,100.0
HQ229490,HCV,1b,100.0
HQ229430,HCV,1a,100.0
HQ229492,HCV,1b,100.0
HQ229489,HCV,3a,100.0
HQ229475,HCV,1b,100.0
HQ229494,HCV,3a,100.0
HQ229473,HCV,3a,100.0
HQ229478,HCV,3a,100.0
HQ229468,HCV,3a,100.0
HQ229493,HCV,3b,100.0
HQ229515,HCV,3a,100.0
HQ229513,HCV,3a,100.0
HQ229511,HCV,3a,100.0
HQ229517,HCV,1a,100.0
HQ229497,HCV,3a,100.0
HQ229512,HCV,3a,100.0
HQ229520,HCV,1b,100.0
HQ229533,HCV,1a,100.0
HQ229535,HCV,1a,100.0
HQ229534,HCV,1a,100.0
HQ229536,HCV,1b,100.0
HQ229540,HCV,3a,100.0
HQ229538,HCV,1a,100.0
HQ229541,HCV,1b,100.0
HQ229556,HCV,1a,100.0
HQ229558,HCV,1a,100.0
HQ229560,HCV,3a,100.0
FJ807125,HCV,4d,100.0
FJ807121,HCV,4d,100.0
FJ807129,HCV,4d,100.0
FJ807128,HCV,4d,100.0
FJ807130,HCV,4d,100.0
FJ807113,HCV,4d,100.0
FJ807133,HCV,4d,100.0
FJ807137,HCV,4d,100.0
FJ807131,HCV,4d,100.0
FJ807138,HCV,4d,100.0
FJ807132,HCV,4a,100.0
FJ807140,HCV,4d,100.0
FJ807150,HCV,4a,100.0
FJ807149,HCV,4a,100.0
FJ807145,HCV,4a,100.0
FJ807148,HCV,4d,100.0
FJ807157,HCV,4d,100.0
FJ807156,HCV,4d,100.0
FJ807155,HCV,4d,100.0
FJ807151,HCV,4a,100.0
FJ807159,HCV,4d,100.0
MK135311,HCV,1a,100.0
MK135317,HCV,1a,100.0
MK135319,HCV,1a,100.0
MK135326,HCV,1a,100.0
MK135324,HCV,1a,100.0
MK135327,HCV,1a,100.0
MK135332,HCV,1a,100.0
MK135307,HCV,1a,100.0
MK135335,HCV,1a,100.0
MK135337,HCV,1a,100.0
MK135340,HCV,1a,100.0
MK135328,HCV,1a,100.0
MK135345,HCV,1a,100.0
MK135350,HCV,1a,100.0
AB461373,HCV,1b,100.0
KU362502,HCV,1b,100.0
KU362513,HCV,1b,100.0
KU362519,HCV,1b,100.0
KU362523,HCV,1b,100.0
HQ229564,HCV,3a,100.0
HQ229563,HCV,3a,100.0
HQ229562,HCV,3a,100.0
HQ229561,HCV,3a,100.0
HQ229539,HCV,3a,100.0
HQ229565,HCV,1a,100.0
HQ229571,HCV,1a,100.0
HQ229570,HCV,1a,100.0
HQ229574,HCV,3b,100.0
HQ229575,HCV,1b,100.0
HQ229559,HCV,3a,100.0
HQ229572,HCV,1a,100.0
HQ229579,HCV,1a,100.0
HQ229581,HCV,3a,100.0
HQ229567,HCV,1a,100.0
HQ229576,HCV,1a,100.0
HQ229594,HCV,3a,100.0
HQ229589,HCV,3a,100.0
HQ229596,HCV,3a,100.0
HQ229577,HCV,1a,100.0
HQ229597,HCV,3a,100.0
HQ229586,HCV,3a,100.0
HQ229598,HCV,3a,100.0
HQ229583,HCV,3a,100.0
HQ229599,HCV,3a,100.0
KC408454,HCV,6f,100.0
KC408455,HCV,6f,100.0
HQ229590,HCV,3a,100.0
KC408456,HCV,6f,100.0
HQ229587,HCV,3a,100.0
KC408452,HCV,6f,100.0
KC408458,HCV,6f,100.0
KC408457,HCV,6f,100.0
KC408459,HCV,6f,100.0
KC408461,HCV,6f,100.0
KC408463,HCV,6f,100.0
KC408465,HCV,6f,100.0
KC408464,HCV,6f,100.0
KC408467,HCV,6f,100.0
KC408462,HCV,6f,100.0
KC408460,HCV,6f,100.0
KC408453,HCV,6f,100.0
MG581920,HCV,1a,100.0
MG581921,HCV,1a,100.0
HQ229592,HCV,3a,100.0
MG581919,HCV,1a,100.0
MG581924,HCV,3a,100.0
MN729348,HCV,1a,100.0
PQ758688,HCV,1a,100.0
MF372712,HCV,1a,100.0
PQ758690,HCV,1a,100.0
FJ807048,HCV,4d,100.0
FJ807050,HCV,4a,100.0
FJ807047,HCV,4a,100.0
FJ807054,HCV,1g,84.0
FJ807055,HCV,4a,100.0
FJ807059,HCV,4a,100.0
FJ807061,HCV,4d,100.0
FJ807057,HCV,4a,100.0
FJ807066,HCV,4a,100.0
FJ807052,HCV,1b,100.0
FJ807063,HCV,4d,100.0
FJ807068,HCV,4d,100.0
FJ807067,HCV,4a,100.0
FJ807081,HCV,4d,100.0
FJ807085,HCV,4d,100.0
FJ807088,HCV,4a,100.0
FJ807087,HCV,4r,100.0
FJ807089,HCV,4a,100.0
FJ807090,HCV,4a,100.0
FJ807094,HCV,4r,100.0
FJ807097,HCV,4a,100.0
KR071893,HCV,1a,100.0
OM287932,HCV,6w,100.0
KR071896,HCV,1a,100.0
KR071895,HCV,1a,100.0
KR071898,HCV,1a,100.0
OM287937,HCV,6w,100.0
KR071901,HCV,1a,100.0
KR071900,HCV,1a,100.0
KR071903,HCV,1a,100.0
KR071894,HCV,1a,100.0
KR071906,HCV,1a,100.0
KR071905,HCV,1a,100.0
KR071891,HCV,1a,100.0
KR071909,HCV,1a,100.0
KR071899,HCV,1a,100.0
KR071911,HCV,1a,100.0
KR071912,HCV,1a,100.0
KR071907,HCV,1a,100.0
OM287934,HCV,6w,100.0
KR071918,HCV,1a,100.0
KR071917,HCV,1a,100.0
KR071919,HCV,1a,100.0
KR071916,HCV,1a,100.0
KR071921,HCV,1a,100.0
KR071920,HCV,1a,100.0
KR071908,HCV,1a,100.0
KR071956,HCV,1a,100.0
KR071927,HCV,1a,100.0
KR071950,HCV,1a,100.0
KR071957,HCV,1a,100.0
KR071948,HCV,1a,100.0
KR071959,HCV,1a,100.0
KR071922,HCV,1a,100.0
KR071960,HCV,1a,100.0
KR071961,HCV,1a,100.0
KR071966,HCV,1a,100.0
KR071965,HCV,1a,100.0
KR071962,HCV,1a,100.0
KR071964,HCV,1a,100.0
KR071970,HCV,1a,100.0
KR071971,HCV,1a,100.0
KR071967,HCV,1a,100.0
KR071975,HCV,1a,100.0
KR071968,HCV,1a,100.0
KR071963,HCV,1a,100.0
KR071947,HCV,1a,100.0
KR071952,HCV,1a,100.0
KR071977,HCV,1a,100.0
KR071982,HCV,1a,100.0
KR071983,HCV,1a,100.0
KR071984,HCV,1a,100.0
KR071974,HCV,1a,100.0
KR071986,HCV,1a,100.0
KR071989,HCV,1a,100.0
KR071976,HCV,1a,100.0
KR071981,HCV,1a,100.0
KR071985,HCV,1a,100.0
KR071958,HCV,1a,100.0
KR071990,HCV,1a,100.0
KR071980,HCV,1a,100.0
KR071992,HCV,1a,100.0
KR071987,HCV,1a,100.0
KR072001,HCV,1a,100.0
KR072003,HCV,1a,100.0
KR071995,HCV,1a,100.0
KR072011,HCV,3a,100.0
KR072008,HCV,3a,100.0
KR072005,HCV,1a,100.0
KR072013,HCV,3a,100.0
KR072019,HCV,3a,100.0
KR071994,HCV,1a,100.0
KR072021,HCV,3a,100.0
KR072009,HCV,3a,100.0
KR072012,HCV,3a,100.0
KR072018,HCV,3a,100.0
KR071997,HCV,1a,100.0
KR071979,HCV,1a,100.0
KR072024,HCV,3a,100.0
KR072020,HCV,3a,100.0
KR072031,HCV,3a,100.0
KR072036,HCV,3a,100.0
KR072014,HCV,3a,100.0
KR072033,HCV,3a,100.0
KR072025,HCV,3a,100.0
KR072029,HCV,3a,100.0
KR072032,HCV,3a,100.0
HQ229366,HCV,3a,100.0
HQ229369,HCV,1a,100.0
KR072034,HCV,3a,100.0
HQ229368,HCV,3a,100.0
HQ229371,HCV,1a,100.0
HQ229370,HCV,3a,100.0
HQ229372,HCV,1b,100.0
HQ229340,HCV,3a,100.0
HQ229390,HCV,3a,100.0
KR072027,HCV,3a,100.0
HQ229393,HCV,1b,100.0
HQ229398,HCV,1a,100.0
HQ229411,HCV,1a,100.0
HQ229375,HCV,3a,100.0
HQ229397,HCV,1b,100.0
HQ229413,HCV,1b,100.0
HQ229414,HCV,1b,100.0
KR072030,HCV,3a,100.0
HQ229367,HCV,3a,100.0
KR072035,HCV,3a,100.0
HQ229373,HCV,3a,100.0
HQ229417,HCV,3a,100.0
HQ229416,HCV,1b,100.0
HQ229436,HCV,3a,100.0
HQ229438,HCV,1a,100.0
HQ229462,HCV,1a,100.0
HQ229457,HCV,3a,100.0
HQ229466,HCV,3a,100.0
HQ229467,HCV,1a,100.0
HQ229506,HCV,3a,100.0
HQ229500,HCV,3a,100.0
HQ229508,HCV,1b,100.0
HQ229510,HCV,3a,100.0
HQ229523,HCV,3a,100.0
HQ229525,HCV,1b,100.0
HQ229529,HCV,3a,100.0
HQ229527,HCV,3a,100.0
HQ229528,HCV,1b,100.0
HQ229530,HCV,1a,100.0
HQ229545,HCV,1a,100.0
HQ229546,HCV,1a,100.0
HQ229548,HCV,1a,100.0
HQ229505,HCV,3b,100.0
HQ229549,HCV,3a,100.0
HQ229522,HCV,3a,100.0
HQ229526,HCV,3a,100.0
HQ229550,HCV,3a,100.0
HQ229551,HCV,3a,100.0
HQ229544,HCV,1a,100.0
HQ229554,HCV,1b,100.0
HQ229552,HCV,3a,100.0
HQ229352,HCV,3a,100.0
HQ229547,HCV,3a,100.0
HQ229348,HCV,3a,100.0
HQ229553,HCV,3a,100.0
HQ229353,HCV,1a,100.0
JQ303534,HCV,1b,100.0
JQ303524,HCV,1b,100.0
KY083758,HCV,2c,46.0
JQ303514,HCV,3b,100.0
KR072201,HCV,3a,100.0
KR072190,HCV,3a,100.0
JQ303540,HCV,6a,100.0
JQ303544,HCV,2a,100.0
JQ303553,HCV,6n,100.0
PP164609,HCV,3a,100.0
PP164618,HCV,3a,100.0
PP164619,HCV,3a,100.0
PP164615,HCV,3a,100.0
PP164651,HCV,3a,100.0
PP164629,HCV,3a,100.0
PP164627,HCV,3a,100.0
PP164621,HCV,3a,100.0
PP164630,HCV,3a,100.0
PP164675,HCV,3b,100.0
PP164674,HCV,3b,100.0
PP164680,HCV,3b,100.0
PP164634,HCV,3a,100.0
PP164635,HCV,3a,100.0
PP164667,HCV,3a,100.0
PP164668,HCV,3a,100.0
PP164657,HCV,3a,100.0
PP164664,HCV,3a,100.0
PP164662,HCV,3a,100.0
PP164691,HCV,6f,100.0
PP164699,HCV,6f,100.0
PP164702,HCV,6f,100.0
PP164679,HCV,3b,100.0
PP164648,HCV,3a,100.0
PP164803,HCV,6f,100.0
KR072039,HCV,3a,100.0
PP164883,HCV,6n,100.0
PP164884,HCV,6n,100.0
PP164885,HCV,6n,100.0
PP164886,HCV,6v,100.0
KR072043,HCV,3a,100.0
KR072054,HCV,3a,100.0
KR072049,HCV,3a,100.0
KR072050,HCV,3a,100.0
KR072052,HCV,3a,100.0
KR072060,HCV,3a,100.0
KR072059,HCV,3a,100.0
KR072063,HCV,3a,100.0
KR072064,HCV,3a,100.0
KR072065,HCV,3a,100.0
KR072067,HCV,3a,100.0
KR072066,HCV,3a,100.0
KR072062,HCV,3a,100.0
KR072107,HCV,3a,100.0
KR072071,HCV,3a,100.0
KR072051,HCV,3a,100.0
KR072072,HCV,3a,100.0
KR072061,HCV,3a,100.0
KR072076,HCV,3a,100.0
KR072077,HCV,3a,100.0
KR072079,HCV,3a,100.0
KR072069,HCV,3a,100.0
KR072075,HCV,3a,100.0
KR072082,HCV,3a,100.0
KR072078,HCV,3a,100.0
KR072080,HCV,3a,100.0
KR072055,HCV,3a,100.0
KR072095,HCV,3a,100.0
KR072093,HCV,3a,100.0
KR072096,HCV,3a,100.0
KR072119,HCV,3a,100.0
KR072118,HCV,3a,100.0
KR072117,HCV,3a,100.0
KR072123,HCV,3a,100.0
KR072105,HCV,3a,100.0
KR072111,HCV,3a,100.0
KR072129,HCV,3a,100.0
KR072058,HCV,3a,100.0
KR072056,HCV,3a,100.0
KR072045,HCV,3a,100.0
KR072057,HCV,3a,100.0
KR072053,HCV,3a,100.0
KR072081,HCV,3a,100.0
KR072083,HCV,3a,100.0
KR072084,HCV,3a,100.0
KR072073,HCV,3a,100.0
KR072089,HCV,3a,100.0
KR072068,HCV,3a,100.0
KR072088,HCV,3a,100.0
KR072074,HCV,3a,100.0
KR072091,HCV,3a,100.0
KR072104,HCV,3a,100.0
KR072125,HCV,3a,100.0
KR072135,HCV,3a,100.0
KR072138,HCV,3a,100.0
KR072137,HCV,3a,100.0
KR072136,HCV,3a,100.0
KR072126,HCV,3a,100.0
KR072158,HCV,3a,100.0
KR072160,HCV,3a,100.0
KR072150,HCV,3a,100.0
KR072128,HCV,3a,100.0
KR072140,HCV,3a,100.0
KR072141,HCV,3a,100.0
KR072162,HCV,3a,100.0
KR072182,HCV,3a,100.0
KR072170,HCV,3a,100.0
KR072167,HCV,3a,100.0
KR072180,HCV,3a,100.0
KR072183,HCV,3a,100.0
KR072185,HCV,3a,100.0
KR072194,HCV,3a,100.0
KR072166,HCV,3a,100.0
KR072169,HCV,3a,100.0
KR072197,HCV,3a,100.0
KR072171,HCV,3a,100.0
KR072184,HCV,3a,100.0
KR072195,HCV,3a,100.0
KR072193,HCV,3a,100.0
KR072192,HCV,3a,100.0
JQ303536,HCV,1b,100.0
JQ303511,HCV,3b,100.0
JQ303518,HCV,1b,100.0
JQ303532,HCV,1b,100.0
JQ303533,HCV,1b,100.0
JQ303537,HCV,1b,100.0
JQ303535,HCV,1b,100.0
JQ303523,HCV,1b,100.0
JQ303515,HCV,3b,100.0
JQ303512,HCV,3a,100.0
JQ303513,HCV,1b,100.0
JQ303516,HCV,1b,100.0
KR072203,HCV,3a,100.0
JQ303520,HCV,1b,100.0
JQ303521,HCV,1b,100.0
JQ303545,HCV,2a,100.0
JQ303549,HCV,6n,100.0
JQ303547,HCV,6n,100.0
JQ303530,HCV,1b,100.0
JQ303539,HCV,6a,100.0
JQ303551,HCV,6n,100.0
JQ303531,HCV,1b,100.0
JQ303538,HCV,1b,100.0
JQ303527,HCV,1b,100.0
JQ303542,HCV,1b,100.0
JQ303529,HCV,1b,100.0
JQ303546,HCV,2a,100.0
JQ303543,HCV,3a,100.0
JQ303548,HCV,6n,100.0
JQ303554,HCV,6n,100.0
JQ303552,HCV,6n,100.0
JQ303558,HCV,6a,100.0
JQ303556,HCV,6a,100.0
JQ303557,HCV,6a,100.0
JQ303555,HCV,6xa,100.0
JQ303561,HCV,6a,100.0
JQ303566,HCV,6a,100.0
JQ303567,HCV,6a,100.0
JQ303550,HCV,6n,100.0
JQ303565,HCV,6a,100.0
JQ303563,HCV,6a,100.0
JQ303564,HCV,6a,100.0
JQ303568,HCV,6a,100.0
JQ303569,HCV,6a,100.0
JQ303570,HCV,6a,100.0
JQ303562,HCV,6a,100.0
JQ303573,HCV,3b,100.0
JQ303574,HCV,3b,100.0
JQ303572,HCV,3b,100.0
JQ303560,HCV,6a,100.0
JQ303559,HCV,6a,100.0
JQ303576,HCV,3b,100.0
JQ303579,HCV,3b,100.0
JQ303580,HCV,3b,100.0
JQ303582,HCV,3b,100.0
JQ303578,HCV,3b,100.0
JQ303541,HCV,3b,100.0
JQ303594,HCV,1b,100.0
JQ303583,HCV,3b,100.0
JQ303595,HCV,1b,100.0
JQ303591,HCV,3a,100.0
JQ303592,HCV,3a,100.0
JQ303593,HCV,1a,100.0
JQ303577,HCV,3b,100.0
JQ303589,HCV,3a,100.0
JQ303605,HCV,1b,100.0
JQ303604,HCV,1b,100.0
JQ303606,HCV,1b,100.0
JQ303611,HCV,1b,100.0
JQ303610,HCV,1b,100.0
JQ303602,HCV,1b,100.0
JQ303597,HCV,1b,100.0
JQ303596,HCV,1b,100.0
JQ303601,HCV,1b,100.0
JQ303588,HCV,3a,100.0
JQ303585,HCV,3b,100.0
JQ303603,HCV,1b,100.0
JQ303619,HCV,1b,100.0
JQ303607,HCV,1b,100.0
JQ303600,HCV,1b,100.0
JQ303614,HCV,1b,100.0
JQ303616,HCV,1b,100.0
JQ303599,HCV,1b,100.0
JQ303618,HCV,1b,100.0
JQ303609,HCV,1b,100.0
JQ303631,HCV,1b,100.0
JQ303636,HCV,1b,100.0
JQ303637,HCV,1b,100.0
JQ303630,HCV,1b,100.0
JQ303634,HCV,1b,100.0
JQ303638,HCV,1b,100.0
JQ303639,HCV,1b,100.0
JQ303633,HCV,3a,100.0
JQ303628,HCV,1b,100.0
JQ797685,HCV,1b,100.0
JQ303635,HCV,1b,100.0
JQ797689,HCV,1b,100.0
JQ797690,HCV,1b,100.0
JQ303641,HCV,1b,100.0
JF722465,HCV,2a,100.0
JQ797688,HCV,1b,100.0
JF722466,HCV,2a,100.0
JF722467,HCV,2b,100.0
JF722460,HCV,2b,100.0
JF722480,HCV,2a,100.0
JF722482,HCV,2b,100.0
JF722483,HCV,2b,100.0
JF722485,HCV,2b,100.0
JF722478,HCV,2a,100.0
JF722486,HCV,2b,100.0
JF722487,HCV,2a,100.0
JF722474,HCV,2b,100.0
PP164503,HCV,1b,100.0
PP164529,HCV,3a,100.0
PP164522,HCV,3a,100.0
PP164517,HCV,3a,100.0
JF722497,HCV,2b,100.0
JF722473,HCV,2b,100.0
JF722501,HCV,2b,100.0
JF722503,HCV,2b,100.0
JF722502,HCV,2b,100.0
JF722505,HCV,2b,100.0
JF722504,HCV,2b,100.0
JF722506,HCV,2c,100.0
JF722500,HCV,2a,100.0
JF722525,HCV,2e,37.0
JF722513,HCV,2b,100.0
JF722529,HCV,2i,100.0
JF722530,HCV,2a,100.0
JF722528,HCV,2a,100.0
JF722531,HCV,2c,100.0
JF722534,HCV,2b,100.0
JF722533,HCV,2j,77.0
JF722527,HCV,2b,100.0
JF722543,HCV,2a,100.0
JF722542,HCV,2j,100.0
JF722544,HCV,2j,93.0
JF722548,HCV,2b,100.0
JF722546,HCV,2b,100.0
JF722547,HCV,2i,100.0
JF722538,HCV,2b,100.0
JF722551,HCV,2a,100.0
JF722526,HCV,2b,100.0
JF722555,HCV,2e,81.0
JF722552,HCV,2j,45.0
JF722571,HCV,2c,94.0
JF722572,HCV,2j,76.0
JF722574,HCV,2b,100.0
JF722577,HCV,2b,100.0
JF722575,HCV,2b,100.0
JF722601,HCV,2a,100.0
JF722596,HCV,2c,99.0
JF722600,HCV,2b,92.0
JF722597,HCV,2j,83.0
JF722598,HCV,2j,96.0
JF722606,HCV,2m,59.0
JF722583,HCV,2a,100.0
JF722599,HCV,2a,65.0
JF722573,HCV,2j,91.0
JF722603,HCV,2q,39.0
KX284736,HCV,2j,100.0
KX284735,HCV,2k,47.0
JF722612,HCV,2j,92.0
JF722620,HCV,2a,100.0
KX284733,HCV,2k,57.0
KX284734,HCV,2k,42.0
KX284738,HCV,2j,100.0
KX284730,HCV,2j,91.0
JF722615,HCV,2b,100.0
KX284744,HCV,2c,100.0
KX284731,HCV,2j,91.0
KU883433,HCV,4a,100.0
PP164397,HCV,1a,100.0
KU883434,HCV,4a,100.0
PP164398,HCV,1a,100.0
KU883436,HCV,4d,100.0
PP164403,HCV,1a,100.0
PP164400,HCV,1a,100.0
PP164420,HCV,1a,100.0
PP164435,HCV,1a,100.0
PP164437,HCV,1a,100.0
PP164429,HCV,1a,100.0
PP164440,HCV,1a,100.0
PP164441,HCV,1a,100.0
PP164414,HCV,1a,100.0
PP164442,HCV,1a,100.0
PP164443,HCV,1a,100.0
KX284742,HCV,2j,98.0
PP164468,HCV,1a,100.0
PP164439,HCV,1a,100.0
PP164469,HCV,1a,100.0
PP164474,HCV,1b,100.0
PP164510,HCV,1b,100.0
PP164506,HCV,1b,100.0
PP164509,HCV,1b,100.0
PP164511,HCV,1b,100.0
PP164475,HCV,1b,100.0
PP164528,HCV,3a,100.0
PP164513,HCV,3a,100.0
PP164552,HCV,3a,100.0
PP164551,HCV,3a,100.0
PP164556,HCV,3a,100.0
PP164555,HCV,3a,100.0
PP164539,HCV,3a,100.0
PP164554,HCV,3a,100.0
PP164557,HCV,3a,100.0
PP164562,HCV,3a,100.0
PP164535,HCV,3a,100.0
PP164559,HCV,3a,100.0
PP164553,HCV,3a,100.0
PP164561,HCV,3a,100.0
PP164643,HCV,3a,100.0
PP164631,HCV,3a,100.0
PP164642,HCV,3a,100.0
PP164645,HCV,3a,100.0
PP164646,HCV,3a,100.0
PP164647,HCV,3a,100.0
PP164644,HCV,3a,100.0
PP164640,HCV,3a,100.0
PP164649,HCV,3a,100.0
PP164669,HCV,3a,100.0
PP164670,HCV,3a,100.0
PP164671,HCV,3a,100.0
PP164672,HCV,3a,100.0
PP164677,HCV,3b,100.0
PP164678,HCV,3b,100.0
PP164676,HCV,3b,100.0
PP164684,HCV,6f,100.0
JQ303584,HCV,3b,100.0
JQ303586,HCV,3b,100.0
JQ303581,HCV,3b,100.0
JQ303587,HCV,3a,100.0
JQ303575,HCV,3b,100.0
JQ303571,HCV,6a,100.0
JQ303590,HCV,3a,100.0
JQ303613,HCV,1b,100.0
JQ303629,HCV,1b,100.0
JQ303624,HCV,2a,100.0
JQ303625,HCV,2a,100.0
JQ303627,HCV,1b,100.0
JQ303615,HCV,1b,100.0
JQ303598,HCV,1b,100.0
JQ303640,HCV,1b,100.0
JQ303626,HCV,2a,100.0
JQ303622,HCV,1b,100.0
JQ303632,HCV,3a,100.0
JQ303643,HCV,1b,100.0
JQ797686,HCV,1b,100.0
JQ797687,HCV,1b,100.0
JQ797691,HCV,1b,100.0
JF722456,HCV,2q,44.0
JF722458,HCV,2b,100.0
JQ797684,HCV,1b,100.0
JF722457,HCV,2b,100.0
JF722463,HCV,2b,100.0
JF722464,HCV,2b,100.0
JQ303642,HCV,1b,100.0
JF722471,HCV,2a,100.0
JF722469,HCV,2b,100.0
JF722459,HCV,2b,100.0
JF722462,HCV,2a,100.0
JF722476,HCV,2a,100.0
JF722454,HCV,2j,59.0
JF722479,HCV,2a,100.0
JF722477,HCV,2a,100.0
JF722489,HCV,2b,100.0
JF722490,HCV,2b,100.0
JF722475,HCV,2a,100.0
JF722493,HCV,2b,100.0
JF722495,HCV,2b,100.0
JF722492,HCV,2b,100.0
JF722494,HCV,2b,100.0
JF722508,HCV,2a,31.0
JF722507,HCV,2j,72.0
JF722511,HCV,2a,100.0
JF722484,HCV,2a,100.0
JF722488,HCV,2b,100.0
JF722512,HCV,2b,100.0
JF722510,HCV,2b,100.0
JF722514,HCV,2j,61.0
JF722515,HCV,2i,100.0
JF722520,HCV,2b,100.0
JF722519,HCV,2b,100.0
JF722491,HCV,2b,100.0
JF722523,HCV,2b,100.0
JF722509,HCV,2a,100.0
JF722522,HCV,2i,100.0
JF722535,HCV,2i,100.0
JF722537,HCV,2c,45.0
JF722536,HCV,2c,73.0
JF722498,HCV,2b,100.0
JF722539,HCV,2a,100.0
JF722518,HCV,2i,99.0
JF722541,HCV,2b,100.0
JF722532,HCV,2b,100.0
JF722521,HCV,2a,29.0
JF722550,HCV,2c,100.0
JF722553,HCV,2i,100.0
JF722540,HCV,2a,100.0
JF722554,HCV,2k,85.0
JF722562,HCV,2r,100.0
JF722561,HCV,2a,100.0
JF722565,HCV,2a,100.0
JF722563,HCV,2a,78.0
JF722568,HCV,2k,81.0
JF722567,HCV,2j,89.0
JF722556,HCV,2a,100.0
JF722580,HCV,2c,100.0
JF722578,HCV,2a,100.0
JF722579,HCV,2b,100.0
JF722566,HCV,2j,94.0
JF722587,HCV,2j,100.0
JF722549,HCV,2b,100.0
JF722584,HCV,2a,100.0
JF722585,HCV,2a,100.0
JF722588,HCV,2a,100.0
JF722591,HCV,2b,100.0
JF722560,HCV,2q,43.0
JF722589,HCV,2c,100.0
JF722593,HCV,2j,99.0
JF722592,HCV,2j,99.0
JF722595,HCV,2a,100.0
JF722581,HCV,2a,100.0
JF722590,HCV,2c,85.0
JF722602,HCV,2q,97.0
JF722605,HCV,2m,95.0
JF722604,HCV,2a,100.0
JF722617,HCV,2b,100.0
JF722618,HCV,2j,41.0
JQ746503,HCV,2j,73.0
JQ746502,HCV,2a,44.0
JF722594,HCV,2b,100.0
JQ746505,HCV,2k,68.0
JF722619,HCV,2b,100.0
JQ746507,HCV,2c,100.0
JQ746506,HCV,2b,100.0
KX284739,HCV,2j,100.0
KX284737,HCV,2j,87.0
KX284743,HCV,2q,61.0
KU883429,HCV,4o,100.0
KX284740,HCV,2j,87.0
KU883431,HCV,4a,100.0
KU883432,HCV,4a,100.0
KU883428,HCV,4r,100.0
KU883430,HCV,4a,100.0
PP164399,HCV,1a,100.0
PP164413,HCV,1a,100.0
PP164410,HCV,1a,100.0
PP164427,HCV,1a,100.0
PP164449,HCV,1a,100.0
PP164450,HCV,1a,100.0
PP164446,HCV,1a,100.0
PP164457,HCV,1a,100.0
PP164426,HCV,1a,100.0
PP164462,HCV,1a,100.0
PP164464,HCV,1a,100.0
PP164484,HCV,1b,100.0
PP164434,HCV,1a,100.0
PP164483,HCV,1b,100.0
PP164485,HCV,1b,100.0
PP164488,HCV,1b,100.0
PP164490,HCV,1b,100.0
PP164489,HCV,1b,100.0
PP164492,HCV,1b,100.0
PP164515,HCV,3a,100.0
PP164519,HCV,3a,100.0
PP164518,HCV,3a,100.0
PP164520,HCV,3a,100.0
PP164525,HCV,3a,100.0
PP164526,HCV,3a,100.0
PP164487,HCV,1b,100.0
PP164542,HCV,3a,100.0
PP164544,HCV,3a,100.0
PP164543,HCV,3a,100.0
PP164548,HCV,3a,100.0
PP164546,HCV,3a,100.0
PP164547,HCV,3a,100.0
PP164538,HCV,3a,100.0
PP164534,HCV,3a,100.0
PP164549,HCV,3a,100.0
PP164530,HCV,3a,100.0
PP164577,HCV,3a,100.0
PP164588,HCV,3a,100.0
PP164587,HCV,3a,100.0
PP164572,HCV,3a,100.0
PP164590,HCV,3a,100.0
PP164589,HCV,3a,100.0
PP164579,HCV,3a,100.0
PP164560,HCV,3a,100.0
PP164598,HCV,3a,100.0
PP164576,HCV,3a,100.0
PP164593,HCV,3a,100.0
PP164682,HCV,3b,100.0
PP164696,HCV,6f,100.0
PP164707,HCV,6f,100.0
PP164709,HCV,6f,100.0
PP164712,HCV,6f,100.0
PP164710,HCV,6f,100.0
PP164698,HCV,6f,100.0
PP164714,HCV,6f,100.0
PP164717,HCV,6f,100.0
JQ303617,HCV,1b,100.0
JQ303620,HCV,1b,100.0
JQ303623,HCV,2a,100.0
JQ303608,HCV,1b,100.0
JQ303621,HCV,1b,100.0
JQ303612,HCV,1b,100.0
PP164728,HCV,6f,100.0
PP164730,HCV,6f,100.0
PP164733,HCV,6f,100.0
PP164736,HCV,6f,100.0
PP164737,HCV,6f,100.0
PP164718,HCV,6f,100.0
PP164715,HCV,6f,100.0
PP164721,HCV,6f,100.0
PP164700,HCV,6f,100.0
PP164706,HCV,6f,100.0
PP164723,HCV,6f,100.0
PP164713,HCV,6f,100.0
PP164741,HCV,6f,100.0
PP164792,HCV,6f,100.0
PP164765,HCV,6f,100.0
PP164790,HCV,6f,100.0
PP164829,HCV,6f,100.0
PP164802,HCV,6f,100.0
PP164808,HCV,6f,100.0
PP164776,HCV,6f,100.0
PP164822,HCV,6f,100.0
PP164855,HCV,6f,100.0
PP164838,HCV,6f,100.0
PP164701,HCV,6f,100.0
PP164865,HCV,6f,100.0
PP164844,HCV,6f,100.0
PP164842,HCV,6f,100.0
PP164856,HCV,6f,100.0
PP164859,HCV,6f,100.0
PP164860,HCV,6f,100.0
PP164861,HCV,6f,100.0
PP164863,HCV,6f,100.0
PP164864,HCV,6f,100.0
PP164862,HCV,6f,100.0
KX284729,HCV,2m,67.0
KR072037,HCV,3a,100.0
KR072042,HCV,3a,100.0
KR072041,HCV,3a,100.0
KR072044,HCV,3a,100.0
KR072046,HCV,3a,100.0
KR072047,HCV,3a,100.0
KR072038,HCV,3a,100.0
KR072048,HCV,3a,100.0
KR072040,HCV,3a,100.0
KR072094,HCV,3a,100.0
KR072097,HCV,3a,100.0
KR072099,HCV,3a,100.0
KR072098,HCV,3a,100.0
KR072100,HCV,3a,100.0
PP164596,HCV,3a,100.0
PP164608,HCV,3a,100.0
PP164597,HCV,3a,100.0
PP164613,HCV,3a,100.0
PP164614,HCV,3a,100.0
PP164592,HCV,3a,100.0
PP164600,HCV,3a,100.0
PP164599,HCV,3a,100.0
PP164617,HCV,3a,100.0
PP164623,HCV,3a,100.0
PP164622,HCV,3a,100.0
PP164616,HCV,3a,100.0
PP164594,HCV,3a,100.0
PP164625,HCV,3a,100.0
PP164624,HCV,3a,100.0
PP164607,HCV,3a,100.0
PP164628,HCV,3a,100.0
PP164626,HCV,3a,100.0
PP164633,HCV,3a,100.0
PP164636,HCV,3a,100.0
PP164637,HCV,3a,100.0
PP164641,HCV,3a,100.0
KR072103,HCV,3a,100.0
KR072101,HCV,3a,100.0
KR072070,HCV,3a,100.0
KR072102,HCV,3a,100.0
KR072087,HCV,3a,100.0
KR072092,HCV,3a,100.0
KR072106,HCV,3a,100.0
KR072110,HCV,3a,100.0
KR072108,HCV,3a,100.0
KR072109,HCV,3a,100.0
KR072112,HCV,3a,100.0
KR072114,HCV,3a,100.0
KR072113,HCV,3a,100.0
KR072120,HCV,3a,100.0
KR072122,HCV,3a,100.0
KR072116,HCV,3a,100.0
KR072121,HCV,3a,100.0
KR072124,HCV,3a,100.0
KR072115,HCV,3a,100.0
KR072127,HCV,3a,100.0
KR072085,HCV,3a,100.0
KR072133,HCV,3a,100.0
KR072130,HCV,3a,100.0
KR072132,HCV,3a,100.0
KR072131,HCV,3a,100.0
KR072090,HCV,3a,100.0
KR072134,HCV,3a,100.0
KR072139,HCV,3a,100.0
KR072143,HCV,3a,100.0
KR072086,HCV,3a,100.0
KR072142,HCV,3a,100.0
KR072144,HCV,3a,100.0
KR072147,HCV,3a,100.0
KR072148,HCV,3a,100.0
KR072151,HCV,3a,100.0
KR072152,HCV,3a,100.0
KR072153,HCV,3a,100.0
KR072155,HCV,3a,100.0
KR072156,HCV,3a,100.0
KR072161,HCV,3a,100.0
KR072157,HCV,3a,100.0
KR072145,HCV,3a,100.0
KR072163,HCV,3a,100.0
KR072164,HCV,3a,100.0
KR072146,HCV,3a,100.0
KR072165,HCV,3a,100.0
KR072154,HCV,3a,100.0
KR072173,HCV,3a,100.0
KR072149,HCV,3a,100.0
KR072176,HCV,3a,100.0
KR072175,HCV,3a,100.0
KR072177,HCV,3a,100.0
KR072178,HCV,3a,100.0
KR072179,HCV,3a,100.0
KR072181,HCV,3a,100.0
KR072174,HCV,3a,100.0
KR072186,HCV,3a,100.0
KR072191,HCV,3a,100.0
KR072188,HCV,3a,100.0
KR072189,HCV,3a,100.0
KR072187,HCV,3a,100.0
KR072168,HCV,3a,100.0
KR072159,HCV,3a,100.0
KR072199,HCV,3a,100.0
KR072202,HCV,3a,100.0
KR072198,HCV,3a,100.0
KR072200,HCV,3a,100.0
KR072172,HCV,3a,100.0
JQ303522,HCV,1b,100.0
JQ303525,HCV,1b,100.0
KR072196,HCV,3a,100.0
JQ303510,HCV,1b,100.0
JQ303526,HCV,1b,100.0
JQ303517,HCV,3b,100.0
JQ303528,HCV,1b,100.0
JQ303519,HCV,1b,100.0
JF722455,HCV,2r,100.0
JF722468,HCV,2b,100.0
JF722461,HCV,2e,70.0
JF722470,HCV,2b,100.0
JF722472,HCV,2b,100.0
JF722481,HCV,2b,100.0
JF722496,HCV,2b,100.0
JF722499,HCV,2b,100.0
JF722517,HCV,2c,100.0
PP164638,HCV,3a,100.0
PP164639,HCV,3a,100.0
PP164652,HCV,3a,100.0
PP164653,HCV,3a,100.0
PP164654,HCV,3a,100.0
PP164655,HCV,3a,100.0
PP164632,HCV,3a,100.0
PP164650,HCV,3a,100.0
PP164620,HCV,3a,100.0
PP164663,HCV,3a,100.0
PP164660,HCV,3a,100.0
PP164661,HCV,3a,100.0
PP164665,HCV,3a,100.0
PP164658,HCV,3a,100.0
PP164659,HCV,3a,100.0
PP164656,HCV,3a,100.0
PP164666,HCV,3a,100.0
PP164681,HCV,3b,100.0
PP164687,HCV,6f,100.0
PP164685,HCV,6f,100.0
PP164686,HCV,6f,100.0
PP164683,HCV,6f,100.0
PP164673,HCV,3b,100.0
PP164689,HCV,6f,100.0
PP164693,HCV,6f,100.0
PP164688,HCV,6f,100.0
PP164694,HCV,6f,100.0
PP164695,HCV,6f,100.0
PP164690,HCV,6f,100.0
PP164692,HCV,6f,100.0
PP164703,HCV,6f,100.0
PP164705,HCV,6f,100.0
PP164711,HCV,6f,100.0
PP164708,HCV,6f,100.0
PP164719,HCV,6f,100.0
PP164704,HCV,6f,100.0
PP164716,HCV,6f,100.0
PP164725,HCV,6f,100.0
PP164722,HCV,6f,100.0
PP164726,HCV,6f,100.0
PP164727,HCV,6f,100.0
PP164729,HCV,6f,100.0
PP164724,HCV,6f,100.0
PP164735,HCV,6f,100.0
PP164739,HCV,6f,100.0
PP164740,HCV,6f,100.0
PP164734,HCV,6f,100.0
PP164738,HCV,6f,100.0
PP164732,HCV,6f,100.0
PP164720,HCV,6f,100.0
PP164742,HCV,6f,100.0
PP164743,HCV,6f,100.0
PP164747,HCV,6f,100.0
PP164748,HCV,6f,100.0
PP164746,HCV,6f,100.0
PP164749,HCV,6f,100.0
PP164697,HCV,6f,100.0
PP164745,HCV,6f,100.0
PP164751,HCV,6f,100.0
PP164752,HCV,6f,100.0
PP164750,HCV,6f,100.0
PP164731,HCV,6f,100.0
PP164757,HCV,6f,100.0
PP164753,HCV,6f,100.0
PP164760,HCV,6f,100.0
PP164759,HCV,6f,100.0
PP164763,HCV,6f,100.0
PP164756,HCV,6f,100.0
PP164755,HCV,6f,100.0
PP164762,HCV,6f,100.0
PP164764,HCV,6f,100.0
PP164770,HCV,6f,100.0
PP164768,HCV,6f,100.0
PP164771,HCV,6f,100.0
PP164772,HCV,6f,100.0
PP164774,HCV,6f,100.0
PP164767,HCV,6f,100.0
PP164769,HCV,6f,100.0
PP164766,HCV,6f,100.0
PP164744,HCV,6f,100.0
PP164775,HCV,6f,100.0
PP164754,HCV,6f,100.0
PP164782,HCV,6f,100.0
PP164784,HCV,6f,100.0
PP164780,HCV,6f,100.0
PP164778,HCV,6f,100.0
PP164781,HCV,6f,100.0
PP164779,HCV,6f,100.0
PP164787,HCV,6f,100.0
PP164777,HCV,6f,100.0
PP164785,HCV,6f,100.0
PP164788,HCV,6f,100.0
PP164789,HCV,6f,100.0
PP164796,HCV,6f,100.0
PP164793,HCV,6f,100.0
PP164794,HCV,6f,100.0
PP164758,HCV,6f,100.0
PP164791,HCV,6f,100.0
PP164795,HCV,6f,100.0
PP164761,HCV,6f,100.0
PP164800,HCV,6f,100.0
PP164773,HCV,6f,100.0
PP164798,HCV,6f,100.0
PP164801,HCV,6f,100.0
PP164786,HCV,6f,100.0
PP164810,HCV,6f,100.0
PP164806,HCV,6f,100.0
PP164783,HCV,6f,100.0
PP164811,HCV,6f,100.0
PP164807,HCV,6f,100.0
PP164814,HCV,6f,100.0
PP164820,HCV,6f,100.0
PP164813,HCV,6f,100.0
PP164819,HCV,6f,100.0
PP164823,HCV,6f,100.0
PP164816,HCV,6f,100.0
PP164817,HCV,6f,100.0
PP164818,HCV,6f,100.0
PP164809,HCV,6f,100.0
PP164827,HCV,6f,100.0
PP164826,HCV,6f,100.0
PP164812,HCV,6f,100.0
PP164824,HCV,6f,100.0
PP164799,HCV,6f,100.0
PP164830,HCV,6f,100.0
PP164834,HCV,6f,100.0
PP164833,HCV,6f,100.0
PP164821,HCV,6f,100.0
PP164831,HCV,6f,100.0
PP164837,HCV,6f,100.0
PP164832,HCV,6f,100.0
PP164835,HCV,6f,100.0
PP164836,HCV,6f,100.0
PP164841,HCV,6f,100.0
PP164840,HCV,6f,100.0
PP164839,HCV,6f,100.0
PP164843,HCV,6f,100.0
PP164845,HCV,6f,100.0
PP164797,HCV,6f,100.0
PP164847,HCV,6f,100.0
PP164828,HCV,6f,100.0
PP164848,HCV,6f,100.0
PP164846,HCV,6f,100.0
PP164850,HCV,6f,100.0
PP164852,HCV,6f,100.0
PP164851,HCV,6f,100.0
PP164854,HCV,6f,100.0
PP164857,HCV,6f,100.0
PP164804,HCV,6f,100.0
PP164849,HCV,6f,100.0
PP164858,HCV,6f,100.0
PP164867,HCV,6i,100.0
PP164866,HCV,6f,100.0
PP164868,HCV,6i,100.0
PP164869,HCV,6i,100.0
PP164871,HCV,6i,100.0
PP164872,HCV,6i,100.0
PP164873,HCV,6i,100.0
PP164825,HCV,6f,100.0
PP164877,HCV,6n,100.0
PP164876,HCV,6n,100.0
PP164875,HCV,6n,100.0
PP164878,HCV,6n,100.0
PP164805,HCV,6f,100.0
PP164879,HCV,6n,100.0
PP164882,HCV,6n,100.0
PP164880,HCV,6n,100.0
PP164874,HCV,6i,100.0
PP164815,HCV,6f,100.0
PP164870,HCV,6i,100.0
PP164853,HCV,6f,100.0
PP164881,HCV,6n,100.0
JF722516,HCV,2b,100.0
JF722524,HCV,2i,100.0
JF722557,HCV,2b,100.0
JF722545,HCV,2m,65.0
JF722558,HCV,2c,100.0
JF722559,HCV,2i,100.0
JF722564,HCV,2m,56.0
JF722570,HCV,2b,100.0
JF722569,HCV,2j,72.0
JF722576,HCV,2k,45.0
JF722582,HCV,2b,100.0
JF722586,HCV,2j,74.0
JF722610,HCV,2j,100.0
JF722609,HCV,2j,95.0
JF722608,HCV,2b,100.0
JF722607,HCV,2b,100.0
JF722616,HCV,2b,100.0
JQ746501,HCV,2b,100.0
JF722613,HCV,2j,56.0
JF722614,HCV,2b,100.0
JQ746504,HCV,2c,40.0
KX284732,HCV,2j,50.0
JF722611,HCV,2b,100.0
PP164404,HCV,1a,100.0
KU883437,HCV,4a,100.0
PP164405,HCV,1a,100.0
PP164407,HCV,1a,100.0
KX284741,HCV,2j,93.0
PP164408,HCV,1a,100.0
PP164411,HCV,1a,100.0
PP164416,HCV,1a,100.0
PP164418,HCV,1a,100.0
PP164417,HCV,1a,100.0
PP164415,HCV,1a,100.0
KU883435,HCV,4d,100.0
PP164402,HCV,1a,100.0
PP164412,HCV,1a,100.0
PP164421,HCV,1a,100.0
PP164419,HCV,1a,100.0
PP164425,HCV,1a,100.0
PP164424,HCV,1a,100.0
PP164422,HCV,1a,100.0
PP164409,HCV,1a,100.0
PP164406,HCV,1a,100.0
PP164428,HCV,1a,100.0
PP164430,HCV,1a,100.0
PP164432,HCV,1a,100.0
PP164401,HCV,1a,100.0
PP164433,HCV,1a,100.0
PP164431,HCV,1a,100.0
PP164436,HCV,1a,100.0
PP164423,HCV,1a,100.0
PP164438,HCV,1a,100.0
PP164445,HCV,1a,100.0
PP164448,HCV,1a,100.0
PP164451,HCV,1a,100.0
PP164447,HCV,1a,100.0
PP164454,HCV,1a,100.0
PP164455,HCV,1a,100.0
PP164453,HCV,1a,100.0
PP164458,HCV,1a,100.0
PP164459,HCV,1a,100.0
PP164461,HCV,1a,100.0
PP164466,HCV,1a,100.0
PP164444,HCV,1a,100.0
PP164465,HCV,1a,100.0
PP164467,HCV,1a,100.0
PP164456,HCV,1a,100.0
PP164470,HCV,1a,100.0
PP164471,HCV,1a,100.0
PP164460,HCV,1a,100.0
PP164473,HCV,1a,100.0
PP164478,HCV,1b,100.0
PP164479,HCV,1b,100.0
PP164476,HCV,1b,100.0
PP164480,HCV,1b,100.0
PP164477,HCV,1b,100.0
PP164452,HCV,1a,100.0
PP164491,HCV,1b,100.0
PP164481,HCV,1b,100.0
PP164494,HCV,1b,100.0
PP164493,HCV,1b,100.0
PP164497,HCV,1b,100.0
PP164495,HCV,1b,100.0
PP164463,HCV,1a,100.0
PP164499,HCV,1b,100.0
PP164496,HCV,1b,100.0
PP164501,HCV,1b,100.0
PP164498,HCV,1b,100.0
PP164505,HCV,1b,100.0
PP164472,HCV,1a,100.0
PP164508,HCV,1b,100.0
PP164502,HCV,1b,100.0
PP164507,HCV,1b,100.0
PP164512,HCV,1b,100.0
PP164486,HCV,1b,100.0
PP164500,HCV,1b,100.0
PP164504,HCV,1b,100.0
PP164514,HCV,3a,100.0
PP164516,HCV,3a,100.0
PP164482,HCV,1b,100.0
PP164533,HCV,3a,100.0
PP164532,HCV,3a,100.0
PP164536,HCV,3a,100.0
PP164527,HCV,3a,100.0
PP164537,HCV,3a,100.0
PP164521,HCV,3a,100.0
PP164540,HCV,3a,100.0
PP164531,HCV,3a,100.0
PP164541,HCV,3a,100.0
PP164523,HCV,3a,100.0
PP164545,HCV,3a,100.0
PP164564,HCV,3a,100.0
PP164565,HCV,3a,100.0
PP164567,HCV,3a,100.0
PP164566,HCV,3a,100.0
PP164524,HCV,3a,100.0
PP164568,HCV,3a,100.0
PP164571,HCV,3a,100.0
PP164570,HCV,3a,100.0
PP164573,HCV,3a,100.0
PP164569,HCV,3a,100.0
PP164575,HCV,3a,100.0
PP164558,HCV,3a,100.0
PP164550,HCV,3a,100.0
PP164581,HCV,3a,100.0
PP164583,HCV,3a,100.0
PP164582,HCV,3a,100.0
PP164584,HCV,3a,100.0
PP164563,HCV,3a,100.0
PP164586,HCV,3a,100.0
PP164578,HCV,3a,100.0
PP164580,HCV,3a,100.0
PP164585,HCV,3a,100.0
PP164591,HCV,3a,100.0
PP164595,HCV,3a,100.0
PP164604,HCV,3a,100.0
PP164574,HCV,3a,100.0
PP164603,HCV,3a,100.0
PP164605,HCV,3a,100.0
PP164601,HCV,3a,100.0
PP164602,HCV,3a,100.0
PP164606,HCV,3a,100.0
PP164611,HCV,3a,100.0
PP164612,HCV,3a,100.0
PP164610,HCV,3a,100.0
PP164904,HCV,3a,100.0
PV184566,HCV,1a,100.0
PV184565,HCV,1a,100.0
PV184570,HCV,3a,100.0
PV184564,HCV,1a,100.0
PV184563,HCV,3a,100.0
PV184568,HCV,3a,100.0
PV184571,HCV,1a,100.0
LC109213,HCV,4d,100.0
LC109261,HCV,1a,100.0
LC109251,HCV,4d,100.0
LC109259,HCV,4d,100.0
DQ889263,HCV,1a,100.0
DQ889264,HCV,1a,100.0
DQ889276,HCV,1a,100.0
DQ889290,HCV,1a,100.0
DQ889291,HCV,1a,100.0
DQ889268,HCV,1a,100.0
DQ889295,HCV,1a,100.0
DQ889296,HCV,1a,100.0
DQ889271,HCV,1a,100.0
DQ889308,HCV,1a,100.0
DQ889314,HCV,1a,100.0
EU781747,HCV,1a,100.0
EU781746,HCV,1a,100.0
DQ889312,HCV,1a,100.0
PP164903,HCV,3a,100.0
KU870962,HCV,3a,100.0
MG821814,HCV,3a,100.0
MG821841,HCV,4a,100.0
MG821850,HCV,4a,100.0
KU870932,HCV,1a,100.0
KU870938,HCV,1b,100.0
KU870943,HCV,1b,100.0
KU870944,HCV,1b,100.0
KU870946,HCV,1b,100.0
KU870947,HCV,1b,100.0
KU870950,HCV,1b,100.0
KU870945,HCV,1b,100.0
KU870942,HCV,1b,100.0
KU870941,HCV,1b,100.0
KU870961,HCV,3a,100.0
KU870954,HCV,2c,100.0
KU870965,HCV,3h,100.0
KU870966,HCV,3h,100.0
KU870964,HCV,3h,100.0
KU870963,HCV,3a,100.0
KU871284,HCV,4d,100.0
KU871282,HCV,5a,100.0
KU871309,HCV,1b,100.0
PP164944,HCV,3a,100.0
KF437690,HCV,1a,100.0
KF437688,HCV,1a,100.0
KF437691,HCV,1a,100.0
KF437694,HCV,1a,100.0
KF437695,HCV,1a,100.0
KF437693,HCV,1a,100.0
KF437689,HCV,1a,100.0
KF437692,HCV,1a,100.0
PP164927,HCV,3a,100.0
PP164912,HCV,1b,100.0
PP164926,HCV,1a,100.0
PP164932,HCV,3a,100.0
LC109113,HCV,2c,100.0
PP164946,HCV,1a,100.0
PP164942,HCV,3a,100.0
PP164948,HCV,6f,100.0
PP164954,HCV,6f,100.0
PP164953,HCV,1a,100.0
PP164958,HCV,1b,100.0
PP164957,HCV,1b,100.0
PP164959,HCV,1a,100.0
PP164956,HCV,1b,100.0
PP164943,HCV,3a,100.0
PP164964,HCV,3a,100.0
PP164947,HCV,3a,100.0
PP164963,HCV,1a,100.0
PP164965,HCV,3a,100.0
PP164955,HCV,3a,100.0
JN426997,HCV,3a,100.0
PP164969,HCV,1b,100.0
PP164968,HCV,1a,100.0
PP164970,HCV,6f,100.0
PP164928,HCV,3a,100.0
PP164986,HCV,6f,100.0
PP164973,HCV,1b,100.0
PP164971,HCV,3a,100.0
PP164941,HCV,6f,100.0
JN426999,HCV,1a,100.0
PP164997,HCV,3a,100.0
JN426992,HCV,3a,100.0
JN427000,HCV,3a,100.0
KP057693,HCV,1b,100.0
JN426994,HCV,1a,100.0
JN427012,HCV,3a,100.0
JN427009,HCV,1a,100.0
PP164988,HCV,1a,100.0
PP164993,HCV,6n,100.0
PP164951,HCV,1a,100.0
KP057695,HCV,1b,100.0
KP057699,HCV,1b,100.0
KP057700,HCV,1b,100.0
JN427013,HCV,3a,100.0
JN427011,HCV,3a,100.0
KP057692,HCV,1b,100.0
JN427002,HCV,1a,100.0
JN426995,HCV,3a,100.0
JN426993,HCV,1a,100.0
KP057702,HCV,1b,100.0
KP057701,HCV,1b,100.0
KP057703,HCV,1b,100.0
JN427006,HCV,1a,100.0
JN426998,HCV,3a,100.0
KP057722,HCV,1b,100.0
KP057759,HCV,2b,100.0
DQ663598,HCV,6a,100.0
DQ663606,HCV,1b,100.0
LC109120,HCV,4o,100.0
KP057776,HCV,3a,100.0
DQ666240,HCV,1b,100.0
DQ663609,HCV,1a,100.0
DQ663608,HCV,1a,100.0
DQ666242,HCV,3a,100.0
LC109143,HCV,1b,100.0
LC109123,HCV,1b,100.0
LC109201,HCV,1b,100.0
LC109159,HCV,4d,100.0
LC109161,HCV,4a,100.0
LC109160,HCV,1b,100.0
LC109203,HCV,3a,100.0
LC109202,HCV,3a,100.0
LC109205,HCV,1b,100.0
LC109204,HCV,4a,100.0
MG821680,HCV,1a,100.0
MG821679,HCV,1a,100.0
EU781794,HCV,1a,100.0
MG821714,HCV,1a,100.0
MG821700,HCV,1a,100.0
MG821698,HCV,1a,100.0
MG821713,HCV,1a,100.0
MG821695,HCV,1a,100.0
MG821732,HCV,1a,100.0
MG821812,HCV,3a,100.0
MG821747,HCV,1b,100.0
MG821748,HCV,1b,100.0
MG821750,HCV,1b,100.0
MG821739,HCV,1a,100.0
MG821753,HCV,1b,100.0
MG821752,HCV,1b,100.0
MG821778,HCV,1b,100.0
MG821779,HCV,1g,100.0
MG821787,HCV,3a,100.0
MG821763,HCV,1b,100.0
EU781800,HCV,1a,100.0
MG821765,HCV,1b,100.0
MG821767,HCV,1b,100.0
MG821771,HCV,1b,100.0
MG821770,HCV,1b,100.0
MG821788,HCV,3a,100.0
MG821799,HCV,3a,100.0
MG821802,HCV,3a,100.0
MG821803,HCV,3a,100.0
MG821801,HCV,3a,100.0
MG821800,HCV,3a,100.0
MG821820,HCV,3a,100.0
KU870968,HCV,4d,100.0
MG821854,HCV,4d,100.0
KU870937,HCV,1a,100.0
KU870936,HCV,1a,100.0
KU870933,HCV,1a,100.0
MG821863,HCV,4d,100.0
AB081048,HCV,1b,100.0
AB081055,HCV,1b,100.0
AB081070,HCV,3a,100.0
AB081047,HCV,1b,100.0
AB081069,HCV,3a,100.0
AB081071,HCV,3a,100.0
KU870958,HCV,2c,100.0
AB081034,HCV,1b,100.0
AB081040,HCV,1b,100.0
KF292832,HCV,3b,100.0
KU871303,HCV,1a,100.0
KF292834,HCV,3b,100.0
KU871292,HCV,4a,100.0
KF292835,HCV,3b,100.0
KF292837,HCV,3b,100.0
KU871294,HCV,3a,100.0
KF292844,HCV,3b,100.0
KF292845,HCV,3b,100.0
KU871301,HCV,1a,100.0
KF292833,HCV,3b,100.0
KF292858,HCV,3b,100.0
KF292849,HCV,3b,100.0
KF292836,HCV,3b,100.0
KF292847,HCV,3b,100.0
KF292840,HCV,3b,100.0
KF292838,HCV,3b,100.0
PP164889,HCV,3b,100.0
PP164890,HCV,3b,100.0
PP164893,HCV,1a,100.0
KF437686,HCV,1a,100.0
PP164895,HCV,1b,100.0
PP164897,HCV,1a,100.0
KU871296,HCV,3a,100.0
PP164894,HCV,3a,100.0
PP164980,HCV,1a,100.0
PP164977,HCV,1a,100.0
PP165007,HCV,1a,100.0
PP165005,HCV,6f,100.0
KP057743,HCV,1a,100.0
KP057704,HCV,1b,100.0
KP057746,HCV,1a,100.0
KP057748,HCV,1a,100.0
KP057749,HCV,1a,100.0
KU871308,HCV,1b,100.0
KP057718,HCV,1b,100.0
KP057751,HCV,1a,100.0
DQ666250,HCV,6a,100.0
DQ666251,HCV,1a,100.0
DQ666241,HCV,2b,100.0
DQ666244,HCV,1a,100.0
DQ663602,HCV,2a,100.0
KP057720,HCV,1b,100.0
DQ666246,HCV,1b,100.0
DQ666247,HCV,1a,100.0
DQ666248,HCV,1a,100.0
KP057775,HCV,3a,100.0
PV184477,HCV,"unassigned_1, 3a-2b",NA
PV184488,HCV,1a,100.0
PV184480,HCV,3a,100.0
KP057762,HCV,2b,100.0
KP057768,HCV,3a,100.0
DQ666245,HCV,1b,100.0
PV184483,HCV,1a,100.0
PV184484,HCV,3a,100.0
PV184485,HCV,3a,100.0
PV184481,HCV,1a,100.0
PV184475,HCV,1a,100.0
PV184489,HCV,1a,100.0
PV184478,HCV,3a,100.0
PV184476,HCV,1a,100.0
PV184491,HCV,1a,100.0
PV184479,HCV,3a,100.0
PV184490,HCV,1a,100.0
PV184486,HCV,3a,100.0
PV184487,HCV,1a,100.0
PV184482,HCV,3a,100.0
PV184492,HCV,3a,100.0
PV184494,HCV,1a,100.0
PV184495,HCV,1a,100.0
PV184493,HCV,1a,100.0
PV184499,HCV,3a,100.0
PV184498,HCV,3a,100.0
PV184500,HCV,3a,100.0
PV184497,HCV,3a,100.0
PV184503,HCV,3a,100.0
PV184507,HCV,1a,100.0
PV184506,HCV,3a,100.0
PV184501,HCV,3a,100.0
PV184505,HCV,1a,100.0
PV184504,HCV,3a,100.0
PV184514,HCV,1a,100.0
PV184508,HCV,3a,100.0
PV184511,HCV,3a,100.0
PV184512,HCV,1a,100.0
PV184510,HCV,1a,100.0
PV184509,HCV,3a,100.0
PV184502,HCV,3a,100.0
PV184515,HCV,1a,100.0
PV184496,HCV,3a,100.0
PV184518,HCV,1a,100.0
PV184516,HCV,1a,100.0
PV184524,HCV,1a,100.0
PV184519,HCV,1a,100.0
PV184513,HCV,3a,100.0
PV184520,HCV,3a,100.0
PV184525,HCV,3a,100.0
PV184521,HCV,3a,100.0
PV184522,HCV,1a,100.0
PV184529,HCV,3a,100.0
PV184523,HCV,1a,100.0
PV184527,HCV,3a,100.0
PV184526,HCV,3a,100.0
PV184517,HCV,3a,100.0
PV184530,HCV,3a,100.0
PV184532,HCV,3a,100.0
PV184537,HCV,1a,100.0
PV184534,HCV,3a,100.0
PV184533,HCV,3a,100.0
PV184543,HCV,"unassigned_1, 1a-2b",NA
PV184538,HCV,3a,100.0
PV184528,HCV,3a,100.0
PV184531,HCV,3a,100.0
PV184539,HCV,3a,100.0
PV184535,HCV,3a,100.0
PV184544,HCV,1a,100.0
PV184541,HCV,1a,100.0
PV184536,HCV,3a,100.0
PV184542,HCV,3a,100.0
PV184550,HCV,1a,100.0
PV184547,HCV,3a,100.0
PV184545,HCV,1a,100.0
PV184540,HCV,1a,100.0
PV184548,HCV,3a,100.0
PV184552,HCV,1a,100.0
PV184546,HCV,3a,100.0
PV184549,HCV,3a,100.0
PV184551,HCV,3a,100.0
PV184558,HCV,"unassigned_1, 1a-2b",NA
PV184553,HCV,1a,100.0
PV184555,HCV,3a,100.0
PV184562,HCV,"unassigned_1, 1a-2b",NA
PV184559,HCV,1a,100.0
LC109103,HCV,4a,100.0
LC109104,HCV,1b,100.0
PV184569,HCV,"unassigned_1, 1a-2b",NA
LC109107,HCV,4d,100.0
LC109105,HCV,4a,100.0
LC109106,HCV,1b,100.0
LC109108,HCV,1b,100.0
LC109109,HCV,3a,100.0
PV184557,HCV,1a,100.0
LC109112,HCV,4a,100.0
LC109110,HCV,1b,100.0
LC109111,HCV,1b,100.0
LC109115,HCV,1a,100.0
LC109116,HCV,4a,100.0
LC109114,HCV,4a,100.0
LC109117,HCV,4d,100.0
LC109119,HCV,3a,100.0
PV184554,HCV,1a,100.0
PV184560,HCV,1a,100.0
LC109121,HCV,4d,100.0
LC109122,HCV,1b,100.0
LC109144,HCV,1b,100.0
LC109145,HCV,4d,100.0
LC109146,HCV,4a,100.0
LC109147,HCV,1b,100.0
LC109148,HCV,1b,100.0
MG821668,HCV,1a,100.0
MG821662,HCV,1a,100.0
MG821669,HCV,1a,100.0
MG821671,HCV,1a,100.0
MG821670,HCV,1a,100.0
EU781796,HCV,1a,100.0
MG821672,HCV,1a,100.0
EU781799,HCV,1a,100.0
MG821666,HCV,1a,100.0
MG821673,HCV,1a,100.0
MG821674,HCV,1a,100.0
MG821677,HCV,1a,100.0
MG821676,HCV,1a,100.0
MG821682,HCV,1a,100.0
MG821675,HCV,1a,100.0
MG821683,HCV,1a,100.0
MG821678,HCV,1a,100.0
EU781803,HCV,1a,100.0
MG821685,HCV,1a,100.0
MG821688,HCV,1a,100.0
MG821687,HCV,1a,100.0
MG821686,HCV,1a,100.0
MG821691,HCV,1a,100.0
MG821689,HCV,1a,100.0
EU781791,HCV,1a,100.0
MG821690,HCV,1a,100.0
MG821692,HCV,1a,100.0
MG821696,HCV,1a,100.0
MG821697,HCV,1a,100.0
MG821699,HCV,1a,100.0
MG821701,HCV,1a,100.0
MG821702,HCV,1a,100.0
MG821684,HCV,1a,100.0
MG821681,HCV,1a,100.0
EU781797,HCV,1a,100.0
MG821703,HCV,1a,100.0
MG821704,HCV,1a,100.0
MG821705,HCV,1a,100.0
MG821709,HCV,1a,100.0
MG821707,HCV,1a,100.0
MG821708,HCV,1a,100.0
MG821694,HCV,1a,100.0
MG821706,HCV,1a,100.0
MG821712,HCV,1a,100.0
MG821715,HCV,1a,100.0
MG821711,HCV,1a,100.0
MG821717,HCV,1a,100.0
EU781795,HCV,1a,100.0
MG821716,HCV,1a,100.0
MG821718,HCV,1a,100.0
MG821719,HCV,1a,100.0
MG821720,HCV,1a,100.0
EU781798,HCV,1a,100.0
MG821693,HCV,1a,100.0
MG821710,HCV,1a,100.0
MG821723,HCV,1a,100.0
MG821725,HCV,1a,100.0
MG821727,HCV,1a,100.0
MG821728,HCV,1a,100.0
MG821730,HCV,1a,100.0
MG821724,HCV,1a,100.0
MG821734,HCV,1a,100.0
MG821733,HCV,1a,100.0
MG821735,HCV,1a,100.0
MG821736,HCV,1a,100.0
MG821721,HCV,1a,100.0
MG821738,HCV,1a,100.0
MG821722,HCV,1a,100.0
MG821726,HCV,1a,100.0
MG821729,HCV,1a,100.0
MG821741,HCV,1a,100.0
EU781802,HCV,1a,100.0
MG821740,HCV,1a,100.0
MG821743,HCV,1a,100.0
MG821745,HCV,1b,100.0
MG821746,HCV,1b,100.0
MG821742,HCV,1a,100.0
MG821744,HCV,1b,100.0
MG821751,HCV,1b,100.0
MG821754,HCV,1b,100.0
MG821757,HCV,1b,100.0
MG821749,HCV,1b,100.0
MG821755,HCV,1b,100.0
MG821758,HCV,1b,100.0
MG821737,HCV,1a,100.0
MG821760,HCV,1b,100.0
MG821761,HCV,1b,100.0
MG821764,HCV,1b,100.0
MG821762,HCV,1b,100.0
MG821772,HCV,1b,100.0
MG821774,HCV,1b,100.0
MG821773,HCV,1b,100.0
MG821768,HCV,1b,100.0
MG821769,HCV,1b,100.0
MG821776,HCV,1b,100.0
MG821766,HCV,1b,100.0
MG821775,HCV,1b,100.0
MG821731,HCV,1a,100.0
MG821756,HCV,1b,100.0
MG821777,HCV,1b,100.0
MG821782,HCV,2j,85.0
MG821780,HCV,2b,63.0
MG821786,HCV,2c,100.0
MG821784,HCV,2a,100.0
MG821783,HCV,2a,100.0
MG821785,HCV,2c,100.0
MG821796,HCV,3a,100.0
MG821759,HCV,1b,100.0
MG821793,HCV,3a,100.0
MG821795,HCV,3a,100.0
MG821794,HCV,3a,100.0
MG821797,HCV,3a,100.0
MG821791,HCV,3a,100.0
MG821798,HCV,3a,100.0
MG821789,HCV,3a,100.0
MG821804,HCV,3a,100.0
EU781804,HCV,1a,100.0
MG821790,HCV,3a,100.0
MG821806,HCV,3a,100.0
MG821808,HCV,3a,100.0
MG821805,HCV,3a,100.0
MG821810,HCV,3a,100.0
MG821811,HCV,3a,100.0
MG821809,HCV,3a,100.0
MG821813,HCV,3a,100.0
MG821815,HCV,3a,100.0
MG821644,HCV,1a,100.0
MG821645,HCV,1a,100.0
MG821643,HCV,1a,100.0
MG821646,HCV,1a,100.0
MG821647,HCV,1a,100.0
LC109228,HCV,3a,100.0
LC109185,HCV,4a,100.0
LC109241,HCV,1b,100.0
PP164905,HCV,1b,100.0
PP164907,HCV,3a,100.0
PP164906,HCV,3a,100.0
MG821651,HCV,1a,100.0
MG821650,HCV,1a,100.0
PP164908,HCV,6i,100.0
PP164909,HCV,6c,100.0
LC109236,HCV,4d,100.0
MG821649,HCV,1a,100.0
PP164910,HCV,6f,100.0
MG821653,HCV,1a,100.0
MG821654,HCV,1a,100.0
MG821655,HCV,1a,100.0
MG821657,HCV,1a,100.0
MG821658,HCV,1a,100.0
MG821656,HCV,1a,100.0
MG821659,HCV,1a,100.0
PP164902,HCV,3b,100.0
MG821652,HCV,1a,100.0
PP164901,HCV,1a,100.0
PV184474,HCV,"unassigned_1, 1a-3a",NA
PV184471,HCV,3a,100.0
PV184473,HCV,3a,100.0
PV184472,HCV,3a,100.0
KF292864,HCV,3b,100.0
KF292862,HCV,3b,100.0
KF292863,HCV,3b,100.0
KF292852,HCV,3b,100.0
KF437683,HCV,3a,100.0
KF292866,HCV,3b,100.0
KF437684,HCV,3a,100.0
KF437687,HCV,1a,100.0
KF292855,HCV,3b,100.0
PP164887,HCV,6n,100.0
PP164896,HCV,6f,100.0
PP164983,HCV,3a,100.0
PP164985,HCV,3a,100.0
KP057713,HCV,1b,100.0
KP057712,HCV,1b,100.0
KP057715,HCV,1b,100.0
PP165008,HCV,6f,100.0
DQ666261,HCV,1a,100.0
DQ666263,HCV,2b,100.0
DQ666262,HCV,1b,100.0
DQ666266,HCV,1b,100.0
LC109133,HCV,4d,100.0
LC109174,HCV,4r,100.0
LC109235,HCV,4d,100.0
LC109239,HCV,1b,100.0
LC109238,HCV,3a,100.0
LC109240,HCV,4d,100.0
LC109242,HCV,4l,100.0
LC109168,HCV,3a,100.0
LC109237,HCV,1b,100.0
MG821648,HCV,1a,100.0
PP164917,HCV,1a,100.0
PP164913,HCV,1a,100.0
PP164918,HCV,1a,100.0
PP164899,HCV,1a,100.0
PP164920,HCV,6f,100.0
PP164921,HCV,1a,100.0
PP164919,HCV,1a,100.0
PP164900,HCV,1b,100.0
PP164925,HCV,1b,100.0
PP164915,HCV,1b,100.0
PP164914,HCV,1b,100.0
PP164911,HCV,3a,100.0
PP164931,HCV,1b,100.0
PP164916,HCV,1a,100.0
PP164922,HCV,3a,100.0
PP164923,HCV,1a,100.0
PP164935,HCV,3a,100.0
PP164937,HCV,6f,100.0
PP164930,HCV,3a,100.0
PP164933,HCV,3a,100.0
PP164929,HCV,6n,100.0
PP164938,HCV,3a,100.0
PP164936,HCV,1a,100.0
PP164934,HCV,1b,100.0
PP164939,HCV,1a,100.0
PP164940,HCV,1a,100.0
PP164949,HCV,6f,100.0
PP164952,HCV,3a,100.0
PP164950,HCV,6n,100.0
PP164961,HCV,3a,100.0
PP164960,HCV,3a,100.0
PP164962,HCV,6i,100.0
PP164924,HCV,1b,100.0
PP164945,HCV,3a,100.0
PP164967,HCV,1a,100.0
PP164992,HCV,1a,100.0
PP164989,HCV,6n,100.0
PP164972,HCV,1a,100.0
PP164966,HCV,1a,100.0
PP164996,HCV,1b,100.0
PP164994,HCV,1a,100.0
PP164987,HCV,1a,100.0
PP164990,HCV,3a,100.0
PP164991,HCV,1a,100.0
JN426996,HCV,1a,100.0
JN427004,HCV,3a,100.0
JN427001,HCV,3a,100.0
JN427008,HCV,3a,100.0
JN427005,HCV,3a,100.0
JN427007,HCV,3a,100.0
JN427010,HCV,3a,100.0
KP057694,HCV,1b,100.0
KP057723,HCV,1b,100.0
KP057698,HCV,1b,100.0
KP057725,HCV,1b,100.0
KP057731,HCV,1a,100.0
KP057721,HCV,1b,100.0
KP057724,HCV,1b,100.0
KP057696,HCV,1b,100.0
KP057728,HCV,1b,100.0
KP057730,HCV,1a,100.0
KP057733,HCV,1a,100.0
KP057726,HCV,1b,100.0
KP057735,HCV,1a,100.0
KP057732,HCV,1a,100.0
KP057752,HCV,1a,100.0
KP057734,HCV,1a,100.0
KP057753,HCV,1a,100.0
KP057755,HCV,1a,100.0
KP057756,HCV,1a,100.0
KP057754,HCV,1a,100.0
PP164995,HCV,6n,100.0
KP057757,HCV,1a,100.0
KP057760,HCV,2b,100.0
KP057727,HCV,1b,100.0
KP057763,HCV,2b,100.0
KP057697,HCV,1b,100.0
KP057764,HCV,2a,100.0
KP057761,HCV,2b,100.0
JN427003,HCV,1a,100.0
KP057765,HCV,2a,100.0
KP057770,HCV,3a,100.0
KP057729,HCV,1a,100.0
KP057771,HCV,3a,100.0
KP057766,HCV,3a,100.0
KP057767,HCV,3a,100.0
KP057772,HCV,3a,100.0
KP057769,HCV,3a,100.0
KP057773,HCV,3a,100.0
DQ663600,HCV,6a,100.0
KP057774,HCV,3a,100.0
KP057777,HCV,3a,100.0
DQ663601,HCV,6a,100.0
DQ663605,HCV,1a,100.0
KP057758,HCV,2b,100.0
DQ663599,HCV,6a,100.0
DQ663603,HCV,3a,100.0
DQ663604,HCV,6a,100.0
DQ663607,HCV,6a,100.0
DQ663610,HCV,1a,100.0
DQ666243,HCV,6a,100.0
DQ666249,HCV,1b,100.0
LC109149,HCV,4r,100.0
LC109150,HCV,1a,100.0
LC109152,HCV,1b,100.0
LC109151,HCV,4a,100.0
LC109153,HCV,4a,100.0
LC109155,HCV,3a,100.0
LC109118,HCV,4d,100.0
LC109156,HCV,1b,100.0
PV184567,HCV,3a,100.0
LC109157,HCV,4r,100.0
PV184561,HCV,3a,100.0
LC109163,HCV,1b,100.0
LC109187,HCV,1a,92.0
LC109188,HCV,1a,100.0
LC109190,HCV,4d,100.0
LC109191,HCV,4d,100.0
LC109186,HCV,4r,100.0
LC109189,HCV,4d,100.0
LC109194,HCV,1a,100.0
LC109192,HCV,1b,100.0
LC109193,HCV,4d,100.0
LC109195,HCV,4a,100.0
LC109158,HCV,4d,100.0
LC109198,HCV,4d,100.0
LC109154,HCV,1b,100.0
LC109200,HCV,4a,100.0
LC109196,HCV,4r,100.0
LC109207,HCV,4a,100.0
LC109206,HCV,4d,100.0
LC109208,HCV,4d,100.0
LC109210,HCV,4o,67.0
LC109212,HCV,4d,100.0
LC109211,HCV,4a,100.0
LC109209,HCV,1b,100.0
PV184556,HCV,3a,100.0
LC109214,HCV,4d,100.0
LC109216,HCV,4d,100.0
LC109215,HCV,4d,100.0
LC109217,HCV,1b,100.0
LC109199,HCV,4d,100.0
LC109218,HCV,1a,100.0
LC109197,HCV,4d,100.0
LC109220,HCV,4r,100.0
LC109219,HCV,1b,100.0
LC109221,HCV,4n,100.0
LC109222,HCV,1b,100.0
LC109223,HCV,4d,100.0
LC109224,HCV,4a,100.0
LC109246,HCV,1b,100.0
LC109245,HCV,1b,100.0
LC109244,HCV,4d,100.0
LC109248,HCV,4d,100.0
LC109250,HCV,4a,100.0
LC109247,HCV,1b,100.0
LC109249,HCV,4d,100.0
LC109252,HCV,1b,100.0
LC109253,HCV,4d,100.0
LC109256,HCV,4d,100.0
LC109255,HCV,4r,100.0
LC109257,HCV,4d,68.0
LC109254,HCV,2c,100.0
LC109260,HCV,4a,100.0
LC109258,HCV,4a,100.0
EU781749,HCV,1a,100.0
EU781748,HCV,1a,100.0
EU781750,HCV,1a,100.0
EU781752,HCV,1a,100.0
EU781761,HCV,1a,100.0
EU781756,HCV,1a,100.0
EU781759,HCV,1a,100.0
EU781751,HCV,1a,100.0
EU781765,HCV,1a,100.0
EU781754,HCV,1a,100.0
EU781755,HCV,1a,100.0
EU781753,HCV,1a,100.0
EU781760,HCV,1a,100.0
EU781757,HCV,1a,100.0
EU781758,HCV,1a,100.0
EU781763,HCV,1a,100.0
EU781762,HCV,1a,100.0
EU781767,HCV,1a,100.0
EU781771,HCV,1a,100.0
EU781766,HCV,1a,100.0
EU781770,HCV,1a,100.0
EU781769,HCV,1a,100.0
EU781773,HCV,1a,100.0
EU781776,HCV,1a,100.0
EU781774,HCV,1a,100.0
EU781775,HCV,1a,100.0
EU781768,HCV,1a,100.0
EU781764,HCV,1a,100.0
EU781779,HCV,1a,100.0
EU781772,HCV,1a,100.0
EU781784,HCV,1a,100.0
EU781777,HCV,1a,100.0
EU781785,HCV,1a,100.0
EU781780,HCV,1a,100.0
EU781782,HCV,1a,100.0
EU781783,HCV,1a,100.0
EU781781,HCV,1a,100.0
EU781787,HCV,1a,100.0
EU781786,HCV,1a,100.0
EU781778,HCV,1a,100.0
EU781788,HCV,1a,100.0
EU781793,HCV,1a,100.0
EU781790,HCV,1a,100.0
EU781792,HCV,1a,100.0
MG821638,HCV,1a,100.0
MG821636,HCV,1a,100.0
MG821637,HCV,1a,100.0
MG821640,HCV,1a,100.0
MG821641,HCV,1a,100.0
MG821642,HCV,1a,100.0
MG821660,HCV,1a,100.0
MG821661,HCV,1a,100.0
MG821663,HCV,1a,100.0
MG821664,HCV,1a,100.0
MG821639,HCV,1a,100.0
MG821665,HCV,1a,100.0
MG821667,HCV,1a,100.0
MG821816,HCV,3a,100.0
MG821817,HCV,3a,100.0
MG821781,HCV,2b,53.0
MG821807,HCV,3a,100.0
MG821825,HCV,3a,100.0
MG821822,HCV,3a,100.0
MG821819,HCV,3a,100.0
MG821821,HCV,3a,100.0
MG821826,HCV,3a,100.0
MG821828,HCV,3a,100.0
EU781801,HCV,1a,100.0
MG821827,HCV,3a,100.0
MG821792,HCV,3a,100.0
MG821831,HCV,4a,100.0
MG821829,HCV,4a,100.0
MG821832,HCV,4a,100.0
MG821834,HCV,4a,100.0
MG821837,HCV,4a,100.0
MG821836,HCV,4a,100.0
EU781789,HCV,1a,100.0
MG821840,HCV,4a,100.0
MG821830,HCV,4a,100.0
MG821839,HCV,4a,100.0
MG821844,HCV,4a,100.0
MG821843,HCV,4a,100.0
MG821838,HCV,4a,100.0
MG821845,HCV,4a,100.0
MG821846,HCV,4a,100.0
MG821848,HCV,4a,100.0
MG821847,HCV,4a,100.0
MG821833,HCV,4a,100.0
MG821849,HCV,4a,100.0
MG821852,HCV,4a,100.0
MG821823,HCV,3a,100.0
MG821853,HCV,4w,100.0
MG821856,HCV,4d,100.0
MG821857,HCV,4d,100.0
MG821855,HCV,4d,100.0
MG821818,HCV,3a,100.0
MG821860,HCV,4d,100.0
MG821862,HCV,4d,100.0
MG821864,HCV,4f,100.0
KU870927,HCV,1a,100.0
MG821851,HCV,4a,100.0
KU870928,HCV,1a,100.0
MG821865,HCV,4k,100.0
KU870930,HCV,1a,100.0
KU870931,HCV,1a,100.0
KU870929,HCV,1a,100.0
KU870934,HCV,1a,100.0
KU870935,HCV,1a,100.0
KU870940,HCV,1b,100.0
MG821824,HCV,3a,100.0
MG821835,HCV,4a,100.0
KU870939,HCV,1b,100.0
KU870949,HCV,1b,100.0
KU870948,HCV,1b,100.0
KU870952,HCV,1e,100.0
KU870953,HCV,2c,100.0
KU870955,HCV,2c,100.0
KU870956,HCV,2c,100.0
KU870957,HCV,2c,100.0
KU870959,HCV,3a,100.0
KU870960,HCV,3a,100.0
KU870967,HCV,4d,100.0
KU870969,HCV,4d,100.0
KU870972,HCV,4m,100.0
KU870973,HCV,4m,100.0
AB081031,HCV,1b,100.0
AB081035,HCV,1b,100.0
AB081032,HCV,1b,100.0
AB081033,HCV,1b,100.0
AB081036,HCV,1b,100.0
AB081037,HCV,1b,100.0
AB081038,HCV,1b,100.0
AB081039,HCV,1b,100.0
AB081041,HCV,1b,100.0
AB081042,HCV,1b,100.0
AB081043,HCV,1b,100.0
KU870974,HCV,5a,100.0
KU870971,HCV,4d,100.0
AB081045,HCV,1b,100.0
AB081046,HCV,1b,100.0
AB081044,HCV,1b,100.0
AB081049,HCV,1b,100.0
AB081050,HCV,1b,100.0
AB081052,HCV,1b,100.0
AB081051,HCV,1b,100.0
AB081053,HCV,1b,100.0
AB081054,HCV,1b,100.0
AB081057,HCV,1b,100.0
AB081056,HCV,1b,100.0
AB081058,HCV,1b,100.0
AB081059,HCV,1b,100.0
AB081061,HCV,1b,100.0
AB081060,HCV,1b,100.0
KU870970,HCV,4d,100.0
AB081063,HCV,3a,100.0
AB081062,HCV,3a,100.0
AB081064,HCV,3a,100.0
AB081066,HCV,2k,100.0
AB081067,HCV,2a,100.0
AB081065,HCV,2k,100.0
AB081068,HCV,1a,100.0
KU871285,HCV,4d,100.0
KU871280,HCV,5a,100.0
KU871281,HCV,5a,100.0
KU871278,HCV,2b,100.0
KU871290,HCV,4a,100.0
KU871277,HCV,2b,100.0
KU871291,HCV,4a,100.0
KU871279,HCV,5a,100.0
KU871286,HCV,4d,100.0
KU871283,HCV,4d,100.0
KU871276,HCV,2b,100.0
KU871287,HCV,4d,100.0
KU871289,HCV,4a,100.0
KU871288,HCV,4m,100.0
KU871295,HCV,3a,100.0
KU871304,HCV,"unassigned_1, 1a-3a",NA
KU871305,HCV,"unassigned_1, 1a-2b",NA
KU871297,HCV,3a,100.0
KU871299,HCV,3a,100.0
KF292831,HCV,3b,100.0
KU871293,HCV,4a,100.0
KF292846,HCV,3b,100.0
KF292848,HCV,3b,100.0
KF292851,HCV,3b,100.0
KF292850,HCV,3b,100.0
KF292853,HCV,3b,100.0
KF292857,HCV,3b,100.0
KF292856,HCV,3b,100.0
KF292861,HCV,3b,100.0
KF292842,HCV,3b,100.0
KU871300,HCV,1a,100.0
KF292860,HCV,3b,100.0
KF292854,HCV,3b,100.0
KU871302,HCV,1a,100.0
KF437685,HCV,1a,100.0
KU871307,HCV,1b,100.0
KF292859,HCV,3b,100.0
KU871306,HCV,1a,100.0
KF292865,HCV,3b,100.0
PP164888,HCV,3a,100.0
PP164891,HCV,6f,100.0
PP164892,HCV,3b,100.0
PP164976,HCV,1a,100.0
PP164975,HCV,6f,100.0
PP164978,HCV,3a,100.0
PP164898,HCV,6f,100.0
PP164979,HCV,6f,100.0
PP164981,HCV,3a,100.0
PP164984,HCV,6n,100.0
PP164998,HCV,1a,100.0
PP164999,HCV,3a,100.0
PP164982,HCV,6f,100.0
PP165000,HCV,3a,100.0
PP165001,HCV,3a,100.0
PP165004,HCV,3a,100.0
PP165006,HCV,3a,100.0
PP165003,HCV,1b,100.0
PP164974,HCV,1a,100.0
KP057706,HCV,1b,100.0
KP057705,HCV,1b,100.0
KP057707,HCV,1b,100.0
PP165009,HCV,1b,100.0
KP057709,HCV,1b,100.0
KP057708,HCV,1b,100.0
KP057710,HCV,1b,100.0
KP057711,HCV,1b,100.0
KP057717,HCV,1b,100.0
KP057714,HCV,1b,100.0
KP057719,HCV,1b,100.0
KP057716,HCV,1b,100.0
KP057736,HCV,1a,100.0
PP165002,HCV,3a,100.0
KP057739,HCV,1a,100.0
KP057737,HCV,1a,100.0
KP057742,HCV,1a,100.0
KP057745,HCV,1a,100.0
KP057741,HCV,1a,100.0
KP057738,HCV,1a,100.0
KP057744,HCV,1a,100.0
DQ666252,HCV,1b,100.0
DQ666253,HCV,6a,100.0
DQ666255,HCV,1b,100.0
DQ666256,HCV,1b,100.0
DQ666254,HCV,1a,100.0
DQ666257,HCV,1a,100.0
DQ666258,HCV,3a,100.0
DQ666259,HCV,2a,100.0
DQ666260,HCV,6a,100.0
DQ666267,HCV,3a,100.0
DQ666268,HCV,6a,100.0
KP057747,HCV,1a,100.0
DQ666264,HCV,6a,100.0
KU871310,HCV,6a,100.0
KP057740,HCV,1a,100.0
LC109125,HCV,4d,100.0
LC109127,HCV,1g,67.0
LC109126,HCV,4a,100.0
LC109128,HCV,4d,82.0
LC109131,HCV,1b,100.0
LC109124,HCV,4d,100.0
KU871311,HCV,6a,100.0
LC109129,HCV,4a,100.0
LC109132,HCV,4a,100.0
LC109130,HCV,1b,100.0
KP057750,HCV,1a,100.0
LC109135,HCV,4d,100.0
LC109138,HCV,1b,100.0
LC109140,HCV,4d,100.0
LC109141,HCV,4a,100.0
LC109139,HCV,1a,100.0
LC109164,HCV,1a,100.0
LC109165,HCV,4d,100.0
LC109137,HCV,4a,100.0
DQ666265,HCV,6n,100.0
LC109142,HCV,1a,100.0
LC109169,HCV,1b,100.0
LC109167,HCV,1b,100.0
LC109170,HCV,4d,99.0
LC109166,HCV,4a,100.0
LC109171,HCV,1a,100.0
LC109172,HCV,4d,88.0
LC109175,HCV,4a,100.0
LC109177,HCV,4a,100.0
LC109176,HCV,4d,100.0
LC109180,HCV,4d,100.0
LC109178,HCV,4a,100.0
LC109179,HCV,4d,100.0
LC109182,HCV,4d,100.0
LC109136,HCV,2c,100.0
LC109183,HCV,4a,100.0
LC109184,HCV,1a,100.0
LC109226,HCV,1a,100.0
LC109225,HCV,4a,100.0
LC109229,HCV,4a,100.0
LC109227,HCV,4a,100.0
LC109134,HCV,4a,100.0
LC109230,HCV,4d,100.0
LC109231,HCV,4a,100.0
LC109233,HCV,4d,100.0
LC109232,HCV,4a,93.0
LC109234,HCV,4d,100.0
LC109243,HCV,4d,100.0
KF292841,HCV,3b,100.0
KU871298,HCV,3a,100.0
KF292839,HCV,3b,100.0
KF292843,HCV,3b,100.0
JX183288,HCV,1b,100.0
OR477062,HCV,4f,100.0
L38382,HCV,6o,100.0
L38376,HCV,4a,100.0
L44602,HCV,2j,89.0
L44597,HCV,4k,100.0
L44603,HCV,4a,100.0
D10642,HCV,1b,100.0
D10641,HCV,1b,100.0
D10643,HCV,1b,100.0
KC351604,HCV,3a,100.0
OR520343,HCV,1e,100.0
L38369,HCV,6h,100.0
L38368,HCV,2c,100.0
EU123166,HCV,1a,100.0
OR520323,HCV,1e,100.0
OR529264,HCV,2j,93.0
OR529261,HCV,1e,100.0
OR765771,HCV,1e,100.0
OR520368,HCV,4f,100.0
OR520370,HCV,4t,51.0
OR520374,HCV,1l,100.0
OR529250,HCV,1l,100.0
OR520364,HCV,1e,100.0
OR520365,HCV,1c,50.0
OR520363,HCV,4f,100.0
EU123153,HCV,1a,100.0
KF437697,HCV,1b,100.0
KF437701,HCV,1b,100.0
KF437700,HCV,1b,100.0
KF437705,HCV,1b,100.0
KF437699,HCV,1b,100.0
KF437696,HCV,1b,100.0
KF437702,HCV,1b,100.0
OR520372,HCV,1h,100.0
OR529253,HCV,1l,100.0
OR529254,HCV,1e,100.0
OR529252,HCV,4f,100.0
OR529256,HCV,4t,100.0
OR520367,HCV,4f,100.0
OR520369,HCV,1e,100.0
KF437706,HCV,1b,100.0
OR765773,HCV,1e,100.0
OR765774,HCV,2a,83.0
OR765778,HCV,4f,100.0
OR765776,HCV,4f,100.0
OR765777,HCV,4p,99.0
OR765779,HCV,4f,100.0
KF437712,HCV,6h,100.0
KF437707,HCV,1c,100.0
KF437703,HCV,1b,100.0
KF437704,HCV,1b,100.0
KF437708,HCV,6h,100.0
KF437711,HCV,6h,100.0
KF437713,HCV,6h,100.0
KF437714,HCV,6h,100.0
KF437715,HCV,6l,86.0
KF437716,HCV,6l,83.0
KF437709,HCV,6h,100.0
KX646270,HCV,1a,100.0
KF437718,HCV,3g,100.0
KF437719,HCV,3g,100.0
KF437717,HCV,6l,83.0
KF437710,HCV,6h,100.0
JX183290,HCV,6a,100.0
JX183333,HCV,6a,100.0
KX646271,HCV,1a,100.0
KX646272,HCV,1a,100.0
KX646274,HCV,1a,100.0
JX183284,HCV,3a,100.0
JX183282,HCV,1b,100.0
JX183281,HCV,1a,100.0
JX183289,HCV,2a,100.0
JX183285,HCV,1b,100.0
JX183283,HCV,3b,100.0
JX183335,HCV,1a,100.0
JX183286,HCV,3a,100.0
LC538261,HCV,5a,100.0
JQ679032,HCV,2a,88.0
KX646273,HCV,1a,100.0
JQ679028,HCV,2j,100.0
KX646275,HCV,1a,100.0
JQ679031,HCV,2a,97.0
JQ679043,HCV,1l,99.0
JQ679045,HCV,1l,97.0
JQ679047,HCV,1l,42.0
LC484052,HCV,5a,100.0
LC484058,HCV,5a,80.0
LC484055,HCV,5a,100.0
EU123124,HCV,2b,100.0
EU123121,HCV,2a,100.0
JQ679061,HCV,1c,68.0
JQ679060,HCV,1b,99.0
EU123128,HCV,2b,100.0
EU123139,HCV,1a,100.0
EU123137,HCV,1a,100.0
LC484050,HCV,5a,100.0
EU123190,HCV,1a,100.0
EU123191,HCV,1a,100.0
EU123232,HCV,1a,100.0
EU123227,HCV,1a,100.0
EU123226,HCV,1a,100.0
EU123233,HCV,2b,100.0
EU123234,HCV,1a,100.0
EU123235,HCV,1a,100.0
EU123196,HCV,1a,100.0
EU123236,HCV,1a,100.0
EU123252,HCV,1a,100.0
EU123214,HCV,1a,100.0
EU123258,HCV,2a,100.0
EU123256,HCV,2b,100.0
EU123237,HCV,2b,100.0
EU123260,HCV,1a,100.0
EU123273,HCV,1a,100.0
EU123274,HCV,1a,100.0
EU123275,HCV,1a,100.0
EU123269,HCV,1a,100.0
EU123151,HCV,1a,100.0
EU123280,HCV,1a,100.0
EU123276,HCV,1a,100.0
EU123175,HCV,2b,100.0
EU123174,HCV,2b,100.0
EU123239,HCV,1a,100.0
EU123268,HCV,1a,100.0
OR477038,HCV,4f,100.0
OR477035,HCV,1l,100.0
OR477041,HCV,4f,100.0
OR477043,HCV,4f,100.0
AF516049,HCV,3a,100.0
OR477048,HCV,4k,100.0
EU123302,HCV,1a,100.0
EU123299,HCV,1a,100.0
EU123287,HCV,1a,100.0
EU123285,HCV,1a,100.0
EU123247,HCV,1a,100.0
EU123286,HCV,2b,100.0
KR855592,HCV,1a,100.0
KR855589,HCV,1a,100.0
KR855588,HCV,1a,100.0
KR855587,HCV,1a,100.0
KR855586,HCV,1a,100.0
KR855584,HCV,1a,100.0
KR855595,HCV,1a,100.0
KR855582,HCV,1a,100.0
KR855581,HCV,1a,100.0
KR855596,HCV,1a,100.0
KR855599,HCV,1a,100.0
KR855590,HCV,1a,100.0
KR855579,HCV,1a,100.0
KR855601,HCV,1a,100.0
KR855603,HCV,1a,100.0
KR855602,HCV,1a,100.0
KR855593,HCV,1a,100.0
KR855598,HCV,1a,100.0
KR855583,HCV,1a,100.0
KR855597,HCV,1a,100.0
KR855594,HCV,1a,100.0
KR855591,HCV,1a,100.0
KR855600,HCV,1a,100.0
EU123154,HCV,1a,100.0
KR855607,HCV,1a,100.0
KR855613,HCV,1a,100.0
KR855605,HCV,1a,100.0
KR855612,HCV,1a,100.0
OR610546,HCV,3a,100.0
KR855606,HCV,1a,100.0
KR855604,HCV,1a,100.0
KR855616,HCV,1a,100.0
KR855615,HCV,1a,100.0
KR855621,HCV,1a,100.0
OR610548,HCV,1a,100.0
KR855608,HCV,1a,100.0
KR855610,HCV,1a,100.0
OR610550,HCV,1a,100.0
KR855619,HCV,1a,100.0
OR610553,HCV,1b,100.0
OR610571,HCV,1a,100.0
OR610578,HCV,1a,100.0
OR610574,HCV,1a,100.0
KR855618,HCV,1a,100.0
KR855627,HCV,1a,100.0
OR610573,HCV,1a,100.0
OR610580,HCV,1a,100.0
OR610549,HCV,1a,100.0
KR855626,HCV,1a,100.0
OR610575,HCV,1a,100.0
AY257422,HCV,4d,100.0
KR855609,HCV,1a,100.0
KR855623,HCV,1a,100.0
OR610577,HCV,1a,100.0
AY257423,HCV,4a,100.0
AY257424,HCV,4a,100.0
AY257425,HCV,1b,100.0
AY257427,HCV,1b,100.0
AY257426,HCV,1b,100.0
KR855624,HCV,1a,100.0
AY257428,HCV,1a,100.0
AY257432,HCV,1b,100.0
AY257429,HCV,1b,100.0
AY257433,HCV,1b,100.0
KR855617,HCV,1a,100.0
AY257430,HCV,4k,37.0
AY257454,HCV,1b,100.0
AY257435,HCV,1b,100.0
AY257467,HCV,4d,100.0
AY257466,HCV,2c,100.0
AF515959,HCV,1a,100.0
AF515984,HCV,1a,100.0
AF515980,HCV,2c,100.0
AY257465,HCV,2b,56.0
AF515998,HCV,1b,100.0
AF515989,HCV,1b,100.0
AF516043,HCV,1a,100.0
AF516040,HCV,1b,100.0
AF516041,HCV,1b,100.0
AF516045,HCV,3a,100.0
AF516042,HCV,1a,100.0
OR477036,HCV,4f,100.0
OR477042,HCV,2j,89.0
KC351596,HCV,1b,100.0
KC351599,HCV,1b,100.0
KC351601,HCV,1b,100.0
KC351598,HCV,1b,100.0
KC351600,HCV,1b,100.0
KC351615,HCV,3a,100.0
KC351617,HCV,3a,100.0
KC351618,HCV,3a,100.0
KC351676,HCV,1a,100.0
OR490588,HCV,4f,100.0
OR520299,HCV,1e,100.0
OR520355,HCV,2j,52.0
OR520350,HCV,1l,100.0
OR520354,HCV,4f,100.0
AY257438,HCV,4f,100.0
AY257443,HCV,2k,100.0
AY257444,HCV,2c,100.0
AY257442,HCV,4a,100.0
AY257447,HCV,2a,91.0
AY257448,HCV,2b,100.0
AY257449,HCV,1b,100.0
AF515970,HCV,2i,97.0
AY257445,HCV,2c,100.0
AF515972,HCV,3a,100.0
AF515973,HCV,3a,100.0
AF515971,HCV,2i,99.0
AY257461,HCV,2b,100.0
AF516004,HCV,1b,100.0
AF516007,HCV,1a,100.0
AF516009,HCV,1a,100.0
AF515992,HCV,1b,100.0
AF516011,HCV,1b,100.0
AF516006,HCV,1b,100.0
AF516021,HCV,1b,100.0
AF515988,HCV,1b,100.0
AF516023,HCV,2c,100.0
AF516024,HCV,2c,100.0
AF516026,HCV,2i,100.0
AF516065,HCV,1b,100.0
AF516066,HCV,1b,100.0
AF516061,HCV,1b,100.0
OR477045,HCV,2j,95.0
AF516059,HCV,1b,100.0
KC351580,HCV,1b,100.0
KC351635,HCV,1a,100.0
KC351653,HCV,1a,100.0
KC351657,HCV,1a,100.0
KC351659,HCV,1a,100.0
KC351663,HCV,1a,100.0
KC351658,HCV,1a,100.0
KC351711,HCV,1a,100.0
KC351731,HCV,1a,100.0
KC351732,HCV,1a,100.0
OR490548,HCV,4f,100.0
KC351710,HCV,1a,100.0
OR490549,HCV,2b,38.0
KC351708,HCV,1a,100.0
OR520319,HCV,1e,100.0
OR520320,HCV,2j,51.0
OR520309,HCV,2q,64.0
OR520298,HCV,1e,100.0
OR520332,HCV,4f,100.0
OR520324,HCV,4f,100.0
OR520335,HCV,4f,100.0
OR529249,HCV,1a,49.0
OR529251,HCV,4k,100.0
OR529257,HCV,4l,60.0
OR529255,HCV,2j,96.0
OR529258,HCV,2j,30.0
OR529279,HCV,4f,99.0
OR529276,HCV,4r,88.0
OR529277,HCV,4f,100.0
EU123179,HCV,2b,100.0
OR529272,HCV,1l,100.0
OR765775,HCV,1e,100.0
OR529281,HCV,1e,100.0
EU123288,HCV,2b,100.0
EU123291,HCV,2b,100.0
EU123290,HCV,1a,100.0
EU123297,HCV,1a,100.0
EU123255,HCV,2b,100.0
EU123293,HCV,1a,100.0
OR477030,HCV,4p,69.0
AF516060,HCV,1b,100.0
OR477026,HCV,4f,100.0
OR477028,HCV,2j,68.0
OR477032,HCV,1e,100.0
OR477033,HCV,1h,100.0
OR477034,HCV,2j,94.0
OR477040,HCV,2a,58.0
OR477047,HCV,2m,46.0
OR477046,HCV,2j,100.0
OR477050,HCV,4f,100.0
AF516055,HCV,4d,100.0
OR477055,HCV,1h,100.0
AF516037,HCV,1b,100.0
OR477054,HCV,1b,72.0
OR477056,HCV,4f,100.0
EU123295,HCV,1a,100.0
EU123294,HCV,1a,100.0
EU123296,HCV,2b,100.0
EU123298,HCV,1a,100.0
EU123300,HCV,1a,100.0
EU123301,HCV,1a,100.0
EU123272,HCV,2a,100.0
EU123289,HCV,1a,100.0
EU123292,HCV,1a,100.0
KR855585,HCV,1a,100.0
KR855580,HCV,1a,100.0
OR610551,HCV,1a,100.0
OR477053,HCV,1l,100.0
OR477052,HCV,1l,49.0
OR477063,HCV,4m,74.0
OR477060,HCV,1h,100.0
OR477061,HCV,4f,100.0
OR477059,HCV,1l,99.0
OR477057,HCV,4f,100.0
OR477065,HCV,4f,82.0
OR477067,HCV,1h,100.0
OR477064,HCV,4f,100.0
OR477066,HCV,2j,74.0
OR477068,HCV,2j,80.0
OR477071,HCV,4f,100.0
OR477070,HCV,1b,66.0
OR610561,HCV,1a,100.0
OR610559,HCV,1b,100.0
OR610555,HCV,1a,100.0
OR610562,HCV,1a,100.0
OR610554,HCV,1a,100.0
OR610568,HCV,1a,100.0
OR610566,HCV,3a,100.0
OR610569,HCV,1b,100.0
KR855614,HCV,1a,100.0
OR610570,HCV,3a,100.0
OR610572,HCV,1a,100.0
AY257431,HCV,2a,56.0
AY257434,HCV,3a,100.0
KR855622,HCV,1a,100.0
AY257437,HCV,2j,97.0
KR855628,HCV,1a,100.0
AY257439,HCV,4f,100.0
L38356,HCV,1b,100.0
OR477069,HCV,1e,100.0
L38360,HCV,1b,100.0
L38361,HCV,1e,100.0
OR477037,HCV,4v,50.0
L38358,HCV,2c,100.0
L38357,HCV,2c,100.0
L38362,HCV,2c,100.0
L38363,HCV,2c,100.0
L38365,HCV,2c,100.0
L38364,HCV,2c,100.0
L38359,HCV,1a,100.0
L38367,HCV,2c,100.0
L38366,HCV,2c,100.0
L38370,HCV,4f,100.0
OR477049,HCV,1l,100.0
L38371,HCV,1b,87.0
L38374,HCV,2a,100.0
L38372,HCV,1b,100.0
L38373,HCV,2j,79.0
L38375,HCV,2c,100.0
OR477051,HCV,4f,100.0
L38379,HCV,6a,100.0
L38381,HCV,6e,100.0
L38380,HCV,6p,100.0
L44601,HCV,2a,66.0
L38378,HCV,1b,100.0
D10644,HCV,1b,100.0
D10650,HCV,2b,100.0
D10647,HCV,2a,100.0
D10646,HCV,1a,100.0
KC351579,HCV,1b,100.0
KC351582,HCV,1b,100.0
KC351577,HCV,4a,100.0
KC351578,HCV,4d,100.0
KC351583,HCV,1b,100.0
KC351581,HCV,1b,100.0
KC351586,HCV,1b,100.0
KC351587,HCV,1b,100.0
KC351585,HCV,1b,100.0
D10649,HCV,2b,100.0
D10648,HCV,2a,100.0
KC351589,HCV,1b,100.0
KC351592,HCV,1b,100.0
KC351588,HCV,1b,100.0
KC351595,HCV,1b,100.0
KC351594,HCV,1b,100.0
KC351590,HCV,1b,100.0
KC351591,HCV,1b,100.0
KC351593,HCV,1b,100.0
KC351605,HCV,3a,100.0
L38377,HCV,1b,100.0
KC351597,HCV,1b,100.0
KC351610,HCV,3a,100.0
KC351606,HCV,3a,100.0
KC351612,HCV,3a,100.0
KC351602,HCV,1b,100.0
KC351607,HCV,3a,100.0
KC351609,HCV,3a,100.0
KC351608,HCV,3a,100.0
KC351613,HCV,3a,100.0
KC351614,HCV,3a,100.0
KC351611,HCV,3a,100.0
L44604,HCV,3k,100.0
KC351624,HCV,3a,100.0
KC351623,HCV,3a,100.0
KC351625,HCV,3a,100.0
KC351619,HCV,3a,100.0
KC351621,HCV,3a,100.0
KC351627,HCV,3a,100.0
KC351584,HCV,1b,100.0
KC351626,HCV,3a,100.0
KC351616,HCV,3a,100.0
KC351631,HCV,3a,100.0
KC351620,HCV,3a,100.0
D10645,HCV,1b,100.0
KC351630,HCV,3a,100.0
KC351636,HCV,1a,100.0
KC351629,HCV,3a,100.0
KC351634,HCV,3a,100.0
KC351632,HCV,3a,100.0
KC351637,HCV,1a,100.0
KC351640,HCV,1a,100.0
KC351643,HCV,1a,100.0
KC351642,HCV,1a,100.0
KC351638,HCV,1a,100.0
KC351644,HCV,1a,100.0
KC351646,HCV,1a,100.0
KC351639,HCV,1a,100.0
KC351650,HCV,1a,100.0
KC351647,HCV,1a,100.0
AY257440,HCV,4a,100.0
AY257436,HCV,1b,100.0
AY257450,HCV,1b,100.0
AY257446,HCV,2b,100.0
AY257441,HCV,4a,100.0
AY257453,HCV,1a,100.0
KR855625,HCV,1a,100.0
AY257451,HCV,1a,100.0
AY257452,HCV,1b,100.0
AY257455,HCV,1a,100.0
AY257457,HCV,2k,100.0
AY257460,HCV,2b,100.0
AY257464,HCV,2j,99.0
AF515960,HCV,1a,100.0
AF515958,HCV,1a,100.0
AY257456,HCV,2k,100.0
AY257458,HCV,2k,100.0
AY257462,HCV,2j,85.0
AY257463,HCV,2j,98.0
AF515962,HCV,1b,100.0
AF515961,HCV,1a,100.0
AF515965,HCV,1b,100.0
AF515963,HCV,1b,100.0
KR855620,HCV,1a,100.0
AF515964,HCV,1b,100.0
AF515967,HCV,1b,100.0
AF515966,HCV,1b,100.0
AF515969,HCV,2i,100.0
AF515974,HCV,4d,100.0
AF515976,HCV,5a,100.0
AF515975,HCV,4d,100.0
AF515977,HCV,5a,100.0
AF515978,HCV,2j,94.0
AF515985,HCV,1a,100.0
AF515981,HCV,2c,100.0
AY257459,HCV,2k,100.0
AF515983,HCV,1b,100.0
AF515979,HCV,2j,83.0
AF515982,HCV,1b,100.0
AF515987,HCV,1b,100.0
AF515994,HCV,1b,100.0
AF516001,HCV,1b,100.0
AF515990,HCV,1b,100.0
AF515995,HCV,2c,100.0
AF515997,HCV,1b,100.0
AF515991,HCV,1b,100.0
AF515999,HCV,1b,100.0
AF515993,HCV,1b,100.0
AF515996,HCV,2c,100.0
AF515986,HCV,1b,100.0
AF516003,HCV,1b,100.0
AF516002,HCV,1b,100.0
AF515968,HCV,2i,100.0
AF516008,HCV,1b,100.0
AF516013,HCV,1b,100.0
AF516014,HCV,1a,100.0
AF516012,HCV,1b,100.0
AF516018,HCV,1a,100.0
AF516017,HCV,1a,100.0
AF516015,HCV,1b,100.0
AF516019,HCV,1a,100.0
AF516020,HCV,1b,100.0
AF516016,HCV,1a,100.0
AF516025,HCV,2c,100.0
AF516027,HCV,2j,99.0
AF516022,HCV,2c,100.0
AF516000,HCV,1b,100.0
AF516029,HCV,2j,82.0
AF516034,HCV,2b,100.0
AF516030,HCV,2a,100.0
AF516036,HCV,1a,100.0
AF516033,HCV,2b,100.0
AF516032,HCV,2i,100.0
AF516035,HCV,1b,100.0
AF516039,HCV,1b,100.0
AF516010,HCV,1b,100.0
AF516005,HCV,1b,100.0
AF516038,HCV,1b,100.0
AF516044,HCV,3a,100.0
AF516031,HCV,2a,99.0
AF516046,HCV,5a,100.0
AF516048,HCV,3a,100.0
AF516050,HCV,3a,100.0
AF516051,HCV,5a,100.0
AF516047,HCV,3a,100.0
AF516056,HCV,4d,100.0
AF516052,HCV,1b,100.0
AF516054,HCV,4d,100.0
AF516053,HCV,4d,100.0
AF516057,HCV,4d,100.0
AF516063,HCV,1a,100.0
AF516058,HCV,1a,100.0
AF516062,HCV,1b,100.0
AF516064,HCV,1b,100.0
AF516028,HCV,2a,98.0
OR477029,HCV,1l,100.0
OR477027,HCV,4f,100.0
OR477031,HCV,1e,100.0
KC351661,HCV,1a,100.0
KC351656,HCV,1a,100.0
KC351665,HCV,1a,100.0
KC351603,HCV,2k,100.0
KC351628,HCV,3a,100.0
KC351666,HCV,1a,100.0
KC351667,HCV,1a,100.0
KC351670,HCV,1a,100.0
KC351672,HCV,1a,100.0
KC351678,HCV,1a,100.0
KC351674,HCV,1a,100.0
KC351673,HCV,1a,100.0
KC351679,HCV,1a,100.0
KC351675,HCV,1a,100.0
KC351682,HCV,1a,100.0
KC351680,HCV,1a,100.0
KC351683,HCV,1a,100.0
KC351681,HCV,1a,100.0
KC351685,HCV,1a,100.0
KC351684,HCV,1a,100.0
KC351686,HCV,1a,100.0
KC351677,HCV,1a,100.0
KC351687,HCV,1a,100.0
KC351691,HCV,1a,100.0
KC351688,HCV,1a,100.0
KC351664,HCV,1a,100.0
KC351695,HCV,1a,100.0
KC351697,HCV,1a,100.0
KC351690,HCV,1a,100.0
KC351692,HCV,1a,100.0
KC351693,HCV,1a,100.0
KC351694,HCV,1a,100.0
KC351696,HCV,1a,100.0
KC351700,HCV,1a,100.0
KC351655,HCV,1a,100.0
KC351703,HCV,1a,100.0
KC351633,HCV,3a,100.0
KC351704,HCV,1a,100.0
KC351701,HCV,1a,100.0
KC351698,HCV,1a,100.0
KC351706,HCV,1a,100.0
KC351699,HCV,1a,100.0
KC351705,HCV,1a,100.0
KC351707,HCV,1a,100.0
KC351712,HCV,1a,100.0
KC351714,HCV,1a,100.0
KC351713,HCV,1a,100.0
KC351717,HCV,1a,100.0
KC351709,HCV,1a,100.0
KC351671,HCV,1a,100.0
KC351715,HCV,1a,100.0
KC351716,HCV,1a,100.0
KC351721,HCV,1a,100.0
KC351722,HCV,1a,100.0
KC351720,HCV,1a,100.0
KC351723,HCV,1a,100.0
KC351724,HCV,1a,100.0
KC351719,HCV,1a,100.0
KC351718,HCV,1a,100.0
KC351727,HCV,1a,100.0
KC351728,HCV,1a,100.0
KC351726,HCV,1a,100.0
KC351730,HCV,1a,100.0
KC351729,HCV,1a,100.0
KC351725,HCV,1a,100.0
KC351734,HCV,1a,100.0
KC351733,HCV,1a,99.0
KC351738,HCV,1a,100.0
KC351737,HCV,1a,100.0
KC351740,HCV,1a,100.0
KC351735,HCV,1a,100.0
KC351739,HCV,1a,100.0
KC351689,HCV,1a,100.0
OR490539,HCV,2m,57.0
KC351742,HCV,1a,100.0
KC351741,HCV,1a,100.0
KC351736,HCV,1a,100.0
OR490543,HCV,4f,100.0
OR490541,HCV,1e,100.0
OR490545,HCV,1e,100.0
OR490542,HCV,2m,33.0
OR490547,HCV,1e,100.0
OR490544,HCV,2m,72.0
OR490546,HCV,1e,100.0
OR490550,HCV,2j,73.0
OR490551,HCV,2m,55.0
OR490555,HCV,4f,37.0
OR490553,HCV,4v,78.0
OR490557,HCV,2j,49.0
OR490556,HCV,2b,46.0
KC351702,HCV,1a,100.0
OR490554,HCV,2k,43.0
OR490559,HCV,2j,100.0
OR490566,HCV,2j,29.0
OR490561,HCV,1l,100.0
OR490563,HCV,4p,50.0
OR490565,HCV,2j,100.0
OR490567,HCV,1l,100.0
OR490569,HCV,2j,100.0
OR490564,HCV,2j,58.0
OR490568,HCV,1a,79.0
KC351651,HCV,1a,100.0
KC351641,HCV,1a,100.0
KC351645,HCV,1a,100.0
KC351649,HCV,1a,100.0
KC351654,HCV,1a,100.0
KC351652,HCV,1a,100.0
KC351648,HCV,1a,100.0
KC351662,HCV,1a,100.0
KC351660,HCV,1a,100.0
KC351668,HCV,1a,100.0
KC351622,HCV,3a,100.0
KC351669,HCV,1a,100.0
OR520315,HCV,4f,100.0
OR520313,HCV,4f,100.0
OR520317,HCV,2j,77.0
OR520316,HCV,4f,100.0
OR520322,HCV,1l,100.0
OR520318,HCV,4f,100.0
OR520312,HCV,2j,79.0
OR520326,HCV,1e,100.0
OR520327,HCV,1l,100.0
OR520321,HCV,4f,100.0
OR520329,HCV,4f,100.0
OR520330,HCV,2j,100.0
OR520325,HCV,1e,100.0
OR490586,HCV,4f,100.0
OR520328,HCV,4f,100.0
OR520333,HCV,4f,100.0
OR520336,HCV,1l,100.0
OR490540,HCV,2a,44.0
OR520339,HCV,2j,71.0
OR520314,HCV,4v,75.0
OR520334,HCV,1e,100.0
OR520341,HCV,2j,62.0
OR520340,HCV,1e,100.0
OR520337,HCV,1l,100.0
OR520346,HCV,1h,100.0
OR520342,HCV,4f,100.0
OR520344,HCV,2a,63.0
OR520347,HCV,4f,100.0
OR520349,HCV,1e,100.0
OR520348,HCV,1l,74.0
OR520345,HCV,4f,100.0
OR520352,HCV,1l,100.0
OR520351,HCV,1h,100.0
OR520358,HCV,2j,38.0
OR520356,HCV,1l,100.0
OR520360,HCV,2j,95.0
OR520357,HCV,2m,85.0
OR520359,HCV,1b,97.0
OR520353,HCV,2j,75.0
OR520362,HCV,2j,81.0
OR520361,HCV,1e,100.0
OR520366,HCV,4f,100.0
OR520371,HCV,4f,100.0
OR520338,HCV,1h,100.0
OR520331,HCV,1b,92.0
OR520373,HCV,2a,100.0
OR529260,HCV,1h,100.0
OR529262,HCV,4v,60.0
OR529267,HCV,1e,100.0
OR529265,HCV,1l,100.0
OR529266,HCV,4m,33.0
OR529268,HCV,2j,64.0
OR529263,HCV,4f,100.0
OR529259,HCV,4f,100.0
OR529271,HCV,1e,100.0
OR529270,HCV,4f,100.0
OR529275,HCV,4f,100.0
OR529274,HCV,2j,48.0
OR529273,HCV,1b,97.0
OR529280,HCV,2a,98.0
OR529278,HCV,1h,100.0
OR529282,HCV,1e,100.0
OR529290,HCV,1l,100.0
OR529292,HCV,2j,60.0
OR529289,HCV,2j,100.0
OR529285,HCV,2j,50.0
OR529286,HCV,1e,100.0
OR529283,HCV,1l,100.0
OR529288,HCV,1e,99.0
OR529291,HCV,2j,78.0
OR529294,HCV,1e,100.0
OR529293,HCV,4t,91.0
OR529284,HCV,4p,69.0
OR529287,HCV,4f,100.0
OR529295,HCV,1l,100.0
OR529269,HCV,4f,100.0
OR765772,HCV,4v,51.0
EU123157,HCV,1a,100.0
EU123161,HCV,1a,100.0
EU123167,HCV,1a,100.0
OR765782,HCV,1a,88.0
EU123169,HCV,2b,100.0
EU123163,HCV,1a,100.0
EU123168,HCV,2b,100.0
EU123170,HCV,2b,100.0
EU123172,HCV,2b,100.0
EU123162,HCV,1a,100.0
EU123164,HCV,1a,100.0
OR765783,HCV,1e,100.0
EU123159,HCV,1a,100.0
EU123155,HCV,1a,100.0
OR765780,HCV,4f,100.0
EU123158,HCV,1a,100.0
OR765781,HCV,4f,68.0
EU123165,HCV,1a,100.0
EU123160,HCV,1a,100.0
EU123156,HCV,1a,100.0
EU123171,HCV,2b,100.0
JX183336,HCV,3b,100.0
JX183337,HCV,6a,100.0
JX183339,HCV,3b,100.0
JX183334,HCV,1b,100.0
JX183338,HCV,1b,100.0
JX183340,HCV,3a,100.0
LC538234,HCV,5a,100.0
LC538235,HCV,1a,100.0
JX183341,HCV,3b,100.0
JX183342,HCV,6a,100.0
LC538236,HCV,1a,100.0
LC538238,HCV,5a,100.0
LC538245,HCV,1a,100.0
KF437698,HCV,1b,100.0
LC538244,HCV,1a,100.0
LC538240,HCV,5a,100.0
LC538247,HCV,5a,100.0
KX646279,HCV,1a,100.0
LC538239,HCV,5a,100.0
LC538243,HCV,1a,100.0
LC538252,HCV,1a,100.0
LC538248,HCV,5a,96.0
LC538251,HCV,1b,100.0
LC538250,HCV,1a,100.0
LC538254,HCV,1b,100.0
LC538258,HCV,1c,96.0
LC538256,HCV,2b,100.0
LC538260,HCV,5a,100.0
LC538255,HCV,1b,100.0
LC538257,HCV,2b,100.0
LC538259,HCV,1c,94.0
LC538253,HCV,2b,100.0
OR490562,HCV,1l,100.0
OR490570,HCV,1e,100.0
OR490575,HCV,1l,100.0
OR490571,HCV,4f,100.0
OR490572,HCV,2j,63.0
OR490573,HCV,1e,100.0
OR490576,HCV,4f,100.0
OR490574,HCV,1l,100.0
OR490577,HCV,1e,96.0
OR490580,HCV,4f,100.0
OR490579,HCV,4v,100.0
OR490560,HCV,4f,100.0
OR490583,HCV,4m,37.0
OR490578,HCV,4d,67.0
OR490587,HCV,4f,100.0
OR490584,HCV,2m,65.0
OR490585,HCV,4f,100.0
OR490582,HCV,2a,93.0
OR520302,HCV,1h,100.0
OR520301,HCV,4f,100.0
OR490581,HCV,2a,62.0
OR520300,HCV,4f,100.0
OR520304,HCV,4f,100.0
OR490558,HCV,2b,62.0
OR520303,HCV,4f,100.0
OR520305,HCV,4f,83.0
OR490552,HCV,2j,98.0
OR520308,HCV,1l,100.0
OR520307,HCV,4l,29.0
OR520306,HCV,1a,52.0
OR520310,HCV,1e,100.0
OR520311,HCV,1l,100.0
JQ679082,HCV,1b,34.0
EU123183,HCV,2b,100.0
EU123181,HCV,1a,100.0
EU123184,HCV,1a,100.0
EU123180,HCV,1a,100.0
EU123182,HCV,1a,100.0
EU123178,HCV,2b,100.0
EU123177,HCV,1a,100.0
EU123188,HCV,2b,100.0
EU123187,HCV,1a,100.0
EU123185,HCV,2b,100.0
EU123186,HCV,1a,100.0
EU123192,HCV,1a,100.0
EU123194,HCV,1a,100.0
EU123129,HCV,2b,100.0
EU123197,HCV,1a,100.0
EU123193,HCV,1a,100.0
EU123189,HCV,1a,100.0
EU123198,HCV,1a,100.0
EU123202,HCV,1a,100.0
EU123199,HCV,1a,100.0
EU123201,HCV,1a,100.0
EU123205,HCV,1a,100.0
EU123206,HCV,2b,100.0
EU123200,HCV,1a,100.0
EU123207,HCV,2b,100.0
EU123204,HCV,1a,100.0
EU123203,HCV,1a,100.0
LC538249,HCV,5a,100.0
LC538262,HCV,2b,100.0
EU123210,HCV,2b,100.0
EU123152,HCV,1a,100.0
JQ679033,HCV,2a,95.0
JQ679030,HCV,2a,100.0
LC538237,HCV,1a,100.0
JQ679038,HCV,1a,55.0
EU123144,HCV,1a,100.0
JQ679035,HCV,2a,99.0
JX183287,HCV,1b,100.0
EU123209,HCV,2a,100.0
LC538241,HCV,1a,100.0
JQ679037,HCV,1a,56.0
JQ679039,HCV,1c,34.0
JQ679040,HCV,1c,59.0
JQ679041,HCV,1l,40.0
EU123213,HCV,2b,100.0
JQ679029,HCV,2j,41.0
JQ679046,HCV,1b,41.0
JQ679050,HCV,1l,93.0
EU123216,HCV,1a,100.0
JQ679044,HCV,1l,67.0
JQ679049,HCV,1l,74.0
JQ679051,HCV,1b,98.0
JQ679048,HCV,1a,82.0
LC538242,HCV,1a,100.0
EU123211,HCV,2b,100.0
JQ679052,HCV,1c,92.0
JQ679059,HCV,1c,56.0
JQ679053,HCV,1c,90.0
EU123212,HCV,1a,100.0
JQ679062,HCV,1c,78.0
JQ679057,HCV,1c,92.0
JQ679058,HCV,1c,56.0
JQ679056,HCV,1c,98.0
EU123208,HCV,2b,100.0
JQ679054,HCV,1c,62.0
JQ679034,HCV,2j,59.0
JQ679066,HCV,1c,62.0
JQ679065,HCV,1l,53.0
EU123219,HCV,1a,100.0
JQ679064,HCV,1c,93.0
JQ679067,HCV,1c,97.0
JQ679068,HCV,1a,55.0
EU123217,HCV,1a,100.0
JQ679069,HCV,1a,85.0
JQ679070,HCV,1b,46.0
JQ679071,HCV,1b,100.0
JQ679036,HCV,2j,43.0
EU123220,HCV,1a,100.0
JQ679072,HCV,1b,100.0
JQ679074,HCV,1b,98.0
JQ679079,HCV,1c,48.0
JQ679077,HCV,1b,100.0
EU123218,HCV,1a,100.0
JQ679080,HCV,1b,60.0
JQ679042,HCV,1l,47.0
JQ679078,HCV,1b,94.0
EU123173,HCV,2b,100.0
EU123224,HCV,2a,100.0
EU123223,HCV,2b,100.0
EU123230,HCV,1a,100.0
EU123228,HCV,1a,100.0
EU123222,HCV,2b,100.0
JQ679076,HCV,1b,72.0
EU123225,HCV,1a,100.0
JQ679075,HCV,1b,100.0
EU123221,HCV,1a,100.0
JQ679087,HCV,1h,85.0
LC484048,HCV,1a,100.0
EU123229,HCV,1a,100.0
JQ679083,HCV,1b,97.0
LC484047,HCV,5a,100.0
EU123238,HCV,1a,100.0
JQ679081,HCV,1b,62.0
JQ679086,HCV,1a,49.0
JQ679085,HCV,1a,62.0
EU123243,HCV,1a,100.0
LC484049,HCV,5a,100.0
LC484051,HCV,5a,100.0
JQ679055,HCV,1c,95.0
LC484053,HCV,5a,100.0
LC484054,HCV,1a,100.0
EU123195,HCV,1a,100.0
LC484056,HCV,5a,100.0
EU123120,HCV,2a,100.0
EU123125,HCV,1a,100.0
EU123123,HCV,1a,100.0
EU123240,HCV,2b,100.0
EU123122,HCV,2b,100.0
EU123127,HCV,1a,100.0
LC484057,HCV,5a,100.0
JQ679063,HCV,1c,97.0
EU123242,HCV,1a,100.0
EU123131,HCV,1a,100.0
EU123126,HCV,1a,100.0
EU123132,HCV,1a,100.0
EU123244,HCV,1a,100.0
EU123130,HCV,1a,100.0
EU123134,HCV,1a,100.0
EU123133,HCV,1a,100.0
EU123241,HCV,1a,100.0
EU123136,HCV,2b,100.0
EU123135,HCV,2b,100.0
EU123141,HCV,1a,100.0
EU123140,HCV,1a,100.0
EU123246,HCV,1a,100.0
EU123145,HCV,1a,100.0
EU123138,HCV,1a,100.0
EU123143,HCV,1a,100.0
EU123245,HCV,1a,100.0
EU123142,HCV,2b,100.0
EU123147,HCV,1a,100.0
JQ679073,HCV,1b,61.0
EU123250,HCV,1a,100.0
JQ679084,HCV,1b,95.0
EU123150,HCV,1a,100.0
EU123146,HCV,1a,100.0
EU123253,HCV,1a,100.0
EU123149,HCV,1a,100.0
EU123148,HCV,1a,100.0
EU123176,HCV,1a,100.0
EU123249,HCV,2b,100.0
EU123248,HCV,1a,100.0
EU123254,HCV,1a,100.0
EU123215,HCV,1a,100.0
EU123257,HCV,1a,100.0
EU123259,HCV,2b,100.0
EU123251,HCV,2a,100.0
EU123263,HCV,1a,100.0
EU123264,HCV,1a,100.0
EU123265,HCV,1a,100.0
EU123261,HCV,1a,100.0
EU123271,HCV,1a,100.0
EU123270,HCV,2b,100.0
EU123266,HCV,1a,100.0
EU123267,HCV,2b,100.0
EU123231,HCV,1a,100.0
EU123262,HCV,2b,100.0
EU123279,HCV,2b,100.0
EU123278,HCV,1a,100.0
EU123283,HCV,1a,100.0
EU123284,HCV,1a,100.0
EU123277,HCV,2b,100.0
OR477044,HCV,2j,65.0
EU123281,HCV,1a,100.0
EU123282,HCV,1a,100.0
OR765793,HCV,1e,100.0
OR765794,HCV,1l,100.0
OR818236,HCV,4f,100.0
OR818237,HCV,2j,96.0
OR818238,HCV,2j,83.0
OR818233,HCV,1l,100.0
OR765800,HCV,4v,91.0
OR765801,HCV,4f,100.0
OR818259,HCV,2j,82.0
OR818257,HCV,4f,100.0
OR765799,HCV,4f,100.0
OR765804,HCV,2j,81.0
OR765805,HCV,4f,100.0
OR765802,HCV,4f,100.0
OR765811,HCV,4f,100.0
OR765808,HCV,4f,100.0
OR765806,HCV,1e,100.0
OR818296,HCV,1e,100.0
OR818278,HCV,1e,100.0
OR818280,HCV,1l,100.0
OR818282,HCV,1e,100.0
OR818246,HCV,2a,77.0
OR818284,HCV,4v,100.0
OR818321,HCV,4v,64.0
OR818316,HCV,1l,100.0
OR818315,HCV,4f,100.0
OR818329,HCV,2q,36.0
OR818330,HCV,1e,100.0
OR818332,HCV,1e,100.0
OR818331,HCV,4f,100.0
OR818333,HCV,4f,100.0
OR818334,HCV,4f,100.0
OR818335,HCV,1l,100.0
OR818286,HCV,4v,72.0
OR825181,HCV,1b,91.0
OR818343,HCV,2j,98.0
OR825142,HCV,4p,100.0
OR825143,HCV,1h,100.0
OR818313,HCV,4a,84.0
OR825159,HCV,4r,100.0
OR825163,HCV,4f,100.0
OR825164,HCV,4v,83.0
OR825166,HCV,4f,100.0
OR825165,HCV,4f,100.0
OR825182,HCV,4f,100.0
OR825185,HCV,1e,100.0
OR825184,HCV,2a,98.0
OR825201,HCV,2j,78.0
OR825205,HCV,4t,89.0
OR825187,HCV,1l,100.0
OR825276,HCV,4f,100.0
OR825277,HCV,1e,100.0
OR825273,HCV,4f,100.0
OR825215,HCV,1l,100.0
PP484725,HCV,4f,100.0
PP484708,HCV,1c,76.0
OR902270,HCV,4f,100.0
PP484726,HCV,4f,100.0
PP484770,HCV,1e,84.0
PP484748,HCV,1e,100.0
PP484745,HCV,1b,100.0
PP484750,HCV,2m,55.0
PP484776,HCV,1b,51.0
PP484752,HCV,4d,33.0
PP484791,HCV,4f,100.0
OR837051,HCV,1l,100.0
PP484771,HCV,2a,56.0
PP484794,HCV,2j,95.0
PP484814,HCV,4f,100.0
PP484816,HCV,1l,100.0
PP484783,HCV,1e,100.0
OR765784,HCV,4l,37.0
PP484773,HCV,1l,100.0
OR765792,HCV,4f,100.0
PP484854,HCV,4f,100.0
OR765797,HCV,1h,100.0
OR765796,HCV,1e,100.0
OR765798,HCV,2j,70.0
PP484831,HCV,2m,99.0
PP484833,HCV,1e,100.0
PP484832,HCV,4f,100.0
PP484834,HCV,4f,100.0
PP484835,HCV,1e,98.0
PP484876,HCV,1e,100.0
PP484875,HCV,4f,100.0
PP484787,HCV,1l,100.0
PP484856,HCV,4f,100.0
AF037248,HCV,2j,97.0
OR480616,HCV,2j,79.0
OR480617,HCV,1e,100.0
OR480618,HCV,2q,51.0
OR480619,HCV,1l,100.0
OR480623,HCV,2j,100.0
OR480637,HCV,1e,100.0
OR480639,HCV,4f,100.0
OR480638,HCV,2j,99.0
AF037231,HCV,1a,53.0
KU180710,HCV,1a,100.0
KU180716,HCV,1b,100.0
KU180718,HCV,1a,100.0
KU180711,HCV,1b,100.0
AB327055,HCV,1b,100.0
AB327057,HCV,1b,100.0
AB327058,HCV,1b,100.0
KM102764,HCV,"unassigned_1, 1b-2j-2a-2b",NA
AB327059,HCV,2k,100.0
AJ626991,HCV,5a,100.0
AJ626994,HCV,5a,100.0
AJ626995,HCV,5a,100.0
PP484846,HCV,1e,98.0
AJ626996,HCV,5a,100.0
AJ626997,HCV,5a,100.0
AJ880695,HCV,1b,100.0
AJ626998,HCV,5a,100.0
AJ880694,HCV,5a,100.0
AJ880699,HCV,1b,100.0
AJ880700,HCV,1b,100.0
AJ880701,HCV,1a,100.0
AJ880703,HCV,1b,100.0
AJ880702,HCV,1b,100.0
AJ880704,HCV,1a,100.0
AJ880738,HCV,1b,100.0
AB113412,HCV,1b,100.0
AB113429,HCV,1b,100.0
AB113430,HCV,1b,100.0
AB113466,HCV,1b,100.0
AB113467,HCV,1b,100.0
AB113502,HCV,1b,100.0
OR480640,HCV,1e,100.0
OR480641,HCV,2j,68.0
AJ880720,HCV,1a,100.0
AJ880721,HCV,1b,100.0
AJ880722,HCV,1a,100.0
AJ880723,HCV,1b,100.0
AJ880724,HCV,1a,100.0
AJ880755,HCV,1b,100.0
AJ880757,HCV,3a,100.0
AY265424,HCV,4f,100.0
AB113452,HCV,1b,100.0
AB113451,HCV,1b,100.0
AB113450,HCV,1b,100.0
AB113446,HCV,1b,100.0
AB113454,HCV,1b,100.0
AB113484,HCV,1b,100.0
AB113485,HCV,1b,100.0
AB113523,HCV,1b,100.0
KM102766,HCV,"unassigned_1, 1b-2b",NA
AB113525,HCV,1b,100.0
AF046173,HCV,1b,100.0
AF046175,HCV,1b,100.0
AB113521,HCV,1b,100.0
AF046176,HCV,1b,100.0
AF046178,HCV,1b,100.0
AB330314,HCV,2a,100.0
AB330318,HCV,1b,100.0
AB330316,HCV,3a,100.0
AF046189,HCV,1b,100.0
AB330320,HCV,1b,100.0
AB330346,HCV,1b,100.0
FJ791065,HCV,4k,100.0
AB330329,HCV,1b,100.0
AB330344,HCV,1b,100.0
FJ791066,HCV,4k,100.0
FJ791082,HCV,4k,100.0
FJ791083,HCV,4a,84.0
FJ791084,HCV,4k,100.0
KU180717,HCV,1a,100.0
KU180715,HCV,4d,100.0
KM102763,HCV,"unassigned_1, 1a-2b",NA
KM102761,HCV,"unassigned_1, 1a-2b",NA
AY265425,HCV,4t,97.0
FJ791105,HCV,4k,100.0
FJ791107,HCV,4a,99.0
FJ791110,HCV,1e,100.0
OR765785,HCV,4v,83.0
OR765786,HCV,1l,100.0
OR765790,HCV,1l,100.0
OR765789,HCV,2m,38.0
OR765787,HCV,2j,100.0
OR765788,HCV,2q,94.0
OR765791,HCV,2q,73.0
OR765807,HCV,2j,40.0
OR765809,HCV,1l,100.0
OR765812,HCV,1e,100.0
OR765803,HCV,4v,100.0
OR765814,HCV,1e,100.0
OR765795,HCV,4r,100.0
OR765816,HCV,4f,100.0
OR765817,HCV,4f,100.0
OR765819,HCV,1b,97.0
OR765810,HCV,1e,100.0
OR765815,HCV,1l,100.0
OR765823,HCV,4f,100.0
OR765821,HCV,4f,100.0
OR765825,HCV,1l,100.0
OR765818,HCV,2j,100.0
OR765826,HCV,1h,100.0
OR765824,HCV,1l,100.0
OR765828,HCV,1e,100.0
OR765830,HCV,4f,100.0
OR765829,HCV,2j,55.0
OR818228,HCV,1l,100.0
OR818229,HCV,4p,86.0
OR818232,HCV,2j,51.0
OR818234,HCV,1e,100.0
OR818230,HCV,2j,70.0
OR818235,HCV,2m,63.0
OR818239,HCV,2j,99.0
OR765822,HCV,1e,100.0
OR818241,HCV,4f,100.0
OR818240,HCV,4f,100.0
OR818243,HCV,2j,61.0
OR818244,HCV,1l,100.0
OR818242,HCV,4l,77.0
OR818248,HCV,1l,100.0
OR818250,HCV,2j,86.0
OR818249,HCV,4v,57.0
OR818247,HCV,4v,76.0
OR818252,HCV,1e,100.0
OR818253,HCV,4f,100.0
OR818254,HCV,4m,33.0
OR818255,HCV,1e,100.0
OR818256,HCV,2j,55.0
OR818260,HCV,1l,100.0
OR818261,HCV,2j,87.0
OR818262,HCV,2j,98.0
OR765813,HCV,1e,100.0
OR818263,HCV,2j,45.0
OR818264,HCV,1e,100.0
OR818265,HCV,1b,96.0
OR818267,HCV,1h,100.0
OR818268,HCV,1l,100.0
OR818266,HCV,2j,99.0
OR818269,HCV,4v,96.0
OR765820,HCV,4f,100.0
OR818273,HCV,2j,69.0
OR818271,HCV,4t,33.0
OR818272,HCV,4v,92.0
OR818270,HCV,1l,100.0
OR818274,HCV,1e,100.0
OR818275,HCV,2q,49.0
OR818276,HCV,4f,100.0
OR818277,HCV,4v,70.0
OR818285,HCV,2j,66.0
OR818288,HCV,1e,100.0
OR818283,HCV,2j,42.0
OR818281,HCV,1e,100.0
OR818231,HCV,2j,55.0
OR818291,HCV,1e,84.0
OR818292,HCV,1e,100.0
OR818279,HCV,2j,99.0
OR818251,HCV,1l,50.0
OR818294,HCV,2j,72.0
OR818297,HCV,1b,70.0
OR818295,HCV,1e,100.0
OR818298,HCV,2m,65.0
OR818258,HCV,2j,84.0
OR818299,HCV,1e,100.0
OR818289,HCV,2j,78.0
OR818300,HCV,2q,58.0
OR818303,HCV,2b,52.0
OR818245,HCV,1e,99.0
OR818302,HCV,2m,93.0
OR765827,HCV,2j,88.0
OR818301,HCV,1l,100.0
OR818304,HCV,2m,74.0
OR818305,HCV,4f,100.0
OR818309,HCV,2j,31.0
OR818311,HCV,4t,67.0
OR818290,HCV,2j,86.0
OR818312,HCV,4l,100.0
OR818310,HCV,4d,44.0
OR818318,HCV,1l,57.0
OR818317,HCV,1b,70.0
OR818319,HCV,1l,100.0
OR818320,HCV,1e,88.0
OR818322,HCV,4f,100.0
OR818338,HCV,4f,100.0
OR818336,HCV,1e,100.0
OR818307,HCV,4t,100.0
OR825301,HCV,2j,49.0
OR825299,HCV,4d,52.0
OR825300,HCV,1e,100.0
OR825303,HCV,1l,100.0
OR825298,HCV,1l,100.0
OR825305,HCV,4f,100.0
OR825302,HCV,1l,100.0
OR825306,HCV,4f,100.0
OR825308,HCV,4t,97.0
OR825309,HCV,2q,77.0
OR825310,HCV,1e,100.0
OR825307,HCV,2m,72.0
OR825311,HCV,2j,94.0
OR825313,HCV,2j,91.0
OR825315,HCV,1l,100.0
OR825316,HCV,2m,74.0
OR825317,HCV,4v,53.0
OR825220,HCV,4f,100.0
OR825318,HCV,4f,100.0
OR825320,HCV,4p,57.0
OR825314,HCV,2q,77.0
OR825272,HCV,1l,100.0
OR837048,HCV,1l,100.0
OR837049,HCV,1l,100.0
OR837050,HCV,1l,100.0
OR837052,HCV,1e,100.0
OR825321,HCV,4f,100.0
OR837053,HCV,1e,100.0
OR825312,HCV,1e,99.0
OR902264,HCV,1l,100.0
OR902263,HCV,4a,100.0
OR902265,HCV,4f,100.0
OR902261,HCV,4f,100.0
OR902267,HCV,1l,100.0
OR902266,HCV,4f,100.0
OR902268,HCV,4v,87.0
OR902262,HCV,4p,53.0
OR825291,HCV,4a,67.0
PP484706,HCV,4f,100.0
OR902271,HCV,2a,99.0
PP484709,HCV,1c,79.0
PP484710,HCV,2m,83.0
OR902269,HCV,1c,69.0
PP484707,HCV,2b,64.0
PP484713,HCV,4t,99.0
PP484714,HCV,4p,76.0
PP484716,HCV,4d,67.0
PP484715,HCV,2a,35.0
PP484718,HCV,1h,100.0
PP484717,HCV,4t,70.0
PP484712,HCV,2j,96.0
PP484721,HCV,4f,100.0
PP484723,HCV,4v,90.0
PP484722,HCV,4f,69.0
PP484724,HCV,2q,56.0
PP484720,HCV,4f,100.0
PP484719,HCV,2a,69.0
PP484728,HCV,1e,100.0
PP484729,HCV,2j,87.0
PP484730,HCV,4f,100.0
PP484731,HCV,2m,53.0
PP484734,HCV,4f,100.0
OR825319,HCV,1h,100.0
PP484735,HCV,1e,100.0
PP484732,HCV,2q,29.0
PP484736,HCV,4f,100.0
PP484733,HCV,4f,100.0
PP484737,HCV,2q,42.0
PP484738,HCV,1e,100.0
PP484740,HCV,4k,50.0
PP484739,HCV,4f,100.0
PP484742,HCV,4f,100.0
PP484744,HCV,4r,43.0
PP484746,HCV,1b,66.0
PP484747,HCV,4t,45.0
PP484741,HCV,4f,62.0
PP484749,HCV,1l,100.0
PP484743,HCV,4f,100.0
OR825296,HCV,1h,100.0
PP484755,HCV,4f,100.0
OR825304,HCV,4f,100.0
PP484753,HCV,2q,40.0
PP484757,HCV,2m,52.0
PP484756,HCV,2m,89.0
PP484759,HCV,1e,100.0
PP484758,HCV,1e,100.0
PP484760,HCV,4f,100.0
PP484754,HCV,4t,64.0
PP484761,HCV,4f,100.0
PP484762,HCV,4f,87.0
OR825202,HCV,2j,74.0
PP484764,HCV,1e,100.0
PP484765,HCV,4f,100.0
PP484711,HCV,4f,100.0
PP484763,HCV,1e,100.0
PP484751,HCV,1e,100.0
PP484774,HCV,1l,100.0
PP484727,HCV,1e,100.0
PP484778,HCV,1e,99.0
OR825288,HCV,4f,100.0
PP484766,HCV,1e,100.0
PP484780,HCV,1l,100.0
PP484779,HCV,2j,76.0
PP484781,HCV,1l,100.0
PP484775,HCV,4f,81.0
PP484777,HCV,2j,97.0
PP484772,HCV,4f,100.0
PP484785,HCV,2j,97.0
PP484767,HCV,1l,100.0
PP484788,HCV,4f,100.0
PP484768,HCV,4t,88.0
PP484789,HCV,1e,100.0
PP484790,HCV,2q,44.0
PP484769,HCV,2q,47.0
PP484782,HCV,4p,100.0
PP484798,HCV,4v,99.0
PP484799,HCV,4v,95.0
PP484797,HCV,1e,100.0
PP484802,HCV,4v,95.0
PP484803,HCV,2j,100.0
PP484800,HCV,1h,100.0
PP484801,HCV,4f,100.0
PP484784,HCV,1l,100.0
OR480642,HCV,2j,51.0
OR480629,HCV,1l,100.0
OR480644,HCV,4a,77.0
KU180719,HCV,1a,100.0
OR480645,HCV,2j,83.0
OR480628,HCV,4f,100.0
OR480646,HCV,4f,100.0
OR480643,HCV,1l,100.0
KU180714,HCV,1a,100.0
KU180724,HCV,3a,100.0
KU180728,HCV,1b,100.0
KU180726,HCV,1a,100.0
KU180725,HCV,1b,100.0
AB327052,HCV,1b,100.0
AB327053,HCV,1b,100.0
KM102765,HCV,"unassigned_1, 1b-2k",NA
AB327054,HCV,1b,100.0
AB327056,HCV,1b,100.0
AJ608777,HCV,5a,100.0
AJ608776,HCV,5a,100.0
AJ608778,HCV,5a,100.0
AJ608779,HCV,5a,100.0
KM102762,HCV,"unassigned_1, 1a-2b",NA
AJ608780,HCV,5a,100.0
AJ608782,HCV,5a,100.0
AJ608781,HCV,5a,100.0
KU180729,HCV,2b,100.0
AJ608783,HCV,5a,100.0
AJ608784,HCV,5a,100.0
AJ608785,HCV,5a,100.0
AJ626990,HCV,5a,100.0
AJ626992,HCV,5a,100.0
AJ880697,HCV,1a,100.0
AJ880696,HCV,1b,100.0
AJ880698,HCV,1b,100.0
AJ626993,HCV,5a,100.0
KU180731,HCV,1b,100.0
KM102769,HCV,"unassigned_1, 1b-2a-2k",NA
AJ880705,HCV,1b,100.0
AJ880707,HCV,1b,100.0
AJ880706,HCV,1a,100.0
AJ880709,HCV,1b,100.0
AJ880708,HCV,1b,100.0
AJ880710,HCV,1b,100.0
AJ880711,HCV,1b,100.0
AJ880712,HCV,1b,100.0
AJ880713,HCV,1b,100.0
AJ880714,HCV,1a,100.0
AJ880717,HCV,1b,100.0
AJ880718,HCV,1b,100.0
AJ880719,HCV,1a,100.0
AJ880725,HCV,1b,100.0
AJ880728,HCV,1b,100.0
AJ880727,HCV,1b,100.0
AJ880726,HCV,1b,100.0
AJ880729,HCV,1b,100.0
AJ880732,HCV,1b,100.0
AJ880730,HCV,1b,100.0
AJ880731,HCV,1b,100.0
AJ880733,HCV,1b,100.0
AJ880734,HCV,1b,100.0
AJ880735,HCV,1b,100.0
AJ880715,HCV,1b,100.0
AJ880737,HCV,1a,100.0
AJ880739,HCV,1b,100.0
AJ880740,HCV,1b,100.0
AJ880741,HCV,1b,100.0
AJ880716,HCV,1b,100.0
AJ880742,HCV,1b,100.0
AJ880736,HCV,1b,100.0
KM102760,HCV,"unassigned_1, 1a-2b",NA
KM102768,HCV,"unassigned_1, 1b-2a-2k",NA
AJ880743,HCV,3a,100.0
AJ880746,HCV,1b,100.0
AJ880744,HCV,3a,100.0
AJ880748,HCV,1b,100.0
AJ880749,HCV,1b,100.0
AJ880750,HCV,1b,100.0
AJ880745,HCV,3a,100.0
AJ880747,HCV,5a,100.0
AJ880752,HCV,1b,100.0
AJ880754,HCV,1b,100.0
AJ880751,HCV,1b,100.0
AY265420,HCV,2j,95.0
AY265421,HCV,4f,100.0
AY265422,HCV,2j,82.0
AY265423,HCV,2j,100.0
KM102767,HCV,"unassigned_1, 1b-2b",NA
AY265426,HCV,2j,99.0
AY265427,HCV,2j,100.0
AB113404,HCV,1b,100.0
AY265429,HCV,4v,90.0
AB113406,HCV,1b,100.0
AB113407,HCV,1b,100.0
AB113405,HCV,1b,100.0
AY265430,HCV,4t,99.0
AB113408,HCV,1b,100.0
KM102770,HCV,"unassigned_1, 1b-2k",NA
KU180727,HCV,1a,100.0
AB113410,HCV,1b,100.0
AB113409,HCV,1b,100.0
AB113413,HCV,1b,100.0
AB113411,HCV,1b,100.0
AB113414,HCV,1b,100.0
AB113416,HCV,1b,100.0
AB113417,HCV,1b,100.0
AB113418,HCV,1b,100.0
AB113419,HCV,1b,100.0
AB113421,HCV,1b,100.0
AB113424,HCV,1b,100.0
AB113423,HCV,1b,100.0
AB113422,HCV,1b,100.0
AB113426,HCV,1b,100.0
AY265428,HCV,4f,100.0
AB113420,HCV,1b,100.0
AB113425,HCV,1b,100.0
AB113427,HCV,1b,100.0
AB113428,HCV,1b,100.0
AB113431,HCV,1b,100.0
AB113433,HCV,1b,100.0
AB113432,HCV,1b,100.0
AF046201,HCV,2a,100.0
AF046200,HCV,2a,100.0
AF046202,HCV,2a,100.0
AF046203,HCV,2a,100.0
AF046204,HCV,2a,100.0
AF046205,HCV,2a,100.0
AF046206,HCV,2a,100.0
AF046207,HCV,2a,100.0
AF046209,HCV,2a,100.0
AF046208,HCV,2a,100.0
AB330313,HCV,1b,100.0
AB330317,HCV,1b,100.0
AF046184,HCV,1b,100.0
AB330321,HCV,1b,100.0
AB330315,HCV,1b,100.0
AF046180,HCV,1b,100.0
AB330323,HCV,1b,100.0
AB330324,HCV,1b,100.0
AB330325,HCV,1b,100.0
AB330326,HCV,1b,100.0
AB330328,HCV,1b,100.0
AF046183,HCV,1b,100.0
AB330330,HCV,1b,100.0
AB330333,HCV,1b,100.0
AB330327,HCV,1b,100.0
AB330331,HCV,1b,100.0
AB113524,HCV,2a,100.0
AB330335,HCV,1b,100.0
AB330332,HCV,1b,100.0
AB330337,HCV,1b,100.0
AB330336,HCV,3a,100.0
AB330339,HCV,1b,100.0
AB330341,HCV,1b,100.0
AB330340,HCV,1b,100.0
AB330342,HCV,1b,100.0
AB330343,HCV,1b,100.0
AB330345,HCV,1b,100.0
AB330347,HCV,1b,100.0
FJ791060,HCV,2j,51.0
AB330338,HCV,3a,100.0
FJ791061,HCV,4a,93.0
FJ791062,HCV,4f,96.0
FJ791064,HCV,4a,89.0
FJ791063,HCV,4r,100.0
FJ791068,HCV,4c,100.0
FJ791069,HCV,4a,78.0
FJ791070,HCV,4a,100.0
FJ791071,HCV,4k,100.0
FJ791074,HCV,4k,100.0
FJ791077,HCV,4k,100.0
FJ791073,HCV,4k,100.0
FJ791076,HCV,4k,100.0
FJ791078,HCV,4k,100.0
FJ791080,HCV,4k,100.0
FJ791079,HCV,1e,100.0
FJ791075,HCV,1b,100.0
AB330319,HCV,1b,100.0
FJ791081,HCV,4k,100.0
AB330322,HCV,1b,100.0
FJ791086,HCV,4a,74.0
FJ791088,HCV,2b,83.0
FJ791089,HCV,1b,58.0
FJ791090,HCV,4a,63.0
FJ791091,HCV,1e,100.0
FJ791094,HCV,2j,99.0
FJ791096,HCV,4f,100.0
FJ791097,HCV,4k,100.0
FJ791093,HCV,4a,68.0
FJ791098,HCV,4k,100.0
FJ791099,HCV,2b,55.0
AB330334,HCV,2a,100.0
FJ791072,HCV,4c,100.0
FJ791100,HCV,4k,100.0
FJ791101,HCV,4k,100.0
FJ791095,HCV,4k,98.0
KU180730,HCV,2b,100.0
FJ791104,HCV,4k,92.0
FJ791109,HCV,4v,57.0
FJ791113,HCV,4a,99.0
FJ791108,HCV,4k,99.0
FJ791103,HCV,4a,85.0
FJ791116,HCV,4c,71.0
FJ791106,HCV,4c,97.0
FJ791117,HCV,4k,100.0
OR825226,HCV,1b,100.0
FJ791114,HCV,4k,100.0
OR825227,HCV,2q,71.0
FJ791115,HCV,4m,52.0
OR825229,HCV,1e,100.0
OR825230,HCV,4f,100.0
FJ791112,HCV,4r,100.0
OR825228,HCV,4f,100.0
OR825231,HCV,1e,100.0
AB113541,HCV,1b,100.0
AB113542,HCV,1b,100.0
AB113543,HCV,1b,100.0
AB113537,HCV,1b,100.0
AF046192,HCV,1b,100.0
AF046193,HCV,1b,100.0
AF046194,HCV,2a,100.0
AF046196,HCV,2a,100.0
AF046195,HCV,2b,64.0
FJ791102,HCV,4k,100.0
FJ791085,HCV,4c,74.0
OR818337,HCV,4f,100.0
OR818340,HCV,1e,100.0
OR818306,HCV,2j,93.0
OR818339,HCV,1e,100.0
OR818342,HCV,1e,99.0
OR818345,HCV,4f,100.0
OR818346,HCV,4f,100.0
OR818349,HCV,4f,100.0
OR818347,HCV,1h,100.0
OR825136,HCV,1e,100.0
OR825138,HCV,1e,100.0
OR818348,HCV,2j,71.0
OR825139,HCV,2a,92.0
OR825137,HCV,4v,38.0
OR825140,HCV,1e,100.0
OR825144,HCV,4f,100.0
OR825146,HCV,4v,41.0
OR825148,HCV,1a,71.0
OR825149,HCV,1e,99.0
OR818314,HCV,2j,89.0
OR825150,HCV,4l,41.0
OR825151,HCV,1l,100.0
OR825145,HCV,4f,100.0
OR818341,HCV,4v,55.0
OR825147,HCV,4f,86.0
OR825153,HCV,2q,92.0
OR825154,HCV,2m,38.0
OR825155,HCV,2q,78.0
OR825156,HCV,4f,100.0
OR825157,HCV,1e,100.0
OR825158,HCV,1l,100.0
OR825160,HCV,1e,100.0
OR825167,HCV,4v,99.0
OR825162,HCV,2j,73.0
OR825168,HCV,4f,100.0
OR825169,HCV,1e,99.0
OR818293,HCV,1c,79.0
OR825171,HCV,1l,100.0
OR825170,HCV,4f,100.0
OR825173,HCV,4f,100.0
OR818287,HCV,4f,99.0
OR825176,HCV,1e,100.0
OR825177,HCV,1l,100.0
OR825152,HCV,2j,99.0
OR825178,HCV,4f,100.0
OR825174,HCV,1e,100.0
OR825179,HCV,4f,100.0
OR825180,HCV,2j,100.0
OR825189,HCV,2b,61.0
OR825141,HCV,4f,100.0
OR825190,HCV,2j,68.0
OR825186,HCV,1e,100.0
OR825193,HCV,1e,100.0
OR825191,HCV,1b,70.0
OR818308,HCV,4p,86.0
OR825194,HCV,4a,90.0
OR825188,HCV,4p,70.0
OR825195,HCV,4f,100.0
OR825196,HCV,4f,100.0
OR825197,HCV,4f,100.0
OR825198,HCV,1e,97.0
OR825200,HCV,1l,100.0
OR825203,HCV,4v,98.0
OR825199,HCV,2j,100.0
OR825206,HCV,1e,100.0
OR825207,HCV,1l,100.0
OR825208,HCV,1l,100.0
OR825204,HCV,2j,100.0
OR825209,HCV,1e,100.0
OR825210,HCV,4f,100.0
OR825212,HCV,1e,100.0
OR825211,HCV,1l,100.0
OR825214,HCV,4f,100.0
OR825216,HCV,4f,100.0
OR825218,HCV,1e,100.0
OR825213,HCV,4v,100.0
OR825172,HCV,1e,100.0
OR825219,HCV,1l,100.0
OR825161,HCV,1h,100.0
OR825217,HCV,1b,89.0
OR825221,HCV,1e,100.0
OR825222,HCV,1e,100.0
OR825223,HCV,4f,49.0
OR825224,HCV,4v,98.0
OR825257,HCV,4m,83.0
OR825225,HCV,2j,36.0
OR825258,HCV,4a,65.0
OR825259,HCV,4a,93.0
OR825260,HCV,4f,100.0
OR825263,HCV,4f,100.0
OR825262,HCV,4p,100.0
OR825264,HCV,1l,100.0
OR825261,HCV,1e,100.0
OR825265,HCV,1e,99.0
OR825266,HCV,1l,100.0
OR825267,HCV,4f,100.0
OR825268,HCV,1e,100.0
OR825270,HCV,1l,100.0
OR825269,HCV,2j,99.0
OR825271,HCV,4f,100.0
OR825274,HCV,4v,61.0
OR825175,HCV,1e,100.0
OR825275,HCV,1b,79.0
OR825278,HCV,1h,100.0
OR825192,HCV,4f,100.0
OR825279,HCV,1e,100.0
OR825280,HCV,1l,100.0
OR825282,HCV,1l,100.0
OR825281,HCV,4f,100.0
OR825283,HCV,4v,100.0
OR825284,HCV,1h,100.0
OR825285,HCV,4f,100.0
OR818344,HCV,1e,100.0
OR825287,HCV,1e,100.0
OR825289,HCV,4f,100.0
OR825290,HCV,4m,70.0
OR825292,HCV,4a,92.0
OR825293,HCV,4f,100.0
OR825286,HCV,1e,100.0
OR825294,HCV,1e,100.0
OR825295,HCV,4p,100.0
OR825297,HCV,1l,100.0
OR825183,HCV,1e,100.0
PP484804,HCV,4f,100.0
PP484805,HCV,1b,57.0
PP484808,HCV,4f,100.0
PP484807,HCV,2q,86.0
PP484806,HCV,4t,100.0
PP484813,HCV,2m,58.0
PP484812,HCV,4f,100.0
PP484786,HCV,2q,83.0
PP484817,HCV,1l,100.0
PP484819,HCV,1l,100.0
PP484818,HCV,4t,100.0
PP484824,HCV,1b,43.0
PP484822,HCV,2a,90.0
PP484825,HCV,2j,64.0
PP484796,HCV,4t,96.0
PP484821,HCV,4p,56.0
PP484823,HCV,4f,100.0
PP484828,HCV,2m,47.0
PP484830,HCV,1l,100.0
PP484815,HCV,1e,78.0
PP484795,HCV,2j,100.0
PP484793,HCV,1e,100.0
PP484792,HCV,1l,100.0
PP484836,HCV,2j,76.0
PP484809,HCV,1l,100.0
PP484840,HCV,1e,100.0
PP484842,HCV,2m,59.0
PP484843,HCV,2m,60.0
PP484844,HCV,2j,98.0
PP484839,HCV,4f,100.0
PP484810,HCV,4v,86.0
PP484827,HCV,4a,51.0
PP484848,HCV,2q,58.0
PP484849,HCV,1l,100.0
PP484829,HCV,1l,100.0
PP484850,HCV,1l,100.0
PP484847,HCV,2j,78.0
PP484851,HCV,2m,41.0
PP484837,HCV,1e,100.0
PP484855,HCV,4l,35.0
PP484811,HCV,4f,100.0
PP484857,HCV,4f,100.0
PP484820,HCV,1e,100.0
PP484861,HCV,1h,76.0
PP484838,HCV,1e,93.0
PP484863,HCV,4f,100.0
PP484858,HCV,4f,100.0
PP484841,HCV,4t,100.0
PP484862,HCV,1e,100.0
PP484852,HCV,1e,100.0
PP484866,HCV,4f,100.0
PP484867,HCV,1l,100.0
PP484864,HCV,2j,96.0
PP484869,HCV,2q,67.0
PP484868,HCV,1e,100.0
PP484865,HCV,1h,100.0
PP484871,HCV,2j,92.0
PP484873,HCV,1l,100.0
PP484826,HCV,4v,66.0
PP484877,HCV,1e,100.0
PP484853,HCV,2m,74.0
PP484859,HCV,1e,100.0
PP484860,HCV,4f,100.0
AF037233,HCV,1b,99.0
AF037234,HCV,1b,90.0
PP484872,HCV,2a,57.0
AF037235,HCV,1b,100.0
AF037236,HCV,1b,100.0
PP484874,HCV,1e,100.0
AF037239,HCV,2j,99.0
AF037238,HCV,1b,99.0
AF037237,HCV,1b,100.0
AF037240,HCV,2q,53.0
AF037241,HCV,2d,100.0
AF037242,HCV,2d,100.0
AF037243,HCV,2d,100.0
AF037249,HCV,2j,90.0
AF037251,HCV,2j,100.0
AF037246,HCV,2j,100.0
AF037253,HCV,2b,52.0
AF037254,HCV,2j,100.0
AF037232,HCV,1b,100.0
AF037245,HCV,2j,100.0
AF037230,HCV,1l,96.0
PP484870,HCV,4f,100.0
AF037244,HCV,2d,100.0
AF037247,HCV,2j,99.0
AF037250,HCV,2j,80.0
AF037252,HCV,2j,79.0
PP484845,HCV,2j,80.0
KU180721,HCV,3a,100.0
KU180709,HCV,1b,100.0
KU180723,HCV,2b,100.0
KU180720,HCV,1a,100.0
OR480600,HCV,2m,62.0
OR480601,HCV,1e,100.0
OR480603,HCV,2q,50.0
KU180712,HCV,1a,100.0
OR480604,HCV,2m,45.0
OR480605,HCV,1l,100.0
OR480606,HCV,4a,71.0
OR480599,HCV,2q,60.0
OR480607,HCV,4f,100.0
OR480602,HCV,1e,100.0
OR480609,HCV,1l,100.0
OR480610,HCV,2j,92.0
OR480612,HCV,2j,96.0
OR480613,HCV,1a,83.0
KU180722,HCV,3a,100.0
OR480614,HCV,4f,95.0
OR480615,HCV,4f,100.0
OR480620,HCV,2m,69.0
OR480621,HCV,4v,75.0
OR480622,HCV,2j,94.0
OR480608,HCV,2m,36.0
OR480624,HCV,1l,100.0
OR480625,HCV,1h,100.0
OR480626,HCV,4a,67.0
OR480627,HCV,4f,100.0
KU180713,HCV,4a,100.0
OR480630,HCV,1l,100.0
OR480632,HCV,4f,100.0
OR480633,HCV,4t,80.0
OR480634,HCV,1e,100.0
OR480635,HCV,2b,45.0
OR480636,HCV,2j,89.0
AB113434,HCV,1b,100.0
AB113438,HCV,1b,100.0
AB113439,HCV,1b,100.0
AB113415,HCV,1b,100.0
AB113437,HCV,1b,100.0
AB113436,HCV,1b,100.0
AB113441,HCV,1b,100.0
AB113442,HCV,1b,100.0
AB113444,HCV,1b,100.0
AB113443,HCV,1b,100.0
AB113445,HCV,1b,100.0
AB113447,HCV,1b,100.0
AB113448,HCV,1b,100.0
AB113453,HCV,1b,100.0
AB113455,HCV,2b,100.0
AJ880756,HCV,1b,100.0
AB113456,HCV,1b,100.0
AB113457,HCV,1b,100.0
AB113458,HCV,1b,100.0
AB113460,HCV,1b,100.0
AB113462,HCV,1b,100.0
AB113459,HCV,1b,100.0
AB113463,HCV,1b,100.0
AB113461,HCV,1b,100.0
AB113465,HCV,1b,100.0
AB113440,HCV,1b,100.0
AB113468,HCV,1b,100.0
AB113471,HCV,1b,100.0
AB113469,HCV,1b,100.0
AB113470,HCV,1b,100.0
AB113473,HCV,1b,100.0
AB113472,HCV,1b,100.0
AB113474,HCV,1b,100.0
AB113475,HCV,1b,100.0
AB113477,HCV,1b,100.0
AB113476,HCV,1b,100.0
AB113480,HCV,1b,100.0
AB113478,HCV,1b,100.0
AB113479,HCV,1b,100.0
AB113481,HCV,1b,100.0
AJ880753,HCV,1b,100.0
AB113482,HCV,1b,100.0
AB113435,HCV,1b,100.0
AB113487,HCV,1b,100.0
AB113486,HCV,1b,100.0
AB113488,HCV,1b,100.0
AB113464,HCV,1b,100.0
AB113489,HCV,1b,100.0
AB113492,HCV,1b,100.0
AB113491,HCV,1b,100.0
AB113449,HCV,1b,100.0
AB113493,HCV,1b,100.0
AB113495,HCV,1b,100.0
AB113496,HCV,1b,100.0
AB113497,HCV,1b,100.0
AB113498,HCV,1b,100.0
AB113501,HCV,1b,100.0
AB113500,HCV,1b,100.0
AB113499,HCV,1b,100.0
AB113504,HCV,1b,100.0
AB113506,HCV,1b,100.0
AB113505,HCV,1b,100.0
AB113508,HCV,1b,100.0
AB113509,HCV,1b,100.0
AB113510,HCV,1b,100.0
AB113513,HCV,1b,100.0
AB113512,HCV,1b,100.0
AB113511,HCV,1b,100.0
AB113514,HCV,1b,100.0
AB113503,HCV,1b,100.0
AB113515,HCV,1b,100.0
AB113516,HCV,1b,100.0
AB113518,HCV,1b,100.0
AB113520,HCV,1b,100.0
AB113522,HCV,1b,100.0
AB113519,HCV,1b,100.0
AB113494,HCV,1b,100.0
AB113483,HCV,1b,100.0
AB113526,HCV,1b,100.0
AB113527,HCV,1b,100.0
AB113530,HCV,1b,100.0
AB113528,HCV,1b,100.0
AB113529,HCV,1b,100.0
AB113531,HCV,1b,100.0
AB113532,HCV,1b,100.0
AB113490,HCV,1b,100.0
AB113533,HCV,1b,100.0
AB113535,HCV,1b,100.0
AB113534,HCV,1b,100.0
AB113538,HCV,1b,100.0
AB113540,HCV,1b,100.0
AB113539,HCV,1b,100.0
AB113544,HCV,1b,100.0
AB113545,HCV,1b,100.0
AB113517,HCV,1b,100.0
AF046165,HCV,1b,100.0
AF046163,HCV,1b,100.0
AF046164,HCV,1b,100.0
AF046162,HCV,1b,100.0
AF046168,HCV,1b,100.0
AF046169,HCV,1b,100.0
AF046166,HCV,1b,100.0
AF046167,HCV,1b,100.0
AF046170,HCV,1b,100.0
AF046171,HCV,1b,100.0
AF046174,HCV,1b,100.0
AF046172,HCV,1b,100.0
AF046177,HCV,1b,100.0
AF046179,HCV,1b,100.0
AF046181,HCV,1b,100.0
AB113507,HCV,1b,100.0
AF046182,HCV,1b,100.0
AF046185,HCV,1b,100.0
AF046186,HCV,1b,100.0
AF046161,HCV,1b,100.0
AF046187,HCV,1b,100.0
AF046188,HCV,1b,100.0
AF046190,HCV,1b,100.0
AF046191,HCV,1b,100.0
AB113536,HCV,1b,100.0
AF046197,HCV,2a,100.0
AF046199,HCV,2a,100.0
AF046198,HCV,2a,100.0
AB295174,HCV,1b,100.0
KM587627,HCV,6a,100.0
MW678743,HCV,1a,100.0
MW678744,HCV,1a,100.0
MW678747,HCV,1a,100.0
MW678750,HCV,1a,100.0
MW678748,HCV,1a,100.0
MW678752,HCV,3a,100.0
MW678751,HCV,3a,100.0
MW678749,HCV,1a,100.0
MW678746,HCV,1a,100.0
PP457796,HCV,2a,100.0
KM587623,HCV,"unassigned_1, 3i-3k",NA
KM587625,HCV,"unassigned_1, 4d-4a-4n-4g-1a-3h",NA
KM587626,HCV,5a,100.0
KM587615,HCV,1b,100.0
KM587628,HCV,6a,100.0
KM587630,HCV,6j,100.0
AY577585,HCV,4r,100.0
AB103439,HCV,4a,100.0
AB103436,HCV,4a,100.0
AB103435,HCV,4a,100.0
AB103448,HCV,4a,100.0
HM009056,HCV,1b,100.0
HM009057,HCV,1b,100.0
HM009061,HCV,1b,100.0
HM009060,HCV,1b,100.0
HM009048,HCV,1b,100.0
HM009059,HCV,1b,100.0
HM009063,HCV,1b,100.0
HM009064,HCV,1b,100.0
HM009065,HCV,1b,100.0
HM009066,HCV,1b,100.0
HM009067,HCV,1b,100.0
HM009055,HCV,1b,100.0
HM009062,HCV,1b,100.0
HM009069,HCV,1b,100.0
AY577586,HCV,4v,95.0
HM009042,HCV,1b,100.0
AB677531,HCV,"unassigned_1, 1b-2b",NA
AB677529,HCV,"unassigned_1, 1b-2b",NA
AB677527,HCV,"unassigned_1, 1b-2b",NA
AB677530,HCV,"unassigned_1, 1b-2b",NA
AB677532,HCV,"unassigned_1, 1b-2b",NA
AB677533,HCV,"unassigned_1, 1b-2b",NA
AB677528,HCV,"unassigned_1, 1b-2b",NA
HM009193,HCV,6a,100.0
HM009192,HCV,6a,100.0
MN164860,HCV,1l,100.0
HM009216,HCV,6a,100.0
HM009220,HCV,6a,100.0
HM009219,HCV,6a,100.0
HM009206,HCV,6a,100.0
HM009218,HCV,6a,100.0
HM009207,HCV,6a,100.0
GQ153857,HCV,2c,70.0
GQ153891,HCV,2b,96.0
GQ153893,HCV,2a,36.0
GQ153894,HCV,2b,49.0
GQ153895,HCV,2k,30.0
GQ153897,HCV,2b,60.0
GQ153896,HCV,2b,99.0
GQ153898,HCV,2b,88.0
GQ153899,HCV,2j,99.0
GQ153900,HCV,2q,45.0
MN164859,HCV,1a,100.0
GQ153901,HCV,2j,87.0
MN164874,HCV,"unassigned_1, 1b-1a",NA
MN164867,HCV,1a,100.0
MN164863,HCV,1a,100.0
GQ153902,HCV,2b,95.0
GQ153904,HCV,2q,76.0
GQ153905,HCV,2j,49.0
GQ153906,HCV,2b,57.0
GQ153907,HCV,2j,99.0
MN164852,HCV,1a,100.0
MN164877,HCV,"unassigned_1, 1l-1a",NA
MN164873,HCV,"unassigned_1, 1b-1a",NA
MN164866,HCV,1e,100.0
MN164876,HCV,"unassigned_1, 1b-1a",NA
KY620400,HCV,3a,100.0
KY620401,HCV,3a,100.0
KY620389,HCV,3a,100.0
KY620403,HCV,3a,100.0
KY620398,HCV,3a,100.0
KY620402,HCV,3a,100.0
KY620408,HCV,3a,100.0
KY620396,HCV,3a,100.0
KY620397,HCV,3a,100.0
KY620405,HCV,3a,100.0
KY620411,HCV,3a,100.0
KY620409,HCV,3a,100.0
KY620399,HCV,3a,100.0
KY620414,HCV,"unassigned_1, 3a-3h",NA
KY620407,HCV,3a,100.0
KY620413,HCV,3a,100.0
MW221804,HCV,3a,100.0
MW221809,HCV,4d,100.0
MW221812,HCV,3a,100.0
MW678732,HCV,1a,100.0
MN164869,HCV,1g,100.0
MN164871,HCV,1a,100.0
MN164865,HCV,1l,100.0
MN164875,HCV,1e,100.0
MN164872,HCV,1a,98.0
OR825235,HCV,4a,100.0
KY620406,HCV,3a,100.0
KY620410,HCV,3a,100.0
KY620412,HCV,3a,100.0
KY620418,HCV,3a,100.0
KY620416,HCV,3a,100.0
KY620415,HCV,3a,100.0
KY620419,HCV,3a,100.0
KY620427,HCV,"unassigned_1, 3a-3h",NA
KY620422,HCV,3a,100.0
KY620480,HCV,3a,100.0
KY620493,HCV,3a,100.0
KY620487,HCV,3a,100.0
KY620488,HCV,3a,100.0
KY620492,HCV,3a,100.0
KY620491,HCV,3a,100.0
KY620494,HCV,3a,100.0
KY620496,HCV,3a,100.0
KY620498,HCV,3a,100.0
KY620500,HCV,3a,100.0
KY620503,HCV,3a,100.0
KY620502,HCV,3a,100.0
KY620508,HCV,"unassigned_1, 3a-3h",NA
KY620497,HCV,3a,100.0
KY620504,HCV,3a,100.0
KY620495,HCV,3a,100.0
KY620509,HCV,3a,100.0
KY620506,HCV,3a,100.0
KY620499,HCV,3a,100.0
KY620515,HCV,"unassigned_1, 3a-3h",NA
KY620507,HCV,3a,100.0
KY620505,HCV,3a,100.0
KY620501,HCV,3a,100.0
KY620514,HCV,"unassigned_1, 3a-3h",NA
KY620517,HCV,"unassigned_1, 3a-3h",NA
KY620516,HCV,"unassigned_1, 3a-3h",NA
KY620513,HCV,3a,100.0
KY620519,HCV,"unassigned_1, 3a-3h",NA
KY620512,HCV,3a,100.0
KY620510,HCV,3a,100.0
OR923684,HCV,1e,51.0
OR923682,HCV,1h,100.0
OR923677,HCV,1l,100.0
OR825249,HCV,4v,49.0
OR923680,HCV,2j,100.0
OR923710,HCV,2j,94.0
KC012581,HCV,1b,99.0
AB295151,HCV,1b,100.0
AB295166,HCV,1b,100.0
AB295168,HCV,1b,100.0
OR825250,HCV,1l,100.0
OR923662,HCV,4r,100.0
OR923702,HCV,1e,100.0
OR923704,HCV,1l,100.0
OR923707,HCV,1l,100.0
OR923709,HCV,2j,89.0
OR923703,HCV,4v,90.0
AB295127,HCV,1b,100.0
AB295125,HCV,1b,100.0
AB295128,HCV,1b,100.0
AB295129,HCV,1b,100.0
AB295147,HCV,1b,100.0
MW221793,HCV,3a,100.0
MW221798,HCV,4d,100.0
AB295171,HCV,1b,100.0
AB295169,HCV,1b,100.0
AB295172,HCV,1b,100.0
AB295170,HCV,1b,100.0
MW221813,HCV,3a,100.0
MW221794,HCV,3a,100.0
MW221799,HCV,4a,100.0
MW221796,HCV,3a,100.0
PP457742,HCV,2a,100.0
MW678756,HCV,3a,100.0
PP457758,HCV,2a,93.0
OR825236,HCV,4l,52.0
PP457799,HCV,2a,100.0
HM009077,HCV,1b,100.0
AB103441,HCV,4a,100.0
PP457785,HCV,2a,100.0
PP457780,HCV,2a,100.0
PP457782,HCV,2a,100.0
PP457755,HCV,2a,100.0
PP457751,HCV,2a,100.0
HM009045,HCV,1b,100.0
HM009044,HCV,1b,100.0
HM009121,HCV,1b,100.0
HM009127,HCV,1b,100.0
HM009125,HCV,1b,100.0
HM009079,HCV,1b,100.0
HM009126,HCV,1b,100.0
HM009128,HCV,1b,100.0
HM009130,HCV,1b,100.0
HM009131,HCV,1b,100.0
HM009132,HCV,1b,100.0
HM009118,HCV,1b,100.0
HM009133,HCV,1b,100.0
HM009136,HCV,1b,100.0
HM009135,HCV,1b,100.0
HM009174,HCV,6a,100.0
HM009163,HCV,6a,100.0
HM009176,HCV,6a,100.0
HM009178,HCV,6a,100.0
HM009182,HCV,6a,100.0
HM009181,HCV,6a,100.0
HM009183,HCV,6a,100.0
HM009190,HCV,6a,100.0
HM009210,HCV,6a,100.0
HM009225,HCV,6a,100.0
HM009245,HCV,6a,100.0
HM009252,HCV,6a,100.0
HM009250,HCV,6a,100.0
HM009254,HCV,6a,100.0
HM009229,HCV,6a,100.0
HM009255,HCV,6a,100.0
HM009262,HCV,6a,100.0
HM009281,HCV,6a,100.0
HM009283,HCV,6a,100.0
AJ849943,HCV,1b,100.0
AJ849950,HCV,1b,100.0
AJ849952,HCV,1b,100.0
AJ849951,HCV,1b,100.0
AJ849954,HCV,1b,100.0
AJ849955,HCV,1b,100.0
AJ849953,HCV,1b,100.0
HM009258,HCV,6a,100.0
GQ153903,HCV,2j,89.0
HM009106,HCV,1b,100.0
HM009093,HCV,1b,100.0
HM009094,HCV,1b,100.0
HM009116,HCV,1b,100.0
HM009114,HCV,1b,100.0
HM009117,HCV,1b,100.0
HM009138,HCV,1b,100.0
HM009137,HCV,1b,100.0
HM009113,HCV,1b,100.0
HM009139,HCV,1b,100.0
HM009142,HCV,1b,100.0
HM009144,HCV,6a,100.0
HM009148,HCV,6a,100.0
HM009147,HCV,6a,100.0
HM009150,HCV,6a,100.0
HM009162,HCV,6a,100.0
HM009146,HCV,6a,100.0
HM009168,HCV,6a,100.0
HM009164,HCV,6a,100.0
HM009172,HCV,6a,100.0
HM009152,HCV,6a,100.0
HM009175,HCV,6a,100.0
HM009177,HCV,6a,100.0
HM009196,HCV,6a,100.0
HM009170,HCV,6a,100.0
HM009195,HCV,6a,100.0
HM009171,HCV,6a,100.0
HM009165,HCV,6a,100.0
HM009200,HCV,6a,100.0
HM009198,HCV,6a,100.0
HM009197,HCV,6a,100.0
HM009201,HCV,6a,100.0
HM009203,HCV,6a,100.0
HM009199,HCV,6a,100.0
HM009202,HCV,6a,100.0
HM009205,HCV,6a,100.0
HM009204,HCV,6a,100.0
HM009212,HCV,6a,100.0
HM009188,HCV,6a,100.0
HM009214,HCV,6a,100.0
HM009222,HCV,6a,100.0
HM009224,HCV,6a,100.0
HM009227,HCV,6a,100.0
HM009226,HCV,6a,100.0
HM009230,HCV,6a,100.0
HM009233,HCV,6a,100.0
HM009232,HCV,6a,100.0
HM009287,HCV,2a,100.0
HM009266,HCV,6a,100.0
HM009290,HCV,3a,100.0
HM009291,HCV,3a,100.0
HM009289,HCV,3a,100.0
HM009293,HCV,3a,100.0
HM009292,HCV,3a,100.0
HM009296,HCV,3a,100.0
HM009299,HCV,3a,100.0
HM009294,HCV,3a,100.0
HM009298,HCV,3a,100.0
HM009297,HCV,3a,100.0
HM009301,HCV,3a,100.0
KC506772,HCV,4k,100.0
KC506770,HCV,4c,90.0
KC506773,HCV,4k,100.0
KC506776,HCV,4r,100.0
AJ849947,HCV,1b,100.0
KC506774,HCV,4v,91.0
KC506775,HCV,4c,99.0
HM009274,HCV,6a,100.0
HM009278,HCV,6a,100.0
MN164848,HCV,"unassigned_1, 1a-1l",NA
HM009286,HCV,2a,100.0
MN164857,HCV,"unassigned_1, 1a-4a",NA
MN164845,HCV,1a,100.0
MN164862,HCV,"unassigned_1, 1a-1b",NA
MN164847,HCV,1a,100.0
MN164855,HCV,"unassigned_1, 1b-1a",NA
MN164858,HCV,1a,100.0
MN164846,HCV,1a,100.0
MN164864,HCV,1l,100.0
MN164843,HCV,1l,100.0
MN164856,HCV,1a,100.0
MN164870,HCV,"unassigned_1, 1l-1a-1b",NA
GQ153862,HCV,2j,97.0
GQ153866,HCV,2b,47.0
GQ153868,HCV,2b,48.0
GQ153870,HCV,2j,93.0
GQ153874,HCV,2j,44.0
GQ153875,HCV,2b,72.0
GQ153869,HCV,2j,97.0
GQ153871,HCV,2j,99.0
GQ153872,HCV,2j,100.0
GQ153873,HCV,2j,95.0
GQ153876,HCV,2b,85.0
GQ153878,HCV,2b,94.0
GQ153879,HCV,2j,56.0
GQ153885,HCV,2j,49.0
GQ153909,HCV,2b,53.0
GQ153908,HCV,2a,99.0
GQ153911,HCV,2j,80.0
GQ153910,HCV,2q,54.0
KY620315,HCV,2a,100.0
KY620317,HCV,2a,100.0
KY620322,HCV,"unassigned_1, 2a-3a",NA
KY620314,HCV,2a,100.0
KY620316,HCV,2a,100.0
KY620313,HCV,2a,100.0
KY620321,HCV,2a,100.0
KY620318,HCV,2a,100.0
KY620319,HCV,2a,100.0
KY620325,HCV,2a,100.0
KY620330,HCV,"unassigned_1, 2c-2b-3g-2b-2a",NA
KY620323,HCV,2a,100.0
KY620333,HCV,"unassigned_1, 2c-6h-3h",NA
KY620326,HCV,2a,100.0
KY620328,HCV,2a,100.0
KY620379,HCV,3a,100.0
KY620391,HCV,3a,100.0
KY620392,HCV,3a,100.0
KY620393,HCV,3a,100.0
KY620404,HCV,"unassigned_1, 3a-3h",NA
KY620394,HCV,3a,100.0
KY620395,HCV,3a,100.0
KY620329,HCV,2m,100.0
KY620324,HCV,2a,100.0
KY620334,HCV,"unassigned_1, 2c-6h-2b",NA
KY620332,HCV,2c,100.0
KY620327,HCV,2a,100.0
KY620335,HCV,2b,100.0
KY620338,HCV,2b,100.0
KY620340,HCV,2b,100.0
KY620331,HCV,2c,100.0
KY620341,HCV,2b,100.0
KY620343,HCV,2b,100.0
KY620336,HCV,2b,100.0
KY620337,HCV,2b,100.0
KY620342,HCV,2b,100.0
KY620339,HCV,2b,100.0
KY620344,HCV,2b,100.0
KY620348,HCV,2b,100.0
KY620346,HCV,2b,100.0
KY620349,HCV,2b,100.0
KY620345,HCV,2b,100.0
KY620347,HCV,2b,100.0
KY620350,HCV,2b,100.0
KY620353,HCV,2b,100.0
KY620355,HCV,2b,100.0
KY620364,HCV,"unassigned_1, 3a-3h",NA
KY620320,HCV,2a,100.0
KY620352,HCV,2b,100.0
KY620358,HCV,2b,100.0
KY620360,HCV,2b,100.0
KY620362,HCV,3a,100.0
KY620354,HCV,2b,100.0
KY620357,HCV,2b,100.0
KY620365,HCV,3a,100.0
KY620378,HCV,3a,100.0
KY620375,HCV,3a,100.0
KY620382,HCV,3a,100.0
KY620381,HCV,3a,100.0
KY620380,HCV,3a,100.0
KY620383,HCV,3a,100.0
KY620390,HCV,"unassigned_1, 3a-3h",NA
KY620386,HCV,3a,100.0
KY620387,HCV,3a,100.0
KY620388,HCV,3a,100.0
KY620385,HCV,3a,100.0
HM009076,HCV,1b,100.0
HM009080,HCV,1b,100.0
HM009083,HCV,1b,100.0
HM009084,HCV,1b,100.0
KY620457,HCV,3a,100.0
KY620443,HCV,3a,100.0
KY620459,HCV,3a,100.0
KY620462,HCV,3a,100.0
KY620450,HCV,3a,100.0
KY620454,HCV,3a,100.0
KY620465,HCV,3a,100.0
KY620468,HCV,3a,100.0
KY620466,HCV,3a,100.0
KY620482,HCV,3a,100.0
KY620478,HCV,3a,100.0
KY620474,HCV,3a,100.0
KY620486,HCV,3a,100.0
KY620484,HCV,"unassigned_1, 3a-3h",NA
KY620477,HCV,3a,100.0
KY620489,HCV,3a,100.0
KY620472,HCV,3a,100.0
KY620471,HCV,3a,100.0
KY620483,HCV,3a,100.0
KY620479,HCV,3a,100.0
KY620475,HCV,3a,100.0
KY620481,HCV,3a,100.0
KY620458,HCV,3a,100.0
KY620490,HCV,3a,100.0
KY620453,HCV,3a,100.0
KY620485,HCV,3a,100.0
KY620464,HCV,3a,100.0
KY620446,HCV,3a,100.0
KY620451,HCV,3a,100.0
KY620518,HCV,3a,100.0
KY620528,HCV,3a,100.0
KY620530,HCV,3a,100.0
KY620526,HCV,"unassigned_1, 3a-3h",NA
KY620523,HCV,3a,100.0
KY620524,HCV,3a,100.0
KY620521,HCV,3a,100.0
KY620522,HCV,3a,100.0
KY620531,HCV,3a,100.0
KY620511,HCV,3a,100.0
KY620544,HCV,3a,100.0
KY620541,HCV,3a,100.0
KY620535,HCV,3a,100.0
KY620537,HCV,3a,100.0
KY620536,HCV,3a,100.0
KY620539,HCV,3a,100.0
KY620549,HCV,"unassigned_1, 3a-3h",NA
KY620540,HCV,3a,100.0
KY620545,HCV,3a,100.0
KY620547,HCV,3a,100.0
KY620542,HCV,3a,100.0
KY620543,HCV,3a,100.0
KY620546,HCV,3a,100.0
KY620552,HCV,"unassigned_1, 3a-3h",NA
KY620548,HCV,3a,100.0
KY620550,HCV,3a,100.0
KY620553,HCV,3a,100.0
KY620551,HCV,3a,100.0
KY620557,HCV,3a,100.0
KY620558,HCV,3a,100.0
KY620559,HCV,3a,100.0
KY620560,HCV,3a,100.0
KY620555,HCV,3a,100.0
KY620562,HCV,3a,100.0
KY620556,HCV,3a,100.0
KY620529,HCV,3a,100.0
KY620534,HCV,3a,100.0
KY620577,HCV,3a,100.0
KY620586,HCV,3a,100.0
KY620583,HCV,3a,100.0
KY620532,HCV,3a,100.0
KY620538,HCV,3a,100.0
KY620579,HCV,3a,100.0
KY620578,HCV,3a,100.0
KY620581,HCV,3a,100.0
AB295173,HCV,1b,100.0
AB295176,HCV,1b,100.0
AB295175,HCV,1b,100.0
AB295178,HCV,1b,100.0
MW221786,HCV,4d,100.0
MW221787,HCV,3a,100.0
AB295159,HCV,1b,100.0
MW221788,HCV,3a,100.0
MW221789,HCV,3a,100.0
MW221792,HCV,3a,100.0
KY620582,HCV,3a,100.0
KY620584,HCV,3a,100.0
KY620585,HCV,3a,100.0
MW221790,HCV,3a,100.0
AB295167,HCV,1b,100.0
MW221791,HCV,1a,100.0
OR825233,HCV,1e,100.0
OR825239,HCV,1c,67.0
OR825234,HCV,1l,100.0
OR825232,HCV,1e,99.0
OR825238,HCV,1l,100.0
OR825244,HCV,1l,100.0
OR825242,HCV,4f,100.0
OR825241,HCV,4r,29.0
OR825243,HCV,4f,100.0
OR825245,HCV,1e,100.0
OR825237,HCV,2j,95.0
OR825251,HCV,4f,31.0
OR825252,HCV,1b,87.0
OR825246,HCV,1l,100.0
OR825253,HCV,1c,99.0
OR825240,HCV,1h,100.0
OR825254,HCV,4f,100.0
HM009156,HCV,6a,100.0
OR825255,HCV,1l,100.0
OR825248,HCV,1e,100.0
OR923665,HCV,4f,100.0
OR923663,HCV,4f,100.0
OR923668,HCV,4f,100.0
OR825247,HCV,2j,87.0
OR825256,HCV,4f,100.0
OR923666,HCV,1e,100.0
OR923667,HCV,4f,100.0
OR923664,HCV,1e,100.0
OR923671,HCV,2j,75.0
OR923669,HCV,4v,60.0
OR923674,HCV,4f,100.0
OR923673,HCV,1e,100.0
OR923675,HCV,4f,100.0
OR923676,HCV,1e,100.0
OR923678,HCV,1h,100.0
OR923681,HCV,1l,71.0
OR923670,HCV,1h,100.0
OR923672,HCV,1e,95.0
OR923686,HCV,1e,100.0
OR923690,HCV,4v,59.0
OR923689,HCV,1l,100.0
OR923692,HCV,4v,88.0
OR923685,HCV,2j,89.0
OR923688,HCV,1e,100.0
OR923696,HCV,1l,100.0
OR923691,HCV,4m,44.0
OR923697,HCV,4f,100.0
OR923695,HCV,4f,100.0
OR923693,HCV,1h,100.0
OR923699,HCV,4a,93.0
OR923683,HCV,1h,100.0
OR923698,HCV,4p,66.0
OR923694,HCV,4t,63.0
OR923701,HCV,4f,100.0
OR923700,HCV,1l,100.0
OR923706,HCV,4v,97.0
OR923708,HCV,1h,100.0
KC012573,HCV,1a,100.0
OR923713,HCV,1b,53.0
OR923712,HCV,1l,100.0
OR923687,HCV,4f,100.0
KC012572,HCV,1a,100.0
KC012574,HCV,1a,100.0
KC012575,HCV,1c,52.0
KC012580,HCV,1b,100.0
PP457761,HCV,2a,100.0
PP457768,HCV,2a,99.0
PP457764,HCV,2a,100.0
PP457769,HCV,2a,100.0
PP457774,HCV,2a,100.0
PP457775,HCV,2a,100.0
PP457771,HCV,2a,100.0
PP457777,HCV,2a,100.0
PP457772,HCV,2a,100.0
PP457776,HCV,2a,100.0
PP457778,HCV,2a,100.0
PP457757,HCV,2a,100.0
PP457779,HCV,2a,100.0
PP457781,HCV,2a,100.0
PP457787,HCV,2a,100.0
PP457786,HCV,2a,100.0
PP457784,HCV,2a,98.0
PP457790,HCV,2a,100.0
PP457792,HCV,2a,100.0
PP457789,HCV,2a,100.0
PP457791,HCV,2a,100.0
PP457795,HCV,2a,93.0
PP457793,HCV,2a,100.0
PP457794,HCV,2a,88.0
PP457770,HCV,2a,100.0
PP457798,HCV,2a,100.0
PP457773,HCV,2a,100.0
PP457802,HCV,2a,100.0
PP457800,HCV,2a,100.0
PP457801,HCV,2a,100.0
AB103427,HCV,4a,100.0
PP457797,HCV,2a,100.0
AB103425,HCV,4a,100.0
AB103424,HCV,4a,100.0
AB103426,HCV,4a,100.0
AB103429,HCV,4a,100.0
AB103428,HCV,4a,100.0
AB103430,HCV,4a,100.0
AB103431,HCV,4a,100.0
AB103433,HCV,4a,100.0
AB103432,HCV,4a,100.0
PP457783,HCV,2a,100.0
AB103438,HCV,4a,100.0
AB103437,HCV,4a,100.0
AB103434,HCV,4a,100.0
PP457788,HCV,2a,100.0
AB103442,HCV,4a,100.0
AB103440,HCV,4a,100.0
AB103446,HCV,4a,100.0
AB103443,HCV,4a,100.0
AB103444,HCV,4a,100.0
AB103445,HCV,4a,100.0
AB103447,HCV,4a,100.0
AB103449,HCV,4a,100.0
AB103454,HCV,4a,100.0
AB103451,HCV,4a,100.0
AB103452,HCV,4a,100.0
AB103455,HCV,4a,100.0
AB103457,HCV,4a,100.0
AB103456,HCV,4a,100.0
HM009038,HCV,1b,100.0
HM009039,HCV,1b,100.0
AB103453,HCV,4a,100.0
HM009040,HCV,1b,100.0
AY577584,HCV,4v,100.0
HM009046,HCV,1b,100.0
HM009047,HCV,1b,100.0
HM009050,HCV,1b,100.0
HM009041,HCV,1b,100.0
HM009049,HCV,1b,100.0
HM009051,HCV,1b,100.0
HM009052,HCV,1b,100.0
HM009053,HCV,1b,100.0
HM009043,HCV,1b,100.0
HM009054,HCV,1b,100.0
HM009068,HCV,1b,100.0
HM009070,HCV,1b,100.0
HM009072,HCV,1b,100.0
HM009074,HCV,1b,100.0
HM009071,HCV,1b,100.0
HM009073,HCV,1b,100.0
HM009075,HCV,1b,100.0
HM009081,HCV,1b,100.0
HM009085,HCV,1b,100.0
HM009087,HCV,1b,100.0
HM009090,HCV,1b,100.0
HM009086,HCV,1b,100.0
HM009088,HCV,1b,100.0
HM009089,HCV,1b,100.0
HM009092,HCV,1b,100.0
HM009091,HCV,1b,100.0
HM009095,HCV,1b,100.0
HM009096,HCV,1b,100.0
HM009097,HCV,1b,100.0
HM009078,HCV,1b,100.0
HM009098,HCV,1b,100.0
HM009082,HCV,1b,100.0
HM009100,HCV,1b,100.0
HM009099,HCV,1b,100.0
HM009103,HCV,1b,100.0
HM009102,HCV,1b,100.0
HM009101,HCV,1b,100.0
HM009104,HCV,1b,100.0
HM009105,HCV,1b,100.0
HM009107,HCV,1b,100.0
HM009109,HCV,1b,100.0
HM009108,HCV,1b,100.0
HM009112,HCV,1b,100.0
HM009110,HCV,1b,100.0
HM009111,HCV,1b,100.0
HM009115,HCV,1b,100.0
HM009119,HCV,1b,100.0
HM009120,HCV,1b,100.0
HM009122,HCV,1b,100.0
HM009134,HCV,1b,100.0
HM009141,HCV,1b,100.0
HM009145,HCV,6a,100.0
HM009143,HCV,6a,100.0
HM009123,HCV,1b,100.0
HM009149,HCV,6a,100.0
HM009151,HCV,6a,100.0
HM009154,HCV,6a,100.0
HM009129,HCV,1b,100.0
KC012576,HCV,1b,100.0
KC012585,HCV,2q,62.0
KC012578,HCV,1b,100.0
KC012579,HCV,1b,100.0
KC012582,HCV,1b,100.0
KC012584,HCV,2j,58.0
KC012577,HCV,1b,100.0
KC012586,HCV,2j,90.0
OR923679,HCV,1e,100.0
OR923711,HCV,4f,100.0
KC012588,HCV,2j,94.0
KC012589,HCV,2a,71.0
KC012583,HCV,1b,97.0
OR923705,HCV,4a,63.0
KC012587,HCV,2j,79.0
AB295119,HCV,1b,100.0
AB295120,HCV,1b,100.0
AB295121,HCV,1b,100.0
KM587617,HCV,2b,100.0
KM587621,HCV,2j,100.0
AB295124,HCV,1b,100.0
AB295122,HCV,1b,100.0
KM587624,HCV,4a,100.0
KM587614,HCV,1a,100.0
AB295126,HCV,1b,100.0
KM587629,HCV,6e,100.0
KM587616,HCV,2a,100.0
AB295130,HCV,1b,100.0
AB295133,HCV,1b,100.0
AB295134,HCV,1b,100.0
AB295131,HCV,1b,100.0
AB295123,HCV,1b,100.0
AB295132,HCV,1b,100.0
AB295135,HCV,1b,100.0
AB295139,HCV,1b,100.0
AB295138,HCV,1b,100.0
AB295136,HCV,1b,100.0
AB295140,HCV,1b,100.0
AB295141,HCV,1b,100.0
AB295137,HCV,1b,100.0
KM587619,HCV,2c,100.0
AB295142,HCV,1b,100.0
AB295144,HCV,1b,100.0
AB295145,HCV,1b,100.0
AB295146,HCV,1b,100.0
AB295150,HCV,1b,100.0
AB295152,HCV,1b,100.0
AB295148,HCV,1b,100.0
AB295149,HCV,1b,100.0
AB295153,HCV,1b,100.0
AB295154,HCV,1b,100.0
AB295156,HCV,1b,100.0
AB295157,HCV,1b,100.0
AB295155,HCV,1b,100.0
AB295158,HCV,1b,100.0
AB295162,HCV,1b,100.0
AB295163,HCV,1b,100.0
AB295160,HCV,1b,100.0
AB295161,HCV,1b,100.0
AB295164,HCV,1b,100.0
AB295165,HCV,1b,100.0
AB295143,HCV,1b,100.0
KM587620,HCV,2c,100.0
MW221795,HCV,3a,100.0
MW221800,HCV,4a,100.0
MW221801,HCV,3a,100.0
MW221797,HCV,3a,100.0
MW221803,HCV,3a,100.0
MW221802,HCV,3a,100.0
MW221805,HCV,3a,100.0
MW221806,HCV,3a,100.0
MW221807,HCV,1a,100.0
MW221808,HCV,3a,100.0
AB295177,HCV,1b,100.0
MW221811,HCV,3a,100.0
MW221810,HCV,3a,100.0
MW221814,HCV,1a,100.0
KM587618,HCV,2b,100.0
MW221815,HCV,1a,100.0
MW221821,HCV,3a,100.0
MW221816,HCV,3a,100.0
MW221818,HCV,4d,100.0
MW221819,HCV,3a,100.0
MW221817,HCV,4a,100.0
MW678731,HCV,1a,100.0
MW221820,HCV,1b,100.0
MW678733,HCV,1a,100.0
MW678734,HCV,1a,100.0
MW678739,HCV,1a,100.0
KM587622,HCV,3a,100.0
MW678737,HCV,1a,100.0
MW678735,HCV,1a,100.0
MW678738,HCV,1a,100.0
MW678740,HCV,1a,100.0
MW678736,HCV,1a,100.0
MW678742,HCV,1a,100.0
MW678741,HCV,1a,100.0
MW678753,HCV,3a,100.0
MW678755,HCV,3a,100.0
PP457745,HCV,2a,100.0
MW678754,HCV,3a,100.0
PP457743,HCV,2a,100.0
PP457744,HCV,2a,100.0
PP457747,HCV,2a,100.0
PP457746,HCV,2a,100.0
PP457748,HCV,2a,100.0
PP457752,HCV,2a,100.0
PP457749,HCV,2a,100.0
PP457753,HCV,2a,100.0
PP457750,HCV,2a,100.0
PP457754,HCV,2a,100.0
PP457759,HCV,2a,100.0
MW678745,HCV,1a,100.0
PP457760,HCV,2a,100.0
PP457756,HCV,2a,100.0
PP457763,HCV,2a,100.0
PP457765,HCV,2a,100.0
PP457762,HCV,2a,100.0
PP457766,HCV,2a,100.0
PP457767,HCV,2a,100.0
GQ153889,HCV,2b,25.0
GQ153890,HCV,2b,88.0
GQ153892,HCV,2b,61.0
KY620359,HCV,2b,100.0
KY620356,HCV,2b,100.0
KY620351,HCV,2b,100.0
KY620369,HCV,3a,100.0
KY620370,HCV,"unassigned_1, 3a-3h",NA
KY620361,HCV,2b,100.0
KY620367,HCV,3a,100.0
KY620368,HCV,3a,100.0
KY620373,HCV,"unassigned_1, 3a-3h",NA
KY620371,HCV,3a,100.0
KY620363,HCV,3a,100.0
KY620377,HCV,3a,100.0
KY620384,HCV,"unassigned_1, 3a-3h",NA
KY620366,HCV,3a,100.0
KY620374,HCV,3a,100.0
KY620376,HCV,3a,100.0
KY620372,HCV,3a,100.0
KY620420,HCV,3a,100.0
KY620423,HCV,3a,100.0
KY620417,HCV,3a,100.0
KY620421,HCV,3a,100.0
KY620424,HCV,3a,100.0
KY620429,HCV,3a,100.0
KY620426,HCV,3a,100.0
KY620437,HCV,"unassigned_1, 3a-3h",NA
KY620430,HCV,3a,100.0
KY620425,HCV,3a,100.0
KY620428,HCV,3a,100.0
KY620434,HCV,3a,100.0
KY620431,HCV,3a,100.0
KY620433,HCV,3a,100.0
KY620432,HCV,3a,100.0
KY620442,HCV,3a,100.0
KY620447,HCV,3a,100.0
KY620439,HCV,3a,100.0
KY620444,HCV,3a,100.0
KY620448,HCV,"unassigned_1, 3a-3h",NA
KY620435,HCV,3a,100.0
KY620441,HCV,3a,100.0
KY620440,HCV,3a,100.0
KY620456,HCV,"unassigned_1, 3a-3h",NA
KY620438,HCV,3a,100.0
KY620436,HCV,3a,100.0
KY620449,HCV,3a,100.0
KY620445,HCV,3a,100.0
KY620452,HCV,3a,100.0
KY620460,HCV,3a,100.0
KY620470,HCV,3a,100.0
KY620461,HCV,3a,100.0
KY620469,HCV,3a,100.0
KY620476,HCV,3a,100.0
KY620467,HCV,3a,100.0
KY620455,HCV,3a,100.0
KY620473,HCV,3a,100.0
KY620463,HCV,3a,100.0
KY620520,HCV,3a,100.0
KY620525,HCV,3a,100.0
KY620527,HCV,3a,100.0
KY620533,HCV,3a,100.0
KY620554,HCV,3a,100.0
KY620564,HCV,3a,100.0
KY620568,HCV,"unassigned_1, 3a-3h",NA
KY620563,HCV,3a,100.0
KY620565,HCV,3a,100.0
KY620566,HCV,3a,100.0
KY620561,HCV,3a,100.0
KY620574,HCV,"unassigned_1, 3a-3h",NA
KY620580,HCV,"unassigned_1, 3a-3h",NA
KY620572,HCV,3a,100.0
KY620576,HCV,3a,100.0
KY620573,HCV,3a,100.0
KY620567,HCV,3a,100.0
KY620569,HCV,3a,100.0
KY620570,HCV,3a,100.0
KY620575,HCV,3a,100.0
KY620571,HCV,3a,100.0
HM009153,HCV,6a,100.0
HM009155,HCV,6a,100.0
HM009157,HCV,6a,100.0
HM009159,HCV,6a,100.0
HM009160,HCV,6a,100.0
HM009124,HCV,1b,100.0
HM009161,HCV,6a,100.0
HM009167,HCV,6a,100.0
HM009140,HCV,1b,100.0
HM009169,HCV,6a,100.0
HM009166,HCV,6a,100.0
HM009173,HCV,6a,100.0
HM009179,HCV,6a,100.0
HM009185,HCV,6a,100.0
HM009180,HCV,6a,100.0
HM009158,HCV,6a,100.0
HM009184,HCV,6a,100.0
HM009186,HCV,6a,100.0
HM009189,HCV,6a,100.0
HM009187,HCV,6a,100.0
HM009191,HCV,6a,100.0
HM009194,HCV,6a,100.0
HM009209,HCV,6a,100.0
HM009208,HCV,6a,100.0
HM009211,HCV,6a,100.0
HM009215,HCV,6a,100.0
HM009213,HCV,6a,100.0
HM009217,HCV,6a,100.0
HM009221,HCV,6a,100.0
HM009223,HCV,6a,100.0
HM009228,HCV,6a,100.0
HM009231,HCV,6a,100.0
HM009234,HCV,6a,100.0
HM009235,HCV,6a,100.0
HM009236,HCV,6a,100.0
HM009240,HCV,6a,100.0
HM009237,HCV,6a,100.0
HM009239,HCV,6a,100.0
HM009238,HCV,6a,100.0
HM009241,HCV,6a,100.0
HM009243,HCV,6a,100.0
HM009246,HCV,6a,100.0
HM009247,HCV,6a,100.0
HM009253,HCV,6a,100.0
HM009261,HCV,6a,100.0
HM009257,HCV,6a,100.0
HM009259,HCV,6a,100.0
HM009256,HCV,6a,100.0
HM009268,HCV,6a,100.0
HM009273,HCV,6a,100.0
HM009271,HCV,6a,100.0
HM009272,HCV,6a,100.0
HM009270,HCV,6a,100.0
HM009277,HCV,6a,100.0
HM009276,HCV,6a,100.0
HM009280,HCV,6a,100.0
HM009282,HCV,6a,100.0
HM009242,HCV,6a,100.0
HM009263,HCV,6a,100.0
HM009264,HCV,6a,100.0
HM009260,HCV,6a,100.0
HM009267,HCV,6a,100.0
HM009244,HCV,6a,100.0
HM009265,HCV,6a,100.0
HM009269,HCV,6a,100.0
HM009275,HCV,6a,100.0
HM009249,HCV,6a,100.0
HM009251,HCV,6a,100.0
HM009285,HCV,6a,100.0
HM009288,HCV,2a,100.0
HM009248,HCV,6a,100.0
HM009295,HCV,3a,100.0
HM009308,HCV,6h,100.0
AJ849946,HCV,1b,100.0
HM009300,HCV,3a,100.0
AJ849956,HCV,1b,100.0
AJ849958,HCV,1b,100.0
AJ849957,HCV,1b,100.0
HM009279,HCV,6a,100.0
HM009284,HCV,6a,100.0
HM009307,HCV,6e,100.0
KC506771,HCV,4a,66.0
AJ849949,HCV,1b,100.0
HM009302,HCV,3b,100.0
HM009306,HCV,3b,100.0
HM009304,HCV,3b,100.0
HM009305,HCV,3b,100.0
HM009303,HCV,3b,100.0
KC506766,HCV,4k,100.0
KC506768,HCV,4k,100.0
AJ849945,HCV,1b,100.0
KC506767,HCV,4c,98.0
AJ849944,HCV,1b,100.0
KC506769,HCV,4r,100.0
AJ849948,HCV,1b,100.0
MN164850,HCV,"unassigned_1, 1a-1c",NA
MN164854,HCV,"unassigned_1, 1a-1l",NA
MN164853,HCV,"unassigned_1, 1a-1b",NA
MN164851,HCV,"unassigned_1, 1b-1a",NA
MN164844,HCV,1l,100.0
MN164849,HCV,1a,100.0
MN164861,HCV,1l,100.0
MN164868,HCV,"unassigned_1, 1a-1b",NA
GQ153856,HCV,2j,97.0
GQ153858,HCV,2b,92.0
GQ153859,HCV,2b,53.0
GQ153860,HCV,2j,81.0
GQ153861,HCV,2j,93.0
GQ153863,HCV,2a,65.0
GQ153864,HCV,2m,74.0
GQ153865,HCV,2k,52.0
GQ153867,HCV,2a,55.0
GQ153877,HCV,2b,84.0
GQ153881,HCV,2j,100.0
GQ153880,HCV,2a,56.0
GQ153882,HCV,2j,99.0
GQ153883,HCV,2b,90.0
GQ153884,HCV,2a,52.0
GQ153886,HCV,2j,100.0
GQ153887,HCV,2b,58.0
GQ153888,HCV,2j,33.0
KF686466,HCV,4d,100.0
KF686488,HCV,4d,100.0
KF686484,HCV,4r,100.0
KC844046,HCV,5a,100.0
KF686490,HCV,4d,100.0
KF686472,HCV,4d,100.0
KF686528,HCV,4a,100.0
KF686524,HCV,4r,100.0
KF686548,HCV,4d,100.0
KF686549,HCV,4r,100.0
KF686550,HCV,4a,100.0
KF686552,HCV,4d,100.0
KF686553,HCV,4a,97.0
KC844049,HCV,1a,100.0
KF686544,HCV,4v,100.0
KF686567,HCV,4k,100.0
KF686568,HCV,4d,100.0
KF686569,HCV,4d,100.0
KF686564,HCV,4d,100.0
KF686572,HCV,4d,100.0
KF686565,HCV,4d,100.0
KF686573,HCV,4d,100.0
KF686558,HCV,4a,100.0
KF686574,HCV,4v,49.0
KF686559,HCV,4k,94.0
KF686577,HCV,4d,100.0
KF686576,HCV,4d,100.0
KF686575,HCV,4d,100.0
KF686571,HCV,4d,100.0
KF686578,HCV,4a,100.0
KF686570,HCV,4k,100.0
KF686467,HCV,4t,87.0
KF686581,HCV,4d,100.0
KF686487,HCV,4d,100.0
GU054430,HCV,2a,61.0
GU054429,HCV,2c,100.0
GU054428,HCV,2j,72.0
GU054431,HCV,2j,100.0
GU054432,HCV,2j,100.0
KF686497,HCV,4k,100.0
GU054425,HCV,2j,78.0
KF686499,HCV,4d,100.0
KF686501,HCV,4f,100.0
KF686500,HCV,4v,100.0
KF686502,HCV,4r,100.0
GU054461,HCV,4k,93.0
GU054449,HCV,2b,85.0
GU054450,HCV,2b,81.0
GU054442,HCV,2k,100.0
GU054453,HCV,4d,100.0
GU054462,HCV,4a,100.0
GU054447,HCV,2b,100.0
GU054465,HCV,4k,99.0
GU054454,HCV,4d,100.0
GU054464,HCV,4l,63.0
GU054466,HCV,4d,100.0
GU054460,HCV,4d,100.0
GU054455,HCV,4a,100.0
GU054468,HCV,4d,100.0
GU054443,HCV,2b,100.0
GU054452,HCV,4a,100.0
GU054458,HCV,4d,100.0
GU054459,HCV,4a,100.0
KY620629,HCV,3a,100.0
KF686498,HCV,4d,100.0
KF686505,HCV,4o,100.0
KF686503,HCV,4c,84.0
KF686504,HCV,4l,100.0
KF686506,HCV,4a,100.0
KF686507,HCV,4a,100.0
KC844047,HCV,1c,100.0
KF686508,HCV,4v,47.0
KF686509,HCV,4a,100.0
KF686511,HCV,4d,100.0
KF686512,HCV,4a,100.0
KF686513,HCV,4a,100.0
KF686514,HCV,4a,100.0
KF686510,HCV,4d,100.0
KF686517,HCV,4d,100.0
KF686518,HCV,4d,100.0
KF686515,HCV,4k,88.0
KF686519,HCV,4p,99.0
KF686520,HCV,4a,100.0
KC844048,HCV,2b,100.0
KF686521,HCV,4a,100.0
KF686522,HCV,4d,100.0
KF686525,HCV,4v,100.0
KF686516,HCV,4d,100.0
KF686526,HCV,4a,100.0
KF686527,HCV,4a,100.0
KF686529,HCV,4d,100.0
KF686531,HCV,4a,100.0
KF686532,HCV,4k,99.0
KF686523,HCV,4a,100.0
KF686530,HCV,4d,100.0
KF686534,HCV,4a,100.0
KF686535,HCV,4a,57.0
KF686536,HCV,4a,100.0
KF686537,HCV,4c,100.0
KC844050,HCV,2j,100.0
KF686538,HCV,4n,100.0
KF686539,HCV,4v,100.0
KF686540,HCV,4v,100.0
KF686541,HCV,4a,100.0
KF686542,HCV,4r,100.0
KF686543,HCV,4a,100.0
KF686533,HCV,4l,100.0
KF686546,HCV,4d,100.0
KF686547,HCV,4d,100.0
KF686554,HCV,4v,100.0
KF686555,HCV,4d,100.0
KF686556,HCV,4a,100.0
KF686557,HCV,4d,100.0
KF686560,HCV,4d,100.0
KF686561,HCV,4d,100.0
KF686563,HCV,4d,100.0
KF686562,HCV,4d,100.0
KF686545,HCV,4a,100.0
KF686551,HCV,4n,100.0
KF686566,HCV,4a,100.0
KF686579,HCV,4a,100.0
KF686580,HCV,4a,62.0
KF686582,HCV,4d,100.0
KF686583,HCV,4d,100.0
GU054415,HCV,2j,91.0
GU054419,HCV,2j,99.0
GU054418,HCV,2j,99.0
GU054420,HCV,2j,91.0
GU054421,HCV,2j,100.0
GU054422,HCV,2j,100.0
GU054423,HCV,2j,50.0
GU054424,HCV,2b,47.0
GU054417,HCV,2b,62.0
GU054426,HCV,2b,81.0
GU054434,HCV,2b,63.0
GU054433,HCV,2j,90.0
GU054435,HCV,2j,91.0
GU054436,HCV,2i,99.0
GU054437,HCV,2k,100.0
GU054438,HCV,2j,98.0
GU054440,HCV,2j,86.0
GU054439,HCV,2k,38.0
KY620604,HCV,3a,100.0
KY620608,HCV,3a,100.0
KY620613,HCV,3a,100.0
KY620612,HCV,3a,100.0
KY620616,HCV,3a,100.0
KY620618,HCV,3a,100.0
KY620617,HCV,3a,100.0
KY620619,HCV,3a,100.0
KY620621,HCV,3a,100.0
KY620627,HCV,3a,100.0
KY620625,HCV,3a,100.0
KY620626,HCV,3a,100.0
KY620636,HCV,3a,100.0
KY620624,HCV,3a,100.0
KY620632,HCV,3a,100.0
KY620631,HCV,3a,100.0
JQ650285,HCV,2c,100.0
JQ650286,HCV,2c,100.0
JQ650287,HCV,2c,100.0
JQ650282,HCV,2c,100.0
JQ650289,HCV,2c,100.0
JQ650292,HCV,2c,100.0
JQ650293,HCV,2c,100.0
JQ650290,HCV,2c,100.0
JQ650291,HCV,2c,100.0
JQ650294,HCV,2c,100.0
JQ650295,HCV,2c,100.0
JQ650296,HCV,2c,100.0
JQ650299,HCV,2c,100.0
JQ650298,HCV,2c,100.0
JQ650300,HCV,2c,100.0
JQ650301,HCV,2c,100.0
JQ650302,HCV,2c,100.0
JQ650303,HCV,2c,100.0
JQ650304,HCV,2c,100.0
JQ650305,HCV,2c,100.0
JQ650306,HCV,2c,100.0
JQ650307,HCV,2c,100.0
JQ650308,HCV,2c,100.0
JQ650311,HCV,2c,100.0
JQ650310,HCV,2c,100.0
JQ650314,HCV,2c,100.0
JQ650315,HCV,2c,100.0
JQ650316,HCV,2c,100.0
JQ650343,HCV,2j,53.0
JQ650345,HCV,2c,96.0
KM213551,HCV,2a,43.0
KM213556,HCV,2c,94.0
KM213557,HCV,2c,100.0
KM213558,HCV,1l,95.0
KM213559,HCV,2j,90.0
KM213555,HCV,2j,73.0
KM213537,HCV,2j,79.0
KM213538,HCV,2j,100.0
KM213539,HCV,2j,100.0
KM213540,HCV,2c,55.0
KM213543,HCV,2j,100.0
KM213546,HCV,2j,99.0
KM213541,HCV,1b,82.0
KM213545,HCV,2j,98.0
KM213544,HCV,1l,76.0
KM213548,HCV,2b,57.0
KM213547,HCV,2j,100.0
KM213542,HCV,2b,49.0
KM213549,HCV,1b,28.0
KM213550,HCV,2j,42.0
KM213554,HCV,1h,59.0
KM213560,HCV,2j,100.0
KM213561,HCV,2a,48.0
KM213568,HCV,2c,100.0
KM213571,HCV,2c,85.0
KM213570,HCV,2j,94.0
KM213574,HCV,4a,18.0
KM213580,HCV,2j,98.0
KM213579,HCV,2a,81.0
KM213584,HCV,2q,50.0
KM213562,HCV,2j,100.0
KM213563,HCV,2c,47.0
KM213565,HCV,2j,100.0
KM213566,HCV,2c,100.0
KM213564,HCV,2b,100.0
KM213567,HCV,1b,100.0
KM213572,HCV,2b,45.0
KM213575,HCV,1b,36.0
KM213552,HCV,2c,44.0
KM213578,HCV,2a,79.0
KM213576,HCV,2j,89.0
KM213581,HCV,2j,100.0
KM213586,HCV,2j,22.0
KM213588,HCV,2c,100.0
KM213590,HCV,2j,94.0
KM213591,HCV,2c,87.0
KM213573,HCV,2j,98.0
KM213582,HCV,2j,100.0
KM213583,HCV,2a,96.0
KM213585,HCV,2a,52.0
KJ206312,HCV,2c,100.0
KJ206315,HCV,2c,100.0
KJ206317,HCV,2c,100.0
KJ206316,HCV,2c,100.0
KJ206319,HCV,2c,100.0
KJ206320,HCV,2c,100.0
KJ206321,HCV,2c,100.0
KJ206322,HCV,2c,100.0
KJ206323,HCV,2c,100.0
KJ206318,HCV,2c,100.0
KJ206327,HCV,2c,100.0
KJ206325,HCV,2c,100.0
KJ206330,HCV,2c,100.0
KJ206332,HCV,2c,100.0
KJ206331,HCV,2c,100.0
KR864839,HCV,2j,100.0
ON630766,HCV,1a,100.0
ON630767,HCV,1a,100.0
ON630774,HCV,1a,100.0
ON630770,HCV,1a,100.0
ON630765,HCV,1a,100.0
ON630763,HCV,1a,100.0
ON630776,HCV,1a,100.0
ON630772,HCV,1a,100.0
ON630764,HCV,1a,100.0
ON630771,HCV,1a,100.0
ON630778,HCV,1a,100.0
ON630781,HCV,1a,100.0
ON630782,HCV,1a,100.0
ON630780,HCV,1a,100.0
ON630783,HCV,1a,100.0
ON630788,HCV,1a,100.0
ON630786,HCV,1a,100.0
ON630790,HCV,1a,100.0
ON630789,HCV,1a,100.0
ON630792,HCV,1a,100.0
ON630799,HCV,1a,100.0
ON630805,HCV,1a,100.0
ON630769,HCV,1a,100.0
ON630773,HCV,1a,100.0
ON630777,HCV,1a,100.0
ON630785,HCV,1a,100.0
ON630791,HCV,1a,100.0
ON630793,HCV,1a,100.0
ON630787,HCV,1a,100.0
ON630797,HCV,1a,100.0
GU054416,HCV,2k,32.0
GU054445,HCV,2c,48.0
GU054441,HCV,2i,100.0
GU054446,HCV,2a,100.0
GU054448,HCV,2j,61.0
GU054451,HCV,2j,78.0
GU054456,HCV,4d,100.0
GU054469,HCV,4r,100.0
GU054444,HCV,2j,95.0
GU054470,HCV,4d,100.0
GU054471,HCV,4f,100.0
GU054472,HCV,4f,78.0
GU054473,HCV,4d,100.0
GU054474,HCV,4d,100.0
GU054477,HCV,4d,100.0
GU054457,HCV,4d,100.0
GU054463,HCV,4d,100.0
GU054467,HCV,4d,100.0
KY620652,HCV,3a,100.0
KY620651,HCV,3a,100.0
KY620655,HCV,3a,100.0
KY620656,HCV,3a,100.0
KY620649,HCV,3a,100.0
KY620653,HCV,3a,100.0
KY620654,HCV,3a,100.0
KY620650,HCV,3a,100.0
KY620658,HCV,3a,100.0
KY620657,HCV,3a,100.0
KY620671,HCV,"unassigned_1, 3a-3h",NA
KY620661,HCV,3a,100.0
KY620662,HCV,3a,100.0
KY620667,HCV,3a,100.0
KY620664,HCV,3a,100.0
KY620665,HCV,3a,100.0
KY620668,HCV,3a,100.0
KY620659,HCV,3a,100.0
KY620666,HCV,3a,100.0
KY620660,HCV,3a,100.0
KY620674,HCV,3a,100.0
KY620672,HCV,3a,100.0
KY620675,HCV,"unassigned_1, 3a-3h",NA
KY620673,HCV,3a,100.0
KY620670,HCV,3a,100.0
KY620663,HCV,3a,100.0
KY620669,HCV,3a,100.0
KY620683,HCV,3a,100.0
KY620676,HCV,3a,100.0
KY620677,HCV,3a,100.0
KY620679,HCV,3a,100.0
KY620682,HCV,3a,100.0
KY620680,HCV,3a,100.0
KY620685,HCV,3a,100.0
KY620681,HCV,3a,100.0
KY620678,HCV,3a,100.0
KY620687,HCV,3a,100.0
KY620688,HCV,3a,100.0
KY620684,HCV,3a,100.0
KY620686,HCV,3a,100.0
KY620691,HCV,3a,100.0
KY620689,HCV,3a,100.0
KY620690,HCV,3a,100.0
KY620694,HCV,3a,100.0
KY620692,HCV,3a,100.0
KY620695,HCV,3a,100.0
KY620697,HCV,3a,100.0
KY620696,HCV,3a,100.0
KY620693,HCV,3a,100.0
KY620698,HCV,3a,100.0
ON630887,HCV,4d,100.0
ON630888,HCV,4d,100.0
GU054427,HCV,2j,100.0
KY620587,HCV,3a,100.0
KY620597,HCV,3a,100.0
KY620596,HCV,3a,100.0
KY620591,HCV,3a,100.0
KY620606,HCV,"unassigned_1, 3a-3h",NA
KY620594,HCV,3a,100.0
KY620600,HCV,3a,100.0
KY620598,HCV,3a,100.0
KY620611,HCV,3a,100.0
KY620603,HCV,3a,100.0
KY620605,HCV,3a,100.0
KY620607,HCV,3a,100.0
ON630803,HCV,1a,100.0
ON630806,HCV,1a,100.0
ON630801,HCV,1a,100.0
ON630804,HCV,1a,100.0
ON630809,HCV,1a,100.0
ON630816,HCV,1a,100.0
ON630811,HCV,1a,100.0
ON630813,HCV,1a,100.0
ON630814,HCV,1a,100.0
ON630815,HCV,1a,100.0
ON630794,HCV,1a,100.0
ON630796,HCV,1a,100.0
ON630798,HCV,1a,100.0
ON630808,HCV,1a,100.0
ON630807,HCV,1a,100.0
ON630802,HCV,1a,100.0
ON630810,HCV,1a,100.0
ON630812,HCV,1a,100.0
ON630823,HCV,1a,100.0
ON630819,HCV,1a,100.0
ON630821,HCV,1a,100.0
ON630822,HCV,1a,100.0
ON630832,HCV,1a,100.0
ON630836,HCV,1a,100.0
ON630834,HCV,1a,100.0
ON630833,HCV,1a,100.0
ON630835,HCV,1a,100.0
ON630830,HCV,1a,100.0
ON630839,HCV,1a,100.0
ON630841,HCV,1a,100.0
ON630840,HCV,1a,100.0
ON630818,HCV,1a,100.0
ON630817,HCV,1a,100.0
ON630820,HCV,1a,100.0
ON630824,HCV,1a,100.0
ON630825,HCV,1a,100.0
ON630827,HCV,1a,100.0
ON630831,HCV,1a,100.0
ON630829,HCV,1a,100.0
ON630828,HCV,1a,100.0
ON630826,HCV,1a,100.0
ON630837,HCV,1a,100.0
ON630838,HCV,1a,100.0
ON630843,HCV,1a,100.0
ON630846,HCV,1a,100.0
ON630892,HCV,4d,100.0
ON630881,HCV,4d,100.0
ON630890,HCV,4d,100.0
ON630891,HCV,4d,100.0
ON630893,HCV,4d,100.0
ON630895,HCV,4d,100.0
ON630896,HCV,4d,100.0
KC844038,HCV,6a,100.0
ON630900,HCV,4d,100.0
ON630889,HCV,4d,100.0
ON630894,HCV,4d,100.0
KC844037,HCV,6a,100.0
KC844039,HCV,6w,93.0
KC844040,HCV,6w,98.0
KF686348,HCV,4c,100.0
KF686347,HCV,4a,100.0
KF686349,HCV,4d,100.0
KF686351,HCV,4d,100.0
KF686350,HCV,4r,100.0
KF686353,HCV,4a,100.0
KF686430,HCV,4n,38.0
KC844051,HCV,"unassigned_1, 1b-3h",NA
KF686431,HCV,4a,100.0
KF686438,HCV,4a,100.0
KF686429,HCV,4d,100.0
KF686418,HCV,4a,100.0
KF686432,HCV,4r,100.0
KF686433,HCV,4v,100.0
KF686434,HCV,4a,100.0
KF686435,HCV,4a,100.0
KF686436,HCV,4r,100.0
KF686491,HCV,4k,100.0
KF686492,HCV,4d,100.0
KF686485,HCV,4v,100.0
KF686486,HCV,4c,94.0
KF686452,HCV,4a,100.0
KF686489,HCV,4k,100.0
KF686493,HCV,4d,100.0
KF686494,HCV,4d,100.0
KF686496,HCV,4d,100.0
KF686495,HCV,4r,100.0
KY620628,HCV,3a,100.0
KY620635,HCV,3a,100.0
KY620641,HCV,"unassigned_1, 3a-3h",NA
KY620639,HCV,3a,100.0
KY620633,HCV,3a,100.0
KY620643,HCV,3a,100.0
KY620642,HCV,3a,100.0
KY620700,HCV,3a,100.0
KY620647,HCV,3a,100.0
KY620701,HCV,3a,100.0
KY620645,HCV,3a,100.0
KY620644,HCV,3a,100.0
KY620705,HCV,3a,100.0
KY620699,HCV,3a,100.0
KY620703,HCV,3a,100.0
KY620706,HCV,3a,100.0
KY620734,HCV,3a,100.0
KY620718,HCV,3a,100.0
KY620738,HCV,"unassigned_1, 3a-3h",NA
KY620735,HCV,3a,100.0
KY620767,HCV,3a,100.0
KY620765,HCV,3a,100.0
KY620771,HCV,3a,100.0
KY620778,HCV,3a,100.0
KY620779,HCV,3a,100.0
KY620775,HCV,3a,100.0
KY620785,HCV,3a,100.0
KY620782,HCV,3a,100.0
KY620776,HCV,3a,100.0
KY620790,HCV,"unassigned_1, 3a-3h",NA
KY620769,HCV,3a,100.0
KY620770,HCV,3a,100.0
KY620774,HCV,3a,100.0
KY620772,HCV,3a,100.0
KY620773,HCV,3a,100.0
KY620777,HCV,3a,100.0
KY620786,HCV,3a,100.0
KY620780,HCV,3a,100.0
KY620791,HCV,"unassigned_1, 3a-3h",NA
KY620792,HCV,3a,100.0
KY620787,HCV,3a,100.0
KY620789,HCV,3a,100.0
KY620781,HCV,3a,100.0
KY620783,HCV,3a,100.0
KY620784,HCV,3a,100.0
KY620788,HCV,3a,100.0
KY620798,HCV,3a,100.0
KY620797,HCV,3a,100.0
KY620794,HCV,3a,100.0
KY620803,HCV,3a,100.0
KY620799,HCV,3a,100.0
KY620804,HCV,3a,100.0
KY620796,HCV,3a,100.0
KY620795,HCV,3a,100.0
KY620802,HCV,3a,100.0
KY620800,HCV,3a,100.0
KY620806,HCV,3a,100.0
KY620812,HCV,3a,100.0
KY620807,HCV,3a,100.0
KY620816,HCV,3a,100.0
KY620817,HCV,3a,100.0
KY620801,HCV,"unassigned_1, 3a-3h",NA
KY620819,HCV,3a,100.0
KY620822,HCV,3a,100.0
KY620836,HCV,"unassigned_1, 3a-3h",NA
KY620825,HCV,3a,100.0
KY620834,HCV,3a,100.0
KY620828,HCV,3a,100.0
KY620833,HCV,3a,100.0
KY620837,HCV,3a,100.0
KY620839,HCV,3a,100.0
KY620830,HCV,3a,100.0
KY620848,HCV,3a,100.0
KY620840,HCV,3a,100.0
KY620846,HCV,3a,100.0
KY620821,HCV,3a,100.0
KY620829,HCV,3a,100.0
KY620832,HCV,"unassigned_1, 3a-3h",NA
KY620826,HCV,3a,100.0
KY620827,HCV,3a,100.0
KY620835,HCV,3a,100.0
KY620831,HCV,3a,100.0
KY620838,HCV,3a,100.0
KY620841,HCV,3a,100.0
KY620842,HCV,3a,100.0
KY620844,HCV,3a,100.0
KY620843,HCV,3a,100.0
MH899459,HCV,4d,100.0
MH899462,HCV,4d,100.0
MH899468,HCV,4d,100.0
MH899487,HCV,4d,100.0
MH899496,HCV,4d,100.0
MH899497,HCV,4d,100.0
MH899499,HCV,4d,100.0
MH899500,HCV,4d,100.0
MH899501,HCV,4d,100.0
MH899502,HCV,4d,100.0
MH899498,HCV,4d,100.0
MH899503,HCV,4d,100.0
MH899504,HCV,4d,100.0
MH899505,HCV,4d,100.0
JQ650260,HCV,2c,100.0
JQ650262,HCV,2c,100.0
JQ650261,HCV,2c,100.0
JQ650266,HCV,2c,100.0
JQ650263,HCV,2c,100.0
JQ650265,HCV,2c,100.0
JQ650269,HCV,2c,100.0
JQ650271,HCV,2c,100.0
JQ650270,HCV,2c,100.0
JQ650273,HCV,2c,100.0
JQ650274,HCV,2c,100.0
JQ650276,HCV,2c,100.0
JQ650277,HCV,2c,100.0
JQ650278,HCV,2c,100.0
JQ650279,HCV,2c,100.0
JQ650280,HCV,2c,100.0
JQ650275,HCV,2c,100.0
JQ650281,HCV,2c,100.0
JQ650283,HCV,2c,100.0
JQ650284,HCV,2c,100.0
KY620648,HCV,3a,100.0
KY620811,HCV,"unassigned_1, 3a-3h",NA
KY620813,HCV,3a,100.0
KY620810,HCV,3a,100.0
KY620854,HCV,3a,100.0
KY620853,HCV,3a,100.0
KY620845,HCV,3a,100.0
KY620860,HCV,"unassigned_1, 3a-2b",NA
KY620855,HCV,3a,100.0
KY620851,HCV,3a,100.0
KY620847,HCV,3a,100.0
KY620850,HCV,3a,100.0
KY620856,HCV,3a,100.0
KY620852,HCV,3a,100.0
KY620849,HCV,3a,100.0
KY620858,HCV,3a,100.0
KY620748,HCV,"unassigned_1, 3a-3h",NA
KY620736,HCV,3a,100.0
KY620740,HCV,3a,100.0
KY620742,HCV,3a,100.0
KY620737,HCV,3a,100.0
KY620739,HCV,3a,100.0
KY620746,HCV,3a,100.0
KY620733,HCV,3a,100.0
KY620743,HCV,3a,100.0
KY620747,HCV,3a,100.0
KY620744,HCV,3a,100.0
KY620749,HCV,3a,100.0
KY620752,HCV,3a,100.0
KY620741,HCV,3a,100.0
KY620756,HCV,3a,100.0
KY620751,HCV,3a,100.0
KY620745,HCV,3a,100.0
KY620758,HCV,3a,100.0
KY620760,HCV,3a,100.0
KY620757,HCV,3a,100.0
KY620750,HCV,3a,100.0
KY620761,HCV,3a,100.0
KY620762,HCV,3a,100.0
KY620763,HCV,3a,100.0
KY620759,HCV,"unassigned_1, 3a-3h",NA
KY620755,HCV,3a,100.0
KY620764,HCV,3a,100.0
KY620753,HCV,3a,100.0
KY620768,HCV,3a,100.0
KY620754,HCV,3a,100.0
KY620766,HCV,3a,100.0
MH899470,HCV,4d,100.0
MH899472,HCV,4d,100.0
MH899473,HCV,4d,94.0
MH899474,HCV,4d,100.0
MH899475,HCV,4d,100.0
MH899476,HCV,4d,100.0
MH899478,HCV,4d,100.0
MH899477,HCV,4d,100.0
MH899479,HCV,4d,100.0
MH899480,HCV,4d,100.0
MH899481,HCV,4d,100.0
MH899482,HCV,4d,100.0
MH899483,HCV,4d,100.0
MH899485,HCV,4d,100.0
MH899486,HCV,4d,100.0
JQ650297,HCV,2c,100.0
JQ650332,HCV,2k,100.0
JQ650334,HCV,2j,61.0
JQ650333,HCV,2c,66.0
JQ650337,HCV,2j,71.0
JQ650335,HCV,2a,67.0
JQ650336,HCV,2j,100.0
JQ650346,HCV,2j,45.0
JQ650347,HCV,2c,84.0
JQ650348,HCV,2b,100.0
KM213528,HCV,1c,47.0
KM213527,HCV,2j,96.0
KM213529,HCV,2j,87.0
KM213530,HCV,2j,49.0
KJ206302,HCV,2c,100.0
KJ206301,HCV,2c,100.0
KJ206303,HCV,2c,100.0
KJ206305,HCV,2c,100.0
KJ206306,HCV,2c,100.0
KJ206304,HCV,2c,100.0
KJ206307,HCV,2c,100.0
KJ206310,HCV,2c,100.0
KY620868,HCV,"unassigned_1, 3a-2b",NA
KY620857,HCV,3a,100.0
KY620859,HCV,3a,100.0
KY620861,HCV,3a,100.0
KY620863,HCV,3a,100.0
KY620864,HCV,3a,100.0
KY620865,HCV,3a,100.0
KY620862,HCV,3a,100.0
MH899456,HCV,4d,100.0
MH899457,HCV,4d,100.0
KY620872,HCV,"unassigned_1, 3b-3h",NA
KY620866,HCV,3a,100.0
KY620880,HCV,"unassigned_1, 1a-2b",NA
KY620867,HCV,3a,100.0
KY620869,HCV,3b,100.0
KY620873,HCV,3b,100.0
KY620874,HCV,3b,100.0
KY620871,HCV,3b,100.0
KY620877,HCV,3g,100.0
KY620870,HCV,3b,100.0
KY620878,HCV,3i,100.0
KY620876,HCV,3g,100.0
KY620879,HCV,3g,100.0
KM213589,HCV,2j,100.0
ON630844,HCV,1a,100.0
ON630851,HCV,1a,100.0
ON630842,HCV,1a,100.0
ON630854,HCV,1a,100.0
ON630845,HCV,1a,100.0
ON630849,HCV,1a,100.0
ON630853,HCV,1a,100.0
ON630850,HCV,1a,100.0
ON630847,HCV,1a,100.0
ON630848,HCV,1a,100.0
ON630852,HCV,1a,100.0
ON630855,HCV,1a,100.0
ON630856,HCV,1a,100.0
ON630861,HCV,1a,100.0
ON630860,HCV,1a,100.0
ON630862,HCV,1a,100.0
ON630857,HCV,1a,100.0
ON630858,HCV,1a,100.0
ON630863,HCV,1a,100.0
ON630859,HCV,1a,100.0
ON630864,HCV,1a,100.0
ON630868,HCV,1a,100.0
ON630867,HCV,1a,100.0
ON630870,HCV,4d,100.0
ON630869,HCV,1a,100.0
ON630866,HCV,1a,100.0
ON630871,HCV,4d,100.0
ON630865,HCV,1a,100.0
ON630873,HCV,4d,100.0
ON630877,HCV,4d,100.0
ON630874,HCV,4d,100.0
ON630872,HCV,4d,100.0
ON630878,HCV,4d,100.0
ON630876,HCV,4d,100.0
ON630875,HCV,4d,100.0
ON630879,HCV,4d,100.0
ON630880,HCV,4d,100.0
ON630883,HCV,4d,100.0
ON630882,HCV,4d,100.0
ON630885,HCV,4d,100.0
ON630884,HCV,4d,100.0
ON630886,HCV,4d,100.0
KY620602,HCV,3a,100.0
KY620593,HCV,3a,100.0
KY620610,HCV,3a,100.0
GU054475,HCV,4d,100.0
GU054476,HCV,4d,100.0
KY620592,HCV,3a,100.0
KY620588,HCV,3a,100.0
KY620595,HCV,3a,100.0
KY620601,HCV,3a,100.0
KY620590,HCV,3a,100.0
KY620599,HCV,3a,100.0
KY620589,HCV,3a,100.0
KY620614,HCV,3a,100.0
KY620615,HCV,3a,100.0
KY620609,HCV,3a,100.0
KY620620,HCV,3a,100.0
KY620622,HCV,3a,100.0
KY620623,HCV,3a,100.0
KY620630,HCV,3a,100.0
KY620637,HCV,3a,100.0
KY620640,HCV,3a,100.0
KY620646,HCV,3a,100.0
KY620704,HCV,3a,100.0
KY620702,HCV,3a,100.0
KY620709,HCV,3a,100.0
KY620710,HCV,3a,100.0
KY620712,HCV,3a,100.0
KY620708,HCV,3a,100.0
KY620721,HCV,"unassigned_1, 3a-3h",NA
KY620707,HCV,3a,100.0
KY620714,HCV,3a,100.0
KY620713,HCV,3a,100.0
KY620716,HCV,3a,100.0
KY620724,HCV,"unassigned_1, 3a-3h",NA
KY620634,HCV,3a,100.0
KY620638,HCV,3a,100.0
KY620720,HCV,3a,100.0
KY620715,HCV,3a,100.0
KY620723,HCV,3a,100.0
KY620711,HCV,3a,100.0
KY620717,HCV,3a,100.0
KY620725,HCV,3a,100.0
KY620726,HCV,3a,100.0
KY620728,HCV,3a,100.0
KY620730,HCV,3a,100.0
KY620722,HCV,3a,100.0
KY620727,HCV,3a,100.0
JQ650267,HCV,2c,100.0
MH899467,HCV,4d,100.0
MH899471,HCV,4d,100.0
MH899488,HCV,4d,100.0
MH899489,HCV,4d,100.0
MH899490,HCV,4d,100.0
MH899491,HCV,4d,100.0
MH899493,HCV,4d,100.0
KY620731,HCV,3a,100.0
KY620719,HCV,3a,100.0
KY620729,HCV,3a,100.0
KY620732,HCV,3a,100.0
KY620809,HCV,3a,100.0
KY620793,HCV,3a,100.0
KY620808,HCV,3a,100.0
KY620805,HCV,3a,100.0
KY620814,HCV,3a,100.0
KY620815,HCV,3a,100.0
KY620823,HCV,"unassigned_1, 3a-3h",NA
KY620818,HCV,3a,100.0
KY620824,HCV,"unassigned_1, 3a-3h",NA
KY620820,HCV,3a,100.0
MH899458,HCV,4d,100.0
MH899460,HCV,4d,100.0
KY620875,HCV,"unassigned_1, 3b-3a",NA
MH899461,HCV,4d,100.0
MH899464,HCV,4d,100.0
MH899465,HCV,4d,100.0
MH899463,HCV,4d,100.0
MH899466,HCV,4d,100.0
MH899469,HCV,4d,100.0
MH899484,HCV,4d,100.0
MH899492,HCV,4d,89.0
MH899495,HCV,4d,100.0
MH899494,HCV,4d,100.0
JQ650268,HCV,2c,100.0
JQ650288,HCV,2c,100.0
JQ650309,HCV,2c,100.0
JQ650312,HCV,2c,100.0
JQ650318,HCV,2i,96.0
JQ650319,HCV,2i,100.0
JQ650317,HCV,2c,99.0
JQ650321,HCV,2i,99.0
JQ650320,HCV,2i,98.0
JQ650322,HCV,2i,100.0
JQ650323,HCV,2k,100.0
KM213531,HCV,2j,98.0
KM213532,HCV,2b,93.0
KM213533,HCV,2a,80.0
KM213534,HCV,2a,58.0
KM213535,HCV,2j,76.0
KM213536,HCV,2c,76.0
JQ650313,HCV,2c,100.0
JQ650324,HCV,2k,100.0
JQ650326,HCV,2k,99.0
JQ650325,HCV,2k,100.0
JQ650327,HCV,2k,100.0
JQ650328,HCV,2k,100.0
JQ650329,HCV,2k,100.0
JQ650330,HCV,2k,100.0
JQ650331,HCV,2k,100.0
JQ650338,HCV,2j,98.0
JQ650340,HCV,2j,76.0
JQ650339,HCV,2j,98.0
JQ650341,HCV,2j,93.0
JQ650344,HCV,2c,94.0
JQ650342,HCV,2j,59.0
JQ650264,HCV,2c,100.0
JQ650272,HCV,2c,100.0
KM213569,HCV,2j,97.0
KM213553,HCV,2j,69.0
KJ206300,HCV,2c,100.0
KJ206291,HCV,2c,100.0
KM213577,HCV,1b,44.0
KJ206297,HCV,2c,100.0
KJ206298,HCV,2c,100.0
KJ206309,HCV,2c,100.0
KJ206308,HCV,2c,100.0
KJ206313,HCV,2c,100.0
KJ206314,HCV,2c,100.0
KJ206324,HCV,2c,100.0
KM213587,HCV,2b,46.0
KJ206290,HCV,2c,100.0
KJ206292,HCV,2c,100.0
KJ206294,HCV,2c,100.0
KJ206293,HCV,2c,100.0
KJ206295,HCV,2c,100.0
KJ206296,HCV,2c,100.0
KJ206299,HCV,2c,100.0
KJ206311,HCV,2c,100.0
KJ206326,HCV,2c,100.0
KJ206328,HCV,2c,100.0
ON630795,HCV,1a,100.0
KJ206329,HCV,2c,100.0
KJ206333,HCV,2c,100.0
KJ206334,HCV,2i,100.0
KJ206335,HCV,2k,100.0
KR864840,HCV,2q,100.0
ON630768,HCV,1a,100.0
ON630775,HCV,1a,100.0
ON630784,HCV,1a,100.0
ON630779,HCV,1a,100.0
ON630800,HCV,1a,100.0
KF686352,HCV,4d,100.0
KF686356,HCV,4a,100.0
KF686358,HCV,4a,100.0
ON630899,HCV,4d,100.0
KF686357,HCV,4a,100.0
KF686354,HCV,4o,70.0
KC844045,HCV,4d,100.0
ON630897,HCV,4d,100.0
KF686360,HCV,4d,100.0
KF686373,HCV,4d,100.0
KF686361,HCV,4d,100.0
ON630898,HCV,4d,100.0
KF686364,HCV,4o,100.0
KF686365,HCV,4d,100.0
KF686362,HCV,4d,100.0
KF686355,HCV,4a,100.0
KF686371,HCV,4a,100.0
KF686370,HCV,4d,100.0
KF686363,HCV,4d,100.0
KF686366,HCV,4a,100.0
KF686359,HCV,4a,100.0
KF686369,HCV,4a,70.0
KF686377,HCV,4r,100.0
KF686378,HCV,4a,100.0
KF686372,HCV,4a,100.0
KF686375,HCV,4d,100.0
KF686379,HCV,4d,100.0
KC844044,HCV,3b,100.0
KF686374,HCV,4a,100.0
KF686376,HCV,4d,100.0
KF686389,HCV,4d,100.0
KF686382,HCV,4d,100.0
KC844042,HCV,2j,100.0
KF686380,HCV,4d,100.0
KF686381,HCV,4d,100.0
KF686367,HCV,4d,100.0
KF686387,HCV,4a,100.0
KF686388,HCV,4d,100.0
KF686394,HCV,4d,100.0
KF686395,HCV,4d,100.0
KF686392,HCV,4d,100.0
KC844043,HCV,2a,100.0
KF686390,HCV,4a,100.0
KF686393,HCV,4a,100.0
KF686368,HCV,4d,100.0
KF686383,HCV,4a,100.0
KF686391,HCV,4d,100.0
KF686385,HCV,4d,100.0
KF686386,HCV,4d,100.0
KF686398,HCV,4d,100.0
KC844052,HCV,"unassigned_1, 1b-3h",NA
KF686400,HCV,4a,100.0
KF686399,HCV,4d,100.0
KF686402,HCV,4d,100.0
KF686407,HCV,4m,100.0
KF686404,HCV,4m,100.0
KF686405,HCV,4a,80.0
KF686406,HCV,4r,100.0
KF686408,HCV,4r,100.0
KF686416,HCV,4a,100.0
KF686419,HCV,4r,100.0
KF686409,HCV,4r,100.0
KF686397,HCV,4d,100.0
KF686384,HCV,4d,100.0
KF686422,HCV,4m,100.0
KF686423,HCV,4a,100.0
KF686401,HCV,4a,100.0
KF686403,HCV,4a,100.0
KF686410,HCV,4a,100.0
KF686412,HCV,4d,100.0
KF686411,HCV,4r,100.0
KF686414,HCV,4a,100.0
KF686415,HCV,4o,100.0
KF686417,HCV,4r,100.0
KF686396,HCV,4d,100.0
KF686424,HCV,4r,100.0
KF686426,HCV,4o,100.0
KF686425,HCV,4m,59.0
KF686413,HCV,4v,100.0
KF686427,HCV,4v,100.0
KF686428,HCV,4a,100.0
KF686437,HCV,4l,100.0
KC844041,HCV,3a,100.0
KF686441,HCV,4r,100.0
KF686442,HCV,4r,100.0
KF686439,HCV,4o,86.0
KF686454,HCV,4v,100.0
KF686443,HCV,4a,100.0
KF686444,HCV,4a,100.0
KF686445,HCV,4a,100.0
KF686446,HCV,4a,100.0
KF686451,HCV,4a,100.0
KF686450,HCV,4a,100.0
KF686449,HCV,4a,100.0
KF686447,HCV,4a,100.0
KF686448,HCV,4a,100.0
KF686464,HCV,4a,100.0
KF686468,HCV,4d,100.0
KF686456,HCV,4a,100.0
KF686420,HCV,4a,100.0
KF686470,HCV,4a,100.0
KF686460,HCV,4r,100.0
KF686461,HCV,4a,100.0
KF686462,HCV,4v,100.0
KF686463,HCV,4v,100.0
KF686465,HCV,4d,100.0
KF686455,HCV,4v,100.0
KF686469,HCV,4a,100.0
KF686471,HCV,4a,100.0
KF686473,HCV,4d,100.0
KF686440,HCV,4a,100.0
KF686459,HCV,4a,100.0
KF686476,HCV,4k,100.0
KF686475,HCV,4k,100.0
KF686478,HCV,4a,100.0
KF686457,HCV,4a,100.0
KF686479,HCV,4a,100.0
KF686421,HCV,4a,100.0
KF686458,HCV,4a,100.0
KF686477,HCV,4d,100.0
KF686474,HCV,4a,100.0
KF686481,HCV,4d,100.0
KF686482,HCV,4d,100.0
KF686453,HCV,4a,100.0
KF686480,HCV,4d,100.0
KF686483,HCV,4d,100.0
GU054479,HCV,4d,100.0
JF511080,HCV,2c,100.0
JF511082,HCV,2c,100.0
JF511083,HCV,2c,100.0
JF511084,HCV,2c,100.0
JF511085,HCV,2c,100.0
JF511087,HCV,2c,100.0
JF511088,HCV,2c,100.0
JF511089,HCV,2c,100.0
JF511090,HCV,2c,100.0
JF511086,HCV,2c,100.0
JF511091,HCV,2c,100.0
JF511092,HCV,2c,100.0
JF511096,HCV,2c,100.0
JF511094,HCV,2c,100.0
JF511135,HCV,2c,100.0
JF511120,HCV,2c,100.0
KX621426,HCV,3a,100.0
KX621429,HCV,3a,100.0
KX621424,HCV,1a,100.0
KX621435,HCV,1a,100.0
KX621428,HCV,3a,100.0
KX621509,HCV,1a,100.0
KX621518,HCV,3a,100.0
KX621515,HCV,1a,100.0
KX621519,HCV,3a,100.0
KX621521,HCV,1a,100.0
KX621520,HCV,1a,100.0
KX621517,HCV,1a,100.0
KX621525,HCV,1a,100.0
KX621523,HCV,1a,100.0
KX621526,HCV,1a,100.0
KX621522,HCV,3a,100.0
KX621527,HCV,3a,100.0
KX621524,HCV,1a,100.0
KX621532,HCV,1a,100.0
KX621537,HCV,3a,100.0
KX621530,HCV,3a,100.0
KX621538,HCV,1a,100.0
KX621542,HCV,1a,100.0
KX621544,HCV,1a,100.0
KJ439767,HCV,1c,100.0
KJ439769,HCV,1e,100.0
KF463156,HCV,4d,100.0
KJ439770,HCV,1g,100.0
KJ439768,HCV,1b,100.0
JF511110,HCV,2c,100.0
KF463178,HCV,4d,100.0
JF511116,HCV,2c,100.0
JF511113,HCV,2c,100.0
OM525863,HCV,1c,100.0
OM525862,HCV,1b,100.0
OM525867,HCV,1b,100.0
OM525872,HCV,1b,100.0
OM525873,HCV,"unassigned_1, 1a-1b",NA
OM525869,HCV,1b,100.0
KF463179,HCV,4d,100.0
KF463181,HCV,4d,98.0
KF463180,HCV,4d,99.0
KF463182,HCV,4d,100.0
KF463183,HCV,4d,100.0
KF463184,HCV,4d,100.0
KF463186,HCV,4d,99.0
KF463185,HCV,4d,100.0
OM525855,HCV,"unassigned_1, 2a-2k",NA
OM525860,HCV,2d,100.0
OM525857,HCV,2d,100.0
KF667841,HCV,1b,100.0
HQ850290,HCV,1a,100.0
KF667849,HCV,1b,100.0
HQ850283,HCV,1a,100.0
HQ850286,HCV,1a,100.0
HQ850289,HCV,1a,100.0
HQ850282,HCV,1a,100.0
HQ850288,HCV,1a,100.0
HQ850285,HCV,1a,100.0
HQ850284,HCV,1a,100.0
GU451219,HCV,1b,100.0
HQ850280,HCV,1a,100.0
HQ850278,HCV,1a,100.0
HQ850287,HCV,1a,100.0
HQ850281,HCV,1a,100.0
HQ850279,HCV,1a,100.0
GU451221,HCV,1b,100.0
HQ908349,HCV,1b,100.0
HQ908350,HCV,1b,100.0
HQ908351,HCV,1b,100.0
HQ908348,HCV,1b,100.0
HQ908340,HCV,1b,100.0
HQ908337,HCV,1b,100.0
HQ908342,HCV,1b,100.0
GU451218,HCV,1b,100.0
EF407470,HCV,1b,100.0
EF407471,HCV,1b,100.0
GU451222,HCV,1b,100.0
EF407472,HCV,1b,100.0
EF407469,HCV,1b,100.0
EF407474,HCV,1b,100.0
EF407475,HCV,1b,100.0
AF165047,HCV,1b,100.0
EF407473,HCV,1b,100.0
EF407477,HCV,1b,100.0
EF407478,HCV,1b,100.0
GU451220,HCV,1b,100.0
EF407476,HCV,1b,100.0
EF407479,HCV,1b,100.0
EF407481,HCV,1b,100.0
EF407480,HCV,1b,100.0
AF165048,HCV,1b,100.0
AF165046,HCV,1b,100.0
HQ908291,HCV,1b,100.0
KT190711,HCV,6e,54.0
HM746822,HCV,1b,100.0
PP092207,HCV,6w,64.0
PP092205,HCV,6w,76.0
PP092206,HCV,6w,49.0
HM746837,HCV,1b,100.0
HM746838,HCV,1b,100.0
HM746840,HCV,1b,100.0
HM746839,HCV,1b,100.0
DQ835761,HCV,6j,100.0
DQ835762,HCV,6i,100.0
D84264,HCV,6k,100.0
D84265,HCV,6h,100.0
EU334530,HCV,4d,71.0
MH459000,HCV,3a,100.0
JX227952,HCV,"unassigned_1, 1b-2j-2a-2j-2q-2k-2q-2k",NA
JX227950,HCV,2c,100.0
JX227960,HCV,4v,100.0
JF511105,HCV,2c,100.0
JF511106,HCV,2c,100.0
GU054480,HCV,4k,100.0
JF511102,HCV,2c,100.0
JX227955,HCV,3i,100.0
JX227954,HCV,3g,100.0
MH492362,HCV,6n,100.0
MH492361,HCV,6n,100.0
JX227953,HCV,2k,100.0
JX227956,HCV,3i,100.0
JX227957,HCV,4l,100.0
JX227959,HCV,4v,100.0
JX227951,HCV,2c,100.0
JX227949,HCV,2c,100.0
MH492360,HCV,6n,100.0
JX227958,HCV,4l,100.0
KX621474,HCV,1a,100.0
KX621473,HCV,1a,100.0
KX621471,HCV,1a,100.0
KF667762,HCV,1a,100.0
KF667763,HCV,1a,100.0
KF667764,HCV,1a,100.0
KF667765,HCV,1a,100.0
KF667770,HCV,1a,100.0
KF667773,HCV,1a,100.0
KF667772,HCV,1a,100.0
KF667771,HCV,1a,100.0
KF667779,HCV,1a,100.0
KF667778,HCV,1a,100.0
JX227961,HCV,4m,100.0
JF511101,HCV,2c,100.0
JF511100,HCV,2c,100.0
KF667781,HCV,1a,100.0
KF667827,HCV,1b,100.0
JF511103,HCV,2c,100.0
KF667828,HCV,1b,100.0
JF511104,HCV,2c,100.0
KF667780,HCV,1a,100.0
GU054490,HCV,4a,100.0
KF667835,HCV,1b,100.0
KF667829,HCV,1b,100.0
KF667834,HCV,1b,100.0
KF667787,HCV,1a,100.0
KF667821,HCV,1b,100.0
KF667836,HCV,1b,100.0
JF511064,HCV,2c,100.0
JF511065,HCV,2c,100.0
OM525858,HCV,2a,57.0
KF667844,HCV,1b,100.0
JF511066,HCV,2c,100.0
JF511067,HCV,2c,100.0
KF667843,HCV,1b,100.0
JF511074,HCV,2c,100.0
JF511073,HCV,2c,100.0
JF511072,HCV,2c,100.0
JF511076,HCV,2c,100.0
JF511077,HCV,2c,100.0
KF667826,HCV,1b,100.0
KF667847,HCV,1b,100.0
KF667845,HCV,1b,100.0
KF667786,HCV,1a,100.0
KF667820,HCV,1b,100.0
KF667756,HCV,1a,100.0
OM525903,HCV,2q,94.0
KF667757,HCV,1a,100.0
OM525906,HCV,1b,100.0
KF667758,HCV,1a,100.0
OM525907,HCV,2d,100.0
OM525902,HCV,1a,100.0
KF667767,HCV,1a,100.0
KF667769,HCV,1a,100.0
OM525910,HCV,2d,100.0
KF667774,HCV,1a,100.0
KF667776,HCV,1a,100.0
OM525909,HCV,1a,100.0
OM525905,HCV,2j,58.0
KF667777,HCV,1a,100.0
KF667783,HCV,1a,100.0
KF667824,HCV,1b,100.0
KF667823,HCV,1b,100.0
KF667825,HCV,1b,100.0
OM525904,HCV,2q,96.0
KF667832,HCV,1b,100.0
KF667833,HCV,1b,100.0
KF667830,HCV,1b,100.0
KF667822,HCV,1b,100.0
KF667840,HCV,1b,100.0
KF667839,HCV,1b,100.0
D50484,HCV,1b,100.0
KF667831,HCV,1b,100.0
PX091936,HCV,3a,100.0
PX091935,HCV,1b,100.0
AF165051,HCV,1b,100.0
PX091934,HCV,2a,100.0
KC248193,HCV,1l,100.0
KC248194,HCV,1e,100.0
EF407446,HCV,1a,100.0
EF407445,HCV,1a,100.0
EF407448,HCV,1a,100.0
EF407447,HCV,1a,100.0
EF407449,HCV,1a,100.0
EF407450,HCV,1a,100.0
EF407452,HCV,1a,100.0
EF407451,HCV,1a,100.0
EF407456,HCV,1a,100.0
EF407455,HCV,1a,100.0
EF407453,HCV,1a,100.0
EF407454,HCV,1a,100.0
EF407457,HCV,1a,100.0
EF407458,HCV,1b,100.0
HM746817,HCV,1a,100.0
EF407503,HCV,1b,100.0
HM746830,HCV,1b,100.0
HM746828,HCV,1b,100.0
HM746833,HCV,1b,100.0
HM746835,HCV,1b,100.0
HM746836,HCV,1b,100.0
HM746831,HCV,1b,100.0
MZ171132,HCV,6l,100.0
MZ171133,HCV,6l,99.0
MZ171130,HCV,6l,100.0
JX183549,HCV,6k,99.0
JX183550,HCV,6l,100.0
JX183551,HCV,6l,100.0
JX183552,HCV,6l,100.0
JX183553,HCV,6l,100.0
JX183555,HCV,6l,100.0
MZ171134,HCV,6l,100.0
MH458984,HCV,6xa,100.0
MH458987,HCV,3b,100.0
MH458986,HCV,6n,100.0
HQ537009,HCV,4v,100.0
HQ908288,HCV,1b,100.0
HQ908297,HCV,1b,100.0
HQ908293,HCV,1b,100.0
HQ908294,HCV,1b,100.0
HQ908299,HCV,1b,100.0
HQ908296,HCV,1b,100.0
HQ908300,HCV,1b,100.0
HQ908303,HCV,1b,100.0
HQ908302,HCV,1b,100.0
HQ908295,HCV,1b,100.0
HQ908306,HCV,1b,100.0
HQ908304,HCV,1b,100.0
HQ908301,HCV,1b,100.0
HQ908298,HCV,1b,100.0
HQ908305,HCV,1b,100.0
HQ908312,HCV,1b,100.0
HQ908314,HCV,1b,100.0
HQ908311,HCV,1b,100.0
HQ908315,HCV,1b,100.0
JF511095,HCV,2c,100.0
JF511098,HCV,2c,100.0
JF511097,HCV,2c,100.0
JF511093,HCV,2c,100.0
JF511107,HCV,2c,100.0
JF511111,HCV,2c,100.0
JF511108,HCV,2c,100.0
JF511109,HCV,2c,100.0
JF511114,HCV,2c,100.0
JF511117,HCV,2c,100.0
JF511115,HCV,2c,100.0
JF511118,HCV,2c,100.0
JF511121,HCV,2c,100.0
JF511122,HCV,2c,100.0
JF511119,HCV,2c,100.0
JF511124,HCV,2c,100.0
JF511127,HCV,2c,100.0
JF511123,HCV,2c,100.0
JF511128,HCV,2c,100.0
JF511125,HCV,2c,100.0
JF511126,HCV,2c,100.0
JF511129,HCV,2c,100.0
JF511131,HCV,2c,100.0
JF511112,HCV,2c,100.0
JF511130,HCV,2c,100.0
JF511132,HCV,2c,100.0
JF511133,HCV,2c,100.0
JF511136,HCV,2c,100.0
JF511134,HCV,2c,100.0
KX621431,HCV,3a,100.0
KX621425,HCV,1a,100.0
KX621432,HCV,3a,100.0
KX621423,HCV,1a,100.0
KX621436,HCV,1a,100.0
KX621430,HCV,1a,100.0
KX621437,HCV,1a,100.0
KX621433,HCV,3a,100.0
KX621427,HCV,1a,100.0
KJ439773,HCV,1a,100.0
KJ439776,HCV,1l,100.0
KJ439772,HCV,1b,100.0
KJ439778,HCV,1a,100.0
KJ439781,HCV,1a,100.0
KJ439782,HCV,1a,100.0
KJ439780,HCV,1a,100.0
KJ439779,HCV,1b,98.0
OM525864,HCV,1a,100.0
OM525868,HCV,1b,100.0
OM525865,HCV,1b,100.0
OM525870,HCV,2d,100.0
OM525871,HCV,1a,100.0
OM525866,HCV,1a,100.0
OM525879,HCV,2j,100.0
OM525874,HCV,2d,100.0
OM525880,HCV,2b,100.0
OM525875,HCV,1a,100.0
OM525883,HCV,1b,100.0
OM525877,HCV,2j,81.0
OM525881,HCV,2d,100.0
OM525878,HCV,2a,99.0
OM525882,HCV,1b,100.0
OM525884,HCV,2q,66.0
OM525876,HCV,1b,100.0
OM525886,HCV,2d,100.0
OM525895,HCV,"unassigned_1, 1b-2a",NA
OM525887,HCV,2d,100.0
OM525890,HCV,2j,73.0
OM525893,HCV,2a,97.0
OM525889,HCV,1b,100.0
OM525892,HCV,1b,100.0
OM525888,HCV,1b,100.0
OM525899,HCV,"unassigned_1, 2b-1b",NA
OM525891,HCV,1a,100.0
OM525885,HCV,2j,99.0
OM525894,HCV,1b,100.0
OM525898,HCV,2d,100.0
OM525900,HCV,2j,97.0
OM525896,HCV,1b,100.0
OM525897,HCV,1b,100.0
OM525908,HCV,"unassigned_1, 2d-2a",NA
KF667760,HCV,1a,100.0
KF667785,HCV,1a,100.0
AF165055,HCV,1b,100.0
AF165052,HCV,1b,100.0
AF165049,HCV,1b,100.0
D16190,HCV,1c,100.0
D16192,HCV,1c,100.0
AF165058,HCV,1b,100.0
AF165059,HCV,1b,100.0
AF165056,HCV,1b,100.0
AF165054,HCV,1b,100.0
AF165057,HCV,1b,100.0
AF165060,HCV,1b,100.0
AF165063,HCV,1b,100.0
AF165062,HCV,1b,100.0
AF165050,HCV,1b,100.0
AF165061,HCV,1b,100.0
KC248197,HCV,1l,100.0
KC248196,HCV,1l,100.0
KC248199,HCV,1h,100.0
D14853,HCV,1c,100.0
LC650200,HCV,1g,100.0
HQ537008,HCV,4v,100.0
HQ908284,HCV,1b,100.0
HQ537007,HCV,1b,100.0
HQ908285,HCV,1b,100.0
KC248198,HCV,1h,100.0
HQ908286,HCV,1b,100.0
AF165064,HCV,1b,100.0
HQ908287,HCV,1b,100.0
HQ908282,HCV,1b,100.0
KC248195,HCV,1l,100.0
HQ908289,HCV,1b,100.0
HQ908283,HCV,1b,100.0
HQ908290,HCV,1b,100.0
HQ908292,HCV,1b,100.0
HQ908309,HCV,1b,100.0
HQ908308,HCV,1b,100.0
HQ908316,HCV,1b,100.0
HQ908318,HCV,1b,100.0
HQ908310,HCV,1b,100.0
HQ908320,HCV,1b,100.0
HQ908307,HCV,1b,100.0
HQ908322,HCV,1b,100.0
HQ908323,HCV,1b,100.0
HQ908321,HCV,1b,100.0
HQ908313,HCV,1b,100.0
HQ908325,HCV,1b,100.0
HQ908317,HCV,1b,100.0
HQ908324,HCV,1b,100.0
HQ908329,HCV,1b,100.0
HQ908326,HCV,1b,100.0
HQ908332,HCV,1b,100.0
HQ908333,HCV,1b,100.0
HQ908330,HCV,1b,100.0
HQ908319,HCV,1b,100.0
HQ908327,HCV,1b,100.0
HQ908335,HCV,1b,100.0
HQ908331,HCV,1b,100.0
HQ908336,HCV,1b,100.0
HQ908328,HCV,1b,100.0
HQ908339,HCV,1b,100.0
HQ908338,HCV,1b,100.0
HQ908341,HCV,1b,100.0
HQ908343,HCV,1b,100.0
HQ908344,HCV,1b,100.0
HQ908345,HCV,1b,100.0
HQ908334,HCV,1b,100.0
HQ908346,HCV,1b,100.0
HQ908354,HCV,1b,100.0
HQ908355,HCV,1b,100.0
HQ908352,HCV,1b,100.0
HQ908353,HCV,1b,100.0
HQ908347,HCV,1b,100.0
HQ908357,HCV,1b,100.0
HQ908356,HCV,1b,100.0
HQ908359,HCV,1b,100.0
HQ908358,HCV,1b,100.0
KM277570,HCV,1b,100.0
KM277569,HCV,1b,100.0
KM277574,HCV,1b,100.0
KM277576,HCV,1b,100.0
KM277568,HCV,1b,100.0
KM277578,HCV,1b,100.0
AF207774,HCV,1b,100.0
AF207773,HCV,1b,100.0
AF207770,HCV,1b,100.0
AF207769,HCV,1b,100.0
MH940292,HCV,3a,62.0
MH742368,HCV,"unassigned_1, 4v-4g",NA
AF207772,HCV,1b,100.0
MH742362,HCV,4v,98.0
AF208024,HCV,1b,100.0
MH742361,HCV,4k,100.0
LC773634,HCV,4a,69.0
LC773635,HCV,4a,46.0
LC773636,HCV,4a,71.0
AF207771,HCV,1b,100.0
MH742365,HCV,4v,100.0
MH742364,HCV,4k,100.0
MH742363,HCV,4q,58.0
MH742369,HCV,"unassigned_1, 4v-4a-4p",NA
MH742367,HCV,4v,100.0
MH742370,HCV,4k,100.0
EU392170,HCV,4f,100.0
EU392172,HCV,4d,100.0
MH940291,HCV,7a,65.0
EU392171,HCV,4k,100.0
EU392175,HCV,4f,100.0
EU392174,HCV,4f,100.0
EU392173,HCV,4k,100.0
LC773637,HCV,4f,100.0
MH742371,HCV,4k,100.0
LC773639,HCV,4f,96.0
LC773640,HCV,4a,100.0
KJ567644,HCV,6l,100.0
LC773638,HCV,4k,100.0
KJ567645,HCV,6l,100.0
KJ567646,HCV,6e,94.0
KJ567647,HCV,6w,59.0
KJ567650,HCV,6e,100.0
KJ567652,HCV,6e,100.0
KJ567649,HCV,6e,100.0
EU408326,HCV,6e,100.0
PP092208,HCV,6w,76.0
KJ567648,HCV,6w,100.0
EU408327,HCV,6o,100.0
KY120330,HCV,6n,100.0
KJ567651,HCV,6e,100.0
KY120331,HCV,1b,100.0
KY120329,HCV,6a,100.0
KY120328,HCV,1b,100.0
KY120332,HCV,3a,100.0
PQ365497,HCV,1a,100.0
PQ365501,HCV,3a,100.0
PQ365503,HCV,1a,100.0
PQ365499,HCV,1a,100.0
PQ365500,HCV,1a,100.0
PQ365505,HCV,3b,100.0
PQ365502,HCV,3a,100.0
PQ365504,HCV,3i,100.0
PQ365498,HCV,3a,100.0
PQ365508,HCV,3a,100.0
PQ365507,HCV,1a,100.0
PQ365511,HCV,3a,100.0
PQ365510,HCV,1b,100.0
PQ365506,HCV,3a,100.0
PQ365513,HCV,3a,100.0
PQ365512,HCV,3a,100.0
PQ365509,HCV,3a,100.0
PQ365516,HCV,1a,100.0
PQ365515,HCV,3a,100.0
PQ365520,HCV,3a,100.0
PQ365518,HCV,3a,100.0
PQ365514,HCV,3a,100.0
PQ365517,HCV,3a,100.0
PQ365522,HCV,3a,100.0
PQ365519,HCV,3a,100.0
PQ365521,HCV,3a,100.0
PQ365524,HCV,3a,100.0
PQ365523,HCV,3a,100.0
PQ365525,HCV,3a,100.0
PQ365527,HCV,1a,100.0
PQ365526,HCV,3a,100.0
PQ365528,HCV,3a,100.0
PQ365529,HCV,3a,100.0
PQ365533,HCV,1a,100.0
PQ365530,HCV,3a,100.0
PQ365532,HCV,3a,100.0
PQ365534,HCV,3a,100.0
PQ365531,HCV,3a,100.0
PQ365539,HCV,3g,100.0
PQ365537,HCV,3a,100.0
PQ365535,HCV,3a,100.0
PQ365536,HCV,3a,100.0
PQ365538,HCV,3a,100.0
PQ365540,HCV,3a,100.0
MZ161145,HCV,6a,100.0
MZ161146,HCV,6a,100.0
MZ161147,HCV,6a,100.0
MZ161148,HCV,6a,100.0
MZ161151,HCV,6a,100.0
MZ161149,HCV,6a,100.0
MZ161154,HCV,6a,100.0
MZ161152,HCV,6a,100.0
MZ161153,HCV,6a,100.0
MZ161150,HCV,6a,100.0
MZ161158,HCV,6a,100.0
MZ161155,HCV,6a,100.0
MZ161156,HCV,6a,100.0
MZ161157,HCV,6a,100.0
EU246930,HCV,6a,100.0
EU246933,HCV,6l,100.0
EU246937,HCV,"unassigned_1, 6n-6o-6e-6a-6o",NA
EU246931,HCV,6e,100.0
EU246934,HCV,6o,100.0
EU246935,HCV,6i,100.0
EU246932,HCV,6e,100.0
EU246940,HCV,6u,100.0
EU246936,HCV,6f,100.0
EU246938,HCV,6n,100.0
EU246939,HCV,6t,100.0
KM504109,HCV,6n,100.0
KM504111,HCV,6e,42.0
KM504112,HCV,1b,44.0
KT190710,HCV,6e,56.0
KM504110,HCV,6f,100.0
KM504113,HCV,6r,100.0
KM504114,HCV,6o,55.0
KF463160,HCV,4d,100.0
KF463161,HCV,4d,98.0
KF463162,HCV,4d,100.0
KF463163,HCV,4d,100.0
KF463164,HCV,4d,100.0
KF463166,HCV,4d,98.0
KF463167,HCV,4d,100.0
KF463168,HCV,4d,100.0
KF463165,HCV,4d,100.0
KF667766,HCV,1a,100.0
D50481,HCV,1b,100.0
KF667761,HCV,1a,100.0
KF667759,HCV,1a,100.0
KF667768,HCV,1a,100.0
KF667775,HCV,1a,100.0
KF667782,HCV,1a,100.0
D50483,HCV,1b,100.0
D50482,HCV,1b,100.0
OM525901,HCV,2a,82.0
KF667784,HCV,1a,100.0
D50480,HCV,1b,100.0
KF667848,HCV,1b,100.0
KF667838,HCV,1b,100.0
D50485,HCV,1b,100.0
AF165053,HCV,1b,100.0
GU451223,HCV,1b,100.0
AF165045,HCV,1b,100.0
GU451224,HCV,1b,100.0
HM746805,HCV,1a,100.0
PX445004,HCV,"unassigned_1, 1e-4f-4w-4f-4p",NA
PX445002,HCV,"unassigned_1, 1e-4a-4w-4f",NA
PX446959,HCV,"unassigned_1, 1l-4f",NA
HM746806,HCV,1a,100.0
PX445001,HCV,"unassigned_1, 1h-4f",NA
HM746807,HCV,1a,100.0
EF407499,HCV,1b,100.0
HM746808,HCV,1a,100.0
EF407500,HCV,1b,100.0
HM746810,HCV,1a,100.0
HM746809,HCV,1a,100.0
HM746825,HCV,1b,100.0
D86533,HCV,4a,100.0
D86535,HCV,4a,100.0
D86536,HCV,4a,100.0
D86534,HCV,4l,100.0
D86537,HCV,4d,100.0
JX183558,HCV,6j,100.0
EF424627,HCV,6o,100.0
EF424626,HCV,6p,100.0
D86539,HCV,4l,100.0
D86540,HCV,4a,100.0
D86542,HCV,4a,100.0
D86538,HCV,4d,100.0
EF424625,HCV,6q,100.0
MH458977,HCV,3a,100.0
MH458978,HCV,6xa,100.0
MH458979,HCV,6n,100.0
D86543,HCV,4m,100.0
JX183554,HCV,6l,100.0
MH458980,HCV,6xa,100.0
MH458982,HCV,6n,100.0
MH458981,HCV,3b,100.0
D86541,HCV,4a,100.0
MH458990,HCV,3b,100.0
EF424628,HCV,6l,100.0
MH458992,HCV,3b,100.0
MH458993,HCV,6xa,100.0
D84263,HCV,6d,100.0
D84262,HCV,6b,100.0
MH458995,HCV,6n,100.0
MH458996,HCV,6n,100.0
MH458994,HCV,6n,100.0
KX621434,HCV,3a,100.0
KX621422,HCV,1a,100.0
KX621438,HCV,1a,100.0
KX621443,HCV,1a,100.0
KX621442,HCV,1a,100.0
KX621448,HCV,1a,100.0
KX621449,HCV,1a,100.0
KX621445,HCV,1a,100.0
KX621446,HCV,1a,100.0
KX621441,HCV,3a,100.0
KX621444,HCV,1a,100.0
KX621447,HCV,3a,100.0
KX621439,HCV,1a,100.0
KX621450,HCV,1a,100.0
KX621451,HCV,1a,100.0
KX621453,HCV,3a,100.0
KX621452,HCV,1a,100.0
KX621440,HCV,1a,100.0
KX621454,HCV,3a,100.0
KX621456,HCV,1a,100.0
KX621455,HCV,1a,100.0
KX621459,HCV,1a,100.0
KX621457,HCV,1a,100.0
KX621464,HCV,1a,100.0
KX621460,HCV,1a,100.0
KX621467,HCV,1a,100.0
KX621458,HCV,1a,100.0
KX621463,HCV,1a,100.0
KX621465,HCV,1a,100.0
KX621466,HCV,1a,100.0
KX621461,HCV,1a,100.0
KX621472,HCV,3a,100.0
KX621469,HCV,3a,100.0
KX621470,HCV,3a,100.0
KX621462,HCV,1a,100.0
KX621468,HCV,1a,100.0
KX621475,HCV,3a,100.0
KX621481,HCV,3a,100.0
KX621477,HCV,3a,100.0
KX621480,HCV,3a,100.0
KX621483,HCV,3a,100.0
KX621478,HCV,3a,100.0
KX621476,HCV,3a,100.0
KX621484,HCV,1a,100.0
KX621479,HCV,3a,100.0
KX621491,HCV,3a,100.0
KX621489,HCV,3a,100.0
KX621482,HCV,1a,100.0
KX621490,HCV,3a,100.0
KX621487,HCV,3a,100.0
KX621486,HCV,3a,100.0
KX621485,HCV,1a,100.0
KX621494,HCV,3a,100.0
KX621492,HCV,3a,100.0
KX621495,HCV,1a,100.0
KX621488,HCV,3a,100.0
KX621499,HCV,3a,100.0
KX621493,HCV,1a,100.0
KX621501,HCV,3a,100.0
KX621502,HCV,3a,100.0
KX621503,HCV,3a,100.0
KX621497,HCV,3a,100.0
KX621496,HCV,3a,100.0
KX621504,HCV,1a,100.0
KX621506,HCV,3a,100.0
KX621507,HCV,3a,100.0
KX621505,HCV,1a,100.0
KX621508,HCV,3a,100.0
KX621498,HCV,3a,100.0
KX621510,HCV,1a,100.0
KX621513,HCV,3a,100.0
KX621500,HCV,1a,100.0
KX621511,HCV,1a,100.0
KX621512,HCV,1a,100.0
KF463169,HCV,4d,100.0
KF463170,HCV,4d,100.0
KF463171,HCV,4d,100.0
KF463172,HCV,4d,100.0
KF463173,HCV,4d,100.0
KF463174,HCV,4d,100.0
KX621514,HCV,1a,100.0
KF463175,HCV,4d,100.0
KF463176,HCV,4d,100.0
KX621516,HCV,3a,100.0
KF463177,HCV,4d,100.0
KF463187,HCV,4d,100.0
JF511068,HCV,2c,100.0
OM525856,HCV,1a,100.0
JF511070,HCV,2c,100.0
JF511071,HCV,2c,100.0
JF511069,HCV,2c,100.0
OM525861,HCV,2d,100.0
JF511079,HCV,2c,100.0
JF511078,HCV,2c,100.0
JF511075,HCV,2c,100.0
KF667846,HCV,1b,100.0
OM525854,HCV,1b,100.0
KF667842,HCV,1b,100.0
OM525859,HCV,1b,100.0
KX621536,HCV,1a,100.0
KX621531,HCV,3a,100.0
KX621534,HCV,3a,100.0
KX621528,HCV,1a,100.0
KX621533,HCV,1a,100.0
KX621535,HCV,1a,100.0
KX621529,HCV,1a,100.0
KX621540,HCV,1a,100.0
KX621539,HCV,3a,100.0
KX621541,HCV,3a,100.0
KF463157,HCV,4d,100.0
KF463158,HCV,4d,100.0
KF463159,HCV,4d,99.0
KX621543,HCV,1a,100.0
KJ439774,HCV,1a,100.0
KJ439777,HCV,1a,100.0
KJ439771,HCV,1h,100.0
KJ439775,HCV,1a,100.0
KM277575,HCV,1b,100.0
KM277573,HCV,1b,100.0
KM277579,HCV,1b,100.0
KM277580,HCV,1b,100.0
KM277571,HCV,1b,100.0
KM277581,HCV,1b,100.0
LC435022,HCV,1b,100.0
LC435021,HCV,6a,100.0
KM277572,HCV,1b,100.0
KM277577,HCV,1b,100.0
LC435023,HCV,6e,100.0
LC435026,HCV,1b,100.0
LC435024,HCV,6r,100.0
EF407411,HCV,1a,100.0
LC435028,HCV,6r,100.0
LC435029,HCV,1b,100.0
LC435030,HCV,1b,100.0
EF407413,HCV,1a,100.0
LC435027,HCV,6e,100.0
EF407414,HCV,1a,100.0
LC435025,HCV,1b,100.0
EF407412,HCV,1a,100.0
EF407416,HCV,1a,100.0
EF407415,HCV,1a,100.0
EF407418,HCV,1a,100.0
EF407417,HCV,1a,100.0
EF407420,HCV,1a,100.0
EF407424,HCV,1a,100.0
EF407419,HCV,1a,100.0
EF407423,HCV,1a,100.0
EF407422,HCV,1a,100.0
EF407421,HCV,1a,100.0
EF407425,HCV,1a,100.0
EF407426,HCV,1a,100.0
EF407428,HCV,1a,100.0
EF407427,HCV,1a,100.0
EF407430,HCV,1a,100.0
EF407429,HCV,1a,100.0
EF407434,HCV,1a,100.0
EF407431,HCV,1a,100.0
EF407432,HCV,1a,100.0
EF407433,HCV,1a,100.0
EF407436,HCV,1a,100.0
EF407435,HCV,1a,100.0
EF407438,HCV,1a,100.0
EF407440,HCV,1a,100.0
EF407442,HCV,1a,100.0
EF407439,HCV,1a,100.0
EF407441,HCV,1a,100.0
EF407437,HCV,1a,100.0
EF407444,HCV,1a,100.0
EF407443,HCV,1a,100.0
EF407462,HCV,1b,100.0
EF407465,HCV,1b,100.0
EF407460,HCV,1b,100.0
EF407464,HCV,1b,100.0
EF407461,HCV,1b,100.0
EF407466,HCV,1b,100.0
EF407463,HCV,1b,100.0
EF407459,HCV,1b,100.0
EF407467,HCV,1b,100.0
EF407468,HCV,1b,100.0
EF407483,HCV,1b,100.0
EF407482,HCV,1b,100.0
EF407484,HCV,1b,100.0
EF407485,HCV,1b,100.0
EF407487,HCV,1b,100.0
EF407486,HCV,1b,100.0
EF407489,HCV,1b,100.0
EF407488,HCV,1b,100.0
EF407490,HCV,1b,100.0
EF407491,HCV,1b,100.0
EF407494,HCV,1b,100.0
EF407493,HCV,1b,100.0
EF407492,HCV,1b,100.0
EF407495,HCV,1b,100.0
EF407497,HCV,1b,100.0
HM746802,HCV,1a,100.0
HM746803,HCV,1a,100.0
EF407498,HCV,1b,100.0
HM746804,HCV,1a,100.0
HM746813,HCV,1a,100.0
HM746814,HCV,1a,100.0
HM746812,HCV,1a,100.0
HM746815,HCV,1a,100.0
HM746816,HCV,1a,100.0
HM746811,HCV,1a,100.0
HM746820,HCV,1b,100.0
HM746819,HCV,1b,100.0
HM746821,HCV,1b,100.0
HM746818,HCV,1b,100.0
EF407502,HCV,1b,100.0
EF407501,HCV,1b,100.0
HM746824,HCV,1b,100.0
EF407504,HCV,1b,100.0
HM746826,HCV,1b,100.0
HM746827,HCV,1b,100.0
KR870893,HCV,1l,100.0
KR870894,HCV,1e,100.0
HM746834,HCV,1b,100.0
HM746823,HCV,1b,100.0
HM746829,HCV,1b,100.0
HM746832,HCV,1b,100.0
EF407496,HCV,1b,100.0
HM746841,HCV,1b,100.0
KR870888,HCV,"unassigned_1, 1e-4k-4n-4g-4a-4f-4d-4g",NA
AF207754,HCV,1b,100.0
AF207761,HCV,1b,100.0
AF207757,HCV,1b,100.0
AF207756,HCV,1b,100.0
AF207752,HCV,1b,100.0
AF207763,HCV,1b,100.0
AF207753,HCV,1b,100.0
AF207765,HCV,1b,100.0
AF207758,HCV,1b,100.0
AF207766,HCV,1b,100.0
AF207762,HCV,1b,100.0
AF207760,HCV,1b,100.0
AF207755,HCV,1b,100.0
AF207759,HCV,1b,100.0
AF207764,HCV,1b,100.0
AF207767,HCV,1b,100.0
MH742360,HCV,"unassigned_1, 4v-4k",NA
MH742366,HCV,"unassigned_1, 4v-4m",NA
AF207768,HCV,1b,100.0
KM504115,HCV,6q,100.0
KM504117,HCV,6e,59.0
KM504118,HCV,6w,69.0
KM504119,HCV,6h,100.0
KM504120,HCV,6e,98.0
KM504116,HCV,6q,100.0
KM504123,HCV,6s,100.0
KM504121,HCV,6w,91.0
KM504122,HCV,6h,100.0
KM504124,HCV,6c,100.0
DQ835760,HCV,6f,100.0
DQ835765,HCV,6m,100.0
AB049088,HCV,"unassigned_1, 1b-6b",NA
AB049089,HCV,"unassigned_1, 1b-6h-6b",NA
DQ835766,HCV,6m,100.0
DQ835763,HCV,6m,100.0
DQ835764,HCV,6f,100.0
DQ835767,HCV,6m,100.0
DQ835769,HCV,6j,100.0
AB049091,HCV,"unassigned_1, 1b-2b-6d-6b",NA
AB049090,HCV,"unassigned_1, 1b-6k-6b",NA
DQ835768,HCV,6n,100.0
AB049095,HCV,"unassigned_1, 1b-6h-6b",NA
DQ835770,HCV,6i,100.0
AB049101,HCV,"unassigned_1, 1b-6k-6d-6b",NA
AB049087,HCV,1b,100.0
AB049092,HCV,1b,100.0
AB049093,HCV,1b,100.0
AB049097,HCV,1b,100.0
AB049098,HCV,1b,100.0
AB049094,HCV,1b,100.0
KC767829,HCV,5a,100.0
KC767833,HCV,5a,100.0
AB049100,HCV,1b,100.0
KC767834,HCV,5a,100.0
KC767830,HCV,5a,100.0
KC767831,HCV,5a,100.0
KC767832,HCV,5a,100.0
AB049096,HCV,1b,100.0
AM910652,HCV,1g,100.0
FJ462437,HCV,"unassigned_1, 4d-4o",NA
FJ462431,HCV,4p,100.0
AB049099,HCV,1b,100.0
FJ462433,HCV,4m,100.0
FJ462434,HCV,4q,100.0
FJ462432,HCV,4g,100.0
FJ462435,HCV,4b,100.0
FJ462438,HCV,4k,100.0
FJ462439,HCV,4r,100.0
FJ462436,HCV,4c,100.0
AY859526,HCV,6a,100.0
FJ462440,HCV,4o,100.0
FJ839869,HCV,4t,100.0
DQ480512,HCV,6a,100.0
FJ462441,HCV,4n,100.0
FJ839870,HCV,4l,100.0
DQ480515,HCV,6a,100.0
DQ480513,HCV,6a,100.0
DQ480516,HCV,6a,100.0
DQ480514,HCV,6a,100.0
DQ480518,HCV,6a,100.0
JF735129,HCV,"unassigned_1, 4v-4k",NA
DQ480517,HCV,6a,100.0
DQ480519,HCV,6a,100.0
DQ480520,HCV,6a,100.0
DQ480521,HCV,6a,100.0
JF735131,HCV,"unassigned_1, 4v-4g",NA
JF735130,HCV,"unassigned_1, 4v-4o",NA
DQ480522,HCV,6a,100.0
DQ480523,HCV,6a,100.0
JF735127,HCV,4k,96.0
DQ480524,HCV,6a,100.0
JF735136,HCV,"unassigned_1, 4v-4g",NA
JF735132,HCV,4v,77.0
JF735135,HCV,4a,100.0
JF735134,HCV,4k,99.0
JF735138,HCV,4k,100.0
JF735137,HCV,4a,100.0
MZ171127,HCV,6l,100.0
MZ171128,HCV,6l,100.0
MZ171129,HCV,6l,100.0
MZ171131,HCV,6l,100.0
JX183556,HCV,6l,100.0
D84398,HCV,2c,100.0
D86529,HCV,2q,100.0
JX183557,HCV,6n,100.0
D86530,HCV,2j,100.0
D86531,HCV,1b,100.0
D86532,HCV,2k,100.0
MH458989,HCV,1a,100.0
MH458988,HCV,3b,100.0
MH458985,HCV,3b,100.0
MH458991,HCV,1a,100.0
MH458997,HCV,3a,100.0
MH458998,HCV,6e,50.0
EF424629,HCV,6c,100.0
MH458999,HCV,1a,100.0
MH458983,HCV,6n,100.0
GU054483,HCV,4d,100.0
GU054481,HCV,4a,100.0
GU054482,HCV,4l,63.0
GU054485,HCV,4d,100.0
GU054484,HCV,4d,100.0
GU054478,HCV,4d,100.0
GU054486,HCV,4a,100.0
JF511081,HCV,2c,100.0
GU054487,HCV,4d,100.0
GU054488,HCV,4a,100.0
EU334531,HCV,4f,78.0
EU334532,HCV,4c,100.0
EU334534,HCV,4c,100.0
EU334533,HCV,4f,72.0
GU054489,HCV,4r,100.0
JF511099,HCV,2c,100.0
JF511062,HCV,2c,100.0
KF667837,HCV,1b,100.0
JF511063,HCV,2c,100.0
MH477410,HCV,4t,58.0
MH477411,HCV,4t,86.0
MH477413,HCV,4t,71.0
JX227962,HCV,4r,100.0
JX227968,HCV,2m,100.0
JX227977,HCV,4o,100.0
MH477358,HCV,2j,86.0
JX227976,HCV,4r,100.0
FJ025855,HCV,4w,100.0
EU643834,HCV,6w,100.0
EU798761,HCV,6v,100.0
JX227979,HCV,4o,100.0
EU643836,HCV,6w,100.0
FJ025856,HCV,4w,100.0
FJ435090,HCV,6v,100.0
EU798760,HCV,6v,100.0
MK548363,HCV,"unassigned_1, 1a-2b",NA
MK548366,HCV,"unassigned_1, 1a-2b",NA
MK548364,HCV,"unassigned_1, 1a-2b",NA
MK548367,HCV,"unassigned_1, 1a-2b",NA
MK548362,HCV,"unassigned_1, 1a-2b",NA
MK548365,HCV,"unassigned_1, 1a-2b",NA
MK548368,HCV,"unassigned_1, 1a-2b",NA
MH477421,HCV,4f,100.0
KX107885,HCV,5a,100.0
KX107887,HCV,6a,100.0
OM896922,HCV,3b,100.0
OM896927,HCV,3b,100.0
OM896924,HCV,3b,100.0
OM896929,HCV,3b,100.0
OM896928,HCV,3b,100.0
OM896930,HCV,3b,100.0
OM896932,HCV,3b,100.0
OM896936,HCV,3b,100.0
OM896931,HCV,3b,100.0
OM896933,HCV,3b,100.0
OM896934,HCV,3b,100.0
OM896935,HCV,3b,100.0
OM896937,HCV,3b,100.0
MK328016,HCV,"unassigned_1, 6g-3b",NA
MH590698,HCV,"unassigned_1, 2j-5a",NA
KM252794,HCV,6w,88.0
KM252799,HCV,6a,100.0
MH477379,HCV,4f,100.0
KM252800,HCV,6e,85.0
OM312726,HCV,1a,100.0
KT148815,HCV,1b,100.0
GQ356203,HCV,3a,100.0
GQ356206,HCV,3a,100.0
GQ356208,HCV,3a,100.0
GQ356201,HCV,3a,100.0
GQ356209,HCV,3a,100.0
GQ356212,HCV,3a,100.0
GQ356205,HCV,3a,100.0
GQ356214,HCV,3a,100.0
GQ356200,HCV,3a,100.0
GQ356204,HCV,3a,100.0
GQ356211,HCV,3a,100.0
GQ356202,HCV,3a,100.0
GQ356213,HCV,3a,100.0
GQ356210,HCV,3a,100.0
GQ356207,HCV,3a,100.0
GQ356216,HCV,3a,100.0
GQ356217,HCV,3a,100.0
GQ356215,HCV,3a,100.0
EF589161,HCV,4f,100.0
JF735113,HCV,2j,100.0
EF589160,HCV,4f,100.0
JF735111,HCV,2m,100.0
EF108306,HCV,7a,100.0
JF735110,HCV,2j,52.0
JF735116,HCV,2j,100.0
JF735112,HCV,2a,90.0
JF735115,HCV,2r,100.0
JF735119,HCV,2a,97.0
JF735117,HCV,2j,100.0
JF735114,HCV,2d,100.0
JF735120,HCV,2e,100.0
OM312721,HCV,1a,100.0
OM312729,HCV,1a,100.0
OM312730,HCV,1a,100.0
OM312740,HCV,1a,100.0
MH477397,HCV,4v,82.0
MH477404,HCV,4p,97.0
MH477403,HCV,4v,68.0
MH477406,HCV,4t,97.0
MH477398,HCV,4p,44.0
MH477418,HCV,4f,100.0
MH477417,HCV,4f,100.0
OM312718,HCV,1a,100.0
OM312734,HCV,1a,100.0
OM312742,HCV,1a,100.0
MW041299,HCV,2j,100.0
DQ314806,HCV,6g,100.0
DQ314805,HCV,6e,100.0
MK139018,HCV,6n,100.0
MH733208,HCV,1b,100.0
MH477378,HCV,4f,100.0
KX107873,HCV,5a,100.0
KX107879,HCV,6f,100.0
KX107897,HCV,6e,100.0
KX107878,HCV,6n,100.0
KX107884,HCV,6e,100.0
KX107888,HCV,6e,100.0
OM896881,HCV,3b,100.0
KX107896,HCV,6e,100.0
KX107891,HCV,6j,100.0
OM896890,HCV,3b,100.0
KX107889,HCV,6a,100.0
OM896882,HCV,3b,100.0
OM896906,HCV,3b,100.0
OM896908,HCV,3b,100.0
OM896903,HCV,3b,100.0
OM896907,HCV,3b,100.0
OM896905,HCV,3b,100.0
OM896910,HCV,3b,100.0
OM896914,HCV,3b,100.0
OM896925,HCV,3b,100.0
OM896902,HCV,3b,100.0
OM896923,HCV,3b,100.0
OM896926,HCV,3b,100.0
MK328018,HCV,6w,100.0
MK328025,HCV,6w,84.0
DQ418782,HCV,4a,100.0
MH590700,HCV,"unassigned_1, 1b-6w",NA
JF735133,HCV,4v,100.0
DQ418787,HCV,4a,100.0
DQ418783,HCV,4a,100.0
DQ418786,HCV,4d,100.0
KM252780,HCV,6e,100.0
KM252781,HCV,6e,100.0
MK328019,HCV,6g,100.0
KM252788,HCV,"unassigned_1, 6u-2b",NA
MK328021,HCV,6w,99.0
MH590701,HCV,"unassigned_1, 2j-5a",NA
MK328026,HCV,6w,100.0
MK328020,HCV,6w,99.0
MH590699,HCV,"unassigned_1, 2j-5a",NA
MK328024,HCV,6g,91.0
MK328022,HCV,6g,99.0
MK328023,HCV,6w,78.0
JF735128,HCV,"unassigned_1, 4v-4m-4p-4t-4a-3g-2b-1a-3h",NA
DQ418784,HCV,4a,100.0
KT148759,HCV,1a,100.0
KT148771,HCV,1a,100.0
DQ418785,HCV,4a,100.0
DQ418788,HCV,4a,100.0
KM252782,HCV,6h,100.0
KM252786,HCV,6r,100.0
KM252783,HCV,6h,100.0
KM252784,HCV,6h,100.0
KT148757,HCV,1a,100.0
KT148758,HCV,1a,100.0
KM252787,HCV,6s,100.0
KT148760,HCV,1a,100.0
KT148767,HCV,1a,100.0
KT148768,HCV,1a,100.0
KT148770,HCV,1a,100.0
KM252790,HCV,6a,100.0
KT148769,HCV,1a,100.0
KM252796,HCV,6e,75.0
KT148816,HCV,1b,100.0
KT148773,HCV,1a,100.0
KT148788,HCV,1a,100.0
KM252791,HCV,6a,100.0
KT148793,HCV,1b,100.0
KM252793,HCV,6d,73.0
KT148791,HCV,1a,100.0
KT148790,HCV,1a,100.0
KT148808,HCV,1b,100.0
KT148789,HCV,1a,100.0
KT148811,HCV,1b,100.0
KT148809,HCV,1b,100.0
KM252789,HCV,6a,100.0
KT148810,HCV,1b,100.0
KT148812,HCV,1b,100.0
KM252798,HCV,6e,57.0
KM252792,HCV,6n,100.0
KM252795,HCV,6j,100.0
KM252797,HCV,6e,52.0
ON228294,HCV,5a,100.0
ON228297,HCV,5a,100.0
OM312665,HCV,1a,100.0
ON228296,HCV,5a,100.0
OM312671,HCV,1a,100.0
OM312666,HCV,1a,100.0
ON228298,HCV,5a,100.0
ON228295,HCV,5a,100.0
OM312668,HCV,1a,100.0
OM312672,HCV,1a,100.0
OM312667,HCV,1a,100.0
OM312669,HCV,1a,100.0
ON228300,HCV,5a,100.0
OM312680,HCV,1a,100.0
OM312681,HCV,1a,100.0
OM312677,HCV,1a,100.0
OM312676,HCV,1a,100.0
OM312686,HCV,1a,100.0
OM312688,HCV,1a,100.0
OM312682,HCV,1a,100.0
OM312683,HCV,1a,100.0
OM312687,HCV,1a,100.0
OM312689,HCV,1a,100.0
OM312696,HCV,1a,100.0
OM312673,HCV,1a,100.0
OM312697,HCV,1a,100.0
OM312701,HCV,1a,100.0
OM312715,HCV,1a,100.0
OM312708,HCV,1a,100.0
OM312704,HCV,1a,100.0
OM312702,HCV,1a,100.0
OM312698,HCV,1a,100.0
OM312705,HCV,1a,100.0
OM312700,HCV,1a,100.0
OM312707,HCV,1a,100.0
OM312723,HCV,1a,100.0
OM312709,HCV,1a,100.0
OM312717,HCV,1a,100.0
OM312706,HCV,1a,100.0
OM312724,HCV,1a,100.0
OM312728,HCV,1a,100.0
OM312710,HCV,1a,100.0
OM312741,HCV,1a,100.0
OM312732,HCV,1a,100.0
OM312737,HCV,1a,100.0
OM312731,HCV,1a,100.0
OM312735,HCV,1a,100.0
OM312743,HCV,1a,100.0
OM312738,HCV,1a,100.0
OM312750,HCV,1a,100.0
OM312755,HCV,1a,100.0
OM312745,HCV,1a,100.0
OM312752,HCV,1a,100.0
OM312759,HCV,1a,100.0
OM312747,HCV,1a,100.0
OM312756,HCV,1a,100.0
OM312767,HCV,1a,100.0
OM312762,HCV,1a,100.0
MH477362,HCV,2j,61.0
OM312761,HCV,1a,100.0
MH477366,HCV,2q,42.0
MH477364,HCV,2j,95.0
MH477371,HCV,4f,50.0
MH477372,HCV,4f,100.0
MH477376,HCV,4f,100.0
OM312764,HCV,1a,100.0
MH477369,HCV,4a,82.0
OM312758,HCV,1a,100.0
MH477375,HCV,4f,100.0
MH477373,HCV,4f,100.0
OM312760,HCV,1a,100.0
OM312772,HCV,1a,100.0
MH477374,HCV,4f,100.0
MH477377,HCV,4f,100.0
OM312774,HCV,1b,100.0
MH477363,HCV,2j,88.0
OM312768,HCV,1a,100.0
OM312769,HCV,1a,100.0
MH477422,HCV,4f,100.0
MK548369,HCV,"unassigned_1, 1a-2b",NA
MH477420,HCV,1e,100.0
MH477423,HCV,2a,80.0
MH477424,HCV,4f,100.0
KX107880,HCV,6n,100.0
KX107893,HCV,6e,100.0
KX107892,HCV,5a,100.0
OM312670,HCV,1a,100.0
OM312674,HCV,1a,100.0
ON228299,HCV,5a,100.0
OM312679,HCV,1a,100.0
OM312691,HCV,1a,100.0
OM312693,HCV,1a,100.0
OM312694,HCV,1a,100.0
OM312695,HCV,1a,100.0
OM312699,HCV,1a,100.0
OM312690,HCV,1a,100.0
OM312692,HCV,1a,100.0
OM312684,HCV,1a,100.0
OM312703,HCV,1a,100.0
OM312725,HCV,1a,100.0
OM312720,HCV,1a,100.0
OM312727,HCV,1a,100.0
OM312722,HCV,1a,100.0
JF735118,HCV,2k,99.0
OM312736,HCV,1a,100.0
OM312751,HCV,1a,100.0
OM312744,HCV,1a,100.0
OM312749,HCV,1a,100.0
OM312766,HCV,1a,100.0
OM312757,HCV,1a,100.0
MH477360,HCV,2j,88.0
OM312765,HCV,1a,100.0
OM312771,HCV,1a,100.0
MH477368,HCV,2a,59.0
MH477370,HCV,4m,68.0
OM312770,HCV,1a,100.0
MH477365,HCV,2j,68.0
OM312773,HCV,1a,100.0
MH477419,HCV,1e,100.0
KX107872,HCV,5a,100.0
EU408330,HCV,6xa,100.0
KX107881,HCV,6l,100.0
KX107882,HCV,6e,100.0
KJ470613,HCV,3a,100.0
EU408332,HCV,6xa,100.0
KJ470615,HCV,3a,100.0
KJ470616,HCV,3b,100.0
KT148761,HCV,1a,100.0
KJ470617,HCV,3b,100.0
KJ470614,HCV,3a,100.0
MH477426,HCV,4f,100.0
EU408331,HCV,6xa,100.0
OM896940,HCV,3b,100.0
OM896941,HCV,3b,100.0
KJ470619,HCV,3a,100.0
OM896939,HCV,3b,100.0
OM896942,HCV,3b,100.0
OM896943,HCV,3b,100.0
KJ470612,HCV,3a,100.0
OM896938,HCV,3b,100.0
OM896944,HCV,3b,100.0
OM896945,HCV,3a,100.0
OM896946,HCV,3a,100.0
OM896949,HCV,3a,100.0
OM896947,HCV,3a,100.0
OM896948,HCV,3a,100.0
OM896953,HCV,3a,100.0
OM896950,HCV,3a,100.0
OM896957,HCV,3a,100.0
OM896954,HCV,3a,100.0
OM896958,HCV,3a,100.0
OM896951,HCV,3a,100.0
OM896955,HCV,3a,100.0
OM896959,HCV,3a,100.0
OM896956,HCV,3a,100.0
OM896981,HCV,3a,100.0
OM896983,HCV,3a,100.0
KT148762,HCV,1a,100.0
KT148776,HCV,1a,100.0
KT148778,HCV,1a,100.0
KT148779,HCV,1a,100.0
KT148780,HCV,1a,100.0
KT148781,HCV,1a,100.0
KT148782,HCV,1a,100.0
KT148795,HCV,1b,100.0
KT148796,HCV,1b,100.0
KT148799,HCV,1b,100.0
OM312827,HCV,1b,100.0
KT148800,HCV,1b,100.0
KT148804,HCV,1b,100.0
KT148806,HCV,1b,100.0
KT148807,HCV,1b,100.0
KT148801,HCV,1b,100.0
OM312825,HCV,1b,100.0
OM312824,HCV,1b,100.0
OM312828,HCV,1b,100.0
OM312829,HCV,1b,100.0
OM312853,HCV,1b,100.0
OM312838,HCV,1b,100.0
OM312834,HCV,1b,100.0
OM312839,HCV,1b,100.0
OM312844,HCV,1b,100.0
OM312849,HCV,1b,100.0
OM312848,HCV,1b,100.0
OM312841,HCV,1b,100.0
MK328014,HCV,6w,100.0
OM312852,HCV,1b,100.0
OM312854,HCV,3a,100.0
MK328013,HCV,6g,100.0
OM312855,HCV,3a,100.0
OM312840,HCV,1b,100.0
OM312882,HCV,3a,100.0
OM312887,HCV,3a,100.0
OM312877,HCV,3a,100.0
OM312888,HCV,3a,100.0
OM312886,HCV,3a,100.0
OM312896,HCV,3a,100.0
OM312891,HCV,3a,100.0
OM312892,HCV,3a,100.0
OM312893,HCV,3a,100.0
OM312871,HCV,3a,100.0
OM312861,HCV,3a,100.0
OM312873,HCV,3a,100.0
OM312875,HCV,3a,100.0
OM312884,HCV,3a,100.0
OM312890,HCV,3a,100.0
OM312898,HCV,3a,100.0
OM312894,HCV,3a,100.0
OM312895,HCV,3a,100.0
OM312899,HCV,3a,100.0
OM312903,HCV,3a,100.0
OM312901,HCV,3a,100.0
OM312902,HCV,3a,100.0
OM312889,HCV,3a,100.0
OM312905,HCV,3a,100.0
OM312913,HCV,3a,100.0
OM312897,HCV,3a,100.0
OM312910,HCV,3a,100.0
OM312920,HCV,3a,100.0
OM312919,HCV,3a,100.0
OM312925,HCV,3a,100.0
OM312927,HCV,3a,100.0
OM312916,HCV,3a,100.0
OM312904,HCV,3a,100.0
OM312911,HCV,3a,100.0
OM312909,HCV,3a,100.0
OM312908,HCV,3a,100.0
MK328012,HCV,1b,86.0
OM312931,HCV,3a,100.0
OM312930,HCV,3a,100.0
OM312940,HCV,3a,100.0
OM312942,HCV,3a,100.0
OM312943,HCV,3a,100.0
OM312939,HCV,3a,100.0
OM312937,HCV,3a,100.0
OM312926,HCV,3a,100.0
OM312952,HCV,3a,100.0
OM312958,HCV,3a,100.0
OM312941,HCV,3a,100.0
OM312954,HCV,3a,100.0
OM312953,HCV,3a,100.0
OM312947,HCV,3a,100.0
OM312960,HCV,3a,100.0
OM312957,HCV,3a,100.0
OM312951,HCV,3a,100.0
OM312962,HCV,3a,100.0
OM312955,HCV,3a,100.0
OM312959,HCV,3a,100.0
OK001618,HCV,4a,100.0
OK001615,HCV,4a,100.0
OK001616,HCV,4a,100.0
OM312964,HCV,3a,100.0
OK001613,HCV,4a,100.0
OM312945,HCV,3a,100.0
OM312956,HCV,3a,100.0
OK001620,HCV,4o,100.0
OK001621,HCV,4d,100.0
OK001622,HCV,4a,100.0
OM312961,HCV,3a,100.0
OK001619,HCV,4a,100.0
OM312963,HCV,3a,100.0
OK001623,HCV,4a,100.0
OM811382,HCV,1b,100.0
OK001628,HCV,4d,100.0
OK001612,HCV,4a,100.0
OM811386,HCV,1b,100.0
OM811385,HCV,1b,100.0
OK001626,HCV,4v,100.0
OM811388,HCV,3a,100.0
OM811380,HCV,1b,100.0
OM811389,HCV,1b,100.0
OM811390,HCV,1a,100.0
AB661387,HCV,2b,100.0
AB661380,HCV,2b,100.0
AB661389,HCV,2b,100.0
AB661386,HCV,2b,100.0
AB661391,HCV,2b,100.0
AB661390,HCV,2b,100.0
AB661395,HCV,2b,100.0
MH733168,HCV,1b,100.0
MH733172,HCV,1b,100.0
ON314820,HCV,2j,50.0
MH733174,HCV,1b,100.0
MH733175,HCV,1b,100.0
MH733176,HCV,1b,100.0
MH733177,HCV,1b,100.0
MH733164,HCV,1b,100.0
ON314814,HCV,2q,64.0
ON314816,HCV,2j,100.0
MH733178,HCV,1b,100.0
MH733165,HCV,1b,100.0
ON314821,HCV,2j,100.0
MH733166,HCV,1b,100.0
MH733167,HCV,1b,100.0
ON314815,HCV,2j,74.0
MH733169,HCV,1b,100.0
MH733181,HCV,1b,100.0
MH733182,HCV,1b,100.0
ON314823,HCV,2j,70.0
MH733184,HCV,1b,100.0
MH733183,HCV,1b,100.0
MH733186,HCV,1b,100.0
MH733185,HCV,1b,100.0
MH733187,HCV,1b,100.0
MH733188,HCV,1b,100.0
MH733189,HCV,1b,100.0
MH733180,HCV,1b,100.0
ON314824,HCV,2q,100.0
MH733190,HCV,1b,100.0
ON314826,HCV,2j,100.0
MH733191,HCV,1b,100.0
MH733195,HCV,1b,100.0
MH733217,HCV,1a,100.0
MH733192,HCV,1b,100.0
MH733204,HCV,1b,100.0
MH733206,HCV,1b,100.0
MH733205,HCV,1b,100.0
MH733193,HCV,1b,100.0
MH733200,HCV,1b,100.0
MH733207,HCV,1b,100.0
MH733209,HCV,1b,100.0
ON314825,HCV,2j,74.0
MH733210,HCV,1b,100.0
MH733211,HCV,1a,100.0
MH733201,HCV,1b,100.0
MH733212,HCV,1a,100.0
MH733214,HCV,1a,100.0
MH733215,HCV,1a,100.0
MH733225,HCV,1a,100.0
MH733228,HCV,1a,100.0
MH733229,HCV,1a,100.0
MH733226,HCV,1a,100.0
MH733231,HCV,1a,100.0
MH733230,HCV,1a,100.0
MH733218,HCV,1a,100.0
MH733196,HCV,1b,100.0
MH733197,HCV,1b,100.0
MH733199,HCV,1b,100.0
MH733198,HCV,1b,100.0
ON314827,HCV,2q,63.0
MH733202,HCV,1b,100.0
MH733203,HCV,1b,100.0
MH733194,HCV,1b,100.0
MH733232,HCV,1a,100.0
MH733235,HCV,1a,100.0
MH733234,HCV,1a,100.0
MH733216,HCV,1a,100.0
MH733238,HCV,1a,100.0
MH733227,HCV,1a,100.0
MH733237,HCV,1a,100.0
MH733219,HCV,1a,100.0
MH733220,HCV,1a,100.0
MH733221,HCV,1a,100.0
MH733222,HCV,1a,100.0
MH733224,HCV,1a,100.0
MH733213,HCV,1a,100.0
U37643,HCV,1b,100.0
MH733233,HCV,1a,100.0
U37663,HCV,1b,100.0
U37666,HCV,1b,100.0
MH733236,HCV,1a,100.0
ON314822,HCV,2k,100.0
MH733223,HCV,1a,100.0
MH733240,HCV,1a,100.0
U37642,HCV,1b,100.0
U37664,HCV,1b,100.0
U37640,HCV,1b,100.0
U37641,HCV,1b,100.0
OM312781,HCV,1b,100.0
U37665,HCV,1b,100.0
U37667,HCV,1b,100.0
U37669,HCV,1b,100.0
U37668,HCV,1b,100.0
U37671,HCV,1b,100.0
U37662,HCV,1b,100.0
OM312776,HCV,1b,100.0
OM312778,HCV,1b,100.0
U37660,HCV,1b,100.0
U37661,HCV,1b,100.0
U37670,HCV,1b,100.0
MH733239,HCV,1a,100.0
ON314828,HCV,2q,59.0
OM312775,HCV,1b,100.0
OM312789,HCV,1b,100.0
OM312793,HCV,1b,100.0
OM312780,HCV,1b,100.0
OM312790,HCV,1b,100.0
OM312794,HCV,1b,100.0
OM312791,HCV,1b,100.0
OM312792,HCV,1b,100.0
OM312800,HCV,1b,100.0
OM312803,HCV,1b,100.0
OM312795,HCV,1b,100.0
OM312801,HCV,1b,100.0
OM312802,HCV,1b,100.0
OM312807,HCV,1b,100.0
OM312806,HCV,1b,100.0
OM312810,HCV,1b,100.0
OM312811,HCV,1b,100.0
MH477380,HCV,4f,100.0
OM312799,HCV,1b,100.0
OM312815,HCV,1b,100.0
MH477381,HCV,4f,100.0
MH477382,HCV,4f,100.0
OM312809,HCV,1b,100.0
OM312814,HCV,1b,100.0
OM312808,HCV,1b,100.0
OM312804,HCV,1b,100.0
OM312805,HCV,1b,100.0
OM312753,HCV,1a,100.0
OM312812,HCV,1b,100.0
MH477384,HCV,4f,100.0
MH477385,HCV,4f,100.0
MH477387,HCV,4f,100.0
MH477386,HCV,4f,100.0
MH477388,HCV,4f,100.0
MH477389,HCV,4f,100.0
MH477390,HCV,4f,100.0
MH477391,HCV,4f,100.0
MH477394,HCV,4f,100.0
MH477395,HCV,4f,100.0
MH477392,HCV,4f,100.0
MH477396,HCV,4f,100.0
JX227973,HCV,4n,100.0
JX227965,HCV,2c,100.0
JX227966,HCV,2c,100.0
JX227964,HCV,4k,100.0
JX227963,HCV,4g?,100.0
MH477409,HCV,4t,100.0
MH477407,HCV,4t,53.0
MH477414,HCV,4t,54.0
MH477399,HCV,4p,61.0
MH477408,HCV,4t,71.0
MH477405,HCV,4t,93.0
MH477412,HCV,4t,100.0
KX107876,HCV,5a,100.0
KX107877,HCV,6i,100.0
OM896997,HCV,3a,100.0
OM896990,HCV,3a,100.0
OM896995,HCV,3a,100.0
OM896994,HCV,3a,100.0
OM896998,HCV,3a,100.0
JF735124,HCV,"unassigned_1, 3a-3g",NA
JF735125,HCV,"unassigned_1, 3i-3h-6h-6b",NA
JF735121,HCV,3h,100.0
OM897000,HCV,3a,100.0
KJ470623,HCV,6w,100.0
JF735123,HCV,3g,100.0
KJ470622,HCV,6g,100.0
JF735122,HCV,3k,100.0
KJ470624,HCV,6g,100.0
MK327982,HCV,6g,100.0
OM896999,HCV,3a,100.0
MK327983,HCV,6g,100.0
KJ470620,HCV,6g,99.0
KJ470625,HCV,6w,92.0
MK327985,HCV,6w,100.0
KJ470621,HCV,6g,100.0
MK327981,HCV,6w,100.0
MK327984,HCV,6g,100.0
MK327986,HCV,6a,100.0
MK327994,HCV,6w,100.0
MK327990,HCV,6w,90.0
MK327987,HCV,6w,100.0
MK327988,HCV,6g,100.0
MK327992,HCV,6g,100.0
MK327989,HCV,6w,100.0
OM312946,HCV,3a,100.0
OM312950,HCV,3a,100.0
OM312949,HCV,3a,100.0
OM312948,HCV,3a,100.0
OK001614,HCV,4a,100.0
OK001617,HCV,4o,100.0
OK001624,HCV,4a,100.0
OK001625,HCV,4d,100.0
OM811381,HCV,1b,100.0
OM811383,HCV,3a,100.0
OK001627,HCV,4a,100.0
OM811392,HCV,1b,100.0
OM811391,HCV,3a,100.0
OM811384,HCV,3a,100.0
OM811393,HCV,1b,100.0
OM811394,HCV,1b,100.0
OM811387,HCV,1b,100.0
OM811398,HCV,1a,100.0
OM811397,HCV,3a,100.0
OM811399,HCV,1b,100.0
OM811396,HCV,1b,100.0
OM811400,HCV,1b,100.0
OM811401,HCV,3a,100.0
OM811402,HCV,1b,100.0
OM811395,HCV,3a,100.0
AB661374,HCV,2b,100.0
AB031663,HCV,2k,100.0
AB661377,HCV,2b,100.0
AB661375,HCV,2b,100.0
MW041294,HCV,2j,100.0
AB661376,HCV,2b,100.0
MW041297,HCV,2j,100.0
AB661373,HCV,2b,100.0
AB661378,HCV,2b,100.0
AB661379,HCV,2b,100.0
AB661381,HCV,2b,100.0
AB661383,HCV,2b,100.0
AB661382,HCV,2b,100.0
AB661385,HCV,2b,100.0
AB661384,HCV,2b,100.0
AB661392,HCV,2b,100.0
AB661388,HCV,2b,100.0
AB661396,HCV,2b,100.0
AB661394,HCV,2b,100.0
AB661393,HCV,2b,100.0
AB661411,HCV,2b,100.0
AB661408,HCV,2b,100.0
AB661414,HCV,2b,100.0
AB661410,HCV,2b,100.0
AB661407,HCV,2b,100.0
AB661418,HCV,2b,100.0
AB661415,HCV,2b,100.0
AB661412,HCV,2b,100.0
AB661413,HCV,2b,100.0
AB661416,HCV,2b,100.0
ON256660,HCV,2j,87.0
ON256661,HCV,2q,97.0
ON256662,HCV,2k,68.0
AB661419,HCV,2b,100.0
ON256663,HCV,2c,74.0
ON256665,HCV,2j,79.0
ON256664,HCV,2j,53.0
ON256667,HCV,2j,100.0
ON256666,HCV,2j,99.0
AB661417,HCV,2b,100.0
AB661421,HCV,2b,100.0
AB661420,HCV,2b,100.0
AB661423,HCV,2b,100.0
AB661425,HCV,2b,100.0
AB661428,HCV,2b,100.0
AB661426,HCV,2b,100.0
AB661424,HCV,2b,100.0
AB661429,HCV,2b,100.0
AB661427,HCV,2b,100.0
AB661431,HCV,2b,100.0
AB661422,HCV,2b,100.0
AB661430,HCV,2b,100.0
ON314812,HCV,2k,87.0
ON314813,HCV,2k,88.0
AB661432,HCV,2b,100.0
MH733163,HCV,1b,100.0
ON314818,HCV,2k,100.0
ON314817,HCV,2k,63.0
MH733170,HCV,1b,100.0
MH733171,HCV,1b,100.0
MH733179,HCV,1b,100.0
ON314819,HCV,2q,65.0
OM312777,HCV,1b,100.0
OM312783,HCV,1b,100.0
OM312782,HCV,1b,100.0
OM312779,HCV,1b,100.0
OM312785,HCV,1b,100.0
OM312784,HCV,1b,100.0
OM312786,HCV,1b,100.0
OM312787,HCV,1b,100.0
OM312796,HCV,1b,100.0
OM312788,HCV,1b,100.0
OM312797,HCV,1b,100.0
OM312798,HCV,1b,100.0
MH477383,HCV,4f,100.0
OM312818,HCV,1b,100.0
OM312821,HCV,1b,100.0
OM312820,HCV,1b,100.0
OM312816,HCV,1b,100.0
OM312817,HCV,1b,100.0
OM312813,HCV,1b,100.0
MH477393,HCV,4f,100.0
OM312819,HCV,1b,100.0
MK327996,HCV,6w,100.0
MK327993,HCV,1b,100.0
MK327997,HCV,6g,100.0
MK327998,HCV,6w,100.0
MK328001,HCV,6w,83.0
MK327995,HCV,6w,100.0
MK328002,HCV,6w,100.0
MK327991,HCV,6w,77.0
MK328004,HCV,6a,98.0
MK328011,HCV,6a,76.0
MK328006,HCV,6w,100.0
MK328003,HCV,6w,100.0
MK327999,HCV,6w,100.0
MK328008,HCV,6w,97.0
MK328005,HCV,6g,98.0
MK328007,HCV,6w,100.0
MK328015,HCV,6g,94.0
MK328000,HCV,6g,100.0
MK328010,HCV,6w,100.0
MK328009,HCV,6w,100.0
KU861171,HCV,2j,51.0
MW041298,HCV,2j,100.0
MW041296,HCV,2j,100.0
MW041295,HCV,2j,100.0
AB661398,HCV,2b,100.0
AB661400,HCV,2b,100.0
AB661397,HCV,2b,100.0
AB661399,HCV,2b,100.0
AB661403,HCV,2b,100.0
AB661404,HCV,2b,100.0
AB661401,HCV,2b,100.0
AB661406,HCV,2b,100.0
AB661409,HCV,2b,100.0
AB661405,HCV,2b,100.0
AB661402,HCV,2b,100.0
MH733162,HCV,1b,100.0
MK139015,HCV,6n,100.0
MK139017,HCV,6n,100.0
MK139020,HCV,6n,100.0
MK139016,HCV,6n,100.0
MK139019,HCV,6n,100.0
JX227969,HCV,3i,100.0
JX227971,HCV,4g,100.0
JX227967,HCV,2m,100.0
JX227972,HCV,4m,100.0
JX227974,HCV,2m,100.0
FJ025854,HCV,"unassigned_1, 4k-4f",NA
MH477345,HCV,1e,100.0
JX227975,HCV,4r,100.0
MH477347,HCV,1e,100.0
MH477349,HCV,1e,100.0
MH477350,HCV,1e,100.0
MH477351,HCV,1g,95.0
MH477346,HCV,1e,100.0
MH477353,HCV,1h,100.0
MH477352,HCV,1g,94.0
MH477354,HCV,1h,100.0
MH477355,HCV,1h,100.0
MH477356,HCV,1h,100.0
MH477348,HCV,1e,100.0
MH477357,HCV,1l,100.0
EU643835,HCV,"unassigned_1, 6w-2b",NA
JX227970,HCV,4n,100.0
JX227978,HCV,4o,100.0
MH477401,HCV,4p,100.0
MH477402,HCV,4p,98.0
MH477400,HCV,4v,71.0
KX107875,HCV,5a,100.0
KX107874,HCV,5a,100.0
KX107886,HCV,6e,100.0
KX107890,HCV,6a,100.0
OM896885,HCV,3b,100.0
OM896886,HCV,3b,100.0
OM896887,HCV,3b,100.0
OM896888,HCV,3b,100.0
KC191671,HCV,6n,100.0
OM896891,HCV,3b,100.0
OM896884,HCV,3b,100.0
OM896889,HCV,3b,100.0
OM896895,HCV,3b,100.0
OM896892,HCV,3b,100.0
OM896893,HCV,3b,100.0
OM896883,HCV,3b,100.0
OM896897,HCV,3b,100.0
OM896894,HCV,3b,100.0
OM896899,HCV,3b,100.0
OM896900,HCV,3b,100.0
OM896896,HCV,3b,100.0
OM896901,HCV,3b,100.0
OM896904,HCV,3b,100.0
OM896898,HCV,3b,100.0
OM896919,HCV,3b,100.0
OM896912,HCV,3b,100.0
OM896917,HCV,3b,100.0
OM896913,HCV,3b,100.0
OM896915,HCV,3b,100.0
OM896921,HCV,3b,100.0
OM896918,HCV,3b,100.0
OM896909,HCV,3b,100.0
OM896911,HCV,3b,100.0
OM896920,HCV,3b,100.0
OM896916,HCV,3b,100.0
MK328017,HCV,6g,100.0
KM252779,HCV,6e,100.0
DQ418789,HCV,4a,100.0
KT148792,HCV,1a,100.0
KT148772,HCV,1a,100.0
KM252785,HCV,6p,100.0
KT148814,HCV,1b,100.0
KT148813,HCV,1b,100.0
OM312675,HCV,1a,100.0
OM312678,HCV,1a,100.0
OM312685,HCV,1a,100.0
OM312711,HCV,1a,100.0
OM312713,HCV,1a,100.0
OM312712,HCV,1a,100.0
OM312714,HCV,1a,100.0
OM312719,HCV,1a,100.0
OM312716,HCV,1a,100.0
OM312739,HCV,1a,100.0
OM312733,HCV,1a,100.0
OM312746,HCV,1a,100.0
OM312754,HCV,1a,100.0
OM312748,HCV,1a,100.0
OM312763,HCV,1a,100.0
MH477361,HCV,2j,84.0
MH477359,HCV,2j,56.0
MH477367,HCV,2j,69.0
KX107883,HCV,6a,100.0
KX107894,HCV,6o,100.0
KX107895,HCV,6e,100.0
JF735126,HCV,3h,100.0
KJ470618,HCV,3a,100.0
OM896952,HCV,3a,100.0
OM896961,HCV,3a,100.0
OM896964,HCV,3a,100.0
OM896963,HCV,3a,100.0
OM896962,HCV,3a,100.0
OM896960,HCV,3a,100.0
OM896970,HCV,3a,100.0
OM896967,HCV,3a,100.0
OM896965,HCV,3a,100.0
OM896971,HCV,3a,100.0
OM896966,HCV,3a,100.0
OM896972,HCV,3a,100.0
OM896969,HCV,3a,100.0
OM896968,HCV,3a,100.0
OM896974,HCV,3a,100.0
OM896977,HCV,3a,100.0
OM896978,HCV,3a,100.0
OM896975,HCV,3a,100.0
OM896973,HCV,3a,100.0
OM896979,HCV,3a,100.0
OM896980,HCV,3a,100.0
OM896976,HCV,3a,100.0
OM896986,HCV,3a,100.0
OM896988,HCV,3a,100.0
OM896985,HCV,3a,100.0
OM896984,HCV,3a,100.0
OM896982,HCV,3a,100.0
OM896991,HCV,3a,100.0
OM896993,HCV,3a,100.0
OM896989,HCV,3a,100.0
OM896987,HCV,3a,100.0
OM896996,HCV,3a,100.0
OM896992,HCV,3a,100.0
KT148764,HCV,1a,100.0
KT148763,HCV,1a,100.0
KT148765,HCV,1a,100.0
KT148766,HCV,1a,100.0
KT148774,HCV,1a,100.0
KT148775,HCV,1a,100.0
KT148777,HCV,1a,100.0
KT148784,HCV,1a,100.0
KT148785,HCV,1a,100.0
KT148783,HCV,1a,100.0
KT148787,HCV,1a,100.0
KT148794,HCV,1b,100.0
KT148786,HCV,1a,100.0
KT148797,HCV,1b,100.0
KT148798,HCV,1b,100.0
KT148803,HCV,1b,100.0
KT148802,HCV,1b,100.0
KT148805,HCV,1b,100.0
OM312830,HCV,1b,100.0
OM312823,HCV,1b,100.0
OM312831,HCV,1b,100.0
OM312822,HCV,1b,100.0
OM312833,HCV,1b,100.0
OM312826,HCV,1b,100.0
OM312832,HCV,1b,100.0
OM312835,HCV,1b,100.0
OM312837,HCV,1b,100.0
OM312836,HCV,1b,100.0
OM312842,HCV,1b,100.0
OM312843,HCV,1b,100.0
OM312846,HCV,1b,100.0
OM312847,HCV,1b,100.0
OM312845,HCV,1b,100.0
OM312856,HCV,3a,100.0
OM312851,HCV,1b,100.0
OM312850,HCV,1b,100.0
OM312858,HCV,3a,100.0
OM312859,HCV,3a,100.0
OM312860,HCV,3a,100.0
OM312862,HCV,3a,100.0
OM312864,HCV,3a,100.0
OM312857,HCV,3a,100.0
OM312866,HCV,3a,100.0
OM312867,HCV,3a,100.0
OM312868,HCV,3a,100.0
OM312870,HCV,3a,100.0
OM312863,HCV,3a,100.0
OM312874,HCV,3a,100.0
OM312865,HCV,3a,100.0
OM312876,HCV,3a,100.0
OM312878,HCV,3a,100.0
OM312869,HCV,3a,100.0
OM312872,HCV,3a,100.0
OM312880,HCV,3a,100.0
OM312883,HCV,3a,100.0
OM312881,HCV,3a,100.0
OM312885,HCV,3a,100.0
OM312879,HCV,3a,100.0
OM312900,HCV,3a,100.0
OM312906,HCV,3a,100.0
OM312912,HCV,3a,100.0
OM312907,HCV,3a,100.0
OM312914,HCV,3a,100.0
OM312915,HCV,3a,100.0
OM312918,HCV,3a,100.0
OM312923,HCV,3a,100.0
OM312917,HCV,3a,100.0
OM312921,HCV,3a,100.0
OM312929,HCV,3a,100.0
OM312928,HCV,3a,100.0
OM312934,HCV,3a,100.0
OM312933,HCV,3a,100.0
OM312935,HCV,3a,100.0
OM312936,HCV,3a,100.0
OM312922,HCV,3a,100.0
OM312924,HCV,3a,100.0
OM312932,HCV,3a,100.0
OM312938,HCV,3a,100.0
OM312944,HCV,3a,100.0
OR497885,HCV,1a,100.0
OR497891,HCV,1a,100.0
OR497892,HCV,1a,100.0
OR497894,HCV,1a,100.0
OR497899,HCV,1a,100.0
OR497901,HCV,1a,100.0
OR497895,HCV,1a,100.0
OR497898,HCV,1a,100.0
OR497903,HCV,1a,100.0
OR497906,HCV,1a,100.0
OR497902,HCV,1a,100.0
KC124772,HCV,1b,100.0
KY083755,HCV,4r,100.0
MZ327786,HCV,3a,100.0
MZ327787,HCV,1a,100.0
KY083756,HCV,4r,100.0
MZ327789,HCV,3a,100.0
KY083757,HCV,4r,100.0
OR498010,HCV,1b,100.0
OR498012,HCV,1b,100.0
OR498006,HCV,1b,100.0
OR498008,HCV,1b,100.0
OR498015,HCV,1b,100.0
OR498014,HCV,1b,100.0
OR498013,HCV,1b,100.0
OR498018,HCV,1b,100.0
OR498011,HCV,1b,100.0
OR498019,HCV,1b,100.0
OR498016,HCV,1b,100.0
OR498017,HCV,1b,100.0
OR498020,HCV,1b,100.0
OR498023,HCV,1b,100.0
OR498022,HCV,1b,100.0
OR498021,HCV,1b,100.0
MZ327756,HCV,3a,100.0
KC124770,HCV,1b,100.0
KC124773,HCV,1b,100.0
KC124769,HCV,1b,100.0
MZ327791,HCV,1b,100.0
MZ327794,HCV,3a,100.0
MZ327790,HCV,1a,100.0
MZ327797,HCV,1a,100.0
MZ327795,HCV,1a,100.0
MZ327792,HCV,1a,100.0
KC124778,HCV,"unassigned_1, 1b-1a",NA
MZ327793,HCV,1a,100.0
KC124771,HCV,1b,100.0
MZ327799,HCV,3a,100.0
KC124776,HCV,1b,100.0
KC124783,HCV,1b,100.0
KC124777,HCV,1b,100.0
KC124774,HCV,1b,100.0
KC124779,HCV,1b,100.0
KC124784,HCV,1b,100.0
KC124876,HCV,1b,100.0
KC124775,HCV,1b,100.0
KC124780,HCV,1b,100.0
KC124781,HCV,1b,100.0
KC124790,HCV,1b,100.0
KC124797,HCV,1b,100.0
KC124794,HCV,1b,100.0
MZ327800,HCV,2b,100.0
KC124788,HCV,1b,100.0
KC124792,HCV,1b,100.0
KC124795,HCV,1b,100.0
KC124791,HCV,1b,100.0
KC124800,HCV,1b,100.0
KC124808,HCV,1b,100.0
KC124799,HCV,1b,100.0
KC124802,HCV,1b,100.0
KC124807,HCV,1b,100.0
KC124806,HCV,1b,100.0
KC124810,HCV,1b,100.0
KC124805,HCV,1b,100.0
KC124812,HCV,1b,100.0
KC124816,HCV,1b,100.0
KC124817,HCV,1b,100.0
KC124813,HCV,1b,100.0
KC124809,HCV,1b,100.0
KC124798,HCV,1b,100.0
KC124814,HCV,1b,100.0
KC124820,HCV,1b,100.0
KC124821,HCV,1b,100.0
KC124825,HCV,1b,100.0
KC124827,HCV,1b,100.0
KC124837,HCV,1b,100.0
KC124831,HCV,1b,100.0
KC124839,HCV,1b,100.0
KC124840,HCV,1b,100.0
KC124845,HCV,1b,100.0
KC124847,HCV,1b,100.0
KC124846,HCV,1b,100.0
KC124819,HCV,1b,100.0
KC124849,HCV,1b,100.0
KC124856,HCV,1b,100.0
KC124857,HCV,1b,100.0
KC124861,HCV,1b,100.0
KC124860,HCV,1b,100.0
KC124858,HCV,1b,100.0
KC124832,HCV,1b,100.0
KC124830,HCV,1b,100.0
KC124835,HCV,1b,100.0
KC124834,HCV,1b,100.0
KC124836,HCV,1b,100.0
KC124841,HCV,1b,100.0
KC124838,HCV,1b,100.0
KC124843,HCV,1b,100.0
KC124842,HCV,1b,100.0
KC124844,HCV,1b,100.0
KC124848,HCV,1b,100.0
KC124851,HCV,1b,100.0
KC124853,HCV,1b,100.0
KC124852,HCV,1b,100.0
KC124855,HCV,1b,100.0
KC124815,HCV,1b,100.0
KC124859,HCV,1b,100.0
JN977092,HCV,3b,100.0
JN977081,HCV,1b,100.0
JN977080,HCV,1b,100.0
JN977084,HCV,1b,100.0
KX621550,HCV,2b,100.0
KX621551,HCV,2b,100.0
KC124850,HCV,1b,100.0
KC124862,HCV,1b,100.0
KJ437311,HCV,3a,100.0
KJ437295,HCV,1b,100.0
KJ437313,HCV,3a,100.0
KJ437318,HCV,3a,100.0
KJ437327,HCV,3a,100.0
KJ437342,HCV,3a,100.0
KJ437314,HCV,3a,100.0
MW357785,HCV,1b,100.0
MT603233,HCV,1a,100.0
FN666428,HCV,2q,100.0
EF632069,HCV,6t,100.0
MT603239,HCV,1a,100.0
MT603238,HCV,1a,100.0
MT603240,HCV,1a,100.0
MT603236,HCV,1a,100.0
MT603241,HCV,1a,100.0
MT603256,HCV,1a,100.0
MT603265,HCV,1b,100.0
JN977094,HCV,1b,100.0
JN977095,HCV,1b,100.0
JN977096,HCV,1b,100.0
JN977103,HCV,1b,100.0
JN977088,HCV,1b,100.0
JN977093,HCV,1b,100.0
JN977104,HCV,1a,100.0
KC124942,HCV,1b,100.0
LC368358,HCV,3a,100.0
LC368355,HCV,3a,100.0
LC368360,HCV,3a,100.0
LC368357,HCV,4a,100.0
LC368359,HCV,1b,100.0
D50409,HCV,2c,100.0
FN666429,HCV,2q,100.0
EU408329,HCV,6s,100.0
EF632070,HCV,6t,100.0
EU158186,HCV,6v,100.0
EF632071,HCV,6t,100.0
EU408328,HCV,6r,100.0
KF035123,HCV,3a,100.0
JN977070,HCV,1b,100.0
JN977073,HCV,1b,100.0
JN977076,HCV,6a,100.0
JN977079,HCV,1b,100.0
JN977072,HCV,1b,100.0
JN977101,HCV,1b,100.0
JN977100,HCV,2a,100.0
JN977090,HCV,1b,100.0
JN977089,HCV,1b,100.0
KJ437307,HCV,3a,100.0
AB047645,HCV,2a,100.0
JN977091,HCV,1a,100.0
KC124869,HCV,1b,100.0
JQ065711,HCV,1b,100.0
KC124863,HCV,1b,100.0
MW357766,HCV,1b,100.0
MW357772,HCV,1b,100.0
KC124872,HCV,1b,100.0
JQ065712,HCV,2a,100.0
JN977118,HCV,1b,100.0
JN977113,HCV,2a,100.0
JQ065710,HCV,1a,100.0
MW357752,HCV,1b,100.0
MW357753,HCV,1b,100.0
MW357778,HCV,1b,100.0
KX621553,HCV,2b,100.0
MT603234,HCV,1a,100.0
KC124874,HCV,1b,100.0
MW357790,HCV,1b,100.0
MW357784,HCV,1b,100.0
MW357780,HCV,1b,100.0
MT603248,HCV,1a,100.0
MT603250,HCV,1a,100.0
MT603255,HCV,1a,100.0
MT603254,HCV,1a,100.0
MT603260,HCV,1a,100.0
MT603252,HCV,1a,100.0
MT603275,HCV,3a,100.0
MT603280,HCV,3a,100.0
D49759,HCV,3k,100.0
MT603274,HCV,3a,100.0
KC124873,HCV,1b,100.0
MT603281,HCV,3a,100.0
D49762,HCV,3k,100.0
D49773,HCV,3k,100.0
LC368415,HCV,2a,100.0
LC368429,HCV,1b,100.0
LC368431,HCV,2a,100.0
LC368434,HCV,1b,100.0
LC368435,HCV,6n,100.0
LC368439,HCV,2b,100.0
LC368436,HCV,1b,100.0
LC368437,HCV,1b,100.0
LC368441,HCV,1b,100.0
LC368438,HCV,2b,100.0
LC368442,HCV,2c,100.0
LC368447,HCV,1b,100.0
LC368445,HCV,1b,100.0
KC197230,HCV,"unassigned_1, 2i-2k",NA
KC197229,HCV,"unassigned_1, 2i-2k-2c-3h",NA
LC368444,HCV,2c,100.0
KC197233,HCV,"unassigned_1, 2j-6k",NA
KC197228,HCV,2c,100.0
KC197226,HCV,2b,100.0
LC368312,HCV,1a,100.0
KC197234,HCV,2k,100.0
LC368320,HCV,1a,100.0
LC368324,HCV,1a,100.0
LC368321,HCV,1a,100.0
LC368317,HCV,1a,100.0
LC368326,HCV,1a,100.0
LC368328,HCV,1a,100.0
LC368327,HCV,1a,100.0
MN628583,HCV,3a,100.0
MN628580,HCV,1a,100.0
MT603251,HCV,1a,100.0
MT603237,HCV,1a,100.0
MT603242,HCV,1a,100.0
MT603243,HCV,1a,100.0
MT603247,HCV,1a,100.0
MT603245,HCV,1a,100.0
D49769,HCV,2q,26.0
D49765,HCV,3k,100.0
D49770,HCV,3k,100.0
D49772,HCV,2e,99.0
D49776,HCV,2a,54.0
D49777,HCV,2a,53.0
D49778,HCV,2e,100.0
KC124871,HCV,1b,100.0
LC368427,HCV,1b,100.0
LC368424,HCV,1b,100.0
LC368432,HCV,2a,100.0
LC368440,HCV,1b,100.0
LC368446,HCV,1b,100.0
KC197231,HCV,"unassigned_1, 2i-2k-2b-3h",NA
LC368448,HCV,1b,100.0
LC368449,HCV,2a,100.0
LC368443,HCV,1b,100.0
KC197232,HCV,2j,100.0
KC197227,HCV,2c,100.0
KC197235,HCV,2b,95.0
KC197236,HCV,2j,93.0
LC368316,HCV,1a,100.0
LC368311,HCV,1a,100.0
KC197238,HCV,2b,100.0
KC197239,HCV,2b,86.0
KC197240,HCV,2b,98.0
KC197237,HCV,2j,78.0
LC368315,HCV,1a,100.0
LC368313,HCV,1a,100.0
MN628581,HCV,3a,100.0
AB207786,HCV,1b,100.0
MN628579,HCV,3a,100.0
LC368391,HCV,1a,100.0
MN628576,HCV,3a,100.0
MN628584,HCV,3a,100.0
MN628586,HCV,3a,100.0
MN628582,HCV,3a,100.0
OR497854,HCV,4d,100.0
AB207788,HCV,1b,100.0
AB207790,HCV,1b,100.0
MN628590,HCV,3a,100.0
MN628591,HCV,3a,100.0
MN628595,HCV,3a,100.0
OR497852,HCV,4k,100.0
OR497853,HCV,4d,100.0
OR497849,HCV,4k,100.0
OR497856,HCV,4d,100.0
AB207787,HCV,1b,100.0
AB207789,HCV,1b,100.0
AB207793,HCV,1b,100.0
AB207792,HCV,1b,100.0
MN628592,HCV,1a,100.0
MN628593,HCV,3a,100.0
MN628597,HCV,3a,100.0
OR497857,HCV,4d,100.0
OR497850,HCV,4k,100.0
OR497859,HCV,4d,100.0
OR497860,HCV,4d,100.0
OR497861,HCV,4d,100.0
OR497855,HCV,4d,100.0
OR497858,HCV,4d,100.0
MN628596,HCV,3a,100.0
OR497851,HCV,4k,100.0
OR497862,HCV,4d,100.0
OR497865,HCV,4d,100.0
OR497876,HCV,"unassigned_1, 1b-2k",NA
OR497871,HCV,4r,100.0
OR497864,HCV,4d,100.0
OR497867,HCV,4d,100.0
OR497863,HCV,4d,100.0
OR497869,HCV,4d,100.0
OR497868,HCV,4d,100.0
OR497870,HCV,4r,100.0
OR497872,HCV,1c,100.0
OR497874,HCV,4a,100.0
OR497873,HCV,4v,100.0
OR497887,HCV,1a,100.0
OR497878,HCV,1a,100.0
KC124877,HCV,1b,100.0
OR497866,HCV,4d,100.0
OR497877,HCV,1a,100.0
OR497875,HCV,4a,100.0
OR497882,HCV,1a,100.0
OR497883,HCV,1a,100.0
OR497881,HCV,1a,100.0
OR497884,HCV,1a,100.0
OR497888,HCV,1a,100.0
KC124882,HCV,1b,100.0
KC124885,HCV,1b,100.0
KC124889,HCV,1b,100.0
KC124891,HCV,1b,100.0
KC124895,HCV,1b,100.0
KC124881,HCV,1b,100.0
KC124883,HCV,1b,100.0
KC124888,HCV,1b,100.0
KC124890,HCV,1b,100.0
KC124887,HCV,1b,100.0
KC124894,HCV,1b,100.0
KC124898,HCV,1b,100.0
KC124892,HCV,1b,100.0
KC124900,HCV,1b,100.0
KC124903,HCV,1b,100.0
KC124897,HCV,1b,100.0
KC124904,HCV,1b,100.0
KC124902,HCV,1b,100.0
KC124901,HCV,1b,100.0
KC124908,HCV,1b,100.0
KC124893,HCV,1b,100.0
KC124911,HCV,1b,100.0
KC124910,HCV,1b,100.0
KC124907,HCV,1b,100.0
KC124906,HCV,1b,100.0
KC124899,HCV,1b,100.0
KC124909,HCV,1b,100.0
KC124880,HCV,1b,100.0
KC124884,HCV,1b,100.0
KC124922,HCV,1b,100.0
KC124914,HCV,1b,100.0
KC124916,HCV,1b,100.0
KC124915,HCV,1b,100.0
KC124917,HCV,1b,100.0
KC124918,HCV,1b,100.0
KC124923,HCV,1b,100.0
KC124905,HCV,1b,100.0
KC124920,HCV,1b,100.0
KC124921,HCV,1b,100.0
KC124934,HCV,1b,100.0
KC124929,HCV,1b,100.0
KC124936,HCV,1b,100.0
KC124928,HCV,1b,100.0
KC124933,HCV,1b,100.0
KC124919,HCV,1b,100.0
KC124937,HCV,1b,100.0
KC124941,HCV,1b,100.0
KC124939,HCV,1b,100.0
KC124940,HCV,1b,100.0
KC124935,HCV,1b,100.0
KC124938,HCV,1b,100.0
KC124945,HCV,1b,100.0
KC124946,HCV,1b,100.0
KC124943,HCV,1b,100.0
KC124948,HCV,1b,100.0
KC124947,HCV,1b,100.0
KC124949,HCV,1b,100.0
KC124950,HCV,1b,100.0
KC124944,HCV,1b,100.0
KC124953,HCV,1b,100.0
KC124926,HCV,1b,100.0
KC124955,HCV,1b,100.0
KC124951,HCV,1b,100.0
KC124952,HCV,1b,100.0
KC124954,HCV,1b,100.0
KC124956,HCV,1b,100.0
KC124958,HCV,1b,100.0
KC124957,HCV,1b,100.0
KC124960,HCV,1b,100.0
KC124961,HCV,1b,100.0
KC124966,HCV,1b,100.0
KC124969,HCV,1b,100.0
KC124972,HCV,1b,100.0
KC124973,HCV,1b,100.0
KC124984,HCV,1b,100.0
KC124962,HCV,1b,100.0
KC124987,HCV,1b,100.0
KC124980,HCV,1b,100.0
KC124988,HCV,1b,100.0
KC125007,HCV,1b,100.0
KC125004,HCV,1b,100.0
KC127119,HCV,1a,100.0
KC127120,HCV,1a,100.0
KC125006,HCV,1b,100.0
KC127126,HCV,1a,100.0
KC127127,HCV,1a,100.0
KC127132,HCV,1a,100.0
KC127129,HCV,1a,100.0
KC127130,HCV,1a,100.0
KC127137,HCV,1a,100.0
KC127139,HCV,1a,100.0
KC124963,HCV,1b,100.0
KC124959,HCV,1b,100.0
KC124964,HCV,1b,100.0
KC124965,HCV,1b,100.0
KC124968,HCV,1b,100.0
KC124977,HCV,1b,100.0
KC124976,HCV,1b,100.0
KC124971,HCV,1b,100.0
KC124974,HCV,1b,100.0
KC124978,HCV,1b,100.0
KC124970,HCV,1b,100.0
KC124979,HCV,1b,100.0
KC124967,HCV,1b,100.0
KC124982,HCV,1b,100.0
KC124983,HCV,1b,100.0
KC124985,HCV,1b,100.0
KC124989,HCV,1b,100.0
KC124990,HCV,1b,100.0
KC124986,HCV,1b,100.0
KC124991,HCV,1b,100.0
KC124992,HCV,1b,100.0
KC124996,HCV,1b,100.0
KC124981,HCV,1b,100.0
KC124993,HCV,1b,100.0
KC124997,HCV,1b,100.0
KC125000,HCV,1b,100.0
KC124999,HCV,1b,100.0
KC125001,HCV,1b,100.0
KC125002,HCV,1b,100.0
KC124998,HCV,1b,100.0
KC127123,HCV,1a,100.0
KC125003,HCV,1b,100.0
KC127125,HCV,1a,100.0
KC124994,HCV,1b,100.0
KC127131,HCV,1a,100.0
KC127121,HCV,1a,100.0
KC127134,HCV,1a,100.0
KC127135,HCV,1a,100.0
KC124924,HCV,1b,100.0
KC124927,HCV,1b,100.0
KC127128,HCV,1a,100.0
KC127133,HCV,1a,100.0
KC127141,HCV,1a,100.0
KC127143,HCV,1a,100.0
OR498037,HCV,1b,100.0
KC127140,HCV,1a,100.0
KC127138,HCV,1a,100.0
KC127136,HCV,1a,100.0
KC127142,HCV,1a,100.0
OR498030,HCV,1b,100.0
OR498025,HCV,1b,100.0
OR498026,HCV,1b,100.0
OR498024,HCV,1b,100.0
OR498033,HCV,1b,100.0
OR498035,HCV,1b,100.0
OR498038,HCV,1b,100.0
OR498032,HCV,1b,100.0
OR498028,HCV,1b,100.0
OR498036,HCV,1b,100.0
OR498034,HCV,1b,100.0
OR498039,HCV,1b,100.0
OR498040,HCV,1b,100.0
OR498041,HCV,1b,100.0
OR498042,HCV,1b,100.0
OR498031,HCV,1b,100.0
OR498056,HCV,1b,100.0
OR498044,HCV,1b,100.0
OR498048,HCV,1b,100.0
OR498046,HCV,1b,100.0
OR498052,HCV,1b,100.0
OR498054,HCV,1b,100.0
OR498051,HCV,1b,100.0
OR498057,HCV,1b,100.0
OR498043,HCV,1b,100.0
OR498045,HCV,1b,100.0
OR498027,HCV,1b,100.0
OR498053,HCV,1b,100.0
OR498047,HCV,1b,100.0
OR498049,HCV,1b,100.0
OR498061,HCV,1b,100.0
OR498059,HCV,1b,100.0
OR498055,HCV,1b,100.0
OR498050,HCV,1b,100.0
OR498062,HCV,1b,100.0
MZ327732,HCV,1a,100.0
OR498058,HCV,1b,100.0
OR498063,HCV,1b,100.0
OR498067,HCV,1b,100.0
OR498064,HCV,1b,100.0
OR498065,HCV,1b,100.0
OR498070,HCV,1b,100.0
OR498066,HCV,1b,100.0
MZ327731,HCV,1a,100.0
OR498068,HCV,1b,100.0
OR498071,HCV,1b,100.0
MZ327733,HCV,1a,100.0
MZ327730,HCV,3a,100.0
MZ327736,HCV,1a,100.0
MZ327738,HCV,3a,100.0
OR498060,HCV,1b,100.0
OR498069,HCV,1b,100.0
MZ327735,HCV,3a,100.0
OR498072,HCV,2i,100.0
MZ327734,HCV,1a,100.0
MZ327740,HCV,1a,100.0
OR497933,HCV,1a,100.0
OR497930,HCV,1a,100.0
OR497941,HCV,1a,100.0
OR497940,HCV,1a,100.0
OR497931,HCV,1a,100.0
OR497938,HCV,1a,100.0
OR497936,HCV,1a,100.0
OR497939,HCV,1a,100.0
OR497942,HCV,1a,100.0
JN977063,HCV,1b,100.0
OR497943,HCV,1a,100.0
OR497947,HCV,1a,100.0
OR497949,HCV,1a,100.0
OR497945,HCV,1a,100.0
OR497944,HCV,1a,100.0
OR497948,HCV,1a,100.0
OR497954,HCV,1a,100.0
OR497950,HCV,1a,100.0
OR497946,HCV,1a,100.0
OR497953,HCV,1a,100.0
OR497951,HCV,1a,100.0
OR497955,HCV,2a,100.0
OR497957,HCV,2c,100.0
OR497956,HCV,4c,100.0
OR497952,HCV,1a,100.0
OR497958,HCV,2c,100.0
OR497961,HCV,3a,100.0
OR497960,HCV,3a,100.0
OR497959,HCV,3a,100.0
OR497964,HCV,3a,100.0
OR497967,HCV,3a,100.0
OR497965,HCV,3a,100.0
OR497966,HCV,3a,100.0
OR497968,HCV,3a,100.0
OR497969,HCV,3a,100.0
OR497972,HCV,3a,100.0
OR497962,HCV,3a,100.0
OR497963,HCV,3a,100.0
OR497975,HCV,3a,100.0
OR497977,HCV,3a,100.0
OR497970,HCV,3a,100.0
OR497973,HCV,3a,100.0
OR497974,HCV,3a,100.0
OR497976,HCV,3a,100.0
OR497971,HCV,3a,100.0
OR497980,HCV,3a,100.0
OR497978,HCV,3a,100.0
OR497981,HCV,3a,100.0
OR497983,HCV,3a,100.0
OR497979,HCV,3a,100.0
OR497985,HCV,3a,100.0
OR497989,HCV,1b,100.0
OR497988,HCV,4q,100.0
OR497987,HCV,3a,100.0
OR497994,HCV,1b,100.0
OR497991,HCV,1b,100.0
OR497984,HCV,3a,100.0
OR497990,HCV,1b,100.0
OR497993,HCV,1b,100.0
OR497982,HCV,3a,100.0
OR497992,HCV,1b,100.0
OR497997,HCV,1b,100.0
OR497986,HCV,3a,100.0
OR497995,HCV,1b,100.0
OR497996,HCV,1b,100.0
OR497998,HCV,1b,100.0
OR498001,HCV,1b,100.0
OR498000,HCV,1b,100.0
OR497999,HCV,1b,100.0
OR498002,HCV,1b,100.0
OR498004,HCV,1b,100.0
OR498003,HCV,1b,100.0
OR498005,HCV,1b,100.0
OR498007,HCV,1b,100.0
OR498009,HCV,1b,100.0
MZ327753,HCV,1b,100.0
MZ327757,HCV,3a,100.0
MZ327758,HCV,1a,100.0
MZ327759,HCV,3a,100.0
MZ327760,HCV,1a,100.0
MZ327762,HCV,1a,100.0
MZ327764,HCV,3a,100.0
MZ327761,HCV,1a,100.0
MZ327767,HCV,1a,100.0
MZ327768,HCV,1a,100.0
MZ327766,HCV,1a,100.0
MZ327769,HCV,1b,100.0
MZ327765,HCV,1a,100.0
MZ327771,HCV,1a,100.0
MZ327772,HCV,3a,100.0
MZ327763,HCV,1a,100.0
MZ327774,HCV,1b,100.0
MZ327770,HCV,1a,100.0
MZ327773,HCV,3a,100.0
MZ327777,HCV,1a,100.0
MZ327775,HCV,1b,100.0
MZ327785,HCV,1a,100.0
MZ327779,HCV,3a,100.0
MZ327784,HCV,2b,100.0
MZ327781,HCV,3a,100.0
MZ327780,HCV,3a,100.0
MZ327776,HCV,1a,100.0
MZ327782,HCV,1a,100.0
MZ327778,HCV,1a,100.0
MZ327788,HCV,1a,100.0
MZ327783,HCV,3a,100.0
KY083754,HCV,4r,100.0
MZ327796,HCV,3a,100.0
MZ327798,HCV,1a,100.0
KC124785,HCV,1b,100.0
KC124787,HCV,1b,100.0
KC124793,HCV,1b,100.0
KC124786,HCV,1b,100.0
KC124789,HCV,1b,100.0
KC124796,HCV,1b,100.0
KC124811,HCV,1b,100.0
KC124801,HCV,1b,100.0
KC124803,HCV,1b,100.0
KC124804,HCV,1b,100.0
KC124818,HCV,1b,100.0
KC124826,HCV,1b,100.0
KC124828,HCV,1b,100.0
KC124824,HCV,1b,100.0
KC124822,HCV,1b,100.0
KC124833,HCV,1b,100.0
KC124829,HCV,1b,100.0
KC124865,HCV,1b,100.0
LC368351,HCV,"unassigned_1, 1a-3a",NA
LC368331,HCV,1a,100.0
LC368329,HCV,1a,100.0
LC368374,HCV,1a,100.0
LC368332,HCV,1a,100.0
LC368347,HCV,1a,100.0
LC368412,HCV,1a,100.0
MN628574,HCV,3a,100.0
LC368404,HCV,1a,100.0
MN628577,HCV,3a,100.0
MN628578,HCV,3a,100.0
MN628575,HCV,3a,100.0
MZ327743,HCV,"unassigned_1, 1a-1b",NA
MZ327744,HCV,1a,100.0
MZ327746,HCV,1a,100.0
MZ327745,HCV,3a,100.0
MZ327750,HCV,3a,100.0
MZ327749,HCV,1a,100.0
MZ327747,HCV,1a,100.0
MZ327752,HCV,4d,100.0
MZ327748,HCV,3a,100.0
MZ327755,HCV,2b,100.0
MZ327754,HCV,3a,100.0
MZ327751,HCV,1a,100.0
KC124782,HCV,1b,100.0
KC124823,HCV,1b,100.0
KC124864,HCV,1b,100.0
KC127122,HCV,1a,100.0
MK139022,HCV,6n,100.0
MK139021,HCV,6n,100.0
KF035127,HCV,3a,100.0
JQ717257,HCV,3a,100.0
KF035124,HCV,3a,100.0
JQ717256,HCV,3a,100.0
AY878652,HCV,6n,100.0
KF035125,HCV,3a,100.0
HQ738645,HCV,3a,100.0
JQ717258,HCV,3a,100.0
KF035126,HCV,3a,100.0
AY878651,HCV,6l,100.0
JQ717254,HCV,3a,100.0
JQ717255,HCV,3a,100.0
JN714194,HCV,3a,100.0
KJ437279,HCV,1a,100.0
AB047641,HCV,2a,100.0
JQ717260,HCV,3a,100.0
AB047640,HCV,2a,100.0
JQ717259,HCV,3a,100.0
KJ437271,HCV,1a,100.0
JN977056,HCV,1b,100.0
JN977057,HCV,1b,100.0
AB047642,HCV,2a,100.0
JN977058,HCV,1b,100.0
JN977060,HCV,1b,100.0
JN977059,HCV,1b,100.0
KJ437300,HCV,1a,100.0
KJ437296,HCV,1a,100.0
JN977061,HCV,2a,90.0
JN977055,HCV,1b,100.0
AB047644,HCV,2a,100.0
JN977064,HCV,1b,100.0
AB047643,HCV,2a,100.0
JN977065,HCV,1b,100.0
JN977066,HCV,3b,100.0
KC124854,HCV,1b,100.0
JN977074,HCV,1b,100.0
JN977075,HCV,1b,100.0
JN977077,HCV,1b,100.0
JN977067,HCV,1b,100.0
LC368338,HCV,1b,100.0
LC368341,HCV,1b,100.0
LC368344,HCV,1b,100.0
LC368346,HCV,1b,100.0
LC368353,HCV,3a,100.0
LC368350,HCV,1b,100.0
LC368356,HCV,4a,100.0
LC368363,HCV,2b,100.0
LC368365,HCV,3a,100.0
LC368367,HCV,2b,100.0
LC368368,HCV,3a,100.0
LC368362,HCV,2a,100.0
LC368373,HCV,2a,100.0
LC368375,HCV,1b,100.0
LC368377,HCV,1b,100.0
LC368381,HCV,1b,100.0
LC368378,HCV,2a,100.0
LC368380,HCV,1b,100.0
LC368389,HCV,2a,100.0
LC368385,HCV,1b,100.0
LC368386,HCV,1b,100.0
LC368390,HCV,1b,100.0
LC368387,HCV,1b,100.0
LC368396,HCV,1b,100.0
LC368392,HCV,2a,100.0
LC368394,HCV,1b,100.0
LC368397,HCV,2b,100.0
LC368322,HCV,1b,100.0
D63822,HCV,6g,100.0
LC368323,HCV,1b,100.0
LC368333,HCV,1b,100.0
LC368335,HCV,1b,100.0
LC368352,HCV,"unassigned_1, 3a-1a",NA
LC368339,HCV,1b,100.0
LC368340,HCV,1b,100.0
LC368345,HCV,1b,100.0
LC368343,HCV,1b,100.0
LC368349,HCV,1b,100.0
LC368348,HCV,1b,100.0
LC368354,HCV,2a,100.0
LC368366,HCV,"unassigned_1, 1a-2b",NA
LC368361,HCV,3a,100.0
LC368364,HCV,3a,100.0
LC368369,HCV,3a,100.0
LC368371,HCV,2a,100.0
LC368370,HCV,3a,100.0
LC368372,HCV,3a,100.0
LC368379,HCV,1b,100.0
LC368376,HCV,1b,100.0
LC368384,HCV,1b,100.0
LC368382,HCV,3a,100.0
LC368388,HCV,2a,100.0
LC368393,HCV,2a,100.0
LC368383,HCV,1b,100.0
LC368395,HCV,1b,100.0
LC368398,HCV,1b,100.0
LC368399,HCV,1b,100.0
LC368403,HCV,1b,100.0
LC368400,HCV,1b,100.0
LC368405,HCV,1b,100.0
LC368406,HCV,1b,100.0
LC368401,HCV,1b,100.0
LC368411,HCV,2b,100.0
LC368413,HCV,1b,100.0
LC368408,HCV,1b,100.0
LC368416,HCV,2a,100.0
LC368420,HCV,3b,100.0
LC368402,HCV,1b,100.0
LC368409,HCV,6n,100.0
LC368407,HCV,1b,100.0
LC368414,HCV,4a,100.0
LC368410,HCV,1b,100.0
LC368419,HCV,1b,100.0
LC368417,HCV,1b,100.0
LC368422,HCV,1b,100.0
LC368418,HCV,1b,100.0
LC368426,HCV,2a,100.0
LC368421,HCV,6w,100.0
LC368423,HCV,6n,100.0
LC368425,HCV,1b,100.0
LC368428,HCV,1b,100.0
LC368430,HCV,2b,100.0
LC368433,HCV,1b,100.0
AB207794,HCV,1b,100.0
MN628585,HCV,3a,100.0
AB207796,HCV,1b,100.0
MN628589,HCV,3a,100.0
AB207799,HCV,1b,100.0
MN628588,HCV,3a,100.0
AB207800,HCV,1b,100.0
AB207801,HCV,1b,100.0
AB207791,HCV,1b,100.0
AB207795,HCV,1b,100.0
AB207797,HCV,1b,100.0
AB207798,HCV,1b,100.0
MN628594,HCV,3a,100.0
MN628587,HCV,3a,100.0
OR497900,HCV,1a,100.0
OR497880,HCV,1a,100.0
OR497890,HCV,1a,100.0
OR497879,HCV,1a,100.0
OR497886,HCV,1a,100.0
OR497889,HCV,1a,100.0
OR497893,HCV,1a,100.0
OR497897,HCV,1a,100.0
OR497896,HCV,1a,100.0
OR497905,HCV,1a,100.0
OR497907,HCV,1a,100.0
OR497904,HCV,1a,100.0
OR497910,HCV,1a,100.0
OR497909,HCV,1a,100.0
OR497908,HCV,1a,100.0
OR497917,HCV,1a,100.0
OR497912,HCV,1a,100.0
OR497916,HCV,1a,100.0
OR497914,HCV,1a,100.0
OR497911,HCV,1a,100.0
OR497922,HCV,1a,100.0
OR497915,HCV,1a,100.0
OR497913,HCV,1a,100.0
OR497920,HCV,1a,100.0
OR497924,HCV,1a,100.0
OR497923,HCV,1a,100.0
OR497919,HCV,1a,100.0
OR497925,HCV,1a,100.0
OR497918,HCV,1a,100.0
OR497921,HCV,1a,100.0
OR497927,HCV,1a,100.0
OR497929,HCV,1a,100.0
OR497926,HCV,1a,100.0
OR497934,HCV,1a,100.0
OR497935,HCV,1a,100.0
OR497928,HCV,1a,100.0
OR497937,HCV,1a,100.0
OR497932,HCV,1a,100.0
KC124886,HCV,1b,100.0
KC124896,HCV,1b,100.0
KC124912,HCV,1b,100.0
KC124925,HCV,1b,100.0
KC124913,HCV,1b,100.0
KC124931,HCV,1b,100.0
KC124932,HCV,1b,100.0
KC124930,HCV,1b,100.0
KC124975,HCV,1b,100.0
KC124995,HCV,1b,100.0
KC125005,HCV,1b,100.0
KC127124,HCV,1a,100.0
OR498029,HCV,1b,100.0
MZ327739,HCV,1a,100.0
MZ327742,HCV,1a,100.0
MZ327737,HCV,1a,100.0
MZ327741,HCV,1a,100.0
JN977069,HCV,1b,100.0
JN977071,HCV,1a,100.0
JN977062,HCV,1b,100.0
JN977078,HCV,1b,100.0
JN977068,HCV,1b,100.0
JN977082,HCV,1b,100.0
JN977083,HCV,1b,100.0
JN977085,HCV,1b,100.0
JN977086,HCV,1b,100.0
KC124867,HCV,1b,100.0
KC124866,HCV,1b,100.0
JN977097,HCV,1b,100.0
JN977087,HCV,1b,100.0
JN977098,HCV,1b,100.0
JN977099,HCV,1b,100.0
JN977102,HCV,2a,100.0
JN977107,HCV,1b,100.0
JN977108,HCV,1b,100.0
JN977109,HCV,1b,100.0
JN977110,HCV,2a,100.0
JN977111,HCV,1b,100.0
JN977114,HCV,1b,100.0
JN977115,HCV,3b,100.0
JN977116,HCV,2a,100.0
JN977117,HCV,1b,100.0
JN977112,HCV,1b,100.0
JN977106,HCV,1b,100.0
JN977105,HCV,1a,100.0
MW357754,HCV,1b,100.0
MW357756,HCV,1b,100.0
MW357755,HCV,1b,100.0
MW357758,HCV,1b,100.0
MW357760,HCV,1b,100.0
MW357768,HCV,1b,100.0
MW357759,HCV,1b,100.0
MW357761,HCV,1b,100.0
MW357757,HCV,1b,100.0
MW357763,HCV,1b,100.0
MW357764,HCV,1b,100.0
MW357765,HCV,1b,100.0
MW357762,HCV,1b,100.0
KX621547,HCV,2b,100.0
MW357770,HCV,1b,100.0
MW357773,HCV,1b,100.0
KX621548,HCV,2b,100.0
MW357777,HCV,1b,100.0
KX621554,HCV,2b,100.0
KX621555,HCV,2b,100.0
MW357774,HCV,1b,100.0
MW357775,HCV,1b,100.0
KX621552,HCV,2b,100.0
MW357769,HCV,1b,100.0
MW357771,HCV,1b,100.0
MW357767,HCV,1b,100.0
MW357779,HCV,1b,100.0
MW357781,HCV,1b,100.0
JQ065709,HCV,3b,100.0
MW357783,HCV,1b,100.0
MW357782,HCV,1b,100.0
MW357776,HCV,1b,100.0
MW357788,HCV,1b,100.0
MW357789,HCV,1b,100.0
MW357792,HCV,1b,100.0
KX621556,HCV,2b,100.0
MW357791,HCV,1b,100.0
MW357786,HCV,1b,100.0
KX621549,HCV,2b,100.0
KX621545,HCV,2b,100.0
KX621546,HCV,2b,100.0
MW357787,HCV,1b,100.0
MT603235,HCV,1a,100.0
MT603244,HCV,1a,100.0
MT603246,HCV,1a,100.0
MT603253,HCV,1a,100.0
MT603258,HCV,1a,100.0
MT603259,HCV,1a,100.0
KC124868,HCV,1b,100.0
MT603263,HCV,1a,100.0
MT603257,HCV,1a,100.0
MT603262,HCV,1a,100.0
MT603268,HCV,3a,100.0
MT603267,HCV,1b,100.0
MT603249,HCV,1a,100.0
MT603266,HCV,1b,100.0
MT603261,HCV,1a,100.0
MT603272,HCV,3a,100.0
MT603270,HCV,3a,100.0
MT603271,HCV,3a,100.0
MT603264,HCV,1b,100.0
MT603279,HCV,3a,100.0
MT603277,HCV,3a,100.0
MT603273,HCV,3a,100.0
MT603278,HCV,3a,100.0
MT603269,HCV,3a,100.0
MT603276,HCV,3a,100.0
KC124878,HCV,1b,100.0
D49760,HCV,2e,99.0
MT603282,HCV,3a,100.0
D49761,HCV,2e,100.0
D49766,HCV,6g,100.0
D49768,HCV,3k,100.0
D49774,HCV,3k,100.0
D49779,HCV,6g,100.0
D49780,HCV,2e,99.0
D49764,HCV,3k,100.0
KC124879,HCV,1b,100.0
KC124875,HCV,1b,100.0
D49767,HCV,3k,100.0
KC124870,HCV,1b,100.0
D49763,HCV,6g,100.0
LC368330,HCV,1b,100.0
D49771,HCV,3k,100.0
D49775,HCV,2e,100.0
LC368309,HCV,1b,100.0
LC368310,HCV,1b,100.0
KX172138,HCV,2j,59.0
LC368318,HCV,1b,100.0
D63821,HCV,3k,100.0
LC368319,HCV,1b,100.0
LC368314,HCV,1b,100.0
LC368325,HCV,1b,100.0
LC368336,HCV,1b,100.0
LC368334,HCV,1b,100.0
LC368337,HCV,1b,100.0
LC368342,HCV,1b,100.0
KC127198,HCV,1a,100.0
KC127153,HCV,1a,100.0
PV289093,HCV,1a,100.0
PV289049,HCV,1a,100.0
PV289055,HCV,1a,100.0
PV289057,HCV,1a,100.0
PV289056,HCV,1a,100.0
PV289063,HCV,1a,100.0
PV289062,HCV,1a,100.0
PV289066,HCV,1a,100.0
PV289058,HCV,1a,100.0
PV289067,HCV,1a,100.0
PV289059,HCV,1a,100.0
KC127221,HCV,1a,100.0
PV289060,HCV,1a,100.0
PV289070,HCV,1a,100.0
PV289065,HCV,1a,100.0
PV289191,HCV,3a,100.0
PV289071,HCV,1a,100.0
PV289064,HCV,1a,100.0
PV289061,HCV,1a,100.0
PV289068,HCV,1a,100.0
PV289069,HCV,1a,100.0
PV289196,HCV,3a,100.0
PV289194,HCV,3a,100.0
PV289197,HCV,3a,100.0
PV289200,HCV,3a,100.0
PV289201,HCV,3a,100.0
PV289192,HCV,3a,100.0
PV289203,HCV,3a,100.0
PV289073,HCV,1a,100.0
PV289072,HCV,1a,100.0
PV289075,HCV,1a,100.0
PV289077,HCV,1a,100.0
PV289074,HCV,1a,100.0
PV289076,HCV,1a,100.0
PV289078,HCV,1a,100.0
PV289221,HCV,3a,100.0
PV289215,HCV,3a,100.0
PV289217,HCV,3a,100.0
PV289213,HCV,3a,100.0
PV289097,HCV,1a,100.0
PV289094,HCV,1a,100.0
PV289091,HCV,1a,100.0
PV289098,HCV,1a,100.0
PV289092,HCV,1a,100.0
PV289101,HCV,1a,100.0
PV289095,HCV,1a,100.0
PV289100,HCV,1a,100.0
PV289096,HCV,1a,100.0
PV289123,HCV,1a,100.0
PV289127,HCV,1a,100.0
PV289129,HCV,1a,100.0
PV289119,HCV,1a,100.0
PV289122,HCV,1a,100.0
PV289120,HCV,1a,100.0
PV289126,HCV,1a,100.0
PV289131,HCV,1a,100.0
PQ335060,HCV,1a,100.0
PV289124,HCV,1a,100.0
PV289134,HCV,1a,100.0
PV289128,HCV,1a,100.0
PV289125,HCV,1a,100.0
PQ335069,HCV,1a,100.0
PV289137,HCV,3a,100.0
PV289136,HCV,3a,100.0
PV289138,HCV,3a,100.0
PV289135,HCV,1a,100.0
PV289140,HCV,3a,100.0
PV289139,HCV,3a,100.0
PV289133,HCV,1a,100.0
PQ335077,HCV,1a,100.0
PV289142,HCV,3a,100.0
PV289143,HCV,3a,100.0
PV289132,HCV,1a,100.0
PV289141,HCV,3a,100.0
PQ335086,HCV,1a,100.0
PQ335087,HCV,1a,100.0
PQ335080,HCV,1a,100.0
PV289147,HCV,3a,100.0
PV289151,HCV,3a,100.0
PV289145,HCV,3a,100.0
PQ335091,HCV,4a,100.0
PQ335092,HCV,4a,100.0
PQ335095,HCV,4a,100.0
PQ335096,HCV,4a,100.0
PQ335110,HCV,4a,100.0
PQ335109,HCV,4a,100.0
PQ335116,HCV,4a,100.0
PQ335123,HCV,4a,100.0
PQ335103,HCV,4a,100.0
PV289190,HCV,3a,100.0
PV289187,HCV,3a,100.0
PV289189,HCV,3a,100.0
PQ335125,HCV,4a,100.0
KC127170,HCV,1a,100.0
MW689992,HCV,1b,100.0
MW689994,HCV,1a,100.0
MW690004,HCV,"unassigned_1, 1a-4o-4v-4o",NA
MW690002,HCV,1a,100.0
MW690001,HCV,1a,100.0
MW690000,HCV,1a,100.0
MW690008,HCV,"unassigned_1, 1b-4r-1a-4r",NA
MW689991,HCV,1b,100.0
MW690006,HCV,1a,100.0
MW689999,HCV,1b,100.0
MW690007,HCV,1g,100.0
MW690009,HCV,"unassigned_1, 1b-1a",NA
MW690005,HCV,1a,100.0
MW690013,HCV,1c,88.0
MW690003,HCV,1a,100.0
MW690012,HCV,1g,100.0
MW690014,HCV,1b,100.0
MW690015,HCV,1a,100.0
MW690011,HCV,1a,100.0
MW690010,HCV,1e,100.0
MW690019,HCV,1a,100.0
LC209863,HCV,1a,100.0
MW690018,HCV,1a,100.0
LC209864,HCV,1a,100.0
MW690020,HCV,1a,100.0
LC209866,HCV,1a,100.0
MW690017,HCV,1a,100.0
MW690016,HCV,1b,100.0
LC209867,HCV,1a,100.0
LC209868,HCV,1a,100.0
LC209870,HCV,1a,100.0
LC209872,HCV,1a,100.0
LC209873,HCV,1a,100.0
LC209865,HCV,1a,100.0
LC209874,HCV,1a,100.0
LC209878,HCV,1a,100.0
LC209876,HCV,1a,100.0
LC209869,HCV,1a,100.0
LC209875,HCV,1a,100.0
KC127144,HCV,1a,100.0
KC127171,HCV,1a,100.0
KC127147,HCV,1a,100.0
KC127163,HCV,1a,100.0
KC127160,HCV,1a,100.0
KC127181,HCV,1a,100.0
KC127182,HCV,1a,100.0
KC127191,HCV,1a,100.0
KC127159,HCV,1a,100.0
KC127180,HCV,1a,100.0
KC127190,HCV,1a,100.0
PQ660834,HCV,1a,100.0
PQ660835,HCV,"unassigned_1, 1a-4a-4v",NA
KC127149,HCV,1a,100.0
KC127161,HCV,1a,100.0
KC127172,HCV,1a,100.0
KC127148,HCV,1a,100.0
KC127162,HCV,1a,100.0
KC127146,HCV,1a,100.0
KC127169,HCV,1a,100.0
KC127145,HCV,1a,100.0
KC127189,HCV,1a,100.0
KC127183,HCV,1a,100.0
KC127173,HCV,1a,100.0
KC127179,HCV,1a,100.0
KC127192,HCV,1a,100.0
KC127199,HCV,1a,100.0
KC127193,HCV,1a,100.0
KC127203,HCV,1a,100.0
KC127205,HCV,1a,100.0
KC127202,HCV,1a,100.0
KC127207,HCV,1a,100.0
KC127226,HCV,1a,100.0
KC127200,HCV,1a,100.0
KC127204,HCV,1a,100.0
KC127228,HCV,1a,100.0
KC127235,HCV,1a,100.0
KC127215,HCV,1a,100.0
KC127236,HCV,1a,100.0
KC127208,HCV,1a,100.0
KC127216,HCV,1a,100.0
KC127259,HCV,1a,100.0
KC127249,HCV,1a,100.0
KC127218,HCV,1a,100.0
KC127217,HCV,1a,100.0
KC127224,HCV,1a,100.0
KC127250,HCV,1a,100.0
KC127264,HCV,1a,100.0
KC127256,HCV,1a,100.0
KC127269,HCV,1a,100.0
KC127268,HCV,1a,100.0
KC127263,HCV,1a,100.0
KC127261,HCV,1a,100.0
KC127266,HCV,1a,100.0
KC127267,HCV,1a,100.0
KC127280,HCV,1a,100.0
KC127276,HCV,1a,100.0
KC127262,HCV,1a,100.0
KC127257,HCV,1a,100.0
KC127275,HCV,1a,100.0
KC127260,HCV,1a,100.0
KC127265,HCV,1a,100.0
KC127274,HCV,1a,100.0
KC127282,HCV,1a,100.0
KC127281,HCV,1a,100.0
KC127284,HCV,1a,100.0
KC127283,HCV,1a,100.0
KC127289,HCV,1a,100.0
KC127304,HCV,1a,100.0
KC127302,HCV,1a,100.0
KC127305,HCV,1a,100.0
KC127309,HCV,1a,100.0
KC127311,HCV,1a,100.0
KC127318,HCV,1a,100.0
KC127326,HCV,1a,100.0
KC127325,HCV,1a,100.0
KC127328,HCV,1a,100.0
KC127314,HCV,1a,100.0
KC127324,HCV,1a,100.0
KC127334,HCV,1a,100.0
KC127323,HCV,1a,100.0
KC127329,HCV,1a,100.0
KC127336,HCV,1a,100.0
KC127332,HCV,1a,100.0
KC127337,HCV,1a,100.0
KC127330,HCV,1a,100.0
KC127333,HCV,1a,100.0
KC127340,HCV,1a,100.0
KC127339,HCV,1a,100.0
KC127343,HCV,1a,100.0
KC127341,HCV,1a,100.0
KC127350,HCV,1a,100.0
KC127345,HCV,1a,100.0
KC127335,HCV,1a,100.0
KC127355,HCV,1a,100.0
KC127354,HCV,1a,100.0
KC127365,HCV,1a,100.0
KC127357,HCV,1a,100.0
KC127369,HCV,1a,100.0
KC127362,HCV,1a,100.0
KC127366,HCV,1a,100.0
KC127367,HCV,1a,100.0
KC127368,HCV,1a,100.0
KC127377,HCV,1a,100.0
KC127385,HCV,1a,100.0
KC127388,HCV,1a,100.0
KC127381,HCV,1a,100.0
KC127386,HCV,1a,100.0
KC127390,HCV,1a,100.0
KC127392,HCV,1a,100.0
KC127398,HCV,1a,100.0
KC127396,HCV,1a,100.0
KC127393,HCV,1a,100.0
KC127400,HCV,1a,100.0
KC127402,HCV,1a,100.0
KC127391,HCV,1a,100.0
KC127404,HCV,1a,100.0
KC127403,HCV,1a,100.0
KC127409,HCV,1a,100.0
KC127399,HCV,1a,100.0
KC127408,HCV,1a,100.0
KC127411,HCV,1a,100.0
KC127415,HCV,1a,100.0
KC127410,HCV,1a,100.0
KC127427,HCV,1a,100.0
KC127419,HCV,1a,100.0
KC127426,HCV,1a,100.0
KC127432,HCV,1a,100.0
KC127433,HCV,1a,100.0
KC127436,HCV,1a,100.0
KC127450,HCV,1a,100.0
KC127444,HCV,1a,100.0
KC127440,HCV,1a,100.0
KC127454,HCV,1a,100.0
KC127449,HCV,1a,100.0
KC127458,HCV,1a,100.0
KC127452,HCV,1a,100.0
KC127463,HCV,1a,100.0
KC127455,HCV,1a,100.0
KC127465,HCV,1a,100.0
KC127456,HCV,1a,100.0
KC127466,HCV,1a,100.0
KC127477,HCV,1a,100.0
KC127476,HCV,1a,100.0
KC127475,HCV,1a,100.0
KC127480,HCV,1a,100.0
KC127482,HCV,1a,100.0
KC127481,HCV,1a,100.0
KC127486,HCV,1a,100.0
KC127485,HCV,1a,100.0
KC127483,HCV,1a,100.0
KC127474,HCV,1a,100.0
KC127484,HCV,1a,100.0
KC127464,HCV,1a,100.0
KC127495,HCV,1a,100.0
KC127500,HCV,1a,100.0
KC127506,HCV,1a,100.0
KC127508,HCV,1a,100.0
KC127509,HCV,1a,100.0
KC127492,HCV,1a,100.0
KC127510,HCV,1a,100.0
KC127516,HCV,1a,100.0
KC127515,HCV,1a,100.0
KC127505,HCV,1a,100.0
KC127502,HCV,1a,100.0
KC127519,HCV,1a,100.0
KC127522,HCV,1a,100.0
KC127524,HCV,1a,100.0
KC127533,HCV,1a,100.0
KC127529,HCV,1a,100.0
KC127534,HCV,1a,100.0
KC127547,HCV,1a,100.0
KC127540,HCV,1a,100.0
KC127556,HCV,1a,100.0
KC127554,HCV,1a,100.0
KC127552,HCV,1a,100.0
KC127558,HCV,1a,100.0
KC127548,HCV,1a,100.0
KC127567,HCV,1a,100.0
KC127563,HCV,1a,100.0
KC127559,HCV,1a,100.0
KC127571,HCV,1a,100.0
KC127566,HCV,1a,100.0
KC127583,HCV,1a,100.0
KC127586,HCV,1a,100.0
KC127568,HCV,1a,100.0
KC127580,HCV,1a,100.0
KC127579,HCV,1a,100.0
KC127595,HCV,1a,100.0
KC127592,HCV,1a,100.0
KC127596,HCV,1a,100.0
KC127590,HCV,1a,100.0
KC127604,HCV,1a,100.0
KC127603,HCV,1a,100.0
KC127601,HCV,1a,100.0
KC127605,HCV,1a,100.0
KC127618,HCV,1a,100.0
KC127609,HCV,1a,100.0
KC127615,HCV,1a,100.0
KC127624,HCV,1a,100.0
KC127619,HCV,1a,100.0
KC127626,HCV,1a,100.0
KC127625,HCV,1a,100.0
KC127616,HCV,1a,100.0
KC127613,HCV,1a,100.0
KC127627,HCV,1a,100.0
KC127636,HCV,1a,100.0
KC127639,HCV,1a,100.0
KC127633,HCV,1a,100.0
KC127637,HCV,1a,100.0
KC127630,HCV,1a,100.0
KC127634,HCV,1a,100.0
KC127649,HCV,1a,100.0
KC127647,HCV,1a,100.0
KC127648,HCV,1a,100.0
KC127641,HCV,1a,100.0
KC127651,HCV,1a,100.0
KC127638,HCV,1a,100.0
KC127652,HCV,1a,100.0
KC127654,HCV,1a,100.0
PV289044,HCV,1a,100.0
PV289046,HCV,1a,100.0
PV289041,HCV,1a,100.0
PV289045,HCV,1a,100.0
PV289043,HCV,1a,100.0
PV289048,HCV,1a,100.0
PV289052,HCV,1a,100.0
PV289040,HCV,1a,100.0
PV289047,HCV,1a,100.0
PV289054,HCV,1a,100.0
PV289051,HCV,1a,100.0
PV289050,HCV,1a,100.0
PV289053,HCV,1a,100.0
PV289042,HCV,1a,100.0
KC127271,HCV,1a,100.0
KC127285,HCV,1a,100.0
KC127278,HCV,1a,100.0
KC127286,HCV,1a,100.0
KC127288,HCV,1a,100.0
KC127290,HCV,1a,100.0
KC127297,HCV,1a,100.0
KC127291,HCV,1a,100.0
KC127295,HCV,1a,100.0
KC127292,HCV,1a,100.0
KC127300,HCV,1a,100.0
KC127307,HCV,1a,100.0
KC127316,HCV,1a,100.0
KC127313,HCV,1a,100.0
KC127310,HCV,1a,100.0
KC127320,HCV,1a,100.0
KC127321,HCV,1a,100.0
KC127322,HCV,1a,100.0
KC127327,HCV,1a,100.0
KC127331,HCV,1a,100.0
KC127317,HCV,1a,100.0
KC127319,HCV,1a,100.0
KC127338,HCV,1a,100.0
KC127342,HCV,1a,100.0
KC127349,HCV,1a,100.0
KC127348,HCV,1a,100.0
KC127347,HCV,1a,100.0
KC127353,HCV,1a,100.0
KC127358,HCV,1a,100.0
KC127361,HCV,1a,100.0
KC127356,HCV,1a,100.0
KC127363,HCV,1a,100.0
KC127360,HCV,1a,100.0
KC127352,HCV,1a,100.0
KC127359,HCV,1a,100.0
KC127351,HCV,1a,100.0
KC127370,HCV,1a,100.0
KC127378,HCV,1a,100.0
KC127375,HCV,1a,100.0
KC127376,HCV,1a,100.0
KC127384,HCV,1a,100.0
KC127380,HCV,1a,100.0
KC127382,HCV,1a,100.0
KC127373,HCV,1a,100.0
KC127383,HCV,1a,100.0
KC127389,HCV,1a,100.0
KC127395,HCV,1a,100.0
KC127397,HCV,1a,100.0
KC127394,HCV,1a,100.0
KC127387,HCV,1a,100.0
KC127401,HCV,1a,100.0
KC127405,HCV,1a,100.0
KC127406,HCV,1a,100.0
KC127414,HCV,1a,100.0
KC127412,HCV,1a,100.0
KC127416,HCV,1a,100.0
KC127413,HCV,1a,100.0
KC127422,HCV,1a,100.0
KC127407,HCV,1a,100.0
KC127423,HCV,1a,100.0
KC127429,HCV,1a,100.0
KC127421,HCV,1a,100.0
KC127428,HCV,1a,100.0
KC127430,HCV,1a,100.0
KC127418,HCV,1a,100.0
KC127420,HCV,1a,100.0
KC127424,HCV,1a,100.0
KC127425,HCV,1a,100.0
KC127431,HCV,1a,100.0
KC127438,HCV,1a,100.0
KC127435,HCV,1a,100.0
KC127439,HCV,1a,100.0
KC127460,HCV,1a,100.0
KC127459,HCV,1a,100.0
KC127453,HCV,1a,100.0
KC127471,HCV,1a,100.0
KC127469,HCV,1a,100.0
KC127468,HCV,1a,100.0
KC127470,HCV,1a,100.0
KC127473,HCV,1a,100.0
KC127487,HCV,1a,100.0
KC127489,HCV,1a,100.0
KC127490,HCV,1a,100.0
KC127488,HCV,1a,100.0
KC127493,HCV,1a,100.0
KC127503,HCV,1a,100.0
KC127491,HCV,1a,100.0
KC127501,HCV,1a,100.0
KC127504,HCV,1a,100.0
KC127498,HCV,1a,100.0
KC127511,HCV,1a,100.0
KC127507,HCV,1a,100.0
KC127513,HCV,1a,100.0
KC127514,HCV,1a,100.0
KC127512,HCV,1a,100.0
KC127523,HCV,1a,100.0
KC127526,HCV,1a,100.0
KC127520,HCV,1a,100.0
KC127532,HCV,1a,100.0
KC127531,HCV,1a,100.0
KC127521,HCV,1a,100.0
KC127525,HCV,1a,100.0
KC127528,HCV,1a,100.0
KC127538,HCV,1a,100.0
KC127536,HCV,1a,100.0
KC127541,HCV,1a,100.0
KC127542,HCV,1a,100.0
KC127545,HCV,1a,100.0
KC127551,HCV,1a,100.0
KC127543,HCV,1a,100.0
KC127537,HCV,1a,100.0
KC127550,HCV,1a,100.0
KC127555,HCV,1a,100.0
KC127560,HCV,1a,100.0
KC127557,HCV,1a,100.0
KC127561,HCV,1a,100.0
KC127564,HCV,1a,100.0
KC127553,HCV,1a,100.0
KC127562,HCV,1a,100.0
KC127570,HCV,1a,100.0
KC127565,HCV,1a,100.0
KC127569,HCV,1a,100.0
KC127584,HCV,1a,100.0
KC127587,HCV,1a,100.0
KC127589,HCV,1a,100.0
KC127576,HCV,1a,100.0
KC127588,HCV,1a,100.0
KC127585,HCV,1a,100.0
KC127606,HCV,1a,100.0
KC127600,HCV,1a,100.0
KC127598,HCV,1a,100.0
KC127602,HCV,1a,100.0
KC127594,HCV,1a,100.0
KC127597,HCV,1a,100.0
KC127612,HCV,1a,100.0
KC127599,HCV,1a,100.0
KC127610,HCV,1a,100.0
KC127611,HCV,1a,100.0
KC127621,HCV,1a,100.0
KC127617,HCV,1a,100.0
KC127623,HCV,1a,100.0
KC127622,HCV,1a,100.0
KC127631,HCV,1a,100.0
KC127632,HCV,1a,100.0
KC127628,HCV,1a,100.0
KC127635,HCV,1a,100.0
KC127645,HCV,1a,100.0
KC127629,HCV,1a,100.0
KC127640,HCV,1a,100.0
KC127643,HCV,1a,100.0
KC127642,HCV,1a,100.0
KC127650,HCV,1a,100.0
KC127646,HCV,1a,100.0
KC127653,HCV,1a,100.0
KC127644,HCV,1a,100.0
KC127656,HCV,1a,100.0
KC127655,HCV,1a,100.0
PV289099,HCV,1a,100.0
PV289108,HCV,1a,100.0
PV289104,HCV,1a,100.0
PV289150,HCV,3a,100.0
PV289146,HCV,3a,100.0
PV289153,HCV,3a,100.0
PV289154,HCV,3a,100.0
PV289173,HCV,3a,100.0
PV289174,HCV,3a,100.0
PV289183,HCV,3a,100.0
PV289179,HCV,3a,100.0
PV289185,HCV,3a,100.0
PV289209,HCV,3a,100.0
PV289204,HCV,3a,100.0
PV289207,HCV,3a,100.0
PQ335036,HCV,1a,100.0
PQ335035,HCV,1a,100.0
PQ335037,HCV,1a,100.0
PQ335040,HCV,1a,100.0
PQ335047,HCV,1a,100.0
PQ335057,HCV,1a,100.0
PQ335059,HCV,1a,100.0
PQ335063,HCV,1a,100.0
PQ335053,HCV,1a,100.0
PQ335056,HCV,1a,100.0
PQ335067,HCV,1a,100.0
PV289220,HCV,3a,100.0
PQ335068,HCV,1a,100.0
PQ335062,HCV,1a,100.0
PQ335070,HCV,1a,100.0
PQ335071,HCV,1a,100.0
PV289149,HCV,3a,100.0
PV289156,HCV,3a,100.0
PV289144,HCV,3a,100.0
PV289148,HCV,3a,100.0
PV289152,HCV,3a,100.0
PV289198,HCV,3a,100.0
PQ335038,HCV,1a,100.0
PQ335039,HCV,1a,100.0
PV289218,HCV,"unassigned_1, 3a-2b",NA
PQ335044,HCV,1a,100.0
PQ335041,HCV,1a,100.0
PQ335043,HCV,1a,100.0
PV289208,HCV,3a,100.0
PQ335042,HCV,1a,100.0
PQ335045,HCV,1a,100.0
PQ335048,HCV,1a,100.0
PQ335050,HCV,1a,100.0
PV289216,HCV,"unassigned_1, 3a-2b",NA
PQ335054,HCV,1a,100.0
PQ335046,HCV,1a,100.0
PV289211,HCV,3a,100.0
PQ335052,HCV,1a,100.0
PQ335055,HCV,1a,100.0
PQ335061,HCV,1a,100.0
PQ335049,HCV,1a,100.0
PQ335058,HCV,1a,100.0
PV289212,HCV,3a,100.0
PQ335066,HCV,1a,100.0
PQ335065,HCV,1a,100.0
PQ335064,HCV,1a,100.0
KC127287,HCV,1a,100.0
KC127277,HCV,1a,100.0
PQ335073,HCV,1a,100.0
PQ335079,HCV,1a,100.0
PV289219,HCV,3a,100.0
PQ335078,HCV,1a,100.0
PQ335074,HCV,1a,100.0
PQ335076,HCV,1a,100.0
PQ335072,HCV,1a,100.0
PQ335081,HCV,1a,100.0
PQ335089,HCV,4a,100.0
PQ335090,HCV,4a,100.0
PQ335093,HCV,4a,100.0
PQ335088,HCV,1a,100.0
PQ335094,HCV,4a,100.0
PQ335101,HCV,4a,100.0
PQ335106,HCV,4a,100.0
PQ335107,HCV,4a,100.0
PQ335084,HCV,1a,100.0
PQ335085,HCV,1a,100.0
PQ335097,HCV,4a,100.0
PQ335098,HCV,4a,100.0
PQ335105,HCV,4a,100.0
PQ335104,HCV,4a,100.0
PQ335100,HCV,4a,100.0
PQ335112,HCV,4a,100.0
PQ335099,HCV,4a,100.0
PQ335075,HCV,1a,100.0
PQ335083,HCV,1a,100.0
PQ335082,HCV,1a,100.0
PQ335114,HCV,4a,100.0
PQ335111,HCV,4a,100.0
PQ335115,HCV,4a,100.0
PQ335129,HCV,4a,100.0
PQ335118,HCV,4a,100.0
PQ335117,HCV,4a,100.0
PQ335108,HCV,4a,100.0
PQ335122,HCV,4a,100.0
PQ335128,HCV,4a,100.0
PQ335102,HCV,4a,100.0
PQ335113,HCV,4a,100.0
PQ335127,HCV,4a,100.0
PQ335121,HCV,4a,100.0
PQ335119,HCV,4a,100.0
PQ335120,HCV,4a,100.0
PQ335135,HCV,4a,100.0
PQ335130,HCV,4a,100.0
PQ335134,HCV,4a,100.0
PQ335145,HCV,4a,100.0
PQ335141,HCV,4a,100.0
PQ335126,HCV,4a,100.0
PQ335146,HCV,4a,100.0
PQ335138,HCV,4a,100.0
PQ335140,HCV,4a,100.0
PQ335139,HCV,4a,100.0
PQ335150,HCV,4a,100.0
PQ335155,HCV,4a,100.0
PQ335137,HCV,4a,100.0
PQ335142,HCV,4a,100.0
PQ335148,HCV,4a,100.0
PQ335136,HCV,4a,100.0
PQ335133,HCV,4a,100.0
PQ335149,HCV,4a,100.0
PQ335124,HCV,4a,100.0
PQ335143,HCV,4a,100.0
PQ335151,HCV,4a,100.0
PQ335131,HCV,4a,100.0
PQ335157,HCV,4a,100.0
PQ335158,HCV,4a,100.0
PQ335144,HCV,4a,100.0
PQ335156,HCV,4a,100.0
PQ335153,HCV,4a,100.0
PQ335147,HCV,4a,100.0
MW689950,HCV,1a,100.0
MW689946,HCV,1a,100.0
PQ335132,HCV,4a,100.0
PQ335154,HCV,4a,100.0
MW689951,HCV,1a,100.0
MW689945,HCV,"unassigned_1, 1a-4a",NA
MW689952,HCV,1l,100.0
MW689963,HCV,"unassigned_1, 1a-4a",NA
MW689956,HCV,1a,100.0
MW689957,HCV,1a,100.0
PQ335152,HCV,4a,100.0
MW689944,HCV,"unassigned_1, 1a-2k",NA
MW689948,HCV,1a,100.0
MW689953,HCV,1a,100.0
MW689959,HCV,1a,100.0
MW689958,HCV,1a,100.0
MW689947,HCV,1a,100.0
MW689954,HCV,1a,100.0
MW689949,HCV,1a,100.0
MW689955,HCV,1a,100.0
MW689960,HCV,1a,100.0
MW689964,HCV,1l,100.0
MW689969,HCV,"unassigned_1, 1a-1b",NA
MW689962,HCV,1a,100.0
MW689985,HCV,1a,100.0
MW689971,HCV,1b,100.0
MW689970,HCV,1a,100.0
MW689968,HCV,1b,100.0
MW689961,HCV,1a,100.0
MW689965,HCV,1b,100.0
MW689973,HCV,1b,100.0
MW689977,HCV,1a,100.0
MW689987,HCV,"unassigned_1, 1a-4r",NA
MW689978,HCV,1g,100.0
MW689980,HCV,1a,100.0
MW689984,HCV,1g,100.0
MW689995,HCV,"unassigned_1, 1a-4k-1b-4k-1b-4k",NA
MW689988,HCV,1a,100.0
MW689983,HCV,1l,100.0
MW689981,HCV,1a,100.0
MW689990,HCV,1a,100.0
LC209880,HCV,1a,100.0
MW689982,HCV,1a,100.0
MW689986,HCV,1a,100.0
MW689993,HCV,"unassigned_1, 1a-1b",NA
LC209871,HCV,1a,100.0
LC209881,HCV,1a,100.0
LC209879,HCV,1a,100.0
MW689997,HCV,1b,100.0
MW689998,HCV,1a,100.0
MW689989,HCV,1a,100.0
MW689996,HCV,1a,100.0
LC209877,HCV,1a,100.0
LC209883,HCV,1a,100.0
LC209888,HCV,1a,100.0
LC209882,HCV,1a,100.0
LC209884,HCV,1a,100.0
LC209887,HCV,1a,100.0
LC209886,HCV,1a,100.0
LC209885,HCV,1a,100.0
PQ660830,HCV,4a,100.0
PQ660829,HCV,1a,100.0
PQ660843,HCV,1a,100.0
PQ660827,HCV,1a,100.0
PQ660826,HCV,1a,100.0
PQ660824,HCV,1a,100.0
PQ660831,HCV,1a,100.0
PQ660823,HCV,1a,100.0
PQ660825,HCV,1a,100.0
PQ660833,HCV,1a,100.0
PQ660840,HCV,4a,100.0
PQ660853,HCV,"unassigned_1, 1a-4a",NA
PQ660828,HCV,1a,100.0
PQ660837,HCV,4a,100.0
PQ660832,HCV,1a,100.0
PQ660838,HCV,1a,100.0
PQ660836,HCV,1a,100.0
PQ660842,HCV,1a,100.0
PQ660844,HCV,1a,100.0
PQ660849,HCV,1a,100.0
KM275683,HCV,1b,100.0
PQ660855,HCV,"unassigned_1, 1a-4a-4v",NA
PQ660848,HCV,4a,100.0
PQ660839,HCV,4a,100.0
PQ660841,HCV,1a,100.0
PQ660850,HCV,1a,100.0
PQ660845,HCV,1a,100.0
KM275686,HCV,1b,100.0
PQ660852,HCV,"unassigned_1, 4a-1a",NA
PQ660846,HCV,1a,100.0
KM275685,HCV,1b,100.0
KM275688,HCV,1b,100.0
KM275691,HCV,1b,100.0
KM275695,HCV,1b,100.0
PQ660857,HCV,"unassigned_1, 4a-1a",NA
PQ660847,HCV,4a,100.0
KM275689,HCV,1b,100.0
KY608614,HCV,1e,100.0
KY608615,HCV,1g,100.0
KY608623,HCV,2i,100.0
KM275687,HCV,1b,100.0
KY608613,HCV,1e,100.0
KM275694,HCV,1b,100.0
KM275693,HCV,1b,100.0
KM275698,HCV,1b,100.0
KY608630,HCV,2j,100.0
KM275696,HCV,1b,100.0
PQ660851,HCV,1a,100.0
KY608619,HCV,2i,100.0
KY608625,HCV,2i,94.0
KY608635,HCV,3g,100.0
KY608634,HCV,2k,100.0
KY608632,HCV,2k,100.0
KY608621,HCV,2i,100.0
KC127158,HCV,1a,100.0
KC127166,HCV,1a,100.0
KC127156,HCV,1a,100.0
KY608627,HCV,2i,100.0
KC127157,HCV,1a,100.0
KY608618,HCV,1l,100.0
KC127178,HCV,1a,100.0
KC127168,HCV,1a,100.0
KC127164,HCV,1a,100.0
KC127229,HCV,1a,100.0
KC127154,HCV,1a,100.0
PQ660856,HCV,4a,100.0
PQ660859,HCV,4a,100.0
KC127184,HCV,1a,100.0
KC127165,HCV,1a,100.0
KC127174,HCV,1a,100.0
PQ660854,HCV,1a,100.0
KC127219,HCV,1a,100.0
KC127196,HCV,1a,100.0
KC127188,HCV,1a,100.0
KC127195,HCV,1a,100.0
KC127197,HCV,1a,100.0
KC127209,HCV,1a,100.0
KC127231,HCV,1a,100.0
KC127167,HCV,1a,100.0
KC127176,HCV,1a,100.0
KC127155,HCV,1a,100.0
KC127186,HCV,1a,100.0
KC127187,HCV,1a,100.0
KC127230,HCV,1a,100.0
KC127233,HCV,1a,100.0
KC127247,HCV,1a,100.0
KC127244,HCV,1a,100.0
PV289083,HCV,1a,100.0
PV289081,HCV,1a,100.0
PV289080,HCV,1a,100.0
PV289079,HCV,1a,100.0
PV289170,HCV,3a,100.0
PV289177,HCV,3a,100.0
PV289172,HCV,3a,100.0
PV289175,HCV,3a,100.0
PV289176,HCV,3a,100.0
PV289088,HCV,1a,100.0
PV289178,HCV,3a,100.0
PV289180,HCV,3a,100.0
PV289182,HCV,3a,100.0
PV289186,HCV,3a,100.0
PV289085,HCV,1a,100.0
PV289188,HCV,3a,100.0
PV289181,HCV,3a,100.0
PV289184,HCV,3a,100.0
PV289193,HCV,3a,100.0
PV289210,HCV,"unassigned_1, 3a-2b",NA
PV289206,HCV,3a,100.0
PV289195,HCV,3a,100.0
PV289084,HCV,1a,100.0
PV289205,HCV,3a,100.0
PV289202,HCV,3a,100.0
PV289199,HCV,3a,100.0
PQ335051,HCV,1a,100.0
PV289214,HCV,3a,100.0
PV289082,HCV,1a,100.0
MW689967,HCV,1b,100.0
MW689966,HCV,1b,100.0
PV289089,HCV,1a,100.0
PV289087,HCV,1a,100.0
PV289086,HCV,1a,100.0
PV289090,HCV,1a,100.0
KC127210,HCV,1a,100.0
KC127211,HCV,1a,100.0
KC127212,HCV,1a,100.0
KC127206,HCV,1a,100.0
KC127225,HCV,1a,100.0
MW689976,HCV,1b,100.0
KC127227,HCV,1a,100.0
KC127234,HCV,1a,100.0
MW689975,HCV,1b,100.0
MW689972,HCV,1a,100.0
KC127214,HCV,1a,100.0
MW689974,HCV,1a,100.0
MW689979,HCV,1a,100.0
KC127238,HCV,1a,100.0
KM275684,HCV,1b,100.0
KM275692,HCV,1b,100.0
KM275690,HCV,1b,100.0
KC127237,HCV,1a,100.0
KY608616,HCV,1g,100.0
KY608612,HCV,1c,100.0
KM275697,HCV,1b,100.0
KC127201,HCV,1a,100.0
KY608622,HCV,2i,100.0
KY608611,HCV,1c,100.0
KY608624,HCV,2i,99.0
KC127253,HCV,1a,100.0
KY608617,HCV,1h,100.0
PQ660858,HCV,1a,100.0
KY608626,HCV,2i,100.0
KY608620,HCV,2i,100.0
KC127254,HCV,1a,100.0
KY608631,HCV,2k,100.0
KY608628,HCV,2i,100.0
KY608633,HCV,2k,100.0
KY608629,HCV,2j,100.0
KC127185,HCV,1a,100.0
KC127255,HCV,1a,100.0
KC127177,HCV,1a,100.0
KC127175,HCV,1a,100.0
KC127213,HCV,1a,100.0
KC127194,HCV,1a,100.0
KC127252,HCV,1a,100.0
KC127223,HCV,1a,100.0
KC127232,HCV,1a,100.0
KC127220,HCV,1a,100.0
KC127258,HCV,1a,100.0
KC127243,HCV,1a,100.0
KC127241,HCV,1a,100.0
KC127239,HCV,1a,100.0
KC127242,HCV,1a,100.0
KC127251,HCV,1a,100.0
KC127222,HCV,1a,100.0
KC127240,HCV,1a,100.0
KC127246,HCV,1a,100.0
KC127245,HCV,1a,100.0
KC127248,HCV,1a,100.0
KC127279,HCV,1a,100.0
KC127150,HCV,1a,100.0
KC127152,HCV,1a,100.0
KC127151,HCV,1a,100.0
KC127272,HCV,1a,100.0
KC127273,HCV,1a,100.0
KC127270,HCV,1a,100.0
KC127293,HCV,1a,100.0
KC127299,HCV,1a,100.0
KC127296,HCV,1a,100.0
KC127303,HCV,1a,100.0
KC127301,HCV,1a,100.0
KC127294,HCV,1a,100.0
KC127298,HCV,1a,100.0
KC127306,HCV,1a,100.0
KC127315,HCV,1a,100.0
KC127308,HCV,1a,100.0
KC127312,HCV,1a,100.0
KC127346,HCV,1a,100.0
KC127344,HCV,1a,100.0
KC127372,HCV,1a,100.0
KC127364,HCV,1a,100.0
KC127371,HCV,1a,100.0
KC127374,HCV,1a,100.0
KC127379,HCV,1a,100.0
KC127417,HCV,1a,100.0
KC127442,HCV,1a,100.0
KC127441,HCV,1a,100.0
KC127447,HCV,1a,100.0
KC127446,HCV,1a,100.0
KC127443,HCV,1a,100.0
KC127437,HCV,1a,100.0
KC127448,HCV,1a,100.0
KC127434,HCV,1a,100.0
KC127445,HCV,1a,100.0
KC127462,HCV,1a,100.0
KC127451,HCV,1a,100.0
KC127457,HCV,1a,100.0
KC127461,HCV,1a,100.0
KC127472,HCV,1a,100.0
KC127479,HCV,1a,100.0
KC127478,HCV,1a,100.0
KC127467,HCV,1a,100.0
KC127497,HCV,1a,100.0
KC127499,HCV,1a,100.0
KC127494,HCV,1a,100.0
KC127496,HCV,1a,100.0
KC127518,HCV,1a,100.0
KC127517,HCV,1a,100.0
KC127527,HCV,1a,100.0
KC127530,HCV,1a,100.0
KC127539,HCV,1a,100.0
KC127546,HCV,1a,100.0
KC127544,HCV,1a,100.0
KC127549,HCV,1a,100.0
KC127535,HCV,1a,100.0
KC127577,HCV,1a,100.0
KC127572,HCV,1a,100.0
KC127573,HCV,1a,100.0
KC127574,HCV,1a,100.0
KC127581,HCV,1a,100.0
KC127575,HCV,1a,100.0
KC127582,HCV,1a,100.0
KC127591,HCV,1a,100.0
KC127578,HCV,1a,100.0
KC127593,HCV,1a,100.0
KC127607,HCV,1a,100.0
KC127608,HCV,1a,100.0
KC127614,HCV,1a,100.0
KC127620,HCV,1a,100.0
PV289106,HCV,1a,100.0
PV289102,HCV,1a,100.0
PV289107,HCV,1a,100.0
PV289109,HCV,1a,100.0
PV289105,HCV,1a,100.0
PV289116,HCV,"unassigned_1, 1a-2b",NA
PV289103,HCV,1a,100.0
PV289113,HCV,1a,100.0
PV289111,HCV,1a,100.0
PV289118,HCV,"unassigned_1, 1a-2b",NA
PV289114,HCV,1a,100.0
PV289115,HCV,1a,100.0
PV289110,HCV,1a,100.0
PV289112,HCV,1a,100.0
PV289117,HCV,1a,100.0
PV289130,HCV,"unassigned_1, 1a-2b",NA
PV289121,HCV,1a,100.0
PV289155,HCV,3a,100.0
PV289160,HCV,3a,100.0
PV289158,HCV,3a,100.0
PV289157,HCV,3a,100.0
PV289159,HCV,3a,100.0
PV289162,HCV,3a,100.0
PV289169,HCV,3a,100.0
PV289164,HCV,3a,100.0
PV289166,HCV,3a,100.0
PV289168,HCV,3a,100.0
PV289161,HCV,3a,100.0
PV289165,HCV,3a,100.0
PV289163,HCV,3a,100.0
PV289167,HCV,3a,100.0
PV289171,HCV,3a,100.0
KY608641,HCV,3i,100.0
KY608639,HCV,3g,100.0
JX961002,HCV,1b,100.0
JX961024,HCV,6a,100.0
JX961018,HCV,3b,100.0
JX961019,HCV,1b,100.0
JX961034,HCV,6a,100.0
JX961030,HCV,3a,100.0
EU081499,HCV,3b,100.0
JX961037,HCV,6a,100.0
D37855,HCV,6b,100.0
JX961007,HCV,3b,100.0
EU081503,HCV,3a,100.0
EU710092,HCV,1a,100.0
D37869,HCV,6f,100.0
EU710097,HCV,1a,100.0
EU710093,HCV,1a,100.0
EU710105,HCV,1a,100.0
EU710102,HCV,1a,100.0
EU710085,HCV,1a,100.0
EU710182,HCV,1a,100.0
EU710089,HCV,1a,100.0
EU710128,HCV,1a,100.0
EU710117,HCV,1a,100.0
EU710166,HCV,1a,100.0
KY608674,HCV,4o,100.0
KT735896,HCV,3a,100.0
KY608647,HCV,3i,100.0
KY608666,HCV,4n,100.0
KY608657,HCV,4n,100.0
KY608637,HCV,3g,100.0
KY608669,HCV,4o,100.0
KY608680,HCV,4o,100.0
KY608693,HCV,6e,100.0
KY608638,HCV,3g,100.0
KY608658,HCV,4n,100.0
KY608643,HCV,3i,100.0
KY608656,HCV,4n,100.0
KY608653,HCV,4f,100.0
KY608655,HCV,4l,100.0
KY608671,HCV,4o,100.0
KY608667,HCV,4o,100.0
KY608672,HCV,4o,100.0
KY608654,HCV,4k,100.0
KY608668,HCV,4o,100.0
KY608690,HCV,6e,100.0
KY608691,HCV,6e,100.0
KY608695,HCV,6e,100.0
KY608679,HCV,4o,100.0
KT735661,HCV,3b,100.0
KT735662,HCV,6n,100.0
KT735663,HCV,3b,100.0
KY608708,HCV,6m,100.0
KY608670,HCV,4o,100.0
KT735669,HCV,6n,100.0
KT735672,HCV,1a,100.0
KT735671,HCV,1a,100.0
KY608640,HCV,3i,100.0
KY608694,HCV,6e,100.0
KY608702,HCV,6i,100.0
KT735665,HCV,6a,100.0
KT735664,HCV,3b,100.0
KT735667,HCV,3b,100.0
KT735660,HCV,3b,100.0
KY608673,HCV,4o,100.0
KT735674,HCV,6xa,100.0
KT735676,HCV,3b,100.0
KT735686,HCV,1a,100.0
KT735677,HCV,3b,100.0
KT735668,HCV,6n,100.0
KT735679,HCV,1a,100.0
KT735678,HCV,3b,100.0
KT735659,HCV,3b,100.0
KT735680,HCV,3b,100.0
KT735670,HCV,1a,100.0
KT735688,HCV,3a,100.0
KT735689,HCV,6n,100.0
KT735675,HCV,3b,100.0
KY608678,HCV,4o,100.0
KT735691,HCV,3a,100.0
KT735692,HCV,3b,100.0
KT735698,HCV,6n,100.0
KT735701,HCV,1a,100.0
KY608681,HCV,4r,100.0
KT735702,HCV,1a,100.0
KT735687,HCV,6n,100.0
KT735704,HCV,6n,100.0
KT735703,HCV,1a,100.0
KT735706,HCV,1a,100.0
KT735705,HCV,3b,100.0
KT735708,HCV,1a,100.0
KT735711,HCV,1a,100.0
KT735710,HCV,1a,100.0
KT735695,HCV,6n,100.0
KT735718,HCV,6n,100.0
KT735700,HCV,6xa,100.0
KT735716,HCV,3b,100.0
KT735707,HCV,3b,100.0
KT735726,HCV,6n,100.0
KT735709,HCV,6n,100.0
KT735723,HCV,6n,100.0
KT735733,HCV,6n,100.0
KT735734,HCV,3a,100.0
KT735735,HCV,3b,100.0
KT735719,HCV,1a,100.0
KT735693,HCV,1a,100.0
KT735694,HCV,1a,100.0
KT735673,HCV,3b,100.0
KT735696,HCV,3b,100.0
KT735690,HCV,6xa,100.0
KT735712,HCV,6xa,100.0
KT735714,HCV,6xa,100.0
KT735715,HCV,6n,100.0
KT735697,HCV,6n,100.0
KT735717,HCV,3b,100.0
KT735699,HCV,3b,100.0
KT735725,HCV,1b,100.0
KT735727,HCV,6n,100.0
KT735721,HCV,3a,100.0
KT735729,HCV,1b,100.0
KT735713,HCV,3b,100.0
KT735720,HCV,3b,100.0
KT735736,HCV,6n,100.0
KT735740,HCV,3b,100.0
KT735742,HCV,1a,100.0
KT735741,HCV,3b,100.0
KT735743,HCV,6n,100.0
KT735747,HCV,1b,100.0
KT735745,HCV,1b,100.0
KT735746,HCV,3b,100.0
KT735728,HCV,3b,100.0
KT735731,HCV,3a,100.0
KT735749,HCV,3a,100.0
KT735752,HCV,3b,100.0
KT735751,HCV,3b,100.0
KT735730,HCV,3b,100.0
KT735753,HCV,1b,100.0
KT735737,HCV,3b,100.0
KT735724,HCV,3b,100.0
KT735722,HCV,1a,100.0
KT735732,HCV,6n,100.0
KT735739,HCV,3a,100.0
KT735755,HCV,3b,100.0
KT735757,HCV,1b,100.0
KT735758,HCV,3a,100.0
KT735759,HCV,6n,100.0
KT735756,HCV,1b,100.0
KT735754,HCV,3a,100.0
KT735769,HCV,1b,100.0
KT735768,HCV,1b,100.0
KT735770,HCV,3a,100.0
KT735766,HCV,3b,100.0
KT735771,HCV,3b,100.0
KT735738,HCV,3b,100.0
KT735772,HCV,3b,100.0
KT735774,HCV,3b,100.0
KT735775,HCV,6a,100.0
KT735776,HCV,6a,100.0
KT735778,HCV,6a,100.0
KT735744,HCV,6xa,100.0
KT735777,HCV,1b,100.0
KT735761,HCV,3a,100.0
KT735762,HCV,1b,100.0
KT735760,HCV,3a,100.0
KT735750,HCV,3b,100.0
KT735763,HCV,3a,100.0
KT735765,HCV,3b,100.0
KT735764,HCV,1b,100.0
KT735779,HCV,6n,100.0
KT735782,HCV,1b,100.0
KT735748,HCV,3a,100.0
KT735781,HCV,3b,100.0
KT735785,HCV,3b,100.0
KT735783,HCV,3a,100.0
KT735786,HCV,3b,100.0
KT735787,HCV,3a,100.0
KT735788,HCV,3a,100.0
KT735784,HCV,6a,100.0
KT735792,HCV,3a,100.0
KT735790,HCV,3a,100.0
KT735780,HCV,1b,100.0
KT735791,HCV,3b,100.0
KT735811,HCV,3b,100.0
KT735804,HCV,6n,100.0
KT735812,HCV,1b,100.0
KT735813,HCV,3a,100.0
KT735798,HCV,3b,100.0
KT735816,HCV,1b,100.0
KT735803,HCV,3b,100.0
KT735767,HCV,3b,100.0
KT735802,HCV,6a,100.0
KT735809,HCV,3b,100.0
KT735806,HCV,3b,100.0
KT735805,HCV,3a,100.0
KT735810,HCV,6xa,100.0
KT735789,HCV,3a,100.0
KT735824,HCV,3a,100.0
KT735825,HCV,3b,100.0
KT735826,HCV,3b,100.0
KT735828,HCV,3b,100.0
KT735807,HCV,3b,100.0
KT735829,HCV,1b,100.0
KT735831,HCV,3b,100.0
KT735830,HCV,1a,100.0
KT735815,HCV,3a,100.0
KT735833,HCV,1a,100.0
KT735832,HCV,3b,100.0
KT735835,HCV,3a,100.0
KT735834,HCV,6n,100.0
KT735837,HCV,3b,100.0
KT735827,HCV,6n,100.0
KT735844,HCV,3a,100.0
KT735845,HCV,3b,100.0
KT735848,HCV,3b,100.0
KT735846,HCV,1b,100.0
KT735853,HCV,1b,100.0
KT735850,HCV,3b,100.0
KT735852,HCV,3b,100.0
KT735851,HCV,3b,100.0
KT735854,HCV,3b,100.0
KT735836,HCV,3b,100.0
KT735855,HCV,6n,100.0
KT735814,HCV,6n,100.0
KT735856,HCV,3b,100.0
KT735847,HCV,3b,100.0
KT735867,HCV,6a,100.0
KT735866,HCV,6a,100.0
KT735868,HCV,3a,100.0
KT735869,HCV,3b,100.0
KT735870,HCV,3a,100.0
KT735873,HCV,3a,100.0
KT735879,HCV,3b,100.0
KT735861,HCV,6a,100.0
KT735874,HCV,1b,100.0
KT735862,HCV,6a,100.0
KT735880,HCV,3a,100.0
KT735883,HCV,1b,100.0
KT735881,HCV,6a,100.0
HQ318868,HCV,3b,100.0
KT735876,HCV,3a,100.0
KT735886,HCV,3b,100.0
HQ318870,HCV,3b,100.0
HQ318871,HCV,3b,100.0
HQ318873,HCV,3a,100.0
HQ318866,HCV,3b,100.0
HQ318869,HCV,3b,100.0
HQ318863,HCV,2a,100.0
KT735895,HCV,3b,100.0
HQ318876,HCV,3a,100.0
HQ318875,HCV,3a,100.0
HQ318878,HCV,3a,100.0
HQ318877,HCV,3a,100.0
HQ318883,HCV,3a,100.0
HQ318881,HCV,3a,100.0
HQ318879,HCV,3a,100.0
KT735888,HCV,3a,100.0
HQ318884,HCV,3a,100.0
HQ318872,HCV,3b,100.0
HQ318888,HCV,3a,100.0
HQ318893,HCV,3a,100.0
HQ318890,HCV,3a,100.0
HQ318885,HCV,3a,100.0
HQ318894,HCV,3a,100.0
HQ318882,HCV,3a,100.0
HQ318898,HCV,1b,100.0
HQ318906,HCV,1b,100.0
HQ318891,HCV,3a,100.0
HQ318905,HCV,1b,100.0
HQ318904,HCV,1b,100.0
HQ318909,HCV,1b,100.0
HQ318908,HCV,1b,100.0
HQ318911,HCV,1b,100.0
HQ318907,HCV,1b,100.0
HQ318917,HCV,6a,100.0
HQ318900,HCV,1b,100.0
HQ318921,HCV,6n,100.0
HQ318920,HCV,6n,100.0
KM284979,HCV,1a,100.0
HQ318927,HCV,6e,100.0
KM284983,HCV,1a,100.0
KM284982,HCV,1a,100.0
HQ318919,HCV,6a,100.0
HQ318922,HCV,6e,100.0
HQ318918,HCV,6a,100.0
KM284984,HCV,1a,100.0
KM284985,HCV,1a,100.0
HQ318925,HCV,6e,100.0
HQ318923,HCV,6e,100.0
KM284987,HCV,1a,100.0
KM284990,HCV,1a,100.0
KM285001,HCV,3a,100.0
KM285003,HCV,3a,100.0
KM284991,HCV,1a,100.0
HQ318914,HCV,6a,100.0
KM284998,HCV,3a,100.0
KM285006,HCV,3a,100.0
KM285007,HCV,3a,100.0
KM284978,HCV,1a,100.0
KM285014,HCV,3b,100.0
KM285015,HCV,3b,100.0
KM285017,HCV,3b,100.0
KM285018,HCV,3b,100.0
KM285004,HCV,3a,100.0
KM284997,HCV,3a,100.0
KM285020,HCV,3b,100.0
KM285021,HCV,3b,100.0
KM285008,HCV,3a,100.0
KM285016,HCV,3b,100.0
KM285024,HCV,3b,100.0
KM285026,HCV,3b,100.0
KM285027,HCV,3b,100.0
KM285009,HCV,3a,100.0
KM285019,HCV,3b,100.0
KM285040,HCV,3b,100.0
KM285022,HCV,3b,100.0
KM285041,HCV,3b,100.0
KM285031,HCV,3b,100.0
KM285023,HCV,3b,100.0
KM285042,HCV,3b,100.0
KM285043,HCV,3b,100.0
KM285044,HCV,3b,100.0
KM285047,HCV,3b,100.0
KM285039,HCV,3b,100.0
KM285048,HCV,3b,100.0
KM285038,HCV,3b,100.0
KM285050,HCV,3b,100.0
KM285051,HCV,3b,100.0
KM285052,HCV,3b,100.0
KM285053,HCV,3b,100.0
KM285054,HCV,3b,100.0
KM285037,HCV,3b,100.0
KM285035,HCV,3b,100.0
KM285066,HCV,3b,100.0
KM285046,HCV,3b,100.0
KM285049,HCV,3b,100.0
KM285067,HCV,3b,100.0
KM285070,HCV,3b,100.0
KM285062,HCV,3b,100.0
KM285055,HCV,3b,100.0
KM285071,HCV,3b,100.0
KM285088,HCV,6n,100.0
KM285074,HCV,3b,100.0
KM285061,HCV,3b,100.0
KM285091,HCV,6n,100.0
KM285090,HCV,6n,100.0
KM285086,HCV,6n,100.0
KM285093,HCV,6n,100.0
KM285094,HCV,6n,100.0
KM285080,HCV,6n,100.0
KM285079,HCV,6n,100.0
KM285083,HCV,6n,100.0
KM285101,HCV,6xa,100.0
KM285100,HCV,6xa,100.0
KM285099,HCV,6xa,100.0
KM285102,HCV,6xa,100.0
KM285065,HCV,3b,100.0
KM285085,HCV,6n,100.0
KM285106,HCV,6xa,100.0
KM285104,HCV,6xa,100.0
KM285092,HCV,6n,100.0
JX960978,HCV,1b,100.0
KM285114,HCV,6xa,100.0
JX960977,HCV,6a,100.0
JX960983,HCV,3b,100.0
JX960995,HCV,3b,100.0
JX960992,HCV,3b,100.0
JX960996,HCV,6n,100.0
JX961000,HCV,1a,100.0
JX961005,HCV,3b,100.0
JX961010,HCV,3b,100.0
JX961009,HCV,6e,100.0
JX961011,HCV,6a,100.0
JX960991,HCV,6a,100.0
JX960994,HCV,3b,100.0
JX961016,HCV,6e,100.0
JX961008,HCV,3b,100.0
JX961013,HCV,6a,100.0
JX961022,HCV,6a,100.0
JX961023,HCV,3b,100.0
JX961012,HCV,1a,100.0
JX961025,HCV,3b,100.0
JX961026,HCV,3b,100.0
JX961029,HCV,3b,100.0
JX961020,HCV,3b,100.0
JX961006,HCV,1a,100.0
JX961028,HCV,3b,100.0
JX961032,HCV,1a,100.0
JX961048,HCV,6xa,100.0
JX961046,HCV,6a,100.0
JX961041,HCV,3b,100.0
JX961040,HCV,3b,100.0
JX961042,HCV,3b,100.0
JX961047,HCV,3b,100.0
JX961045,HCV,3a,100.0
JX961051,HCV,1b,100.0
JX961060,HCV,1b,100.0
JX961064,HCV,2a,100.0
JX961065,HCV,6xa,100.0
JX961058,HCV,1b,100.0
JX961063,HCV,1b,100.0
JX961066,HCV,1a,100.0
JX961057,HCV,2a,100.0
JX961049,HCV,1a,100.0
JX961070,HCV,2a,100.0
JX961068,HCV,2a,100.0
JX961071,HCV,1b,100.0
JX961072,HCV,2a,100.0
JX961075,HCV,2a,100.0
JX961080,HCV,1b,100.0
JX961073,HCV,1b,100.0
JX961084,HCV,1b,100.0
JX961089,HCV,1b,100.0
JX961088,HCV,1b,100.0
JX961069,HCV,2a,100.0
JX961082,HCV,1b,100.0
JX961090,HCV,1b,100.0
JX961062,HCV,2a,100.0
JX961085,HCV,1b,100.0
JX961077,HCV,2a,100.0
JX961087,HCV,2a,100.0
JX961081,HCV,2a,100.0
JX961097,HCV,2a,100.0
JX961119,HCV,1b,100.0
JX961123,HCV,2a,100.0
JX961113,HCV,1b,100.0
JX961108,HCV,1b,100.0
JX961102,HCV,2a,100.0
JX961061,HCV,1b,100.0
JX961124,HCV,2a,100.0
JX961132,HCV,2a,100.0
JX961134,HCV,2a,100.0
JX961117,HCV,2a,100.0
JX961135,HCV,1b,100.0
JX961133,HCV,2a,100.0
JX961111,HCV,1b,100.0
JX961121,HCV,1b,100.0
JX961140,HCV,1b,100.0
JX961136,HCV,1b,100.0
JX961131,HCV,1b,100.0
JX961143,HCV,1b,100.0
JX961137,HCV,1b,100.0
JX961130,HCV,1b,100.0
JX961147,HCV,2a,100.0
JX961152,HCV,1b,100.0
JX961115,HCV,1b,100.0
JX961141,HCV,1b,100.0
JX961153,HCV,1b,100.0
JX961145,HCV,2a,100.0
JX961155,HCV,2a,100.0
JX961154,HCV,2a,100.0
JX961149,HCV,2a,100.0
JX961165,HCV,1b,100.0
JX961160,HCV,1b,100.0
JX961156,HCV,1b,100.0
JX961161,HCV,1b,100.0
JX961169,HCV,1b,100.0
JX961167,HCV,1b,100.0
EU081321,HCV,3a,100.0
EU081320,HCV,3a,100.0
EU081319,HCV,3a,100.0
JX961173,HCV,2a,100.0
JX961170,HCV,1b,100.0
EU081322,HCV,6n,100.0
JX961171,HCV,6xa,100.0
EU081325,HCV,6xa,100.0
EU081324,HCV,6n,100.0
EU081442,HCV,1b,100.0
EU081328,HCV,1b,100.0
EU081314,HCV,3b,100.0
JX961150,HCV,1b,100.0
EU081444,HCV,3b,100.0
EU081446,HCV,1b,100.0
EU081323,HCV,6n,100.0
EU081448,HCV,3b,100.0
EU081447,HCV,1b,100.0
EU081455,HCV,1b,100.0
EU081445,HCV,3b,100.0
EU081457,HCV,3b,100.0
EU081459,HCV,3a,100.0
EU081458,HCV,3b,100.0
EU081460,HCV,3a,100.0
EU081326,HCV,6xa,100.0
EU081327,HCV,1a,100.0
EU081464,HCV,3b,100.0
EU081463,HCV,6n,100.0
EU081465,HCV,6a,100.0
EU081452,HCV,3a,100.0
EU081467,HCV,3b,100.0
EU081443,HCV,6n,100.0
EU081468,HCV,1b,100.0
EU081474,HCV,1b,100.0
EU081469,HCV,3a,100.0
EU081485,HCV,3a,100.0
EU081486,HCV,3a,100.0
EU081471,HCV,3b,100.0
EU081484,HCV,3a,100.0
EU081490,HCV,1b,100.0
EU081479,HCV,1b,100.0
EU081505,HCV,6xa,100.0
EU081506,HCV,6xa,100.0
EU081496,HCV,3a,100.0
EU081507,HCV,3b,100.0
EU081508,HCV,3a,100.0
EU081478,HCV,3b,100.0
D37853,HCV,3b,100.0
D37857,HCV,6c,100.0
D37858,HCV,6f,100.0
AB057604,HCV,1b,100.0
AB057606,HCV,1b,100.0
AB057605,HCV,1b,100.0
AB057608,HCV,1b,100.0
AB057603,HCV,1b,100.0
AB057612,HCV,1b,100.0
AB057611,HCV,1b,100.0
KT735795,HCV,3a,100.0
KT735817,HCV,3b,100.0
KT735820,HCV,6n,100.0
KT735821,HCV,6n,100.0
KT735818,HCV,3b,100.0
KT735822,HCV,6n,100.0
KT735808,HCV,3b,100.0
KT735819,HCV,3a,100.0
KT735840,HCV,3b,100.0
KT735823,HCV,3b,100.0
KT735842,HCV,3a,100.0
KT735838,HCV,3a,100.0
KT735843,HCV,3b,100.0
KT735858,HCV,3b,100.0
KT735857,HCV,1a,100.0
KT735841,HCV,3a,100.0
KT735863,HCV,6a,100.0
KT735860,HCV,1b,100.0
KT735859,HCV,3b,100.0
KT735849,HCV,1a,100.0
KT735872,HCV,3a,100.0
KT735871,HCV,3b,100.0
KT735864,HCV,3b,100.0
KT735839,HCV,3b,100.0
KT735877,HCV,3a,100.0
KT735875,HCV,3b,100.0
KT735878,HCV,6n,100.0
KT735865,HCV,3b,100.0
KT735882,HCV,3b,100.0
KT735885,HCV,3a,100.0
KT735887,HCV,3b,100.0
KT735889,HCV,3b,100.0
KT735890,HCV,3a,100.0
KT735891,HCV,3a,100.0
KT735898,HCV,3a,100.0
KT735894,HCV,3b,100.0
KT735884,HCV,3a,100.0
KT735897,HCV,3b,100.0
KT735892,HCV,3b,100.0
HQ318865,HCV,3b,100.0
HQ318867,HCV,3b,100.0
HQ318886,HCV,3a,100.0
HQ318874,HCV,3a,100.0
HQ318889,HCV,3a,100.0
HQ318892,HCV,3a,100.0
HQ318895,HCV,3a,100.0
HQ318896,HCV,3a,100.0
HQ318864,HCV,3b,100.0
KT735893,HCV,3a,100.0
HQ318897,HCV,1b,100.0
HQ318901,HCV,1b,100.0
HQ318902,HCV,1b,100.0
HQ318899,HCV,1b,100.0
HQ318903,HCV,1b,100.0
HQ318913,HCV,1b,100.0
HQ318912,HCV,1b,100.0
HQ318915,HCV,6a,100.0
HQ318916,HCV,6a,100.0
HQ318887,HCV,3a,100.0
HQ318924,HCV,6e,100.0
KM284988,HCV,1a,100.0
KM284989,HCV,1a,100.0
KM284980,HCV,1a,100.0
KM285011,HCV,3b,100.0
KM285010,HCV,3b,100.0
KM285002,HCV,3a,100.0
KM285012,HCV,3b,100.0
KM285005,HCV,3a,100.0
KM285013,HCV,3b,100.0
KM285029,HCV,3b,100.0
KM285028,HCV,3b,100.0
KM285030,HCV,3b,100.0
KM285032,HCV,3b,100.0
KM285033,HCV,3b,100.0
KM285034,HCV,3b,100.0
KM285036,HCV,3b,100.0
KM285056,HCV,3b,100.0
KM285058,HCV,3b,100.0
KM285057,HCV,3b,100.0
KM285060,HCV,3b,100.0
KM285064,HCV,3b,100.0
KM285025,HCV,3b,100.0
KM285063,HCV,3b,100.0
KM285073,HCV,3b,100.0
KM285075,HCV,3b,100.0
KM285076,HCV,3b,100.0
KM285069,HCV,3b,100.0
KM285077,HCV,3b,100.0
KM285059,HCV,3b,100.0
KM285045,HCV,3b,100.0
KM285078,HCV,3b,100.0
KM285072,HCV,3b,100.0
KM285081,HCV,6n,100.0
KM285082,HCV,6n,100.0
KM285084,HCV,6n,100.0
KM285068,HCV,3b,100.0
KM285087,HCV,6n,100.0
KM285110,HCV,6xa,100.0
KM285109,HCV,6xa,100.0
KM285097,HCV,6n,100.0
KM285103,HCV,6xa,100.0
KM285096,HCV,6n,100.0
KM285113,HCV,6xa,100.0
KM285115,HCV,6xa,100.0
JX960997,HCV,3a,100.0
JX960989,HCV,1b,100.0
JX960993,HCV,6a,100.0
JX961001,HCV,6a,100.0
JX960987,HCV,3b,100.0
JX961003,HCV,3b,100.0
JX960998,HCV,3b,100.0
JX961014,HCV,6a,100.0
JX961004,HCV,6a,100.0
JX960999,HCV,6a,100.0
JX960990,HCV,3b,100.0
JX960982,HCV,1b,100.0
JX961015,HCV,6a,100.0
JX961017,HCV,6a,100.0
JX961031,HCV,6a,100.0
JX961027,HCV,3b,100.0
JX961021,HCV,1a,100.0
JX961035,HCV,6a,100.0
JX961036,HCV,6a,100.0
JX961038,HCV,6e,100.0
JX961044,HCV,3a,100.0
JX961050,HCV,1b,100.0
JX961043,HCV,6a,100.0
JX961039,HCV,1a,100.0
JX961054,HCV,2a,100.0
JX961053,HCV,2a,100.0
JX961052,HCV,1b,100.0
JX961059,HCV,1b,100.0
JX961076,HCV,1b,100.0
JX961078,HCV,1b,100.0
JX961079,HCV,1b,100.0
JX961055,HCV,1b,100.0
JX961056,HCV,2a,100.0
JX961067,HCV,1b,100.0
JX961074,HCV,1b,100.0
JX961083,HCV,2a,100.0
JX961095,HCV,1b,100.0
JX961100,HCV,1b,100.0
JX961092,HCV,2a,100.0
JX961101,HCV,1b,100.0
JX961094,HCV,2a,100.0
JX961103,HCV,2a,100.0
JX961109,HCV,2a,100.0
JX961110,HCV,2a,100.0
JX961107,HCV,1b,100.0
JX961116,HCV,2a,100.0
JX961112,HCV,1b,100.0
JX961093,HCV,1b,100.0
JX961122,HCV,1b,100.0
JX961118,HCV,2a,100.0
JX961120,HCV,1b,100.0
JX961127,HCV,2a,100.0
JX961129,HCV,2a,100.0
JX961128,HCV,1b,100.0
JX961126,HCV,1b,100.0
JX961114,HCV,1b,100.0
JX961138,HCV,2a,100.0
JX961146,HCV,2a,100.0
JX961125,HCV,2a,100.0
JX961139,HCV,2a,100.0
JX961142,HCV,1b,100.0
JX961148,HCV,2a,100.0
JX961151,HCV,1b,100.0
JX961158,HCV,2a,100.0
JX961159,HCV,1b,100.0
JX961163,HCV,1b,100.0
JX961162,HCV,6n,100.0
JX961157,HCV,2a,100.0
JX961144,HCV,2a,100.0
JX961164,HCV,2a,100.0
JX961172,HCV,3a,100.0
EU081315,HCV,3b,100.0
EU081316,HCV,3b,100.0
JX961168,HCV,1b,100.0
EU081318,HCV,3b,100.0
JX961166,HCV,1b,100.0
EU081317,HCV,3b,100.0
EU081477,HCV,1b,100.0
EU081480,HCV,3b,100.0
EU081475,HCV,3a,100.0
EU081481,HCV,3b,100.0
EU081482,HCV,3b,100.0
EU081461,HCV,1b,100.0
EU081487,HCV,3a,100.0
EU081501,HCV,3a,100.0
EU081492,HCV,3a,100.0
EU081488,HCV,1b,100.0
EU081494,HCV,6n,100.0
EU081502,HCV,6xa,100.0
EU081504,HCV,3b,100.0
D38079,HCV,6f,100.0
D37860,HCV,6f,100.0
D37854,HCV,3b,100.0
AB057598,HCV,1b,100.0
AB057607,HCV,1b,100.0
AB057610,HCV,1b,100.0
AB057601,HCV,1b,100.0
AB057600,HCV,1b,100.0
AB057613,HCV,1b,100.0
AB057679,HCV,1b,100.0
AB057615,HCV,1b,100.0
AB057682,HCV,1b,100.0
AB057693,HCV,1b,100.0
AB057694,HCV,1b,100.0
AB057609,HCV,1b,100.0
AB057684,HCV,1b,100.0
AB057695,HCV,1b,100.0
D37863,HCV,6i,100.0
AB057688,HCV,1b,100.0
AB057696,HCV,1b,100.0
AB057697,HCV,1b,100.0
AB057699,HCV,1b,100.0
AB057698,HCV,1b,100.0
AB057700,HCV,1b,100.0
AB057702,HCV,1b,100.0
AB057703,HCV,1b,100.0
AB057685,HCV,1b,100.0
AB057712,HCV,1b,100.0
AB057717,HCV,1b,100.0
AB057718,HCV,1b,100.0
AB057719,HCV,1b,100.0
AB057721,HCV,1b,100.0
AB057616,HCV,1b,100.0
EU710098,HCV,1a,100.0
EU710096,HCV,1a,100.0
EU710099,HCV,1a,100.0
EU710106,HCV,1a,100.0
EU710141,HCV,1a,100.0
EU710139,HCV,1a,100.0
EU710143,HCV,1a,100.0
EU710146,HCV,1a,100.0
EU710133,HCV,1a,100.0
EU710171,HCV,1a,100.0
EU710175,HCV,1a,100.0
EU710160,HCV,1a,100.0
EU710177,HCV,1a,100.0
EU710164,HCV,1a,100.0
EU710193,HCV,1a,100.0
EU710180,HCV,1a,100.0
EU710189,HCV,1a,100.0
EU710181,HCV,1a,100.0
EU710194,HCV,1a,100.0
KY608649,HCV,3i,100.0
KY608651,HCV,4c,100.0
KY608646,HCV,3i,100.0
KY608664,HCV,4n,100.0
KY608644,HCV,3i,100.0
KY608676,HCV,4o,100.0
KY608652,HCV,4c,100.0
KY608677,HCV,4o,99.0
KY608661,HCV,4n,100.0
KY608662,HCV,4n,100.0
KY608686,HCV,6e,100.0
KY608701,HCV,6h,100.0
KY608687,HCV,6e,100.0
KY608682,HCV,4r,100.0
KY608689,HCV,6e,100.0
KY608703,HCV,6l,100.0
KY608717,HCV,6q,100.0
KY608707,HCV,6m,100.0
KY608704,HCV,6l,100.0
EU081456,HCV,3b,100.0
EU081472,HCV,3a,100.0
EU081473,HCV,6a,100.0
EU081476,HCV,1b,100.0
EU081491,HCV,1b,100.0
EU081493,HCV,6n,100.0
EU081483,HCV,3a,100.0
AB057602,HCV,1b,100.0
AB057680,HCV,1b,100.0
AB057681,HCV,1b,100.0
AB057614,HCV,1b,100.0
AB057689,HCV,1b,100.0
AB057690,HCV,1b,100.0
AB057692,HCV,1b,100.0
AB057704,HCV,1b,100.0
AB057705,HCV,1b,100.0
AB057707,HCV,1b,100.0
AB057683,HCV,1b,100.0
AB057686,HCV,1b,100.0
AB057706,HCV,1b,100.0
AB057708,HCV,1b,100.0
AB057709,HCV,1b,100.0
AB057710,HCV,1b,100.0
AB057711,HCV,1b,100.0
AB057713,HCV,1b,100.0
AB057714,HCV,1b,100.0
EU710090,HCV,1a,100.0
EU710084,HCV,1a,100.0
AB057716,HCV,1b,100.0
AB057720,HCV,1b,100.0
EU710094,HCV,1a,100.0
EU710095,HCV,1a,100.0
EU710103,HCV,1a,100.0
EU710100,HCV,1a,100.0
EU710120,HCV,1a,100.0
EU710101,HCV,1a,100.0
EU710112,HCV,1a,100.0
EU710118,HCV,1a,100.0
EU710116,HCV,1a,100.0
EU710124,HCV,1a,100.0
EU710123,HCV,1a,100.0
EU710129,HCV,1a,100.0
EU710109,HCV,1a,100.0
EU710121,HCV,1a,100.0
EU710132,HCV,1a,100.0
EU710135,HCV,1a,100.0
EU710127,HCV,1a,100.0
EU710134,HCV,1a,100.0
EU710130,HCV,1a,100.0
EU710114,HCV,1a,100.0
EU710122,HCV,1a,100.0
EU710136,HCV,1a,100.0
EU710149,HCV,1a,100.0
EU710145,HCV,1a,100.0
EU710153,HCV,1a,100.0
EU710137,HCV,1a,100.0
EU710150,HCV,1a,100.0
EU710156,HCV,1a,100.0
EU710144,HCV,1a,100.0
EU710159,HCV,1a,100.0
EU710148,HCV,1a,100.0
EU710154,HCV,1a,100.0
EU710163,HCV,1a,100.0
EU710165,HCV,1a,100.0
EU710169,HCV,1a,100.0
EU710167,HCV,1a,100.0
EU710162,HCV,1a,100.0
EU710168,HCV,1a,100.0
EU710172,HCV,1a,100.0
EU710173,HCV,1a,100.0
EU710151,HCV,1a,100.0
EU710170,HCV,1a,100.0
EU710176,HCV,1a,100.0
EU710155,HCV,1a,100.0
EU710178,HCV,1a,100.0
EU710179,HCV,1a,100.0
EU710183,HCV,1a,100.0
EU710184,HCV,1a,100.0
EU710157,HCV,1a,100.0
EU710174,HCV,1a,100.0
EU710185,HCV,1a,100.0
EU710186,HCV,1a,100.0
EU710187,HCV,1a,100.0
EU710192,HCV,1a,100.0
EU710140,HCV,1a,100.0
EU710190,HCV,1a,100.0
EU710191,HCV,1a,100.0
EU710188,HCV,1a,100.0
KY608645,HCV,3i,100.0
KY608683,HCV,4r,100.0
KY608650,HCV,4a,72.0
KY608685,HCV,4t,98.0
KY608663,HCV,4n,100.0
KY608684,HCV,4r,100.0
KY608696,HCV,6e,100.0
KY608699,HCV,6f,100.0
KY608688,HCV,6e,100.0
KY608705,HCV,6l,100.0
KY608706,HCV,6l,100.0
KY608712,HCV,6n,100.0
KY608675,HCV,4o,100.0
KY608713,HCV,6p,100.0
EU710091,HCV,1a,100.0
KY608636,HCV,3g,100.0
KY608642,HCV,3i,100.0
KY608648,HCV,3i,100.0
KY608665,HCV,4n,100.0
KY608659,HCV,4n,100.0
KY608660,HCV,4n,100.0
KY608709,HCV,6n,100.0
KT735681,HCV,6n,100.0
KT735666,HCV,3b,100.0
KT735682,HCV,3a,100.0
KT735683,HCV,3b,100.0
KT735684,HCV,3b,100.0
KT735685,HCV,3b,100.0
KT735793,HCV,3a,100.0
KT735794,HCV,1b,100.0
KT735797,HCV,3a,100.0
KT735796,HCV,3b,100.0
KT735799,HCV,3a,100.0
KT735800,HCV,1b,100.0
KT735773,HCV,1b,100.0
KT735801,HCV,3a,100.0
HQ318880,HCV,3a,100.0
HQ318910,HCV,1b,100.0
HQ318926,HCV,6e,100.0
KM284992,HCV,1b,100.0
KM284995,HCV,3a,100.0
KM284981,HCV,1a,100.0
KM284996,HCV,3a,100.0
KM284999,HCV,3a,100.0
KM285000,HCV,3a,100.0
KM284986,HCV,1a,100.0
KM284993,HCV,1b,100.0
KM284994,HCV,3a,100.0
KM285116,HCV,6xa,100.0
KM285117,HCV,6xa,100.0
KM285105,HCV,6xa,100.0
KM285118,HCV,6xa,100.0
KM285095,HCV,6n,100.0
KM285108,HCV,6xa,100.0
KM285119,HCV,6n,100.0
KM285098,HCV,6n,100.0
KM285107,HCV,6xa,100.0
KM285121,HCV,6n,100.0
KM285112,HCV,6xa,100.0
KM285123,HCV,6n,100.0
JX960980,HCV,6a,100.0
JX960979,HCV,6a,100.0
JX960981,HCV,6e,100.0
KM285120,HCV,6n,100.0
KM285111,HCV,6xa,100.0
JX960984,HCV,6a,100.0
KM285089,HCV,6n,100.0
JX960985,HCV,6e,100.0
KM285124,HCV,6xa,100.0
JX960986,HCV,1b,100.0
KM285122,HCV,6n,100.0
JX960988,HCV,3b,100.0
JX961033,HCV,6a,100.0
JX961099,HCV,2a,100.0
JX961098,HCV,1b,100.0
JX961086,HCV,2a,100.0
JX961106,HCV,2a,100.0
JX961105,HCV,1b,100.0
JX961091,HCV,2a,100.0
JX961096,HCV,2a,100.0
JX961104,HCV,2a,100.0
EU081449,HCV,1b,100.0
EU081453,HCV,6a,100.0
EU081450,HCV,1b,100.0
EU081454,HCV,3b,100.0
EU081451,HCV,3b,100.0
EU081462,HCV,3a,100.0
EU081466,HCV,6n,100.0
EU081470,HCV,3a,100.0
EU081495,HCV,6n,100.0
EU081497,HCV,3b,100.0
EU081498,HCV,6xa,100.0
EU081489,HCV,6a,100.0
EU081500,HCV,6xa,100.0
D37859,HCV,6f,100.0
D37862,HCV,6j,100.0
D37864,HCV,6i,100.0
AB057599,HCV,1b,100.0
AB057687,HCV,1b,100.0
EU710087,HCV,1a,100.0
EU710086,HCV,1a,100.0
EU710083,HCV,1a,100.0
AB057691,HCV,1b,100.0
AB057701,HCV,1b,100.0
AB057715,HCV,1b,100.0
EU710088,HCV,1a,100.0
EU710110,HCV,1a,100.0
EU710107,HCV,1a,100.0
EU710113,HCV,1a,100.0
EU710108,HCV,1a,100.0
EU710115,HCV,1a,100.0
EU710104,HCV,1a,100.0
EU710119,HCV,1a,100.0
EU710111,HCV,1a,100.0
EU710126,HCV,1a,100.0
EU710125,HCV,1a,100.0
EU710138,HCV,1a,100.0
EU710142,HCV,1a,100.0
EU710131,HCV,1a,100.0
EU710147,HCV,1a,100.0
EU710158,HCV,1a,100.0
EU710152,HCV,1a,100.0
EU710161,HCV,1a,100.0
KY608698,HCV,6e,100.0
KY608697,HCV,6e,100.0
KY608700,HCV,6h,100.0
KY608718,HCV,6q,100.0
KY608714,HCV,6q,100.0
KY608715,HCV,6q,100.0
KY608710,HCV,6n,100.0
KY608711,HCV,6n,100.0
KY608716,HCV,6q,100.0
KY608692,HCV,6e,100.0
EU710268,HCV,1a,100.0
EU710272,HCV,1a,100.0
EU710271,HCV,1a,100.0
EU710275,HCV,1a,100.0
EU710274,HCV,1a,100.0
EU710292,HCV,1b,100.0
EU710284,HCV,1b,100.0
EU710288,HCV,1b,100.0
EU710289,HCV,1b,100.0
EU710265,HCV,1a,100.0
EU710266,HCV,1a,100.0
EU710294,HCV,1b,100.0
EU710293,HCV,1b,100.0
EU710298,HCV,1b,100.0
EU710299,HCV,1b,100.0
EU710295,HCV,1b,100.0
EU710303,HCV,1b,100.0
EU710304,HCV,1b,100.0
EU710311,HCV,1b,100.0
EU710307,HCV,1b,100.0
EU710308,HCV,1b,100.0
EU710310,HCV,1b,100.0
EU710326,HCV,1b,100.0
EU710319,HCV,1b,100.0
EU710345,HCV,3a,100.0
EU710333,HCV,3a,100.0
EU710340,HCV,3a,100.0
EU710342,HCV,3a,100.0
EU710330,HCV,1b,100.0
EU710332,HCV,3a,100.0
EU710338,HCV,3a,100.0
EU710339,HCV,3a,100.0
EU710343,HCV,3a,100.0
EU710344,HCV,3a,100.0
EU710352,HCV,3a,100.0
EU710358,HCV,3a,100.0
EU710348,HCV,3a,100.0
EU710355,HCV,3a,100.0
EU710365,HCV,3a,100.0
EU710378,HCV,3a,100.0
EU710362,HCV,3a,100.0
EU710361,HCV,3a,100.0
EU710360,HCV,3a,100.0
EU710369,HCV,3a,100.0
EU710367,HCV,3a,100.0
EU710368,HCV,3a,100.0
EU710371,HCV,3a,100.0
EU710373,HCV,3a,100.0
EU710382,HCV,3a,100.0
EU710394,HCV,3a,100.0
EU710381,HCV,3a,100.0
EU710386,HCV,3a,100.0
EU710383,HCV,3a,100.0
EU710384,HCV,3a,100.0
EU710397,HCV,3a,100.0
EU710409,HCV,3a,100.0
EU710407,HCV,3a,100.0
EU710400,HCV,3a,100.0
EU710399,HCV,3a,100.0
EU710430,HCV,3a,100.0
EU710415,HCV,3a,100.0
EU710422,HCV,3a,100.0
EU710426,HCV,3a,100.0
EU710437,HCV,3a,100.0
EU710432,HCV,3a,100.0
EU710433,HCV,3a,100.0
EU710449,HCV,3a,100.0
EU710447,HCV,3a,100.0
EU710446,HCV,3a,100.0
EU710445,HCV,3a,100.0
EU710444,HCV,3a,100.0
EU710452,HCV,3a,100.0
EU710440,HCV,3a,100.0
EU710442,HCV,3a,100.0
EU710451,HCV,3a,100.0
EU710456,HCV,3a,100.0
EU710453,HCV,3a,100.0
EU710455,HCV,3a,100.0
EU710463,HCV,3a,100.0
EU710460,HCV,3a,100.0
EU710462,HCV,3a,100.0
AB189109,HCV,1b,100.0
AB189084,HCV,1b,100.0
AB189094,HCV,1b,100.0
AB189104,HCV,1b,100.0
AB189112,HCV,1b,100.0
AB189115,HCV,1b,100.0
AB189117,HCV,1b,100.0
AB189113,HCV,1b,100.0
AB189116,HCV,1b,100.0
AB189114,HCV,1b,100.0
EU710464,HCV,3a,100.0
AB189089,HCV,1b,100.0
AB189098,HCV,1b,100.0
AB189097,HCV,1b,100.0
AB189118,HCV,1b,100.0
AB189119,HCV,1b,100.0
MG602799,HCV,4a,100.0
AB189111,HCV,1b,100.0
AB189110,HCV,1b,100.0
MK903096,HCV,1a,100.0
MG602804,HCV,4a,100.0
MG602806,HCV,4a,100.0
FJ859264,HCV,6f,100.0
FJ859266,HCV,6f,100.0
FJ859267,HCV,6f,100.0
FJ859265,HCV,6f,100.0
FJ859283,HCV,6f,100.0
FJ859278,HCV,6f,100.0
FJ859285,HCV,6f,100.0
FJ859284,HCV,6n,100.0
MK903086,HCV,1a,100.0
FJ859275,HCV,6f,100.0
FJ859288,HCV,6f,100.0
FJ859290,HCV,6n,100.0
FJ859291,HCV,6f,100.0
FJ859298,HCV,6f,100.0
FJ859299,HCV,6f,100.0
FJ859300,HCV,6n,100.0
FJ859297,HCV,6j,100.0
MK903095,HCV,1a,100.0
MK903097,HCV,1a,100.0
MK903126,HCV,1a,100.0
MK903111,HCV,1a,100.0
EU710267,HCV,1a,100.0
MK903119,HCV,1a,100.0
MK903137,HCV,1a,100.0
MK903133,HCV,1a,100.0
MK903130,HCV,1a,100.0
MK903129,HCV,1a,100.0
MK903131,HCV,1a,100.0
MK903165,HCV,1a,100.0
MK903143,HCV,1a,100.0
MK903148,HCV,1a,100.0
MK903139,HCV,1a,100.0
MK903141,HCV,1a,100.0
MK903145,HCV,1a,100.0
MK903153,HCV,1a,100.0
MK903158,HCV,1a,100.0
MK903163,HCV,1a,100.0
D31997,HCV,2c,100.0
MK903167,HCV,1a,100.0
D31975,HCV,2c,100.0
D31977,HCV,2c,100.0
D31979,HCV,2c,100.0
D31981,HCV,2c,100.0
D31973,HCV,2c,100.0
D31989,HCV,2c,100.0
FJ515016,HCV,6a,100.0
D31999,HCV,2c,100.0
FJ515038,HCV,1b,100.0
KT871590,HCV,1b,100.0
FJ515092,HCV,"unassigned_1, 6a-1b",NA
FJ515062,HCV,"unassigned_1, 1b-1a",NA
KT871588,HCV,1a,100.0
KT871614,HCV,1b,100.0
KT871594,HCV,1b,100.0
KT871617,HCV,1b,100.0
KT871615,HCV,1b,100.0
KT871620,HCV,1a,100.0
KT871624,HCV,1b,100.0
KT871622,HCV,1b,100.0
KT871630,HCV,1b,100.0
KT871626,HCV,1a,100.0
KT871628,HCV,1b,100.0
KT871639,HCV,1b,100.0
EU710287,HCV,1b,100.0
EU710264,HCV,1a,100.0
EU710273,HCV,1a,100.0
EU710278,HCV,1a,100.0
EU710279,HCV,1b,100.0
KT871644,HCV,1a,100.0
EU710282,HCV,1b,100.0
EU710277,HCV,1a,100.0
EU710269,HCV,1a,100.0
KT871646,HCV,1b,100.0
KT871647,HCV,1b,100.0
KT871655,HCV,1b,100.0
KT871649,HCV,1b,100.0
KT871650,HCV,1b,100.0
KT871661,HCV,1b,100.0
KT871656,HCV,1b,100.0
KT871664,HCV,1b,100.0
KT871669,HCV,1b,100.0
KT871663,HCV,1b,100.0
KT871665,HCV,1b,100.0
KT871672,HCV,1b,100.0
KT871670,HCV,1a,100.0
KT871678,HCV,1b,100.0
KT871679,HCV,1b,100.0
KT871681,HCV,1a,100.0
KT871680,HCV,1b,100.0
KT871686,HCV,1b,100.0
KT871688,HCV,1b,100.0
KT871693,HCV,1a,100.0
KT871689,HCV,1b,100.0
KT871690,HCV,1b,100.0
KT871697,HCV,1b,100.0
KT871696,HCV,1b,100.0
KT871700,HCV,1b,100.0
EU710202,HCV,1a,100.0
EU710237,HCV,1a,100.0
KT871695,HCV,1b,100.0
KT871698,HCV,1b,100.0
EU710214,HCV,1a,100.0
EU710222,HCV,1a,100.0
EU710232,HCV,1a,100.0
EU710247,HCV,1a,100.0
KT871694,HCV,1b,100.0
EU710296,HCV,1a,100.0
EU710257,HCV,1a,100.0
EU710250,HCV,1a,100.0
EU710251,HCV,1a,100.0
EU710249,HCV,1a,100.0
KT872058,HCV,1b,100.0
EU710285,HCV,1b,100.0
EU710276,HCV,1a,100.0
EU710280,HCV,1b,100.0
EU710283,HCV,1b,100.0
EU710281,HCV,1b,100.0
EU710286,HCV,1b,100.0
EU710302,HCV,1b,100.0
EU710290,HCV,1b,100.0
EU710315,HCV,1b,100.0
EU710322,HCV,1b,100.0
EU710323,HCV,1b,100.0
EU710297,HCV,1b,100.0
EU710324,HCV,1b,100.0
EU710305,HCV,1b,100.0
EU710327,HCV,1b,100.0
EU710317,HCV,1b,100.0
EU710300,HCV,1b,100.0
EU710301,HCV,1b,100.0
EU710357,HCV,3a,100.0
EU710329,HCV,1b,100.0
EU710320,HCV,1b,100.0
EU710334,HCV,3a,100.0
EU710356,HCV,3a,100.0
EU710364,HCV,3a,100.0
EU710363,HCV,3a,100.0
EU710372,HCV,3a,100.0
EU710379,HCV,3a,100.0
EU710385,HCV,3a,100.0
EU710318,HCV,1b,100.0
EU710309,HCV,1b,100.0
EU710314,HCV,1b,100.0
EU710366,HCV,3a,100.0
EU710347,HCV,3a,100.0
EU710341,HCV,3a,100.0
EU710313,HCV,1b,100.0
EU710354,HCV,3a,100.0
EU710359,HCV,3a,100.0
EU710419,HCV,3a,100.0
EU710401,HCV,3a,100.0
EU710395,HCV,3a,100.0
EU710393,HCV,3a,100.0
EU710396,HCV,3a,100.0
EU710375,HCV,3a,100.0
EU710402,HCV,3a,100.0
EU710404,HCV,3a,100.0
EU710403,HCV,3a,100.0
EU710353,HCV,3a,100.0
EU710418,HCV,3a,100.0
EU710414,HCV,3a,100.0
EU710413,HCV,3a,100.0
EU710408,HCV,3a,100.0
EU710416,HCV,3a,100.0
EU710421,HCV,3a,100.0
EU710410,HCV,3a,100.0
EU710406,HCV,3a,100.0
EU710424,HCV,3a,100.0
EU710412,HCV,3a,100.0
EU710411,HCV,3a,100.0
EU710435,HCV,3a,100.0
EU710417,HCV,3a,100.0
EU710423,HCV,3a,100.0
EU710391,HCV,3a,100.0
EU710429,HCV,3a,100.0
EU710428,HCV,3a,100.0
EU710434,HCV,3a,100.0
EU710405,HCV,3a,100.0
EU710420,HCV,3a,100.0
EU710439,HCV,3a,100.0
EU710448,HCV,3a,100.0
EU710450,HCV,3a,100.0
EU710441,HCV,3a,100.0
EU710459,HCV,3a,100.0
EU710427,HCV,3a,100.0
EU710436,HCV,3a,100.0
EU710454,HCV,3a,100.0
AB189085,HCV,1b,100.0
AB189086,HCV,1b,100.0
EU710457,HCV,3a,100.0
EU710431,HCV,3a,100.0
EU710443,HCV,3a,100.0
AB189082,HCV,1b,100.0
EU710458,HCV,3a,100.0
AB189090,HCV,1b,100.0
AB189081,HCV,1b,100.0
AB189087,HCV,1b,100.0
AB189096,HCV,1b,100.0
AB189079,HCV,1b,100.0
AB189078,HCV,1b,100.0
AB189083,HCV,1b,100.0
AB189093,HCV,1b,100.0
EU710461,HCV,3a,100.0
AB189091,HCV,1b,100.0
AB189101,HCV,1b,100.0
AB189088,HCV,1b,100.0
AB189105,HCV,1b,100.0
AB189080,HCV,1b,100.0
AB189103,HCV,1b,100.0
AB189106,HCV,1b,100.0
AB189102,HCV,1b,100.0
AB189092,HCV,1b,100.0
AB189100,HCV,1b,100.0
AB189099,HCV,1b,100.0
MG602798,HCV,4a,100.0
FJ859274,HCV,6f,100.0
FJ859273,HCV,6f,100.0
AB189108,HCV,1b,100.0
AB189107,HCV,1b,100.0
FJ859279,HCV,6f,100.0
FJ859280,HCV,6f,100.0
FJ859282,HCV,6f,100.0
MG602805,HCV,4a,100.0
MG602801,HCV,4a,100.0
MG602800,HCV,4a,100.0
MG602807,HCV,4a,100.0
FJ859318,HCV,6f,100.0
AB189095,HCV,1b,100.0
MG602808,HCV,4a,100.0
FJ859287,HCV,6f,100.0
FJ859329,HCV,6i,100.0
FJ859316,HCV,6j,100.0
FJ859319,HCV,6i,100.0
FJ859320,HCV,6f,100.0
FJ859327,HCV,6f,100.0
FJ859313,HCV,6n,100.0
FJ859312,HCV,6n,100.0
FJ859325,HCV,6i,100.0
FJ859305,HCV,6j,100.0
FJ859314,HCV,6n,100.0
FJ859323,HCV,6i,100.0
FJ859326,HCV,6f,100.0
FJ859317,HCV,6f,100.0
FJ859322,HCV,6f,100.0
FJ859286,HCV,6i,100.0
FJ859331,HCV,6j,100.0
FJ859321,HCV,6i,100.0
FJ859307,HCV,6f,100.0
FJ859315,HCV,6n,100.0
FJ859332,HCV,6n,100.0
FJ859304,HCV,6j,100.0
FJ859302,HCV,6f,100.0
FJ859301,HCV,6n,100.0
FJ859292,HCV,6f,100.0
FJ859293,HCV,6e,100.0
FJ859333,HCV,6j,100.0
FJ859295,HCV,6i,100.0
FJ859308,HCV,6f,100.0
FJ859328,HCV,6j,100.0
FJ859306,HCV,6n,100.0
FJ859296,HCV,6f,100.0
FJ859330,HCV,6n,100.0
FJ859311,HCV,6f,100.0
D16613,HCV,3a,100.0
MK903092,HCV,1a,100.0
FJ859289,HCV,6i,100.0
D16615,HCV,3g,83.0
MK903090,HCV,1a,100.0
MK903088,HCV,1a,100.0
MK903098,HCV,1a,100.0
MK903093,HCV,1a,100.0
MK903102,HCV,1a,100.0
MK903106,HCV,1a,100.0
MK903109,HCV,1a,100.0
MK903087,HCV,1a,100.0
D16621,HCV,3a,100.0
MK903108,HCV,1a,100.0
MK903113,HCV,1a,100.0
MK903114,HCV,1a,100.0
MK903110,HCV,1a,100.0
MK903104,HCV,1a,100.0
MK903118,HCV,1a,100.0
MK903094,HCV,1a,100.0
MK903116,HCV,1a,100.0
MK903154,HCV,1a,100.0
MK903135,HCV,1a,100.0
MK903099,HCV,1a,100.0
MK903112,HCV,1a,100.0
MK903127,HCV,1a,100.0
MK903168,HCV,1a,100.0
MK903101,HCV,1a,100.0
MK903140,HCV,1a,100.0
MK903149,HCV,1a,100.0
D31983,HCV,2c,100.0
MK903151,HCV,1a,100.0
D31993,HCV,2c,100.0
MK903138,HCV,1a,100.0
MK903159,HCV,1a,100.0
D31985,HCV,2c,100.0
MK903152,HCV,1a,100.0
D31991,HCV,2c,100.0
MK903162,HCV,1a,100.0
FJ515076,HCV,2a,100.0
MK903147,HCV,1a,100.0
MK903164,HCV,1a,100.0
D31995,HCV,2c,100.0
MK903166,HCV,1a,100.0
D31987,HCV,2c,100.0
MK903160,HCV,1a,100.0
FJ515073,HCV,1a,100.0
FJ515040,HCV,6a,100.0
FJ515096,HCV,1b,100.0
FJ515077,HCV,"unassigned_1, 1b-3a",NA
FJ515090,HCV,6a,100.0
KT735186,HCV,1a,100.0
KT871611,HCV,1b,100.0
KT871612,HCV,1b,100.0
KT871616,HCV,1b,100.0
KT871636,HCV,1b,100.0
KT871603,HCV,1a,100.0
KT871610,HCV,1b,100.0
KT871618,HCV,1b,100.0
KT871627,HCV,1a,100.0
KT871635,HCV,1b,100.0
KT735180,HCV,1b,100.0
KT871645,HCV,1b,100.0
KT871641,HCV,1b,100.0
KT735187,HCV,1a,100.0
KT735185,HCV,4a,100.0
KT735184,HCV,1b,100.0
KT871651,HCV,1b,100.0
KT871648,HCV,1b,100.0
KT735179,HCV,1a,100.0
KT735182,HCV,1b,100.0
FJ515117,HCV,1a,100.0
FJ515122,HCV,1b,100.0
KT871653,HCV,1a,100.0
FJ515139,HCV,6w,100.0
FJ515130,HCV,6a,100.0
KT735178,HCV,1a,100.0
KT871659,HCV,1b,100.0
KT871652,HCV,1b,100.0
FJ515140,HCV,1b,100.0
FJ515105,HCV,1b,100.0
FJ515146,HCV,6a,100.0
KT871593,HCV,1b,100.0
KT871658,HCV,1a,100.0
KT871654,HCV,1b,100.0
FJ515129,HCV,6a,100.0
KT871587,HCV,1b,100.0
KT871585,HCV,1b,100.0
KT871591,HCV,1b,100.0
FJ515145,HCV,1b,100.0
KT871608,HCV,1b,100.0
KT871599,HCV,1b,100.0
KT871598,HCV,1b,100.0
KT871601,HCV,1b,100.0
KT871607,HCV,1b,100.0
KT871597,HCV,1b,100.0
KT871668,HCV,1a,100.0
KT871602,HCV,1b,100.0
KT871629,HCV,1b,100.0
KT871676,HCV,1b,100.0
KT871687,HCV,1b,100.0
KT871674,HCV,1b,100.0
KT871684,HCV,1b,100.0
KT871691,HCV,1b,100.0
KT871699,HCV,1b,100.0
EU710198,HCV,1a,100.0
EU710199,HCV,1a,100.0
KT871667,HCV,1a,100.0
EU710196,HCV,1a,100.0
EU710217,HCV,1a,100.0
EU710197,HCV,1a,100.0
EU710211,HCV,1a,100.0
EU710200,HCV,1a,100.0
EU710207,HCV,1a,100.0
EU710195,HCV,1a,100.0
KT871692,HCV,1a,100.0
EU710215,HCV,1a,100.0
EU710208,HCV,1a,100.0
EU710210,HCV,1a,100.0
EU710212,HCV,1a,100.0
EU710201,HCV,1a,100.0
EU710219,HCV,1a,100.0
EU710228,HCV,1a,100.0
EU710216,HCV,1a,100.0
EU710213,HCV,1a,100.0
EU710243,HCV,1a,100.0
EU710206,HCV,1a,100.0
EU710209,HCV,1a,100.0
EU710240,HCV,1a,100.0
EU710227,HCV,1a,100.0
EU710218,HCV,1a,100.0
EU710239,HCV,1a,100.0
EU710246,HCV,1a,100.0
EU710238,HCV,1a,100.0
EU710241,HCV,1a,100.0
EU710230,HCV,1a,100.0
EU710236,HCV,1a,100.0
EU710224,HCV,1a,100.0
EU710223,HCV,1a,100.0
EU710233,HCV,1a,100.0
EU710203,HCV,1a,100.0
EU710244,HCV,1a,100.0
EU710252,HCV,1a,100.0
EU710231,HCV,1a,100.0
EU710234,HCV,1a,100.0
EU710221,HCV,1a,100.0
EU710235,HCV,1a,100.0
EU710229,HCV,1a,100.0
EU710248,HCV,1a,100.0
KT871831,HCV,1b,100.0
EU710204,HCV,1a,100.0
EU710205,HCV,1a,100.0
KT871832,HCV,1b,100.0
KT871851,HCV,1a,100.0
KT871845,HCV,1b,100.0
KT871846,HCV,1b,100.0
KT871830,HCV,1b,100.0
KT871878,HCV,1b,100.0
KT871843,HCV,1b,100.0
KT871842,HCV,1b,100.0
KT871852,HCV,1b,100.0
KT871870,HCV,1b,100.0
EU710256,HCV,1a,100.0
KT871871,HCV,1b,100.0
KT871864,HCV,1b,100.0
KT871844,HCV,1b,100.0
KT871894,HCV,1b,100.0
KT871890,HCV,1b,100.0
KT871859,HCV,1b,100.0
KT871893,HCV,1b,100.0
KT871913,HCV,1b,100.0
KT871909,HCV,1b,100.0
KT871895,HCV,1b,100.0
KT871896,HCV,1b,100.0
KT871888,HCV,1b,100.0
KT871908,HCV,1a,100.0
KT871903,HCV,1b,100.0
KT871897,HCV,1b,100.0
KT871883,HCV,1b,100.0
KT871921,HCV,1b,100.0
KT871923,HCV,1b,100.0
KT871902,HCV,1b,100.0
KT871925,HCV,1b,100.0
KT871901,HCV,1b,100.0
KT871938,HCV,1b,100.0
KT871933,HCV,1a,100.0
KT871928,HCV,1a,100.0
KT871930,HCV,1a,100.0
KT871940,HCV,1a,100.0
KT871948,HCV,1b,100.0
KT871952,HCV,1a,100.0
KT871942,HCV,1b,100.0
KT871945,HCV,1b,100.0
KT871936,HCV,1b,100.0
KT871931,HCV,1a,100.0
KT871954,HCV,1b,100.0
KT871956,HCV,1b,100.0
KT871953,HCV,1b,100.0
KT871955,HCV,1b,100.0
KT871957,HCV,1b,100.0
KT871947,HCV,1b,100.0
KT871941,HCV,1b,100.0
KT871943,HCV,1b,100.0
KT871949,HCV,1b,100.0
KT871963,HCV,1a,100.0
KT871961,HCV,1a,100.0
KT871960,HCV,1a,100.0
KT871935,HCV,1b,100.0
KT871946,HCV,1b,100.0
KT871968,HCV,1a,100.0
KT871959,HCV,1b,100.0
KT871958,HCV,1b,100.0
KT871944,HCV,1b,100.0
KT871964,HCV,1b,100.0
KT871965,HCV,1b,100.0
KT871951,HCV,1b,100.0
KT871970,HCV,1b,100.0
KT871967,HCV,1b,100.0
KT871950,HCV,1b,100.0
KT871975,HCV,1b,100.0
KT871978,HCV,1b,100.0
KT871987,HCV,1b,100.0
KT871988,HCV,1b,100.0
KT871984,HCV,1b,100.0
KT871993,HCV,1b,100.0
KT871972,HCV,1b,100.0
KT871971,HCV,1b,100.0
KT871966,HCV,1b,100.0
KT871973,HCV,1b,100.0
KT871974,HCV,1b,100.0
KT871981,HCV,1b,100.0
KT871979,HCV,1b,100.0
KT871991,HCV,1b,100.0
KT871986,HCV,1b,100.0
KT871980,HCV,1b,100.0
KT871996,HCV,1a,100.0
KT871989,HCV,1a,100.0
KT872001,HCV,1b,100.0
KT872003,HCV,1b,100.0
KT871995,HCV,1b,100.0
KT872021,HCV,1a,100.0
KT872017,HCV,1b,100.0
KT872012,HCV,1b,100.0
KT872022,HCV,1b,100.0
KT872027,HCV,1b,100.0
KT872036,HCV,1b,100.0
KT871982,HCV,1b,100.0
KT871994,HCV,1b,100.0
KT871992,HCV,1b,100.0
KT871997,HCV,1b,100.0
KT872010,HCV,1b,100.0
KT872004,HCV,1b,100.0
KT872016,HCV,1b,100.0
KT872014,HCV,1b,100.0
KT872002,HCV,1b,100.0
KT872008,HCV,1b,100.0
KT872011,HCV,1b,100.0
KT872024,HCV,1b,100.0
KT872028,HCV,1b,100.0
KT872018,HCV,1b,100.0
KT872039,HCV,1b,100.0
KT872038,HCV,1b,100.0
KT872035,HCV,1b,100.0
KT872042,HCV,1b,100.0
KT872041,HCV,1b,100.0
KT872020,HCV,1a,100.0
KT872032,HCV,1b,100.0
KT872051,HCV,1b,100.0
KT872048,HCV,1a,100.0
KT872045,HCV,1b,100.0
KT872056,HCV,1b,100.0
KT871839,HCV,1b,100.0
KT872049,HCV,1a,100.0
KT872047,HCV,1b,100.0
KT872046,HCV,1b,100.0
KT872054,HCV,1b,100.0
KT871848,HCV,1b,100.0
KT872057,HCV,1b,100.0
KT871850,HCV,1a,100.0
KT871836,HCV,1a,100.0
KT871840,HCV,1b,100.0
KT872053,HCV,1b,100.0
KT871857,HCV,1b,100.0
KT871855,HCV,1b,100.0
KT871847,HCV,1b,100.0
KT871837,HCV,1b,100.0
KT871854,HCV,1b,100.0
KT871853,HCV,1b,100.0
KT871881,HCV,1b,100.0
KT871874,HCV,1b,100.0
KT871867,HCV,1b,100.0
KT871885,HCV,1b,100.0
KT871875,HCV,1b,100.0
KT871873,HCV,1b,100.0
KT871900,HCV,1b,100.0
KT871898,HCV,1b,100.0
KT871838,HCV,1b,100.0
KT871863,HCV,1b,100.0
KT871906,HCV,1b,100.0
KT871880,HCV,1b,100.0
KT871899,HCV,1b,100.0
KT871916,HCV,1b,100.0
KT871917,HCV,1a,100.0
KT871915,HCV,1b,100.0
KT871887,HCV,1b,100.0
KT871703,HCV,1b,100.0
KT871904,HCV,1a,100.0
KT871834,HCV,1b,100.0
KT871835,HCV,1b,100.0
KT871714,HCV,1a,100.0
KT871706,HCV,1b,100.0
KT871705,HCV,1b,100.0
KT871715,HCV,1b,100.0
KT871728,HCV,1b,100.0
KT871716,HCV,1b,100.0
KT871905,HCV,1b,100.0
KT871722,HCV,1a,100.0
KT871724,HCV,1b,100.0
KT871743,HCV,1b,100.0
KT871723,HCV,1b,100.0
KT871734,HCV,1b,100.0
KT871713,HCV,1b,100.0
KT871721,HCV,1b,100.0
KT871741,HCV,1b,100.0
KT871735,HCV,1b,100.0
KT871730,HCV,1a,100.0
KT871751,HCV,1b,100.0
KT871702,HCV,1b,100.0
KT871755,HCV,1b,100.0
KT871765,HCV,1a,100.0
KT871749,HCV,1b,100.0
KT871754,HCV,1b,100.0
KT871772,HCV,1b,100.0
KT871742,HCV,1b,100.0
KT871752,HCV,1b,100.0
KT871750,HCV,1b,100.0
KT871766,HCV,1b,100.0
KT871764,HCV,1a,100.0
KT871744,HCV,1a,100.0
KT871774,HCV,1b,100.0
KT871767,HCV,1a,100.0
KT871785,HCV,1b,100.0
KT871783,HCV,1b,100.0
KT871753,HCV,1b,100.0
KT871775,HCV,1b,100.0
KT871782,HCV,1a,100.0
KT871781,HCV,1a,100.0
KT871788,HCV,1a,100.0
KT871797,HCV,1b,100.0
KT871791,HCV,1b,100.0
KT871793,HCV,1b,100.0
KT871789,HCV,1b,100.0
KT871784,HCV,1b,100.0
KT871792,HCV,1b,100.0
KT871807,HCV,1b,100.0
KT871801,HCV,1b,100.0
KT871802,HCV,1b,100.0
KT871804,HCV,1a,100.0
KT871808,HCV,1b,100.0
KT871810,HCV,1a,100.0
KT871811,HCV,1b,100.0
KT871787,HCV,1b,100.0
KT871818,HCV,1b,100.0
KT871806,HCV,1b,100.0
KT871821,HCV,1b,100.0
KT871826,HCV,1a,100.0
KT871773,HCV,1b,100.0
KT871814,HCV,1b,100.0
KT871809,HCV,1a,100.0
KT871813,HCV,1a,100.0
KT871816,HCV,1b,100.0
KT871820,HCV,1b,100.0
KT871827,HCV,1b,100.0
KT871824,HCV,1a,100.0
KT871720,HCV,1b,100.0
KT871825,HCV,1b,100.0
KT871828,HCV,1b,100.0
KT871717,HCV,1a,100.0
KT871823,HCV,1b,100.0
KT871727,HCV,1b,100.0
KT871711,HCV,1b,100.0
KT871732,HCV,1b,100.0
KT871731,HCV,1b,100.0
KT871738,HCV,1b,100.0
KT871746,HCV,1b,100.0
KT871719,HCV,1b,100.0
KT871726,HCV,1b,100.0
KT871725,HCV,1b,100.0
KT871712,HCV,1b,100.0
KT871737,HCV,1b,100.0
KT871748,HCV,1a,100.0
KT871758,HCV,1b,100.0
KT871747,HCV,1b,100.0
KT871777,HCV,1a,100.0
KT871739,HCV,1a,100.0
KT871710,HCV,1b,100.0
KT871771,HCV,1b,100.0
KT871779,HCV,1a,100.0
KT871761,HCV,1a,100.0
KT871756,HCV,1b,100.0
FJ515147,HCV,6a,100.0
KT871757,HCV,1b,100.0
KT871745,HCV,1b,100.0
KT871762,HCV,1b,100.0
KT871768,HCV,1b,100.0
EU710245,HCV,1a,100.0
EU710225,HCV,1a,100.0
KT871833,HCV,1b,100.0
KT871841,HCV,1b,100.0
KT871858,HCV,1b,100.0
KT871865,HCV,1b,100.0
KT871860,HCV,1b,100.0
KT871872,HCV,1b,100.0
KT871879,HCV,1b,100.0
KT871884,HCV,1b,100.0
KT871889,HCV,1a,100.0
KT871877,HCV,1b,100.0
KT871892,HCV,1b,100.0
KT871882,HCV,1b,100.0
KT871866,HCV,1b,100.0
KT871918,HCV,1a,100.0
KT871911,HCV,1a,100.0
KT871912,HCV,1b,100.0
KT871891,HCV,1b,100.0
KT871920,HCV,1b,100.0
KT871910,HCV,1b,100.0
KT871919,HCV,1b,100.0
KT871924,HCV,1b,100.0
KT871927,HCV,1b,100.0
KT871926,HCV,1b,100.0
KT871932,HCV,1a,100.0
KT871922,HCV,1b,100.0
KT871934,HCV,1b,100.0
KT871937,HCV,1b,100.0
KT871929,HCV,1b,100.0
KT871939,HCV,1b,100.0
KT871977,HCV,1b,100.0
KT871962,HCV,1b,100.0
KT871976,HCV,1b,100.0
KT871969,HCV,1a,100.0
KT871983,HCV,1b,100.0
KT871985,HCV,1b,100.0
KT871990,HCV,1b,100.0
KT872005,HCV,1b,100.0
KT871999,HCV,1b,100.0
KT872007,HCV,1b,100.0
KT872000,HCV,1b,100.0
KT872009,HCV,1b,100.0
KT872013,HCV,1b,100.0
KT872006,HCV,1b,100.0
KT871998,HCV,1b,100.0
KT872015,HCV,1b,100.0
KT872030,HCV,1b,100.0
KT872023,HCV,1b,100.0
KT872025,HCV,1b,100.0
KT872019,HCV,1b,100.0
KT872034,HCV,1b,100.0
KT872033,HCV,1b,100.0
KT872029,HCV,1b,100.0
KT872026,HCV,1b,100.0
KT872040,HCV,1b,100.0
KT872043,HCV,1b,100.0
KT872031,HCV,1b,100.0
KT872037,HCV,1a,100.0
KT872044,HCV,1a,100.0
KT872050,HCV,1b,100.0
KT872055,HCV,1b,100.0
KT871849,HCV,1a,100.0
KT871861,HCV,1b,100.0
KT871869,HCV,1a,100.0
KT872052,HCV,1b,100.0
KT871876,HCV,1a,100.0
KT871886,HCV,1b,100.0
KT871856,HCV,1b,100.0
KT871862,HCV,1a,100.0
KT871907,HCV,1b,100.0
KT871868,HCV,1b,100.0
KT871729,HCV,1b,100.0
KT871914,HCV,1a,100.0
KT871704,HCV,1b,100.0
KT871796,HCV,1b,100.0
KT871798,HCV,1b,100.0
KT871736,HCV,1b,100.0
KT871799,HCV,1b,100.0
KT871795,HCV,1a,100.0
KT871794,HCV,1b,100.0
KT871780,HCV,1b,100.0
KT871800,HCV,1b,100.0
KT871790,HCV,1b,100.0
KT871786,HCV,1a,100.0
KT871803,HCV,1b,100.0
KT871805,HCV,1b,100.0
KT871815,HCV,1b,100.0
KT871812,HCV,1a,100.0
KT871822,HCV,1b,100.0
KT871817,HCV,1b,100.0
KT871709,HCV,1a,100.0
KT871819,HCV,1b,100.0
KT871829,HCV,1a,100.0
KT871733,HCV,1b,100.0
KT871718,HCV,1b,100.0
KT871740,HCV,1b,100.0
KT871759,HCV,1a,100.0
KT871769,HCV,1b,100.0
KT871707,HCV,1b,100.0
KT871763,HCV,1a,100.0
KT871708,HCV,1b,100.0
KT871760,HCV,1b,100.0
KT871770,HCV,1b,100.0
KT871776,HCV,1b,100.0
KT871778,HCV,1a,100.0
FJ515149,HCV,6a,100.0
KT871584,HCV,1b,100.0
KT871589,HCV,1a,100.0
KT871633,HCV,1b,100.0
EU710270,HCV,1a,100.0
KT871660,HCV,1b,100.0
EU710253,HCV,1a,100.0
EU710255,HCV,1a,100.0
EU710254,HCV,1a,100.0
EU710258,HCV,1a,100.0
EU710259,HCV,1a,100.0
EU710261,HCV,1a,100.0
EU710263,HCV,1a,100.0
EU710262,HCV,1a,100.0
EU710260,HCV,1a,100.0
EU710312,HCV,1b,100.0
EU710321,HCV,1b,100.0
EU710306,HCV,1b,100.0
EU710331,HCV,3a,100.0
EU710316,HCV,1b,100.0
EU710346,HCV,3a,100.0
EU710349,HCV,"unassigned_1, 3a-6h",NA
EU710337,HCV,3a,100.0
EU710325,HCV,1b,100.0
EU710328,HCV,1b,100.0
EU710335,HCV,3a,100.0
EU710350,HCV,3a,100.0
EU710388,HCV,3a,100.0
EU710380,HCV,3a,100.0
EU710377,HCV,3a,100.0
EU710392,HCV,3a,100.0
EU710389,HCV,3a,100.0
EU710351,HCV,3a,100.0
EU710390,HCV,3a,100.0
EU710376,HCV,3a,100.0
EU710374,HCV,3a,100.0
EU710398,HCV,3a,100.0
EU710438,HCV,3a,100.0
EU710425,HCV,3a,100.0
FJ859268,HCV,6n,100.0
FJ859271,HCV,6f,100.0
FJ859272,HCV,6f,100.0
FJ859276,HCV,6f,100.0
MG602802,HCV,4a,100.0
FJ859269,HCV,6n,100.0
FJ859281,HCV,6f,100.0
FJ859270,HCV,6f,100.0
FJ859277,HCV,6f,100.0
MG602803,HCV,4a,100.0
MG602797,HCV,4a,100.0
FJ859309,HCV,6n,100.0
FJ859310,HCV,6f,100.0
FJ859334,HCV,6f,100.0
FJ859324,HCV,6n,100.0
FJ859303,HCV,6f,100.0
D16617,HCV,3b,100.0
MK903085,HCV,1a,100.0
FJ859294,HCV,6n,100.0
D16619,HCV,3a,100.0
MK903089,HCV,1a,100.0
MK903091,HCV,1a,100.0
MK903103,HCV,1a,100.0
MK903105,HCV,1a,100.0
MK903107,HCV,1a,100.0
MK903123,HCV,1a,100.0
MK903100,HCV,1a,100.0
MK903121,HCV,1a,100.0
MK903117,HCV,1a,100.0
MK903120,HCV,1a,100.0
MK903125,HCV,1a,100.0
MK903124,HCV,1a,100.0
MK903122,HCV,1a,100.0
MK903115,HCV,1a,100.0
MK903136,HCV,1a,100.0
MK903134,HCV,1a,100.0
MK903144,HCV,1a,100.0
MK903128,HCV,1a,100.0
MK903132,HCV,1a,100.0
MK903142,HCV,1a,100.0
MK903146,HCV,1a,100.0
MK903150,HCV,1a,100.0
MK903155,HCV,1a,100.0
MK903156,HCV,1a,100.0
MK903161,HCV,1a,100.0
MK903157,HCV,1a,100.0
KT871605,HCV,1b,100.0
KT871604,HCV,1a,100.0
KT871606,HCV,1b,100.0
KT871634,HCV,1a,100.0
KT871632,HCV,1b,100.0
KT871637,HCV,1b,100.0
KT871640,HCV,1a,100.0
KT871642,HCV,1b,100.0
KT735183,HCV,3a,100.0
KT871643,HCV,1a,100.0
KT871638,HCV,1b,100.0
KT871586,HCV,1b,100.0
KT871596,HCV,1a,100.0
KT871595,HCV,1b,100.0
KT735181,HCV,1a,100.0
KT871657,HCV,1b,100.0
KT871600,HCV,1b,100.0
KT871592,HCV,1b,100.0
KT871619,HCV,1b,100.0
KT871623,HCV,1a,100.0
KT871609,HCV,1a,100.0
KT871613,HCV,1b,100.0
KT871621,HCV,1b,100.0
KT871666,HCV,1b,100.0
KT871625,HCV,1b,100.0
KT871671,HCV,1b,100.0
KT871662,HCV,1a,100.0
KT871631,HCV,1b,100.0
KT871675,HCV,1b,100.0
KT871682,HCV,1b,100.0
KT871673,HCV,1b,100.0
KT871677,HCV,1a,100.0
KT871683,HCV,1b,100.0
KT871685,HCV,1b,100.0
EU710226,HCV,1a,100.0
EU710220,HCV,1a,100.0
KT871701,HCV,1b,100.0
EU710242,HCV,1a,100.0
KT872065,HCV,1b,100.0
KT872167,HCV,1b,100.0
KT872173,HCV,1b,100.0
KT872179,HCV,1b,100.0
KT872178,HCV,1b,100.0
KT872188,HCV,1a,100.0
KT872062,HCV,1b,100.0
KT872061,HCV,1b,100.0
KT872216,HCV,1b,100.0
KT872218,HCV,1b,100.0
KT872223,HCV,1b,100.0
KT872225,HCV,1b,100.0
KT872210,HCV,1b,100.0
KT872226,HCV,1b,100.0
KT872683,HCV,1b,100.0
KT872228,HCV,1a,100.0
KT872665,HCV,1a,100.0
KT872689,HCV,1a,100.0
KT872685,HCV,1b,100.0
KT873057,HCV,1b,100.0
KT873015,HCV,1b,100.0
KT873020,HCV,1b,100.0
KT872081,HCV,1b,100.0
KT872069,HCV,1a,100.0
KT872060,HCV,1b,100.0
KT872063,HCV,1b,100.0
KT872073,HCV,1b,100.0
KT872067,HCV,1b,100.0
KT872090,HCV,1b,100.0
KT872071,HCV,1b,100.0
KT872059,HCV,1b,100.0
KT872080,HCV,1b,100.0
KT872088,HCV,1b,100.0
KT872087,HCV,1b,100.0
KT872072,HCV,1b,100.0
KT872074,HCV,1b,100.0
KT872089,HCV,1b,100.0
KT872070,HCV,1a,100.0
KT872082,HCV,1b,100.0
KT872115,HCV,1b,100.0
KT872101,HCV,1b,100.0
KT872114,HCV,1b,100.0
KT872116,HCV,1b,100.0
KT872139,HCV,1b,100.0
KT872130,HCV,1b,100.0
KT872148,HCV,1b,100.0
KT872144,HCV,1b,100.0
KT872106,HCV,1b,100.0
KT872100,HCV,1b,100.0
KT872108,HCV,1a,100.0
KT872134,HCV,1b,100.0
KT872137,HCV,1b,100.0
KT872113,HCV,1b,100.0
KT872141,HCV,1b,100.0
KT872138,HCV,1b,100.0
KT872142,HCV,1b,100.0
KT872151,HCV,1b,100.0
KT872140,HCV,1b,100.0
KT872152,HCV,1a,100.0
KT872145,HCV,1b,100.0
KT872150,HCV,1b,100.0
KT872149,HCV,1b,100.0
KT872158,HCV,1b,100.0
KT872157,HCV,1b,100.0
KT872155,HCV,1b,100.0
KT872161,HCV,1b,100.0
KT872162,HCV,1b,100.0
KT872156,HCV,1b,100.0
KT872147,HCV,1a,100.0
KT872146,HCV,1b,100.0
KT872165,HCV,1a,100.0
KT872164,HCV,1b,100.0
KT872168,HCV,1b,100.0
KT872170,HCV,1b,100.0
KT872163,HCV,1b,100.0
KT872171,HCV,1b,100.0
KT872177,HCV,1b,100.0
KT872175,HCV,1b,100.0
KT872182,HCV,1a,100.0
KT872154,HCV,1b,100.0
KT872169,HCV,1b,100.0
KT872174,HCV,1b,100.0
KT872176,HCV,1b,100.0
KT872166,HCV,1b,100.0
KT872172,HCV,1b,100.0
KT872193,HCV,1b,100.0
KT872189,HCV,1b,100.0
KT872197,HCV,1b,100.0
KT872200,HCV,1a,100.0
KT872203,HCV,1b,100.0
KT872198,HCV,1b,100.0
KT872202,HCV,1b,100.0
KT872205,HCV,1b,100.0
KT872204,HCV,1b,100.0
KT872209,HCV,1b,100.0
KT872196,HCV,1b,100.0
KT872213,HCV,1b,100.0
KT872190,HCV,1b,100.0
KT872192,HCV,1b,100.0
KT872199,HCV,1b,100.0
KT872191,HCV,1a,100.0
KT872194,HCV,1b,100.0
KT872195,HCV,1b,100.0
KT872201,HCV,1b,100.0
KT872206,HCV,1b,100.0
KT872207,HCV,1a,100.0
KT872208,HCV,1b,100.0
KT872215,HCV,1a,100.0
KT872222,HCV,1a,100.0
KT872221,HCV,1b,100.0
KT872224,HCV,1b,100.0
KT872227,HCV,1a,100.0
KT872233,HCV,1b,100.0
KT872235,HCV,1a,100.0
KT872234,HCV,1a,100.0
KT872243,HCV,1b,100.0
KT872229,HCV,1b,100.0
KT872236,HCV,1b,100.0
KT872245,HCV,1b,100.0
KT872248,HCV,1b,100.0
KT872250,HCV,1b,100.0
KT872254,HCV,1b,100.0
KT872253,HCV,1a,100.0
KT872249,HCV,1b,100.0
KT872256,HCV,1a,100.0
KT872252,HCV,1a,100.0
KT872255,HCV,1b,100.0
KT872257,HCV,1a,100.0
KT872246,HCV,1b,100.0
KT872258,HCV,1a,100.0
KT872259,HCV,1b,100.0
KT872276,HCV,1a,100.0
KT872244,HCV,1b,100.0
KT872263,HCV,1b,100.0
KT872269,HCV,1b,100.0
KT872270,HCV,1b,100.0
KT872268,HCV,1b,100.0
KT872251,HCV,1b,100.0
KT872265,HCV,1a,100.0
KT872260,HCV,1a,100.0
KT872262,HCV,1b,100.0
KT872264,HCV,1b,100.0
KT872274,HCV,1a,100.0
KT872275,HCV,1b,100.0
KT872277,HCV,1b,100.0
KT872281,HCV,1b,100.0
KT872283,HCV,1b,100.0
KT872282,HCV,1b,100.0
KT872284,HCV,1b,100.0
KT872285,HCV,1b,100.0
KT872287,HCV,1a,100.0
KT872292,HCV,1b,100.0
KT872293,HCV,1a,100.0
KT872294,HCV,1a,100.0
KT872290,HCV,1b,100.0
KT872266,HCV,1a,100.0
KT872247,HCV,1b,100.0
KT872261,HCV,1b,100.0
KT872296,HCV,1b,100.0
KT872280,HCV,1b,100.0
KT872295,HCV,1a,100.0
KT872305,HCV,1b,100.0
KT872267,HCV,1b,100.0
KT872279,HCV,1b,100.0
KT872278,HCV,1b,100.0
KT872297,HCV,1b,100.0
KT872306,HCV,1b,100.0
KT872307,HCV,1b,100.0
KT872308,HCV,1b,100.0
KT872286,HCV,1b,100.0
KT872303,HCV,1a,100.0
KT872312,HCV,1b,100.0
KT872291,HCV,1b,100.0
KT872310,HCV,1a,100.0
KT872302,HCV,1b,100.0
KT872317,HCV,1b,100.0
KT872319,HCV,1b,100.0
KT872320,HCV,1b,100.0
KT872326,HCV,1b,100.0
KT872325,HCV,1b,100.0
KT872311,HCV,1b,100.0
KT872309,HCV,1b,100.0
KT872315,HCV,1b,100.0
KT872316,HCV,1b,100.0
KT872318,HCV,1b,100.0
KT872314,HCV,1b,100.0
KT872313,HCV,1b,100.0
KT872304,HCV,1b,100.0
KT872321,HCV,1b,100.0
KT872332,HCV,1a,100.0
KT872333,HCV,1b,100.0
KT872322,HCV,1b,100.0
KT872323,HCV,1b,100.0
KT872330,HCV,1b,100.0
KT872288,HCV,1b,100.0
KT872289,HCV,1a,100.0
KT872341,HCV,1b,100.0
KT872344,HCV,1a,100.0
KT872345,HCV,1a,100.0
KT872301,HCV,1b,100.0
KT872334,HCV,1b,100.0
KT872355,HCV,1b,100.0
KT872352,HCV,1b,100.0
KT872356,HCV,1a,100.0
KT872357,HCV,1b,100.0
KT872350,HCV,1b,100.0
KT872362,HCV,1b,100.0
KT872366,HCV,1b,100.0
KT872363,HCV,1b,100.0
KT872379,HCV,1b,100.0
KT872343,HCV,1b,100.0
KT872382,HCV,1a,100.0
KT872385,HCV,1a,100.0
KT872387,HCV,1b,100.0
KT872389,HCV,1a,100.0
KT872392,HCV,1b,100.0
KT872398,HCV,1b,100.0
KT872396,HCV,1a,100.0
KT872395,HCV,1b,100.0
KT872397,HCV,1b,100.0
KT872405,HCV,1b,100.0
KT872409,HCV,1b,100.0
KT872402,HCV,1b,100.0
KT872381,HCV,1b,100.0
KT872416,HCV,1b,100.0
KT872406,HCV,1a,100.0
KT872411,HCV,1b,100.0
KT872425,HCV,1b,100.0
KT872431,HCV,1a,100.0
KT872437,HCV,1b,100.0
KT872435,HCV,1b,100.0
KT872436,HCV,1b,100.0
KT872433,HCV,1a,100.0
KT872442,HCV,1b,100.0
KT872443,HCV,1b,100.0
KT872438,HCV,1b,100.0
KT872445,HCV,1b,100.0
KT872452,HCV,1b,100.0
KT872430,HCV,1b,100.0
KT872451,HCV,1b,100.0
KT872422,HCV,1b,100.0
KT872441,HCV,1b,100.0
KT872455,HCV,1b,100.0
KT872466,HCV,1b,100.0
KT872465,HCV,1a,100.0
KT872471,HCV,1b,100.0
KT872472,HCV,1b,100.0
KT872456,HCV,1a,100.0
KT872480,HCV,1a,100.0
KT872479,HCV,1b,100.0
KT872484,HCV,1b,100.0
KT872477,HCV,1b,100.0
KT872475,HCV,1a,100.0
KT872499,HCV,1b,100.0
KT872488,HCV,1b,100.0
KT872502,HCV,1b,100.0
KT872505,HCV,1b,100.0
KT872509,HCV,1b,100.0
KT872510,HCV,1b,100.0
KT872516,HCV,1b,100.0
KT872527,HCV,1a,100.0
KT872526,HCV,1b,100.0
KT872529,HCV,1b,100.0
KT872530,HCV,1a,100.0
KT872540,HCV,1b,100.0
KT872539,HCV,1b,100.0
KT872534,HCV,1b,100.0
KT872541,HCV,1b,100.0
KT872538,HCV,1b,100.0
KT872553,HCV,1b,100.0
KT872543,HCV,1a,100.0
KT872544,HCV,1b,100.0
KT872559,HCV,1b,100.0
KT872546,HCV,1b,100.0
KT872557,HCV,1b,100.0
KT872554,HCV,1b,100.0
KT872552,HCV,1b,100.0
KT872561,HCV,1b,100.0
KT872573,HCV,1b,100.0
KT872576,HCV,1b,100.0
KT872555,HCV,1b,100.0
KT872596,HCV,1b,100.0
KT872595,HCV,1a,100.0
KT872583,HCV,1b,100.0
KT872571,HCV,1b,100.0
KT872598,HCV,1b,100.0
KT872588,HCV,1a,100.0
KT872592,HCV,1b,100.0
KT872603,HCV,1b,100.0
KT872594,HCV,1b,100.0
KT872599,HCV,1b,100.0
KT872607,HCV,1b,100.0
KT872609,HCV,1b,100.0
KT872610,HCV,1b,100.0
KT872612,HCV,1b,100.0
KT872613,HCV,1b,100.0
KT872608,HCV,1b,100.0
KT872605,HCV,1b,100.0
KT872618,HCV,1a,100.0
KT872622,HCV,1a,100.0
KT872617,HCV,1b,100.0
KT872621,HCV,1a,100.0
KT872624,HCV,1b,100.0
KT872625,HCV,1b,100.0
KT872626,HCV,1b,100.0
KT872633,HCV,1a,100.0
KT872636,HCV,1b,100.0
KT872638,HCV,1b,100.0
KT872632,HCV,1a,100.0
KT872644,HCV,1a,100.0
KT872647,HCV,1b,100.0
KT872646,HCV,1b,100.0
KT872649,HCV,1b,100.0
KT872653,HCV,1a,100.0
KT872656,HCV,1a,100.0
KT872648,HCV,1b,100.0
KT872658,HCV,1b,100.0
KT872642,HCV,1a,100.0
KT872667,HCV,1a,100.0
KT872666,HCV,1b,100.0
KT872668,HCV,1b,100.0
KT872686,HCV,1a,100.0
KT872678,HCV,1b,100.0
KT872687,HCV,1b,100.0
KT872675,HCV,1b,100.0
KT872703,HCV,1b,100.0
KT872704,HCV,1a,100.0
KT872702,HCV,1b,100.0
KT872705,HCV,1a,100.0
KT872714,HCV,1b,100.0
KT872716,HCV,1b,100.0
KT872698,HCV,1b,100.0
KT872718,HCV,1b,100.0
KT872723,HCV,1b,100.0
KT872721,HCV,1a,100.0
KT872725,HCV,1a,100.0
KT872728,HCV,1b,100.0
KT872732,HCV,1b,100.0
KT872328,HCV,1b,100.0
KT872339,HCV,1b,100.0
KT872336,HCV,1b,100.0
KT872342,HCV,1a,100.0
KT872346,HCV,1b,100.0
KT872347,HCV,1b,100.0
KT872349,HCV,1b,100.0
KT872338,HCV,1b,100.0
KT872351,HCV,1b,100.0
KT872358,HCV,1b,100.0
KT872360,HCV,1b,100.0
KT872365,HCV,1b,100.0
KT872370,HCV,1b,100.0
KT872372,HCV,1b,100.0
KT872378,HCV,1a,100.0
KT872376,HCV,1b,100.0
KT872375,HCV,1a,100.0
KT872377,HCV,1b,100.0
KT872384,HCV,1a,100.0
KT872373,HCV,1a,100.0
KT872380,HCV,1b,100.0
KT872391,HCV,1a,100.0
KT872390,HCV,1b,100.0
KT872393,HCV,1b,100.0
KT872394,HCV,1b,100.0
KT872401,HCV,1b,100.0
KT872403,HCV,1a,100.0
KT872404,HCV,1b,100.0
KT872388,HCV,1a,100.0
KT872408,HCV,1b,100.0
KT872414,HCV,1b,100.0
KT872415,HCV,1b,100.0
KT872420,HCV,1b,100.0
KT872418,HCV,1b,100.0
KT872421,HCV,1b,100.0
KT872417,HCV,1b,100.0
KT872428,HCV,1b,100.0
KT872419,HCV,1b,100.0
KT872424,HCV,1b,100.0
KT872383,HCV,1b,100.0
KT872440,HCV,1a,100.0
KT872439,HCV,1b,100.0
KT872447,HCV,1b,100.0
KT872446,HCV,1b,100.0
KT872448,HCV,1a,100.0
KT872450,HCV,1b,100.0
KT872432,HCV,1a,100.0
KT872453,HCV,1b,100.0
KT872454,HCV,1b,100.0
KT872458,HCV,1a,100.0
KT872460,HCV,1b,100.0
KT872459,HCV,1b,100.0
KT872462,HCV,1b,100.0
KT872461,HCV,1b,100.0
KT872457,HCV,1b,100.0
KT872464,HCV,1b,100.0
KT872470,HCV,1b,100.0
KT872476,HCV,1b,100.0
KT872485,HCV,1b,100.0
KT872467,HCV,1b,100.0
KT872487,HCV,1b,100.0
KT872483,HCV,1b,100.0
KT872489,HCV,1a,100.0
KT872492,HCV,1b,100.0
KT872491,HCV,1b,100.0
KT872496,HCV,1b,100.0
KT872497,HCV,1b,100.0
KT872486,HCV,1b,100.0
KT872498,HCV,1b,100.0
KT872500,HCV,1b,100.0
KT872503,HCV,1a,100.0
KT872501,HCV,1b,100.0
KT872494,HCV,1b,100.0
KT872508,HCV,1b,100.0
KT872511,HCV,1a,100.0
KT872514,HCV,1b,100.0
KT872507,HCV,1b,100.0
KT872495,HCV,1b,100.0
KT872504,HCV,1b,100.0
KT872515,HCV,1b,100.0
KT872520,HCV,1b,100.0
KT872521,HCV,1b,100.0
KT872522,HCV,1a,100.0
KT872524,HCV,1b,100.0
KT872531,HCV,1b,100.0
KT872532,HCV,1b,100.0
KT872506,HCV,1b,100.0
KT872517,HCV,1b,100.0
KT872513,HCV,1b,100.0
KT872535,HCV,1b,100.0
KT872533,HCV,1a,100.0
KT872528,HCV,1b,100.0
KT872518,HCV,1b,100.0
KT872542,HCV,1b,100.0
KT872536,HCV,1b,100.0
KT872525,HCV,1b,100.0
KT872545,HCV,1b,100.0
KT872548,HCV,1b,100.0
KT872550,HCV,1b,100.0
KT872551,HCV,1a,100.0
KT872547,HCV,1b,100.0
KT872556,HCV,1b,100.0
KT872549,HCV,1b,100.0
KT872558,HCV,1a,100.0
KT872562,HCV,1a,100.0
KT872537,HCV,1a,100.0
KT872560,HCV,1b,100.0
KT872565,HCV,1a,100.0
KT872570,HCV,1b,100.0
KT872564,HCV,1b,100.0
KT872567,HCV,1b,100.0
KT872566,HCV,1b,100.0
KT872580,HCV,1b,100.0
KT872579,HCV,1a,100.0
KT872577,HCV,1b,100.0
KT872572,HCV,1b,100.0
KT872575,HCV,1b,100.0
KT872578,HCV,1b,100.0
KT872584,HCV,1b,100.0
KT872574,HCV,1b,100.0
KT872587,HCV,1b,100.0
KT872581,HCV,1b,100.0
KT872582,HCV,1a,100.0
KT872589,HCV,1b,100.0
KT872591,HCV,1b,100.0
KT872586,HCV,1b,100.0
KT872593,HCV,1b,100.0
KT872585,HCV,1a,100.0
KT872601,HCV,1b,100.0
KT872597,HCV,1a,100.0
KT872590,HCV,1b,100.0
KT872602,HCV,1a,100.0
KT872604,HCV,1b,100.0
KT872611,HCV,1b,100.0
KT872606,HCV,1b,100.0
KT872619,HCV,1b,100.0
KT872616,HCV,1b,100.0
KT872600,HCV,1b,100.0
KT872623,HCV,1b,100.0
KT872620,HCV,1b,100.0
KT872628,HCV,1a,100.0
KT872627,HCV,1b,100.0
KT872630,HCV,1a,100.0
KT872634,HCV,1a,100.0
KT872637,HCV,1b,100.0
KT872614,HCV,1b,100.0
KT872629,HCV,1b,100.0
KT872641,HCV,1b,100.0
KT872635,HCV,1b,100.0
KT872643,HCV,1b,100.0
KT872631,HCV,1b,100.0
KT872645,HCV,1b,100.0
KT872640,HCV,1b,100.0
KT872650,HCV,1a,100.0
KT872651,HCV,1b,100.0
KT872652,HCV,1b,100.0
KT872660,HCV,1b,100.0
KT872661,HCV,1b,100.0
KT872654,HCV,1b,100.0
KT872659,HCV,1b,100.0
KT872662,HCV,1a,100.0
KT872663,HCV,1a,100.0
KT872615,HCV,1a,100.0
KT872664,HCV,1b,100.0
KT872669,HCV,1b,100.0
KT872639,HCV,1b,100.0
KT872657,HCV,1b,100.0
KT872670,HCV,1a,100.0
KT872677,HCV,1a,100.0
KT872676,HCV,1b,100.0
KT872672,HCV,1b,100.0
KT872673,HCV,1b,100.0
KT872679,HCV,1b,100.0
KT872680,HCV,1a,100.0
KT872671,HCV,1b,100.0
KT872681,HCV,1b,100.0
KT872674,HCV,1b,100.0
KT872655,HCV,1a,100.0
KT872682,HCV,1a,100.0
KT872684,HCV,1b,100.0
KT872692,HCV,1b,100.0
KT872693,HCV,1b,100.0
KT872694,HCV,1b,100.0
KT872695,HCV,1a,100.0
KT872688,HCV,1b,100.0
KT872697,HCV,1a,100.0
KT872699,HCV,1b,100.0
KT872696,HCV,1b,100.0
KT872700,HCV,1a,100.0
KT872690,HCV,1b,100.0
KT872708,HCV,1b,100.0
KT872710,HCV,1a,100.0
KT872691,HCV,1a,100.0
KT872706,HCV,1b,100.0
KT872707,HCV,1b,100.0
KT872712,HCV,1a,100.0
KT872713,HCV,1b,100.0
KT872701,HCV,1b,100.0
KT872719,HCV,1b,100.0
KT872717,HCV,1b,100.0
KT872711,HCV,1b,100.0
KT872724,HCV,1a,100.0
KT872729,HCV,1b,100.0
KT872726,HCV,1b,100.0
KT872731,HCV,1b,100.0
KT872737,HCV,1a,100.0
KT872739,HCV,1b,100.0
KT872738,HCV,1b,100.0
KT872727,HCV,1b,100.0
KT872744,HCV,1b,100.0
KT872746,HCV,1b,100.0
KT872751,HCV,1b,100.0
KT872749,HCV,1b,100.0
KT872743,HCV,1b,100.0
KT872720,HCV,1b,100.0
KT872745,HCV,1b,100.0
KT872747,HCV,1b,100.0
KT872767,HCV,1b,100.0
KT872765,HCV,1b,100.0
KT872768,HCV,1a,100.0
KT872761,HCV,1b,100.0
KT872763,HCV,1b,100.0
KT872770,HCV,1b,100.0
KT872779,HCV,1b,100.0
KT872777,HCV,1b,100.0
KT872784,HCV,1b,100.0
KT872787,HCV,1b,100.0
KT872783,HCV,1b,100.0
KT872780,HCV,1b,100.0
KT872788,HCV,1b,100.0
KT872786,HCV,1b,100.0
KT872781,HCV,1b,100.0
KT872795,HCV,1b,100.0
KT872796,HCV,1b,100.0
KT872790,HCV,1b,100.0
KT872797,HCV,1b,100.0
KT872789,HCV,1b,100.0
KT872804,HCV,1b,100.0
KT872807,HCV,1b,100.0
KT872809,HCV,1b,100.0
KT872808,HCV,1b,100.0
KT872810,HCV,1b,100.0
KT872813,HCV,1b,100.0
KT872818,HCV,1b,100.0
KT872832,HCV,1b,100.0
KT872829,HCV,1b,100.0
KT872835,HCV,1b,100.0
KT872834,HCV,1a,100.0
KT872838,HCV,1a,100.0
KT872839,HCV,1b,100.0
KT872819,HCV,1b,100.0
KT872841,HCV,1b,100.0
KT872849,HCV,1b,100.0
KT872851,HCV,1b,100.0
KT872853,HCV,1b,100.0
KT872812,HCV,1a,100.0
KT872852,HCV,1a,100.0
KT872861,HCV,1b,100.0
KT872864,HCV,1b,100.0
KT872862,HCV,1b,100.0
KT872867,HCV,1b,100.0
KT872865,HCV,1b,100.0
KT872874,HCV,1b,100.0
KT872872,HCV,1b,100.0
KT872875,HCV,1b,100.0
KT872882,HCV,1b,100.0
KT872885,HCV,1b,100.0
KT872884,HCV,1b,100.0
KT872878,HCV,1a,100.0
KT872890,HCV,1b,100.0
KT872880,HCV,1a,100.0
KT872892,HCV,1b,100.0
KT872870,HCV,1b,100.0
KT872730,HCV,1b,100.0
KT872740,HCV,1a,100.0
KT872742,HCV,1b,100.0
KT872741,HCV,1b,100.0
KT872748,HCV,1a,100.0
KT872752,HCV,1b,100.0
KT872735,HCV,1b,100.0
KT872754,HCV,1b,100.0
KT872753,HCV,1b,100.0
KT872750,HCV,1b,100.0
KT872756,HCV,1b,100.0
KT872755,HCV,1a,100.0
KT872757,HCV,1b,100.0
KT872760,HCV,1b,100.0
KT872758,HCV,1b,100.0
KT872762,HCV,1b,100.0
KT872766,HCV,1b,100.0
KT872772,HCV,1b,100.0
KT872769,HCV,1b,100.0
KT872774,HCV,1b,100.0
KT872773,HCV,1b,100.0
KT872764,HCV,1b,100.0
KT872775,HCV,1b,100.0
KT872776,HCV,1b,100.0
KT872778,HCV,1a,100.0
KT872759,HCV,1b,100.0
KT872771,HCV,1b,100.0
KT872782,HCV,1a,100.0
KT872793,HCV,1a,100.0
KT872791,HCV,1a,100.0
KT872792,HCV,1b,100.0
KT872794,HCV,1b,100.0
KT872798,HCV,1b,100.0
KT872801,HCV,1b,100.0
KT872800,HCV,1b,100.0
KT872785,HCV,1b,100.0
KT872802,HCV,1b,100.0
KT872806,HCV,1a,100.0
KT872811,HCV,1a,100.0
KT872814,HCV,1b,100.0
KT872815,HCV,1a,100.0
KT872817,HCV,1b,100.0
KT872816,HCV,1b,100.0
KT872821,HCV,1a,100.0
KT872822,HCV,1b,100.0
KT872828,HCV,1b,100.0
KT872826,HCV,1a,100.0
KT872830,HCV,1a,100.0
KT872831,HCV,1b,100.0
KT872825,HCV,1a,100.0
KT872836,HCV,1b,100.0
KT872833,HCV,1b,100.0
KT872837,HCV,1b,100.0
KT872840,HCV,1b,100.0
KT872842,HCV,1b,100.0
KT872843,HCV,1b,100.0
KT872844,HCV,1b,100.0
KT872845,HCV,1b,100.0
KT872848,HCV,1b,100.0
KT872846,HCV,1b,100.0
KT872850,HCV,1a,100.0
KT872855,HCV,1b,100.0
KT872857,HCV,1b,100.0
KT872858,HCV,1b,100.0
KT872863,HCV,1b,100.0
KT872859,HCV,1a,100.0
KT872820,HCV,1b,100.0
KT872860,HCV,1b,100.0
KT872854,HCV,1b,100.0
KT872866,HCV,1b,100.0
KT872847,HCV,1b,100.0
KT872879,HCV,1b,100.0
KT872877,HCV,1b,100.0
KT872881,HCV,1b,100.0
KT872876,HCV,1a,100.0
KT872873,HCV,1b,100.0
KT872871,HCV,1a,100.0
KT872883,HCV,1a,100.0
KT872886,HCV,1b,100.0
KT872887,HCV,1b,100.0
KT872888,HCV,1b,100.0
KT872889,HCV,1b,100.0
KT872898,HCV,1b,100.0
KT872891,HCV,1b,100.0
KT872900,HCV,1b,100.0
KT872903,HCV,1b,100.0
KT872895,HCV,1b,100.0
KT872899,HCV,1b,100.0
KT872902,HCV,1b,100.0
KT872894,HCV,1b,100.0
KT872921,HCV,1b,100.0
KT872912,HCV,1b,100.0
KT872915,HCV,1b,100.0
KT872923,HCV,1b,100.0
KT872922,HCV,1b,100.0
KT872928,HCV,1b,100.0
KT872936,HCV,1a,100.0
KT872933,HCV,1b,100.0
KT872943,HCV,1b,100.0
KT872945,HCV,1b,100.0
KT872950,HCV,1b,100.0
KT872942,HCV,1b,100.0
KT872941,HCV,1b,100.0
KT872948,HCV,1b,100.0
KT872953,HCV,1b,100.0
KT872944,HCV,1b,100.0
KT872961,HCV,1b,100.0
KT872957,HCV,1b,100.0
KT872897,HCV,1a,100.0
KT872907,HCV,1b,100.0
KT872914,HCV,1b,100.0
KT872920,HCV,1a,100.0
KT872913,HCV,1b,100.0
KT872910,HCV,1a,100.0
KT872925,HCV,1b,100.0
KT872924,HCV,1b,100.0
KT872917,HCV,1b,100.0
KT872929,HCV,1b,100.0
KT872932,HCV,1a,100.0
KT872934,HCV,1a,100.0
KT872927,HCV,1b,100.0
KT872930,HCV,1b,100.0
KT872926,HCV,1b,100.0
KT872935,HCV,1b,100.0
KT872949,HCV,1b,100.0
KT872951,HCV,1b,100.0
KT872952,HCV,1b,100.0
KT872955,HCV,1a,100.0
KT872947,HCV,1b,100.0
KT872964,HCV,1b,100.0
KT872954,HCV,1b,100.0
KT872959,HCV,1b,100.0
KT872958,HCV,1a,100.0
KT872968,HCV,1b,100.0
KT872966,HCV,1b,100.0
KT872969,HCV,1a,100.0
KT872965,HCV,1b,100.0
KT872971,HCV,1b,100.0
KT872973,HCV,1b,100.0
KT872963,HCV,1b,100.0
KT872975,HCV,1b,100.0
KT872976,HCV,1b,100.0
KT872977,HCV,1b,100.0
KT872974,HCV,1b,100.0
KT872972,HCV,1b,100.0
KT872962,HCV,1b,100.0
KT872978,HCV,1b,100.0
KT872970,HCV,1b,100.0
KT872992,HCV,1b,100.0
KT872979,HCV,1b,100.0
KT872983,HCV,1b,100.0
KT872985,HCV,1b,100.0
KT872984,HCV,1b,100.0
KT872986,HCV,1b,100.0
KT872988,HCV,1a,100.0
KT872980,HCV,1b,100.0
KT872989,HCV,1b,100.0
KT873006,HCV,1a,100.0
KT872999,HCV,1b,100.0
KT872993,HCV,1b,100.0
KT872990,HCV,1b,100.0
KT873000,HCV,1b,100.0
KT873002,HCV,1b,100.0
KT873003,HCV,1a,100.0
KT873009,HCV,1b,100.0
KT873001,HCV,1b,100.0
KT873010,HCV,1b,100.0
KT873011,HCV,1b,100.0
KT873005,HCV,1b,100.0
KT872997,HCV,1b,100.0
KT873004,HCV,1b,100.0
KT873007,HCV,1b,100.0
KT873012,HCV,1b,100.0
KT873008,HCV,1b,100.0
KT872995,HCV,1b,100.0
KT873013,HCV,1b,100.0
KT873017,HCV,1b,100.0
KT873023,HCV,1b,100.0
KT873024,HCV,1a,100.0
KT873025,HCV,1b,100.0
KT873016,HCV,1b,100.0
KT873029,HCV,1b,100.0
KT873021,HCV,1b,100.0
KT873026,HCV,1b,100.0
KT873022,HCV,1b,100.0
KT873018,HCV,1b,100.0
KT873027,HCV,1b,100.0
KT873028,HCV,1a,100.0
KT873032,HCV,1b,100.0
KT873044,HCV,1b,100.0
KT873039,HCV,1b,100.0
KT873045,HCV,1b,100.0
KT873053,HCV,1a,100.0
KT873050,HCV,1b,100.0
KT873049,HCV,1b,100.0
KT873058,HCV,1b,100.0
KT872066,HCV,1b,100.0
KT873056,HCV,1b,100.0
KT872093,HCV,1b,100.0
KT872075,HCV,1a,100.0
KT872091,HCV,1b,100.0
KT873046,HCV,1b,100.0
KT872110,HCV,1b,100.0
KT872102,HCV,1b,100.0
KT872105,HCV,1b,100.0
KT872111,HCV,1b,100.0
KT872103,HCV,1a,100.0
KT872068,HCV,1b,100.0
KT872079,HCV,1b,100.0
KT872099,HCV,1b,100.0
KT872107,HCV,1b,100.0
KT872122,HCV,1a,100.0
KT872121,HCV,1b,100.0
KT872129,HCV,1a,100.0
KT872123,HCV,1b,100.0
KT872128,HCV,1b,100.0
KT872135,HCV,1b,100.0
KT872136,HCV,1b,100.0
KT872143,HCV,1b,100.0
KT872153,HCV,1a,100.0
KT872159,HCV,1b,100.0
KT872160,HCV,1a,100.0
KT872181,HCV,1b,100.0
KT872184,HCV,1b,100.0
KT873037,HCV,1b,100.0
KT873040,HCV,1b,100.0
KT873034,HCV,1b,100.0
KT873042,HCV,1b,100.0
KT873052,HCV,1b,100.0
KT873041,HCV,1b,100.0
KT873055,HCV,1b,100.0
KT873051,HCV,1b,100.0
KT872084,HCV,1b,100.0
KT872076,HCV,1b,100.0
KT873054,HCV,1b,100.0
KT872097,HCV,1b,100.0
KT872096,HCV,1b,100.0
KT872109,HCV,1b,100.0
KT872077,HCV,1b,100.0
KT872095,HCV,1b,100.0
KT872117,HCV,1a,100.0
KT872098,HCV,1b,100.0
KT872127,HCV,1b,100.0
KT872133,HCV,1b,100.0
KT872126,HCV,1b,100.0
KT872104,HCV,1a,100.0
KT872412,HCV,1a,100.0
KT872407,HCV,1b,100.0
KT872423,HCV,1a,100.0
KT872426,HCV,1a,100.0
KT872429,HCV,1b,100.0
KT872427,HCV,1a,100.0
KT872413,HCV,1b,100.0
KT872434,HCV,1b,100.0
KT872469,HCV,1a,100.0
KT872444,HCV,1b,100.0
KT872463,HCV,1b,100.0
KT872473,HCV,1b,100.0
KT872449,HCV,1b,100.0
KT872468,HCV,1b,100.0
KT872481,HCV,1b,100.0
KT872482,HCV,1a,100.0
KT872474,HCV,1b,100.0
KT872490,HCV,1b,100.0
KT872478,HCV,1a,100.0
KT872493,HCV,1b,100.0
KT872512,HCV,1b,100.0
KT872519,HCV,1b,100.0
KT872523,HCV,1b,100.0
KT872563,HCV,1a,100.0
KT872568,HCV,1a,100.0
KT872569,HCV,1b,100.0
KT872709,HCV,1b,100.0
KT872722,HCV,1b,100.0
KT872715,HCV,1b,100.0
KT872734,HCV,1b,100.0
KT872733,HCV,1b,100.0
KT872736,HCV,1b,100.0
KT872803,HCV,1a,100.0
KT872805,HCV,1b,100.0
KT872799,HCV,1a,100.0
KT872823,HCV,1a,100.0
KT872824,HCV,1b,100.0
KT872827,HCV,1b,100.0
KT872856,HCV,1a,100.0
KT872869,HCV,1b,100.0
KT872868,HCV,1b,100.0
KT872904,HCV,1b,100.0
KT872893,HCV,1b,100.0
KT872896,HCV,1b,100.0
KT872901,HCV,1b,100.0
KT872905,HCV,1b,100.0
KT872909,HCV,1b,100.0
KT872916,HCV,1b,100.0
KT872919,HCV,1b,100.0
KT872906,HCV,1b,100.0
KT872908,HCV,1b,100.0
KT872911,HCV,1b,100.0
KT872918,HCV,1b,100.0
KT872937,HCV,1b,100.0
KT872940,HCV,1b,100.0
KT872938,HCV,1b,100.0
KT872939,HCV,1a,100.0
KT872946,HCV,1b,100.0
KT872931,HCV,1b,100.0
KT872956,HCV,1b,100.0
KT872960,HCV,1b,100.0
KT872967,HCV,1b,100.0
KT872982,HCV,1b,100.0
KT872987,HCV,1a,100.0
KT872981,HCV,1b,100.0
KT872994,HCV,1a,100.0
KT872996,HCV,1b,100.0
KT872998,HCV,1b,100.0
KT872991,HCV,1a,100.0
KT873031,HCV,1b,100.0
KT873033,HCV,1b,100.0
KT873036,HCV,1b,100.0
KT873030,HCV,1a,100.0
KT873035,HCV,1b,100.0
KT873038,HCV,1b,100.0
KT873047,HCV,1b,100.0
KT873043,HCV,1b,100.0
KT873048,HCV,1b,100.0
KT872078,HCV,1b,100.0
KT872083,HCV,1b,100.0
KT872064,HCV,1b,100.0
KT872085,HCV,1b,100.0
KT872086,HCV,1b,100.0
KT872092,HCV,1b,100.0
KT872094,HCV,1b,100.0
KT872119,HCV,1a,100.0
KT872120,HCV,1b,100.0
KT872124,HCV,1b,100.0
KT872112,HCV,1b,100.0
KT872131,HCV,1b,100.0
KT872125,HCV,1b,100.0
KT872132,HCV,1b,100.0
KT872118,HCV,1b,100.0
KT872186,HCV,1b,100.0
KT872183,HCV,1b,100.0
KT872180,HCV,1b,100.0
KT872185,HCV,1b,100.0
KT872187,HCV,1b,100.0
KT872212,HCV,1b,100.0
KT872211,HCV,1b,100.0
KT872214,HCV,1b,100.0
KT872220,HCV,1b,100.0
KT872217,HCV,1b,100.0
KT872219,HCV,1b,100.0
KT872231,HCV,1b,100.0
KT872230,HCV,1b,100.0
KT872232,HCV,1b,100.0
KT872238,HCV,1b,100.0
KT872237,HCV,1b,100.0
KT872239,HCV,1b,100.0
KT872242,HCV,1b,100.0
KT872240,HCV,1b,100.0
KT872241,HCV,1b,100.0
KT872271,HCV,1b,100.0
KT872273,HCV,1a,100.0
KT872272,HCV,1b,100.0
KT872298,HCV,1b,100.0
KT872300,HCV,1b,100.0
KT872299,HCV,1b,100.0
KT872327,HCV,1a,100.0
KT872331,HCV,1b,100.0
KT872329,HCV,1b,100.0
KT872324,HCV,1b,100.0
KT872337,HCV,1b,100.0
KT872335,HCV,1b,100.0
KT872340,HCV,1b,100.0
KT872353,HCV,1b,100.0
KT872354,HCV,1b,100.0
KT872361,HCV,1b,100.0
KT872369,HCV,1a,100.0
KT872367,HCV,1b,100.0
KT872368,HCV,1b,100.0
KT872364,HCV,1b,100.0
KT872371,HCV,1b,100.0
KT872374,HCV,1b,100.0
KT872359,HCV,1b,100.0
KT872348,HCV,1b,100.0
KT872399,HCV,1b,100.0
KT872386,HCV,1b,100.0
KT872400,HCV,1b,100.0
KT872410,HCV,1a,100.0
KT873014,HCV,1b,100.0
KT873019,HCV,1a,100.0
AY100034,HCV,3a,100.0
KT873061,HCV,1b,100.0
AY100107,HCV,3a,100.0
AY100126,HCV,1a,100.0
AY100127,HCV,1a,100.0
AY100125,HCV,1a,100.0
AY100128,HCV,1a,100.0
AY100131,HCV,1a,100.0
AY100115,HCV,1a,100.0
OR097039,HCV,1b,100.0
OR097043,HCV,1b,100.0
OR097046,HCV,3a,100.0
OR097051,HCV,1b,100.0
OR097057,HCV,3a,100.0
OR097128,HCV,3b,100.0
OR097126,HCV,1b,100.0
AF516390,HCV,1a,100.0
OR097130,HCV,3a,100.0
OR097123,HCV,3a,100.0
OR097145,HCV,1b,100.0
OR097142,HCV,3a,100.0
OR097147,HCV,6xa,100.0
OR097275,HCV,1b,100.0
OR097276,HCV,3a,100.0
OR097272,HCV,6xa,100.0
OR097279,HCV,3a,100.0
OR097289,HCV,3a,100.0
OR097283,HCV,6xa,100.0
OR097132,HCV,1b,100.0
OR097137,HCV,3b,100.0
KT873059,HCV,1b,100.0
KT873066,HCV,1b,100.0
KT873097,HCV,1b,100.0
KT873064,HCV,1b,100.0
KT873086,HCV,1a,100.0
KT873095,HCV,1b,100.0
KT873078,HCV,1b,100.0
KT873083,HCV,1b,100.0
KT873113,HCV,1b,100.0
KT873085,HCV,1a,100.0
KT873104,HCV,1b,100.0
KT873105,HCV,1b,100.0
KT873106,HCV,1b,100.0
KT873063,HCV,1b,100.0
KT873103,HCV,1a,100.0
KT873077,HCV,1b,100.0
KT873112,HCV,1b,100.0
KT873075,HCV,1b,100.0
KT873123,HCV,1b,100.0
KT873114,HCV,1b,100.0
KT873084,HCV,1b,100.0
KT873125,HCV,1b,100.0
DQ363039,HCV,1a,100.0
DQ363040,HCV,1a,100.0
DQ363046,HCV,1a,100.0
KT873124,HCV,1b,100.0
DQ363042,HCV,1a,100.0
KT873135,HCV,1b,100.0
KT873132,HCV,1a,100.0
DQ363044,HCV,1a,100.0
DQ363045,HCV,1a,100.0
DQ363056,HCV,1a,100.0
DQ363050,HCV,1a,100.0
DQ363048,HCV,1a,100.0
DQ363052,HCV,1a,100.0
DQ363053,HCV,1a,100.0
DQ363051,HCV,1a,100.0
DQ363055,HCV,1a,100.0
KT873131,HCV,1b,100.0
DQ363054,HCV,1a,100.0
DQ363064,HCV,1a,100.0
DQ363062,HCV,1a,100.0
DQ363059,HCV,1a,100.0
DQ363043,HCV,1a,100.0
DQ363067,HCV,1a,100.0
DQ363057,HCV,1a,100.0
DQ363069,HCV,1a,100.0
DQ363068,HCV,1a,100.0
DQ363070,HCV,1a,100.0
DQ363081,HCV,1a,100.0
DQ363080,HCV,1a,100.0
DQ363082,HCV,1a,100.0
DQ363058,HCV,1a,100.0
DQ363073,HCV,1a,100.0
DQ363087,HCV,3a,100.0
DQ363100,HCV,3a,100.0
DQ363103,HCV,3a,100.0
DQ363063,HCV,1a,100.0
DQ363105,HCV,3a,100.0
DQ363107,HCV,3a,100.0
DQ363108,HCV,3a,100.0
DQ363130,HCV,3a,100.0
DQ363127,HCV,3a,100.0
DQ363086,HCV,3a,100.0
AF516367,HCV,3a,100.0
AF516369,HCV,3a,100.0
DQ363091,HCV,3a,100.0
DQ363090,HCV,3a,100.0
DQ363088,HCV,3a,100.0
DQ363094,HCV,3a,100.0
DQ363092,HCV,3a,100.0
DQ363110,HCV,3a,100.0
KT873138,HCV,1b,100.0
DQ363112,HCV,3a,100.0
DQ363113,HCV,3a,100.0
DQ363114,HCV,3a,100.0
DQ363116,HCV,3a,100.0
DQ363117,HCV,3a,100.0
DQ363118,HCV,3a,100.0
DQ363098,HCV,3a,100.0
AF516368,HCV,3a,100.0
AF516372,HCV,3a,100.0
AF516373,HCV,3a,100.0
AF516371,HCV,3a,100.0
AF516376,HCV,3a,100.0
AF516383,HCV,1a,100.0
AF516386,HCV,1a,100.0
AF516382,HCV,1a,100.0
AF516388,HCV,1a,100.0
AF516387,HCV,1a,100.0
AF516389,HCV,1a,100.0
AF516391,HCV,1a,100.0
AF516392,HCV,1a,100.0
AF516378,HCV,3a,100.0
AF516393,HCV,1a,100.0
AF516394,HCV,1a,100.0
AY100024,HCV,3a,100.0
AF516395,HCV,1a,100.0
DQ363111,HCV,3a,100.0
DQ363089,HCV,3a,100.0
AY100026,HCV,3a,100.0
AY100027,HCV,3a,100.0
AY100030,HCV,3a,100.0
AY100029,HCV,3a,100.0
DQ363093,HCV,3a,100.0
DQ363095,HCV,3a,100.0
DQ363096,HCV,3a,100.0
AY100039,HCV,3a,100.0
AY100043,HCV,3a,100.0
AY100042,HCV,3a,100.0
AF516370,HCV,3a,100.0
DQ363121,HCV,3a,100.0
AY100025,HCV,3a,100.0
AY100031,HCV,3a,100.0
AY100038,HCV,3a,100.0
DQ363097,HCV,3a,100.0
AY100046,HCV,3a,100.0
AY100045,HCV,3a,100.0
AY100047,HCV,3a,100.0
DQ363101,HCV,3a,100.0
AY100050,HCV,3a,100.0
AY100103,HCV,3a,100.0
AY100059,HCV,3a,100.0
AY100062,HCV,3a,100.0
AY100061,HCV,3a,100.0
AY100060,HCV,3a,100.0
AY100044,HCV,3a,100.0
AY100063,HCV,3a,100.0
AY100065,HCV,3a,100.0
AY100066,HCV,3a,100.0
AY100069,HCV,3a,100.0
AY100079,HCV,3a,100.0
AY100055,HCV,3a,100.0
AY100082,HCV,3a,100.0
AY100083,HCV,3a,100.0
AY100081,HCV,3a,100.0
AY100080,HCV,3a,100.0
AY100085,HCV,3a,100.0
AY100084,HCV,3a,100.0
AY100086,HCV,3a,100.0
AY100068,HCV,3a,100.0
AY100067,HCV,3a,100.0
AY100064,HCV,3a,100.0
AY100070,HCV,3a,100.0
AY100071,HCV,3a,100.0
AY100073,HCV,3a,100.0
AY100074,HCV,3a,100.0
AY100076,HCV,3a,100.0
AY100078,HCV,3a,100.0
AY100087,HCV,3a,100.0
AY100088,HCV,3a,100.0
AY100089,HCV,3a,100.0
AY100072,HCV,3a,100.0
AY100090,HCV,3a,100.0
AY100091,HCV,3a,100.0
AY100092,HCV,3a,100.0
AY100093,HCV,3a,100.0
AY100095,HCV,3a,100.0
AY100094,HCV,3a,100.0
AY100116,HCV,1a,100.0
AY100114,HCV,1a,100.0
AY100111,HCV,3a,100.0
AY100118,HCV,1a,100.0
AY100123,HCV,1a,100.0
AY100129,HCV,1a,100.0
AY100130,HCV,1a,100.0
AY100133,HCV,1a,100.0
AY100134,HCV,1a,100.0
AY100132,HCV,1a,100.0
AY100135,HCV,1a,100.0
AY100122,HCV,1a,100.0
AY100150,HCV,1a,100.0
AY100153,HCV,1a,100.0
AY100140,HCV,1a,100.0
AY100139,HCV,1a,100.0
AY100156,HCV,1a,100.0
AY100157,HCV,1a,100.0
AY100158,HCV,1a,100.0
AY100161,HCV,1a,100.0
AY100162,HCV,1a,100.0
AY100163,HCV,1a,100.0
AY100164,HCV,1a,100.0
AY100167,HCV,1a,100.0
AY100166,HCV,1a,100.0
AY100177,HCV,1a,100.0
AY100175,HCV,1a,100.0
AY100178,HCV,1a,100.0
AY100179,HCV,1a,100.0
AY100180,HCV,1a,100.0
AY100181,HCV,1a,100.0
AY100184,HCV,1a,100.0
AY100183,HCV,1a,100.0
AY100174,HCV,1a,100.0
OR096898,HCV,1b,100.0
OR096899,HCV,1b,100.0
OR096900,HCV,1b,100.0
OR096901,HCV,1b,100.0
OR096902,HCV,1b,100.0
OR096911,HCV,1b,100.0
AY100151,HCV,1a,100.0
OR096914,HCV,3a,100.0
OR096916,HCV,2a,100.0
OR096919,HCV,1b,100.0
OR096918,HCV,1b,100.0
OR096917,HCV,1b,100.0
OR096922,HCV,1b,100.0
OR096924,HCV,1b,100.0
OR096925,HCV,2a,100.0
OR096927,HCV,2a,100.0
OR096926,HCV,1b,100.0
OR096921,HCV,2a,100.0
OR096910,HCV,1b,100.0
OR096928,HCV,2a,100.0
OR096929,HCV,1b,100.0
OR096923,HCV,2a,100.0
OR096939,HCV,1b,100.0
OR096940,HCV,3a,100.0
OR096941,HCV,1b,100.0
OR096942,HCV,3a,100.0
OR096920,HCV,1b,100.0
OR096975,HCV,1b,100.0
OR096969,HCV,1b,100.0
OR096999,HCV,1b,100.0
OR097006,HCV,3b,100.0
OR097010,HCV,1b,100.0
OR097003,HCV,1b,100.0
OR097011,HCV,1b,100.0
OR097008,HCV,1b,100.0
OR097021,HCV,1b,100.0
OR097017,HCV,1b,100.0
OR097019,HCV,3b,100.0
OR097022,HCV,3b,100.0
OR097002,HCV,3b,100.0
OR097032,HCV,3b,100.0
OR097036,HCV,1b,100.0
OR097027,HCV,3a,100.0
OR097037,HCV,3a,100.0
OR097035,HCV,1b,100.0
OR097040,HCV,3a,100.0
OR097020,HCV,3b,100.0
OR097041,HCV,1a,100.0
OR097013,HCV,1b,100.0
OR097038,HCV,3b,100.0
OR097050,HCV,3b,100.0
OR097052,HCV,1b,100.0
OR097053,HCV,1b,100.0
OR097055,HCV,6a,100.0
OR097058,HCV,3b,100.0
OR097060,HCV,1b,100.0
OR097063,HCV,1b,100.0
OR097054,HCV,1b,100.0
OR097064,HCV,2a,100.0
OR097059,HCV,3a,100.0
OR097073,HCV,3a,100.0
OR097056,HCV,3b,100.0
OR097075,HCV,1b,100.0
OR097082,HCV,1b,100.0
OR097084,HCV,1b,100.0
OR097079,HCV,3a,100.0
OR097085,HCV,3a,100.0
OR097087,HCV,1b,100.0
OR097091,HCV,1b,100.0
OR097074,HCV,3a,100.0
OR097096,HCV,3a,100.0
OR097098,HCV,3a,100.0
OR097095,HCV,3b,100.0
OR097097,HCV,2a,100.0
OR097076,HCV,1b,100.0
OR097093,HCV,1b,100.0
OR097094,HCV,3a,100.0
OR097111,HCV,2a,100.0
OR097113,HCV,1b,100.0
OR097107,HCV,1b,100.0
OR097116,HCV,1b,100.0
OR097114,HCV,2a,100.0
OR097117,HCV,1b,100.0
OR097120,HCV,3a,100.0
OR097119,HCV,1b,100.0
OR097099,HCV,6xa,100.0
OR097118,HCV,3b,100.0
OR097092,HCV,3a,100.0
OR097122,HCV,3a,100.0
OR097105,HCV,1b,100.0
OR097124,HCV,1b,100.0
OR097144,HCV,1b,100.0
OR097143,HCV,3b,100.0
OR097150,HCV,6xa,100.0
OR097153,HCV,2a,100.0
OR097146,HCV,1b,100.0
OR097171,HCV,3a,100.0
OR097170,HCV,1b,100.0
OR097154,HCV,1b,100.0
OR097174,HCV,1b,100.0
OR097175,HCV,3a,100.0
OR097173,HCV,1b,100.0
OR097176,HCV,2a,100.0
OR097179,HCV,1b,100.0
OR097185,HCV,6xa,100.0
OR097187,HCV,1b,100.0
OR097191,HCV,1b,100.0
OR097165,HCV,3b,100.0
OR097195,HCV,3b,100.0
OR097193,HCV,3b,100.0
OR097196,HCV,3b,100.0
OR097168,HCV,3a,100.0
OR097194,HCV,3b,100.0
AY100138,HCV,1a,100.0
AY100141,HCV,1a,100.0
AY100143,HCV,1a,100.0
AY100144,HCV,1a,100.0
AY100145,HCV,1a,100.0
AY100146,HCV,1a,100.0
AY100142,HCV,1a,100.0
AY100149,HCV,1a,100.0
AY100171,HCV,1a,100.0
AY100152,HCV,1a,100.0
AY100159,HCV,1a,100.0
AY100172,HCV,1a,100.0
AY100173,HCV,1a,100.0
AY100154,HCV,1a,100.0
AY100185,HCV,1a,100.0
AY100188,HCV,1a,100.0
AY100189,HCV,1a,100.0
AY100190,HCV,1a,100.0
AY100187,HCV,1a,100.0
AY100193,HCV,1a,100.0
OR096905,HCV,2a,100.0
OR096906,HCV,2a,100.0
OR096909,HCV,1b,100.0
OR096908,HCV,1b,100.0
AY100192,HCV,1a,100.0
AY100165,HCV,1a,100.0
OR096912,HCV,1b,100.0
OR096949,HCV,3b,100.0
OR096954,HCV,3b,100.0
OR096955,HCV,3b,100.0
OR096947,HCV,3a,100.0
OR096943,HCV,3a,100.0
OR096956,HCV,6a,100.0
OR096953,HCV,3b,100.0
OR096945,HCV,3b,100.0
OR096959,HCV,1b,100.0
OR096960,HCV,1a,100.0
OR096962,HCV,3b,100.0
OR096963,HCV,1b,100.0
OR096970,HCV,6a,100.0
OR096971,HCV,1b,100.0
OR096972,HCV,1b,100.0
OR096983,HCV,1b,100.0
OR096984,HCV,1b,100.0
OR096998,HCV,2a,100.0
OR096994,HCV,3b,100.0
OR097000,HCV,2a,100.0
OR096978,HCV,1b,100.0
OR097001,HCV,2a,100.0
OR096986,HCV,3a,100.0
OR097004,HCV,3a,100.0
OR097005,HCV,6a,100.0
OR097007,HCV,3b,100.0
OR097014,HCV,6a,100.0
OR097025,HCV,1b,100.0
OR097026,HCV,1b,100.0
OR096989,HCV,3b,100.0
OR097028,HCV,3a,100.0
OR097029,HCV,1b,100.0
OR097030,HCV,3b,100.0
OR096985,HCV,1b,100.0
OR097034,HCV,1b,100.0
OR097042,HCV,3b,100.0
OR097044,HCV,3a,100.0
OR097045,HCV,1b,100.0
OR097048,HCV,3a,100.0
OR097047,HCV,3b,100.0
OR097033,HCV,3a,100.0
OR097065,HCV,3b,100.0
OR097049,HCV,3a,100.0
OR097061,HCV,1b,100.0
OR097066,HCV,1b,100.0
OR097067,HCV,1b,100.0
OR097070,HCV,1b,100.0
OR097069,HCV,3a,100.0
OR097071,HCV,6xa,100.0
OR097102,HCV,1b,100.0
OR097081,HCV,1b,100.0
OR097106,HCV,3a,100.0
OR097108,HCV,3b,100.0
OR097104,HCV,1b,100.0
OR097103,HCV,3a,100.0
OR097109,HCV,1b,100.0
OR097083,HCV,3b,100.0
OR097133,HCV,6xa,100.0
OR097136,HCV,3a,100.0
OR097131,HCV,1b,100.0
OR097134,HCV,6xa,100.0
OR097138,HCV,1b,100.0
OR097115,HCV,3a,100.0
OR097139,HCV,6xa,100.0
OR097121,HCV,3b,100.0
OR097159,HCV,3a,100.0
OR097161,HCV,3b,100.0
OR097155,HCV,1b,100.0
OR097163,HCV,3a,100.0
OR097162,HCV,3b,100.0
OR097177,HCV,1b,100.0
OR097181,HCV,3a,100.0
OR097152,HCV,3a,100.0
OR097151,HCV,3b,100.0
OR097182,HCV,1b,100.0
OR097198,HCV,3a,100.0
OR097190,HCV,1b,100.0
OR097199,HCV,2a,100.0
OR097200,HCV,3b,100.0
OR097201,HCV,3b,100.0
OR097202,HCV,3b,100.0
OR097203,HCV,3b,100.0
OR097189,HCV,3a,100.0
OR097213,HCV,1b,100.0
OR097227,HCV,1a,100.0
OR097228,HCV,1b,100.0
OR097229,HCV,3a,100.0
OR097205,HCV,3b,100.0
OR097224,HCV,2a,100.0
OR097230,HCV,3b,100.0
OR097233,HCV,1b,100.0
OR097252,HCV,3b,100.0
OR097255,HCV,6xa,100.0
OR097257,HCV,1a,100.0
OR097258,HCV,1b,100.0
OR097260,HCV,3b,100.0
OR097256,HCV,1b,100.0
OR097259,HCV,3a,100.0
OR097261,HCV,3a,100.0
OR902100,HCV,2c,100.0
OR902105,HCV,2k,93.0
OR902104,HCV,2k,78.0
FJ872247,HCV,2a,100.0
OR902098,HCV,2j,100.0
FJ872250,HCV,2c,100.0
OR902102,HCV,2j,100.0
FJ872262,HCV,2a,100.0
OR902099,HCV,2j,100.0
FJ872264,HCV,2k,100.0
FJ872249,HCV,2b,100.0
FJ872257,HCV,2k,100.0
FJ872260,HCV,2i,100.0
FJ872272,HCV,3a,100.0
FJ872277,HCV,3a,100.0
FJ872281,HCV,3a,100.0
FJ872289,HCV,3a,100.0
FJ872275,HCV,3a,100.0
FJ872284,HCV,3a,100.0
FJ872300,HCV,4a,100.0
FJ872297,HCV,4a,100.0
OR097207,HCV,3b,100.0
OR097208,HCV,3a,100.0
OR097210,HCV,3a,100.0
OR097211,HCV,3a,100.0
OR097209,HCV,3b,100.0
OR097218,HCV,1b,100.0
OR097219,HCV,3a,100.0
OR097197,HCV,2a,100.0
OR097221,HCV,1b,100.0
OR097172,HCV,6xa,100.0
OR097223,HCV,3b,100.0
OR097225,HCV,3b,100.0
OR097215,HCV,2a,100.0
OR097237,HCV,1b,100.0
OR097236,HCV,3a,100.0
OR097238,HCV,1b,100.0
OR097188,HCV,1b,100.0
OR097240,HCV,1b,100.0
OR097235,HCV,3b,100.0
OR097242,HCV,6xa,100.0
OR097245,HCV,6xa,100.0
OR097232,HCV,1b,100.0
OR097241,HCV,3a,100.0
OR097248,HCV,6a,100.0
OR097244,HCV,1b,100.0
OR097239,HCV,1a,100.0
OR097250,HCV,6xa,100.0
OR097266,HCV,1b,100.0
OR097265,HCV,1b,100.0
OR097271,HCV,6xa,100.0
OR097278,HCV,3a,100.0
OR097277,HCV,6xa,100.0
OR097273,HCV,1b,100.0
OR097282,HCV,3a,100.0
OR097281,HCV,1b,100.0
OR097284,HCV,1a,100.0
OR097262,HCV,1b,100.0
OR097285,HCV,3b,100.0
OR097286,HCV,6n,100.0
OR097280,HCV,3a,100.0
OR097274,HCV,3b,100.0
OR097288,HCV,6xa,100.0
OR097287,HCV,6a,100.0
OR097293,HCV,3b,100.0
OR097291,HCV,6a,100.0
OR097294,HCV,3a,100.0
OR097292,HCV,3b,100.0
OR902097,HCV,2q,90.0
OR902096,HCV,2q,56.0
OR902095,HCV,2q,82.0
FJ872251,HCV,2c,100.0
FJ872248,HCV,2a,100.0
FJ872253,HCV,2c,100.0
FJ872252,HCV,2c,100.0
OR902103,HCV,2j,99.0
FJ872255,HCV,2k,100.0
OR097290,HCV,6xa,100.0
FJ872254,HCV,2k,100.0
FJ872258,HCV,2k,100.0
FJ872261,HCV,2i,100.0
FJ872259,HCV,2i,100.0
FJ872269,HCV,2b,100.0
FJ872263,HCV,2c,100.0
FJ872265,HCV,2a,100.0
FJ872266,HCV,2a,100.0
FJ872274,HCV,3a,100.0
FJ872273,HCV,3a,100.0
FJ872270,HCV,2a,50.0
FJ872271,HCV,2b,100.0
FJ872267,HCV,2a,100.0
FJ872278,HCV,3a,100.0
FJ872280,HCV,3a,100.0
FJ872268,HCV,2a,70.0
FJ872276,HCV,3a,100.0
FJ872287,HCV,3a,100.0
FJ872282,HCV,3a,100.0
FJ872286,HCV,3a,100.0
FJ872294,HCV,3a,100.0
FJ872291,HCV,3a,100.0
FJ872279,HCV,3a,100.0
FJ872285,HCV,3a,100.0
FJ872290,HCV,3a,100.0
FJ872283,HCV,3a,100.0
FJ872288,HCV,3a,100.0
FJ872298,HCV,4a,100.0
FJ872293,HCV,3a,100.0
FJ872302,HCV,4a,100.0
FJ872296,HCV,3a,100.0
FJ872292,HCV,3a,100.0
FJ872308,HCV,4a,100.0
FJ872299,HCV,4a,100.0
FJ872307,HCV,4k,100.0
FJ872301,HCV,4a,100.0
FJ872310,HCV,4a,100.0
FJ872315,HCV,4d,100.0
FJ872304,HCV,4d,100.0
FJ872306,HCV,4d,100.0
FJ872324,HCV,4d,100.0
FJ872322,HCV,4d,100.0
FJ872325,HCV,4d,100.0
FJ872326,HCV,4a,100.0
FJ872312,HCV,4a,100.0
FJ872328,HCV,1a,100.0
FJ872327,HCV,4d,100.0
FJ872333,HCV,1b,100.0
FJ872332,HCV,1a,100.0
FJ872338,HCV,1a,100.0
FJ872337,HCV,1b,100.0
FJ872339,HCV,1a,100.0
FJ872331,HCV,1a,100.0
FJ872334,HCV,1b,100.0
FJ872342,HCV,1b,100.0
FJ872350,HCV,1b,100.0
FJ872354,HCV,1b,100.0
FJ872346,HCV,1a,100.0
FJ872345,HCV,1a,100.0
FJ872347,HCV,1a,100.0
FJ872360,HCV,5a,100.0
FJ872358,HCV,5a,100.0
FJ872356,HCV,5a,100.0
FJ872369,HCV,5a,100.0
FJ872344,HCV,1b,100.0
JX437196,HCV,1a,100.0
JX437195,HCV,1a,100.0
JX437198,HCV,1a,100.0
JX437200,HCV,1a,100.0
JX437201,HCV,1b,100.0
FJ872359,HCV,5a,100.0
JX437209,HCV,1b,100.0
JX437213,HCV,1a,100.0
JX437212,HCV,1a,100.0
JX437218,HCV,1a,100.0
JX437226,HCV,1a,100.0
JX437225,HCV,1a,100.0
JX437215,HCV,1a,100.0
JX437221,HCV,1a,100.0
JX437222,HCV,1b,100.0
FJ872368,HCV,5a,100.0
JX437231,HCV,1a,100.0
JX437216,HCV,1b,100.0
JX437235,HCV,1b,100.0
JX437224,HCV,1a,100.0
JX437220,HCV,1a,100.0
JX437217,HCV,1a,100.0
JX437247,HCV,1b,100.0
JX437248,HCV,1a,100.0
JX437249,HCV,1a,100.0
JX437257,HCV,1a,100.0
JX437243,HCV,1a,100.0
JX437260,HCV,1a,100.0
JX437263,HCV,1a,100.0
JX437261,HCV,1a,100.0
JX437253,HCV,1a,100.0
JX437267,HCV,1b,100.0
JX437268,HCV,1a,100.0
JX437269,HCV,1a,100.0
JX437270,HCV,1a,100.0
JX437259,HCV,1a,100.0
JX437246,HCV,1a,100.0
JX437274,HCV,1a,100.0
JX437265,HCV,1a,100.0
JX437271,HCV,1a,100.0
JX437276,HCV,1b,100.0
JN377749,HCV,1b,100.0
JN377750,HCV,1b,100.0
FJ872305,HCV,4d,100.0
FJ872303,HCV,4a,100.0
FJ872311,HCV,4a,100.0
FJ872295,HCV,3a,100.0
FJ872316,HCV,4d,100.0
FJ872313,HCV,4a,100.0
FJ872318,HCV,4d,100.0
FJ872330,HCV,1a,100.0
FJ872329,HCV,1a,100.0
FJ872335,HCV,1b,100.0
FJ872323,HCV,4d,100.0
FJ872314,HCV,4d,100.0
FJ872340,HCV,1a,100.0
FJ872336,HCV,1b,100.0
FJ872348,HCV,1a,100.0
FJ872343,HCV,1a,100.0
FJ872341,HCV,1b,100.0
FJ872352,HCV,1b,100.0
FJ872355,HCV,1h,100.0
FJ872351,HCV,1b,100.0
FJ872353,HCV,1a,100.0
FJ872349,HCV,1a,100.0
FJ872362,HCV,5a,100.0
FJ872364,HCV,5a,100.0
FJ872365,HCV,5a,100.0
FJ872367,HCV,5a,100.0
JX437199,HCV,1a,100.0
JX437202,HCV,1a,100.0
JX437204,HCV,1a,100.0
FJ872363,HCV,5a,100.0
JX437205,HCV,1a,100.0
JX437206,HCV,1a,100.0
JX437207,HCV,1a,100.0
FJ872366,HCV,5a,100.0
JX437208,HCV,1a,100.0
JX437210,HCV,1b,100.0
FJ872370,HCV,5a,100.0
JX437197,HCV,1a,100.0
JX437214,HCV,1a,100.0
JX437211,HCV,1a,100.0
JX437219,HCV,1b,100.0
JX437229,HCV,1a,100.0
JX437227,HCV,1a,100.0
JX437232,HCV,1a,100.0
JX437233,HCV,1a,100.0
JX437223,HCV,1a,100.0
JX437230,HCV,1a,100.0
JX437238,HCV,1b,100.0
JX437239,HCV,1b,100.0
JX437244,HCV,1a,100.0
JX437242,HCV,1a,100.0
JX437275,HCV,1a,100.0
JX437279,HCV,1a,100.0
JN377747,HCV,1b,100.0
JN377748,HCV,1b,100.0
JX437251,HCV,1a,100.0
JX437280,HCV,1a,100.0
JN377752,HCV,1b,100.0
KT873070,HCV,1a,100.0
KT873079,HCV,1b,100.0
KT873092,HCV,1b,100.0
KT873090,HCV,1b,100.0
KT873088,HCV,1b,100.0
KT873118,HCV,1b,100.0
KT873074,HCV,1b,100.0
KT873121,HCV,1a,100.0
KT873065,HCV,1b,100.0
KT873076,HCV,1b,100.0
KT873098,HCV,1b,100.0
KT873111,HCV,1b,100.0
KT873096,HCV,1b,100.0
DQ363041,HCV,1a,100.0
KT873134,HCV,1b,100.0
KT873126,HCV,1b,100.0
JN377753,HCV,1b,100.0
JX437278,HCV,1a,100.0
KT873082,HCV,1b,100.0
KT873067,HCV,1b,100.0
KT873081,HCV,1b,100.0
KT873087,HCV,1a,100.0
KT873073,HCV,1b,100.0
KT873091,HCV,1b,100.0
KT873093,HCV,1b,100.0
JN377751,HCV,1b,100.0
KT873101,HCV,1b,100.0
KT873099,HCV,1b,100.0
KT873100,HCV,1b,100.0
KT873094,HCV,1b,100.0
KT873109,HCV,1b,100.0
KT873115,HCV,1b,100.0
KT873116,HCV,1b,100.0
KT873120,HCV,1b,100.0
KT873119,HCV,1b,100.0
KT873089,HCV,1b,100.0
KT873122,HCV,1b,100.0
KT873110,HCV,1b,100.0
KT873128,HCV,1b,100.0
KT873129,HCV,1b,100.0
KT873130,HCV,1a,100.0
DQ363060,HCV,1a,100.0
DQ363061,HCV,1a,100.0
DQ363071,HCV,1a,100.0
DQ363065,HCV,1a,100.0
DQ363076,HCV,1a,100.0
DQ363077,HCV,1a,100.0
DQ363072,HCV,1a,100.0
DQ363074,HCV,1a,100.0
DQ363075,HCV,1a,100.0
DQ363079,HCV,1a,100.0
DQ363078,HCV,1a,100.0
KT873133,HCV,1b,100.0
DQ363083,HCV,1a,100.0
DQ363084,HCV,3a,100.0
DQ363085,HCV,3a,100.0
DQ363066,HCV,1a,100.0
DQ363102,HCV,3a,100.0
DQ363099,HCV,3a,100.0
DQ363104,HCV,3a,100.0
DQ363106,HCV,3a,100.0
DQ363109,HCV,3a,100.0
DQ363120,HCV,3a,100.0
DQ363115,HCV,3a,100.0
DQ363119,HCV,3a,100.0
DQ363122,HCV,3a,100.0
DQ363123,HCV,3a,100.0
DQ363124,HCV,3a,100.0
DQ363125,HCV,3a,100.0
DQ363128,HCV,3a,100.0
DQ363129,HCV,3a,100.0
DQ363126,HCV,3a,100.0
AF516374,HCV,3a,100.0
AF516377,HCV,3a,100.0
AF516375,HCV,3a,100.0
AF516380,HCV,3a,100.0
AF516381,HCV,3a,100.0
AF516379,HCV,3a,100.0
AF516384,HCV,1a,100.0
AF516385,HCV,1a,100.0
AY100032,HCV,3a,100.0
AY100033,HCV,3a,100.0
AY100028,HCV,3a,100.0
AY100036,HCV,3a,100.0
AY100035,HCV,3a,100.0
AY100037,HCV,3a,100.0
AY100040,HCV,3a,100.0
AY100041,HCV,3a,100.0
AY100048,HCV,3a,100.0
AY100052,HCV,3a,100.0
AY100049,HCV,3a,100.0
AY100051,HCV,3a,100.0
AY100054,HCV,3a,100.0
AY100053,HCV,3a,100.0
AY100058,HCV,3a,100.0
AY100096,HCV,3a,100.0
AY100099,HCV,3a,100.0
AY100098,HCV,3a,100.0
AY100077,HCV,3a,100.0
AY100104,HCV,3a,100.0
AY100097,HCV,3a,100.0
AY100102,HCV,3a,100.0
AY100105,HCV,3a,100.0
AY100075,HCV,3a,100.0
AY100101,HCV,3a,100.0
AY100109,HCV,3a,100.0
AY100110,HCV,3a,100.0
AY100057,HCV,3a,100.0
AY100113,HCV,3a,100.0
AY100112,HCV,3a,100.0
AY100117,HCV,1a,100.0
AY100119,HCV,1a,100.0
AY100120,HCV,1a,100.0
AY100121,HCV,1a,100.0
AY100136,HCV,1a,100.0
AY100137,HCV,1a,100.0
AY100147,HCV,1a,100.0
AY100148,HCV,1a,100.0
AY100155,HCV,1a,100.0
AY100160,HCV,1a,100.0
AY100168,HCV,1a,100.0
AY100169,HCV,1a,100.0
AY100124,HCV,1a,100.0
AY100176,HCV,1a,100.0
AY100182,HCV,1a,100.0
AY100170,HCV,1a,100.0
OR096896,HCV,2a,100.0
OR096897,HCV,6a,100.0
OR096904,HCV,1b,100.0
OR096903,HCV,1b,100.0
OR096907,HCV,2a,100.0
OR096913,HCV,1b,100.0
AY100191,HCV,1a,100.0
OR096915,HCV,1b,100.0
OR096930,HCV,2a,100.0
AY100186,HCV,1a,100.0
OR096931,HCV,1b,100.0
OR096934,HCV,1b,100.0
OR096933,HCV,2a,100.0
OR096936,HCV,1b,100.0
OR096935,HCV,2a,100.0
OR096938,HCV,3b,100.0
OR096932,HCV,1b,100.0
OR096937,HCV,1b,100.0
OR096944,HCV,3b,100.0
OR096951,HCV,1b,100.0
OR096950,HCV,1b,100.0
OR096948,HCV,1b,100.0
OR096952,HCV,2a,100.0
OR096958,HCV,2a,100.0
OR096964,HCV,1b,100.0
OR096966,HCV,3b,100.0
OR096967,HCV,3a,100.0
OR096965,HCV,3b,100.0
OR096974,HCV,1b,100.0
OR096973,HCV,1b,100.0
OR096961,HCV,1b,100.0
OR096946,HCV,3b,100.0
OR096968,HCV,1b,100.0
OR096976,HCV,3a,100.0
OR096977,HCV,1b,100.0
OR096957,HCV,1b,100.0
OR096980,HCV,1b,100.0
OR096979,HCV,3b,100.0
OR096981,HCV,6a,100.0
OR096982,HCV,1b,100.0
OR096990,HCV,1b,100.0
OR096991,HCV,1b,100.0
OR096993,HCV,1b,100.0
OR096987,HCV,3a,100.0
OR096997,HCV,1b,100.0
OR096995,HCV,1b,100.0
OR096992,HCV,3a,100.0
OR096996,HCV,1b,100.0
OR097012,HCV,1b,100.0
OR096988,HCV,2a,100.0
OR097009,HCV,3b,100.0
KT873137,HCV,1b,100.0
KT873136,HCV,1b,100.0
KT873139,HCV,1b,100.0
DQ363047,HCV,1a,100.0
DQ363049,HCV,1a,100.0
OR097015,HCV,3b,100.0
OR097016,HCV,2a,100.0
OR097018,HCV,1b,100.0
OR097024,HCV,1b,100.0
OR097031,HCV,3a,100.0
OR097023,HCV,1b,100.0
OR097068,HCV,6a,100.0
OR097072,HCV,2a,100.0
OR097062,HCV,1b,100.0
OR097080,HCV,3a,100.0
OR097086,HCV,6a,100.0
OR097088,HCV,3a,100.0
OR097078,HCV,1b,100.0
OR097090,HCV,3b,100.0
OR097089,HCV,3a,100.0
OR097101,HCV,1b,100.0
OR097077,HCV,1b,100.0
OR097112,HCV,6xa,100.0
OR097110,HCV,6a,100.0
OR097125,HCV,1b,100.0
OR097127,HCV,3b,100.0
OR097129,HCV,1b,100.0
OR097100,HCV,1b,100.0
OR097135,HCV,6xa,100.0
OR097140,HCV,3a,100.0
OR097141,HCV,1b,100.0
OR097149,HCV,1b,100.0
OR097156,HCV,3a,100.0
OR097160,HCV,1b,100.0
OR097158,HCV,1b,100.0
OR097164,HCV,1b,100.0
OR097157,HCV,3b,100.0
OR097166,HCV,3b,100.0
OR097167,HCV,1b,100.0
OR097169,HCV,1b,100.0
OR097148,HCV,3b,100.0
OR097180,HCV,3b,100.0
OR097184,HCV,3a,100.0
OR097183,HCV,1b,100.0
OR097178,HCV,3a,100.0
OR097186,HCV,1b,100.0
OR097204,HCV,3b,100.0
OR097206,HCV,3b,100.0
OR097212,HCV,3b,100.0
OR097214,HCV,1b,100.0
OR097216,HCV,1b,100.0
OR097220,HCV,"unassigned_1, 2a-6v",NA
OR097226,HCV,3a,100.0
OR097222,HCV,2a,100.0
OR097234,HCV,1b,100.0
OR097217,HCV,1b,100.0
OR097231,HCV,1b,100.0
OR097192,HCV,1b,100.0
OR097249,HCV,1b,100.0
OR097253,HCV,1b,100.0
OR097254,HCV,1b,100.0
OR097243,HCV,3b,100.0
OR097264,HCV,3a,100.0
OR097246,HCV,3a,100.0
OR097267,HCV,3b,100.0
OR097268,HCV,3a,100.0
OR097263,HCV,1b,100.0
OR097269,HCV,3b,100.0
OR097247,HCV,3a,100.0
OR097270,HCV,1b,100.0
OR097251,HCV,1b,100.0
OR902101,HCV,2c,100.0
FJ872256,HCV,2k,100.0
FJ872320,HCV,4a,100.0
FJ872319,HCV,4a,100.0
FJ872309,HCV,4a,100.0
FJ872317,HCV,4d,100.0
FJ872321,HCV,4a,100.0
FJ872357,HCV,5a,100.0
FJ872361,HCV,5a,100.0
JX437203,HCV,1a,100.0
JX437228,HCV,1a,100.0
JX437236,HCV,1a,100.0
JX437237,HCV,1a,100.0
JX437250,HCV,1b,100.0
JX437245,HCV,1a,100.0
JX437234,HCV,1b,100.0
JX437241,HCV,1a,100.0
JX437254,HCV,1a,100.0
JX437255,HCV,1a,100.0
JX437256,HCV,1b,100.0
JX437252,HCV,1a,100.0
JX437240,HCV,1b,100.0
JX437264,HCV,1a,100.0
JX437266,HCV,1a,100.0
JX437258,HCV,1a,100.0
JX437273,HCV,1a,100.0
JX437272,HCV,1a,100.0
JX437262,HCV,1a,100.0
JX437277,HCV,1a,100.0
JX437281,HCV,1b,100.0
KT873068,HCV,1b,100.0
KT873069,HCV,1a,100.0
KT873072,HCV,1b,100.0
KT873080,HCV,1b,100.0
KT873102,HCV,1a,100.0
KT873071,HCV,1b,100.0
KT873107,HCV,1a,100.0
KT873108,HCV,1a,100.0
KT873127,HCV,1b,100.0
KT873117,HCV,1b,100.0
KT873062,HCV,1b,100.0
KT873060,HCV,1a,100.0
AY100100,HCV,3a,100.0
AY100106,HCV,3a,100.0
AY100056,HCV,3a,100.0
AY100108,HCV,3a,100.0
KR108464,HCV,3a,100.0
KR108466,HCV,3a,100.0
KR108467,HCV,3a,100.0
KR108469,HCV,3a,100.0
KR108468,HCV,3a,100.0
KR108471,HCV,3a,100.0
KR108472,HCV,3a,100.0
KR108473,HCV,3a,100.0
KR108474,HCV,3a,100.0
KR108475,HCV,3a,100.0
KR108477,HCV,3a,100.0
KR108476,HCV,3a,100.0
KR108478,HCV,3a,100.0
KR108479,HCV,3a,100.0
KR108481,HCV,3a,100.0
KR108482,HCV,3a,100.0
KR108483,HCV,3b,100.0
KR108484,HCV,3b,100.0
KR108485,HCV,3b,100.0
KR108487,HCV,3b,100.0
KR108486,HCV,3b,100.0
KR108489,HCV,3b,100.0
KR108488,HCV,3b,100.0
KR108492,HCV,3b,100.0
KR108491,HCV,3b,100.0
KR108494,HCV,3b,100.0
KR108496,HCV,6n,100.0
KR108495,HCV,3b,100.0
KR108497,HCV,6n,100.0
EU155214,HCV,1a,100.0
EU155213,HCV,1a,100.0
EU155217,HCV,1b,100.0
EU155219,HCV,1b,100.0
EU155223,HCV,1b,100.0
EU155220,HCV,1b,100.0
EU155227,HCV,1b,100.0
EU155218,HCV,1b,100.0
EU155215,HCV,1a,100.0
EU155226,HCV,1b,100.0
EU155245,HCV,1a,100.0
EU155354,HCV,1a,100.0
EU256001,HCV,1b,100.0
EU256002,HCV,1a,100.0
EU256005,HCV,1a,100.0
EU256004,HCV,1a,100.0
EU256008,HCV,1a,100.0
EU256007,HCV,1a,100.0
EU256010,HCV,1a,100.0
EU256014,HCV,1a,100.0
EU256006,HCV,1a,100.0
EU256017,HCV,1a,100.0
EU256011,HCV,1a,100.0
EU256013,HCV,1a,100.0
EU256018,HCV,1a,100.0
EU256016,HCV,1a,100.0
EU256020,HCV,1a,100.0
EU256019,HCV,1a,100.0
EU256022,HCV,1a,100.0
EU256021,HCV,1a,100.0
EU256015,HCV,1a,100.0
EU256026,HCV,1a,100.0
EU256028,HCV,1a,100.0
EU256029,HCV,1a,100.0
EU256032,HCV,1a,100.0
EU256031,HCV,1a,100.0
EU256025,HCV,1a,100.0
EU256034,HCV,1a,100.0
EU256027,HCV,1a,100.0
EU256033,HCV,1a,100.0
EU256037,HCV,1a,100.0
EU256040,HCV,1a,100.0
EU256035,HCV,1a,100.0
EU256036,HCV,1a,100.0
EU256041,HCV,1a,100.0
EU256043,HCV,1a,100.0
EU256046,HCV,1a,100.0
EU256044,HCV,1a,100.0
EU256039,HCV,1a,100.0
EU256049,HCV,1a,100.0
EU482841,HCV,1a,100.0
EU482840,HCV,1a,100.0
EU482843,HCV,1a,100.0
EU482845,HCV,1a,100.0
EU482842,HCV,1a,100.0
EU482844,HCV,1a,100.0
EU482847,HCV,1a,100.0
EU482846,HCV,1a,100.0
EU482849,HCV,1b,100.0
EU482848,HCV,1a,100.0
EU482850,HCV,1a,100.0
EU482852,HCV,1a,100.0
EU482854,HCV,1a,100.0
EU482853,HCV,1a,100.0
EU482856,HCV,1a,100.0
EU482857,HCV,1a,100.0
EU482855,HCV,1a,100.0
EU482858,HCV,1a,100.0
EU482859,HCV,1b,100.0
EU482861,HCV,1a,100.0
EU482860,HCV,1b,100.0
JN377759,HCV,1b,100.0
JN377764,HCV,1b,100.0
JN377763,HCV,1b,100.0
JN377765,HCV,1b,100.0
JN377769,HCV,1b,100.0
JN377760,HCV,1b,100.0
JN377772,HCV,1b,100.0
JN377761,HCV,1b,100.0
JN377773,HCV,1b,100.0
JN377775,HCV,1b,100.0
JN377778,HCV,1b,100.0
KY386878,HCV,1a,100.0
KY386877,HCV,1a,100.0
JN377770,HCV,1b,100.0
JN377781,HCV,1b,100.0
JN377768,HCV,1b,100.0
JN377780,HCV,1b,100.0
KY386881,HCV,1a,100.0
JN377762,HCV,1b,100.0
KY386882,HCV,1a,100.0
KY386891,HCV,1a,100.0
KY386887,HCV,4d,100.0
KY386889,HCV,1a,100.0
JN377776,HCV,1b,100.0
JF949897,HCV,1b,100.0
JN377767,HCV,1b,100.0
JF949898,HCV,1b,100.0
JF949899,HCV,1b,100.0
KY386886,HCV,1a,100.0
JF949901,HCV,1b,100.0
JN377754,HCV,1b,100.0
KM874784,HCV,1a,100.0
MK950001,HCV,4d,100.0
MK950002,HCV,4d,100.0
KM874785,HCV,3a,100.0
KY386888,HCV,4d,100.0
MK950004,HCV,4d,100.0
MK950005,HCV,4d,100.0
MK950006,HCV,4d,100.0
MK950020,HCV,4d,100.0
MK950019,HCV,4d,100.0
MK950018,HCV,4d,100.0
MK950021,HCV,4d,100.0
MK950017,HCV,4d,100.0
MK950022,HCV,4d,100.0
MK950023,HCV,4d,100.0
MK950024,HCV,4d,100.0
MK950003,HCV,4d,100.0
MK950026,HCV,4d,100.0
MK950025,HCV,4d,100.0
MK950029,HCV,4d,100.0
MK950031,HCV,4d,100.0
KM874786,HCV,1a,100.0
JN377774,HCV,1b,100.0
MK950035,HCV,4d,100.0
MK950034,HCV,4d,100.0
MK950042,HCV,4d,100.0
MK950040,HCV,4d,100.0
MK950043,HCV,4d,100.0
MK950027,HCV,4d,100.0
MK950045,HCV,4d,100.0
MK950046,HCV,4d,100.0
MK950048,HCV,4d,100.0
MK950047,HCV,4d,100.0
KY386885,HCV,1a,100.0
MK950050,HCV,4d,100.0
MK950052,HCV,4d,100.0
MK950053,HCV,4d,100.0
MK950079,HCV,4d,100.0
MK950082,HCV,4d,100.0
MK950061,HCV,4d,100.0
MK950098,HCV,4d,100.0
MK950096,HCV,4d,100.0
MK950099,HCV,4d,100.0
MK950109,HCV,4d,100.0
MK950102,HCV,4d,100.0
MK950097,HCV,4d,100.0
MK950113,HCV,4d,100.0
MK950117,HCV,4d,100.0
MK950112,HCV,4d,100.0
MK950116,HCV,4d,100.0
MK950089,HCV,4d,100.0
MK950111,HCV,4d,100.0
PX386753,HCV,3a,100.0
PX387027,HCV,3a,100.0
KR108391,HCV,1a,100.0
KR108392,HCV,1a,100.0
KR108402,HCV,1a,100.0
PX387029,HCV,1b,100.0
KR108401,HCV,1a,100.0
KR108403,HCV,1a,100.0
PX387024,HCV,1a,100.0
KR108404,HCV,1a,100.0
KR108406,HCV,1a,100.0
KR108412,HCV,1a,100.0
KR108411,HCV,1a,100.0
KR108413,HCV,1a,100.0
KR108414,HCV,1a,100.0
KR108415,HCV,1a,100.0
KR108416,HCV,1b,100.0
KR108418,HCV,1b,100.0
KR108420,HCV,1b,100.0
KR108422,HCV,1b,100.0
KR108424,HCV,1b,100.0
KR108425,HCV,1b,100.0
KR108423,HCV,1b,100.0
KR108426,HCV,1b,100.0
PX387032,HCV,1a,100.0
KR108427,HCV,1b,100.0
KR108428,HCV,3a,100.0
KR108431,HCV,3a,100.0
PX387031,HCV,3a,100.0
KR108432,HCV,3a,100.0
KR108441,HCV,3a,100.0
KR108442,HCV,3a,100.0
KR108443,HCV,3a,100.0
KR108447,HCV,3a,100.0
KR108450,HCV,3a,100.0
PX387037,HCV,1a,100.0
KR108453,HCV,3a,100.0
PX387033,HCV,1a,100.0
PX386782,HCV,1a,100.0
PX386783,HCV,1c,100.0
PX386773,HCV,3a,100.0
PX386777,HCV,1b,100.0
PX386779,HCV,1a,100.0
PX386786,HCV,1a,100.0
PX386781,HCV,3a,100.0
PX386771,HCV,3a,100.0
PX386788,HCV,1a,100.0
PX386790,HCV,1b,100.0
PX386784,HCV,1a,100.0
PX386792,HCV,1a,100.0
PX386789,HCV,1a,100.0
PX386785,HCV,1b,100.0
PX386796,HCV,3a,100.0
PX386799,HCV,3a,100.0
PX386787,HCV,3a,100.0
PX386795,HCV,1a,100.0
PX386794,HCV,1a,100.0
PX386802,HCV,3a,100.0
PX386798,HCV,1a,100.0
PX386793,HCV,1b,100.0
PX386800,HCV,2a,100.0
PX386791,HCV,3a,100.0
PX386801,HCV,2b,100.0
PX386797,HCV,3a,100.0
PX386806,HCV,1a,100.0
PX386804,HCV,1b,100.0
PX386809,HCV,3a,100.0
PX386810,HCV,3a,100.0
PX386815,HCV,1b,100.0
PX386805,HCV,1a,100.0
PX386812,HCV,3a,100.0
PX386803,HCV,1a,100.0
PX386818,HCV,1a,100.0
PX386819,HCV,1a,100.0
PX386816,HCV,1a,100.0
PX386817,HCV,3a,100.0
PX386813,HCV,1a,100.0
PX386821,HCV,3a,100.0
PX386824,HCV,3a,100.0
PX386814,HCV,1a,100.0
PX386827,HCV,1a,100.0
PX386825,HCV,1a,100.0
PX386826,HCV,2b,100.0
PX386822,HCV,3a,100.0
PX386834,HCV,3a,100.0
PX386829,HCV,1a,100.0
PX386832,HCV,3a,100.0
PX386833,HCV,1a,100.0
PX386837,HCV,3a,100.0
PX386835,HCV,3a,100.0
PX386839,HCV,1a,100.0
PX386838,HCV,3a,100.0
PX386828,HCV,3a,100.0
PX386842,HCV,3a,100.0
PX386845,HCV,1a,100.0
PX386841,HCV,1a,100.0
PX386843,HCV,3a,100.0
PX386848,HCV,3a,100.0
PX386840,HCV,1a,100.0
PX386830,HCV,3a,100.0
PX386853,HCV,1a,100.0
PX386849,HCV,1a,100.0
PX386847,HCV,3a,100.0
PX386855,HCV,1a,100.0
PX386851,HCV,1a,100.0
PX386856,HCV,1a,100.0
PX386858,HCV,3a,100.0
PX386854,HCV,3a,100.0
PX386857,HCV,1b,100.0
PX386862,HCV,3a,100.0
PX386861,HCV,1a,100.0
PX386859,HCV,3a,100.0
PX386867,HCV,1a,100.0
PX386864,HCV,1a,100.0
PX386866,HCV,2b,100.0
PX386850,HCV,3a,100.0
PX386865,HCV,3a,100.0
PX386863,HCV,3a,100.0
PX386871,HCV,1b,100.0
PX386869,HCV,1a,100.0
PX386877,HCV,1a,100.0
PX386872,HCV,3a,100.0
PX386876,HCV,3a,100.0
PX386875,HCV,1a,100.0
PX386878,HCV,1a,100.0
PX386874,HCV,3a,100.0
PX386881,HCV,1a,100.0
PX386873,HCV,3a,100.0
PX386882,HCV,1b,100.0
PX386889,HCV,1a,100.0
PX386880,HCV,3a,100.0
PX386885,HCV,1b,100.0
PX386888,HCV,3a,100.0
PX386887,HCV,3a,100.0
PX386890,HCV,3a,100.0
PX386886,HCV,1b,100.0
PX386883,HCV,3a,100.0
PX386891,HCV,1a,100.0
PX386894,HCV,1a,100.0
PX386897,HCV,1a,100.0
PX386896,HCV,3a,100.0
PX386895,HCV,1a,100.0
PX386898,HCV,1a,100.0
PX386903,HCV,1a,100.0
PX386901,HCV,3a,100.0
PX386904,HCV,3a,100.0
PX386906,HCV,1a,100.0
PX386905,HCV,3a,100.0
PX386899,HCV,3a,100.0
PX386907,HCV,1a,100.0
PX386909,HCV,1a,100.0
PX386912,HCV,3a,100.0
PX386910,HCV,3a,100.0
PX386913,HCV,1a,100.0
PX386911,HCV,3a,100.0
PX386908,HCV,1a,100.0
EU155222,HCV,1b,100.0
EU155221,HCV,1b,100.0
EU155225,HCV,1b,100.0
EU155216,HCV,1a,100.0
EU155224,HCV,1b,100.0
EU155228,HCV,1b,100.0
EU155230,HCV,1b,100.0
EU155232,HCV,1b,100.0
EU155229,HCV,1b,100.0
EU155231,HCV,1b,100.0
EU155239,HCV,1a,100.0
EU155236,HCV,1a,100.0
EU155237,HCV,1a,100.0
EU155238,HCV,1a,100.0
EU155235,HCV,1b,100.0
EU155243,HCV,1a,100.0
EU155233,HCV,1a,100.0
EU155234,HCV,1b,100.0
EU155240,HCV,1a,100.0
EU155242,HCV,1a,100.0
EU155248,HCV,1a,100.0
EU155249,HCV,1a,100.0
EU155251,HCV,1a,100.0
EU155257,HCV,1b,100.0
EU155252,HCV,1a,100.0
EU155250,HCV,1a,100.0
EU155255,HCV,1b,100.0
EU155253,HCV,1b,100.0
EU155254,HCV,1b,100.0
EU155256,HCV,1b,100.0
EU155259,HCV,1b,100.0
EU155261,HCV,1b,100.0
EU155262,HCV,1b,100.0
EU155263,HCV,1b,100.0
EU155264,HCV,1b,100.0
EU155267,HCV,1a,100.0
EU155268,HCV,1a,100.0
EU155271,HCV,1a,100.0
EU155269,HCV,1a,100.0
EU155272,HCV,1a,100.0
EU155274,HCV,1a,100.0
EU155276,HCV,1a,100.0
EU155275,HCV,1a,100.0
EU155278,HCV,1a,100.0
EU155277,HCV,1a,100.0
EU155280,HCV,1b,100.0
EU155281,HCV,1b,100.0
EU155282,HCV,1a,100.0
EU155285,HCV,1a,100.0
EU155284,HCV,1a,100.0
EU155288,HCV,1a,100.0
EU155283,HCV,1a,100.0
EU155287,HCV,1a,100.0
EU155289,HCV,1a,100.0
EU155291,HCV,1a,100.0
EU155292,HCV,1a,100.0
EU155295,HCV,1a,100.0
EU155293,HCV,1a,100.0
EU155294,HCV,1a,100.0
EU155296,HCV,1a,100.0
EU155298,HCV,1a,100.0
EU155300,HCV,1b,100.0
EU155301,HCV,1b,100.0
EU155304,HCV,1b,100.0
EU155299,HCV,1a,100.0
EU155302,HCV,1b,100.0
EU155305,HCV,1b,100.0
EU155307,HCV,1b,100.0
EU155303,HCV,1b,100.0
EU155309,HCV,1a,100.0
EU155308,HCV,1b,100.0
EU155310,HCV,1a,100.0
EU155311,HCV,1a,100.0
EU155313,HCV,1a,100.0
EU155322,HCV,1a,100.0
EU155317,HCV,1b,100.0
EU155318,HCV,1b,100.0
EU155324,HCV,1b,100.0
EU155319,HCV,1a,100.0
EU155315,HCV,1b,100.0
EU155321,HCV,1a,100.0
EU155320,HCV,1a,100.0
EU155323,HCV,1a,100.0
EU155326,HCV,1b,100.0
EU155328,HCV,1b,100.0
EU155327,HCV,1b,100.0
EU155329,HCV,1b,100.0
EU155331,HCV,1b,100.0
EU155332,HCV,1b,100.0
EU155338,HCV,1a,100.0
EU155334,HCV,1b,100.0
EU155333,HCV,1b,100.0
EU155336,HCV,1b,100.0
EU155335,HCV,1b,100.0
EU155341,HCV,1a,100.0
EU155340,HCV,1a,100.0
EU155337,HCV,1b,100.0
EU155344,HCV,1a,100.0
EU155346,HCV,1a,100.0
EU155343,HCV,1a,100.0
EU155345,HCV,1a,100.0
EU155347,HCV,1a,100.0
EU155349,HCV,1a,100.0
EU155351,HCV,1a,100.0
EU155352,HCV,1a,100.0
EU155357,HCV,1b,100.0
EU155358,HCV,1b,100.0
EU155359,HCV,1b,100.0
EU155356,HCV,1b,100.0
EU155360,HCV,1b,100.0
EU155363,HCV,1b,100.0
EU155362,HCV,1b,100.0
EU155364,HCV,1b,100.0
EU155365,HCV,1b,100.0
EU155366,HCV,1b,100.0
EU155368,HCV,1b,100.0
EU155372,HCV,1b,100.0
EU155375,HCV,1b,100.0
EU155373,HCV,1b,100.0
EU155374,HCV,1b,100.0
EU155369,HCV,1b,100.0
EU155378,HCV,1a,100.0
EU155380,HCV,1a,100.0
EU155367,HCV,1b,100.0
EU155371,HCV,1b,100.0
EU155377,HCV,1b,100.0
EU155381,HCV,1b,100.0
EU239713,HCV,1a,100.0
EU234061,HCV,1b,100.0
EU234065,HCV,1a,100.0
EU155382,HCV,1b,100.0
EU234063,HCV,1a,100.0
EU239714,HCV,1b,100.0
EU255929,HCV,1a,100.0
EU239716,HCV,1a,100.0
EU255927,HCV,1a,100.0
EU255930,HCV,1a,100.0
EU234062,HCV,1b,100.0
EU255931,HCV,1a,100.0
EU250017,HCV,1a,100.0
EU255936,HCV,1a,100.0
EU255938,HCV,1a,100.0
EU255932,HCV,1a,100.0
EU255933,HCV,1a,100.0
EU255934,HCV,1a,100.0
EU255942,HCV,1a,100.0
EU255940,HCV,1a,100.0
EU255939,HCV,1a,100.0
EU255935,HCV,1a,100.0
EU255945,HCV,1a,100.0
EU255946,HCV,1a,100.0
EU255947,HCV,1a,100.0
EU255949,HCV,1a,100.0
EU255951,HCV,1a,100.0
EU255948,HCV,1a,100.0
EU255950,HCV,1a,100.0
EU255941,HCV,1a,100.0
EU255954,HCV,1a,100.0
EU255952,HCV,1a,100.0
EU255955,HCV,1a,100.0
EU255958,HCV,1a,100.0
EU255953,HCV,1a,100.0
EU255956,HCV,1a,100.0
EU255964,HCV,1a,100.0
EU255962,HCV,1b,100.0
EU255961,HCV,1b,100.0
EU255963,HCV,1a,100.0
EU255965,HCV,1a,100.0
EU255970,HCV,1a,100.0
EU255966,HCV,1a,100.0
EU255973,HCV,1a,100.0
EU255968,HCV,1a,100.0
EU255969,HCV,1a,100.0
EU255979,HCV,1a,100.0
EU255975,HCV,1a,100.0
EU255977,HCV,1a,100.0
EU255983,HCV,1a,100.0
EU255980,HCV,1a,100.0
EU255978,HCV,1a,100.0
EU255987,HCV,1a,100.0
EU255981,HCV,1a,100.0
EU255986,HCV,1a,100.0
EU255985,HCV,1a,100.0
EU255974,HCV,1a,100.0
EU255976,HCV,1a,100.0
EU255992,HCV,1a,100.0
EU255989,HCV,1a,100.0
EU255990,HCV,1a,100.0
EU255994,HCV,1a,100.0
EU255993,HCV,1a,100.0
EU255995,HCV,1a,100.0
EU255991,HCV,1a,100.0
EU255999,HCV,1a,100.0
EU255997,HCV,1a,100.0
EU255996,HCV,1a,100.0
EU256050,HCV,1a,100.0
EU256053,HCV,1a,100.0
EU256047,HCV,1a,100.0
EU256048,HCV,1a,100.0
EU256060,HCV,1a,100.0
EU256057,HCV,1a,100.0
EU256062,HCV,1b,100.0
EU256059,HCV,1b,100.0
EU256054,HCV,1b,100.0
EU256061,HCV,1b,100.0
EU256067,HCV,1a,100.0
EU256066,HCV,1b,100.0
EU256069,HCV,1a,100.0
EU256064,HCV,1b,100.0
EU256058,HCV,1a,100.0
EU256068,HCV,1a,100.0
EU256072,HCV,1a,100.0
EU256073,HCV,1a,100.0
EU256071,HCV,1a,100.0
EU256074,HCV,1a,100.0
EU256077,HCV,1b,100.0
EU256075,HCV,1b,100.0
EU256078,HCV,1b,100.0
EU256079,HCV,1b,100.0
EU256080,HCV,1b,100.0
EU256081,HCV,1b,100.0
EU482866,HCV,1a,100.0
EU482862,HCV,1a,100.0
EU482864,HCV,1a,100.0
EU482863,HCV,1a,100.0
EU482865,HCV,1a,100.0
EU482867,HCV,1a,100.0
EU482868,HCV,1a,100.0
EU482870,HCV,1a,100.0
EU482869,HCV,1a,100.0
EU482871,HCV,1a,100.0
EU482873,HCV,1a,100.0
EU482872,HCV,1a,100.0
EU482874,HCV,1b,100.0
EU482875,HCV,1b,100.0
EU482878,HCV,1a,100.0
EU482876,HCV,1a,100.0
EU482883,HCV,1b,100.0
EU482884,HCV,1a,100.0
EU482881,HCV,1b,100.0
EU482877,HCV,1b,100.0
EU482882,HCV,1a,100.0
EU482880,HCV,1b,100.0
EU482885,HCV,1b,100.0
KY386879,HCV,1a,100.0
KY386880,HCV,1a,100.0
JN377766,HCV,1b,100.0
KY386883,HCV,2b,100.0
JN377779,HCV,1b,100.0
JN377771,HCV,1b,100.0
KY386890,HCV,1a,100.0
JF949900,HCV,1b,100.0
MK950008,HCV,4d,100.0
MK950009,HCV,4d,100.0
MK950010,HCV,4d,100.0
MK950011,HCV,4d,100.0
MK950014,HCV,4d,100.0
JN377777,HCV,1b,100.0
MK950012,HCV,4d,100.0
MK950015,HCV,4d,100.0
MK950016,HCV,4d,100.0
MK950000,HCV,4d,100.0
KY386884,HCV,4d,100.0
MK950032,HCV,4d,100.0
MK950007,HCV,4d,100.0
MK950037,HCV,4d,100.0
JF949902,HCV,1b,100.0
MK950039,HCV,4d,100.0
MK950038,HCV,4d,100.0
MK950036,HCV,4d,100.0
MK950041,HCV,4d,100.0
MK950049,HCV,4d,100.0
MK950013,HCV,4d,100.0
MK950028,HCV,4d,100.0
MK950063,HCV,4d,100.0
MK950064,HCV,4d,100.0
MK950067,HCV,4d,100.0
MK950068,HCV,4d,100.0
MK950066,HCV,4d,100.0
MK950070,HCV,4d,100.0
MK950071,HCV,4d,100.0
MK950072,HCV,4d,100.0
MK950073,HCV,4d,100.0
MK950077,HCV,4d,100.0
MK950076,HCV,4d,100.0
MK950078,HCV,4d,100.0
MK950074,HCV,4d,100.0
MK950080,HCV,4d,100.0
MK950083,HCV,4d,100.0
MK950081,HCV,4d,100.0
MK950084,HCV,4d,100.0
MK950085,HCV,4d,100.0
MK950086,HCV,4d,100.0
MK950088,HCV,4d,100.0
MK950091,HCV,4d,100.0
MK950090,HCV,4d,100.0
MK950058,HCV,4d,100.0
MK950065,HCV,4d,100.0
MK950069,HCV,4d,100.0
MK950092,HCV,4d,100.0
MK950094,HCV,4d,100.0
MK950093,HCV,4d,100.0
MK950095,HCV,4d,100.0
MK950100,HCV,4d,100.0
MK950075,HCV,4d,100.0
MK950051,HCV,4d,100.0
MK950106,HCV,4d,100.0
MK950105,HCV,4d,100.0
MK950107,HCV,4d,100.0
MK950108,HCV,4d,100.0
MK950110,HCV,4d,100.0
MK950115,HCV,4d,100.0
MK950104,HCV,4d,100.0
MK950087,HCV,4d,100.0
MK950103,HCV,4d,100.0
MK950118,HCV,4d,100.0
MK950114,HCV,4d,100.0
PX386719,HCV,3a,100.0
PX386717,HCV,3a,100.0
PX386718,HCV,1a,100.0
PX386730,HCV,3a,100.0
PX386720,HCV,3a,100.0
PX386722,HCV,3a,100.0
PX386726,HCV,2b,100.0
PX386732,HCV,3a,100.0
PX386725,HCV,1b,100.0
PX386721,HCV,1b,100.0
PX386724,HCV,1a,100.0
PX386727,HCV,3a,100.0
PX386729,HCV,3a,100.0
PX386731,HCV,1b,100.0
PX386728,HCV,2b,100.0
PX386723,HCV,3a,100.0
PX386735,HCV,3a,100.0
PX386734,HCV,3a,100.0
PX386733,HCV,3a,100.0
PX386740,HCV,1a,100.0
PX386737,HCV,1a,100.0
PX386745,HCV,1a,100.0
PX386747,HCV,1a,100.0
PX386736,HCV,3a,100.0
PX386744,HCV,3a,100.0
PX386739,HCV,1a,100.0
PX386741,HCV,3a,100.0
PX386743,HCV,1b,100.0
PX386738,HCV,3a,100.0
PX386750,HCV,3a,100.0
PX386749,HCV,3a,100.0
PX386742,HCV,3a,100.0
PX386746,HCV,1b,100.0
PX386751,HCV,3a,100.0
PX386748,HCV,1a,100.0
PX386754,HCV,1a,100.0
PX386759,HCV,3a,100.0
PX386752,HCV,3a,100.0
PX386755,HCV,2b,100.0
PX386758,HCV,1a,100.0
PX386757,HCV,1a,100.0
PX386811,HCV,"unassigned_1, 1a-3a",NA
PX386808,HCV,3a,100.0
PX386820,HCV,3a,100.0
PX386823,HCV,1a,100.0
PX386836,HCV,1a,100.0
PX386831,HCV,3a,100.0
PX386844,HCV,3a,100.0
PX386846,HCV,2b,100.0
PX386852,HCV,1a,100.0
PX386860,HCV,3a,100.0
PX386868,HCV,2b,100.0
PX386870,HCV,1a,100.0
PX386879,HCV,1a,100.0
PX386884,HCV,3a,100.0
PX386893,HCV,3a,100.0
PX386892,HCV,1b,100.0
PX386902,HCV,3a,100.0
PX386900,HCV,1a,100.0
PX386915,HCV,1a,100.0
PX386916,HCV,3a,100.0
PX386925,HCV,3a,100.0
PX386927,HCV,1a,100.0
PX386938,HCV,1a,100.0
PX386946,HCV,3a,100.0
PX386949,HCV,1b,100.0
PX386953,HCV,1a,100.0
PX386955,HCV,1a,100.0
PX386961,HCV,1b,100.0
PX386959,HCV,3a,100.0
PX386960,HCV,3a,100.0
PX386957,HCV,3a,100.0
PX386962,HCV,1l,100.0
PX386958,HCV,1a,100.0
PX386963,HCV,4v,100.0
PX386956,HCV,2b,100.0
PX386968,HCV,"unassigned_1, 3h-6a",NA
PX386965,HCV,4b,100.0
PX386967,HCV,3b,100.0
PX386964,HCV,1l,100.0
PX386966,HCV,3b,100.0
PX386969,HCV,6a,100.0
PX386972,HCV,3h,100.0
PX386973,HCV,3b,100.0
PX386974,HCV,4r,100.0
PX386971,HCV,4c,100.0
PX386976,HCV,4r,100.0
PX386975,HCV,4c,100.0
PX386979,HCV,6a,100.0
PX386978,HCV,6a,100.0
PX386970,HCV,3h,100.0
PX386977,HCV,4v,100.0
PX386981,HCV,1g,100.0
PX386980,HCV,4t,100.0
PX386982,HCV,1g,100.0
PX386983,HCV,4v,100.0
PX386984,HCV,1l,100.0
PX386985,HCV,1e,100.0
PX386986,HCV,1e,100.0
PX386987,HCV,2b,100.0
PX386988,HCV,2b,100.0
PX386989,HCV,2b,100.0
PX386991,HCV,2c,100.0
PX386992,HCV,1a,100.0
PX386993,HCV,4f,100.0
PX386990,HCV,2b,100.0
PX386994,HCV,4a,100.0
PX386996,HCV,4d,100.0
PX386995,HCV,4a,100.0
PX386998,HCV,4d,100.0
PX386997,HCV,4d,100.0
PX386999,HCV,4k,100.0
PX387000,HCV,4o,100.0
PX387002,HCV,5a,100.0
PX387005,HCV,3a,100.0
PX387001,HCV,5a,100.0
PX387003,HCV,1a,100.0
PX387004,HCV,1a,100.0
PX387007,HCV,1a,100.0
PX387006,HCV,1b,100.0
PX387008,HCV,1a,100.0
PX387010,HCV,1a,100.0
PX387009,HCV,1a,100.0
PX387011,HCV,1a,100.0
PX387014,HCV,1a,100.0
PX387012,HCV,1a,100.0
PX387015,HCV,1a,100.0
PX387013,HCV,1a,100.0
PX387016,HCV,1a,100.0
PX387018,HCV,1a,100.0
PX387025,HCV,1a,100.0
PX387022,HCV,1a,100.0
PX387026,HCV,3a,100.0
KR108393,HCV,1a,100.0
KR108394,HCV,1a,100.0
KR108395,HCV,1a,100.0
PX387028,HCV,1a,100.0
KR108396,HCV,1a,100.0
KR108397,HCV,1a,100.0
KR108398,HCV,1a,100.0
PX387030,HCV,1a,100.0
KR108399,HCV,1a,100.0
KR108400,HCV,1a,100.0
KR108405,HCV,1a,100.0
KR108408,HCV,1a,100.0
KR108407,HCV,1a,100.0
KR108410,HCV,1a,100.0
KR108409,HCV,1a,100.0
KR108419,HCV,1b,100.0
KR108417,HCV,1b,100.0
KR108421,HCV,1b,100.0
KR108429,HCV,3a,100.0
KR108430,HCV,3a,100.0
KR108433,HCV,3a,100.0
PX387035,HCV,1a,100.0
KR108434,HCV,3a,100.0
KR108436,HCV,3a,100.0
KR108438,HCV,3a,100.0
KR108437,HCV,3a,100.0
KR108435,HCV,3a,100.0
KR108440,HCV,3a,100.0
PX387034,HCV,3a,100.0
KR108439,HCV,3a,100.0
KR108444,HCV,3a,100.0
KR108446,HCV,3a,100.0
KR108445,HCV,3a,100.0
PX387036,HCV,1b,100.0
PX387038,HCV,3a,100.0
KR108451,HCV,3a,100.0
KR108448,HCV,3a,100.0
KR108452,HCV,3a,100.0
KR108449,HCV,3a,100.0
KR108455,HCV,3a,100.0
KR108454,HCV,3a,100.0
KR108456,HCV,3a,100.0
KR108457,HCV,3a,100.0
KR108458,HCV,3a,100.0
KR108459,HCV,3a,100.0
KR108462,HCV,3a,100.0
KR108461,HCV,3a,100.0
KR108460,HCV,3a,100.0
KR108465,HCV,3a,100.0
KR108463,HCV,3a,100.0
KR108470,HCV,3a,100.0
KR108480,HCV,3a,100.0
KR108490,HCV,3b,100.0
KR108493,HCV,3b,100.0
EU155244,HCV,1a,100.0
EU155246,HCV,1a,100.0
EU155258,HCV,1b,100.0
EU155266,HCV,1a,100.0
EU155270,HCV,1a,100.0
EU155279,HCV,1b,100.0
EU155286,HCV,1a,100.0
EU155290,HCV,1a,100.0
EU155297,HCV,1a,100.0
EU155306,HCV,1b,100.0
EU155314,HCV,1a,100.0
EU155316,HCV,1b,100.0
EU155325,HCV,1b,100.0
EU155330,HCV,1b,100.0
EU155339,HCV,1a,100.0
EU155342,HCV,1a,100.0
EU155348,HCV,1a,100.0
EU155353,HCV,1a,100.0
EU155355,HCV,1a,100.0
EU155361,HCV,1b,100.0
EU155370,HCV,1b,100.0
EU155376,HCV,1b,100.0
EU234064,HCV,1a,100.0
EU239715,HCV,1a,100.0
EU255928,HCV,1a,100.0
EU255937,HCV,1a,100.0
EU255944,HCV,1a,100.0
EU255943,HCV,1a,100.0
EU255957,HCV,1a,100.0
EU255960,HCV,1b,100.0
EU255971,HCV,1a,100.0
EU255982,HCV,1a,100.0
EU255988,HCV,1a,100.0
EU255984,HCV,1a,100.0
EU255998,HCV,1a,100.0
EU256000,HCV,1b,100.0
EU256003,HCV,1a,100.0
EU256009,HCV,1a,100.0
EU256012,HCV,1a,100.0
EU256023,HCV,1a,100.0
EU256024,HCV,1a,100.0
EU256030,HCV,1a,100.0
EU256038,HCV,1a,100.0
EU256052,HCV,1a,100.0
EU256051,HCV,1a,100.0
EU256065,HCV,1b,100.0
EU256070,HCV,1a,100.0
EU256076,HCV,1b,100.0
EU256082,HCV,1b,100.0
EU256083,HCV,1b,100.0
EU256084,HCV,1b,100.0
EU256085,HCV,1b,100.0
EU256087,HCV,1a,100.0
EU256088,HCV,1b,100.0
EU256089,HCV,1b,100.0
EU256090,HCV,1b,100.0
EU256091,HCV,1b,100.0
EU256094,HCV,1a,100.0
EU256092,HCV,1b,100.0
EU256095,HCV,1a,100.0
EU256097,HCV,1a,100.0
EU256096,HCV,1a,100.0
EU256098,HCV,1b,100.0
EU256101,HCV,1b,100.0
EU256100,HCV,1b,100.0
EU256099,HCV,1b,100.0
EU256102,HCV,1b,100.0
EU256103,HCV,1b,100.0
EU256104,HCV,1a,100.0
EU256105,HCV,1a,100.0
EU256106,HCV,1a,100.0
EU256107,HCV,1a,100.0
EU260395,HCV,1a,100.0
EU482831,HCV,1a,100.0
EU260396,HCV,1a,100.0
EU482832,HCV,1a,100.0
EU482833,HCV,1b,100.0
EU482836,HCV,1a,100.0
EU482834,HCV,1a,100.0
EU482835,HCV,1a,100.0
EU482838,HCV,1a,100.0
EU482837,HCV,1a,100.0
EU482839,HCV,1b,100.0
MK950055,HCV,4d,100.0
JN377757,HCV,1b,100.0
JN377756,HCV,1b,100.0
JN377758,HCV,1b,100.0
JN377755,HCV,1b,100.0
MK950101,HCV,4d,100.0
PX386756,HCV,1a,100.0
PX386765,HCV,1a,100.0
PX386760,HCV,3a,100.0
PX386762,HCV,3a,100.0
PX386767,HCV,1a,100.0
PX386764,HCV,1a,100.0
PX386766,HCV,1a,100.0
PX386770,HCV,1a,100.0
PX386761,HCV,3a,100.0
MK950056,HCV,4d,100.0
PX386768,HCV,3a,100.0
PX386778,HCV,1b,100.0
PX386774,HCV,1a,100.0
PX386772,HCV,3a,100.0
PX386780,HCV,1a,100.0
PX386763,HCV,3a,100.0
PX386776,HCV,3a,100.0
PX386769,HCV,1a,100.0
PX386775,HCV,1a,100.0
PX386807,HCV,1a,100.0
PX386917,HCV,1a,100.0
PX386919,HCV,3a,100.0
PX386918,HCV,3a,100.0
PX386920,HCV,3a,100.0
PX386914,HCV,3a,100.0
MK950057,HCV,4d,100.0
PX386923,HCV,1a,100.0
MK950054,HCV,4d,100.0
PX386921,HCV,3a,100.0
PX386928,HCV,3a,100.0
MK950059,HCV,4d,100.0
PX386922,HCV,1a,100.0
MK950060,HCV,4d,100.0
PX386930,HCV,1a,100.0
PX386926,HCV,2j,100.0
MK950062,HCV,4d,100.0
PX386924,HCV,1a,100.0
PX386934,HCV,3a,100.0
PX387023,HCV,1a,100.0
PX386929,HCV,3a,100.0
PX386932,HCV,1a,100.0
PX386931,HCV,1a,100.0
PX386936,HCV,1a,100.0
PX386942,HCV,3a,100.0
PX386933,HCV,3a,100.0
PX386944,HCV,1a,100.0
PX386940,HCV,1b,100.0
PX386943,HCV,3a,100.0
PX386935,HCV,1a,100.0
PX386941,HCV,3a,100.0
PX386947,HCV,1a,100.0
PX387019,HCV,1a,100.0
PX386939,HCV,1a,100.0
PX386948,HCV,1a,100.0
PX387021,HCV,1a,100.0
PX386937,HCV,1b,100.0
PX387020,HCV,1a,100.0
PX386945,HCV,3a,100.0
PX386950,HCV,3a,100.0
PX387017,HCV,3a,100.0
PX386951,HCV,1a,100.0
PX387039,HCV,3a,100.0
PX386952,HCV,1a,100.0
PX386954,HCV,1a,100.0
MK950030,HCV,4d,100.0
MK950044,HCV,4d,100.0
MK950033,HCV,4d,100.0
PX387040,HCV,2b,100.0
EU529680,HCV,1a,100.0
EU781816,HCV,1a,100.0
EU781811,HCV,1a,100.0
EU781812,HCV,1a,100.0
EU660384,HCV,1a,100.0
EU781819,HCV,1a,100.0
EU781805,HCV,1a,100.0
EU781817,HCV,1a,100.0
EU781820,HCV,1a,100.0
EU781821,HCV,1a,100.0
EU781810,HCV,1a,100.0
EU781823,HCV,1a,100.0
EU781808,HCV,1a,100.0
EU781818,HCV,1a,100.0
EU781826,HCV,1b,100.0
EU781827,HCV,1b,100.0
EU781830,HCV,1b,100.0
EU781822,HCV,1a,100.0
EU781831,HCV,1b,100.0
EU781828,HCV,1b,100.0
EU781825,HCV,1b,100.0
EU781829,HCV,1b,100.0
EU781824,HCV,1a,100.0
EU781832,HCV,1b,100.0
EU529676,HCV,1a,100.0
EU482888,HCV,1b,100.0
EU529682,HCV,1b,100.0
EU529678,HCV,1a,100.0
EU595697,HCV,1a,100.0
EU660383,HCV,1a,100.0
EU482886,HCV,1b,100.0
EU529679,HCV,1a,100.0
EU595699,HCV,1a,100.0
EU529677,HCV,1a,100.0
EU569722,HCV,1a,100.0
EU569723,HCV,1a,100.0
EU529681,HCV,1a,100.0
EU781806,HCV,1a,100.0
EU781807,HCV,1a,100.0
EU660385,HCV,1a,100.0
EU595698,HCV,1a,100.0
EU781813,HCV,1a,100.0
EU781814,HCV,1a,100.0
EU781809,HCV,1a,100.0
EU781815,HCV,1a,100.0
