Accession,PerGeneGenotype,PerGeneSubtype,FullGenomeGenotype,FullGenomeSubtype,CometPerGeneGenotype,CometPerGeneSubtype,CometFullGenomeGenotype,CometFullGenomeSubtype,GenBankGenotype,GenBankSubtype
MW205376,4,4v,4,4v,4,4v,4,4v,4,
MW205378,4,4q,4,4q,4,4v,4,4v,4,4l
MW205379,4,4v,4,4l,4,4v,4,4v,4,4p
MW205380,4,4p,4,4q,4,4v,4,4v,4,
MW205381,4,4o,4,4o,4,4o,4,4o,4,4o
MW205382,4,4o,4,4o,4,4o,4,4o,4,4o
MW205383,4,4o,4,4o,4,4o,4,4o,4,4o
MW205385,4,4v,4,4v,4,4v,4,4v,4,4o
MW205386,4,4c,4,4c,4,4a,4,4a,4,4c
MW205388,4,4c,4,4c,4,4a,4,4a,4,4r
MW205390,4,4c,4,4c,4,4a,4,4a,4,4c
MW205392,4,4r,4,4r,4,4r,4,4r,4,4r
MW205393,4,4r,4,4r,4,4r,4,4r,4,4r
MW205395,4,4r,4,4r,4,4r,4,4r,4,4r
MW205396,4,4g,4,4g,4,4g,4,4k,4,4h
MW205397,4,4d,4,4l,4,4k,4,4k,4,4h
MW205399,4,4k,4,4k,4,4k,4,4k,4,4k
MW205400,4,4k,4,4k,4,4k,4,4k,4,4k
MW205401,4,4k,4,4k,4,4k,4,4k,4,4k
MW205403,4,4k,4,4k,4,4k,4,4k,4,4k
MW205404,4,4k,4,4k,4,4k,4,4k,4,4k
MW205405,4,4f,4,4f,4,4f,4,4f,4,4f
MW205407,4,4n,4,4n,4,4n,4,4n,4,4n
MW205411,4,4n,4,4n,4,4n,4,4n,4,4n
MW205413,4,4n,4,4n,4,4n,4,4n,4,4n
MW205417,6,6e,6,6e,6,6e,6,6e,6,6e
MW205418,6,6e,6,6e,6,6e,6,6e,6,6e
MW205419,6,6e,6,6e,6,6e,6,6e,6,6e
MW205421,6,6e,6,6e,6,6e,6,6e,6,6e
MW205426,1,1g,1,1g,1,1g,1,1g,1,1g
MW205428,1,1g,1,1g,1,1g,1,1g,1,1g
MW205431,3,3b,3,3b,3,3b,3,3b,3,3b
MW205432,3,3b,3,3b,3,3b,3,3b,3,3b
MW205433,3,3b,3,3b,3,3b,3,3b,3,3b
MW205435,3,3k,3,3k,3,3k,3,3k,3,3k
MW205438,2,2i,2,2i,2,2j,2,2j,2,
MW205440,2,2u,2,2u,2,2a,2,2a,2,
MW205446,2,2i,2,2i,2,2i,2,2i,2,2i
MW205447,2,2i,2,2i,2,2i,2,2i,2,2i
MW205448,2,2i,2,2i,2,2i,2,2i,2,2i
MW205451,2,2c,2,2c,2,2c,2,2c,2,2c
MW205453,2,2c,2,2c,2,2c,2,2c,2,2o
MW205455,2,2r,2,2r,2,2r,2,2r,2,2r
MW205456,2,2f,2,2f,2,2a,2,2a,2,
MW205458,2,2f,2,2f,2,2j,2,2j,2,2f
MW205460,2,2f,2,2f,2,2a,2,2a,2,2p
MW205462,2,2q,2,2q,2,2j,2,2j,2,
MW205464,2,2q,2,2q,2,2a,2,2a,2,
MW357793,1,1b,1,1b,1,1b,1,1b,,
MW357794,1,1b,1,1b,1,1b,1,1b,,
MW357795,1,1b,1,1b,1,1b,1,1b,,
MW357796,1,1b,1,1b,1,1b,1,1b,,
MW357797,1,1b,1,1b,1,1b,1,1b,,
MW357798,1,1b,1,1b,1,1b,1,1b,,
MW357799,1,1b,1,1b,1,1b,1,1b,,
MW357801,1,1b,1,1b,1,1b,1,1b,,
MW357802,1,1b,1,1b,1,1b,1,1b,,
MW357803,1,1b,1,1b,1,1b,1,1b,,
MW357804,1,1b,1,1b,1,1b,1,1b,,
MW357805,1,1b,1,1b,1,1b,1,1b,,
MW357806,1,1b,1,1b,1,1b,1,1b,,
MW357807,1,1b,1,1b,1,1b,1,1b,,
MW357808,1,1b,1,1b,1,1b,1,1b,,
MW357809,1,1b,1,1b,1,1b,1,1b,,
MW357810,1,1b,1,1b,1,1b,1,1b,,
MW357811,1,1b,1,1b,1,1b,1,1b,,
MW357812,1,1b,1,1b,1,1b,1,1b,,
MW357813,1,1b,1,1b,1,1b,1,1b,,
MW357814,1,1b,1,1b,1,1b,1,1b,,
MZ327730,3,3a,3,3a,3,3a,3,3a,3,3a
MZ327731,1,1a,1,1a,1,1a,1,1a,1,1a
MZ327732,1,1a,1,1a,1,1a,1,1a,1,1a
MZ327733,1,1a,1,1a,1,1a,1,1a,1,1a
MZ327734,1,1a,1,1a,1,1a,1,1a,1,1a
MZ327735,3,3a,3,3a,3,3a,3,3a,3,3a
MZ327736,1,1a,1,1a,1,1a,1,1a,1,1a
MZ327737,1,1a,1,1a,1,1a,1,1a,1,1a
MZ327738,3,3a,3,3a,3,3a,3,3a,3,3a
MZ327739,1,1a,1,1a,1,1a,1,1a,1,1a
MZ327740,1,1a,1,1a,1,1a,1,1a,1,1a
MZ327741,1,1a,1,1a,1,1a,1,1a,1,1a
MZ327742,1,1a,1,1a,1,1a,1,1a,1,1a
MZ327744,1,1a,1,1a,1,1a,1,1a,1,1a
MZ327745,3,3a,3,3a,3,3a,3,3a,3,3a
MZ327746,1,1a,1,1a,1,1a,1,1a,1,1a
MZ327747,1,1a,1,1a,1,1a,1,1a,1,1a
MZ327748,3,3a,3,3a,3,3a,3,3a,3,3a
MZ327749,1,1a,1,1a,1,1a,1,1a,1,1a
MZ327750,3,3a,3,3a,3,3a,3,3a,3,3a
MZ327751,1,1a,1,1a,1,1a,1,1a,1,1a
MZ327752,4,4d,4,4d,4,4d,4,4d,4,4d
MZ327753,1,1b,1,1b,1,1b,1,1b,1,1b
MZ327754,3,3a,3,3a,3,3a,3,3a,3,3a
MZ327755,2,2b,2,2b,2,2b,2,2b,2,2b
MZ327756,3,3a,3,3a,3,3a,3,3a,3,3a
MZ327757,3,3a,3,3a,3,3a,3,3a,3,3a
MZ327758,1,1a,1,1a,1,1a,1,1a,1,1a
MZ327759,3,3a,3,3a,3,3a,3,3a,3,3a
MZ327760,1,1a,1,1a,1,1a,1,1a,1,1a
MZ327761,1,1a,1,1a,1,1a,1,1a,1,1a
MZ327762,1,1a,1,1a,1,1a,1,1a,1,1a
MZ327763,1,1a,1,1a,1,1a,1,1a,1,1a
MZ327764,3,3a,3,3a,3,3a,3,3a,3,3a
MZ327765,1,1a,1,1a,1,1a,1,1a,1,1a
MZ327766,1,1a,1,1a,1,1a,1,1a,1,1a
MZ327767,1,1a,1,1a,1,1a,1,1a,1,1a
MZ327768,1,1a,1,1a,1,1a,1,1a,1,1a
MZ327769,1,1b,1,1b,1,1b,1,1b,1,1b
MZ327770,1,1a,1,1a,1,1a,1,1a,1,1a
MZ327771,1,1a,1,1a,1,1a,1,1a,1,1a
MZ327772,3,3a,3,3a,3,3a,3,3a,3,3a
MZ327773,3,3a,3,3a,3,3a,3,3a,3,3a
MZ327774,1,1b,1,1b,1,1b,1,1b,1,1b
MZ327775,1,1b,1,1b,1,1b,1,1b,1,1b
MZ327776,1,1a,1,1a,1,1a,1,1a,1,1a
MZ327777,1,1a,1,1a,1,1a,1,1a,1,1a
MZ327778,1,1a,1,1a,1,1a,1,1a,1,1a
MZ327779,3,3a,3,3a,3,3a,3,3a,3,3a
MZ327780,3,3a,3,3a,3,3a,3,3a,3,3a
MZ327781,3,3a,3,3a,3,3a,3,3a,3,3a
MZ327782,1,1a,1,1a,1,1a,1,1a,1,1a
MZ327783,3,3a,3,3a,3,3a,3,3a,3,3a
MZ327784,2,2b,2,2b,2,2b,2,2b,2,2b
MZ327785,1,1a,1,1a,1,1a,1,1a,1,1a
MZ327786,3,3a,3,3a,3,3a,3,3a,3,3a
MZ327787,1,1a,1,1a,1,1a,1,1a,1,1a
MZ327788,1,1a,1,1a,1,1a,1,1a,1,1a
MZ327789,3,3a,3,3a,3,3a,3,3a,3,3a
MZ327790,1,1a,1,1a,1,1a,1,1a,1,1a
MZ327791,1,1b,1,1b,1,1b,1,1b,1,1b
MZ327792,1,1a,1,1a,1,1a,1,1a,1,1a
MZ327793,1,1a,1,1a,1,1a,1,1a,1,1a
MZ327794,3,3a,3,3a,3,3a,3,3a,3,3a
MZ327795,1,1a,1,1a,1,1a,1,1a,1,1a
MZ327796,3,3a,3,3a,3,3a,3,3a,3,3a
MZ327797,1,1a,1,1a,1,1a,1,1a,1,1a
MZ327798,1,1a,1,1a,1,1a,1,1a,1,1a
MZ327799,3,3a,3,3a,3,3a,3,3a,3,3a
MZ327800,2,2b,2,2b,2,2b,2,2b,2,2b
ON506742,1,1a,1,1a,1,1a,1,1a,1,1a
ON506743,1,1a,1,1a,1,1a,1,1a,1,1a
ON506744,1,1a,1,1a,1,1a,1,1a,1,1a
ON506746,1,1b,1,1b,1,1b,1,1b,1,1b
ON506748,1,1a,1,1a,1,1a,1,1a,1,1a
ON506750,1,1a,1,1a,1,1a,1,1a,1,1a
ON506751,3,3a,3,3a,3,3a,3,3a,3,3a
ON506753,1,1a,1,1a,1,1a,1,1a,1,1a
ON506755,1,1b,1,1b,1,1b,1,1b,1,1b
ON506756,1,1a,1,1a,1,1a,1,1a,1,1a
ON506757,4,4a,4,4a,4,4a,4,4a,4,4a
ON506758,3,3a,3,3a,3,3a,3,3a,3,3a
ON506759,4,4a,4,4a,4,4a,4,4a,4,4a
ON506760,1,1a,1,1a,1,1a,1,1a,1,1a
ON506761,1,1a,1,1a,1,1a,1,1a,1,1a
ON506763,1,1a,1,1a,1,1a,1,1a,1,1a
ON506764,1,1b,1,1b,1,1b,1,1b,1,1b
ON506765,1,1a,1,1a,1,1a,1,1a,1,1a
ON506766,1,1a,1,1a,1,1a,1,1a,1,1a
ON506768,1,1a,1,1a,1,1a,1,1a,1,1a
ON506769,1,1a,1,1a,1,1a,1,1a,1,1a
ON506771,1,1a,1,1a,1,1a,1,1a,1,1a
ON506772,1,1a,1,1a,1,1a,1,1a,1,1a
ON506773,3,3a,3,3a,3,3a,3,3a,3,3a
ON506774,1,1b,1,1b,1,1b,1,1b,1,1b
ON506775,1,1a,1,1a,1,1a,1,1a,1,1a
ON506776,1,1a,1,1a,1,1a,1,1a,1,1a
ON506777,1,1a,1,1a,1,1a,1,1a,1,1a
ON506778,4,4a,4,4a,4,4a,4,4a,4,4a
ON506779,3,3a,3,3a,3,3a,3,3a,3,3a
ON506780,1,1b,1,1b,1,1b,1,1b,1,1b
ON506781,4,4a,4,4a,4,4a,4,4a,4,4a
ON506782,3,3a,3,3a,3,3a,3,3a,3,3a
ON506783,1,1a,1,1a,1,1a,1,1a,1,1a
ON506784,3,3a,3,3a,3,3a,3,3a,3,3a
ON506785,1,1b,1,1b,1,1b,1,1b,1,1b
ON506786,1,1a,1,1a,1,1a,1,1a,1,1a
ON506787,1,1a,1,1a,1,1a,1,1a,1,1a
ON506788,1,1a,1,1a,1,1a,1,1a,1,1a
ON506789,1,1a,1,1a,1,1a,1,1a,1,1a
ON506790,3,3a,3,3a,3,3a,3,3a,3,3a
ON506791,1,1b,1,1b,1,1b,1,1b,1,1b
ON506794,3,3a,3,3a,3,3a,3,3a,3,3a
ON506796,4,4a,4,4a,4,4a,4,4a,4,4a
ON506797,1,1a,1,1a,1,1a,1,1a,1,1a
ON506798,3,3a,3,3a,3,3a,3,3a,3,3a
ON506799,4,4d,4,4d,4,4d,4,4d,4,4d
ON506801,4,4a,4,4a,4,4a,4,4a,4,4a
ON506802,1,1b,1,1b,1,1b,1,1b,2,2k
ON506803,1,1a,1,1a,1,1a,1,1a,1,1a
ON506804,1,1a,1,1a,1,1a,1,1a,1,1a
ON506805,3,3a,3,3a,3,3a,3,3a,3,3a
ON506806,1,1b,1,1b,1,1b,1,1b,1,1b
ON506807,1,1a,1,1a,1,1a,1,1a,1,1a
ON506809,1,1a,1,1a,1,1a,1,1a,1,1a
ON506810,3,3a,3,3a,3,3a,3,3a,3,3a
ON506811,1,1a,1,1a,1,1a,1,1a,1,1a
ON506812,1,1a,1,1a,1,1a,1,1a,1,1a
ON506813,3,3a,3,3a,3,3a,3,3a,3,3a
ON506814,1,1a,1,1a,1,1a,1,1a,1,1a
ON506815,3,3a,3,3a,3,3a,3,3a,3,3a
ON506816,1,1a,1,1a,1,1a,1,1a,1,1a
ON506817,4,4d,4,4d,4,4d,4,4d,4,4d
ON506818,4,4a,4,4a,4,4a,4,4a,4,4a
ON506819,4,4d,4,4d,4,4d,4,4d,4,4d
ON506820,1,1a,1,1a,1,1a,1,1a,1,1a
ON506821,1,1a,1,1a,1,1a,1,1a,1,1a
ON506822,3,3a,3,3a,3,3a,3,3a,3,3a
ON506823,1,1a,1,1a,1,1a,1,1a,1,1a
ON506824,1,1a,1,1a,1,1a,1,1a,1,1a
ON506825,3,3a,3,3a,3,3a,3,3a,3,3a
ON314813,2,2f,2,2k,2,2k,2,2k,2,
ON314814,2,2q,2,2q,2,2q,2,2q,2,
ON314815,2,2q,2,2q,2,2j,2,2j,2,
ON314816,2,2j,2,2d,2,2j,2,2j,2,
ON314818,2,2u,2,2k,2,2k,2,2k,2,
ON314819,2,2q,2,2q,2,2q,2,2q,2,
ON314820,2,2q,2,2q,2,2q,2,2j,2,
ON314822,2,2q,2,2q,2,2q,2,2k,2,
ON314823,2,2q,2,2q,2,2a,2,2j,2,
ON314824,2,2q,2,2q,2,2j,2,2q,2,
ON314826,2,2q,2,2c,2,2q,2,2j,2,
ON314827,2,2q,2,2q,2,2q,2,2q,2,
ON314828,2,2q,2,2q,2,2q,2,2q,2,
ON123736,1,1b,1,1b,1,1b,1,1b,1,
PQ365497,1,1a,1,1a,1,1a,1,1a,1,1a
PQ365498,3,3a,3,3a,3,3a,3,3a,3,3a
PQ365499,1,1a,1,1a,1,1a,1,1a,1,1a
PQ365502,3,3a,3,3a,3,3a,3,3a,3,3a
PQ365503,1,1a,1,1a,1,1a,1,1a,1,1a
PQ365505,3,3b,3,3b,3,3b,3,3b,3,3b
PQ365506,3,3a,3,3a,3,3a,3,3a,3,3a
PQ365507,1,1a,1,1a,1,1a,1,1a,1,1a
PQ365508,3,3a,3,3a,3,3a,3,3a,3,3a
PQ365509,3,3a,3,3a,3,3a,3,3a,3,3a
PQ365510,1,1b,1,1b,1,1b,1,1b,1,1b
PQ365511,3,3a,3,3a,3,3a,3,3a,3,3a
PQ365512,3,3a,3,3a,3,3a,3,3a,3,3a
PQ365513,3,3d,3,3d,3,3a,3,3a,3,3d
PQ365514,3,3a,3,3a,3,3a,3,3a,3,3a
PQ365516,1,1a,1,1a,1,1a,1,1a,1,1a
PQ365518,3,3a,3,3a,3,3a,3,3a,3,3a
PQ365519,3,3a,3,3a,3,3a,3,3a,3,3a
PQ365520,3,3a,3,3a,3,3a,3,3a,3,3a
PQ365521,3,3a,3,3a,3,3a,3,3a,3,3a
PQ365522,3,3a,3,3a,3,3a,3,3a,3,3a
PQ365523,3,3a,3,3a,3,3a,3,3a,3,3a
PQ365526,3,3a,3,3a,3,3a,3,3a,3,3a
PQ365527,1,1a,1,1a,1,1a,1,1a,1,1a
PQ365528,3,3a,3,3a,3,3a,3,3a,3,3a
PQ365529,3,3a,3,3a,3,3a,3,3a,3,3a
PQ365530,3,3a,3,3a,3,3a,3,3a,3,3a
PQ365531,3,3a,3,3a,3,3a,3,3a,3,3a
PQ365532,3,3a,3,3a,3,3a,3,3a,3,3a
PQ365533,1,1a,1,1a,1,1a,1,1a,1,1a
PQ365535,3,3a,3,3a,3,3a,3,3a,3,3a
PQ365536,3,3a,3,3a,3,3a,3,3a,3,3a
PQ365537,3,3a,3,3a,3,3a,3,3a,3,3a
PQ365538,3,3a,3,3a,3,3a,3,3a,3,3a
PQ365539,3,3g,3,3g,3,3g,3,3g,3,3g
PQ365540,3,3a,3,3a,3,3a,3,3a,3,3a
MT633133,7,7b,7,7b,3,3a,3,3a,7,7b
MT863939,3,3a,3,3a,3,3a,3,3a,,
MT863941,3,3a,3,3a,3,3a,3,3a,,
MT863943,1,1a,1,1a,1,1a,1,1a,,
MT863945,1,1a,1,1a,1,1a,1,1a,,
MT863947,1,1a,1,1a,1,1a,1,1a,,
MT863949,1,1a,1,1a,1,1a,1,1a,,
MT863951,4,4d,4,4d,4,4d,4,4d,,
MT863953,4,4d,4,4d,4,4d,4,4d,,
MT863955,1,1a,1,1a,1,1a,1,1a,,
MT863957,4,4d,4,4d,4,4d,4,4d,,
MT863959,1,1a,1,1a,1,1a,1,1a,,
MT863961,3,3a,3,3a,3,3a,3,3a,,
MT863963,3,3a,3,3a,3,3a,3,3a,,
MT863965,4,4d,4,4d,4,4d,4,4d,,
MT863967,1,1a,1,1a,1,1a,1,1a,,
MT863969,4,4d,4,4d,4,4d,4,4d,,
MT863971,3,3a,3,3a,3,3a,3,3a,,
MT863973,1,1a,1,1a,1,1a,1,1a,,
MT863975,4,4d,4,4d,4,4d,4,4d,,
MT863977,1,1a,1,1a,1,1a,1,1a,,
MT863979,1,1a,1,1a,1,1a,1,1a,,
MT863981,1,1a,1,1a,1,1a,1,1a,,
MT863983,3,3a,3,3a,3,3a,3,3a,,
MT863985,3,3a,3,3a,3,3a,3,3a,,
MT863987,4,4d,4,4d,4,4d,4,4d,,
MT863989,1,1a,1,1a,1,1a,1,1a,,
MT863991,1,1a,1,1a,1,1a,1,1a,,
MT863993,1,1a,1,1a,1,1a,1,1a,,
MT863995,3,3a,3,3a,3,3a,3,3a,,
MT863997,3,3a,3,3a,3,3a,3,3a,,
MT863999,3,3a,3,3a,3,3a,3,3a,,
MT864001,3,3a,3,3a,3,3a,3,3a,,
MT864003,1,1a,1,1a,1,1a,1,1a,,
MT864005,3,3a,3,3a,3,3a,3,3a,,
MT893907,4,4r,4,4r,4,4r,4,4r,4,4r
MT893908,4,4c,4,4c,4,4a,4,4a,4,4c
MT893909,4,4c,4,4c,4,4c,4,4a,4,4c
MT893910,4,4k,4,4k,4,4k,4,4k,4,4k
MT893911,4,4r,4,4r,4,4r,4,4r,4,4r
MT893912,4,4c,4,4c,4,4a,4,4a,4,4c
MT893913,4,4r,4,4r,4,4r,4,4r,4,4r
MT893914,4,4r,4,4r,4,4r,4,4r,4,4r
MW041294,2,2e,2,2c,2,2j,2,2j,2,
MW041295,2,2v,2,2v,2,2j,2,2j,2,
MW041296,2,2q,2,2c,2,2j,2,2j,2,
MW041297,2,2v,2,2v,2,2j,2,2j,2,
MW041298,2,2v,2,2v,2,2j,2,2j,2,
MW041299,2,2v,2,2v,2,2j,2,2j,2,
ON630763,1,1a,1,1a,1,1a,1,1a,1,
ON630764,1,1a,1,1a,1,1a,1,1a,1,
ON630765,1,1a,1,1a,1,1a,1,1a,1,
ON630766,1,1a,1,1a,1,1a,1,1a,1,
ON630767,1,1a,1,1a,1,1a,1,1a,1,
ON630768,1,1a,1,1a,1,1a,1,1a,1,
ON630769,1,1a,1,1a,1,1a,1,1a,1,
ON630770,1,1a,1,1a,1,1a,1,1a,1,
ON630771,1,1a,1,1a,1,1a,1,1a,1,
ON630772,1,1a,1,1a,1,1a,1,1a,1,
ON630773,1,1a,1,1a,1,1a,1,1a,1,
ON630774,1,1a,1,1a,1,1a,1,1a,1,
ON630775,1,1a,1,1a,1,1a,1,1a,1,
ON630776,1,1a,1,1a,1,1a,1,1a,1,
ON630777,1,1a,1,1a,1,1a,1,1a,1,
ON630778,1,1a,1,1a,1,1a,1,1a,1,
ON630779,1,1a,1,1a,1,1a,1,1a,1,
ON630780,1,1a,1,1a,1,1a,1,1a,1,
ON630781,1,1a,1,1a,1,1a,1,1a,1,
ON630782,1,1a,1,1a,1,1a,1,1a,1,
ON630783,1,1a,1,1a,1,1a,1,1a,1,
ON630784,1,1a,1,1a,1,1a,1,1a,1,
ON630785,1,1a,1,1a,1,1a,1,1a,1,
ON630786,1,1a,1,1a,1,1a,1,1a,1,
ON630787,1,1a,1,1a,1,1a,1,1a,1,
ON630788,1,1a,1,1a,1,1a,1,1a,1,
ON630789,1,1a,1,1a,1,1a,1,1a,1,
ON630790,1,1a,1,1a,1,1a,1,1a,1,
ON630791,1,1a,1,1a,1,1a,1,1a,1,
ON630792,1,1a,1,1a,1,1a,1,1a,1,
ON630793,1,1a,1,1a,1,1a,1,1a,1,
ON630794,1,1a,1,1a,1,1a,1,1a,1,
ON630795,1,1a,1,1a,1,1a,1,1a,1,
ON630796,1,1a,1,1a,1,1a,1,1a,1,
ON630797,1,1a,1,1a,1,1a,1,1a,1,
ON630798,1,1a,1,1a,1,1a,1,1a,1,
ON630799,1,1a,1,1a,1,1a,1,1a,1,
ON630800,1,1a,1,1a,1,1a,1,1a,1,
ON630801,1,1a,1,1a,1,1a,1,1a,1,
ON630802,1,1a,1,1a,1,1a,1,1a,1,
ON630803,1,1a,1,1a,1,1a,1,1a,1,
ON630804,1,1a,1,1a,1,1a,1,1a,1,
ON630805,1,1a,1,1a,1,1a,1,1a,1,
ON630806,1,1a,1,1a,1,1a,1,1a,1,
ON630807,1,1a,1,1a,1,1a,1,1a,1,
ON630808,1,1a,1,1a,1,1a,1,1a,1,
ON630809,1,1a,1,1a,1,1a,1,1a,1,
ON630810,1,1a,1,1a,1,1a,1,1a,1,
ON630811,1,1a,1,1a,1,1a,1,1a,1,
ON630812,1,1a,1,1a,1,1a,1,1a,1,
ON630813,1,1a,1,1a,1,1a,1,1a,1,
ON630814,1,1a,1,1a,1,1a,1,1a,1,
ON630815,1,1a,1,1a,1,1a,1,1a,1,
ON630816,1,1a,1,1a,1,1a,1,1a,1,
ON630817,1,1a,1,1a,1,1a,1,1a,1,
ON630818,1,1a,1,1a,1,1a,1,1a,1,
ON630819,1,1a,1,1a,1,1a,1,1a,1,
ON630820,1,1a,1,1a,1,1a,1,1a,1,
ON630821,1,1a,1,1a,1,1a,1,1a,1,
ON630822,1,1a,1,1a,1,1a,1,1a,1,
ON630823,1,1a,1,1a,1,1a,1,1a,1,
ON630824,1,1a,1,1a,1,1a,1,1a,1,
ON630825,1,1a,1,1a,1,1a,1,1a,1,
ON630826,1,1a,1,1a,1,1a,1,1a,1,
ON630827,1,1a,1,1a,1,1a,1,1a,1,
ON630828,1,1a,1,1a,1,1a,1,1a,1,
ON630829,1,1a,1,1a,1,1a,1,1a,1,
ON630830,1,1a,1,1a,1,1a,1,1a,1,
ON630831,1,1a,1,1a,1,1a,1,1a,1,
ON630832,1,1a,1,1a,1,1a,1,1a,1,
ON630833,1,1a,1,1a,1,1a,1,1a,1,
ON630834,1,1a,1,1a,1,1a,1,1a,1,
ON630835,1,1a,1,1a,1,1a,1,1a,1,
ON630836,1,1a,1,1a,1,1a,1,1a,1,
ON630837,1,1a,1,1a,1,1a,1,1a,1,
ON630838,1,1a,1,1a,1,1a,1,1a,1,
ON630839,1,1a,1,1a,1,1a,1,1a,1,
ON630840,1,1a,1,1a,1,1a,1,1a,1,
ON630841,1,1a,1,1a,1,1a,1,1a,1,
ON630842,1,1a,1,1a,1,1a,1,1a,1,
ON630843,1,1a,1,1a,1,1a,1,1a,1,
ON630844,1,1a,1,1a,1,1a,1,1a,1,
ON630845,1,1a,1,1a,1,1a,1,1a,1,
ON630846,1,1a,1,1a,1,1a,1,1a,1,
ON630847,1,1a,1,1a,1,1a,1,1a,1,
ON630848,1,1a,1,1a,1,1a,1,1a,1,
ON630849,1,1a,1,1a,1,1a,1,1a,1,
ON630850,1,1a,1,1a,1,1a,1,1a,1,
ON630851,1,1a,1,1a,1,1a,1,1a,1,
ON630852,1,1a,1,1a,1,1a,1,1a,1,
ON630853,1,1a,1,1a,1,1a,1,1a,1,
ON630854,1,1a,1,1a,1,1a,1,1a,1,
ON630855,1,1a,1,1a,1,1a,1,1a,1,
ON630856,1,1a,1,1a,1,1a,1,1a,1,
ON630857,1,1a,1,1a,1,1a,1,1a,1,
ON630858,1,1a,1,1a,1,1a,1,1a,1,
ON630859,1,1a,1,1a,1,1a,1,1a,1,
ON630860,1,1a,1,1a,1,1a,1,1a,1,
ON630861,1,1a,1,1a,1,1a,1,1a,1,
ON630862,1,1a,1,1a,1,1a,1,1a,1,
ON630863,1,1a,1,1a,1,1a,1,1a,1,
ON630864,1,1a,1,1a,1,1a,1,1a,1,
ON630865,1,1a,1,1a,1,1a,1,1a,1,
ON630866,1,1a,1,1a,1,1a,1,1a,1,
ON630867,1,1a,1,1a,1,1a,1,1a,1,
ON630868,1,1a,1,1a,1,1a,1,1a,1,
ON630869,1,1a,1,1a,1,1a,1,1a,1,
ON630870,4,4d,4,4d,4,4d,4,4d,4,
ON630871,4,4d,4,4d,4,4d,4,4d,4,
ON630872,4,4d,4,4d,4,4d,4,4d,4,
ON630873,4,4d,4,4d,4,4d,4,4d,4,
ON630874,4,4d,4,4d,4,4d,4,4d,4,
ON630875,4,4d,4,4d,4,4d,4,4d,4,
ON630876,4,4d,4,4d,4,4d,4,4d,4,
ON630877,4,4d,4,4d,4,4d,4,4d,4,
ON630878,4,4d,4,4d,4,4d,4,4d,4,
ON630879,4,4d,4,4d,4,4d,4,4d,4,
ON630880,4,4d,4,4d,4,4d,4,4d,4,
ON630881,4,4d,4,4d,4,4d,4,4d,4,
ON630882,4,4d,4,4d,4,4d,4,4d,4,
ON630883,4,4d,4,4d,4,4d,4,4d,4,
ON630884,4,4d,4,4d,4,4d,4,4d,4,
ON630885,4,4d,4,4d,4,4d,4,4d,4,
ON630886,4,4d,4,4d,4,4d,4,4d,4,
ON630887,4,4d,4,4d,4,4d,4,4d,4,
ON630888,4,4d,4,4d,4,4d,4,4d,4,
ON630889,4,4d,4,4d,4,4d,4,4d,4,
ON630890,4,4d,4,4d,4,4d,4,4d,4,
ON630891,4,4d,4,4d,4,4d,4,4d,4,
ON630892,4,4d,4,4d,4,4d,4,4d,4,
ON630893,4,4d,4,4d,4,4d,4,4d,4,
ON630894,4,4d,4,4d,4,4d,4,4d,4,
ON630895,4,4d,4,4d,4,4d,4,4d,4,
ON630896,4,4d,4,4d,4,4d,4,4d,4,
ON630897,4,4d,4,4d,4,4d,4,4d,4,
ON630898,4,4d,4,4d,4,4d,4,4d,4,
ON630899,4,4d,4,4d,4,4d,4,4d,4,
ON630900,4,4d,4,4d,4,4d,4,4d,4,
MW675788,1,1a,1,1a,1,1a,1,1a,1,1a
MW675790,1,1a,1,1a,1,1a,1,1a,1,1a
MW675792,1,1a,1,1a,1,1a,1,1a,1,1a
MW675793,1,1a,1,1a,1,1a,1,1a,1,1a
MW675797,4,4d,4,4d,4,4d,4,4d,4,4d
MN628574,3,3a,3,3a,3,3a,3,3a,3,3a
MN628575,3,3a,3,3a,3,3a,3,3a,3,3a
MN628576,3,3a,3,3a,3,3a,3,3a,3,3a
MN628577,3,3a,3,3a,3,3a,3,3a,3,3a
MN628578,3,3a,3,3a,3,3a,3,3a,3,3a
MN628579,3,3a,3,3a,3,3a,3,3a,3,3a
MN628580,1,1a,1,1a,1,1a,1,1a,3,3a
MN628581,3,3a,3,3a,3,3a,3,3a,1,1a
MN628582,3,3a,3,3a,3,3a,3,3a,3,3a
MN628583,3,3a,3,3a,3,3a,3,3a,3,3a
MN628584,3,3a,3,3a,3,3a,3,3a,3,3a
MN628585,3,3a,3,3a,3,3a,3,3a,3,3a
MN628586,3,3a,3,3a,3,3a,3,3a,3,3a
MN628587,3,3a,3,3a,3,3a,3,3a,3,3a
MN628588,3,3a,3,3a,3,3a,3,3a,3,3a
MN628589,3,3a,3,3a,3,3a,3,3a,3,3a
MN628590,3,3a,3,3a,3,3a,3,3a,3,3a
MN628591,3,3a,3,3a,3,3a,3,3a,3,3a
MN628592,1,1a,1,1a,1,1a,1,1a,1,1a
MN628593,3,3a,3,3a,3,3a,3,3a,3,3a
MN628594,3,3a,3,3a,3,3a,3,3a,3,3a
MN628595,3,3a,3,3a,3,3a,3,3a,3,3a
MN628596,3,3a,3,3a,3,3a,3,3a,3,3a
MN628597,3,3a,3,3a,3,3a,3,3a,3,3a
MN641918,1,1a,1,1a,1,1a,1,1a,,
MN641919,1,1a,1,1a,1,1a,1,1a,,
MN641920,1,1a,1,1a,1,1a,1,1a,,
MN641921,1,1a,1,1a,1,1a,1,1a,,
MN641922,1,1a,1,1a,1,1a,1,1a,,
MN641923,1,1a,1,1a,1,1a,1,1a,,
MN641924,1,1a,1,1a,1,1a,1,1a,,
MN641925,1,1a,1,1a,1,1a,1,1a,,
MN641926,1,1a,1,1a,1,1a,1,1a,,
MN641928,1,1a,1,1a,1,1a,1,1a,,
MN641929,1,1a,1,1a,1,1a,1,1a,,
MN641930,1,1a,1,1a,1,1a,1,1a,,
MN641931,1,1a,1,1a,1,1a,1,1a,,
MN641932,1,1d,1,1d,4,4d,4,4d,,
MN641933,1,1a,1,1a,1,1a,1,1a,,
MN641934,1,1a,1,1a,1,1a,1,1a,,
MN641935,3,3a,3,3a,3,3a,3,3a,,
MN641936,3,3a,3,3a,3,3a,3,3a,,
MN641937,3,3a,3,3a,3,3a,3,3a,,
MN641938,3,3a,3,3a,3,3a,3,3a,,
MN641939,3,3a,3,3a,3,3a,3,3a,,
MN641940,3,3a,3,3a,3,3a,3,3a,,
MN641941,3,3a,3,3a,3,3a,3,3a,,
MN641942,3,3a,3,3a,3,3a,3,3a,,
MN641943,3,3a,3,3a,3,3a,3,3a,,
MN641944,3,3a,3,3a,3,3a,3,3a,,
MN641945,3,3a,3,3a,3,3a,3,3a,,
MN641946,3,3a,3,3a,3,3a,3,3a,,
MN641947,3,3a,3,3a,3,3a,3,3a,,
MN641948,3,3a,3,3a,3,3a,3,3a,,
MN641949,3,3a,3,3a,3,3a,3,3a,,
MN641950,3,3a,3,3a,3,3a,3,3a,,
MN641951,3,3a,3,3a,3,3a,3,3a,,
MN641952,3,3a,3,3a,3,3a,3,3a,,
MN641953,3,3a,3,3a,3,3a,3,3a,,
MN641954,3,3a,3,3a,3,3a,3,3a,,
MN641955,3,3a,3,3a,3,3a,3,3a,,
MN641956,3,3a,3,3a,3,3a,3,3a,,
MN641957,3,3a,3,3a,3,3a,3,3a,,
MN641958,3,3a,3,3a,3,3a,3,3a,,
MN641959,4,4d,4,4d,4,4d,4,4d,,
MN641960,4,4d,4,4d,4,4d,4,4d,,
MN641961,4,4d,4,4d,4,4d,4,4d,,
MN641962,4,4d,4,4d,4,4d,4,4d,,
MN641963,4,4d,4,4d,4,4d,4,4d,,
MN641964,4,4d,4,4d,4,4d,4,4d,,
MN641965,4,4d,4,4d,4,4d,4,4d,,
MN641966,4,4d,4,4d,4,4d,4,4d,,
MN641967,4,4d,4,4d,4,4d,4,4d,,
MN641968,4,4d,4,4d,4,4d,4,4d,,
MN641969,4,4d,4,4d,4,4d,4,4d,,
MN641970,4,4d,4,4d,4,4d,4,4d,,
MN641971,4,4d,4,4d,4,4d,4,4d,,
MN641972,1,1a,1,1a,4,4d,4,4d,,
MN641973,1,1a,1,1a,1,1a,1,1a,,
MN641974,1,1a,1,1a,1,1a,1,1a,,
MN641975,1,1a,1,1a,1,1a,1,1a,,
MN641976,1,1a,1,1a,1,1a,1,1a,,
MN641977,1,1a,1,1a,1,1a,1,1a,,
MN641978,3,3a,3,3a,3,3a,3,3a,,
MN641979,3,3a,3,3a,3,3a,3,3a,,
MT151156,2,2a,2,2a,2,2a,2,2a,2,2a
MT151158,1,1b,1,1b,1,1b,1,1b,1,
MT151160,1,1a,1,1a,1,1a,1,1a,1,1a
MT151161,1,1n,1,1n,1,1b,1,1b,1,1n
MT151162,4,4g,4,4g,4,4f,4,4f,4,
MT151165,2,2r,2,2r,2,2j,2,2j,2,2j
MT151167,1,1l,1,1l,1,1l,1,1l,1,1l
MT151169,1,1l,1,1l,1,1l,1,1l,1,1l
MT151170,3,3h,3,3h,3,3h,3,3h,3,3h
MT151171,2,2u,2,2u,2,2j,2,2j,2,2u
MT151173,1,1a,1,1a,1,1a,1,1a,1,1a
MT151175,4,4v,4,4v,4,4v,4,4v,4,4v
MT151176,1,1d,1,1d,1,1h,1,1h,1,
MT151177,4,4r,4,4r,4,4r,4,4r,4,4r
MT151179,4,4v,4,4v,4,4v,4,4v,4,4v
MT151180,1,1e,1,1e,1,1e,1,1e,1,1e
MT151182,1,1h,1,1h,1,1h,1,1h,1,
MT151184,4,4v,4,4v,4,4v,4,4v,4,4v
MT151185,4,4k,4,4k,4,4k,4,4k,4,4k
MT151186,1,1b,1,1b,1,1b,1,1b,1,1b
MT151187,3,3a,3,3a,3,3a,3,3a,3,3a
MT151188,3,3h,3,3h,3,3h,3,3h,3,3h
MT151189,1,1b,1,1b,1,1b,1,1b,1,1b
MT151190,4,4k,4,4k,4,4k,4,4k,4,4k
MT151191,3,3a,3,3a,3,3a,3,3a,3,3a
MT151194,4,4c,4,4c,4,4a,4,4a,4,4c
MT151195,1,1b,1,1b,1,1b,1,1b,1,1b
MT151197,1,1l,1,1l,1,1l,1,1l,1,1l
MT151199,1,1b,1,1b,1,1b,1,1b,1,1b
MT151200,1,1a,1,1a,1,1a,1,1a,1,1a
MT151201,1,1b,1,1b,1,1b,1,1b,1,1b
MT151203,4,4d,4,4d,4,4d,4,4d,4,4d
MT151204,1,1l,1,1l,1,1l,1,1l,1,1l
MT151205,3,3a,3,3a,3,3a,3,3a,3,3a
MT151206,1,1o,1,1o,1,1a,1,1a,1,1o
MT151208,4,4v,4,4v,4,4v,4,4v,4,4v
MT151209,4,4k,4,4k,4,4k,4,4k,4,4k
MT151210,1,1b,1,1b,1,1b,1,1b,1,1b
MT151211,1,1o,1,1o,1,1a,1,1a,1,1m
MT151212,1,1d,1,1d,1,1b,1,1b,1,1d
MT151213,1,1b,1,1b,1,1b,1,1b,1,1b
MT151216,1,1l,1,1l,1,1l,1,1l,1,1l
MT151217,1,1b,1,1b,1,1b,1,1b,1,1b
MT151218,1,1a,1,1a,1,1a,1,1a,1,1a
MT151220,1,1b,1,1b,1,1b,1,1b,1,1b
MT151221,3,3h,3,3h,3,3h,3,3h,3,3h
MT151223,1,1b,1,1b,1,1b,1,1b,1,1b
MT151224,1,1b,1,1b,1,1b,1,1b,1,1b
MT151225,1,1l,1,1l,1,1l,1,1l,1,1l
MT151226,1,1o,1,1o,1,1a,1,1a,1,1o
MT151228,1,1e,1,1e,1,1e,1,1e,1,1e
MT151229,5,5a,5,5a,5,5a,5,5a,5,5a
MT151232,4,4r,4,4r,4,4r,4,4r,4,4r
MT151234,1,1g,1,1g,1,1g,1,1g,1,1g
MT151235,1,1a,1,1a,1,1a,1,1a,1,1a
MT151236,2,2c,2,2c,2,2a,2,2a,2,2c
MT151238,1,1c,1,1c,1,1a,1,1a,1,1c
MT151242,1,1b,1,1b,1,1b,1,1b,1,1o
MT151244,3,3a,3,3a,3,3a,3,3a,3,3a
MT151245,4,4r,4,4r,4,4r,4,4r,4,4r
MT151246,5,5a,5,5a,5,5a,5,5a,5,5a
MT151248,4,4r,4,4r,4,4r,4,4r,4,4r
MT151249,3,3h,3,3h,3,3h,3,3h,3,3h
MT151251,1,1a,1,1a,1,1a,1,1a,1,1a
MT151252,4,4c,4,4c,4,4a,4,4a,4,4c
MT151254,1,1a,1,1a,1,1a,1,1a,1,1a
MT151255,1,1o,1,1o,1,1c,1,1c,1,1o
MT151256,3,3h,3,3h,3,3h,3,3h,3,3h
MT151260,3,3h,3,3h,3,3h,3,3h,3,3h
MT151262,2,2r,2,2r,2,2a,2,2a,2,2r
MT151263,1,1l,1,1l,1,1l,1,1l,1,1l
MT151264,1,1b,1,1b,1,1a,1,1a,1,1a
MT151265,1,1a,1,1a,1,1a,1,1a,1,1a
MT151267,1,1a,1,1a,1,1a,1,1a,1,1a
MT151269,1,1a,1,1a,1,1a,1,1a,1,1a
MT151271,1,1b,1,1b,1,1b,1,1b,1,1b
MT151272,1,1o,1,1o,1,1a,1,1a,1,1o
MT151273,1,1a,1,1a,1,1a,1,1a,1,1a
MT151276,1,1a,1,1a,1,1a,1,1a,1,1a
MT151277,5,5a,5,5a,5,5a,5,5a,5,5a
MT151278,1,1b,1,1b,1,1b,1,1b,1,1b
MT151279,4,4r,4,4r,4,4r,4,4r,4,4r
MT151280,1,1b,1,1b,1,1b,1,1b,1,1b
MT151281,3,3a,3,3a,3,3a,3,3a,3,3a
MT151283,4,4c,4,4c,4,4a,4,4a,4,4c
MT151285,1,1b,1,1b,1,1b,1,1b,1,1b
MT151286,3,3h,3,3h,3,3h,3,3h,3,3h
MT233451,1,1a,1,1a,1,1a,1,1a,1,
MT233452,1,1a,1,1a,1,1a,1,1a,1,
MT233453,1,1a,1,1a,1,1a,1,1a,1,
MT233454,1,1a,1,1a,1,1a,1,1a,1,
MT233455,1,1a,1,1a,1,1a,1,1a,1,
MT233456,1,1a,1,1a,1,1a,1,1a,1,
MT233457,1,1a,1,1a,1,1a,1,1a,1,
MT233459,1,1a,1,1a,1,1a,1,1a,1,
MT233460,1,1a,1,1a,1,1a,1,1a,1,
MT233461,1,1a,1,1a,1,1a,1,1a,1,
MT233462,1,1a,1,1a,1,1a,1,1a,1,
MT233463,1,1a,1,1a,1,1a,1,1a,1,
MT233464,1,1a,1,1a,1,1a,1,1a,1,
MT233465,1,1a,1,1a,1,1a,1,1a,1,
MT233466,1,1a,1,1a,1,1a,1,1a,1,
MT233467,1,1a,1,1a,1,1a,1,1a,1,
MT233469,1,1a,1,1a,1,1a,1,1a,1,
MT233470,1,1a,1,1a,1,1a,1,1a,1,
MT233471,1,1a,1,1a,1,1a,1,1a,1,
MT233472,1,1a,1,1a,1,1a,1,1a,1,
MT233473,1,1a,1,1a,1,1a,1,1a,1,
MT233474,1,1a,1,1a,1,1a,1,1a,1,
MT233475,1,1a,1,1a,1,1a,1,1a,1,
MT233478,1,1a,1,1a,1,1a,1,1a,1,
MT233479,1,1a,1,1a,1,1a,1,1a,1,
MT233480,1,1a,1,1a,1,1a,1,1a,1,
MT233481,1,1a,1,1a,1,1a,1,1a,1,
MT233482,1,1a,1,1a,1,1a,1,1a,1,
MT233483,1,1a,1,1a,1,1a,1,1a,1,
MT233484,1,1a,1,1a,1,1a,1,1a,1,
MT233485,1,1a,1,1a,1,1a,1,1a,1,
MT233486,1,1a,1,1a,1,1a,1,1a,1,
MT233487,1,1a,1,1a,1,1a,1,1a,1,
MT233488,1,1a,1,1a,1,1a,1,1a,1,
MT233489,1,1a,1,1a,1,1a,1,1a,1,
MT233490,1,1a,1,1a,1,1a,1,1a,1,
MT233491,1,1a,1,1a,1,1a,1,1a,1,
MT233492,1,1a,1,1a,1,1a,1,1a,1,
MT233493,1,1a,1,1a,1,1a,1,1a,1,
MT233495,1,1a,1,1a,1,1a,1,1a,1,
MT233496,1,1a,1,1a,1,1a,1,1a,1,
MT233497,1,1a,1,1a,1,1a,1,1a,1,
MT233498,1,1a,1,1a,1,1a,1,1a,1,
MT233499,1,1a,1,1a,1,1a,1,1a,1,
MT233500,1,1a,1,1a,1,1a,1,1a,1,
MT233502,1,1a,1,1a,1,1a,1,1a,1,
MT233503,1,1a,1,1a,1,1a,1,1a,1,
MT233504,1,1b,1,1b,1,1b,1,1b,1,
MT233509,1,1b,1,1b,1,1b,1,1b,1,
MT233512,1,1b,1,1b,1,1b,1,1b,1,
MT233513,1,1b,1,1b,1,1b,1,1b,1,
MT233515,1,1b,1,1b,1,1b,1,1b,1,
MT233517,1,1b,1,1b,1,1b,1,1b,1,
MT233518,1,1b,1,1b,1,1b,1,1b,1,
MT259593,1,1a,1,1a,1,1a,1,1a,1,1a
MT259594,1,1a,1,1a,1,1a,1,1a,1,1a
MT259595,1,1a,1,1a,1,1a,1,1a,1,1a
MT259596,1,1a,1,1a,1,1a,1,1a,1,1a
MT259597,1,1a,1,1a,1,1a,1,1a,1,1a
MT259598,1,1a,1,1a,1,1a,1,1a,1,1a
MT259599,1,1a,1,1a,1,1a,1,1a,1,1a
MT259600,1,1a,1,1a,1,1a,1,1a,1,1a
MT259601,1,1a,1,1a,1,1a,1,1a,1,1a
MT259602,1,1a,1,1a,1,1a,1,1a,1,1a
MT259603,1,1a,1,1a,1,1a,1,1a,1,1a
MT259604,1,1a,1,1a,1,1a,1,1a,1,1a
MT259605,1,1a,1,1a,1,1a,1,1a,1,1a
MT259606,1,1a,1,1a,1,1a,1,1a,1,1a
MT259607,1,1a,1,1a,1,1a,1,1a,1,1a
MT259608,1,1a,1,1a,1,1a,1,1a,1,1a
MT259609,1,1a,1,1a,1,1a,1,1a,1,1a
MT259610,1,1a,1,1a,1,1a,1,1a,1,1a
MT259611,1,1a,1,1a,1,1a,1,1a,1,1a
MT259612,1,1a,1,1a,1,1a,1,1a,1,1a
MT259613,1,1a,1,1a,1,1a,1,1a,1,1a
MT259614,1,1a,1,1a,1,1a,1,1a,1,1a
MT259615,1,1a,1,1a,1,1a,1,1a,1,1a
MT259616,1,1a,1,1a,1,1a,1,1a,1,1a
MT259617,1,1a,1,1a,1,1a,1,1a,1,1a
MT259618,1,1a,1,1a,1,1a,1,1a,1,1a
MT259619,1,1a,1,1a,1,1a,1,1a,1,1a
MT259620,1,1a,1,1a,1,1a,1,1a,1,1a
MT259621,1,1a,1,1a,1,1a,1,1a,1,1a
MT259622,1,1a,1,1a,1,1a,1,1a,1,1a
MT259623,1,1a,1,1a,1,1a,1,1a,1,1a
MT259624,1,1a,1,1a,1,1a,1,1a,1,1a
MT259625,1,1a,1,1a,1,1a,1,1a,1,1a
MT259626,1,1a,1,1a,1,1a,1,1a,1,1a
MT259627,1,1a,1,1a,1,1a,1,1a,1,1a
MT259628,1,1a,1,1a,1,1a,1,1a,1,1a
MT259629,1,1a,1,1a,1,1a,1,1a,1,1a
MT259630,1,1a,1,1a,1,1a,1,1a,1,1a
MT259631,1,1a,1,1a,1,1a,1,1a,1,1a
MT259632,1,1a,1,1a,1,1a,1,1a,1,1a
MT259633,1,1a,1,1a,1,1a,1,1a,1,1a
MT259634,1,1a,1,1a,1,1a,1,1a,1,1a
MT259635,1,1a,1,1a,1,1a,1,1a,1,1a
MT259636,1,1a,1,1a,1,1a,1,1a,1,1a
MT259637,1,1a,1,1a,1,1a,1,1a,1,1a
MT259638,1,1a,1,1a,1,1a,1,1a,1,1a
MT259640,1,1a,1,1a,1,1a,1,1a,1,1a
MT259641,1,1a,1,1a,1,1a,1,1a,1,1a
MT259642,1,1a,1,1a,1,1a,1,1a,1,1a
MT259643,1,1a,1,1a,1,1a,1,1a,1,1a
MT259644,1,1a,1,1a,1,1a,1,1a,1,1a
MT259645,1,1a,1,1a,1,1a,1,1a,1,1a
MT259646,1,1a,1,1a,1,1a,1,1a,1,1a
MT259647,1,1a,1,1a,1,1a,1,1a,1,1a
MT259648,1,1a,1,1a,1,1a,1,1a,1,1a
MT259649,1,1a,1,1a,1,1a,1,1a,1,1a
MT259650,1,1a,1,1a,1,1a,1,1a,1,1a
MT259651,1,1a,1,1a,1,1a,1,1a,1,1a
MT259652,1,1a,1,1a,1,1a,1,1a,1,1a
MT259653,1,1a,1,1a,1,1a,1,1a,1,1a
MT259654,1,1a,1,1a,1,1a,1,1a,1,1a
MT259655,1,1a,1,1a,1,1a,1,1a,1,1a
MT259656,1,1a,1,1a,1,1a,1,1a,1,1a
MT259657,1,1a,1,1a,1,1a,1,1a,1,1a
MT259658,1,1a,1,1a,1,1a,1,1a,1,1a
MT259659,1,1a,1,1a,1,1a,1,1a,1,1a
MT347782,3,3a,3,3a,3,3a,3,3a,3,3a
MT347784,3,3a,3,3a,3,3a,3,3a,3,3a
MT347785,3,3a,3,3a,3,3a,3,3a,3,3a
MT347788,3,3a,3,3a,3,3a,3,3a,3,3a
MT347792,3,3a,3,3a,3,3a,3,3a,3,3a
MT347793,3,3a,3,3a,3,3a,3,3a,3,3a
MT347795,3,3a,3,3a,3,3a,3,3a,3,3a
MT347798,3,3a,3,3a,3,3a,3,3a,3,3a
MT347799,3,3a,3,3a,3,3a,3,3a,3,3a
MT603183,1,1a,1,1a,1,1a,1,1a,1,1a
MT603184,1,1a,1,1a,1,1a,1,1a,1,1a
MT603185,1,1a,1,1a,1,1a,1,1a,1,1a
MT603186,1,1a,1,1a,1,1a,1,1a,1,1a
MT603187,1,1a,1,1a,1,1a,1,1a,1,1a
MT603188,1,1a,1,1a,1,1a,1,1a,1,1a
MT603189,1,1a,1,1a,1,1a,1,1a,1,1a
MT603190,1,1a,1,1a,1,1a,1,1a,1,1a
MT603191,1,1a,1,1a,1,1a,1,1a,1,1a
MT603192,1,1a,1,1a,1,1a,1,1a,1,1a
MT603193,1,1a,1,1a,1,1a,1,1a,1,1a
MT603194,1,1a,1,1a,1,1a,1,1a,1,1a
MT603195,1,1a,1,1a,1,1a,1,1a,1,1a
MT603196,1,1a,1,1a,1,1a,1,1a,1,1a
MT603197,1,1a,1,1a,1,1a,1,1a,1,1a
MT603198,1,1a,1,1a,1,1a,1,1a,1,1a
MT603199,1,1a,1,1a,1,1a,1,1a,1,1a
MT603200,1,1a,1,1a,1,1a,1,1a,1,1a
MT603201,1,1a,1,1a,1,1a,1,1a,1,1a
MT603202,1,1a,1,1a,1,1a,1,1a,1,1a
MT603203,1,1a,1,1a,1,1a,1,1a,1,1a
MT603204,1,1a,1,1a,1,1a,1,1a,1,1a
MT603205,1,1a,1,1a,1,1a,1,1a,1,1a
MT603206,1,1a,1,1a,1,1a,1,1a,1,1a
MT603207,1,1a,1,1a,1,1a,1,1a,1,1a
MT603208,1,1a,1,1a,1,1a,1,1a,1,1a
MT603209,1,1a,1,1a,1,1a,1,1a,1,1a
MT603210,1,1a,1,1a,1,1a,1,1a,1,1a
MT603211,1,1a,1,1a,1,1a,1,1a,1,1a
MT603212,1,1a,1,1a,1,1a,1,1a,1,1a
MT603213,1,1a,1,1a,1,1a,1,1a,1,1a
MT603214,1,1b,1,1b,1,1b,1,1b,1,1b
MT603215,1,1b,1,1b,1,1b,1,1b,1,1b
MT603216,1,1b,1,1b,1,1b,1,1b,1,1b
MT603217,1,1b,1,1b,1,1b,1,1b,1,1b
MT603218,3,3a,3,3a,3,3a,3,3a,3,3a
MT603219,3,3a,3,3a,3,3a,3,3a,3,3a
MT603220,3,3a,3,3a,3,3a,3,3a,3,3a
MT603221,3,3a,3,3a,3,3a,3,3a,3,3a
MT603223,3,3a,3,3a,3,3a,3,3a,3,3a
MT603224,3,3a,3,3a,3,3a,3,3a,3,3a
MT603225,3,3a,3,3a,3,3a,3,3a,3,3a
MT603226,3,3a,3,3a,3,3a,3,3a,3,3a
MT603227,3,3a,3,3a,3,3a,3,3a,3,3a
MT603228,3,3a,3,3a,3,3a,3,3a,3,3a
MT603229,3,3a,3,3a,3,3a,3,3a,3,3a
MT603230,3,3a,3,3a,3,3a,3,3a,3,3a
MT603231,3,3a,3,3a,3,3a,3,3a,3,3a
MT603232,3,3a,3,3a,3,3a,3,3a,3,3a
ON228289,5,5a,5,5a,5,5a,5,5a,5,5a
ON228290,5,5a,5,5a,5,5a,5,5a,5,5a
ON228291,5,5a,5,5a,5,5a,5,5a,5,5a
ON228292,5,5a,5,5a,5,5a,5,5a,5,5a
ON228293,5,5a,5,5a,5,5a,5,5a,5,5a
MK252764,3,3b,3,3b,3,3b,3,3b,,
MK252765,3,3b,3,3b,3,3b,3,3b,,
MK252766,3,3b,3,3b,3,3b,3,3b,,
MK252767,3,3b,3,3b,3,3b,3,3b,,
MK252768,1,1a,1,1a,1,1a,1,1a,,
MK252769,5,5a,5,5a,6,6xa,6,6xa,,
MK252770,5,5a,6,6n,6,6n,6,6n,,
MK252771,5,5a,6,6xa,6,6xa,6,6xa,,
MK252772,3,3b,3,3b,3,3b,3,3b,,
MK252773,5,5a,6,6xa,6,6xa,6,6xa,,
MK252774,6,6n,6,6n,6,6n,6,6n,,
MK252775,5,5a,5,5a,6,6xa,6,6xa,,
MK252776,5,5a,5,5a,6,6xa,6,6xa,,
MK252777,3,3b,3,3b,3,3b,3,3b,,
MK252778,3,3b,3,3b,3,3b,3,3b,,
MK252779,6,6n,6,6n,6,6n,6,6n,,
MK252780,5,5a,6,6xa,6,6xa,6,6xa,,
MK252782,5,5a,5,5a,6,6xa,6,6xa,,
MK252783,3,3b,3,3b,3,3b,3,3b,,
MK252784,5,5a,5,5a,6,6xa,6,6xa,,
MK252785,3,3b,3,3b,3,3b,3,3b,,
MK252786,6,6n,6,6n,6,6n,6,6n,,
MK252788,6,6v,6,6v,6,6v,6,6v,,
MK252789,4,4v,6,6n,6,6n,6,6n,,
MK252790,5,5a,5,5a,6,6xa,6,6xa,,
MK252791,1,1a,1,1a,1,1a,1,1a,,
MK252793,3,3b,3,3b,3,3b,3,3b,,
MK252794,3,3b,3,3b,3,3b,3,3b,,
MK252795,1,1a,1,1a,1,1a,1,1a,,
MK252797,4,4d,6,6n,6,6n,6,6n,,
MK252798,5,5a,5,5a,6,6n,6,6n,,
MK252799,6,6n,4,4c,6,6n,6,6n,,
MK252800,6,6n,6,6n,6,6n,6,6n,,
MK252801,6,6n,6,6n,6,6n,6,6n,,
MK252802,6,6n,6,6n,6,6n,6,6n,,
MK252803,5,5a,5,5a,6,6xa,6,6xa,,
MK252804,5,5a,6,6xa,1,1b,1,1b,,
MK252805,3,3b,3,3b,3,3b,3,3b,,
MK252806,3,3a,3,3a,3,3a,3,3a,,
MK252807,5,5a,5,5a,6,6xa,6,6xa,,
MK252809,5,5a,5,5a,6,6xa,6,6xa,,
MK252810,4,4d,4,4d,6,6n,6,6n,,
MK252811,6,6n,6,6n,6,6n,6,6n,,
MK252812,5,5a,5,5a,6,6xa,6,6xa,,
MK252813,3,3a,3,3a,3,3a,3,3a,,
MK252815,5,5a,5,5a,6,6xa,6,6xa,,
MK252816,3,3a,3,3a,3,3a,3,3a,,
MK252817,3,3b,3,3b,3,3b,3,3b,,
MK252818,3,3a,3,3a,3,3a,3,3a,,
MK252819,5,5a,5,5a,6,6xa,6,6xa,,
MK252821,3,3a,3,3a,3,3a,3,3a,,
MK252822,6,6xa,6,6xa,6,6xa,6,6xa,,
MK252823,5,5a,5,5a,6,6xa,6,6xa,,
MK252824,3,3b,3,3b,3,3b,3,3b,,
MK327981,6,6g,6,6g,1,1l,6,6w,6,
MK327982,6,6g,6,6g,6,6g,6,6g,6,
MK327983,6,6g,6,6g,6,6w,6,6g,6,
MK327984,6,6g,6,6g,6,6w,6,6g,6,
MK327985,6,6g,6,6g,6,6w,6,6w,6,
MK327986,6,6a,6,6a,6,6a,6,6a,6,
MK327987,6,6q,6,6g,1,1l,6,6w,6,
MK327988,5,5b,6,6g,6,6g,6,6g,6,
MK327989,6,6xh,6,6xh,6,6w,6,6w,6,
MK327990,6,6w,6,6n,3,3a,6,6w,6,
MK327991,6,6w,6,6xa,6,6w,6,6w,6,
MK327992,6,6g,6,6g,6,6g,6,6g,6,
MK327993,6,6xa,6,6xd,4,4k,1,1b,6,
MK327995,5,5a,6,6g,6,6w,6,6w,6,
MK327996,6,6xh,6,6xh,6,6w,6,6w,6,
MK327997,6,6g,6,6g,6,6w,6,6g,6,
MK327998,5,5a,6,6g,6,6w,6,6w,6,
MK327999,6,6q,6,6g,1,1b,6,6w,6,
MK328000,6,6g,6,6g,6,6g,6,6g,6,
MK328001,6,6w,6,6xa,1,1b,6,6w,6,
MK328002,6,6xh,6,6xh,6,6w,6,6w,6,
MK328003,6,6xh,6,6xh,6,6w,6,6w,6,
MK328005,6,6g,6,6g,6,6w,6,6g,6,
MK328006,6,6xh,6,6xh,6,6w,6,6w,6,
MK328007,6,6q,6,6g,6,6w,6,6w,6,
MK328008,6,6g,8,8a,6,6w,6,6w,6,
MK328009,6,6q,6,6g,6,6w,6,6w,6,
MK328010,6,6xh,6,6xh,6,6w,6,6w,6,
MK328012,6,6b,6,6d,2,2b,1,1b,6,
MK328013,6,6g,6,6g,6,6g,6,6g,6,
MK328014,6,6g,6,6g,6,6t,6,6w,6,
MK328015,6,6g,6,6g,6,6g,6,6g,6,
MK328018,6,6g,6,6g,6,6w,6,6w,6,
MK328019,6,6g,6,6g,6,6w,6,6g,6,
MK328020,6,6g,6,6g,1,1b,6,6w,6,
MK328021,6,6w,6,6xa,3,3a,6,6w,6,
MK328022,6,6g,6,6g,6,6g,6,6g,6,
MK328023,6,6xe,6,6l,6,6w,6,6w,6,
MK328024,6,6g,6,6g,6,6g,6,6g,6,
MK328025,6,6xg,6,6g,1,1l,6,6w,6,
MK328026,6,6g,6,6g,4,4k,6,6w,6,
MK612000,1,1a,1,1a,1,1a,1,1a,1,1a
MK612003,1,1a,1,1a,1,1a,1,1a,1,1a
MK612006,3,3a,3,3a,3,3a,3,3a,3,3a
MK612009,1,1a,1,1a,1,1a,1,1a,1,1a
MK612012,3,3a,3,3a,3,3a,3,3a,3,3a
MK612015,1,1a,1,1a,1,1a,1,1a,1,1a
MK612018,3,3a,3,3a,3,3a,3,3a,3,3a
MK612021,2,2a,2,2a,2,2a,2,2a,2,2a
MK612024,3,3a,3,3a,3,3a,3,3a,3,3a
MK612027,3,3a,3,3a,3,3a,3,3a,3,3a
MK612030,1,1a,1,1a,1,1a,1,1a,1,1a
MK612033,3,3a,3,3a,3,3a,3,3a,3,3a
MK612036,3,3a,3,3a,3,3a,3,3a,3,3a
MK612039,4,4a,4,4a,4,4a,4,4a,4,4a
MK799639,4,4n,4,4n,4,4n,4,4n,4,4n
MK814770,4,4d,4,4d,4,4d,4,4d,,
MK814771,4,4c,4,4c,4,4a,4,4a,,
MK816407,1,1b,1,1b,1,1b,1,1b,1,1b
MK816408,3,3a,3,3a,3,3a,3,3a,3,3a
MK816409,1,1b,1,1b,1,1b,1,1b,1,1b
MK816411,4,4d,4,4d,4,4d,4,4d,4,4d
MK816412,1,1a,1,1a,1,1a,1,1a,1,1a
MN146044,1,1a,1,1a,1,1a,1,1a,1,1a
MN146045,1,1a,1,1a,1,1a,1,1a,1,1a
MN146048,1,1a,1,1a,1,1a,1,1a,1,1a
MN146053,1,1a,1,1a,1,1a,1,1a,1,1a
MN146054,1,1a,1,1a,1,1a,1,1a,1,1a
MN146055,1,1a,1,1a,1,1a,1,1a,1,1a
MN146057,1,1a,1,1a,1,1a,1,1a,1,1a
MN146059,1,1a,1,1a,1,1a,1,1a,1,1a
MN146061,1,1a,1,1a,1,1a,1,1a,1,1a
MN146062,1,1a,1,1a,1,1a,1,1a,1,1a
MN146063,1,1a,1,1a,1,1a,1,1a,1,1a
MN146064,1,1a,1,1a,1,1a,1,1a,1,1a
MN146065,1,1a,1,1a,1,1a,1,1a,1,1a
MN146067,1,1a,1,1a,1,1a,1,1a,1,1a
MN146068,1,1a,1,1a,1,1a,1,1a,1,1a
MN146069,1,1a,1,1a,1,1a,1,1a,1,1a
MN146070,1,1a,1,1a,1,1a,1,1a,1,1a
MN146071,1,1a,1,1a,1,1a,1,1a,1,1a
MN146075,1,1a,1,1a,1,1a,1,1a,1,1a
MN146076,1,1a,1,1a,1,1a,1,1a,1,1a
MN146079,1,1a,1,1a,1,1a,1,1a,1,1a
MN146080,1,1a,1,1a,1,1a,1,1a,1,1a
MN146081,1,1a,1,1a,1,1a,1,1a,1,1a
MN146082,1,1a,1,1a,1,1a,1,1a,1,1a
MN146085,1,1a,1,1a,1,1a,1,1a,1,1a
MN146087,1,1a,1,1a,1,1a,1,1a,1,1a
MN146089,1,1a,1,1a,1,1a,1,1a,1,1a
MN146090,1,1a,1,1a,1,1a,1,1a,1,1a
MN146091,1,1a,1,1a,1,1a,1,1a,1,1a
MN146092,1,1a,1,1a,1,1a,1,1a,1,1a
MN146094,1,1a,1,1a,1,1a,1,1a,1,1a
MN146095,1,1a,1,1a,1,1a,1,1a,1,1a
MN146096,1,1a,1,1a,1,1a,1,1a,1,1a
MN146105,1,1a,1,1a,1,1a,1,1a,1,1a
MN146106,1,1a,1,1a,1,1a,1,1a,1,1a
MN146107,1,1a,1,1a,1,1a,1,1a,1,1a
MN146108,1,1a,1,1a,1,1a,1,1a,1,1a
MN146115,1,1a,1,1a,1,1a,1,1a,1,1a
MN146119,1,1a,1,1a,1,1a,1,1a,1,1a
MN146124,1,1a,1,1a,1,1a,1,1a,1,1a
MN146125,1,1a,1,1a,1,1a,1,1a,1,1a
MN146127,1,1a,1,1a,1,1a,1,1a,1,1a
MN146128,1,1a,1,1a,1,1a,1,1a,1,1a
MN146130,1,1a,1,1a,1,1a,1,1a,1,1a
MN146134,1,1a,1,1a,1,1a,1,1a,1,1a
MN146136,1,1a,1,1a,1,1a,1,1a,1,1a
MN146137,1,1a,1,1a,1,1a,1,1a,1,1a
MN146141,1,1a,1,1a,1,1a,1,1a,1,1a
MN146142,1,1a,1,1a,1,1a,1,1a,1,1a
MN146144,1,1a,1,1a,1,1a,1,1a,1,1a
MN146162,1,1a,1,1a,1,1a,1,1a,1,1a
MN146163,1,1a,1,1a,1,1a,1,1a,1,1a
MN146164,1,1a,1,1a,1,1a,1,1a,1,1a
MN146165,1,1a,1,1a,1,1a,1,1a,1,1a
MN146166,1,1a,1,1a,1,1a,1,1a,1,1a
MN146168,1,1a,1,1a,1,1a,1,1a,1,1a
MN146169,1,1a,1,1a,1,1a,1,1a,1,1a
MN146170,1,1a,1,1a,1,1a,1,1a,1,1a
MN146172,1,1a,1,1a,1,1a,1,1a,1,1a
MN146174,1,1a,1,1a,1,1a,1,1a,1,1a
MN146175,1,1b,1,1b,1,1b,1,1b,1,1b
MN146176,1,1b,1,1b,1,1b,1,1b,1,1b
MN146177,1,1b,1,1b,1,1b,1,1b,1,1b
MN146178,1,1b,1,1b,1,1b,1,1b,1,1b
MN146179,1,1b,1,1b,1,1b,1,1b,1,1b
MN146187,1,1a,1,1a,1,1a,1,1a,1,1a
MN146194,1,1a,1,1a,1,1a,1,1a,1,1a
MN146195,1,1a,1,1a,1,1a,1,1a,1,1a
MN146197,1,1a,1,1a,1,1a,1,1a,1,1a
MN146199,1,1a,1,1a,1,1a,1,1a,1,1a
MN146200,1,1a,1,1a,1,1a,1,1a,1,1a
MN146201,1,1a,1,1a,1,1a,1,1a,1,1a
MN146202,1,1a,1,1a,1,1a,1,1a,1,1a
MN146203,1,1a,1,1a,1,1a,1,1a,1,1a
MN146204,1,1a,1,1a,1,1a,1,1a,1,1a
MN146205,1,1a,1,1a,1,1a,1,1a,1,1a
MN146206,1,1a,1,1a,1,1a,1,1a,1,1a
MN146207,1,1a,1,1a,1,1a,1,1a,1,1a
MN146208,1,1a,1,1a,1,1a,1,1a,1,1a
MN146211,1,1a,1,1a,1,1a,1,1a,1,1a
MN146212,1,1a,1,1a,1,1a,1,1a,1,1a
MN146214,3,3a,3,3a,3,3a,3,3a,3,3a
MN146215,3,3a,3,3a,3,3a,3,3a,3,3a
MN146216,3,3a,3,3a,3,3a,3,3a,3,3a
MN146217,3,3a,3,3a,3,3a,3,3a,3,3a
MN146218,1,1b,1,1b,1,1b,1,1b,1,1b
MN146219,1,1b,1,1b,1,1b,1,1b,1,1b
MN146221,1,1b,1,1b,1,1b,1,1b,1,1b
MN146222,1,1b,1,1b,1,1b,1,1b,1,1b
MN146223,1,1a,1,1a,1,1a,1,1a,1,1a
MN146224,1,1a,1,1a,1,1a,1,1a,1,1a
MN146225,1,1a,1,1a,1,1a,1,1a,1,1a
MN146226,1,1a,1,1a,1,1a,1,1a,1,1a
MN146227,1,1a,1,1a,1,1a,1,1a,1,1a
MN146228,1,1a,1,1a,1,1a,1,1a,1,1a
MN146229,1,1a,1,1a,1,1a,1,1a,1,1a
MN146231,1,1a,1,1a,1,1a,1,1a,1,1a
MN146234,1,1a,1,1a,1,1a,1,1a,1,1a
MN146235,1,1a,1,1a,1,1a,1,1a,1,1a
MN146236,1,1a,1,1a,1,1a,1,1a,1,1a
MN146238,1,1a,1,1a,1,1a,1,1a,1,1a
MN146240,1,1a,1,1a,1,1a,1,1a,1,1a
MN146242,1,1a,1,1a,1,1a,1,1a,1,1a
MN146243,1,1a,1,1a,1,1a,1,1a,1,1a
MN146245,1,1a,1,1a,1,1a,1,1a,1,1a
MN146249,1,1a,1,1a,1,1a,1,1a,1,1a
MN146250,1,1a,1,1a,1,1a,1,1a,1,1a
MN146251,1,1a,1,1a,1,1a,1,1a,1,1a
MN146253,1,1a,1,1a,1,1a,1,1a,1,1a
MN146254,1,1a,1,1a,1,1a,1,1a,1,1a
MN146255,1,1a,1,1a,1,1a,1,1a,1,1a
MN146257,1,1a,1,1a,1,1a,1,1a,1,1a
MN146259,1,1a,1,1a,1,1a,1,1a,1,1a
MN146261,1,1a,1,1a,1,1a,1,1a,1,1a
MN146262,1,1a,1,1a,1,1a,1,1a,1,1a
MN146263,1,1a,1,1a,1,1a,1,1a,1,1a
MN146269,1,1a,1,1a,1,1a,1,1a,1,1a
MN146270,1,1a,1,1a,1,1a,1,1a,1,1a
MN146273,1,1a,1,1a,1,1a,1,1a,1,1a
MN146274,1,1a,1,1a,1,1a,1,1a,1,1a
MN146275,1,1a,1,1a,1,1a,1,1a,1,1a
MN146277,1,1b,1,1b,1,1b,1,1b,1,1b
MN146278,1,1b,1,1b,1,1b,1,1b,1,1b
MN146279,1,1b,1,1b,1,1b,1,1b,1,1b
MN146280,1,1b,1,1b,1,1b,1,1b,1,1b
MN146281,1,1b,1,1b,1,1b,1,1b,1,1b
MN146282,1,1b,1,1b,1,1b,1,1b,1,1b
MN146283,1,1b,1,1b,1,1b,1,1b,1,1b
MN146284,1,1b,1,1b,1,1b,1,1b,1,1b
MN146285,1,1b,1,1b,1,1b,1,1b,1,1b
MN146286,1,1b,1,1b,1,1b,1,1b,1,1b
MN146287,1,1a,1,1a,1,1a,1,1a,1,1a
MN146288,1,1a,1,1a,1,1a,1,1a,1,1a
MN146289,1,1b,1,1b,1,1b,1,1b,1,1b
MN146291,1,1b,1,1b,1,1b,1,1b,1,1b
MN146293,1,1b,1,1b,1,1b,1,1b,1,1b
MN146295,1,1a,1,1a,1,1a,1,1a,1,1a
MN146296,1,1a,1,1a,1,1a,1,1a,1,1a
MN146305,1,1a,1,1a,1,1a,1,1a,1,1a
MN146306,1,1a,1,1a,1,1a,1,1a,1,1a
MN146307,1,1a,1,1a,1,1a,1,1a,1,1a
MN146308,1,1a,1,1a,1,1a,1,1a,1,1a
MN146309,1,1a,1,1a,1,1a,1,1a,1,1a
MN146310,1,1a,1,1a,1,1a,1,1a,1,1a
MN146316,1,1a,1,1a,1,1a,1,1a,1,1a
MN146317,1,1a,1,1a,1,1a,1,1a,1,1a
MN146318,1,1a,1,1a,1,1a,1,1a,1,1a
MN146320,1,1a,1,1a,1,1a,1,1a,1,1a
MN146321,1,1a,1,1a,1,1a,1,1a,1,1a
MN146337,1,1a,1,1a,1,1a,1,1a,1,1a
MN146339,1,1a,1,1a,1,1a,1,1a,1,1a
MN146341,1,1a,1,1a,1,1a,1,1a,1,1a
MN146342,1,1a,1,1a,1,1a,1,1a,1,1a
MN146343,1,1a,1,1a,1,1a,1,1a,1,1a
MN146345,1,1a,1,1a,1,1a,1,1a,1,1a
MN146346,1,1a,1,1a,1,1a,1,1a,1,1a
MN146347,1,1a,1,1a,1,1a,1,1a,1,1a
MN146348,1,1a,1,1a,1,1a,1,1a,1,1a
MN146349,1,1a,1,1a,1,1a,1,1a,1,1a
MN146350,1,1a,1,1a,1,1a,1,1a,1,1a
MN146351,1,1a,1,1a,1,1a,1,1a,1,1a
MN146352,1,1a,1,1a,1,1a,1,1a,1,1a
MN146353,1,1a,1,1a,1,1a,1,1a,1,1a
MN146356,1,1a,1,1a,1,1a,1,1a,1,1a
MN146363,1,1a,1,1a,1,1a,1,1a,1,1a
MN146366,1,1a,1,1a,1,1a,1,1a,1,1a
MN146372,1,1a,1,1a,1,1a,1,1a,1,1a
MN146373,1,1a,1,1a,1,1a,1,1a,1,1a
MN146378,1,1a,1,1a,1,1a,1,1a,1,1a
MN146379,1,1a,1,1a,1,1a,1,1a,1,1a
MN146380,1,1a,1,1a,1,1a,1,1a,1,1a
MN146383,1,1a,1,1a,1,1a,1,1a,1,1a
MN146384,1,1a,1,1a,1,1a,1,1a,1,1a
MN146385,1,1a,1,1a,1,1a,1,1a,1,1a
MN146386,1,1a,1,1a,1,1a,1,1a,1,1a
MN146387,1,1a,1,1a,1,1a,1,1a,1,1a
MN146389,1,1a,1,1a,1,1a,1,1a,1,1a
MN146398,3,3a,3,3a,3,3a,3,3a,3,3a
MN146400,1,1a,1,1a,1,1a,1,1a,1,1a
MN146401,1,1a,1,1a,1,1a,1,1a,1,1a
MN146402,1,1a,1,1a,1,1a,1,1a,1,1a
MN146403,1,1a,1,1a,1,1a,1,1a,1,1a
MN146404,1,1a,1,1a,1,1a,1,1a,1,1a
MN146407,1,1a,1,1a,1,1a,1,1a,1,1a
MN146409,1,1a,1,1a,1,1a,1,1a,1,1a
MN146411,1,1a,1,1a,1,1a,1,1a,1,1a
MN146415,3,3a,3,3a,3,3a,3,3a,3,3a
MN146420,1,1a,1,1a,1,1a,1,1a,1,1a
MN146422,1,1b,1,1b,1,1b,1,1b,1,1b
MN146424,1,1b,1,1b,1,1b,1,1b,1,1b
MN146425,1,1b,1,1b,1,1b,1,1b,1,1b
MN146426,1,1b,1,1b,1,1b,1,1b,1,1b
MN146427,1,1b,1,1b,1,1b,1,1b,1,1b
MN146428,1,1b,1,1b,1,1b,1,1b,1,1b
MN146432,1,1a,1,1a,1,1a,1,1a,1,1a
MN146435,1,1a,1,1a,1,1a,1,1a,1,1a
MN146436,1,1a,1,1a,1,1a,1,1a,1,1a
MN146437,1,1a,1,1a,1,1a,1,1a,1,1a
MN146442,1,1a,1,1a,1,1a,1,1a,,
MN146444,1,1a,1,1a,1,1a,1,1a,,
MN146445,1,1a,1,1a,1,1a,1,1a,,
MN146446,1,1a,1,1a,1,1a,1,1a,,
MN146453,1,1a,1,1a,1,1a,1,1a,1,1a
MN146455,1,1a,1,1a,1,1a,1,1a,1,1a
MN146456,1,1a,1,1a,1,1a,1,1a,1,1a
MN146458,1,1a,1,1a,1,1a,1,1a,1,1a
MN146464,1,1a,1,1a,1,1a,1,1a,1,1a
MN146465,1,1a,1,1a,1,1a,1,1a,1,1a
MN146466,1,1a,1,1a,1,1a,1,1a,1,1a
MN146467,1,1a,1,1a,1,1a,1,1a,1,1a
MN146468,1,1a,1,1a,1,1a,1,1a,1,1a
MN146469,1,1a,1,1a,1,1a,1,1a,1,1a
MN146472,1,1a,1,1a,1,1a,1,1a,1,1a
MN146475,1,1a,1,1a,1,1a,1,1a,1,1a
MN146476,1,1a,1,1a,1,1a,1,1a,1,1a
MN146477,1,1a,1,1a,1,1a,1,1a,1,1a
MN146478,1,1a,1,1a,1,1a,1,1a,1,1a
MN146479,1,1a,1,1a,1,1a,1,1a,1,1a
MN146486,1,1b,1,1b,1,1b,1,1b,1,1b
MN146487,1,1b,1,1b,1,1b,1,1b,1,1b
MN146488,1,1b,1,1b,1,1b,1,1b,1,1b
MN146489,1,1b,1,1b,1,1b,1,1b,1,1b
MN146490,1,1b,1,1b,1,1b,1,1b,1,1b
MN146491,1,1b,1,1b,1,1b,1,1b,1,1b
MN146500,1,1a,1,1a,1,1a,1,1a,1,1a
MN146501,1,1a,1,1a,1,1a,1,1a,1,1a
MN146513,3,3a,3,3a,3,3a,3,3a,3,3a
MN146514,3,3a,3,3a,3,3a,3,3a,3,3a
MN146515,1,1b,1,1b,1,1b,1,1b,1,1b
MN146516,1,1b,1,1b,1,1b,1,1b,1,1b
MN146517,1,1b,1,1b,1,1b,1,1b,1,1b
MN146518,1,1b,1,1b,1,1b,1,1b,1,1b
MN146519,1,1b,1,1b,1,1b,1,1b,1,1b
MN146520,1,1b,1,1b,1,1b,1,1b,1,1b
MN146521,1,1b,1,1b,1,1b,1,1b,1,1b
MN146522,1,1b,1,1b,1,1b,1,1b,1,1b
MN146523,1,1b,1,1b,1,1b,1,1b,1,1b
MN146525,1,1a,1,1a,1,1a,1,1a,1,1a
MN146526,1,1a,1,1a,1,1a,1,1a,1,1a
MN146529,1,1a,1,1a,1,1a,1,1a,1,1a
MN146530,1,1a,1,1a,1,1a,1,1a,1,1a
MN146534,1,1a,1,1a,1,1a,1,1a,1,1a
MN146536,1,1a,1,1a,1,1a,1,1a,1,1a
MN146543,1,1a,1,1a,1,1a,1,1a,1,1a
MN146544,1,1a,1,1a,1,1a,1,1a,1,1a
MN146545,1,1a,1,1a,1,1a,1,1a,1,1a
MN146550,1,1a,1,1a,1,1a,1,1a,1,1a
MN146551,1,1a,1,1a,1,1a,1,1a,1,1a
MN146552,1,1a,1,1a,1,1a,1,1a,1,1a
MN146554,1,1a,1,1a,1,1a,1,1a,1,1a
MN146555,1,1a,1,1a,1,1a,1,1a,1,1a
MN146562,1,1a,1,1a,1,1a,1,1a,1,1a
MN146563,1,1a,1,1a,1,1a,1,1a,1,1a
MN146564,1,1a,1,1a,1,1a,1,1a,1,1a
MN146565,1,1a,1,1a,1,1a,1,1a,1,1a
MN146567,1,1b,1,1b,1,1b,1,1b,1,1b
MN146568,1,1b,1,1b,1,1b,1,1b,1,1b
MN146569,1,1b,1,1b,1,1b,1,1b,1,1b
MN146570,1,1b,1,1b,1,1b,1,1b,1,1b
MN146571,1,1b,1,1b,1,1b,1,1b,1,1b
MN146572,1,1b,1,1b,1,1b,1,1b,1,1b
MN146574,1,1a,1,1a,1,1a,1,1a,1,1a
MN146577,1,1a,1,1a,1,1a,1,1a,1,1a
MN146578,1,1a,1,1a,1,1a,1,1a,1,1a
MN146579,1,1a,1,1a,1,1a,1,1a,1,1a
MN146580,1,1a,1,1a,1,1a,1,1a,1,1a
MN146581,1,1a,1,1a,1,1a,1,1a,1,1a
MN146584,1,1a,1,1a,1,1a,1,1a,1,1a
MN146585,1,1a,1,1a,1,1a,1,1a,1,1a
MN146586,1,1a,1,1a,1,1a,1,1a,1,1a
MN146587,1,1a,1,1a,1,1a,1,1a,1,1a
MN146595,3,3a,3,3a,3,3a,3,3a,3,3a
MN146596,3,3a,3,3a,3,3a,3,3a,3,3a
MN146597,3,3a,3,3a,3,3a,3,3a,3,3a
MN146598,3,3a,3,3a,3,3a,3,3a,3,3a
MN146600,1,1a,1,1a,1,1a,1,1a,1,1a
MN146602,1,1a,1,1a,1,1a,1,1a,1,1a
MN146604,1,1a,1,1a,1,1a,1,1a,1,1a
MN146605,1,1a,1,1a,1,1a,1,1a,1,1a
MN146606,1,1a,1,1a,1,1a,1,1a,1,1a
MN146607,1,1a,1,1a,1,1a,1,1a,1,1a
MN146608,1,1a,1,1a,1,1a,1,1a,1,1a
MN146609,1,1b,1,1b,1,1b,1,1b,1,1b
MN146610,1,1b,1,1b,1,1b,1,1b,1,1b
MN146612,1,1b,1,1b,1,1b,1,1b,1,1b
MN146616,1,1a,1,1a,1,1a,1,1a,1,1a
MN146617,1,1a,1,1a,1,1a,1,1a,1,1a
MN146618,1,1a,1,1a,1,1a,1,1a,1,1a
MN146619,1,1a,1,1a,1,1a,1,1a,1,1a
MN146630,1,1b,1,1b,1,1b,1,1b,1,1b
MN146633,1,1a,1,1a,1,1a,1,1a,1,1a
MN146634,1,1a,1,1a,1,1a,1,1a,1,1a
MN146635,1,1a,1,1a,1,1a,1,1a,1,1a
MN146637,1,1a,1,1a,1,1a,1,1a,1,1a
MN146645,1,1a,1,1a,1,1a,1,1a,1,1a
MN146649,1,1a,1,1a,1,1a,1,1a,1,1a
MN146651,1,1a,1,1a,1,1a,1,1a,1,1a
MN146652,1,1a,1,1a,1,1a,1,1a,1,1a
MN146653,1,1b,1,1b,1,1b,1,1b,1,1b
MN146654,1,1b,1,1b,1,1b,1,1b,1,1b
MN146655,1,1a,1,1a,1,1a,1,1a,1,1a
MN146656,1,1a,1,1a,1,1a,1,1a,1,1a
MN146657,1,1a,1,1a,1,1a,1,1a,1,1a
MN146658,1,1a,1,1a,1,1a,1,1a,1,1a
MN146659,1,1a,1,1a,1,1a,1,1a,1,1a
MN146660,1,1a,1,1a,1,1a,1,1a,1,1a
MN146661,1,1a,1,1a,1,1a,1,1a,1,1a
MN146662,1,1b,1,1b,1,1b,1,1b,1,1b
MN146663,1,1b,1,1b,1,1b,1,1b,1,1b
MN146664,1,1a,1,1a,1,1a,1,1a,1,1a
MN146667,1,1a,1,1a,1,1a,1,1a,1,1a
MN146668,1,1a,1,1a,1,1a,1,1a,1,1a
MN146669,1,1a,1,1a,1,1a,1,1a,1,1a
MN146670,1,1a,1,1a,1,1a,1,1a,1,1a
MN146671,1,1a,1,1a,1,1a,1,1a,1,1a
MN146672,1,1a,1,1a,1,1a,1,1a,1,1a
MN146675,1,1a,1,1a,1,1a,1,1a,1,1a
MN146676,1,1a,1,1a,1,1a,1,1a,1,1a
MN146677,1,1a,1,1a,1,1a,1,1a,1,1a
MN146678,1,1a,1,1a,1,1a,1,1a,1,1a
MN146679,1,1a,1,1a,1,1a,1,1a,1,1a
MN164843,1,1l,1,1l,1,1l,1,1l,1,1l
MN164845,1,1o,1,1a,1,1a,1,1a,1,
MN164849,1,1a,1,1a,1,1a,1,1a,1,
MN164851,1,1b,1,1b,1,1b,,"unassigned_1, 1b-1a",1,
MN164852,1,1n,1,1a,1,1a,1,1a,1,
MN164853,1,1a,1,1a,1,1a,,"unassigned_1, 1a-1b",1,
MN164855,1,1b,1,1a,1,1a,,"unassigned_1, 1b-1a",1,
MN164856,1,1k,1,1a,1,1a,1,1a,1,1p
MN164858,1,1a,1,1a,1,1a,1,1a,1,
MN164860,1,1l,1,1l,1,1l,1,1l,1,1l
MN164863,1,1a,1,1a,1,1a,1,1a,1,
MN164864,1,1l,1,1l,1,1l,1,1l,1,
MN164866,1,1e,1,1e,1,1e,1,1e,1,1e
MN164867,1,1a,1,1a,1,1a,1,1a,1,
MN164868,1,1i,1,1a,,"unassigned_1, 1a-1b",,"unassigned_1, 1a-1b",1,
MN164869,1,1g,1,1g,1,1g,1,1g,1,1g
MN164871,1,1o,1,1o,1,1a,1,1a,1,
MN164872,1,1n,1,1a,1,1a,1,1a,1,
MN164875,1,1e,1,1e,1,1e,1,1e,1,1e
MN227780,3,3a,3,3a,3,3a,3,3a,3,3a
MN227781,3,3a,3,3a,3,3a,3,3a,3,3a
MN227782,3,3a,3,3a,3,3a,3,3a,3,3a
MN227783,3,3a,3,3a,3,3a,3,3a,3,3a
MN227784,3,3a,3,3a,3,3a,3,3a,3,3a
MN227786,3,3a,3,3a,3,3a,3,3a,3,3a
MN227788,3,3a,3,3a,3,3a,3,3a,3,3a
MN227789,3,3a,3,3a,3,3a,3,3a,3,3a
MN227790,3,3a,3,3a,3,3a,3,3a,3,3a
MN227792,3,3a,3,3a,3,3a,3,3a,3,3a
MN227793,3,3a,3,3a,3,3a,3,3a,3,3a
MN227795,3,3a,3,3a,3,3a,3,3a,3,3a
MN227796,3,3a,3,3a,3,3a,3,3a,3,3a
MN227798,3,3a,3,3a,3,3a,3,3a,3,3a
MN227799,3,3a,3,3a,3,3a,3,3a,3,3a
MN227801,3,3a,3,3a,3,3a,3,3a,3,3a
MN227802,3,3a,3,3a,3,3a,3,3a,3,3a
MN227804,3,3a,3,3a,3,3a,3,3a,3,3a
MN227805,3,3a,3,3a,3,3a,3,3a,3,3a
MN227806,3,3a,3,3a,3,3a,3,3a,3,3a
MN227807,3,3a,3,3a,3,3a,3,3a,3,3a
MN227810,3,3a,3,3a,3,3a,3,3a,3,3a
MN227811,3,3a,3,3a,3,3a,3,3a,3,3a
MN227812,3,3a,3,3a,3,3a,3,3a,3,3a
MN227814,3,3a,3,3a,3,3a,3,3a,3,3a
MN227816,3,3a,3,3a,3,3a,3,3a,3,3a
MN227817,3,3a,3,3a,3,3a,3,3a,3,3a
MN227819,3,3a,3,3a,3,3a,3,3a,3,3a
MN227820,3,3a,3,3a,3,3a,3,3a,3,3a
MN227821,3,3a,3,3a,3,3a,3,3a,3,3a
MN227822,3,3a,3,3a,3,3a,3,3a,3,3a
MN227823,3,3a,3,3a,3,3a,3,3a,3,3a
MN227824,3,3a,3,3a,3,3a,3,3a,3,3a
MN227825,3,3a,3,3a,3,3a,3,3a,3,3a
MN227826,3,3a,3,3a,3,3a,3,3a,3,3a
MN227827,3,3a,3,3a,3,3a,3,3a,3,3a
MN227828,3,3a,3,3a,3,3a,3,3a,3,3a
MN227829,3,3a,3,3a,3,3a,3,3a,3,3a
MN227830,3,3a,3,3a,3,3a,3,3a,3,3a
MN227831,3,3a,3,3a,3,3a,3,3a,3,3a
MN227834,3,3a,3,3a,3,3a,3,3a,3,3a
MN227836,3,3a,3,3a,3,3a,3,3a,3,3a
MN227838,3,3a,3,3a,3,3a,3,3a,3,3a
MN227839,3,3a,3,3a,3,3a,3,3a,3,3a
MN227840,3,3a,3,3a,3,3a,3,3a,3,3a
MN227842,3,3a,3,3a,3,3a,3,3a,3,3a
MN227843,3,3a,3,3a,3,3a,3,3a,3,3a
MN227849,3,3a,3,3a,3,3a,3,3a,3,3a
MN227850,3,3a,3,3a,3,3a,3,3a,3,3a
MN227852,3,3a,3,3a,3,3a,3,3a,3,3a
MN227853,3,3a,3,3a,3,3a,3,3a,3,3a
MN227854,3,3a,3,3a,3,3a,3,3a,3,3a
MN227856,3,3a,3,3a,3,3a,3,3a,3,3a
MN227857,3,3a,3,3a,3,3a,3,3a,3,3a
MN227858,3,3a,3,3a,3,3a,3,3a,3,3a
MN227860,3,3a,3,3a,3,3a,3,3a,3,3a
MN227861,3,3a,3,3a,3,3a,3,3a,3,3a
MN227862,3,3a,3,3a,3,3a,3,3a,3,3a
MN227863,3,3a,3,3a,3,3a,3,3a,3,3a
MN227864,3,3a,3,3a,3,3a,3,3a,3,3a
MN227866,3,3a,3,3a,3,3a,3,3a,3,3a
MN227867,3,3a,3,3a,3,3a,3,3a,3,3a
MN227868,3,3a,3,3a,3,3a,3,3a,3,3a
MN227870,3,3a,3,3a,3,3a,3,3a,3,3a
MN227871,3,3a,3,3a,3,3a,3,3a,3,3a
MN227872,3,3a,3,3a,3,3a,3,3a,3,3a
MN227873,3,3a,3,3a,3,3a,3,3a,3,3a
MN227874,3,3a,3,3a,3,3a,3,3a,3,3a
MN227875,3,3a,3,3a,3,3a,3,3a,3,3a
MN227877,3,3a,3,3a,3,3a,3,3a,3,3a
MN227878,3,3a,3,3a,3,3a,3,3a,3,3a
MN227879,3,3a,3,3a,3,3a,3,3a,3,3a
MN227880,3,3a,3,3a,3,3a,3,3a,3,3a
MN227883,3,3a,3,3a,3,3a,3,3a,3,3a
MN227888,3,3a,3,3a,3,3a,3,3a,3,3a
MN227890,3,3a,3,3a,3,3a,3,3a,3,3a
MN227893,3,3a,3,3a,3,3a,3,3a,3,3a
MN227894,3,3a,3,3a,3,3a,3,3a,3,3a
MN227895,3,3a,3,3a,3,3a,3,3a,3,3a
MN227896,3,3a,3,3a,3,3a,3,3a,3,3a
MN227897,3,3a,3,3a,3,3a,3,3a,3,3a
MN227898,3,3a,3,3a,3,3a,3,3a,3,3a
MN227899,3,3a,3,3a,3,3a,3,3a,3,3a
MN227900,3,3a,3,3a,3,3a,3,3a,3,3a
MN227902,3,3a,3,3a,3,3a,3,3a,3,3a
MN227904,3,3a,3,3a,3,3a,3,3a,3,3a
MN227905,3,3a,3,3a,3,3a,3,3a,3,3a
MN227906,3,3a,3,3a,3,3a,3,3a,3,3a
MN227907,3,3a,3,3a,3,3a,3,3a,3,3a
MN227908,3,3a,3,3a,3,3a,3,3a,3,3a
MN227909,3,3a,3,3a,3,3a,3,3a,3,3a
MN227910,3,3a,3,3a,3,3a,3,3a,3,3a
MN227911,3,3a,3,3a,3,3a,3,3a,3,3a
MN227912,3,3a,3,3a,3,3a,3,3a,3,3a
MN227913,3,3a,3,3a,3,3a,3,3a,3,3a
MN227914,3,3a,3,3a,3,3a,3,3a,3,3a
MN227915,3,3a,3,3a,3,3a,3,3a,3,3a
MN227916,3,3a,3,3a,3,3a,3,3a,3,3a
MN227919,3,3a,3,3a,3,3a,3,3a,3,3a
MN227923,3,3a,3,3a,3,3a,3,3a,3,3a
MN227924,3,3a,3,3a,3,3a,3,3a,3,3a
MN227925,3,3a,3,3a,3,3a,3,3a,3,3a
MN227926,3,3a,3,3a,3,3a,3,3a,3,3a
MN227928,3,3a,3,3a,3,3a,3,3a,3,3a
MN227929,3,3a,3,3a,3,3a,3,3a,3,3a
MN227930,3,3a,3,3a,3,3a,3,3a,3,3a
MN227931,3,3a,3,3a,3,3a,3,3a,3,3a
MN227932,3,3a,3,3a,3,3a,3,3a,3,3a
MN227933,3,3a,3,3a,3,3a,3,3a,3,3a
MN227934,3,3a,3,3a,3,3a,3,3a,3,3a
MN227937,3,3a,3,3a,3,3a,3,3a,3,3a
MN227938,3,3a,3,3a,3,3a,3,3a,3,3a
MN227940,3,3a,3,3a,3,3a,3,3a,3,3a
MN227942,3,3a,3,3a,3,3a,3,3a,3,3a
MN227943,3,3a,3,3a,3,3a,3,3a,3,3a
MN227944,3,3a,3,3a,3,3a,3,3a,3,3a
MN227945,3,3a,3,3a,3,3a,3,3a,3,3a
MN227946,3,3a,3,3a,3,3a,3,3a,3,3a
MN227951,3,3a,3,3a,3,3a,3,3a,3,3a
MN227952,3,3a,3,3a,3,3a,3,3a,3,3a
MN227953,3,3a,3,3a,3,3a,3,3a,3,3a
MN227954,3,3a,3,3a,3,3a,3,3a,3,3a
MN227955,3,3a,3,3a,3,3a,3,3a,3,3a
MN227956,3,3a,3,3a,3,3a,3,3a,3,3a
MN227957,3,3a,3,3a,3,3a,3,3a,3,3a
MN227958,3,3a,3,3a,3,3a,3,3a,3,3a
MN227959,3,3a,3,3a,3,3a,3,3a,3,3a
MN227960,3,3a,3,3a,3,3a,3,3a,3,3a
MN227962,3,3a,3,3a,3,3a,3,3a,3,3a
MN240359,6,6xa,6,6xa,4,4k,6,6w,6,
MN385563,2,2b,2,2b,2,2b,2,2b,2,2b
MN385564,2,2b,2,2b,2,2b,2,2b,2,2b
MN385583,3,3b,3,3b,3,3b,3,3b,3,3b
LC773637,4,4f,4,4f,4,4f,4,4f,4,4f
LC773638,4,4k,4,4k,4,4k,4,4k,4,4k
LC773639,4,4v,4,4c,4,4v,4,4f,4,4e
LC773640,4,4v,4,4c,4,4v,4,4a,4,4e
M58335,1,1b,1,1b,1,1b,1,1b,,
M62321,1,1a,1,1a,1,1a,1,1a,,
M67463,1,1a,1,1a,1,1a,1,1a,,
M84754,1,1b,1,1b,1,1b,1,1b,,
MF114237,1,1b,1,1b,1,1b,1,1b,1,
MF114238,1,1b,1,1b,1,1b,1,1b,1,
MF114243,1,1b,1,1b,1,1b,1,1b,1,
MF114244,1,1b,1,1b,1,1b,1,1b,1,
MF182690,1,1a,1,1a,1,1a,1,1a,1,1a
MF182691,1,1b,1,1b,1,1b,1,1b,1,1b
MF182692,1,1b,1,1b,1,1b,1,1b,1,1b
MF182693,1,1a,1,1a,1,1a,1,1a,1,1a
MF182694,1,1b,1,1b,1,1b,1,1b,1,1b
MF182695,1,1b,1,1b,1,1b,1,1b,1,1b
MF182696,1,1b,1,1b,1,1b,1,1b,1,1b
MF182697,1,1b,1,1b,1,1b,1,1b,1,1b
MF182698,1,1a,1,1a,1,1a,1,1a,1,1a
MF182699,1,1a,1,1a,1,1a,1,1a,1,1a
MF182700,1,1a,1,1a,1,1a,1,1a,1,1a
MF182701,1,1b,1,1b,1,1b,1,1b,1,1b
MF182702,1,1b,1,1b,1,1b,1,1b,1,1b
MF182703,1,1b,1,1b,1,1b,1,1b,1,1b
MF182704,1,1b,1,1b,1,1b,1,1b,1,1b
MF182705,1,1b,1,1b,1,1b,1,1b,1,1b
MF182706,1,1a,1,1a,1,1a,1,1a,1,1a
MF182707,1,1b,1,1b,1,1b,1,1b,1,1b
MF182708,1,1b,1,1b,1,1b,1,1b,1,1b
MF182709,1,1b,1,1b,1,1b,1,1b,1,1b
MF182710,1,1b,1,1b,1,1b,1,1b,1,1b
MF182711,1,1b,1,1b,1,1b,1,1b,1,1b
MF182712,1,1a,1,1a,1,1a,1,1a,1,1a
MF182713,1,1b,1,1b,1,1b,1,1b,1,1b
MF182714,1,1b,1,1b,1,1b,1,1b,1,1b
MF182715,1,1a,1,1a,1,1a,1,1a,1,1a
MF182716,1,1b,1,1b,1,1b,1,1b,1,1b
MF182717,1,1b,1,1b,1,1b,1,1b,1,1b
MF182718,1,1a,1,1a,1,1a,1,1a,1,1a
MF182719,1,1b,1,1b,1,1b,1,1b,1,1b
MF182720,1,1a,1,1a,1,1a,1,1a,1,1a
MF182721,1,1a,1,1a,1,1a,1,1a,1,1a
MF182722,1,1b,1,1b,1,1b,1,1b,1,1b
MF182723,1,1a,1,1a,1,1a,1,1a,1,1a
MF182724,1,1b,1,1b,1,1b,1,1b,1,1b
MF182725,1,1b,1,1b,1,1b,1,1b,1,1b
MF182726,1,1a,1,1a,1,1a,1,1a,1,1a
MF182727,1,1b,1,1b,1,1b,1,1b,1,1b
MF182728,1,1a,1,1a,1,1a,1,1a,1,1a
MF182729,1,1a,1,1a,1,1a,1,1a,1,1a
MF182730,1,1a,1,1a,1,1a,1,1a,1,1a
MF182731,1,1b,1,1b,1,1b,1,1b,1,1b
MF182732,1,1a,1,1a,1,1a,1,1a,1,1a
MF182733,1,1a,1,1a,1,1a,1,1a,1,1a
MG000203,1,1b,1,1b,4,4r,4,4r,4,4r
MG000204,1,1a,1,1a,4,4r,4,4r,4,4r
MG000205,4,4r,4,4r,4,4r,4,4r,4,4r
MG000207,4,4r,4,4r,4,4r,4,4r,4,4r
MG000209,4,4r,4,4r,4,4r,4,4r,4,4r
MG000213,4,4r,4,4r,4,4r,4,4r,4,4r
MG000214,4,4r,4,4r,4,4r,4,4r,4,4r
MG000215,4,4r,4,4r,4,4r,4,4r,4,4r
MG000216,4,4r,4,4r,4,4r,4,4r,4,4r
MG000217,1,1a,1,1a,4,4r,4,4r,4,4r
MG000220,1,1a,1,1a,4,4r,4,4r,4,4r
MG000223,1,1k,1,1k,4,4r,4,4r,4,4r
MG000224,4,4r,4,4r,4,4r,4,4r,4,4r
MG000226,1,1a,1,1a,4,4r,4,4r,4,4r
MG000227,1,1a,1,1a,4,4r,4,4r,4,4r
MG000228,4,4r,4,4r,4,4r,4,4r,4,4r
MG000231,4,4r,4,4r,4,4r,4,4r,4,4r
MG000232,4,4r,4,4r,4,4r,4,4r,4,4r
MG000233,4,4r,4,4r,4,4r,4,4r,4,4r
MG000234,1,1k,1,1k,4,4r,4,4r,4,4r
MG000235,4,4r,4,4r,4,4r,4,4r,4,4r
MG214786,1,1a,1,1a,1,1a,1,1a,1,1a
MG252617,1,1a,1,1a,1,1a,1,1a,1,1a
MG266181,1,1a,1,1a,1,1a,1,1a,1,1a
MG266182,1,1a,1,1a,1,1a,1,1a,1,1a
MG266183,1,1a,1,1a,1,1a,1,1a,1,1a
MG266185,1,1a,1,1a,1,1a,1,1a,1,1a
MG266186,1,1a,1,1a,1,1a,1,1a,1,1a
MG266187,1,1a,1,1a,1,1a,1,1a,1,1a
MG266188,1,1a,1,1a,1,1a,1,1a,1,1a
MG266191,1,1a,1,1a,1,1a,1,1a,1,1a
MG280927,1,1a,1,1a,1,1a,1,1a,1,1a
MG280928,1,1a,1,1a,1,1a,1,1a,1,1a
MG280929,1,1a,1,1a,1,1a,1,1a,1,1a
MG280930,1,1a,1,1a,1,1a,1,1a,1,1a
MG280931,1,1a,1,1a,1,1a,1,1a,1,1a
MG437050,6,6n,6,6n,6,6n,6,6n,6,6n
MG454773,4,4a,4,4a,4,4a,4,4a,4,4a
MG454775,6,6l,6,6l,6,6l,6,6l,6,6l
MG454779,4,4a,4,4a,4,4a,4,4a,4,4a
MG454780,4,4v,4,4o,4,4o,4,4o,4,4o
MG454781,4,4a,4,4a,4,4a,4,4a,4,4a
MG454782,1,1a,1,1a,1,1a,1,1a,1,1a
MG454784,1,1a,1,1a,1,1a,1,1a,1,1a
MG454785,1,1b,1,1b,1,1b,1,1b,1,1b
MG454787,1,1a,1,1a,1,1a,1,1a,1,1a
MG454791,4,4o,4,4o,4,4o,4,4o,4,4o
MG454792,1,1a,1,1a,1,1a,1,1a,1,1a
MG454793,1,1a,1,1a,1,1a,1,1a,1,1a
MG454795,1,1b,1,1b,1,1b,1,1b,1,1b
MG454796,1,1a,1,1a,1,1a,1,1a,1,1a
MG454798,1,1a,1,1a,1,1a,1,1a,1,1a
MG454799,1,1a,1,1a,1,1a,1,1a,1,1a
MG454800,1,1a,1,1a,1,1a,1,1a,1,1a
MG454801,1,1a,1,1a,1,1a,1,1a,1,1a
MG454802,1,1a,1,1a,1,1a,1,1a,1,1a
MG454803,1,1a,1,1a,1,1a,1,1a,1,1a
MG454804,1,1a,1,1a,1,1a,1,1a,1,1a
MG454807,1,1a,1,1a,1,1a,1,1a,1,1a
MG454808,1,1a,1,1a,1,1a,1,1a,1,1a
MG454809,1,1a,1,1a,1,1a,1,1a,1,1a
MG454811,1,1a,1,1a,1,1a,1,1a,1,1a
MG454813,1,1a,1,1a,1,1a,1,1a,1,1a
MG454814,1,1a,1,1a,1,1a,1,1a,1,1a
MG454815,1,1a,1,1a,1,1a,1,1a,1,1a
MG454817,1,1a,1,1a,1,1a,1,1a,1,1a
MG454819,1,1a,1,1a,1,1a,1,1a,1,1a
MG454820,1,1a,1,1a,1,1a,1,1a,1,1a
MG454821,4,4o,4,4o,4,4o,4,4o,4,4o
MG454822,1,1b,1,1b,1,1b,1,1b,1,1b
MG454823,2,2b,2,2b,2,2b,2,2b,2,2b
MG454824,1,1a,1,1a,1,1a,1,1a,1,1a
MG454825,1,1a,1,1a,1,1a,1,1a,1,1a
MG454826,1,1a,1,1a,1,1a,1,1a,1,1a
MG454828,1,1a,1,1a,1,1a,1,1a,1,1a
MG454830,1,1b,1,1b,1,1b,1,1b,1,1b
MG454831,1,1b,1,1b,1,1b,1,1b,1,1b
MG454834,1,1a,1,1a,1,1a,1,1a,1,1a
MG454835,1,1a,1,1a,1,1a,1,1a,1,1a
MG454836,1,1b,1,1b,1,1b,1,1b,1,1b
MG454837,1,1b,1,1b,1,1b,1,1b,1,1b
MG454838,2,2b,2,2b,2,2b,2,2b,2,2b
MG454839,2,2a,2,2a,2,2a,2,2a,2,2a
MG454840,1,1a,1,1a,1,1a,1,1a,1,1a
MG454841,1,1b,1,1b,1,1b,1,1b,1,1b
MG454842,1,1a,1,1a,1,1a,1,1a,1,1a
MG454843,1,1a,1,1a,1,1a,1,1a,1,1a
MG454844,1,1a,1,1a,1,1a,1,1a,1,1a
MG454845,1,1a,1,1a,1,1a,1,1a,1,1a
MG454846,1,1a,1,1a,1,1a,1,1a,1,1a
MG454847,1,1b,1,1b,1,1b,1,1b,1,1b
MG454848,2,2b,2,2b,2,2b,2,2b,2,2b
MG454850,4,4a,4,4a,4,4a,4,4a,4,4a
MG454851,2,2b,2,2b,2,2b,2,2b,2,2b
MG454852,1,1a,1,1a,1,1a,1,1a,1,1a
MG454853,1,1a,1,1a,1,1a,1,1a,1,1a
MG454854,1,1a,1,1a,1,1a,1,1a,1,1a
MG454855,1,1a,1,1a,1,1a,1,1a,1,1a
MG454857,1,1b,1,1b,1,1b,1,1b,1,1b
MG454858,1,1a,1,1a,1,1a,1,1a,1,1a
MG454859,1,1a,1,1a,1,1a,1,1a,1,1a
MG454860,1,1b,1,1b,1,1b,1,1b,1,1b
MG454864,2,2c,2,2c,2,2c,2,2c,2,2c
MG454865,1,1b,1,1b,1,1b,1,1b,1,1b
MG454866,1,1a,1,1a,1,1a,1,1a,1,1a
MG454867,2,2b,2,2b,2,2b,2,2b,2,2b
MG454869,2,2b,2,2b,2,2b,2,2b,2,2b
MG454870,1,1a,1,1a,1,1a,1,1a,1,1a
MG454871,4,4d,4,4d,4,4d,4,4d,4,4d
MG454872,4,4d,4,4d,4,4d,4,4d,4,4d
MG454877,1,1b,1,1b,1,1b,1,1b,1,1b
MG454878,1,1a,1,1a,1,1a,1,1a,1,1a
MG454879,1,1a,1,1a,1,1a,1,1a,1,1a
MG454880,1,1b,1,1b,1,1b,1,1b,1,1b
MG454882,2,2c,2,2c,2,2c,2,2c,2,2c
MG454885,1,1a,1,1a,1,1a,1,1a,1,1a
MG454886,1,1b,1,1b,1,1b,1,1b,1,1b
MG454888,1,1a,1,1a,1,1a,1,1a,1,1a
MG454889,1,1a,1,1a,1,1a,1,1a,1,1a
MG454891,1,1a,1,1a,1,1a,1,1a,1,1a
MG454892,1,1a,1,1a,1,1a,1,1a,1,1a
MG454893,2,2b,2,2b,2,2b,2,2b,2,2b
MG454895,2,2b,2,2b,2,2b,2,2b,2,2b
MG454896,1,1a,1,1a,1,1a,1,1a,1,1a
MG454897,1,1b,1,1b,1,1b,1,1b,1,1b
MG454898,1,1a,1,1a,1,1a,1,1a,1,1a
MG454899,1,1b,1,1b,1,1b,1,1b,1,1b
MG454902,1,1a,1,1a,1,1a,1,1a,1,1a
MG454904,1,1a,1,1a,1,1a,1,1a,1,1a
MG454906,1,1a,1,1a,1,1a,1,1a,1,1a
MG454907,1,1b,1,1b,1,1b,1,1b,1,1b
MG454908,1,1a,1,1a,1,1a,1,1a,1,1a
MG454909,1,1b,1,1b,1,1b,1,1b,1,1b
MG454911,1,1b,1,1b,1,1b,1,1b,1,1b
MG454912,4,4a,4,4a,4,4a,4,4a,4,4a
MG454913,2,2a,2,2a,2,2a,2,2a,2,2a
MG454914,1,1a,1,1a,1,1a,1,1a,1,1a
MG454915,4,4a,4,4a,4,4a,4,4a,4,4a
MG454918,6,6h,6,6h,6,6h,6,6h,6,6h
MG454920,6,6e,6,6e,6,6e,6,6e,6,6e
MG454928,1,1a,1,1a,1,1a,1,1a,1,1a
MG454929,1,1a,1,1a,1,1a,1,1a,1,1a
MG454930,1,1a,1,1a,1,1a,1,1a,1,1a
MG454933,1,1a,1,1a,1,1a,1,1a,1,1a
MG454934,1,1a,1,1a,1,1a,1,1a,1,1a
MG454938,4,4d,4,4d,4,4d,4,4d,4,4d
MG454939,1,1a,1,1a,1,1a,1,1a,1,1a
MG454940,1,1b,1,1b,1,1b,1,1b,1,1b
MG454947,4,4a,4,4a,4,4a,4,4a,4,4a
MG454948,1,1a,1,1a,1,1a,1,1a,1,1a
MG454949,1,1a,1,1a,1,1a,1,1a,1,1a
MG454950,1,1a,1,1a,1,1a,1,1a,1,1a
MG454953,1,1a,1,1a,1,1a,1,1a,1,1a
MG454954,1,1a,1,1a,1,1a,1,1a,1,1a
MG454955,1,1a,1,1a,1,1a,1,1a,1,1a
MG454958,5,5a,5,5a,5,5a,5,5a,5,5a
MG454960,1,1b,1,1b,1,1b,1,1b,1,1b
MG454961,1,1a,1,1a,1,1a,1,1a,1,1a
MG454967,1,1a,1,1a,1,1a,1,1a,1,1a
MG454969,6,6a,6,6a,6,6a,6,6a,6,6a
MG454970,1,1a,1,1a,1,1a,1,1a,1,1a
MG454971,1,1a,1,1a,1,1a,1,1a,1,1a
MG454972,2,2r,2,2q,2,2a,2,2q,2,2a
MG454974,2,2a,2,2a,2,2a,2,2a,2,2a
MG454976,4,4k,4,4k,4,4k,4,4k,4,4k
MG454978,1,1b,1,1b,1,1b,1,1b,1,1b
MG454980,1,1a,1,1a,1,1a,1,1a,1,1a
MG454982,1,1a,1,1a,1,1a,1,1a,1,1a
MG454983,2,2a,2,2a,2,2a,2,2a,2,2a
MG454985,2,2b,2,2b,2,2b,2,2b,2,2b
MG454988,1,1a,1,1a,1,1a,1,1a,1,1a
MG454989,1,1o,1,1c,1,1c,1,1c,1,1e
MG454990,2,2b,2,2b,2,2b,2,2b,2,2b
MG454994,5,5a,5,5a,5,5a,5,5a,5,5a
MG454995,4,4a,4,4a,4,4a,4,4a,4,4a
MG454996,2,2b,2,2b,2,2b,2,2b,2,2b
MG454997,6,6e,6,6e,6,6e,6,6e,6,6e
MG454998,4,4a,4,4a,4,4a,4,4a,4,4a
MG455000,2,2j,2,2j,2,2j,2,2j,2,2d
MG455001,1,1b,1,1b,1,1b,1,1b,1,1b
MG455004,1,1a,1,1a,1,1a,1,1a,1,1a
MG455005,4,4a,4,4a,4,4a,4,4a,4,4a
MG455010,1,1b,1,1b,1,1b,1,1b,1,1b
MG455012,1,1b,1,1b,1,1b,1,1b,1,1b
MG455013,1,1a,1,1a,1,1a,1,1a,1,1a
MG455014,2,2b,2,2b,2,2b,2,2b,2,2b
MG455016,1,1a,1,1a,1,1a,1,1a,1,1a
MG455019,1,1a,1,1a,1,1a,1,1a,1,1a
MG455022,2,2i,2,2i,2,2i,2,2i,2,2i
MG455023,4,4d,4,4d,4,4d,4,4d,4,4d
MG455024,1,1a,1,1a,1,1a,1,1a,1,1a
MG455025,1,1a,1,1a,1,1a,1,1a,1,1a
MG455028,2,2a,2,2a,2,2a,2,2a,2,2a
MG455029,4,4r,4,4r,4,4r,4,4r,4,4r
MG455030,1,1a,1,1a,1,1a,1,1a,1,1a
MG455034,4,4d,4,4d,4,4d,4,4d,4,4d
MG455035,2,2u,2,2u,2,2q,2,2q,2,2k
MG455036,1,1a,1,1a,1,1a,1,1a,1,1a
MG455038,1,1o,1,1o,1,1b,1,1b,1,1c
MG455039,1,1o,1,1o,1,1b,1,1b,1,1c
MG455041,4,4a,4,4a,4,4a,4,4a,4,4a
MG455042,2,2c,2,2c,2,2c,2,2c,2,2c
MG455043,5,5a,5,5a,5,5a,5,5a,5,5a
MG455044,4,4a,4,4a,4,4a,4,4a,4,4a
MG455045,2,2a,2,2a,2,2a,2,2a,2,2a
MG455046,1,1b,1,1b,1,1b,1,1b,1,1b
MG455047,1,1b,1,1b,1,1b,1,1b,1,1b
MG455048,2,2b,2,2b,2,2b,2,2b,2,2b
MG455049,4,4a,4,4a,4,4a,4,4a,4,4a
MG455051,1,1a,1,1a,1,1a,1,1a,1,1a
MG455054,1,1a,1,1a,1,1a,1,1a,1,1a
MG455058,1,1a,1,1a,1,1a,1,1a,1,1a
MG455059,4,4a,4,4a,4,4a,4,4a,4,4a
MG455062,4,4a,4,4a,4,4a,4,4a,4,4a
MG455065,4,4c,4,4c,4,4c,4,4c,4,4c
MG455069,5,5a,5,5a,5,5a,5,5a,5,5a
MG455070,1,1b,1,1b,1,1b,1,1b,1,1b
MG455071,2,2q,2,2d,2,2j,2,2j,2,2j
MG455074,1,1b,1,1b,1,1b,1,1b,1,1b
MG455075,4,4t,4,4t,4,4t,4,4t,4,4t
MG455076,2,2a,2,2a,2,2a,2,2a,2,2a
MG455077,1,1a,1,1a,1,1a,1,1a,1,1a
MG455081,1,1b,1,1b,1,1b,1,1b,1,1b
MG455085,1,1a,1,1a,1,1a,1,1a,1,1a
MG455086,1,1a,1,1a,1,1a,1,1a,1,1a
MG455089,2,2i,2,2i,2,2i,2,2i,2,2i
MG455090,2,2b,2,2b,2,2b,2,2b,2,2b
MG455093,2,2b,2,2b,2,2b,2,2b,2,2b
MG455094,6,6a,6,6a,6,6a,6,6a,6,6a
MG455095,6,6a,6,6a,6,6a,6,6a,6,6a
MG455096,2,2c,2,2c,2,2c,2,2c,2,2c
MG455097,6,6a,6,6a,6,6a,6,6a,6,6a
MG455098,1,1b,1,1b,1,1b,1,1b,1,1b
MG455099,2,2b,2,2b,2,2b,2,2b,2,2b
MG455103,1,1b,1,1b,1,1b,1,1b,1,1b
MG455106,1,1a,1,1a,1,1a,1,1a,1,1a
MG455109,4,4n,4,4n,4,4n,4,4n,4,4n
MG455111,1,1b,1,1b,1,1b,1,1b,1,1b
MG455118,2,2b,2,2b,2,2b,2,2b,2,2b
MG455119,1,1a,1,1a,1,1a,1,1a,1,1a
MG455120,4,4a,4,4a,4,4a,4,4a,4,4a
MG455121,1,1a,1,1a,1,1a,1,1a,1,1a
MG455125,1,1a,1,1a,1,1a,1,1a,1,1a
MG455126,1,1a,1,1a,1,1a,1,1a,1,1a
MG455127,6,6a,6,6a,6,6a,6,6a,6,6a
MG455129,6,6a,6,6a,6,6a,6,6a,6,6a
MG455131,2,2c,2,2c,2,2c,2,2c,2,2c
MG455134,2,2i,2,2i,2,2i,2,2i,2,2i
MG455136,1,1b,1,1b,1,1b,1,1b,1,1b
MG455137,1,1b,1,1b,1,1b,1,1b,1,1b
MG455138,4,4a,4,4a,4,4a,4,4a,4,4a
MG455139,1,1a,1,1a,1,1a,1,1a,1,1a
MG455140,2,2i,2,2i,2,2i,2,2i,2,2i
MG455144,5,5a,5,5a,5,5a,5,5a,5,5a
MG455145,1,1a,1,1a,1,1a,1,1a,1,1a
MG455149,5,5a,5,5a,5,5a,5,5a,5,5a
MG455152,2,2b,2,2b,2,2b,2,2b,2,2b
MG455153,2,2b,2,2b,2,2b,2,2b,2,2b
MG455155,4,4a,4,4a,4,4a,4,4a,4,4a
MG455158,1,1b,1,1b,1,1b,1,1b,1,1b
MG455160,4,4a,4,4a,4,4a,4,4a,4,4a
MG455161,4,4a,4,4a,4,4a,4,4a,4,4a
MG455163,2,2j,2,2f,2,2j,2,2j,2,2a
MG455164,1,1a,1,1a,1,1a,1,1a,1,1a
MG455167,2,2a,2,2a,2,2a,2,2a,2,2a
MG455168,2,2a,2,2a,2,2a,2,2a,2,2a
MG455169,1,1b,1,1b,1,1b,1,1b,1,1b
MG455170,2,2b,2,2b,2,2b,2,2b,2,2b
MG455174,4,4d,4,4d,4,4d,4,4d,4,4d
MG455178,1,1a,1,1a,1,1a,1,1a,1,1a
MG455179,1,1b,1,1b,1,1b,1,1b,1,1b
MG455182,5,5a,5,5a,5,5a,5,5a,5,5a
MG455183,1,1a,1,1a,1,1a,1,1a,1,1a
MG455190,4,4d,4,4d,4,4d,4,4d,4,4d
MG455191,1,1a,1,1a,1,1a,1,1a,1,1a
MG455192,1,1a,1,1a,1,1a,1,1a,1,1a
MG455194,2,2b,2,2b,2,2b,2,2b,2,2e
MG455195,2,2c,2,2c,2,2c,2,2c,2,2c
MG455196,6,6a,6,6a,6,6a,6,6a,6,6a
MG455198,1,1a,1,1a,1,1a,1,1a,1,1a
MG455201,1,1a,1,1a,1,1a,1,1a,1,1a
MG455202,1,1a,1,1a,1,1a,1,1a,1,1a
MG455203,2,2a,2,2a,2,2a,2,2a,2,2a
MG455204,4,4d,4,4d,4,4d,4,4d,4,4d
MG455205,4,4c,4,4a,4,4a,4,4a,4,4a
MG455207,1,1a,1,1a,1,1a,1,1a,1,1a
MG455208,1,1b,1,1b,1,1b,1,1b,1,1b
MG455210,2,2a,2,2a,2,2a,2,2a,2,2a
MG455212,1,1a,1,1a,1,1a,1,1a,1,1a
MG455214,1,1a,1,1a,1,1a,1,1a,1,1a
MG455216,1,1b,1,1b,1,1b,1,1b,1,1b
MG455221,4,4f,4,4f,4,4f,4,4f,4,4f
MG455222,4,4a,4,4a,4,4a,4,4a,4,4a
MG455225,4,4b,4,4b,4,4b,4,4b,4,4b
MG455226,1,1a,1,1a,1,1a,1,1a,1,1a
MG455227,1,1b,1,1b,1,1b,1,1b,1,1b
MG455228,1,1a,1,1a,1,1a,1,1a,1,1a
MG455229,4,4d,4,4d,4,4d,4,4d,4,4d
MG455231,5,5a,5,5a,5,5a,5,5a,5,5a
MG455232,4,4n,4,4n,4,4n,4,4n,4,4n
MG455235,1,1a,1,1a,1,1a,1,1a,1,1a
MG455236,5,5a,5,5a,5,5a,5,5a,5,5a
MG455237,2,2b,2,2b,2,2b,2,2b,2,2b
MG455242,4,4d,4,4d,4,4d,4,4d,4,4d
MG455245,1,1a,1,1a,1,1a,1,1a,1,1a
MG455246,1,1a,1,1a,1,1a,1,1a,1,1a
MG455248,1,1b,1,1b,1,1b,1,1b,1,1b
MG455250,4,4a,4,4a,4,4a,4,4a,4,4a
MG455253,6,6a,6,6a,6,6a,6,6a,6,6a
MG455255,1,1a,1,1a,1,1a,1,1a,1,1a
MG455257,4,4o,4,4o,4,4o,4,4o,4,4o
MG455258,4,4a,4,4a,4,4a,4,4a,4,4a
MG455259,4,4a,4,4a,4,4a,4,4a,4,4a
MG455263,4,4a,4,4a,4,4a,4,4a,4,4a
MG455265,4,4n,4,4n,4,4n,4,4n,4,4n
MG455267,1,1a,1,1a,1,1a,1,1a,1,1a
MG455269,4,4a,4,4a,4,4a,4,4a,4,4a
MG455272,1,1a,1,1a,1,1a,1,1a,1,1a
MG455273,4,4a,4,4a,4,4a,4,4a,4,4a
MG455274,4,4o,4,4o,4,4o,4,4o,4,4o
MG455275,1,1b,1,1b,1,1b,1,1b,1,1b
MG455276,2,2b,2,2b,2,2b,2,2b,2,2b
MG455277,1,1a,1,1a,1,1a,1,1a,1,1a
MG455278,4,4a,4,4a,4,4a,4,4a,4,4a
MG455281,1,1a,1,1a,1,1a,1,1a,1,1a
MG455282,6,6h,6,6h,6,6h,6,6h,6,6h
MG455284,4,4a,4,4a,4,4a,4,4a,4,4a
MG455285,1,1b,1,1b,1,1b,1,1b,1,1b
MG455286,5,5a,5,5a,5,5a,5,5a,5,5a
MG455287,4,4c,4,4c,4,4c,4,4c,4,4c
MG455288,2,2i,2,2i,2,2i,2,2i,2,2i
MG455289,1,1a,1,1a,1,1a,1,1a,1,1a
MG455291,5,5a,5,5a,5,5a,5,5a,5,5a
MG455292,4,4a,4,4a,4,4a,4,4a,4,4a
MG455295,4,4a,4,4a,4,4a,4,4a,4,4a
MG455296,4,4d,4,4d,4,4d,4,4d,4,4d
MG455298,1,1b,1,1b,1,1b,1,1b,1,1b
MG455299,4,4d,4,4d,4,4d,4,4d,4,4d
MG455302,4,4n,4,4n,4,4n,4,4n,4,4n
MG455303,4,4a,4,4a,4,4a,4,4a,4,4a
MG455305,1,1a,1,1a,1,1a,1,1a,1,1a
MG455306,4,4a,4,4a,4,4a,4,4a,4,4a
MG455307,1,1b,1,1b,1,1b,1,1b,1,1b
MG455308,2,2c,2,2c,2,2c,2,2c,2,2c
MG455309,4,4a,4,4a,4,4a,4,4a,4,4a
MG455311,4,4d,4,4d,4,4d,4,4d,4,4d
MG455317,1,1b,1,1b,1,1b,1,1b,1,1b
MG455318,1,1a,1,1a,1,1a,1,1a,1,1a
MG455319,4,4d,4,4d,4,4d,4,4d,4,4d
MG455320,1,1a,1,1a,1,1a,1,1a,1,1a
MG455321,4,4a,4,4a,4,4a,4,4a,4,4a
MG455322,1,1b,1,1b,1,1b,1,1b,1,1b
MG455323,1,1a,1,1a,1,1a,1,1a,1,1a
MG455325,5,5a,5,5a,5,5a,5,5a,5,5a
MG455327,4,4o,4,4o,4,4o,4,4o,4,4o
MG455328,1,1b,1,1b,1,1b,1,1b,1,1b
MG455331,4,4a,4,4a,4,4a,4,4a,4,4a
MG455332,4,4d,4,4d,4,4d,4,4d,4,4d
MG455333,4,4a,4,4a,4,4a,4,4a,4,4a
MG455336,6,6a,6,6a,6,6a,6,6a,6,6a
MG455337,4,4a,4,4a,4,4a,4,4a,4,4a
MG455340,4,4d,4,4d,4,4d,4,4d,4,4d
MG455341,4,4a,4,4a,4,4a,4,4a,4,4a
MG455342,1,1b,1,1b,1,1b,1,1b,1,1b
MG455343,1,1b,1,1b,1,1b,1,1b,1,1b
MG455346,2,2a,2,2a,2,2a,2,2a,2,2a
MG455348,1,1a,1,1a,1,1a,1,1a,1,1a
MG455350,1,1a,1,1a,1,1a,1,1a,1,1a
MG455352,2,2a,2,2a,2,2a,2,2a,2,2a
MG455353,1,1a,1,1a,1,1a,1,1a,1,1a
MG455356,6,6a,6,6a,6,6a,6,6a,6,6a
MG455357,5,5a,5,5a,5,5a,5,5a,5,5a
MG455358,5,5a,5,5a,5,5a,5,5a,5,5a
MG455359,5,5a,5,5a,5,5a,5,5a,5,5a
MG455360,4,4n,4,4n,4,4n,4,4n,4,4n
MG455361,6,6n,6,6n,6,6n,6,6n,6,6n
MG455363,2,2i,2,2i,2,2i,2,2i,2,2i
MG455364,4,4f,4,4f,4,4f,4,4f,4,4f
MG455365,2,2a,2,2a,2,2a,2,2a,2,2a
MG455369,1,1a,1,1a,1,1a,1,1a,1,1a
MG455372,6,6a,6,6a,6,6a,6,6a,6,6a
MG455375,5,5a,5,5a,5,5a,5,5a,5,5a
MG455378,6,6a,6,6a,6,6a,6,6a,6,6a
MG455381,4,4a,4,4a,4,4a,4,4a,4,4a
MG455383,6,6a,6,6a,6,6a,6,6a,6,6a
MG455387,1,1a,1,1a,1,1a,1,1a,1,1a
MG455388,4,4a,4,4a,4,4a,4,4a,4,4a
MG455390,6,6m,6,6m,6,6m,6,6m,6,6m
MG455392,4,4a,4,4a,4,4a,4,4a,4,4a
MG455393,2,2a,2,2a,2,2a,2,2a,2,2a
MG455401,2,2b,2,2b,2,2b,2,2b,2,2b
MG455405,2,2b,2,2b,2,2b,2,2b,2,2b
MG455406,2,2b,2,2b,2,2b,2,2b,2,2b
MG455407,2,2b,2,2b,2,2b,2,2b,2,2b
MG455409,2,2b,2,2b,2,2b,2,2b,2,2b
MG455410,2,2b,2,2b,2,2b,2,2b,2,2b
MG455412,2,2a,2,2a,2,2a,2,2a,2,2a
MG455414,2,2b,2,2b,2,2b,2,2b,2,2b
MG455417,2,2b,2,2b,2,2b,2,2b,2,2b
MG455418,2,2b,2,2b,2,2b,2,2b,2,2b
MG455419,2,2b,2,2b,2,2b,2,2b,2,2b
MG455420,2,2b,2,2b,2,2b,2,2b,2,2b
MG455422,2,2b,2,2b,2,2b,2,2b,2,2b
MG455423,2,2a,2,2a,2,2a,2,2a,2,2a
MG455425,2,2b,2,2b,2,2b,2,2b,2,2b
MG455426,2,2b,2,2b,2,2b,2,2b,2,2b
MG455428,2,2b,2,2b,2,2b,2,2b,2,2b
MG455429,2,2b,2,2b,2,2b,2,2b,2,2b
MG455430,2,2b,2,2b,2,2b,2,2b,2,2b
MG455431,2,2a,2,2a,2,2a,2,2a,2,2a
MG455432,2,2c,2,2c,2,2c,2,2c,2,2c
MG455434,2,2a,2,2a,2,2a,2,2a,2,2a
MG455436,2,2b,2,2b,2,2b,2,2b,2,2b
MG455438,2,2a,2,2a,2,2a,2,2a,2,2a
MG455439,2,2b,2,2b,2,2b,2,2b,2,2b
MG455440,2,2a,2,2a,2,2a,2,2a,2,2a
MG455442,2,2b,2,2b,2,2b,2,2b,2,2b
MG455445,1,1a,1,1a,1,1a,1,1a,1,1a
MG455448,2,2b,2,2b,2,2b,2,2b,2,2b
MG455449,2,2b,2,2b,2,2b,2,2b,2,2b
MG455450,2,2b,2,2b,2,2b,2,2b,2,2b
MG455452,2,2b,2,2b,2,2b,2,2b,2,2b
MG455455,2,2b,2,2b,2,2b,2,2b,2,2b
MG455459,2,2b,2,2b,2,2b,2,2b,2,2b
MG455460,2,2b,2,2b,2,2b,2,2b,2,2b
MG455461,2,2b,2,2b,2,2b,2,2b,2,2b
MG455462,2,2b,2,2b,2,2b,2,2b,2,2b
MG455463,2,2b,2,2b,2,2b,2,2b,2,2b
MG455464,2,2b,2,2b,2,2b,2,2b,2,2b
MG455468,2,2b,2,2b,2,2b,2,2b,2,2b
MG455470,2,2b,2,2b,2,2b,2,2b,2,2b
MG455473,2,2b,2,2b,2,2b,2,2b,2,2b
MG455474,2,2b,2,2b,2,2b,2,2b,2,2b
MG455479,2,2b,2,2b,2,2b,2,2b,2,2b
MG455481,2,2b,2,2b,2,2b,2,2b,2,2b
MG455490,2,2b,2,2b,2,2b,2,2b,2,2b
MG455492,2,2b,2,2b,2,2b,2,2b,2,2b
MG455496,2,2b,2,2b,2,2b,2,2b,2,2b
MG455497,2,2b,2,2b,2,2b,2,2b,2,2b
MG455499,2,2b,2,2b,2,2b,2,2b,2,2b
MG455500,2,2a,2,2a,2,2a,2,2a,2,2a
MG455502,2,2b,2,2b,2,2b,2,2b,2,2b
MG455503,2,2b,2,2b,2,2b,2,2b,2,2b
MG455504,2,2b,2,2b,2,2b,2,2b,2,2b
MG455506,2,2b,2,2b,2,2b,2,2b,2,2b
MG455508,2,2b,2,2b,2,2b,2,2b,2,2b
MG455509,2,2a,2,2a,2,2a,2,2a,2,2a
MG455511,2,2b,2,2b,2,2b,2,2b,2,2b
MG455512,2,2b,2,2b,2,2b,2,2b,2,2b
MG455518,2,2b,2,2b,2,2b,2,2b,2,2b
MG455520,2,2b,2,2b,2,2b,2,2b,2,2b
MG455522,2,2a,2,2a,2,2a,2,2a,2,2a
MG455526,3,3a,3,3a,3,3a,3,3a,3,3a
MG455529,3,3a,3,3a,3,3a,3,3a,3,3a
MG455530,3,3a,3,3a,3,3a,3,3a,3,3a
MG455531,3,3a,3,3a,3,3a,3,3a,3,3a
MG455534,3,3a,3,3a,3,3a,3,3a,3,3a
MG455535,3,3a,3,3a,3,3a,3,3a,3,3a
MG455536,3,3a,3,3a,3,3a,3,3a,3,3a
MG455538,3,3a,3,3a,3,3a,3,3a,3,3a
MG455539,3,3a,3,3a,3,3a,3,3a,3,3a
MG455540,3,3a,3,3a,3,3a,3,3a,3,3a
MG455541,3,3a,3,3a,3,3a,3,3a,3,3a
MG455544,3,3a,3,3a,3,3a,3,3a,3,3a
MG455545,3,3a,3,3a,3,3a,3,3a,3,3a
MG455546,3,3a,3,3a,3,3a,3,3a,3,3a
MG455547,3,3a,3,3a,3,3a,3,3a,3,3a
MG455548,3,3a,3,3a,3,3a,3,3a,3,3a
MG455549,3,3a,3,3a,3,3a,3,3a,3,3a
MG455551,3,3a,3,3a,3,3a,3,3a,3,3a
MG455552,3,3a,3,3a,3,3a,3,3a,3,3a
MG455553,3,3a,3,3a,3,3a,3,3a,3,3a
MG455554,3,3a,3,3a,3,3a,3,3a,3,3a
MG455556,3,3a,3,3a,3,3a,3,3a,3,3a
MG455557,3,3a,3,3a,3,3a,3,3a,3,3a
MG455558,3,3a,3,3a,3,3a,3,3a,3,3a
MG455559,3,3a,3,3a,3,3a,3,3a,3,3a
MG455560,3,3a,3,3a,3,3a,3,3a,3,3a
MG455561,3,3a,3,3a,3,3a,3,3a,3,3a
MG455562,3,3a,3,3a,3,3a,3,3a,3,3a
MG455563,3,3a,3,3a,3,3a,3,3a,3,3a
MG455566,3,3a,3,3a,3,3a,3,3a,3,3a
MG455567,3,3a,3,3a,3,3a,3,3a,3,3a
MG455568,3,3a,3,3a,3,3a,3,3a,3,3a
MG455569,3,3a,3,3a,3,3a,3,3a,3,3a
MG455572,3,3a,3,3a,3,3a,3,3a,3,3a
MG455574,3,3a,3,3a,3,3a,3,3a,3,3a
MG455575,3,3a,3,3a,3,3a,3,3a,3,3a
MG455576,3,3a,3,3a,3,3a,3,3a,3,3a
MG455577,3,3a,3,3a,3,3a,3,3a,3,3a
MG455578,3,3a,3,3a,3,3a,3,3a,3,3a
MG455579,3,3a,3,3a,3,3a,3,3a,3,3a
MG455581,3,3a,3,3a,3,3a,3,3a,3,3a
MG455582,3,3a,3,3a,3,3a,3,3a,3,3a
MG455583,3,3a,3,3a,3,3a,3,3a,3,3a
MG455584,3,3a,3,3a,3,3a,3,3a,3,3a
MG455585,3,3a,3,3a,3,3a,3,3a,3,3a
MG455586,3,3a,3,3a,3,3a,3,3a,3,3a
MG455588,3,3a,3,3a,3,3a,3,3a,3,3a
MG455589,3,3a,3,3a,3,3a,3,3a,3,3a
MG455590,3,3a,3,3a,3,3a,3,3a,3,3a
MG455591,3,3a,3,3a,3,3a,3,3a,3,3a
MG455592,3,3a,3,3a,3,3a,3,3a,3,3a
MG455593,3,3a,3,3a,3,3a,3,3a,3,3a
MG455594,3,3a,3,3a,3,3a,3,3a,3,3a
MG455595,3,3a,3,3a,3,3a,3,3a,3,3a
MG455596,3,3a,3,3a,3,3a,3,3a,3,3a
MG455598,3,3a,3,3a,3,3a,3,3a,3,3a
MG455600,3,3a,3,3a,3,3a,3,3a,3,3a
MG455601,3,3a,3,3a,3,3a,3,3a,3,3a
MG455602,3,3a,3,3a,3,3a,3,3a,3,3a
MG455603,3,3a,3,3a,3,3a,3,3a,3,3a
MG455604,3,3a,3,3a,3,3a,3,3a,3,3a
MG455605,3,3a,3,3a,3,3a,3,3a,3,3a
MG455609,3,3a,3,3a,3,3a,3,3a,3,3a
MG455611,3,3a,3,3a,3,3a,3,3a,3,3a
MG455613,3,3a,3,3a,3,3a,3,3a,3,3a
MG455614,3,3a,3,3a,3,3a,3,3a,3,3a
MG455615,3,3a,3,3a,3,3a,3,3a,3,3a
MG455617,3,3a,3,3a,3,3a,3,3a,3,3a
MG455620,3,3a,3,3a,3,3a,3,3a,3,3a
MG455621,3,3a,3,3a,3,3a,3,3a,3,3a
MG455622,3,3a,3,3a,3,3a,3,3a,3,3a
MG455623,3,3a,3,3a,3,3a,3,3a,3,3a
MG455624,3,3a,3,3a,3,3a,3,3a,3,3a
MG455625,3,3a,3,3a,3,3a,3,3a,3,3a
MG455626,3,3a,3,3a,3,3a,3,3a,3,3a
MG455627,3,3a,3,3a,3,3a,3,3a,3,3a
MG455630,3,3a,3,3a,3,3a,3,3a,3,3a
MG455631,3,3a,3,3a,3,3a,3,3a,3,3a
MG455632,3,3a,3,3a,3,3a,3,3a,3,3a
MG455633,3,3a,3,3a,3,3a,3,3a,3,3a
MG455634,3,3a,3,3a,3,3a,3,3a,3,3a
MG455635,3,3a,3,3a,3,3a,3,3a,3,3a
MG455636,3,3a,3,3a,3,3a,3,3a,3,3a
MG455637,3,3a,3,3a,3,3a,3,3a,3,3a
MG455638,3,3a,3,3a,3,3a,3,3a,3,3a
MG455639,3,3a,3,3a,3,3a,3,3a,3,3a
MG455642,3,3a,3,3a,3,3a,3,3a,3,3a
MG455644,3,3a,3,3a,3,3a,3,3a,3,3a
MG455645,3,3a,3,3a,3,3a,3,3a,3,3a
MG455646,3,3a,3,3a,3,3a,3,3a,3,3a
MG455650,3,3a,3,3a,3,3a,3,3a,3,3a
MG455653,3,3a,3,3a,3,3a,3,3a,3,3a
MG455654,3,3a,3,3a,3,3a,3,3a,3,3a
MG455655,3,3a,3,3a,3,3a,3,3a,3,3a
MG455656,3,3a,3,3a,3,3a,3,3a,3,3a
MG455657,3,3a,3,3a,3,3a,3,3a,3,3a
MG455659,3,3a,3,3a,3,3a,3,3a,3,3a
MG455663,3,3a,3,3a,3,3a,3,3a,3,3a
MG455667,3,3a,3,3a,3,3a,3,3a,3,3a
MG455668,3,3a,3,3a,3,3a,3,3a,3,3a
MG455670,3,3a,3,3a,3,3a,3,3a,3,3a
MG455671,3,3a,3,3a,3,3a,3,3a,3,3a
MG455674,3,3a,3,3a,3,3a,3,3a,3,3a
MG455675,3,3a,3,3a,3,3a,3,3a,3,3a
MG455676,3,3a,3,3a,3,3a,3,3a,3,3a
MG455677,3,3a,3,3a,3,3a,3,3a,3,3a
MG455678,3,3a,3,3a,3,3a,3,3a,3,3a
MG455679,3,3a,3,3a,3,3a,3,3a,3,3a
MG455682,3,3a,3,3a,3,3a,3,3a,3,3a
MG455683,3,3a,3,3a,3,3a,3,3a,3,3a
MG455684,3,3a,3,3a,3,3a,3,3a,3,3a
MG455685,3,3a,3,3a,3,3a,3,3a,3,3a
MG455686,3,3a,3,3a,3,3a,3,3a,3,3a
MG455687,3,3a,3,3a,3,3a,3,3a,3,3a
MG455688,3,3a,3,3a,3,3a,3,3a,3,3a
MG455690,3,3a,3,3a,3,3a,3,3a,3,3a
MG455691,3,3a,3,3a,3,3a,3,3a,3,3a
MG455694,3,3a,3,3a,3,3a,3,3a,3,3a
MG455695,3,3a,3,3a,3,3a,3,3a,3,3a
MG455696,3,3a,3,3a,3,3a,3,3a,3,3a
MG455697,3,3a,3,3a,3,3a,3,3a,3,3a
MG455698,3,3a,3,3a,3,3a,3,3a,3,3a
MG455700,3,3a,3,3a,3,3a,3,3a,3,3a
MG455704,3,3a,3,3a,3,3a,3,3a,3,3a
MG455705,3,3a,3,3a,3,3a,3,3a,3,3a
MG455706,3,3a,3,3a,3,3a,3,3a,3,3a
MG455707,3,3a,3,3a,3,3a,3,3a,3,3a
MG455708,3,3a,3,3a,3,3a,3,3a,3,3a
MG455711,3,3a,3,3a,3,3a,3,3a,3,3a
MG455712,3,3a,3,3a,3,3a,3,3a,3,3a
MG455714,3,3a,3,3a,3,3a,3,3a,3,3a
MG455715,3,3a,3,3a,3,3a,3,3a,3,3a
MG455717,3,3a,3,3a,3,3a,3,3a,3,3a
MG455721,3,3a,3,3a,3,3a,3,3a,3,3a
MG455722,3,3a,3,3a,3,3a,3,3a,3,3a
MG455723,3,3a,3,3a,3,3a,3,3a,3,3a
MG455724,3,3a,3,3a,3,3a,3,3a,3,3a
MG455725,3,3a,3,3a,3,3a,3,3a,3,3a
MG455727,3,3a,3,3a,3,3a,3,3a,3,3a
MG455728,3,3a,3,3a,3,3a,3,3a,3,3a
MG455729,3,3a,3,3a,3,3a,3,3a,3,3a
MG455732,3,3a,3,3a,3,3a,3,3a,3,3a
MG455735,3,3a,3,3a,3,3a,3,3a,3,3a
MG455737,3,3a,3,3a,3,3a,3,3a,3,3a
MG455739,3,3a,3,3a,3,3a,3,3a,3,3a
MG455740,3,3a,3,3a,3,3a,3,3a,3,3a
MG455741,3,3a,3,3a,3,3a,3,3a,3,3a
MG455742,3,3a,3,3a,3,3a,3,3a,3,3a
MG455744,3,3a,3,3a,3,3a,3,3a,3,3a
MG455745,3,3a,3,3a,3,3a,3,3a,3,3a
MG455746,3,3a,3,3a,3,3a,3,3a,3,3a
MG455747,3,3a,3,3a,3,3a,3,3a,3,3a
MG455749,3,3a,3,3a,3,3a,3,3a,3,3a
MG455750,3,3a,3,3a,3,3a,3,3a,3,3a
MG455753,3,3a,3,3a,3,3a,3,3a,3,3a
MG455755,3,3a,3,3a,3,3a,3,3a,3,3a
MG455756,3,3a,3,3a,3,3a,3,3a,3,3a
MG455758,3,3a,3,3a,3,3a,3,3a,3,3a
MG455759,3,3a,3,3a,3,3a,3,3a,3,3a
MG455760,3,3b,3,3b,3,3b,3,3b,3,3b
MG455762,3,3a,3,3a,3,3a,3,3a,3,3a
MG455763,3,3a,3,3a,3,3a,3,3a,3,3a
MG455765,3,3a,3,3a,3,3a,3,3a,3,3a
MG455766,3,3a,3,3a,3,3a,3,3a,3,3a
MG455767,3,3a,3,3a,3,3a,3,3a,3,3a
MG455768,3,3a,3,3a,3,3a,3,3a,3,3a
MG455769,3,3a,3,3a,3,3a,3,3a,3,3a
MG455771,3,3a,3,3a,3,3a,3,3a,3,3a
MG455772,3,3a,3,3a,3,3a,3,3a,3,3a
MG455774,3,3a,3,3a,3,3a,3,3a,3,3a
MG455778,3,3a,3,3a,3,3a,3,3a,3,3a
MG455781,3,3a,3,3a,3,3a,3,3a,3,3a
MG455782,3,3a,3,3a,3,3a,3,3a,3,3a
MG455783,3,3a,3,3a,3,3a,3,3a,3,3a
MG455784,3,3a,3,3a,3,3a,3,3a,3,3a
MG455785,3,3a,3,3a,3,3a,3,3a,3,3a
MG455791,3,3a,3,3a,3,3a,3,3a,3,3a
MG455792,3,3a,3,3a,3,3a,3,3a,3,3a
MG455793,3,3a,3,3a,3,3a,3,3a,3,3a
MG455794,3,3a,3,3a,3,3a,3,3a,3,3a
MG455795,3,3a,3,3a,3,3a,3,3a,3,3a
MG455796,3,3b,3,3b,3,3b,3,3b,3,3b
MG455798,3,3a,3,3a,3,3a,3,3a,3,3a
MG455800,3,3a,3,3a,3,3a,3,3a,3,3a
MG455801,3,3a,3,3a,3,3a,3,3a,3,3a
MG455802,3,3a,3,3a,3,3a,3,3a,3,3a
MG455803,3,3a,3,3a,3,3a,3,3a,3,3a
MG455806,3,3a,3,3a,3,3a,3,3a,3,3a
MG455807,3,3a,3,3a,3,3a,3,3a,3,3a
MG455808,3,3a,3,3a,3,3a,3,3a,3,3a
MG455809,3,3a,3,3a,3,3a,3,3a,3,3a
MG455811,2,2a,2,2a,2,2a,2,2a,2,2a
MG455812,2,2b,2,2b,2,2b,2,2b,2,2b
MG455813,1,1b,1,1b,1,1b,1,1b,1,1b
MG455815,1,1a,1,1a,1,1a,1,1a,1,1a
MG455816,2,2b,2,2b,2,2b,2,2b,2,2b
MG455817,4,4a,4,4a,4,4a,4,4a,4,4a
MG455819,1,1a,1,1a,1,1a,1,1a,1,1a
MG455820,1,1a,1,1a,1,1a,1,1a,1,1a
MG455823,1,1a,1,1a,1,1a,1,1a,1,1a
MG455826,1,1a,1,1a,1,1a,1,1a,1,1a
MG455827,2,2a,2,2a,2,2a,2,2a,2,2a
MG455828,1,1a,1,1a,1,1a,1,1a,1,1a
MG455829,3,3a,3,3a,3,3a,3,3a,3,3a
MG455830,3,3a,3,3a,3,3a,3,3a,3,3a
MG455832,1,1a,1,1a,1,1a,1,1a,1,1a
MG455833,1,1a,1,1a,1,1a,1,1a,1,1a
MG455836,3,3a,3,3a,3,3a,3,3a,3,3a
MG455837,1,1a,1,1a,1,1a,1,1a,1,1a
MG455838,4,4d,4,4d,4,4d,4,4d,4,4d
MG455839,1,1a,1,1a,1,1a,1,1a,1,1a
MG455840,1,1a,1,1a,1,1a,1,1a,1,1a
MG455841,2,2b,2,2b,2,2b,2,2b,2,2b
MG455842,1,1a,1,1a,1,1a,1,1a,1,1a
MG455845,1,1a,1,1a,1,1a,1,1a,1,1a
MG455846,1,1a,1,1a,1,1a,1,1a,1,1a
MG455847,1,1a,1,1a,1,1a,1,1a,1,1a
MG455848,1,1a,1,1a,1,1a,1,1a,1,1a
MG455849,1,1a,1,1a,1,1a,1,1a,1,1a
MG455850,1,1a,1,1a,1,1a,1,1a,1,1a
MG455852,1,1a,1,1a,1,1a,1,1a,1,1a
MG455854,4,4a,4,4a,4,4a,4,4a,4,4a
MG455855,4,4a,4,4a,4,4a,4,4a,4,4a
MG455856,1,1a,1,1a,1,1a,1,1a,1,1a
MG455857,1,1a,1,1a,1,1a,1,1a,1,1a
MG455858,1,1a,1,1a,1,1a,1,1a,1,1a
MG455859,4,4d,4,4d,4,4d,4,4d,4,4d
MG455861,1,1a,1,1a,1,1a,1,1a,1,1a
MG455862,1,1a,1,1a,1,1a,1,1a,1,1a
MG455863,1,1a,1,1a,1,1a,1,1a,1,1a
MG455866,1,1a,1,1a,1,1a,1,1a,1,1a
MG455867,3,3a,3,3a,3,3a,3,3a,3,3a
MG455868,3,3a,3,3a,3,3a,3,3a,3,3a
MG455869,2,2b,2,2b,2,2b,2,2b,2,2b
MG455870,3,3a,3,3a,3,3a,3,3a,3,3a
MG455871,1,1a,1,1a,1,1a,1,1a,1,1a
MG455874,1,1a,1,1a,1,1a,1,1a,1,1a
MG455875,1,1a,1,1a,1,1a,1,1a,1,1a
MG455880,1,1a,1,1a,1,1a,1,1a,1,1a
MG455881,1,1a,1,1a,1,1a,1,1a,1,1a
MG455885,1,1a,1,1a,1,1a,1,1a,1,1a
MG455887,1,1a,1,1a,1,1a,1,1a,1,1a
MG455888,1,1a,1,1a,1,1a,1,1a,1,1a
MG455890,2,2b,2,2b,2,2b,2,2b,2,2b
MG455891,1,1a,1,1a,1,1a,1,1a,1,1a
MG455892,1,1a,1,1a,1,1a,1,1a,1,1a
MG455893,3,3a,3,3a,3,3a,3,3a,3,3a
MG455898,1,1b,1,1b,1,1b,1,1b,1,1b
MG455900,1,1a,1,1a,1,1a,1,1a,1,1a
MG455903,1,1a,1,1a,1,1a,1,1a,1,1a
MG455904,1,1a,1,1a,1,1a,1,1a,1,1a
MG455905,3,3a,3,3a,3,3a,3,3a,3,3a
MG455907,1,1a,1,1a,1,1a,1,1a,1,1a
MG455908,1,1a,1,1a,1,1a,1,1a,1,1a
MG455909,2,2b,2,2b,2,2b,2,2b,2,2b
MG455913,1,1b,1,1b,1,1b,1,1b,1,1b
MG455914,1,1a,1,1a,1,1a,1,1a,1,1a
MG455916,1,1a,1,1a,1,1a,1,1a,1,1a
MG455917,1,1a,1,1a,1,1a,1,1a,1,1a
MG455918,1,1a,1,1a,1,1a,1,1a,1,1a
MG455919,1,1a,1,1a,1,1a,1,1a,1,1a
MG455920,1,1a,1,1a,1,1a,1,1a,1,1a
MG455921,1,1a,1,1a,1,1a,1,1a,1,1a
MG455922,1,1a,1,1a,1,1a,1,1a,1,1a
MG455923,1,1a,1,1a,1,1a,1,1a,1,1a
MG455924,1,1a,1,1a,1,1a,1,1a,1,1a
MG455926,1,1a,1,1a,1,1a,1,1a,1,1a
MG455929,4,4a,4,4a,4,4a,4,4a,4,4a
MG455930,1,1a,1,1a,1,1a,1,1a,1,1a
MG455932,2,2a,2,2a,2,2a,2,2a,2,2a
MG455935,1,1a,1,1a,1,1a,1,1a,1,1a
MG455937,2,2c,2,2c,2,2c,2,2c,2,2b
MG455939,1,1a,1,1a,1,1a,1,1a,1,1a
MG455940,2,2b,2,2b,2,2b,2,2b,2,2b
MG455942,1,1a,1,1a,1,1a,1,1a,1,1a
MG455945,1,1b,1,1b,1,1b,1,1b,1,1b
MG455946,1,1a,1,1a,1,1a,1,1a,1,1a
MG455947,1,1a,1,1a,1,1a,1,1a,1,1a
MG455948,1,1a,1,1a,1,1a,1,1a,1,1a
MG455950,1,1a,1,1a,1,1a,1,1a,1,1a
MG455951,1,1b,1,1b,1,1b,1,1b,1,1b
MG455955,6,6a,6,6a,6,6a,6,6a,6,6a
MG455958,1,1a,1,1a,1,1a,1,1a,1,1a
MG455959,4,4a,4,4a,4,4a,4,4a,4,4a
MG455960,1,1a,1,1a,1,1a,1,1a,1,1a
MG455961,2,2b,2,2b,2,2b,2,2b,2,2b
MG455962,1,1a,1,1a,1,1a,1,1a,1,1a
MG455965,1,1b,1,1b,1,1b,1,1b,1,1b
MG455966,4,4r,4,4r,4,4r,4,4r,4,4r
MG455968,1,1a,1,1a,1,1a,1,1a,1,1a
MG455969,4,4a,4,4a,4,4a,4,4a,4,4a
MG455970,6,6a,6,6a,6,6a,6,6a,6,6a
MG455972,4,4a,4,4a,4,4a,4,4a,4,4a
MG455973,1,1a,1,1a,1,1a,1,1a,1,1a
MG455975,1,1b,1,1b,1,1b,1,1b,1,1b
MG455976,1,1a,1,1a,1,1a,1,1a,1,1a
MG455978,1,1a,1,1a,1,1a,1,1a,1,1a
MG455979,2,2j,2,2j,2,2j,2,2j,2,2j
MG455980,4,4a,4,4a,4,4a,4,4a,4,4a
MG455982,1,1b,1,1b,1,1b,1,1b,1,1b
MG455987,2,2c,2,2c,2,2c,2,2c,2,2c
MG455988,1,1b,1,1b,1,1b,1,1b,1,1b
MG455989,6,6l,6,6l,6,6l,6,6l,6,6l
MG455990,2,2b,2,2b,2,2b,2,2b,2,2b
MG455991,1,1a,1,1a,1,1a,1,1a,1,1a
MG455992,1,1a,1,1a,1,1a,1,1a,1,1a
MG455997,1,1a,1,1a,1,1a,1,1a,1,1a
MG456001,1,1b,1,1b,1,1b,1,1b,1,1b
MG456003,4,4k,4,4k,4,4k,4,4k,4,4a
MG456005,2,2b,2,2b,2,2b,2,2b,2,2b
MG456008,4,4d,4,4d,4,4d,4,4d,4,4d
MG456009,6,6q,6,6q,6,6q,6,6q,6,6q
MG456010,4,4b,4,4b,4,4b,4,4b,4,4b
MG456012,1,1a,1,1a,1,1a,1,1a,1,1a
MG456013,1,1b,1,1b,1,1b,1,1b,1,1b
MG456014,4,4d,4,4d,4,4d,4,4d,4,4a
MG456015,1,1b,1,1b,1,1b,1,1b,1,1b
MG456016,2,2k,2,2k,2,2k,2,2k,2,2k
MG456017,4,4d,4,4d,4,4d,4,4d,4,4d
MG456018,2,2a,2,2a,2,2a,2,2a,2,2a
MG456019,4,4a,4,4a,4,4a,4,4a,4,4a
MG456020,1,1b,1,1b,1,1b,1,1b,1,1b
MG456022,1,1a,1,1a,1,1a,1,1a,1,1a
MG456023,1,1i,1,1i,1,1b,1,1b,1,1b
MG456024,2,2k,2,2k,2,2k,2,2k,2,2k
MG456026,1,1a,1,1a,1,1a,1,1a,1,1a
MG456028,1,1a,1,1a,1,1a,1,1a,1,1a
MG456029,1,1a,1,1a,1,1a,1,1a,1,1a
MG456030,1,1a,1,1a,1,1a,1,1a,1,1a
MG456035,1,1b,1,1b,1,1b,1,1b,1,1b
MG456037,1,1a,1,1a,1,1a,1,1a,1,1a
MG456038,4,4a,4,4a,4,4a,4,4a,4,4a
MG456042,1,1a,1,1a,1,1a,1,1a,1,1a
MG456043,2,2b,2,2b,2,2b,2,2b,2,2b
MG456045,1,1a,1,1a,1,1a,1,1a,1,1a
MG456046,1,1a,1,1a,1,1a,1,1a,1,1a
MG456048,1,1b,1,1b,1,1b,1,1b,1,1b
MG456049,1,1a,1,1a,1,1a,1,1a,1,1a
MG456051,1,1a,1,1a,1,1a,1,1a,1,1a
MG456052,3,3a,3,3a,3,3a,3,3a,3,3a
MG456055,2,2b,2,2b,2,2b,2,2b,2,2b
MG456056,1,1a,1,1a,1,1a,1,1a,1,1a
MG456057,2,2b,2,2b,2,2b,2,2b,2,2b
MG456058,2,2a,2,2a,2,2a,2,2a,2,2a
MG456062,1,1a,1,1a,1,1a,1,1a,1,1a
MG456063,3,3a,3,3a,3,3a,3,3a,3,3a
MG456064,4,4a,4,4a,4,4a,4,4a,4,4a
MG456065,1,1a,1,1a,1,1a,1,1a,1,1a
MG456066,1,1a,1,1a,1,1a,1,1a,1,1a
MG456068,1,1a,1,1a,1,1a,1,1a,1,1a
MG456069,3,3a,3,3a,3,3a,3,3a,3,3a
MG456070,1,1a,1,1a,1,1a,1,1a,1,1a
MG456071,1,1a,1,1a,1,1a,1,1a,1,1a
MG456072,3,3a,3,3a,3,3a,3,3a,3,3a
MG456073,2,2b,2,2b,2,2b,2,2b,2,2b
MG456075,4,4a,4,4a,4,4a,4,4a,4,4a
MG456076,1,1a,1,1a,1,1a,1,1a,1,1a
MG456077,3,3a,3,3a,3,3a,3,3a,3,3a
MG456078,3,3a,3,3a,3,3a,3,3a,3,3a
MG456080,6,6a,6,6a,6,6a,6,6a,6,6a
MG456083,2,2b,2,2b,2,2b,2,2b,2,2b
MG456084,1,1b,1,1b,1,1b,1,1b,1,1b
MG456085,3,3a,3,3a,3,3a,3,3a,3,3a
MG456088,1,1a,1,1a,1,1a,1,1a,1,1a
MG456089,3,3a,3,3a,3,3a,3,3a,3,3a
MG456091,1,1a,1,1a,1,1a,1,1a,1,1a
MG456092,1,1b,1,1b,1,1b,1,1b,1,1b
MG456093,2,2b,2,2b,2,2b,2,2b,2,2b
MG456094,3,3a,3,3a,3,3a,3,3a,3,3a
MG456095,2,2b,2,2b,2,2b,2,2b,2,2b
MG456097,4,4a,4,4a,4,4a,4,4a,4,4a
MG456098,3,3a,3,3a,3,3a,3,3a,3,3a
MG456099,1,1a,1,1a,1,1a,1,1a,1,1a
MG456100,1,1b,1,1b,1,1b,1,1b,1,1b
MG456104,3,3a,3,3a,3,3a,3,3a,3,3a
MG456105,1,1b,1,1b,1,1b,1,1b,1,1b
MG456106,3,3a,3,3a,3,3a,3,3a,3,3a
MG456107,4,4a,4,4a,4,4a,4,4a,4,4a
MG456108,1,1a,1,1a,1,1a,1,1a,1,1a
MG456109,3,3a,3,3a,3,3a,3,3a,3,3a
MG456110,1,1a,1,1a,1,1a,1,1a,1,1a
MG456112,1,1a,1,1a,1,1a,1,1a,1,1a
MG456114,4,4a,4,4a,4,4a,4,4a,4,4a
MG456115,1,1a,1,1a,1,1a,1,1a,1,1a
MG456116,1,1a,1,1a,1,1a,1,1a,1,1a
MG456118,1,1b,1,1b,1,1b,1,1b,1,1b
MG456125,4,4a,4,4a,4,4a,4,4a,4,4a
MG456126,3,3a,3,3a,3,3a,3,3a,3,3a
MG456127,1,1a,1,1a,1,1a,1,1a,1,1a
MG456132,2,2b,2,2b,2,2b,2,2b,2,2b
MG456133,4,4a,4,4a,4,4a,4,4a,4,4a
MG456138,3,3a,3,3a,3,3a,3,3a,3,3a
MG456139,3,3a,3,3a,3,3a,3,3a,3,3a
MG456141,3,3a,3,3a,3,3a,3,3a,3,3a
MG456142,2,2b,2,2b,2,2b,2,2b,2,2b
MG456146,1,1a,1,1a,1,1a,1,1a,1,1a
MG456147,1,1a,1,1a,1,1a,1,1a,1,1a
MG456151,2,2b,2,2b,2,2b,2,2b,2,2b
MG456154,1,1a,1,1a,1,1a,1,1a,1,1a
MG456156,2,2b,2,2b,2,2b,2,2b,2,2b
MG456158,3,3a,3,3a,3,3a,3,3a,3,3a
MG456162,1,1a,1,1a,1,1a,1,1a,1,1a
MG456164,3,3a,3,3a,3,3a,3,3a,3,3a
MG456165,3,3a,3,3a,3,3a,3,3a,3,3a
MG456167,1,1b,1,1b,1,1b,1,1b,1,1b
MG456168,1,1a,1,1a,1,1a,1,1a,1,1a
MG456169,1,1a,1,1a,1,1a,1,1a,1,1a
MG456170,4,4d,4,4d,4,4d,4,4d,4,4d
MG456172,1,1a,1,1a,1,1a,1,1a,1,1a
MG456173,1,1a,1,1a,1,1a,1,1a,1,1a
MG456175,2,2a,2,2a,2,2a,2,2a,2,2a
MG456176,4,4a,4,4a,4,4a,4,4a,4,4a
MG456179,3,3a,3,3a,3,3a,3,3a,3,3a
MG456181,1,1b,1,1b,1,1b,1,1b,1,1b
MG456182,1,1a,1,1a,1,1a,1,1a,1,1a
MG456184,2,2b,2,2b,2,2b,2,2b,2,2b
MG456185,4,4a,4,4a,4,4a,4,4a,4,4a
MG456187,3,3a,3,3a,3,3a,3,3a,3,3a
MG456188,1,1a,1,1a,1,1a,1,1a,1,1a
MG456191,4,4a,4,4a,4,4a,4,4a,4,4a
MG456193,3,3a,3,3a,3,3a,3,3a,3,3a
MG456194,4,4a,4,4a,4,4a,4,4a,4,4a
MG456195,3,3a,3,3a,3,3a,3,3a,3,3a
MG456198,1,1a,1,1a,1,1a,1,1a,1,1a
MG456199,3,3a,3,3a,3,3a,3,3a,3,3a
MG456201,1,1a,1,1a,1,1a,1,1a,1,1a
MG456202,1,1a,1,1a,1,1a,1,1a,1,1a
MG456204,1,1a,1,1a,1,1a,1,1a,1,1a
MG456205,2,2b,2,2b,2,2b,2,2b,2,2b
MG456206,1,1a,1,1a,1,1a,1,1a,1,1a
MG456209,1,1a,1,1a,1,1a,1,1a,1,1a
MG456214,3,3b,3,3b,3,3b,3,3b,3,3b
MG456215,4,4a,4,4a,4,4a,4,4a,4,4a
MG456217,2,2a,2,2a,2,2a,2,2a,2,2a
MG456219,1,1a,1,1a,1,1a,1,1a,1,1a
MG456221,1,1a,1,1a,1,1a,1,1a,1,1a
MG456223,3,3a,3,3a,3,3a,3,3a,3,3a
MG456225,1,1a,1,1a,1,1a,1,1a,1,1a
MG456226,1,1a,1,1a,1,1a,1,1a,1,1a
MG456230,1,1a,1,1a,1,1a,1,1a,1,1a
MG456232,1,1a,1,1a,1,1a,1,1a,1,1a
MG456233,2,2a,2,2a,2,2a,2,2a,2,2a
MG456236,3,3a,3,3a,3,3a,3,3a,3,3a
MG456238,1,1a,1,1a,1,1a,1,1a,1,1a
MG456239,4,4p,4,4o,4,4o,4,4o,4,4o
MG456241,2,2f,2,2q,2,2a,2,2a,2,2a
MG456243,1,1a,1,1a,1,1a,1,1a,1,1a
MG456244,1,1a,1,1a,1,1a,1,1a,1,1a
MG456245,1,1a,1,1a,1,1a,1,1a,1,1a
MG456247,4,4a,4,4a,4,4a,4,4a,4,4a
MG456249,2,2b,2,2b,2,2b,2,2b,2,2b
MG456251,2,2b,2,2b,2,2b,2,2b,2,2b
MG456252,6,6e,6,6e,6,6e,6,6e,6,6e
MG456253,3,3a,3,3a,3,3a,3,3a,3,3a
MG456257,1,1a,1,1a,1,1a,1,1a,1,1a
MG456258,4,4a,4,4a,4,4a,4,4a,4,4a
MG456259,1,1a,1,1a,1,1a,1,1a,1,1a
MG456261,1,1a,1,1a,1,1a,1,1a,1,1a
MG456262,1,1a,1,1a,1,1a,1,1a,1,1a
MG456263,1,1a,1,1a,1,1a,1,1a,1,1a
MG456264,1,1a,1,1a,1,1a,1,1a,1,1a
MG456265,1,1a,1,1a,1,1a,1,1a,1,1a
MG456269,1,1a,1,1a,1,1a,1,1a,1,1a
MG456271,1,1a,1,1a,1,1a,1,1a,1,1a
MG456274,1,1a,1,1a,1,1a,1,1a,1,1a
MG456277,4,4a,4,4a,4,4a,4,4a,4,4a
MG456279,4,4d,4,4d,4,4d,4,4d,4,4d
MG456283,4,4a,4,4a,4,4a,4,4a,4,4a
MG456286,1,1b,1,1b,1,1b,1,1b,1,1b
MG456293,3,3a,3,3a,3,3a,3,3a,3,3a
MG456294,3,3a,3,3a,3,3a,3,3a,3,3a
MG456296,3,3a,3,3a,3,3a,3,3a,3,3a
MG456297,4,4r,4,4k,4,4k,4,4k,4,4g
MG456298,1,1a,1,1a,1,1a,1,1a,1,1a
MG456299,1,1b,1,1b,1,1b,1,1b,1,1b
MG456301,4,4k,4,4k,4,4k,4,4k,4,4k
MG456302,3,3a,3,3a,3,3a,3,3a,3,3a
MG456303,1,1a,1,1a,1,1a,1,1a,1,1a
MG456304,1,1a,1,1a,1,1a,1,1a,1,1a
MG456306,6,6a,6,6a,6,6a,6,6a,6,6a
MG456307,1,1b,1,1b,1,1b,1,1b,1,1b
MG456309,1,1b,1,1b,1,1b,1,1b,1,1b
MG456310,3,3a,3,3a,3,3a,3,3a,3,3a
MG456319,1,1a,1,1a,1,1a,1,1a,1,1a
MG456323,1,1b,1,1b,1,1b,1,1b,1,1b
MG456326,1,1a,1,1a,1,1a,1,1a,1,1a
MG456328,4,4a,4,4a,4,4a,4,4a,4,4a
MG456329,2,2b,2,2b,2,2b,2,2b,2,2b
MG456330,3,3g,3,3g,3,3g,3,3g,3,3g
MG456331,1,1b,1,1b,1,1b,1,1b,1,1b
MG456332,2,2a,2,2a,2,2a,2,2a,2,2a
MG456334,3,3a,3,3a,3,3a,3,3a,3,3a
MG456335,3,3a,3,3a,3,3a,3,3a,3,3a
MG456336,4,4g,4,4k,4,4k,4,4k,4,4g
MG456337,1,1b,1,1b,1,1b,1,1b,1,1b
MG456338,4,4a,4,4a,4,4a,4,4a,4,4a
MG456339,1,1a,1,1a,1,1a,1,1a,1,1a
MG456341,1,1a,1,1a,1,1a,1,1a,1,1a
MG456343,1,1a,1,1a,1,1a,1,1a,1,1a
MG456345,4,4a,4,4a,4,4a,4,4a,4,4a
MG456346,6,6v,6,6v,6,6v,6,6v,6,6v
MG456347,6,6l,6,6l,6,6l,6,6l,6,6l
MG456348,1,1a,1,1a,1,1a,1,1a,1,1a
MG456349,3,3a,3,3a,3,3a,3,3a,3,3a
MG456350,1,1a,1,1a,1,1a,1,1a,1,1a
MG456352,3,3a,3,3a,3,3a,3,3a,3,3a
MG456355,3,3a,3,3a,3,3a,3,3a,3,3a
MG456356,3,3a,3,3a,3,3a,3,3a,3,3a
MG456358,1,1a,1,1a,1,1a,1,1a,1,1a
MG456359,1,1a,1,1a,1,1a,1,1a,1,1a
MG456363,4,4a,4,4a,4,4a,4,4a,4,4a
MG456364,1,1a,1,1a,1,1a,1,1a,1,1a
MG456365,4,4v,4,4v,4,4v,4,4v,4,4l
MG456368,3,3a,3,3a,3,3a,3,3a,3,3a
MG456369,1,1a,1,1a,1,1a,1,1a,1,1a
MG456370,4,4v,4,4v,4,4a,4,4a,4,4a
MG456371,4,4d,4,4d,4,4d,4,4d,4,4d
MG456372,3,3a,3,3a,3,3a,3,3a,3,3a
MG456373,4,4a,4,4a,4,4a,4,4a,4,4a
MG456378,1,1b,1,1b,1,1b,1,1b,1,1b
MG456382,3,3a,3,3a,3,3a,3,3a,3,3a
MG456383,1,1a,1,1a,1,1a,1,1a,1,1a
MG456384,1,1a,1,1a,1,1a,1,1a,1,1a
MG456385,1,1a,1,1a,1,1a,1,1a,1,1a
MG456386,3,3a,3,3a,3,3a,3,3a,3,3a
MG456389,3,3a,3,3a,3,3a,3,3a,3,3a
MG456390,4,4a,4,4a,4,4a,4,4a,4,4a
MG456393,3,3a,3,3a,3,3a,3,3a,3,3a
MG456394,4,4q,4,4l,4,4v,4,4v,4,4m
MG456396,1,1a,1,1a,1,1a,1,1a,1,1a
MG456399,1,1a,1,1a,1,1a,1,1a,1,1a
MG456401,4,4a,4,4a,4,4a,4,4a,4,4a
MG456402,4,4a,4,4a,4,4a,4,4a,4,4a
MG456403,1,1a,1,1a,1,1a,1,1a,1,1a
MG456405,1,1d,1,1d,1,1b,1,1b,1,1b
MG456408,1,1b,1,1b,1,1b,1,1b,1,1b
MG456409,3,3a,3,3a,3,3a,3,3a,3,3a
MG456411,2,2b,2,2b,2,2b,2,2b,2,2b
MG456415,6,6e,6,6e,6,6e,6,6e,6,6e
MG456416,3,3a,3,3a,3,3a,3,3a,3,3a
MG456418,4,4a,4,4a,4,4a,4,4a,4,4a
MG456419,1,1a,1,1a,1,1a,1,1a,1,1a
MG456420,4,4d,4,4d,4,4d,4,4d,4,4d
MG456423,3,3a,3,3a,3,3a,3,3a,3,3a
MG456424,3,3a,3,3a,3,3a,3,3a,3,3a
MG456425,2,2d,2,2d,2,2d,2,2d,2,2d
MG456427,4,4k,4,4k,4,4k,4,4k,4,4k
MG456428,1,1a,1,1a,1,1a,1,1a,1,1a
MG456429,4,4a,4,4a,4,4a,4,4a,4,4a
MG456430,1,1a,1,1a,1,1a,1,1a,1,1a
MG456431,4,4d,4,4d,4,4d,4,4d,4,4d
MG456432,1,1a,1,1a,1,1a,1,1a,1,1a
MG456436,1,1a,1,1a,1,1a,1,1a,1,1a
MG456437,1,1a,1,1a,1,1a,1,1a,1,1a
MG456438,1,1a,1,1a,1,1a,1,1a,1,1a
MG456439,1,1a,1,1a,1,1a,1,1a,1,1a
MG456440,1,1a,1,1a,1,1a,1,1a,1,1a
MG456441,1,1a,1,1a,1,1a,1,1a,1,1a
MG456443,1,1a,1,1a,1,1a,1,1a,1,1a
MG456445,4,4a,4,4a,4,4a,4,4a,4,4a
MG456448,3,3a,3,3a,3,3a,3,3a,3,3a
MG456449,4,4d,4,4d,4,4d,4,4d,4,4d
MG456450,3,3a,3,3a,3,3a,3,3a,3,3a
MG456451,2,2b,2,2b,2,2b,2,2b,2,2b
MG456453,1,1b,1,1b,1,1b,1,1b,1,1b
MG456462,3,3a,3,3a,3,3a,3,3a,3,3a
MG456463,3,3a,3,3a,3,3a,3,3a,3,3a
MG456464,3,3a,3,3a,3,3a,3,3a,3,3a
MG456465,3,3a,3,3a,3,3a,3,3a,3,3a
MG456468,3,3a,3,3a,3,3a,3,3a,3,3a
MG456469,3,3a,3,3a,3,3a,3,3a,3,3a
MG456470,3,3a,3,3a,3,3a,3,3a,3,3a
MG456471,3,3a,3,3a,3,3a,3,3a,3,3a
MG456473,3,3a,3,3a,3,3a,3,3a,3,3a
MG456476,3,3a,3,3a,3,3a,3,3a,3,3a
MG456477,3,3a,3,3a,3,3a,3,3a,3,3a
MG456478,3,3a,3,3a,3,3a,3,3a,3,3a
MG456481,3,3a,3,3a,3,3a,3,3a,3,3a
MG456482,3,3a,3,3a,3,3a,3,3a,3,3a
MG456483,3,3a,3,3a,3,3a,3,3a,3,3a
MG456485,3,3a,3,3a,3,3a,3,3a,3,3a
MG456486,3,3a,3,3a,3,3a,3,3a,3,3a
MG456488,3,3a,3,3a,3,3a,3,3a,3,3a
MG456489,3,3a,3,3a,3,3a,3,3a,3,3a
MG456490,3,3a,3,3a,3,3a,3,3a,3,3a
MG456491,3,3a,3,3a,3,3a,3,3a,3,3a
MG456492,3,3a,3,3a,3,3a,3,3a,3,3a
MG456494,3,3a,3,3a,3,3a,3,3a,3,3a
MG456497,3,3a,3,3a,3,3a,3,3a,3,3a
MG456498,3,3a,3,3a,3,3a,3,3a,3,3a
MG456499,3,3a,3,3a,3,3a,3,3a,3,3a
MG456501,3,3a,3,3a,3,3a,3,3a,3,3a
MG456503,3,3a,3,3a,3,3a,3,3a,3,3a
MG456504,3,3a,3,3a,3,3a,3,3a,3,3a
MG456506,3,3a,3,3a,3,3a,3,3a,3,3a
MG456507,3,3a,3,3a,3,3a,3,3a,3,3a
MG456508,3,3a,3,3a,3,3a,3,3a,3,3a
MG456511,3,3a,3,3a,3,3a,3,3a,3,3a
MG456512,3,3a,3,3a,3,3a,3,3a,3,3a
MG456514,3,3a,3,3a,3,3a,3,3a,3,3a
MG456515,3,3a,3,3a,3,3a,3,3a,3,3a
MG456516,3,3a,3,3a,3,3a,3,3a,3,3a
MG456517,3,3a,3,3a,3,3a,3,3a,3,3a
MG456518,3,3a,3,3a,3,3a,3,3a,3,3a
MG456519,3,3a,3,3a,3,3a,3,3a,3,3a
MG456522,3,3a,3,3a,3,3a,3,3a,3,3a
MG456523,3,3a,3,3a,3,3a,3,3a,3,3a
MG456526,3,3a,3,3a,3,3a,3,3a,3,3a
MG456528,3,3a,3,3a,3,3a,3,3a,3,3a
MG456529,3,3a,3,3a,3,3a,3,3a,3,3a
MG456530,3,3a,3,3a,3,3a,3,3a,3,3a
MG456531,3,3a,3,3a,3,3a,3,3a,3,3a
MG456533,3,3a,3,3a,3,3a,3,3a,3,3a
MG456534,3,3a,3,3a,3,3a,3,3a,3,3a
MG456535,3,3a,3,3a,3,3a,3,3a,3,3a
MG456537,3,3a,3,3a,3,3a,3,3a,3,3a
MG456539,3,3a,3,3a,3,3a,3,3a,3,3a
MG456540,3,3a,3,3a,3,3a,3,3a,3,3a
MG456543,3,3a,3,3a,3,3a,3,3a,3,3a
MG456548,3,3a,3,3a,3,3a,3,3a,3,3a
MG456551,3,3a,3,3a,3,3a,3,3a,3,3a
MG456552,3,3a,3,3a,3,3a,3,3a,3,3a
MG456555,3,3a,3,3a,3,3a,3,3a,3,3a
MG456557,3,3a,3,3a,3,3a,3,3a,3,3a
MG456558,3,3a,3,3a,3,3a,3,3a,3,3a
MG456559,3,3a,3,3a,3,3a,3,3a,3,3a
MG456561,3,3a,3,3a,3,3a,3,3a,3,3a
MG456565,3,3a,3,3a,3,3a,3,3a,3,3a
MG456566,3,3a,3,3a,3,3a,3,3a,3,3a
MG456567,3,3a,3,3a,3,3a,3,3a,3,3a
MG456568,3,3a,3,3a,3,3a,3,3a,3,3a
MG456569,3,3a,3,3a,3,3a,3,3a,3,3a
MG460589,1,1b,1,1b,1,1b,1,1b,1,1b
MG460590,1,1b,1,1b,1,1b,1,1b,1,1b
MG460592,1,1b,1,1b,1,1b,1,1b,1,1b
MG460593,1,1b,1,1b,1,1b,1,1b,1,1b
MG460595,1,1b,1,1b,1,1b,1,1b,1,1b
MG460596,1,1b,1,1b,1,1b,1,1b,1,1b
MG460599,1,1b,1,1b,1,1b,1,1b,1,1b
MG460600,1,1b,1,1b,1,1b,1,1b,1,1b
MG460602,1,1b,1,1b,1,1b,1,1b,1,1b
MG515253,1,1a,1,1a,1,1a,1,1a,1,1a
MG515254,1,1a,1,1a,1,1a,1,1a,1,1a
MG515255,1,1a,1,1a,1,1a,1,1a,1,1a
MG515256,1,1a,1,1a,1,1a,1,1a,1,1a
MG515257,1,1a,1,1a,1,1a,1,1a,1,1a
MG515258,1,1a,1,1a,1,1a,1,1a,1,1a
MG517001,1,1b,1,1b,1,1b,1,1b,1,1b
MG517003,1,1b,1,1b,1,1b,1,1b,1,1b
MG519796,1,1a,1,1a,1,1a,1,1a,1,1a
MG739077,1,1a,1,1a,1,1a,1,1a,1,1a
MG739081,1,1a,1,1a,1,1a,1,1a,1,1a
MG739115,1,1a,1,1a,1,1a,1,1a,1,1a
MG739116,1,1a,1,1a,1,1a,1,1a,1,1a
MG739117,1,1a,1,1a,1,1a,1,1a,1,1a
MG739120,1,1a,1,1a,1,1a,1,1a,1,1a
MG739121,1,1a,1,1a,1,1a,1,1a,1,1a
MG739148,1,1a,1,1a,1,1a,1,1a,1,1a
MG739149,1,1a,1,1a,1,1a,1,1a,1,1a
MG747299,1,1b,1,1b,1,1b,1,1b,,
MG747300,1,1b,1,1b,1,1b,1,1b,,
MG747303,1,1b,1,1b,1,1b,1,1b,,
MG747304,1,1b,1,1b,1,1b,1,1b,,
MG747305,1,1b,1,1b,1,1b,1,1b,,
MG747308,1,1a,1,1a,1,1a,1,1a,,
MG747309,1,1b,1,1b,1,1b,1,1b,,
MG747310,1,1a,1,1a,1,1a,1,1a,,
MG747311,1,1b,1,1b,1,1b,1,1b,,
MG747312,1,1a,1,1a,1,1a,1,1a,,
MG747313,1,1b,1,1b,1,1b,1,1b,,
MG747314,1,1b,1,1b,1,1b,1,1b,,
MG747315,1,1b,1,1b,1,1b,1,1b,,
MG747316,1,1a,1,1a,1,1a,1,1a,,
MG747317,1,1b,1,1b,1,1b,1,1b,,
MG747318,1,1b,1,1b,1,1b,1,1b,,
MG747319,1,1b,1,1b,1,1b,1,1b,,
MG747321,1,1b,1,1b,1,1b,1,1b,,
MG747322,1,1b,1,1b,1,1b,1,1b,,
MG747323,1,1b,1,1b,1,1b,1,1b,,
MG747324,1,1a,1,1a,1,1a,1,1a,,
MG747327,1,1a,1,1a,1,1a,1,1a,,
MG747328,1,1a,1,1a,1,1a,1,1a,,
MG747330,1,1a,1,1a,1,1a,1,1a,,
MG747331,1,1b,1,1b,1,1b,1,1b,,
MG747332,1,1b,1,1b,1,1b,1,1b,,
MG747333,1,1a,1,1a,1,1a,1,1a,,
MG747335,1,1a,1,1a,1,1a,1,1a,,
MG747336,1,1b,1,1b,1,1b,1,1b,,
MG747337,1,1b,1,1b,1,1b,1,1b,,
MG747338,1,1a,1,1a,1,1a,1,1a,,
MG747339,1,1a,1,1a,1,1a,1,1a,,
MG747340,1,1a,1,1a,1,1a,1,1a,,
MG747341,1,1b,1,1b,1,1b,1,1b,,
MG747342,1,1b,1,1b,1,1b,1,1b,,
MG747343,1,1b,1,1b,1,1b,1,1b,,
MG747344,1,1b,1,1b,1,1b,1,1b,,
MG747345,1,1b,1,1b,1,1b,1,1b,,
MG747347,1,1b,1,1b,1,1b,1,1b,,
MG747348,1,1a,1,1a,1,1a,1,1a,,
MG747349,1,1b,1,1b,1,1b,1,1b,,
MG747350,1,1b,1,1b,1,1b,1,1b,,
MG747351,1,1b,1,1b,1,1b,1,1b,,
MG747353,1,1a,1,1a,1,1a,1,1a,,
MG747354,1,1a,1,1a,1,1a,1,1a,,
MG747356,1,1a,1,1a,1,1a,1,1a,,
MG747358,1,1b,1,1b,1,1b,1,1b,,
MG747360,1,1a,1,1a,1,1a,1,1a,,
MG747361,1,1a,1,1a,1,1a,1,1a,,
MG747362,1,1b,1,1b,1,1b,1,1b,,
MG747363,1,1a,1,1a,1,1a,1,1a,,
MG747364,1,1b,1,1b,1,1b,1,1b,,
MG747365,1,1b,1,1b,1,1b,1,1b,,
MG747367,1,1b,1,1b,1,1b,1,1b,,
MG747368,1,1a,1,1a,1,1a,1,1a,,
MG747369,1,1b,1,1b,1,1b,1,1b,,
MG747370,1,1b,1,1b,1,1b,1,1b,,
MG747371,1,1a,1,1a,1,1a,1,1a,,
MG747372,1,1a,1,1a,1,1a,1,1a,,
MG747373,1,1b,1,1b,1,1b,1,1b,,
MG747375,1,1b,1,1b,1,1b,1,1b,,
MG747376,1,1b,1,1b,1,1b,1,1b,,
MG747377,1,1a,1,1a,1,1a,1,1a,,
MG747378,1,1a,1,1a,1,1a,1,1a,,
MG747380,1,1a,1,1a,1,1a,1,1a,,
MG747381,1,1b,1,1b,1,1b,1,1b,,
MG747382,1,1a,1,1a,1,1a,1,1a,,
MG747383,1,1a,1,1a,1,1a,1,1a,,
MG747384,1,1b,1,1b,1,1b,1,1b,,
MG747385,1,1b,1,1b,1,1b,1,1b,,
MG747386,1,1a,1,1a,1,1a,1,1a,,
MG747388,1,1b,1,1b,1,1b,1,1b,,
MG747389,1,1b,1,1b,1,1b,1,1b,,
MG747390,1,1a,1,1a,1,1a,1,1a,,
MG747391,1,1b,1,1b,1,1b,1,1b,,
MG747393,1,1b,1,1b,1,1b,1,1b,,
MG747394,1,1b,1,1b,1,1b,1,1b,,
MG747395,1,1b,1,1b,1,1b,1,1b,,
MG747396,1,1a,1,1a,1,1a,1,1a,,
MG747397,1,1a,1,1a,1,1a,1,1a,,
MG747398,1,1a,1,1a,1,1a,1,1a,,
MG747400,1,1a,1,1a,1,1a,1,1a,,
MG747401,1,1b,1,1b,1,1b,1,1b,,
MG747402,1,1b,1,1b,1,1b,1,1b,,
MG747403,1,1b,1,1b,1,1b,1,1b,,
MG747404,1,1b,1,1b,1,1b,1,1b,,
MG747405,1,1b,1,1b,1,1b,1,1b,,
MG747406,1,1b,1,1b,1,1b,1,1b,,
MG747408,1,1b,1,1b,1,1b,1,1b,,
MG747409,1,1b,1,1b,1,1b,1,1b,,
MG747410,1,1b,1,1b,1,1b,1,1b,,
MG747411,1,1b,1,1b,1,1b,1,1b,,
MG747412,1,1b,1,1b,1,1b,1,1b,,
MG747413,1,1b,1,1b,1,1b,1,1b,,
MG747414,1,1b,1,1b,1,1b,1,1b,,
MG747415,1,1b,1,1b,1,1b,1,1b,,
MG747417,1,1b,1,1b,1,1b,1,1b,,
MG747418,1,1b,1,1b,1,1b,1,1b,,
MG747419,1,1b,1,1b,1,1b,1,1b,,
MG747420,1,1b,1,1b,1,1b,1,1b,,
PQ899567,5,5a,5,5a,5,5a,5,5a,5,
PQ899568,5,5b,5,5b,5,5a,,"unassigned_1, 5a-1c",5,
PP092205,8,8a,8,8a,2,2j,6,6w,,
PP092206,8,8a,8,8a,3,3a,6,6w,,
PP092208,5,5a,8,8a,4,4l,6,6w,,
MG878999,6,6w,6,6xg,1,1b,1,1b,,
MG879000,6,6xh,6,6xh,6,6w,6,6w,,
MH477418,4,4f,4,4f,4,4f,4,4f,4,4f
MH477423,2,2u,2,2u,2,2a,2,2a,2,
MH477424,4,4f,4,4f,4,4f,4,4f,4,4f
MH477426,4,4f,4,4f,4,4f,4,4f,4,4f
MH492360,6,6xg,6,6xg,6,6n,6,6n,6,6xg
MH492361,6,6xg,6,6xg,6,6n,6,6n,6,6xg
MH492362,6,6xg,6,6xg,6,6n,6,6n,6,6xg
MH562114,1,1a,1,1a,1,1a,1,1a,1,1a
MH562115,1,1a,1,1a,1,1a,1,1a,1,1a
MH562116,1,1a,1,1a,1,1a,1,1a,1,1a
MH562117,1,1a,1,1a,1,1a,1,1a,1,1a
MH562118,1,1a,1,1a,1,1a,1,1a,1,1a
MH562119,1,1a,1,1a,1,1a,1,1a,1,1a
MH562120,1,1a,1,1a,1,1a,1,1a,1,1a
MH562121,1,1a,1,1a,1,1a,1,1a,1,1a
MH562122,1,1a,1,1a,1,1a,1,1a,1,1a
MH562123,1,1a,1,1a,1,1a,1,1a,1,1a
MH562124,1,1a,1,1a,1,1a,1,1a,1,1a
MH562125,1,1a,1,1a,1,1a,1,1a,1,1a
MH562126,1,1a,1,1a,1,1a,1,1a,1,1a
MH562127,1,1a,1,1a,1,1a,1,1a,1,1a
MH562128,1,1a,1,1a,1,1a,1,1a,1,1a
MH562129,1,1a,1,1a,1,1a,1,1a,1,1a
MH562130,1,1b,1,1b,1,1b,1,1b,1,1a
MH562131,1,1b,1,1b,1,1b,1,1b,1,1a
MH562132,1,1b,1,1b,1,1b,1,1b,1,1a
MH562133,1,1b,1,1b,1,1b,1,1b,1,1a
MH562134,1,1a,1,1a,1,1a,1,1a,1,1a
MH562135,1,1b,1,1b,1,1b,1,1b,1,1a
MH562136,1,1b,1,1b,1,1b,1,1b,1,1a
MH562137,1,1a,1,1a,1,1a,1,1a,1,1a
MH562138,1,1a,1,1a,1,1a,1,1a,1,1a
MH562139,1,1a,1,1a,1,1a,1,1a,1,1a
MH562140,1,1a,1,1a,1,1a,1,1a,1,1a
MH562141,1,1a,1,1a,1,1a,1,1a,1,1a
MH562142,1,1a,1,1a,1,1a,1,1a,1,1a
MH562143,1,1a,1,1a,1,1a,1,1a,1,1a
MH562144,1,1a,1,1a,1,1a,1,1a,1,1a
MH562145,1,1a,1,1a,1,1a,1,1a,1,1a
MH562146,1,1a,1,1a,1,1a,1,1a,1,1a
MH562147,1,1a,1,1a,1,1a,1,1a,1,1a
MH562148,1,1a,1,1a,1,1a,1,1a,1,1a
MH562149,1,1a,1,1a,1,1a,1,1a,1,1a
MH562150,1,1a,1,1a,1,1a,1,1a,1,1a
MH562179,3,3a,3,3a,3,3a,3,3a,3,3a
MH562183,3,3a,3,3a,3,3a,3,3a,3,3a
MH562184,3,3a,3,3a,3,3a,3,3a,3,3a
MH562185,3,3a,3,3a,3,3a,3,3a,3,3a
MH562187,3,3a,3,3a,3,3a,3,3a,3,3a
MH562188,3,3a,3,3a,3,3a,3,3a,3,3a
MH562190,3,3a,3,3a,3,3a,3,3a,3,3a
MH562192,3,3a,3,3a,3,3a,3,3a,3,3a
MH562195,3,3a,3,3a,3,3a,3,3a,3,3a
MH562196,3,3a,3,3a,3,3a,3,3a,3,3a
MH562199,3,3a,3,3a,3,3a,3,3a,3,3a
MH562200,3,3a,3,3a,3,3a,3,3a,3,3a
MH562201,3,3a,3,3a,3,3a,3,3a,3,3a
MH562202,3,3a,3,3a,3,3a,3,3a,3,3a
MH562203,3,3a,3,3a,3,3a,3,3a,3,3a
MH562204,3,3a,3,3a,3,3a,3,3a,3,3a
MH562205,3,3a,3,3a,3,3a,3,3a,3,3a
MH562206,3,3a,3,3a,3,3a,3,3a,3,3a
MH562207,3,3a,3,3a,3,3a,3,3a,3,3a
MH562208,3,3a,3,3a,3,3a,3,3a,3,3a
MH562209,3,3a,3,3a,3,3a,3,3a,3,3a
MH562210,3,3a,3,3a,3,3a,3,3a,3,3a
MH562211,3,3a,3,3a,3,3a,3,3a,3,3a
MH562212,3,3a,3,3a,3,3a,3,3a,3,3a
MH562213,3,3a,3,3a,3,3a,3,3a,3,3a
MH562214,3,3a,3,3a,3,3a,3,3a,3,3a
MH562215,3,3a,3,3a,3,3a,3,3a,3,3a
MH562216,3,3a,3,3a,3,3a,3,3a,3,3a
MH562217,3,3a,3,3a,3,3a,3,3a,3,3a
MH562218,3,3a,3,3a,3,3a,3,3a,3,3a
MH562220,3,3a,3,3a,3,3a,3,3a,3,3a
MH562222,3,3a,3,3a,3,3a,3,3a,3,3a
MH562223,3,3a,3,3a,3,3a,3,3a,3,3a
MH562224,3,3a,3,3a,3,3a,3,3a,3,3a
MH562225,3,3a,3,3a,3,3a,3,3a,3,3a
MH562226,3,3a,3,3a,3,3a,3,3a,3,3a
MH562228,3,3a,3,3a,3,3a,3,3a,3,3a
MH562230,3,3a,3,3a,3,3a,3,3a,3,3a
MH562231,3,3a,3,3a,3,3a,3,3a,3,3a
MH562232,3,3a,3,3a,3,3a,3,3a,3,3a
MH562233,3,3a,3,3a,3,3a,3,3a,3,3a
MH562234,3,3a,3,3a,3,3a,3,3a,3,3a
MH562235,3,3a,3,3a,3,3a,3,3a,3,3a
MH562236,3,3a,3,3a,3,3a,3,3a,3,3a
MH562237,3,3a,3,3a,3,3a,3,3a,3,3a
MH562239,3,3a,3,3a,3,3a,3,3a,3,3a
MH562240,3,3a,3,3a,3,3a,3,3a,3,3a
MH562241,3,3a,3,3a,3,3a,3,3a,3,3a
MH562242,3,3a,3,3a,3,3a,3,3a,3,3a
MH562243,3,3a,3,3a,3,3a,3,3a,3,3a
MH562244,3,3a,3,3a,3,3a,3,3a,3,3a
MH562246,3,3a,3,3a,3,3a,3,3a,3,3a
MH562247,3,3a,3,3a,3,3a,3,3a,3,3a
MH562248,3,3a,3,3a,3,3a,3,3a,3,3a
MH562249,3,3a,3,3a,3,3a,3,3a,3,3a
MH590698,8,8a,8,8a,2,2j,,"unassigned_1, 2j-5a",8,
MH590699,8,8a,8,8a,3,3a,,"unassigned_1, 2j-5a",8,
MH590700,8,8a,8,8a,4,4a,,"unassigned_1, 1b-6w",8,
MH590701,8,8a,8,8a,2,2j,,"unassigned_1, 2j-5a",8,
MH703668,4,4r,4,4r,6,6t,6,6t,6,6t
MH703669,4,4v,4,4v,6,6e,6,6e,6,6e
MH703672,6,6a,6,6a,6,6a,6,6a,6,6a
MH703673,6,6a,6,6a,6,6a,6,6a,6,6a
MH703680,6,6a,6,6a,6,6a,6,6a,6,6a
MH703696,6,6e,6,6e,6,6e,6,6e,6,6e
MH703697,6,6r,6,6r,6,6r,6,6r,6,6r
MH703700,6,6a,6,6a,6,6a,6,6a,6,6a
MH733078,1,1b,1,1b,1,1b,1,1b,1,1b
MH733079,1,1b,1,1b,1,1b,1,1b,1,1b
MH733080,1,1b,1,1b,1,1b,1,1b,1,1b
MH733081,1,1b,1,1b,1,1b,1,1b,1,1b
MH733082,1,1b,1,1b,1,1b,1,1b,1,1b
MH733083,1,1b,1,1b,1,1b,1,1b,1,1b
MH733084,1,1b,1,1b,1,1b,1,1b,1,1b
MH733085,1,1b,1,1b,1,1b,1,1b,1,1b
MH733086,1,1b,1,1b,1,1b,1,1b,1,1b
MH733087,1,1b,1,1b,1,1b,1,1b,1,1b
MH733088,1,1b,1,1b,1,1b,1,1b,1,1b
MH733089,1,1b,1,1b,1,1b,1,1b,1,1b
MH733090,1,1b,1,1b,1,1b,1,1b,1,1b
MH733091,1,1b,1,1b,1,1b,1,1b,1,1b
MH733092,1,1b,1,1b,1,1b,1,1b,1,1b
MH733093,1,1b,1,1b,1,1b,1,1b,1,1b
MH733094,1,1b,1,1b,1,1b,1,1b,1,1b
MH733095,1,1b,1,1b,1,1b,1,1b,1,1b
MH733096,1,1b,1,1b,1,1b,1,1b,1,1b
MH733097,1,1b,1,1b,1,1b,1,1b,1,1b
MH733098,1,1b,1,1b,1,1b,1,1b,1,1b
MH733099,1,1b,1,1b,1,1b,1,1b,1,1b
MH733100,1,1b,1,1b,1,1b,1,1b,1,1b
MH733101,1,1b,1,1b,1,1b,1,1b,1,1b
MH733102,1,1b,1,1b,1,1b,1,1b,1,1b
MH733103,1,1b,1,1b,1,1b,1,1b,1,1b
MH733104,1,1b,1,1b,1,1b,1,1b,1,1b
MH733105,1,1b,1,1b,1,1b,1,1b,1,1b
MH733106,1,1b,1,1b,1,1b,1,1b,1,1b
MH733108,1,1b,1,1b,1,1b,1,1b,1,1b
MH733109,1,1b,1,1b,1,1b,1,1b,1,1b
MH733110,1,1b,1,1b,1,1b,1,1b,1,1b
MH733111,1,1b,1,1b,1,1b,1,1b,1,1b
MH733113,1,1b,1,1b,1,1b,1,1b,1,1b
MH733114,1,1b,1,1b,1,1b,1,1b,1,1b
MH733115,1,1b,1,1b,1,1b,1,1b,1,1b
MH733116,1,1b,1,1b,1,1b,1,1b,1,1b
MH733117,1,1b,1,1b,1,1b,1,1b,1,1b
MH733118,1,1b,1,1b,1,1b,1,1b,1,1b
MH733119,1,1b,1,1b,1,1b,1,1b,1,1b
MH733120,1,1b,1,1b,1,1b,1,1b,1,1b
MH733121,1,1b,1,1b,1,1b,1,1b,1,1b
MH733122,1,1b,1,1b,1,1b,1,1b,1,1b
MH733123,1,1b,1,1b,1,1b,1,1b,1,1b
MH733124,1,1b,1,1b,1,1b,1,1b,1,1b
MH733125,1,1b,1,1b,1,1b,1,1b,1,1b
MH733126,1,1b,1,1b,1,1b,1,1b,1,1b
MH733127,1,1b,1,1b,1,1b,1,1b,1,1b
MH733128,1,1b,1,1b,1,1b,1,1b,1,1b
MH733129,1,1a,1,1a,1,1a,1,1a,1,1a
MH733130,1,1a,1,1a,1,1a,1,1a,1,1a
MH733131,1,1a,1,1a,1,1a,1,1a,1,1a
MH733132,1,1a,1,1a,1,1a,1,1a,1,1a
MH733133,1,1a,1,1a,1,1a,1,1a,1,1a
MH733134,1,1a,1,1a,1,1a,1,1a,1,1a
MH733135,1,1a,1,1a,1,1a,1,1a,1,1a
MH733136,1,1a,1,1a,1,1a,1,1a,1,1a
MH733137,1,1a,1,1a,1,1a,1,1a,1,1a
MH733138,1,1a,1,1a,1,1a,1,1a,1,1a
MH733139,1,1a,1,1a,1,1a,1,1a,1,1a
MH733140,1,1a,1,1a,1,1a,1,1a,1,1a
MH733141,1,1a,1,1a,1,1a,1,1a,1,1a
MH733142,1,1a,1,1a,1,1a,1,1a,1,1a
MH733143,1,1a,1,1a,1,1a,1,1a,1,1a
MH733144,1,1a,1,1a,1,1a,1,1a,1,1a
MH733145,1,1a,1,1a,1,1a,1,1a,1,1a
MH733146,1,1a,1,1a,1,1a,1,1a,1,1a
MH733147,1,1a,1,1a,1,1a,1,1a,1,1a
MH733148,1,1a,1,1a,1,1a,1,1a,1,1a
MH733149,1,1a,1,1a,1,1a,1,1a,1,1a
MH733150,1,1a,1,1a,1,1a,1,1a,1,1a
MH733151,1,1a,1,1a,1,1a,1,1a,1,1a
MH733152,1,1a,1,1a,1,1a,1,1a,1,1a
MH733153,1,1a,1,1a,1,1a,1,1a,1,1a
MH733154,1,1a,1,1a,1,1a,1,1a,1,1a
MH733155,1,1a,1,1a,1,1a,1,1a,1,1a
MH733156,1,1a,1,1a,1,1a,1,1a,1,1a
MH733157,1,1a,1,1a,1,1a,1,1a,1,1a
MH733158,1,1a,1,1a,1,1a,1,1a,1,1a
MH733159,1,1a,1,1a,1,1a,1,1a,1,1a
MH733160,1,1a,1,1a,1,1a,1,1a,1,1a
MH733161,1,1a,1,1a,1,1a,1,1a,1,1a
MH742361,1,1e,4,4k,4,4k,4,4k,4,4k
MH742362,4,4q,4,4q,4,4q,4,4v,4,4q
MH742363,4,4q,4,4q,4,4q,4,4q,4,4q
MH742364,4,4k,4,4k,4,4k,4,4k,4,4k
MH742365,4,4v,4,4v,4,4v,4,4v,4,4v
MH742367,4,4v,4,4v,4,4v,4,4v,4,4v
MH742370,4,4k,4,4k,4,4k,4,4k,4,4k
MH742371,4,4k,4,4k,4,4k,4,4k,4,4k
MH885469,1,1o,1,1o,1,1c,1,1c,1,
MH885778,3,3a,3,3a,3,3a,3,3a,3,3a
MH885779,3,3a,3,3a,3,3a,3,3a,3,3a
MH885780,3,3a,3,3a,3,3a,3,3a,3,3a
MH885781,3,3a,3,3a,3,3a,3,3a,3,3a
MH885782,3,3a,3,3a,3,3a,3,3a,3,3a
MH885783,3,3a,3,3a,3,3a,3,3a,3,3a
MH885784,3,3a,3,3a,3,3a,3,3a,3,3a
MH885786,3,3a,3,3a,3,3a,3,3a,3,3a
MH885789,3,3a,3,3a,3,3a,3,3a,3,3a
MH885790,3,3a,3,3a,3,3a,3,3a,3,3a
MH885791,3,3a,3,3a,3,3a,3,3a,3,3a
MH885792,3,3a,3,3a,3,3a,3,3a,3,3a
MH885793,3,3a,3,3a,3,3a,3,3a,3,3a
MH885794,3,3a,3,3a,3,3a,3,3a,3,3a
MH885795,3,3a,3,3a,3,3a,3,3a,3,3a
MH885796,3,3a,3,3a,3,3a,3,3a,3,3a
MH885797,3,3a,3,3a,3,3a,3,3a,3,3a
MH940291,7,7a,7,7a,2,2j,7,7a,7,
MK092096,1,1b,1,1b,1,1b,1,1b,1,1b
MK092098,1,1b,1,1b,1,1b,1,1b,1,1b
MK092100,1,1b,1,1b,1,1b,1,1b,1,1b
MK092102,1,1b,1,1b,1,1b,1,1b,1,1b
MK092104,1,1b,1,1b,1,1b,1,1b,1,1b
MK092106,1,1b,1,1b,1,1b,1,1b,1,1b
MK092108,1,1b,1,1b,1,1b,1,1b,1,1b
MK092110,1,1b,1,1b,1,1b,1,1b,1,1b
MK134386,3,3a,3,3a,3,3a,3,3a,,
MK134387,3,3i,3,3i,3,3i,3,3i,,
MK134388,3,3a,3,3a,3,3a,3,3a,,
MK134389,3,3a,3,3a,3,3a,3,3a,,
MK134390,1,1a,1,1a,1,1a,1,1a,,
MK134391,3,3b,3,3b,3,3b,3,3b,,
MK134392,3,3g,3,3g,3,3g,3,3g,,
MK134393,1,1a,1,1a,1,1a,1,1a,,
MK134394,3,3a,3,3a,3,3a,3,3a,,
MK134395,1,1b,1,1b,1,1b,1,1b,,
MK134396,3,3a,3,3a,3,3a,3,3a,,
MK134397,1,1a,1,1a,1,1a,1,1a,,
MK134398,3,3a,3,3a,3,3a,3,3a,,
MK134399,3,3a,3,3a,3,3a,3,3a,,
MK134400,3,3a,3,3a,3,3a,3,3a,,
MK134401,1,1b,1,1b,1,1b,1,1b,,
MK134402,3,3a,3,3a,3,3a,3,3a,,
MK134403,3,3b,3,3b,3,3b,3,3b,,
MK134405,1,1a,1,1a,1,1a,1,1a,,
MK134406,3,3a,3,3a,3,3a,3,3a,,
MK134407,3,3a,3,3a,3,3a,3,3a,,
MK134408,3,3a,3,3a,3,3a,3,3a,,
MK134409,3,3a,3,3a,3,3a,3,3a,,
MK134434,1,1a,1,1a,1,1a,1,1a,,
MK134435,1,1a,1,1a,1,1a,1,1a,,
MK134436,1,1a,1,1a,1,1a,1,1a,,
MK134437,1,1a,1,1a,1,1a,1,1a,,
MK134438,1,1a,1,1a,1,1a,1,1a,,
MK134439,1,1a,1,1a,1,1a,1,1a,,
MK134440,1,1a,1,1a,1,1a,1,1a,,
MK134441,1,1a,1,1a,1,1a,1,1a,,
MK134442,1,1a,1,1a,1,1a,1,1a,,
MK134443,1,1a,1,1a,1,1a,1,1a,,
MK134444,1,1a,1,1a,1,1a,1,1a,,
MK134445,1,1a,1,1a,1,1a,1,1a,,
MK134446,1,1a,1,1a,1,1a,1,1a,,
MK134447,1,1a,1,1a,1,1a,1,1a,,
MK134448,1,1a,1,1a,1,1a,1,1a,,
MK134449,1,1a,1,1a,1,1a,1,1a,,
MK134450,1,1a,1,1a,1,1a,1,1a,,
MK134451,3,3a,3,3a,3,3a,3,3a,,
MK134452,3,3a,3,3a,3,3a,3,3a,,
MK134453,3,3a,3,3a,3,3a,3,3a,,
MK134454,3,3i,3,3i,3,3i,3,3i,,
MK135170,1,1a,1,1a,1,1a,1,1a,1,1a
MK135171,1,1a,1,1a,1,1a,1,1a,1,1a
MK135172,1,1a,1,1a,1,1a,1,1a,1,1a
MK135173,1,1a,1,1a,1,1a,1,1a,1,1a
MK135175,1,1a,1,1a,1,1a,1,1a,1,1a
MK135176,1,1a,1,1a,1,1a,1,1a,1,1a
MK135177,1,1a,1,1a,1,1a,1,1a,1,1a
MK135178,1,1a,1,1a,1,1a,1,1a,1,1a
MK135179,1,1a,1,1a,1,1a,1,1a,1,1a
MK135180,1,1a,1,1a,1,1a,1,1a,1,1a
MK135181,1,1a,1,1a,1,1a,1,1a,1,1a
MK135182,1,1a,1,1a,1,1a,1,1a,1,1a
MK135183,1,1a,1,1a,1,1a,1,1a,1,1a
MK135184,1,1a,1,1a,1,1a,1,1a,1,1a
MK135185,1,1a,1,1a,1,1a,1,1a,1,1a
MK135186,1,1a,1,1a,1,1a,1,1a,1,1a
MK135187,1,1a,1,1a,1,1a,1,1a,1,1a
MK135188,1,1a,1,1a,1,1a,1,1a,1,1a
MK135189,1,1a,1,1a,1,1a,1,1a,1,1a
MK135190,1,1a,1,1a,1,1a,1,1a,1,1a
MK135191,1,1a,1,1a,1,1a,1,1a,1,1a
MK135192,1,1a,1,1a,1,1a,1,1a,1,1a
MK135193,1,1a,1,1a,1,1a,1,1a,1,1a
MK135194,1,1a,1,1a,1,1a,1,1a,1,1a
MK135195,1,1a,1,1a,1,1a,1,1a,1,1a
MK135196,1,1a,1,1a,1,1a,1,1a,1,1a
MK135197,1,1a,1,1a,1,1a,1,1a,1,1a
MK135198,1,1a,1,1a,1,1a,1,1a,1,1a
MK135199,1,1a,1,1a,1,1a,1,1a,1,1a
MK135200,1,1a,1,1a,1,1a,1,1a,1,1a
MK135201,1,1a,1,1a,1,1a,1,1a,1,1a
MK135202,1,1a,1,1a,1,1a,1,1a,1,1a
MK135203,1,1a,1,1a,1,1a,1,1a,1,1a
MK135204,1,1a,1,1a,1,1a,1,1a,1,1a
MK135205,1,1a,1,1a,1,1a,1,1a,1,1a
MK135206,1,1a,1,1a,1,1a,1,1a,1,1a
MK135207,1,1a,1,1a,1,1a,1,1a,1,1a
MK135208,1,1a,1,1a,1,1a,1,1a,1,1a
MK135209,1,1a,1,1a,1,1a,1,1a,1,1a
MK135210,1,1a,1,1a,1,1a,1,1a,1,1a
MK135211,1,1a,1,1a,1,1a,1,1a,1,1a
MK135212,1,1a,1,1a,1,1a,1,1a,1,1a
MK135213,1,1a,1,1a,1,1a,1,1a,1,1a
MK135214,1,1a,1,1a,1,1a,1,1a,1,1a
MK135215,1,1a,1,1a,1,1a,1,1a,1,1a
MK135216,1,1a,1,1a,1,1a,1,1a,1,1a
MK135217,1,1a,1,1a,1,1a,1,1a,1,1a
MK135218,1,1a,1,1a,1,1a,1,1a,1,1a
MK135219,1,1a,1,1a,1,1a,1,1a,1,1a
MK135220,1,1a,1,1a,1,1a,1,1a,1,1a
MK135221,1,1a,1,1a,1,1a,1,1a,1,1a
MK135222,1,1a,1,1a,1,1a,1,1a,1,1a
MK135223,1,1a,1,1a,1,1a,1,1a,1,1a
MK135224,1,1a,1,1a,1,1a,1,1a,1,1a
MK135225,1,1a,1,1a,1,1a,1,1a,1,1b
MK135226,1,1a,1,1a,1,1a,1,1a,1,1b
MK135227,1,1b,1,1b,1,1b,1,1b,1,1b
MK135228,1,1b,1,1b,1,1b,1,1b,1,1b
MK135229,1,1b,1,1b,1,1b,1,1b,1,1b
MK135231,1,1b,1,1b,1,1b,1,1b,1,1b
MK135232,1,1b,1,1b,1,1b,1,1b,1,1b
MK135233,1,1b,1,1b,1,1b,1,1b,1,1b
MK135234,1,1a,1,1a,1,1a,1,1a,1,1b
MK135235,1,1b,1,1b,1,1b,1,1b,1,1b
MK135236,1,1a,1,1a,1,1a,1,1a,1,1b
MK135237,1,1a,1,1a,1,1a,1,1a,1,1b
MK135238,1,1b,1,1b,1,1b,1,1b,1,1b
MK135239,1,1b,1,1b,1,1b,1,1b,1,1b
MK135240,1,1b,1,1b,1,1b,1,1b,1,1b
MK135241,1,1b,1,1b,1,1b,1,1b,1,1b
MK135242,1,1b,1,1b,1,1b,1,1b,1,1b
MK135243,1,1b,1,1b,1,1b,1,1b,1,1b
MK135244,1,1b,1,1b,1,1b,1,1b,1,1b
MK135245,1,1b,1,1b,1,1b,1,1b,1,1b
MK135246,1,1b,1,1b,1,1b,1,1b,1,1b
MK135247,1,1b,1,1b,1,1b,1,1b,1,1b
MK135248,1,1a,1,1a,1,1a,1,1a,1,1b
MK135249,1,1b,1,1b,1,1b,1,1b,1,1b
MK135250,1,1b,1,1b,1,1b,1,1b,1,1b
MK135251,1,1a,1,1a,1,1a,1,1a,1,1b
MK135252,1,1b,1,1b,1,1b,1,1b,1,1b
MK135253,1,1b,1,1b,1,1b,1,1b,1,1b
MK135254,1,1a,1,1a,1,1a,1,1a,1,1b
MK135255,1,1b,1,1b,1,1b,1,1b,1,1b
MK135256,1,1b,1,1b,1,1b,1,1b,1,1b
MK135257,1,1b,1,1b,1,1b,1,1b,1,1b
MK135258,1,1b,1,1b,1,1b,1,1b,1,1b
MK135259,1,1b,1,1b,1,1b,1,1b,1,1b
MK135260,1,1b,1,1b,1,1b,1,1b,1,1b
MK135261,1,1b,1,1b,1,1b,1,1b,1,1b
MK135262,1,1b,1,1b,1,1b,1,1b,1,1b
MK135263,1,1b,1,1b,1,1b,1,1b,1,1b
MK135264,1,1b,1,1b,1,1b,1,1b,1,1b
MK135265,1,1b,1,1b,1,1b,1,1b,1,1b
MK135266,1,1b,1,1b,1,1b,1,1b,1,1b
MK135267,1,1a,1,1a,1,1a,1,1a,1,1b
MK135268,1,1b,1,1b,1,1b,1,1b,1,1b
MK135269,1,1b,1,1b,1,1b,1,1b,1,1b
MK135270,1,1b,1,1b,1,1b,1,1b,1,1b
MK135271,1,1b,1,1b,1,1b,1,1b,1,1b
MK135272,1,1b,1,1b,1,1b,1,1b,1,1b
MK135273,1,1b,1,1b,1,1b,1,1b,1,1b
MK135274,1,1b,1,1b,1,1b,1,1b,1,1b
MK135275,1,1b,1,1b,1,1b,1,1b,1,1b
MK135276,1,1b,1,1b,1,1b,1,1b,1,1b
MK135277,1,1b,1,1b,1,1b,1,1b,1,1b
MK135278,1,1a,1,1a,1,1a,1,1a,1,1b
MK135279,1,1b,1,1b,1,1b,1,1b,1,1b
MK135280,1,1b,1,1b,1,1b,1,1b,1,1b
MK135281,1,1b,1,1b,1,1b,1,1b,1,1b
MK135282,3,3a,3,3a,3,3a,3,3a,3,3a
MK135283,3,3a,3,3a,3,3a,3,3a,3,3a
MK135284,3,3a,3,3a,3,3a,3,3a,3,3a
MK135285,3,3a,3,3a,3,3a,3,3a,3,3a
MK135286,3,3a,3,3a,3,3a,3,3a,3,3a
MK135287,3,3a,3,3a,3,3a,3,3a,3,3a
MK135288,3,3a,3,3a,3,3a,3,3a,3,3a
MK135289,3,3a,3,3a,3,3a,3,3a,3,3a
MK135290,3,3a,3,3a,3,3a,3,3a,3,3a
MK135291,3,3a,3,3a,3,3a,3,3a,3,3a
MK135292,3,3a,3,3a,3,3a,3,3a,3,3a
MK135293,3,3a,3,3a,3,3a,3,3a,3,3a
MK135294,3,3a,3,3a,3,3a,3,3a,3,3a
MK135295,3,3a,3,3a,3,3a,3,3a,3,3a
MK135296,3,3a,3,3a,3,3a,3,3a,3,3a
MK135297,3,3a,3,3a,3,3a,3,3a,3,3a
MK135298,3,3a,3,3a,3,3a,3,3a,3,3a
MK135299,3,3a,3,3a,3,3a,3,3a,3,3a
MK135300,3,3a,3,3a,3,3a,3,3a,3,3a
MK135301,3,3a,3,3a,3,3a,3,3a,3,3a
MK139016,6,6xg,6,6xg,6,6n,6,6n,6,6xg
MK139017,6,6xg,6,6xg,6,6n,6,6n,6,6xg
MK139018,6,6xg,6,6xg,6,6n,6,6n,6,6xg
MK139019,6,6xg,6,6xg,6,6n,6,6n,6,6xg
MK139020,6,6xg,6,6xg,6,6n,6,6n,6,6xg
MK139021,6,6xg,6,6xg,6,6n,6,6n,6,6xg
MK143444,1,1b,1,1b,1,1b,1,1b,,
MK143445,1,1a,1,1a,1,1a,1,1a,,
MK143446,1,1b,1,1b,1,1b,1,1b,,
MK143447,1,1b,1,1b,1,1b,1,1b,,
MK143448,1,1a,1,1a,1,1a,1,1a,,
MK143449,1,1b,1,1b,1,1b,1,1b,,
MK143450,1,1b,1,1b,1,1b,1,1b,,
MK143452,1,1b,1,1b,1,1b,1,1b,,
MK143453,1,1b,1,1b,1,1b,1,1b,,
MK143454,1,1b,1,1b,1,1b,1,1b,,
MK143455,1,1b,1,1b,1,1b,1,1b,,
MK143456,1,1b,1,1b,1,1b,1,1b,,
MK143457,1,1b,1,1b,1,1b,1,1b,,
MK143458,1,1b,1,1b,1,1b,1,1b,,
MK143459,1,1a,1,1a,1,1a,1,1a,,
MK143460,1,1a,1,1a,1,1a,1,1a,,
MK143461,1,1a,1,1a,1,1a,1,1a,,
MK143462,1,1a,1,1a,1,1a,1,1a,,
MK143463,1,1b,1,1b,1,1b,1,1b,,
MK143464,1,1b,1,1b,1,1b,1,1b,,
MK143465,1,1a,1,1a,1,1a,1,1a,,
MK143466,1,1b,1,1b,1,1b,1,1b,,
MK143467,1,1b,1,1b,1,1b,1,1b,,
MK143468,1,1a,1,1a,1,1a,1,1a,,
MK143469,1,1b,1,1b,1,1b,1,1b,,
MK143470,1,1b,1,1b,1,1b,1,1b,,
MK143471,1,1a,1,1a,1,1a,1,1a,,
MK143472,1,1b,1,1b,1,1b,1,1b,,
MK143473,1,1b,1,1b,1,1b,1,1b,,
MK143474,1,1b,1,1b,1,1b,1,1b,,
MK143475,1,1b,1,1b,1,1b,1,1b,,
MK143476,1,1b,1,1b,1,1b,1,1b,,
MK143477,1,1b,1,1b,1,1b,1,1b,,
MK143478,1,1b,1,1b,1,1b,1,1b,,
MK143479,1,1a,1,1a,1,1a,1,1a,,
MK143480,1,1b,1,1b,1,1b,1,1b,,
MK143481,1,1a,1,1a,1,1a,1,1a,,
MK143482,1,1b,1,1b,1,1b,1,1b,,
MK143483,1,1a,1,1a,1,1a,1,1a,,
MK143484,1,1b,1,1b,1,1b,1,1b,,
MK143485,1,1b,1,1b,1,1b,1,1b,,
MK143486,1,1b,1,1b,1,1b,1,1b,,
MK143487,1,1a,1,1a,1,1a,1,1a,,
MK143488,1,1b,1,1b,1,1b,1,1b,,
MK143489,1,1b,1,1b,1,1b,1,1b,,
MK143490,1,1a,1,1a,1,1a,1,1a,,
MK143491,1,1a,1,1a,1,1a,1,1a,,
MK143492,1,1a,1,1a,1,1a,1,1a,,
MK143493,1,1a,1,1a,1,1a,1,1a,,
MK143494,1,1b,1,1b,1,1b,1,1b,,
MK143495,1,1a,1,1a,1,1a,1,1a,,
MK143496,1,1b,1,1b,1,1b,1,1b,,
MK143497,1,1b,1,1b,1,1b,1,1b,,
MK143498,1,1b,1,1b,1,1b,1,1b,,
MK143499,1,1b,1,1b,1,1b,1,1b,,
MK143500,1,1b,1,1b,1,1b,1,1b,,
MK143501,1,1b,1,1b,1,1b,1,1b,,
MK143502,1,1b,1,1b,1,1b,1,1b,,
MK143503,1,1b,1,1b,1,1b,1,1b,,
MK143504,1,1b,1,1b,1,1b,1,1b,,
MK143505,1,1b,1,1b,1,1b,1,1b,,
MK143506,1,1b,1,1b,1,1b,1,1b,,
MK143507,1,1a,1,1a,1,1a,1,1a,,
MK143508,1,1a,1,1a,1,1a,1,1a,,
MK143509,1,1b,1,1b,1,1b,1,1b,,
MK143510,1,1a,1,1a,1,1a,1,1a,,
MK143511,1,1a,1,1a,1,1a,1,1a,,
MK143512,1,1b,1,1b,1,1b,1,1b,,
MK143513,1,1b,1,1b,1,1b,1,1b,,
MK143514,1,1b,1,1b,1,1b,1,1b,,
MK143515,1,1a,1,1a,1,1a,1,1a,,
MK143516,1,1b,1,1b,1,1b,1,1b,,
MK143517,1,1b,1,1b,1,1b,1,1b,,
MK143518,1,1a,1,1a,1,1a,1,1a,,
MK143519,1,1b,1,1b,1,1b,1,1b,,
MK143520,1,1b,1,1b,1,1b,1,1b,,
MK143521,1,1b,1,1b,1,1b,1,1b,,
MK143522,1,1b,1,1b,1,1b,1,1b,,
MK143523,1,1b,1,1b,1,1b,1,1b,,
MK143524,1,1b,1,1b,1,1b,1,1b,,
MK143525,1,1a,1,1a,1,1a,1,1a,,
MK143526,1,1b,1,1b,1,1b,1,1b,,
MK143527,1,1a,1,1a,1,1a,1,1a,,
MK143528,1,1b,1,1b,1,1b,1,1b,,
MK143529,1,1a,1,1a,1,1a,1,1a,,
MK143530,1,1b,1,1b,1,1b,1,1b,,
MK143531,1,1a,1,1a,1,1a,1,1a,,
MK143532,1,1a,1,1a,1,1a,1,1a,,
MK143533,1,1b,1,1b,1,1b,1,1b,,
MK143534,1,1b,1,1b,1,1b,1,1b,,
MK143535,1,1a,1,1a,1,1a,1,1a,,
MK143536,1,1b,1,1b,1,1b,1,1b,,
D00944,2,2a,2,2a,2,2a,2,2a,,
D10988,2,2b,2,2b,2,2b,2,2b,,
D14853,1,1c,1,1c,1,1c,1,1c,,
D17763,3,3a,3,3a,3,3a,3,3a,,
D28917,3,3a,3,3a,3,3a,3,3a,,
D49374,3,3b,3,3b,3,3b,3,3b,,
D50409,2,2c,2,2c,2,2c,2,2c,,
D50480,1,1b,1,1b,1,1b,1,1b,,
D50481,1,1b,1,1b,1,1b,1,1b,,
D50482,1,1b,1,1b,1,1b,1,1b,,
D50483,1,1b,1,1b,1,1b,1,1b,,
D50484,1,1b,1,1b,1,1b,1,1b,,
D50485,1,1b,1,1b,1,1b,1,1b,,
D63821,3,3k,3,3k,3,3k,3,3k,,
D63822,6,6g,6,6g,6,6g,6,6g,,
D84262,6,6b,6,6b,6,6b,6,6b,,
D84263,6,6d,8,8a,6,6d,6,6d,,
D84264,6,6k,6,6k,6,6k,6,6k,,
D84265,6,6h,6,6h,6,6h,6,6h,,
D90208,1,1b,1,1b,1,1b,1,1b,,
DQ244140,1,1b,1,1b,1,1b,1,1b,1,1b
DQ244141,1,1b,1,1b,1,1b,1,1b,1,1b
DQ278891,6,6xj,6,6xj,6,6l,6,6l,6,6k
DQ278892,6,6w,6,6w,6,6w,6,6w,,
DQ278893,6,6xj,6,6xj,6,6l,6,6l,6,6k
DQ278894,6,6n,6,6n,6,6n,6,6n,6,6n
DQ314805,6,6e,6,6e,6,6e,6,6e,6,6e
DQ314806,6,6g,6,6g,6,6g,6,6g,6,6g
DQ418782,4,4a,4,4a,4,4a,4,4a,4,
DQ418783,4,4a,4,4a,4,4a,4,4a,4,
DQ418784,4,4a,4,4a,4,4a,4,4a,4,
DQ418785,4,4a,4,4a,4,4a,4,4a,4,
DQ418786,4,4d,4,4d,4,4d,4,4d,4,
DQ418788,4,4a,4,4a,4,4a,4,4a,4,
DQ418789,4,4a,4,4a,4,4a,4,4a,4,
DQ480512,6,6a,6,6a,6,6a,6,6a,6,6a
DQ480513,6,6a,6,6a,6,6a,6,6a,6,6a
DQ480514,6,6a,6,6a,6,6a,6,6a,6,6a
DQ480515,6,6a,6,6a,6,6a,6,6a,6,6a
DQ480516,6,6a,6,6a,6,6a,6,6a,6,6a
DQ480517,6,6a,6,6a,6,6a,6,6a,6,6a
DQ480518,6,6a,6,6a,6,6a,6,6a,6,6a
DQ480519,6,6a,6,6a,6,6a,6,6a,6,6a
DQ480520,6,6a,6,6a,6,6a,6,6a,6,6a
DQ480521,6,6a,6,6a,6,6a,6,6a,6,6a
DQ480522,6,6a,6,6a,6,6a,6,6a,6,6a
DQ480523,6,6a,6,6a,6,6a,6,6a,6,6a
DQ480524,6,6a,6,6a,6,6a,6,6a,6,6a
DQ516084,4,4a,4,4a,4,4a,4,4a,4,4a
DQ835760,6,6f,6,6f,6,6f,6,6f,6,6f
DQ835762,6,6i,6,6i,6,6i,6,6i,6,6i
DQ835763,6,6m,6,6m,6,6m,6,6m,6,6m
DQ835764,6,6f,6,6f,6,6f,6,6f,6,6f
DQ835765,6,6m,6,6m,6,6m,6,6m,6,6m
DQ835766,6,6m,6,6m,6,6m,6,6m,6,6m
DQ835767,6,6m,8,8a,6,6m,6,6m,6,6m
DQ835768,6,6n,6,6n,6,6n,6,6n,6,6n
DQ889263,1,1a,1,1a,1,1a,1,1a,,
DQ889264,1,1a,1,1a,1,1a,1,1a,,
DQ889268,1,1a,1,1a,1,1a,1,1a,,
DQ889290,1,1a,1,1a,1,1a,1,1a,,
DQ889291,1,1a,1,1a,1,1a,1,1a,,
DQ889295,1,1a,1,1a,1,1a,1,1a,,
DQ889296,1,1a,1,1a,1,1a,1,1a,,
DQ889308,1,1a,1,1a,1,1a,1,1a,,
DQ889312,1,1a,1,1a,1,1a,1,1a,,
DQ889314,1,1a,1,1a,1,1a,1,1a,,
EF108306,7,7a,7,7a,7,7a,7,7a,7,7a
EF207987,3,3a,3,3a,3,3a,3,3a,3,3a
EF207988,3,3a,3,3a,3,3a,3,3a,3,3a
EF207989,3,3a,3,3a,3,3a,3,3a,3,3a
EF207990,3,3a,3,3a,3,3a,3,3a,3,3a
EF207991,3,3a,3,3a,3,3a,3,3a,3,3a
EF207992,3,3a,3,3a,3,3a,3,3a,3,3a
EF207993,3,3a,3,3a,3,3a,3,3a,3,3a
EF207994,3,3a,3,3a,3,3a,3,3a,3,3a
EF207995,3,3a,3,3a,3,3a,3,3a,3,3a
EF207996,3,3a,3,3a,3,3a,3,3a,3,3a
EF207997,3,3a,3,3a,3,3a,3,3a,3,3a
EF207998,3,3a,3,3a,3,3a,3,3a,3,3a
EF207999,3,3a,3,3a,3,3a,3,3a,3,3a
EF208000,3,3a,3,3a,3,3a,3,3a,3,3a
EF208001,3,3a,3,3a,3,3a,3,3a,3,3a
EF208002,3,3a,3,3a,3,3a,3,3a,3,3a
EF208003,3,3a,3,3a,3,3a,3,3a,3,3a
EF208004,3,3a,3,3a,3,3a,3,3a,3,3a
EF208005,3,3a,3,3a,3,3a,3,3a,3,3a
EF208006,3,3a,3,3a,3,3a,3,3a,3,3a
EF208007,3,3a,3,3a,3,3a,3,3a,3,3a
EF208008,3,3a,3,3a,3,3a,3,3a,3,3a
EF208009,3,3a,3,3a,3,3a,3,3a,3,3a
EF208010,3,3a,3,3a,3,3a,3,3a,3,3a
EF208011,3,3a,3,3a,3,3a,3,3a,3,3a
EF208012,3,3a,3,3a,3,3a,3,3a,3,3a
EF208013,3,3a,3,3a,3,3a,3,3a,3,3a
EF208014,3,3a,3,3a,3,3a,3,3a,3,3a
EF208015,3,3a,3,3a,3,3a,3,3a,3,3a
EF208016,3,3a,3,3a,3,3a,3,3a,3,3a
EF208017,3,3a,3,3a,3,3a,3,3a,3,3a
EF208018,3,3a,3,3a,3,3a,3,3a,3,3a
EF407411,1,1a,1,1a,1,1a,1,1a,1,1a
EF407412,1,1a,1,1a,1,1a,1,1a,1,1a
EF407413,1,1a,1,1a,1,1a,1,1a,1,1a
EF407414,1,1a,1,1a,1,1a,1,1a,1,1a
EF407415,1,1a,1,1a,1,1a,1,1a,1,1a
EF407416,1,1a,1,1a,1,1a,1,1a,1,1a
EF407417,1,1a,1,1a,1,1a,1,1a,1,1a
EF407418,1,1a,1,1a,1,1a,1,1a,1,1a
EF407419,1,1a,1,1a,1,1a,1,1a,1,1a
EF407420,1,1a,1,1a,1,1a,1,1a,1,1a
EF407421,1,1a,1,1a,1,1a,1,1a,1,1a
EF407422,1,1a,1,1a,1,1a,1,1a,1,1a
EF407423,1,1a,1,1a,1,1a,1,1a,1,1a
EF407424,1,1a,1,1a,1,1a,1,1a,1,1a
EF407425,1,1a,1,1a,1,1a,1,1a,1,1a
EF407426,1,1a,1,1a,1,1a,1,1a,1,1a
EF407427,1,1a,1,1a,1,1a,1,1a,1,1a
EF407428,1,1a,1,1a,1,1a,1,1a,1,1a
EF407429,1,1a,1,1a,1,1a,1,1a,1,1a
EF407430,1,1a,1,1a,1,1a,1,1a,1,1a
EF407431,1,1a,1,1a,1,1a,1,1a,1,1a
EF407432,1,1a,1,1a,1,1a,1,1a,1,1a
EF407433,1,1a,1,1a,1,1a,1,1a,1,1a
EF407434,1,1a,1,1a,1,1a,1,1a,1,1a
EF407435,1,1a,1,1a,1,1a,1,1a,1,1a
EF407436,1,1a,1,1a,1,1a,1,1a,1,1a
EF407437,1,1a,1,1a,1,1a,1,1a,1,1a
EF407438,1,1a,1,1a,1,1a,1,1a,1,1a
EF407439,1,1a,1,1a,1,1a,1,1a,1,1a
EF407440,1,1a,1,1a,1,1a,1,1a,1,1a
EF407441,1,1a,1,1a,1,1a,1,1a,1,1a
EF407442,1,1a,1,1a,1,1a,1,1a,1,1a
EF407443,1,1a,1,1a,1,1a,1,1a,1,1a
EF407444,1,1a,1,1a,1,1a,1,1a,1,1a
EF407445,1,1a,1,1a,1,1a,1,1a,1,1a
EF407446,1,1a,1,1a,1,1a,1,1a,1,1a
EF407447,1,1a,1,1a,1,1a,1,1a,1,1a
EF407448,1,1a,1,1a,1,1a,1,1a,1,1a
EF407449,1,1a,1,1a,1,1a,1,1a,1,1a
EF407450,1,1a,1,1a,1,1a,1,1a,1,1a
EF407451,1,1a,1,1a,1,1a,1,1a,1,1a
EF407452,1,1a,1,1a,1,1a,1,1a,1,1a
EF407453,1,1a,1,1a,1,1a,1,1a,1,1a
EF407454,1,1a,1,1a,1,1a,1,1a,1,1a
EF407455,1,1a,1,1a,1,1a,1,1a,1,1a
EF407456,1,1a,1,1a,1,1a,1,1a,1,1a
EF407457,1,1a,1,1a,1,1a,1,1a,1,1a
EF407458,1,1b,1,1b,1,1b,1,1b,1,1b
EF407459,1,1b,1,1b,1,1b,1,1b,1,1b
EF407460,1,1b,1,1b,1,1b,1,1b,1,1b
EF407461,1,1b,1,1b,1,1b,1,1b,1,1b
EF407462,1,1b,1,1b,1,1b,1,1b,1,1b
EF407463,1,1b,1,1b,1,1b,1,1b,1,1b
EF407464,1,1b,1,1b,1,1b,1,1b,1,1b
EF407465,1,1b,1,1b,1,1b,1,1b,1,1b
EF407466,1,1b,1,1b,1,1b,1,1b,1,1b
EF407467,1,1b,1,1b,1,1b,1,1b,1,1b
EF407468,1,1b,1,1b,1,1b,1,1b,1,1b
EF407469,1,1b,1,1b,1,1b,1,1b,1,1b
EF407470,1,1b,1,1b,1,1b,1,1b,1,1b
EF407471,1,1b,1,1b,1,1b,1,1b,1,1b
EF407472,1,1b,1,1b,1,1b,1,1b,1,1b
EF407473,1,1b,1,1b,1,1b,1,1b,1,1b
EF407474,1,1b,1,1b,1,1b,1,1b,1,1b
EF407475,1,1b,1,1b,1,1b,1,1b,1,1b
EF407476,1,1b,1,1b,1,1b,1,1b,1,1b
EF407477,1,1b,1,1b,1,1b,1,1b,1,1b
EF407478,1,1b,1,1b,1,1b,1,1b,1,1b
EF407479,1,1b,1,1b,1,1b,1,1b,1,1b
EF407480,1,1b,1,1b,1,1b,1,1b,1,1b
EF407481,1,1b,1,1b,1,1b,1,1b,1,1b
EF407482,1,1b,1,1b,1,1b,1,1b,1,1b
EF407483,1,1b,1,1b,1,1b,1,1b,1,1b
EF407484,1,1b,1,1b,1,1b,1,1b,1,1b
EF407485,1,1b,1,1b,1,1b,1,1b,1,1b
EF407486,1,1b,1,1b,1,1b,1,1b,1,1b
EF407487,1,1b,1,1b,1,1b,1,1b,1,1b
EF407488,1,1b,1,1b,1,1b,1,1b,1,1b
EF407489,1,1b,1,1b,1,1b,1,1b,1,1b
EF407490,1,1b,1,1b,1,1b,1,1b,1,1b
EF407491,1,1b,1,1b,1,1b,1,1b,1,1b
EF407492,1,1b,1,1b,1,1b,1,1b,1,1b
EF407493,1,1b,1,1b,1,1b,1,1b,1,1b
EF407494,1,1b,1,1b,1,1b,1,1b,1,1b
EF407495,1,1b,1,1b,1,1b,1,1b,1,1b
EF407496,1,1b,1,1b,1,1b,1,1b,1,1b
EF407497,1,1b,1,1b,1,1b,1,1b,1,1b
EF407498,1,1b,1,1b,1,1b,1,1b,1,1b
EF407499,1,1b,1,1b,1,1b,1,1b,1,1b
EF407500,1,1b,1,1b,1,1b,1,1b,1,1b
EF407501,1,1b,1,1b,1,1b,1,1b,1,1b
EF407502,1,1b,1,1b,1,1b,1,1b,1,1b
EF407503,1,1b,1,1b,1,1b,1,1b,1,1b
EF407504,1,1b,1,1b,1,1b,1,1b,1,1b
EF424625,6,6q,6,6q,6,6q,6,6q,6,6q
EF424626,6,6p,6,6p,6,6p,6,6p,6,6p
EF424627,6,6o,6,6o,6,6o,6,6o,6,6o
EF424628,6,6l,6,6l,6,6l,6,6l,6,6l
EF424629,6,6c,6,6c,6,6c,6,6c,6,6c
EF589160,4,4f,4,4f,4,4f,4,4f,4,4f
EF589161,4,4f,4,4f,4,4f,4,4f,4,4f
EF632069,6,6t,6,6t,6,6t,6,6t,6,6t
EF632070,6,6t,6,6t,6,6t,6,6t,6,6t
EF632071,6,6t,6,6t,6,6t,6,6t,6,6t
OR497850,4,4k,4,4k,4,4k,4,4k,4,4k
OR497851,4,4k,4,4k,4,4k,4,4k,4,4k
OR497852,4,4k,4,4k,4,4k,4,4k,4,4k
OR497853,4,4d,4,4d,4,4d,4,4d,4,4d
OR497854,4,4d,4,4d,4,4d,4,4d,4,4d
OR497855,4,4d,4,4d,4,4d,4,4d,4,4d
OR497856,4,4d,4,4d,4,4d,4,4d,4,4d
OR497857,4,4d,4,4d,4,4d,4,4d,4,4d
OR497858,4,4d,4,4d,4,4d,4,4d,4,4d
OR497859,4,4d,4,4d,4,4d,4,4d,4,4d
OR497860,4,4d,4,4d,4,4d,4,4d,4,4d
OR497861,4,4d,4,4d,4,4d,4,4d,4,4d
OR497862,4,4d,4,4d,4,4d,4,4d,4,4d
OR497863,4,4d,4,4d,4,4d,4,4d,4,4d
OR497864,4,4d,4,4d,4,4d,4,4d,4,4d
OR497866,4,4d,4,4d,4,4d,4,4d,4,4d
OR497867,4,4d,4,4d,4,4d,4,4d,4,4d
OR497868,4,4d,4,4d,4,4d,4,4d,4,4d
OR497869,4,4d,4,4d,4,4d,4,4d,4,4d
OR497870,4,4r,4,4r,4,4r,4,4r,4,4r
OR497872,1,1c,1,1c,1,1c,1,1c,1,1c
OR497874,4,4a,4,4a,4,4a,4,4a,4,4a
OR497877,1,1a,1,1a,1,1a,1,1a,1,1a
OR497878,1,1a,1,1a,1,1a,1,1a,1,1a
OR497879,1,1a,1,1a,1,1a,1,1a,1,1a
OR497880,1,1a,1,1a,1,1a,1,1a,1,1a
OR497881,1,1a,1,1a,1,1a,1,1a,1,1a
OR497882,1,1a,1,1a,1,1a,1,1a,1,1a
OR497884,1,1a,1,1a,1,1a,1,1a,1,1a
OR497885,1,1a,1,1a,1,1a,1,1a,1,1a
OR497886,1,1a,1,1a,1,1a,1,1a,1,1a
OR497887,1,1a,1,1a,1,1a,1,1a,1,1a
OR497888,1,1a,1,1a,1,1a,1,1a,1,1a
OR497889,1,1a,1,1a,1,1a,1,1a,1,1a
OR497890,1,1a,1,1a,1,1a,1,1a,1,1a
OR497891,1,1a,1,1a,1,1a,1,1a,1,1a
OR497892,1,1a,1,1a,1,1a,1,1a,1,1a
OR497893,1,1a,1,1a,1,1a,1,1a,1,1a
OR497894,1,1a,1,1a,1,1a,1,1a,1,1a
OR497896,1,1a,1,1a,1,1a,1,1a,1,1a
OR497897,1,1a,1,1a,1,1a,1,1a,1,1a
OR497898,1,1a,1,1a,1,1a,1,1a,1,1a
OR497899,1,1a,1,1a,1,1a,1,1a,1,1a
OR497900,1,1a,1,1a,1,1a,1,1a,1,1a
OR497901,1,1a,1,1a,1,1a,1,1a,1,1a
OR497902,1,1a,1,1a,1,1a,1,1a,1,1a
OR497903,1,1a,1,1a,1,1a,1,1a,1,1a
OR497904,1,1a,1,1a,1,1a,1,1a,1,1a
OR497905,1,1a,1,1a,1,1a,1,1a,1,1a
OR497906,1,1a,1,1a,1,1a,1,1a,1,1a
OR497907,1,1a,1,1a,1,1a,1,1a,1,1a
OR497908,1,1a,1,1a,1,1a,1,1a,1,1a
OR497909,1,1a,1,1a,1,1a,1,1a,1,1a
OR497911,1,1a,1,1a,1,1a,1,1a,1,1a
OR497912,1,1a,1,1a,1,1a,1,1a,1,1a
OR497913,1,1a,1,1a,1,1a,1,1a,1,1a
OR497915,1,1a,1,1a,1,1a,1,1a,1,1a
OR497916,1,1a,1,1a,1,1a,1,1a,1,1a
OR497917,1,1a,1,1a,1,1a,1,1a,1,1a
OR497918,1,1a,1,1a,1,1a,1,1a,1,1a
OR497919,1,1a,1,1a,1,1a,1,1a,1,1a
OR497920,1,1a,1,1a,1,1a,1,1a,1,1a
OR497921,1,1a,1,1a,1,1a,1,1a,1,1a
OR497923,1,1a,1,1a,1,1a,1,1a,1,1a
OR497924,1,1a,1,1a,1,1a,1,1a,1,1a
OR497925,1,1a,1,1a,1,1a,1,1a,1,1a
OR497927,1,1a,1,1a,1,1a,1,1a,1,1a
OR497929,1,1a,1,1a,1,1a,1,1a,1,1a
OR497930,1,1a,1,1a,1,1a,1,1a,1,1a
OR497931,1,1a,1,1a,1,1a,1,1a,1,1a
OR497932,1,1a,1,1a,1,1a,1,1a,1,1a
OR497933,1,1a,1,1a,1,1a,1,1a,1,1a
OR497934,1,1a,1,1a,1,1a,1,1a,1,1a
OR497935,1,1a,1,1a,1,1a,1,1a,1,1a
OR497936,1,1a,1,1a,1,1a,1,1a,1,1a
OR497937,1,1a,1,1a,1,1a,1,1a,1,1a
OR497938,1,1a,1,1a,1,1a,1,1a,1,1a
OR497939,1,1a,1,1a,1,1a,1,1a,1,1a
OR497940,1,1a,1,1a,1,1a,1,1a,1,1a
OR497942,1,1a,1,1a,1,1a,1,1a,1,1a
OR497943,1,1a,1,1a,1,1a,1,1a,1,1a
OR497946,1,1a,1,1a,1,1a,1,1a,1,1a
OR497947,1,1a,1,1a,1,1a,1,1a,1,1a
OR497948,1,1a,1,1a,1,1a,1,1a,1,1a
OR497950,1,1a,1,1a,1,1a,1,1a,1,1a
OR497951,1,1a,1,1a,1,1a,1,1a,1,1a
OR497953,1,1a,1,1a,1,1a,1,1a,1,1a
OR497954,1,1a,1,1a,1,1a,1,1a,1,1a
OR497955,2,2a,2,2a,2,2a,2,2a,2,2a
OR497956,4,4c,4,4c,4,4c,4,4c,4,4c
OR497958,2,2c,2,2c,2,2c,2,2c,2,2c
OR497959,3,3a,3,3a,3,3a,3,3a,3,3a
OR497960,3,3a,3,3a,3,3a,3,3a,3,3a
OR497961,3,3a,3,3a,3,3a,3,3a,3,3a
OR497962,3,3a,3,3a,3,3a,3,3a,3,3a
OR497963,3,3a,3,3a,3,3a,3,3a,3,3a
OR497964,3,3a,3,3a,3,3a,3,3a,3,3a
OR497965,3,3a,3,3a,3,3a,3,3a,3,3a
OR497967,3,3a,3,3a,3,3a,3,3a,3,3a
OR497968,3,3a,3,3a,3,3a,3,3a,3,3a
OR497969,3,3a,3,3a,3,3a,3,3a,3,3a
OR497970,3,3a,3,3a,3,3a,3,3a,3,3a
OR497971,3,3a,3,3a,3,3a,3,3a,3,3a
OR497972,3,3a,3,3a,3,3a,3,3a,3,3a
OR497973,3,3a,3,3a,3,3a,3,3a,3,3a
OR497975,3,3a,3,3a,3,3a,3,3a,3,3a
OR497977,3,3a,3,3a,3,3a,3,3a,3,3a
OR497978,3,3a,3,3a,3,3a,3,3a,3,3a
OR497981,3,3a,3,3a,3,3a,3,3a,3,3a
OR497982,3,3a,3,3a,3,3a,3,3a,3,3a
OR497983,3,3a,3,3a,3,3a,3,3a,3,3a
OR497984,3,3a,3,3a,3,3a,3,3a,3,3a
OR497986,3,3a,3,3a,3,3a,3,3a,3,3a
OR497987,3,3a,3,3a,3,3a,3,3a,3,3a
OR497989,1,1b,1,1b,1,1b,1,1b,1,1b
OR497990,1,1b,1,1b,1,1b,1,1b,1,1b
OR497994,1,1b,1,1b,1,1b,1,1b,1,1b
OR497995,1,1b,1,1b,1,1b,1,1b,1,1b
OR497997,1,1b,1,1b,1,1b,1,1b,1,1b
OR497999,1,1b,1,1b,1,1b,1,1b,1,1b
OR498000,1,1b,1,1b,1,1b,1,1b,1,1b
OR498006,1,1b,1,1b,1,1b,1,1b,1,1b
OR498008,1,1b,1,1b,1,1b,1,1b,1,1b
OR498010,1,1b,1,1b,1,1b,1,1b,1,1b
OR498011,1,1b,1,1b,1,1b,1,1b,1,1b
OR498012,1,1b,1,1b,1,1b,1,1b,1,1b
OR498014,1,1b,1,1b,1,1b,1,1b,1,1b
OR498015,1,1b,1,1b,1,1b,1,1b,1,1b
OR498016,1,1b,1,1b,1,1b,1,1b,1,1b
OR498017,1,1b,1,1b,1,1b,1,1b,1,1b
OR498018,1,1b,1,1b,1,1b,1,1b,1,1b
OR498019,1,1b,1,1b,1,1b,1,1b,1,1b
OR498021,1,1b,1,1b,1,1b,1,1b,1,1b
OR498022,1,1b,1,1b,1,1b,1,1b,1,1b
OR498023,1,1b,1,1b,1,1b,1,1b,1,1b
OR498025,1,1b,1,1b,1,1b,1,1b,1,1b
OR498028,1,1b,1,1b,1,1b,1,1b,1,1b
OR498031,1,1b,1,1b,1,1b,1,1b,1,1b
OR498033,1,1b,1,1b,1,1b,1,1b,1,1b
OR498034,1,1b,1,1b,1,1b,1,1b,1,1b
OR498036,1,1b,1,1b,1,1b,1,1b,1,1b
OR498037,1,1b,1,1b,1,1b,1,1b,1,1b
OR498039,1,1b,1,1b,1,1b,1,1b,1,1b
OR498042,1,1b,1,1b,1,1b,1,1b,1,1b
OR498045,1,1b,1,1b,1,1b,1,1b,1,1b
OR498048,1,1b,1,1b,1,1b,1,1b,1,1b
OR498050,1,1b,1,1b,1,1b,1,1b,1,1b
OR498053,1,1b,1,1b,1,1b,1,1b,1,1b
OR498054,1,1b,1,1b,1,1b,1,1b,1,1b
OR498055,1,1b,1,1b,1,1b,1,1b,1,1b
OR498056,1,1b,1,1b,1,1b,1,1b,1,1b
OR498057,1,1b,1,1b,1,1b,1,1b,1,1b
OR498058,1,1b,1,1b,1,1b,1,1b,1,1b
OR498060,1,1b,1,1b,1,1b,1,1b,1,1b
OR498064,1,1b,1,1b,1,1b,1,1b,1,1b
OR498065,1,1b,1,1b,1,1b,1,1b,1,1b
OR498067,1,1b,1,1b,1,1b,1,1b,1,1b
OR498068,1,1b,1,1b,1,1b,1,1b,1,1b
OR498072,2,2i,2,2i,2,2i,2,2i,2,2i
U37644,1,1a,1,1a,1,1a,1,1a,,
U37645,1,1a,1,1a,1,1a,1,1a,,
U37646,1,1a,1,1a,1,1a,1,1a,,
U37647,1,1b,1,1b,1,1b,1,1b,,
U37648,1,1b,1,1b,1,1b,1,1b,,
U37649,1,1b,1,1b,1,1b,1,1b,,
U37650,1,1b,1,1b,1,1b,1,1b,,
U37651,1,1b,1,1b,1,1b,1,1b,,
U37652,1,1b,1,1b,1,1b,1,1b,,
U37653,1,1b,1,1b,1,1b,1,1b,,
U37654,1,1b,1,1b,1,1b,1,1b,,
U37655,1,1b,1,1b,1,1b,1,1b,,
U37656,1,1b,1,1b,1,1b,1,1b,,
U37657,1,1b,1,1b,1,1b,1,1b,,
U37658,1,1b,1,1b,1,1b,1,1b,,
U37659,1,1b,1,1b,1,1b,1,1b,,
X61596,1,1b,1,1b,1,1b,1,1b,,
Y11604,4,4a,4,4a,4,4a,4,4a,,
Y12083,6,6a,6,6a,6,6a,6,6a,,
Y13184,5,5a,5,5a,5,5a,5,5a,,
AB030907,2,2b,2,2b,2,2b,2,2b,,
AB031663,2,2k,2,2k,2,2k,2,2k,,
AB047639,2,2a,2,2a,2,2a,2,2a,,
AB049087,1,1b,1,1b,1,1b,1,1b,1,1b
AB049092,1,1b,1,1b,1,1b,1,1b,1,1b
AB049094,1,1b,1,1b,1,1b,1,1b,1,1b
AB049096,1,1b,1,1b,1,1b,1,1b,1,1b
AB049097,1,1b,1,1b,1,1b,1,1b,1,1b
AB049098,1,1b,1,1b,1,1b,1,1b,1,1b
AB049099,1,1b,1,1b,1,1b,1,1b,1,1b
AB049100,1,1b,1,1b,1,1b,1,1b,1,1b
AB285035,1,1b,1,1b,1,1b,1,1b,,
AB285036,1,1b,1,1b,1,1b,1,1b,,
AB285037,1,1b,1,1b,1,1b,1,1b,,
AB285038,1,1b,1,1b,1,1b,1,1b,,
AB285039,1,1b,1,1b,1,1b,1,1b,,
AB285040,1,1b,1,1b,1,1b,1,1b,,
AB285041,1,1b,1,1b,1,1b,1,1b,,
AB285042,1,1b,1,1b,1,1b,1,1b,,
AB285043,1,1b,1,1b,1,1b,1,1b,,
AB285044,1,1b,1,1b,1,1b,1,1b,,
AB285045,1,1b,1,1b,1,1b,1,1b,,
AB285046,1,1b,1,1b,1,1b,1,1b,,
AB285047,1,1b,1,1b,1,1b,1,1b,,
AB285048,1,1b,1,1b,1,1b,1,1b,,
AB285049,1,1b,1,1b,1,1b,1,1b,,
AB285050,1,1b,1,1b,1,1b,1,1b,,
AB285051,1,1b,1,1b,1,1b,1,1b,,
AB285052,1,1b,1,1b,1,1b,1,1b,,
AB285053,1,1b,1,1b,1,1b,1,1b,,
AB285054,1,1b,1,1b,1,1b,1,1b,,
AB285055,1,1b,1,1b,1,1b,1,1b,,
AB285056,1,1b,1,1b,1,1b,1,1b,,
AB285057,1,1b,1,1b,1,1b,1,1b,,
AB285058,1,1b,1,1b,1,1b,1,1b,,
AB285059,1,1b,1,1b,1,1b,1,1b,,
AB285060,1,1b,1,1b,1,1b,1,1b,,
AB285061,1,1b,1,1b,1,1b,1,1b,,
AB285062,1,1b,1,1b,1,1b,1,1b,,
AB285063,1,1b,1,1b,1,1b,1,1b,,
AB285064,1,1b,1,1b,1,1b,1,1b,,
AB285065,1,1b,1,1b,1,1b,1,1b,,
AB285066,1,1b,1,1b,1,1b,1,1b,,
AB285067,1,1b,1,1b,1,1b,1,1b,,
AB285068,1,1b,1,1b,1,1b,1,1b,,
AB285069,1,1b,1,1b,1,1b,1,1b,,
AB285070,1,1b,1,1b,1,1b,1,1b,,
AB285071,1,1b,1,1b,1,1b,1,1b,,
AB285072,1,1b,1,1b,1,1b,1,1b,,
AB285073,1,1b,1,1b,1,1b,1,1b,,
AB285074,1,1b,1,1b,1,1b,1,1b,,
AB285075,1,1b,1,1b,1,1b,1,1b,,
AB285076,1,1b,1,1b,1,1b,1,1b,,
AB285077,1,1b,1,1b,1,1b,1,1b,,
AB285078,1,1b,1,1b,1,1b,1,1b,,
AB285079,1,1b,1,1b,1,1b,1,1b,,
AB285080,1,1b,1,1b,1,1b,1,1b,,
AB285081,1,1b,1,1b,1,1b,1,1b,,
AB354116,1,1b,1,1b,1,1b,1,1b,,
AB354117,1,1b,1,1b,1,1b,1,1b,,
AB354118,1,1b,1,1b,1,1b,1,1b,,
AB518774,1,1b,1,1b,1,1b,1,1b,,
AB518775,1,1b,1,1b,1,1b,1,1b,,
AB518776,1,1b,1,1b,1,1b,1,1b,,
AB518777,1,1b,1,1b,1,1b,1,1b,,
AB518778,1,1b,1,1b,1,1b,1,1b,,
AB518779,1,1b,1,1b,1,1b,1,1b,,
AB518780,1,1b,1,1b,1,1b,1,1b,,
AB518781,1,1b,1,1b,1,1b,1,1b,,
AB518782,1,1b,1,1b,1,1b,1,1b,,
AB518783,1,1b,1,1b,1,1b,1,1b,,
AB518784,1,1b,1,1b,1,1b,1,1b,,
AB518785,1,1b,1,1b,1,1b,1,1b,,
AB518786,1,1b,1,1b,1,1b,1,1b,,
AB518787,1,1b,1,1b,1,1b,1,1b,,
AB518788,1,1b,1,1b,1,1b,1,1b,,
AB518789,1,1b,1,1b,1,1b,1,1b,,
AB518790,1,1b,1,1b,1,1b,1,1b,,
AB518791,1,1b,1,1b,1,1b,1,1b,,
AB518793,1,1b,1,1b,1,1b,1,1b,,
AB518794,1,1b,1,1b,1,1b,1,1b,,
AB518795,1,1b,1,1b,1,1b,1,1b,,
AB600751,2,2a,2,2a,2,2a,2,2a,,
AB600752,2,2a,2,2a,2,2a,2,2a,,
AB600753,2,2a,2,2a,2,2a,2,2a,,
AB600754,2,2a,2,2a,2,2a,2,2a,,
AB600755,2,2a,2,2a,2,2a,2,2a,,
AB600756,2,2a,2,2a,2,2a,2,2a,,
AB600757,2,2a,2,2a,2,2a,2,2a,,
AB600758,2,2a,2,2a,2,2a,2,2a,,
AB600759,2,2a,2,2a,2,2a,2,2a,,
AB600760,2,2a,2,2a,2,2a,2,2a,,
AB600761,2,2a,2,2a,2,2a,2,2a,,
AB600762,2,2a,2,2a,2,2a,2,2a,,
AB600763,2,2a,2,2a,2,2a,2,2a,,
AB600764,2,2a,2,2a,2,2a,2,2a,,
AB600765,2,2a,2,2a,2,2a,2,2a,,
AB600766,2,2a,2,2a,2,2a,2,2a,,
AB600767,2,2a,2,2a,2,2a,2,2a,,
AB600768,2,2a,2,2a,2,2a,2,2a,,
AB600770,2,2a,2,2a,2,2a,2,2a,,
AB600771,2,2a,2,2a,2,2a,2,2a,,
AB600772,2,2a,2,2a,2,2a,2,2a,,
AB600773,2,2a,2,2a,2,2a,2,2a,,
AB600774,2,2a,2,2a,2,2a,2,2a,,
AB600775,2,2a,2,2a,2,2a,2,2a,,
AB600776,2,2a,2,2a,2,2a,2,2a,,
AB600777,2,2a,2,2a,2,2a,2,2a,,
AB600778,2,2a,2,2a,2,2a,2,2a,,
AB600779,2,2a,2,2a,2,2a,2,2a,,
AB600780,2,2a,2,2a,2,2a,2,2a,,
AB600801,2,2b,2,2b,2,2b,2,2b,,
AB600802,2,2b,2,2b,2,2b,2,2b,,
AB600803,2,2b,2,2b,2,2b,2,2b,,
AB600804,2,2b,2,2b,2,2b,2,2b,,
AB600805,2,2b,2,2b,2,2b,2,2b,,
AB600806,2,2b,2,2b,2,2b,2,2b,,
AB600807,2,2b,2,2b,2,2b,2,2b,,
AB600808,2,2b,2,2b,2,2b,2,2b,,
AB600809,2,2b,2,2b,2,2b,2,2b,,
AB600810,2,2b,2,2b,2,2b,2,2b,,
AB600811,2,2b,2,2b,2,2b,2,2b,,
AB600812,2,2b,2,2b,2,2b,2,2b,,
AB600813,2,2b,2,2b,2,2b,2,2b,,
AB600814,2,2b,2,2b,2,2b,2,2b,,
AB600815,2,2b,2,2b,2,2b,2,2b,,
AB600816,2,2b,2,2b,2,2b,2,2b,,
AB600817,2,2b,2,2b,2,2b,2,2b,,
AB600818,2,2b,2,2b,2,2b,2,2b,,
AB600819,2,2b,2,2b,2,2b,2,2b,,
AB600820,2,2b,2,2b,2,2b,2,2b,,
AB600821,2,2b,2,2b,2,2b,2,2b,,
AB600822,2,2b,2,2b,2,2b,2,2b,,
AB601987,1,1b,1,1b,1,1b,1,1b,,
AB601988,1,1b,1,1b,1,1b,1,1b,,
AB601989,1,1b,1,1b,1,1b,1,1b,,
AB601990,1,1b,1,1b,1,1b,1,1b,,
AB601991,1,1b,1,1b,1,1b,1,1b,,
AB601992,1,1b,1,1b,1,1b,1,1b,,
AB601993,1,1b,1,1b,1,1b,1,1b,,
AB601994,1,1b,1,1b,1,1b,1,1b,,
AB601995,1,1b,1,1b,1,1b,1,1b,,
AB601996,1,1b,1,1b,1,1b,1,1b,,
AB601997,1,1b,1,1b,1,1b,1,1b,,
AB601998,1,1b,1,1b,1,1b,1,1b,,
AB601999,1,1b,1,1b,1,1b,1,1b,,
AB602000,1,1b,1,1b,1,1b,1,1b,,
AB602001,1,1b,1,1b,1,1b,1,1b,,
AB602002,1,1b,1,1b,1,1b,1,1b,,
AB602003,1,1b,1,1b,1,1b,1,1b,,
AB602004,1,1b,1,1b,1,1b,1,1b,,
AB602005,1,1b,1,1b,1,1b,1,1b,,
AB602006,1,1b,1,1b,1,1b,1,1b,,
AB602007,1,1b,1,1b,1,1b,1,1b,,
AB602008,1,1b,1,1b,1,1b,1,1b,,
AB602009,1,1b,1,1b,1,1b,1,1b,,
AB602010,1,1b,1,1b,1,1b,1,1b,,
AB602011,1,1b,1,1b,1,1b,1,1b,,
AB602012,1,1b,1,1b,1,1b,1,1b,,
AB602013,1,1b,1,1b,1,1b,1,1b,,
AB602014,1,1b,1,1b,1,1b,1,1b,,
AB602015,1,1b,1,1b,1,1b,1,1b,,
AB602016,1,1b,1,1b,1,1b,1,1b,,
AB602017,1,1b,1,1b,1,1b,1,1b,,
AB602018,1,1b,1,1b,1,1b,1,1b,,
AB602019,1,1b,1,1b,1,1b,1,1b,,
AB602021,1,1b,1,1b,1,1b,1,1b,,
AB602022,1,1b,1,1b,1,1b,1,1b,,
AB602023,1,1b,1,1b,1,1b,1,1b,,
AB602024,1,1b,1,1b,1,1b,1,1b,,
AB602025,1,1b,1,1b,1,1b,1,1b,,
AB602026,1,1b,1,1b,1,1b,1,1b,,
AB602027,1,1b,1,1b,1,1b,1,1b,,
AB602028,1,1b,1,1b,1,1b,1,1b,,
AB602029,1,1b,1,1b,1,1b,1,1b,,
AB602030,1,1b,1,1b,1,1b,1,1b,,
AB602031,1,1b,1,1b,1,1b,1,1b,,
AB602032,1,1b,1,1b,1,1b,1,1b,,
AB602033,1,1b,1,1b,1,1b,1,1b,,
AB602034,1,1b,1,1b,1,1b,1,1b,,
AB602035,1,1b,1,1b,1,1b,1,1b,,
AB602036,1,1b,1,1b,1,1b,1,1b,,
AB602037,1,1b,1,1b,1,1b,1,1b,,
AB602038,1,1b,1,1b,1,1b,1,1b,,
AB602039,1,1b,1,1b,1,1b,1,1b,,
AB661373,2,2b,2,2b,2,2b,2,2b,2,2b
AB661374,2,2b,2,2b,2,2b,2,2b,2,2b
AB661375,2,2b,2,2b,2,2b,2,2b,2,2b
AB661376,2,2b,2,2b,2,2b,2,2b,2,2b
AB661377,2,2b,2,2b,2,2b,2,2b,2,2b
AB661378,2,2b,2,2b,2,2b,2,2b,2,2b
AB661379,2,2b,2,2b,2,2b,2,2b,2,2b
AB661380,2,2b,2,2b,2,2b,2,2b,2,2b
AB661381,2,2b,2,2b,2,2b,2,2b,2,2b
AB661382,2,2b,2,2b,2,2b,2,2b,2,2b
AB661383,2,2b,2,2b,2,2b,2,2b,2,2b
AB661384,2,2b,2,2b,2,2b,2,2b,2,2b
AB661385,2,2b,2,2b,2,2b,2,2b,2,2b
AB661386,2,2b,2,2b,2,2b,2,2b,2,2b
AB661387,2,2b,2,2b,2,2b,2,2b,2,2b
AB661388,2,2b,2,2b,2,2b,2,2b,2,2b
AB661389,2,2b,2,2b,2,2b,2,2b,2,2b
AB661390,2,2b,2,2b,2,2b,2,2b,2,2b
AB661391,2,2b,2,2b,2,2b,2,2b,2,2b
AB661392,2,2b,2,2b,2,2b,2,2b,2,2b
AB661393,2,2b,2,2b,2,2b,2,2b,2,2b
AB661394,2,2b,2,2b,2,2b,2,2b,2,2b
AB661395,2,2b,2,2b,2,2b,2,2b,2,2b
AB661396,2,2b,2,2b,2,2b,2,2b,2,2b
AB661397,2,2b,2,2b,2,2b,2,2b,2,2b
AB661398,2,2b,2,2b,2,2b,2,2b,2,2b
AB661399,2,2b,2,2b,2,2b,2,2b,2,2b
AB661400,2,2b,2,2b,2,2b,2,2b,2,2b
AB661401,2,2b,2,2b,2,2b,2,2b,2,2b
AB661402,2,2b,2,2b,2,2b,2,2b,2,2b
AB661403,2,2b,2,2b,2,2b,2,2b,2,2b
AB661404,2,2b,2,2b,2,2b,2,2b,2,2b
AB661405,2,2b,2,2b,2,2b,2,2b,2,2b
AB661406,2,2b,2,2b,2,2b,2,2b,2,2b
AB661407,2,2b,2,2b,2,2b,2,2b,2,2b
AB661408,2,2b,2,2b,2,2b,2,2b,2,2b
AB661409,2,2b,2,2b,2,2b,2,2b,2,2b
AB661410,2,2b,2,2b,2,2b,2,2b,2,2b
AB661411,2,2b,2,2b,2,2b,2,2b,2,2b
AB661412,2,2b,2,2b,2,2b,2,2b,2,2b
AB661413,2,2b,2,2b,2,2b,2,2b,2,2b
AB661414,2,2b,2,2b,2,2b,2,2b,2,2b
AB661415,2,2b,2,2b,2,2b,2,2b,2,2b
AB661416,2,2b,2,2b,2,2b,2,2b,2,2b
AB661417,2,2b,2,2b,2,2b,2,2b,2,2b
AB661418,2,2b,2,2b,2,2b,2,2b,2,2b
AB661419,2,2b,2,2b,2,2b,2,2b,2,2b
AB661420,2,2b,2,2b,2,2b,2,2b,2,2b
AB661421,2,2b,2,2b,2,2b,2,2b,2,2b
AB661422,2,2b,2,2b,2,2b,2,2b,2,2b
AB661423,2,2b,2,2b,2,2b,2,2b,2,2b
AB661424,2,2b,2,2b,2,2b,2,2b,2,2b
AB661425,2,2b,2,2b,2,2b,2,2b,2,2b
AB661426,2,2b,2,2b,2,2b,2,2b,2,2b
AB661427,2,2b,2,2b,2,2b,2,2b,2,2b
AB661428,2,2b,2,2b,2,2b,2,2b,2,2b
AB661429,2,2b,2,2b,2,2b,2,2b,2,2b
AB661430,2,2b,2,2b,2,2b,2,2b,2,2b
AB661431,2,2b,2,2b,2,2b,2,2b,2,2b
AB661432,2,2b,2,2b,2,2b,2,2b,2,2b
AB693847,1,1b,1,1b,1,1b,1,1b,1,1b
AB693848,1,1b,1,1b,1,1b,1,1b,1,1b
AB693849,1,1b,1,1b,1,1b,1,1b,1,1b
AB693850,1,1b,1,1b,1,1b,1,1b,1,1b
AB693851,1,1b,1,1b,1,1b,1,1b,1,1b
AB693852,1,1b,1,1b,1,1b,1,1b,1,1b
AB693853,1,1b,1,1b,1,1b,1,1b,1,1b
AB693854,1,1b,1,1b,1,1b,1,1b,1,1b
AB693855,1,1b,1,1b,1,1b,1,1b,1,1b
AB693856,1,1b,1,1b,1,1b,1,1b,1,1b
AB693857,1,1b,1,1b,1,1b,1,1b,1,1b
AB693858,1,1b,1,1b,1,1b,1,1b,1,1b
AB693859,1,1b,1,1b,1,1b,1,1b,1,1b
AB693860,1,1b,1,1b,1,1b,1,1b,1,1b
AB693861,1,1b,1,1b,1,1b,1,1b,1,1b
AB693862,1,1b,1,1b,1,1b,1,1b,1,1b
AB693863,1,1b,1,1b,1,1b,1,1b,1,1b
AB693864,1,1b,1,1b,1,1b,1,1b,1,1b
AB693865,1,1b,1,1b,1,1b,1,1b,1,1b
AB693866,1,1b,1,1b,1,1b,1,1b,1,1b
AB693867,1,1b,1,1b,1,1b,1,1b,1,1b
AB693868,1,1b,1,1b,1,1b,1,1b,1,1b
AB693869,1,1b,1,1b,1,1b,1,1b,1,1b
AB693870,1,1b,1,1b,1,1b,1,1b,1,1b
AB693871,1,1b,1,1b,1,1b,1,1b,1,1b
AB693872,1,1b,1,1b,1,1b,1,1b,1,1b
AB709535,1,1b,1,1b,1,1b,1,1b,1,1b
AB709536,1,1b,1,1b,1,1b,1,1b,1,1b
AB709537,1,1b,1,1b,1,1b,1,1b,1,1b
AB709538,1,1b,1,1b,1,1b,1,1b,1,1b
AB709539,1,1b,1,1b,1,1b,1,1b,1,1b
AB709540,1,1b,1,1b,1,1b,1,1b,1,1b
AB709541,1,1b,1,1b,1,1b,1,1b,1,1b
AB709542,1,1b,1,1b,1,1b,1,1b,1,1b
AB709543,1,1b,1,1b,1,1b,1,1b,1,1b
AB709544,1,1b,1,1b,1,1b,1,1b,1,1b
AB709545,1,1b,1,1b,1,1b,1,1b,1,1b
AB709546,1,1b,1,1b,1,1b,1,1b,1,1b
AB709547,1,1b,1,1b,1,1b,1,1b,1,1b
AB709548,1,1b,1,1b,1,1b,1,1b,1,1b
AB709549,1,1b,1,1b,1,1b,1,1b,1,1b
AB709550,1,1b,1,1b,1,1b,1,1b,1,1b
AB709551,1,1b,1,1b,1,1b,1,1b,1,1b
AB709552,1,1b,1,1b,1,1b,1,1b,1,1b
AB709553,1,1b,1,1b,1,1b,1,1b,1,1b
AB709554,1,1b,1,1b,1,1b,1,1b,1,1b
AB709555,1,1b,1,1b,1,1b,1,1b,1,1b
AB709556,1,1b,1,1b,1,1b,1,1b,1,1b
AB709557,1,1b,1,1b,1,1b,1,1b,1,1b
AB709558,1,1b,1,1b,1,1b,1,1b,1,1b
AB709559,1,1b,1,1b,1,1b,1,1b,1,1b
AB709560,1,1b,1,1b,1,1b,1,1b,1,1b
AB709561,1,1b,1,1b,1,1b,1,1b,1,1b
AB709562,1,1b,1,1b,1,1b,1,1b,1,1b
AB709563,1,1b,1,1b,1,1b,1,1b,1,1b
AB709564,1,1b,1,1b,1,1b,1,1b,1,1b
AB709565,1,1b,1,1b,1,1b,1,1b,1,1b
AB709566,1,1b,1,1b,1,1b,1,1b,1,1b
AB709567,1,1b,1,1b,1,1b,1,1b,1,1b
AB709568,1,1b,1,1b,1,1b,1,1b,1,1b
AB709569,1,1b,1,1b,1,1b,1,1b,1,1b
AB709570,1,1b,1,1b,1,1b,1,1b,1,1b
AB709571,1,1b,1,1b,1,1b,1,1b,1,1b
AB709572,1,1b,1,1b,1,1b,1,1b,1,1b
AB709573,1,1b,1,1b,1,1b,1,1b,1,1b
AB709574,1,1b,1,1b,1,1b,1,1b,1,1b
AB709575,1,1b,1,1b,1,1b,1,1b,1,1b
AB709576,1,1b,1,1b,1,1b,1,1b,1,1b
AB709577,1,1b,1,1b,1,1b,1,1b,1,1b
AB709578,1,1b,1,1b,1,1b,1,1b,1,1b
AB709579,1,1b,1,1b,1,1b,1,1b,1,1b
AB709580,1,1b,1,1b,1,1b,1,1b,1,1b
AB709581,1,1b,1,1b,1,1b,1,1b,1,1b
AB709582,1,1b,1,1b,1,1b,1,1b,1,1b
AB709583,1,1b,1,1b,1,1b,1,1b,1,1b
AB709584,1,1b,1,1b,1,1b,1,1b,1,1b
AB709585,1,1b,1,1b,1,1b,1,1b,1,1b
AB709586,1,1b,1,1b,1,1b,1,1b,1,1b
AB709587,1,1b,1,1b,1,1b,1,1b,1,1b
AB709588,1,1b,1,1b,1,1b,1,1b,1,1b
AB709589,1,1b,1,1b,1,1b,1,1b,1,1b
AB709590,1,1b,1,1b,1,1b,1,1b,1,1b
AB709591,1,1b,1,1b,1,1b,1,1b,1,1b
AB709592,1,1b,1,1b,1,1b,1,1b,1,1b
AB709593,1,1b,1,1b,1,1b,1,1b,1,1b
AB709594,1,1b,1,1b,1,1b,1,1b,1,1b
AB709595,1,1b,1,1b,1,1b,1,1b,1,1b
AB709596,1,1b,1,1b,1,1b,1,1b,1,1b
AB709597,1,1b,1,1b,1,1b,1,1b,1,1b
AB709598,1,1b,1,1b,1,1b,1,1b,1,1b
AB709599,1,1b,1,1b,1,1b,1,1b,1,1b
AB709600,1,1b,1,1b,1,1b,1,1b,1,1b
AB709601,1,1b,1,1b,1,1b,1,1b,1,1b
AB709602,1,1b,1,1b,1,1b,1,1b,1,1b
AB709603,1,1b,1,1b,1,1b,1,1b,1,1b
AB709604,1,1b,1,1b,1,1b,1,1b,1,1b
AB709605,1,1b,1,1b,1,1b,1,1b,1,1b
AB709606,1,1b,1,1b,1,1b,1,1b,1,1b
AB709607,1,1b,1,1b,1,1b,1,1b,1,1b
AB709608,1,1b,1,1b,1,1b,1,1b,1,1b
AB709609,1,1b,1,1b,1,1b,1,1b,1,1b
AB709610,1,1b,1,1b,1,1b,1,1b,1,1b
AB709611,1,1b,1,1b,1,1b,1,1b,1,1b
AB709613,1,1b,1,1b,1,1b,1,1b,1,1b
AB709614,1,1b,1,1b,1,1b,1,1b,1,1b
AB709615,1,1b,1,1b,1,1b,1,1b,1,1b
AB709616,1,1b,1,1b,1,1b,1,1b,1,1b
AB709617,1,1b,1,1b,1,1b,1,1b,1,1b
AB709618,1,1b,1,1b,1,1b,1,1b,1,1b
AB709619,1,1b,1,1b,1,1b,1,1b,1,1b
AB709620,1,1b,1,1b,1,1b,1,1b,1,1b
AB709621,1,1b,1,1b,1,1b,1,1b,1,1b
AB709622,1,1b,1,1b,1,1b,1,1b,1,1b
AB709623,1,1b,1,1b,1,1b,1,1b,1,1b
AB709624,1,1b,1,1b,1,1b,1,1b,1,1b
AB709625,1,1b,1,1b,1,1b,1,1b,1,1b
AB709626,1,1b,1,1b,1,1b,1,1b,1,1b
AB709627,1,1b,1,1b,1,1b,1,1b,1,1b
AB709628,1,1b,1,1b,1,1b,1,1b,1,1b
AB709629,1,1b,1,1b,1,1b,1,1b,1,1b
AB709630,1,1b,1,1b,1,1b,1,1b,1,1b
AB709631,1,1b,1,1b,1,1b,1,1b,1,1b
AB709632,1,1b,1,1b,1,1b,1,1b,1,1b
AB709633,1,1b,1,1b,1,1b,1,1b,1,1b
AB709634,1,1b,1,1b,1,1b,1,1b,1,1b
AB709635,1,1b,1,1b,1,1b,1,1b,1,1b
AB709636,1,1b,1,1b,1,1b,1,1b,1,1b
AB709637,1,1b,1,1b,1,1b,1,1b,1,1b
AB709638,1,1b,1,1b,1,1b,1,1b,1,1b
AB709639,1,1b,1,1b,1,1b,1,1b,1,1b
AB709640,1,1b,1,1b,1,1b,1,1b,1,1b
AB709641,1,1b,1,1b,1,1b,1,1b,1,1b
AB709642,1,1b,1,1b,1,1b,1,1b,1,1b
AB709643,1,1b,1,1b,1,1b,1,1b,1,1b
AB709644,1,1b,1,1b,1,1b,1,1b,1,1b
AB709645,1,1b,1,1b,1,1b,1,1b,1,1b
AB709646,1,1b,1,1b,1,1b,1,1b,1,1b
AB709647,1,1b,1,1b,1,1b,1,1b,1,1b
AB709648,1,1b,1,1b,1,1b,1,1b,1,1b
AB709649,1,1b,1,1b,1,1b,1,1b,1,1b
AB709650,1,1b,1,1b,1,1b,1,1b,1,1b
AB709651,1,1b,1,1b,1,1b,1,1b,1,1b
AB709652,1,1b,1,1b,1,1b,1,1b,1,1b
AB709653,1,1b,1,1b,1,1b,1,1b,1,1b
AB709654,1,1b,1,1b,1,1b,1,1b,1,1b
AB709655,1,1b,1,1b,1,1b,1,1b,1,1b
AB709656,1,1b,1,1b,1,1b,1,1b,1,1b
AB709657,1,1b,1,1b,1,1b,1,1b,1,1b
AB709658,1,1b,1,1b,1,1b,1,1b,1,1b
AB709659,1,1b,1,1b,1,1b,1,1b,1,1b
AB709660,1,1b,1,1b,1,1b,1,1b,1,1b
AB709661,1,1b,1,1b,1,1b,1,1b,1,1b
AB709662,1,1b,1,1b,1,1b,1,1b,1,1b
AB709663,1,1b,1,1b,1,1b,1,1b,1,1b
AB709664,1,1b,1,1b,1,1b,1,1b,1,1b
AB709665,1,1b,1,1b,1,1b,1,1b,1,1b
AB709666,1,1b,1,1b,1,1b,1,1b,1,1b
AB709667,1,1b,1,1b,1,1b,1,1b,1,1b
AB709668,1,1b,1,1b,1,1b,1,1b,1,1b
AB709669,1,1b,1,1b,1,1b,1,1b,1,1b
AB709670,1,1b,1,1b,1,1b,1,1b,1,1b
AB709671,1,1b,1,1b,1,1b,1,1b,1,1b
AB709672,1,1b,1,1b,1,1b,1,1b,1,1b
AB709674,1,1b,1,1b,1,1b,1,1b,1,1b
AB709675,1,1b,1,1b,1,1b,1,1b,1,1b
AB709676,1,1b,1,1b,1,1b,1,1b,1,1b
AB709677,1,1b,1,1b,1,1b,1,1b,1,1b
AB709678,1,1b,1,1b,1,1b,1,1b,1,1b
AB709679,1,1b,1,1b,1,1b,1,1b,1,1b
AB709680,1,1b,1,1b,1,1b,1,1b,1,1b
AB709681,1,1b,1,1b,1,1b,1,1b,1,1b
AB709682,1,1b,1,1b,1,1b,1,1b,1,1b
AB709683,1,1b,1,1b,1,1b,1,1b,1,1b
AB709684,1,1b,1,1b,1,1b,1,1b,1,1b
AB709685,1,1b,1,1b,1,1b,1,1b,1,1b
AB709686,1,1b,1,1b,1,1b,1,1b,1,1b
AB709687,1,1b,1,1b,1,1b,1,1b,1,1b
AB709688,1,1b,1,1b,1,1b,1,1b,1,1b
AB709689,1,1b,1,1b,1,1b,1,1b,1,1b
AB709690,1,1b,1,1b,1,1b,1,1b,1,1b
AB709691,1,1b,1,1b,1,1b,1,1b,1,1b
AB709692,1,1b,1,1b,1,1b,1,1b,1,1b
AB709693,1,1b,1,1b,1,1b,1,1b,1,1b
AB709694,1,1b,1,1b,1,1b,1,1b,1,1b
AB709695,1,1b,1,1b,1,1b,1,1b,1,1b
AB709696,1,1b,1,1b,1,1b,1,1b,1,1b
AB709697,1,1b,1,1b,1,1b,1,1b,1,1b
AB709698,1,1b,1,1b,1,1b,1,1b,1,1b
AB709699,1,1b,1,1b,1,1b,1,1b,1,1b
AB709700,1,1b,1,1b,1,1b,1,1b,1,1b
AB709701,1,1b,1,1b,1,1b,1,1b,1,1b
AB709702,1,1b,1,1b,1,1b,1,1b,1,1b
AB709703,1,1b,1,1b,1,1b,1,1b,1,1b
AB709704,1,1b,1,1b,1,1b,1,1b,1,1b
AB709705,1,1b,1,1b,1,1b,1,1b,1,1b
AB709706,1,1b,1,1b,1,1b,1,1b,1,1b
AB709707,1,1b,1,1b,1,1b,1,1b,1,1b
AB709708,1,1b,1,1b,1,1b,1,1b,1,1b
AB709709,1,1b,1,1b,1,1b,1,1b,1,1b
AB709710,1,1b,1,1b,1,1b,1,1b,1,1b
AB709711,1,1b,1,1b,1,1b,1,1b,1,1b
AB709712,1,1b,1,1b,1,1b,1,1b,1,1b
AB709713,1,1b,1,1b,1,1b,1,1b,1,1b
AB709714,1,1b,1,1b,1,1b,1,1b,1,1b
AB709715,1,1b,1,1b,1,1b,1,1b,1,1b
AB709716,1,1b,1,1b,1,1b,1,1b,1,1b
AB709717,1,1b,1,1b,1,1b,1,1b,1,1b
AB709718,1,1b,1,1b,1,1b,1,1b,1,1b
AB709719,1,1b,1,1b,1,1b,1,1b,1,1b
AB709720,1,1b,1,1b,1,1b,1,1b,1,1b
AB709721,1,1b,1,1b,1,1b,1,1b,1,1b
AB709722,1,1b,1,1b,1,1b,1,1b,1,1b
AB709723,1,1b,1,1b,1,1b,1,1b,1,1b
AB709724,1,1b,1,1b,1,1b,1,1b,1,1b
AB709725,1,1b,1,1b,1,1b,1,1b,1,1b
AB709726,1,1b,1,1b,1,1b,1,1b,1,1b
AB709727,1,1b,1,1b,1,1b,1,1b,1,1b
AB709728,1,1b,1,1b,1,1b,1,1b,1,1b
AB709729,1,1b,1,1b,1,1b,1,1b,1,1b
AB709730,1,1b,1,1b,1,1b,1,1b,1,1b
AB709731,1,1b,1,1b,1,1b,1,1b,1,1b
AB709732,1,1b,1,1b,1,1b,1,1b,1,1b
AB709733,1,1b,1,1b,1,1b,1,1b,1,1b
AB709734,1,1b,1,1b,1,1b,1,1b,1,1b
AB709735,1,1b,1,1b,1,1b,1,1b,1,1b
AB709736,1,1b,1,1b,1,1b,1,1b,1,1b
AB709737,1,1b,1,1b,1,1b,1,1b,1,1b
AB709738,1,1b,1,1b,1,1b,1,1b,1,1b
AB709739,1,1b,1,1b,1,1b,1,1b,1,1b
AB709740,1,1b,1,1b,1,1b,1,1b,1,1b
AB709741,1,1b,1,1b,1,1b,1,1b,1,1b
AB709742,1,1b,1,1b,1,1b,1,1b,1,1b
AB709743,1,1b,1,1b,1,1b,1,1b,1,1b
AB709744,1,1b,1,1b,1,1b,1,1b,1,1b
AB709745,1,1b,1,1b,1,1b,1,1b,1,1b
AB709746,1,1b,1,1b,1,1b,1,1b,1,1b
AB709747,1,1b,1,1b,1,1b,1,1b,1,1b
AB709748,1,1b,1,1b,1,1b,1,1b,1,1b
AB709749,1,1b,1,1b,1,1b,1,1b,1,1b
AB709750,1,1b,1,1b,1,1b,1,1b,1,1b
AB709751,1,1b,1,1b,1,1b,1,1b,1,1b
AB709752,1,1b,1,1b,1,1b,1,1b,1,1b
AB709753,1,1b,1,1b,1,1b,1,1b,1,1b
AB709754,1,1b,1,1b,1,1b,1,1b,1,1b
AB709755,1,1b,1,1b,1,1b,1,1b,1,1b
AB709756,1,1b,1,1b,1,1b,1,1b,1,1b
AB709757,1,1b,1,1b,1,1b,1,1b,1,1b
AB709758,1,1b,1,1b,1,1b,1,1b,1,1b
AB709759,1,1b,1,1b,1,1b,1,1b,1,1b
AB709760,1,1b,1,1b,1,1b,1,1b,1,1b
AB709761,1,1b,1,1b,1,1b,1,1b,1,1b
AB709762,1,1b,1,1b,1,1b,1,1b,1,1b
AB709763,1,1b,1,1b,1,1b,1,1b,1,1b
AB709764,1,1b,1,1b,1,1b,1,1b,1,1b
AB709765,1,1b,1,1b,1,1b,1,1b,1,1b
AB709766,1,1b,1,1b,1,1b,1,1b,1,1b
AB709767,1,1b,1,1b,1,1b,1,1b,1,1b
AB709768,1,1b,1,1b,1,1b,1,1b,1,1b
AB709769,1,1b,1,1b,1,1b,1,1b,1,1b
AB709770,1,1b,1,1b,1,1b,1,1b,1,1b
AB709771,1,1b,1,1b,1,1b,1,1b,1,1b
AB709772,1,1b,1,1b,1,1b,1,1b,1,1b
AB709773,1,1b,1,1b,1,1b,1,1b,1,1b
AB709774,1,1b,1,1b,1,1b,1,1b,1,1b
AB709775,1,1b,1,1b,1,1b,1,1b,1,1b
AB709777,1,1b,1,1b,1,1b,1,1b,1,1b
AB709778,1,1b,1,1b,1,1b,1,1b,1,1b
AB709779,1,1b,1,1b,1,1b,1,1b,1,1b
AB709780,1,1b,1,1b,1,1b,1,1b,1,1b
AB709781,1,1b,1,1b,1,1b,1,1b,1,1b
AB709782,1,1b,1,1b,1,1b,1,1b,1,1b
AB709783,1,1b,1,1b,1,1b,1,1b,1,1b
AB709784,1,1b,1,1b,1,1b,1,1b,1,1b
AB709785,1,1b,1,1b,1,1b,1,1b,1,1b
AB709786,1,1b,1,1b,1,1b,1,1b,1,1b
AB709787,1,1b,1,1b,1,1b,1,1b,1,1b
AB709788,1,1b,1,1b,1,1b,1,1b,1,1b
AB709789,1,1b,1,1b,1,1b,1,1b,1,1b
AB709790,1,1b,1,1b,1,1b,1,1b,1,1b
AB709791,1,1b,1,1b,1,1b,1,1b,1,1b
AB709792,1,1b,1,1b,1,1b,1,1b,1,1b
AB709793,1,1b,1,1b,1,1b,1,1b,1,1b
AB709794,1,1b,1,1b,1,1b,1,1b,1,1b
AB709795,1,1b,1,1b,1,1b,1,1b,1,1b
AB709796,1,1b,1,1b,1,1b,1,1b,1,1b
AB709797,1,1b,1,1b,1,1b,1,1b,1,1b
AB709798,1,1b,1,1b,1,1b,1,1b,1,1b
AB709799,1,1b,1,1b,1,1b,1,1b,1,1b
AB709800,1,1b,1,1b,1,1b,1,1b,1,1b
AF033358,1,1b,1,1b,1,1b,1,1b,,
AF033359,1,1b,1,1b,1,1b,1,1b,,
AF033360,1,1b,1,1b,1,1b,1,1b,,
AF033361,1,1b,1,1b,1,1b,1,1b,,
AF033362,1,1b,1,1b,1,1b,1,1b,,
AF033364,1,1b,1,1b,1,1b,1,1b,,
AF033365,1,1b,1,1b,1,1b,1,1b,,
AF033366,1,1b,1,1b,1,1b,1,1b,,
AF033367,1,1b,1,1b,1,1b,1,1b,,
AF033368,1,1b,1,1b,1,1b,1,1b,,
AF033369,1,1b,1,1b,1,1b,1,1b,,
AF033370,1,1b,1,1b,1,1b,1,1b,,
AF033371,1,1b,1,1b,1,1b,1,1b,,
AF033372,1,1b,1,1b,1,1b,1,1b,,
AF033373,1,1b,1,1b,1,1b,1,1b,,
AF033376,1,1b,1,1b,1,1b,1,1b,,
AF064490,5,5a,5,5a,5,5a,5,5a,5,5a
AF165045,1,1b,1,1b,1,1b,1,1b,,
AF165046,1,1b,1,1b,1,1b,1,1b,,
AF165047,1,1b,1,1b,1,1b,1,1b,,
AF165048,1,1b,1,1b,1,1b,1,1b,,
AF165049,1,1b,1,1b,1,1b,1,1b,1,1b
AF165050,1,1b,1,1b,1,1b,1,1b,1,1b
AF165051,1,1b,1,1b,1,1b,1,1b,1,1b
AF165052,1,1b,1,1b,1,1b,1,1b,1,1b
AF165053,1,1b,1,1b,1,1b,1,1b,1,1b
AF165054,1,1b,1,1b,1,1b,1,1b,1,1b
AF165055,1,1b,1,1b,1,1b,1,1b,1,1b
AF165056,1,1b,1,1b,1,1b,1,1b,1,1b
AF165057,1,1b,1,1b,1,1b,1,1b,1,1b
AF165058,1,1b,1,1b,1,1b,1,1b,1,1b
AF165059,1,1b,1,1b,1,1b,1,1b,1,1b
AF165060,1,1b,1,1b,1,1b,1,1b,1,1b
AF165061,1,1b,1,1b,1,1b,1,1b,1,1b
AF165062,1,1b,1,1b,1,1b,1,1b,1,1b
AF165063,1,1b,1,1b,1,1b,1,1b,1,1b
AF165064,1,1b,1,1b,1,1b,1,1b,1,1b
AF169002,2,2a,2,2a,2,2a,2,2a,2,2a
AF169003,2,2a,2,2a,2,2a,2,2a,2,2a
AF169005,2,2a,2,2a,2,2a,2,2a,2,2a
AF207752,1,1b,1,1b,1,1b,1,1b,,
AF207753,1,1b,1,1b,1,1b,1,1b,,
AF207754,1,1b,1,1b,1,1b,1,1b,,
AF207755,1,1b,1,1b,1,1b,1,1b,,
AF207756,1,1b,1,1b,1,1b,1,1b,,
AF207757,1,1b,1,1b,1,1b,1,1b,,
AF207758,1,1b,1,1b,1,1b,1,1b,,
AF207759,1,1b,1,1b,1,1b,1,1b,,
AF207760,1,1b,1,1b,1,1b,1,1b,,
AF207761,1,1b,1,1b,1,1b,1,1b,,
AF207762,1,1b,1,1b,1,1b,1,1b,,
AF207763,1,1b,1,1b,1,1b,1,1b,,
AF207764,1,1b,1,1b,1,1b,1,1b,,
AF207765,1,1b,1,1b,1,1b,1,1b,,
AF207766,1,1b,1,1b,1,1b,1,1b,,
AF207767,1,1b,1,1b,1,1b,1,1b,,
AF207768,1,1b,1,1b,1,1b,1,1b,,
AF207769,1,1b,1,1b,1,1b,1,1b,,
AF207770,1,1b,1,1b,1,1b,1,1b,,
AF207771,1,1b,1,1b,1,1b,1,1b,,
AF207772,1,1b,1,1b,1,1b,1,1b,,
AF207773,1,1b,1,1b,1,1b,1,1b,,
AF207774,1,1b,1,1b,1,1b,1,1b,,
AF208024,1,1b,1,1b,1,1b,1,1b,,
AF320787,3,3a,3,3a,3,3a,3,3a,3,3a
AF320788,3,3a,3,3a,3,3a,3,3a,3,3a
AF320789,3,3a,3,3a,3,3a,3,3a,3,3a
AF320790,3,3a,3,3a,3,3a,3,3a,3,3a
AF320791,3,3a,3,3a,3,3a,3,3a,3,3a
AF320792,3,3a,3,3a,3,3a,3,3a,3,3a
AF320793,3,3a,3,3a,3,3a,3,3a,3,3a
AF320794,3,3a,3,3a,3,3a,3,3a,3,3a
AF320795,3,3a,3,3a,3,3a,3,3a,3,3a
AF320796,3,3a,3,3a,3,3a,3,3a,3,3a
AF320797,3,3a,3,3a,3,3a,3,3a,3,3a
AF320798,3,3a,3,3a,3,3a,3,3a,3,3a
AF320799,3,3a,3,3a,3,3a,3,3a,3,3a
AF320800,3,3a,3,3a,3,3a,3,3a,3,3a
AF320801,3,3a,3,3a,3,3a,3,3a,3,3a
AF320802,3,3a,3,3a,3,3a,3,3a,3,3a
AF320803,3,3a,3,3a,3,3a,3,3a,3,3a
AF320804,3,3a,3,3a,3,3a,3,3a,3,3a
AF320805,3,3a,3,3a,3,3a,3,3a,3,3a
AF320806,3,3a,3,3a,3,3a,3,3a,3,3a
AF320807,3,3a,3,3a,3,3a,3,3a,3,3a
AF320808,3,3a,3,3a,3,3a,3,3a,3,3a
AF320809,3,3a,3,3a,3,3a,3,3a,3,3a
AF320810,3,3a,3,3a,3,3a,3,3a,3,3a
AF320811,3,3a,3,3a,3,3a,3,3a,3,3a
AF320812,3,3a,3,3a,3,3a,3,3a,3,3a
AF320813,3,3a,3,3a,3,3a,3,3a,3,3a
AJ507156,1,1b,1,1b,1,1b,1,1b,,
AJ507157,1,1b,1,1b,1,1b,1,1b,,
AJ507158,1,1b,1,1b,1,1b,1,1b,,
AJ507159,1,1b,1,1b,1,1b,1,1b,,
AJ507160,1,1b,1,1b,1,1b,1,1b,,
AJ507161,1,1b,1,1b,1,1b,1,1b,,
AJ507162,1,1b,1,1b,1,1b,1,1b,,
AJ507163,1,1b,1,1b,1,1b,1,1b,,
AJ507164,1,1b,1,1b,1,1b,1,1b,,
AJ507165,1,1b,1,1b,1,1b,1,1b,,
AJ507166,1,1b,1,1b,1,1b,1,1b,,
AJ507167,1,1b,1,1b,1,1b,1,1b,,
AJ507168,1,1b,1,1b,1,1b,1,1b,,
AJ507169,1,1b,1,1b,1,1b,1,1b,,
AJ507170,1,1b,1,1b,1,1b,1,1b,,
AJ507171,1,1b,1,1b,1,1b,1,1b,,
AJ507172,1,1b,1,1b,1,1b,1,1b,,
AJ507173,1,1b,1,1b,1,1b,1,1b,,
AJ507174,1,1b,1,1b,1,1b,1,1b,,
AJ507175,1,1b,1,1b,1,1b,1,1b,,
AJ507176,1,1b,1,1b,1,1b,1,1b,,
AJ507177,1,1b,1,1b,1,1b,1,1b,,
AJ507178,1,1b,1,1b,1,1b,1,1b,,
AJ507179,1,1b,1,1b,1,1b,1,1b,,
AJ507180,1,1b,1,1b,1,1b,1,1b,,
AJ507181,1,1b,1,1b,1,1b,1,1b,,
AJ507182,1,1b,1,1b,1,1b,1,1b,,
AJ507183,1,1b,1,1b,1,1b,1,1b,,
AJ507184,1,1b,1,1b,1,1b,1,1b,,
AJ507185,1,1b,1,1b,1,1b,1,1b,,
AJ507186,1,1b,1,1b,1,1b,1,1b,,
AJ507187,1,1b,1,1b,1,1b,1,1b,,
AJ507188,1,1b,1,1b,1,1b,1,1b,,
AJ507189,1,1b,1,1b,1,1b,1,1b,,
AJ507190,1,1b,1,1b,1,1b,1,1b,,
AJ507191,1,1b,1,1b,1,1b,1,1b,,
AJ507192,1,1b,1,1b,1,1b,1,1b,,
AJ507193,1,1b,1,1b,1,1b,1,1b,,
AJ507194,1,1b,1,1b,1,1b,1,1b,,
AJ507195,1,1b,1,1b,1,1b,1,1b,,
AJ507196,1,1b,1,1b,1,1b,1,1b,,
AJ507197,1,1b,1,1b,1,1b,1,1b,,
AJ507198,1,1b,1,1b,1,1b,1,1b,,
AJ507199,1,1b,1,1b,1,1b,1,1b,,
AJ851228,1,1k,1,1d,1,1b,1,1b,,
AM600912,1,1a,1,1a,1,1a,1,1a,,
AM600913,1,1a,1,1a,1,1a,1,1a,,
AM600914,1,1a,1,1a,1,1a,1,1a,,
AM600915,1,1a,1,1a,1,1a,1,1a,,
AM600916,1,1a,1,1a,1,1a,1,1a,,
AM600917,1,1a,1,1a,1,1a,1,1a,,
AM600918,1,1a,1,1a,1,1a,1,1a,,
AM600919,1,1a,1,1a,1,1a,1,1a,,
AM600920,1,1a,1,1a,1,1a,1,1a,,
AM600921,1,1a,1,1a,1,1a,1,1a,,
AM600922,1,1a,1,1a,1,1a,1,1a,,
AM600923,1,1a,1,1a,1,1a,1,1a,,
AM600924,1,1a,1,1a,1,1a,1,1a,,
AM600925,1,1a,1,1a,1,1a,1,1a,,
AM600926,1,1a,1,1a,1,1a,1,1a,,
AM600927,1,1a,1,1a,1,1a,1,1a,,
AM600928,1,1a,1,1a,1,1a,1,1a,,
AM600929,1,1a,1,1a,1,1a,1,1a,,
AM600930,1,1a,1,1a,1,1a,1,1a,,
AM600931,1,1a,1,1a,1,1a,1,1a,,
AM600932,1,1a,1,1a,1,1a,1,1a,,
AM600933,1,1a,1,1a,1,1a,1,1a,,
AM600934,1,1a,1,1a,1,1a,1,1a,,
AM600935,1,1a,1,1a,1,1a,1,1a,,
AM600936,1,1a,1,1a,1,1a,1,1a,,
AM600937,1,1a,1,1a,1,1a,1,1a,,
AM600938,1,1a,1,1a,1,1a,1,1a,,
AM600939,1,1a,1,1a,1,1a,1,1a,,
AM600940,1,1a,1,1a,1,1a,1,1a,,
AM600941,1,1a,1,1a,1,1a,1,1a,,
AM600942,1,1a,1,1a,1,1a,1,1a,,
AM600943,1,1a,1,1a,1,1a,1,1a,,
AM600944,1,1a,1,1a,1,1a,1,1a,,
AM600945,1,1a,1,1a,1,1a,1,1a,,
AM600946,1,1a,1,1a,1,1a,1,1a,,
AM600947,1,1a,1,1a,1,1a,1,1a,,
AM600948,1,1a,1,1a,1,1a,1,1a,,
AM600949,1,1a,1,1a,1,1a,1,1a,,
AM600950,1,1a,1,1a,1,1a,1,1a,,
AM600951,1,1a,1,1a,1,1a,1,1a,,
AM600952,1,1a,1,1a,1,1a,1,1a,,
AM600953,1,1a,1,1a,1,1a,1,1a,,
AM600954,1,1a,1,1a,1,1a,1,1a,,
AM600955,1,1a,1,1a,1,1a,1,1a,,
AM600956,1,1a,1,1a,1,1a,1,1a,,
AM910652,1,1g,1,1g,1,1g,1,1g,,
AY051292,1,1c,1,1c,1,1c,1,1c,,
AY232730,2,2b,2,2b,2,2b,2,2b,2,2b
AY232731,2,2b,2,2b,2,2b,2,2b,2,2b
AY232732,2,2b,2,2b,2,2b,2,2b,2,2b
AY232733,2,2b,2,2b,2,2b,2,2b,2,2b
AY232734,2,2b,2,2b,2,2b,2,2b,2,2b
AY232735,2,2b,2,2b,2,2b,2,2b,2,2b
AY232736,2,2b,2,2b,2,2b,2,2b,2,2b
AY232737,2,2b,2,2b,2,2b,2,2b,2,2b
AY232738,2,2b,2,2b,2,2b,2,2b,2,2b
AY232739,2,2b,2,2b,2,2b,2,2b,2,2b
AY232740,2,2b,2,2b,2,2b,2,2b,2,2b
AY232741,2,2b,2,2b,2,2b,2,2b,2,2b
AY232742,2,2b,2,2b,2,2b,2,2b,2,2b
AY232743,2,2b,2,2b,2,2b,2,2b,2,2b
AY232744,2,2b,2,2b,2,2b,2,2b,2,2b
AY232745,2,2b,2,2b,2,2b,2,2b,2,2b
AY232746,2,2b,2,2b,2,2b,2,2b,2,2b
AY232747,2,2b,2,2b,2,2b,2,2b,2,2b
AY232748,2,2b,2,2b,2,2b,2,2b,2,2b
AY232749,2,2b,2,2b,2,2b,2,2b,2,2b
AY240965,1,1b,1,1b,1,1b,1,1b,1,1b
AY240966,1,1b,1,1b,1,1b,1,1b,1,1b
AY240967,1,1b,1,1b,1,1b,1,1b,1,1b
AY240968,1,1b,1,1b,1,1b,1,1b,1,1b
AY240969,1,1b,1,1b,1,1b,1,1b,1,1b
AY587844,1,1b,1,1b,1,1b,1,1b,1,1b
AY859526,6,6a,6,6a,6,6a,6,6a,6,6a
AY878650,6,6xj,6,6xj,6,6l,6,6l,6,6k
AY878651,6,6xj,6,6xj,6,6l,6,6l,6,6k
AY878652,6,6n,6,6n,6,6n,6,6n,6,6n
AY956463,1,1a,1,1a,1,1a,1,1a,,
AY956464,1,1a,1,1a,1,1a,1,1a,,
AY956465,1,1a,1,1a,1,1a,1,1a,,
AY956466,1,1a,1,1a,1,1a,1,1a,,
AY956467,3,3a,3,3a,3,3a,3,3a,,
AY956468,1,1a,1,1a,1,1a,1,1a,,
AY956469,1,1a,1,1a,1,1a,1,1a,,
GU451218,1,1b,1,1b,1,1b,1,1b,1,1b
GU451219,1,1b,1,1b,1,1b,1,1b,1,1b
GU451220,1,1b,1,1b,1,1b,1,1b,1,1b
GU451221,1,1b,1,1b,1,1b,1,1b,1,1b
GU451222,1,1b,1,1b,1,1b,1,1b,1,1b
GU451223,1,1b,1,1b,1,1b,1,1b,1,1b
GU451224,1,1b,1,1b,1,1b,1,1b,1,1b
HM042038,1,1a,1,1a,1,1a,1,1a,1,1a
HM042039,1,1a,1,1a,1,1a,1,1a,1,1a
HM042040,1,1a,1,1a,1,1a,1,1a,1,1a
HM042041,1,1a,1,1a,1,1a,1,1a,1,1a
HM042042,1,1a,1,1a,1,1a,1,1a,1,1a
HM042043,1,1a,1,1a,1,1a,1,1a,1,1a
HM042044,1,1a,1,1a,1,1a,1,1a,1,1a
HM042045,1,1a,1,1a,1,1a,1,1a,1,1a
HM042046,1,1a,1,1a,1,1a,1,1a,1,1a
HM042047,1,1a,1,1a,1,1a,1,1a,1,1a
HM042048,1,1a,1,1a,1,1a,1,1a,1,1a
HM042049,1,1a,1,1a,1,1a,1,1a,1,1a
HM042050,1,1b,1,1b,1,1b,1,1b,1,1b
HM042051,1,1b,1,1b,1,1b,1,1b,1,1b
HM042052,1,1b,1,1b,1,1b,1,1b,1,1b
HM042053,1,1b,1,1b,1,1b,1,1b,1,1b
HM042054,1,1b,1,1b,1,1b,1,1b,1,1b
HM042055,1,1b,1,1b,1,1b,1,1b,1,1b
HM042056,1,1b,1,1b,1,1b,1,1b,1,1b
HM042057,1,1b,1,1b,1,1b,1,1b,1,1b
HM042058,1,1b,1,1b,1,1b,1,1b,1,1b
HM042059,1,1b,1,1b,1,1b,1,1b,1,1b
HM042060,1,1b,1,1b,1,1b,1,1b,1,1b
HM042061,1,1b,1,1b,1,1b,1,1b,1,1b
HM042062,1,1b,1,1b,1,1b,1,1b,1,1b
HM042063,1,1b,1,1b,1,1b,1,1b,1,1b
HM042064,3,3a,3,3a,3,3a,3,3a,3,3a
HM042065,3,3a,3,3a,3,3a,3,3a,3,3a
HM042066,3,3a,3,3a,3,3a,3,3a,3,3a
HM042067,3,3a,3,3a,3,3a,3,3a,3,3a
HM042068,3,3a,3,3a,3,3a,3,3a,3,3a
HM042069,3,3a,3,3a,3,3a,3,3a,3,3a
HM042070,3,3a,3,3a,3,3a,3,3a,3,3a
HM042071,3,3a,3,3a,3,3a,3,3a,3,3a
HM042072,3,3a,3,3a,3,3a,3,3a,3,3a
HM042073,3,3a,3,3a,3,3a,3,3a,3,3a
HM042074,3,3a,3,3a,3,3a,3,3a,3,3a
HM042075,3,3a,3,3a,3,3a,3,3a,3,3a
HM042076,3,3a,3,3a,3,3a,3,3a,3,3a
HM042077,3,3a,3,3a,3,3a,3,3a,3,3a
HM042078,3,3a,3,3a,3,3a,3,3a,3,3a
HM042079,3,3a,3,3a,3,3a,3,3a,3,3a
HM042080,3,3a,3,3a,3,3a,3,3a,3,3a
HM042081,3,3a,3,3a,3,3a,3,3a,3,3a
HM042082,3,3b,3,3b,3,3b,3,3b,3,3b
HM042083,3,3b,3,3b,3,3b,3,3b,3,3b
HM042084,3,3b,3,3b,3,3b,3,3b,3,3b
HM042085,6,6f,6,6f,6,6f,6,6f,6,6f
HM042086,6,6f,6,6f,6,6f,6,6f,6,6f
HM042087,6,6f,6,6f,6,6f,6,6f,6,6f
HM042088,6,6f,6,6f,6,6f,6,6f,6,6f
HM042089,6,6f,6,6f,6,6f,6,6f,6,6f
HM042090,6,6f,6,6f,6,6f,6,6f,6,6f
HM042091,6,6f,6,6f,6,6f,6,6f,6,6f
HM042092,6,6f,6,6f,6,6f,6,6f,6,6f
HM042093,6,6f,6,6f,6,6f,6,6f,6,6f
HM042094,6,6f,6,6f,6,6f,6,6f,6,6f
HM042095,6,6f,6,6f,6,6f,6,6f,6,6f
HM042096,6,6f,6,6f,6,6f,6,6f,6,6f
HM746803,1,1a,1,1a,1,1a,1,1a,1,1a
HM746804,1,1a,1,1a,1,1a,1,1a,1,1a
HM746805,1,1a,1,1a,1,1a,1,1a,1,1a
HM746806,1,1a,1,1a,1,1a,1,1a,1,1a
HM746807,1,1a,1,1a,1,1a,1,1a,1,1a
HM746808,1,1a,1,1a,1,1a,1,1a,1,1a
HM746809,1,1a,1,1a,1,1a,1,1a,1,1a
HM746811,1,1a,1,1a,1,1a,1,1a,1,1a
HM746813,1,1a,1,1a,1,1a,1,1a,1,1a
HM746816,1,1a,1,1a,1,1a,1,1a,1,1a
HM746817,1,1a,1,1a,1,1a,1,1a,1,1a
HM746818,1,1b,1,1b,1,1b,1,1b,1,1b
HM746821,1,1b,1,1b,1,1b,1,1b,1,1b
HM746831,1,1b,1,1b,1,1b,1,1b,1,1b
HM746832,1,1b,1,1b,1,1b,1,1b,1,1b
HM746838,1,1b,1,1b,1,1b,1,1b,1,1b
HM746841,1,1b,1,1b,1,1b,1,1b,1,1b
HM777358,2,2j,2,2j,2,2j,2,2j,2,2j
HM777359,2,2j,2,2j,2,2j,2,2j,2,2j
HQ537007,1,1l,1,1k,1,1b,1,1b,,
HQ537008,4,4v,4,4v,4,4v,4,4v,4,
HQ537009,4,4v,4,4v,4,4v,4,4v,4,
HQ738645,3,3a,3,3a,3,3a,3,3a,3,3a
HQ850278,1,1a,1,1a,1,1a,1,1a,1,
HQ850279,1,1a,1,1a,1,1a,1,1a,1,
HQ850280,1,1a,1,1a,1,1a,1,1a,1,
HQ850281,1,1a,1,1a,1,1a,1,1a,1,
HQ850282,1,1a,1,1a,1,1a,1,1a,1,
HQ850283,1,1a,1,1a,1,1a,1,1a,1,
HQ850284,1,1a,1,1a,1,1a,1,1a,1,
HQ850285,1,1a,1,1a,1,1a,1,1a,1,
HQ850286,1,1a,1,1a,1,1a,1,1a,1,
HQ850287,1,1a,1,1a,1,1a,1,1a,1,
HQ850288,1,1a,1,1a,1,1a,1,1a,1,
HQ850289,1,1a,1,1a,1,1a,1,1a,1,
HQ850290,1,1a,1,1a,1,1a,1,1a,1,
HQ908282,1,1b,1,1b,1,1b,1,1b,1,1b
HQ908284,1,1b,1,1b,1,1b,1,1b,1,1b
HQ908285,1,1b,1,1b,1,1b,1,1b,1,1b
HQ908286,1,1b,1,1b,1,1b,1,1b,1,1b
HQ908287,1,1b,1,1b,1,1b,1,1b,1,1b
HQ908288,1,1b,1,1b,1,1b,1,1b,1,1b
HQ908289,1,1b,1,1b,1,1b,1,1b,1,1b
HQ908290,1,1b,1,1b,1,1b,1,1b,1,1b
HQ908291,1,1b,1,1b,1,1b,1,1b,1,1b
HQ908292,1,1b,1,1b,1,1b,1,1b,1,1b
HQ908293,1,1b,1,1b,1,1b,1,1b,1,1b
HQ908294,1,1b,1,1b,1,1b,1,1b,1,1b
HQ908295,1,1b,1,1b,1,1b,1,1b,1,1b
HQ908296,1,1b,1,1b,1,1b,1,1b,1,1b
HQ908297,1,1b,1,1b,1,1b,1,1b,1,1b
HQ908298,1,1b,1,1b,1,1b,1,1b,1,1b
HQ908299,1,1b,1,1b,1,1b,1,1b,1,1b
HQ908300,1,1b,1,1b,1,1b,1,1b,1,1b
HQ908301,1,1b,1,1b,1,1b,1,1b,1,1b
HQ908302,1,1b,1,1b,1,1b,1,1b,1,1b
HQ908303,1,1b,1,1b,1,1b,1,1b,1,1b
HQ908304,1,1b,1,1b,1,1b,1,1b,1,1b
HQ908305,1,1b,1,1b,1,1b,1,1b,1,1b
HQ908306,1,1b,1,1b,1,1b,1,1b,1,1b
HQ908308,1,1b,1,1b,1,1b,1,1b,1,1b
HQ908309,1,1b,1,1b,1,1b,1,1b,1,1b
HQ908310,1,1b,1,1b,1,1b,1,1b,1,1b
HQ908311,1,1b,1,1b,1,1b,1,1b,1,1b
HQ908312,1,1b,1,1b,1,1b,1,1b,1,1b
HQ908313,1,1b,1,1b,1,1b,1,1b,1,1b
HQ908314,1,1b,1,1b,1,1b,1,1b,1,1b
HQ908315,1,1b,1,1b,1,1b,1,1b,1,1b
HQ908316,1,1b,1,1b,1,1b,1,1b,1,1b
HQ908317,1,1b,1,1b,1,1b,1,1b,1,1b
HQ908318,1,1b,1,1b,1,1b,1,1b,1,1b
HQ908319,1,1b,1,1b,1,1b,1,1b,1,1b
HQ908320,1,1b,1,1b,1,1b,1,1b,1,1b
HQ908321,1,1b,1,1b,1,1b,1,1b,1,1b
HQ908322,1,1b,1,1b,1,1b,1,1b,1,1b
HQ908323,1,1b,1,1b,1,1b,1,1b,1,1b
HQ908324,1,1b,1,1b,1,1b,1,1b,1,1b
HQ908325,1,1b,1,1b,1,1b,1,1b,1,1b
HQ908326,1,1b,1,1b,1,1b,1,1b,1,1b
HQ908327,1,1b,1,1b,1,1b,1,1b,1,1b
HQ908329,1,1b,1,1b,1,1b,1,1b,1,1b
HQ908330,1,1b,1,1b,1,1b,1,1b,1,1b
HQ908331,1,1b,1,1b,1,1b,1,1b,1,1b
HQ908332,1,1b,1,1b,1,1b,1,1b,1,1b
HQ908333,1,1b,1,1b,1,1b,1,1b,1,1b
HQ908334,1,1b,1,1b,1,1b,1,1b,1,1b
HQ908335,1,1b,1,1b,1,1b,1,1b,1,1b
HQ908336,1,1b,1,1b,1,1b,1,1b,1,1b
HQ908337,1,1b,1,1b,1,1b,1,1b,1,1b
HQ908338,1,1b,1,1b,1,1b,1,1b,1,1b
HQ908339,1,1b,1,1b,1,1b,1,1b,1,1b
HQ908340,1,1b,1,1b,1,1b,1,1b,1,1b
HQ908341,1,1b,1,1b,1,1b,1,1b,1,1b
HQ908342,1,1b,1,1b,1,1b,1,1b,1,1b
HQ908343,1,1b,1,1b,1,1b,1,1b,1,1b
HQ908344,1,1b,1,1b,1,1b,1,1b,1,1b
HQ908345,1,1b,1,1b,1,1b,1,1b,1,1b
HQ908346,1,1b,1,1b,1,1b,1,1b,1,1b
HQ908347,1,1b,1,1b,1,1b,1,1b,1,1b
HQ908348,1,1b,1,1b,1,1b,1,1b,1,1b
HQ908349,1,1b,1,1b,1,1b,1,1b,1,1b
HQ908350,1,1b,1,1b,1,1b,1,1b,1,1b
HQ908351,1,1b,1,1b,1,1b,1,1b,1,1b
HQ908352,1,1b,1,1b,1,1b,1,1b,1,1b
HQ908353,1,1b,1,1b,1,1b,1,1b,1,1b
HQ908354,1,1b,1,1b,1,1b,1,1b,1,1b
HQ908355,1,1b,1,1b,1,1b,1,1b,1,1b
HQ908356,1,1b,1,1b,1,1b,1,1b,1,1b
HQ908357,1,1b,1,1b,1,1b,1,1b,1,1b
HQ908358,1,1b,1,1b,1,1b,1,1b,1,1b
HQ908359,1,1b,1,1b,1,1b,1,1b,1,1b
JF509175,3,3a,3,3a,3,3a,3,3a,3,3a
JF509176,3,3a,3,3a,3,3a,3,3a,3,3a
JF509177,3,3a,3,3a,3,3a,3,3a,3,3a
JF735111,2,2m,2,2m,2,2m,2,2m,2,2m
JF735112,2,2u,2,2u,2,2j,2,2a,2,
JF735114,2,2d,2,2d,2,2d,2,2d,2,2d
JF735115,2,2r,2,2r,2,2r,2,2r,2,2r
JF735116,2,2q,2,2q,2,2q,2,2j,2,
JF735117,2,2f,2,2d,2,2j,2,2j,2,
JF735118,2,2q,2,2q,2,2j,2,2k,2,
JF735119,2,2u,2,2u,2,2j,2,2a,2,
JF735120,2,2e,2,2e,2,2e,2,2e,2,2e
JF735121,3,3h,3,3h,3,3h,3,3h,3,3h
JF735122,3,3k,3,3k,3,3k,3,3k,3,3k
JF735123,3,3g,3,3g,3,3g,3,3g,3,3g
JF735126,3,3h,3,3h,3,3h,3,3h,3,3h
JF735127,4,4b,4,4b,4,4a,4,4k,4,
JF735132,4,4q,4,4q,4,4v,4,4v,4,
JF735133,4,4v,4,4v,4,4v,4,4v,4,4q
JF735134,4,4b,4,4b,4,4d,4,4k,4,
JF735135,4,4c,4,4c,4,4a,4,4a,4,
JF735136,4,4s,4,4s,4,4v,,"unassigned_1, 4v-4g",4,
JF735137,4,4a,4,4a,4,4a,4,4a,4,4a
JF735138,4,4b,4,4b,4,4a,4,4k,4,
JN714194,3,3a,3,3a,3,3a,3,3a,3,3a
JQ065709,3,3b,3,3b,3,3b,3,3b,3,3b
JQ717254,3,3a,3,3a,3,3a,3,3a,3,3a
JQ717255,3,3a,3,3a,3,3a,3,3a,3,3a
JQ717256,3,3a,3,3a,3,3a,3,3a,3,3a
JQ717257,3,3a,3,3a,3,3a,3,3a,3,3a
JQ717258,3,3a,3,3a,3,3a,3,3a,3,3a
JQ717259,3,3a,3,3a,3,3a,3,3a,3,3a
JQ717260,3,3a,3,3a,3,3a,3,3a,3,3a
PX290144,4,4f,4,4f,4,4f,4,4f,4,4f
PX376056,1,1l,1,1l,1,1l,1,1l,2,
PX386718,1,1a,1,1a,1,1a,1,1a,1,1a
PX386719,3,3a,3,3a,3,3a,3,3a,3,3a
PX386720,3,3a,3,3a,3,3a,3,3a,3,3a
PX386723,3,3a,3,3a,3,3a,3,3a,3,3a
PX386724,1,1a,1,1a,1,1a,1,1a,1,1a
PX386725,1,1b,1,1b,1,1b,1,1b,1,1b
PX386726,2,2b,2,2b,2,2b,2,2b,2,2b
PX386727,3,3a,3,3a,3,3a,3,3a,3,3a
PX386728,2,2b,2,2b,2,2b,2,2b,2,2b
PX386731,1,1b,1,1b,1,1b,1,1b,1,1b
PX386732,3,3a,3,3a,3,3a,3,3a,3,3a
PX386733,3,3a,3,3a,3,3a,3,3a,3,3a
PX386734,3,3a,3,3a,3,3a,3,3a,3,3a
PX386736,3,3a,3,3a,3,3a,3,3a,3,3a
PX386737,1,1a,1,1a,1,1a,1,1a,1,1a
PX386738,3,3a,3,3a,3,3a,3,3a,3,3a
PX386739,1,1a,1,1a,1,1a,1,1a,1,1a
PX386741,3,3a,3,3a,3,3a,3,3a,3,3a
PX386742,3,3a,3,3a,3,3a,3,3a,3,3a
PX386743,1,1b,1,1b,1,1b,1,1b,1,1b
PX386744,3,3a,3,3a,3,3a,3,3a,3,3a
PX386745,1,1a,1,1a,1,1a,1,1a,1,1a
PX386746,1,1b,1,1b,1,1b,1,1b,1,1b
PX386748,1,1a,1,1a,1,1a,1,1a,1,1a
PX386749,3,3a,3,3a,3,3a,3,3a,3,3a
PX386750,3,3a,3,3a,3,3a,3,3a,3,3a
PX386751,3,3a,3,3a,3,3a,3,3a,3,3a
PX386752,3,3a,3,3a,3,3a,3,3a,3,3a
PX386753,3,3a,3,3a,3,3a,3,3a,3,3a
PX386754,1,1a,1,1a,1,1a,1,1a,1,1a
PX386755,2,2b,2,2b,2,2b,2,2b,2,2b
PX386759,3,3a,3,3a,3,3a,3,3a,3,3a
PX386760,3,3a,3,3a,3,3a,3,3a,3,3a
PX386762,3,3a,3,3a,3,3a,3,3a,3,3a
PX386765,1,1a,1,1a,1,1a,1,1a,1,1a
PX386768,3,3a,3,3a,3,3a,3,3a,3,3a
PX386769,1,1a,1,1a,1,1a,1,1a,1,1a
PX386770,1,1a,1,1a,1,1a,1,1a,1,1a
PX386771,3,3a,3,3a,3,3a,3,3a,3,3a
PX386774,1,1a,1,1a,1,1a,1,1a,1,1a
PX386775,1,1a,1,1a,1,1a,1,1a,1,1a
PX386776,3,3a,3,3a,3,3a,3,3a,3,3a
PX386779,1,1a,1,1a,1,1a,1,1a,1,1a
PX386780,1,1a,1,1a,1,1a,1,1a,1,1a
PX386781,3,3a,3,3a,3,3a,3,3a,3,3a
PX386782,1,1a,1,1a,1,1a,1,1a,1,1a
PX386783,1,1c,1,1c,1,1c,1,1c,1,1c
PX386784,1,1a,1,1a,1,1a,1,1a,1,1a
PX386786,1,1a,1,1a,1,1a,1,1a,1,1a
PX386787,3,3a,3,3a,3,3a,3,3a,3,3a
PX386788,1,1a,1,1a,1,1a,1,1a,1,1a
PX386789,1,1a,1,1a,1,1a,1,1a,1,1a
PX386792,1,1a,1,1a,1,1a,1,1a,1,1a
PX386794,1,1a,1,1a,1,1a,1,1a,1,1a
PX386797,3,3a,3,3a,3,3a,3,3a,3,3a
PX386798,1,1a,1,1a,1,1a,1,1a,1,1a
PX386799,3,3a,3,3a,3,3a,3,3a,3,3a
PX386801,2,2b,2,2b,2,2b,2,2b,2,2b
PX386802,3,3a,3,3a,3,3a,3,3a,3,3a
PX386805,1,1a,1,1a,1,1a,1,1a,1,1a
PX386806,1,1a,1,1a,1,1a,1,1a,1,1a
PX386808,3,3a,3,3a,3,3a,3,3a,3,3a
PX386809,3,3a,3,3a,3,3a,3,3a,3,3a
PX386810,3,3a,3,3a,3,3a,3,3a,3,3a
PX386812,3,3a,3,3a,3,3a,3,3a,3,3a
PX386814,1,1a,1,1a,1,1a,1,1a,1,1a
PX386816,1,1a,1,1a,1,1a,1,1a,1,1a
PX386817,3,3a,3,3a,3,3a,3,3a,3,3a
PX386818,1,1a,1,1a,1,1a,1,1a,1,1a
PX386819,1,1a,1,1a,1,1a,1,1a,1,1a
PX386820,3,3a,3,3a,3,3a,3,3a,3,3a
PX386821,3,3a,3,3a,3,3a,3,3a,3,3a
PX386825,1,1a,1,1a,1,1a,1,1a,1,1a
PX386826,2,2b,2,2b,2,2b,2,2b,2,2b
PX386828,3,3a,3,3a,3,3a,3,3a,3,3a
PX386829,1,1a,1,1a,1,1a,1,1a,1,1a
PX386830,3,3a,3,3a,3,3a,3,3a,3,3a
PX386833,1,1a,1,1a,1,1a,1,1a,1,1a
PX386834,3,3a,3,3a,3,3a,3,3a,3,3a
PX386835,3,3a,3,3a,3,3a,3,3a,3,3a
PX386837,3,3a,3,3a,3,3a,3,3a,3,3a
PX386838,3,3a,3,3a,3,3a,3,3a,3,3a
PX386840,1,1a,1,1a,1,1a,1,1a,1,1a
PX386841,1,1a,1,1a,1,1a,1,1a,1,1a
PX386842,3,3a,3,3a,3,3a,3,3a,3,3a
PX386843,3,3a,3,3a,3,3a,3,3a,3,3a
PX386844,3,3a,3,3a,3,3a,3,3a,3,3a
PX386846,2,2b,2,2b,2,2b,2,2b,2,2b
PX386847,3,3a,3,3a,3,3a,3,3a,3,3a
PX386848,3,3a,3,3a,3,3a,3,3a,3,3a
PX386849,1,1a,1,1a,1,1a,1,1a,1,1a
PX386850,3,3a,3,3a,3,3a,3,3a,3,3a
PX386852,1,1a,1,1a,1,1a,1,1a,1,1a
PX386854,3,3a,3,3a,3,3a,3,3a,3,3a
PX386856,1,1a,1,1a,1,1a,1,1a,1,1a
PX386857,1,1b,1,1b,1,1b,1,1b,1,1b
PX386858,3,3a,3,3a,3,3a,3,3a,3,3a
PX386859,3,3a,3,3a,3,3a,3,3a,3,3a
PX386860,3,3a,3,3a,3,3a,3,3a,3,3a
PX386862,3,3a,3,3a,3,3a,3,3a,3,3a
PX386863,3,3a,3,3a,3,3a,3,3a,3,3a
PX386865,3,3a,3,3a,3,3a,3,3a,3,3a
PX386866,2,2b,2,2b,2,2b,2,2b,2,2b
PX386869,1,1a,1,1a,1,1a,1,1a,1,1a
PX386870,1,1a,1,1a,1,1a,1,1a,1,1a
PX386873,3,3a,3,3a,3,3a,3,3a,3,3a
PX386874,3,3a,3,3a,3,3a,3,3a,3,3a
PX386875,1,1a,1,1a,1,1a,1,1a,1,1a
PX386876,3,3a,3,3a,3,3a,3,3a,3,3a
PX386877,1,1a,1,1a,1,1a,1,1a,1,1a
PX386878,1,1a,1,1a,1,1a,1,1a,1,1a
PX386879,1,1a,1,1a,1,1a,1,1a,1,1a
PX386880,3,3a,3,3a,3,3a,3,3a,3,3a
PX386881,1,1a,1,1a,1,1a,1,1a,1,1a
PX386883,3,3a,3,3a,3,3a,3,3a,3,3a
PX386884,3,3a,3,3a,3,3a,3,3a,3,3a
PX386885,1,1b,1,1b,1,1b,1,1b,1,1b
PX386887,3,3a,3,3a,3,3a,3,3a,3,3a
PX386890,3,3a,3,3a,3,3a,3,3a,3,3a
PX386892,1,1b,1,1b,1,1b,1,1b,1,1b
PX386893,3,3a,3,3a,3,3a,3,3a,3,3a
PX386894,1,1a,1,1a,1,1a,1,1a,1,1a
PX386895,1,1a,1,1a,1,1a,1,1a,1,1a
PX386897,1,1a,1,1a,1,1a,1,1a,1,1a
PX386898,1,1a,1,1a,1,1a,1,1a,1,1a
PX386900,1,1a,1,1a,1,1a,1,1a,1,1a
PX386901,3,3a,3,3a,3,3a,3,3a,3,3a
PX386902,3,3a,3,3a,3,3a,3,3a,3,3a
PX386903,1,1a,1,1a,1,1a,1,1a,1,1a
PX386905,3,3a,3,3a,3,3a,3,3a,3,3a
PX386906,1,1a,1,1a,1,1a,1,1a,1,1a
PX386908,1,1a,1,1a,1,1a,1,1a,1,1a
PX386909,1,1a,1,1a,1,1a,1,1a,1,1a
PX386910,3,3a,3,3a,3,3a,3,3a,3,3a
PX386911,3,3a,3,3a,3,3a,3,3a,3,3a
PX386913,1,1a,1,1a,1,1a,1,1a,1,1a
PX386914,3,3a,3,3a,3,3a,3,3a,3,3a
PX386915,1,1a,1,1a,1,1a,1,1a,1,1a
PX386916,3,3a,3,3a,3,3a,3,3a,3,3a
PX386918,3,3a,3,3a,3,3a,3,3a,3,3a
PX386919,3,3a,3,3a,3,3a,3,3a,3,3a
PX386920,3,3a,3,3a,3,3a,3,3a,3,3a
PX386921,3,3a,3,3a,3,3a,3,3a,3,3a
PX386923,1,1a,1,1a,1,1a,1,1a,1,1a
PX386924,1,1a,1,1a,1,1a,1,1a,1,1a
PX386925,3,3a,3,3a,3,3a,3,3a,3,3a
PX386926,2,2q,2,2m,2,2j,2,2j,2,
PX386928,3,3a,3,3a,3,3a,3,3a,3,3a
PX386929,3,3a,3,3a,3,3a,3,3a,3,3a
PX386931,1,1a,1,1a,1,1a,1,1a,1,1a
PX386935,1,1a,1,1a,1,1a,1,1a,1,1a
PX386936,1,1a,1,1a,1,1a,1,1a,1,1a
PX386937,1,1b,1,1b,1,1b,1,1b,1,1b
PX386938,1,1a,1,1a,1,1a,1,1a,1,1a
PX386939,1,1a,1,1a,1,1a,1,1a,1,1a
PX386940,1,1b,1,1b,1,1b,1,1b,1,1b
PX386942,3,3a,3,3a,3,3a,3,3a,3,3a
PX386945,3,3a,3,3a,3,3a,3,3a,3,3a
PX386947,1,1a,1,1a,1,1a,1,1a,1,1a
PX386948,1,1a,1,1a,1,1a,1,1a,1,1a
PX386950,3,3a,3,3a,3,3a,3,3a,3,3a
PX386952,1,1a,1,1a,1,1a,1,1a,1,1a
PX386956,2,2b,2,2b,2,2b,2,2b,2,2b
PX386957,3,3a,3,3a,3,3a,3,3a,3,3a
PX386958,1,1a,1,1a,1,1a,1,1a,1,1a
PX386959,3,3a,3,3a,3,3a,3,3a,3,3a
PX386962,1,1l,1,1l,1,1l,1,1l,1,1l
PX386963,4,4v,4,4v,4,4v,4,4v,4,4v
PX386964,1,1l,1,1l,1,1l,1,1l,1,1l
PX386965,4,4b,4,4b,4,4b,4,4b,4,4b
PX386966,3,3b,3,3b,3,3b,3,3b,3,3b
PX386967,3,3b,3,3b,3,3b,3,3b,3,3b
PX386969,6,6a,6,6a,6,6a,6,6a,6,6a
PX386970,3,3h,3,3h,3,3h,3,3h,3,
PX386971,4,4c,4,4c,4,4c,4,4c,4,4c
PX386972,3,3h,3,3h,3,3h,3,3h,3,3h
PX386973,3,3b,3,3b,3,3b,3,3b,3,3b
PX386974,4,4r,4,4r,4,4r,4,4r,4,4r
PX386975,4,4c,4,4c,4,4c,4,4c,4,4c
PX386976,4,4r,4,4r,4,4r,4,4r,4,4r
PX386978,6,6a,6,6a,6,6a,6,6a,6,6a
PX386980,4,4t,4,4t,4,4t,4,4t,4,4t
PX386982,1,1g,1,1g,1,1g,1,1g,1,1g
PX386983,4,4v,4,4v,4,4v,4,4v,4,4v
PX386984,1,1l,1,1l,1,1l,1,1l,1,1l
PX386986,1,1e,1,1e,1,1e,1,1e,1,1e
PX386987,2,2b,2,2b,2,2b,2,2b,2,2b
PX386989,2,2b,2,2b,2,2b,2,2b,2,2b
PX386990,2,2b,2,2b,2,2b,2,2b,2,2b
PX386991,2,2c,2,2c,2,2c,2,2c,2,2c
PX386993,4,4f,4,4f,4,4f,4,4f,4,4f
PX386994,4,4a,4,4a,4,4a,4,4a,4,4c
PX386995,4,4a,4,4a,4,4a,4,4a,4,4c
PX386996,4,4d,4,4d,4,4d,4,4d,4,4d
PX386997,4,4d,4,4d,4,4d,4,4d,4,4d
PX386998,4,4d,4,4d,4,4d,4,4d,4,4d
PX387001,5,5a,5,5a,5,5a,5,5a,5,5a
PX387002,5,5a,5,5a,5,5a,5,5a,5,5a
PX387003,1,1a,1,1a,1,1a,1,1a,1,1a
PX387004,1,1a,1,1a,1,1a,1,1a,1,1a
PX387006,1,1b,1,1b,1,1b,1,1b,1,1b
PX387009,1,1a,1,1a,1,1a,1,1a,1,1a
PX387010,1,1a,1,1a,1,1a,1,1a,1,1a
PX387011,1,1a,1,1a,1,1a,1,1a,1,1a
PX387012,1,1a,1,1a,1,1a,1,1a,1,1a
PX387013,1,1a,1,1a,1,1a,1,1a,1,1a
PX387016,1,1a,1,1a,1,1a,1,1a,1,1a
PX387017,3,3a,3,3a,3,3a,3,3a,3,3a
PX387018,1,1a,1,1a,1,1a,1,1a,1,1a
PX387019,1,1a,1,1a,1,1a,1,1a,1,1a
PX387020,1,1a,1,1a,1,1a,1,1a,1,1a
PX387022,1,1a,1,1a,1,1a,1,1a,1,1a
PX387024,1,1a,1,1a,1,1a,1,1a,1,1a
PX387025,1,1a,1,1a,1,1a,1,1a,1,1a
PX387026,3,3a,3,3a,3,3a,3,3a,3,3a
PX387028,1,1a,1,1a,1,1a,1,1a,1,1a
PX387030,1,1a,1,1a,1,1a,1,1a,1,1a
PX387031,3,3a,3,3a,3,3a,3,3a,3,3a
PX387032,1,1a,1,1a,1,1a,1,1a,1,1a
PX387034,3,3a,3,3a,3,3a,3,3a,3,3a
PX387036,1,1b,1,1b,1,1b,1,1b,1,1b
PX387039,3,3a,3,3a,3,3a,3,3a,3,3a
PX387040,2,2b,2,2b,2,2b,2,2b,2,2b
PX446232,4,4f,4,4f,4,4f,4,4f,4,
PX459926,1,1e,1,1e,1,1e,1,1e,1,
PX468912,1,1a,1,1a,1,1a,1,1a,1,1a
PX468913,1,1a,1,1a,1,1a,1,1a,1,1a
PX468914,1,1a,1,1a,1,1a,1,1a,1,1a
PX468915,1,1a,1,1a,1,1a,1,1a,1,1a
PX468916,1,1a,1,1a,1,1a,1,1a,1,1a
PX468917,1,1a,1,1a,1,1a,1,1a,1,1a
PX468919,1,1b,1,1b,1,1b,1,1b,1,1b
PX468920,1,1b,1,1b,1,1b,1,1b,1,1b
PX468921,1,1b,1,1b,1,1b,1,1b,1,1b
PX468922,1,1b,1,1b,1,1b,1,1b,1,1b
PX468923,1,1b,1,1b,1,1b,1,1b,1,1b
PX468924,1,1a,1,1a,1,1a,1,1a,1,1b
PX468925,1,1a,1,1a,1,1a,1,1a,1,1b
PX468926,1,1b,1,1b,1,1b,1,1b,1,1b
PX468927,3,3a,3,3a,3,3a,3,3a,3,3a
PX468928,3,3a,3,3a,3,3a,3,3a,3,3a
PX468929,3,3a,3,3a,3,3a,3,3a,3,3a
PX468930,3,3a,3,3a,3,3a,3,3a,3,3a
PX468931,3,3a,3,3a,3,3a,3,3a,3,3a
PX468932,3,3a,3,3a,3,3a,3,3a,3,3a
PX468933,3,3a,3,3a,3,3a,3,3a,3,3a
EU155213,1,1a,1,1a,1,1a,1,1a,1,1a
EU155214,1,1a,1,1a,1,1a,1,1a,1,1a
EU155215,1,1a,1,1a,1,1a,1,1a,1,1a
EU155216,1,1a,1,1a,1,1a,1,1a,1,1a
EU155217,1,1b,1,1b,1,1b,1,1b,1,1b
EU155218,1,1b,1,1b,1,1b,1,1b,1,1b
EU155219,1,1b,1,1b,1,1b,1,1b,1,1b
EU155220,1,1b,1,1b,1,1b,1,1b,1,1b
EU155221,1,1b,1,1b,1,1b,1,1b,1,1b
EU155222,1,1b,1,1b,1,1b,1,1b,1,1b
EU155223,1,1b,1,1b,1,1b,1,1b,1,1b
EU155224,1,1b,1,1b,1,1b,1,1b,1,1b
EU155225,1,1b,1,1b,1,1b,1,1b,1,1b
EU155226,1,1b,1,1b,1,1b,1,1b,1,1b
EU155227,1,1b,1,1b,1,1b,1,1b,1,1b
EU155228,1,1b,1,1b,1,1b,1,1b,1,1b
EU155229,1,1b,1,1b,1,1b,1,1b,1,1b
EU155230,1,1b,1,1b,1,1b,1,1b,1,1b
EU155231,1,1b,1,1b,1,1b,1,1b,1,1b
EU155232,1,1b,1,1b,1,1b,1,1b,1,1b
EU155233,1,1a,1,1a,1,1a,1,1a,1,1a
EU155234,1,1b,1,1b,1,1b,1,1b,1,1b
EU155235,1,1b,1,1b,1,1b,1,1b,1,1b
EU155236,1,1a,1,1a,1,1a,1,1a,1,1a
EU155237,1,1a,1,1a,1,1a,1,1a,1,1a
EU155238,1,1a,1,1a,1,1a,1,1a,1,1a
EU155239,1,1a,1,1a,1,1a,1,1a,1,1a
EU155240,1,1a,1,1a,1,1a,1,1a,1,1a
EU155242,1,1a,1,1a,1,1a,1,1a,1,1a
EU155243,1,1a,1,1a,1,1a,1,1a,1,1a
EU155244,1,1a,1,1a,1,1a,1,1a,1,1a
EU155245,1,1a,1,1a,1,1a,1,1a,1,1a
EU155246,1,1a,1,1a,1,1a,1,1a,1,1a
EU155248,1,1a,1,1a,1,1a,1,1a,1,1a
EU155249,1,1a,1,1a,1,1a,1,1a,1,1a
EU155250,1,1a,1,1a,1,1a,1,1a,1,1a
EU155251,1,1a,1,1a,1,1a,1,1a,1,1a
EU155252,1,1a,1,1a,1,1a,1,1a,1,1a
EU155253,1,1b,1,1b,1,1b,1,1b,1,1b
EU155254,1,1b,1,1b,1,1b,1,1b,1,1b
EU155255,1,1b,1,1b,1,1b,1,1b,1,1b
EU155256,1,1b,1,1b,1,1b,1,1b,1,1b
EU155257,1,1b,1,1b,1,1b,1,1b,1,1b
EU155258,1,1b,1,1b,1,1b,1,1b,1,1b
EU155259,1,1b,1,1b,1,1b,1,1b,1,1b
EU155261,1,1b,1,1b,1,1b,1,1b,1,1b
EU155262,1,1b,1,1b,1,1b,1,1b,1,1b
EU155263,1,1b,1,1b,1,1b,1,1b,1,1b
EU155264,1,1b,1,1b,1,1b,1,1b,1,1b
EU155266,1,1a,1,1a,1,1a,1,1a,1,1a
EU155267,1,1a,1,1a,1,1a,1,1a,1,1a
EU155268,1,1a,1,1a,1,1a,1,1a,1,1a
EU155269,1,1a,1,1a,1,1a,1,1a,1,1a
EU155270,1,1a,1,1a,1,1a,1,1a,1,1a
EU155271,1,1a,1,1a,1,1a,1,1a,1,1a
EU155272,1,1a,1,1a,1,1a,1,1a,1,1a
EU155274,1,1a,1,1a,1,1a,1,1a,1,1a
EU155275,1,1a,1,1a,1,1a,1,1a,1,1a
EU155276,1,1a,1,1a,1,1a,1,1a,1,1a
EU155277,1,1a,1,1a,1,1a,1,1a,1,1a
EU155278,1,1a,1,1a,1,1a,1,1a,1,1a
EU155279,1,1b,1,1b,1,1b,1,1b,1,1b
EU155280,1,1b,1,1b,1,1b,1,1b,1,1b
EU155281,1,1b,1,1b,1,1b,1,1b,1,1b
EU155282,1,1a,1,1a,1,1a,1,1a,1,1a
EU155283,1,1a,1,1a,1,1a,1,1a,1,1a
EU155284,1,1a,1,1a,1,1a,1,1a,1,1a
EU155285,1,1a,1,1a,1,1a,1,1a,1,1a
EU155286,1,1a,1,1a,1,1a,1,1a,1,1a
EU155287,1,1a,1,1a,1,1a,1,1a,1,1a
EU155288,1,1a,1,1a,1,1a,1,1a,1,1a
EU155289,1,1a,1,1a,1,1a,1,1a,1,1a
EU155290,1,1a,1,1a,1,1a,1,1a,1,1a
EU155291,1,1a,1,1a,1,1a,1,1a,1,1a
EU155292,1,1a,1,1a,1,1a,1,1a,1,1a
EU155293,1,1a,1,1a,1,1a,1,1a,1,1a
EU155294,1,1a,1,1a,1,1a,1,1a,1,1a
EU155295,1,1a,1,1a,1,1a,1,1a,1,1a
EU155296,1,1a,1,1a,1,1a,1,1a,1,1a
EU155297,1,1a,1,1a,1,1a,1,1a,1,1a
EU155298,1,1a,1,1a,1,1a,1,1a,1,1a
EU155299,1,1a,1,1a,1,1a,1,1a,1,1a
EU155300,1,1b,1,1b,1,1b,1,1b,1,1b
EU155301,1,1b,1,1b,1,1b,1,1b,1,1b
EU155302,1,1b,1,1b,1,1b,1,1b,1,1b
EU155303,1,1b,1,1b,1,1b,1,1b,1,1b
EU155304,1,1b,1,1b,1,1b,1,1b,1,1b
EU155305,1,1b,1,1b,1,1b,1,1b,1,1b
EU155306,1,1b,1,1b,1,1b,1,1b,1,1b
EU155307,1,1b,1,1b,1,1b,1,1b,1,1b
EU155308,1,1b,1,1b,1,1b,1,1b,1,1b
EU155309,1,1a,1,1a,1,1a,1,1a,1,1a
EU155310,1,1a,1,1a,1,1a,1,1a,1,1a
EU155311,1,1a,1,1a,1,1a,1,1a,1,1a
EU155313,1,1a,1,1a,1,1a,1,1a,1,1a
EU155314,1,1a,1,1a,1,1a,1,1a,1,1a
EU155315,1,1b,1,1b,1,1b,1,1b,1,1b
EU155316,1,1b,1,1b,1,1b,1,1b,1,1b
EU155317,1,1b,1,1b,1,1b,1,1b,1,1b
EU155318,1,1b,1,1b,1,1b,1,1b,1,1b
EU155319,1,1a,1,1a,1,1a,1,1a,1,1a
EU155320,1,1a,1,1a,1,1a,1,1a,1,1a
EU155321,1,1a,1,1a,1,1a,1,1a,1,1a
EU155322,1,1a,1,1a,1,1a,1,1a,1,1a
EU155323,1,1a,1,1a,1,1a,1,1a,1,1a
EU155324,1,1b,1,1b,1,1b,1,1b,1,1b
EU155325,1,1b,1,1b,1,1b,1,1b,1,1b
EU155326,1,1b,1,1b,1,1b,1,1b,1,1b
EU155327,1,1b,1,1b,1,1b,1,1b,1,1b
EU155328,1,1b,1,1b,1,1b,1,1b,1,1b
EU155329,1,1b,1,1b,1,1b,1,1b,1,1b
EU155330,1,1b,1,1b,1,1b,1,1b,1,1b
EU155331,1,1b,1,1b,1,1b,1,1b,1,1b
EU155332,1,1b,1,1b,1,1b,1,1b,1,1b
EU155333,1,1b,1,1b,1,1b,1,1b,1,1b
EU155334,1,1b,1,1b,1,1b,1,1b,1,1b
EU155335,1,1b,1,1b,1,1b,1,1b,1,1b
EU155336,1,1b,1,1b,1,1b,1,1b,1,1b
EU155337,1,1b,1,1b,1,1b,1,1b,1,1b
EU155338,1,1a,1,1a,1,1a,1,1a,1,1a
EU155339,1,1a,1,1a,1,1a,1,1a,1,1a
EU155340,1,1a,1,1a,1,1a,1,1a,1,1a
EU155341,1,1a,1,1a,1,1a,1,1a,1,1a
EU155342,1,1a,1,1a,1,1a,1,1a,1,1a
EU155343,1,1a,1,1a,1,1a,1,1a,1,1a
EU155344,1,1a,1,1a,1,1a,1,1a,1,1a
EU155345,1,1a,1,1a,1,1a,1,1a,1,1a
EU155346,1,1a,1,1a,1,1a,1,1a,1,1a
EU155347,1,1a,1,1a,1,1a,1,1a,1,1a
EU155348,1,1a,1,1a,1,1a,1,1a,1,1a
EU155349,1,1a,1,1a,1,1a,1,1a,1,1a
EU155351,1,1a,1,1a,1,1a,1,1a,1,1a
EU155352,1,1a,1,1a,1,1a,1,1a,1,1a
EU155353,1,1a,1,1a,1,1a,1,1a,1,1a
EU155354,1,1a,1,1a,1,1a,1,1a,1,1a
EU155355,1,1a,1,1a,1,1a,1,1a,1,1a
EU155356,1,1b,1,1b,1,1b,1,1b,1,1b
EU155357,1,1b,1,1b,1,1b,1,1b,1,1b
EU155358,1,1b,1,1b,1,1b,1,1b,1,1b
EU155359,1,1b,1,1b,1,1b,1,1b,1,1b
EU155360,1,1b,1,1b,1,1b,1,1b,1,1b
EU155361,1,1b,1,1b,1,1b,1,1b,1,1b
EU155362,1,1b,1,1b,1,1b,1,1b,1,1b
EU155363,1,1b,1,1b,1,1b,1,1b,1,1b
EU155364,1,1b,1,1b,1,1b,1,1b,1,1b
EU155365,1,1b,1,1b,1,1b,1,1b,1,1b
EU155366,1,1b,1,1b,1,1b,1,1b,1,1b
EU155367,1,1b,1,1b,1,1b,1,1b,1,1b
EU155368,1,1b,1,1b,1,1b,1,1b,1,1b
EU155369,1,1b,1,1b,1,1b,1,1b,1,1b
EU155370,1,1b,1,1b,1,1b,1,1b,1,1b
EU155371,1,1b,1,1b,1,1b,1,1b,1,1b
EU155372,1,1b,1,1b,1,1b,1,1b,1,1b
EU155373,1,1b,1,1b,1,1b,1,1b,1,1b
EU155374,1,1b,1,1b,1,1b,1,1b,1,1b
EU155375,1,1b,1,1b,1,1b,1,1b,1,1b
EU155376,1,1b,1,1b,1,1b,1,1b,1,1b
EU155377,1,1b,1,1b,1,1b,1,1b,1,1b
EU155378,1,1a,1,1a,1,1a,1,1a,1,1a
EU155380,1,1a,1,1a,1,1a,1,1a,1,1a
EU155381,1,1b,1,1b,1,1b,1,1b,1,1b
EU155382,1,1b,1,1b,1,1b,1,1b,1,1b
EU158186,6,6v,6,6v,6,6v,6,6v,6,6v
EU234061,1,1b,1,1b,1,1b,1,1b,1,1b
EU234062,1,1b,1,1b,1,1b,1,1b,1,1b
EU234063,1,1a,1,1a,1,1a,1,1a,1,1a
EU234064,1,1a,1,1a,1,1a,1,1a,1,1a
EU234065,1,1a,1,1a,1,1a,1,1a,1,1a
EU239713,1,1a,1,1a,1,1a,1,1a,1,1a
EU239714,1,1b,1,1b,1,1b,1,1b,1,1b
EU239715,1,1a,1,1a,1,1a,1,1a,1,1a
EU239716,1,1a,1,1a,1,1a,1,1a,1,1a
EU246930,6,6a,6,6a,6,6a,6,6a,6,6a
EU246931,6,6e,6,6e,6,6e,6,6e,6,6e
EU246932,6,6e,6,6e,6,6e,6,6e,6,6e
EU246933,6,6l,6,6l,6,6l,6,6l,6,6l
EU246934,6,6o,6,6o,6,6o,6,6o,6,6o
EU246935,6,6i,6,6i,6,6i,6,6i,6,6i
EU246936,6,6f,6,6f,6,6f,6,6f,6,6f
EU246938,6,6n,6,6n,6,6n,6,6n,6,6n
EU246939,6,6t,6,6t,6,6t,6,6t,6,
EU250017,1,1a,1,1a,1,1a,1,1a,1,1a
EU255927,1,1a,1,1a,1,1a,1,1a,1,1a
EU255928,1,1a,1,1a,1,1a,1,1a,1,1a
EU255929,1,1a,1,1a,1,1a,1,1a,1,1a
EU255930,1,1a,1,1a,1,1a,1,1a,1,1a
EU255931,1,1a,1,1a,1,1a,1,1a,1,1a
EU255932,1,1a,1,1a,1,1a,1,1a,1,1a
EU255933,1,1a,1,1a,1,1a,1,1a,1,1a
EU255934,1,1a,1,1a,1,1a,1,1a,1,1a
EU255935,1,1a,1,1a,1,1a,1,1a,1,1a
EU255936,1,1a,1,1a,1,1a,1,1a,1,1a
EU255937,1,1a,1,1a,1,1a,1,1a,1,1a
EU255938,1,1a,1,1a,1,1a,1,1a,1,1a
EU255939,1,1a,1,1a,1,1a,1,1a,1,1a
EU255940,1,1a,1,1a,1,1a,1,1a,1,1a
EU255941,1,1a,1,1a,1,1a,1,1a,1,1a
EU255942,1,1a,1,1a,1,1a,1,1a,1,1a
EU255943,1,1a,1,1a,1,1a,1,1a,1,1a
EU255944,1,1a,1,1a,1,1a,1,1a,1,1a
EU255945,1,1a,1,1a,1,1a,1,1a,1,1a
EU255946,1,1a,1,1a,1,1a,1,1a,1,1a
EU255947,1,1a,1,1a,1,1a,1,1a,1,1a
EU255948,1,1a,1,1a,1,1a,1,1a,1,1a
EU255949,1,1a,1,1a,1,1a,1,1a,1,1a
EU255950,1,1a,1,1a,1,1a,1,1a,1,1a
EU255951,1,1a,1,1a,1,1a,1,1a,1,1a
EU255952,1,1a,1,1a,1,1a,1,1a,1,1a
EU255953,1,1a,1,1a,1,1a,1,1a,1,1a
EU255954,1,1a,1,1a,1,1a,1,1a,1,1a
EU255955,1,1a,1,1a,1,1a,1,1a,1,1a
EU255956,1,1a,1,1a,1,1a,1,1a,1,1a
EU255957,1,1a,1,1a,1,1a,1,1a,1,1a
EU255958,1,1a,1,1a,1,1a,1,1a,1,1a
EU255960,1,1b,1,1b,1,1b,1,1b,1,1b
EU255962,1,1b,1,1b,1,1b,1,1b,1,1b
EU255963,1,1a,1,1a,1,1a,1,1a,1,1a
EU255964,1,1a,1,1a,1,1a,1,1a,1,1a
EU255965,1,1a,1,1a,1,1a,1,1a,1,1a
EU255966,1,1a,1,1a,1,1a,1,1a,1,1a
EU255968,1,1a,1,1a,1,1a,1,1a,1,1a
EU255969,1,1a,1,1a,1,1a,1,1a,1,1a
EU255970,1,1a,1,1a,1,1a,1,1a,1,1a
EU255971,1,1a,1,1a,1,1a,1,1a,1,1a
EU255973,1,1a,1,1a,1,1a,1,1a,1,1a
EU255974,1,1a,1,1a,1,1a,1,1a,1,1a
EU255975,1,1a,1,1a,1,1a,1,1a,1,1a
EU255976,1,1a,1,1a,1,1a,1,1a,1,1a
EU255977,1,1a,1,1a,1,1a,1,1a,1,1a
EU255978,1,1a,1,1a,1,1a,1,1a,1,1a
EU255979,1,1a,1,1a,1,1a,1,1a,1,1a
EU255980,1,1a,1,1a,1,1a,1,1a,1,1a
EU255981,1,1a,1,1a,1,1a,1,1a,1,1a
EU255982,1,1a,1,1a,1,1a,1,1a,1,1a
EU255983,1,1a,1,1a,1,1a,1,1a,1,1a
EU255984,1,1a,1,1a,1,1a,1,1a,1,1a
EU255985,1,1a,1,1a,1,1a,1,1a,1,1a
EU255986,1,1a,1,1a,1,1a,1,1a,1,1a
EU255987,1,1a,1,1a,1,1a,1,1a,1,1a
EU255988,1,1a,1,1a,1,1a,1,1a,1,1a
EU255989,1,1a,1,1a,1,1a,1,1a,1,1a
EU255990,1,1a,1,1a,1,1a,1,1a,1,1a
EU255991,1,1a,1,1a,1,1a,1,1a,1,1a
EU255992,1,1a,1,1a,1,1a,1,1a,1,1a
EU255993,1,1a,1,1a,1,1a,1,1a,1,1a
EU255994,1,1a,1,1a,1,1a,1,1a,1,1a
EU255995,1,1a,1,1a,1,1a,1,1a,1,1a
EU255996,1,1a,1,1a,1,1a,1,1a,1,1a
EU255997,1,1a,1,1a,1,1a,1,1a,1,1a
EU255998,1,1a,1,1a,1,1a,1,1a,1,1a
EU255999,1,1a,1,1a,1,1a,1,1a,1,1a
EU256000,1,1b,1,1b,1,1b,1,1b,1,1b
EU256001,1,1b,1,1b,1,1b,1,1b,1,1b
EU256002,1,1a,1,1a,1,1a,1,1a,1,1a
EU256003,1,1a,1,1a,1,1a,1,1a,1,1a
EU256004,1,1a,1,1a,1,1a,1,1a,1,1a
EU256005,1,1a,1,1a,1,1a,1,1a,1,1a
EU256006,1,1a,1,1a,1,1a,1,1a,1,1a
EU256007,1,1a,1,1a,1,1a,1,1a,1,1a
EU256008,1,1a,1,1a,1,1a,1,1a,1,1a
EU256009,1,1a,1,1a,1,1a,1,1a,1,1a
EU256010,1,1a,1,1a,1,1a,1,1a,1,1a
EU256011,1,1a,1,1a,1,1a,1,1a,1,1a
EU256012,1,1a,1,1a,1,1a,1,1a,1,1a
EU256013,1,1a,1,1a,1,1a,1,1a,1,1a
EU256014,1,1a,1,1a,1,1a,1,1a,1,1a
EU256015,1,1a,1,1a,1,1a,1,1a,1,1a
EU256016,1,1a,1,1a,1,1a,1,1a,1,1a
EU256017,1,1a,1,1a,1,1a,1,1a,1,1a
EU256018,1,1a,1,1a,1,1a,1,1a,1,1a
EU256019,1,1a,1,1a,1,1a,1,1a,1,1a
EU256020,1,1a,1,1a,1,1a,1,1a,1,1a
EU256021,1,1a,1,1a,1,1a,1,1a,1,1a
EU256022,1,1a,1,1a,1,1a,1,1a,1,1a
EU256023,1,1a,1,1a,1,1a,1,1a,1,1a
EU256024,1,1a,1,1a,1,1a,1,1a,1,1a
EU256025,1,1a,1,1a,1,1a,1,1a,1,1a
EU256026,1,1a,1,1a,1,1a,1,1a,1,1a
EU256027,1,1a,1,1a,1,1a,1,1a,1,1a
EU256028,1,1a,1,1a,1,1a,1,1a,1,1a
EU256029,1,1a,1,1a,1,1a,1,1a,1,1a
EU256030,1,1a,1,1a,1,1a,1,1a,1,1a
EU256031,1,1a,1,1a,1,1a,1,1a,1,1a
EU256032,1,1a,1,1a,1,1a,1,1a,1,1a
EU256033,1,1a,1,1a,1,1a,1,1a,1,1a
EU256034,1,1a,1,1a,1,1a,1,1a,1,1a
EU256035,1,1a,1,1a,1,1a,1,1a,1,1a
EU256036,1,1a,1,1a,1,1a,1,1a,1,1a
EU256037,1,1a,1,1a,1,1a,1,1a,1,1a
EU256038,1,1a,1,1a,1,1a,1,1a,1,1a
EU256039,1,1a,1,1a,1,1a,1,1a,1,1a
EU256040,1,1a,1,1a,1,1a,1,1a,1,1a
EU256041,1,1a,1,1a,1,1a,1,1a,1,1a
EU256043,1,1a,1,1a,1,1a,1,1a,1,1a
EU256044,1,1a,1,1a,1,1a,1,1a,1,1a
EU256046,1,1a,1,1a,1,1a,1,1a,1,1a
EU256047,1,1a,1,1a,1,1a,1,1a,1,1a
EU256048,1,1a,1,1a,1,1a,1,1a,1,1a
EU256049,1,1a,1,1a,1,1a,1,1a,1,1a
EU256050,1,1a,1,1a,1,1a,1,1a,1,1a
EU256051,1,1a,1,1a,1,1a,1,1a,1,1a
EU256052,1,1a,1,1a,1,1a,1,1a,1,1a
EU256053,1,1a,1,1a,1,1a,1,1a,1,1a
EU256054,1,1b,1,1b,1,1b,1,1b,1,1b
EU256057,1,1a,1,1a,1,1a,1,1a,1,1a
EU256058,1,1a,1,1a,1,1a,1,1a,1,1a
EU256059,1,1b,1,1b,1,1b,1,1b,1,1b
EU256060,1,1a,1,1a,1,1a,1,1a,1,1a
EU256061,1,1b,1,1b,1,1b,1,1b,1,1b
EU256062,1,1b,1,1b,1,1b,1,1b,1,1b
EU256064,1,1b,1,1b,1,1b,1,1b,1,1b
EU256065,1,1b,1,1b,1,1b,1,1b,1,1b
EU256066,1,1b,1,1b,1,1b,1,1b,1,1b
EU256067,1,1a,1,1a,1,1a,1,1a,1,1a
EU256068,1,1a,1,1a,1,1a,1,1a,1,1a
EU256069,1,1a,1,1a,1,1a,1,1a,1,1a
EU256070,1,1a,1,1a,1,1a,1,1a,1,1a
EU256071,1,1a,1,1a,1,1a,1,1a,1,1a
EU256072,1,1a,1,1a,1,1a,1,1a,1,1a
EU256074,1,1a,1,1a,1,1a,1,1a,1,1a
EU256075,1,1b,1,1b,1,1b,1,1b,1,1b
EU256076,1,1b,1,1b,1,1b,1,1b,1,1b
EU256077,1,1b,1,1b,1,1b,1,1b,1,1b
EU256078,1,1b,1,1b,1,1b,1,1b,1,1b
EU256079,1,1b,1,1b,1,1b,1,1b,1,1b
EU256080,1,1b,1,1b,1,1b,1,1b,1,1b
EU256081,1,1b,1,1b,1,1b,1,1b,1,1b
EU256082,1,1b,1,1b,1,1b,1,1b,1,1b
EU256083,1,1b,1,1b,1,1b,1,1b,1,1b
EU256084,1,1b,1,1b,1,1b,1,1b,1,1b
EU256085,1,1b,1,1b,1,1b,1,1b,1,1b
EU256087,1,1a,1,1a,1,1a,1,1a,1,1a
EU256088,1,1b,1,1b,1,1b,1,1b,1,1b
EU256089,1,1b,1,1b,1,1b,1,1b,1,1b
EU256090,1,1b,1,1b,1,1b,1,1b,1,1b
EU256091,1,1b,1,1b,1,1b,1,1b,1,1b
EU256092,1,1b,1,1b,1,1b,1,1b,1,1b
EU256094,1,1a,1,1a,1,1a,1,1a,1,1a
EU256095,1,1a,1,1a,1,1a,1,1a,1,1a
EU256096,1,1a,1,1a,1,1a,1,1a,1,1a
EU256097,1,1a,1,1a,1,1a,1,1a,1,1a
EU256098,1,1b,1,1b,1,1b,1,1b,1,1b
EU256099,1,1b,1,1b,1,1b,1,1b,1,1b
EU256100,1,1b,1,1b,1,1b,1,1b,1,1b
EU256101,1,1b,1,1b,1,1b,1,1b,1,1b
EU256102,1,1b,1,1b,1,1b,1,1b,1,1b
EU256103,1,1b,1,1b,1,1b,1,1b,1,1b
EU256104,1,1a,1,1a,1,1a,1,1a,1,1a
EU256105,1,1a,1,1a,1,1a,1,1a,1,1a
EU256106,1,1a,1,1a,1,1a,1,1a,1,1a
EU256107,1,1a,1,1a,1,1a,1,1a,1,1a
EU260395,1,1a,1,1a,1,1a,1,1a,1,1a
EU260396,1,1a,1,1a,1,1a,1,1a,1,1a
EU392169,4,4f,4,4f,4,4f,4,4f,4,4f
EU392170,4,4f,4,4f,4,4f,4,4f,4,4f
EU392171,4,4k,4,4k,4,4k,4,4k,4,4k
EU392172,4,4d,4,4d,4,4d,4,4d,4,4d
EU392173,4,4k,4,4k,4,4k,4,4k,4,4k
EU392174,4,4f,4,4f,4,4f,4,4f,4,4f
EU392175,4,4f,4,4f,4,4f,4,4f,4,4f
EU408326,6,6e,6,6e,6,6e,6,6e,6,6e
EU408327,6,6o,6,6o,6,6o,6,6o,6,6o
EU408328,6,6r,6,6r,6,6r,6,6r,6,6r
EU408329,6,6s,6,6s,6,6s,6,6s,6,6s
EU408330,6,6xa,6,6xa,6,6xa,6,6xa,6,6u
EU408331,1,1d,6,6xa,6,6xa,6,6xa,6,6u
EU408332,1,1d,6,6xa,6,6xa,6,6xa,6,6u
EU482831,1,1a,1,1a,1,1a,1,1a,1,1a
EU482832,1,1a,1,1a,1,1a,1,1a,1,1a
EU482833,1,1b,1,1b,1,1b,1,1b,1,1b
EU482834,1,1a,1,1a,1,1a,1,1a,1,1a
EU482835,1,1a,1,1a,1,1a,1,1a,1,1a
EU482836,1,1a,1,1a,1,1a,1,1a,1,1a
EU482837,1,1a,1,1a,1,1a,1,1a,1,1a
EU482838,1,1a,1,1a,1,1a,1,1a,1,1a
EU482839,1,1b,1,1b,1,1b,1,1b,1,1b
EU482840,1,1a,1,1a,1,1a,1,1a,1,1a
EU482841,1,1a,1,1a,1,1a,1,1a,1,1a
EU482842,1,1a,1,1a,1,1a,1,1a,1,1a
EU482843,1,1a,1,1a,1,1a,1,1a,1,1a
EU482844,1,1a,1,1a,1,1a,1,1a,1,1a
EU482845,1,1a,1,1a,1,1a,1,1a,1,1a
EU482846,1,1a,1,1a,1,1a,1,1a,1,1a
EU482847,1,1a,1,1a,1,1a,1,1a,1,1a
EU482848,1,1a,1,1a,1,1a,1,1a,1,1a
EU482849,1,1b,1,1b,1,1b,1,1b,1,1b
EU482850,1,1a,1,1a,1,1a,1,1a,1,1a
EU482852,1,1a,1,1a,1,1a,1,1a,1,1a
EU482853,1,1a,1,1a,1,1a,1,1a,1,1a
EU482854,1,1a,1,1a,1,1a,1,1a,1,1a
EU482855,1,1a,1,1a,1,1a,1,1a,1,1a
EU482856,1,1a,1,1a,1,1a,1,1a,1,1a
EU482857,1,1a,1,1a,1,1a,1,1a,1,1a
EU482858,1,1a,1,1a,1,1a,1,1a,1,1a
EU482859,1,1b,1,1b,1,1b,1,1b,1,1b
EU482860,1,1b,1,1b,1,1b,1,1b,1,1b
EU482861,1,1a,1,1a,1,1a,1,1a,1,1a
EU482862,1,1a,1,1a,1,1a,1,1a,1,1a
EU482863,1,1a,1,1a,1,1a,1,1a,1,1a
EU482864,1,1a,1,1a,1,1a,1,1a,1,1a
EU482865,1,1a,1,1a,1,1a,1,1a,1,1a
EU482866,1,1a,1,1a,1,1a,1,1a,1,1a
EU482867,1,1a,1,1a,1,1a,1,1a,1,1a
EU482868,1,1a,1,1a,1,1a,1,1a,1,1a
EU482869,1,1a,1,1a,1,1a,1,1a,1,1a
EU482870,1,1a,1,1a,1,1a,1,1a,1,1a
EU482871,1,1a,1,1a,1,1a,1,1a,1,1a
EU482872,1,1a,1,1a,1,1a,1,1a,1,1a
EU482873,1,1a,1,1a,1,1a,1,1a,1,1a
EU482874,1,1b,1,1b,1,1b,1,1b,1,1b
EU482875,1,1b,1,1b,1,1b,1,1b,1,1b
EU482876,1,1a,1,1a,1,1a,1,1a,1,1a
EU482877,1,1b,1,1b,1,1b,1,1b,1,1b
EU482878,1,1a,1,1a,1,1a,1,1a,1,1a
EU482880,1,1b,1,1b,1,1b,1,1b,1,1b
EU482881,1,1b,1,1b,1,1b,1,1b,1,1b
EU482882,1,1a,1,1a,1,1a,1,1a,1,1a
EU482883,1,1b,1,1b,1,1b,1,1b,1,1b
EU482884,1,1a,1,1a,1,1a,1,1a,1,1a
EU482885,1,1b,1,1b,1,1b,1,1b,1,1b
EU482886,1,1b,1,1b,1,1b,1,1b,1,1b
EU482888,1,1b,1,1b,1,1b,1,1b,1,1b
EU529676,1,1a,1,1a,1,1a,1,1a,1,1a
EU529677,1,1a,1,1a,1,1a,1,1a,1,1a
EU529678,1,1a,1,1a,1,1a,1,1a,1,1a
EU529679,1,1a,1,1a,1,1a,1,1a,1,1a
EU529680,1,1a,1,1a,1,1a,1,1a,1,1a
EU529681,1,1a,1,1a,1,1a,1,1a,1,1a
EU529682,1,1b,1,1b,1,1b,1,1b,1,1b
EU569722,1,1a,1,1a,1,1a,1,1a,1,1a
EU569723,1,1a,1,1a,1,1a,1,1a,1,1a
EU595697,1,1a,1,1a,1,1a,1,1a,1,1a
EU595698,1,1a,1,1a,1,1a,1,1a,1,1a
EU595699,1,1a,1,1a,1,1a,1,1a,1,1a
EU643834,6,6w,6,6w,6,6w,6,6w,,
EU643836,6,6w,6,6w,6,6w,6,6w,,
EU660383,1,1a,1,1a,1,1a,1,1a,1,1a
EU660384,1,1a,1,1a,1,1a,1,1a,1,1a
EU660385,1,1a,1,1a,1,1a,1,1a,1,1a
EU781746,1,1a,1,1a,1,1a,1,1a,,
EU781747,1,1a,1,1a,1,1a,1,1a,,
EU781748,1,1a,1,1a,1,1a,1,1a,,
EU781749,1,1a,1,1a,1,1a,1,1a,,
EU781750,1,1a,1,1a,1,1a,1,1a,,
EU781751,1,1a,1,1a,1,1a,1,1a,,
EU781752,1,1a,1,1a,1,1a,1,1a,,
EU781753,1,1a,1,1a,1,1a,1,1a,,
EU781754,1,1a,1,1a,1,1a,1,1a,,
EU781755,1,1a,1,1a,1,1a,1,1a,,
EU781756,1,1a,1,1a,1,1a,1,1a,,
EU781757,1,1a,1,1a,1,1a,1,1a,,
EU781758,1,1a,1,1a,1,1a,1,1a,,
EU781759,1,1a,1,1a,1,1a,1,1a,,
EU781760,1,1a,1,1a,1,1a,1,1a,,
EU781761,1,1a,1,1a,1,1a,1,1a,,
EU781762,1,1a,1,1a,1,1a,1,1a,,
EU781763,1,1a,1,1a,1,1a,1,1a,,
EU781764,1,1a,1,1a,1,1a,1,1a,,
EU781765,1,1a,1,1a,1,1a,1,1a,,
EU781766,1,1a,1,1a,1,1a,1,1a,,
EU781767,1,1a,1,1a,1,1a,1,1a,,
EU781768,1,1a,1,1a,1,1a,1,1a,,
EU781769,1,1a,1,1a,1,1a,1,1a,,
EU781770,1,1a,1,1a,1,1a,1,1a,,
EU781771,1,1a,1,1a,1,1a,1,1a,,
EU781772,1,1a,1,1a,1,1a,1,1a,,
EU781773,1,1a,1,1a,1,1a,1,1a,,
EU781774,1,1a,1,1a,1,1a,1,1a,,
EU781775,1,1a,1,1a,1,1a,1,1a,,
EU781776,1,1a,1,1a,1,1a,1,1a,,
EU781777,1,1a,1,1a,1,1a,1,1a,,
EU781778,1,1a,1,1a,1,1a,1,1a,,
EU781779,1,1a,1,1a,1,1a,1,1a,,
EU781780,1,1a,1,1a,1,1a,1,1a,,
EU781781,1,1a,1,1a,1,1a,1,1a,,
EU781782,1,1a,1,1a,1,1a,1,1a,,
EU781783,1,1a,1,1a,1,1a,1,1a,,
EU781784,1,1a,1,1a,1,1a,1,1a,,
EU781785,1,1a,1,1a,1,1a,1,1a,,
EU781786,1,1a,1,1a,1,1a,1,1a,,
EU781787,1,1a,1,1a,1,1a,1,1a,,
EU781788,1,1a,1,1a,1,1a,1,1a,,
EU781789,1,1a,1,1a,1,1a,1,1a,,
EU781790,1,1a,1,1a,1,1a,1,1a,,
EU781791,1,1a,1,1a,1,1a,1,1a,,
EU781792,1,1a,1,1a,1,1a,1,1a,,
EU781793,1,1a,1,1a,1,1a,1,1a,,
EU781794,1,1a,1,1a,1,1a,1,1a,,
EU781795,1,1a,1,1a,1,1a,1,1a,,
EU781796,1,1a,1,1a,1,1a,1,1a,,
EU781797,1,1a,1,1a,1,1a,1,1a,,
EU781798,1,1a,1,1a,1,1a,1,1a,,
EU781799,1,1a,1,1a,1,1a,1,1a,,
EU781800,1,1a,1,1a,1,1a,1,1a,,
EU781801,1,1a,1,1a,1,1a,1,1a,,
EU781802,1,1a,1,1a,1,1a,1,1a,,
EU781803,1,1a,1,1a,1,1a,1,1a,,
EU781804,1,1a,1,1a,1,1a,1,1a,,
EU781805,1,1a,1,1a,1,1a,1,1a,,
EU781806,1,1a,1,1a,1,1a,1,1a,,
EU781807,1,1a,1,1a,1,1a,1,1a,,
EU781808,1,1a,1,1a,1,1a,1,1a,,
EU781809,1,1a,1,1a,1,1a,1,1a,,
EU781810,1,1a,1,1a,1,1a,1,1a,,
EU781811,1,1a,1,1a,1,1a,1,1a,,
EU781812,1,1a,1,1a,1,1a,1,1a,,
EU781813,1,1a,1,1a,1,1a,1,1a,,
EU781814,1,1a,1,1a,1,1a,1,1a,,
EU781815,1,1a,1,1a,1,1a,1,1a,,
EU781816,1,1a,1,1a,1,1a,1,1a,,
EU781817,1,1a,1,1a,1,1a,1,1a,,
EU781818,1,1a,1,1a,1,1a,1,1a,,
EU781819,1,1a,1,1a,1,1a,1,1a,,
EU781820,1,1a,1,1a,1,1a,1,1a,,
EU781821,1,1a,1,1a,1,1a,1,1a,,
EU781822,1,1a,1,1a,1,1a,1,1a,,
EU781823,1,1a,1,1a,1,1a,1,1a,,
EU781824,1,1a,1,1a,1,1a,1,1a,,
EU781825,1,1b,1,1b,1,1b,1,1b,,
EU781826,1,1b,1,1b,1,1b,1,1b,,
EU781827,1,1b,1,1b,1,1b,1,1b,,
EU781828,1,1b,1,1b,1,1b,1,1b,,
EU781829,1,1b,1,1b,1,1b,1,1b,,
EU781830,1,1b,1,1b,1,1b,1,1b,,
EU781831,1,1b,1,1b,1,1b,1,1b,,
EU781832,1,1b,1,1b,1,1b,1,1b,,
EU798761,6,6v,6,6v,6,6v,6,6v,6,6v
EU826174,3,3a,3,3a,3,3a,3,3a,3,
EU826175,3,3a,3,3a,3,3a,3,3a,3,
EU826176,3,3a,3,3a,3,3a,3,3a,3,
EU826177,3,3a,3,3a,3,3a,3,3a,3,
EU826178,3,3a,3,3a,3,3a,3,3a,3,
EU826179,3,3a,3,3a,3,3a,3,3a,3,
EU826180,3,3a,3,3a,3,3a,3,3a,3,
EU826181,3,3a,3,3a,3,3a,3,3a,3,
EU826182,3,3a,3,3a,3,3a,3,3a,3,
EU826183,3,3a,3,3a,3,3a,3,3a,3,
EU826184,3,3a,3,3a,3,3a,3,3a,3,
EU826185,3,3a,3,3a,3,3a,3,3a,3,
EU826186,3,3a,3,3a,3,3a,3,3a,3,
EU826187,3,3a,3,3a,3,3a,3,3a,3,
EU826188,3,3a,3,3a,3,3a,3,3a,3,
EU826189,3,3a,3,3a,3,3a,3,3a,3,
EU826190,3,3a,3,3a,3,3a,3,3a,3,
EU826191,3,3a,3,3a,3,3a,3,3a,3,
EU826192,3,3a,3,3a,3,3a,3,3a,3,
EU826193,3,3a,3,3a,3,3a,3,3a,3,
EU826194,3,3a,3,3a,3,3a,3,3a,3,
EU826195,3,3a,3,3a,3,3a,3,3a,3,
EU826196,3,3a,3,3a,3,3a,3,3a,3,
EU826197,3,3a,3,3a,3,3a,3,3a,3,
EU826198,3,3a,3,3a,3,3a,3,3a,3,
EU826199,3,3a,3,3a,3,3a,3,3a,3,
EU826200,3,3a,3,3a,3,3a,3,3a,3,
EU826201,3,3a,3,3a,3,3a,3,3a,3,
EU826202,3,3a,3,3a,3,3a,3,3a,3,
EU826203,3,3a,3,3a,3,3a,3,3a,3,
EU826204,3,3a,3,3a,3,3a,3,3a,3,
EU826205,3,3a,3,3a,3,3a,3,3a,3,
EU826206,3,3a,3,3a,3,3a,3,3a,3,
EU826207,3,3a,3,3a,3,3a,3,3a,3,
EU826208,3,3a,3,3a,3,3a,3,3a,3,
EU826209,3,3a,3,3a,3,3a,3,3a,3,
EU826210,3,3a,3,3a,3,3a,3,3a,3,
EU826211,3,3a,3,3a,3,3a,3,3a,3,
EU826212,3,3a,3,3a,3,3a,3,3a,3,
EU826213,3,3a,3,3a,3,3a,3,3a,3,
EU826214,3,3a,3,3a,3,3a,3,3a,3,
EU826215,3,3a,3,3a,3,3a,3,3a,3,
EU826216,3,3a,3,3a,3,3a,3,3a,3,
EU826217,3,3a,3,3a,3,3a,3,3a,3,
EU826218,3,3a,3,3a,3,3a,3,3a,3,
EU826219,3,3a,3,3a,3,3a,3,3a,3,
EU826220,3,3a,3,3a,3,3a,3,3a,3,
EU826221,3,3a,3,3a,3,3a,3,3a,3,
EU826222,3,3a,3,3a,3,3a,3,3a,3,
EU826223,3,3a,3,3a,3,3a,3,3a,3,
EU826224,3,3a,3,3a,3,3a,3,3a,3,
EU826225,3,3a,3,3a,3,3a,3,3a,3,
EU826226,3,3a,3,3a,3,3a,3,3a,3,
EU826227,3,3a,3,3a,3,3a,3,3a,3,
EU826228,3,3a,3,3a,3,3a,3,3a,3,
EU826229,3,3a,3,3a,3,3a,3,3a,3,
EU826230,3,3a,3,3a,3,3a,3,3a,3,
EU826231,3,3a,3,3a,3,3a,3,3a,3,
EU826232,3,3a,3,3a,3,3a,3,3a,3,
EU826233,3,3a,3,3a,3,3a,3,3a,3,
EU826234,3,3a,3,3a,3,3a,3,3a,3,
EU826235,3,3a,3,3a,3,3a,3,3a,3,
EU826236,3,3a,3,3a,3,3a,3,3a,3,
EU826237,3,3a,3,3a,3,3a,3,3a,3,
EU826238,3,3a,3,3a,3,3a,3,3a,3,
EU826239,3,3a,3,3a,3,3a,3,3a,3,
EU826240,3,3a,3,3a,3,3a,3,3a,3,
EU826241,3,3a,3,3a,3,3a,3,3a,3,
EU826242,3,3a,3,3a,3,3a,3,3a,3,
EU826243,3,3a,3,3a,3,3a,3,3a,3,
EU826244,3,3a,3,3a,3,3a,3,3a,3,
EU826245,3,3a,3,3a,3,3a,3,3a,3,
EU826246,3,3a,3,3a,3,3a,3,3a,3,
EU826247,3,3a,3,3a,3,3a,3,3a,3,
EU826248,3,3a,3,3a,3,3a,3,3a,3,
EU826249,3,3a,3,3a,3,3a,3,3a,3,
EU826250,3,3a,3,3a,3,3a,3,3a,3,
EU826251,3,3a,3,3a,3,3a,3,3a,3,
EU826252,3,3a,3,3a,3,3a,3,3a,3,
EU826253,3,3a,3,3a,3,3a,3,3a,3,
EU826254,3,3a,3,3a,3,3a,3,3a,3,
EU826255,3,3a,3,3a,3,3a,3,3a,3,
EU826256,3,3a,3,3a,3,3a,3,3a,3,
EU826257,3,3a,3,3a,3,3a,3,3a,3,
EU826258,3,3a,3,3a,3,3a,3,3a,3,
EU826259,3,3a,3,3a,3,3a,3,3a,3,
EU826260,3,3a,3,3a,3,3a,3,3a,3,
EU826261,3,3a,3,3a,3,3a,3,3a,3,
EU826262,3,3a,3,3a,3,3a,3,3a,3,
EU826263,3,3a,3,3a,3,3a,3,3a,3,
EU826264,3,3a,3,3a,3,3a,3,3a,3,
EU826265,3,3a,3,3a,3,3a,3,3a,3,
EU826266,3,3a,3,3a,3,3a,3,3a,3,
EU826267,3,3a,3,3a,3,3a,3,3a,3,
EU826268,3,3a,3,3a,3,3a,3,3a,3,
EU826269,3,3a,3,3a,3,3a,3,3a,3,
EU826270,3,3a,3,3a,3,3a,3,3a,3,
EU826271,3,3a,3,3a,3,3a,3,3a,3,
EU826272,3,3a,3,3a,3,3a,3,3a,3,
EU826273,3,3a,3,3a,3,3a,3,3a,3,
EU826274,3,3a,3,3a,3,3a,3,3a,3,
EU826275,3,3a,3,3a,3,3a,3,3a,3,
EU826276,3,3a,3,3a,3,3a,3,3a,3,
EU826277,3,3a,3,3a,3,3a,3,3a,3,
EU826278,3,3a,3,3a,3,3a,3,3a,3,
EU826279,3,3a,3,3a,3,3a,3,3a,3,
EU826280,3,3a,3,3a,3,3a,3,3a,3,
EU826281,3,3a,3,3a,3,3a,3,3a,3,
EU826282,3,3a,3,3a,3,3a,3,3a,3,
EU826283,3,3a,3,3a,3,3a,3,3a,3,
EU826284,3,3a,3,3a,3,3a,3,3a,3,
EU826285,3,3a,3,3a,3,3a,3,3a,3,
EU826286,3,3a,3,3a,3,3a,3,3a,3,
EU826287,3,3a,3,3a,3,3a,3,3a,3,
EU826288,3,3a,3,3a,3,3a,3,3a,3,
EU826289,3,3a,3,3a,3,3a,3,3a,3,
EU826290,3,3a,3,3a,3,3a,3,3a,3,
EU826291,3,3a,3,3a,3,3a,3,3a,3,
EU826292,3,3a,3,3a,3,3a,3,3a,3,
EU826293,3,3a,3,3a,3,3a,3,3a,3,
EU826294,3,3a,3,3a,3,3a,3,3a,3,
EU826295,3,3a,3,3a,3,3a,3,3a,3,
EU826296,3,3a,3,3a,3,3a,3,3a,3,
EU826297,3,3a,3,3a,3,3a,3,3a,3,
EU826298,3,3a,3,3a,3,3a,3,3a,3,
EU826299,3,3a,3,3a,3,3a,3,3a,3,
EU826300,3,3a,3,3a,3,3a,3,3a,3,
EU826301,3,3a,3,3a,3,3a,3,3a,3,
EU826302,3,3a,3,3a,3,3a,3,3a,3,
EU826303,3,3a,3,3a,3,3a,3,3a,3,
EU826304,3,3a,3,3a,3,3a,3,3a,3,
EU826305,3,3a,3,3a,3,3a,3,3a,3,
EU826306,3,3a,3,3a,3,3a,3,3a,3,
EU826307,3,3a,3,3a,3,3a,3,3a,3,
EU826308,3,3a,3,3a,3,3a,3,3a,3,
EU826309,3,3a,3,3a,3,3a,3,3a,3,
EU826310,3,3a,3,3a,3,3a,3,3a,3,
EU826311,3,3a,3,3a,3,3a,3,3a,3,
EU826312,3,3a,3,3a,3,3a,3,3a,3,
EU826313,3,3a,3,3a,3,3a,3,3a,3,
EU826314,3,3a,3,3a,3,3a,3,3a,3,
EU826315,3,3a,3,3a,3,3a,3,3a,3,
EU826316,3,3a,3,3a,3,3a,3,3a,3,
EU826317,3,3a,3,3a,3,3a,3,3a,3,
EU826318,3,3a,3,3a,3,3a,3,3a,3,
EU826319,3,3a,3,3a,3,3a,3,3a,3,
EU826320,3,3a,3,3a,3,3a,3,3a,3,
EU826321,3,3a,3,3a,3,3a,3,3a,3,
EU826322,3,3a,3,3a,3,3a,3,3a,3,
EU826323,3,3a,3,3a,3,3a,3,3a,3,
EU826324,3,3a,3,3a,3,3a,3,3a,3,
EU826325,3,3a,3,3a,3,3a,3,3a,3,
EU826326,3,3a,3,3a,3,3a,3,3a,3,
EU826327,3,3a,3,3a,3,3a,3,3a,3,
EU826328,3,3a,3,3a,3,3a,3,3a,3,
EU826329,3,3a,3,3a,3,3a,3,3a,3,
EU826330,3,3a,3,3a,3,3a,3,3a,3,
EU826331,3,3a,3,3a,3,3a,3,3a,3,
EU826332,3,3a,3,3a,3,3a,3,3a,3,
EU826333,3,3a,3,3a,3,3a,3,3a,3,
EU826334,3,3a,3,3a,3,3a,3,3a,3,
EU826335,3,3a,3,3a,3,3a,3,3a,3,
EU826336,3,3a,3,3a,3,3a,3,3a,3,
EU826337,3,3a,3,3a,3,3a,3,3a,3,
EU826338,3,3a,3,3a,3,3a,3,3a,3,
EU826339,3,3a,3,3a,3,3a,3,3a,3,
EU826340,3,3a,3,3a,3,3a,3,3a,3,
EU826341,3,3a,3,3a,3,3a,3,3a,3,
EU826342,3,3a,3,3a,3,3a,3,3a,3,
EU826343,3,3a,3,3a,3,3a,3,3a,3,
EU826344,3,3a,3,3a,3,3a,3,3a,3,
EU826345,3,3a,3,3a,3,3a,3,3a,3,
EU826346,3,3a,3,3a,3,3a,3,3a,3,
EU826347,3,3a,3,3a,3,3a,3,3a,3,
EU826348,3,3a,3,3a,3,3a,3,3a,3,
EU826349,3,3a,3,3a,3,3a,3,3a,3,
EU826350,3,3a,3,3a,3,3a,3,3a,3,
EU826351,3,3a,3,3a,3,3a,3,3a,3,
EU826352,3,3a,3,3a,3,3a,3,3a,3,
EU934905,1,1a,1,1a,1,1a,1,1a,1,1a
FJ024274,1,1a,1,1a,1,1a,1,1a,1,1a
FJ024275,1,1a,1,1a,1,1a,1,1a,1,1a
FJ024276,1,1a,1,1a,1,1a,1,1a,1,1a
FJ024277,1,1b,1,1b,1,1b,1,1b,1,1b
FJ024278,1,1a,1,1a,1,1a,1,1a,1,1a
FJ024279,1,1b,1,1b,1,1b,1,1b,1,1b
FJ024280,1,1a,1,1a,1,1a,1,1a,1,1a
FJ024281,1,1a,1,1a,1,1a,1,1a,1,1a
FJ024282,1,1a,1,1a,1,1a,1,1a,1,1a
FJ025855,4,4w,4,4w,4,4w,4,4w,4,4b
FJ025856,4,4w,4,4w,4,4w,4,4w,4,4b
FJ407092,3,3i,3,3i,3,3i,3,3i,3,3i
FJ435090,6,6v,6,6v,6,6v,6,6v,6,6v
FJ462431,4,4p,4,4p,4,4p,4,4p,4,4p
FJ462432,4,4g,4,4g,4,4g,4,4g,4,4g
FJ462433,4,4m,4,4m,4,4m,4,4m,4,4m
FJ462434,4,4q,4,4q,4,4q,4,4q,4,4q
FJ462435,4,4b,4,4b,4,4b,4,4b,4,4b
FJ462436,4,4c,4,4c,4,4c,4,4c,4,4c
FJ462437,4,4d,4,4d,4,4d,,"unassigned_1, 4d-4o",4,4d
FJ462438,4,4k,4,4k,4,4k,4,4k,4,4k
FJ462439,4,4r,4,4r,4,4r,4,4r,4,4r
FJ462441,4,4n,4,4n,4,4n,4,4n,4,4n
FJ518798,1,1a,1,1a,1,1a,1,1a,1,1a
FJ518799,1,1a,1,1a,1,1a,1,1a,1,1a
FJ518800,1,1b,1,1b,1,1b,1,1b,1,1b
FJ518801,1,1a,1,1a,1,1a,1,1a,1,
FJ518802,1,1b,1,1b,1,1b,1,1b,1,1b
FJ839869,4,4t,4,4t,4,4t,4,4t,4,4t
FJ839870,4,4l,4,4l,4,4l,4,4l,4,4l
FJ896264,1,1a,1,1a,1,1a,1,1a,,
FJ896265,1,1a,1,1a,1,1a,1,1a,,
FJ896266,1,1a,1,1a,1,1a,1,1a,,
FJ896267,1,1a,1,1a,1,1a,1,1a,,
FJ896268,1,1a,1,1a,1,1a,1,1a,,
FJ896269,1,1a,1,1a,1,1a,1,1a,,
FJ896270,1,1a,1,1a,1,1a,1,1a,,
FJ896271,1,1a,1,1a,1,1a,1,1a,,
FJ896272,1,1a,1,1a,1,1a,1,1a,,
FJ896273,1,1a,1,1a,1,1a,1,1a,,
FJ896274,1,1a,1,1a,1,1a,1,1a,,
FJ896275,1,1a,1,1a,1,1a,1,1a,,
FJ896276,1,1a,1,1a,1,1a,1,1a,,
FJ896277,1,1a,1,1a,1,1a,1,1a,,
FJ896278,1,1a,1,1a,1,1a,1,1a,,
FJ896279,1,1a,1,1a,1,1a,1,1a,,
FJ896280,1,1a,1,1a,1,1a,1,1a,,
FJ896281,1,1a,1,1a,1,1a,1,1a,,
FJ896282,1,1a,1,1a,1,1a,1,1a,,
FJ896283,1,1a,1,1a,1,1a,1,1a,,
FJ896284,1,1a,1,1a,1,1a,1,1a,,
FJ896285,1,1a,1,1a,1,1a,1,1a,,
FJ896286,1,1a,1,1a,1,1a,1,1a,,
FJ896287,1,1a,1,1a,1,1a,1,1a,,
FJ896288,1,1a,1,1a,1,1a,1,1a,,
FJ896289,1,1a,1,1a,1,1a,1,1a,,
FJ896290,1,1a,1,1a,1,1a,1,1a,,
FJ896291,1,1a,1,1a,1,1a,1,1a,,
FJ896292,1,1a,1,1a,1,1a,1,1a,,
FJ896293,1,1a,1,1a,1,1a,1,1a,,
FJ896294,1,1a,1,1a,1,1a,1,1a,,
FJ896295,1,1a,1,1a,1,1a,1,1a,,
FJ896296,1,1a,1,1a,1,1a,1,1a,,
FJ896297,1,1a,1,1a,1,1a,1,1a,,
FJ896298,1,1a,1,1a,1,1a,1,1a,,
FJ896299,1,1a,1,1a,1,1a,1,1a,,
FJ896300,1,1a,1,1a,1,1a,1,1a,,
FJ896301,1,1a,1,1a,1,1a,1,1a,,
FJ896302,1,1a,1,1a,1,1a,1,1a,,
FJ896303,1,1a,1,1a,1,1a,1,1a,,
FJ896304,1,1a,1,1a,1,1a,1,1a,,
FJ896305,1,1a,1,1a,1,1a,1,1a,,
FJ896306,1,1a,1,1a,1,1a,1,1a,,
FJ896307,1,1a,1,1a,1,1a,1,1a,,
FJ896308,1,1a,1,1a,1,1a,1,1a,,
FJ896309,1,1a,1,1a,1,1a,1,1a,,
FJ896310,1,1a,1,1a,1,1a,1,1a,,
FJ896311,1,1a,1,1a,1,1a,1,1a,,
FJ896312,1,1a,1,1a,1,1a,1,1a,,
FJ896313,1,1a,1,1a,1,1a,1,1a,,
FJ896314,1,1a,1,1a,1,1a,1,1a,,
FJ896315,1,1a,1,1a,1,1a,1,1a,,
FJ896316,1,1a,1,1a,1,1a,1,1a,,
FJ896317,1,1a,1,1a,1,1a,1,1a,,
FJ896318,1,1a,1,1a,1,1a,1,1a,,
FJ896319,1,1a,1,1a,1,1a,1,1a,,
FJ896320,1,1a,1,1a,1,1a,1,1a,,
FJ896321,1,1a,1,1a,1,1a,1,1a,,
FJ896322,1,1a,1,1a,1,1a,1,1a,,
FJ896323,1,1a,1,1a,1,1a,1,1a,,
FJ896324,1,1a,1,1a,1,1a,1,1a,,
FJ896325,1,1a,1,1a,1,1a,1,1a,,
FJ896326,1,1a,1,1a,1,1a,1,1a,,
FJ896327,1,1a,1,1a,1,1a,1,1a,,
FJ896328,1,1a,1,1a,1,1a,1,1a,,
FJ896329,1,1a,1,1a,1,1a,1,1a,,
FJ896330,1,1a,1,1a,1,1a,1,1a,,
FJ896331,1,1a,1,1a,1,1a,1,1a,,
FJ896332,1,1a,1,1a,1,1a,1,1a,,
FJ896333,1,1a,1,1a,1,1a,1,1a,,
FJ896334,1,1a,1,1a,1,1a,1,1a,,
FJ896335,1,1a,1,1a,1,1a,1,1a,,
FJ896336,1,1a,1,1a,1,1a,1,1a,,
FJ896337,1,1a,1,1a,1,1a,1,1a,,
FJ896338,1,1a,1,1a,1,1a,1,1a,,
FJ896339,1,1a,1,1a,1,1a,1,1a,,
FJ896340,1,1a,1,1a,1,1a,1,1a,,
FJ896341,1,1a,1,1a,1,1a,1,1a,,
FJ896342,1,1a,1,1a,1,1a,1,1a,,
FJ896343,1,1a,1,1a,1,1a,1,1a,,
FJ896344,1,1a,1,1a,1,1a,1,1a,,
FJ896345,1,1a,1,1a,1,1a,1,1a,,
FJ896346,1,1a,1,1a,1,1a,1,1a,,
FJ896347,1,1a,1,1a,1,1a,1,1a,,
FJ896348,1,1a,1,1a,1,1a,1,1a,,
FJ896349,1,1a,1,1a,1,1a,1,1a,,
FJ896350,1,1a,1,1a,1,1a,1,1a,,
FJ896351,1,1a,1,1a,1,1a,1,1a,,
FJ896352,1,1a,1,1a,1,1a,1,1a,,
FJ896353,1,1a,1,1a,1,1a,1,1a,,
FJ896354,1,1a,1,1a,1,1a,1,1a,,
FJ896355,1,1a,1,1a,1,1a,1,1a,,
FJ896356,1,1a,1,1a,1,1a,1,1a,,
FJ896357,1,1a,1,1a,1,1a,1,1a,,
FJ896358,1,1a,1,1a,1,1a,1,1a,,
FJ896359,1,1a,1,1a,1,1a,1,1a,,
FJ896360,1,1a,1,1a,1,1a,1,1a,,
FJ896361,1,1a,1,1a,1,1a,1,1a,,
FJ896362,1,1a,1,1a,1,1a,1,1a,,
FJ896363,1,1a,1,1a,1,1a,1,1a,,
FJ896364,1,1a,1,1a,1,1a,1,1a,,
FJ896365,1,1a,1,1a,1,1a,1,1a,,
FJ896366,1,1a,1,1a,1,1a,1,1a,,
FJ896367,1,1a,1,1a,1,1a,1,1a,,
FJ896368,1,1a,1,1a,1,1a,1,1a,,
FJ896369,1,1a,1,1a,1,1a,1,1a,,
FJ896370,1,1a,1,1a,1,1a,1,1a,,
FJ931538,3,3a,3,3a,3,3a,3,3a,3,
FJ931539,3,3a,3,3a,3,3a,3,3a,3,
FJ931540,3,3a,3,3a,3,3a,3,3a,3,
FJ931541,3,3a,3,3a,3,3a,3,3a,3,
FJ931542,3,3a,3,3a,3,3a,3,3a,3,
FJ931543,3,3a,3,3a,3,3a,3,3a,3,
FJ931544,3,3a,3,3a,3,3a,3,3a,3,
FJ931545,3,3a,3,3a,3,3a,3,3a,3,
FJ931546,3,3a,3,3a,3,3a,3,3a,3,
FJ931547,3,3a,3,3a,3,3a,3,3a,3,
FJ931549,3,3a,3,3a,3,3a,3,3a,3,
FJ931551,3,3a,3,3a,3,3a,3,3a,3,
FJ931552,3,3a,3,3a,3,3a,3,3a,3,
FJ931553,3,3a,3,3a,3,3a,3,3a,3,
FJ931554,3,3a,3,3a,3,3a,3,3a,3,
FJ931556,3,3a,3,3a,3,3a,3,3a,3,
FJ931557,3,3a,3,3a,3,3a,3,3a,3,
FJ931558,3,3a,3,3a,3,3a,3,3a,3,
FJ931559,3,3a,3,3a,3,3a,3,3a,3,
FJ931560,3,3a,3,3a,3,3a,3,3a,3,
FJ931562,3,3a,3,3a,3,3a,3,3a,3,
FJ931563,3,3a,3,3a,3,3a,3,3a,3,
FJ931566,3,3a,3,3a,3,3a,3,3a,3,
FJ931568,3,3a,3,3a,3,3a,3,3a,3,
FJ931569,3,3a,3,3a,3,3a,3,3a,3,
FJ931571,3,3a,3,3a,3,3a,3,3a,3,
FJ931572,3,3a,3,3a,3,3a,3,3a,3,
FJ931573,3,3a,3,3a,3,3a,3,3a,3,
FJ931574,3,3a,3,3a,3,3a,3,3a,3,
FJ931575,3,3a,3,3a,3,3a,3,3a,3,
FJ931576,3,3a,3,3a,3,3a,3,3a,3,
FJ931577,3,3a,3,3a,3,3a,3,3a,3,
FJ931578,3,3a,3,3a,3,3a,3,3a,3,
FJ931579,3,3a,3,3a,3,3a,3,3a,3,
FJ931580,3,3a,3,3a,3,3a,3,3a,3,
FJ931581,3,3a,3,3a,3,3a,3,3a,3,
FJ931582,3,3a,3,3a,3,3a,3,3a,3,
FJ931583,3,3a,3,3a,3,3a,3,3a,3,
FJ931584,3,3a,3,3a,3,3a,3,3a,3,
FJ931585,3,3a,3,3a,3,3a,3,3a,3,
FJ931586,3,3a,3,3a,3,3a,3,3a,3,
FJ931587,3,3a,3,3a,3,3a,3,3a,3,
FJ931588,3,3a,3,3a,3,3a,3,3a,3,
FJ931589,3,3a,3,3a,3,3a,3,3a,3,
FJ931590,3,3a,3,3a,3,3a,3,3a,3,
FJ931591,3,3a,3,3a,3,3a,3,3a,3,
FJ931592,3,3a,3,3a,3,3a,3,3a,3,
FJ931593,3,3a,3,3a,3,3a,3,3a,3,
FJ931594,3,3a,3,3a,3,3a,3,3a,3,
FJ931595,3,3a,3,3a,3,3a,3,3a,3,
FJ931596,3,3a,3,3a,3,3a,3,3a,3,
FJ931597,3,3a,3,3a,3,3a,3,3a,3,
FJ931598,3,3a,3,3a,3,3a,3,3a,3,
FJ931599,3,3a,3,3a,3,3a,3,3a,3,
FJ931600,3,3a,3,3a,3,3a,3,3a,3,
FJ931601,3,3a,3,3a,3,3a,3,3a,3,
FJ931603,3,3a,3,3a,3,3a,3,3a,3,
FJ931604,3,3a,3,3a,3,3a,3,3a,3,
FJ931605,3,3a,3,3a,3,3a,3,3a,3,
FJ931606,3,3a,3,3a,3,3a,3,3a,3,
FJ931607,3,3a,3,3a,3,3a,3,3a,3,
FJ931608,3,3a,3,3a,3,3a,3,3a,3,
FJ931609,3,3a,3,3a,3,3a,3,3a,3,
FJ932274,1,1a,1,1a,1,1a,1,1a,1,
FJ932276,1,1a,1,1a,1,1a,1,1a,1,
FJ932277,1,1a,1,1a,1,1a,1,1a,1,
FJ932278,1,1a,1,1a,1,1a,1,1a,1,
FJ932279,1,1a,1,1a,1,1a,1,1a,1,
FJ932281,1,1a,1,1a,1,1a,1,1a,1,
FJ932282,1,1a,1,1a,1,1a,1,1a,1,
FJ932283,1,1a,1,1a,1,1a,1,1a,1,
FJ932284,1,1a,1,1a,1,1a,1,1a,1,
FJ932285,1,1a,1,1a,1,1a,1,1a,1,
FJ932286,1,1a,1,1a,1,1a,1,1a,1,
FJ932287,1,1a,1,1a,1,1a,1,1a,1,
FJ932289,1,1a,1,1a,1,1a,1,1a,1,
FJ932290,1,1a,1,1a,1,1a,1,1a,1,
FJ932291,1,1a,1,1a,1,1a,1,1a,1,
FJ932292,1,1a,1,1a,1,1a,1,1a,1,
FJ932293,1,1a,1,1a,1,1a,1,1a,1,
FJ932294,1,1a,1,1a,1,1a,1,1a,1,
FJ932295,1,1a,1,1a,1,1a,1,1a,1,
FJ932298,1,1a,1,1a,1,1a,1,1a,1,
FJ932299,1,1a,1,1a,1,1a,1,1a,1,
FJ932300,1,1a,1,1a,1,1a,1,1a,1,
FJ932301,1,1a,1,1a,1,1a,1,1a,1,
FJ932302,1,1a,1,1a,1,1a,1,1a,1,
FJ932303,1,1a,1,1a,1,1a,1,1a,1,
FJ932304,1,1a,1,1a,1,1a,1,1a,1,
FJ932305,1,1a,1,1a,1,1a,1,1a,1,
FJ932306,1,1a,1,1a,1,1a,1,1a,1,
FJ932308,1,1a,1,1a,1,1a,1,1a,1,
FJ932310,1,1a,1,1a,1,1a,1,1a,1,
FJ932311,1,1a,1,1a,1,1a,1,1a,1,
FJ932313,1,1a,1,1a,1,1a,1,1a,1,
FJ932314,1,1a,1,1a,1,1a,1,1a,1,
FJ932315,1,1a,1,1a,1,1a,1,1a,1,
FJ932316,1,1a,1,1a,1,1a,1,1a,1,
FJ932317,1,1a,1,1a,1,1a,1,1a,1,
FJ932318,1,1a,1,1a,1,1a,1,1a,1,
FJ932320,1,1a,1,1a,1,1a,1,1a,1,
FJ932321,1,1a,1,1a,1,1a,1,1a,1,
FJ932322,1,1a,1,1a,1,1a,1,1a,1,
FJ932324,1,1a,1,1a,1,1a,1,1a,1,
FJ932325,1,1a,1,1a,1,1a,1,1a,1,
FJ932326,1,1a,1,1a,1,1a,1,1a,1,
FJ932327,1,1a,1,1a,1,1a,1,1a,1,
FJ932328,1,1a,1,1a,1,1a,1,1a,1,
FJ932329,1,1a,1,1a,1,1a,1,1a,1,
FJ932330,1,1a,1,1a,1,1a,1,1a,1,
FJ932331,1,1a,1,1a,1,1a,1,1a,1,
FJ932332,1,1a,1,1a,1,1a,1,1a,1,
FJ932335,1,1a,1,1a,1,1a,1,1a,1,
FJ932336,1,1a,1,1a,1,1a,1,1a,1,
FJ932338,1,1a,1,1a,1,1a,1,1a,1,
FJ932340,1,1a,1,1a,1,1a,1,1a,1,
FJ932341,1,1a,1,1a,1,1a,1,1a,1,
FJ932342,1,1a,1,1a,1,1a,1,1a,1,
FJ932344,1,1a,1,1a,1,1a,1,1a,1,
FJ932345,1,1a,1,1a,1,1a,1,1a,1,
FJ932346,1,1a,1,1a,1,1a,1,1a,1,
FJ932347,1,1a,1,1a,1,1a,1,1a,1,
FJ932351,1,1a,1,1a,1,1a,1,1a,1,
FJ932354,1,1a,1,1a,1,1a,1,1a,1,
FJ932355,1,1a,1,1a,1,1a,1,1a,1,
FJ932356,1,1a,1,1a,1,1a,1,1a,1,
FN666428,2,2q,2,2q,2,2q,2,2q,,
FN666429,2,2q,2,2q,2,2q,2,2q,,
GQ356200,3,3a,3,3a,3,3a,3,3a,3,3a
GQ356201,3,3a,3,3a,3,3a,3,3a,3,3a
GQ356202,3,3a,3,3a,3,3a,3,3a,3,3a
GQ356203,3,3a,3,3a,3,3a,3,3a,3,3a
GQ356204,3,3a,3,3a,3,3a,3,3a,3,3a
GQ356205,3,3a,3,3a,3,3a,3,3a,3,3a
GQ356206,3,3a,3,3a,3,3a,3,3a,3,3a
GQ356207,3,3a,3,3a,3,3a,3,3a,3,3a
GQ356208,3,3a,3,3a,3,3a,3,3a,3,3a
GQ356209,3,3a,3,3a,3,3a,3,3a,3,3a
GQ356210,3,3a,3,3a,3,3a,3,3a,3,3a
GQ356211,3,3a,3,3a,3,3a,3,3a,3,3a
GQ356212,3,3a,3,3a,3,3a,3,3a,3,3a
GQ356213,3,3a,3,3a,3,3a,3,3a,3,3a
GQ356214,3,3a,3,3a,3,3a,3,3a,3,3a
GQ356215,3,3a,3,3a,3,3a,3,3a,3,3a
GQ356216,3,3a,3,3a,3,3a,3,3a,3,3a
GQ356217,3,3a,3,3a,3,3a,3,3a,3,3a
GQ913865,1,1a,1,1a,1,1a,1,1a,1,1a
GQ913866,1,1a,1,1a,1,1a,1,1a,1,1a
GQ913867,1,1a,1,1a,1,1a,1,1a,1,1a
GQ913868,1,1b,1,1b,1,1b,1,1b,1,1b
GQ913869,1,1b,1,1b,1,1b,1,1b,1,1b
GQ913870,1,1b,1,1b,1,1b,1,1b,1,1b
GQ913871,1,1b,1,1b,1,1b,1,1b,1,1b
GQ913872,1,1b,1,1b,1,1b,1,1b,1,1b
GQ913873,1,1b,1,1b,1,1b,1,1b,1,1b
GQ913874,1,1b,1,1b,1,1b,1,1b,1,1b
OM312365,1,1a,1,1a,1,1a,1,1a,1,1a
OM312367,1,1a,1,1a,1,1a,1,1a,1,1a
OM312368,1,1a,1,1a,1,1a,1,1a,1,1a
OM312369,1,1a,1,1a,1,1a,1,1a,1,1a
OM312370,1,1a,1,1a,1,1a,1,1a,1,1a
OM312371,1,1a,1,1a,1,1a,1,1a,1,1a
OM312372,1,1a,1,1a,1,1a,1,1a,1,1a
OM312373,1,1a,1,1a,1,1a,1,1a,1,1a
OM312374,1,1a,1,1a,1,1a,1,1a,1,1a
OM312375,1,1a,1,1a,1,1a,1,1a,1,1a
OM312377,1,1a,1,1a,1,1a,1,1a,1,1a
OM312378,1,1a,1,1a,1,1a,1,1a,1,1a
OM312380,1,1a,1,1a,1,1a,1,1a,1,1a
OM312382,1,1a,1,1a,1,1a,1,1a,1,1a
OM312383,1,1a,1,1a,1,1a,1,1a,1,1a
OM312385,1,1a,1,1a,1,1a,1,1a,1,1a
OM312388,1,1a,1,1a,1,1a,1,1a,1,1a
OM312389,1,1a,1,1a,1,1a,1,1a,1,1a
OM312391,1,1a,1,1a,1,1a,1,1a,1,1a
OM312392,1,1a,1,1a,1,1a,1,1a,1,1a
OM312393,1,1a,1,1a,1,1a,1,1a,1,1a
OM312395,1,1a,1,1a,1,1a,1,1a,1,1a
OM312396,1,1a,1,1a,1,1a,1,1a,1,1a
OM312397,1,1a,1,1a,1,1a,1,1a,1,1a
OM312399,1,1a,1,1a,1,1a,1,1a,1,1a
OM312400,1,1a,1,1a,1,1a,1,1a,1,1a
OM312401,1,1a,1,1a,1,1a,1,1a,1,1a
OM312402,1,1a,1,1a,1,1a,1,1a,1,1a
OM312404,1,1a,1,1a,1,1a,1,1a,1,1a
OM312405,1,1a,1,1a,1,1a,1,1a,1,1a
OM312406,1,1a,1,1a,1,1a,1,1a,1,1a
OM312407,1,1a,1,1a,1,1a,1,1a,1,1a
OM312408,1,1a,1,1a,1,1a,1,1a,1,1a
OM312409,1,1a,1,1a,1,1a,1,1a,1,1a
OM312410,1,1a,1,1a,1,1a,1,1a,1,1a
OM312411,1,1a,1,1a,1,1a,1,1a,1,1a
OM312413,1,1a,1,1a,1,1a,1,1a,1,1a
OM312414,1,1a,1,1a,1,1a,1,1a,1,1a
OM312415,1,1a,1,1a,1,1a,1,1a,1,1a
OM312419,1,1a,1,1a,1,1a,1,1a,1,1a
OM312420,1,1a,1,1a,1,1a,1,1a,1,1a
OM312421,1,1a,1,1a,1,1a,1,1a,1,1a
OM312422,1,1a,1,1a,1,1a,1,1a,1,1a
OM312424,1,1a,1,1a,1,1a,1,1a,1,1a
OM312425,1,1a,1,1a,1,1a,1,1a,1,1a
OM312426,1,1a,1,1a,1,1a,1,1a,1,1a
OM312427,1,1a,1,1a,1,1a,1,1a,1,1a
OM312428,1,1a,1,1a,1,1a,1,1a,1,1a
OM312430,1,1a,1,1a,1,1a,1,1a,1,1a
OM312431,1,1a,1,1a,1,1a,1,1a,1,1a
OM312433,1,1a,1,1a,1,1a,1,1a,1,1a
OM312434,1,1a,1,1a,1,1a,1,1a,1,1a
OM312435,1,1a,1,1a,1,1a,1,1a,1,1a
OM312436,1,1a,1,1a,1,1a,1,1a,1,1a
OM312437,1,1a,1,1a,1,1a,1,1a,1,1a
OM312438,1,1a,1,1a,1,1a,1,1a,1,1a
OM312439,1,1a,1,1a,1,1a,1,1a,1,1a
OM312440,1,1a,1,1a,1,1a,1,1a,1,1a
OM312441,1,1a,1,1a,1,1a,1,1a,1,1a
OM312443,1,1a,1,1a,1,1a,1,1a,1,1a
OM312445,1,1a,1,1a,1,1a,1,1a,1,1a
OM312446,1,1a,1,1a,1,1a,1,1a,1,1a
OM312447,1,1a,1,1a,1,1a,1,1a,1,1a
OM312448,1,1a,1,1a,1,1a,1,1a,1,1a
OM312449,1,1a,1,1a,1,1a,1,1a,1,1a
OM312450,1,1a,1,1a,1,1a,1,1a,1,1a
OM312451,1,1a,1,1a,1,1a,1,1a,1,1a
OM312452,1,1a,1,1a,1,1a,1,1a,1,1a
OM312453,1,1a,1,1a,1,1a,1,1a,1,1a
OM312454,1,1a,1,1a,1,1a,1,1a,1,1a
OM312455,1,1a,1,1a,1,1a,1,1a,1,1a
OM312456,1,1a,1,1a,1,1a,1,1a,1,1a
OM312458,1,1a,1,1a,1,1a,1,1a,1,1a
OM312459,1,1a,1,1a,1,1a,1,1a,1,1a
OM312460,1,1a,1,1a,1,1a,1,1a,1,1a
OM312461,1,1a,1,1a,1,1a,1,1a,1,1a
OM312462,1,1a,1,1a,1,1a,1,1a,1,1a
OM312463,1,1a,1,1a,1,1a,1,1a,1,1a
OM312464,1,1a,1,1a,1,1a,1,1a,1,1a
OM312465,1,1a,1,1a,1,1a,1,1a,1,1a
OM312466,1,1a,1,1a,1,1a,1,1a,1,1a
OM312468,1,1a,1,1a,1,1a,1,1a,1,1a
OM312469,1,1a,1,1a,1,1a,1,1a,1,1a
OM312470,1,1a,1,1a,1,1a,1,1a,1,1a
OM312471,1,1a,1,1a,1,1a,1,1a,1,1a
OM312473,1,1a,1,1a,1,1a,1,1a,1,1a
OM312474,1,1b,1,1b,1,1b,1,1b,1,1b
OM312475,1,1b,1,1b,1,1b,1,1b,1,1b
OM312479,1,1b,1,1b,1,1b,1,1b,1,1b
OM312480,1,1b,1,1b,1,1b,1,1b,1,1b
OM312483,1,1b,1,1b,1,1b,1,1b,1,1b
OM312484,1,1b,1,1b,1,1b,1,1b,1,1b
OM312485,1,1b,1,1b,1,1b,1,1b,1,1b
OM312489,1,1b,1,1b,1,1b,1,1b,1,1b
OM312490,1,1b,1,1b,1,1b,1,1b,1,1b
OM312492,1,1b,1,1b,1,1b,1,1b,1,1b
OM312493,1,1b,1,1b,1,1b,1,1b,1,1b
OM312495,1,1b,1,1b,1,1b,1,1b,1,1b
OM312497,1,1b,1,1b,1,1b,1,1b,1,1b
OM312500,1,1b,1,1b,1,1b,1,1b,1,1b
OM312501,1,1b,1,1b,1,1b,1,1b,1,1b
OM312505,1,1b,1,1b,1,1b,1,1b,1,1b
OM312507,1,1b,1,1b,1,1b,1,1b,1,1b
OM312508,1,1b,1,1b,1,1b,1,1b,1,1b
OM312509,1,1b,1,1b,1,1b,1,1b,1,1b
OM312510,1,1b,1,1b,1,1b,1,1b,1,1b
OM312511,1,1b,1,1b,1,1b,1,1b,1,1b
OM312512,1,1b,1,1b,1,1b,1,1b,1,1b
OM312514,1,1b,1,1b,1,1b,1,1b,1,1b
OM312515,1,1b,1,1b,1,1b,1,1b,1,1b
OM312516,1,1b,1,1b,1,1b,1,1b,1,1b
OM312517,1,1b,1,1b,1,1b,1,1b,1,1b
OM312518,1,1b,1,1b,1,1b,1,1b,1,1b
OM312519,1,1b,1,1b,1,1b,1,1b,1,1b
OM312522,1,1b,1,1b,1,1b,1,1b,1,1b
OM312523,1,1b,1,1b,1,1b,1,1b,1,1b
OM312524,1,1b,1,1b,1,1b,1,1b,1,1b
OM312526,1,1b,1,1b,1,1b,1,1b,1,1b
OM312527,1,1b,1,1b,1,1b,1,1b,1,1b
OM312528,1,1b,1,1b,1,1b,1,1b,1,1b
OM312529,1,1b,1,1b,1,1b,1,1b,1,1b
OM312530,1,1b,1,1b,1,1b,1,1b,1,1b
OM312531,1,1b,1,1b,1,1b,1,1b,1,1b
OM312532,1,1b,1,1b,1,1b,1,1b,1,1b
OM312533,1,1b,1,1b,1,1b,1,1b,1,1b
OM312535,1,1b,1,1b,1,1b,1,1b,1,1b
OM312536,1,1b,1,1b,1,1b,1,1b,1,1b
OM312537,1,1b,1,1b,1,1b,1,1b,1,1b
OM312540,1,1b,1,1b,1,1b,1,1b,1,1b
OM312541,1,1b,1,1b,1,1b,1,1b,1,1b
OM312542,1,1b,1,1b,1,1b,1,1b,1,1b
OM312543,1,1b,1,1b,1,1b,1,1b,1,1b
OM312544,1,1b,1,1b,1,1b,1,1b,1,1b
OM312545,1,1b,1,1b,1,1b,1,1b,1,1b
OM312546,1,1b,1,1b,1,1b,1,1b,1,1b
OM312547,1,1b,1,1b,1,1b,1,1b,1,1b
OM312550,1,1b,1,1b,1,1b,1,1b,1,1b
OM312554,3,3a,3,3a,3,3a,3,3a,3,3a
OM312556,3,3a,3,3a,3,3a,3,3a,3,3a
OM312557,3,3a,3,3a,3,3a,3,3a,3,3a
OM312558,3,3a,3,3a,3,3a,3,3a,3,3a
OM312559,3,3a,3,3a,3,3a,3,3a,3,3a
OM312560,3,3a,3,3a,3,3a,3,3a,3,3a
OM312561,3,3a,3,3a,3,3a,3,3a,3,3a
OM312562,3,3a,3,3a,3,3a,3,3a,3,3a
OM312563,3,3a,3,3a,3,3a,3,3a,3,3a
OM312564,3,3a,3,3a,3,3a,3,3a,3,3a
OM312565,3,3a,3,3a,3,3a,3,3a,3,3a
OM312566,3,3a,3,3a,3,3a,3,3a,3,3a
OM312567,3,3a,3,3a,3,3a,3,3a,3,3a
OM312568,3,3a,3,3a,3,3a,3,3a,3,3a
OM312569,3,3a,3,3a,3,3a,3,3a,3,3a
OM312572,3,3a,3,3a,3,3a,3,3a,3,3a
OM312574,3,3a,3,3a,3,3a,3,3a,3,3a
OM312575,3,3a,3,3a,3,3a,3,3a,3,3a
OM312577,3,3a,3,3a,3,3a,3,3a,3,3a
OM312578,3,3a,3,3a,3,3a,3,3a,3,3a
OM312579,3,3a,3,3a,3,3a,3,3a,3,3a
OM312581,3,3a,3,3a,3,3a,3,3a,3,3a
OM312582,3,3a,3,3a,3,3a,3,3a,3,3a
OM312583,3,3a,3,3a,3,3a,3,3a,3,3a
OM312584,3,3a,3,3a,3,3a,3,3a,3,3a
OM312585,3,3a,3,3a,3,3a,3,3a,3,3a
OM312586,3,3a,3,3a,3,3a,3,3a,3,3a
OM312587,3,3a,3,3a,3,3a,3,3a,3,3a
OM312588,3,3a,3,3a,3,3a,3,3a,3,3a
OM312589,3,3a,3,3a,3,3a,3,3a,3,3a
OM312590,3,3a,3,3a,3,3a,3,3a,3,3a
OM312591,3,3a,3,3a,3,3a,3,3a,3,3a
OM312592,3,3a,3,3a,3,3a,3,3a,3,3a
OM312593,3,3a,3,3a,3,3a,3,3a,3,3a
OM312594,3,3a,3,3a,3,3a,3,3a,3,3a
OM312596,3,3a,3,3a,3,3a,3,3a,3,3a
OM312597,3,3a,3,3a,3,3a,3,3a,3,3a
OM312598,3,3a,3,3a,3,3a,3,3a,3,3a
OM312599,3,3a,3,3a,3,3a,3,3a,3,3a
OM312600,3,3a,3,3a,3,3a,3,3a,3,3a
OM312602,3,3a,3,3a,3,3a,3,3a,3,3a
OM312603,3,3a,3,3a,3,3a,3,3a,3,3a
OM312604,3,3a,3,3a,3,3a,3,3a,3,3a
OM312607,3,3a,3,3a,3,3a,3,3a,3,3a
OM312608,3,3a,3,3a,3,3a,3,3a,3,3a
OM312609,3,3a,3,3a,3,3a,3,3a,3,3a
OM312611,3,3a,3,3a,3,3a,3,3a,3,3a
OM312612,3,3a,3,3a,3,3a,3,3a,3,3a
OM312613,3,3a,3,3a,3,3a,3,3a,3,3a
OM312614,3,3a,3,3a,3,3a,3,3a,3,3a
OM312615,3,3a,3,3a,3,3a,3,3a,3,3a
OM312616,3,3a,3,3a,3,3a,3,3a,3,3a
OM312618,3,3a,3,3a,3,3a,3,3a,3,3a
OM312619,3,3a,3,3a,3,3a,3,3a,3,3a
OM312620,3,3a,3,3a,3,3a,3,3a,3,3a
OM312622,3,3a,3,3a,3,3a,3,3a,3,3a
OM312623,3,3a,3,3a,3,3a,3,3a,3,3a
OM312625,3,3a,3,3a,3,3a,3,3a,3,3a
OM312626,3,3a,3,3a,3,3a,3,3a,3,3a
OM312627,3,3a,3,3a,3,3a,3,3a,3,3a
OM312629,3,3a,3,3a,3,3a,3,3a,3,3a
OM312630,3,3a,3,3a,3,3a,3,3a,3,3a
OM312631,3,3a,3,3a,3,3a,3,3a,3,3a
OM312632,3,3a,3,3a,3,3a,3,3a,3,3a
OM312633,3,3a,3,3a,3,3a,3,3a,3,3a
OM312634,3,3a,3,3a,3,3a,3,3a,3,3a
OM312635,3,3a,3,3a,3,3a,3,3a,3,3a
OM312636,3,3a,3,3a,3,3a,3,3a,3,3a
OM312637,3,3a,3,3a,3,3a,3,3a,3,3a
OM312638,3,3a,3,3a,3,3a,3,3a,3,3a
OM312639,3,3a,3,3a,3,3a,3,3a,3,3a
OM312641,3,3a,3,3a,3,3a,3,3a,3,3a
OM312642,3,3a,3,3a,3,3a,3,3a,3,3a
OM312643,3,3a,3,3a,3,3a,3,3a,3,3a
OM312645,3,3a,3,3a,3,3a,3,3a,3,3a
OM312646,3,3a,3,3a,3,3a,3,3a,3,3a
OM312647,3,3a,3,3a,3,3a,3,3a,3,3a
OM312648,3,3a,3,3a,3,3a,3,3a,3,3a
OM312649,3,3a,3,3a,3,3a,3,3a,3,3a
OM312651,3,3a,3,3a,3,3a,3,3a,3,3a
OM312653,3,3a,3,3a,3,3a,3,3a,3,3a
OM312654,3,3a,3,3a,3,3a,3,3a,3,3a
OM312655,3,3a,3,3a,3,3a,3,3a,3,3a
OM312656,3,3a,3,3a,3,3a,3,3a,3,3a
OM312657,3,3a,3,3a,3,3a,3,3a,3,3a
OM312660,3,3a,3,3a,3,3a,3,3a,3,3a
OM312661,3,3a,3,3a,3,3a,3,3a,3,3a
OM312662,3,3a,3,3a,3,3a,3,3a,3,3a
OM312663,3,3a,3,3a,3,3a,3,3a,3,3a
OM312664,3,3a,3,3a,3,3a,3,3a,3,3a
JX022751,1,1b,1,1b,1,1b,1,1b,1,1b
JX022752,1,1b,1,1b,1,1b,1,1b,1,1b
JX022753,1,1b,1,1b,1,1b,1,1b,1,1b
JX022754,1,1b,1,1b,1,1b,1,1b,1,1b
JX022755,1,1b,1,1b,1,1b,1,1b,1,1b
JX022756,1,1b,1,1b,1,1b,1,1b,1,1b
JX022757,1,1b,1,1b,1,1b,1,1b,1,1b
JX022758,1,1b,1,1b,1,1b,1,1b,1,1b
JX022759,1,1b,1,1b,1,1b,1,1b,1,1b
JX022760,1,1b,1,1b,1,1b,1,1b,1,1b
JX022761,1,1b,1,1b,1,1b,1,1b,1,1b
JX022762,1,1b,1,1b,1,1b,1,1b,1,1b
JX022763,1,1b,1,1b,1,1b,1,1b,1,1b
JX022764,1,1b,1,1b,1,1b,1,1b,1,1b
JX022765,1,1b,1,1b,1,1b,1,1b,1,1b
JX022766,1,1b,1,1b,1,1b,1,1b,1,1b
JX022767,1,1b,1,1b,1,1b,1,1b,1,1b
JX022768,1,1b,1,1b,1,1b,1,1b,1,1b
JX022769,1,1b,1,1b,1,1b,1,1b,1,1b
JX022770,1,1b,1,1b,1,1b,1,1b,1,1b
JX022771,1,1b,1,1b,1,1b,1,1b,1,1b
JX022772,1,1b,1,1b,1,1b,1,1b,1,1b
JX022773,1,1b,1,1b,1,1b,1,1b,1,1b
JX022774,1,1b,1,1b,1,1b,1,1b,1,1b
JX022775,1,1b,1,1b,1,1b,1,1b,1,1b
JX022776,1,1b,1,1b,1,1b,1,1b,1,1b
JX022777,1,1b,1,1b,1,1b,1,1b,1,1b
JX022778,1,1b,1,1b,1,1b,1,1b,1,1b
JX022779,1,1b,1,1b,1,1b,1,1b,1,1b
JX183549,6,6xi,8,8a,6,6k,6,6k,6,6k-related
JX183550,6,6xb,6,6k,6,6o,6,6l,6,6k-related
JX183551,6,6xb,6,6xb,6,6l,6,6l,6,6k-related
JX183552,6,6xb,6,6xb,6,6l,6,6l,6,6k-related
JX183553,6,6xi,6,6l,6,6l,6,6l,6,6l-related
JX183554,6,6l,8,8a,6,6l,6,6l,6,6l-related
JX183555,6,6l,6,6l,6,6l,6,6l,6,6l
JX183556,6,6l,6,6l,6,6l,6,6l,6,6l
JX183557,6,6xe,6,6xe,6,6n,6,6n,,
JX183558,6,6j,6,6j,6,6i,6,6j,,
JX227949,2,2c,2,2c,2,2c,2,2c,,
JX227950,2,2c,2,2c,2,2c,2,2c,,
JX227951,2,2c,2,2c,2,2c,2,2c,,
JX227953,2,2k,2,2k,2,2k,2,2k,,
JX227954,3,3g,3,3g,3,3g,3,3g,,
JX227955,3,3i,3,3i,3,3i,3,3i,,
JX227956,3,3i,3,3i,3,3i,3,3i,,
JX227957,4,4l,4,4l,4,4l,4,4l,,
JX227958,4,4l,4,4l,4,4l,4,4l,,
JX227959,4,4v,4,4v,4,4v,4,4v,,
JX227960,4,4v,4,4v,4,4v,4,4v,,
JX227961,4,4m,4,4m,4,4m,4,4m,,
JX227962,4,4r,4,4r,4,4r,4,4r,,
JX227964,4,4v,4,4g,4,4v,4,4k,4,
JX227965,2,2c,2,2c,2,2c,2,2c,,
JX227966,2,2c,2,2c,2,2c,2,2c,,
JX227967,2,2m,2,2m,2,2m,2,2m,,
JX227968,2,2m,2,2m,2,2m,2,2m,,
JX227969,3,3i,3,3i,3,3i,3,3i,,
JX227970,4,4n,4,4n,4,4n,4,4n,,
JX227971,4,4g,4,4g,4,4g,4,4g,,
JX227972,4,4m,4,4m,4,4m,4,4m,,
JX227973,4,4n,4,4n,4,4n,4,4n,,
JX227974,2,2m,2,2m,2,2m,2,2m,,
JX227975,4,4r,4,4r,4,4r,4,4r,,
JX227976,4,4r,4,4r,4,4r,4,4r,,
JX227977,4,4o,4,4o,4,4o,4,4o,,
JX227978,4,4o,4,4o,4,4o,4,4o,,
JX227979,4,4o,4,4o,4,4o,4,4o,,
JX674828,3,3a,3,3a,3,3a,3,3a,,
JX674829,3,3a,3,3a,3,3a,3,3a,,
JX674831,3,3a,3,3a,3,3a,3,3a,,
JX674832,3,3a,3,3a,3,3a,3,3a,,
JX674833,3,3a,3,3a,3,3a,3,3a,,
JX674834,3,3a,3,3a,3,3a,3,3a,,
JX674835,3,3a,3,3a,3,3a,3,3a,,
JX674838,3,3a,3,3a,3,3a,3,3a,,
JX674839,3,3a,3,3a,3,3a,3,3a,,
JX674840,3,3a,3,3a,3,3a,3,3a,,
JX674841,3,3a,3,3a,3,3a,3,3a,,
JX674843,3,3a,3,3a,3,3a,3,3a,,
JX674844,3,3a,3,3a,3,3a,3,3a,,
JX674845,3,3a,3,3a,3,3a,3,3a,,
JX674846,3,3a,3,3a,3,3a,3,3a,,
JX674847,3,3a,3,3a,3,3a,3,3a,,
JX674849,3,3a,3,3a,3,3a,3,3a,,
JX674850,3,3a,3,3a,3,3a,3,3a,,
JX674851,3,3a,3,3a,3,3a,3,3a,,
JX674852,3,3a,3,3a,3,3a,3,3a,,
JX674853,3,3a,3,3a,3,3a,3,3a,,
JX674854,3,3a,3,3a,3,3a,3,3a,,
JX674855,3,3a,3,3a,3,3a,3,3a,,
JX674857,3,3a,3,3a,3,3a,3,3a,,
JX674858,3,3a,3,3a,3,3a,3,3a,,
JX674859,3,3a,3,3a,3,3a,3,3a,,
JX674861,3,3a,3,3a,3,3a,3,3a,,
JX674862,3,3a,3,3a,3,3a,3,3a,,
JX674863,3,3a,3,3a,3,3a,3,3a,,
JX674867,3,3a,3,3a,3,3a,3,3a,,
JX674868,3,3a,3,3a,3,3a,3,3a,,
JX674869,3,3a,3,3a,3,3a,3,3a,,
JX674871,3,3a,3,3a,3,3a,3,3a,,
JX674872,3,3a,3,3a,3,3a,3,3a,,
JX674873,3,3a,3,3a,3,3a,3,3a,,
JX674874,3,3a,3,3a,3,3a,3,3a,,
JX674875,3,3a,3,3a,3,3a,3,3a,,
JX674876,3,3a,3,3a,3,3a,3,3a,,
JX674883,3,3a,3,3a,3,3a,3,3a,,
JX674884,3,3a,3,3a,3,3a,3,3a,,
JX674885,3,3a,3,3a,3,3a,3,3a,,
JX674886,3,3a,3,3a,3,3a,3,3a,,
JX674889,3,3a,3,3a,3,3a,3,3a,,
JX674890,3,3a,3,3a,3,3a,3,3a,,
JX674891,3,3a,3,3a,3,3a,3,3a,,
JX674892,3,3a,3,3a,3,3a,3,3a,,
JX674895,3,3a,3,3a,3,3a,3,3a,,
JX674898,3,3a,3,3a,3,3a,3,3a,,
JX674900,3,3a,3,3a,3,3a,3,3a,,
JX674901,3,3a,3,3a,3,3a,3,3a,,
JX674902,3,3a,3,3a,3,3a,3,3a,,
JX674903,3,3a,3,3a,3,3a,3,3a,,
JX674906,3,3a,3,3a,3,3a,3,3a,,
JX674907,3,3a,3,3a,3,3a,3,3a,,
JX674908,3,3a,3,3a,3,3a,3,3a,,
JX674909,3,3a,3,3a,3,3a,3,3a,,
JX674910,3,3a,3,3a,3,3a,3,3a,,
JX674911,3,3a,3,3a,3,3a,3,3a,,
JX674912,3,3a,3,3a,3,3a,3,3a,,
JX674913,3,3a,3,3a,3,3a,3,3a,,
JX674914,3,3a,3,3a,3,3a,3,3a,,
JX674916,3,3a,3,3a,3,3a,3,3a,,
JX674917,3,3a,3,3a,3,3a,3,3a,,
JX674918,3,3a,3,3a,3,3a,3,3a,,
JX674922,3,3a,3,3a,3,3a,3,3a,,
JX674923,3,3a,3,3a,3,3a,3,3a,,
JX674924,3,3a,3,3a,3,3a,3,3a,,
JX674925,3,3a,3,3a,3,3a,3,3a,,
JX674926,3,3a,3,3a,3,3a,3,3a,,
JX674927,3,3a,3,3a,3,3a,3,3a,,
JX674929,3,3a,3,3a,3,3a,3,3a,,
KC124769,1,1b,1,1b,1,1b,1,1b,1,1b
KC124770,1,1b,1,1b,1,1b,1,1b,1,1b
KC124772,1,1b,1,1b,1,1b,1,1b,1,1b
KC124776,1,1b,1,1b,1,1b,1,1b,1,1b
KC124779,1,1b,1,1b,1,1b,1,1b,1,1b
KC124780,1,1b,1,1b,1,1b,1,1b,1,1b
KC124781,1,1b,1,1b,1,1b,1,1b,1,1b
KC124782,1,1b,1,1b,1,1b,1,1b,1,1b
KC124783,1,1b,1,1b,1,1b,1,1b,1,1b
KC124786,1,1b,1,1b,1,1b,1,1b,1,1b
KC124787,1,1b,1,1b,1,1b,1,1b,1,1b
KC124788,1,1b,1,1b,1,1b,1,1b,1,1b
KC124789,1,1b,1,1b,1,1b,1,1b,1,1b
KC124791,1,1b,1,1b,1,1b,1,1b,1,1b
KC124792,1,1b,1,1b,1,1b,1,1b,1,1b
KC124794,1,1b,1,1b,1,1b,1,1b,1,1b
KC124796,1,1b,1,1b,1,1b,1,1b,1,1b
KC124798,1,1b,1,1b,1,1b,1,1b,1,1b
KC124799,1,1b,1,1b,1,1b,1,1b,1,1b
KC124800,1,1b,1,1b,1,1b,1,1b,1,1b
KC124802,1,1b,1,1b,1,1b,1,1b,1,1b
KC124803,1,1b,1,1b,1,1b,1,1b,1,1b
KC124805,1,1b,1,1b,1,1b,1,1b,1,1b
KC124806,1,1b,1,1b,1,1b,1,1b,1,1b
KC124807,1,1b,1,1b,1,1b,1,1b,1,1b
KC124810,1,1b,1,1b,1,1b,1,1b,1,1b
KC124811,1,1b,1,1b,1,1b,1,1b,1,1b
KC124812,1,1b,1,1b,1,1b,1,1b,1,1b
KC124815,1,1b,1,1b,1,1b,1,1b,1,1b
KC124817,1,1b,1,1b,1,1b,1,1b,1,1b
KC124818,1,1b,1,1b,1,1b,1,1b,1,1b
KC124820,1,1b,1,1b,1,1b,1,1b,1,1b
KC124823,1,1b,1,1b,1,1b,1,1b,1,1b
KC124825,1,1b,1,1b,1,1b,1,1b,1,1b
KC124829,1,1b,1,1b,1,1b,1,1b,1,1b
KC124831,1,1b,1,1b,1,1b,1,1b,1,1b
KC124832,1,1b,1,1b,1,1b,1,1b,1,1b
KC124833,1,1b,1,1b,1,1b,1,1b,1,1b
KC124835,1,1b,1,1b,1,1b,1,1b,1,1b
KC124841,1,1b,1,1b,1,1b,1,1b,1,1b
KC124845,1,1b,1,1b,1,1b,1,1b,1,1b
KC124846,1,1b,1,1b,1,1b,1,1b,1,1b
KC124847,1,1b,1,1b,1,1b,1,1b,1,1b
KC124848,1,1b,1,1b,1,1b,1,1b,1,1b
KC124850,1,1b,1,1b,1,1b,1,1b,1,1b
KC124852,1,1b,1,1b,1,1b,1,1b,1,1b
KC124855,1,1b,1,1b,1,1b,1,1b,1,1b
KC124856,1,1b,1,1b,1,1b,1,1b,1,1b
KC124857,1,1b,1,1b,1,1b,1,1b,1,1b
KC124858,1,1b,1,1b,1,1b,1,1b,1,1b
KC124861,1,1b,1,1b,1,1b,1,1b,1,1b
KC124863,1,1b,1,1b,1,1b,1,1b,1,1b
KC124865,1,1b,1,1b,1,1b,1,1b,1,1b
KC124866,1,1b,1,1b,1,1b,1,1b,1,1b
KC124867,1,1b,1,1b,1,1b,1,1b,1,1b
KC124869,1,1b,1,1b,1,1b,1,1b,1,1b
KC124872,1,1b,1,1b,1,1b,1,1b,1,1b
KC124873,1,1b,1,1b,1,1b,1,1b,1,1b
KC124875,1,1b,1,1b,1,1b,1,1b,1,1b
KC124876,1,1b,1,1b,1,1b,1,1b,1,1b
KC124877,1,1b,1,1b,1,1b,1,1b,1,1b
KC124878,1,1b,1,1b,1,1b,1,1b,1,1b
KC124879,1,1b,1,1b,1,1b,1,1b,1,1b
KC124883,1,1b,1,1b,1,1b,1,1b,1,1b
KC124885,1,1b,1,1b,1,1b,1,1b,1,1b
KC124886,1,1b,1,1b,1,1b,1,1b,1,1b
KC124890,1,1b,1,1b,1,1b,1,1b,1,1b
KC124893,1,1b,1,1b,1,1b,1,1b,1,1b
KC124894,1,1b,1,1b,1,1b,1,1b,1,1b
KC124895,1,1b,1,1b,1,1b,1,1b,1,1b
KC124896,1,1b,1,1b,1,1b,1,1b,1,1b
KC124897,1,1b,1,1b,1,1b,1,1b,1,1b
KC124898,1,1b,1,1b,1,1b,1,1b,1,1b
KC124900,1,1b,1,1b,1,1b,1,1b,1,1b
KC124901,1,1b,1,1b,1,1b,1,1b,1,1b
KC124902,1,1b,1,1b,1,1b,1,1b,1,1b
KC124905,1,1b,1,1b,1,1b,1,1b,1,1b
KC124906,1,1b,1,1b,1,1b,1,1b,1,1b
KC124907,1,1b,1,1b,1,1b,1,1b,1,1b
KC124909,1,1b,1,1b,1,1b,1,1b,1,1b
KC124910,1,1b,1,1b,1,1b,1,1b,1,1b
KC124911,1,1b,1,1b,1,1b,1,1b,1,1b
KC124913,1,1b,1,1b,1,1b,1,1b,1,1b
KC124915,1,1b,1,1b,1,1b,1,1b,1,1b
KC124917,1,1b,1,1b,1,1b,1,1b,1,1b
KC124919,1,1b,1,1b,1,1b,1,1b,1,1b
KC124921,1,1b,1,1b,1,1b,1,1b,1,1b
KC124922,1,1b,1,1b,1,1b,1,1b,1,1b
KC124925,1,1b,1,1b,1,1b,1,1b,1,1b
KC124926,1,1b,1,1b,1,1b,1,1b,1,1b
KC124927,1,1b,1,1b,1,1b,1,1b,1,1b
KC124928,1,1b,1,1b,1,1b,1,1b,1,1b
KC124929,1,1b,1,1b,1,1b,1,1b,1,1b
KC124930,1,1b,1,1b,1,1b,1,1b,1,1b
KC124932,1,1b,1,1b,1,1b,1,1b,1,1b
KC124933,1,1b,1,1b,1,1b,1,1b,1,1b
KC124934,1,1b,1,1b,1,1b,1,1b,1,1b
KC124936,1,1b,1,1b,1,1b,1,1b,1,1b
KC124937,1,1b,1,1b,1,1b,1,1b,1,1b
KC124939,1,1b,1,1b,1,1b,1,1b,1,1b
KC124940,1,1b,1,1b,1,1b,1,1b,1,1b
KC124942,1,1b,1,1b,1,1b,1,1b,1,1b
KC124944,1,1b,1,1b,1,1b,1,1b,1,1b
KC124945,1,1b,1,1b,1,1b,1,1b,1,1b
KC124947,1,1b,1,1b,1,1b,1,1b,1,1b
KC124948,1,1b,1,1b,1,1b,1,1b,1,1b
KC124949,1,1b,1,1b,1,1b,1,1b,1,1b
KC124951,1,1b,1,1b,1,1b,1,1b,1,1b
KC124952,1,1b,1,1b,1,1b,1,1b,1,1b
KC124954,1,1b,1,1b,1,1b,1,1b,1,1b
KC124956,1,1b,1,1b,1,1b,1,1b,1,1b
KC124957,1,1b,1,1b,1,1b,1,1b,1,1b
KC124958,1,1b,1,1b,1,1b,1,1b,1,1b
KC124959,1,1b,1,1b,1,1b,1,1b,1,1b
KC124960,1,1b,1,1b,1,1b,1,1b,1,1b
KC124961,1,1b,1,1b,1,1b,1,1b,1,1b
KC124962,1,1b,1,1b,1,1b,1,1b,1,1b
KC124963,1,1b,1,1b,1,1b,1,1b,1,1b
KC124964,1,1b,1,1b,1,1b,1,1b,1,1b
KC124966,1,1b,1,1b,1,1b,1,1b,1,1b
KC124967,1,1b,1,1b,1,1b,1,1b,1,1b
KC124970,1,1b,1,1b,1,1b,1,1b,1,1b
KC124971,1,1b,1,1b,1,1b,1,1b,1,1b
KC124972,1,1b,1,1b,1,1b,1,1b,1,1b
KC124973,1,1b,1,1b,1,1b,1,1b,1,1b
KC124974,1,1b,1,1b,1,1b,1,1b,1,1b
KC124977,1,1b,1,1b,1,1b,1,1b,1,1b
KC124978,1,1b,1,1b,1,1b,1,1b,1,1b
KC124979,1,1b,1,1b,1,1b,1,1b,1,1b
KC124982,1,1b,1,1b,1,1b,1,1b,1,1b
KC124983,1,1b,1,1b,1,1b,1,1b,1,1b
KC124984,1,1b,1,1b,1,1b,1,1b,1,1b
KC124985,1,1b,1,1b,1,1b,1,1b,1,1b
KC124988,1,1b,1,1b,1,1b,1,1b,1,1b
KC124989,1,1b,1,1b,1,1b,1,1b,1,1b
KC124991,1,1b,1,1b,1,1b,1,1b,1,1b
KC124993,1,1b,1,1b,1,1b,1,1b,1,1b
KC124997,1,1b,1,1b,1,1b,1,1b,1,1b
KC124999,1,1b,1,1b,1,1b,1,1b,1,1b
KC125001,1,1b,1,1b,1,1b,1,1b,1,1b
KC125002,1,1b,1,1b,1,1b,1,1b,1,1b
KC125006,1,1b,1,1b,1,1b,1,1b,1,1b
KC127119,1,1a,1,1a,1,1a,1,1a,1,1a
KC127122,1,1a,1,1a,1,1a,1,1a,1,1a
KC127124,1,1a,1,1a,1,1a,1,1a,1,1a
KC127125,1,1a,1,1a,1,1a,1,1a,1,1a
KC127126,1,1a,1,1a,1,1a,1,1a,1,1a
KC127127,1,1a,1,1a,1,1a,1,1a,1,1a
KC127128,1,1a,1,1a,1,1a,1,1a,1,1a
KC127129,1,1a,1,1a,1,1a,1,1a,1,1a
KC127130,1,1a,1,1a,1,1a,1,1a,1,1a
KC127131,1,1a,1,1a,1,1a,1,1a,1,1a
KC127132,1,1a,1,1a,1,1a,1,1a,1,1a
KC127134,1,1a,1,1a,1,1a,1,1a,1,1a
KC127135,1,1a,1,1a,1,1a,1,1a,1,1a
KC127136,1,1a,1,1a,1,1a,1,1a,1,1a
KC127138,1,1a,1,1a,1,1a,1,1a,1,1a
KC127139,1,1a,1,1a,1,1a,1,1a,1,1a
KC127140,1,1a,1,1a,1,1a,1,1a,1,1a
KC127141,1,1a,1,1a,1,1a,1,1a,1,1a
KC127142,1,1a,1,1a,1,1a,1,1a,1,1a
KC127143,1,1a,1,1a,1,1a,1,1a,1,1a
KC127145,1,1a,1,1a,1,1a,1,1a,1,1a
KC127146,1,1a,1,1a,1,1a,1,1a,1,1a
KC127147,1,1a,1,1a,1,1a,1,1a,1,1a
KC127150,1,1a,1,1a,1,1a,1,1a,1,1a
KC127151,1,1a,1,1a,1,1a,1,1a,1,1a
KC127152,1,1a,1,1a,1,1a,1,1a,1,1a
KC127153,1,1a,1,1a,1,1a,1,1a,1,1a
KC127154,1,1a,1,1a,1,1a,1,1a,1,1a
KC127155,1,1a,1,1a,1,1a,1,1a,1,1a
KC127156,1,1a,1,1a,1,1a,1,1a,1,1a
KC127159,1,1a,1,1a,1,1a,1,1a,1,1a
KC127160,1,1a,1,1a,1,1a,1,1a,1,1a
KC127161,1,1a,1,1a,1,1a,1,1a,1,1a
KC127163,1,1a,1,1a,1,1a,1,1a,1,1a
KC127164,1,1a,1,1a,1,1a,1,1a,1,1a
KC127165,1,1a,1,1a,1,1a,1,1a,1,1a
KC127166,1,1a,1,1a,1,1a,1,1a,1,1a
KC127167,1,1a,1,1a,1,1a,1,1a,1,1a
KC127168,1,1a,1,1a,1,1a,1,1a,1,1a
KC127169,1,1a,1,1a,1,1a,1,1a,1,1a
KC127170,1,1a,1,1a,1,1a,1,1a,1,1a
KC127171,1,1a,1,1a,1,1a,1,1a,1,1a
KC127172,1,1a,1,1a,1,1a,1,1a,1,1a
KC127173,1,1a,1,1a,1,1a,1,1a,1,1a
KC127174,1,1a,1,1a,1,1a,1,1a,1,1a
KC127175,1,1a,1,1a,1,1a,1,1a,1,1a
KC127177,1,1a,1,1a,1,1a,1,1a,1,1a
KC127178,1,1a,1,1a,1,1a,1,1a,1,1a
KC127180,1,1a,1,1a,1,1a,1,1a,1,1a
KC127181,1,1a,1,1a,1,1a,1,1a,1,1a
KC127182,1,1a,1,1a,1,1a,1,1a,1,1a
KC127183,1,1a,1,1a,1,1a,1,1a,1,1a
KC127184,1,1a,1,1a,1,1a,1,1a,1,1a
KC127185,1,1a,1,1a,1,1a,1,1a,1,1a
KC127186,1,1a,1,1a,1,1a,1,1a,1,1a
KC127187,1,1a,1,1a,1,1a,1,1a,1,1a
KC127188,1,1a,1,1a,1,1a,1,1a,1,1a
KC127189,1,1a,1,1a,1,1a,1,1a,1,1a
KC127190,1,1a,1,1a,1,1a,1,1a,1,1a
KC127192,1,1a,1,1a,1,1a,1,1a,1,1a
KC127194,1,1a,1,1a,1,1a,1,1a,1,1a
KC127195,1,1a,1,1a,1,1a,1,1a,1,1a
KC127196,1,1a,1,1a,1,1a,1,1a,1,1a
KC127197,1,1a,1,1a,1,1a,1,1a,1,1a
KC127198,1,1a,1,1a,1,1a,1,1a,1,1a
KC127200,1,1a,1,1a,1,1a,1,1a,1,1a
KC127201,1,1a,1,1a,1,1a,1,1a,1,1a
KC127202,1,1a,1,1a,1,1a,1,1a,1,1a
KC127203,1,1a,1,1a,1,1a,1,1a,1,1a
KC127204,1,1a,1,1a,1,1a,1,1a,1,1a
KC127205,1,1a,1,1a,1,1a,1,1a,1,1a
KC127206,1,1a,1,1a,1,1a,1,1a,1,1a
KC127207,1,1a,1,1a,1,1a,1,1a,1,1a
KC127208,1,1a,1,1a,1,1a,1,1a,1,1a
KC127209,1,1a,1,1a,1,1a,1,1a,1,1a
KC127210,1,1a,1,1a,1,1a,1,1a,1,1a
KC127212,1,1a,1,1a,1,1a,1,1a,1,1a
KC127213,1,1a,1,1a,1,1a,1,1a,1,1a
KC127214,1,1a,1,1a,1,1a,1,1a,1,1a
KC127215,1,1a,1,1a,1,1a,1,1a,1,1a
KC127216,1,1a,1,1a,1,1a,1,1a,1,1a
KC127217,1,1a,1,1a,1,1a,1,1a,1,1a
KC127219,1,1a,1,1a,1,1a,1,1a,1,1a
KC127221,1,1a,1,1a,1,1a,1,1a,1,1a
KC127223,1,1a,1,1a,1,1a,1,1a,1,1a
KC127224,1,1a,1,1a,1,1a,1,1a,1,1a
KC127225,1,1a,1,1a,1,1a,1,1a,1,1a
KC127226,1,1a,1,1a,1,1a,1,1a,1,1a
KC127227,1,1a,1,1a,1,1a,1,1a,1,1a
KC127228,1,1a,1,1a,1,1a,1,1a,1,1a
KC127230,1,1a,1,1a,1,1a,1,1a,1,1a
KC127231,1,1a,1,1a,1,1a,1,1a,1,1a
KC127232,1,1a,1,1a,1,1a,1,1a,1,1a
KC127233,1,1a,1,1a,1,1a,1,1a,1,1a
KC127234,1,1a,1,1a,1,1a,1,1a,1,1a
KC127235,1,1a,1,1a,1,1a,1,1a,1,1a
KC127236,1,1a,1,1a,1,1a,1,1a,1,1a
KC127238,1,1a,1,1a,1,1a,1,1a,1,1a
KC127239,1,1a,1,1a,1,1a,1,1a,1,1a
KC127244,1,1a,1,1a,1,1a,1,1a,1,1a
KC127245,1,1a,1,1a,1,1a,1,1a,1,1a
KC127246,1,1a,1,1a,1,1a,1,1a,1,1a
KC127247,1,1a,1,1a,1,1a,1,1a,1,1a
KC127248,1,1a,1,1a,1,1a,1,1a,1,1a
KC127249,1,1a,1,1a,1,1a,1,1a,1,1a
KC127250,1,1a,1,1a,1,1a,1,1a,1,1a
KC127251,1,1a,1,1a,1,1a,1,1a,1,1a
KC127252,1,1a,1,1a,1,1a,1,1a,1,1a
KC127253,1,1a,1,1a,1,1a,1,1a,1,1a
KC127254,1,1a,1,1a,1,1a,1,1a,1,1a
KC127257,1,1a,1,1a,1,1a,1,1a,1,1a
KC127260,1,1a,1,1a,1,1a,1,1a,1,1a
KC127263,1,1a,1,1a,1,1a,1,1a,1,1a
KC127264,1,1a,1,1a,1,1a,1,1a,1,1a
KC127265,1,1a,1,1a,1,1a,1,1a,1,1a
KC127266,1,1a,1,1a,1,1a,1,1a,1,1a
KC127267,1,1a,1,1a,1,1a,1,1a,1,1a
KC127268,1,1a,1,1a,1,1a,1,1a,1,1a
KC127269,1,1a,1,1a,1,1a,1,1a,1,1a
KC127270,1,1a,1,1a,1,1a,1,1a,1,1a
KC127271,1,1a,1,1a,1,1a,1,1a,1,1a
KC127272,1,1a,1,1a,1,1a,1,1a,1,1a
KC127273,1,1a,1,1a,1,1a,1,1a,1,1a
KC127274,1,1a,1,1a,1,1a,1,1a,1,1a
KC127278,1,1a,1,1a,1,1a,1,1a,1,1a
KC127279,1,1a,1,1a,1,1a,1,1a,1,1a
KC127280,1,1a,1,1a,1,1a,1,1a,1,1a
KC127281,1,1a,1,1a,1,1a,1,1a,1,1a
KC127282,1,1a,1,1a,1,1a,1,1a,1,1a
KC127283,1,1a,1,1a,1,1a,1,1a,1,1a
KC127284,1,1a,1,1a,1,1a,1,1a,1,1a
KC127285,1,1a,1,1a,1,1a,1,1a,1,1a
KC127286,1,1a,1,1a,1,1a,1,1a,1,1a
KC127287,1,1a,1,1a,1,1a,1,1a,1,1a
KC127288,1,1a,1,1a,1,1a,1,1a,1,1a
KC127289,1,1a,1,1a,1,1a,1,1a,1,1a
KC127290,1,1a,1,1a,1,1a,1,1a,1,1a
KC127291,1,1a,1,1a,1,1a,1,1a,1,1a
KC127292,1,1a,1,1a,1,1a,1,1a,1,1a
KC127293,1,1a,1,1a,1,1a,1,1a,1,1a
KC127294,1,1a,1,1a,1,1a,1,1a,1,1a
KC127295,1,1a,1,1a,1,1a,1,1a,1,1a
KC127296,1,1a,1,1a,1,1a,1,1a,1,1a
KC127297,1,1a,1,1a,1,1a,1,1a,1,1a
KC127298,1,1a,1,1a,1,1a,1,1a,1,1a
KC127299,1,1a,1,1a,1,1a,1,1a,1,1a
KC127300,1,1a,1,1a,1,1a,1,1a,1,1a
KC127301,1,1a,1,1a,1,1a,1,1a,1,1a
KC127302,1,1a,1,1a,1,1a,1,1a,1,1a
KC127305,1,1a,1,1a,1,1a,1,1a,1,1a
KC127307,1,1a,1,1a,1,1a,1,1a,1,1a
KC127309,1,1a,1,1a,1,1a,1,1a,1,1a
KC127310,1,1a,1,1a,1,1a,1,1a,1,1a
KC127311,1,1a,1,1a,1,1a,1,1a,1,1a
KC127312,1,1a,1,1a,1,1a,1,1a,1,1a
KC127315,1,1a,1,1a,1,1a,1,1a,1,1a
KC127317,1,1a,1,1a,1,1a,1,1a,1,1a
KC127319,1,1a,1,1a,1,1a,1,1a,1,1a
KC127321,1,1a,1,1a,1,1a,1,1a,1,1a
KC127322,1,1a,1,1a,1,1a,1,1a,1,1a
KC127323,1,1a,1,1a,1,1a,1,1a,1,1a
KC127324,1,1a,1,1a,1,1a,1,1a,1,1a
KC127325,1,1a,1,1a,1,1a,1,1a,1,1a
KC127326,1,1a,1,1a,1,1a,1,1a,1,1a
KC127329,1,1a,1,1a,1,1a,1,1a,1,1a
KC127330,1,1a,1,1a,1,1a,1,1a,1,1a
KC127331,1,1a,1,1a,1,1a,1,1a,1,1a
KC127333,1,1a,1,1a,1,1a,1,1a,1,1a
KC127335,1,1a,1,1a,1,1a,1,1a,1,1a
KC127336,1,1a,1,1a,1,1a,1,1a,1,1a
KC127337,1,1a,1,1a,1,1a,1,1a,1,1a
KC127338,1,1a,1,1a,1,1a,1,1a,1,1a
KC127339,1,1a,1,1a,1,1a,1,1a,1,1a
KC127342,1,1a,1,1a,1,1a,1,1a,1,1a
KC127343,1,1a,1,1a,1,1a,1,1a,1,1a
KC127346,1,1a,1,1a,1,1a,1,1a,1,1a
KC127347,1,1a,1,1a,1,1a,1,1a,1,1a
KC127348,1,1a,1,1a,1,1a,1,1a,1,1a
KC127349,1,1a,1,1a,1,1a,1,1a,1,1a
KC127350,1,1a,1,1a,1,1a,1,1a,1,1a
KC127352,1,1a,1,1a,1,1a,1,1a,1,1a
KC127353,1,1a,1,1a,1,1a,1,1a,1,1a
KC127354,1,1a,1,1a,1,1a,1,1a,1,1a
KC127356,1,1a,1,1a,1,1a,1,1a,1,1a
KC127357,1,1a,1,1a,1,1a,1,1a,1,1a
KC127358,1,1a,1,1a,1,1a,1,1a,1,1a
KC127359,1,1a,1,1a,1,1a,1,1a,1,1a
KC127360,1,1a,1,1a,1,1a,1,1a,1,1a
KC127361,1,1a,1,1a,1,1a,1,1a,1,1a
KC127362,1,1a,1,1a,1,1a,1,1a,1,1a
KC127364,1,1a,1,1a,1,1a,1,1a,1,1a
KC127365,1,1a,1,1a,1,1a,1,1a,1,1a
KC127366,1,1a,1,1a,1,1a,1,1a,1,1a
KC127367,1,1a,1,1a,1,1a,1,1a,1,1a
KC127368,1,1a,1,1a,1,1a,1,1a,1,1a
KC127369,1,1a,1,1a,1,1a,1,1a,1,1a
KC127370,1,1a,1,1a,1,1a,1,1a,1,1a
KC127373,1,1a,1,1a,1,1a,1,1a,1,1a
KC127374,1,1a,1,1a,1,1a,1,1a,1,1a
KC127375,1,1a,1,1a,1,1a,1,1a,1,1a
KC127376,1,1a,1,1a,1,1a,1,1a,1,1a
KC127377,1,1a,1,1a,1,1a,1,1a,1,1a
KC127379,1,1a,1,1a,1,1a,1,1a,1,1a
KC127380,1,1a,1,1a,1,1a,1,1a,1,1a
KC127381,1,1a,1,1a,1,1a,1,1a,1,1a
KC127382,1,1a,1,1a,1,1a,1,1a,1,1a
KC127383,1,1a,1,1a,1,1a,1,1a,1,1a
KC127384,1,1a,1,1a,1,1a,1,1a,1,1a
KC127385,1,1a,1,1a,1,1a,1,1a,1,1a
KC127386,1,1a,1,1a,1,1a,1,1a,1,1a
KC127388,1,1a,1,1a,1,1a,1,1a,1,1a
KC127390,1,1a,1,1a,1,1a,1,1a,1,1a
KC127391,1,1a,1,1a,1,1a,1,1a,1,1a
KC127392,1,1a,1,1a,1,1a,1,1a,1,1a
KC127395,1,1a,1,1a,1,1a,1,1a,1,1a
KC127397,1,1a,1,1a,1,1a,1,1a,1,1a
KC127398,1,1a,1,1a,1,1a,1,1a,1,1a
KC127399,1,1a,1,1a,1,1a,1,1a,1,1a
KC127400,1,1a,1,1a,1,1a,1,1a,1,1a
KC127404,1,1a,1,1a,1,1a,1,1a,1,1a
KC127405,1,1a,1,1a,1,1a,1,1a,1,1a
KC127406,1,1a,1,1a,1,1a,1,1a,1,1a
KC127407,1,1a,1,1a,1,1a,1,1a,1,1a
KC127408,1,1a,1,1a,1,1a,1,1a,1,1a
KC127412,1,1a,1,1a,1,1a,1,1a,1,1a
KC127413,1,1a,1,1a,1,1a,1,1a,1,1a
KC127414,1,1a,1,1a,1,1a,1,1a,1,1a
KC127415,1,1a,1,1a,1,1a,1,1a,1,1a
KC127416,1,1a,1,1a,1,1a,1,1a,1,1a
KC127417,1,1a,1,1a,1,1a,1,1a,1,1a
KC127418,1,1a,1,1a,1,1a,1,1a,1,1a
KC127419,1,1a,1,1a,1,1a,1,1a,1,1a
KC127420,1,1a,1,1a,1,1a,1,1a,1,1a
KC127421,1,1a,1,1a,1,1a,1,1a,1,1a
KC127422,1,1a,1,1a,1,1a,1,1a,1,1a
KC127423,1,1a,1,1a,1,1a,1,1a,1,1a
KC127424,1,1a,1,1a,1,1a,1,1a,1,1a
KC127425,1,1a,1,1a,1,1a,1,1a,1,1a
KC127426,1,1a,1,1a,1,1a,1,1a,1,1a
KC127427,1,1a,1,1a,1,1a,1,1a,1,1a
KC127428,1,1a,1,1a,1,1a,1,1a,1,1a
KC127429,1,1a,1,1a,1,1a,1,1a,1,1a
KC127430,1,1a,1,1a,1,1a,1,1a,1,1a
KC127431,1,1a,1,1a,1,1a,1,1a,1,1a
KC127432,1,1a,1,1a,1,1a,1,1a,1,1a
KC127434,1,1a,1,1a,1,1a,1,1a,1,1a
KC127436,1,1a,1,1a,1,1a,1,1a,1,1a
KC127437,1,1a,1,1a,1,1a,1,1a,1,1a
KC127439,1,1a,1,1a,1,1a,1,1a,1,1a
KC127440,1,1a,1,1a,1,1a,1,1a,1,1a
KC127441,1,1a,1,1a,1,1a,1,1a,1,1a
KC127442,1,1a,1,1a,1,1a,1,1a,1,1a
KC127444,1,1a,1,1a,1,1a,1,1a,1,1a
KC127445,1,1a,1,1a,1,1a,1,1a,1,1a
KC127446,1,1a,1,1a,1,1a,1,1a,1,1a
KC127447,1,1a,1,1a,1,1a,1,1a,1,1a
KC127449,1,1a,1,1a,1,1a,1,1a,1,1a
KC127450,1,1a,1,1a,1,1a,1,1a,1,1a
KC127451,1,1a,1,1a,1,1a,1,1a,1,1a
KC127452,1,1a,1,1a,1,1a,1,1a,1,1a
KC127457,1,1a,1,1a,1,1a,1,1a,1,1a
KC127458,1,1a,1,1a,1,1a,1,1a,1,1a
KC127459,1,1a,1,1a,1,1a,1,1a,1,1a
KC127460,1,1a,1,1a,1,1a,1,1a,1,1a
KC127461,1,1a,1,1a,1,1a,1,1a,1,1a
KC127462,1,1a,1,1a,1,1a,1,1a,1,1a
KC127464,1,1a,1,1a,1,1a,1,1a,1,1a
KC127465,1,1a,1,1a,1,1a,1,1a,1,1a
KC127467,1,1a,1,1a,1,1a,1,1a,1,1a
KC127468,1,1a,1,1a,1,1a,1,1a,1,1a
KC127469,1,1a,1,1a,1,1a,1,1a,1,1a
KC127470,1,1a,1,1a,1,1a,1,1a,1,1a
KC127471,1,1a,1,1a,1,1a,1,1a,1,1a
KC127472,1,1a,1,1a,1,1a,1,1a,1,1a
KC127473,1,1a,1,1a,1,1a,1,1a,1,1a
KC127474,1,1a,1,1a,1,1a,1,1a,1,1a
KC127475,1,1a,1,1a,1,1a,1,1a,1,1a
KC127476,1,1a,1,1a,1,1a,1,1a,1,1a
KC127477,1,1a,1,1a,1,1a,1,1a,1,1a
KC127478,1,1a,1,1a,1,1a,1,1a,1,1a
KC127479,1,1a,1,1a,1,1a,1,1a,1,1a
KC127480,1,1a,1,1a,1,1a,1,1a,1,1a
KC127482,1,1a,1,1a,1,1a,1,1a,1,1a
KC127483,1,1a,1,1a,1,1a,1,1a,1,1a
KC127484,1,1a,1,1a,1,1a,1,1a,1,1a
KC127485,1,1a,1,1a,1,1a,1,1a,1,1a
KC127486,1,1a,1,1a,1,1a,1,1a,1,1a
KC127487,1,1a,1,1a,1,1a,1,1a,1,1a
KC127488,1,1a,1,1a,1,1a,1,1a,1,1a
KC127489,1,1a,1,1a,1,1a,1,1a,1,1a
KC127490,1,1a,1,1a,1,1a,1,1a,1,1a
KC127491,1,1a,1,1a,1,1a,1,1a,1,1a
KC127492,1,1a,1,1a,1,1a,1,1a,1,1a
KC127493,1,1a,1,1a,1,1a,1,1a,1,1a
KC127494,1,1a,1,1a,1,1a,1,1a,1,1a
KC127495,1,1a,1,1a,1,1a,1,1a,1,1a
KC127496,1,1a,1,1a,1,1a,1,1a,1,1a
KC127497,1,1a,1,1a,1,1a,1,1a,1,1a
KC127498,1,1a,1,1a,1,1a,1,1a,1,1a
KC127499,1,1a,1,1a,1,1a,1,1a,1,1a
KC127500,1,1a,1,1a,1,1a,1,1a,1,1a
KC127501,1,1a,1,1a,1,1a,1,1a,1,1a
KC127502,1,1a,1,1a,1,1a,1,1a,1,1a
KC127503,1,1a,1,1a,1,1a,1,1a,1,1a
KC127504,1,1a,1,1a,1,1a,1,1a,1,1a
KC127506,1,1a,1,1a,1,1a,1,1a,1,1a
KC127507,1,1a,1,1a,1,1a,1,1a,1,1a
KC127508,1,1a,1,1a,1,1a,1,1a,1,1a
KC127509,1,1a,1,1a,1,1a,1,1a,1,1a
KC127510,1,1a,1,1a,1,1a,1,1a,1,1a
KC127511,1,1a,1,1a,1,1a,1,1a,1,1a
KC127512,1,1a,1,1a,1,1a,1,1a,1,1a
KC127514,1,1a,1,1a,1,1a,1,1a,1,1a
KC127515,1,1a,1,1a,1,1a,1,1a,1,1a
KC127516,1,1a,1,1a,1,1a,1,1a,1,1a
KC127517,1,1a,1,1a,1,1a,1,1a,1,1a
KC127518,1,1a,1,1a,1,1a,1,1a,1,1a
KC127519,1,1a,1,1a,1,1a,1,1a,1,1a
KC127520,1,1a,1,1a,1,1a,1,1a,1,1a
KC127521,1,1a,1,1a,1,1a,1,1a,1,1a
KC127522,1,1a,1,1a,1,1a,1,1a,1,1a
KC127523,1,1a,1,1a,1,1a,1,1a,1,1a
KC127524,1,1a,1,1a,1,1a,1,1a,1,1a
KC127525,1,1a,1,1a,1,1a,1,1a,1,1a
KC127526,1,1a,1,1a,1,1a,1,1a,1,1a
KC127527,1,1a,1,1a,1,1a,1,1a,1,1a
KC127528,1,1a,1,1a,1,1a,1,1a,1,1a
KC127529,1,1a,1,1a,1,1a,1,1a,1,1a
KC127531,1,1a,1,1a,1,1a,1,1a,1,1a
KC127532,1,1a,1,1a,1,1a,1,1a,1,1a
KC127533,1,1a,1,1a,1,1a,1,1a,1,1a
KC127534,1,1a,1,1a,1,1a,1,1a,1,1a
KC127536,1,1a,1,1a,1,1a,1,1a,1,1a
KC127537,1,1a,1,1a,1,1a,1,1a,1,1a
KC127538,1,1a,1,1a,1,1a,1,1a,1,1a
KC127539,1,1a,1,1a,1,1a,1,1a,1,1a
KC127542,1,1a,1,1a,1,1a,1,1a,1,1a
KC127543,1,1a,1,1a,1,1a,1,1a,1,1a
KC127545,1,1a,1,1a,1,1a,1,1a,1,1a
KC127547,1,1a,1,1a,1,1a,1,1a,1,1a
KC127548,1,1a,1,1a,1,1a,1,1a,1,1a
KC127549,1,1a,1,1a,1,1a,1,1a,1,1a
KC127551,1,1a,1,1a,1,1a,1,1a,1,1a
KC127552,1,1a,1,1a,1,1a,1,1a,1,1a
KC127553,1,1a,1,1a,1,1a,1,1a,1,1a
KC127554,1,1a,1,1a,1,1a,1,1a,1,1a
KC127556,1,1a,1,1a,1,1a,1,1a,1,1a
KC127557,1,1a,1,1a,1,1a,1,1a,1,1a
KC127558,1,1a,1,1a,1,1a,1,1a,1,1a
KC127559,1,1a,1,1a,1,1a,1,1a,1,1a
KC127560,1,1a,1,1a,1,1a,1,1a,1,1a
KC127561,1,1a,1,1a,1,1a,1,1a,1,1a
KC127564,1,1a,1,1a,1,1a,1,1a,1,1a
KC127565,1,1a,1,1a,1,1a,1,1a,1,1a
KC127567,1,1a,1,1a,1,1a,1,1a,1,1a
KC127568,1,1a,1,1a,1,1a,1,1a,1,1a
KC127570,1,1a,1,1a,1,1a,1,1a,1,1a
KC127571,1,1a,1,1a,1,1a,1,1a,1,1a
KC127572,1,1a,1,1a,1,1a,1,1a,1,1a
KC127573,1,1a,1,1a,1,1a,1,1a,1,1a
KC127574,1,1a,1,1a,1,1a,1,1a,1,1a
KC127575,1,1a,1,1a,1,1a,1,1a,1,1a
KC127577,1,1a,1,1a,1,1a,1,1a,1,1a
KC127578,1,1a,1,1a,1,1a,1,1a,1,1a
KC127579,1,1a,1,1a,1,1a,1,1a,1,1a
KC127580,1,1a,1,1a,1,1a,1,1a,1,1a
KC127581,1,1a,1,1a,1,1a,1,1a,1,1a
KC127583,1,1a,1,1a,1,1a,1,1a,1,1a
KC127584,1,1a,1,1a,1,1a,1,1a,1,1a
KC127586,1,1a,1,1a,1,1a,1,1a,1,1a
KC127588,1,1a,1,1a,1,1a,1,1a,1,1a
KC127589,1,1a,1,1a,1,1a,1,1a,1,1a
KC127590,1,1a,1,1a,1,1a,1,1a,1,1a
KC127592,1,1a,1,1a,1,1a,1,1a,1,1a
KC127594,1,1a,1,1a,1,1a,1,1a,1,1a
KC127596,1,1a,1,1a,1,1a,1,1a,1,1a
KC127597,1,1a,1,1a,1,1a,1,1a,1,1a
KC127598,1,1a,1,1a,1,1a,1,1a,1,1a
KC127599,1,1a,1,1a,1,1a,1,1a,1,1a
KC127600,1,1a,1,1a,1,1a,1,1a,1,1a
KC127601,1,1a,1,1a,1,1a,1,1a,1,1a
KC127602,1,1a,1,1a,1,1a,1,1a,1,1a
KC127603,1,1a,1,1a,1,1a,1,1a,1,1a
KC127604,1,1a,1,1a,1,1a,1,1a,1,1a
KC127606,1,1a,1,1a,1,1a,1,1a,1,1a
KC127607,1,1a,1,1a,1,1a,1,1a,1,1a
KC127609,1,1a,1,1a,1,1a,1,1a,1,1a
KC127610,1,1a,1,1a,1,1a,1,1a,1,1a
KC127611,1,1a,1,1a,1,1a,1,1a,1,1a
KC127612,1,1a,1,1a,1,1a,1,1a,1,1a
KC127613,1,1a,1,1a,1,1a,1,1a,1,1a
KC127615,1,1a,1,1a,1,1a,1,1a,1,1a
KC127616,1,1a,1,1a,1,1a,1,1a,1,1a
KC127617,1,1a,1,1a,1,1a,1,1a,1,1a
KC127618,1,1a,1,1a,1,1a,1,1a,1,1a
KC127619,1,1a,1,1a,1,1a,1,1a,1,1a
KC127620,1,1a,1,1a,1,1a,1,1a,1,1a
KC127621,1,1a,1,1a,1,1a,1,1a,1,1a
KC127622,1,1a,1,1a,1,1a,1,1a,1,1a
KC127624,1,1a,1,1a,1,1a,1,1a,1,1a
KC127625,1,1a,1,1a,1,1a,1,1a,1,1a
KC127627,1,1a,1,1a,1,1a,1,1a,1,1a
KC127628,1,1a,1,1a,1,1a,1,1a,1,1a
KC127629,1,1a,1,1a,1,1a,1,1a,1,1a
KC127630,1,1a,1,1a,1,1a,1,1a,1,1a
KC127631,1,1a,1,1a,1,1a,1,1a,1,1a
KC127632,1,1a,1,1a,1,1a,1,1a,1,1a
KC127634,1,1a,1,1a,1,1a,1,1a,1,1a
KC127635,1,1a,1,1a,1,1a,1,1a,1,1a
KC127636,1,1a,1,1a,1,1a,1,1a,1,1a
KC127637,1,1a,1,1a,1,1a,1,1a,1,1a
KC127638,1,1a,1,1a,1,1a,1,1a,1,1a
KC127640,1,1a,1,1a,1,1a,1,1a,1,1a
KC127641,1,1a,1,1a,1,1a,1,1a,1,1a
KC127642,1,1a,1,1a,1,1a,1,1a,1,1a
KC127645,1,1a,1,1a,1,1a,1,1a,1,1a
KC127647,1,1a,1,1a,1,1a,1,1a,1,1a
KC127648,1,1a,1,1a,1,1a,1,1a,1,1a
KC127649,1,1a,1,1a,1,1a,1,1a,1,1a
KC127650,1,1a,1,1a,1,1a,1,1a,1,1a
KC127651,1,1a,1,1a,1,1a,1,1a,1,1a
KC127652,1,1a,1,1a,1,1a,1,1a,1,1a
KC127653,1,1a,1,1a,1,1a,1,1a,1,1a
KC127654,1,1a,1,1a,1,1a,1,1a,1,1a
KC127655,1,1a,1,1a,1,1a,1,1a,1,1a
KC127656,1,1a,1,1a,1,1a,1,1a,1,1a
KC191671,6,6n,6,6n,6,6n,6,6n,6,6n
KC197226,2,2b,2,2b,2,2b,2,2b,2,2b
KC197227,2,2c,2,2c,2,2c,2,2c,2,2c
KC197228,2,2c,2,2c,2,2c,2,2c,2,2c
KC197232,2,2j,2,2j,2,2j,2,2j,2,2j
KC197234,2,2k,2,2k,2,2k,2,2k,2,2k
KC197235,2,2l,2,2l,2,2a,2,2b,2,2l
KC197236,2,2q,2,2m,2,2j,2,2j,2,
KC197237,2,2u,2,2c,2,2a,2,2j,2,
KC197238,2,2t,2,2t,2,2b,2,2b,2,
KC197239,2,2q,2,2q,2,2b,2,2b,2,
KC197240,2,2l,2,2l,2,2j,2,2b,2,2l
KC248193,1,1l,1,1l,1,1l,1,1l,,
KC248194,1,1e,1,1e,1,1e,1,1e,1,1e
KC248195,1,1l,1,1l,1,1l,1,1l,1,
KC248197,1,1l,1,1l,1,1l,1,1l,1,1l
KC248198,1,1h,1,1h,1,1h,1,1h,1,1h
KC248199,1,1h,1,1h,1,1h,1,1h,1,1h
KC283194,1,1a,1,1a,1,1a,1,1a,1,1a
KC415734,3,3a,3,3a,3,3a,3,3a,3,3a
KC415735,3,3a,3,3a,3,3a,3,3a,3,3a
KC415736,3,3a,3,3a,3,3a,3,3a,3,3a
KC415737,3,3a,3,3a,3,3a,3,3a,3,3a
KC415738,3,3a,3,3a,3,3a,3,3a,3,3a
KC415739,3,3a,3,3a,3,3a,3,3a,3,3a
KC415740,3,3a,3,3a,3,3a,3,3a,3,3a
KC415741,3,3a,3,3a,3,3a,3,3a,3,3a
KC415742,3,3a,3,3a,3,3a,3,3a,3,3a
KC415743,3,3a,3,3a,3,3a,3,3a,3,3a
KC591747,1,1b,1,1b,1,1b,1,1b,,
KC591750,1,1a,1,1a,1,1a,1,1a,,
KC591751,1,1a,1,1a,1,1a,1,1a,,
KC591752,1,1a,1,1a,1,1a,1,1a,,
KC591757,1,1a,1,1a,1,1a,1,1a,,
KC591758,1,1a,1,1a,1,1a,1,1a,,
KC591760,1,1a,1,1a,1,1a,1,1a,,
KC591762,1,1a,1,1a,1,1a,1,1a,,
KC591763,1,1a,1,1a,1,1a,1,1a,,
KC591764,1,1a,1,1a,1,1a,1,1a,,
KC591765,1,1a,1,1a,1,1a,1,1a,,
KC591767,1,1a,1,1a,1,1a,1,1a,,
KC767829,5,5a,5,5a,5,5a,5,5a,5,5a
KC767830,5,5a,5,5a,5,5a,5,5a,5,5a
KC767831,5,5a,5,5a,5,5a,5,5a,5,5a
KC767832,5,5a,5,5a,5,5a,5,5a,5,5a
KC767833,5,5a,5,5a,5,5a,5,5a,5,5a
KC767834,5,5a,5,5a,5,5a,5,5a,5,5a
KC844037,6,6a,6,6a,6,6a,6,6a,6,6a
KC844038,6,6a,6,6a,6,6a,6,6a,6,6a
KC844039,6,6t,6,6xa,1,1b,6,6w,6,
KC844041,3,3a,3,3a,3,3a,3,3a,3,3a
KC844042,2,2f,2,2f,2,2a,2,2j,2,2f
KC844043,2,2a,2,2a,2,2a,2,2a,2,2a
KC844044,3,3b,3,3b,3,3b,3,3b,3,3b
KC844045,4,4d,4,4d,4,4d,4,4d,4,4d
KC844046,5,5a,5,5a,5,5a,5,5a,5,5a
KC844047,1,1c,1,1c,1,1c,1,1c,1,1c
KC844049,1,1a,1,1a,1,1a,1,1a,1,1a
KF035123,3,3a,3,3a,3,3a,3,3a,3,3a
KF035124,3,3a,3,3a,3,3a,3,3a,3,3a
KF035125,3,3a,3,3a,3,3a,3,3a,3,3a
KF035126,3,3a,3,3a,3,3a,3,3a,3,3a
KF035127,3,3a,3,3a,3,3a,3,3a,3,3a
KF373567,5,5a,5,5a,5,5a,5,5a,5,5a
KF420488,1,1b,1,1b,1,1b,1,1b,1,
KF420489,1,1b,1,1b,1,1b,1,1b,1,
KF420493,1,1b,1,1b,1,1b,1,1b,1,
KF420494,1,1b,1,1b,1,1b,1,1b,1,
KF420495,1,1b,1,1b,1,1b,1,1b,1,
KF420496,1,1b,1,1b,1,1b,1,1b,1,
KF420497,1,1b,1,1b,1,1b,1,1b,1,
KF420498,1,1b,1,1b,1,1b,1,1b,1,
KF420501,1,1b,1,1b,1,1b,1,1b,1,
KF420502,1,1b,1,1b,1,1b,1,1b,1,
KF420503,1,1b,1,1b,1,1b,1,1b,1,
KF420504,1,1b,1,1b,1,1b,1,1b,1,
KF420505,1,1b,1,1b,1,1b,1,1b,1,
KF420507,1,1b,1,1b,1,1b,1,1b,1,
KF420508,1,1b,1,1b,1,1b,1,1b,1,
KF420510,1,1b,1,1b,1,1b,1,1b,1,
KF420511,1,1b,1,1b,1,1b,1,1b,1,
KF420513,1,1b,1,1b,1,1b,1,1b,1,
KF667788,1,1a,1,1a,1,1a,1,1a,1,1a
KF667789,1,1a,1,1a,1,1a,1,1a,1,1a
KF667790,1,1a,1,1a,1,1a,1,1a,1,1a
KF667791,1,1a,1,1a,1,1a,1,1a,1,1a
KF667792,1,1a,1,1a,1,1a,1,1a,1,1a
KF667793,1,1a,1,1a,1,1a,1,1a,1,1a
KF667794,1,1a,1,1a,1,1a,1,1a,1,1a
KF667795,1,1a,1,1a,1,1a,1,1a,1,1a
KF667796,1,1a,1,1a,1,1a,1,1a,1,1a
KF667797,1,1a,1,1a,1,1a,1,1a,1,1a
KF667798,1,1a,1,1a,1,1a,1,1a,1,1a
KF667799,1,1a,1,1a,1,1a,1,1a,1,1a
KF667800,1,1a,1,1a,1,1a,1,1a,1,1a
KF667801,1,1a,1,1a,1,1a,1,1a,1,1a
KF667802,1,1a,1,1a,1,1a,1,1a,1,1a
KF667803,1,1a,1,1a,1,1a,1,1a,1,1a
KF667804,1,1a,1,1a,1,1a,1,1a,1,1a
KF667805,1,1a,1,1a,1,1a,1,1a,1,1a
KF667806,1,1a,1,1a,1,1a,1,1a,1,1a
KF667807,1,1a,1,1a,1,1a,1,1a,1,1a
KF667808,1,1a,1,1a,1,1a,1,1a,1,1a
KF667809,1,1a,1,1a,1,1a,1,1a,1,1a
KF667810,1,1a,1,1a,1,1a,1,1a,1,1a
KF667811,1,1a,1,1a,1,1a,1,1a,1,1a
KF667812,1,1a,1,1a,1,1a,1,1a,1,1a
KF667813,1,1a,1,1a,1,1a,1,1a,1,1a
KF667814,1,1a,1,1a,1,1a,1,1a,1,1a
KF667815,1,1a,1,1a,1,1a,1,1a,1,1a
KF667816,1,1a,1,1a,1,1a,1,1a,1,1a
KF667817,1,1a,1,1a,1,1a,1,1a,1,1a
KF667818,1,1a,1,1a,1,1a,1,1a,1,1a
KF667819,1,1a,1,1a,1,1a,1,1a,1,1a
KF667850,1,1b,1,1b,1,1b,1,1b,1,1b
KF667851,1,1b,1,1b,1,1b,1,1b,1,1b
KF667852,1,1b,1,1b,1,1b,1,1b,1,1b
KF667853,1,1b,1,1b,1,1b,1,1b,1,1b
KF667854,1,1b,1,1b,1,1b,1,1b,1,1b
KF667856,1,1b,1,1b,1,1b,1,1b,1,1b
KF667857,1,1b,1,1b,1,1b,1,1b,1,1b
KF667858,1,1b,1,1b,1,1b,1,1b,1,1b
KF667859,1,1b,1,1b,1,1b,1,1b,1,1b
KF667860,1,1b,1,1b,1,1b,1,1b,1,1b
KF667861,1,1b,1,1b,1,1b,1,1b,1,1b
KF667862,1,1b,1,1b,1,1b,1,1b,1,1b
KF667863,1,1b,1,1b,1,1b,1,1b,1,1b
KF667864,1,1b,1,1b,1,1b,1,1b,1,1b
KF667865,1,1b,1,1b,1,1b,1,1b,1,1b
KF667866,1,1b,1,1b,1,1b,1,1b,1,1b
KF667867,1,1b,1,1b,1,1b,1,1b,1,1b
KF667868,1,1b,1,1b,1,1b,1,1b,1,1b
KF667869,1,1b,1,1b,1,1b,1,1b,1,1b
KF667870,1,1b,1,1b,1,1b,1,1b,1,1b
KF667871,1,1b,1,1b,1,1b,1,1b,1,1b
KF667872,1,1b,1,1b,1,1b,1,1b,1,1b
KF667873,1,1b,1,1b,1,1b,1,1b,1,1b
KF667874,1,1b,1,1b,1,1b,1,1b,1,1b
KF667875,1,1b,1,1b,1,1b,1,1b,1,1b
KF667876,1,1b,1,1b,1,1b,1,1b,1,1b
KF667877,1,1b,1,1b,1,1b,1,1b,1,1b
KF667878,1,1b,1,1b,1,1b,1,1b,1,1b
KF667879,1,1b,1,1b,1,1b,1,1b,1,1b
OR128494,3,3a,3,3a,3,3a,3,3a,,
OR128495,1,1a,1,1a,1,1a,1,1a,,
OR128496,3,3a,3,3a,3,3a,3,3a,,
OR128499,1,1b,1,1b,1,1b,1,1b,,
OR128500,1,1b,1,1b,1,1b,1,1b,,
OR128501,3,3a,3,3a,3,3a,3,3a,,
OR128502,1,1a,1,1a,1,1a,1,1a,,
OR128503,3,3a,3,3a,3,3a,3,3a,,
OR128504,3,3a,3,3a,3,3a,3,3a,,
OR128506,3,3a,3,3a,3,3a,3,3a,,
OR128510,3,3a,3,3a,3,3a,3,3a,,
OR128512,1,1b,1,1b,1,1b,1,1b,,
OR128513,1,1b,1,1b,1,1b,1,1b,,
OR128514,3,3a,3,3a,3,3a,3,3a,,
OR128516,1,1b,1,1b,1,1b,1,1b,,
OR128517,1,1b,1,1b,1,1b,1,1b,,
OR128518,3,3a,3,3a,3,3a,3,3a,,
OR128519,1,1b,1,1b,1,1b,1,1b,,
OR128520,1,1a,1,1a,1,1a,1,1a,,
OR128521,1,1a,1,1a,1,1a,1,1a,,
OR128522,1,1a,1,1a,1,1a,1,1a,,
OR128524,1,1a,1,1a,1,1a,1,1a,,
OR128525,1,1a,1,1a,1,1a,1,1a,,
OR128526,1,1a,1,1a,1,1a,1,1a,,
OR128527,1,1b,1,1b,1,1b,1,1b,,
OR128528,1,1a,1,1a,1,1a,1,1a,,
OR128530,1,1a,1,1a,1,1a,1,1a,,
OR128531,1,1b,1,1b,1,1b,1,1b,,
OR128534,3,3a,3,3a,3,3a,3,3a,,
OR128535,1,1a,1,1a,1,1a,1,1a,,
PX091937,2,2a,2,2a,2,2a,2,2a,2,2a
PX091938,1,1b,1,1b,1,1b,1,1b,1,1b
PX091939,3,3a,3,3a,3,3a,3,3a,3,3a
KJ437271,1,1a,1,1a,1,1a,1,1a,1,
KJ437279,1,1a,1,1a,1,1a,1,1a,1,
KJ437295,1,1b,1,1b,1,1b,1,1b,1,
KJ437296,1,1a,1,1a,1,1a,1,1a,1,
KJ437300,1,1a,1,1a,1,1a,1,1a,1,
KJ437307,3,3a,3,3a,3,3a,3,3a,3,
KJ437311,3,3a,3,3a,3,3a,3,3a,3,
KJ437313,3,3a,3,3a,3,3a,3,3a,3,
KJ437314,3,3a,3,3a,3,3a,3,3a,3,
KJ437318,3,3a,3,3a,3,3a,3,3a,3,
KJ437327,3,3a,3,3a,3,3a,3,3a,3,
KJ437342,3,3a,3,3a,3,3a,3,3a,3,
KJ439767,1,1c,1,1c,1,1c,1,1c,1,1c
KJ439769,1,1e,1,1e,1,1e,1,1e,1,1e
KJ439770,1,1g,1,1g,1,1g,1,1g,1,1g
KJ439771,1,1h,1,1h,1,1h,1,1h,1,1h
KJ439772,1,1i,1,1i,1,1b,1,1b,1,1i
KJ439773,1,1j,1,1j,1,1a,1,1a,1,1j
KJ439774,1,1k,1,1k,1,1a,1,1a,1,1k
KJ439775,1,1n,1,1n,1,1a,1,1a,1,
KJ439776,1,1l,1,1l,1,1l,1,1l,1,
KJ439777,1,1k,1,1k,1,1a,1,1a,1,
KJ439778,1,1m,1,1m,1,1a,1,1a,1,
KJ439779,1,1o,1,1o,1,1b,1,1b,1,
KJ439780,1,1k,1,1k,1,1a,1,1a,1,
KJ439781,1,1n,1,1n,1,1a,1,1a,1,
KJ439782,1,1m,1,1m,1,1a,1,1a,1,
KJ470612,3,3a,3,3a,3,3a,3,3a,3,3a
KJ470613,3,3a,3,3a,3,3a,3,3a,3,3a
KJ470614,3,3a,3,3a,3,3a,3,3a,3,3a
KJ470615,3,3a,3,3a,3,3a,3,3a,3,3a
KJ470616,3,3b,3,3b,3,3b,3,3b,3,3b
KJ470617,3,3b,3,3b,3,3b,3,3b,3,3b
KJ470618,3,3e,3,3e,3,3a,3,3a,3,3e
KJ470619,3,3d,3,3d,3,3a,3,3a,3,3d
KJ470620,6,6g,6,6g,6,6w,6,6g,6,
KJ470621,6,6g,6,6g,6,6g,6,6g,6,
KJ470622,5,5a,6,6g,6,6w,6,6g,6,
KJ470623,6,6w,6,6g,4,4k,6,6w,6,
KJ470624,6,6g,6,6g,6,6g,6,6g,6,
KJ470625,6,6g,6,6g,6,6w,6,6w,6,
KJ567644,6,6xj,6,6xb,6,6l,6,6l,6,
KJ567645,6,6xb,6,6xb,6,6l,6,6l,6,6xb
KJ567646,6,6xf,6,6xf,4,4r,6,6e,6,
KJ567647,6,6xf,6,6xf,1,1b,6,6w,6,
KJ567648,6,6q,6,6xf,1,1b,6,6w,6,
KJ567649,6,6xc,6,6xc,6,6a,6,6e,6,
KJ567650,6,6xc,6,6xc,6,6a,6,6e,6,
KJ567651,6,6xc,6,6xc,6,6e,6,6e,6,6xc
KJ567652,6,6xc,6,6xc,6,6e,6,6e,6,
KJ747848,1,1a,1,1a,1,1a,1,1a,,
KJ747849,1,1a,1,1a,1,1a,1,1a,,
KJ747851,1,1a,1,1a,1,1a,1,1a,,
KJ747852,1,1a,1,1a,1,1a,1,1a,,
KJ747853,1,1a,1,1a,1,1a,1,1a,,
KJ747854,1,1a,1,1a,1,1a,1,1a,,
KJ747856,1,1a,1,1a,1,1a,1,1a,,
KJ747857,1,1a,1,1a,1,1a,1,1a,,
KJ747858,1,1a,1,1a,1,1a,1,1a,,
KJ747859,1,1a,1,1a,1,1a,1,1a,,
KJ747860,1,1a,1,1a,1,1a,1,1a,,
KJ747861,1,1a,1,1a,1,1a,1,1a,,
KJ747862,1,1a,1,1a,1,1a,1,1a,,
KJ747863,1,1a,1,1a,1,1a,1,1a,,
KJ747864,1,1a,1,1a,1,1a,1,1a,,
KJ747865,1,1a,1,1a,1,1a,1,1a,,
KJ747866,1,1a,1,1a,1,1a,1,1a,,
KJ747867,1,1a,1,1a,1,1a,1,1a,,
KJ747868,1,1a,1,1a,1,1a,1,1a,,
KJ747869,1,1a,1,1a,1,1a,1,1a,,
KJ747870,1,1a,1,1a,1,1a,1,1a,,
KJ747871,1,1a,1,1a,1,1a,1,1a,,
KJ747872,1,1a,1,1a,1,1a,1,1a,,
KJ747873,1,1a,1,1a,1,1a,1,1a,,
KJ747874,1,1a,1,1a,1,1a,1,1a,,
KJ747875,1,1a,1,1a,1,1a,1,1a,,
KJ747876,1,1a,1,1a,1,1a,1,1a,,
KJ747877,1,1a,1,1a,1,1a,1,1a,,
KJ747878,1,1a,1,1a,1,1a,1,1a,,
KJ747880,1,1a,1,1a,1,1a,1,1a,,
KJ747881,1,1a,1,1a,1,1a,1,1a,,
KJ747882,1,1a,1,1a,1,1a,1,1a,,
KJ747883,1,1a,1,1a,1,1a,1,1a,,
KJ747884,1,1a,1,1a,1,1a,1,1a,,
KJ747885,1,1a,1,1a,1,1a,1,1a,,
KJ747886,1,1a,1,1a,1,1a,1,1a,,
KJ747887,1,1a,1,1a,1,1a,1,1a,,
KJ747888,1,1a,1,1a,1,1a,1,1a,,
KJ747889,1,1a,1,1a,1,1a,1,1a,,
KJ747890,1,1a,1,1a,1,1a,1,1a,,
KJ747891,1,1a,1,1a,1,1a,1,1a,,
KJ747892,1,1a,1,1a,1,1a,1,1a,,
KJ747893,1,1a,1,1a,1,1a,1,1a,,
KJ747894,1,1a,1,1a,1,1a,1,1a,,
KJ747895,1,1a,1,1a,1,1a,1,1a,,
KJ747896,1,1a,1,1a,1,1a,1,1a,,
KJ747897,1,1a,1,1a,1,1a,1,1a,,
KJ747898,1,1a,1,1a,1,1a,1,1a,,
KJ747899,1,1a,1,1a,1,1a,1,1a,,
KJ747902,1,1b,1,1b,1,1b,1,1b,,
KJ747903,1,1b,1,1b,1,1b,1,1b,,
KJ747904,1,1b,1,1b,1,1b,1,1b,,
KJ747905,1,1b,1,1b,1,1b,1,1b,,
KJ747906,1,1b,1,1b,1,1b,1,1b,,
KJ747908,1,1b,1,1b,1,1b,1,1b,,
KJ747909,1,1b,1,1b,1,1b,1,1b,,
KJ747910,1,1b,1,1b,1,1b,1,1b,,
KJ747911,1,1b,1,1b,1,1b,1,1b,,
KJ747912,1,1b,1,1b,1,1b,1,1b,,
KJ747913,1,1b,1,1b,1,1b,1,1b,,
KJ747914,1,1b,1,1b,1,1b,1,1b,,
KJ747915,1,1b,1,1b,1,1b,1,1b,,
KJ747916,1,1b,1,1b,1,1b,1,1b,,
KJ747917,1,1b,1,1b,1,1b,1,1b,,
KJ747918,1,1b,1,1b,1,1b,1,1b,,
KJ747920,1,1b,1,1b,1,1b,1,1b,,
KJ747921,1,1b,1,1b,1,1b,1,1b,,
KJ747922,1,1b,1,1b,1,1b,1,1b,,
KJ747924,1,1b,1,1b,1,1b,1,1b,,
KJ747925,1,1b,1,1b,1,1b,1,1b,,
KJ747926,1,1b,1,1b,1,1b,1,1b,,
KJ747927,1,1b,1,1b,1,1b,1,1b,,
KJ747929,1,1b,1,1b,1,1b,1,1b,,
KJ747930,1,1b,1,1b,1,1b,1,1b,,
KJ747931,1,1b,1,1b,1,1b,1,1b,,
KJ747932,1,1b,1,1b,1,1b,1,1b,,
KJ747933,1,1b,1,1b,1,1b,1,1b,,
KJ747934,1,1b,1,1b,1,1b,1,1b,,
KJ747935,1,1b,1,1b,1,1b,1,1b,,
KJ747936,1,1b,1,1b,1,1b,1,1b,,
KJ747937,1,1b,1,1b,1,1b,1,1b,,
KJ747938,1,1b,1,1b,1,1b,1,1b,,
KJ747939,1,1b,1,1b,1,1b,1,1b,,
KJ747940,1,1b,1,1b,1,1b,1,1b,,
KJ747943,1,1b,1,1b,1,1b,1,1b,,
KJ747944,1,1b,1,1b,1,1b,1,1b,,
KJ747945,1,1b,1,1b,1,1b,1,1b,,
KJ747946,1,1b,1,1b,1,1b,1,1b,,
KJ747947,1,1b,1,1b,1,1b,1,1b,,
KJ747948,1,1b,1,1b,1,1b,1,1b,,
KJ747949,1,1b,1,1b,1,1b,1,1b,,
KJ747950,1,1b,1,1b,1,1b,1,1b,,
KJ747951,1,1b,1,1b,1,1b,1,1b,,
KJ747952,1,1b,1,1b,1,1b,1,1b,,
KJ747953,1,1b,1,1b,1,1b,1,1b,,
KM043272,1,1a,1,1a,1,1a,1,1a,1,1a
KM043273,1,1a,1,1a,1,1a,1,1a,1,1a
KM043274,1,1a,1,1a,1,1a,1,1a,1,1a
KM043275,1,1a,1,1a,1,1a,1,1a,1,1a
KM043276,1,1a,1,1a,1,1a,1,1a,1,1a
KM043277,1,1a,1,1a,1,1a,1,1a,1,1a
KM043278,1,1a,1,1a,1,1a,1,1a,1,1a
KM043279,1,1a,1,1a,1,1a,1,1a,1,1a
KM043280,3,3a,3,3a,3,3a,3,3a,3,3a
KM043281,3,3a,3,3a,3,3a,3,3a,3,3a
KM043284,4,4a,4,4a,4,4a,4,4a,4,4a
KM246375,1,1a,1,1a,1,1a,1,1a,1,1a
KM246376,1,1a,1,1a,1,1a,1,1a,1,1a
KM246377,1,1a,1,1a,1,1a,1,1a,1,1a
KM246378,1,1b,1,1b,1,1b,1,1b,1,1b
KM246379,1,1b,1,1b,1,1b,1,1b,1,1b
KM246380,1,1b,1,1b,1,1b,1,1b,1,1b
KM246381,1,1b,1,1b,1,1b,1,1b,1,1b
KM246382,3,3a,3,3a,3,3a,3,3a,3,3a
KM246383,3,3a,3,3a,3,3a,3,3a,3,3a
KM246384,3,3a,3,3a,3,3a,3,3a,3,3a
KM246385,3,3a,3,3a,3,3a,3,3a,3,3a
KM246386,3,3a,3,3a,3,3a,3,3a,3,3a
KM246387,3,3a,3,3a,3,3a,3,3a,3,3a
KM246388,3,3a,3,3a,3,3a,3,3a,3,3a
KM246389,3,3a,3,3a,3,3a,3,3a,3,3a
KM246390,3,3a,3,3a,3,3a,3,3a,3,3a
KM246391,6,6f,6,6f,6,6f,6,6f,6,6f
KM246392,6,6f,6,6f,6,6f,6,6f,6,6f
KM246393,6,6f,6,6f,6,6f,6,6f,6,6f
KM252779,6,6e,6,6e,6,6e,6,6e,6,6e
KM252780,6,6e,6,6e,6,6e,6,6e,6,6e
KM252782,6,6h,6,6h,6,6h,6,6h,6,6h
KM252783,6,6h,6,6h,6,6h,6,6h,6,6h
KM252784,6,6h,6,6h,6,6h,6,6h,6,6h
KM252785,6,6p,6,6p,6,6p,6,6p,6,6p
KM252786,6,6r,6,6r,6,6r,6,6r,6,6r
KM252787,6,6s,6,6s,6,6s,6,6s,6,6s
KM252789,6,6xd,6,6xd,6,6a,6,6a,6,6xd
KM252790,6,6xd,6,6xd,6,6a,6,6a,6,6xd
KM252791,6,6xd,6,6xd,6,6a,6,6a,6,6xd
KM252792,6,6xe,6,6xe,6,6n,6,6n,6,6xe
KM252793,6,6d,1,1h,4,4k,6,6d,,
KM252794,6,6xe,6,6h,1,1b,6,6w,,
KM252795,6,6j,6,6j,6,6j,6,6j,,
KM252796,6,6q,1,1c,6,6a,6,6e,,
KM252797,6,6q,6,6q,6,6t,6,6e,,
KM252798,6,6p,8,8a,4,4a,6,6e,,
KM252799,6,6a,6,6b,6,6a,6,6a,,
KM252800,6,6q,6,6q,6,6q,6,6e,,
KM277568,1,1b,1,1b,1,1b,1,1b,,
KM277570,1,1b,1,1b,1,1b,1,1b,,
KM277572,1,1b,1,1b,1,1b,1,1b,,
KM277574,1,1b,1,1b,1,1b,1,1b,,
KM277575,1,1b,1,1b,1,1b,1,1b,,
KM277577,1,1b,1,1b,1,1b,1,1b,,
KM277578,1,1b,1,1b,1,1b,1,1b,,
KM277579,1,1b,1,1b,1,1b,1,1b,,
KM277580,1,1b,1,1b,1,1b,1,1b,,
KM504109,6,6xe,6,6n,6,6n,6,6n,6,
KM504110,6,6f,6,6f,6,6f,6,6f,6,6f
KM504111,6,6q,6,6c,6,6o,6,6e,,
KM504112,6,6u,6,6p,6,6w,1,1b,,
KM504114,6,6q,6,6q,6,6w,6,6o,,
KM504115,6,6q,6,6q,6,6q,6,6q,6,6q
KM504117,6,6q,6,6q,6,6q,6,6e,,
KM504118,6,6q,6,6xf,6,6w,6,6w,,
KM504119,6,6h,6,6h,6,6h,6,6h,,
KM504120,6,6q,6,6q,6,6o,6,6e,,
KM504121,6,6q,6,6q,6,6w,6,6w,,
KM504122,6,6h,6,6h,6,6h,6,6h,6,6h
KM504124,6,6c,1,1h,6,6c,6,6c,6,6c
KM587616,2,2a,2,2a,2,2a,2,2a,2,2a
KM587617,2,2b,2,2b,2,2b,2,2b,2,2b
KM587618,2,2b,2,2b,2,2b,2,2b,2,2b
KM587621,2,2j,2,2j,2,2j,2,2j,2,2j
KM587622,3,3a,3,3a,3,3a,3,3a,3,3a
KM587624,4,4a,4,4a,4,4a,4,4a,4,4a
KM587626,5,5a,5,5a,5,5a,5,5a,5,5a
KM587628,6,6a,6,6a,6,6a,6,6a,6,6a
KM587629,6,6e,6,6e,6,6e,6,6e,6,6e
KM587630,6,6j,6,6j,6,6j,6,6j,6,6j
KP064107,1,1b,1,1b,1,1b,1,1b,1,1b
KP064108,1,1b,1,1b,1,1b,1,1b,1,1b
KP064109,1,1b,1,1b,1,1b,1,1b,1,1b
KP064110,1,1b,1,1b,1,1b,1,1b,1,1b
KP064111,1,1b,1,1b,1,1b,1,1b,1,1b
KP064112,1,1b,1,1b,1,1b,1,1b,1,1b
KP064113,1,1b,1,1b,1,1b,1,1b,1,1b
KP064114,1,1b,1,1b,1,1b,1,1b,1,1b
KP064115,1,1b,1,1b,1,1b,1,1b,1,1b
KP064116,1,1b,1,1b,1,1b,1,1b,1,1b
KP064121,1,1b,1,1b,1,1b,1,1b,1,1b
KP212019,1,1a,1,1a,1,1a,1,1a,1,1a
KP212020,1,1a,1,1a,1,1a,1,1a,1,1a
KP212021,1,1a,1,1a,1,1a,1,1a,1,1a
KP212022,1,1a,1,1a,1,1a,1,1a,1,1a
KP212023,1,1a,1,1a,1,1a,1,1a,1,1a
KP212024,1,1a,1,1a,1,1a,1,1a,1,1a
KP212026,1,1a,1,1a,1,1a,1,1a,1,1a
KP212027,1,1a,1,1a,1,1a,1,1a,1,1a
KP212028,1,1a,1,1a,1,1a,1,1a,1,1a
KP212029,1,1a,1,1a,1,1a,1,1a,1,1a
KP212030,1,1a,1,1a,1,1a,1,1a,1,1a
KP212031,1,1a,1,1a,1,1a,1,1a,1,1a
KP212032,1,1a,1,1a,1,1a,1,1a,1,1a
KP212034,1,1a,1,1a,1,1a,1,1a,1,1a
KP212035,1,1a,1,1a,1,1a,1,1a,1,1a
KP212037,1,1a,1,1a,1,1a,1,1a,1,1a
KP212038,1,1a,1,1a,1,1a,1,1a,1,1a
KP212039,1,1a,1,1a,1,1a,1,1a,1,1a
KP212040,1,1a,1,1a,1,1a,1,1a,1,1a
KP212042,1,1a,1,1a,1,1a,1,1a,1,1a
KP212043,1,1a,1,1a,1,1a,1,1a,1,1a
KP212044,1,1a,1,1a,1,1a,1,1a,1,1a
KP212045,1,1a,1,1a,1,1a,1,1a,1,1a
KP212047,1,1a,1,1a,1,1a,1,1a,1,1a
KP212048,1,1a,1,1a,1,1a,1,1a,1,1a
KP212049,1,1a,1,1a,1,1a,1,1a,1,1a
KP212050,1,1a,1,1a,1,1a,1,1a,1,1a
KP212051,1,1a,1,1a,1,1a,1,1a,1,1a
KP212052,1,1a,1,1a,1,1a,1,1a,1,1a
KP212053,1,1a,1,1a,1,1a,1,1a,1,1a
KP212054,1,1a,1,1a,1,1a,1,1a,1,1a
KP212056,1,1a,1,1a,1,1a,1,1a,1,1a
KP212057,1,1a,1,1a,1,1a,1,1a,1,1a
KP212058,1,1b,1,1b,1,1b,1,1b,1,1b
KP212059,1,1b,1,1b,1,1b,1,1b,1,1b
KP212060,1,1b,1,1b,1,1b,1,1b,1,1b
KP212061,1,1b,1,1b,1,1b,1,1b,1,1b
KP212062,1,1b,1,1b,1,1b,1,1b,1,1b
KP212063,1,1b,1,1b,1,1b,1,1b,1,1b
KP212065,1,1b,1,1b,1,1b,1,1b,1,1b
KP212067,2,2b,2,2b,2,2b,2,2b,2,2b
KP212068,2,2b,2,2b,2,2b,2,2b,2,2b
KP212069,3,3a,3,3a,3,3a,3,3a,3,3a
KP212070,3,3a,3,3a,3,3a,3,3a,3,3a
KP212071,3,3a,3,3a,3,3a,3,3a,3,3a
KP212072,3,3a,3,3a,3,3a,3,3a,3,3a
KP212073,3,3a,3,3a,3,3a,3,3a,3,3a
KP212074,3,3a,3,3a,3,3a,3,3a,3,3a
KP212075,3,3a,3,3a,3,3a,3,3a,3,3a
KP212076,3,3a,3,3a,3,3a,3,3a,3,3a
KP212077,3,3a,3,3a,3,3a,3,3a,3,3a
KP212078,3,3a,3,3a,3,3a,3,3a,3,3a
KP212079,3,3a,3,3a,3,3a,3,3a,3,3a
KP212080,3,3a,3,3a,3,3a,3,3a,3,3a
KP212081,3,3a,3,3a,3,3a,3,3a,3,3a
KP212082,3,3a,3,3a,3,3a,3,3a,3,3a
KP212084,3,3a,3,3a,3,3a,3,3a,3,3a
KP212085,3,3a,3,3a,3,3a,3,3a,3,3a
KP212086,3,3a,3,3a,3,3a,3,3a,3,3a
KP212087,3,3a,3,3a,3,3a,3,3a,3,3a
KP212088,3,3a,3,3a,3,3a,3,3a,3,3a
KX621422,1,1a,1,1a,1,1a,1,1a,1,1a
KX621423,1,1a,1,1a,1,1a,1,1a,1,1a
KX621424,1,1a,1,1a,1,1a,1,1a,1,1a
KX621425,1,1a,1,1a,1,1a,1,1a,1,1a
KX621426,3,3a,3,3a,3,3a,3,3a,3,3a
KX621427,1,1a,1,1a,1,1a,1,1a,1,1a
KX621428,3,3a,3,3a,3,3a,3,3a,3,3a
KX621429,3,3a,3,3a,3,3a,3,3a,3,3a
KX621430,1,1a,1,1a,1,1a,1,1a,1,1a
KX621431,3,3a,3,3a,3,3a,3,3a,3,3a
KX621432,3,3a,3,3a,3,3a,3,3a,3,3a
KX621433,3,3a,3,3a,3,3a,3,3a,3,3a
KX621434,3,3a,3,3a,3,3a,3,3a,3,3a
KX621435,1,1a,1,1a,1,1a,1,1a,1,1a
KX621436,1,1a,1,1a,1,1a,1,1a,1,1a
KX621437,1,1a,1,1a,1,1a,1,1a,1,1a
KX621438,1,1a,1,1a,1,1a,1,1a,1,1a
KX621439,1,1a,1,1a,1,1a,1,1a,1,1a
KX621440,1,1a,1,1a,1,1a,1,1a,1,1a
KX621441,3,3a,3,3a,3,3a,3,3a,3,3a
KX621442,1,1a,1,1a,1,1a,1,1a,1,1a
KX621443,1,1a,1,1a,1,1a,1,1a,1,1a
KX621444,1,1a,1,1a,1,1a,1,1a,1,1a
KX621445,1,1a,1,1a,1,1a,1,1a,1,1a
KX621446,1,1a,1,1a,1,1a,1,1a,1,1a
KX621447,3,3a,3,3a,3,3a,3,3a,3,3a
KX621448,1,1a,1,1a,1,1a,1,1a,1,1a
KX621449,1,1a,1,1a,1,1a,1,1a,1,1a
KX621450,1,1a,1,1a,1,1a,1,1a,1,1a
KX621451,1,1a,1,1a,1,1a,1,1a,1,1a
KX621452,1,1a,1,1a,1,1a,1,1a,1,1a
KX621453,3,3a,3,3a,3,3a,3,3a,3,3a
KX621454,3,3a,3,3a,3,3a,3,3a,3,3a
KX621455,1,1a,1,1a,1,1a,1,1a,1,1a
KX621456,1,1a,1,1a,1,1a,1,1a,1,1a
KX621457,1,1a,1,1a,1,1a,1,1a,1,1a
KX621458,1,1a,1,1a,1,1a,1,1a,1,1a
KX621459,1,1a,1,1a,1,1a,1,1a,1,1a
KX621460,1,1a,1,1a,1,1a,1,1a,1,1a
KX621461,1,1a,1,1a,1,1a,1,1a,1,1a
KX621462,1,1a,1,1a,1,1a,1,1a,1,1a
KX621463,1,1a,1,1a,1,1a,1,1a,1,1a
KX621464,1,1a,1,1a,1,1a,1,1a,1,1a
KX621465,1,1a,1,1a,1,1a,1,1a,1,1a
KX621466,1,1a,1,1a,1,1a,1,1a,1,1a
KX621467,1,1a,1,1a,1,1a,1,1a,1,1a
KX621468,1,1a,1,1a,1,1a,1,1a,1,1a
KX621469,3,3a,3,3a,3,3a,3,3a,3,3a
KX621470,3,3a,3,3a,3,3a,3,3a,3,3a
KX621471,1,1a,1,1a,1,1a,1,1a,1,1a
KX621472,3,3a,3,3a,3,3a,3,3a,3,3a
KX621473,1,1a,1,1a,1,1a,1,1a,1,1a
KX621474,1,1a,1,1a,1,1a,1,1a,1,1a
KX621475,3,3a,3,3a,3,3a,3,3a,3,3a
KX621476,3,3a,3,3a,3,3a,3,3a,3,3a
KX621477,3,3a,3,3a,3,3a,3,3a,3,3a
KX621478,3,3a,3,3a,3,3a,3,3a,3,3a
KX621479,3,3a,3,3a,3,3a,3,3a,3,3a
KX621480,3,3a,3,3a,3,3a,3,3a,3,3a
KX621481,3,3a,3,3a,3,3a,3,3a,3,3a
KX621482,1,1a,1,1a,1,1a,1,1a,1,1a
KX621483,3,3a,3,3a,3,3a,3,3a,3,3a
KX621484,1,1a,1,1a,1,1a,1,1a,1,1a
KX621485,1,1a,1,1a,1,1a,1,1a,1,1a
KX621486,3,3a,3,3a,3,3a,3,3a,3,3a
KX621487,3,3a,3,3a,3,3a,3,3a,3,3a
KX621488,3,3a,3,3a,3,3a,3,3a,3,3a
KX621489,3,3a,3,3a,3,3a,3,3a,3,3a
KX621490,3,3a,3,3a,3,3a,3,3a,3,3a
KX621491,3,3a,3,3a,3,3a,3,3a,3,3a
KX621492,3,3a,3,3a,3,3a,3,3a,3,3a
KX621493,1,1a,1,1a,1,1a,1,1a,1,1a
KX621494,3,3a,3,3a,3,3a,3,3a,3,3a
KX621495,1,1a,1,1a,1,1a,1,1a,1,1a
KX621496,3,3a,3,3a,3,3a,3,3a,3,3a
KX621497,3,3a,3,3a,3,3a,3,3a,3,3a
KX621498,3,3a,3,3a,3,3a,3,3a,3,3a
KX621499,3,3a,3,3a,3,3a,3,3a,3,3a
KX621500,1,1a,1,1a,1,1a,1,1a,1,1a
KX621501,3,3a,3,3a,3,3a,3,3a,3,3a
KX621502,3,3a,3,3a,3,3a,3,3a,3,3a
KX621503,3,3a,3,3a,3,3a,3,3a,3,3a
KX621504,1,1a,1,1a,1,1a,1,1a,1,1a
KX621505,1,1a,1,1a,1,1a,1,1a,1,1a
KX621506,3,3a,3,3a,3,3a,3,3a,3,3a
KX621507,3,3a,3,3a,3,3a,3,3a,3,3a
KX621508,3,3a,3,3a,3,3a,3,3a,3,3a
KX621509,1,1a,1,1a,1,1a,1,1a,1,1a
KX621510,1,1a,1,1a,1,1a,1,1a,1,1a
KX621511,1,1a,1,1a,1,1a,1,1a,1,1a
KX621512,1,1a,1,1a,1,1a,1,1a,1,1a
KX621513,3,3a,3,3a,3,3a,3,3a,3,3a
KX621514,1,1a,1,1a,1,1a,1,1a,1,1a
KX621515,1,1a,1,1a,1,1a,1,1a,1,1a
KX621516,3,3a,3,3a,3,3a,3,3a,3,3a
KX621517,1,1a,1,1a,1,1a,1,1a,1,1a
KX621518,3,3a,3,3a,3,3a,3,3a,3,3a
KX621519,3,3a,3,3a,3,3a,3,3a,3,3a
KX621520,1,1a,1,1a,1,1a,1,1a,1,1a
KX621521,1,1a,1,1a,1,1a,1,1a,1,1a
KX621522,3,3a,3,3a,3,3a,3,3a,3,3a
KX621523,1,1a,1,1a,1,1a,1,1a,1,1a
KX621524,1,1a,1,1a,1,1a,1,1a,1,1a
KX621525,1,1a,1,1a,1,1a,1,1a,1,1a
KX621526,1,1a,1,1a,1,1a,1,1a,1,1a
KX621527,3,3a,3,3a,3,3a,3,3a,3,3a
KX621528,1,1a,1,1a,1,1a,1,1a,1,1a
KX621529,1,1a,1,1a,1,1a,1,1a,1,1a
KX621530,3,3a,3,3a,3,3a,3,3a,3,3a
KX621531,3,3a,3,3a,3,3a,3,3a,3,3a
KX621532,1,1a,1,1a,1,1a,1,1a,1,1a
KX621533,1,1a,1,1a,1,1a,1,1a,1,1a
KX621534,3,3a,3,3a,3,3a,3,3a,3,3a
KX621535,1,1a,1,1a,1,1a,1,1a,1,1a
KX621536,1,1a,1,1a,1,1a,1,1a,1,1a
KX621537,3,3a,3,3a,3,3a,3,3a,3,3a
KX621538,1,1a,1,1a,1,1a,1,1a,1,1a
KX621539,3,3a,3,3a,3,3a,3,3a,3,3a
KX621540,1,1a,1,1a,1,1a,1,1a,1,1a
KX621541,3,3a,3,3a,3,3a,3,3a,3,3a
KX621542,1,1a,1,1a,1,1a,1,1a,1,1a
KX621543,1,1a,1,1a,1,1a,1,1a,1,1a
KX621544,1,1a,1,1a,1,1a,1,1a,1,1a
KX621545,2,2b,2,2b,2,2b,2,2b,2,2b
KX621546,2,2b,2,2b,2,2b,2,2b,2,2b
KX621547,2,2b,2,2b,2,2b,2,2b,2,2b
KX621548,2,2b,2,2b,2,2b,2,2b,2,2b
KX621549,2,2b,2,2b,2,2b,2,2b,2,2b
KX621550,2,2b,2,2b,2,2b,2,2b,2,2b
KX621551,2,2b,2,2b,2,2b,2,2b,2,2b
KX621552,2,2b,2,2b,2,2b,2,2b,2,2b
KX621553,2,2b,2,2b,2,2b,2,2b,2,2b
KX621554,2,2b,2,2b,2,2b,2,2b,2,2b
KX621555,2,2b,2,2b,2,2b,2,2b,2,2b
KX621556,2,2b,2,2b,2,2b,2,2b,2,2b
KX688325,1,1a,1,1a,1,1a,1,1a,1,1a
KX688326,1,1a,1,1a,1,1a,1,1a,1,1a
KX688327,1,1a,1,1a,1,1a,1,1a,1,1a
KX688328,1,1a,1,1a,1,1a,1,1a,1,1a
KX688330,1,1a,1,1a,1,1a,1,1a,1,1a
KX688332,1,1a,1,1a,1,1a,1,1a,1,1a
KX688335,1,1a,1,1a,1,1a,1,1a,1,1a
KX688336,1,1a,1,1a,1,1a,1,1a,1,1a
KX688337,1,1a,1,1a,1,1a,1,1a,1,1a
KX688338,1,1a,1,1a,1,1a,1,1a,1,1a
KX688339,1,1a,1,1a,1,1a,1,1a,1,1a
KX688341,1,1a,1,1a,1,1a,1,1a,1,1a
KX688342,1,1a,1,1a,1,1a,1,1a,1,1a
KX688343,1,1a,1,1a,1,1a,1,1a,1,1a
KX688344,1,1a,1,1a,1,1a,1,1a,1,1a
KX688345,1,1a,1,1a,1,1a,1,1a,1,1a
KX688347,1,1a,1,1a,1,1a,1,1a,1,1a
KX688349,1,1a,1,1a,1,1a,1,1a,1,1a
KX688350,1,1a,1,1a,1,1a,1,1a,1,1a
KX688351,1,1a,1,1a,1,1a,1,1a,1,1a
KX688352,1,1a,1,1a,1,1a,1,1a,1,1a
KX688353,1,1a,1,1a,1,1a,1,1a,1,1a
KX688354,1,1a,1,1a,1,1a,1,1a,1,1a
KX688355,1,1a,1,1a,1,1a,1,1a,1,1a
KX688356,1,1a,1,1a,1,1a,1,1a,1,1a
KX688357,1,1a,1,1a,1,1a,1,1a,1,1a
KX688358,1,1a,1,1a,1,1a,1,1a,1,1a
KX688360,1,1a,1,1a,1,1a,1,1a,1,1a
KX688361,1,1a,1,1a,1,1a,1,1a,1,1a
KX688362,1,1a,1,1a,1,1a,1,1a,1,1a
KX688363,1,1a,1,1a,1,1a,1,1a,1,1a
KX688364,1,1a,1,1a,1,1a,1,1a,1,1a
KX688365,1,1a,1,1a,1,1a,1,1a,1,1a
KX688366,1,1a,1,1a,1,1a,1,1a,1,1a
KX688367,1,1a,1,1a,1,1a,1,1a,1,1a
KX688370,1,1a,1,1a,1,1a,1,1a,1,1a
KX688371,1,1a,1,1a,1,1a,1,1a,1,1a
KX688372,1,1a,1,1a,1,1a,1,1a,1,1a
KX688373,1,1a,1,1a,1,1a,1,1a,1,1a
KX688374,1,1a,1,1a,1,1a,1,1a,1,1a
KX688375,1,1a,1,1a,1,1a,1,1a,1,1a
KX688377,1,1a,1,1a,1,1a,1,1a,1,1a
KX688379,1,1a,1,1a,1,1a,1,1a,1,1a
KX688380,1,1a,1,1a,1,1a,1,1a,1,1a
KX688382,1,1a,1,1a,1,1a,1,1a,1,1a
KX688383,1,1a,1,1a,1,1a,1,1a,1,1a
KX688384,1,1a,1,1a,1,1a,1,1a,1,1a
KX688385,1,1a,1,1a,1,1a,1,1a,1,1a
KX688386,1,1b,1,1b,1,1b,1,1b,1,1b
KX688387,1,1b,1,1b,1,1b,1,1b,1,1b
KX688388,1,1b,1,1b,1,1b,1,1b,1,1b
KX688389,1,1b,1,1b,1,1b,1,1b,1,1b
KX688390,1,1b,1,1b,1,1b,1,1b,1,1b
KX688391,1,1b,1,1b,1,1b,1,1b,1,1b
KX688393,1,1b,1,1b,1,1b,1,1b,1,1b
KX688394,1,1b,1,1b,1,1b,1,1b,1,1b
KX688396,1,1b,1,1b,1,1b,1,1b,1,1b
KX688397,1,1b,1,1b,1,1b,1,1b,1,1b
KX688401,1,1b,1,1b,1,1b,1,1b,1,1b
KX688402,1,1b,1,1b,1,1b,1,1b,1,1b
KX688403,1,1b,1,1b,1,1b,1,1b,1,1b
KX688405,1,1b,1,1b,1,1b,1,1b,1,1b
KX688406,1,1b,1,1b,1,1b,1,1b,1,1b
KX688407,1,1b,1,1b,1,1b,1,1b,1,1b
KX688408,1,1b,1,1b,1,1b,1,1b,1,1b
KX688410,1,1b,1,1b,1,1b,1,1b,1,1b
KX688411,1,1b,1,1b,1,1b,1,1b,1,1b
KX688413,1,1b,1,1b,1,1b,1,1b,1,1b
KX688415,1,1b,1,1b,1,1b,1,1b,1,1b
KX688417,1,1b,1,1b,1,1b,1,1b,1,1b
KX688420,1,1b,1,1b,1,1b,1,1b,1,1b
KX688421,1,1b,1,1b,1,1b,1,1b,1,1b
KX688423,1,1b,1,1b,1,1b,1,1b,1,1b
KX688425,1,1b,1,1b,1,1b,1,1b,1,1b
KX688426,1,1b,1,1b,1,1b,1,1b,1,1b
KX688427,1,1b,1,1b,1,1b,1,1b,1,1b
KX688428,1,1b,1,1b,1,1b,1,1b,1,1b
KX688429,1,1b,1,1b,1,1b,1,1b,1,1b
KX688430,1,1b,1,1b,1,1b,1,1b,1,1b
KX688431,1,1b,1,1b,1,1b,1,1b,1,1b
KX688433,1,1b,1,1b,1,1b,1,1b,1,1b
KX688434,1,1b,1,1b,1,1b,1,1b,1,1b
KX688436,1,1b,1,1b,1,1b,1,1b,1,1b
KX688438,1,1b,1,1b,1,1b,1,1b,1,1b
KX688441,1,1b,1,1b,1,1b,1,1b,1,1b
KX688442,1,1b,1,1b,1,1b,1,1b,1,1b
KY083760,1,1b,1,1b,4,4r,4,4r,4,
KY120328,1,1b,1,1b,1,1b,1,1b,,
KY120329,6,6a,6,6a,6,6a,6,6a,,
KY120330,6,6n,6,6n,6,6n,6,6n,,
KY120331,1,1b,1,1b,1,1b,1,1b,,
KY120332,3,3a,3,3a,3,3a,3,3a,,
KY348757,1,1i,1,1b,1,1b,1,1b,1,
KY460622,4,4l,4,4l,4,4a,4,4a,4,4a
KY460623,4,4d,4,4d,4,4d,4,4d,4,4d
KY460624,4,4d,4,4d,4,4d,4,4d,4,4d
KY460625,4,4d,4,4d,4,4d,4,4d,4,4d
KY460626,4,4d,4,4d,4,4d,4,4d,4,4d
KY460627,4,4d,4,4d,4,4d,4,4d,4,4d
KY460628,4,4d,4,4d,4,4d,4,4d,4,4d
KY460629,4,4d,4,4d,4,4d,4,4d,4,4d
KY460630,4,4d,4,4d,4,4d,4,4d,4,4d
KY460631,4,4d,4,4d,4,4d,4,4d,4,4d
KY460632,4,4d,4,4d,4,4d,4,4d,4,4d
KY460633,4,4d,4,4d,4,4d,4,4d,4,4d
KY460634,4,4d,4,4d,4,4d,4,4d,4,4d
KY460635,4,4d,4,4d,4,4d,4,4d,4,4d
KY460636,4,4d,4,4d,4,4d,4,4d,4,4d
KY460637,4,4d,4,4d,4,4d,4,4d,4,4d
KY460638,4,4d,4,4d,4,4d,4,4d,4,4d
KY460639,4,4d,4,4d,4,4d,4,4d,4,4d
KY460640,4,4d,4,4d,4,4d,4,4d,4,4d
KY460641,4,4d,4,4d,4,4d,4,4d,4,4d
KY460642,4,4d,4,4d,4,4d,4,4d,4,4d
KY460644,4,4d,4,4d,4,4d,4,4d,4,4d
KY460645,4,4d,4,4d,4,4d,4,4d,4,4d
KY460646,4,4d,4,4d,4,4d,4,4d,4,4d
KY460647,4,4d,4,4d,4,4d,4,4d,4,4d
KY460648,4,4d,4,4d,4,4d,4,4d,4,4d
KY460649,4,4d,4,4d,4,4d,4,4d,4,4d
KY460650,4,4d,4,4d,4,4d,4,4d,4,4d
KY460651,4,4d,4,4d,4,4d,4,4d,4,4d
KY460652,4,4d,4,4d,4,4d,4,4d,4,4d
KY460653,4,4d,4,4d,4,4d,4,4d,4,4d
KY460654,4,4d,4,4d,4,4d,4,4d,4,4d
KY460655,4,4d,4,4d,4,4d,4,4d,4,4d
KY460656,4,4d,4,4d,4,4d,4,4d,4,4d
KY460657,4,4d,4,4d,4,4d,4,4d,4,4d
KY460658,4,4d,4,4d,4,4d,4,4d,4,4d
KY460659,4,4d,4,4d,4,4d,4,4d,4,4d
KY460660,4,4d,4,4d,4,4d,4,4d,4,4d
KY460661,4,4d,4,4d,4,4d,4,4d,4,4d
KY460662,4,4d,4,4d,4,4d,4,4d,4,4d
KY460663,4,4d,4,4d,4,4d,4,4d,4,4d
KY460664,4,4d,4,4d,4,4d,4,4d,4,4d
KY460665,4,4d,4,4d,4,4d,4,4d,4,4d
KY460666,4,4d,4,4d,4,4d,4,4d,4,4d
KY460667,4,4d,4,4d,4,4d,4,4d,4,4d
KY460668,4,4d,4,4d,4,4d,4,4d,4,4d
KY460669,4,4d,4,4d,4,4d,4,4d,4,4d
KY460670,4,4d,4,4d,4,4d,4,4d,4,4d
KY460671,4,4d,4,4d,4,4d,4,4d,4,4d
KY460672,4,4d,4,4d,4,4d,4,4d,4,4d
KY460673,4,4d,4,4d,4,4d,4,4d,4,4d
KY474420,3,3a,3,3a,3,3a,3,3a,,
KY474421,3,3a,3,3a,3,3a,3,3a,,
KY474422,3,3a,3,3a,3,3a,3,3a,,
KY474423,3,3a,3,3a,3,3a,3,3a,,
KY474424,3,3a,3,3a,3,3a,3,3a,,
KY474425,3,3a,3,3a,3,3a,3,3a,,
KY474426,3,3a,3,3a,3,3a,3,3a,,
KY474427,3,3a,3,3a,3,3a,3,3a,,
KY474428,3,3a,3,3a,3,3a,3,3a,,
KY474429,3,3a,3,3a,3,3a,3,3a,,
KY474430,3,3a,3,3a,3,3a,3,3a,,
KY474431,3,3a,3,3a,3,3a,3,3a,,
KY474432,3,3a,3,3a,3,3a,3,3a,,
KY474433,3,3a,3,3a,3,3a,3,3a,,
KY474434,3,3a,3,3a,3,3a,3,3a,,
KY474435,3,3a,3,3a,3,3a,3,3a,,
KY474436,3,3a,3,3a,3,3a,3,3a,,
KY474437,3,3a,3,3a,3,3a,3,3a,,
KY474438,3,3a,3,3a,3,3a,3,3a,,
KY474440,3,3a,3,3a,3,3a,3,3a,,
KY474442,3,3a,3,3a,3,3a,3,3a,,
KY474443,3,3a,3,3a,3,3a,3,3a,,
KY474444,3,3a,3,3a,3,3a,3,3a,,
KY474445,3,3a,3,3a,3,3a,3,3a,,
KY474446,3,3a,3,3a,3,3a,3,3a,,
KY474448,3,3a,3,3a,3,3a,3,3a,,
KY474449,3,3a,3,3a,3,3a,3,3a,,
KY474450,3,3a,3,3a,3,3a,3,3a,,
KY474451,3,3a,3,3a,3,3a,3,3a,,
KY474452,3,3a,3,3a,3,3a,3,3a,,
KY474453,3,3a,3,3a,3,3a,3,3a,,
KY474454,3,3a,3,3a,3,3a,3,3a,,
KY474455,3,3a,3,3a,3,3a,3,3a,,
KY474456,3,3a,3,3a,3,3a,3,3a,,
KY474457,3,3a,3,3a,3,3a,3,3a,,
KY474458,3,3a,3,3a,3,3a,3,3a,,
KY474459,3,3a,3,3a,3,3a,3,3a,,
KY474460,3,3a,3,3a,3,3a,3,3a,,
KY474461,3,3a,3,3a,3,3a,3,3a,,
KY474462,3,3a,3,3a,3,3a,3,3a,,
KY474464,3,3a,3,3a,3,3a,3,3a,,
KY620313,2,2a,2,2a,2,2a,2,2a,2,
KY620314,2,2a,2,2a,2,2a,2,2a,2,
KY620315,2,2a,2,2a,2,2a,2,2a,2,
KY620316,2,2a,2,2a,2,2a,2,2a,2,
KY620317,2,2a,2,2a,2,2a,2,2a,2,
KY620318,2,2a,2,2a,2,2a,2,2a,2,
KY620319,2,2a,2,2a,2,2a,2,2a,2,
KY620320,2,2a,2,2a,2,2a,2,2a,2,
KY620321,2,2a,2,2a,2,2a,2,2a,2,
KY620323,2,2a,2,2a,2,2a,2,2a,2,
KY620324,2,2a,2,2a,2,2a,2,2a,2,
KY620325,2,2a,2,2a,2,2a,2,2a,2,
KY620326,2,2a,2,2a,2,2a,2,2a,2,
KY620327,2,2a,2,2a,2,2a,2,2a,2,
KY620328,2,2a,2,2a,2,2a,2,2a,2,
KY620329,2,2m,2,2m,2,2m,2,2m,2,
KY620331,2,2c,2,2c,2,2c,2,2c,2,
KY620332,2,2c,2,2c,2,2c,2,2c,2,
KY620335,2,2b,2,2b,2,2b,2,2b,2,
KY620336,2,2b,2,2b,2,2b,2,2b,2,
KY620337,2,2b,2,2b,2,2b,2,2b,2,
KY620338,2,2b,2,2b,2,2b,2,2b,2,
KY620339,2,2b,2,2b,2,2b,2,2b,2,
KY620340,2,2b,2,2b,2,2b,2,2b,2,
KY620341,2,2b,2,2b,2,2b,2,2b,2,
KY620342,2,2b,2,2b,2,2b,2,2b,2,
KY620343,2,2b,2,2b,2,2b,2,2b,2,
KY620344,2,2b,2,2b,2,2b,2,2b,2,
KY620345,2,2b,2,2b,2,2b,2,2b,2,
KY620346,2,2b,2,2b,2,2b,2,2b,2,
KY620347,2,2b,2,2b,2,2b,2,2b,2,
KY620348,2,2b,2,2b,2,2b,2,2b,2,
KY620349,2,2b,2,2b,2,2b,2,2b,2,
KY620350,2,2b,2,2b,2,2b,2,2b,2,
KY620351,2,2b,2,2b,2,2b,2,2b,2,
KY620352,2,2b,2,2b,2,2b,2,2b,2,
KY620353,2,2b,2,2b,2,2b,2,2b,2,
KY620354,2,2b,2,2b,2,2b,2,2b,2,
KY620355,2,2b,2,2b,2,2b,2,2b,2,
KY620356,2,2b,2,2b,2,2b,2,2b,2,
KY620357,2,2b,2,2b,2,2b,2,2b,2,
KY620358,2,2b,2,2b,2,2b,2,2b,2,
KY620359,2,2b,2,2b,2,2b,2,2b,2,
KY620360,2,2b,2,2b,2,2b,2,2b,2,
KY620361,2,2b,2,2b,2,2b,2,2b,2,
KY620362,3,3a,3,3a,3,3a,3,3a,3,
KY620363,3,3a,3,3a,3,3a,3,3a,3,
KY620365,3,3a,3,3a,3,3a,3,3a,3,
KY620366,3,3a,3,3a,3,3a,3,3a,3,
KY620367,3,3a,3,3a,3,3a,3,3a,3,
KY620368,3,3a,3,3a,3,3a,3,3a,3,
KY620369,3,3a,3,3a,3,3a,3,3a,3,
KY620371,3,3a,3,3a,3,3a,3,3a,3,
KY620372,3,3a,3,3a,3,3a,3,3a,3,
KY620374,3,3a,3,3a,3,3a,3,3a,3,
KY620375,3,3a,3,3a,3,3a,3,3a,3,
KY620376,3,3a,3,3a,3,3a,3,3a,3,
KY620377,3,3a,3,3a,3,3a,3,3a,3,
KY620378,3,3a,3,3a,3,3a,3,3a,3,
KY620379,3,3a,3,3a,3,3a,3,3a,3,
KY620380,3,3a,3,3a,3,3a,3,3a,3,
KY620381,3,3a,3,3a,3,3a,3,3a,3,
KY620382,3,3a,3,3a,3,3a,3,3a,3,
KY620383,3,3a,3,3a,3,3a,3,3a,3,
KY620385,3,3a,3,3a,3,3a,3,3a,3,
KY620386,3,3a,3,3a,3,3a,3,3a,3,
KY620387,3,3a,3,3a,3,3a,3,3a,3,
KY620388,3,3a,3,3a,3,3a,3,3a,3,
KY620389,3,3a,3,3a,3,3a,3,3a,3,
KY620391,3,3a,3,3a,3,3a,3,3a,3,
KY620392,3,3a,3,3a,3,3a,3,3a,3,
KY620393,3,3a,3,3a,3,3a,3,3a,3,
KY620394,3,3a,3,3a,3,3a,3,3a,3,
KY620395,3,3a,3,3a,3,3a,3,3a,3,
KY620396,3,3a,3,3a,3,3a,3,3a,3,
KY620397,3,3a,3,3a,3,3a,3,3a,3,
KY620398,3,3a,3,3a,3,3a,3,3a,3,
KY620399,3,3a,3,3a,3,3a,3,3a,3,
KY620400,3,3a,3,3a,3,3a,3,3a,3,
KY620401,3,3a,3,3a,3,3a,3,3a,3,
KY620402,3,3a,3,3a,3,3a,3,3a,3,
KY620403,3,3a,3,3a,3,3a,3,3a,3,
KY620405,3,3a,3,3a,3,3a,3,3a,3,
KY620406,3,3a,3,3a,3,3a,3,3a,3,
KY620407,3,3a,3,3a,3,3a,3,3a,3,
KY620408,3,3a,3,3a,3,3a,3,3a,3,
KY620409,3,3a,3,3a,3,3a,3,3a,3,
KY620410,3,3a,3,3a,3,3a,3,3a,3,
KY620411,3,3a,3,3a,3,3a,3,3a,3,
KY620412,3,3a,3,3a,3,3a,3,3a,3,
KY620413,3,3a,3,3a,3,3a,3,3a,3,
KY620415,3,3a,3,3a,3,3a,3,3a,3,
KY620416,3,3a,3,3a,3,3a,3,3a,3,
KY620417,3,3a,3,3a,3,3a,3,3a,3,
KY620418,3,3a,3,3a,3,3a,3,3a,3,
KY620419,3,3a,3,3a,3,3a,3,3a,3,
KY620420,3,3a,3,3a,3,3a,3,3a,3,
KY620421,3,3a,3,3a,3,3a,3,3a,3,
KY620422,3,3a,3,3a,3,3a,3,3a,3,
KY620423,3,3a,3,3a,3,3a,3,3a,3,
KY620424,3,3a,3,3a,3,3a,3,3a,3,
KY620425,3,3a,3,3a,3,3a,3,3a,3,
KY620426,3,3a,3,3a,3,3a,3,3a,3,
KY620428,3,3a,3,3a,3,3a,3,3a,3,
KY620429,3,3a,3,3a,3,3a,3,3a,3,
KY620430,3,3a,3,3a,3,3a,3,3a,3,
KY620431,3,3a,3,3a,3,3a,3,3a,3,
KY620432,3,3a,3,3a,3,3a,3,3a,3,
KY620433,3,3a,3,3a,3,3a,3,3a,3,
KY620434,3,3a,3,3a,3,3a,3,3a,3,
KY620435,3,3a,3,3a,3,3a,3,3a,3,
KY620436,3,3a,3,3a,3,3a,3,3a,3,
KY620438,3,3a,3,3a,3,3a,3,3a,3,
KY620439,3,3a,3,3a,3,3a,3,3a,3,
KY620440,3,3a,3,3a,3,3a,3,3a,3,
KY620441,3,3a,3,3a,3,3a,3,3a,3,
KY620442,3,3a,3,3a,3,3a,3,3a,3,
KY620443,3,3a,3,3a,3,3a,3,3a,3,
KY620444,3,3a,3,3a,3,3a,3,3a,3,
KY620445,3,3a,3,3a,3,3a,3,3a,3,
KY620446,3,3a,3,3a,3,3a,3,3a,3,
KY620447,3,3a,3,3a,3,3a,3,3a,3,
KY620449,3,3a,3,3a,3,3a,3,3a,3,
KY620450,3,3a,3,3a,3,3a,3,3a,3,
KY620451,3,3a,3,3a,3,3a,3,3a,3,
KY620452,3,3a,3,3a,3,3a,3,3a,3,
KY620453,3,3a,3,3a,3,3a,3,3a,3,
KY620454,3,3a,3,3a,3,3a,3,3a,3,
KY620455,3,3a,3,3a,3,3a,3,3a,3,
KY620457,3,3a,3,3a,3,3a,3,3a,3,
KY620458,3,3a,3,3a,3,3a,3,3a,3,
KY620459,3,3a,3,3a,3,3a,3,3a,3,
KY620460,3,3a,3,3a,3,3a,3,3a,3,
KY620461,3,3a,3,3a,3,3a,3,3a,3,
KY620462,3,3a,3,3a,3,3a,3,3a,3,
KY620463,3,3a,3,3a,3,3a,3,3a,3,
KY620464,3,3a,3,3a,3,3a,3,3a,3,
KY620465,3,3a,3,3a,3,3a,3,3a,3,
KY620466,3,3a,3,3a,3,3a,3,3a,3,
KY620467,3,3a,3,3a,3,3a,3,3a,3,
KY620468,3,3a,3,3a,3,3a,3,3a,3,
KY620469,3,3a,3,3a,3,3a,3,3a,3,
KY620470,3,3a,3,3a,3,3a,3,3a,3,
KY620471,3,3a,3,3a,3,3a,3,3a,3,
KY620472,3,3a,3,3a,3,3a,3,3a,3,
KY620473,3,3a,3,3a,3,3a,3,3a,3,
KY620474,3,3a,3,3a,3,3a,3,3a,3,
KY620475,3,3a,3,3a,3,3a,3,3a,3,
KY620476,3,3a,3,3a,3,3a,3,3a,3,
KY620477,3,3a,3,3a,3,3a,3,3a,3,
KY620478,3,3a,3,3a,3,3a,3,3a,3,
KY620479,3,3a,3,3a,3,3a,3,3a,3,
KY620480,3,3a,3,3a,3,3a,3,3a,3,
KY620481,3,3a,3,3a,3,3a,3,3a,3,
KY620482,3,3a,3,3a,3,3a,3,3a,3,
KY620483,3,3a,3,3a,3,3a,3,3a,3,
KY620485,3,3a,3,3a,3,3a,3,3a,3,
KY620486,3,3a,3,3a,3,3a,3,3a,3,
KY620487,3,3a,3,3a,3,3a,3,3a,3,
KY620488,3,3a,3,3a,3,3a,3,3a,3,
KY620489,3,3a,3,3a,3,3a,3,3a,3,
KY620490,3,3a,3,3a,3,3a,3,3a,3,
KY620491,3,3a,3,3a,3,3a,3,3a,3,
KY620492,3,3a,3,3a,3,3a,3,3a,3,
KY620493,3,3a,3,3a,3,3a,3,3a,3,
KY620494,3,3a,3,3a,3,3a,3,3a,3,
KY620495,3,3a,3,3a,3,3a,3,3a,3,
KY620496,3,3a,3,3a,3,3a,3,3a,3,
KY620497,3,3a,3,3a,3,3a,3,3a,3,
KY620498,3,3a,3,3a,3,3a,3,3a,3,
KY620499,3,3a,3,3a,3,3a,3,3a,3,
KY620500,3,3a,3,3a,3,3a,3,3a,3,
KY620501,3,3a,3,3a,3,3a,3,3a,3,
KY620502,3,3a,3,3a,3,3a,3,3a,3,
KY620503,3,3a,3,3a,3,3a,3,3a,3,
KY620504,3,3a,3,3a,3,3a,3,3a,3,
KY620505,3,3a,3,3a,3,3a,3,3a,3,
KY620506,3,3a,3,3a,3,3a,3,3a,3,
KY620507,3,3a,3,3a,3,3a,3,3a,3,
KY620509,3,3a,3,3a,3,3a,3,3a,3,
KY620510,3,3a,3,3a,3,3a,3,3a,3,
KY620511,3,3a,3,3a,3,3a,3,3a,3,
KY620512,3,3a,3,3a,3,3a,3,3a,3,
KY620513,3,3a,3,3a,3,3a,3,3a,3,
KY620518,3,3a,3,3a,3,3a,3,3a,3,
KY620520,3,3a,3,3a,3,3a,3,3a,3,
KY620521,3,3a,3,3a,3,3a,3,3a,3,
KY620522,3,3a,3,3a,3,3a,3,3a,3,
KY620523,3,3a,3,3a,3,3a,3,3a,3,
KY620524,3,3a,3,3a,3,3a,3,3a,3,
KY620525,3,3a,3,3a,3,3a,3,3a,3,
KY620527,3,3a,3,3a,3,3a,3,3a,3,
KY620528,3,3a,3,3a,3,3a,3,3a,3,
KY620529,3,3a,3,3a,3,3a,3,3a,3,
KY620530,3,3a,3,3a,3,3a,3,3a,3,
KY620531,3,3a,3,3a,3,3a,3,3a,3,
KY620532,3,3a,3,3a,3,3a,3,3a,3,
KY620533,3,3a,3,3a,3,3a,3,3a,3,
KY620534,3,3a,3,3a,3,3a,3,3a,3,
KY620535,3,3a,3,3a,3,3a,3,3a,3,
KY620536,3,3a,3,3a,3,3a,3,3a,3,
KY620537,3,3a,3,3a,3,3a,3,3a,3,
KY620538,3,3a,3,3a,3,3a,3,3a,3,
KY620539,3,3a,3,3a,3,3a,3,3a,3,
KY620540,3,3a,3,3a,3,3a,3,3a,3,
KY620541,3,3a,3,3a,3,3a,3,3a,3,
KY620542,3,3a,3,3a,3,3a,3,3a,3,
KY620543,3,3a,3,3a,3,3a,3,3a,3,
KY620545,3,3a,3,3a,3,3a,3,3a,3,
KY620546,3,3a,3,3a,3,3a,3,3a,3,
KY620547,3,3a,3,3a,3,3a,3,3a,3,
KY620548,3,3a,3,3a,3,3a,3,3a,3,
KY620550,3,3a,3,3a,3,3a,3,3a,3,
KY620551,3,3a,3,3a,3,3a,3,3a,3,
KY620553,3,3a,3,3a,3,3a,3,3a,3,
KY620554,3,3a,3,3a,3,3a,3,3a,3,
KY620555,3,3a,3,3a,3,3a,3,3a,3,
KY620556,3,3a,3,3a,3,3a,3,3a,3,
KY620557,3,3a,3,3a,3,3a,3,3a,3,
KY620558,3,3a,3,3a,3,3a,3,3a,3,
KY620559,3,3a,3,3a,3,3a,3,3a,3,
KY620560,3,3a,3,3a,3,3a,3,3a,3,
KY620561,3,3a,3,3a,3,3a,3,3a,3,
KY620562,3,3a,3,3a,3,3a,3,3a,3,
KY620563,3,3a,3,3a,3,3a,3,3a,3,
KY620564,3,3a,3,3a,3,3a,3,3a,3,
KY620565,3,3a,3,3a,3,3a,3,3a,3,
KY620566,3,3a,3,3a,3,3a,3,3a,3,
KY620567,3,3a,3,3a,3,3a,3,3a,3,
KY620569,3,3a,3,3a,3,3a,3,3a,3,
KY620570,3,3a,3,3a,3,3a,3,3a,3,
KY620571,3,3a,3,3a,3,3a,3,3a,3,
KY620572,3,3a,3,3a,3,3a,3,3a,3,
KY620573,3,3a,3,3a,3,3a,3,3a,3,
KY620575,3,3a,3,3a,3,3a,3,3a,3,
KY620576,3,3a,3,3a,3,3a,3,3a,3,
KY620577,3,3a,3,3a,3,3a,3,3a,3,
KY620578,3,3a,3,3a,3,3a,3,3a,3,
KY620579,3,3a,3,3a,3,3a,3,3a,3,
KY620581,3,3a,3,3a,3,3a,3,3a,3,
KY620582,3,3a,3,3a,3,3a,3,3a,3,
KY620583,3,3a,3,3a,3,3a,3,3a,3,
KY620584,3,3a,3,3a,3,3a,3,3a,3,
KY620585,3,3a,3,3a,3,3a,3,3a,3,
KY620586,3,3a,3,3a,3,3a,3,3a,3,
KY620587,3,3a,3,3a,3,3a,3,3a,3,
KY620588,3,3a,3,3a,3,3a,3,3a,3,
KY620589,3,3a,3,3a,3,3a,3,3a,3,
KY620590,3,3a,3,3a,3,3a,3,3a,3,
KY620591,3,3a,3,3a,3,3a,3,3a,3,
KY620592,3,3a,3,3a,3,3a,3,3a,3,
KY620593,3,3a,3,3a,3,3a,3,3a,3,
KY620594,3,3a,3,3a,3,3a,3,3a,3,
KY620595,3,3a,3,3a,3,3a,3,3a,3,
KY620596,3,3a,3,3a,3,3a,3,3a,3,
KY620597,3,3a,3,3a,3,3a,3,3a,3,
KY620598,3,3a,3,3a,3,3a,3,3a,3,
KY620599,3,3a,3,3a,3,3a,3,3a,3,
KY620600,3,3a,3,3a,3,3a,3,3a,3,
KY620601,3,3a,3,3a,3,3a,3,3a,3,
KY620602,3,3a,3,3a,3,3a,3,3a,3,
KY620603,3,3a,3,3a,3,3a,3,3a,3,
KY620604,3,3a,3,3a,3,3a,3,3a,3,
KY620605,3,3a,3,3a,3,3a,3,3a,3,
KY620607,3,3a,3,3a,3,3a,3,3a,3,
KY620608,3,3a,3,3a,3,3a,3,3a,3,
KY620609,3,3a,3,3a,3,3a,3,3a,3,
KY620610,3,3a,3,3a,3,3a,3,3a,3,
KY620611,3,3a,3,3a,3,3a,3,3a,3,
KY620612,3,3a,3,3a,3,3a,3,3a,3,
KY620613,3,3a,3,3a,3,3a,3,3a,3,
KY620614,3,3a,3,3a,3,3a,3,3a,3,
KY620615,3,3a,3,3a,3,3a,3,3a,3,
KY620616,3,3a,3,3a,3,3a,3,3a,3,
KY620617,3,3a,3,3a,3,3a,3,3a,3,
KY620618,3,3a,3,3a,3,3a,3,3a,3,
KY620619,3,3a,3,3a,3,3a,3,3a,3,
KY620620,3,3a,3,3a,3,3a,3,3a,3,
KY620621,3,3a,3,3a,3,3a,3,3a,3,
KY620622,3,3a,3,3a,3,3a,3,3a,3,
KY620623,3,3a,3,3a,3,3a,3,3a,3,
KY620624,3,3a,3,3a,3,3a,3,3a,3,
KY620625,3,3a,3,3a,3,3a,3,3a,3,
KY620626,3,3a,3,3a,3,3a,3,3a,3,
KY620627,3,3a,3,3a,3,3a,3,3a,3,
KY620628,3,3a,3,3a,3,3a,3,3a,3,
KY620629,3,3a,3,3a,3,3a,3,3a,3,
KY620630,3,3a,3,3a,3,3a,3,3a,3,
KY620631,3,3a,3,3a,3,3a,3,3a,3,
KY620632,3,3a,3,3a,3,3a,3,3a,3,
KY620633,3,3a,3,3a,3,3a,3,3a,3,
KY620634,3,3a,3,3a,3,3a,3,3a,3,
KY620635,3,3a,3,3a,3,3a,3,3a,3,
KY620636,3,3a,3,3a,3,3a,3,3a,3,
KY620637,3,3a,3,3a,3,3a,3,3a,3,
KY620638,3,3a,3,3a,3,3a,3,3a,3,
KY620639,3,3a,3,3a,3,3a,3,3a,3,
KY620640,3,3a,3,3a,3,3a,3,3a,3,
KY620642,3,3a,3,3a,3,3a,3,3a,3,
KY620643,3,3a,3,3a,3,3a,3,3a,3,
KY620644,3,3a,3,3a,3,3a,3,3a,3,
KY620645,3,3a,3,3a,3,3a,3,3a,3,
KY620646,3,3a,3,3a,3,3a,3,3a,3,
KY620647,3,3a,3,3a,3,3a,3,3a,3,
KY620648,3,3a,3,3a,3,3a,3,3a,3,
KY620649,3,3a,3,3a,3,3a,3,3a,3,
KY620650,3,3a,3,3a,3,3a,3,3a,3,
KY620651,3,3a,3,3a,3,3a,3,3a,3,
KY620652,3,3a,3,3a,3,3a,3,3a,3,
KY620653,3,3a,3,3a,3,3a,3,3a,3,
KY620654,3,3a,3,3a,3,3a,3,3a,3,
KY620655,3,3a,3,3a,3,3a,3,3a,3,
KY620656,3,3a,3,3a,3,3a,3,3a,3,
KY620657,3,3a,3,3a,3,3a,3,3a,3,
KY620658,3,3a,3,3a,3,3a,3,3a,3,
KY620659,3,3a,3,3a,3,3a,3,3a,3,
KY620660,3,3a,3,3a,3,3a,3,3a,3,
KY620661,3,3a,3,3a,3,3a,3,3a,3,
KY620662,3,3a,3,3a,3,3a,3,3a,3,
KY620663,3,3a,3,3a,3,3a,3,3a,3,
KY620664,3,3a,3,3a,3,3a,3,3a,3,
KY620665,3,3a,3,3a,3,3a,3,3a,3,
KY620666,3,3a,3,3a,3,3a,3,3a,3,
KY620667,3,3a,3,3a,3,3a,3,3a,3,
KY620668,3,3a,3,3a,3,3a,3,3a,3,
KY620669,3,3a,3,3a,3,3a,3,3a,3,
KY620670,3,3a,3,3a,3,3a,3,3a,3,
KY620672,3,3a,3,3a,3,3a,3,3a,3,
KY620673,3,3a,3,3a,3,3a,3,3a,3,
KY620674,3,3a,3,3a,3,3a,3,3a,3,
KY620676,3,3a,3,3a,3,3a,3,3a,3,
KY620677,3,3a,3,3a,3,3a,3,3a,3,
KY620678,3,3a,3,3a,3,3a,3,3a,3,
KY620679,3,3a,3,3a,3,3a,3,3a,3,
KY620680,3,3a,3,3a,3,3a,3,3a,3,
KY620681,3,3a,3,3a,3,3a,3,3a,3,
KY620682,3,3a,3,3a,3,3a,3,3a,3,
KY620683,3,3a,3,3a,3,3a,3,3a,3,
KY620684,3,3a,3,3a,3,3a,3,3a,3,
KY620685,3,3a,3,3a,3,3a,3,3a,3,
KY620686,3,3a,3,3a,3,3a,3,3a,3,
KY620687,3,3a,3,3a,3,3a,3,3a,3,
KY620688,3,3a,3,3a,3,3a,3,3a,3,
KY620689,3,3a,3,3a,3,3a,3,3a,3,
KY620690,3,3a,3,3a,3,3a,3,3a,3,
KY620691,3,3a,3,3a,3,3a,3,3a,3,
KY620692,3,3a,3,3a,3,3a,3,3a,3,
KY620693,3,3a,3,3a,3,3a,3,3a,3,
KY620694,3,3a,3,3a,3,3a,3,3a,3,
KY620695,3,3a,3,3a,3,3a,3,3a,3,
KY620696,3,3a,3,3a,3,3a,3,3a,3,
KY620697,3,3a,3,3a,3,3a,3,3a,3,
KY620698,3,3a,3,3a,3,3a,3,3a,3,
KY620699,3,3a,3,3a,3,3a,3,3a,3,
KY620700,3,3a,3,3a,3,3a,3,3a,3,
KY620701,3,3a,3,3a,3,3a,3,3a,3,
KY620702,3,3a,3,3a,3,3a,3,3a,3,
KY620703,3,3a,3,3a,3,3a,3,3a,3,
KY620704,3,3a,3,3a,3,3a,3,3a,3,
KY620705,3,3a,3,3a,3,3a,3,3a,3,
KY620706,3,3a,3,3a,3,3a,3,3a,3,
KY620707,3,3a,3,3a,3,3a,3,3a,3,
KY620708,3,3a,3,3a,3,3a,3,3a,3,
KY620709,3,3a,3,3a,3,3a,3,3a,3,
KY620710,3,3a,3,3a,3,3a,3,3a,3,
KY620711,3,3a,3,3a,3,3a,3,3a,3,
KY620712,3,3a,3,3a,3,3a,3,3a,3,
KY620713,3,3a,3,3a,3,3a,3,3a,3,
KY620714,3,3a,3,3a,3,3a,3,3a,3,
KY620715,3,3a,3,3a,3,3a,3,3a,3,
KY620716,3,3a,3,3a,3,3a,3,3a,3,
KY620717,3,3a,3,3a,3,3a,3,3a,3,
KY620718,3,3a,3,3a,3,3a,3,3a,3,
KY620719,3,3a,3,3a,3,3a,3,3a,3,
KY620720,3,3a,3,3a,3,3a,3,3a,3,
KY620722,3,3a,3,3a,3,3a,3,3a,3,
KY620723,3,3a,3,3a,3,3a,3,3a,3,
KY620725,3,3a,3,3a,3,3a,3,3a,3,
KY620726,3,3a,3,3a,3,3a,3,3a,3,
KY620727,3,3a,3,3a,3,3a,3,3a,3,
KY620728,3,3a,3,3a,3,3a,3,3a,3,
KY620729,3,3a,3,3a,3,3a,3,3a,3,
KY620730,3,3a,3,3a,3,3a,3,3a,3,
KY620731,3,3a,3,3a,3,3a,3,3a,3,
KY620732,3,3a,3,3a,3,3a,3,3a,3,
KY620733,3,3a,3,3a,3,3a,3,3a,3,
KY620734,3,3a,3,3a,3,3a,3,3a,3,
KY620735,3,3a,3,3a,3,3a,3,3a,3,
KY620736,3,3a,3,3a,3,3a,3,3a,3,
KY620737,3,3a,3,3a,3,3a,3,3a,3,
KY620739,3,3a,3,3a,3,3a,3,3a,3,
KY620740,3,3a,3,3a,3,3a,3,3a,3,
KY620741,3,3a,3,3a,3,3a,3,3a,3,
KY620742,3,3a,3,3a,3,3a,3,3a,3,
KY620743,3,3a,3,3a,3,3a,3,3a,3,
KY620744,3,3a,3,3a,3,3a,3,3a,3,
KY620745,3,3a,3,3a,3,3a,3,3a,3,
KY620746,3,3a,3,3a,3,3a,3,3a,3,
KY620747,3,3a,3,3a,3,3a,3,3a,3,
KY620749,3,3a,3,3a,3,3a,3,3a,3,
KY620750,3,3a,3,3a,3,3a,3,3a,3,
KY620751,3,3a,3,3a,3,3a,3,3a,3,
KY620752,3,3a,3,3a,3,3a,3,3a,3,
KY620753,3,3a,3,3a,3,3a,3,3a,3,
KY620754,3,3a,3,3a,3,3a,3,3a,3,
KY620755,3,3a,3,3a,3,3a,3,3a,3,
KY620756,3,3a,3,3a,3,3a,3,3a,3,
KY620757,3,3a,3,3a,3,3a,3,3a,3,
KY620758,3,3a,3,3a,3,3a,3,3a,3,
KY620760,3,3a,3,3a,3,3a,3,3a,3,
KY620761,3,3a,3,3a,3,3a,3,3a,3,
KY620762,3,3a,3,3a,3,3a,3,3a,3,
KY620763,3,3a,3,3a,3,3a,3,3a,3,
KY620764,3,3a,3,3a,3,3a,3,3a,3,
KY620765,3,3a,3,3a,3,3a,3,3a,3,
KY620766,3,3a,3,3a,3,3a,3,3a,3,
KY620767,3,3a,3,3a,3,3a,3,3a,3,
KY620768,3,3a,3,3a,3,3a,3,3a,3,
KY620769,3,3a,3,3a,3,3a,3,3a,3,
KY620770,3,3a,3,3a,3,3a,3,3a,3,
KY620771,3,3a,3,3a,3,3a,3,3a,3,
KY620772,3,3a,3,3a,3,3a,3,3a,3,
KY620773,3,3a,3,3a,3,3a,3,3a,3,
KY620774,3,3a,3,3a,3,3a,3,3a,3,
KY620775,3,3a,3,3a,3,3a,3,3a,3,
KY620776,3,3a,3,3a,3,3a,3,3a,3,
KY620777,3,3a,3,3a,3,3a,3,3a,3,
KY620778,3,3a,3,3a,3,3a,3,3a,3,
KY620779,3,3a,3,3a,3,3a,3,3a,3,
KY620780,3,3a,3,3a,3,3a,3,3a,3,
KY620781,3,3a,3,3a,3,3a,3,3a,3,
KY620782,3,3a,3,3a,3,3a,3,3a,3,
KY620783,3,3a,3,3a,3,3a,3,3a,3,
KY620784,3,3a,3,3a,3,3a,3,3a,3,
KY620785,3,3a,3,3a,3,3a,3,3a,3,
KY620786,3,3a,3,3a,3,3a,3,3a,3,
KY620787,3,3a,3,3a,3,3a,3,3a,3,
KY620788,3,3a,3,3a,3,3a,3,3a,3,
KY620789,3,3a,3,3a,3,3a,3,3a,3,
KY620792,3,3a,3,3a,3,3a,3,3a,3,
KY620793,3,3a,3,3a,3,3a,3,3a,3,
KY620794,3,3a,3,3a,3,3a,3,3a,3,
KY620795,3,3a,3,3a,3,3a,3,3a,3,
KY620796,3,3a,3,3a,3,3a,3,3a,3,
KY620797,3,3a,3,3a,3,3a,3,3a,3,
KY620798,3,3a,3,3a,3,3a,3,3a,3,
KY620799,3,3a,3,3a,3,3a,3,3a,3,
KY620800,3,3a,3,3a,3,3a,3,3a,3,
KY620802,3,3a,3,3a,3,3a,3,3a,3,
KY620803,3,3a,3,3a,3,3a,3,3a,3,
KY620804,3,3a,3,3a,3,3a,3,3a,3,
KY620805,3,3a,3,3a,3,3a,3,3a,3,
KY620806,3,3a,3,3a,3,3a,3,3a,3,
KY620807,3,3a,3,3a,3,3a,3,3a,3,
KY620808,3,3a,3,3a,3,3a,3,3a,3,
KY620809,3,3a,3,3a,3,3a,3,3a,3,
KY620810,3,3a,3,3a,3,3a,3,3a,3,
KY620812,3,3a,3,3a,3,3a,3,3a,3,
KY620813,3,3a,3,3a,3,3a,3,3a,3,
KY620814,3,3a,3,3a,3,3a,3,3a,3,
KY620816,3,3a,3,3a,3,3a,3,3a,3,
KY620817,3,3a,3,3a,3,3a,3,3a,3,
KY620818,3,3a,3,3a,3,3a,3,3a,3,
KY620819,3,3a,3,3a,3,3a,3,3a,3,
KY620820,3,3a,3,3a,3,3a,3,3a,3,
KY620821,3,3a,3,3a,3,3a,3,3a,3,
KY620822,3,3a,3,3a,3,3a,3,3a,3,
KY620825,3,3a,3,3a,3,3a,3,3a,3,
KY620826,3,3a,3,3a,3,3a,3,3a,3,
KY620827,3,3a,3,3a,3,3a,3,3a,3,
KY620828,3,3a,3,3a,3,3a,3,3a,3,
KY620829,3,3a,3,3a,3,3a,3,3a,3,
KY620830,3,3a,3,3a,3,3a,3,3a,3,
KY620831,3,3a,3,3a,3,3a,3,3a,3,
KY620833,3,3a,3,3a,3,3a,3,3a,3,
KY620834,3,3a,3,3a,3,3a,3,3a,3,
KY620835,3,3a,3,3a,3,3a,3,3a,3,
KY620837,3,3a,3,3a,3,3a,3,3a,3,
KY620838,3,3a,3,3a,3,3a,3,3a,3,
KY620839,3,3a,3,3a,3,3a,3,3a,3,
KY620840,3,3a,3,3a,3,3a,3,3a,3,
KY620841,3,3a,3,3a,3,3a,3,3a,3,
KY620842,3,3a,3,3a,3,3a,3,3a,3,
KY620843,3,3a,3,3a,3,3a,3,3a,3,
KY620844,3,3a,3,3a,3,3a,3,3a,3,
KY620845,3,3a,3,3a,3,3a,3,3a,3,
KY620846,3,3a,3,3a,3,3a,3,3a,3,
KY620847,3,3a,3,3a,3,3a,3,3a,3,
KY620848,3,3a,3,3a,3,3a,3,3a,3,
KY620849,3,3a,3,3a,3,3a,3,3a,3,
KY620850,3,3a,3,3a,3,3a,3,3a,3,
KY620851,3,3a,3,3a,3,3a,3,3a,3,
KY620852,3,3a,3,3a,3,3a,3,3a,3,
KY620853,3,3a,3,3a,3,3a,3,3a,3,
KY620854,3,3a,3,3a,3,3a,3,3a,3,
KY620855,3,3a,3,3a,3,3a,3,3a,3,
KY620856,3,3a,3,3a,3,3a,3,3a,3,
KY620857,3,3a,3,3a,3,3a,3,3a,3,
KY620858,3,3a,3,3a,3,3a,3,3a,3,
KY620859,3,3a,3,3a,3,3a,3,3a,3,
KY620861,3,3a,3,3a,3,3a,3,3a,3,
KY620862,3,3a,3,3a,3,3a,3,3a,3,
KY620863,3,3a,3,3a,3,3a,3,3a,3,
KY620864,3,3a,3,3a,3,3a,3,3a,3,
KY620865,3,3a,3,3a,3,3a,3,3a,3,
KY620866,3,3a,3,3a,3,3a,3,3a,3,
KY620867,3,3a,3,3a,3,3a,3,3a,3,
KY620869,3,3b,3,3b,3,3b,3,3b,3,
KY620870,3,3b,3,3b,3,3b,3,3b,3,
KY620871,3,3b,3,3b,3,3b,3,3b,3,
KY620873,3,3b,3,3b,3,3b,3,3b,3,
KY620874,3,3b,3,3b,3,3b,3,3b,3,
KY620876,3,3g,3,3g,3,3g,3,3g,3,
KY620877,3,3g,3,3g,3,3g,3,3g,3,
KY620878,3,3i,3,3i,3,3i,3,3i,3,
KY620879,3,3g,3,3i,3,3g,3,3g,3,
KY926904,4,4c,4,4c,4,4a,4,4a,,
KY926905,3,3a,3,3a,3,3a,3,3a,,
KY926906,4,4c,4,4c,4,4a,4,4a,,
KY926908,4,4d,4,4d,4,4d,4,4d,,
KY926913,3,3a,3,3a,3,3a,3,3a,,
KY926916,4,4c,4,4c,4,4a,4,4a,,
KY926918,4,4l,4,4a,4,4a,4,4a,,
KY926920,4,4c,4,4a,4,4a,4,4a,,
KY926921,3,3a,3,3a,3,3a,3,3a,,
KY926922,4,4o,4,4o,4,4o,4,4o,,
KY926923,4,4c,4,4a,4,4a,4,4a,,
KY926925,4,4c,4,4a,4,4a,4,4a,,
KY926926,4,4c,4,4a,4,4a,4,4a,,
KY926928,4,4c,4,4a,4,4a,4,4a,,
KY926929,4,4a,4,4a,4,4a,4,4a,,
KY926930,4,4c,4,4c,4,4a,4,4a,,
KY926931,4,4a,4,4a,4,4a,4,4a,,
KY926932,4,4a,4,4a,4,4a,4,4a,,
KY926933,4,4c,4,4c,4,4a,4,4a,,
KY926934,4,4c,4,4c,4,4a,4,4a,,
KY926936,4,4c,4,4c,4,4a,4,4a,,
KY926938,4,4c,4,4a,4,4a,4,4a,,
KY926939,4,4a,4,4a,4,4a,4,4a,,
KY926940,4,4c,4,4c,4,4a,4,4a,,
KY926941,4,4r,4,4r,4,4r,4,4r,,
KY926942,4,4c,4,4a,4,4a,4,4a,,
KY926944,4,4c,4,4c,4,4a,4,4a,,
KY926945,4,4a,4,4a,4,4a,4,4a,,
KY926947,4,4o,4,4o,4,4o,4,4o,,
KY926948,4,4a,4,4a,4,4a,4,4a,,
KY926950,4,4c,4,4a,4,4a,4,4a,,
KY926951,4,4a,4,4a,4,4a,4,4a,,
KY926952,4,4o,4,4o,4,4o,4,4o,,
KY926953,4,4o,4,4o,4,4o,4,4o,,
KY926954,4,4c,4,4c,4,4a,4,4a,,
KY926955,4,4a,4,4a,4,4a,4,4a,,
KY926956,4,4a,4,4a,4,4a,4,4a,,
KY926957,4,4c,4,4c,4,4a,4,4a,,
KY926959,4,4o,4,4o,4,4o,4,4o,,
KY926960,4,4a,4,4a,4,4a,4,4a,,
KY926961,4,4c,4,4a,4,4a,4,4a,,
KY926962,4,4a,4,4a,4,4a,4,4a,,
KY926963,4,4n,4,4v,4,4a,4,4a,,
KY926964,4,4a,4,4a,4,4a,4,4a,,
KY926965,4,4c,4,4c,4,4a,4,4a,,
KY926967,4,4c,4,4c,4,4a,4,4a,,
KY926968,4,4c,4,4a,4,4a,4,4a,,
KY926969,4,4c,4,4a,4,4a,4,4a,,
KY926970,4,4c,4,4c,4,4a,4,4a,,
KY926971,4,4c,4,4a,4,4a,4,4a,,
KY926973,4,4n,4,4n,4,4n,4,4n,,
KY926974,4,4a,4,4a,4,4a,4,4a,,
KY926975,4,4c,4,4c,4,4a,4,4a,,
KY926976,4,4c,4,4c,4,4a,4,4a,,
KY926977,4,4c,4,4c,4,4a,4,4a,,
KY926978,4,4a,4,4a,4,4a,4,4a,,
KY926979,4,4c,4,4a,4,4a,4,4a,,
KY926980,4,4d,4,4d,4,4d,4,4d,,
KY926981,4,4r,4,4r,4,4r,4,4r,,
KY926982,4,4c,4,4c,4,4a,4,4a,,
KY926983,4,4d,4,4d,4,4d,4,4d,,
KY926984,4,4a,4,4a,4,4a,4,4a,,
KY926985,4,4c,4,4c,4,4a,4,4a,,
KY926986,4,4c,4,4v,4,4a,4,4a,,
KY926988,4,4a,4,4a,4,4a,4,4a,,
KY926989,4,4c,4,4c,4,4a,4,4a,,
KY926990,4,4l,4,4l,4,4a,4,4a,,
KY926991,4,4c,4,4c,4,4a,4,4a,,
KY926994,1,1b,1,1b,1,1b,1,1b,,
KY926998,1,1a,1,1a,1,1a,1,1a,,
KY927000,1,1a,1,1a,1,1a,1,1a,,
KY927002,1,1d,1,1d,1,1b,1,1b,,
KY927004,1,1g,1,1g,1,1g,1,1g,,
KY927005,1,1g,1,1g,1,1g,1,1g,,
KY927006,1,1g,1,1g,1,1g,1,1g,,
KY927007,3,3a,3,3a,3,3a,3,3a,,
KY927009,4,4c,4,4c,4,4a,4,4a,,
KY927011,4,4n,4,4n,4,4n,4,4n,,
KY927014,4,4c,4,4c,4,4a,4,4a,,
KY927015,4,4c,4,4a,4,4a,4,4a,,
KY927016,4,4d,4,4d,4,4d,4,4d,,
KY927019,4,4c,4,4c,4,4a,4,4a,,
KY927022,4,4c,4,4c,4,4a,4,4a,,
LC209863,1,1a,1,1a,1,1a,1,1a,,
LC209864,1,1a,1,1a,1,1a,1,1a,,
LC209865,1,1a,1,1a,1,1a,1,1a,,
LC209866,1,1a,1,1a,1,1a,1,1a,,
LC209867,1,1a,1,1a,1,1a,1,1a,,
LC209868,1,1a,1,1a,1,1a,1,1a,,
LC209869,1,1a,1,1a,1,1a,1,1a,,
LC209870,1,1a,1,1a,1,1a,1,1a,,
LC209871,1,1a,1,1a,1,1a,1,1a,,
LC209872,1,1a,1,1a,1,1a,1,1a,,
LC209873,1,1a,1,1a,1,1a,1,1a,,
LC209874,1,1a,1,1a,1,1a,1,1a,,
LC209875,1,1a,1,1a,1,1a,1,1a,,
LC209876,1,1a,1,1a,1,1a,1,1a,,
LC209877,1,1a,1,1a,1,1a,1,1a,,
LC209878,1,1a,1,1a,1,1a,1,1a,,
LC209879,1,1a,1,1a,1,1a,1,1a,,
LC209880,1,1a,1,1a,1,1a,1,1a,,
LC209881,1,1a,1,1a,1,1a,1,1a,,
LC209882,1,1a,1,1a,1,1a,1,1a,,
LC209883,1,1a,1,1a,1,1a,1,1a,,
LC209884,1,1a,1,1a,1,1a,1,1a,,
LC209885,1,1a,1,1a,1,1a,1,1a,,
LC209886,1,1a,1,1a,1,1a,1,1a,,
LC209887,1,1a,1,1a,1,1a,1,1a,,
LC209888,1,1a,1,1a,1,1a,1,1a,,
LC368309,1,1b,1,1b,1,1b,1,1b,,
LC368310,1,1b,1,1b,1,1b,1,1b,,
LC368311,1,1a,1,1a,1,1a,1,1a,,
LC368312,1,1a,1,1a,1,1a,1,1a,,
LC368313,1,1a,1,1a,1,1a,1,1a,,
LC368314,1,1b,1,1b,1,1b,1,1b,,
LC368315,1,1a,1,1a,1,1a,1,1a,,
LC368316,1,1a,1,1a,1,1a,1,1a,,
LC368317,1,1a,1,1a,1,1a,1,1a,,
LC368318,1,1b,1,1b,1,1b,1,1b,,
LC368319,1,1b,1,1b,1,1b,1,1b,,
LC368320,1,1a,1,1a,1,1a,1,1a,,
LC368321,1,1a,1,1a,1,1a,1,1a,,
LC368322,1,1b,1,1b,1,1b,1,1b,,
LC368323,1,1b,1,1b,1,1b,1,1b,,
LC368324,1,1a,1,1a,1,1a,1,1a,,
LC368325,1,1b,1,1b,1,1b,1,1b,,
LC368326,1,1a,1,1a,1,1a,1,1a,,
LC368327,1,1a,1,1a,1,1a,1,1a,,
LC368328,1,1a,1,1a,1,1a,1,1a,,
LC368329,1,1a,1,1a,1,1a,1,1a,,
LC368330,1,1b,1,1b,1,1b,1,1b,,
LC368331,1,1a,1,1a,1,1a,1,1a,,
LC368332,1,1a,1,1a,1,1a,1,1a,,
LC368333,1,1b,1,1b,1,1b,1,1b,,
LC368334,1,1b,1,1b,1,1b,1,1b,,
LC368335,1,1b,1,1b,1,1b,1,1b,,
LC368336,1,1b,1,1b,1,1b,1,1b,,
LC368337,1,1b,1,1b,1,1b,1,1b,,
LC368338,1,1b,1,1b,1,1b,1,1b,,
LC368339,1,1b,1,1b,1,1b,1,1b,,
LC368340,1,1b,1,1b,1,1b,1,1b,,
LC368341,1,1b,1,1b,1,1b,1,1b,,
LC368342,1,1b,1,1b,1,1b,1,1b,,
LC368343,1,1b,1,1b,1,1b,1,1b,,
LC368344,1,1b,1,1b,1,1b,1,1b,,
LC368345,1,1b,1,1b,1,1b,1,1b,,
LC368346,1,1b,1,1b,1,1b,1,1b,,
LC368347,1,1a,1,1a,1,1a,1,1a,,
LC368348,1,1b,1,1b,1,1b,1,1b,,
LC368349,1,1b,1,1b,1,1b,1,1b,,
LC368350,1,1b,1,1b,1,1b,1,1b,,
LC368353,3,3a,3,3a,3,3a,3,3a,,
LC368354,2,2a,2,2a,2,2a,2,2a,,
LC368355,3,3a,3,3a,3,3a,3,3a,,
LC368356,4,4a,4,4a,4,4a,4,4a,,
LC368357,4,4a,4,4a,4,4a,4,4a,,
LC368358,3,3a,3,3a,3,3a,3,3a,,
LC368359,1,1b,1,1b,1,1b,1,1b,,
LC368360,3,3a,3,3a,3,3a,3,3a,,
LC368361,3,3a,3,3a,3,3a,3,3a,,
LC368362,2,2a,2,2a,2,2a,2,2a,,
LC368363,2,2b,2,2b,2,2b,2,2b,,
LC368364,3,3a,3,3a,3,3a,3,3a,,
LC368365,3,3a,3,3a,3,3a,3,3a,,
LC368367,2,2b,2,2b,2,2b,2,2b,,
LC368368,3,3a,3,3a,3,3a,3,3a,,
LC368369,3,3a,3,3a,3,3a,3,3a,,
LC368370,3,3a,3,3a,3,3a,3,3a,,
LC368371,2,2a,2,2a,2,2a,2,2a,,
LC368372,3,3a,3,3a,3,3a,3,3a,,
LC368373,2,2a,2,2a,2,2a,2,2a,,
LC368374,1,1a,1,1a,1,1a,1,1a,,
LC368375,1,1b,1,1b,1,1b,1,1b,,
LC368376,1,1b,1,1b,1,1b,1,1b,,
LC368377,1,1b,1,1b,1,1b,1,1b,,
LC368378,2,2a,2,2a,2,2a,2,2a,,
LC368379,1,1b,1,1b,1,1b,1,1b,,
LC368380,1,1b,1,1b,1,1b,1,1b,,
LC368381,1,1b,1,1b,1,1b,1,1b,,
LC368382,3,3a,3,3a,3,3a,3,3a,,
LC368383,1,1b,1,1b,1,1b,1,1b,,
LC368384,1,1b,1,1b,1,1b,1,1b,,
LC368385,1,1b,1,1b,1,1b,1,1b,,
LC368386,1,1b,1,1b,1,1b,1,1b,,
LC368387,1,1b,1,1b,1,1b,1,1b,,
LC368388,2,2a,2,2a,2,2a,2,2a,,
LC368389,2,2a,2,2a,2,2a,2,2a,,
LC368390,1,1b,1,1b,1,1b,1,1b,,
LC368391,1,1a,1,1a,1,1a,1,1a,,
LC368392,2,2a,2,2a,2,2a,2,2a,,
LC368393,2,2a,2,2a,2,2a,2,2a,,
LC368394,1,1b,1,1b,1,1b,1,1b,,
LC368395,1,1b,1,1b,1,1b,1,1b,,
LC368396,1,1b,1,1b,1,1b,1,1b,,
LC368397,2,2b,2,2b,2,2b,2,2b,,
LC368398,1,1b,1,1b,1,1b,1,1b,,
LC368399,1,1b,1,1b,1,1b,1,1b,,
LC368400,1,1b,1,1b,1,1b,1,1b,,
LC368401,1,1b,1,1b,1,1b,1,1b,,
LC368402,1,1b,1,1b,1,1b,1,1b,,
LC368403,1,1b,1,1b,1,1b,1,1b,,
LC368404,1,1a,1,1a,1,1a,1,1a,,
LC368405,1,1b,1,1b,1,1b,1,1b,,
LC368406,1,1b,1,1b,1,1b,1,1b,,
LC368407,1,1b,1,1b,1,1b,1,1b,,
LC368408,1,1b,1,1b,1,1b,1,1b,,
LC368409,6,6n,6,6n,6,6n,6,6n,,
LC368410,1,1b,1,1b,1,1b,1,1b,,
LC368411,2,2b,2,2b,2,2b,2,2b,,
LC368412,1,1a,1,1a,1,1a,1,1a,,
LC368413,1,1b,1,1b,1,1b,1,1b,,
LC368414,4,4a,4,4a,4,4a,4,4a,,
LC368415,2,2a,2,2a,2,2a,2,2a,,
LC368416,2,2a,2,2a,2,2a,2,2a,,
LC368417,1,1b,1,1b,1,1b,1,1b,,
LC368418,1,1b,1,1b,1,1b,1,1b,,
LC368419,1,1b,1,1b,1,1b,1,1b,,
LC368420,3,3b,3,3b,3,3b,3,3b,,
LC368421,6,6v,6,6xa,1,1b,6,6w,,
LC368422,1,1b,1,1b,1,1b,1,1b,,
LC368423,6,6n,6,6n,6,6n,6,6n,,
LC368424,1,1b,1,1b,1,1b,1,1b,,
LC368425,1,1b,1,1b,1,1b,1,1b,,
LC368426,2,2a,2,2a,2,2a,2,2a,,
LC368427,1,1b,1,1b,1,1b,1,1b,,
LC368428,1,1b,1,1b,1,1b,1,1b,,
LC368429,1,1b,1,1b,1,1b,1,1b,,
LC368430,2,2b,2,2b,2,2b,2,2b,,
LC368431,2,2a,2,2a,2,2a,2,2a,,
LC368432,2,2a,2,2a,2,2a,2,2a,,
LC368433,1,1b,1,1b,1,1b,1,1b,,
LC368434,1,1b,1,1b,1,1b,1,1b,,
LC368435,6,6n,6,6n,6,6n,6,6n,,
LC368436,1,1b,1,1b,1,1b,1,1b,,
LC368437,1,1b,1,1b,1,1b,1,1b,,
LC368438,2,2b,2,2b,2,2b,2,2b,,
LC368439,2,2b,2,2b,2,2b,2,2b,,
LC368440,1,1b,1,1b,1,1b,1,1b,,
LC368441,1,1b,1,1b,1,1b,1,1b,,
LC368442,2,2c,2,2c,2,2c,2,2c,,
LC368443,1,1b,1,1b,1,1b,1,1b,,
LC368444,2,2c,2,2c,2,2c,2,2c,,
LC368445,1,1b,1,1b,1,1b,1,1b,,
LC368446,1,1b,1,1b,1,1b,1,1b,,
LC368447,1,1b,1,1b,1,1b,1,1b,,
LC368448,1,1b,1,1b,1,1b,1,1b,,
LC368449,2,2a,2,2a,2,2a,2,2a,,
LC435021,6,6a,6,6a,6,6a,6,6a,,
LC435022,1,1b,1,1b,1,1b,1,1b,,
LC435023,6,6e,6,6e,6,6e,6,6e,,
LC435024,6,6r,1,1k,6,6r,6,6r,,
LC435025,1,1b,1,1b,1,1b,1,1b,,
LC435026,1,1b,1,1b,1,1b,1,1b,,
LC435027,6,6e,6,6e,6,6e,6,6e,,
LC435028,6,6r,6,6r,6,6r,6,6r,,
LC435029,1,1b,1,1b,1,1b,1,1b,,
LC435030,1,1b,1,1b,1,1b,1,1b,,
KT595242,5,5a,5,5a,5,5a,5,5a,5,
KT721915,1,1a,1,1a,1,1a,1,1a,1,1a
KT721920,1,1a,1,1a,1,1a,1,1a,1,1a
KT721921,1,1a,1,1a,1,1a,1,1a,1,1a
KT721922,1,1a,1,1a,1,1a,1,1a,1,1a
KT721923,1,1a,1,1a,1,1a,1,1a,1,1a
KT721924,1,1a,1,1a,1,1a,1,1a,1,1a
KT721925,1,1a,1,1a,1,1a,1,1a,1,1a
KT721926,1,1a,1,1a,1,1a,1,1a,1,1a
KT721930,1,1a,1,1a,1,1a,1,1a,1,1a
KT721931,1,1a,1,1a,1,1a,1,1a,1,1a
KT721933,1,1a,1,1a,1,1a,1,1a,1,1a
KT721936,1,1a,1,1a,1,1a,1,1a,1,1a
KT721947,1,1a,1,1a,1,1a,1,1a,1,1a
KT721961,1,1a,1,1a,1,1a,1,1a,1,1a
KT721963,1,1a,1,1a,1,1a,1,1a,1,1a
KT721964,1,1a,1,1a,1,1a,1,1a,1,1a
KT721965,1,1a,1,1a,1,1a,1,1a,1,1a
KT721975,1,1a,1,1a,1,1a,1,1a,1,1a
KT721976,1,1a,1,1a,1,1a,1,1a,1,1a
KT721977,1,1a,1,1a,1,1a,1,1a,1,1a
KT721978,1,1a,1,1a,1,1a,1,1a,1,1a
KT721979,1,1a,1,1a,1,1a,1,1a,1,1a
KT721980,1,1a,1,1a,1,1a,1,1a,1,1a
KT721981,1,1a,1,1a,1,1a,1,1a,1,1a
KT721987,1,1a,1,1a,1,1a,1,1a,1,1a
KT721993,1,1a,1,1a,1,1a,1,1a,1,1a
KT721994,1,1a,1,1a,1,1a,1,1a,1,1a
KT722002,1,1a,1,1a,1,1a,1,1a,1,1a
KT722003,1,1a,1,1a,1,1a,1,1a,1,1a
KT722008,1,1a,1,1a,1,1a,1,1a,1,1a
KT722010,1,1a,1,1a,1,1a,1,1a,1,1a
KT722012,1,1a,1,1a,1,1a,1,1a,1,1a
KT722013,1,1a,1,1a,1,1a,1,1a,1,1a
KT722014,1,1a,1,1a,1,1a,1,1a,1,1a
KT722015,1,1a,1,1a,1,1a,1,1a,1,1a
KT722017,1,1a,1,1a,1,1a,1,1a,1,1a
KT722018,1,1a,1,1a,1,1a,1,1a,1,1a
KT722024,1,1a,1,1a,1,1a,1,1a,1,1a
KT722025,1,1a,1,1a,1,1a,1,1a,1,1a
KT722031,1,1a,1,1a,1,1a,1,1a,1,1a
KT722032,1,1a,1,1a,1,1a,1,1a,1,1a
KT722033,1,1a,1,1a,1,1a,1,1a,1,1a
KT722034,1,1a,1,1a,1,1a,1,1a,1,1a
KT722035,1,1a,1,1a,1,1a,1,1a,1,1a
KT722036,1,1a,1,1a,1,1a,1,1a,1,1a
KT722037,1,1a,1,1a,1,1a,1,1a,1,1a
KT722038,1,1a,1,1a,1,1a,1,1a,1,1a
KT722039,1,1a,1,1a,1,1a,1,1a,1,1a
KT722044,1,1a,1,1a,1,1a,1,1a,1,1a
KT722048,1,1a,1,1a,1,1a,1,1a,1,1a
KT722049,1,1a,1,1a,1,1a,1,1a,1,1a
KT722050,1,1a,1,1a,1,1a,1,1a,1,1a
KT722052,1,1a,1,1a,1,1a,1,1a,1,1a
KT722053,1,1a,1,1a,1,1a,1,1a,1,1a
KT722054,1,1a,1,1a,1,1a,1,1a,1,1a
KT722064,1,1a,1,1a,1,1a,1,1a,1,1a
KT722082,1,1a,1,1a,1,1a,1,1a,1,1a
KT722087,1,1a,1,1a,1,1a,1,1a,1,1a
KT722091,1,1a,1,1a,1,1a,1,1a,1,1a
KT722092,1,1a,1,1a,1,1a,1,1a,1,1a
KT722093,1,1a,1,1a,1,1a,1,1a,1,1a
KT722097,1,1a,1,1a,1,1a,1,1a,1,1a
KT722098,1,1a,1,1a,1,1a,1,1a,1,1a
KT722100,1,1a,1,1a,1,1a,1,1a,1,1a
KT722101,1,1a,1,1a,1,1a,1,1a,1,1a
KT722102,1,1a,1,1a,1,1a,1,1a,1,1a
KT722118,1,1a,1,1a,1,1a,1,1a,1,1a
KT722125,1,1a,1,1a,1,1a,1,1a,1,1a
KT722133,1,1a,1,1a,1,1a,1,1a,1,1a
KT722136,1,1a,1,1a,1,1a,1,1a,1,1a
KT722138,1,1a,1,1a,1,1a,1,1a,1,1a
KT722139,1,1a,1,1a,1,1a,1,1a,1,1a
KT722140,1,1a,1,1a,1,1a,1,1a,1,1a
KT722141,1,1a,1,1a,1,1a,1,1a,1,1a
KT722142,1,1a,1,1a,1,1a,1,1a,1,1a
KT722143,1,1a,1,1a,1,1a,1,1a,1,1a
KT722144,1,1a,1,1a,1,1a,1,1a,1,1a
KT722145,1,1a,1,1a,1,1a,1,1a,1,1a
KT722146,1,1a,1,1a,1,1a,1,1a,1,1a
KT722147,1,1a,1,1a,1,1a,1,1a,1,1a
KT722148,1,1a,1,1a,1,1a,1,1a,1,1a
KT722149,1,1a,1,1a,1,1a,1,1a,1,1a
KT722150,1,1a,1,1a,1,1a,1,1a,1,1a
KT722151,1,1a,1,1a,1,1a,1,1a,1,1a
KT722152,1,1a,1,1a,1,1a,1,1a,1,1a
KT722153,1,1a,1,1a,1,1a,1,1a,1,1a
KT722154,1,1a,1,1a,1,1a,1,1a,1,1a
KT722162,1,1a,1,1a,1,1a,1,1a,1,1a
KT722165,1,1a,1,1a,1,1a,1,1a,1,1a
KT722167,1,1a,1,1a,1,1a,1,1a,1,1a
KT722168,1,1a,1,1a,1,1a,1,1a,1,1a
KT722169,1,1a,1,1a,1,1a,1,1a,1,1a
KT722170,1,1a,1,1a,1,1a,1,1a,1,1a
KT722171,1,1a,1,1a,1,1a,1,1a,1,1a
KT722172,1,1a,1,1a,1,1a,1,1a,1,1a
KT722173,1,1a,1,1a,1,1a,1,1a,1,1a
KT722174,1,1a,1,1a,1,1a,1,1a,1,1a
KT722175,1,1a,1,1a,1,1a,1,1a,1,1a
KT722176,1,1a,1,1a,1,1a,1,1a,1,1a
KT722177,1,1a,1,1a,1,1a,1,1a,1,1a
KT722178,1,1b,1,1b,1,1b,1,1b,1,1b
KT722186,1,1b,1,1b,1,1b,1,1b,1,1b
KT722188,1,1b,1,1b,1,1b,1,1b,1,1b
KT722189,1,1b,1,1b,1,1b,1,1b,1,1b
KT722190,1,1b,1,1b,1,1b,1,1b,1,1b
KT722191,1,1b,1,1b,1,1b,1,1b,1,1b
KT722193,1,1b,1,1b,1,1b,1,1b,1,1b
KT722196,1,1b,1,1b,1,1b,1,1b,1,1b
KT722197,1,1b,1,1b,1,1b,1,1b,1,1b
KT722198,1,1b,1,1b,1,1b,1,1b,1,1b
KT722199,1,1b,1,1b,1,1b,1,1b,1,1b
KT722200,1,1b,1,1b,1,1b,1,1b,1,1b
KT722201,1,1b,1,1b,1,1b,1,1b,1,1b
KT722210,1,1b,1,1b,1,1b,1,1b,1,1b
KT722220,2,2b,2,2b,2,2b,2,2b,2,2b
KT722225,2,2b,2,2b,2,2b,2,2b,2,2b
KT722230,2,2b,2,2b,2,2b,2,2b,2,2b
KT722231,2,2b,2,2b,2,2b,2,2b,2,2b
KT722238,2,2b,2,2b,2,2b,2,2b,2,2b
KT722239,2,2b,2,2b,2,2b,2,2b,2,2b
KT722240,2,2b,2,2b,2,2b,2,2b,2,2b
KT722241,3,3a,3,3a,3,3a,3,3a,3,3a
KT722242,3,3a,3,3a,3,3a,3,3a,3,3a
KT722243,3,3a,3,3a,3,3a,3,3a,3,3a
KT722244,3,3a,3,3a,3,3a,3,3a,3,3a
KT722245,3,3a,3,3a,3,3a,3,3a,3,3a
KT722246,3,3a,3,3a,3,3a,3,3a,3,3a
KT722247,3,3a,3,3a,3,3a,3,3a,3,3a
KT722249,3,3a,3,3a,3,3a,3,3a,3,3a
KT722251,3,3a,3,3a,3,3a,3,3a,3,3a
KT722253,3,3a,3,3a,3,3a,3,3a,3,3a
KT722254,3,3a,3,3a,3,3a,3,3a,3,3a
KT722256,3,3a,3,3a,3,3a,3,3a,3,3a
KT722257,3,3a,3,3a,3,3a,3,3a,3,3a
KT722258,3,3a,3,3a,3,3a,3,3a,3,3a
KT722260,3,3a,3,3a,3,3a,3,3a,3,3a
KT722262,3,3a,3,3a,3,3a,3,3a,3,3a
KT722264,3,3a,3,3a,3,3a,3,3a,3,3a
KT722269,3,3a,3,3a,3,3a,3,3a,3,3a
KT722270,3,3a,3,3a,3,3a,3,3a,3,3a
KT722272,3,3a,3,3a,3,3a,3,3a,3,3a
KT722273,3,3a,3,3a,3,3a,3,3a,3,3a
KT722274,3,3a,3,3a,3,3a,3,3a,3,3a
KT722275,3,3a,3,3a,3,3a,3,3a,3,3a
KT722276,3,3a,3,3a,3,3a,3,3a,3,3a
KT722277,3,3a,3,3a,3,3a,3,3a,3,3a
KT722278,3,3a,3,3a,3,3a,3,3a,3,3a
KT722279,3,3a,3,3a,3,3a,3,3a,3,3a
KT722283,3,3a,3,3a,3,3a,3,3a,3,3a
KT722284,3,3a,3,3a,3,3a,3,3a,3,3a
KT722285,3,3a,3,3a,3,3a,3,3a,3,3a
KT722287,3,3a,3,3a,3,3a,3,3a,3,3a
KT722288,3,3a,3,3a,3,3a,3,3a,3,3a
KT722289,3,3a,3,3a,3,3a,3,3a,3,3a
KT722290,3,3a,3,3a,3,3a,3,3a,3,3a
KT722291,3,3a,3,3a,3,3a,3,3a,3,3a
KT722292,3,3a,3,3a,3,3a,3,3a,3,3a
KT722293,3,3a,3,3a,3,3a,3,3a,3,3a
KT722295,3,3a,3,3a,3,3a,3,3a,3,3a
KT722297,3,3a,3,3a,3,3a,3,3a,3,3a
KT722298,3,3a,3,3a,3,3a,3,3a,3,3a
KT722299,3,3a,3,3a,3,3a,3,3a,3,3a
KT722300,3,3a,3,3a,3,3a,3,3a,3,3a
KT722301,3,3a,3,3a,3,3a,3,3a,3,3a
KT722303,3,3a,3,3a,3,3a,3,3a,3,3a
KT722306,3,3a,3,3a,3,3a,3,3a,3,3a
KT722307,3,3a,3,3a,3,3a,3,3a,3,3a
KT722308,3,3a,3,3a,3,3a,3,3a,3,3a
KT722309,3,3a,3,3a,3,3a,3,3a,3,3a
KT722310,3,3a,3,3a,3,3a,3,3a,3,3a
KT722311,3,3a,3,3a,3,3a,3,3a,3,3a
KT722312,3,3a,3,3a,3,3a,3,3a,3,3a
KT722313,3,3a,3,3a,3,3a,3,3a,3,3a
KT722315,3,3a,3,3a,3,3a,3,3a,3,3a
KT722316,3,3a,3,3a,3,3a,3,3a,3,3a
KT722317,3,3a,3,3a,3,3a,3,3a,3,3a
KT722318,3,3a,3,3a,3,3a,3,3a,3,3a
KT722319,3,3a,3,3a,3,3a,3,3a,3,3a
KT722320,3,3a,3,3a,3,3a,3,3a,3,3b
KT722322,3,3a,3,3a,3,3a,3,3a,3,3b
KT722327,4,4a,4,4a,4,4a,4,4a,4,4a
KT735178,1,1a,1,1a,1,1a,1,1a,1,1b
KT735179,1,1a,1,1a,1,1a,1,1a,1,1a
KT735180,1,1b,1,1b,1,1b,1,1b,1,1b
KT735181,1,1a,1,1a,1,1a,1,1a,1,1a
KT735182,1,1b,1,1b,1,1b,1,1b,1,1b
KT735183,3,3a,3,3a,3,3a,3,3a,3,3a
KT735184,1,1b,1,1b,1,1b,1,1b,1,1b
KT735185,4,4a,4,4a,4,4a,4,4a,4,4a
KT735186,1,1a,1,1a,1,1a,1,1a,1,1a
KT735187,1,1a,1,1a,1,1a,1,1a,1,1a
KT779127,3,3a,3,3a,3,3a,3,3a,3,3a
KT779128,3,3a,3,3a,3,3a,3,3a,3,3a
KT779129,3,3a,3,3a,3,3a,3,3a,3,3a
KT779130,3,3a,3,3a,3,3a,3,3a,3,3a
KT779131,3,3a,3,3a,3,3a,3,3a,3,3a
KT779132,3,3a,3,3a,3,3a,3,3a,3,3a
KT779133,3,3a,3,3a,3,3a,3,3a,3,3a
KT779134,3,3a,3,3a,3,3a,3,3a,3,3a
KT779135,3,3a,3,3a,3,3a,3,3a,3,3a
KT779136,3,3a,3,3a,3,3a,3,3a,3,3a
KT779137,3,3a,3,3a,3,3a,3,3a,3,3a
KT779138,3,3a,3,3a,3,3a,3,3a,3,3a
KT779139,3,3a,3,3a,3,3a,3,3a,3,3a
KT779140,3,3a,3,3a,3,3a,3,3a,3,3a
KT779141,3,3a,3,3a,3,3a,3,3a,3,3a
KT779142,3,3a,3,3a,3,3a,3,3a,3,3a
KT779143,3,3a,3,3a,3,3a,3,3a,3,3a
KT779144,3,3a,3,3a,3,3a,3,3a,3,3a
KT779145,3,3a,3,3a,3,3a,3,3a,3,3a
KT779146,3,3a,3,3a,3,3a,3,3a,3,3a
KT779147,3,3a,3,3a,3,3a,3,3a,3,3a
KT779148,3,3a,3,3a,3,3a,3,3a,3,3a
KT779149,3,3a,3,3a,3,3a,3,3a,3,3a
KT779150,3,3a,3,3a,3,3a,3,3a,3,3a
KT779151,3,3a,3,3a,3,3a,3,3a,3,3a
KT779152,3,3a,3,3a,3,3a,3,3a,3,3a
KT779153,3,3a,3,3a,3,3a,3,3a,3,3a
KT779154,3,3a,3,3a,3,3a,3,3a,3,3a
KT779155,3,3a,3,3a,3,3a,3,3a,3,3a
KT779156,3,3a,3,3a,3,3a,3,3a,3,3a
KU180709,1,1b,1,1b,1,1b,1,1b,,
KU180710,1,1a,1,1a,1,1a,1,1a,,
KU180711,1,1b,1,1b,1,1b,1,1b,,
KU180712,1,1a,1,1a,1,1a,1,1a,,
KU180713,4,4c,4,4c,4,4a,4,4a,,
KU180714,1,1a,1,1a,1,1a,1,1a,,
KU180715,4,4d,4,4d,4,4d,4,4d,,
KU180716,1,1b,1,1b,1,1b,1,1b,,
KU180717,1,1a,1,1a,1,1a,1,1a,,
KU180718,1,1a,1,1a,1,1a,1,1a,,
KU180719,1,1a,1,1a,1,1a,1,1a,,
KU180720,1,1a,1,1a,1,1a,1,1a,,
KU180721,3,3a,3,3a,3,3a,3,3a,,
KU180722,3,3a,3,3a,3,3a,3,3a,,
KU180723,2,2b,2,2b,2,2b,2,2b,,
KU180724,3,3a,3,3a,3,3a,3,3a,,
KU180725,1,1b,1,1b,1,1b,1,1b,,
KU180726,1,1a,1,1a,1,1a,1,1a,,
KU180727,1,1a,1,1a,1,1a,1,1a,,
KU180728,1,1b,1,1b,1,1b,1,1b,,
KU180729,2,2b,2,2b,2,2b,2,2b,,
KU180730,2,2b,2,2b,2,2b,2,2b,,
KU180731,1,1b,1,1b,1,1b,1,1b,,
KU871276,2,2b,2,2b,2,2b,2,2b,2,2b
KU871277,2,2b,2,2b,2,2b,2,2b,2,2b
KU871278,2,2b,2,2b,2,2b,2,2b,2,2b
KU871279,5,5a,5,5a,5,5a,5,5a,5,
KU871280,5,5a,5,5a,5,5a,5,5a,5,
KU871281,5,5a,5,5a,5,5a,5,5a,5,
KU871282,5,5a,5,5a,5,5a,5,5a,5,
KU871283,4,4d,4,4d,4,4d,4,4d,4,
KU871284,4,4d,4,4d,4,4d,4,4d,4,
KU871285,4,4d,4,4d,4,4d,4,4d,4,
KU871286,4,4d,4,4d,4,4d,4,4d,4,
KU871287,4,4d,4,4d,4,4d,4,4d,4,
KU871288,4,4m,4,4m,4,4m,4,4m,4,
KU871289,4,4a,4,4a,4,4a,4,4a,4,
KU871290,4,4a,4,4a,4,4a,4,4a,4,
KU871291,4,4a,4,4a,4,4a,4,4a,4,
KU871292,4,4a,4,4a,4,4a,4,4a,4,
KU871293,4,4a,4,4a,4,4a,4,4a,4,
KU871294,3,3a,3,3a,3,3a,3,3a,3,3a
KU871295,3,3a,3,3a,3,3a,3,3a,3,3a
KU871296,3,3a,3,3a,3,3a,3,3a,3,3a
KU871297,3,3a,3,3a,3,3a,3,3a,3,3a
KU871298,3,3a,3,3a,3,3a,3,3a,3,3a
KU871299,3,3a,3,3a,3,3a,3,3a,3,3a
KU871300,1,1a,1,1a,1,1a,1,1a,1,1a
KU871301,1,1a,1,1a,1,1a,1,1a,1,1a
KU871302,1,1a,1,1a,1,1a,1,1a,1,1a
KU871303,1,1a,1,1a,1,1a,1,1a,1,1a
KU871306,1,1a,1,1a,1,1a,1,1a,1,1a
KU871307,1,1b,1,1b,1,1b,1,1b,1,1b
KU871308,1,1b,1,1b,1,1b,1,1b,1,1b
KU871309,1,1b,1,1b,1,1b,1,1b,1,1b
KU871310,6,6a,6,6a,6,6a,6,6a,6,6a
KU871311,6,6a,6,6a,6,6a,6,6a,6,6a
KX092342,7,7b,7,7b,3,3a,2,2b,,
KX107863,6,6a,6,6a,6,6a,6,6a,6,6a
KX107865,6,6j,6,6j,6,6j,6,6j,6,6j
KX107866,5,5a,5,5a,5,5a,5,5a,5,5a
KX107869,6,6e,6,6e,6,6e,6,6e,6,6e
KX107870,6,6e,6,6e,6,6e,6,6e,6,6e
KX107871,6,6e,6,6e,6,6e,6,6e,6,6e
KX138233,5,5a,5,5a,5,5a,5,5a,5,5a
KX138234,5,5a,5,5a,5,5a,5,5a,5,5a
KX138236,5,5a,5,5a,5,5a,5,5a,5,5a
KX138237,5,5a,5,5a,5,5a,5,5a,5,5a
KX138238,6,6n,6,6n,6,6n,6,6n,6,6n
KX138241,6,6a,6,6a,6,6a,6,6a,6,6a
KX138242,6,6p,6,6p,6,6p,6,6p,6,6p
KX138243,6,6l,6,6l,6,6l,6,6l,6,6l
KX138244,6,6e,6,6e,6,6e,6,6e,6,6e
KX138246,6,6a,6,6a,6,6a,6,6a,6,6a
KX138249,6,6a,6,6a,6,6a,6,6a,6,6a
KX258963,1,1b,1,1b,1,1b,1,1b,,
KX258964,1,1b,1,1b,1,1b,1,1b,,
KX258965,1,1b,1,1b,1,1b,1,1b,,
KX258966,1,1b,1,1b,1,1b,1,1b,,
KX258967,1,1b,1,1b,1,1b,1,1b,,
KX258968,1,1b,1,1b,1,1b,1,1b,,
KX258969,1,1b,1,1b,1,1b,1,1b,,
KX258970,1,1b,1,1b,1,1b,1,1b,,
KX258971,1,1b,1,1b,1,1b,1,1b,,
KX258972,1,1b,1,1b,1,1b,1,1b,,
KX258973,1,1b,1,1b,1,1b,1,1b,,
KX258977,1,1b,1,1b,1,1b,1,1b,,
KX258978,1,1b,1,1b,1,1b,1,1b,,
KX258980,1,1b,1,1b,1,1b,1,1b,,
KX258983,1,1b,1,1b,1,1b,1,1b,,
KX258984,1,1b,1,1b,1,1b,1,1b,,
KX258987,1,1b,1,1b,1,1b,1,1b,,
KX258988,1,1b,1,1b,1,1b,1,1b,,
KX258989,1,1b,1,1b,1,1b,1,1b,,
KX258992,1,1b,1,1b,1,1b,1,1b,,
KX258993,1,1b,1,1b,1,1b,1,1b,,
KX258994,1,1b,1,1b,1,1b,1,1b,,
KX258995,1,1b,1,1b,1,1b,1,1b,,
KX258997,1,1b,1,1b,1,1b,1,1b,,
KX258998,1,1b,1,1b,1,1b,1,1b,,
KX259001,1,1b,1,1b,1,1b,1,1b,,
KX259006,1,1b,1,1b,1,1b,1,1b,,
KX259007,1,1b,1,1b,1,1b,1,1b,,
KX259008,1,1b,1,1b,1,1b,1,1b,,
OP894631,1,1e,1,1e,1,1e,1,1e,1,1e
OP894632,1,1d,1,1d,1,1b,1,1b,1,1d
OP894633,1,1d,1,1d,1,1b,1,1b,1,1d
OP894634,1,1l,1,1l,1,1l,1,1l,1,1l
OP894635,1,1l,1,1l,1,1l,1,1l,1,1l
OP894636,1,1d,1,1d,1,1b,1,1b,1,1d
OP894637,1,1l,1,1l,1,1l,1,1l,1,1l
OP894638,1,1l,1,1l,1,1l,1,1l,1,1l
OP894639,1,1e,1,1e,1,1e,1,1e,1,1e
OP894640,1,1e,1,1e,1,1e,1,1e,1,1e
OP894641,1,1e,1,1e,1,1e,1,1e,1,1e
OP894643,1,1e,1,1e,1,1e,1,1e,1,1e
OP894644,1,1l,1,1l,1,1l,1,1l,1,1l
OP894645,1,1e,1,1e,1,1e,1,1e,1,1e
OP894646,1,1o,1,1o,1,1b,1,1b,1,
OP894647,1,1l,1,1l,1,1l,1,1l,1,1l
OP894649,1,1d,1,1d,1,1b,1,1b,1,1d
OP894650,1,1l,1,1l,1,1l,1,1l,1,1l
OP894651,1,1l,1,1l,1,1l,1,1l,1,1l
OP894652,1,1l,1,1l,1,1l,1,1l,1,1l
OP894653,1,1l,1,1l,1,1l,1,1l,1,1l
OP894654,1,1l,1,1l,1,1l,1,1l,1,1l
OP894655,1,1l,1,1l,1,1l,1,1l,1,1l
OP894657,1,1e,1,1e,1,1e,1,1e,1,1e
OP894658,1,1l,1,1l,1,1l,1,1l,1,1l
OP894659,1,1e,1,1e,1,1e,1,1e,1,1e
OP894660,1,1l,1,1l,1,1l,1,1l,1,1l
OR917720,2,2q,2,2q,2,2q,2,2q,2,2q
OR917721,2,2q,2,2q,2,2q,2,2q,2,2q
OR917722,2,2q,2,2q,2,2q,2,2q,2,2q
OR917723,2,2j,2,2j,2,2j,2,2j,2,2j
OR917724,2,2j,2,2j,2,2j,2,2j,2,2j
OR917725,2,2f,2,2c,2,2j,2,2j,2,2c
OR917726,2,2c,2,2c,2,2j,2,2j,2,2c
OR917727,2,2j,2,2j,2,2j,2,2j,2,2j
OR917728,2,2j,2,2j,2,2j,2,2j,2,
OR917729,2,2f,2,2c,2,2c,2,2c,2,
OM525854,1,1o,1,1k,1,1b,1,1b,,
OM525856,1,1k,1,1a,1,1a,1,1a,,
OM525857,2,2d,2,2d,2,2d,2,2d,,
OM525858,2,2q,2,2m,2,2a,2,2a,,
OM525859,1,1m,1,1n,1,1b,1,1b,,
OM525860,2,2d,2,2d,2,2d,2,2d,,
OM525861,2,2d,2,2d,2,2d,2,2d,,
OM525862,1,1b,1,1b,1,1b,1,1b,,
OM525863,1,1n,1,1c,1,1c,1,1c,,
OM525864,1,1k,1,1k,1,1a,1,1a,,
OM525865,1,1i,1,1b,1,1b,1,1b,,
OM525866,1,1a,1,1a,1,1a,1,1a,,
OM525867,1,1b,1,1b,1,1b,1,1b,,
OM525868,1,1n,1,1b,1,1b,1,1b,,
OM525869,1,1b,1,1b,1,1b,1,1b,,
OM525870,2,2d,2,2d,2,2d,2,2d,,
OM525871,1,1k,1,1k,1,1a,1,1a,,
OM525872,1,1b,1,1b,1,1b,1,1b,,
OM525874,2,2d,2,2d,2,2d,2,2d,,
OM525875,1,1k,1,1k,1,1a,1,1a,,
OM525876,1,1b,1,1b,1,1b,1,1b,,
OM525877,2,2q,2,2m,2,2j,2,2j,,
OM525878,2,2q,2,2r,2,2q,2,2a,,
OM525879,2,2f,2,2d,2,2j,2,2j,,
OM525880,2,2b,2,2b,2,2b,2,2b,,
OM525881,2,2d,2,2d,2,2d,2,2d,,
OM525882,1,1b,1,1b,1,1b,1,1b,,
OM525883,1,1b,1,1b,1,1b,1,1b,,
OM525884,2,2u,2,2q,2,2a,2,2q,,
OM525885,2,2a,2,2q,2,2j,2,2j,,
OM525886,2,2d,2,2d,2,2d,2,2d,,
OM525887,2,2d,2,2d,2,2d,2,2d,,
OM525888,1,1m,1,1b,1,1b,1,1b,,
OM525889,1,1b,1,1b,1,1b,1,1b,,
OM525890,2,2a,2,2q,2,2a,2,2j,,
OM525891,1,1a,1,1a,1,1a,1,1a,,
OM525892,1,1b,1,1b,1,1b,1,1b,,
OM525893,2,2q,2,2q,2,2a,2,2a,,
OM525894,1,1h,1,1b,1,1b,1,1b,,
OM525896,1,1g,1,1b,1,1b,1,1b,,
OM525897,1,1g,1,1b,1,1b,1,1b,,
OM525898,2,2d,2,2d,2,2d,2,2d,,
OM525900,2,2d,2,2q,2,2j,2,2j,,
OM525901,2,2q,2,2a,2,2j,2,2a,,
OM525902,1,1k,1,1a,1,1a,1,1a,,
OM525903,2,2a,2,2q,2,2a,2,2q,,
OM525904,2,2q,2,2q,2,2j,2,2q,,
OM525905,2,2r,2,2q,2,2a,2,2j,,
OM525906,1,1b,1,1b,1,1b,1,1b,,
OM525907,2,2d,2,2d,2,2d,2,2d,,
OM525909,1,1k,1,1k,1,1a,1,1a,,
OM525910,2,2d,2,2d,2,2d,2,2d,,
OM811422,1,1b,1,1b,1,1b,1,1b,1,1b
OM811423,3,3a,3,3a,3,3a,3,3a,3,3a
OM811424,3,3a,3,3a,3,3a,3,3a,3,3a
OM811425,1,1b,1,1b,1,1b,1,1b,1,1b
OM811426,3,3a,3,3a,3,3a,3,3a,3,3a
OM811427,1,1b,1,1b,1,1b,1,1b,1,1b
OM811428,3,3a,3,3a,3,3a,3,3a,3,3a
OM811429,1,1b,1,1b,1,1b,1,1b,1,1b
OM811430,1,1b,1,1b,1,1b,1,1b,1,1b
OM811432,1,1b,1,1b,1,1b,1,1b,1,1b
OM811434,3,3a,3,3a,3,3a,3,3a,3,3a
OM811435,3,3a,3,3a,3,3a,3,3a,3,3a
OM811436,1,1b,1,1b,1,1b,1,1b,1,1b
OM811438,1,1b,1,1b,1,1b,1,1b,1,1b
OM811440,1,1a,1,1a,1,1a,1,1a,1,1a
OM811441,1,1b,1,1b,1,1b,1,1b,1,1b
OM811442,3,3a,3,3a,3,3a,3,3a,3,3a
OM811443,1,1b,1,1b,1,1b,1,1b,1,1b
ON841536,1,1b,1,1b,1,1b,1,1b,1,1b
ON841537,1,1b,1,1b,1,1b,1,1b,1,1b
ON841538,1,1b,1,1b,1,1b,1,1b,1,1b
ON841539,1,1b,1,1b,1,1b,1,1b,1,1b
ON841540,1,1b,1,1b,1,1b,1,1b,1,1b
ON841541,1,1b,1,1b,1,1b,1,1b,1,1b
ON841542,1,1b,1,1b,1,1b,1,1b,1,1b
ON841543,1,1b,1,1b,1,1b,1,1b,1,1b
ON841544,1,1b,1,1b,1,1b,1,1b,1,1b
ON841545,1,1b,1,1b,1,1b,1,1b,1,1b
ON841546,1,1b,1,1b,1,1b,1,1b,1,1b
ON841547,1,1b,1,1b,1,1b,1,1b,1,1b
ON841548,1,1b,1,1b,1,1b,1,1b,1,1b
ON841552,3,3a,3,3a,3,3a,3,3a,3,3a
ON841553,3,3a,3,3a,3,3a,3,3a,3,3a
ON841554,3,3a,3,3a,3,3a,3,3a,3,3a
ON841555,3,3a,3,3a,3,3a,3,3a,3,3a
ON841556,3,3a,3,3a,3,3a,3,3a,3,3a
ON841557,3,3a,3,3a,3,3a,3,3a,3,3a
ON841558,3,3a,3,3a,3,3a,3,3a,3,3a
ON841559,3,3a,3,3a,3,3a,3,3a,3,3a
ON841560,3,3a,3,3a,3,3a,3,3a,3,3a
ON841561,3,3a,3,3a,3,3a,3,3a,3,3a
ON841562,3,3a,3,3a,3,3a,3,3a,3,3a
ON841563,3,3a,3,3a,3,3a,3,3a,3,3a
ON841564,3,3a,3,3a,3,3a,3,3a,3,3a
ON841565,3,3a,3,3a,3,3a,3,3a,3,3a
ON841566,3,3a,3,3a,3,3a,3,3a,3,3a
PV083181,1,1b,1,1b,1,1b,1,1b,1,1b
PV083182,1,1b,1,1b,1,1b,1,1b,1,1b
PV083183,1,1b,1,1b,1,1b,1,1b,1,1b
PV184471,3,3a,3,3a,3,3a,3,3a,3,3a
PV184472,3,3a,3,3a,3,3a,3,3a,3,3a
PV184473,3,3a,3,3a,3,3a,3,3a,3,3a
PV184475,1,1a,1,1a,1,1a,1,1a,1,1a
PV184476,1,1a,1,1a,1,1a,1,1a,1,1a
PV184478,3,3a,3,3a,3,3a,3,3a,3,3a
PV184479,3,3a,3,3a,3,3a,3,3a,3,3a
PV184480,3,3a,3,3a,3,3a,3,3a,3,3a
PV184481,1,1a,1,1a,1,1a,1,1a,1,1a
PV184482,3,3a,3,3a,3,3a,3,3a,3,3a
PV184483,1,1a,1,1a,1,1a,1,1a,1,1a
PV184484,3,3a,3,3a,3,3a,3,3a,3,3a
PV184485,3,3a,3,3a,3,3a,3,3a,3,3a
PV184487,1,1a,1,1a,1,1a,1,1a,1,1a
PV184488,1,1a,1,1a,1,1a,1,1a,1,1a
PV184489,1,1a,1,1a,1,1a,1,1a,1,1a
PV184490,1,1a,1,1a,1,1a,1,1a,1,1a
PV184491,1,1a,1,1a,1,1a,1,1a,1,1a
PV184492,3,3a,3,3a,3,3a,3,3a,3,3a
PV184493,1,1a,1,1a,1,1a,1,1a,1,1a
PV184494,1,1a,1,1a,1,1a,1,1a,1,1a
PV184495,1,1a,1,1a,1,1a,1,1a,1,1a
PV184496,3,3a,3,3a,3,3a,3,3a,3,3a
PV184497,3,3a,3,3a,3,3a,3,3a,3,3a
PV184498,3,3a,3,3a,3,3a,3,3a,3,3a
PV184499,3,3a,3,3a,3,3a,3,3a,3,3a
PV184500,3,3a,3,3a,3,3a,3,3a,3,3a
PV184501,3,3a,3,3a,3,3a,3,3a,3,3a
PV184502,3,3a,3,3a,3,3a,3,3a,3,3a
PV184503,3,3a,3,3a,3,3a,3,3a,3,3a
PV184504,3,3a,3,3a,3,3a,3,3a,3,3a
PV184505,1,1a,1,1a,1,1a,1,1a,1,1a
PV184506,3,3a,3,3a,3,3a,3,3a,3,3a
PV184507,1,1a,1,1a,1,1a,1,1a,1,1a
PV184508,3,3a,3,3a,3,3a,3,3a,3,3a
PV184509,3,3a,3,3a,3,3a,3,3a,3,3a
PV184510,1,1a,1,1a,1,1a,1,1a,1,1a
PV184511,3,3a,3,3a,3,3a,3,3a,3,3a
PV184512,1,1a,1,1a,1,1a,1,1a,1,1a
PV184513,3,3a,3,3a,3,3a,3,3a,3,3a
PV184514,1,1a,1,1a,1,1a,1,1a,1,1a
PV184515,1,1a,1,1a,1,1a,1,1a,1,1a
PV184516,1,1a,1,1a,1,1a,1,1a,1,1a
PV184517,3,3a,3,3a,3,3a,3,3a,3,3a
PV184518,1,1a,1,1a,1,1a,1,1a,1,1a
PV184519,1,1a,1,1a,1,1a,1,1a,1,1a
PV184520,3,3a,3,3a,3,3a,3,3a,3,3a
PV184521,3,3a,3,3a,3,3a,3,3a,3,3a
PV184522,1,1a,1,1a,1,1a,1,1a,1,1a
PV184523,1,1a,1,1a,1,1a,1,1a,1,1a
PV184524,1,1a,1,1a,1,1a,1,1a,1,1a
PV184525,3,3a,3,3a,3,3a,3,3a,3,3a
PV184526,3,3a,3,3a,3,3a,3,3a,3,3a
PV184527,3,3a,3,3a,3,3a,3,3a,3,3a
PV184528,3,3a,3,3a,3,3a,3,3a,3,3a
PV184529,3,3a,3,3a,3,3a,3,3a,3,3a
PV184530,3,3a,3,3a,3,3a,3,3a,3,3a
PV184531,3,3a,3,3a,3,3a,3,3a,3,3a
PV184532,3,3a,3,3a,3,3a,3,3a,3,3a
PV184533,3,3a,3,3a,3,3a,3,3a,3,3a
PV184534,3,3a,3,3a,3,3a,3,3a,3,3a
PV184535,3,3a,3,3a,3,3a,3,3a,3,3a
PV184536,3,3a,3,3a,3,3a,3,3a,3,3a
PV184537,1,1a,1,1a,1,1a,1,1a,1,1a
PV184538,3,3a,3,3a,3,3a,3,3a,3,3a
PV184539,3,3a,3,3a,3,3a,3,3a,3,3a
PV184540,1,1a,1,1a,1,1a,1,1a,1,1a
PV184541,1,1a,1,1a,1,1a,1,1a,1,1a
PV184542,3,3a,3,3a,3,3a,3,3a,3,3a
PV184544,1,1a,1,1a,1,1a,1,1a,1,1a
PV184545,1,1a,1,1a,1,1a,1,1a,1,1a
PV184546,3,3a,3,3a,3,3a,3,3a,3,3a
PV184547,3,3a,3,3a,3,3a,3,3a,3,3a
PV184548,3,3a,3,3a,3,3a,3,3a,3,3a
PV184549,3,3a,3,3a,3,3a,3,3a,3,3a
PV184550,1,1a,1,1a,1,1a,1,1a,1,1a
PV184551,3,3a,3,3a,3,3a,3,3a,3,3a
PV184552,1,1a,1,1a,1,1a,1,1a,1,1a
PV184553,1,1a,1,1a,1,1a,1,1a,1,1a
PV184554,1,1a,1,1a,1,1a,1,1a,1,1a
PV184555,3,3a,3,3a,3,3a,3,3a,3,3a
PV184556,3,3a,3,3a,3,3a,3,3a,3,3a
PV184557,1,1a,1,1a,1,1a,1,1a,1,1a
PV184559,1,1a,1,1a,1,1a,1,1a,1,1a
PV184560,1,1a,1,1a,1,1a,1,1a,1,1a
PV184561,3,3a,3,3a,3,3a,3,3a,3,3a
PV184563,3,3a,3,3a,3,3a,3,3a,3,3a
PV184564,1,1a,1,1a,1,1a,1,1a,1,1a
PV184565,1,1a,1,1a,1,1a,1,1a,1,1a
PV184566,1,1a,1,1a,1,1a,1,1a,1,1a
PV184567,3,3a,3,3a,3,3a,3,3a,3,3a
PV184568,3,3a,3,3a,3,3a,3,3a,3,3a
PV184570,3,3a,3,3a,3,3a,3,3a,3,3a
PV184571,1,1a,1,1a,1,1a,1,1a,1,1a
PV289040,1,1a,1,1a,1,1a,1,1a,1,1a
PV289041,1,1a,1,1a,1,1a,1,1a,1,1a
PV289042,1,1a,1,1a,1,1a,1,1a,1,1a
PV289043,1,1a,1,1a,1,1a,1,1a,1,1a
PV289044,1,1a,1,1a,1,1a,1,1a,1,1a
PV289045,1,1a,1,1a,1,1a,1,1a,1,1a
PV289046,1,1a,1,1a,1,1a,1,1a,1,1a
PV289047,1,1a,1,1a,1,1a,1,1a,1,1a
PV289048,1,1a,1,1a,1,1a,1,1a,1,1a
PV289049,1,1a,1,1a,1,1a,1,1a,1,1a
PV289051,1,1a,1,1a,1,1a,1,1a,1,1a
PV289052,1,1a,1,1a,1,1a,1,1a,1,1a
PV289053,1,1a,1,1a,1,1a,1,1a,1,1a
PV289054,1,1a,1,1a,1,1a,1,1a,1,1a
PV289055,1,1a,1,1a,1,1a,1,1a,1,1a
PV289056,1,1a,1,1a,1,1a,1,1a,1,1a
PV289057,1,1a,1,1a,1,1a,1,1a,1,1a
PV289058,1,1a,1,1a,1,1a,1,1a,1,1a
PV289059,1,1a,1,1a,1,1a,1,1a,1,1a
PV289060,1,1a,1,1a,1,1a,1,1a,1,1a
PV289061,1,1a,1,1a,1,1a,1,1a,1,1a
PV289062,1,1a,1,1a,1,1a,1,1a,1,1a
PV289063,1,1a,1,1a,1,1a,1,1a,1,1a
PV289064,1,1a,1,1a,1,1a,1,1a,1,1a
PV289065,1,1a,1,1a,1,1a,1,1a,1,1a
PV289066,1,1a,1,1a,1,1a,1,1a,1,1a
PV289067,1,1a,1,1a,1,1a,1,1a,1,1a
PV289068,1,1a,1,1a,1,1a,1,1a,1,1a
PV289069,1,1a,1,1a,1,1a,1,1a,1,1a
PV289071,1,1a,1,1a,1,1a,1,1a,1,1a
PV289072,1,1a,1,1a,1,1a,1,1a,1,1a
PV289073,1,1a,1,1a,1,1a,1,1a,1,1a
PV289074,1,1a,1,1a,1,1a,1,1a,1,1a
PV289075,1,1a,1,1a,1,1a,1,1a,1,1a
PV289076,1,1a,1,1a,1,1a,1,1a,1,1a
PV289077,1,1a,1,1a,1,1a,1,1a,1,1a
PV289078,1,1a,1,1a,1,1a,1,1a,1,1a
PV289079,1,1a,1,1a,1,1a,1,1a,1,1a
PV289080,1,1a,1,1a,1,1a,1,1a,1,1a
PV289081,1,1a,1,1a,1,1a,1,1a,1,1a
PV289082,1,1a,1,1a,1,1a,1,1a,1,1a
PV289083,1,1a,1,1a,1,1a,1,1a,1,1a
PV289084,1,1a,1,1a,1,1a,1,1a,1,1a
PV289085,1,1a,1,1a,1,1a,1,1a,1,1a
PV289086,1,1a,1,1a,1,1a,1,1a,1,1a
PV289087,1,1a,1,1a,1,1a,1,1a,1,1a
PV289088,1,1a,1,1a,1,1a,1,1a,1,1a
PV289089,1,1a,1,1a,1,1a,1,1a,1,1a
PV289090,1,1a,1,1a,1,1a,1,1a,1,1a
PV289091,1,1a,1,1a,1,1a,1,1a,1,1a
PV289092,1,1a,1,1a,1,1a,1,1a,1,1a
PV289093,1,1a,1,1a,1,1a,1,1a,1,1a
PV289094,1,1a,1,1a,1,1a,1,1a,1,1a
PV289095,1,1a,1,1a,1,1a,1,1a,1,1a
PV289096,1,1a,1,1a,1,1a,1,1a,1,1a
PV289097,1,1a,1,1a,1,1a,1,1a,1,1a
PV289098,1,1a,1,1a,1,1a,1,1a,1,1a
PV289099,1,1a,1,1a,1,1a,1,1a,1,1a
PV289100,1,1a,1,1a,1,1a,1,1a,1,1a
PV289101,1,1a,1,1a,1,1a,1,1a,1,1a
PV289102,1,1a,1,1a,1,1a,1,1a,1,1a
PV289103,1,1a,1,1a,1,1a,1,1a,1,1a
PV289104,1,1a,1,1a,1,1a,1,1a,1,1a
PV289105,1,1a,1,1a,1,1a,1,1a,1,1a
PV289106,1,1a,1,1a,1,1a,1,1a,1,1a
PV289107,1,1a,1,1a,1,1a,1,1a,1,1a
PV289108,1,1a,1,1a,1,1a,1,1a,1,1a
PV289109,1,1a,1,1a,1,1a,1,1a,1,1a
PV289110,1,1a,1,1a,1,1a,1,1a,1,1a
PV289111,1,1a,1,1a,1,1a,1,1a,1,1a
PV289112,1,1a,1,1a,1,1a,1,1a,1,1a
PV289113,1,1a,1,1a,1,1a,1,1a,1,1a
PV289114,1,1a,1,1a,1,1a,1,1a,1,1a
PV289115,1,1a,1,1a,1,1a,1,1a,1,1a
PV289117,1,1a,1,1a,1,1a,1,1a,1,1a
PV289119,1,1a,1,1a,1,1a,1,1a,1,1a
PV289120,1,1a,1,1a,1,1a,1,1a,1,1a
PV289121,1,1a,1,1a,1,1a,1,1a,1,1a
PV289122,1,1a,1,1a,1,1a,1,1a,1,1a
PV289123,1,1a,1,1a,1,1a,1,1a,1,1a
PV289124,1,1a,1,1a,1,1a,1,1a,1,1a
PV289125,1,1a,1,1a,1,1a,1,1a,1,1a
PV289126,1,1a,1,1a,1,1a,1,1a,1,1a
PV289127,1,1a,1,1a,1,1a,1,1a,1,1a
PV289128,1,1a,1,1a,1,1a,1,1a,1,1a
PV289129,1,1a,1,1a,1,1a,1,1a,1,1a
PV289131,1,1a,1,1a,1,1a,1,1a,1,1a
PV289132,1,1a,1,1a,1,1a,1,1a,1,1a
PV289133,1,1a,1,1a,1,1a,1,1a,1,1a
PV289134,1,1a,1,1a,1,1a,1,1a,1,1a
PV289135,1,1a,1,1a,1,1a,1,1a,1,1a
PV289136,3,3a,3,3a,3,3a,3,3a,3,3a
PV289137,3,3a,3,3a,3,3a,3,3a,3,3a
PV289138,3,3a,3,3a,3,3a,3,3a,3,3a
PV289139,3,3a,3,3a,3,3a,3,3a,3,3a
PV289140,3,3a,3,3a,3,3a,3,3a,3,3a
PV289141,3,3a,3,3a,3,3a,3,3a,3,3a
PV289142,3,3a,3,3a,3,3a,3,3a,3,3a
PV289143,3,3a,3,3a,3,3a,3,3a,3,3a
PV289144,3,3a,3,3a,3,3a,3,3a,3,3a
PV289145,3,3a,3,3a,3,3a,3,3a,3,3a
PV289146,3,3a,3,3a,3,3a,3,3a,3,3a
PV289147,3,3a,3,3a,3,3a,3,3a,3,3a
PV289148,3,3a,3,3a,3,3a,3,3a,3,3a
PV289149,3,3a,3,3a,3,3a,3,3a,3,3a
PV289150,3,3a,3,3a,3,3a,3,3a,3,3a
PV289151,3,3a,3,3a,3,3a,3,3a,3,3a
PV289152,3,3a,3,3a,3,3a,3,3a,3,3a
PV289153,3,3a,3,3a,3,3a,3,3a,3,3a
PV289154,3,3a,3,3a,3,3a,3,3a,3,3a
PV289155,3,3a,3,3a,3,3a,3,3a,3,3a
PV289156,3,3a,3,3a,3,3a,3,3a,3,3a
PV289157,3,3a,3,3a,3,3a,3,3a,3,3a
PV289158,3,3a,3,3a,3,3a,3,3a,3,3a
PV289159,3,3a,3,3a,3,3a,3,3a,3,3a
PV289160,3,3a,3,3a,3,3a,3,3a,3,3a
PV289161,3,3a,3,3a,3,3a,3,3a,3,3a
PV289162,3,3a,3,3a,3,3a,3,3a,3,3a
PV289163,3,3a,3,3a,3,3a,3,3a,3,3a
PV289164,3,3a,3,3a,3,3a,3,3a,3,3a
PV289165,3,3a,3,3a,3,3a,3,3a,3,3a
PV289166,3,3a,3,3a,3,3a,3,3a,3,3a
PV289167,3,3a,3,3a,3,3a,3,3a,3,3a
PV289168,3,3a,3,3a,3,3a,3,3a,3,3a
PV289169,3,3a,3,3a,3,3a,3,3a,3,3a
PV289170,3,3a,3,3a,3,3a,3,3a,3,3a
PV289171,3,3a,3,3a,3,3a,3,3a,3,3a
PV289172,3,3a,3,3a,3,3a,3,3a,3,3a
PV289173,3,3a,3,3a,3,3a,3,3a,3,3a
PV289174,3,3a,3,3a,3,3a,3,3a,3,3a
PV289175,3,3a,3,3a,3,3a,3,3a,3,3a
PV289176,3,3a,3,3a,3,3a,3,3a,3,3a
PV289177,3,3a,3,3a,3,3a,3,3a,3,3a
PV289178,3,3a,3,3a,3,3a,3,3a,3,3a
PV289179,3,3a,3,3a,3,3a,3,3a,3,3a
PV289180,3,3a,3,3a,3,3a,3,3a,3,3a
PV289181,3,3a,3,3a,3,3a,3,3a,3,3a
PV289182,3,3a,3,3a,3,3a,3,3a,3,3a
PV289183,3,3a,3,3a,3,3a,3,3a,3,3a
PV289184,3,3a,3,3a,3,3a,3,3a,3,3a
PV289185,3,3a,3,3a,3,3a,3,3a,3,3a
PV289186,3,3a,3,3a,3,3a,3,3a,3,3a
PV289187,3,3a,3,3a,3,3a,3,3a,3,3a
PV289188,3,3a,3,3a,3,3a,3,3a,3,3a
PV289189,3,3a,3,3a,3,3a,3,3a,3,3a
PV289190,3,3a,3,3a,3,3a,3,3a,3,3a
PV289191,3,3a,3,3a,3,3a,3,3a,3,3a
PV289192,3,3a,3,3a,3,3a,3,3a,3,3a
PV289193,3,3a,3,3a,3,3a,3,3a,3,3a
PV289194,3,3a,3,3a,3,3a,3,3a,3,3a
PV289195,3,3a,3,3a,3,3a,3,3a,3,3a
PV289196,3,3a,3,3a,3,3a,3,3a,3,3a
PV289197,3,3a,3,3a,3,3a,3,3a,3,3a
PV289198,3,3a,3,3a,3,3a,3,3a,3,3a
PV289199,3,3a,3,3a,3,3a,3,3a,3,3a
PV289200,3,3a,3,3a,3,3a,3,3a,3,3a
PV289201,3,3a,3,3a,3,3a,3,3a,3,3a
PV289202,3,3a,3,3a,3,3a,3,3a,3,3a
PV289203,3,3a,3,3a,3,3a,3,3a,3,3a
PV289204,3,3a,3,3a,3,3a,3,3a,3,3a
PV289205,3,3a,3,3a,3,3a,3,3a,3,3a
PV289206,3,3a,3,3a,3,3a,3,3a,3,3a
PV289207,3,3a,3,3a,3,3a,3,3a,3,3a
PV289208,3,3a,3,3a,3,3a,3,3a,3,3a
PV289209,3,3a,3,3a,3,3a,3,3a,3,3a
PV289211,3,3a,3,3a,3,3a,3,3a,3,3a
PV289212,3,3a,3,3a,3,3a,3,3a,3,3a
PV289213,3,3a,3,3a,3,3a,3,3a,3,3a
PV289214,3,3a,3,3a,3,3a,3,3a,3,3a
PV289215,3,3a,3,3a,3,3a,3,3a,3,3a
PV289217,3,3a,3,3a,3,3a,3,3a,3,3a
PV289219,3,3a,3,3a,3,3a,3,3a,3,3a
PV289220,3,3a,3,3a,3,3a,3,3a,3,3a
PV289221,3,3a,3,3a,3,3a,3,3a,3,3a
MZ131602,4,4d,4,4d,4,4d,4,4d,4,
MZ131604,4,4d,4,4d,4,4d,4,4d,4,
MZ131605,4,4d,4,4d,4,4d,4,4d,4,
MZ131606,4,4d,4,4d,4,4d,4,4d,4,
MZ131607,4,4d,4,4d,4,4d,4,4d,4,
MZ131608,4,4d,4,4d,4,4d,4,4d,4,
MZ131609,4,4d,4,4d,4,4d,4,4d,4,
MZ131610,4,4d,4,4d,4,4d,4,4d,4,
MZ131613,4,4d,4,4d,4,4d,4,4d,4,
MZ131614,4,4d,4,4d,4,4d,4,4d,4,
MZ131615,4,4d,4,4d,4,4d,4,4d,4,
MZ161145,6,6a,6,6a,6,6a,6,6a,6,6a
MZ161146,6,6a,6,6a,6,6a,6,6a,6,6a
MZ161147,6,6a,6,6a,6,6a,6,6a,6,6a
MZ161148,6,6a,6,6a,6,6a,6,6a,6,6a
MZ161149,6,6a,6,6a,6,6a,6,6a,6,6a
MZ161150,6,6a,6,6a,6,6a,6,6a,6,6a
MZ161151,6,6a,6,6a,6,6a,6,6a,6,6a
MZ161152,6,6a,6,6a,6,6a,6,6a,6,6a
MZ161153,6,6a,6,6a,6,6a,6,6a,6,6a
MZ161154,6,6a,6,6a,6,6a,6,6a,6,6a
MZ161155,6,6a,6,6a,6,6a,6,6a,6,6a
MZ161156,6,6a,6,6a,6,6a,6,6a,6,6a
MZ161157,6,6a,6,6a,6,6a,6,6a,6,6a
MZ161158,6,6a,6,6a,6,6a,6,6a,6,6a
MZ171127,6,6xj,6,6xj,4,4k,6,6l,6,6xj
MZ171128,6,6xj,6,6xj,6,6k,6,6l,6,6xj
MZ171129,6,6xj,6,6xj,6,6l,6,6l,6,6xj
MZ171130,6,6xj,6,6xj,6,6l,6,6l,6,6xj
MZ171131,6,6xj,6,6xj,6,6l,6,6l,6,6xj
MZ171132,6,6xj,6,6xj,6,6l,6,6l,6,6xj
MZ171133,6,6xj,6,6xj,6,6l,6,6l,6,6xj
MZ171134,6,6xj,6,6xj,6,6l,6,6l,6,6xj
MZ504973,6,6xi,6,6xi,6,6l,6,6l,6,6xi
OM896881,3,3b,3,3b,3,3b,3,3b,3,3b
OM896882,3,3b,3,3b,3,3b,3,3b,3,3b
OM896883,3,3b,3,3b,3,3b,3,3b,3,3b
OM896884,3,3b,3,3b,3,3b,3,3b,3,3b
OM896885,3,3b,3,3b,3,3b,3,3b,3,3b
OM896886,3,3b,3,3b,3,3b,3,3b,3,3b
OM896887,3,3b,3,3b,3,3b,3,3b,3,3b
OM896888,3,3b,3,3b,3,3b,3,3b,3,3b
OM896889,3,3b,3,3b,3,3b,3,3b,3,3b
OM896890,3,3b,3,3b,3,3b,3,3b,3,3b
OM896891,3,3b,3,3b,3,3b,3,3b,3,3b
OM896892,3,3b,3,3b,3,3b,3,3b,3,3b
OM896893,3,3b,3,3b,3,3b,3,3b,3,3b
OM896894,3,3b,3,3b,3,3b,3,3b,3,3b
OM896895,3,3b,3,3b,3,3b,3,3b,3,3b
OM896896,3,3b,3,3b,3,3b,3,3b,3,3b
OM896897,3,3b,3,3b,3,3b,3,3b,3,3b
OM896898,3,3b,3,3b,3,3b,3,3b,3,3b
OM896899,3,3b,3,3b,3,3b,3,3b,3,3b
OM896900,3,3b,3,3b,3,3b,3,3b,3,3b
OM896901,3,3b,3,3b,3,3b,3,3b,3,3b
OM896902,3,3b,3,3b,3,3b,3,3b,3,3b
OM896903,3,3b,3,3b,3,3b,3,3b,3,3b
OM896904,3,3b,3,3b,3,3b,3,3b,3,3b
OM896905,3,3b,3,3b,3,3b,3,3b,3,3b
OM896906,3,3b,3,3b,3,3b,3,3b,3,3b
OM896907,3,3b,3,3b,3,3b,3,3b,3,3b
OM896908,3,3b,3,3b,3,3b,3,3b,3,3b
OM896909,3,3b,3,3b,3,3b,3,3b,3,3b
OM896910,3,3b,3,3b,3,3b,3,3b,3,3b
OM896911,3,3b,3,3b,3,3b,3,3b,3,3b
OM896912,3,3b,3,3b,3,3b,3,3b,3,3b
OM896913,3,3b,3,3b,3,3b,3,3b,3,3b
OM896914,3,3b,3,3b,3,3b,3,3b,3,3b
OM896915,3,3b,3,3b,3,3b,3,3b,3,3b
OM896916,3,3b,3,3b,3,3b,3,3b,3,3b
OM896917,3,3b,3,3b,3,3b,3,3b,3,3b
OM896918,3,3b,3,3b,3,3b,3,3b,3,3b
OM896919,3,3b,3,3b,3,3b,3,3b,3,3b
OM896920,3,3b,3,3b,3,3b,3,3b,3,3b
OM896921,3,3b,3,3b,3,3b,3,3b,3,3b
OM896922,3,3b,3,3b,3,3b,3,3b,3,3b
OM896923,3,3b,3,3b,3,3b,3,3b,3,3b
OM896924,3,3b,3,3b,3,3b,3,3b,3,3b
OM896925,3,3b,3,3b,3,3b,3,3b,3,3b
OM896926,3,3b,3,3b,3,3b,3,3b,3,3b
OM896927,3,3b,3,3b,3,3b,3,3b,3,3b
OM896928,3,3b,3,3b,3,3b,3,3b,3,3b
OM896929,3,3b,3,3b,3,3b,3,3b,3,3b
OM896930,3,3b,3,3b,3,3b,3,3b,3,3b
OM896931,3,3b,3,3b,3,3b,3,3b,3,3b
OM896932,3,3b,3,3b,3,3b,3,3b,3,3b
OM896933,3,3b,3,3b,3,3b,3,3b,3,3b
OM896934,3,3b,3,3b,3,3b,3,3b,3,3b
OM896935,3,3b,3,3b,3,3b,3,3b,3,3b
OM896936,3,3b,3,3b,3,3b,3,3b,3,3b
OM896937,3,3b,3,3b,3,3b,3,3b,3,3b
OM896938,3,3b,3,3b,3,3b,3,3b,3,3b
OM896939,3,3b,3,3b,3,3b,3,3b,3,3b
OM896940,3,3b,3,3b,3,3b,3,3b,3,3b
OM896941,3,3b,3,3b,3,3b,3,3b,3,3b
OM896942,3,3b,3,3b,3,3b,3,3b,3,3b
OM896943,3,3b,3,3b,3,3b,3,3b,3,3b
OM896944,3,3b,3,3b,3,3b,3,3b,3,3b
OM896945,3,3a,3,3a,3,3a,3,3a,3,3a
OM896946,3,3a,3,3a,3,3a,3,3a,3,3a
OM896947,3,3a,3,3a,3,3a,3,3a,3,3a
OM896948,3,3a,3,3a,3,3a,3,3a,3,3a
OM896949,3,3a,3,3a,3,3a,3,3a,3,3a
OM896950,3,3a,3,3a,3,3a,3,3a,3,3a
OM896951,3,3a,3,3a,3,3a,3,3a,3,3a
OM896952,3,3a,3,3a,3,3a,3,3a,3,3a
OM896953,3,3a,3,3a,3,3a,3,3a,3,3a
OM896954,3,3a,3,3a,3,3a,3,3a,3,3a
OM896955,3,3a,3,3a,3,3a,3,3a,3,3a
OM896956,3,3a,3,3a,3,3a,3,3a,3,3a
OM896957,3,3a,3,3a,3,3a,3,3a,3,3a
OM896958,3,3a,3,3a,3,3a,3,3a,3,3a
OM896959,3,3a,3,3a,3,3a,3,3a,3,3a
OM896960,3,3a,3,3a,3,3a,3,3a,3,3a
OM896961,3,3a,3,3a,3,3a,3,3a,3,3a
OM896962,3,3a,3,3a,3,3a,3,3a,3,3a
OM896963,3,3a,3,3a,3,3a,3,3a,3,3a
OM896964,3,3a,3,3a,3,3a,3,3a,3,3a
OM896965,3,3a,3,3a,3,3a,3,3a,3,3a
OM896966,3,3a,3,3a,3,3a,3,3a,3,3a
OM896967,3,3a,3,3a,3,3a,3,3a,3,3a
OM896968,3,3a,3,3a,3,3a,3,3a,3,3a
OM896969,3,3a,3,3a,3,3a,3,3a,3,3a
OM896970,3,3a,3,3a,3,3a,3,3a,3,3a
OM896971,3,3a,3,3a,3,3a,3,3a,3,3a
OM896972,3,3a,3,3a,3,3a,3,3a,3,3a
OM896973,3,3a,3,3a,3,3a,3,3a,3,3a
OM896974,3,3a,3,3a,3,3a,3,3a,3,3a
OM896975,3,3a,3,3a,3,3a,3,3a,3,3a
OM896976,3,3a,3,3a,3,3a,3,3a,3,3a
OM896977,3,3a,3,3a,3,3a,3,3a,3,3a
OM896978,3,3a,3,3a,3,3a,3,3a,3,3a
OM896979,3,3a,3,3a,3,3a,3,3a,3,3a
OM896980,3,3a,3,3a,3,3a,3,3a,3,3a
OM896981,3,3a,3,3a,3,3a,3,3a,3,3a
OM896982,3,3a,3,3a,3,3a,3,3a,3,3a
OM896983,3,3a,3,3a,3,3a,3,3a,3,3a
OM896984,3,3a,3,3a,3,3a,3,3a,3,3a
OM896985,3,3a,3,3a,3,3a,3,3a,3,3a
OM896986,3,3a,3,3a,3,3a,3,3a,3,3a
OM896987,3,3a,3,3a,3,3a,3,3a,3,3a
OM896988,3,3a,3,3a,3,3a,3,3a,3,3a
OM896989,3,3a,3,3a,3,3a,3,3a,3,3a
OM896990,3,3a,3,3a,3,3a,3,3a,3,3a
OM896991,3,3a,3,3a,3,3a,3,3a,3,3a
OM896992,3,3a,3,3a,3,3a,3,3a,3,3a
OM896993,3,3a,3,3a,3,3a,3,3a,3,3a
OM896994,3,3a,3,3a,3,3a,3,3a,3,3a
OM896995,3,3a,3,3a,3,3a,3,3a,3,3a
OM896996,3,3a,3,3a,3,3a,3,3a,3,3a
OM896997,3,3a,3,3a,3,3a,3,3a,3,3a
OM896998,3,3a,3,3a,3,3a,3,3a,3,3a
OM896999,3,3a,3,3a,3,3a,3,3a,3,3a
OM897000,3,3a,3,3a,3,3a,3,3a,3,3a
MW715685,1,1a,1,1a,1,1a,1,1a,1,1a
MW715686,1,1a,1,1a,1,1a,1,1a,1,1a
MW715687,1,1a,1,1a,1,1a,1,1a,1,1a
MW715688,1,1a,1,1a,1,1a,1,1a,1,1a
MW715689,4,4d,4,4d,4,4d,4,4d,4,4d
