name,virus,subtype,bootstrap support
MW205383|geneNS5A|query10-648|h77_aa9-221|extracted_nt639|aligned_aa213|pident79.812,HCV,4o,100.0
MW205382|geneNS5A|query4-648|h77_aa7-221|extracted_nt645|aligned_aa215|pident80.465,HCV,4o,100.0
MW205407|geneNS5A|query7-465|h77_aa3-155|extracted_nt459|aligned_aa153|pident76.471,HCV,4n,100.0
MW205411|geneNS5A|query7-465|h77_aa3-155|extracted_nt459|aligned_aa153|pident75.163,HCV,4n,100.0
MW205413|geneNS5A|query7-465|h77_aa3-155|extracted_nt459|aligned_aa153|pident75.817,HCV,4n,100.0
MW205438|geneNS5A|query1-330|h77_aa8-117|extracted_nt330|aligned_aa110|pident64.545,HCV,2j,80.0
MW205440|geneNS5A|query1-330|h77_aa8-117|extracted_nt330|aligned_aa110|pident65.455,HCV,2a,100.0
MW205462|geneNS5A|query1-336|h77_aa6-117|extracted_nt336|aligned_aa112|pident66.964,HCV,2j,100.0
MW205460|geneNS5A|query1-456|h77_aa4-155|extracted_nt456|aligned_aa152|pident65.132,HCV,2a,94.0
MW357794|geneNS5A|query1-411|h77_aa1-137|extracted_nt411|aligned_aa137|pident82.482,HCV,1b,100.0
MW357795|geneNS5A|query1-411|h77_aa1-137|extracted_nt411|aligned_aa137|pident81.022,HCV,1b,100.0
MW357796|geneNS5A|query1-411|h77_aa1-137|extracted_nt411|aligned_aa137|pident83.942,HCV,1b,100.0
MW357813|geneNS5A|query1-405|h77_aa1-135|extracted_nt405|aligned_aa135|pident79.259,HCV,1b,100.0
MW357812|geneNS5A|query1-408|h77_aa1-136|extracted_nt408|aligned_aa136|pident81.618,HCV,1b,100.0
MW205385|geneNS5A|query1-630|h77_aa12-221|extracted_nt630|aligned_aa210|pident76.667,HCV,4v,83.0
MZ327738|geneNS5A|query6200-7555|h77_aa1-448|extracted_nt1356|aligned_aa455|pident70.549,HCV,3a,100.0
MZ327730|geneNS5A|query6201-7556|h77_aa1-448|extracted_nt1356|aligned_aa456|pident70.395,HCV,3a,100.0
MZ327742|geneNS5A|query6182-7525|h77_aa1-448|extracted_nt1344|aligned_aa448|pident95.089,HCV,1a,100.0
MZ327746|geneNS5A|query6182-7525|h77_aa1-448|extracted_nt1344|aligned_aa448|pident95.089,HCV,1a,100.0
MZ327744|geneNS5A|query6182-7525|h77_aa1-448|extracted_nt1344|aligned_aa448|pident94.420,HCV,1a,100.0
MZ327745|geneNS5A|query6197-7552|h77_aa1-448|extracted_nt1356|aligned_aa455|pident69.670,HCV,3a,100.0
MZ327755|geneNS5A|query6198-7595|h77_aa1-448|extracted_nt1398|aligned_aa472|pident59.746,HCV,2b,100.0
MZ327754|geneNS5A|query6200-7555|h77_aa1-448|extracted_nt1356|aligned_aa456|pident69.079,HCV,3a,100.0
MZ327752|geneNS5A|query6185-7510|h77_aa3-448|extracted_nt1326|aligned_aa449|pident73.719,HCV,4d,100.0
MZ327756|geneNS5A|query6200-7555|h77_aa1-448|extracted_nt1356|aligned_aa456|pident69.737,HCV,3a,100.0
MZ327763|geneNS5A|query6327-7670|h77_aa1-448|extracted_nt1344|aligned_aa448|pident89.509,HCV,1a,100.0
MZ327765|geneNS5A|query6183-7526|h77_aa1-448|extracted_nt1344|aligned_aa448|pident93.973,HCV,1a,100.0
MZ327766|geneNS5A|query6166-7506|h77_aa2-448|extracted_nt1341|aligned_aa447|pident94.183,HCV,1a,100.0
MZ327764|geneNS5A|query6200-7555|h77_aa1-448|extracted_nt1356|aligned_aa456|pident69.956,HCV,3a,100.0
MZ327739|geneNS5A|query6167-7510|h77_aa1-448|extracted_nt1344|aligned_aa448|pident94.420,HCV,1a,100.0
MZ327741|geneNS5A|query6182-7525|h77_aa1-448|extracted_nt1344|aligned_aa448|pident94.196,HCV,1a,100.0
MZ327740|geneNS5A|query6167-7510|h77_aa1-448|extracted_nt1344|aligned_aa448|pident93.080,HCV,1a,100.0
MZ327767|geneNS5A|query6167-7510|h77_aa1-448|extracted_nt1344|aligned_aa448|pident96.205,HCV,1a,100.0
MZ327770|geneNS5A|query6167-7510|h77_aa1-448|extracted_nt1344|aligned_aa448|pident93.973,HCV,1a,100.0
MZ327768|geneNS5A|query6154-7497|h77_aa1-448|extracted_nt1344|aligned_aa448|pident93.973,HCV,1a,100.0
MZ327771|geneNS5A|query6182-7525|h77_aa1-448|extracted_nt1344|aligned_aa448|pident93.527,HCV,1a,100.0
MZ327777|geneNS5A|query6184-7527|h77_aa1-448|extracted_nt1344|aligned_aa448|pident95.089,HCV,1a,100.0
MZ327779|geneNS5A|query6198-7553|h77_aa1-448|extracted_nt1356|aligned_aa456|pident69.518,HCV,3a,100.0
MZ327780|geneNS5A|query6198-7553|h77_aa1-448|extracted_nt1356|aligned_aa455|pident70.330,HCV,3a,100.0
MZ327781|geneNS5A|query6200-7555|h77_aa1-448|extracted_nt1356|aligned_aa456|pident69.518,HCV,3a,100.0
ON506766|geneNS5A|query187-642|h77_aa1-152|extracted_nt456|aligned_aa152|pident94.737,HCV,1a,100.0
MW205400|geneNS5A|query1-633|h77_aa7-217|extracted_nt633|aligned_aa211|pident78.673,HCV,4k,100.0
MW205403|geneNS5A|query1-633|h77_aa11-221|extracted_nt633|aligned_aa211|pident79.147,HCV,4k,100.0
MW205401|geneNS5A|query1-645|h77_aa7-221|extracted_nt645|aligned_aa215|pident78.140,HCV,4k,100.0
ON630836|geneNS5A|query6140-7483|h77_aa1-448|extracted_nt1344|aligned_aa448|pident93.527,HCV,1a,100.0
MW205404|geneNS5A|query1-633|h77_aa11-221|extracted_nt633|aligned_aa211|pident79.147,HCV,4k,100.0
MW205399|geneNS5A|query1-645|h77_aa7-221|extracted_nt645|aligned_aa215|pident79.535,HCV,4k,100.0
MW205405|geneNS5A|query13-651|h77_aa9-221|extracted_nt639|aligned_aa213|pident77.934,HCV,4f,100.0
ON630818|geneNS5A|query6140-7483|h77_aa1-448|extracted_nt1344|aligned_aa448|pident92.411,HCV,1a,100.0
ON630834|geneNS5A|query6140-7483|h77_aa1-448|extracted_nt1344|aligned_aa448|pident95.982,HCV,1a,100.0
ON630837|geneNS5A|query6140-7483|h77_aa1-448|extracted_nt1344|aligned_aa448|pident94.866,HCV,1a,100.0
MN628583|geneNS5A|query6069-7424|h77_aa1-448|extracted_nt1356|aligned_aa455|pident69.670,HCV,3a,100.0
MN628585|geneNS5A|query6271-7626|h77_aa1-448|extracted_nt1356|aligned_aa455|pident70.110,HCV,3a,100.0
MN628586|geneNS5A|query6259-7614|h77_aa1-448|extracted_nt1356|aligned_aa455|pident70.330,HCV,3a,100.0
MN628582|geneNS5A|query6293-7648|h77_aa1-448|extracted_nt1356|aligned_aa455|pident70.110,HCV,3a,100.0
MN628587|geneNS5A|query6266-7621|h77_aa1-448|extracted_nt1356|aligned_aa455|pident69.890,HCV,3a,100.0
MN628588|geneNS5A|query6267-7622|h77_aa1-448|extracted_nt1356|aligned_aa455|pident69.890,HCV,3a,100.0
MN628590|geneNS5A|query6275-7630|h77_aa1-448|extracted_nt1356|aligned_aa455|pident70.330,HCV,3a,100.0
MN628591|geneNS5A|query6280-7635|h77_aa1-448|extracted_nt1356|aligned_aa455|pident70.110,HCV,3a,100.0
MN641936|geneNS5A|query1-315|h77_aa1-105|extracted_nt315|aligned_aa105|pident72.381,HCV,3a,100.0
MN641934|geneNS5A|query1-315|h77_aa1-105|extracted_nt315|aligned_aa105|pident72.381,HCV,1a,100.0
MN641937|geneNS5A|query1-315|h77_aa1-105|extracted_nt315|aligned_aa105|pident74.286,HCV,3a,100.0
MN641935|geneNS5A|query1-315|h77_aa1-105|extracted_nt315|aligned_aa105|pident78.095,HCV,3a,100.0
MN641940|geneNS5A|query1-315|h77_aa1-105|extracted_nt315|aligned_aa105|pident76.190,HCV,3a,100.0
MN641941|geneNS5A|query1-315|h77_aa1-105|extracted_nt315|aligned_aa105|pident76.190,HCV,3a,100.0
MN641970|geneNS5A|query1-315|h77_aa1-105|extracted_nt315|aligned_aa105|pident80.000,HCV,4d,100.0
MN641972|geneNS5A|query1-315|h77_aa1-105|extracted_nt315|aligned_aa105|pident73.333,HCV,4d,100.0
MN641975|geneNS5A|query1-315|h77_aa1-105|extracted_nt315|aligned_aa105|pident98.095,HCV,1a,100.0
MN641976|geneNS5A|query1-315|h77_aa1-105|extracted_nt315|aligned_aa105|pident99.048,HCV,1a,100.0
MN641969|geneNS5A|query1-315|h77_aa1-105|extracted_nt315|aligned_aa105|pident76.190,HCV,4d,100.0
MN641977|geneNS5A|query1-315|h77_aa1-105|extracted_nt315|aligned_aa105|pident89.524,HCV,1a,100.0
MN641978|geneNS5A|query1-315|h77_aa1-105|extracted_nt315|aligned_aa105|pident78.095,HCV,3a,100.0
MN641973|geneNS5A|query1-315|h77_aa1-105|extracted_nt315|aligned_aa105|pident99.048,HCV,1a,100.0
MN641979|geneNS5A|query1-315|h77_aa1-105|extracted_nt315|aligned_aa105|pident70.476,HCV,3a,100.0
MN641971|geneNS5A|query1-315|h77_aa1-105|extracted_nt315|aligned_aa105|pident80.000,HCV,4d,100.0
MT151167|geneNS5A|query1-354|h77_aa1-118|extracted_nt354|aligned_aa118|pident79.661,HCV,1l,100.0
MT151165|geneNS5A|query1-354|h77_aa1-118|extracted_nt354|aligned_aa118|pident67.797,HCV,2j,100.0
MT151169|geneNS5A|query1-354|h77_aa1-118|extracted_nt354|aligned_aa118|pident80.508,HCV,1l,100.0
MT151200|geneNS5A|query1-354|h77_aa1-118|extracted_nt354|aligned_aa118|pident92.373,HCV,1a,100.0
MT151199|geneNS5A|query1-354|h77_aa1-118|extracted_nt354|aligned_aa118|pident83.051,HCV,1b,100.0
MT151203|geneNS5A|query7-354|h77_aa3-118|extracted_nt348|aligned_aa116|pident79.310,HCV,4d,100.0
MT151201|geneNS5A|query1-354|h77_aa1-118|extracted_nt354|aligned_aa118|pident81.356,HCV,1b,100.0
MT151234|geneNS5A|query1-354|h77_aa1-118|extracted_nt354|aligned_aa118|pident81.356,HCV,1g,100.0
MT151232|geneNS5A|query7-354|h77_aa3-118|extracted_nt348|aligned_aa116|pident76.724,HCV,4r,100.0
MT151280|geneNS5A|query1-354|h77_aa1-118|extracted_nt354|aligned_aa118|pident81.356,HCV,1b,100.0
MT151285|geneNS5A|query1-354|h77_aa1-118|extracted_nt354|aligned_aa118|pident80.508,HCV,1b,100.0
MT151281|geneNS5A|query1-354|h77_aa1-118|extracted_nt354|aligned_aa118|pident73.729,HCV,3a,100.0
MT151286|geneNS5A|query1-354|h77_aa1-118|extracted_nt354|aligned_aa118|pident69.492,HCV,3h,100.0
MW205418|geneNS5A|query1-414|h77_aa7-144|extracted_nt414|aligned_aa138|pident71.014,HCV,6e,100.0
MW205379|geneNS5A|query1-636|h77_aa10-221|extracted_nt636|aligned_aa212|pident78.774,HCV,4v,50.0
MW205458|geneNS5A|query1-462|h77_aa1-154|extracted_nt462|aligned_aa154|pident65.584,HCV,2j,65.0
MZ327761|geneNS5A|query6170-7510|h77_aa2-448|extracted_nt1341|aligned_aa447|pident93.736,HCV,1a,100.0
MZ327772|geneNS5A|query6200-7552|h77_aa1-448|extracted_nt1353|aligned_aa456|pident70.175,HCV,3a,100.0
MZ327783|geneNS5A|query6198-7553|h77_aa1-448|extracted_nt1356|aligned_aa455|pident70.549,HCV,3a,100.0
MZ327775|geneNS5A|query6182-7522|h77_aa1-448|extracted_nt1341|aligned_aa448|pident80.134,HCV,1b,100.0
MZ327749|geneNS5A|query6167-7510|h77_aa1-448|extracted_nt1344|aligned_aa448|pident93.973,HCV,1a,100.0
MZ327786|geneNS5A|query6198-7553|h77_aa1-448|extracted_nt1356|aligned_aa456|pident69.956,HCV,3a,100.0
MZ327791|geneNS5A|query6183-7523|h77_aa1-448|extracted_nt1341|aligned_aa448|pident79.911,HCV,1b,100.0
MZ327788|geneNS5A|query6154-7497|h77_aa1-448|extracted_nt1344|aligned_aa448|pident93.973,HCV,1a,100.0
MZ327784|geneNS5A|query6194-7591|h77_aa1-448|extracted_nt1398|aligned_aa472|pident58.475,HCV,2b,100.0
MZ327800|geneNS5A|query6194-7591|h77_aa1-448|extracted_nt1398|aligned_aa472|pident58.686,HCV,2b,100.0
MZ327792|geneNS5A|query6167-7510|h77_aa1-448|extracted_nt1344|aligned_aa448|pident95.089,HCV,1a,100.0
MZ327799|geneNS5A|query6198-7553|h77_aa1-448|extracted_nt1356|aligned_aa456|pident68.860,HCV,3a,100.0
MZ327798|geneNS5A|query6182-7525|h77_aa1-448|extracted_nt1344|aligned_aa448|pident94.866,HCV,1a,100.0
ON506748|geneNS5A|query112-717|h77_aa1-202|extracted_nt606|aligned_aa202|pident93.564,HCV,1a,100.0
ON506760|geneNS5A|query175-783|h77_aa1-203|extracted_nt609|aligned_aa203|pident94.089,HCV,1a,100.0
ON506780|geneNS5A|query134-751|h77_aa1-206|extracted_nt618|aligned_aa206|pident80.583,HCV,1b,100.0
ON506799|geneNS5A|query180-761|h77_aa3-196|extracted_nt582|aligned_aa194|pident78.866,HCV,4d,100.0
ON506801|geneNS5A|query64-672|h77_aa1-203|extracted_nt609|aligned_aa203|pident78.818,HCV,4a,100.0
ON506805|geneNS5A|query167-778|h77_aa1-204|extracted_nt612|aligned_aa204|pident75.490,HCV,3a,100.0
MN628574|geneNS5A|query6262-7617|h77_aa1-448|extracted_nt1356|aligned_aa455|pident70.110,HCV,3a,100.0
MN628575|geneNS5A|query6265-7620|h77_aa1-448|extracted_nt1356|aligned_aa455|pident70.549,HCV,3a,100.0
MN628576|geneNS5A|query6311-7666|h77_aa1-448|extracted_nt1356|aligned_aa456|pident70.175,HCV,3a,100.0
MN628581|geneNS5A|query6270-7625|h77_aa1-448|extracted_nt1356|aligned_aa455|pident69.890,HCV,3a,100.0
MN628580|geneNS5A|query6251-7594|h77_aa1-448|extracted_nt1344|aligned_aa448|pident94.196,HCV,1a,100.0
MN628579|geneNS5A|query6262-7617|h77_aa1-448|extracted_nt1356|aligned_aa455|pident70.989,HCV,3a,100.0
MN628577|geneNS5A|query6263-7618|h77_aa1-448|extracted_nt1356|aligned_aa456|pident69.298,HCV,3a,100.0
MN628593|geneNS5A|query6221-7576|h77_aa1-448|extracted_nt1356|aligned_aa455|pident69.670,HCV,3a,100.0
MN628594|geneNS5A|query6277-7632|h77_aa1-448|extracted_nt1356|aligned_aa455|pident70.769,HCV,3a,100.0
MN628592|geneNS5A|query6251-7594|h77_aa1-448|extracted_nt1344|aligned_aa448|pident95.759,HCV,1a,100.0
MN628596|geneNS5A|query6407-7762|h77_aa1-448|extracted_nt1356|aligned_aa456|pident69.737,HCV,3a,100.0
MN641919|geneNS5A|query1-315|h77_aa1-105|extracted_nt315|aligned_aa105|pident98.095,HCV,1a,100.0
MN641923|geneNS5A|query1-315|h77_aa1-105|extracted_nt315|aligned_aa105|pident98.095,HCV,1a,100.0
MN641921|geneNS5A|query1-315|h77_aa1-105|extracted_nt315|aligned_aa105|pident97.143,HCV,1a,100.0
MN641922|geneNS5A|query1-315|h77_aa1-105|extracted_nt315|aligned_aa105|pident99.048,HCV,1a,100.0
MN641925|geneNS5A|query1-315|h77_aa1-105|extracted_nt315|aligned_aa105|pident90.476,HCV,1a,100.0
MN641926|geneNS5A|query1-315|h77_aa1-105|extracted_nt315|aligned_aa105|pident89.524,HCV,1a,100.0
MN641954|geneNS5A|query1-315|h77_aa1-105|extracted_nt315|aligned_aa105|pident77.143,HCV,3a,100.0
MN641956|geneNS5A|query1-315|h77_aa1-105|extracted_nt315|aligned_aa105|pident76.190,HCV,3a,100.0
MN641955|geneNS5A|query1-315|h77_aa1-105|extracted_nt315|aligned_aa105|pident76.190,HCV,3a,100.0
MN641960|geneNS5A|query1-315|h77_aa1-105|extracted_nt315|aligned_aa105|pident79.048,HCV,4d,100.0
MN641962|geneNS5A|query1-315|h77_aa1-105|extracted_nt315|aligned_aa105|pident76.190,HCV,4d,100.0
MN641959|geneNS5A|query1-315|h77_aa1-105|extracted_nt315|aligned_aa105|pident79.048,HCV,4d,100.0
MT151160|geneNS5A|query1-354|h77_aa1-118|extracted_nt354|aligned_aa118|pident88.983,HCV,1a,100.0
MT151158|geneNS5A|query1-354|h77_aa1-118|extracted_nt354|aligned_aa118|pident81.356,HCV,1b,87.0
MT151156|geneNS5A|query1-354|h77_aa1-118|extracted_nt354|aligned_aa118|pident65.254,HCV,2a,100.0
MT151162|geneNS5A|query7-354|h77_aa3-118|extracted_nt348|aligned_aa116|pident79.310,HCV,4f,84.0
MT151161|geneNS5A|query1-354|h77_aa1-118|extracted_nt354|aligned_aa118|pident79.661,HCV,1b,100.0
MT151184|geneNS5A|query7-354|h77_aa3-118|extracted_nt348|aligned_aa116|pident79.310,HCV,4v,100.0
MT151187|geneNS5A|query1-354|h77_aa1-118|extracted_nt354|aligned_aa118|pident74.576,HCV,3a,100.0
MT151182|geneNS5A|query1-354|h77_aa1-118|extracted_nt354|aligned_aa118|pident84.746,HCV,1h,77.0
MT151185|geneNS5A|query7-354|h77_aa3-118|extracted_nt348|aligned_aa116|pident75.862,HCV,4k,100.0
MT151218|geneNS5A|query1-354|h77_aa1-118|extracted_nt354|aligned_aa118|pident97.458,HCV,1a,100.0
MT151217|geneNS5A|query1-354|h77_aa1-118|extracted_nt354|aligned_aa118|pident80.508,HCV,1b,100.0
MT151220|geneNS5A|query1-354|h77_aa1-118|extracted_nt354|aligned_aa118|pident83.051,HCV,1b,100.0
MT151251|geneNS5A|query1-354|h77_aa1-118|extracted_nt354|aligned_aa118|pident95.763,HCV,1a,100.0
MT151249|geneNS5A|query4-354|h77_aa2-118|extracted_nt351|aligned_aa117|pident68.376,HCV,3h,90.0
MT151254|geneNS5A|query1-354|h77_aa1-118|extracted_nt354|aligned_aa118|pident96.610,HCV,1a,100.0
MT151265|geneNS5A|query1-354|h77_aa1-118|extracted_nt354|aligned_aa118|pident96.610,HCV,1a,100.0
MT151267|geneNS5A|query1-354|h77_aa1-118|extracted_nt354|aligned_aa118|pident97.458,HCV,1a,100.0
MT151271|geneNS5A|query1-354|h77_aa1-118|extracted_nt354|aligned_aa118|pident81.356,HCV,1b,100.0
MT233452|geneNS5A|query1-684|h77_aa1-228|extracted_nt684|aligned_aa228|pident96.491,HCV,1a,100.0
MT233454|geneNS5A|query1-663|h77_aa1-221|extracted_nt663|aligned_aa221|pident95.928,HCV,1a,100.0
MT233453|geneNS5A|query1-612|h77_aa1-204|extracted_nt612|aligned_aa204|pident95.098,HCV,1a,100.0
MT233461|geneNS5A|query1-672|h77_aa1-224|extracted_nt672|aligned_aa224|pident95.982,HCV,1a,100.0
MT233460|geneNS5A|query1-711|h77_aa1-237|extracted_nt711|aligned_aa237|pident95.781,HCV,1a,100.0
MT233457|geneNS5A|query1-663|h77_aa1-221|extracted_nt663|aligned_aa221|pident95.023,HCV,1a,100.0
MW205396|geneNS5A|query4-648|h77_aa7-221|extracted_nt645|aligned_aa215|pident79.535,HCV,4g,33.0
MW205378|geneNS5A|query1-615|h77_aa17-221|extracted_nt615|aligned_aa205|pident78.049,HCV,4v,100.0
MW205380|geneNS5A|query1-636|h77_aa10-221|extracted_nt636|aligned_aa212|pident75.943,HCV,4v,80.0
MW357804|geneNS5A|query1-411|h77_aa1-137|extracted_nt411|aligned_aa137|pident81.022,HCV,1b,100.0
MW205447|geneNS5A|query1-423|h77_aa8-148|extracted_nt423|aligned_aa141|pident65.248,HCV,2i,99.0
MW357810|geneNS5A|query1-411|h77_aa1-137|extracted_nt411|aligned_aa137|pident81.022,HCV,1b,100.0
MW357809|geneNS5A|query1-411|h77_aa1-137|extracted_nt411|aligned_aa137|pident81.752,HCV,1b,100.0
MW357805|geneNS5A|query1-411|h77_aa1-137|extracted_nt411|aligned_aa137|pident82.482,HCV,1b,100.0
MW205448|geneNS5A|query1-318|h77_aa8-113|extracted_nt318|aligned_aa106|pident65.094,HCV,2i,70.0
MW357811|geneNS5A|query1-411|h77_aa1-137|extracted_nt411|aligned_aa137|pident81.022,HCV,1b,100.0
MW205455|geneNS5A|query4-462|h77_aa2-154|extracted_nt459|aligned_aa153|pident64.706,HCV,2r,100.0
MZ327751|geneNS5A|query6167-7510|h77_aa1-448|extracted_nt1344|aligned_aa448|pident92.188,HCV,1a,100.0
MZ327748|geneNS5A|query6200-7555|h77_aa1-448|extracted_nt1356|aligned_aa456|pident70.395,HCV,3a,100.0
MZ327735|geneNS5A|query6198-7553|h77_aa1-448|extracted_nt1356|aligned_aa456|pident70.175,HCV,3a,100.0
MZ327758|geneNS5A|query6182-7525|h77_aa1-448|extracted_nt1344|aligned_aa448|pident94.643,HCV,1a,100.0
MZ327733|geneNS5A|query6182-7525|h77_aa1-448|extracted_nt1344|aligned_aa448|pident93.973,HCV,1a,100.0
MZ327732|geneNS5A|query6167-7510|h77_aa1-448|extracted_nt1344|aligned_aa448|pident94.420,HCV,1a,100.0
MZ327747|geneNS5A|query6167-7510|h77_aa1-448|extracted_nt1344|aligned_aa448|pident95.536,HCV,1a,100.0
MZ327759|geneNS5A|query6201-7556|h77_aa1-448|extracted_nt1356|aligned_aa456|pident70.175,HCV,3a,100.0
MZ327774|geneNS5A|query6183-7523|h77_aa1-448|extracted_nt1341|aligned_aa449|pident80.846,HCV,1b,100.0
MZ327782|geneNS5A|query6177-7520|h77_aa1-448|extracted_nt1344|aligned_aa448|pident95.982,HCV,1a,100.0
MZ327736|geneNS5A|query6184-7527|h77_aa1-448|extracted_nt1344|aligned_aa448|pident93.973,HCV,1a,100.0
MZ327760|geneNS5A|query6170-7513|h77_aa1-448|extracted_nt1344|aligned_aa448|pident96.205,HCV,1a,100.0
MZ327773|geneNS5A|query6195-7550|h77_aa1-448|extracted_nt1356|aligned_aa455|pident69.231,HCV,3a,100.0
MZ327785|geneNS5A|query6167-7510|h77_aa1-448|extracted_nt1344|aligned_aa448|pident94.420,HCV,1a,100.0
MZ327787|geneNS5A|query6167-7510|h77_aa1-448|extracted_nt1344|aligned_aa448|pident96.205,HCV,1a,100.0
MZ327794|geneNS5A|query6197-7552|h77_aa1-448|extracted_nt1356|aligned_aa456|pident69.737,HCV,3a,100.0
MZ327797|geneNS5A|query6184-7527|h77_aa1-448|extracted_nt1344|aligned_aa448|pident93.527,HCV,1a,100.0
MZ327750|geneNS5A|query6200-7555|h77_aa1-448|extracted_nt1356|aligned_aa455|pident69.231,HCV,3a,100.0
ON506789|geneNS5A|query173-790|h77_aa1-206|extracted_nt618|aligned_aa206|pident96.117,HCV,1a,100.0
ON506784|geneNS5A|query183-794|h77_aa1-204|extracted_nt612|aligned_aa204|pident75.980,HCV,3a,100.0
ON506790|geneNS5A|query167-775|h77_aa1-203|extracted_nt609|aligned_aa203|pident75.862,HCV,3a,100.0
ON506824|geneNS5A|query192-800|h77_aa1-203|extracted_nt609|aligned_aa203|pident93.103,HCV,1a,100.0
ON506825|geneNS5A|query188-802|h77_aa1-205|extracted_nt615|aligned_aa205|pident77.073,HCV,3a,100.0
ON506819|geneNS5A|query143-715|h77_aa3-193|extracted_nt573|aligned_aa191|pident79.058,HCV,4d,100.0
ON506822|geneNS5A|query170-742|h77_aa1-191|extracted_nt573|aligned_aa191|pident75.393,HCV,3a,100.0
ON506821|geneNS5A|query143-682|h77_aa1-180|extracted_nt540|aligned_aa180|pident93.333,HCV,1a,100.0
ON314814|geneNS5A|query5992-7389|h77_aa1-448|extracted_nt1398|aligned_aa472|pident59.958,HCV,2q,88.0
ON314820|geneNS5A|query5994-7391|h77_aa1-448|extracted_nt1398|aligned_aa472|pident57.839,HCV,2q,59.0
ON506816|geneNS5A|query186-800|h77_aa1-205|extracted_nt615|aligned_aa205|pident96.098,HCV,1a,100.0
ON314826|geneNS5A|query6249-7646|h77_aa1-448|extracted_nt1398|aligned_aa472|pident59.110,HCV,2q,50.0
ON314827|geneNS5A|query6255-7652|h77_aa1-448|extracted_nt1398|aligned_aa472|pident58.051,HCV,2q,99.0
ON314828|geneNS5A|query6255-7652|h77_aa1-448|extracted_nt1398|aligned_aa472|pident58.263,HCV,2q,99.0
ON123736|geneNS5A|query2-1114|h77_aa24-394|extracted_nt1113|aligned_aa371|pident81.402,HCV,1b,100.0
PQ365505|geneNS5A|query6271-7626|h77_aa1-448|extracted_nt1356|aligned_aa453|pident68.874,HCV,3b,100.0
PQ365498|geneNS5A|query6263-7618|h77_aa1-448|extracted_nt1356|aligned_aa455|pident68.571,HCV,3a,100.0
ON314824|geneNS5A|query6210-7607|h77_aa1-448|extracted_nt1398|aligned_aa472|pident60.381,HCV,2j,81.0
PQ365509|geneNS5A|query6242-7588|h77_aa4-448|extracted_nt1347|aligned_aa452|pident69.469,HCV,3a,100.0
PQ365516|geneNS5A|query6055-7398|h77_aa1-448|extracted_nt1344|aligned_aa448|pident92.857,HCV,1a,100.0
PQ365503|geneNS5A|query6055-7398|h77_aa1-448|extracted_nt1344|aligned_aa448|pident93.304,HCV,1a,100.0
PQ365514|geneNS5A|query6259-7614|h77_aa1-448|extracted_nt1356|aligned_aa456|pident69.737,HCV,3a,100.0
PQ365508|geneNS5A|query6233-7588|h77_aa1-448|extracted_nt1356|aligned_aa456|pident68.860,HCV,3a,100.0
PQ365506|geneNS5A|query6266-7621|h77_aa1-448|extracted_nt1356|aligned_aa455|pident69.670,HCV,3a,100.0
PQ365518|geneNS5A|query6259-7614|h77_aa1-448|extracted_nt1356|aligned_aa456|pident70.395,HCV,3a,100.0
PQ365526|geneNS5A|query6259-7614|h77_aa1-448|extracted_nt1356|aligned_aa456|pident69.737,HCV,3a,100.0
PQ365523|geneNS5A|query6233-7588|h77_aa1-448|extracted_nt1356|aligned_aa455|pident70.330,HCV,3a,100.0
PQ365527|geneNS5A|query6201-7544|h77_aa1-448|extracted_nt1344|aligned_aa448|pident93.750,HCV,1a,100.0
PQ365522|geneNS5A|query6264-7619|h77_aa1-448|extracted_nt1356|aligned_aa456|pident69.956,HCV,3a,100.0
PQ365520|geneNS5A|query6219-7574|h77_aa1-448|extracted_nt1356|aligned_aa456|pident69.956,HCV,3a,100.0
PQ365528|geneNS5A|query6247-7602|h77_aa1-448|extracted_nt1356|aligned_aa455|pident69.670,HCV,3a,100.0
PQ365531|geneNS5A|query6260-7615|h77_aa1-448|extracted_nt1356|aligned_aa455|pident70.330,HCV,3a,100.0
PQ365529|geneNS5A|query6228-7583|h77_aa1-448|extracted_nt1356|aligned_aa456|pident68.860,HCV,3a,100.0
PQ365537|geneNS5A|query6237-7592|h77_aa1-448|extracted_nt1356|aligned_aa456|pident69.298,HCV,3a,100.0
MT863959|geneNS5A|query1-279|h77_aa12-104|extracted_nt279|aligned_aa93|pident98.925,HCV,1a,100.0
MT863955|geneNS5A|query1-279|h77_aa12-104|extracted_nt279|aligned_aa93|pident97.849,HCV,1a,100.0
MT863963|geneNS5A|query1-279|h77_aa12-104|extracted_nt279|aligned_aa93|pident76.344,HCV,3a,100.0
MT863991|geneNS5A|query1-279|h77_aa12-104|extracted_nt279|aligned_aa93|pident95.699,HCV,1a,100.0
MW041294|geneNS5A|query6269-7669|h77_aa1-448|extracted_nt1401|aligned_aa473|pident60.254,HCV,2j,58.0
ON630770|geneNS5A|query6140-7483|h77_aa1-448|extracted_nt1344|aligned_aa448|pident95.759,HCV,1a,100.0
MW041299|geneNS5A|query6270-7667|h77_aa1-448|extracted_nt1398|aligned_aa473|pident60.465,HCV,2j,100.0
ON630766|geneNS5A|query6140-7483|h77_aa1-448|extracted_nt1344|aligned_aa448|pident96.652,HCV,1a,100.0
ON630767|geneNS5A|query6140-7483|h77_aa1-448|extracted_nt1344|aligned_aa448|pident95.536,HCV,1a,100.0
ON630777|geneNS5A|query6140-7483|h77_aa1-448|extracted_nt1344|aligned_aa448|pident91.518,HCV,1a,100.0
ON630768|geneNS5A|query6140-7483|h77_aa1-448|extracted_nt1344|aligned_aa448|pident94.643,HCV,1a,100.0
ON630781|geneNS5A|query6140-7483|h77_aa1-448|extracted_nt1344|aligned_aa448|pident93.080,HCV,1a,100.0
ON630780|geneNS5A|query6140-7483|h77_aa1-448|extracted_nt1344|aligned_aa448|pident93.973,HCV,1a,100.0
ON630776|geneNS5A|query6140-7483|h77_aa1-448|extracted_nt1344|aligned_aa448|pident96.429,HCV,1a,100.0
ON630786|geneNS5A|query6146-7483|h77_aa3-448|extracted_nt1338|aligned_aa446|pident93.274,HCV,1a,100.0
ON630778|geneNS5A|query6140-7483|h77_aa1-448|extracted_nt1344|aligned_aa448|pident93.304,HCV,1a,100.0
ON630773|geneNS5A|query6140-7483|h77_aa1-448|extracted_nt1344|aligned_aa448|pident93.527,HCV,1a,100.0
ON630789|geneNS5A|query6140-7483|h77_aa1-448|extracted_nt1344|aligned_aa448|pident94.643,HCV,1a,100.0
ON630779|geneNS5A|query6140-7483|h77_aa1-448|extracted_nt1344|aligned_aa448|pident93.527,HCV,1a,100.0
ON630788|geneNS5A|query6140-7483|h77_aa1-448|extracted_nt1344|aligned_aa448|pident96.875,HCV,1a,100.0
ON630790|geneNS5A|query6140-7483|h77_aa1-448|extracted_nt1344|aligned_aa448|pident94.643,HCV,1a,100.0
ON630785|geneNS5A|query6140-7483|h77_aa1-448|extracted_nt1344|aligned_aa448|pident96.652,HCV,1a,100.0
ON630797|geneNS5A|query6140-7483|h77_aa1-448|extracted_nt1344|aligned_aa448|pident92.634,HCV,1a,100.0
ON630803|geneNS5A|query6140-7483|h77_aa1-448|extracted_nt1344|aligned_aa448|pident92.634,HCV,1a,100.0
ON630801|geneNS5A|query6140-7483|h77_aa1-448|extracted_nt1344|aligned_aa448|pident93.080,HCV,1a,100.0
ON630804|geneNS5A|query6140-7483|h77_aa1-448|extracted_nt1344|aligned_aa448|pident95.759,HCV,1a,100.0
ON630793|geneNS5A|query6140-7483|h77_aa1-448|extracted_nt1344|aligned_aa448|pident93.973,HCV,1a,100.0
ON630795|geneNS5A|query6140-7483|h77_aa1-448|extracted_nt1344|aligned_aa448|pident94.866,HCV,1a,100.0
ON630812|geneNS5A|query6140-7483|h77_aa1-448|extracted_nt1344|aligned_aa448|pident91.295,HCV,1a,100.0
ON630814|geneNS5A|query6140-7483|h77_aa1-448|extracted_nt1344|aligned_aa448|pident92.411,HCV,1a,100.0
ON630810|geneNS5A|query6140-7483|h77_aa1-448|extracted_nt1344|aligned_aa448|pident97.321,HCV,1a,100.0
ON630794|geneNS5A|query6140-7483|h77_aa1-448|extracted_nt1344|aligned_aa448|pident94.420,HCV,1a,100.0
ON630813|geneNS5A|query6140-7483|h77_aa1-448|extracted_nt1344|aligned_aa448|pident92.188,HCV,1a,100.0
ON630823|geneNS5A|query6140-7483|h77_aa1-448|extracted_nt1344|aligned_aa448|pident92.411,HCV,1a,100.0
ON630819|geneNS5A|query6140-7483|h77_aa1-448|extracted_nt1344|aligned_aa448|pident91.964,HCV,1a,100.0
ON630787|geneNS5A|query6140-7483|h77_aa1-448|extracted_nt1344|aligned_aa448|pident93.304,HCV,1a,100.0
ON630820|geneNS5A|query6140-7483|h77_aa1-448|extracted_nt1344|aligned_aa448|pident95.089,HCV,1a,100.0
ON630825|geneNS5A|query6140-7483|h77_aa1-448|extracted_nt1344|aligned_aa448|pident95.089,HCV,1a,100.0
ON630826|geneNS5A|query6140-7483|h77_aa1-448|extracted_nt1344|aligned_aa448|pident95.089,HCV,1a,100.0
ON630829|geneNS5A|query6140-7483|h77_aa1-448|extracted_nt1344|aligned_aa448|pident91.964,HCV,1a,100.0
ON630839|geneNS5A|query6140-7483|h77_aa1-448|extracted_nt1344|aligned_aa448|pident94.866,HCV,1a,100.0
ON630833|geneNS5A|query6140-7483|h77_aa1-448|extracted_nt1344|aligned_aa448|pident94.643,HCV,1a,100.0
ON630842|geneNS5A|query6140-7483|h77_aa1-448|extracted_nt1344|aligned_aa448|pident93.527,HCV,1a,100.0
ON630844|geneNS5A|query6140-7483|h77_aa1-448|extracted_nt1344|aligned_aa448|pident93.750,HCV,1a,100.0
ON630841|geneNS5A|query6140-7483|h77_aa1-448|extracted_nt1344|aligned_aa448|pident96.205,HCV,1a,100.0
ON630843|geneNS5A|query6140-7483|h77_aa1-448|extracted_nt1344|aligned_aa448|pident95.089,HCV,1a,100.0
ON630838|geneNS5A|query6140-7483|h77_aa1-448|extracted_nt1344|aligned_aa448|pident96.652,HCV,1a,100.0
ON630845|geneNS5A|query6140-7483|h77_aa1-448|extracted_nt1344|aligned_aa448|pident94.866,HCV,1a,100.0
ON630846|geneNS5A|query6140-7483|h77_aa1-448|extracted_nt1344|aligned_aa448|pident94.866,HCV,1a,100.0
ON630848|geneNS5A|query6140-7483|h77_aa1-448|extracted_nt1344|aligned_aa448|pident94.196,HCV,1a,100.0
ON630847|geneNS5A|query6140-7483|h77_aa1-448|extracted_nt1344|aligned_aa448|pident94.643,HCV,1a,100.0
ON630850|geneNS5A|query6140-7483|h77_aa1-448|extracted_nt1344|aligned_aa448|pident92.188,HCV,1a,100.0
ON630840|geneNS5A|query6140-7483|h77_aa1-448|extracted_nt1344|aligned_aa448|pident92.188,HCV,1a,100.0
ON630860|geneNS5A|query6140-7483|h77_aa1-448|extracted_nt1344|aligned_aa448|pident94.196,HCV,1a,100.0
ON630856|geneNS5A|query6140-7483|h77_aa1-448|extracted_nt1344|aligned_aa448|pident93.080,HCV,1a,100.0
ON630855|geneNS5A|query6140-7483|h77_aa1-448|extracted_nt1344|aligned_aa448|pident94.866,HCV,1a,100.0
ON630857|geneNS5A|query6140-7483|h77_aa1-448|extracted_nt1344|aligned_aa448|pident92.411,HCV,1a,100.0
ON630859|geneNS5A|query6140-7483|h77_aa1-448|extracted_nt1344|aligned_aa448|pident92.857,HCV,1a,100.0
ON630863|geneNS5A|query6140-7483|h77_aa1-448|extracted_nt1344|aligned_aa448|pident95.982,HCV,1a,100.0
ON630876|geneNS5A|query6143-7459|h77_aa3-448|extracted_nt1317|aligned_aa446|pident74.215,HCV,4d,100.0
ON630872|geneNS5A|query6143-7459|h77_aa3-448|extracted_nt1317|aligned_aa446|pident73.767,HCV,4d,100.0
ON630867|geneNS5A|query6140-7483|h77_aa1-448|extracted_nt1344|aligned_aa448|pident93.973,HCV,1a,100.0
ON630871|geneNS5A|query6143-7459|h77_aa3-448|extracted_nt1317|aligned_aa446|pident73.767,HCV,4d,100.0
ON630873|geneNS5A|query6143-7459|h77_aa3-448|extracted_nt1317|aligned_aa446|pident74.215,HCV,4d,100.0
ON630865|geneNS5A|query6140-7483|h77_aa1-448|extracted_nt1344|aligned_aa448|pident94.643,HCV,1a,100.0
ON630875|geneNS5A|query6143-7459|h77_aa3-448|extracted_nt1317|aligned_aa446|pident74.664,HCV,4d,100.0
ON314813|geneNS5A|query5992-7389|h77_aa1-448|extracted_nt1398|aligned_aa478|pident59.833,HCV,2k,60.0
ON314816|geneNS5A|query5991-7391|h77_aa1-448|extracted_nt1401|aligned_aa473|pident60.254,HCV,2j,98.0
PQ365497|geneNS5A|query6055-7398|h77_aa1-448|extracted_nt1344|aligned_aa448|pident91.964,HCV,1a,100.0
ON314823|geneNS5A|query6191-7591|h77_aa1-448|extracted_nt1401|aligned_aa479|pident59.290,HCV,2a,36.0
ON314815|geneNS5A|query5993-7390|h77_aa1-448|extracted_nt1398|aligned_aa472|pident60.381,HCV,2j,78.0
ON314822|geneNS5A|query6191-7588|h77_aa1-448|extracted_nt1398|aligned_aa472|pident59.322,HCV,2q,53.0
PQ365502|geneNS5A|query6257-7612|h77_aa1-448|extracted_nt1356|aligned_aa456|pident69.956,HCV,3a,100.0
PQ365499|geneNS5A|query6251-7594|h77_aa1-448|extracted_nt1344|aligned_aa448|pident93.527,HCV,1a,100.0
PQ365512|geneNS5A|query6266-7621|h77_aa1-448|extracted_nt1356|aligned_aa455|pident70.330,HCV,3a,100.0
PQ365507|geneNS5A|query6055-7398|h77_aa1-448|extracted_nt1344|aligned_aa448|pident93.750,HCV,1a,100.0
PQ365530|geneNS5A|query6243-7598|h77_aa1-448|extracted_nt1356|aligned_aa456|pident69.956,HCV,3a,100.0
PQ365532|geneNS5A|query6264-7619|h77_aa1-448|extracted_nt1356|aligned_aa455|pident70.989,HCV,3a,100.0
MT893914|geneNS5A|query7-417|h77_aa3-139|extracted_nt411|aligned_aa137|pident75.912,HCV,4r,100.0
MT864005|geneNS5A|query1-279|h77_aa12-104|extracted_nt279|aligned_aa93|pident75.269,HCV,3a,100.0
MW041297|geneNS5A|query6270-7667|h77_aa1-448|extracted_nt1398|aligned_aa472|pident59.958,HCV,2j,90.0
MW041296|geneNS5A|query6266-7666|h77_aa1-448|extracted_nt1401|aligned_aa474|pident60.549,HCV,2j,97.0
MW041298|geneNS5A|query6226-7623|h77_aa1-448|extracted_nt1398|aligned_aa473|pident61.099,HCV,2j,100.0
ON630772|geneNS5A|query6140-7483|h77_aa1-448|extracted_nt1344|aligned_aa448|pident95.089,HCV,1a,100.0
ON630774|geneNS5A|query6140-7483|h77_aa1-448|extracted_nt1344|aligned_aa448|pident94.196,HCV,1a,100.0
ON630775|geneNS5A|query6140-7483|h77_aa1-448|extracted_nt1344|aligned_aa448|pident93.527,HCV,1a,100.0
ON630769|geneNS5A|query6140-7483|h77_aa1-448|extracted_nt1344|aligned_aa448|pident93.973,HCV,1a,100.0
ON630764|geneNS5A|query6140-7483|h77_aa1-448|extracted_nt1344|aligned_aa448|pident95.089,HCV,1a,100.0
ON630765|geneNS5A|query6140-7483|h77_aa1-448|extracted_nt1344|aligned_aa448|pident92.411,HCV,1a,100.0
ON630783|geneNS5A|query6140-7483|h77_aa1-448|extracted_nt1344|aligned_aa448|pident94.196,HCV,1a,100.0
ON630784|geneNS5A|query6140-7483|h77_aa1-448|extracted_nt1344|aligned_aa448|pident95.089,HCV,1a,100.0
ON630782|geneNS5A|query6140-7483|h77_aa1-448|extracted_nt1344|aligned_aa448|pident93.304,HCV,1a,100.0
ON630798|geneNS5A|query6140-7483|h77_aa1-448|extracted_nt1344|aligned_aa448|pident90.625,HCV,1a,100.0
ON630796|geneNS5A|query6140-7483|h77_aa1-448|extracted_nt1344|aligned_aa448|pident91.071,HCV,1a,100.0
ON630792|geneNS5A|query6140-7483|h77_aa1-448|extracted_nt1344|aligned_aa448|pident94.420,HCV,1a,100.0
ON630800|geneNS5A|query6140-7483|h77_aa1-448|extracted_nt1344|aligned_aa448|pident90.848,HCV,1a,100.0
ON630791|geneNS5A|query6140-7483|h77_aa1-448|extracted_nt1344|aligned_aa448|pident94.420,HCV,1a,100.0
ON630805|geneNS5A|query6140-7483|h77_aa1-448|extracted_nt1344|aligned_aa448|pident90.848,HCV,1a,100.0
ON630802|geneNS5A|query6140-7483|h77_aa1-448|extracted_nt1344|aligned_aa448|pident92.188,HCV,1a,100.0
ON630806|geneNS5A|query6140-7483|h77_aa1-448|extracted_nt1344|aligned_aa448|pident95.312,HCV,1a,100.0
ON630808|geneNS5A|query6140-7483|h77_aa1-448|extracted_nt1344|aligned_aa448|pident94.643,HCV,1a,100.0
ON630799|geneNS5A|query6140-7483|h77_aa1-448|extracted_nt1344|aligned_aa448|pident92.857,HCV,1a,100.0
ON630816|geneNS5A|query6140-7483|h77_aa1-448|extracted_nt1344|aligned_aa448|pident95.089,HCV,1a,100.0
ON630811|geneNS5A|query6140-7483|h77_aa1-448|extracted_nt1344|aligned_aa448|pident92.188,HCV,1a,100.0
ON630809|geneNS5A|query6140-7483|h77_aa1-448|extracted_nt1344|aligned_aa448|pident95.312,HCV,1a,100.0
ON630822|geneNS5A|query6140-7483|h77_aa1-448|extracted_nt1344|aligned_aa448|pident95.982,HCV,1a,100.0
ON630807|geneNS5A|query6140-7483|h77_aa1-448|extracted_nt1344|aligned_aa448|pident91.741,HCV,1a,100.0
ON630815|geneNS5A|query6140-7483|h77_aa1-448|extracted_nt1344|aligned_aa448|pident92.411,HCV,1a,100.0
ON630824|geneNS5A|query6140-7483|h77_aa1-448|extracted_nt1344|aligned_aa448|pident92.857,HCV,1a,100.0
ON630821|geneNS5A|query6140-7483|h77_aa1-448|extracted_nt1344|aligned_aa448|pident93.527,HCV,1a,100.0
ON630831|geneNS5A|query6140-7483|h77_aa1-448|extracted_nt1344|aligned_aa448|pident91.295,HCV,1a,100.0
ON630828|geneNS5A|query6140-7483|h77_aa1-448|extracted_nt1344|aligned_aa448|pident91.741,HCV,1a,100.0
ON630832|geneNS5A|query6140-7483|h77_aa1-448|extracted_nt1344|aligned_aa448|pident95.759,HCV,1a,100.0
ON630830|geneNS5A|query6140-7483|h77_aa1-448|extracted_nt1344|aligned_aa448|pident95.759,HCV,1a,100.0
ON630817|geneNS5A|query6140-7483|h77_aa1-448|extracted_nt1344|aligned_aa448|pident95.089,HCV,1a,100.0
ON630827|geneNS5A|query6140-7483|h77_aa1-448|extracted_nt1344|aligned_aa448|pident91.295,HCV,1a,100.0
ON630835|geneNS5A|query6140-7483|h77_aa1-448|extracted_nt1344|aligned_aa448|pident94.643,HCV,1a,100.0
ON630849|geneNS5A|query6140-7483|h77_aa1-448|extracted_nt1344|aligned_aa448|pident97.321,HCV,1a,100.0
ON630853|geneNS5A|query6140-7483|h77_aa1-448|extracted_nt1344|aligned_aa448|pident94.196,HCV,1a,100.0
ON630854|geneNS5A|query6140-7483|h77_aa1-448|extracted_nt1344|aligned_aa448|pident94.643,HCV,1a,100.0
ON630851|geneNS5A|query6140-7483|h77_aa1-448|extracted_nt1344|aligned_aa448|pident95.312,HCV,1a,100.0
ON630852|geneNS5A|query6140-7483|h77_aa1-448|extracted_nt1344|aligned_aa448|pident96.652,HCV,1a,100.0
ON630864|geneNS5A|query6140-7483|h77_aa1-448|extracted_nt1344|aligned_aa448|pident95.089,HCV,1a,100.0
ON630861|geneNS5A|query6140-7483|h77_aa1-448|extracted_nt1344|aligned_aa448|pident94.643,HCV,1a,100.0
ON630862|geneNS5A|query6140-7483|h77_aa1-448|extracted_nt1344|aligned_aa448|pident93.304,HCV,1a,100.0
ON630858|geneNS5A|query6140-7483|h77_aa1-448|extracted_nt1344|aligned_aa448|pident91.964,HCV,1a,100.0
ON630866|geneNS5A|query6140-7483|h77_aa1-448|extracted_nt1344|aligned_aa448|pident92.188,HCV,1a,100.0
ON630870|geneNS5A|query6143-7459|h77_aa3-448|extracted_nt1317|aligned_aa446|pident74.439,HCV,4d,100.0
ON630878|geneNS5A|query6143-7459|h77_aa3-448|extracted_nt1317|aligned_aa446|pident73.991,HCV,4d,100.0
ON630882|geneNS5A|query6143-7459|h77_aa3-448|extracted_nt1317|aligned_aa446|pident74.215,HCV,4d,100.0
ON630869|geneNS5A|query6140-7483|h77_aa1-448|extracted_nt1344|aligned_aa448|pident93.973,HCV,1a,100.0
ON630874|geneNS5A|query6143-7459|h77_aa3-448|extracted_nt1317|aligned_aa446|pident75.112,HCV,4d,100.0
ON630897|geneNS5A|query6143-7459|h77_aa3-448|extracted_nt1317|aligned_aa446|pident74.215,HCV,4d,100.0
MW675790|geneNS5A|query5917-7260|h77_aa1-448|extracted_nt1344|aligned_aa448|pident92.634,HCV,1a,100.0
MZ327731|geneNS5A|query6182-7525|h77_aa1-448|extracted_nt1344|aligned_aa448|pident95.089,HCV,1a,100.0
MZ327737|geneNS5A|query6167-7510|h77_aa1-448|extracted_nt1344|aligned_aa448|pident93.750,HCV,1a,100.0
MZ327753|geneNS5A|query6183-7523|h77_aa1-448|extracted_nt1341|aligned_aa448|pident79.688,HCV,1b,100.0
MZ327762|geneNS5A|query6182-7525|h77_aa1-448|extracted_nt1344|aligned_aa448|pident95.312,HCV,1a,100.0
MZ327769|geneNS5A|query6191-7531|h77_aa1-448|extracted_nt1341|aligned_aa448|pident81.473,HCV,1b,100.0
ON630877|geneNS5A|query6143-7459|h77_aa3-448|extracted_nt1317|aligned_aa446|pident73.991,HCV,4d,100.0
ON630868|geneNS5A|query6140-7483|h77_aa1-448|extracted_nt1344|aligned_aa448|pident94.866,HCV,1a,100.0
ON630883|geneNS5A|query6143-7459|h77_aa3-448|extracted_nt1317|aligned_aa446|pident73.991,HCV,4d,100.0
ON630881|geneNS5A|query6143-7459|h77_aa3-448|extracted_nt1317|aligned_aa446|pident74.215,HCV,4d,100.0
ON630879|geneNS5A|query6143-7459|h77_aa3-448|extracted_nt1317|aligned_aa446|pident73.767,HCV,4d,100.0
ON630889|geneNS5A|query6143-7459|h77_aa3-448|extracted_nt1317|aligned_aa446|pident74.215,HCV,4d,100.0
ON630884|geneNS5A|query6143-7459|h77_aa3-448|extracted_nt1317|aligned_aa446|pident74.439,HCV,4d,100.0
ON630888|geneNS5A|query6143-7459|h77_aa3-448|extracted_nt1317|aligned_aa446|pident74.215,HCV,4d,100.0
ON630880|geneNS5A|query6143-7459|h77_aa3-448|extracted_nt1317|aligned_aa446|pident73.991,HCV,4d,100.0
ON630893|geneNS5A|query6143-7459|h77_aa3-448|extracted_nt1317|aligned_aa446|pident73.767,HCV,4d,100.0
ON630885|geneNS5A|query6143-7459|h77_aa3-448|extracted_nt1317|aligned_aa446|pident73.991,HCV,4d,100.0
ON630892|geneNS5A|query6143-7459|h77_aa3-448|extracted_nt1317|aligned_aa446|pident73.543,HCV,4d,100.0
ON630896|geneNS5A|query6143-7459|h77_aa3-448|extracted_nt1317|aligned_aa446|pident72.870,HCV,4d,100.0
ON630899|geneNS5A|query6143-7459|h77_aa3-448|extracted_nt1317|aligned_aa446|pident74.215,HCV,4d,100.0
ON630891|geneNS5A|query6143-7459|h77_aa3-448|extracted_nt1317|aligned_aa446|pident74.215,HCV,4d,100.0
ON630894|geneNS5A|query6143-7459|h77_aa3-448|extracted_nt1317|aligned_aa446|pident74.215,HCV,4d,100.0
MW675793|geneNS5A|query5917-7260|h77_aa1-448|extracted_nt1344|aligned_aa448|pident92.634,HCV,1a,100.0
ON630895|geneNS5A|query6143-7459|h77_aa3-448|extracted_nt1317|aligned_aa446|pident74.215,HCV,4d,100.0
MW675792|geneNS5A|query5917-7260|h77_aa1-448|extracted_nt1344|aligned_aa448|pident93.973,HCV,1a,100.0
ON630900|geneNS5A|query6143-7459|h77_aa3-448|extracted_nt1317|aligned_aa446|pident74.439,HCV,4d,100.0
MW675797|geneNS5A|query5920-7245|h77_aa3-448|extracted_nt1326|aligned_aa449|pident73.274,HCV,4d,100.0
MN628578|geneNS5A|query6262-7617|h77_aa1-448|extracted_nt1356|aligned_aa455|pident69.670,HCV,3a,100.0
MW205433|geneNS5A|query1-315|h77_aa1-105|extracted_nt315|aligned_aa105|pident72.381,HCV,3b,100.0
MW357814|geneNS5A|query1-411|h77_aa1-137|extracted_nt411|aligned_aa137|pident81.022,HCV,1b,100.0
MW205417|geneNS5A|query1-1080|h77_aa1-359|extracted_nt1080|aligned_aa360|pident78.056,HCV,6e,100.0
MN628584|geneNS5A|query6272-7627|h77_aa1-448|extracted_nt1356|aligned_aa456|pident69.956,HCV,3a,100.0
MN641918|geneNS5A|query1-315|h77_aa1-105|extracted_nt315|aligned_aa105|pident99.048,HCV,1a,100.0
MN641945|geneNS5A|query1-315|h77_aa1-105|extracted_nt315|aligned_aa105|pident78.095,HCV,3a,100.0
MN641948|geneNS5A|query1-315|h77_aa1-105|extracted_nt315|aligned_aa105|pident77.143,HCV,3a,100.0
MN641950|geneNS5A|query1-315|h77_aa1-105|extracted_nt315|aligned_aa105|pident77.143,HCV,3a,100.0
MN641939|geneNS5A|query1-315|h77_aa1-105|extracted_nt315|aligned_aa105|pident76.190,HCV,3a,100.0
MN641963|geneNS5A|query1-315|h77_aa1-105|extracted_nt315|aligned_aa105|pident79.048,HCV,4d,100.0
MN641958|geneNS5A|query1-315|h77_aa1-105|extracted_nt315|aligned_aa105|pident76.190,HCV,3a,100.0
MN641953|geneNS5A|query1-315|h77_aa1-105|extracted_nt315|aligned_aa105|pident78.095,HCV,3a,100.0
MN641964|geneNS5A|query1-315|h77_aa1-105|extracted_nt315|aligned_aa105|pident79.048,HCV,4d,100.0
MN641961|geneNS5A|query1-315|h77_aa1-105|extracted_nt315|aligned_aa105|pident79.048,HCV,4d,100.0
MN641966|geneNS5A|query1-315|h77_aa1-105|extracted_nt315|aligned_aa105|pident79.048,HCV,4d,100.0
MN641967|geneNS5A|query1-315|h77_aa1-105|extracted_nt315|aligned_aa105|pident79.048,HCV,4d,100.0
MN641968|geneNS5A|query1-315|h77_aa1-105|extracted_nt315|aligned_aa105|pident79.048,HCV,4d,100.0
MN641965|geneNS5A|query1-315|h77_aa1-105|extracted_nt315|aligned_aa105|pident78.095,HCV,4d,100.0
MN641951|geneNS5A|query1-315|h77_aa1-105|extracted_nt315|aligned_aa105|pident78.095,HCV,3a,100.0
MT151171|geneNS5A|query1-354|h77_aa1-118|extracted_nt354|aligned_aa118|pident69.492,HCV,2j,51.0
MT151176|geneNS5A|query1-354|h77_aa1-118|extracted_nt354|aligned_aa118|pident82.203,HCV,1h,40.0
MT151173|geneNS5A|query1-354|h77_aa1-118|extracted_nt354|aligned_aa118|pident95.763,HCV,1a,100.0
MT151175|geneNS5A|query7-354|h77_aa3-118|extracted_nt348|aligned_aa116|pident77.586,HCV,4v,100.0
MT151177|geneNS5A|query7-354|h77_aa3-118|extracted_nt348|aligned_aa116|pident75.862,HCV,4r,100.0
MT151179|geneNS5A|query7-354|h77_aa3-118|extracted_nt348|aligned_aa116|pident76.724,HCV,4v,100.0
MT151170|geneNS5A|query1-354|h77_aa1-118|extracted_nt354|aligned_aa118|pident70.339,HCV,3h,100.0
MT151189|geneNS5A|query1-354|h77_aa1-118|extracted_nt354|aligned_aa118|pident79.661,HCV,1b,100.0
MT151188|geneNS5A|query1-354|h77_aa1-118|extracted_nt354|aligned_aa118|pident70.339,HCV,3h,100.0
MT151190|geneNS5A|query7-354|h77_aa3-118|extracted_nt348|aligned_aa116|pident76.724,HCV,4k,100.0
MT151191|geneNS5A|query1-354|h77_aa1-118|extracted_nt354|aligned_aa118|pident72.881,HCV,3a,100.0
MT151186|geneNS5A|query1-354|h77_aa1-118|extracted_nt354|aligned_aa118|pident80.508,HCV,1b,100.0
MT151194|geneNS5A|query7-354|h77_aa3-118|extracted_nt348|aligned_aa116|pident80.172,HCV,4a,65.0
MT151195|geneNS5A|query1-354|h77_aa1-118|extracted_nt354|aligned_aa118|pident79.661,HCV,1b,100.0
MT151205|geneNS5A|query1-354|h77_aa1-118|extracted_nt354|aligned_aa118|pident73.729,HCV,3a,100.0
MT151206|geneNS5A|query1-354|h77_aa1-118|extracted_nt354|aligned_aa118|pident86.441,HCV,1a,94.0
MT151209|geneNS5A|query7-354|h77_aa3-118|extracted_nt348|aligned_aa116|pident78.448,HCV,4k,100.0
MT151211|geneNS5A|query1-354|h77_aa1-118|extracted_nt354|aligned_aa118|pident86.441,HCV,1a,99.0
MT151212|geneNS5A|query1-354|h77_aa1-118|extracted_nt354|aligned_aa118|pident83.898,HCV,1b,99.0
MT151208|geneNS5A|query7-354|h77_aa3-118|extracted_nt348|aligned_aa116|pident78.448,HCV,4v,100.0
MT151210|geneNS5A|query1-354|h77_aa1-118|extracted_nt354|aligned_aa118|pident81.356,HCV,1b,100.0
MT151204|geneNS5A|query1-354|h77_aa1-118|extracted_nt354|aligned_aa118|pident79.661,HCV,1l,100.0
MT151224|geneNS5A|query1-354|h77_aa1-118|extracted_nt354|aligned_aa118|pident79.661,HCV,1b,100.0
MT151223|geneNS5A|query1-354|h77_aa1-118|extracted_nt354|aligned_aa118|pident82.203,HCV,1b,100.0
MW205446|geneNS5A|query4-429|h77_aa7-148|extracted_nt426|aligned_aa142|pident64.789,HCV,2i,100.0
MW205426|geneNS5A|query1-429|h77_aa3-145|extracted_nt429|aligned_aa143|pident80.420,HCV,1g,100.0
MW205451|geneNS5A|query1-432|h77_aa8-151|extracted_nt432|aligned_aa144|pident65.278,HCV,2c,100.0
MW205453|geneNS5A|query1-462|h77_aa1-154|extracted_nt462|aligned_aa154|pident64.935,HCV,2c,100.0
MW205456|geneNS5A|query1-444|h77_aa1-148|extracted_nt444|aligned_aa148|pident65.541,HCV,2a,100.0
MW205421|geneNS5A|query1-414|h77_aa7-144|extracted_nt414|aligned_aa138|pident71.739,HCV,6e,100.0
MW357798|geneNS5A|query1-411|h77_aa1-137|extracted_nt411|aligned_aa137|pident83.212,HCV,1b,100.0
MW357801|geneNS5A|query1-390|h77_aa1-130|extracted_nt390|aligned_aa130|pident82.308,HCV,1b,100.0
MW357799|geneNS5A|query1-411|h77_aa1-137|extracted_nt411|aligned_aa137|pident80.292,HCV,1b,100.0
MW357802|geneNS5A|query1-411|h77_aa1-137|extracted_nt411|aligned_aa137|pident80.292,HCV,1b,100.0
MW357803|geneNS5A|query1-408|h77_aa1-136|extracted_nt408|aligned_aa136|pident84.559,HCV,1b,100.0
MW357806|geneNS5A|query1-411|h77_aa1-137|extracted_nt411|aligned_aa137|pident81.752,HCV,1b,100.0
MW357808|geneNS5A|query1-411|h77_aa1-137|extracted_nt411|aligned_aa137|pident80.292,HCV,1b,100.0
MW357807|geneNS5A|query1-411|h77_aa1-137|extracted_nt411|aligned_aa137|pident79.562,HCV,1b,100.0
MW205397|geneNS5A|query1-639|h77_aa9-221|extracted_nt639|aligned_aa213|pident79.812,HCV,4k,74.0
MZ327734|geneNS5A|query6167-7510|h77_aa1-448|extracted_nt1344|aligned_aa448|pident93.304,HCV,1a,100.0
MZ327757|geneNS5A|query6200-7555|h77_aa1-448|extracted_nt1356|aligned_aa456|pident68.640,HCV,3a,100.0
MZ327795|geneNS5A|query6182-7525|h77_aa1-448|extracted_nt1344|aligned_aa448|pident92.857,HCV,1a,100.0
MZ327776|geneNS5A|query6167-7510|h77_aa1-448|extracted_nt1344|aligned_aa448|pident94.643,HCV,1a,100.0
ON506743|geneNS5A|query148-717|h77_aa1-190|extracted_nt570|aligned_aa190|pident96.316,HCV,1a,100.0
ON506744|geneNS5A|query185-739|h77_aa1-185|extracted_nt555|aligned_aa185|pident95.676,HCV,1a,100.0
ON506746|geneNS5A|query173-706|h77_aa1-178|extracted_nt534|aligned_aa178|pident78.652,HCV,1b,100.0
MZ327790|geneNS5A|query6182-7525|h77_aa1-448|extracted_nt1344|aligned_aa448|pident95.536,HCV,1a,100.0
ON506751|geneNS5A|query155-697|h77_aa2-182|extracted_nt543|aligned_aa181|pident74.033,HCV,3a,100.0
ON506753|geneNS5A|query188-742|h77_aa1-185|extracted_nt555|aligned_aa185|pident91.351,HCV,1a,100.0
MZ327793|geneNS5A|query6540-7883|h77_aa1-448|extracted_nt1344|aligned_aa448|pident94.866,HCV,1a,100.0
ON506756|geneNS5A|query134-742|h77_aa1-203|extracted_nt609|aligned_aa203|pident95.567,HCV,1a,100.0
ON506755|geneNS5A|query140-673|h77_aa1-178|extracted_nt534|aligned_aa178|pident78.090,HCV,1b,100.0
ON506759|geneNS5A|query185-760|h77_aa1-192|extracted_nt576|aligned_aa192|pident77.604,HCV,4a,100.0
ON506757|geneNS5A|query138-746|h77_aa1-203|extracted_nt609|aligned_aa203|pident77.340,HCV,4a,100.0
MZ327789|geneNS5A|query6202-7557|h77_aa1-448|extracted_nt1356|aligned_aa456|pident68.640,HCV,3a,100.0
ON506763|geneNS5A|query146-754|h77_aa1-203|extracted_nt609|aligned_aa203|pident92.611,HCV,1a,100.0
ON506758|geneNS5A|query151-732|h77_aa1-194|extracted_nt582|aligned_aa194|pident73.711,HCV,3a,100.0
ON506768|geneNS5A|query133-696|h77_aa1-188|extracted_nt564|aligned_aa188|pident95.213,HCV,1a,100.0
ON506761|geneNS5A|query156-731|h77_aa1-192|extracted_nt576|aligned_aa192|pident95.833,HCV,1a,100.0
ON506742|geneNS5A|query161-742|h77_aa1-194|extracted_nt582|aligned_aa194|pident90.722,HCV,1a,100.0
ON506764|geneNS5A|query144-749|h77_aa1-202|extracted_nt606|aligned_aa202|pident79.703,HCV,1b,100.0
ON506774|geneNS5A|query172-789|h77_aa1-206|extracted_nt618|aligned_aa206|pident79.126,HCV,1b,100.0
MT863939|geneNS5A|query1-279|h77_aa12-104|extracted_nt279|aligned_aa93|pident75.269,HCV,3a,100.0
PQ365539|geneNS5A|query6183-7157|h77_aa1-325|extracted_nt975|aligned_aa325|pident72.000,HCV,3g,100.0
MT863945|geneNS5A|query1-279|h77_aa12-104|extracted_nt279|aligned_aa93|pident98.925,HCV,1a,100.0
MT863947|geneNS5A|query1-279|h77_aa12-104|extracted_nt279|aligned_aa93|pident98.925,HCV,1a,100.0
PQ365535|geneNS5A|query6219-7574|h77_aa1-448|extracted_nt1356|aligned_aa456|pident69.518,HCV,3a,100.0
MT863951|geneNS5A|query1-279|h77_aa12-104|extracted_nt279|aligned_aa93|pident75.269,HCV,4d,100.0
MT863941|geneNS5A|query1-279|h77_aa12-104|extracted_nt279|aligned_aa93|pident75.269,HCV,3a,100.0
MT863953|geneNS5A|query1-279|h77_aa12-104|extracted_nt279|aligned_aa93|pident79.570,HCV,4d,100.0
MT863965|geneNS5A|query1-279|h77_aa12-104|extracted_nt279|aligned_aa93|pident79.570,HCV,4d,100.0
MT863967|geneNS5A|query1-279|h77_aa12-104|extracted_nt279|aligned_aa93|pident96.774,HCV,1a,100.0
MT863971|geneNS5A|query1-279|h77_aa12-104|extracted_nt279|aligned_aa93|pident75.269,HCV,3a,100.0
MT863973|geneNS5A|query1-279|h77_aa12-104|extracted_nt279|aligned_aa93|pident98.925,HCV,1a,100.0
MT863975|geneNS5A|query1-279|h77_aa12-104|extracted_nt279|aligned_aa93|pident78.495,HCV,4d,100.0
MT633133|geneNS5A|query1-1338|h77_aa1-448|extracted_nt1338|aligned_aa453|pident64.238,HCV,3a,33.0
MT863961|geneNS5A|query1-279|h77_aa12-104|extracted_nt279|aligned_aa93|pident77.419,HCV,3a,100.0
MT863977|geneNS5A|query1-279|h77_aa12-104|extracted_nt279|aligned_aa93|pident97.849,HCV,1a,100.0
MT863979|geneNS5A|query1-279|h77_aa12-104|extracted_nt279|aligned_aa93|pident96.774,HCV,1a,100.0
MT863981|geneNS5A|query1-279|h77_aa12-104|extracted_nt279|aligned_aa93|pident98.925,HCV,1a,100.0
MT863957|geneNS5A|query1-279|h77_aa12-104|extracted_nt279|aligned_aa93|pident79.570,HCV,4d,100.0
MT863983|geneNS5A|query1-279|h77_aa12-104|extracted_nt279|aligned_aa93|pident75.269,HCV,3a,100.0
PQ365540|geneNS5A|query6180-7535|h77_aa1-448|extracted_nt1356|aligned_aa456|pident69.298,HCV,3a,100.0
MT863987|geneNS5A|query1-279|h77_aa12-104|extracted_nt279|aligned_aa93|pident77.419,HCV,4d,100.0
MT863989|geneNS5A|query1-279|h77_aa12-104|extracted_nt279|aligned_aa93|pident96.774,HCV,1a,100.0
MT863995|geneNS5A|query1-273|h77_aa12-102|extracted_nt273|aligned_aa91|pident76.923,HCV,3a,100.0
MT863993|geneNS5A|query1-279|h77_aa12-104|extracted_nt279|aligned_aa93|pident82.796,HCV,1a,100.0
MT864001|geneNS5A|query1-279|h77_aa12-104|extracted_nt279|aligned_aa93|pident74.194,HCV,3a,100.0
MT863999|geneNS5A|query1-279|h77_aa12-104|extracted_nt279|aligned_aa93|pident76.344,HCV,3a,100.0
MT864003|geneNS5A|query7-279|h77_aa14-104|extracted_nt273|aligned_aa91|pident90.110,HCV,1a,100.0
MT863997|geneNS5A|query1-279|h77_aa12-104|extracted_nt279|aligned_aa93|pident75.269,HCV,3a,100.0
PQ365536|geneNS5A|query6261-7616|h77_aa1-448|extracted_nt1356|aligned_aa456|pident69.956,HCV,3a,100.0
MT893907|geneNS5A|query7-423|h77_aa3-141|extracted_nt417|aligned_aa139|pident79.137,HCV,4r,100.0
MT863969|geneNS5A|query1-279|h77_aa12-104|extracted_nt279|aligned_aa93|pident78.495,HCV,4d,100.0
MT893912|geneNS5A|query7-423|h77_aa3-141|extracted_nt417|aligned_aa139|pident79.856,HCV,4a,78.0
MT893908|geneNS5A|query7-423|h77_aa3-141|extracted_nt417|aligned_aa139|pident79.856,HCV,4a,80.0
MT863949|geneNS5A|query1-279|h77_aa12-104|extracted_nt279|aligned_aa93|pident98.925,HCV,1a,100.0
MT893913|geneNS5A|query7-417|h77_aa3-139|extracted_nt411|aligned_aa137|pident78.102,HCV,4r,100.0
MT893909|geneNS5A|query7-423|h77_aa3-141|extracted_nt417|aligned_aa139|pident80.576,HCV,4c,57.0
MT863985|geneNS5A|query1-279|h77_aa12-104|extracted_nt279|aligned_aa93|pident75.269,HCV,3a,100.0
MT893911|geneNS5A|query7-420|h77_aa3-140|extracted_nt414|aligned_aa138|pident77.536,HCV,4r,100.0
MT893910|geneNS5A|query7-432|h77_aa3-144|extracted_nt426|aligned_aa142|pident77.465,HCV,4k,100.0
MW041295|geneNS5A|query6269-7666|h77_aa1-448|extracted_nt1398|aligned_aa472|pident61.017,HCV,2j,100.0
ON630763|geneNS5A|query6140-7483|h77_aa1-448|extracted_nt1344|aligned_aa448|pident93.080,HCV,1a,100.0
ON630771|geneNS5A|query6140-7483|h77_aa1-448|extracted_nt1344|aligned_aa448|pident93.304,HCV,1a,100.0
ON630890|geneNS5A|query6143-7459|h77_aa3-448|extracted_nt1317|aligned_aa446|pident74.215,HCV,4d,100.0
ON630898|geneNS5A|query6143-7459|h77_aa3-448|extracted_nt1317|aligned_aa446|pident73.991,HCV,4d,100.0
ON630887|geneNS5A|query6143-7459|h77_aa3-448|extracted_nt1317|aligned_aa446|pident74.439,HCV,4d,100.0
ON630886|geneNS5A|query6143-7459|h77_aa3-448|extracted_nt1317|aligned_aa446|pident74.439,HCV,4d,100.0
MW675788|geneNS5A|query5917-7260|h77_aa1-448|extracted_nt1344|aligned_aa448|pident96.652,HCV,1a,100.0
MN628589|geneNS5A|query6262-7617|h77_aa1-448|extracted_nt1356|aligned_aa455|pident70.549,HCV,3a,100.0
MN641920|geneNS5A|query1-315|h77_aa1-105|extracted_nt315|aligned_aa105|pident99.048,HCV,1a,100.0
MN641924|geneNS5A|query1-315|h77_aa1-105|extracted_nt315|aligned_aa105|pident97.143,HCV,1a,100.0
MN628595|geneNS5A|query6279-7634|h77_aa1-448|extracted_nt1356|aligned_aa455|pident69.670,HCV,3a,100.0
MN628597|geneNS5A|query6277-7632|h77_aa1-448|extracted_nt1356|aligned_aa455|pident69.890,HCV,3a,100.0
MN641933|geneNS5A|query1-315|h77_aa1-105|extracted_nt315|aligned_aa105|pident99.048,HCV,1a,100.0
MN641949|geneNS5A|query1-315|h77_aa1-105|extracted_nt315|aligned_aa105|pident77.143,HCV,3a,100.0
MN641952|geneNS5A|query1-315|h77_aa1-105|extracted_nt315|aligned_aa105|pident78.095,HCV,3a,100.0
MN641974|geneNS5A|query1-315|h77_aa1-105|extracted_nt315|aligned_aa105|pident99.048,HCV,1a,100.0
MN641957|geneNS5A|query1-315|h77_aa1-105|extracted_nt315|aligned_aa105|pident78.095,HCV,3a,100.0
MT151180|geneNS5A|query1-354|h77_aa1-118|extracted_nt354|aligned_aa118|pident83.051,HCV,1e,100.0
MT151269|geneNS5A|query1-354|h77_aa1-118|extracted_nt354|aligned_aa118|pident95.763,HCV,1a,100.0
MT151264|geneNS5A|query7-354|h77_aa3-118|extracted_nt348|aligned_aa116|pident78.448,HCV,1a,58.0
MT151197|geneNS5A|query1-354|h77_aa1-118|extracted_nt354|aligned_aa118|pident75.424,HCV,1l,100.0
MT151229|geneNS5A|query4-354|h77_aa2-118|extracted_nt351|aligned_aa117|pident74.359,HCV,5a,100.0
MZ327778|geneNS5A|query6167-7510|h77_aa1-448|extracted_nt1344|aligned_aa448|pident95.982,HCV,1a,100.0
MT151248|geneNS5A|query7-354|h77_aa3-118|extracted_nt348|aligned_aa116|pident76.724,HCV,4r,100.0
MT151252|geneNS5A|query7-354|h77_aa3-118|extracted_nt348|aligned_aa116|pident77.586,HCV,4a,100.0
MW357797|geneNS5A|query1-411|h77_aa1-137|extracted_nt411|aligned_aa137|pident83.212,HCV,1b,100.0
MW205464|geneNS5A|query1-453|h77_aa1-151|extracted_nt453|aligned_aa151|pident66.887,HCV,2a,100.0
MW357793|geneNS5A|query1-411|h77_aa1-137|extracted_nt411|aligned_aa137|pident81.022,HCV,1b,100.0
MN641929|geneNS5A|query1-315|h77_aa1-105|extracted_nt315|aligned_aa105|pident97.143,HCV,1a,100.0
MN641931|geneNS5A|query1-315|h77_aa1-105|extracted_nt315|aligned_aa105|pident81.905,HCV,1a,100.0
MN641932|geneNS5A|query1-315|h77_aa1-105|extracted_nt315|aligned_aa105|pident83.810,HCV,4d,100.0
MN641930|geneNS5A|query1-315|h77_aa1-105|extracted_nt315|aligned_aa105|pident97.143,HCV,1a,100.0
MN641928|geneNS5A|query1-315|h77_aa1-105|extracted_nt315|aligned_aa105|pident99.048,HCV,1a,100.0
MN641943|geneNS5A|query1-315|h77_aa1-105|extracted_nt315|aligned_aa105|pident78.095,HCV,3a,100.0
MN641942|geneNS5A|query1-315|h77_aa1-105|extracted_nt315|aligned_aa105|pident77.143,HCV,3a,100.0
MN641947|geneNS5A|query1-315|h77_aa1-105|extracted_nt315|aligned_aa105|pident75.238,HCV,3a,100.0
MN641938|geneNS5A|query1-315|h77_aa1-105|extracted_nt315|aligned_aa105|pident75.238,HCV,3a,100.0
MN641946|geneNS5A|query1-315|h77_aa1-105|extracted_nt315|aligned_aa105|pident72.381,HCV,3a,100.0
MN641944|geneNS5A|query1-315|h77_aa1-105|extracted_nt315|aligned_aa105|pident78.095,HCV,3a,100.0
MT151216|geneNS5A|query1-354|h77_aa1-118|extracted_nt354|aligned_aa118|pident77.119,HCV,1l,100.0
MT151221|geneNS5A|query1-354|h77_aa1-118|extracted_nt354|aligned_aa118|pident68.644,HCV,3h,39.0
MT151228|geneNS5A|query1-354|h77_aa1-118|extracted_nt354|aligned_aa118|pident79.661,HCV,1e,100.0
MT151225|geneNS5A|query1-354|h77_aa1-118|extracted_nt354|aligned_aa118|pident78.814,HCV,1l,100.0
MT151213|geneNS5A|query1-354|h77_aa1-118|extracted_nt354|aligned_aa118|pident81.356,HCV,1b,100.0
MT151226|geneNS5A|query1-354|h77_aa1-118|extracted_nt354|aligned_aa118|pident83.051,HCV,1a,100.0
MT151235|geneNS5A|query1-354|h77_aa1-118|extracted_nt354|aligned_aa118|pident94.915,HCV,1a,100.0
MT151236|geneNS5A|query1-354|h77_aa1-118|extracted_nt354|aligned_aa118|pident67.797,HCV,2a,37.0
MT151242|geneNS5A|query1-354|h77_aa1-118|extracted_nt354|aligned_aa118|pident79.661,HCV,1b,100.0
MT151244|geneNS5A|query1-354|h77_aa1-118|extracted_nt354|aligned_aa118|pident74.576,HCV,3a,100.0
MT151245|geneNS5A|query7-354|h77_aa3-118|extracted_nt348|aligned_aa116|pident77.586,HCV,4r,100.0
MT151238|geneNS5A|query1-354|h77_aa1-118|extracted_nt354|aligned_aa118|pident87.288,HCV,1a,55.0
MT151255|geneNS5A|query1-354|h77_aa1-118|extracted_nt354|aligned_aa118|pident83.898,HCV,1c,31.0
MT151256|geneNS5A|query1-354|h77_aa1-118|extracted_nt354|aligned_aa118|pident70.339,HCV,3h,100.0
MT151262|geneNS5A|query1-354|h77_aa1-118|extracted_nt354|aligned_aa118|pident71.186,HCV,2a,55.0
MT151260|geneNS5A|query1-354|h77_aa1-118|extracted_nt354|aligned_aa118|pident70.339,HCV,3h,100.0
MT151246|geneNS5A|query4-354|h77_aa2-118|extracted_nt351|aligned_aa117|pident73.504,HCV,5a,100.0
MT151272|geneNS5A|query1-354|h77_aa1-118|extracted_nt354|aligned_aa118|pident84.746,HCV,1a,63.0
MT151273|geneNS5A|query1-354|h77_aa1-118|extracted_nt354|aligned_aa118|pident95.763,HCV,1a,100.0
MT151276|geneNS5A|query1-354|h77_aa1-118|extracted_nt354|aligned_aa118|pident93.220,HCV,1a,100.0
MT151278|geneNS5A|query1-354|h77_aa1-118|extracted_nt354|aligned_aa118|pident81.356,HCV,1b,100.0
MT151279|geneNS5A|query7-354|h77_aa3-118|extracted_nt348|aligned_aa116|pident77.586,HCV,4r,100.0
MT151263|geneNS5A|query1-354|h77_aa1-118|extracted_nt354|aligned_aa118|pident77.119,HCV,1l,100.0
MT151277|geneNS5A|query4-354|h77_aa2-118|extracted_nt351|aligned_aa117|pident74.359,HCV,5a,100.0
MT233455|geneNS5A|query1-717|h77_aa1-239|extracted_nt717|aligned_aa239|pident95.816,HCV,1a,100.0
MT233456|geneNS5A|query1-663|h77_aa1-221|extracted_nt663|aligned_aa221|pident93.665,HCV,1a,100.0
MT233459|geneNS5A|query1-663|h77_aa1-221|extracted_nt663|aligned_aa221|pident95.475,HCV,1a,100.0
MW205381|geneNS5A|query1-609|h77_aa19-221|extracted_nt609|aligned_aa203|pident80.788,HCV,4o,100.0
MW205388|geneNS5A|query1-633|h77_aa11-221|extracted_nt633|aligned_aa211|pident80.095,HCV,4a,75.0
MW205386|geneNS5A|query1-630|h77_aa12-221|extracted_nt630|aligned_aa210|pident81.429,HCV,4a,91.0
MW205390|geneNS5A|query1-702|h77_aa9-242|extracted_nt702|aligned_aa234|pident80.769,HCV,4a,100.0
MW205392|geneNS5A|query1-627|h77_aa13-221|extracted_nt627|aligned_aa209|pident79.426,HCV,4r,100.0
MW205393|geneNS5A|query1-633|h77_aa11-221|extracted_nt633|aligned_aa211|pident81.043,HCV,4r,100.0
MW205419|geneNS5A|query1-417|h77_aa7-145|extracted_nt417|aligned_aa139|pident71.223,HCV,6e,100.0
MW205395|geneNS5A|query1-639|h77_aa9-221|extracted_nt639|aligned_aa213|pident80.751,HCV,4r,100.0
MW205376|geneNS5A|query1-609|h77_aa19-221|extracted_nt609|aligned_aa203|pident79.310,HCV,4v,100.0
MW205428|geneNS5A|query1-435|h77_aa1-145|extracted_nt435|aligned_aa145|pident80.000,HCV,1g,100.0
MW205431|geneNS5A|query1-363|h77_aa1-121|extracted_nt363|aligned_aa121|pident67.769,HCV,3b,100.0
ON506773|geneNS5A|query93-674|h77_aa1-194|extracted_nt582|aligned_aa194|pident74.227,HCV,3a,100.0
ON506769|geneNS5A|query133-705|h77_aa1-191|extracted_nt573|aligned_aa191|pident85.864,HCV,1a,100.0
ON506765|geneNS5A|query70-603|h77_aa1-178|extracted_nt534|aligned_aa178|pident92.697,HCV,1a,100.0
ON506778|geneNS5A|query76-630|h77_aa1-185|extracted_nt555|aligned_aa185|pident75.676,HCV,4a,100.0
ON506783|geneNS5A|query160-720|h77_aa1-187|extracted_nt561|aligned_aa187|pident92.513,HCV,1a,100.0
ON506779|geneNS5A|query175-786|h77_aa1-204|extracted_nt612|aligned_aa204|pident74.020,HCV,3a,100.0
ON506750|geneNS5A|query155-766|h77_aa1-204|extracted_nt612|aligned_aa204|pident93.137,HCV,1a,100.0
ON506772|geneNS5A|query165-782|h77_aa1-206|extracted_nt618|aligned_aa206|pident93.689,HCV,1a,100.0
ON506771|geneNS5A|query133-750|h77_aa1-206|extracted_nt618|aligned_aa206|pident92.233,HCV,1a,100.0
ON506776|geneNS5A|query191-808|h77_aa1-206|extracted_nt618|aligned_aa206|pident93.689,HCV,1a,100.0
ON506785|geneNS5A|query113-688|h77_aa1-192|extracted_nt576|aligned_aa192|pident79.688,HCV,1b,100.0
MZ327796|geneNS5A|query6201-7556|h77_aa1-448|extracted_nt1356|aligned_aa455|pident70.330,HCV,3a,100.0
ON506775|geneNS5A|query160-756|h77_aa1-199|extracted_nt597|aligned_aa199|pident93.467,HCV,1a,100.0
ON506791|geneNS5A|query124-699|h77_aa1-192|extracted_nt576|aligned_aa192|pident79.167,HCV,1b,100.0
ON506781|geneNS5A|query145-717|h77_aa1-191|extracted_nt573|aligned_aa191|pident77.487,HCV,4a,100.0
ON506797|geneNS5A|query183-785|h77_aa1-201|extracted_nt603|aligned_aa201|pident94.527,HCV,1a,100.0
ON506796|geneNS5A|query175-789|h77_aa1-205|extracted_nt615|aligned_aa205|pident78.049,HCV,4a,100.0
ON506794|geneNS5A|query174-785|h77_aa1-204|extracted_nt612|aligned_aa204|pident75.490,HCV,3a,100.0
ON506788|geneNS5A|query187-798|h77_aa1-204|extracted_nt612|aligned_aa204|pident95.098,HCV,1a,100.0
ON506782|geneNS5A|query175-792|h77_aa1-206|extracted_nt618|aligned_aa206|pident75.728,HCV,3a,100.0
ON506807|geneNS5A|query174-785|h77_aa1-204|extracted_nt612|aligned_aa204|pident94.608,HCV,1a,100.0
ON506806|geneNS5A|query174-791|h77_aa1-206|extracted_nt618|aligned_aa206|pident78.641,HCV,1b,100.0
ON506787|geneNS5A|query183-788|h77_aa1-202|extracted_nt606|aligned_aa202|pident92.574,HCV,1a,100.0
ON506804|geneNS5A|query142-753|h77_aa1-204|extracted_nt612|aligned_aa204|pident94.608,HCV,1a,100.0
ON506812|geneNS5A|query181-798|h77_aa1-206|extracted_nt618|aligned_aa206|pident95.631,HCV,1a,100.0
ON506811|geneNS5A|query181-798|h77_aa1-206|extracted_nt618|aligned_aa206|pident92.718,HCV,1a,100.0
ON506810|geneNS5A|query172-783|h77_aa1-204|extracted_nt612|aligned_aa204|pident75.490,HCV,3a,100.0
ON506814|geneNS5A|query112-657|h77_aa1-182|extracted_nt546|aligned_aa182|pident95.604,HCV,1a,100.0
ON506798|geneNS5A|query183-755|h77_aa1-191|extracted_nt573|aligned_aa191|pident73.822,HCV,3a,100.0
ON506813|geneNS5A|query183-800|h77_aa1-206|extracted_nt618|aligned_aa206|pident75.243,HCV,3a,100.0
ON506802|geneNS5A|query151-756|h77_aa1-202|extracted_nt606|aligned_aa202|pident79.208,HCV,1b,100.0
ON506809|geneNS5A|query173-751|h77_aa1-193|extracted_nt579|aligned_aa193|pident93.264,HCV,1a,100.0
ON506803|geneNS5A|query133-750|h77_aa1-206|extracted_nt618|aligned_aa206|pident93.204,HCV,1a,100.0
ON506786|geneNS5A|query91-654|h77_aa1-188|extracted_nt564|aligned_aa188|pident90.957,HCV,1a,100.0
ON506777|geneNS5A|query142-738|h77_aa1-199|extracted_nt597|aligned_aa199|pident94.975,HCV,1a,100.0
ON506817|geneNS5A|query194-805|h77_aa3-206|extracted_nt612|aligned_aa204|pident79.412,HCV,4d,100.0
ON506823|geneNS5A|query134-751|h77_aa1-206|extracted_nt618|aligned_aa206|pident95.146,HCV,1a,100.0
ON506818|geneNS5A|query182-793|h77_aa1-204|extracted_nt612|aligned_aa204|pident78.431,HCV,4a,100.0
ON506820|geneNS5A|query183-758|h77_aa1-192|extracted_nt576|aligned_aa192|pident95.833,HCV,1a,100.0
ON506815|geneNS5A|query183-797|h77_aa1-205|extracted_nt615|aligned_aa205|pident76.098,HCV,3a,100.0
ON314818|geneNS5A|query5995-7392|h77_aa1-448|extracted_nt1398|aligned_aa478|pident59.205,HCV,2k,48.0
ON314819|geneNS5A|query5995-7392|h77_aa1-448|extracted_nt1398|aligned_aa478|pident59.833,HCV,2q,88.0
PQ365511|geneNS5A|query6233-7588|h77_aa1-448|extracted_nt1356|aligned_aa456|pident69.737,HCV,3a,100.0
PQ365519|geneNS5A|query6262-7617|h77_aa1-448|extracted_nt1356|aligned_aa455|pident70.110,HCV,3a,100.0
PQ365510|geneNS5A|query6187-7527|h77_aa1-448|extracted_nt1341|aligned_aa453|pident80.574,HCV,1b,100.0
PQ365521|geneNS5A|query6235-7590|h77_aa1-448|extracted_nt1356|aligned_aa456|pident68.860,HCV,3a,100.0
PQ365538|geneNS5A|query6257-7612|h77_aa1-448|extracted_nt1356|aligned_aa456|pident69.298,HCV,3a,100.0
MT863943|geneNS5A|query1-279|h77_aa12-104|extracted_nt279|aligned_aa93|pident93.548,HCV,1a,100.0
PQ365533|geneNS5A|query6246-7589|h77_aa1-448|extracted_nt1344|aligned_aa448|pident93.973,HCV,1a,100.0
MT151283|geneNS5A|query7-354|h77_aa3-118|extracted_nt348|aligned_aa116|pident80.172,HCV,4a,98.0
MT233451|geneNS5A|query1-660|h77_aa1-220|extracted_nt660|aligned_aa220|pident96.818,HCV,1a,100.0
PQ365513|geneNS5A|query6267-7622|h77_aa1-448|extracted_nt1356|aligned_aa455|pident69.670,HCV,3a,100.0
MW205435|geneNS5A|query1-747|h77_aa22-270|extracted_nt747|aligned_aa249|pident74.699,HCV,3k,100.0
MW205432|geneNS5A|query1-366|h77_aa1-122|extracted_nt366|aligned_aa122|pident68.852,HCV,3b,100.0
MT347799|geneNS5A|query45-323|h77_aa1-93|extracted_nt279|aligned_aa93|pident77.419,HCV,3a,100.0
MK252805|geneNS5A|query139-600|h77_aa1-154|extracted_nt462|aligned_aa154|pident69.481,HCV,3b,100.0
MT233496|geneNS5A|query1-603|h77_aa1-201|extracted_nt603|aligned_aa201|pident96.517,HCV,1a,100.0
MT233474|geneNS5A|query1-663|h77_aa1-221|extracted_nt663|aligned_aa221|pident95.475,HCV,1a,100.0
MT259596|geneNS5A|query1-303|h77_aa1-101|extracted_nt303|aligned_aa101|pident97.030,HCV,1a,100.0
MT259598|geneNS5A|query1-303|h77_aa1-101|extracted_nt303|aligned_aa101|pident98.020,HCV,1a,100.0
MT259658|geneNS5A|query1-303|h77_aa1-101|extracted_nt303|aligned_aa101|pident97.030,HCV,1a,100.0
MT259618|geneNS5A|query1-303|h77_aa1-101|extracted_nt303|aligned_aa101|pident98.020,HCV,1a,100.0
MT259597|geneNS5A|query1-303|h77_aa1-101|extracted_nt303|aligned_aa101|pident98.020,HCV,1a,100.0
MT259631|geneNS5A|query1-303|h77_aa1-101|extracted_nt303|aligned_aa101|pident98.020,HCV,1a,100.0
MT347795|geneNS5A|query45-323|h77_aa1-93|extracted_nt279|aligned_aa93|pident76.344,HCV,3a,100.0
MT347798|geneNS5A|query45-323|h77_aa1-93|extracted_nt279|aligned_aa93|pident78.495,HCV,3a,100.0
MT603207|geneNS5A|query3-398|h77_aa11-142|extracted_nt396|aligned_aa132|pident98.485,HCV,1a,100.0
MT603209|geneNS5A|query3-398|h77_aa11-142|extracted_nt396|aligned_aa132|pident98.485,HCV,1a,100.0
MT603186|geneNS5A|query3-386|h77_aa11-138|extracted_nt384|aligned_aa128|pident95.312,HCV,1a,100.0
MT603184|geneNS5A|query1-387|h77_aa13-141|extracted_nt387|aligned_aa129|pident100.000,HCV,1a,100.0
MT603199|geneNS5A|query3-398|h77_aa11-142|extracted_nt396|aligned_aa132|pident100.000,HCV,1a,100.0
MT603183|geneNS5A|query3-395|h77_aa11-141|extracted_nt393|aligned_aa131|pident100.000,HCV,1a,100.0
MT603185|geneNS5A|query3-395|h77_aa11-141|extracted_nt393|aligned_aa131|pident99.237,HCV,1a,100.0
MT603219|geneNS5A|query2-571|h77_aa8-197|extracted_nt570|aligned_aa190|pident73.158,HCV,3a,100.0
MT603192|geneNS5A|query3-395|h77_aa11-141|extracted_nt393|aligned_aa131|pident99.237,HCV,1a,100.0
MT603221|geneNS5A|query2-565|h77_aa8-195|extracted_nt564|aligned_aa188|pident74.468,HCV,3a,100.0
MT603224|geneNS5A|query3-521|h77_aa23-195|extracted_nt519|aligned_aa173|pident73.410,HCV,3a,100.0
MT603225|geneNS5A|query1-567|h77_aa9-197|extracted_nt567|aligned_aa189|pident73.545,HCV,3a,100.0
ON228290|geneNS5A|query4-1350|h77_aa2-448|extracted_nt1347|aligned_aa453|pident69.978,HCV,5a,100.0
MK252824|geneNS5A|query139-594|h77_aa1-152|extracted_nt456|aligned_aa152|pident69.737,HCV,3b,100.0
MK252794|geneNS5A|query124-570|h77_aa1-149|extracted_nt447|aligned_aa149|pident69.128,HCV,3b,100.0
ON228289|geneNS5A|query4-1350|h77_aa2-448|extracted_nt1347|aligned_aa453|pident69.757,HCV,5a,100.0
ON228291|geneNS5A|query4-1350|h77_aa2-448|extracted_nt1347|aligned_aa453|pident68.874,HCV,5a,100.0
MK252777|geneNS5A|query139-585|h77_aa1-149|extracted_nt447|aligned_aa149|pident67.114,HCV,3b,100.0
MK252788|geneNS5A|query142-759|h77_aa1-206|extracted_nt618|aligned_aa206|pident75.243,HCV,6v,100.0
MK252795|geneNS5A|query124-543|h77_aa1-140|extracted_nt420|aligned_aa140|pident98.571,HCV,1a,100.0
MK252798|geneNS5A|query85-648|h77_aa1-188|extracted_nt564|aligned_aa188|pident75.000,HCV,6n,100.0
MT259628|geneNS5A|query1-303|h77_aa1-101|extracted_nt303|aligned_aa101|pident97.030,HCV,1a,100.0
MT259609|geneNS5A|query1-303|h77_aa1-101|extracted_nt303|aligned_aa101|pident97.030,HCV,1a,100.0
MT259626|geneNS5A|query1-303|h77_aa1-101|extracted_nt303|aligned_aa101|pident99.010,HCV,1a,100.0
MT259625|geneNS5A|query1-303|h77_aa1-101|extracted_nt303|aligned_aa101|pident96.040,HCV,1a,100.0
MT259633|geneNS5A|query1-303|h77_aa1-101|extracted_nt303|aligned_aa101|pident98.020,HCV,1a,100.0
MT259632|geneNS5A|query1-303|h77_aa1-101|extracted_nt303|aligned_aa101|pident98.020,HCV,1a,100.0
MT259637|geneNS5A|query1-303|h77_aa1-101|extracted_nt303|aligned_aa101|pident97.030,HCV,1a,100.0
MT259638|geneNS5A|query1-303|h77_aa1-101|extracted_nt303|aligned_aa101|pident98.020,HCV,1a,100.0
MT259635|geneNS5A|query1-303|h77_aa1-101|extracted_nt303|aligned_aa101|pident97.030,HCV,1a,100.0
MT259641|geneNS5A|query1-303|h77_aa1-101|extracted_nt303|aligned_aa101|pident96.040,HCV,1a,100.0
MT259634|geneNS5A|query1-303|h77_aa1-101|extracted_nt303|aligned_aa101|pident96.040,HCV,1a,100.0
MT259640|geneNS5A|query1-303|h77_aa1-101|extracted_nt303|aligned_aa101|pident97.030,HCV,1a,100.0
MT259643|geneNS5A|query1-303|h77_aa1-101|extracted_nt303|aligned_aa101|pident96.040,HCV,1a,100.0
MT259646|geneNS5A|query1-303|h77_aa1-101|extracted_nt303|aligned_aa101|pident99.010,HCV,1a,100.0
MT259647|geneNS5A|query1-303|h77_aa1-101|extracted_nt303|aligned_aa101|pident99.010,HCV,1a,100.0
MT259642|geneNS5A|query1-303|h77_aa1-101|extracted_nt303|aligned_aa101|pident97.030,HCV,1a,100.0
MT259648|geneNS5A|query1-303|h77_aa1-101|extracted_nt303|aligned_aa101|pident94.059,HCV,1a,100.0
MT259644|geneNS5A|query1-303|h77_aa1-101|extracted_nt303|aligned_aa101|pident95.050,HCV,1a,100.0
MT259645|geneNS5A|query1-303|h77_aa1-101|extracted_nt303|aligned_aa101|pident95.050,HCV,1a,100.0
MT233490|geneNS5A|query1-669|h77_aa1-223|extracted_nt669|aligned_aa223|pident95.964,HCV,1a,100.0
MT233470|geneNS5A|query1-609|h77_aa1-203|extracted_nt609|aligned_aa203|pident95.567,HCV,1a,100.0
MT233487|geneNS5A|query1-669|h77_aa1-223|extracted_nt669|aligned_aa223|pident95.964,HCV,1a,100.0
MT233467|geneNS5A|query1-708|h77_aa1-236|extracted_nt708|aligned_aa236|pident95.763,HCV,1a,100.0
MT233485|geneNS5A|query1-663|h77_aa1-221|extracted_nt663|aligned_aa221|pident95.928,HCV,1a,100.0
MT233491|geneNS5A|query1-663|h77_aa1-221|extracted_nt663|aligned_aa221|pident95.475,HCV,1a,100.0
MT233493|geneNS5A|query1-663|h77_aa1-221|extracted_nt663|aligned_aa221|pident93.665,HCV,1a,100.0
MT233502|geneNS5A|query1-660|h77_aa1-220|extracted_nt660|aligned_aa220|pident95.455,HCV,1a,100.0
MT233495|geneNS5A|query1-684|h77_aa1-228|extracted_nt684|aligned_aa228|pident95.614,HCV,1a,100.0
MT233498|geneNS5A|query1-660|h77_aa1-220|extracted_nt660|aligned_aa220|pident95.909,HCV,1a,100.0
MT233499|geneNS5A|query1-663|h77_aa1-221|extracted_nt663|aligned_aa221|pident93.665,HCV,1a,100.0
MT233497|geneNS5A|query1-684|h77_aa1-228|extracted_nt684|aligned_aa228|pident95.614,HCV,1a,100.0
MT233484|geneNS5A|query1-624|h77_aa1-208|extracted_nt624|aligned_aa208|pident93.750,HCV,1a,100.0
MT233503|geneNS5A|query1-606|h77_aa1-202|extracted_nt606|aligned_aa202|pident93.564,HCV,1a,100.0
MT233504|geneNS5A|query1-624|h77_aa1-208|extracted_nt624|aligned_aa208|pident83.173,HCV,1b,100.0
MT259594|geneNS5A|query1-303|h77_aa1-101|extracted_nt303|aligned_aa101|pident97.030,HCV,1a,100.0
MT233500|geneNS5A|query1-672|h77_aa1-224|extracted_nt672|aligned_aa224|pident95.982,HCV,1a,100.0
MT233512|geneNS5A|query1-630|h77_aa1-210|extracted_nt630|aligned_aa210|pident82.857,HCV,1b,100.0
MT259593|geneNS5A|query1-303|h77_aa1-101|extracted_nt303|aligned_aa101|pident99.010,HCV,1a,100.0
MT233515|geneNS5A|query1-630|h77_aa1-210|extracted_nt630|aligned_aa210|pident81.905,HCV,1b,100.0
MT233509|geneNS5A|query1-630|h77_aa1-210|extracted_nt630|aligned_aa210|pident82.857,HCV,1b,100.0
MT259595|geneNS5A|query1-303|h77_aa1-101|extracted_nt303|aligned_aa101|pident98.020,HCV,1a,100.0
MT259599|geneNS5A|query1-303|h77_aa1-101|extracted_nt303|aligned_aa101|pident99.010,HCV,1a,100.0
MT259600|geneNS5A|query1-303|h77_aa1-101|extracted_nt303|aligned_aa101|pident100.000,HCV,1a,100.0
MT233513|geneNS5A|query1-747|h77_aa1-249|extracted_nt747|aligned_aa249|pident83.534,HCV,1b,100.0
MT259602|geneNS5A|query1-303|h77_aa1-101|extracted_nt303|aligned_aa101|pident99.010,HCV,1a,100.0
MT233517|geneNS5A|query1-663|h77_aa1-221|extracted_nt663|aligned_aa221|pident81.900,HCV,1b,100.0
MT259603|geneNS5A|query1-303|h77_aa1-101|extracted_nt303|aligned_aa101|pident97.030,HCV,1a,100.0
MT259601|geneNS5A|query1-303|h77_aa1-101|extracted_nt303|aligned_aa101|pident98.020,HCV,1a,100.0
MT233482|geneNS5A|query1-651|h77_aa1-217|extracted_nt651|aligned_aa217|pident95.853,HCV,1a,100.0
MT259606|geneNS5A|query1-303|h77_aa1-101|extracted_nt303|aligned_aa101|pident98.020,HCV,1a,100.0
MT259605|geneNS5A|query1-303|h77_aa1-101|extracted_nt303|aligned_aa101|pident97.030,HCV,1a,100.0
MT259604|geneNS5A|query1-303|h77_aa1-101|extracted_nt303|aligned_aa101|pident97.030,HCV,1a,100.0
MT233518|geneNS5A|query1-663|h77_aa1-221|extracted_nt663|aligned_aa221|pident81.448,HCV,1b,100.0
MT259607|geneNS5A|query1-303|h77_aa1-101|extracted_nt303|aligned_aa101|pident98.020,HCV,1a,100.0
MT233492|geneNS5A|query1-555|h77_aa1-185|extracted_nt555|aligned_aa185|pident95.135,HCV,1a,100.0
MT259608|geneNS5A|query1-303|h77_aa1-101|extracted_nt303|aligned_aa101|pident98.020,HCV,1a,100.0
MT259610|geneNS5A|query1-303|h77_aa1-101|extracted_nt303|aligned_aa101|pident99.010,HCV,1a,100.0
MT259612|geneNS5A|query1-303|h77_aa1-101|extracted_nt303|aligned_aa101|pident98.020,HCV,1a,100.0
MT259613|geneNS5A|query1-303|h77_aa1-101|extracted_nt303|aligned_aa101|pident98.020,HCV,1a,100.0
MT259651|geneNS5A|query1-303|h77_aa1-101|extracted_nt303|aligned_aa101|pident98.020,HCV,1a,100.0
MT259649|geneNS5A|query1-303|h77_aa1-101|extracted_nt303|aligned_aa101|pident96.040,HCV,1a,100.0
MT259652|geneNS5A|query1-303|h77_aa1-101|extracted_nt303|aligned_aa101|pident96.040,HCV,1a,100.0
MT259650|geneNS5A|query1-303|h77_aa1-101|extracted_nt303|aligned_aa101|pident97.030,HCV,1a,100.0
MT259653|geneNS5A|query1-303|h77_aa1-101|extracted_nt303|aligned_aa101|pident96.040,HCV,1a,100.0
MT259655|geneNS5A|query1-303|h77_aa1-101|extracted_nt303|aligned_aa101|pident98.020,HCV,1a,100.0
MT259656|geneNS5A|query1-303|h77_aa1-101|extracted_nt303|aligned_aa101|pident97.030,HCV,1a,100.0
MT259636|geneNS5A|query1-303|h77_aa1-101|extracted_nt303|aligned_aa101|pident98.020,HCV,1a,100.0
MT259659|geneNS5A|query1-303|h77_aa1-101|extracted_nt303|aligned_aa101|pident97.030,HCV,1a,100.0
MT259657|geneNS5A|query1-303|h77_aa1-101|extracted_nt303|aligned_aa101|pident97.030,HCV,1a,100.0
MT347782|geneNS5A|query54-341|h77_aa1-96|extracted_nt288|aligned_aa96|pident75.000,HCV,3a,100.0
MT259654|geneNS5A|query1-303|h77_aa1-101|extracted_nt303|aligned_aa101|pident96.040,HCV,1a,100.0
MT347784|geneNS5A|query42-329|h77_aa1-96|extracted_nt288|aligned_aa96|pident78.125,HCV,3a,100.0
MT259620|geneNS5A|query1-303|h77_aa1-101|extracted_nt303|aligned_aa101|pident97.030,HCV,1a,100.0
MT347788|geneNS5A|query39-326|h77_aa1-96|extracted_nt288|aligned_aa96|pident76.042,HCV,3a,100.0
MT347785|geneNS5A|query32-319|h77_aa1-96|extracted_nt288|aligned_aa96|pident70.833,HCV,3a,100.0
MT347793|geneNS5A|query51-341|h77_aa1-97|extracted_nt291|aligned_aa97|pident79.381,HCV,3a,100.0
MT259630|geneNS5A|query1-303|h77_aa1-101|extracted_nt303|aligned_aa101|pident97.030,HCV,1a,100.0
MT347792|geneNS5A|query51-341|h77_aa1-97|extracted_nt291|aligned_aa97|pident77.320,HCV,3a,100.0
MT603188|geneNS5A|query1-387|h77_aa13-141|extracted_nt387|aligned_aa129|pident100.000,HCV,1a,100.0
MT603189|geneNS5A|query1-387|h77_aa13-141|extracted_nt387|aligned_aa129|pident96.899,HCV,1a,100.0
MT603187|geneNS5A|query1-399|h77_aa10-142|extracted_nt399|aligned_aa133|pident97.744,HCV,1a,100.0
MT603190|geneNS5A|query2-382|h77_aa14-140|extracted_nt381|aligned_aa127|pident99.213,HCV,1a,100.0
MT603191|geneNS5A|query3-395|h77_aa11-141|extracted_nt393|aligned_aa131|pident99.237,HCV,1a,100.0
MT603197|geneNS5A|query2-376|h77_aa14-138|extracted_nt375|aligned_aa125|pident96.800,HCV,1a,100.0
MT603198|geneNS5A|query3-395|h77_aa11-141|extracted_nt393|aligned_aa131|pident98.473,HCV,1a,100.0
MT603193|geneNS5A|query2-376|h77_aa14-138|extracted_nt375|aligned_aa125|pident99.200,HCV,1a,100.0
MT603194|geneNS5A|query3-395|h77_aa11-141|extracted_nt393|aligned_aa131|pident97.710,HCV,1a,100.0
MT603201|geneNS5A|query1-351|h77_aa12-128|extracted_nt351|aligned_aa117|pident100.000,HCV,1a,100.0
MT603196|geneNS5A|query3-395|h77_aa11-141|extracted_nt393|aligned_aa131|pident100.000,HCV,1a,100.0
MT603202|geneNS5A|query6-395|h77_aa12-141|extracted_nt390|aligned_aa130|pident99.231,HCV,1a,100.0
MT603200|geneNS5A|query3-395|h77_aa11-141|extracted_nt393|aligned_aa131|pident97.710,HCV,1a,100.0
MT603203|geneNS5A|query3-395|h77_aa11-141|extracted_nt393|aligned_aa131|pident96.947,HCV,1a,100.0
MT603204|geneNS5A|query1-399|h77_aa10-142|extracted_nt399|aligned_aa133|pident96.241,HCV,1a,100.0
MT603208|geneNS5A|query2-388|h77_aa14-142|extracted_nt387|aligned_aa129|pident99.225,HCV,1a,100.0
MT603206|geneNS5A|query3-398|h77_aa11-142|extracted_nt396|aligned_aa132|pident100.000,HCV,1a,100.0
MT603210|geneNS5A|query2-379|h77_aa14-139|extracted_nt378|aligned_aa126|pident100.000,HCV,1a,100.0
MT603205|geneNS5A|query2-379|h77_aa14-139|extracted_nt378|aligned_aa126|pident100.000,HCV,1a,100.0
MT603211|geneNS5A|query2-385|h77_aa14-141|extracted_nt384|aligned_aa128|pident96.875,HCV,1a,100.0
MT603215|geneNS5A|query2-583|h77_aa19-212|extracted_nt582|aligned_aa194|pident79.897,HCV,1b,100.0
MT603213|geneNS5A|query3-398|h77_aa11-142|extracted_nt396|aligned_aa132|pident96.970,HCV,1a,100.0
MT603214|geneNS5A|query2-595|h77_aa15-212|extracted_nt594|aligned_aa198|pident83.333,HCV,1b,100.0
MT603195|geneNS5A|query3-398|h77_aa11-142|extracted_nt396|aligned_aa132|pident96.212,HCV,1a,100.0
MT603218|geneNS5A|query2-565|h77_aa8-195|extracted_nt564|aligned_aa188|pident72.872,HCV,3a,100.0
MT603217|geneNS5A|query2-583|h77_aa19-212|extracted_nt582|aligned_aa194|pident81.959,HCV,1b,100.0
MT603229|geneNS5A|query3-476|h77_aa22-179|extracted_nt474|aligned_aa158|pident74.051,HCV,3a,100.0
MT603216|geneNS5A|query3-605|h77_aa17-217|extracted_nt603|aligned_aa201|pident81.095,HCV,1b,100.0
MT603230|geneNS5A|query3-455|h77_aa18-168|extracted_nt453|aligned_aa151|pident75.497,HCV,3a,100.0
MT603227|geneNS5A|query2-571|h77_aa8-197|extracted_nt570|aligned_aa190|pident74.211,HCV,3a,100.0
MT603223|geneNS5A|query1-570|h77_aa8-197|extracted_nt570|aligned_aa190|pident74.737,HCV,3a,100.0
MT603228|geneNS5A|query3-473|h77_aa15-171|extracted_nt471|aligned_aa157|pident75.796,HCV,3a,100.0
MT603226|geneNS5A|query2-571|h77_aa8-197|extracted_nt570|aligned_aa190|pident72.632,HCV,3a,100.0
MT603231|geneNS5A|query2-544|h77_aa15-195|extracted_nt543|aligned_aa181|pident75.691,HCV,3a,100.0
MT603220|geneNS5A|query3-521|h77_aa23-195|extracted_nt519|aligned_aa173|pident74.566,HCV,3a,100.0
MT603232|geneNS5A|query3-473|h77_aa15-171|extracted_nt471|aligned_aa157|pident74.522,HCV,3a,100.0
MT603212|geneNS5A|query3-398|h77_aa11-142|extracted_nt396|aligned_aa132|pident100.000,HCV,1a,100.0
MK252780|geneNS5A|query136-711|h77_aa1-192|extracted_nt576|aligned_aa192|pident78.125,HCV,6xa,100.0
MK252775|geneNS5A|query118-723|h77_aa1-202|extracted_nt606|aligned_aa202|pident78.218,HCV,6xa,100.0
MK252776|geneNS5A|query133-738|h77_aa1-202|extracted_nt606|aligned_aa202|pident80.198,HCV,6xa,100.0
MK252782|geneNS5A|query94-708|h77_aa1-205|extracted_nt615|aligned_aa205|pident78.537,HCV,6xa,100.0
MK252783|geneNS5A|query133-594|h77_aa1-154|extracted_nt462|aligned_aa154|pident68.831,HCV,3b,100.0
MK252785|geneNS5A|query142-585|h77_aa1-148|extracted_nt444|aligned_aa148|pident70.270,HCV,3b,100.0
MK252784|geneNS5A|query88-693|h77_aa1-202|extracted_nt606|aligned_aa202|pident78.713,HCV,6xa,100.0
MK252786|geneNS5A|query46-651|h77_aa1-202|extracted_nt606|aligned_aa202|pident74.257,HCV,6n,100.0
ON228293|geneNS5A|query1-1350|h77_aa1-448|extracted_nt1350|aligned_aa454|pident66.960,HCV,5a,100.0
MK252790|geneNS5A|query130-702|h77_aa1-191|extracted_nt573|aligned_aa191|pident78.010,HCV,6xa,100.0
MK252789|geneNS5A|query130-735|h77_aa1-202|extracted_nt606|aligned_aa202|pident72.772,HCV,6n,100.0
MK252793|geneNS5A|query142-570|h77_aa1-143|extracted_nt429|aligned_aa143|pident69.231,HCV,3b,100.0
MK252791|geneNS5A|query109-528|h77_aa1-140|extracted_nt420|aligned_aa140|pident93.571,HCV,1a,100.0
MK252800|geneNS5A|query127-417|h77_aa1-97|extracted_nt291|aligned_aa97|pident78.351,HCV,6n,100.0
MK252797|geneNS5A|query121-726|h77_aa1-202|extracted_nt606|aligned_aa202|pident73.762,HCV,6n,100.0
MK252801|geneNS5A|query142-747|h77_aa1-202|extracted_nt606|aligned_aa202|pident74.257,HCV,6n,100.0
MK252803|geneNS5A|query94-663|h77_aa1-190|extracted_nt570|aligned_aa190|pident78.947,HCV,6xa,100.0
MK252802|geneNS5A|query130-735|h77_aa1-202|extracted_nt606|aligned_aa202|pident74.257,HCV,6n,100.0
MK252804|geneNS5A|query133-738|h77_aa1-202|extracted_nt606|aligned_aa202|pident75.248,HCV,1b,54.0
MK252806|geneNS5A|query124-588|h77_aa1-155|extracted_nt465|aligned_aa155|pident75.484,HCV,3a,100.0
MK252799|geneNS5A|query73-636|h77_aa1-188|extracted_nt564|aligned_aa188|pident73.404,HCV,6n,100.0
MK252809|geneNS5A|query133-723|h77_aa1-197|extracted_nt591|aligned_aa197|pident79.188,HCV,6xa,100.0
MK252810|geneNS5A|query121-726|h77_aa1-202|extracted_nt606|aligned_aa202|pident74.752,HCV,6n,100.0
MK252812|geneNS5A|query121-726|h77_aa1-202|extracted_nt606|aligned_aa202|pident80.693,HCV,6xa,100.0
MK252817|geneNS5A|query136-426|h77_aa1-97|extracted_nt291|aligned_aa97|pident73.196,HCV,3b,100.0
MK252811|geneNS5A|query139-744|h77_aa1-202|extracted_nt606|aligned_aa202|pident73.762,HCV,6n,100.0
MK252779|geneNS5A|query127-732|h77_aa1-202|extracted_nt606|aligned_aa202|pident74.257,HCV,6n,100.0
MK252813|geneNS5A|query109-528|h77_aa1-140|extracted_nt420|aligned_aa140|pident75.000,HCV,3a,100.0
MK252807|geneNS5A|query127-696|h77_aa1-190|extracted_nt570|aligned_aa190|pident77.368,HCV,6xa,100.0
MK252816|geneNS5A|query121-540|h77_aa1-140|extracted_nt420|aligned_aa140|pident75.714,HCV,3a,100.0
MK252822|geneNS5A|query97-396|h77_aa1-100|extracted_nt300|aligned_aa100|pident79.000,HCV,6xa,100.0
MK252819|geneNS5A|query124-738|h77_aa1-205|extracted_nt615|aligned_aa205|pident80.488,HCV,6xa,100.0
MK252821|geneNS5A|query115-579|h77_aa1-155|extracted_nt465|aligned_aa155|pident73.548,HCV,3a,100.0
MK252823|geneNS5A|query130-702|h77_aa1-191|extracted_nt573|aligned_aa191|pident78.534,HCV,6xa,100.0
MK252815|geneNS5A|query79-660|h77_aa1-194|extracted_nt582|aligned_aa194|pident79.897,HCV,6xa,100.0
MK252818|geneNS5A|query124-558|h77_aa1-145|extracted_nt435|aligned_aa145|pident75.862,HCV,3a,100.0
MT259611|geneNS5A|query1-303|h77_aa1-101|extracted_nt303|aligned_aa101|pident96.040,HCV,1a,100.0
MT259615|geneNS5A|query1-303|h77_aa1-101|extracted_nt303|aligned_aa101|pident97.030,HCV,1a,100.0
MT259614|geneNS5A|query1-303|h77_aa1-101|extracted_nt303|aligned_aa101|pident97.030,HCV,1a,100.0
MT259616|geneNS5A|query1-303|h77_aa1-101|extracted_nt303|aligned_aa101|pident97.030,HCV,1a,100.0
MT259617|geneNS5A|query1-303|h77_aa1-101|extracted_nt303|aligned_aa101|pident98.020,HCV,1a,100.0
MT259622|geneNS5A|query1-303|h77_aa1-101|extracted_nt303|aligned_aa101|pident97.030,HCV,1a,100.0
MT259619|geneNS5A|query1-303|h77_aa1-101|extracted_nt303|aligned_aa101|pident95.050,HCV,1a,100.0
MT259623|geneNS5A|query1-303|h77_aa1-101|extracted_nt303|aligned_aa101|pident96.040,HCV,1a,100.0
MT259621|geneNS5A|query1-303|h77_aa1-101|extracted_nt303|aligned_aa101|pident98.020,HCV,1a,100.0
MT259627|geneNS5A|query1-303|h77_aa1-101|extracted_nt303|aligned_aa101|pident97.030,HCV,1a,100.0
MT259629|geneNS5A|query1-303|h77_aa1-101|extracted_nt303|aligned_aa101|pident97.030,HCV,1a,100.0
MT259624|geneNS5A|query1-303|h77_aa1-101|extracted_nt303|aligned_aa101|pident98.020,HCV,1a,100.0
ON228292|geneNS5A|query4-1350|h77_aa2-448|extracted_nt1347|aligned_aa453|pident70.419,HCV,5a,100.0
MK252764|geneNS5A|query136-597|h77_aa1-154|extracted_nt462|aligned_aa154|pident69.481,HCV,3b,100.0
MK252766|geneNS5A|query64-519|h77_aa1-152|extracted_nt456|aligned_aa152|pident70.395,HCV,3b,100.0
MK252765|geneNS5A|query139-600|h77_aa1-154|extracted_nt462|aligned_aa154|pident70.779,HCV,3b,100.0
MK252767|geneNS5A|query142-597|h77_aa1-152|extracted_nt456|aligned_aa152|pident69.079,HCV,3b,100.0
MK252768|geneNS5A|query124-549|h77_aa1-142|extracted_nt426|aligned_aa142|pident95.070,HCV,1a,100.0
MK252769|geneNS5A|query136-741|h77_aa1-202|extracted_nt606|aligned_aa202|pident77.723,HCV,6xa,100.0
MK252770|geneNS5A|query127-732|h77_aa1-202|extracted_nt606|aligned_aa202|pident73.762,HCV,6n,100.0
MK252771|geneNS5A|query136-741|h77_aa1-202|extracted_nt606|aligned_aa202|pident78.713,HCV,6xa,100.0
MK252772|geneNS5A|query85-498|h77_aa1-138|extracted_nt414|aligned_aa138|pident68.841,HCV,3b,100.0
MK252773|geneNS5A|query130-744|h77_aa1-205|extracted_nt615|aligned_aa205|pident79.512,HCV,6xa,100.0
MK252774|geneNS5A|query136-741|h77_aa1-202|extracted_nt606|aligned_aa202|pident73.267,HCV,6n,100.0
MK252778|geneNS5A|query142-603|h77_aa1-154|extracted_nt462|aligned_aa154|pident70.779,HCV,3b,100.0
MT233463|geneNS5A|query1-600|h77_aa1-200|extracted_nt600|aligned_aa200|pident95.000,HCV,1a,100.0
MT233462|geneNS5A|query1-663|h77_aa1-221|extracted_nt663|aligned_aa221|pident94.118,HCV,1a,100.0
MT233464|geneNS5A|query1-675|h77_aa1-225|extracted_nt675|aligned_aa225|pident95.556,HCV,1a,100.0
MT233466|geneNS5A|query1-663|h77_aa1-221|extracted_nt663|aligned_aa221|pident94.118,HCV,1a,100.0
MT233471|geneNS5A|query1-660|h77_aa1-220|extracted_nt660|aligned_aa220|pident95.909,HCV,1a,100.0
MT233465|geneNS5A|query1-663|h77_aa1-221|extracted_nt663|aligned_aa221|pident95.023,HCV,1a,100.0
MT233473|geneNS5A|query1-708|h77_aa1-236|extracted_nt708|aligned_aa236|pident97.034,HCV,1a,100.0
MT233472|geneNS5A|query1-654|h77_aa1-218|extracted_nt654|aligned_aa218|pident94.037,HCV,1a,100.0
MT233469|geneNS5A|query1-663|h77_aa1-221|extracted_nt663|aligned_aa221|pident93.665,HCV,1a,100.0
MT233475|geneNS5A|query1-663|h77_aa1-221|extracted_nt663|aligned_aa221|pident93.213,HCV,1a,100.0
MT233479|geneNS5A|query1-651|h77_aa1-217|extracted_nt651|aligned_aa217|pident95.853,HCV,1a,100.0
MT233478|geneNS5A|query1-711|h77_aa1-237|extracted_nt711|aligned_aa237|pident95.781,HCV,1a,100.0
MT233481|geneNS5A|query1-606|h77_aa1-202|extracted_nt606|aligned_aa202|pident95.545,HCV,1a,100.0
MT233480|geneNS5A|query1-660|h77_aa1-220|extracted_nt660|aligned_aa220|pident95.455,HCV,1a,100.0
MT233486|geneNS5A|query1-654|h77_aa1-218|extracted_nt654|aligned_aa218|pident95.413,HCV,1a,100.0
MT233483|geneNS5A|query1-621|h77_aa1-207|extracted_nt621|aligned_aa207|pident96.135,HCV,1a,100.0
MT233488|geneNS5A|query1-669|h77_aa1-223|extracted_nt669|aligned_aa223|pident95.516,HCV,1a,100.0
MT233489|geneNS5A|query1-654|h77_aa1-218|extracted_nt654|aligned_aa218|pident95.872,HCV,1a,100.0
MK328002|geneNS5A|query6253-7605|h77_aa1-448|extracted_nt1353|aligned_aa453|pident71.744,HCV,6w,78.0
MK328010|geneNS5A|query6213-7565|h77_aa1-448|extracted_nt1353|aligned_aa453|pident73.068,HCV,6w,94.0
MK328003|geneNS5A|query6248-7600|h77_aa1-448|extracted_nt1353|aligned_aa453|pident73.068,HCV,6w,89.0
MK328006|geneNS5A|query6262-7614|h77_aa1-448|extracted_nt1353|aligned_aa453|pident71.523,HCV,6w,97.0
MK328015|geneNS5A|query6263-7243|h77_aa1-326|extracted_nt981|aligned_aa327|pident75.535,HCV,6g,52.0
MK328007|geneNS5A|query5902-7263|h77_aa1-448|extracted_nt1362|aligned_aa458|pident69.651,HCV,6w,65.0
MK328019|geneNS5A|query6277-7632|h77_aa4-448|extracted_nt1356|aligned_aa454|pident69.824,HCV,6w,55.0
MK328014|geneNS5A|query6249-7583|h77_aa1-436|extracted_nt1335|aligned_aa445|pident71.685,HCV,6t,62.0
MK328020|geneNS5A|query6239-7600|h77_aa1-448|extracted_nt1362|aligned_aa457|pident69.365,HCV,1b,81.0
MK328012|geneNS5A|query6262-7608|h77_aa3-448|extracted_nt1347|aligned_aa454|pident70.264,HCV,2b,32.0
MK328008|geneNS5A|query6249-7277|h77_aa1-342|extracted_nt1029|aligned_aa343|pident74.927,HCV,6w,55.0
MK328026|geneNS5A|query6251-7612|h77_aa1-448|extracted_nt1362|aligned_aa457|pident69.365,HCV,4k,48.0
MK327986|geneNS5A|query6271-7614|h77_aa3-448|extracted_nt1344|aligned_aa451|pident69.623,HCV,6a,100.0
MK328013|geneNS5A|query6262-7620|h77_aa3-448|extracted_nt1359|aligned_aa455|pident69.231,HCV,6g,96.0
MK328023|geneNS5A|query6276-7622|h77_aa3-448|extracted_nt1347|aligned_aa454|pident69.824,HCV,6w,57.0
MK328024|geneNS5A|query6268-7626|h77_aa3-448|extracted_nt1359|aligned_aa455|pident68.571,HCV,6g,68.0
MK612000|geneNS5A|query1-1344|h77_aa1-448|extracted_nt1344|aligned_aa448|pident96.205,HCV,1a,100.0
MK612006|geneNS5A|query1-1356|h77_aa1-448|extracted_nt1356|aligned_aa456|pident70.175,HCV,3a,100.0
MK612015|geneNS5A|query1-1344|h77_aa1-448|extracted_nt1344|aligned_aa448|pident94.420,HCV,1a,100.0
MK612027|geneNS5A|query1-1356|h77_aa1-448|extracted_nt1356|aligned_aa456|pident70.175,HCV,3a,100.0
MK816407|geneNS5A|query154-735|h77_aa1-194|extracted_nt582|aligned_aa194|pident81.443,HCV,1b,100.0
MK612012|geneNS5A|query1-1356|h77_aa1-448|extracted_nt1356|aligned_aa456|pident69.956,HCV,3a,100.0
MK612030|geneNS5A|query1-1344|h77_aa1-448|extracted_nt1344|aligned_aa448|pident95.536,HCV,1a,100.0
MK612033|geneNS5A|query1-1356|h77_aa1-448|extracted_nt1356|aligned_aa455|pident69.670,HCV,3a,100.0
MK612003|geneNS5A|query1-1344|h77_aa1-448|extracted_nt1344|aligned_aa448|pident97.098,HCV,1a,100.0
MN146044|geneNS5A|query4-1341|h77_aa3-448|extracted_nt1338|aligned_aa446|pident96.637,HCV,1a,100.0
MK799639|geneNS5A|query6254-7591|h77_aa3-448|extracted_nt1338|aligned_aa449|pident72.606,HCV,4n,100.0
MN146045|geneNS5A|query4-1341|h77_aa3-448|extracted_nt1338|aligned_aa446|pident96.413,HCV,1a,100.0
MN146054|geneNS5A|query1-1341|h77_aa2-448|extracted_nt1341|aligned_aa447|pident93.960,HCV,1a,100.0
MN146053|geneNS5A|query1-1341|h77_aa2-448|extracted_nt1341|aligned_aa447|pident93.736,HCV,1a,100.0
MK612036|geneNS5A|query1-1356|h77_aa1-448|extracted_nt1356|aligned_aa455|pident70.110,HCV,3a,100.0
MN146055|geneNS5A|query1-1341|h77_aa2-448|extracted_nt1341|aligned_aa447|pident93.065,HCV,1a,100.0
MN146057|geneNS5A|query1-1341|h77_aa2-448|extracted_nt1341|aligned_aa447|pident93.065,HCV,1a,100.0
MN146048|geneNS5A|query4-1341|h77_aa3-448|extracted_nt1338|aligned_aa446|pident96.413,HCV,1a,100.0
MN146061|geneNS5A|query1-1341|h77_aa1-447|extracted_nt1341|aligned_aa447|pident91.723,HCV,1a,100.0
MN146064|geneNS5A|query1-1341|h77_aa1-447|extracted_nt1341|aligned_aa447|pident93.960,HCV,1a,100.0
MN146067|geneNS5A|query1-1341|h77_aa1-447|extracted_nt1341|aligned_aa447|pident93.736,HCV,1a,100.0
MN146059|geneNS5A|query1-1341|h77_aa2-448|extracted_nt1341|aligned_aa447|pident93.065,HCV,1a,100.0
MN146069|geneNS5A|query1-1344|h77_aa1-448|extracted_nt1344|aligned_aa448|pident94.196,HCV,1a,100.0
MN146063|geneNS5A|query1-1344|h77_aa1-448|extracted_nt1344|aligned_aa448|pident93.750,HCV,1a,100.0
MN146068|geneNS5A|query1-1344|h77_aa1-448|extracted_nt1344|aligned_aa448|pident94.196,HCV,1a,100.0
MN146062|geneNS5A|query1-1341|h77_aa1-447|extracted_nt1341|aligned_aa447|pident91.723,HCV,1a,100.0
MN146070|geneNS5A|query1-1344|h77_aa1-448|extracted_nt1344|aligned_aa448|pident94.196,HCV,1a,100.0
MN146079|geneNS5A|query1-1341|h77_aa2-448|extracted_nt1341|aligned_aa447|pident94.183,HCV,1a,100.0
MN146075|geneNS5A|query1-1344|h77_aa1-448|extracted_nt1344|aligned_aa448|pident96.875,HCV,1a,100.0
MN146071|geneNS5A|query1-1344|h77_aa1-448|extracted_nt1344|aligned_aa448|pident94.196,HCV,1a,100.0
MN146081|geneNS5A|query1-1344|h77_aa1-448|extracted_nt1344|aligned_aa448|pident95.089,HCV,1a,100.0
MN146080|geneNS5A|query1-1341|h77_aa1-447|extracted_nt1341|aligned_aa447|pident94.183,HCV,1a,100.0
MN146082|geneNS5A|query1-1344|h77_aa1-448|extracted_nt1344|aligned_aa448|pident95.089,HCV,1a,100.0
MN146065|geneNS5A|query1-1344|h77_aa1-448|extracted_nt1344|aligned_aa448|pident93.750,HCV,1a,100.0
MN146076|geneNS5A|query1-1344|h77_aa1-448|extracted_nt1344|aligned_aa448|pident96.429,HCV,1a,100.0
MN146091|geneNS5A|query1-1344|h77_aa1-448|extracted_nt1344|aligned_aa448|pident94.420,HCV,1a,100.0
MN146089|geneNS5A|query1-1344|h77_aa1-448|extracted_nt1344|aligned_aa448|pident91.741,HCV,1a,100.0
MN146095|geneNS5A|query1-1344|h77_aa1-448|extracted_nt1344|aligned_aa448|pident94.420,HCV,1a,100.0
MN146094|geneNS5A|query1-1344|h77_aa1-448|extracted_nt1344|aligned_aa448|pident94.420,HCV,1a,100.0
MN146090|geneNS5A|query1-1344|h77_aa1-448|extracted_nt1344|aligned_aa448|pident91.741,HCV,1a,100.0
MN146087|geneNS5A|query1-1341|h77_aa2-448|extracted_nt1341|aligned_aa447|pident92.841,HCV,1a,100.0
MN146096|geneNS5A|query1-1344|h77_aa1-448|extracted_nt1344|aligned_aa448|pident94.420,HCV,1a,100.0
MN146085|geneNS5A|query1-1341|h77_aa2-448|extracted_nt1341|aligned_aa447|pident93.065,HCV,1a,100.0
MN146106|geneNS5A|query1-1344|h77_aa1-448|extracted_nt1344|aligned_aa448|pident93.527,HCV,1a,100.0
MN146092|geneNS5A|query1-1344|h77_aa1-448|extracted_nt1344|aligned_aa448|pident94.196,HCV,1a,100.0
MN146105|geneNS5A|query1-1344|h77_aa1-448|extracted_nt1344|aligned_aa448|pident93.527,HCV,1a,100.0
MN146108|geneNS5A|query1-1344|h77_aa1-448|extracted_nt1344|aligned_aa448|pident93.304,HCV,1a,100.0
MN146115|geneNS5A|query1-1344|h77_aa1-448|extracted_nt1344|aligned_aa448|pident93.973,HCV,1a,100.0
MN146107|geneNS5A|query1-1344|h77_aa1-448|extracted_nt1344|aligned_aa448|pident93.750,HCV,1a,100.0
MN146125|geneNS5A|query1-1341|h77_aa2-448|extracted_nt1341|aligned_aa447|pident94.407,HCV,1a,100.0
MN146128|geneNS5A|query1-1341|h77_aa2-448|extracted_nt1341|aligned_aa447|pident93.960,HCV,1a,100.0
MN146124|geneNS5A|query1-1341|h77_aa2-448|extracted_nt1341|aligned_aa447|pident94.407,HCV,1a,100.0
MN146119|geneNS5A|query1-1344|h77_aa1-448|extracted_nt1344|aligned_aa448|pident92.634,HCV,1a,100.0
MN146134|geneNS5A|query1-1341|h77_aa2-448|extracted_nt1341|aligned_aa447|pident94.407,HCV,1a,100.0
MN146130|geneNS5A|query1-1341|h77_aa2-448|extracted_nt1341|aligned_aa447|pident94.183,HCV,1a,100.0
MN146141|geneNS5A|query1-1341|h77_aa1-447|extracted_nt1341|aligned_aa447|pident93.960,HCV,1a,100.0
MN146136|geneNS5A|query1-1344|h77_aa1-448|extracted_nt1344|aligned_aa448|pident96.205,HCV,1a,100.0
MN146127|geneNS5A|query1-1341|h77_aa1-447|extracted_nt1341|aligned_aa447|pident93.960,HCV,1a,100.0
MN146163|geneNS5A|query1-1344|h77_aa1-448|extracted_nt1344|aligned_aa448|pident94.866,HCV,1a,100.0
MN146166|geneNS5A|query1-1344|h77_aa1-448|extracted_nt1344|aligned_aa448|pident94.866,HCV,1a,100.0
MN146164|geneNS5A|query1-1344|h77_aa1-448|extracted_nt1344|aligned_aa448|pident94.866,HCV,1a,100.0
MN146162|geneNS5A|query1-1344|h77_aa1-448|extracted_nt1344|aligned_aa448|pident94.643,HCV,1a,100.0
MN146168|geneNS5A|query1-1344|h77_aa1-448|extracted_nt1344|aligned_aa448|pident93.527,HCV,1a,100.0
MN146169|geneNS5A|query1-1344|h77_aa1-448|extracted_nt1344|aligned_aa448|pident93.527,HCV,1a,100.0
MN146170|geneNS5A|query1-1344|h77_aa1-448|extracted_nt1344|aligned_aa448|pident93.527,HCV,1a,100.0
MN146176|geneNS5A|query1-1341|h77_aa1-448|extracted_nt1341|aligned_aa450|pident80.444,HCV,1b,100.0
MN146178|geneNS5A|query1-1341|h77_aa1-448|extracted_nt1341|aligned_aa450|pident80.889,HCV,1b,100.0
MN146172|geneNS5A|query1-1344|h77_aa1-448|extracted_nt1344|aligned_aa448|pident93.527,HCV,1a,100.0
MN146175|geneNS5A|query1-1341|h77_aa1-448|extracted_nt1341|aligned_aa450|pident81.111,HCV,1b,100.0
MN146187|geneNS5A|query1-1341|h77_aa1-447|extracted_nt1341|aligned_aa447|pident93.736,HCV,1a,100.0
MN146179|geneNS5A|query1-1341|h77_aa1-448|extracted_nt1341|aligned_aa450|pident81.111,HCV,1b,100.0
MN146177|geneNS5A|query1-1341|h77_aa1-448|extracted_nt1341|aligned_aa450|pident81.111,HCV,1b,100.0
MN146199|geneNS5A|query1-1344|h77_aa1-448|extracted_nt1344|aligned_aa448|pident93.750,HCV,1a,100.0
MN146197|geneNS5A|query1-1341|h77_aa1-447|extracted_nt1341|aligned_aa447|pident95.749,HCV,1a,100.0
MN146194|geneNS5A|query1-1341|h77_aa1-447|extracted_nt1341|aligned_aa447|pident92.617,HCV,1a,100.0
MN146195|geneNS5A|query1-1344|h77_aa1-448|extracted_nt1344|aligned_aa448|pident92.634,HCV,1a,100.0
MN146200|geneNS5A|query1-1344|h77_aa1-448|extracted_nt1344|aligned_aa448|pident93.750,HCV,1a,100.0
MN146201|geneNS5A|query1-1341|h77_aa1-447|extracted_nt1341|aligned_aa447|pident93.736,HCV,1a,100.0
MN146202|geneNS5A|query1-1341|h77_aa2-448|extracted_nt1341|aligned_aa447|pident93.736,HCV,1a,100.0
MN146205|geneNS5A|query1-1341|h77_aa2-448|extracted_nt1341|aligned_aa447|pident96.197,HCV,1a,100.0
MN146208|geneNS5A|query1-1341|h77_aa2-448|extracted_nt1341|aligned_aa447|pident96.197,HCV,1a,100.0
MN146211|geneNS5A|query1-1341|h77_aa1-447|extracted_nt1341|aligned_aa447|pident93.512,HCV,1a,100.0
MN146215|geneNS5A|query1-1356|h77_aa1-448|extracted_nt1356|aligned_aa456|pident70.395,HCV,3a,100.0
MN146217|geneNS5A|query1-1356|h77_aa1-448|extracted_nt1356|aligned_aa455|pident69.670,HCV,3a,100.0
MN146207|geneNS5A|query1-1341|h77_aa2-448|extracted_nt1341|aligned_aa447|pident96.197,HCV,1a,100.0
MN146216|geneNS5A|query1-1356|h77_aa1-448|extracted_nt1356|aligned_aa455|pident69.670,HCV,3a,100.0
MN146206|geneNS5A|query1-1341|h77_aa2-448|extracted_nt1341|aligned_aa447|pident96.197,HCV,1a,100.0
MN146218|geneNS5A|query1-1341|h77_aa1-448|extracted_nt1341|aligned_aa449|pident81.069,HCV,1b,100.0
MN146214|geneNS5A|query1-1356|h77_aa1-448|extracted_nt1356|aligned_aa456|pident70.395,HCV,3a,100.0
MN146204|geneNS5A|query1-1341|h77_aa2-448|extracted_nt1341|aligned_aa447|pident96.197,HCV,1a,100.0
MN146224|geneNS5A|query1-1344|h77_aa1-448|extracted_nt1344|aligned_aa448|pident92.411,HCV,1a,100.0
MN146228|geneNS5A|query1-1344|h77_aa1-448|extracted_nt1344|aligned_aa448|pident95.312,HCV,1a,100.0
MN146221|geneNS5A|query1-1341|h77_aa1-448|extracted_nt1341|aligned_aa449|pident81.069,HCV,1b,100.0
MN146222|geneNS5A|query1-1341|h77_aa1-448|extracted_nt1341|aligned_aa449|pident80.846,HCV,1b,100.0
MN146212|geneNS5A|query1-1344|h77_aa1-448|extracted_nt1344|aligned_aa448|pident93.973,HCV,1a,100.0
MN146225|geneNS5A|query1-1344|h77_aa1-448|extracted_nt1344|aligned_aa448|pident95.312,HCV,1a,100.0
MN146227|geneNS5A|query1-1344|h77_aa1-448|extracted_nt1344|aligned_aa448|pident95.312,HCV,1a,100.0
MN146231|geneNS5A|query1-1344|h77_aa1-448|extracted_nt1344|aligned_aa448|pident94.866,HCV,1a,100.0
MN146219|geneNS5A|query1-1341|h77_aa1-448|extracted_nt1341|aligned_aa449|pident81.069,HCV,1b,100.0
MN146234|geneNS5A|query1-1344|h77_aa1-448|extracted_nt1344|aligned_aa448|pident93.973,HCV,1a,100.0
MN146236|geneNS5A|query1-1344|h77_aa1-448|extracted_nt1344|aligned_aa448|pident94.420,HCV,1a,100.0
MN146235|geneNS5A|query1-1344|h77_aa1-448|extracted_nt1344|aligned_aa448|pident93.973,HCV,1a,100.0
MN146229|geneNS5A|query1-1344|h77_aa1-448|extracted_nt1344|aligned_aa448|pident95.312,HCV,1a,100.0
MN146242|geneNS5A|query1-1344|h77_aa1-448|extracted_nt1344|aligned_aa448|pident94.420,HCV,1a,100.0
MN146243|geneNS5A|query1-1344|h77_aa1-448|extracted_nt1344|aligned_aa448|pident94.420,HCV,1a,100.0
MN146245|geneNS5A|query1-1341|h77_aa1-447|extracted_nt1341|aligned_aa447|pident95.526,HCV,1a,100.0
MN146223|geneNS5A|query1-1344|h77_aa1-448|extracted_nt1344|aligned_aa448|pident92.411,HCV,1a,100.0
MN146226|geneNS5A|query1-1344|h77_aa1-448|extracted_nt1344|aligned_aa448|pident95.312,HCV,1a,100.0
MN146238|geneNS5A|query1-1344|h77_aa1-448|extracted_nt1344|aligned_aa448|pident93.973,HCV,1a,100.0
MN146203|geneNS5A|query1-1341|h77_aa1-447|extracted_nt1341|aligned_aa447|pident96.197,HCV,1a,100.0
MN146250|geneNS5A|query1-1341|h77_aa1-447|extracted_nt1341|aligned_aa447|pident93.289,HCV,1a,100.0
MN146255|geneNS5A|query1-1341|h77_aa2-448|extracted_nt1341|aligned_aa447|pident93.960,HCV,1a,100.0
MN146249|geneNS5A|query1-1341|h77_aa1-447|extracted_nt1341|aligned_aa447|pident95.526,HCV,1a,100.0
MN146254|geneNS5A|query1-1341|h77_aa2-448|extracted_nt1341|aligned_aa447|pident94.183,HCV,1a,100.0
MN146251|geneNS5A|query1-1341|h77_aa2-448|extracted_nt1341|aligned_aa447|pident93.065,HCV,1a,100.0
MN146253|geneNS5A|query1-1341|h77_aa2-448|extracted_nt1341|aligned_aa447|pident93.736,HCV,1a,100.0
MN146263|geneNS5A|query1-1338|h77_aa2-447|extracted_nt1338|aligned_aa446|pident94.843,HCV,1a,100.0
MN146261|geneNS5A|query1-1338|h77_aa2-447|extracted_nt1338|aligned_aa446|pident94.843,HCV,1a,100.0
MN146259|geneNS5A|query1-1338|h77_aa2-447|extracted_nt1338|aligned_aa446|pident95.067,HCV,1a,100.0
MN146257|geneNS5A|query1-1341|h77_aa1-447|extracted_nt1341|aligned_aa447|pident93.960,HCV,1a,100.0
MN146240|geneNS5A|query1-1344|h77_aa1-448|extracted_nt1344|aligned_aa448|pident94.420,HCV,1a,100.0
MN146273|geneNS5A|query1-1341|h77_aa2-448|extracted_nt1341|aligned_aa447|pident93.736,HCV,1a,100.0
MN146270|geneNS5A|query1-1341|h77_aa1-447|extracted_nt1341|aligned_aa447|pident93.736,HCV,1a,100.0
MN146274|geneNS5A|query1-1341|h77_aa2-448|extracted_nt1341|aligned_aa447|pident91.051,HCV,1a,100.0
MN146279|geneNS5A|query1-1341|h77_aa1-448|extracted_nt1341|aligned_aa448|pident78.348,HCV,1b,100.0
MN146278|geneNS5A|query1-1341|h77_aa1-448|extracted_nt1341|aligned_aa448|pident78.348,HCV,1b,100.0
MN146262|geneNS5A|query1-1338|h77_aa2-447|extracted_nt1338|aligned_aa446|pident94.843,HCV,1a,100.0
MN146277|geneNS5A|query1-1341|h77_aa1-448|extracted_nt1341|aligned_aa448|pident78.571,HCV,1b,100.0
MN146282|geneNS5A|query1-1341|h77_aa1-448|extracted_nt1341|aligned_aa448|pident78.348,HCV,1b,100.0
MN146275|geneNS5A|query1-1341|h77_aa1-447|extracted_nt1341|aligned_aa447|pident90.828,HCV,1a,100.0
MN146280|geneNS5A|query1-1341|h77_aa1-448|extracted_nt1341|aligned_aa448|pident78.348,HCV,1b,100.0
MN146269|geneNS5A|query1-1341|h77_aa1-447|extracted_nt1341|aligned_aa447|pident93.736,HCV,1a,100.0
MN146284|geneNS5A|query1-1341|h77_aa1-448|extracted_nt1341|aligned_aa450|pident80.667,HCV,1b,100.0
MN146285|geneNS5A|query1-1341|h77_aa1-448|extracted_nt1341|aligned_aa450|pident79.778,HCV,1b,100.0
MN146287|geneNS5A|query1-1344|h77_aa1-448|extracted_nt1344|aligned_aa448|pident96.652,HCV,1a,100.0
MN146286|geneNS5A|query1-1341|h77_aa1-448|extracted_nt1341|aligned_aa450|pident80.667,HCV,1b,100.0
MN146293|geneNS5A|query1-1341|h77_aa1-448|extracted_nt1341|aligned_aa449|pident80.846,HCV,1b,100.0
MN146288|geneNS5A|query1-1344|h77_aa1-448|extracted_nt1344|aligned_aa448|pident96.652,HCV,1a,100.0
MN146283|geneNS5A|query1-1341|h77_aa1-448|extracted_nt1341|aligned_aa450|pident80.222,HCV,1b,100.0
MN146289|geneNS5A|query1-1341|h77_aa1-448|extracted_nt1341|aligned_aa449|pident81.069,HCV,1b,100.0
MN146296|geneNS5A|query1-1344|h77_aa1-448|extracted_nt1344|aligned_aa448|pident94.420,HCV,1a,100.0
MN146295|geneNS5A|query1-1344|h77_aa1-448|extracted_nt1344|aligned_aa448|pident94.420,HCV,1a,100.0
MN146307|geneNS5A|query1-1344|h77_aa1-448|extracted_nt1344|aligned_aa448|pident95.759,HCV,1a,100.0
MN146281|geneNS5A|query1-1341|h77_aa1-448|extracted_nt1341|aligned_aa448|pident78.571,HCV,1b,100.0
MN146308|geneNS5A|query1-1341|h77_aa1-447|extracted_nt1341|aligned_aa447|pident95.749,HCV,1a,100.0
MN146310|geneNS5A|query1-1026|h77_aa1-342|extracted_nt1026|aligned_aa342|pident94.444,HCV,1a,100.0
MN146309|geneNS5A|query1-1347|h77_aa1-448|extracted_nt1347|aligned_aa449|pident92.428,HCV,1a,100.0
MN146305|geneNS5A|query1-1341|h77_aa2-448|extracted_nt1341|aligned_aa447|pident95.749,HCV,1a,100.0
MN146318|geneNS5A|query1-1344|h77_aa1-448|extracted_nt1344|aligned_aa448|pident94.643,HCV,1a,100.0
MN146339|geneNS5A|query1-1341|h77_aa2-448|extracted_nt1341|aligned_aa447|pident93.512,HCV,1a,100.0
MN146341|geneNS5A|query1-1341|h77_aa2-448|extracted_nt1341|aligned_aa447|pident93.289,HCV,1a,100.0
MN146337|geneNS5A|query1-1341|h77_aa2-448|extracted_nt1341|aligned_aa447|pident93.512,HCV,1a,100.0
MN146317|geneNS5A|query1-1344|h77_aa1-448|extracted_nt1344|aligned_aa448|pident94.420,HCV,1a,100.0
MN146320|geneNS5A|query1-1344|h77_aa1-448|extracted_nt1344|aligned_aa448|pident94.196,HCV,1a,100.0
MN146342|geneNS5A|query1-1341|h77_aa2-448|extracted_nt1341|aligned_aa447|pident94.631,HCV,1a,100.0
MN146321|geneNS5A|query1-1344|h77_aa1-448|extracted_nt1344|aligned_aa448|pident95.089,HCV,1a,100.0
MN146350|geneNS5A|query1-1344|h77_aa1-448|extracted_nt1344|aligned_aa448|pident96.205,HCV,1a,100.0
MN146346|geneNS5A|query1-1341|h77_aa2-448|extracted_nt1341|aligned_aa447|pident94.407,HCV,1a,100.0
MN146348|geneNS5A|query1-1344|h77_aa1-448|extracted_nt1344|aligned_aa448|pident95.982,HCV,1a,100.0
MN146349|geneNS5A|query1-1344|h77_aa1-448|extracted_nt1344|aligned_aa448|pident96.205,HCV,1a,100.0
MN146351|geneNS5A|query1-1341|h77_aa2-448|extracted_nt1341|aligned_aa447|pident94.855,HCV,1a,100.0
MN146356|geneNS5A|query1-1341|h77_aa2-448|extracted_nt1341|aligned_aa447|pident94.855,HCV,1a,100.0
MN146352|geneNS5A|query1-1341|h77_aa2-448|extracted_nt1341|aligned_aa447|pident94.855,HCV,1a,100.0
MN146366|geneNS5A|query1-1341|h77_aa2-448|extracted_nt1341|aligned_aa447|pident93.512,HCV,1a,100.0
MN146380|geneNS5A|query1-1344|h77_aa1-448|extracted_nt1344|aligned_aa448|pident93.080,HCV,1a,100.0
MN146378|geneNS5A|query1-1344|h77_aa1-448|extracted_nt1344|aligned_aa448|pident93.304,HCV,1a,100.0
MN146385|geneNS5A|query1-1344|h77_aa1-448|extracted_nt1344|aligned_aa448|pident94.420,HCV,1a,100.0
MN146389|geneNS5A|query1-1344|h77_aa1-448|extracted_nt1344|aligned_aa448|pident94.420,HCV,1a,100.0
MN146398|geneNS5A|query1-1356|h77_aa1-448|extracted_nt1356|aligned_aa455|pident70.110,HCV,3a,100.0
MN146401|geneNS5A|query1-1344|h77_aa1-448|extracted_nt1344|aligned_aa448|pident94.420,HCV,1a,100.0
MN146407|geneNS5A|query1-1344|h77_aa1-448|extracted_nt1344|aligned_aa448|pident95.759,HCV,1a,100.0
MN146420|geneNS5A|query1-1341|h77_aa2-448|extracted_nt1341|aligned_aa447|pident94.855,HCV,1a,100.0
MN146424|geneNS5A|query1-1341|h77_aa1-448|extracted_nt1341|aligned_aa449|pident81.069,HCV,1b,100.0
MN146435|geneNS5A|query1-1344|h77_aa1-448|extracted_nt1344|aligned_aa448|pident95.089,HCV,1a,100.0
MN146442|geneNS5A|query1-1341|h77_aa2-448|extracted_nt1341|aligned_aa447|pident93.736,HCV,1a,100.0
MN146444|geneNS5A|query1-1341|h77_aa2-448|extracted_nt1341|aligned_aa447|pident94.183,HCV,1a,100.0
MK327981|geneNS5A|query6111-7472|h77_aa1-448|extracted_nt1362|aligned_aa458|pident72.052,HCV,1l,66.0
MK327984|geneNS5A|query6288-7646|h77_aa3-448|extracted_nt1359|aligned_aa458|pident68.996,HCV,6w,52.0
MK327992|geneNS5A|query6271-7626|h77_aa4-448|extracted_nt1356|aligned_aa454|pident68.722,HCV,6g,60.0
MK328005|geneNS5A|query6264-7619|h77_aa4-448|extracted_nt1356|aligned_aa454|pident68.943,HCV,6w,91.0
MK328000|geneNS5A|query6257-7621|h77_aa1-448|extracted_nt1365|aligned_aa457|pident67.396,HCV,6g,99.0
MK328001|geneNS5A|query6220-7566|h77_aa3-448|extracted_nt1347|aligned_aa454|pident70.264,HCV,1b,71.0
MK327999|geneNS5A|query6032-7396|h77_aa1-448|extracted_nt1365|aligned_aa458|pident69.214,HCV,1b,32.0
MK328009|geneNS5A|query6244-7608|h77_aa1-448|extracted_nt1365|aligned_aa461|pident70.933,HCV,6w,67.0
MK328022|geneNS5A|query6253-7590|h77_aa1-437|extracted_nt1338|aligned_aa446|pident69.058,HCV,6g,93.0
MK328021|geneNS5A|query6274-7620|h77_aa3-448|extracted_nt1347|aligned_aa452|pident69.912,HCV,3a,65.0
MK328018|geneNS5A|query6243-7610|h77_aa1-448|extracted_nt1368|aligned_aa457|pident69.803,HCV,6w,73.0
MK612009|geneNS5A|query1-1344|h77_aa1-448|extracted_nt1344|aligned_aa448|pident93.527,HCV,1a,100.0
MK612021|geneNS5A|query4-1398|h77_aa2-448|extracted_nt1395|aligned_aa471|pident58.599,HCV,2a,100.0
MK814770|geneNS5A|query7-432|h77_aa3-144|extracted_nt426|aligned_aa142|pident78.873,HCV,4d,100.0
MK814771|geneNS5A|query1-432|h77_aa1-144|extracted_nt432|aligned_aa144|pident77.778,HCV,4a,100.0
MK816408|geneNS5A|query157-738|h77_aa1-194|extracted_nt582|aligned_aa194|pident74.742,HCV,3a,100.0
MK612039|geneNS5A|query1-1335|h77_aa1-448|extracted_nt1335|aligned_aa452|pident72.566,HCV,4a,100.0
MK816409|geneNS5A|query154-732|h77_aa1-193|extracted_nt579|aligned_aa193|pident81.347,HCV,1b,100.0
MK612024|geneNS5A|query1-1356|h77_aa1-448|extracted_nt1356|aligned_aa455|pident70.110,HCV,3a,100.0
MK612018|geneNS5A|query1-1356|h77_aa1-448|extracted_nt1356|aligned_aa455|pident69.890,HCV,3a,100.0
MK816411|geneNS5A|query134-691|h77_aa3-188|extracted_nt558|aligned_aa186|pident78.495,HCV,4d,100.0
MN146174|geneNS5A|query1-1344|h77_aa1-448|extracted_nt1344|aligned_aa448|pident93.527,HCV,1a,100.0
MN146165|geneNS5A|query1-1344|h77_aa1-448|extracted_nt1344|aligned_aa448|pident94.420,HCV,1a,100.0
MN146316|geneNS5A|query1-1344|h77_aa1-448|extracted_nt1344|aligned_aa448|pident94.196,HCV,1a,100.0
MN146306|geneNS5A|query1-1344|h77_aa1-448|extracted_nt1344|aligned_aa448|pident95.759,HCV,1a,100.0
MN146291|geneNS5A|query1-1341|h77_aa1-448|extracted_nt1341|aligned_aa449|pident80.401,HCV,1b,100.0
MN146343|geneNS5A|query1-1341|h77_aa2-448|extracted_nt1341|aligned_aa447|pident94.631,HCV,1a,100.0
MN146347|geneNS5A|query1-1341|h77_aa2-448|extracted_nt1341|aligned_aa447|pident93.736,HCV,1a,100.0
MN146353|geneNS5A|query1-1341|h77_aa2-448|extracted_nt1341|aligned_aa447|pident95.302,HCV,1a,100.0
MN146363|geneNS5A|query1-1341|h77_aa1-447|extracted_nt1341|aligned_aa447|pident93.289,HCV,1a,100.0
MN146345|geneNS5A|query1-1341|h77_aa1-447|extracted_nt1341|aligned_aa447|pident94.407,HCV,1a,100.0
MN146372|geneNS5A|query1-1341|h77_aa1-447|extracted_nt1341|aligned_aa447|pident95.078,HCV,1a,100.0
MN146373|geneNS5A|query1-1344|h77_aa1-448|extracted_nt1344|aligned_aa448|pident94.866,HCV,1a,100.0
MN146379|geneNS5A|query1-1344|h77_aa1-448|extracted_nt1344|aligned_aa448|pident93.750,HCV,1a,100.0
MN146386|geneNS5A|query1-1344|h77_aa1-448|extracted_nt1344|aligned_aa448|pident94.420,HCV,1a,100.0
MN146383|geneNS5A|query1-1344|h77_aa1-448|extracted_nt1344|aligned_aa448|pident93.750,HCV,1a,100.0
MN146384|geneNS5A|query1-1344|h77_aa1-448|extracted_nt1344|aligned_aa448|pident94.643,HCV,1a,100.0
MN146387|geneNS5A|query1-1344|h77_aa1-448|extracted_nt1344|aligned_aa448|pident93.750,HCV,1a,100.0
MN146404|geneNS5A|query1-1344|h77_aa1-448|extracted_nt1344|aligned_aa448|pident94.420,HCV,1a,100.0
MN146400|geneNS5A|query1-1341|h77_aa1-447|extracted_nt1341|aligned_aa447|pident94.407,HCV,1a,100.0
MN146403|geneNS5A|query1-1344|h77_aa1-448|extracted_nt1344|aligned_aa448|pident94.420,HCV,1a,100.0
MN146402|geneNS5A|query1-1344|h77_aa1-448|extracted_nt1344|aligned_aa448|pident94.420,HCV,1a,100.0
MN146409|geneNS5A|query1-1344|h77_aa1-448|extracted_nt1344|aligned_aa448|pident95.536,HCV,1a,100.0
MN146411|geneNS5A|query1-1344|h77_aa1-448|extracted_nt1344|aligned_aa448|pident93.304,HCV,1a,100.0
MN146415|geneNS5A|query1-1356|h77_aa1-448|extracted_nt1356|aligned_aa456|pident69.079,HCV,3a,100.0
MN146422|geneNS5A|query1-1341|h77_aa1-448|extracted_nt1341|aligned_aa449|pident81.069,HCV,1b,100.0
MN146425|geneNS5A|query1-1341|h77_aa1-448|extracted_nt1341|aligned_aa449|pident81.069,HCV,1b,100.0
MN146428|geneNS5A|query1-1341|h77_aa1-448|extracted_nt1341|aligned_aa448|pident80.357,HCV,1b,100.0
MN146426|geneNS5A|query1-1341|h77_aa1-448|extracted_nt1341|aligned_aa448|pident80.357,HCV,1b,100.0
MN146432|geneNS5A|query1-1344|h77_aa1-448|extracted_nt1344|aligned_aa448|pident94.420,HCV,1a,100.0
MN146436|geneNS5A|query1-1344|h77_aa1-448|extracted_nt1344|aligned_aa448|pident94.196,HCV,1a,100.0
MN146446|geneNS5A|query1-1344|h77_aa1-448|extracted_nt1344|aligned_aa448|pident94.420,HCV,1a,100.0
MN146445|geneNS5A|query1-1344|h77_aa1-448|extracted_nt1344|aligned_aa448|pident94.420,HCV,1a,100.0
MN146427|geneNS5A|query1-1341|h77_aa1-448|extracted_nt1341|aligned_aa448|pident80.357,HCV,1b,100.0
MN146456|geneNS5A|query1-1341|h77_aa2-448|extracted_nt1341|aligned_aa447|pident89.485,HCV,1a,100.0
MN146455|geneNS5A|query1-1341|h77_aa2-448|extracted_nt1341|aligned_aa447|pident90.157,HCV,1a,100.0
MN146453|geneNS5A|query1-1341|h77_aa2-448|extracted_nt1341|aligned_aa447|pident89.709,HCV,1a,100.0
MK328025|geneNS5A|query6286-6915|h77_aa9-218|extracted_nt630|aligned_aa210|pident56.667,HCV,1l,40.0
MK816412|geneNS5A|query154-741|h77_aa1-196|extracted_nt588|aligned_aa196|pident97.449,HCV,1a,100.0
MN146137|geneNS5A|query1-1344|h77_aa2-448|extracted_nt1344|aligned_aa448|pident95.982,HCV,1a,100.0
MN146142|geneNS5A|query1-1341|h77_aa2-448|extracted_nt1341|aligned_aa447|pident93.960,HCV,1a,100.0
MN146144|geneNS5A|query1-1341|h77_aa2-448|extracted_nt1341|aligned_aa447|pident93.736,HCV,1a,100.0
MN146458|geneNS5A|query1-1341|h77_aa1-447|extracted_nt1341|aligned_aa447|pident94.407,HCV,1a,100.0
MN146437|geneNS5A|query1-837|h77_aa1-279|extracted_nt837|aligned_aa279|pident96.416,HCV,1a,100.0
MK327985|geneNS5A|query6239-7600|h77_aa1-448|extracted_nt1362|aligned_aa457|pident69.803,HCV,6w,83.0
MK327988|geneNS5A|query6259-7623|h77_aa1-448|extracted_nt1365|aligned_aa457|pident67.396,HCV,6g,53.0
MK327987|geneNS5A|query6249-7610|h77_aa1-448|extracted_nt1362|aligned_aa458|pident70.524,HCV,1l,78.0
MK327983|geneNS5A|query6260-7231|h77_aa1-323|extracted_nt972|aligned_aa324|pident73.148,HCV,6w,98.0
MK327982|geneNS5A|query6267-7181|h77_aa3-307|extracted_nt915|aligned_aa305|pident73.770,HCV,6g,92.0
MK327993|geneNS5A|query6255-7607|h77_aa1-448|extracted_nt1353|aligned_aa454|pident69.824,HCV,4k,71.0
MK327991|geneNS5A|query6260-7612|h77_aa1-448|extracted_nt1353|aligned_aa455|pident69.670,HCV,6w,82.0
MK327990|geneNS5A|query6267-7613|h77_aa3-448|extracted_nt1347|aligned_aa452|pident69.027,HCV,3a,65.0
MK327989|geneNS5A|query6265-7617|h77_aa1-448|extracted_nt1353|aligned_aa453|pident71.744,HCV,6w,77.0
MK327996|geneNS5A|query6258-7610|h77_aa1-448|extracted_nt1353|aligned_aa453|pident73.289,HCV,6w,56.0
MK327997|geneNS5A|query6261-7619|h77_aa3-448|extracted_nt1359|aligned_aa455|pident71.648,HCV,6w,83.0
MK327995|geneNS5A|query6243-6905|h77_aa1-221|extracted_nt663|aligned_aa221|pident75.113,HCV,6w,86.0
MK327998|geneNS5A|query6258-7613|h77_aa3-448|extracted_nt1356|aligned_aa455|pident70.989,HCV,6w,98.0
MN227962|geneNS5A|query6-437|h77_aa11-154|extracted_nt432|aligned_aa144|pident73.611,HCV,3a,100.0
MN146571|geneNS5A|query1-663|h77_aa1-221|extracted_nt663|aligned_aa221|pident80.995,HCV,1b,100.0
MF182695|geneNS5A|query1-597|h77_aa7-205|extracted_nt597|aligned_aa199|pident81.910,HCV,1b,100.0
MF182719|geneNS5A|query1-597|h77_aa7-205|extracted_nt597|aligned_aa199|pident80.402,HCV,1b,100.0
MF182728|geneNS5A|query1-597|h77_aa7-205|extracted_nt597|aligned_aa199|pident93.970,HCV,1a,100.0
MF182726|geneNS5A|query1-597|h77_aa7-205|extracted_nt597|aligned_aa199|pident93.970,HCV,1a,100.0
MF182711|geneNS5A|query1-597|h77_aa7-205|extracted_nt597|aligned_aa199|pident79.899,HCV,1b,100.0
MG455158|geneNS5A|query1-1341|h77_aa1-448|extracted_nt1341|aligned_aa448|pident79.464,HCV,1b,100.0
MG455194|geneNS5A|query1-1398|h77_aa1-448|extracted_nt1398|aligned_aa472|pident61.441,HCV,2b,53.0
MG455198|geneNS5A|query1-1344|h77_aa1-448|extracted_nt1344|aligned_aa448|pident91.518,HCV,1a,100.0
MG455196|geneNS5A|query7-1353|h77_aa3-448|extracted_nt1347|aligned_aa454|pident69.604,HCV,6a,100.0
MG455195|geneNS5A|query1-1407|h77_aa1-448|extracted_nt1407|aligned_aa473|pident60.254,HCV,2c,100.0
MG455201|geneNS5A|query1-1344|h77_aa1-448|extracted_nt1344|aligned_aa448|pident91.071,HCV,1a,100.0
MN146468|geneNS5A|query1-1344|h77_aa1-448|extracted_nt1344|aligned_aa448|pident95.982,HCV,1a,100.0
MN146478|geneNS5A|query1-1341|h77_aa1-447|extracted_nt1341|aligned_aa447|pident94.183,HCV,1a,100.0
MG455167|geneNS5A|query4-1398|h77_aa2-448|extracted_nt1395|aligned_aa471|pident58.599,HCV,2a,100.0
MG455168|geneNS5A|query1-1398|h77_aa1-448|extracted_nt1398|aligned_aa472|pident59.322,HCV,2a,100.0
MN146487|geneNS5A|query1-1341|h77_aa1-448|extracted_nt1341|aligned_aa449|pident79.510,HCV,1b,100.0
MN146491|geneNS5A|query1-1341|h77_aa1-448|extracted_nt1341|aligned_aa449|pident79.510,HCV,1b,100.0
MN146490|geneNS5A|query1-1341|h77_aa1-448|extracted_nt1341|aligned_aa449|pident79.510,HCV,1b,100.0
MN146519|geneNS5A|query1-1341|h77_aa1-448|extracted_nt1341|aligned_aa448|pident80.580,HCV,1b,100.0
MN146515|geneNS5A|query1-1341|h77_aa1-448|extracted_nt1341|aligned_aa448|pident80.580,HCV,1b,100.0
MN146523|geneNS5A|query1-1341|h77_aa1-448|extracted_nt1341|aligned_aa449|pident81.292,HCV,1b,100.0
MN146530|geneNS5A|query1-1341|h77_aa2-448|extracted_nt1341|aligned_aa447|pident94.855,HCV,1a,100.0
MN146521|geneNS5A|query1-1341|h77_aa1-448|extracted_nt1341|aligned_aa449|pident81.292,HCV,1b,100.0
MN146536|geneNS5A|query1-825|h77_aa1-275|extracted_nt825|aligned_aa275|pident92.727,HCV,1a,100.0
MN146552|geneNS5A|query1-1341|h77_aa2-448|extracted_nt1341|aligned_aa447|pident93.289,HCV,1a,100.0
MN146545|geneNS5A|query1-1341|h77_aa2-448|extracted_nt1341|aligned_aa447|pident96.197,HCV,1a,100.0
MN146562|geneNS5A|query1-1341|h77_aa2-448|extracted_nt1341|aligned_aa447|pident95.973,HCV,1a,100.0
MN146586|geneNS5A|query1-1344|h77_aa1-448|extracted_nt1344|aligned_aa448|pident93.750,HCV,1a,100.0
MN146577|geneNS5A|query1-1344|h77_aa1-448|extracted_nt1344|aligned_aa448|pident95.759,HCV,1a,100.0
MN146580|geneNS5A|query1-1344|h77_aa1-448|extracted_nt1344|aligned_aa448|pident95.982,HCV,1a,100.0
MN146578|geneNS5A|query1-1344|h77_aa1-448|extracted_nt1344|aligned_aa448|pident95.982,HCV,1a,100.0
MN146595|geneNS5A|query1-1356|h77_aa1-448|extracted_nt1356|aligned_aa455|pident69.231,HCV,3a,100.0
MN146585|geneNS5A|query1-1344|h77_aa1-448|extracted_nt1344|aligned_aa448|pident90.402,HCV,1a,100.0
MN146606|geneNS5A|query1-1344|h77_aa1-448|extracted_nt1344|aligned_aa448|pident93.527,HCV,1a,100.0
MN146567|geneNS5A|query1-1338|h77_aa2-448|extracted_nt1338|aligned_aa448|pident80.357,HCV,1b,100.0
MN146610|geneNS5A|query1-1341|h77_aa1-448|extracted_nt1341|aligned_aa448|pident79.464,HCV,1b,100.0
MN146662|geneNS5A|query1-1341|h77_aa1-448|extracted_nt1341|aligned_aa449|pident80.846,HCV,1b,100.0
MN146669|geneNS5A|query1-1344|h77_aa1-448|extracted_nt1344|aligned_aa448|pident93.080,HCV,1a,100.0
MN146670|geneNS5A|query1-1344|h77_aa1-448|extracted_nt1344|aligned_aa448|pident93.080,HCV,1a,100.0
MN164843|geneNS5A|query5929-7272|h77_aa1-448|extracted_nt1344|aligned_aa448|pident80.357,HCV,1l,100.0
MN164849|geneNS5A|query5917-7260|h77_aa1-448|extracted_nt1344|aligned_aa448|pident91.295,HCV,1a,100.0
MN146668|geneNS5A|query1-1344|h77_aa1-448|extracted_nt1344|aligned_aa448|pident93.304,HCV,1a,100.0
MN164851|geneNS5A|query5917-7260|h77_aa1-448|extracted_nt1344|aligned_aa448|pident85.045,HCV,1b,99.0
MN227783|geneNS5A|query7-459|h77_aa4-154|extracted_nt453|aligned_aa151|pident74.834,HCV,3a,100.0
MN164867|geneNS5A|query5917-7260|h77_aa1-448|extracted_nt1344|aligned_aa448|pident88.170,HCV,1a,100.0
MN164871|geneNS5A|query5917-7260|h77_aa1-448|extracted_nt1344|aligned_aa448|pident87.723,HCV,1a,100.0
MN164875|geneNS5A|query5917-7260|h77_aa1-448|extracted_nt1344|aligned_aa448|pident79.018,HCV,1e,100.0
MN227789|geneNS5A|query1-459|h77_aa2-154|extracted_nt459|aligned_aa153|pident73.203,HCV,3a,100.0
MN227790|geneNS5A|query7-459|h77_aa4-154|extracted_nt453|aligned_aa151|pident72.848,HCV,3a,100.0
MN227792|geneNS5A|query1-459|h77_aa2-154|extracted_nt459|aligned_aa153|pident73.203,HCV,3a,100.0
MN227812|geneNS5A|query7-459|h77_aa4-154|extracted_nt453|aligned_aa151|pident72.848,HCV,3a,100.0
MN227842|geneNS5A|query1-459|h77_aa2-154|extracted_nt459|aligned_aa153|pident73.203,HCV,3a,100.0
MN227879|geneNS5A|query3-398|h77_aa23-154|extracted_nt396|aligned_aa132|pident73.485,HCV,3a,100.0
MN227850|geneNS5A|query1-459|h77_aa2-154|extracted_nt459|aligned_aa153|pident73.856,HCV,3a,100.0
MN227905|geneNS5A|query1-459|h77_aa2-154|extracted_nt459|aligned_aa153|pident73.856,HCV,3a,100.0
MN227930|geneNS5A|query1-435|h77_aa2-146|extracted_nt435|aligned_aa145|pident73.103,HCV,3a,100.0
MN227931|geneNS5A|query1-459|h77_aa2-154|extracted_nt459|aligned_aa153|pident74.510,HCV,3a,100.0
MN227957|geneNS5A|query1-459|h77_aa2-154|extracted_nt459|aligned_aa153|pident74.510,HCV,3a,100.0
MN227959|geneNS5A|query1-459|h77_aa2-154|extracted_nt459|aligned_aa153|pident75.163,HCV,3a,100.0
MN227952|geneNS5A|query1-459|h77_aa2-154|extracted_nt459|aligned_aa153|pident75.163,HCV,3a,100.0
MN227956|geneNS5A|query1-459|h77_aa2-154|extracted_nt459|aligned_aa153|pident72.549,HCV,3a,100.0
MN227923|geneNS5A|query1-459|h77_aa2-154|extracted_nt459|aligned_aa153|pident73.856,HCV,3a,100.0
MN227960|geneNS5A|query1-459|h77_aa2-154|extracted_nt459|aligned_aa153|pident73.856,HCV,3a,100.0
M62321|geneNS5A|query6258-7601|h77_aa1-448|extracted_nt1344|aligned_aa448|pident96.652,HCV,1a,100.0
MF182692|geneNS5A|query1-597|h77_aa7-205|extracted_nt597|aligned_aa199|pident79.397,HCV,1b,100.0
MF114243|geneNS5A|query1-663|h77_aa1-221|extracted_nt663|aligned_aa221|pident82.353,HCV,1b,100.0
MN385583|geneNS5A|query6252-7607|h77_aa1-448|extracted_nt1356|aligned_aa455|pident68.352,HCV,3b,100.0
MF182701|geneNS5A|query1-597|h77_aa7-205|extracted_nt597|aligned_aa199|pident80.905,HCV,1b,100.0
MF182698|geneNS5A|query1-597|h77_aa7-205|extracted_nt597|aligned_aa199|pident92.462,HCV,1a,100.0
MF182696|geneNS5A|query1-597|h77_aa7-205|extracted_nt597|aligned_aa199|pident80.905,HCV,1b,100.0
MF182702|geneNS5A|query1-597|h77_aa7-205|extracted_nt597|aligned_aa199|pident79.899,HCV,1b,100.0
MF182723|geneNS5A|query1-597|h77_aa7-205|extracted_nt597|aligned_aa199|pident94.472,HCV,1a,100.0
MF182718|geneNS5A|query1-597|h77_aa7-205|extracted_nt597|aligned_aa199|pident94.472,HCV,1a,100.0
MG000216|geneNS5A|query7-336|h77_aa3-112|extracted_nt330|aligned_aa110|pident76.364,HCV,4r,100.0
MF182733|geneNS5A|query1-597|h77_aa7-205|extracted_nt597|aligned_aa199|pident94.472,HCV,1a,100.0
MG454780|geneNS5A|query7-1329|h77_aa3-448|extracted_nt1323|aligned_aa449|pident69.933,HCV,4o,100.0
MG454799|geneNS5A|query4-1344|h77_aa2-448|extracted_nt1341|aligned_aa447|pident93.065,HCV,1a,100.0
MG454787|geneNS5A|query1-1344|h77_aa1-448|extracted_nt1344|aligned_aa448|pident94.196,HCV,1a,100.0
MG454801|geneNS5A|query1-1344|h77_aa1-448|extracted_nt1344|aligned_aa448|pident93.750,HCV,1a,100.0
MG454785|geneNS5A|query1-1341|h77_aa1-448|extracted_nt1341|aligned_aa448|pident79.464,HCV,1b,100.0
MG454814|geneNS5A|query1-1344|h77_aa1-448|extracted_nt1344|aligned_aa448|pident93.973,HCV,1a,100.0
MG454819|geneNS5A|query1-1344|h77_aa1-448|extracted_nt1344|aligned_aa448|pident95.089,HCV,1a,100.0
MG454809|geneNS5A|query1-1344|h77_aa1-448|extracted_nt1344|aligned_aa448|pident94.643,HCV,1a,100.0
MG454828|geneNS5A|query1-1344|h77_aa1-448|extracted_nt1344|aligned_aa448|pident94.196,HCV,1a,100.0
MG454840|geneNS5A|query1-1344|h77_aa1-448|extracted_nt1344|aligned_aa448|pident94.196,HCV,1a,100.0
MG454820|geneNS5A|query1-1344|h77_aa1-448|extracted_nt1344|aligned_aa448|pident94.196,HCV,1a,100.0
MG454846|geneNS5A|query1-1344|h77_aa1-448|extracted_nt1344|aligned_aa448|pident93.973,HCV,1a,100.0
MG454843|geneNS5A|query1-1344|h77_aa1-448|extracted_nt1344|aligned_aa448|pident95.759,HCV,1a,100.0
MG454845|geneNS5A|query1-1344|h77_aa1-448|extracted_nt1344|aligned_aa448|pident94.643,HCV,1a,100.0
MG454834|geneNS5A|query1-1344|h77_aa1-448|extracted_nt1344|aligned_aa448|pident93.750,HCV,1a,100.0
MG454841|geneNS5A|query1-1341|h77_aa1-448|extracted_nt1341|aligned_aa448|pident80.580,HCV,1b,100.0
MG454847|geneNS5A|query1-1341|h77_aa1-448|extracted_nt1341|aligned_aa448|pident77.232,HCV,1b,100.0
MG454865|geneNS5A|query1-1341|h77_aa1-447|extracted_nt1341|aligned_aa447|pident77.629,HCV,1b,100.0
MG454867|geneNS5A|query1-1398|h77_aa1-448|extracted_nt1398|aligned_aa472|pident58.475,HCV,2b,100.0
MG454858|geneNS5A|query1-1344|h77_aa1-448|extracted_nt1344|aligned_aa448|pident95.536,HCV,1a,100.0
MG454869|geneNS5A|query1-1284|h77_aa1-428|extracted_nt1284|aligned_aa437|pident60.183,HCV,2b,100.0
MG454899|geneNS5A|query1-1341|h77_aa1-448|extracted_nt1341|aligned_aa449|pident79.955,HCV,1b,100.0
MG454907|geneNS5A|query1-1341|h77_aa1-448|extracted_nt1341|aligned_aa448|pident78.571,HCV,1b,100.0
MG454909|geneNS5A|query1-1341|h77_aa1-448|extracted_nt1341|aligned_aa449|pident80.178,HCV,1b,100.0
MG454908|geneNS5A|query1-1344|h77_aa1-448|extracted_nt1344|aligned_aa448|pident92.857,HCV,1a,100.0
MG454911|geneNS5A|query1-1341|h77_aa1-448|extracted_nt1341|aligned_aa450|pident78.444,HCV,1b,100.0
MN146608|geneNS5A|query1-1344|h77_aa1-448|extracted_nt1344|aligned_aa448|pident93.527,HCV,1a,100.0
MN146605|geneNS5A|query1-1344|h77_aa1-448|extracted_nt1344|aligned_aa448|pident93.527,HCV,1a,100.0
MN146607|geneNS5A|query1-1344|h77_aa1-448|extracted_nt1344|aligned_aa448|pident93.304,HCV,1a,100.0
MN146619|geneNS5A|query1-1344|h77_aa1-448|extracted_nt1344|aligned_aa448|pident94.643,HCV,1a,100.0
MN146652|geneNS5A|query1-1344|h77_aa1-448|extracted_nt1344|aligned_aa448|pident93.527,HCV,1a,100.0
MN146637|geneNS5A|query1-1341|h77_aa2-448|extracted_nt1341|aligned_aa447|pident94.183,HCV,1a,100.0
MN146660|geneNS5A|query1-1344|h77_aa1-448|extracted_nt1344|aligned_aa448|pident93.750,HCV,1a,100.0
MN146663|geneNS5A|query1-1341|h77_aa1-448|extracted_nt1341|aligned_aa449|pident80.846,HCV,1b,100.0
MN146672|geneNS5A|query1-1344|h77_aa1-448|extracted_nt1344|aligned_aa448|pident94.866,HCV,1a,100.0
MN146671|geneNS5A|query1-1344|h77_aa1-448|extracted_nt1344|aligned_aa448|pident94.866,HCV,1a,100.0
MN146659|geneNS5A|query1-1344|h77_aa1-448|extracted_nt1344|aligned_aa448|pident93.080,HCV,1a,100.0
MN146676|geneNS5A|query1-1344|h77_aa1-448|extracted_nt1344|aligned_aa448|pident93.527,HCV,1a,100.0
MN146678|geneNS5A|query1-1344|h77_aa1-448|extracted_nt1344|aligned_aa448|pident93.527,HCV,1a,100.0
MN146679|geneNS5A|query1-1344|h77_aa1-448|extracted_nt1344|aligned_aa448|pident93.527,HCV,1a,100.0
MN164845|geneNS5A|query5917-7260|h77_aa1-448|extracted_nt1344|aligned_aa448|pident87.500,HCV,1a,100.0
MN164855|geneNS5A|query5917-7260|h77_aa1-448|extracted_nt1344|aligned_aa448|pident87.054,HCV,1a,100.0
MN164853|geneNS5A|query5917-7260|h77_aa1-448|extracted_nt1344|aligned_aa448|pident89.509,HCV,1a,100.0
MN164863|geneNS5A|query5917-7260|h77_aa1-448|extracted_nt1344|aligned_aa448|pident91.071,HCV,1a,100.0
MN164868|geneNS5A|query5917-7260|h77_aa1-448|extracted_nt1344|aligned_aa448|pident87.277,HCV,"unassigned_1, 1a-1b",NA
MN227827|geneNS5A|query4-453|h77_aa3-152|extracted_nt450|aligned_aa150|pident73.333,HCV,3a,100.0
MN227829|geneNS5A|query1-459|h77_aa2-154|extracted_nt459|aligned_aa153|pident73.856,HCV,3a,100.0
MN227866|geneNS5A|query1-459|h77_aa2-154|extracted_nt459|aligned_aa153|pident73.203,HCV,3a,100.0
MN227819|geneNS5A|query1-459|h77_aa2-154|extracted_nt459|aligned_aa153|pident74.510,HCV,3a,100.0
MN227893|geneNS5A|query1-459|h77_aa2-154|extracted_nt459|aligned_aa153|pident74.510,HCV,3a,100.0
MN227902|geneNS5A|query5-445|h77_aa8-154|extracted_nt441|aligned_aa147|pident74.830,HCV,3a,100.0
MN227943|geneNS5A|query1-459|h77_aa2-154|extracted_nt459|aligned_aa153|pident74.510,HCV,3a,100.0
MN227946|geneNS5A|query1-459|h77_aa2-154|extracted_nt459|aligned_aa153|pident74.510,HCV,3a,100.0
MN240359|geneNS5A|query6247-7599|h77_aa3-448|extracted_nt1353|aligned_aa455|pident70.549,HCV,4k,38.0
LC773637|geneNS5A|query6141-7460|h77_aa3-448|extracted_nt1320|aligned_aa448|pident73.661,HCV,4f,100.0
LC773640|geneNS5A|query6166-7488|h77_aa3-448|extracted_nt1323|aligned_aa449|pident71.715,HCV,4v,94.0
MF114237|geneNS5A|query1-378|h77_aa1-126|extracted_nt378|aligned_aa126|pident80.952,HCV,1b,100.0
M58335|geneNS5A|query6249-7589|h77_aa1-448|extracted_nt1341|aligned_aa448|pident79.688,HCV,1b,100.0
MN385563|geneNS5A|query6233-7630|h77_aa1-448|extracted_nt1398|aligned_aa472|pident58.686,HCV,2b,100.0
M84754|geneNS5A|query6258-7598|h77_aa1-448|extracted_nt1341|aligned_aa449|pident79.955,HCV,1b,100.0
MF114238|geneNS5A|query1-663|h77_aa1-221|extracted_nt663|aligned_aa221|pident80.543,HCV,1b,100.0
MF182708|geneNS5A|query1-597|h77_aa7-205|extracted_nt597|aligned_aa199|pident80.905,HCV,1b,100.0
MF182712|geneNS5A|query1-597|h77_aa7-205|extracted_nt597|aligned_aa199|pident97.990,HCV,1a,100.0
MF182710|geneNS5A|query1-597|h77_aa7-205|extracted_nt597|aligned_aa199|pident81.910,HCV,1b,100.0
MF182713|geneNS5A|query1-597|h77_aa7-205|extracted_nt597|aligned_aa199|pident81.407,HCV,1b,100.0
MF182732|geneNS5A|query1-597|h77_aa7-205|extracted_nt597|aligned_aa199|pident94.472,HCV,1a,100.0
MF182727|geneNS5A|query1-597|h77_aa7-205|extracted_nt597|aligned_aa199|pident80.905,HCV,1b,100.0
MG000204|geneNS5A|query7-336|h77_aa3-112|extracted_nt330|aligned_aa110|pident76.364,HCV,4r,100.0
MG280931|geneNS5A|query2-289|h77_aa13-108|extracted_nt288|aligned_aa96|pident95.833,HCV,1a,100.0
MG280927|geneNS5A|query3-287|h77_aa14-108|extracted_nt285|aligned_aa95|pident95.789,HCV,1a,100.0
MG454779|geneNS5A|query7-1335|h77_aa3-448|extracted_nt1329|aligned_aa450|pident70.000,HCV,4a,100.0
MG454773|geneNS5A|query1-1335|h77_aa1-448|extracted_nt1335|aligned_aa452|pident72.566,HCV,4a,100.0
MG454781|geneNS5A|query7-1335|h77_aa3-448|extracted_nt1329|aligned_aa450|pident73.111,HCV,4a,100.0
MG454793|geneNS5A|query1-1344|h77_aa1-448|extracted_nt1344|aligned_aa448|pident93.973,HCV,1a,100.0
MG454791|geneNS5A|query1-1329|h77_aa1-448|extracted_nt1329|aligned_aa451|pident71.619,HCV,4o,100.0
MG454796|geneNS5A|query1-1344|h77_aa1-448|extracted_nt1344|aligned_aa448|pident95.759,HCV,1a,100.0
MG454802|geneNS5A|query1-1344|h77_aa1-448|extracted_nt1344|aligned_aa448|pident95.536,HCV,1a,100.0
MG454808|geneNS5A|query1-1344|h77_aa1-448|extracted_nt1344|aligned_aa448|pident95.982,HCV,1a,100.0
MG454800|geneNS5A|query1-1344|h77_aa1-448|extracted_nt1344|aligned_aa448|pident93.973,HCV,1a,100.0
MG454798|geneNS5A|query1-1344|h77_aa1-448|extracted_nt1344|aligned_aa448|pident94.866,HCV,1a,100.0
MG454811|geneNS5A|query1-1344|h77_aa1-448|extracted_nt1344|aligned_aa448|pident94.196,HCV,1a,100.0
MG454815|geneNS5A|query1-1344|h77_aa1-448|extracted_nt1344|aligned_aa448|pident94.420,HCV,1a,100.0
MG454823|geneNS5A|query1-1398|h77_aa1-448|extracted_nt1398|aligned_aa477|pident57.023,HCV,2b,100.0
MG454830|geneNS5A|query1-1341|h77_aa1-448|extracted_nt1341|aligned_aa448|pident80.357,HCV,1b,100.0
MG454822|geneNS5A|query1-1341|h77_aa1-448|extracted_nt1341|aligned_aa449|pident80.624,HCV,1b,100.0
MG454837|geneNS5A|query1-1341|h77_aa1-448|extracted_nt1341|aligned_aa449|pident80.401,HCV,1b,100.0
MG454835|geneNS5A|query1-1344|h77_aa1-448|extracted_nt1344|aligned_aa448|pident95.536,HCV,1a,100.0
MG454844|geneNS5A|query1-1344|h77_aa1-448|extracted_nt1344|aligned_aa448|pident92.634,HCV,1a,100.0
MG454838|geneNS5A|query1-1398|h77_aa1-448|extracted_nt1398|aligned_aa472|pident58.263,HCV,2b,100.0
MG454853|geneNS5A|query1-1344|h77_aa1-448|extracted_nt1344|aligned_aa448|pident94.643,HCV,1a,100.0
MG454848|geneNS5A|query1-1284|h77_aa1-428|extracted_nt1284|aligned_aa432|pident62.037,HCV,2b,100.0
MG454855|geneNS5A|query1-1344|h77_aa1-448|extracted_nt1344|aligned_aa448|pident92.857,HCV,1a,100.0
MG454852|geneNS5A|query1-1344|h77_aa1-448|extracted_nt1344|aligned_aa448|pident97.098,HCV,1a,100.0
MG454860|geneNS5A|query1-1341|h77_aa1-448|extracted_nt1341|aligned_aa449|pident79.510,HCV,1b,100.0
MG454857|geneNS5A|query1-1341|h77_aa1-448|extracted_nt1341|aligned_aa448|pident79.464,HCV,1b,100.0
MG454864|geneNS5A|query1-1413|h77_aa1-448|extracted_nt1413|aligned_aa477|pident61.006,HCV,2c,100.0
MG454877|geneNS5A|query1-1341|h77_aa1-448|extracted_nt1341|aligned_aa453|pident79.029,HCV,1b,100.0
MG454870|geneNS5A|query1-1344|h77_aa1-448|extracted_nt1344|aligned_aa448|pident93.973,HCV,1a,100.0
MG454879|geneNS5A|query1-1344|h77_aa1-448|extracted_nt1344|aligned_aa448|pident94.866,HCV,1a,100.0
MG454880|geneNS5A|query1-1341|h77_aa1-448|extracted_nt1341|aligned_aa448|pident79.688,HCV,1b,100.0
MG454892|geneNS5A|query1-1344|h77_aa1-448|extracted_nt1344|aligned_aa448|pident93.527,HCV,1a,100.0
MG454885|geneNS5A|query1-1344|h77_aa1-448|extracted_nt1344|aligned_aa448|pident92.857,HCV,1a,100.0
MG454872|geneNS5A|query7-1332|h77_aa3-448|extracted_nt1326|aligned_aa449|pident73.051,HCV,4d,100.0
MG454888|geneNS5A|query1-1344|h77_aa1-448|extracted_nt1344|aligned_aa448|pident95.089,HCV,1a,100.0
MG454896|geneNS5A|query1-1344|h77_aa1-448|extracted_nt1344|aligned_aa448|pident95.089,HCV,1a,100.0
MG454895|geneNS5A|query1-1398|h77_aa1-448|extracted_nt1398|aligned_aa472|pident58.898,HCV,2b,100.0
MG454912|geneNS5A|query7-1335|h77_aa3-448|extracted_nt1329|aligned_aa450|pident71.778,HCV,4a,100.0
MG454915|geneNS5A|query7-1335|h77_aa3-448|extracted_nt1329|aligned_aa450|pident72.000,HCV,4a,100.0
MG454918|geneNS5A|query1-1353|h77_aa1-448|extracted_nt1353|aligned_aa453|pident72.627,HCV,6h,100.0
MG454939|geneNS5A|query1-1344|h77_aa1-448|extracted_nt1344|aligned_aa448|pident93.973,HCV,1a,100.0
MG454933|geneNS5A|query1-1344|h77_aa1-448|extracted_nt1344|aligned_aa448|pident94.196,HCV,1a,100.0
MG454940|geneNS5A|query1-1341|h77_aa1-448|extracted_nt1341|aligned_aa449|pident80.846,HCV,1b,100.0
MG454950|geneNS5A|query1-1344|h77_aa1-448|extracted_nt1344|aligned_aa448|pident94.866,HCV,1a,100.0
MG454928|geneNS5A|query1-1344|h77_aa1-448|extracted_nt1344|aligned_aa448|pident96.205,HCV,1a,100.0
MG454955|geneNS5A|query1-1344|h77_aa1-448|extracted_nt1344|aligned_aa448|pident95.089,HCV,1a,100.0
MG454953|geneNS5A|query1-1344|h77_aa1-448|extracted_nt1344|aligned_aa448|pident94.866,HCV,1a,100.0
MG454960|geneNS5A|query1-1341|h77_aa1-448|extracted_nt1341|aligned_aa449|pident80.178,HCV,1b,100.0
MG454969|geneNS5A|query7-1353|h77_aa3-448|extracted_nt1347|aligned_aa456|pident71.053,HCV,6a,100.0
MG454970|geneNS5A|query1-1344|h77_aa1-448|extracted_nt1344|aligned_aa448|pident94.420,HCV,1a,100.0
MG454967|geneNS5A|query1-1344|h77_aa1-448|extracted_nt1344|aligned_aa448|pident90.625,HCV,1a,100.0
MG454996|geneNS5A|query1-1395|h77_aa1-448|extracted_nt1395|aligned_aa477|pident58.910,HCV,2b,100.0
MG454997|geneNS5A|query7-1368|h77_aa3-448|extracted_nt1362|aligned_aa460|pident70.870,HCV,6e,100.0
MG454998|geneNS5A|query7-1335|h77_aa3-448|extracted_nt1329|aligned_aa450|pident72.667,HCV,4a,100.0
MG455000|geneNS5A|query1-1398|h77_aa1-448|extracted_nt1398|aligned_aa473|pident60.042,HCV,2j,98.0
MG455004|geneNS5A|query1-1344|h77_aa1-448|extracted_nt1344|aligned_aa448|pident89.509,HCV,1a,100.0
MG455024|geneNS5A|query1-1344|h77_aa1-448|extracted_nt1344|aligned_aa448|pident94.420,HCV,1a,100.0
MG455005|geneNS5A|query1-1338|h77_aa1-448|extracted_nt1338|aligned_aa452|pident70.354,HCV,4a,100.0
MG455013|geneNS5A|query1-1344|h77_aa1-448|extracted_nt1344|aligned_aa448|pident94.643,HCV,1a,100.0
MG455030|geneNS5A|query4-1344|h77_aa2-448|extracted_nt1341|aligned_aa447|pident92.841,HCV,1a,100.0
MG455025|geneNS5A|query1-1344|h77_aa1-448|extracted_nt1344|aligned_aa448|pident91.964,HCV,1a,100.0
MG455036|geneNS5A|query1-1344|h77_aa1-448|extracted_nt1344|aligned_aa448|pident95.536,HCV,1a,100.0
MG455035|geneNS5A|query1-1296|h77_aa1-428|extracted_nt1296|aligned_aa436|pident62.844,HCV,2q,77.0
MG455034|geneNS5A|query7-1332|h77_aa3-448|extracted_nt1326|aligned_aa449|pident74.610,HCV,4d,100.0
MG455054|geneNS5A|query1-1344|h77_aa1-448|extracted_nt1344|aligned_aa448|pident95.759,HCV,1a,100.0
MG455059|geneNS5A|query7-1335|h77_aa3-448|extracted_nt1329|aligned_aa450|pident71.556,HCV,4a,100.0
MG455076|geneNS5A|query1-1398|h77_aa1-448|extracted_nt1398|aligned_aa472|pident59.746,HCV,2a,100.0
MG455070|geneNS5A|query1-1341|h77_aa1-448|extracted_nt1341|aligned_aa449|pident77.506,HCV,1b,100.0
MG455089|geneNS5A|query1-1299|h77_aa1-428|extracted_nt1299|aligned_aa433|pident63.279,HCV,2i,100.0
MG455090|geneNS5A|query1-1398|h77_aa1-448|extracted_nt1398|aligned_aa472|pident57.627,HCV,2b,100.0
MG455094|geneNS5A|query7-1353|h77_aa3-448|extracted_nt1347|aligned_aa454|pident71.806,HCV,6a,100.0
MG455096|geneNS5A|query1-1398|h77_aa1-448|extracted_nt1398|aligned_aa472|pident61.653,HCV,2c,100.0
MG455103|geneNS5A|query1-1341|h77_aa1-448|extracted_nt1341|aligned_aa448|pident80.357,HCV,1b,100.0
MG455097|geneNS5A|query7-1353|h77_aa3-448|extracted_nt1347|aligned_aa454|pident71.586,HCV,6a,100.0
MG455129|geneNS5A|query7-1353|h77_aa3-448|extracted_nt1347|aligned_aa454|pident70.485,HCV,6a,100.0
MG455138|geneNS5A|query7-1335|h77_aa3-448|extracted_nt1329|aligned_aa450|pident71.333,HCV,4a,100.0
MG455145|geneNS5A|query1-1344|h77_aa1-448|extracted_nt1344|aligned_aa448|pident90.179,HCV,1a,100.0
MG455139|geneNS5A|query1-1344|h77_aa1-448|extracted_nt1344|aligned_aa448|pident93.527,HCV,1a,100.0
MG455149|geneNS5A|query4-1350|h77_aa2-448|extracted_nt1347|aligned_aa453|pident67.550,HCV,5a,100.0
MG455160|geneNS5A|query1-1335|h77_aa1-448|extracted_nt1335|aligned_aa452|pident72.124,HCV,4a,100.0
MG455161|geneNS5A|query7-1335|h77_aa3-448|extracted_nt1329|aligned_aa450|pident71.111,HCV,4a,100.0
MG455163|geneNS5A|query1-1296|h77_aa1-432|extracted_nt1296|aligned_aa436|pident63.073,HCV,2j,100.0
MG455164|geneNS5A|query1-1344|h77_aa1-448|extracted_nt1344|aligned_aa448|pident93.304,HCV,1a,100.0
MG454954|geneNS5A|query1-1344|h77_aa1-448|extracted_nt1344|aligned_aa448|pident94.643,HCV,1a,100.0
MG454974|geneNS5A|query1-1284|h77_aa1-428|extracted_nt1284|aligned_aa432|pident61.806,HCV,2a,100.0
MG454971|geneNS5A|query1-1344|h77_aa1-448|extracted_nt1344|aligned_aa448|pident94.643,HCV,1a,100.0
MG454980|geneNS5A|query1-1344|h77_aa1-448|extracted_nt1344|aligned_aa448|pident96.205,HCV,1a,100.0
MG454976|geneNS5A|query7-1344|h77_aa3-448|extracted_nt1338|aligned_aa449|pident76.392,HCV,4k,100.0
MG454988|geneNS5A|query1-1344|h77_aa1-448|extracted_nt1344|aligned_aa448|pident93.304,HCV,1a,100.0
MG454978|geneNS5A|query1-1341|h77_aa1-448|extracted_nt1341|aligned_aa449|pident81.514,HCV,1b,100.0
MG454990|geneNS5A|query1-1398|h77_aa1-448|extracted_nt1398|aligned_aa472|pident57.415,HCV,2b,100.0
MG454983|geneNS5A|query1-1014|h77_aa1-342|extracted_nt1014|aligned_aa342|pident63.158,HCV,2a,100.0
MG454982|geneNS5A|query1-1344|h77_aa1-448|extracted_nt1344|aligned_aa448|pident95.982,HCV,1a,100.0
MG454985|geneNS5A|query1-1389|h77_aa1-446|extracted_nt1389|aligned_aa475|pident58.526,HCV,2b,100.0
MG455001|geneNS5A|query1-1341|h77_aa1-448|extracted_nt1341|aligned_aa448|pident78.125,HCV,1b,100.0
MG454994|geneNS5A|query4-1350|h77_aa2-448|extracted_nt1347|aligned_aa453|pident68.874,HCV,5a,100.0
MG454995|geneNS5A|query1-1335|h77_aa1-448|extracted_nt1335|aligned_aa452|pident73.230,HCV,4a,100.0
MG455016|geneNS5A|query1-1344|h77_aa1-448|extracted_nt1344|aligned_aa448|pident91.518,HCV,1a,100.0
MG455023|geneNS5A|query7-1332|h77_aa3-448|extracted_nt1326|aligned_aa449|pident73.274,HCV,4d,100.0
MG455028|geneNS5A|query4-1398|h77_aa2-448|extracted_nt1395|aligned_aa471|pident58.811,HCV,2a,100.0
MG455046|geneNS5A|query1-1341|h77_aa1-448|extracted_nt1341|aligned_aa449|pident81.514,HCV,1b,100.0
MG455043|geneNS5A|query4-1350|h77_aa2-448|extracted_nt1347|aligned_aa453|pident67.329,HCV,5a,100.0
MG455038|geneNS5A|query1-1344|h77_aa1-448|extracted_nt1344|aligned_aa448|pident81.250,HCV,1b,76.0
MG455045|geneNS5A|query1-1014|h77_aa1-342|extracted_nt1014|aligned_aa342|pident64.327,HCV,2a,100.0
MG455048|geneNS5A|query1-1404|h77_aa1-448|extracted_nt1404|aligned_aa472|pident58.898,HCV,2b,100.0
MG455044|geneNS5A|query7-1335|h77_aa3-448|extracted_nt1329|aligned_aa450|pident71.333,HCV,4a,100.0
MG455051|geneNS5A|query1-1344|h77_aa1-448|extracted_nt1344|aligned_aa448|pident94.196,HCV,1a,100.0
MG455062|geneNS5A|query1-1335|h77_aa1-448|extracted_nt1335|aligned_aa452|pident73.009,HCV,4a,100.0
MG455049|geneNS5A|query7-1335|h77_aa3-448|extracted_nt1329|aligned_aa450|pident73.111,HCV,4a,100.0
MG455065|geneNS5A|query4-1329|h77_aa2-448|extracted_nt1326|aligned_aa450|pident71.778,HCV,4c,99.0
MG455069|geneNS5A|query4-1350|h77_aa2-448|extracted_nt1347|aligned_aa453|pident68.212,HCV,5a,100.0
MG455071|geneNS5A|query1-1398|h77_aa1-448|extracted_nt1398|aligned_aa472|pident60.593,HCV,2j,77.0
MG455039|geneNS5A|query1-1344|h77_aa1-448|extracted_nt1344|aligned_aa448|pident81.027,HCV,1b,87.0
MG455086|geneNS5A|query1-1344|h77_aa1-448|extracted_nt1344|aligned_aa448|pident91.964,HCV,1a,100.0
MG455081|geneNS5A|query1-1341|h77_aa1-448|extracted_nt1341|aligned_aa448|pident77.902,HCV,1b,100.0
MG455085|geneNS5A|query1-1344|h77_aa1-448|extracted_nt1344|aligned_aa448|pident90.179,HCV,1a,100.0
MG455109|geneNS5A|query10-1335|h77_aa3-448|extracted_nt1326|aligned_aa449|pident73.942,HCV,4n,100.0
MG455099|geneNS5A|query1-1398|h77_aa1-448|extracted_nt1398|aligned_aa472|pident58.263,HCV,2b,100.0
MG455118|geneNS5A|query1-1398|h77_aa1-448|extracted_nt1398|aligned_aa472|pident58.686,HCV,2b,100.0
MG455120|geneNS5A|query7-1341|h77_aa3-448|extracted_nt1335|aligned_aa452|pident70.354,HCV,4a,100.0
MG455125|geneNS5A|query1-1344|h77_aa1-448|extracted_nt1344|aligned_aa448|pident90.625,HCV,1a,100.0
MG455134|geneNS5A|query1-1296|h77_aa1-431|extracted_nt1296|aligned_aa436|pident63.073,HCV,2i,100.0
MG455126|geneNS5A|query1-1344|h77_aa1-448|extracted_nt1344|aligned_aa448|pident94.643,HCV,1a,100.0
MG455136|geneNS5A|query1-1341|h77_aa1-448|extracted_nt1341|aligned_aa449|pident79.955,HCV,1b,100.0
MG455137|geneNS5A|query1-1341|h77_aa1-448|extracted_nt1341|aligned_aa448|pident77.902,HCV,1b,100.0
MG455155|geneNS5A|query7-1335|h77_aa3-448|extracted_nt1329|aligned_aa450|pident71.333,HCV,4a,100.0
MG455153|geneNS5A|query7-1389|h77_aa3-446|extracted_nt1383|aligned_aa468|pident58.120,HCV,2b,100.0
MG455174|geneNS5A|query7-1332|h77_aa3-448|extracted_nt1326|aligned_aa449|pident72.829,HCV,4d,100.0
MG455182|geneNS5A|query1-1350|h77_aa1-448|extracted_nt1350|aligned_aa454|pident70.044,HCV,5a,100.0
MG455191|geneNS5A|query1-1344|h77_aa1-448|extracted_nt1344|aligned_aa448|pident94.420,HCV,1a,100.0
MG455190|geneNS5A|query7-1332|h77_aa3-448|extracted_nt1326|aligned_aa449|pident74.165,HCV,4d,100.0
MG455192|geneNS5A|query1-1344|h77_aa1-448|extracted_nt1344|aligned_aa448|pident94.196,HCV,1a,100.0
MG455179|geneNS5A|query1-1341|h77_aa1-448|extracted_nt1341|aligned_aa449|pident78.619,HCV,1b,100.0
MN146518|geneNS5A|query1-1341|h77_aa1-448|extracted_nt1341|aligned_aa448|pident80.357,HCV,1b,100.0
MN146516|geneNS5A|query1-1341|h77_aa1-448|extracted_nt1341|aligned_aa448|pident80.580,HCV,1b,100.0
MN146525|geneNS5A|query1-1341|h77_aa1-447|extracted_nt1341|aligned_aa447|pident88.814,HCV,1a,100.0
MN146517|geneNS5A|query1-1341|h77_aa1-448|extracted_nt1341|aligned_aa448|pident80.580,HCV,1b,100.0
MN146520|geneNS5A|query1-1341|h77_aa1-448|extracted_nt1341|aligned_aa449|pident81.292,HCV,1b,100.0
MN146526|geneNS5A|query1-1341|h77_aa2-448|extracted_nt1341|aligned_aa447|pident89.709,HCV,1a,100.0
MN146513|geneNS5A|query1-1356|h77_aa1-448|extracted_nt1356|aligned_aa455|pident70.110,HCV,3a,100.0
MN146534|geneNS5A|query1-1344|h77_aa1-448|extracted_nt1344|aligned_aa448|pident92.411,HCV,1a,100.0
MN146543|geneNS5A|query1-1341|h77_aa2-448|extracted_nt1341|aligned_aa447|pident95.973,HCV,1a,100.0
MN146529|geneNS5A|query1-1341|h77_aa2-448|extracted_nt1341|aligned_aa447|pident95.078,HCV,1a,100.0
MN146522|geneNS5A|query1-1341|h77_aa1-448|extracted_nt1341|aligned_aa449|pident81.292,HCV,1b,100.0
MN146550|geneNS5A|query1-1341|h77_aa2-448|extracted_nt1341|aligned_aa447|pident94.407,HCV,1a,100.0
MN146544|geneNS5A|query1-1341|h77_aa2-448|extracted_nt1341|aligned_aa447|pident95.973,HCV,1a,100.0
MN146554|geneNS5A|query1-1341|h77_aa2-448|extracted_nt1341|aligned_aa447|pident93.289,HCV,1a,100.0
MN146555|geneNS5A|query1-1341|h77_aa2-448|extracted_nt1341|aligned_aa447|pident93.512,HCV,1a,100.0
MN146564|geneNS5A|query1-1341|h77_aa2-448|extracted_nt1341|aligned_aa447|pident95.973,HCV,1a,100.0
MN146563|geneNS5A|query1-1341|h77_aa2-448|extracted_nt1341|aligned_aa447|pident95.749,HCV,1a,100.0
MN146565|geneNS5A|query1-1341|h77_aa2-448|extracted_nt1341|aligned_aa447|pident95.749,HCV,1a,100.0
MN146551|geneNS5A|query1-1341|h77_aa1-447|extracted_nt1341|aligned_aa447|pident93.289,HCV,1a,100.0
MN146569|geneNS5A|query1-1338|h77_aa2-448|extracted_nt1338|aligned_aa448|pident80.134,HCV,1b,100.0
MN146568|geneNS5A|query1-1338|h77_aa2-448|extracted_nt1338|aligned_aa448|pident80.357,HCV,1b,100.0
MN146572|geneNS5A|query1-1341|h77_aa1-448|extracted_nt1341|aligned_aa449|pident80.401,HCV,1b,100.0
MN146579|geneNS5A|query1-1344|h77_aa1-448|extracted_nt1344|aligned_aa448|pident95.982,HCV,1a,100.0
MN146581|geneNS5A|query1-1344|h77_aa1-448|extracted_nt1344|aligned_aa448|pident90.848,HCV,1a,100.0
MN146570|geneNS5A|query1-1338|h77_aa2-448|extracted_nt1338|aligned_aa448|pident79.911,HCV,1b,100.0
MN146574|geneNS5A|query1-1344|h77_aa1-448|extracted_nt1344|aligned_aa448|pident95.982,HCV,1a,100.0
MN146587|geneNS5A|query1-1344|h77_aa1-448|extracted_nt1344|aligned_aa448|pident93.750,HCV,1a,100.0
MN146584|geneNS5A|query1-1344|h77_aa1-448|extracted_nt1344|aligned_aa448|pident90.402,HCV,1a,100.0
MN146598|geneNS5A|query1-1356|h77_aa1-448|extracted_nt1356|aligned_aa456|pident69.518,HCV,3a,100.0
MN146604|geneNS5A|query1-1344|h77_aa1-448|extracted_nt1344|aligned_aa448|pident93.527,HCV,1a,100.0
MN146597|geneNS5A|query1-1356|h77_aa1-448|extracted_nt1356|aligned_aa456|pident69.518,HCV,3a,100.0
MN146600|geneNS5A|query1-1344|h77_aa1-448|extracted_nt1344|aligned_aa448|pident95.089,HCV,1a,100.0
MN146465|geneNS5A|query1-1344|h77_aa1-448|extracted_nt1344|aligned_aa448|pident96.429,HCV,1a,100.0
MN146464|geneNS5A|query1-1344|h77_aa1-448|extracted_nt1344|aligned_aa448|pident96.205,HCV,1a,100.0
MN146466|geneNS5A|query1-1341|h77_aa1-447|extracted_nt1341|aligned_aa447|pident96.197,HCV,1a,100.0
MN146476|geneNS5A|query1-1344|h77_aa1-448|extracted_nt1344|aligned_aa448|pident93.750,HCV,1a,100.0
MN146469|geneNS5A|query1-1344|h77_aa1-448|extracted_nt1344|aligned_aa448|pident96.205,HCV,1a,100.0
MN146467|geneNS5A|query1-1344|h77_aa1-448|extracted_nt1344|aligned_aa448|pident96.205,HCV,1a,100.0
MN146475|geneNS5A|query1-1344|h77_aa1-448|extracted_nt1344|aligned_aa448|pident94.196,HCV,1a,100.0
MN146479|geneNS5A|query1-1344|h77_aa1-448|extracted_nt1344|aligned_aa448|pident94.196,HCV,1a,100.0
MN146477|geneNS5A|query1-1344|h77_aa1-448|extracted_nt1344|aligned_aa448|pident94.196,HCV,1a,100.0
MN146488|geneNS5A|query1-1341|h77_aa1-448|extracted_nt1341|aligned_aa449|pident79.733,HCV,1b,100.0
MN146472|geneNS5A|query1-1341|h77_aa1-447|extracted_nt1341|aligned_aa447|pident94.855,HCV,1a,100.0
MN146489|geneNS5A|query1-1341|h77_aa1-448|extracted_nt1341|aligned_aa449|pident79.733,HCV,1b,100.0
MN146486|geneNS5A|query1-1341|h77_aa1-448|extracted_nt1341|aligned_aa449|pident79.733,HCV,1b,100.0
MN146501|geneNS5A|query4-1341|h77_aa3-448|extracted_nt1338|aligned_aa446|pident93.049,HCV,1a,100.0
MN146500|geneNS5A|query1-1341|h77_aa1-447|extracted_nt1341|aligned_aa447|pident92.841,HCV,1a,100.0
MN146514|geneNS5A|query1-1356|h77_aa1-448|extracted_nt1356|aligned_aa455|pident70.110,HCV,3a,100.0
MN227781|geneNS5A|query1-459|h77_aa2-154|extracted_nt459|aligned_aa153|pident74.510,HCV,3a,100.0
MN227780|geneNS5A|query1-459|h77_aa2-154|extracted_nt459|aligned_aa153|pident75.163,HCV,3a,100.0
MN164872|geneNS5A|query5917-7260|h77_aa1-448|extracted_nt1344|aligned_aa448|pident86.161,HCV,1a,100.0
MN227782|geneNS5A|query1-459|h77_aa2-154|extracted_nt459|aligned_aa153|pident74.510,HCV,3a,100.0
MN227786|geneNS5A|query1-459|h77_aa2-154|extracted_nt459|aligned_aa153|pident74.510,HCV,3a,100.0
MN227793|geneNS5A|query1-459|h77_aa2-154|extracted_nt459|aligned_aa153|pident74.510,HCV,3a,100.0
MN227795|geneNS5A|query1-459|h77_aa2-154|extracted_nt459|aligned_aa153|pident73.203,HCV,3a,100.0
MN227796|geneNS5A|query7-459|h77_aa4-154|extracted_nt453|aligned_aa151|pident74.834,HCV,3a,100.0
MN227801|geneNS5A|query1-459|h77_aa2-154|extracted_nt459|aligned_aa153|pident73.856,HCV,3a,100.0
MN227802|geneNS5A|query1-459|h77_aa2-154|extracted_nt459|aligned_aa153|pident74.510,HCV,3a,100.0
MN227798|geneNS5A|query7-459|h77_aa4-154|extracted_nt453|aligned_aa151|pident74.834,HCV,3a,100.0
MN227805|geneNS5A|query1-459|h77_aa2-154|extracted_nt459|aligned_aa153|pident74.510,HCV,3a,100.0
MN227788|geneNS5A|query7-459|h77_aa4-154|extracted_nt453|aligned_aa151|pident74.834,HCV,3a,100.0
MN227807|geneNS5A|query1-459|h77_aa2-154|extracted_nt459|aligned_aa153|pident73.856,HCV,3a,100.0
MN227784|geneNS5A|query1-459|h77_aa2-154|extracted_nt459|aligned_aa153|pident75.163,HCV,3a,100.0
MN227804|geneNS5A|query1-459|h77_aa2-154|extracted_nt459|aligned_aa153|pident75.163,HCV,3a,100.0
MN227810|geneNS5A|query1-459|h77_aa2-154|extracted_nt459|aligned_aa153|pident72.549,HCV,3a,100.0
MN227811|geneNS5A|query1-459|h77_aa2-154|extracted_nt459|aligned_aa153|pident73.856,HCV,3a,100.0
MN227806|geneNS5A|query1-459|h77_aa2-154|extracted_nt459|aligned_aa153|pident73.856,HCV,3a,100.0
MN227799|geneNS5A|query1-459|h77_aa2-154|extracted_nt459|aligned_aa153|pident74.510,HCV,3a,100.0
MN227817|geneNS5A|query10-459|h77_aa5-154|extracted_nt450|aligned_aa150|pident72.667,HCV,3a,100.0
MN227814|geneNS5A|query7-459|h77_aa4-154|extracted_nt453|aligned_aa151|pident75.497,HCV,3a,100.0
MN227823|geneNS5A|query1-459|h77_aa2-154|extracted_nt459|aligned_aa153|pident74.510,HCV,3a,100.0
MN227822|geneNS5A|query7-459|h77_aa4-154|extracted_nt453|aligned_aa151|pident74.172,HCV,3a,100.0
MN227816|geneNS5A|query1-459|h77_aa2-154|extracted_nt459|aligned_aa153|pident74.510,HCV,3a,100.0
MN227820|geneNS5A|query7-459|h77_aa4-154|extracted_nt453|aligned_aa151|pident74.172,HCV,3a,100.0
MN227824|geneNS5A|query1-459|h77_aa2-154|extracted_nt459|aligned_aa153|pident74.510,HCV,3a,100.0
MN227826|geneNS5A|query1-459|h77_aa2-154|extracted_nt459|aligned_aa153|pident73.203,HCV,3a,100.0
MN227828|geneNS5A|query1-459|h77_aa2-154|extracted_nt459|aligned_aa153|pident73.856,HCV,3a,100.0
MN227830|geneNS5A|query1-459|h77_aa2-154|extracted_nt459|aligned_aa153|pident73.856,HCV,3a,100.0
MN227831|geneNS5A|query1-459|h77_aa2-154|extracted_nt459|aligned_aa153|pident73.856,HCV,3a,100.0
MN227825|geneNS5A|query1-459|h77_aa2-154|extracted_nt459|aligned_aa153|pident74.510,HCV,3a,100.0
MN227836|geneNS5A|query1-459|h77_aa2-154|extracted_nt459|aligned_aa153|pident75.163,HCV,3a,100.0
MN227834|geneNS5A|query1-459|h77_aa2-154|extracted_nt459|aligned_aa153|pident73.856,HCV,3a,100.0
MN227838|geneNS5A|query1-459|h77_aa2-154|extracted_nt459|aligned_aa153|pident73.203,HCV,3a,100.0
MN227839|geneNS5A|query7-459|h77_aa4-154|extracted_nt453|aligned_aa151|pident76.159,HCV,3a,100.0
MN164869|geneNS5A|query5929-7272|h77_aa1-448|extracted_nt1344|aligned_aa450|pident78.667,HCV,1g,100.0
MN227843|geneNS5A|query1-459|h77_aa2-154|extracted_nt459|aligned_aa153|pident75.817,HCV,3a,100.0
MN227852|geneNS5A|query7-459|h77_aa4-154|extracted_nt453|aligned_aa151|pident73.510,HCV,3a,100.0
MN227890|geneNS5A|query2-439|h77_aa9-154|extracted_nt438|aligned_aa146|pident74.658,HCV,3a,100.0
MN227910|geneNS5A|query7-459|h77_aa4-154|extracted_nt453|aligned_aa151|pident74.834,HCV,3a,100.0
MN227877|geneNS5A|query1-459|h77_aa2-154|extracted_nt459|aligned_aa153|pident75.163,HCV,3a,100.0
MN227913|geneNS5A|query1-459|h77_aa2-154|extracted_nt459|aligned_aa153|pident74.510,HCV,3a,100.0
MN227894|geneNS5A|query7-459|h77_aa4-154|extracted_nt453|aligned_aa151|pident74.834,HCV,3a,100.0
MN227916|geneNS5A|query1-459|h77_aa2-154|extracted_nt459|aligned_aa153|pident75.163,HCV,3a,100.0
MN227924|geneNS5A|query3-422|h77_aa13-152|extracted_nt420|aligned_aa140|pident74.286,HCV,3a,100.0
MN227919|geneNS5A|query1-459|h77_aa2-154|extracted_nt459|aligned_aa153|pident74.510,HCV,3a,100.0
MN227925|geneNS5A|query7-459|h77_aa4-154|extracted_nt453|aligned_aa151|pident74.172,HCV,3a,100.0
MN227929|geneNS5A|query7-459|h77_aa4-154|extracted_nt453|aligned_aa151|pident73.510,HCV,3a,100.0
MN227928|geneNS5A|query1-426|h77_aa2-143|extracted_nt426|aligned_aa142|pident76.056,HCV,3a,100.0
MN227932|geneNS5A|query3-434|h77_aa11-154|extracted_nt432|aligned_aa144|pident74.306,HCV,3a,100.0
MN227934|geneNS5A|query1-459|h77_aa2-154|extracted_nt459|aligned_aa153|pident74.510,HCV,3a,100.0
MN227933|geneNS5A|query3-437|h77_aa10-154|extracted_nt435|aligned_aa145|pident73.103,HCV,3a,100.0
MN227938|geneNS5A|query1-459|h77_aa2-154|extracted_nt459|aligned_aa153|pident74.510,HCV,3a,100.0
MN227937|geneNS5A|query7-459|h77_aa4-154|extracted_nt453|aligned_aa151|pident74.834,HCV,3a,100.0
MN227940|geneNS5A|query1-459|h77_aa2-154|extracted_nt459|aligned_aa153|pident74.510,HCV,3a,100.0
MN227942|geneNS5A|query1-459|h77_aa2-154|extracted_nt459|aligned_aa153|pident75.817,HCV,3a,100.0
MN227944|geneNS5A|query1-459|h77_aa2-154|extracted_nt459|aligned_aa153|pident74.510,HCV,3a,100.0
MN227945|geneNS5A|query1-417|h77_aa2-140|extracted_nt417|aligned_aa139|pident74.820,HCV,3a,100.0
MN227951|geneNS5A|query1-459|h77_aa2-154|extracted_nt459|aligned_aa153|pident74.510,HCV,3a,100.0
MN227915|geneNS5A|query1-459|h77_aa2-154|extracted_nt459|aligned_aa153|pident73.856,HCV,3a,100.0
MN227953|geneNS5A|query1-459|h77_aa2-154|extracted_nt459|aligned_aa153|pident75.163,HCV,3a,100.0
MN227955|geneNS5A|query1-459|h77_aa2-154|extracted_nt459|aligned_aa153|pident75.163,HCV,3a,100.0
MN227958|geneNS5A|query1-459|h77_aa2-154|extracted_nt459|aligned_aa153|pident75.817,HCV,3a,100.0
MN227926|geneNS5A|query1-459|h77_aa2-154|extracted_nt459|aligned_aa153|pident75.163,HCV,3a,100.0
MN227954|geneNS5A|query3-437|h77_aa10-154|extracted_nt435|aligned_aa145|pident73.103,HCV,3a,100.0
LC773639|geneNS5A|query6185-7507|h77_aa3-448|extracted_nt1323|aligned_aa449|pident71.047,HCV,4v,51.0
MN385564|geneNS5A|query6233-7630|h77_aa1-448|extracted_nt1398|aligned_aa472|pident58.051,HCV,2b,100.0
MF114244|geneNS5A|query1-663|h77_aa1-221|extracted_nt663|aligned_aa221|pident82.805,HCV,1b,100.0
LC773638|geneNS5A|query6146-7483|h77_aa3-448|extracted_nt1338|aligned_aa449|pident75.724,HCV,4k,100.0
M67463|geneNS5A|query6258-7601|h77_aa1-448|extracted_nt1344|aligned_aa448|pident98.884,HCV,1a,100.0
MF182693|geneNS5A|query1-597|h77_aa7-205|extracted_nt597|aligned_aa199|pident96.482,HCV,1a,100.0
MF182697|geneNS5A|query1-597|h77_aa7-205|extracted_nt597|aligned_aa199|pident80.905,HCV,1b,100.0
MF182700|geneNS5A|query1-597|h77_aa7-205|extracted_nt597|aligned_aa199|pident97.487,HCV,1a,100.0
MF182694|geneNS5A|query1-597|h77_aa7-205|extracted_nt597|aligned_aa199|pident80.905,HCV,1b,100.0
MF182691|geneNS5A|query1-597|h77_aa7-205|extracted_nt597|aligned_aa199|pident81.910,HCV,1b,100.0
MF182705|geneNS5A|query1-597|h77_aa7-205|extracted_nt597|aligned_aa199|pident80.402,HCV,1b,100.0
MF182707|geneNS5A|query1-597|h77_aa7-205|extracted_nt597|aligned_aa199|pident78.894,HCV,1b,100.0
MF182699|geneNS5A|query1-597|h77_aa7-205|extracted_nt597|aligned_aa199|pident97.990,HCV,1a,100.0
MF182709|geneNS5A|query1-597|h77_aa7-205|extracted_nt597|aligned_aa199|pident78.894,HCV,1b,100.0
MF182706|geneNS5A|query1-597|h77_aa7-205|extracted_nt597|aligned_aa199|pident94.975,HCV,1a,100.0
MF182704|geneNS5A|query1-597|h77_aa7-205|extracted_nt597|aligned_aa199|pident82.412,HCV,1b,100.0
MF182714|geneNS5A|query1-597|h77_aa7-205|extracted_nt597|aligned_aa199|pident81.407,HCV,1b,100.0
MG454775|geneNS5A|query1-1353|h77_aa1-448|extracted_nt1353|aligned_aa453|pident69.536,HCV,6l,100.0
MG437050|geneNS5A|query6262-7614|h77_aa1-448|extracted_nt1353|aligned_aa454|pident70.264,HCV,6n,100.0
MG454784|geneNS5A|query1-1344|h77_aa1-448|extracted_nt1344|aligned_aa448|pident94.643,HCV,1a,100.0
MG454782|geneNS5A|query1-1344|h77_aa1-448|extracted_nt1344|aligned_aa448|pident91.964,HCV,1a,100.0
MG454792|geneNS5A|query1-1344|h77_aa1-448|extracted_nt1344|aligned_aa448|pident95.536,HCV,1a,100.0
MG454795|geneNS5A|query1-1344|h77_aa1-448|extracted_nt1344|aligned_aa449|pident76.615,HCV,1b,100.0
MG454803|geneNS5A|query1-1344|h77_aa1-448|extracted_nt1344|aligned_aa448|pident94.643,HCV,1a,100.0
MG454804|geneNS5A|query1-1344|h77_aa1-448|extracted_nt1344|aligned_aa448|pident95.312,HCV,1a,100.0
MG454813|geneNS5A|query1-1344|h77_aa1-448|extracted_nt1344|aligned_aa448|pident94.420,HCV,1a,100.0
MG454807|geneNS5A|query1-1344|h77_aa1-448|extracted_nt1344|aligned_aa448|pident90.848,HCV,1a,100.0
MG454824|geneNS5A|query1-1344|h77_aa1-448|extracted_nt1344|aligned_aa448|pident95.982,HCV,1a,100.0
MG454826|geneNS5A|query1-1344|h77_aa1-448|extracted_nt1344|aligned_aa448|pident92.857,HCV,1a,100.0
MG454825|geneNS5A|query1-1344|h77_aa1-448|extracted_nt1344|aligned_aa448|pident94.643,HCV,1a,100.0
MG454817|geneNS5A|query1-1344|h77_aa1-448|extracted_nt1344|aligned_aa448|pident92.634,HCV,1a,100.0
MG454821|geneNS5A|query10-1329|h77_aa4-448|extracted_nt1320|aligned_aa448|pident72.321,HCV,4o,100.0
MG454839|geneNS5A|query1-1398|h77_aa1-448|extracted_nt1398|aligned_aa472|pident58.898,HCV,2a,100.0
MG454836|geneNS5A|query1-1341|h77_aa1-448|extracted_nt1341|aligned_aa449|pident79.510,HCV,1b,100.0
MG454831|geneNS5A|query1-1341|h77_aa1-448|extracted_nt1341|aligned_aa449|pident78.396,HCV,1b,100.0
MG454850|geneNS5A|query1-1335|h77_aa1-448|extracted_nt1335|aligned_aa452|pident73.009,HCV,4a,100.0
MG454842|geneNS5A|query1-1344|h77_aa1-448|extracted_nt1344|aligned_aa448|pident95.982,HCV,1a,100.0
MG454854|geneNS5A|query1-1344|h77_aa1-448|extracted_nt1344|aligned_aa448|pident94.196,HCV,1a,100.0
MG454851|geneNS5A|query1-1398|h77_aa1-448|extracted_nt1398|aligned_aa477|pident57.442,HCV,2b,100.0
MG454866|geneNS5A|query1-1344|h77_aa1-448|extracted_nt1344|aligned_aa448|pident93.304,HCV,1a,100.0
MG454871|geneNS5A|query7-1332|h77_aa3-448|extracted_nt1326|aligned_aa449|pident73.942,HCV,4d,100.0
MG454878|geneNS5A|query1-1344|h77_aa1-448|extracted_nt1344|aligned_aa448|pident96.205,HCV,1a,100.0
MG454859|geneNS5A|query1-1344|h77_aa1-448|extracted_nt1344|aligned_aa448|pident89.062,HCV,1a,100.0
MG454886|geneNS5A|query1-1341|h77_aa1-448|extracted_nt1341|aligned_aa448|pident79.464,HCV,1b,100.0
MG454891|geneNS5A|query1-1344|h77_aa1-448|extracted_nt1344|aligned_aa448|pident93.750,HCV,1a,100.0
MG454889|geneNS5A|query1-1344|h77_aa1-448|extracted_nt1344|aligned_aa448|pident94.196,HCV,1a,100.0
MG454893|geneNS5A|query1-1398|h77_aa1-448|extracted_nt1398|aligned_aa472|pident58.475,HCV,2b,100.0
MG454898|geneNS5A|query1-1344|h77_aa1-448|extracted_nt1344|aligned_aa448|pident95.312,HCV,1a,100.0
MG454902|geneNS5A|query1-1344|h77_aa1-448|extracted_nt1344|aligned_aa448|pident94.196,HCV,1a,100.0
MG454882|geneNS5A|query1-1398|h77_aa1-448|extracted_nt1398|aligned_aa472|pident61.653,HCV,2c,100.0
MG454897|geneNS5A|query1-1341|h77_aa1-448|extracted_nt1341|aligned_aa448|pident80.804,HCV,1b,100.0
MG454906|geneNS5A|query1-1344|h77_aa1-448|extracted_nt1344|aligned_aa448|pident96.205,HCV,1a,100.0
MG454904|geneNS5A|query1-1344|h77_aa1-448|extracted_nt1344|aligned_aa448|pident94.643,HCV,1a,100.0
MG454913|geneNS5A|query1-1398|h77_aa1-448|extracted_nt1398|aligned_aa472|pident59.110,HCV,2a,100.0
MG454914|geneNS5A|query1-1344|h77_aa1-448|extracted_nt1344|aligned_aa448|pident94.643,HCV,1a,100.0
MG454929|geneNS5A|query1-1344|h77_aa1-448|extracted_nt1344|aligned_aa448|pident95.982,HCV,1a,100.0
MG454920|geneNS5A|query1-1365|h77_aa1-448|extracted_nt1365|aligned_aa455|pident71.868,HCV,6e,100.0
MG454934|geneNS5A|query1-1344|h77_aa1-448|extracted_nt1344|aligned_aa448|pident93.750,HCV,1a,100.0
MG455119|geneNS5A|query1-1344|h77_aa1-448|extracted_nt1344|aligned_aa448|pident91.518,HCV,1a,100.0
MG455121|geneNS5A|query1-1344|h77_aa1-448|extracted_nt1344|aligned_aa448|pident95.089,HCV,1a,100.0
MG455111|geneNS5A|query1-1341|h77_aa1-448|extracted_nt1341|aligned_aa457|pident78.993,HCV,1b,100.0
MG455127|geneNS5A|query7-1353|h77_aa3-448|extracted_nt1347|aligned_aa452|pident70.575,HCV,6a,100.0
MG455131|geneNS5A|query1-1293|h77_aa1-431|extracted_nt1293|aligned_aa435|pident63.678,HCV,2c,100.0
MG455140|geneNS5A|query1-1407|h77_aa1-448|extracted_nt1407|aligned_aa475|pident58.947,HCV,2i,100.0
MG455144|geneNS5A|query4-1335|h77_aa2-448|extracted_nt1332|aligned_aa448|pident69.643,HCV,5a,100.0
MG455152|geneNS5A|query1-1398|h77_aa1-448|extracted_nt1398|aligned_aa472|pident58.475,HCV,2b,100.0
MG455169|geneNS5A|query1-1341|h77_aa1-448|extracted_nt1341|aligned_aa449|pident79.510,HCV,1b,100.0
MG455178|geneNS5A|query1-1344|h77_aa1-448|extracted_nt1344|aligned_aa448|pident94.643,HCV,1a,100.0
MG455170|geneNS5A|query1-1398|h77_aa1-448|extracted_nt1398|aligned_aa472|pident58.263,HCV,2b,100.0
MG455183|geneNS5A|query1-1344|h77_aa1-448|extracted_nt1344|aligned_aa448|pident94.866,HCV,1a,100.0
MN227853|geneNS5A|query1-459|h77_aa2-154|extracted_nt459|aligned_aa153|pident75.163,HCV,3a,100.0
MN227849|geneNS5A|query1-456|h77_aa2-153|extracted_nt456|aligned_aa152|pident73.684,HCV,3a,100.0
MN227858|geneNS5A|query1-459|h77_aa2-154|extracted_nt459|aligned_aa153|pident74.510,HCV,3a,100.0
MN227854|geneNS5A|query7-459|h77_aa4-154|extracted_nt453|aligned_aa151|pident74.172,HCV,3a,100.0
MN227862|geneNS5A|query7-459|h77_aa4-154|extracted_nt453|aligned_aa151|pident74.834,HCV,3a,100.0
MN227857|geneNS5A|query1-459|h77_aa2-154|extracted_nt459|aligned_aa153|pident75.163,HCV,3a,100.0
MN227860|geneNS5A|query1-459|h77_aa2-154|extracted_nt459|aligned_aa153|pident74.510,HCV,3a,100.0
MN227863|geneNS5A|query1-459|h77_aa2-154|extracted_nt459|aligned_aa153|pident74.510,HCV,3a,100.0
MN227861|geneNS5A|query1-459|h77_aa2-154|extracted_nt459|aligned_aa153|pident73.203,HCV,3a,100.0
MN227867|geneNS5A|query1-459|h77_aa2-154|extracted_nt459|aligned_aa153|pident73.203,HCV,3a,100.0
MN227870|geneNS5A|query1-459|h77_aa2-154|extracted_nt459|aligned_aa153|pident73.856,HCV,3a,100.0
MN227872|geneNS5A|query1-432|h77_aa11-154|extracted_nt432|aligned_aa144|pident74.306,HCV,3a,100.0
MN227840|geneNS5A|query1-459|h77_aa2-154|extracted_nt459|aligned_aa153|pident73.856,HCV,3a,100.0
MN227874|geneNS5A|query2-433|h77_aa11-154|extracted_nt432|aligned_aa144|pident74.306,HCV,3a,100.0
MN227871|geneNS5A|query7-459|h77_aa4-154|extracted_nt453|aligned_aa151|pident72.848,HCV,3a,100.0
MN227875|geneNS5A|query4-423|h77_aa15-154|extracted_nt420|aligned_aa140|pident74.286,HCV,3a,100.0
MN227873|geneNS5A|query3-437|h77_aa10-154|extracted_nt435|aligned_aa145|pident73.103,HCV,3a,100.0
MN227878|geneNS5A|query3-398|h77_aa23-154|extracted_nt396|aligned_aa132|pident74.242,HCV,3a,100.0
MN227868|geneNS5A|query1-459|h77_aa2-154|extracted_nt459|aligned_aa153|pident75.163,HCV,3a,100.0
MN227883|geneNS5A|query3-437|h77_aa10-154|extracted_nt435|aligned_aa145|pident73.793,HCV,3a,100.0
MN227880|geneNS5A|query7-459|h77_aa4-154|extracted_nt453|aligned_aa151|pident73.510,HCV,3a,100.0
MN227821|geneNS5A|query7-459|h77_aa4-154|extracted_nt453|aligned_aa151|pident71.523,HCV,3a,100.0
MN227856|geneNS5A|query1-459|h77_aa2-154|extracted_nt459|aligned_aa153|pident75.817,HCV,3a,100.0
MN227864|geneNS5A|query1-459|h77_aa2-154|extracted_nt459|aligned_aa153|pident74.510,HCV,3a,100.0
MN227897|geneNS5A|query1-459|h77_aa2-154|extracted_nt459|aligned_aa153|pident75.163,HCV,3a,100.0
MN227896|geneNS5A|query1-459|h77_aa2-154|extracted_nt459|aligned_aa153|pident74.510,HCV,3a,100.0
MN227899|geneNS5A|query7-459|h77_aa4-154|extracted_nt453|aligned_aa151|pident73.510,HCV,3a,100.0
MN227898|geneNS5A|query1-459|h77_aa2-154|extracted_nt459|aligned_aa153|pident75.163,HCV,3a,100.0
MN227888|geneNS5A|query1-459|h77_aa2-154|extracted_nt459|aligned_aa153|pident74.510,HCV,3a,100.0
MN227895|geneNS5A|query3-437|h77_aa10-154|extracted_nt435|aligned_aa145|pident73.103,HCV,3a,100.0
MN227904|geneNS5A|query1-459|h77_aa2-154|extracted_nt459|aligned_aa153|pident75.817,HCV,3a,100.0
MN227908|geneNS5A|query1-459|h77_aa2-154|extracted_nt459|aligned_aa153|pident75.817,HCV,3a,100.0
MN227907|geneNS5A|query1-459|h77_aa2-154|extracted_nt459|aligned_aa153|pident74.510,HCV,3a,100.0
MN227911|geneNS5A|query1-459|h77_aa2-154|extracted_nt459|aligned_aa153|pident71.242,HCV,3a,100.0
MN227906|geneNS5A|query4-456|h77_aa4-154|extracted_nt453|aligned_aa151|pident74.834,HCV,3a,100.0
MN227914|geneNS5A|query7-459|h77_aa4-154|extracted_nt453|aligned_aa151|pident75.497,HCV,3a,100.0
MN227909|geneNS5A|query1-459|h77_aa2-154|extracted_nt459|aligned_aa153|pident73.856,HCV,3a,100.0
MN227912|geneNS5A|query1-459|h77_aa2-154|extracted_nt459|aligned_aa153|pident74.510,HCV,3a,100.0
MN227900|geneNS5A|query7-459|h77_aa4-154|extracted_nt453|aligned_aa151|pident73.510,HCV,3a,100.0
MF182715|geneNS5A|query1-597|h77_aa7-205|extracted_nt597|aligned_aa199|pident94.975,HCV,1a,100.0
MF182690|geneNS5A|query1-597|h77_aa7-205|extracted_nt597|aligned_aa199|pident96.985,HCV,1a,100.0
MF182717|geneNS5A|query1-597|h77_aa7-205|extracted_nt597|aligned_aa199|pident79.899,HCV,1b,100.0
MF182721|geneNS5A|query1-597|h77_aa7-205|extracted_nt597|aligned_aa199|pident95.980,HCV,1a,100.0
MF182716|geneNS5A|query1-597|h77_aa7-205|extracted_nt597|aligned_aa199|pident80.402,HCV,1b,100.0
MF182703|geneNS5A|query1-597|h77_aa7-205|extracted_nt597|aligned_aa199|pident79.397,HCV,1b,100.0
MF182724|geneNS5A|query1-597|h77_aa7-205|extracted_nt597|aligned_aa199|pident80.402,HCV,1b,100.0
MF182722|geneNS5A|query1-597|h77_aa7-205|extracted_nt597|aligned_aa199|pident81.407,HCV,1b,100.0
MF182731|geneNS5A|query1-597|h77_aa7-205|extracted_nt597|aligned_aa199|pident80.402,HCV,1b,100.0
MG000203|geneNS5A|query7-336|h77_aa3-112|extracted_nt330|aligned_aa110|pident75.455,HCV,4r,100.0
MF182730|geneNS5A|query1-597|h77_aa7-205|extracted_nt597|aligned_aa199|pident96.985,HCV,1a,100.0
MG000205|geneNS5A|query7-336|h77_aa3-112|extracted_nt330|aligned_aa110|pident80.909,HCV,4r,100.0
MF182725|geneNS5A|query1-597|h77_aa7-205|extracted_nt597|aligned_aa199|pident81.407,HCV,1b,100.0
MG000207|geneNS5A|query7-336|h77_aa3-112|extracted_nt330|aligned_aa110|pident78.182,HCV,4r,100.0
MG000213|geneNS5A|query7-336|h77_aa3-112|extracted_nt330|aligned_aa110|pident76.364,HCV,4r,100.0
MG000214|geneNS5A|query7-336|h77_aa3-112|extracted_nt330|aligned_aa110|pident77.273,HCV,4r,100.0
MF182720|geneNS5A|query1-597|h77_aa7-205|extracted_nt597|aligned_aa199|pident96.985,HCV,1a,100.0
MG000209|geneNS5A|query7-336|h77_aa3-112|extracted_nt330|aligned_aa110|pident76.364,HCV,4r,100.0
MG000217|geneNS5A|query7-336|h77_aa3-112|extracted_nt330|aligned_aa110|pident76.364,HCV,4r,100.0
MG000215|geneNS5A|query7-336|h77_aa3-112|extracted_nt330|aligned_aa110|pident78.182,HCV,4r,100.0
MG000220|geneNS5A|query7-336|h77_aa3-112|extracted_nt330|aligned_aa110|pident77.273,HCV,4r,100.0
MG000227|geneNS5A|query7-336|h77_aa3-112|extracted_nt330|aligned_aa110|pident78.182,HCV,4r,100.0
MG000228|geneNS5A|query7-336|h77_aa3-112|extracted_nt330|aligned_aa110|pident78.182,HCV,4r,100.0
MG000223|geneNS5A|query7-336|h77_aa3-112|extracted_nt330|aligned_aa110|pident76.364,HCV,4r,100.0
MG000224|geneNS5A|query7-312|h77_aa3-104|extracted_nt306|aligned_aa102|pident75.490,HCV,4r,100.0
MG000231|geneNS5A|query7-336|h77_aa3-112|extracted_nt330|aligned_aa110|pident77.273,HCV,4r,100.0
MG000226|geneNS5A|query7-336|h77_aa3-112|extracted_nt330|aligned_aa110|pident78.182,HCV,4r,100.0
MF182729|geneNS5A|query1-597|h77_aa7-205|extracted_nt597|aligned_aa199|pident94.472,HCV,1a,100.0
MG000232|geneNS5A|query7-336|h77_aa3-112|extracted_nt330|aligned_aa110|pident76.364,HCV,4r,100.0
MG000233|geneNS5A|query7-336|h77_aa3-112|extracted_nt330|aligned_aa110|pident78.182,HCV,4r,100.0
MG252617|geneNS5A|query1-288|h77_aa13-108|extracted_nt288|aligned_aa96|pident96.875,HCV,1a,100.0
MG000235|geneNS5A|query7-336|h77_aa3-112|extracted_nt330|aligned_aa110|pident76.364,HCV,4r,100.0
MG266182|geneNS5A|query1-306|h77_aa10-111|extracted_nt306|aligned_aa102|pident95.098,HCV,1a,100.0
MG000234|geneNS5A|query7-336|h77_aa3-112|extracted_nt330|aligned_aa110|pident78.182,HCV,4r,100.0
MG266181|geneNS5A|query3-260|h77_aa23-108|extracted_nt258|aligned_aa86|pident95.349,HCV,1a,100.0
MG266185|geneNS5A|query2-307|h77_aa10-111|extracted_nt306|aligned_aa102|pident96.078,HCV,1a,100.0
MG214786|geneNS5A|query1-288|h77_aa13-108|extracted_nt288|aligned_aa96|pident97.917,HCV,1a,100.0
MG266183|geneNS5A|query1-288|h77_aa13-108|extracted_nt288|aligned_aa96|pident97.917,HCV,1a,100.0
MG266188|geneNS5A|query2-268|h77_aa18-106|extracted_nt267|aligned_aa89|pident95.506,HCV,1a,100.0
MG266186|geneNS5A|query2-289|h77_aa13-108|extracted_nt288|aligned_aa96|pident96.875,HCV,1a,100.0
MG266187|geneNS5A|query1-288|h77_aa13-108|extracted_nt288|aligned_aa96|pident96.875,HCV,1a,100.0
MG266191|geneNS5A|query2-289|h77_aa13-108|extracted_nt288|aligned_aa96|pident93.750,HCV,1a,100.0
MG280928|geneNS5A|query2-307|h77_aa10-111|extracted_nt306|aligned_aa102|pident96.078,HCV,1a,100.0
MG280930|geneNS5A|query2-307|h77_aa10-111|extracted_nt306|aligned_aa102|pident93.137,HCV,1a,100.0
MG280929|geneNS5A|query1-288|h77_aa13-108|extracted_nt288|aligned_aa96|pident95.833,HCV,1a,100.0
MG454938|geneNS5A|query7-1332|h77_aa3-448|extracted_nt1326|aligned_aa449|pident73.497,HCV,4d,100.0
MG454947|geneNS5A|query7-1335|h77_aa3-448|extracted_nt1329|aligned_aa450|pident72.889,HCV,4a,100.0
MG454930|geneNS5A|query1-1344|h77_aa1-448|extracted_nt1344|aligned_aa448|pident95.982,HCV,1a,100.0
MG454949|geneNS5A|query1-1344|h77_aa1-448|extracted_nt1344|aligned_aa448|pident93.750,HCV,1a,100.0
MG454948|geneNS5A|query1-1344|h77_aa1-448|extracted_nt1344|aligned_aa448|pident95.982,HCV,1a,100.0
MG454958|geneNS5A|query4-1350|h77_aa2-448|extracted_nt1347|aligned_aa452|pident69.912,HCV,5a,100.0
MG454961|geneNS5A|query1-1344|h77_aa1-448|extracted_nt1344|aligned_aa448|pident92.857,HCV,1a,100.0
MG454972|geneNS5A|query1-1296|h77_aa1-432|extracted_nt1296|aligned_aa436|pident62.615,HCV,2a,43.0
MG454989|geneNS5A|query1-1344|h77_aa1-448|extracted_nt1344|aligned_aa448|pident80.580,HCV,1c,35.0
MG455010|geneNS5A|query1-1341|h77_aa1-448|extracted_nt1341|aligned_aa448|pident78.125,HCV,1b,100.0
MG455019|geneNS5A|query1-1344|h77_aa1-448|extracted_nt1344|aligned_aa448|pident95.089,HCV,1a,100.0
MG455029|geneNS5A|query10-1350|h77_aa3-448|extracted_nt1341|aligned_aa450|pident76.000,HCV,4r,100.0
MG455022|geneNS5A|query1-1401|h77_aa1-448|extracted_nt1401|aligned_aa473|pident60.888,HCV,2i,94.0
MG455014|geneNS5A|query1-1398|h77_aa1-448|extracted_nt1398|aligned_aa472|pident57.839,HCV,2b,100.0
MG455012|geneNS5A|query1-1341|h77_aa1-448|extracted_nt1341|aligned_aa448|pident79.911,HCV,1b,100.0
MG455041|geneNS5A|query10-1338|h77_aa3-448|extracted_nt1329|aligned_aa450|pident72.222,HCV,4a,100.0
MG455042|geneNS5A|query1-1398|h77_aa1-448|extracted_nt1398|aligned_aa472|pident61.441,HCV,2c,100.0
MG455058|geneNS5A|query1-1344|h77_aa1-448|extracted_nt1344|aligned_aa448|pident94.643,HCV,1a,100.0
MG455047|geneNS5A|query1-1341|h77_aa1-448|extracted_nt1341|aligned_aa449|pident81.069,HCV,1b,100.0
MG455075|geneNS5A|query4-1332|h77_aa2-448|extracted_nt1329|aligned_aa450|pident71.333,HCV,4t,100.0
MG455077|geneNS5A|query1-1344|h77_aa1-448|extracted_nt1344|aligned_aa448|pident91.964,HCV,1a,100.0
MG455074|geneNS5A|query1-1341|h77_aa1-448|extracted_nt1341|aligned_aa448|pident79.911,HCV,1b,100.0
MG455095|geneNS5A|query10-1353|h77_aa4-448|extracted_nt1344|aligned_aa454|pident68.502,HCV,6a,100.0
MG455098|geneNS5A|query1-1341|h77_aa1-448|extracted_nt1341|aligned_aa448|pident81.250,HCV,1b,100.0
MG455093|geneNS5A|query1-1284|h77_aa1-428|extracted_nt1284|aligned_aa432|pident61.111,HCV,2b,100.0
MG455106|geneNS5A|query1-1344|h77_aa1-448|extracted_nt1344|aligned_aa448|pident92.857,HCV,1a,100.0
MN146612|geneNS5A|query1-1341|h77_aa1-448|extracted_nt1341|aligned_aa448|pident79.464,HCV,1b,100.0
MN146609|geneNS5A|query1-1341|h77_aa1-448|extracted_nt1341|aligned_aa448|pident79.688,HCV,1b,100.0
MN146618|geneNS5A|query1-1344|h77_aa1-448|extracted_nt1344|aligned_aa448|pident94.643,HCV,1a,100.0
MN146617|geneNS5A|query1-1344|h77_aa1-448|extracted_nt1344|aligned_aa448|pident94.643,HCV,1a,100.0
MN146616|geneNS5A|query1-1344|h77_aa1-448|extracted_nt1344|aligned_aa448|pident94.643,HCV,1a,100.0
MN146596|geneNS5A|query1-1356|h77_aa1-448|extracted_nt1356|aligned_aa455|pident69.231,HCV,3a,100.0
MN146630|geneNS5A|query1-1338|h77_aa2-448|extracted_nt1338|aligned_aa448|pident79.464,HCV,1b,100.0
MN146633|geneNS5A|query1-1341|h77_aa2-448|extracted_nt1341|aligned_aa447|pident94.183,HCV,1a,100.0
MN146634|geneNS5A|query1-1341|h77_aa1-447|extracted_nt1341|aligned_aa447|pident93.512,HCV,1a,100.0
MN146602|geneNS5A|query1-1344|h77_aa1-448|extracted_nt1344|aligned_aa448|pident95.089,HCV,1a,100.0
MN146645|geneNS5A|query1-1341|h77_aa2-448|extracted_nt1341|aligned_aa447|pident93.736,HCV,1a,100.0
MN146651|geneNS5A|query1-1344|h77_aa1-448|extracted_nt1344|aligned_aa448|pident93.527,HCV,1a,100.0
MN146654|geneNS5A|query1-1341|h77_aa1-448|extracted_nt1341|aligned_aa449|pident79.065,HCV,1b,100.0
MN146653|geneNS5A|query1-1341|h77_aa1-448|extracted_nt1341|aligned_aa449|pident79.065,HCV,1b,100.0
MN146655|geneNS5A|query1-1344|h77_aa1-448|extracted_nt1344|aligned_aa448|pident93.304,HCV,1a,100.0
MN146635|geneNS5A|query1-1341|h77_aa1-447|extracted_nt1341|aligned_aa447|pident93.960,HCV,1a,100.0
MN146661|geneNS5A|query1-1344|h77_aa1-448|extracted_nt1344|aligned_aa448|pident93.304,HCV,1a,100.0
MN146658|geneNS5A|query1-1344|h77_aa1-448|extracted_nt1344|aligned_aa448|pident93.080,HCV,1a,100.0
MN146649|geneNS5A|query1-1341|h77_aa1-447|extracted_nt1341|aligned_aa447|pident93.736,HCV,1a,100.0
MN146664|geneNS5A|query1-1344|h77_aa1-448|extracted_nt1344|aligned_aa448|pident95.089,HCV,1a,100.0
MN146657|geneNS5A|query1-1344|h77_aa1-448|extracted_nt1344|aligned_aa448|pident93.527,HCV,1a,100.0
MN146667|geneNS5A|query1-1344|h77_aa1-448|extracted_nt1344|aligned_aa448|pident92.857,HCV,1a,100.0
MN146656|geneNS5A|query1-1344|h77_aa1-448|extracted_nt1344|aligned_aa448|pident93.080,HCV,1a,100.0
MN146675|geneNS5A|query1-1344|h77_aa1-448|extracted_nt1344|aligned_aa448|pident94.643,HCV,1a,100.0
MN164852|geneNS5A|query5917-7260|h77_aa1-448|extracted_nt1344|aligned_aa448|pident89.062,HCV,1a,100.0
MN146677|geneNS5A|query1-1344|h77_aa1-448|extracted_nt1344|aligned_aa448|pident93.304,HCV,1a,100.0
MN164856|geneNS5A|query5917-7260|h77_aa1-448|extracted_nt1344|aligned_aa448|pident88.839,HCV,1a,100.0
MN164858|geneNS5A|query5917-7260|h77_aa1-448|extracted_nt1344|aligned_aa448|pident86.384,HCV,1a,100.0
MN164860|geneNS5A|query5935-7278|h77_aa1-448|extracted_nt1344|aligned_aa453|pident79.912,HCV,1l,100.0
MN164866|geneNS5A|query5917-7260|h77_aa1-448|extracted_nt1344|aligned_aa448|pident78.795,HCV,1e,100.0
MN164864|geneNS5A|query5932-7275|h77_aa1-448|extracted_nt1344|aligned_aa453|pident79.249,HCV,1l,100.0
MG455961|geneNS5A|query1-1284|h77_aa1-428|extracted_nt1284|aligned_aa432|pident60.880,HCV,2b,100.0
MG455962|geneNS5A|query1-1344|h77_aa1-448|extracted_nt1344|aligned_aa448|pident95.759,HCV,1a,100.0
MG455966|geneNS5A|query10-1347|h77_aa3-448|extracted_nt1338|aligned_aa449|pident76.837,HCV,4r,100.0
MG455968|geneNS5A|query1-1344|h77_aa1-448|extracted_nt1344|aligned_aa448|pident95.089,HCV,1a,100.0
MG455969|geneNS5A|query1-1335|h77_aa1-448|extracted_nt1335|aligned_aa452|pident72.124,HCV,4a,100.0
MG455970|geneNS5A|query7-1353|h77_aa3-448|extracted_nt1347|aligned_aa452|pident71.681,HCV,6a,100.0
MG455972|geneNS5A|query7-1335|h77_aa3-448|extracted_nt1329|aligned_aa450|pident72.222,HCV,4a,100.0
MG455973|geneNS5A|query1-1344|h77_aa1-448|extracted_nt1344|aligned_aa448|pident93.973,HCV,1a,100.0
MG455975|geneNS5A|query1-1341|h77_aa1-448|extracted_nt1341|aligned_aa453|pident80.132,HCV,1b,100.0
MG455976|geneNS5A|query1-1344|h77_aa1-448|extracted_nt1344|aligned_aa448|pident90.179,HCV,1a,100.0
MG455980|geneNS5A|query7-1335|h77_aa3-448|extracted_nt1329|aligned_aa450|pident72.222,HCV,4a,100.0
MG455979|geneNS5A|query1-1398|h77_aa1-448|extracted_nt1398|aligned_aa472|pident60.593,HCV,2j,100.0
MG455990|geneNS5A|query1-1398|h77_aa1-448|extracted_nt1398|aligned_aa472|pident58.686,HCV,2b,100.0
MG455987|geneNS5A|query1-1398|h77_aa1-448|extracted_nt1398|aligned_aa472|pident60.381,HCV,2c,100.0
MG455989|geneNS5A|query1-1353|h77_aa1-448|extracted_nt1353|aligned_aa453|pident71.744,HCV,6l,100.0
MG455992|geneNS5A|query1-1344|h77_aa1-448|extracted_nt1344|aligned_aa448|pident93.973,HCV,1a,100.0
MG455997|geneNS5A|query1-1344|h77_aa1-448|extracted_nt1344|aligned_aa448|pident95.982,HCV,1a,100.0
MG456001|geneNS5A|query1-1341|h77_aa1-448|extracted_nt1341|aligned_aa448|pident80.134,HCV,1b,100.0
MG456005|geneNS5A|query1-1284|h77_aa1-428|extracted_nt1284|aligned_aa437|pident60.641,HCV,2b,100.0
MG456008|geneNS5A|query7-1332|h77_aa3-448|extracted_nt1326|aligned_aa449|pident73.274,HCV,4d,100.0
MG456201|geneNS5A|query1-1344|h77_aa1-448|extracted_nt1344|aligned_aa448|pident90.402,HCV,1a,100.0
MG455212|geneNS5A|query1-1344|h77_aa1-448|extracted_nt1344|aligned_aa448|pident94.196,HCV,1a,100.0
MG455214|geneNS5A|query1-1347|h77_aa1-448|extracted_nt1347|aligned_aa449|pident92.428,HCV,1a,100.0
MG455207|geneNS5A|query1-1344|h77_aa1-448|extracted_nt1344|aligned_aa448|pident94.420,HCV,1a,100.0
MG455236|geneNS5A|query4-1350|h77_aa2-448|extracted_nt1347|aligned_aa453|pident68.433,HCV,5a,100.0
MG455269|geneNS5A|query7-1335|h77_aa3-448|extracted_nt1329|aligned_aa450|pident72.444,HCV,4a,100.0
MG455259|geneNS5A|query1-1335|h77_aa1-448|extracted_nt1335|aligned_aa452|pident72.345,HCV,4a,100.0
MG455248|geneNS5A|query1-1341|h77_aa1-448|extracted_nt1341|aligned_aa450|pident80.000,HCV,1b,100.0
MG455257|geneNS5A|query10-1329|h77_aa4-448|extracted_nt1320|aligned_aa448|pident72.768,HCV,4o,100.0
MG455250|geneNS5A|query7-1344|h77_aa3-448|extracted_nt1338|aligned_aa453|pident71.744,HCV,4a,100.0
MG455278|geneNS5A|query7-1335|h77_aa3-448|extracted_nt1329|aligned_aa450|pident72.444,HCV,4a,100.0
MG455288|geneNS5A|query1-1401|h77_aa1-448|extracted_nt1401|aligned_aa479|pident59.499,HCV,2i,98.0
MG455299|geneNS5A|query7-1332|h77_aa3-448|extracted_nt1326|aligned_aa449|pident73.274,HCV,4d,100.0
MG455303|geneNS5A|query7-1335|h77_aa3-448|extracted_nt1329|aligned_aa450|pident72.222,HCV,4a,100.0
MG455305|geneNS5A|query1-1344|h77_aa1-448|extracted_nt1344|aligned_aa448|pident94.866,HCV,1a,100.0
MG455307|geneNS5A|query1-1341|h77_aa1-448|extracted_nt1341|aligned_aa449|pident80.178,HCV,1b,100.0
MG455311|geneNS5A|query7-1332|h77_aa3-448|extracted_nt1326|aligned_aa449|pident73.051,HCV,4d,100.0
MG455306|geneNS5A|query1-1335|h77_aa1-448|extracted_nt1335|aligned_aa452|pident70.796,HCV,4a,100.0
MG455317|geneNS5A|query1-1341|h77_aa1-448|extracted_nt1341|aligned_aa448|pident79.911,HCV,1b,100.0
MG455319|geneNS5A|query7-1332|h77_aa3-448|extracted_nt1326|aligned_aa449|pident73.719,HCV,4d,100.0
MG455322|geneNS5A|query1-1341|h77_aa1-448|extracted_nt1341|aligned_aa448|pident79.464,HCV,1b,100.0
MG455320|geneNS5A|query1-1344|h77_aa1-448|extracted_nt1344|aligned_aa448|pident94.420,HCV,1a,100.0
MG455327|geneNS5A|query7-1329|h77_aa3-448|extracted_nt1323|aligned_aa449|pident71.938,HCV,4o,80.0
MG455325|geneNS5A|query4-1350|h77_aa2-448|extracted_nt1347|aligned_aa453|pident69.978,HCV,5a,100.0
MG455331|geneNS5A|query1-1335|h77_aa1-448|extracted_nt1335|aligned_aa452|pident71.903,HCV,4a,100.0
MG455333|geneNS5A|query1-1335|h77_aa1-448|extracted_nt1335|aligned_aa452|pident73.009,HCV,4a,100.0
MG455321|geneNS5A|query1-1335|h77_aa1-448|extracted_nt1335|aligned_aa452|pident72.566,HCV,4a,100.0
MG455337|geneNS5A|query7-1335|h77_aa3-448|extracted_nt1329|aligned_aa450|pident72.667,HCV,4a,100.0
MG455332|geneNS5A|query7-1332|h77_aa3-448|extracted_nt1326|aligned_aa449|pident73.051,HCV,4d,100.0
MG455343|geneNS5A|query1-1341|h77_aa1-448|extracted_nt1341|aligned_aa449|pident80.178,HCV,1b,100.0
MG455348|geneNS5A|query1-1344|h77_aa1-448|extracted_nt1344|aligned_aa448|pident93.304,HCV,1a,100.0
MG455336|geneNS5A|query7-1353|h77_aa3-448|extracted_nt1347|aligned_aa454|pident69.383,HCV,6a,100.0
MG455353|geneNS5A|query1-1344|h77_aa1-448|extracted_nt1344|aligned_aa448|pident94.196,HCV,1a,100.0
MG455340|geneNS5A|query7-1332|h77_aa3-448|extracted_nt1326|aligned_aa449|pident73.274,HCV,4d,100.0
MG455357|geneNS5A|query4-1350|h77_aa2-448|extracted_nt1347|aligned_aa453|pident69.978,HCV,5a,100.0
MG455361|geneNS5A|query1-1353|h77_aa1-448|extracted_nt1353|aligned_aa454|pident70.925,HCV,6n,100.0
MG455365|geneNS5A|query4-1293|h77_aa2-431|extracted_nt1290|aligned_aa434|pident61.290,HCV,2a,100.0
MG455350|geneNS5A|query1-1344|h77_aa1-448|extracted_nt1344|aligned_aa448|pident93.080,HCV,1a,100.0
MG455363|geneNS5A|query1-1017|h77_aa1-342|extracted_nt1017|aligned_aa343|pident65.889,HCV,2i,100.0
MG455360|geneNS5A|query10-1335|h77_aa3-448|extracted_nt1326|aligned_aa451|pident73.392,HCV,4n,100.0
MG455375|geneNS5A|query4-1350|h77_aa2-448|extracted_nt1347|aligned_aa453|pident67.770,HCV,5a,100.0
MG455390|geneNS5A|query1-1353|h77_aa1-448|extracted_nt1353|aligned_aa453|pident69.978,HCV,6m,100.0
MG455341|geneNS5A|query1-1335|h77_aa1-448|extracted_nt1335|aligned_aa452|pident71.460,HCV,4a,100.0
MG455401|geneNS5A|query1-1398|h77_aa1-448|extracted_nt1398|aligned_aa472|pident58.475,HCV,2b,100.0
MG455388|geneNS5A|query4-1335|h77_aa2-448|extracted_nt1332|aligned_aa451|pident71.397,HCV,4a,100.0
MG455412|geneNS5A|query1-1398|h77_aa1-448|extracted_nt1398|aligned_aa472|pident58.898,HCV,2a,100.0
MG455407|geneNS5A|query1-1398|h77_aa1-448|extracted_nt1398|aligned_aa472|pident58.475,HCV,2b,100.0
MG455430|geneNS5A|query1-1398|h77_aa1-448|extracted_nt1398|aligned_aa477|pident57.233,HCV,2b,100.0
MG455428|geneNS5A|query1-1398|h77_aa1-448|extracted_nt1398|aligned_aa477|pident57.233,HCV,2b,100.0
MG455436|geneNS5A|query1-1398|h77_aa1-448|extracted_nt1398|aligned_aa477|pident58.281,HCV,2b,100.0
MG455440|geneNS5A|query1-1398|h77_aa1-448|extracted_nt1398|aligned_aa472|pident58.898,HCV,2a,100.0
MG455417|geneNS5A|query1-1398|h77_aa1-448|extracted_nt1398|aligned_aa472|pident58.686,HCV,2b,100.0
MG455442|geneNS5A|query1-1398|h77_aa1-448|extracted_nt1398|aligned_aa472|pident57.627,HCV,2b,100.0
MG455449|geneNS5A|query1-1398|h77_aa1-448|extracted_nt1398|aligned_aa472|pident58.686,HCV,2b,100.0
MG455463|geneNS5A|query1-1389|h77_aa1-448|extracted_nt1389|aligned_aa470|pident58.511,HCV,2b,100.0
MG455459|geneNS5A|query1-1398|h77_aa1-448|extracted_nt1398|aligned_aa472|pident57.203,HCV,2b,100.0
MG455479|geneNS5A|query1-1398|h77_aa1-448|extracted_nt1398|aligned_aa472|pident58.263,HCV,2b,100.0
MG455474|geneNS5A|query1-1398|h77_aa1-448|extracted_nt1398|aligned_aa477|pident58.281,HCV,2b,100.0
MG455526|geneNS5A|query1-1356|h77_aa1-448|extracted_nt1356|aligned_aa456|pident69.298,HCV,3a,100.0
MG455530|geneNS5A|query1-1356|h77_aa1-448|extracted_nt1356|aligned_aa455|pident69.451,HCV,3a,100.0
MG455536|geneNS5A|query1-1356|h77_aa1-448|extracted_nt1356|aligned_aa456|pident69.737,HCV,3a,100.0
MG455541|geneNS5A|query1-1356|h77_aa1-448|extracted_nt1356|aligned_aa455|pident69.890,HCV,3a,100.0
MG455548|geneNS5A|query1-1356|h77_aa1-448|extracted_nt1356|aligned_aa456|pident70.395,HCV,3a,100.0
MG455551|geneNS5A|query1-1356|h77_aa1-448|extracted_nt1356|aligned_aa455|pident69.011,HCV,3a,100.0
MG455549|geneNS5A|query1-1356|h77_aa1-448|extracted_nt1356|aligned_aa456|pident69.298,HCV,3a,100.0
MG455556|geneNS5A|query1-1353|h77_aa1-448|extracted_nt1353|aligned_aa455|pident69.890,HCV,3a,100.0
MG455558|geneNS5A|query1-1356|h77_aa1-448|extracted_nt1356|aligned_aa455|pident69.231,HCV,3a,100.0
MG455560|geneNS5A|query1-1356|h77_aa1-448|extracted_nt1356|aligned_aa455|pident69.890,HCV,3a,100.0
MG455567|geneNS5A|query1-1356|h77_aa1-448|extracted_nt1356|aligned_aa456|pident69.737,HCV,3a,100.0
MG455568|geneNS5A|query1-1356|h77_aa1-448|extracted_nt1356|aligned_aa456|pident69.518,HCV,3a,100.0
MG455563|geneNS5A|query1-1356|h77_aa1-448|extracted_nt1356|aligned_aa455|pident70.330,HCV,3a,100.0
MG455566|geneNS5A|query1-1356|h77_aa1-448|extracted_nt1356|aligned_aa455|pident70.330,HCV,3a,100.0
MG455569|geneNS5A|query1-1356|h77_aa1-448|extracted_nt1356|aligned_aa455|pident69.451,HCV,3a,100.0
MG455562|geneNS5A|query1-1356|h77_aa1-448|extracted_nt1356|aligned_aa455|pident69.011,HCV,3a,100.0
MG455574|geneNS5A|query1-1356|h77_aa1-448|extracted_nt1356|aligned_aa455|pident68.352,HCV,3a,100.0
MG455578|geneNS5A|query1-1356|h77_aa1-448|extracted_nt1356|aligned_aa456|pident70.175,HCV,3a,100.0
MG455582|geneNS5A|query1-1359|h77_aa1-448|extracted_nt1359|aligned_aa456|pident69.298,HCV,3a,100.0
MG455584|geneNS5A|query1-1356|h77_aa1-448|extracted_nt1356|aligned_aa455|pident69.670,HCV,3a,100.0
MG455588|geneNS5A|query1-1356|h77_aa1-448|extracted_nt1356|aligned_aa456|pident69.518,HCV,3a,100.0
MG455589|geneNS5A|query1-1356|h77_aa1-448|extracted_nt1356|aligned_aa456|pident69.298,HCV,3a,100.0
MG455591|geneNS5A|query1-1356|h77_aa1-448|extracted_nt1356|aligned_aa457|pident69.803,HCV,3a,100.0
MG455577|geneNS5A|query1-1356|h77_aa1-448|extracted_nt1356|aligned_aa456|pident69.737,HCV,3a,100.0
MG455592|geneNS5A|query1-1356|h77_aa1-448|extracted_nt1356|aligned_aa456|pident70.175,HCV,3a,100.0
MG455579|geneNS5A|query1-1356|h77_aa1-448|extracted_nt1356|aligned_aa456|pident70.395,HCV,3a,100.0
MG455590|geneNS5A|query1-1356|h77_aa1-448|extracted_nt1356|aligned_aa456|pident69.956,HCV,3a,100.0
MG455594|geneNS5A|query1-1359|h77_aa1-448|extracted_nt1359|aligned_aa456|pident69.956,HCV,3a,100.0
MG455598|geneNS5A|query1-1356|h77_aa1-448|extracted_nt1356|aligned_aa456|pident70.614,HCV,3a,100.0
MG455600|geneNS5A|query1-1356|h77_aa1-448|extracted_nt1356|aligned_aa455|pident70.549,HCV,3a,100.0
MG455601|geneNS5A|query1-1356|h77_aa1-448|extracted_nt1356|aligned_aa455|pident69.451,HCV,3a,100.0
MG455593|geneNS5A|query1-1356|h77_aa1-448|extracted_nt1356|aligned_aa456|pident69.518,HCV,3a,100.0
MG455604|geneNS5A|query1-1356|h77_aa1-448|extracted_nt1356|aligned_aa455|pident69.890,HCV,3a,100.0
MG455609|geneNS5A|query1-1356|h77_aa1-447|extracted_nt1356|aligned_aa454|pident69.604,HCV,3a,100.0
MG455586|geneNS5A|query1-1356|h77_aa1-448|extracted_nt1356|aligned_aa456|pident69.956,HCV,3a,100.0
MG455603|geneNS5A|query1-1356|h77_aa1-448|extracted_nt1356|aligned_aa455|pident69.231,HCV,3a,100.0
MG455614|geneNS5A|query1-1356|h77_aa1-447|extracted_nt1356|aligned_aa454|pident69.604,HCV,3a,100.0
MG455611|geneNS5A|query1-1356|h77_aa1-448|extracted_nt1356|aligned_aa456|pident69.518,HCV,3a,100.0
MG455620|geneNS5A|query1-1356|h77_aa1-448|extracted_nt1356|aligned_aa455|pident70.549,HCV,3a,100.0
MG455623|geneNS5A|query1-1356|h77_aa1-448|extracted_nt1356|aligned_aa456|pident69.737,HCV,3a,100.0
MG455602|geneNS5A|query1-1356|h77_aa1-448|extracted_nt1356|aligned_aa455|pident68.571,HCV,3a,100.0
MG455626|geneNS5A|query1-1356|h77_aa1-448|extracted_nt1356|aligned_aa455|pident69.670,HCV,3a,100.0
MG455625|geneNS5A|query1-1356|h77_aa1-448|extracted_nt1356|aligned_aa455|pident70.110,HCV,3a,100.0
MG455617|geneNS5A|query1-1356|h77_aa1-448|extracted_nt1356|aligned_aa455|pident68.791,HCV,3a,100.0
MG455621|geneNS5A|query1-1356|h77_aa1-448|extracted_nt1356|aligned_aa455|pident69.011,HCV,3a,100.0
MG455631|geneNS5A|query1-1356|h77_aa1-448|extracted_nt1356|aligned_aa456|pident69.079,HCV,3a,100.0
MG455633|geneNS5A|query1-1356|h77_aa1-448|extracted_nt1356|aligned_aa456|pident70.395,HCV,3a,100.0
MG455632|geneNS5A|query1-1356|h77_aa1-448|extracted_nt1356|aligned_aa455|pident70.330,HCV,3a,100.0
MG455622|geneNS5A|query1-1356|h77_aa1-448|extracted_nt1356|aligned_aa455|pident68.791,HCV,3a,100.0
MG455642|geneNS5A|query1-1356|h77_aa1-448|extracted_nt1356|aligned_aa455|pident69.670,HCV,3a,100.0
MG455644|geneNS5A|query1-1356|h77_aa1-448|extracted_nt1356|aligned_aa455|pident69.231,HCV,3a,100.0
MG455627|geneNS5A|query1-1356|h77_aa1-448|extracted_nt1356|aligned_aa455|pident69.231,HCV,3a,100.0
MG455638|geneNS5A|query1-1356|h77_aa1-448|extracted_nt1356|aligned_aa456|pident70.175,HCV,3a,100.0
MG455636|geneNS5A|query1-1356|h77_aa1-448|extracted_nt1356|aligned_aa455|pident69.670,HCV,3a,100.0
MG455650|geneNS5A|query1-1356|h77_aa1-448|extracted_nt1356|aligned_aa455|pident69.670,HCV,3a,100.0
MG455654|geneNS5A|query1-1356|h77_aa1-448|extracted_nt1356|aligned_aa456|pident70.175,HCV,3a,100.0
MG455553|geneNS5A|query1-1356|h77_aa1-448|extracted_nt1356|aligned_aa455|pident69.451,HCV,3a,100.0
MG455663|geneNS5A|query1-1356|h77_aa1-448|extracted_nt1356|aligned_aa456|pident69.079,HCV,3a,100.0
MG455674|geneNS5A|query1-1356|h77_aa1-448|extracted_nt1356|aligned_aa456|pident69.956,HCV,3a,100.0
MG455682|geneNS5A|query1-1356|h77_aa1-448|extracted_nt1356|aligned_aa455|pident70.330,HCV,3a,100.0
MG455686|geneNS5A|query1-1356|h77_aa1-448|extracted_nt1356|aligned_aa455|pident69.231,HCV,3a,100.0
MG455678|geneNS5A|query1-1356|h77_aa1-448|extracted_nt1356|aligned_aa456|pident70.614,HCV,3a,100.0
MG455705|geneNS5A|query1-1356|h77_aa1-448|extracted_nt1356|aligned_aa456|pident70.395,HCV,3a,100.0
MG455706|geneNS5A|query1-1356|h77_aa1-448|extracted_nt1356|aligned_aa456|pident69.956,HCV,3a,100.0
MG455727|geneNS5A|query1-1356|h77_aa1-448|extracted_nt1356|aligned_aa455|pident69.890,HCV,3a,100.0
MG455711|geneNS5A|query1-1356|h77_aa1-448|extracted_nt1356|aligned_aa455|pident69.890,HCV,3a,100.0
MG455715|geneNS5A|query1-1356|h77_aa1-448|extracted_nt1356|aligned_aa455|pident70.110,HCV,3a,100.0
MG455737|geneNS5A|query1-1356|h77_aa1-448|extracted_nt1356|aligned_aa456|pident69.079,HCV,3a,100.0
MG455750|geneNS5A|query1-1356|h77_aa1-448|extracted_nt1356|aligned_aa456|pident69.956,HCV,3a,100.0
MG455749|geneNS5A|query1-1356|h77_aa1-448|extracted_nt1356|aligned_aa456|pident69.518,HCV,3a,100.0
MG455745|geneNS5A|query1-1356|h77_aa1-448|extracted_nt1356|aligned_aa455|pident69.011,HCV,3a,100.0
MG455729|geneNS5A|query4-1356|h77_aa2-448|extracted_nt1353|aligned_aa455|pident68.791,HCV,3a,100.0
MG455762|geneNS5A|query1-1356|h77_aa1-448|extracted_nt1356|aligned_aa455|pident70.549,HCV,3a,100.0
MG455755|geneNS5A|query1-1356|h77_aa1-448|extracted_nt1356|aligned_aa456|pident70.395,HCV,3a,100.0
MG455763|geneNS5A|query1-1356|h77_aa1-448|extracted_nt1356|aligned_aa455|pident69.451,HCV,3a,100.0
MG455760|geneNS5A|query1-1356|h77_aa1-448|extracted_nt1356|aligned_aa453|pident68.653,HCV,3b,100.0
MG455767|geneNS5A|query1-1362|h77_aa1-447|extracted_nt1362|aligned_aa458|pident69.214,HCV,3a,100.0
MG455768|geneNS5A|query1-1356|h77_aa1-448|extracted_nt1356|aligned_aa456|pident69.737,HCV,3a,100.0
MG455759|geneNS5A|query1-1356|h77_aa1-448|extracted_nt1356|aligned_aa457|pident69.584,HCV,3a,100.0
MG455771|geneNS5A|query1-1356|h77_aa1-448|extracted_nt1356|aligned_aa455|pident69.451,HCV,3a,100.0
MG455774|geneNS5A|query1-1356|h77_aa1-448|extracted_nt1356|aligned_aa455|pident69.451,HCV,3a,100.0
MG455772|geneNS5A|query1-1356|h77_aa1-448|extracted_nt1356|aligned_aa456|pident70.175,HCV,3a,100.0
MG455769|geneNS5A|query1-1356|h77_aa1-448|extracted_nt1356|aligned_aa455|pident70.330,HCV,3a,100.0
MG455781|geneNS5A|query1-1356|h77_aa1-448|extracted_nt1356|aligned_aa456|pident70.175,HCV,3a,100.0
MG455801|geneNS5A|query1-1356|h77_aa1-448|extracted_nt1356|aligned_aa456|pident69.956,HCV,3a,100.0
MG455778|geneNS5A|query1-1356|h77_aa1-448|extracted_nt1356|aligned_aa456|pident70.614,HCV,3a,100.0
MG455796|geneNS5A|query1-1356|h77_aa1-448|extracted_nt1356|aligned_aa453|pident66.887,HCV,3b,100.0
MG455802|geneNS5A|query1-1356|h77_aa1-448|extracted_nt1356|aligned_aa455|pident69.890,HCV,3a,100.0
MG455807|geneNS5A|query1-1359|h77_aa1-448|extracted_nt1359|aligned_aa456|pident70.175,HCV,3a,100.0
MG455806|geneNS5A|query1-1356|h77_aa1-448|extracted_nt1356|aligned_aa455|pident69.890,HCV,3a,100.0
MG455816|geneNS5A|query4-1398|h77_aa2-448|extracted_nt1395|aligned_aa471|pident57.325,HCV,2b,100.0
MG455800|geneNS5A|query1-1356|h77_aa1-448|extracted_nt1356|aligned_aa455|pident70.330,HCV,3a,100.0
MG455812|geneNS5A|query1-1398|h77_aa1-448|extracted_nt1398|aligned_aa472|pident57.839,HCV,2b,100.0
MG455820|geneNS5A|query1-1344|h77_aa1-448|extracted_nt1344|aligned_aa448|pident94.196,HCV,1a,100.0
MG455808|geneNS5A|query1-1356|h77_aa1-448|extracted_nt1356|aligned_aa455|pident69.451,HCV,3a,100.0
MG455811|geneNS5A|query1-1398|h77_aa1-448|extracted_nt1398|aligned_aa472|pident59.746,HCV,2a,100.0
MG455815|geneNS5A|query1-1344|h77_aa1-448|extracted_nt1344|aligned_aa448|pident93.750,HCV,1a,100.0
MG455827|geneNS5A|query4-1398|h77_aa2-448|extracted_nt1395|aligned_aa471|pident58.386,HCV,2a,100.0
MG455823|geneNS5A|query1-1344|h77_aa1-448|extracted_nt1344|aligned_aa448|pident96.652,HCV,1a,100.0
MG455830|geneNS5A|query1-1356|h77_aa1-448|extracted_nt1356|aligned_aa455|pident68.571,HCV,3a,100.0
MG455833|geneNS5A|query1-1344|h77_aa1-448|extracted_nt1344|aligned_aa448|pident94.866,HCV,1a,100.0
MG455826|geneNS5A|query1-1344|h77_aa1-448|extracted_nt1344|aligned_aa448|pident93.750,HCV,1a,100.0
MG455842|geneNS5A|query1-1344|h77_aa1-448|extracted_nt1344|aligned_aa448|pident95.759,HCV,1a,100.0
MG455846|geneNS5A|query1-1344|h77_aa1-448|extracted_nt1344|aligned_aa448|pident95.536,HCV,1a,100.0
MG455841|geneNS5A|query1-1398|h77_aa1-448|extracted_nt1398|aligned_aa472|pident58.475,HCV,2b,100.0
MG455829|geneNS5A|query1-1356|h77_aa1-448|extracted_nt1356|aligned_aa456|pident70.175,HCV,3a,100.0
MG455848|geneNS5A|query1-1344|h77_aa1-448|extracted_nt1344|aligned_aa448|pident96.429,HCV,1a,100.0
MG455858|geneNS5A|query4-1344|h77_aa2-448|extracted_nt1341|aligned_aa447|pident92.170,HCV,1a,100.0
MG455859|geneNS5A|query7-1332|h77_aa3-448|extracted_nt1326|aligned_aa449|pident73.497,HCV,4d,100.0
MG455854|geneNS5A|query7-1335|h77_aa3-448|extracted_nt1329|aligned_aa450|pident73.556,HCV,4a,100.0
MG455855|geneNS5A|query7-1335|h77_aa3-448|extracted_nt1329|aligned_aa450|pident72.667,HCV,4a,100.0
MG455861|geneNS5A|query1-1344|h77_aa1-448|extracted_nt1344|aligned_aa448|pident95.089,HCV,1a,100.0
MG455863|geneNS5A|query1-1344|h77_aa1-448|extracted_nt1344|aligned_aa448|pident94.643,HCV,1a,100.0
MG455866|geneNS5A|query1-1344|h77_aa1-448|extracted_nt1344|aligned_aa448|pident94.196,HCV,1a,100.0
MG455868|geneNS5A|query1-1353|h77_aa1-448|extracted_nt1353|aligned_aa455|pident69.451,HCV,3a,100.0
MG455867|geneNS5A|query1-1356|h77_aa1-448|extracted_nt1356|aligned_aa455|pident70.110,HCV,3a,100.0
MG455850|geneNS5A|query1-1344|h77_aa1-448|extracted_nt1344|aligned_aa448|pident94.866,HCV,1a,100.0
MG455862|geneNS5A|query1-1344|h77_aa1-448|extracted_nt1344|aligned_aa448|pident93.304,HCV,1a,100.0
MG455875|geneNS5A|query1-1344|h77_aa1-448|extracted_nt1344|aligned_aa448|pident94.866,HCV,1a,100.0
MG455871|geneNS5A|query1-1344|h77_aa1-448|extracted_nt1344|aligned_aa448|pident93.973,HCV,1a,100.0
MG455870|geneNS5A|query1-1356|h77_aa1-448|extracted_nt1356|aligned_aa455|pident69.670,HCV,3a,100.0
MG455857|geneNS5A|query1-1344|h77_aa1-448|extracted_nt1344|aligned_aa448|pident96.429,HCV,1a,100.0
MG455881|geneNS5A|query1-1344|h77_aa1-448|extracted_nt1344|aligned_aa448|pident93.527,HCV,1a,100.0
MG455839|geneNS5A|query1-1344|h77_aa1-448|extracted_nt1344|aligned_aa448|pident93.750,HCV,1a,100.0
MG455874|geneNS5A|query1-1344|h77_aa1-448|extracted_nt1344|aligned_aa448|pident95.982,HCV,1a,100.0
MG455880|geneNS5A|query1-1344|h77_aa1-448|extracted_nt1344|aligned_aa448|pident94.420,HCV,1a,100.0
MG455890|geneNS5A|query1-1398|h77_aa1-448|extracted_nt1398|aligned_aa477|pident57.233,HCV,2b,100.0
MG455892|geneNS5A|query1-1344|h77_aa1-448|extracted_nt1344|aligned_aa448|pident95.536,HCV,1a,100.0
MG455891|geneNS5A|query1-1344|h77_aa1-448|extracted_nt1344|aligned_aa448|pident95.089,HCV,1a,100.0
MG455849|geneNS5A|query1-1344|h77_aa1-448|extracted_nt1344|aligned_aa448|pident93.080,HCV,1a,100.0
MG455852|geneNS5A|query1-1344|h77_aa1-448|extracted_nt1344|aligned_aa448|pident93.304,HCV,1a,100.0
MG455856|geneNS5A|query1-1344|h77_aa1-448|extracted_nt1344|aligned_aa448|pident94.643,HCV,1a,100.0
MG455903|geneNS5A|query1-1344|h77_aa1-448|extracted_nt1344|aligned_aa448|pident95.536,HCV,1a,100.0
MG455904|geneNS5A|query1-1344|h77_aa1-448|extracted_nt1344|aligned_aa448|pident95.089,HCV,1a,100.0
MG455946|geneNS5A|query1-1344|h77_aa1-448|extracted_nt1344|aligned_aa448|pident94.420,HCV,1a,100.0
MG455978|geneNS5A|query1-1344|h77_aa1-448|extracted_nt1344|aligned_aa448|pident91.964,HCV,1a,100.0
MG455982|geneNS5A|query1-1341|h77_aa1-448|extracted_nt1341|aligned_aa448|pident80.580,HCV,1b,100.0
MG455988|geneNS5A|query1-1341|h77_aa1-448|extracted_nt1341|aligned_aa449|pident81.514,HCV,1b,100.0
MG455991|geneNS5A|query1-1344|h77_aa1-448|extracted_nt1344|aligned_aa448|pident93.973,HCV,1a,100.0
MG455965|geneNS5A|query1-1338|h77_aa1-448|extracted_nt1338|aligned_aa449|pident78.396,HCV,1b,100.0
MG456003|geneNS5A|query7-1344|h77_aa3-448|extracted_nt1338|aligned_aa449|pident73.274,HCV,4k,100.0
MG456009|geneNS5A|query7-1356|h77_aa3-448|extracted_nt1350|aligned_aa452|pident70.354,HCV,6q,100.0
MG456017|geneNS5A|query7-1332|h77_aa3-448|extracted_nt1326|aligned_aa449|pident73.942,HCV,4d,100.0
MG456013|geneNS5A|query1-1341|h77_aa1-448|extracted_nt1341|aligned_aa448|pident79.241,HCV,1b,100.0
MG456012|geneNS5A|query1-1344|h77_aa1-448|extracted_nt1344|aligned_aa448|pident92.411,HCV,1a,100.0
MG456015|geneNS5A|query1-1341|h77_aa1-448|extracted_nt1341|aligned_aa449|pident80.401,HCV,1b,100.0
MG456014|geneNS5A|query7-1332|h77_aa3-448|extracted_nt1326|aligned_aa449|pident73.942,HCV,4d,100.0
MG456016|geneNS5A|query1-1293|h77_aa1-431|extracted_nt1293|aligned_aa435|pident62.529,HCV,2k,100.0
MG456024|geneNS5A|query1-1329|h77_aa1-443|extracted_nt1329|aligned_aa447|pident61.298,HCV,2k,100.0
MG456023|geneNS5A|query1-1341|h77_aa1-448|extracted_nt1341|aligned_aa450|pident80.444,HCV,1b,100.0
MG456022|geneNS5A|query1-1344|h77_aa1-448|extracted_nt1344|aligned_aa448|pident94.196,HCV,1a,100.0
MG456028|geneNS5A|query1-1344|h77_aa1-448|extracted_nt1344|aligned_aa448|pident89.286,HCV,1a,100.0
MG456019|geneNS5A|query4-1338|h77_aa1-448|extracted_nt1335|aligned_aa452|pident71.903,HCV,4a,100.0
MG456043|geneNS5A|query1-1398|h77_aa1-448|extracted_nt1398|aligned_aa472|pident58.475,HCV,2b,100.0
MG456045|geneNS5A|query1-1344|h77_aa1-448|extracted_nt1344|aligned_aa448|pident96.205,HCV,1a,100.0
MG456046|geneNS5A|query1-1344|h77_aa1-448|extracted_nt1344|aligned_aa448|pident95.536,HCV,1a,100.0
MG456049|geneNS5A|query1-1344|h77_aa1-448|extracted_nt1344|aligned_aa448|pident96.205,HCV,1a,100.0
MG456029|geneNS5A|query1-1344|h77_aa1-448|extracted_nt1344|aligned_aa448|pident94.420,HCV,1a,100.0
MG456051|geneNS5A|query1-1344|h77_aa1-448|extracted_nt1344|aligned_aa448|pident93.304,HCV,1a,100.0
MG456038|geneNS5A|query7-1335|h77_aa3-448|extracted_nt1329|aligned_aa450|pident72.222,HCV,4a,100.0
MG456018|geneNS5A|query7-1398|h77_aa3-448|extracted_nt1392|aligned_aa470|pident58.723,HCV,2a,100.0
MG456020|geneNS5A|query1-1341|h77_aa1-448|extracted_nt1341|aligned_aa448|pident77.679,HCV,1b,100.0
MG456057|geneNS5A|query1-1398|h77_aa1-448|extracted_nt1398|aligned_aa472|pident57.839,HCV,2b,100.0
MG456062|geneNS5A|query1-1344|h77_aa1-448|extracted_nt1344|aligned_aa448|pident93.080,HCV,1a,100.0
MG456058|geneNS5A|query1-1014|h77_aa1-342|extracted_nt1014|aligned_aa342|pident64.035,HCV,2a,100.0
MG456065|geneNS5A|query1-1344|h77_aa1-448|extracted_nt1344|aligned_aa448|pident94.866,HCV,1a,100.0
MG456056|geneNS5A|query1-1344|h77_aa1-448|extracted_nt1344|aligned_aa448|pident96.429,HCV,1a,100.0
MG456069|geneNS5A|query1-1356|h77_aa1-448|extracted_nt1356|aligned_aa456|pident70.614,HCV,3a,100.0
MG456071|geneNS5A|query1-1344|h77_aa1-448|extracted_nt1344|aligned_aa448|pident93.527,HCV,1a,100.0
MG456072|geneNS5A|query1-1356|h77_aa1-448|extracted_nt1356|aligned_aa456|pident69.956,HCV,3a,100.0
MG456073|geneNS5A|query1-1398|h77_aa1-448|extracted_nt1398|aligned_aa472|pident57.839,HCV,2b,100.0
MG456066|geneNS5A|query1-1344|h77_aa1-448|extracted_nt1344|aligned_aa448|pident94.643,HCV,1a,100.0
MG456064|geneNS5A|query7-1335|h77_aa3-448|extracted_nt1329|aligned_aa450|pident72.000,HCV,4a,100.0
MG456076|geneNS5A|query1-1344|h77_aa1-448|extracted_nt1344|aligned_aa448|pident92.857,HCV,1a,100.0
MG456068|geneNS5A|query1-1344|h77_aa1-448|extracted_nt1344|aligned_aa448|pident93.527,HCV,1a,100.0
MG456077|geneNS5A|query1-1356|h77_aa1-448|extracted_nt1356|aligned_aa453|pident69.978,HCV,3a,100.0
MG456075|geneNS5A|query7-1335|h77_aa3-448|extracted_nt1329|aligned_aa450|pident72.667,HCV,4a,100.0
MG456063|geneNS5A|query1-1356|h77_aa1-448|extracted_nt1356|aligned_aa455|pident69.890,HCV,3a,100.0
MG456078|geneNS5A|query1-1356|h77_aa1-448|extracted_nt1356|aligned_aa457|pident68.928,HCV,3a,100.0
MG456070|geneNS5A|query1-1344|h77_aa1-448|extracted_nt1344|aligned_aa448|pident93.527,HCV,1a,100.0
MG456083|geneNS5A|query1-1398|h77_aa1-448|extracted_nt1398|aligned_aa472|pident58.686,HCV,2b,100.0
MG456091|geneNS5A|query1-1344|h77_aa1-448|extracted_nt1344|aligned_aa448|pident93.304,HCV,1a,100.0
MG456104|geneNS5A|query1-1356|h77_aa1-448|extracted_nt1356|aligned_aa455|pident69.890,HCV,3a,100.0
MG456100|geneNS5A|query1-1341|h77_aa1-448|extracted_nt1341|aligned_aa449|pident80.178,HCV,1b,100.0
MG456106|geneNS5A|query1-1356|h77_aa1-448|extracted_nt1356|aligned_aa456|pident69.956,HCV,3a,100.0
MG456132|geneNS5A|query1-1398|h77_aa1-448|extracted_nt1398|aligned_aa472|pident56.568,HCV,2b,100.0
MG456156|geneNS5A|query1-1398|h77_aa1-448|extracted_nt1398|aligned_aa472|pident58.051,HCV,2b,100.0
MG456162|geneNS5A|query1-1344|h77_aa1-448|extracted_nt1344|aligned_aa448|pident95.312,HCV,1a,100.0
MG456168|geneNS5A|query1-1344|h77_aa1-448|extracted_nt1344|aligned_aa448|pident94.643,HCV,1a,100.0
MG456172|geneNS5A|query1-1344|h77_aa1-448|extracted_nt1344|aligned_aa448|pident94.643,HCV,1a,100.0
MG456173|geneNS5A|query1-1344|h77_aa1-448|extracted_nt1344|aligned_aa448|pident95.089,HCV,1a,100.0
MG456169|geneNS5A|query1-1344|h77_aa1-448|extracted_nt1344|aligned_aa448|pident93.527,HCV,1a,100.0
MG456176|geneNS5A|query7-1335|h77_aa3-448|extracted_nt1329|aligned_aa450|pident72.222,HCV,4a,100.0
MG456181|geneNS5A|query1-1341|h77_aa1-448|extracted_nt1341|aligned_aa453|pident80.353,HCV,1b,100.0
MG456185|geneNS5A|query7-1329|h77_aa3-437|extracted_nt1323|aligned_aa445|pident71.011,HCV,4a,100.0
MG456187|geneNS5A|query1-1356|h77_aa1-448|extracted_nt1356|aligned_aa455|pident70.330,HCV,3a,100.0
MG456188|geneNS5A|query1-1344|h77_aa1-448|extracted_nt1344|aligned_aa448|pident92.857,HCV,1a,100.0
MG455202|geneNS5A|query1-1344|h77_aa1-448|extracted_nt1344|aligned_aa448|pident94.643,HCV,1a,100.0
MG456195|geneNS5A|query1-1356|h77_aa1-448|extracted_nt1356|aligned_aa456|pident69.737,HCV,3a,100.0
MG455203|geneNS5A|query1-1398|h77_aa1-448|extracted_nt1398|aligned_aa472|pident59.534,HCV,2a,100.0
MG456184|geneNS5A|query1-1398|h77_aa1-448|extracted_nt1398|aligned_aa477|pident58.491,HCV,2b,100.0
MG456198|geneNS5A|query1-1344|h77_aa1-448|extracted_nt1344|aligned_aa448|pident93.750,HCV,1a,100.0
MG455205|geneNS5A|query1-1335|h77_aa1-448|extracted_nt1335|aligned_aa452|pident72.788,HCV,4a,100.0
MG456194|geneNS5A|query7-1335|h77_aa3-448|extracted_nt1329|aligned_aa450|pident72.222,HCV,4a,100.0
MG455225|geneNS5A|query10-1347|h77_aa3-448|extracted_nt1338|aligned_aa449|pident74.833,HCV,4b,75.0
MG455227|geneNS5A|query1-1341|h77_aa1-448|extracted_nt1341|aligned_aa448|pident80.357,HCV,1b,100.0
MG455228|geneNS5A|query1-1344|h77_aa1-448|extracted_nt1344|aligned_aa448|pident94.643,HCV,1a,100.0
MG455231|geneNS5A|query4-1350|h77_aa2-448|extracted_nt1347|aligned_aa453|pident69.757,HCV,5a,100.0
MG455229|geneNS5A|query7-1332|h77_aa3-448|extracted_nt1326|aligned_aa449|pident72.606,HCV,4d,100.0
MG455242|geneNS5A|query7-1332|h77_aa3-448|extracted_nt1326|aligned_aa449|pident73.274,HCV,4d,100.0
MG455222|geneNS5A|query7-1335|h77_aa3-448|extracted_nt1329|aligned_aa450|pident72.889,HCV,4a,100.0
MG455253|geneNS5A|query7-1353|h77_aa3-448|extracted_nt1347|aligned_aa454|pident72.467,HCV,6a,100.0
MG455255|geneNS5A|query1-1344|h77_aa1-448|extracted_nt1344|aligned_aa448|pident93.304,HCV,1a,100.0
MG455237|geneNS5A|query1-1284|h77_aa1-428|extracted_nt1284|aligned_aa432|pident61.111,HCV,2b,100.0
MG455265|geneNS5A|query10-1335|h77_aa3-448|extracted_nt1326|aligned_aa451|pident72.727,HCV,4n,100.0
MG455226|geneNS5A|query1-1344|h77_aa1-448|extracted_nt1344|aligned_aa448|pident92.857,HCV,1a,100.0
MG455276|geneNS5A|query1-1398|h77_aa1-448|extracted_nt1398|aligned_aa472|pident57.839,HCV,2b,100.0
MG455272|geneNS5A|query1-1344|h77_aa1-448|extracted_nt1344|aligned_aa448|pident93.304,HCV,1a,100.0
MG455275|geneNS5A|query1-1341|h77_aa1-448|extracted_nt1341|aligned_aa448|pident77.902,HCV,1b,100.0
MG455282|geneNS5A|query1-1353|h77_aa1-448|extracted_nt1353|aligned_aa457|pident71.335,HCV,6h,100.0
MG455274|geneNS5A|query10-1329|h77_aa4-448|extracted_nt1320|aligned_aa448|pident72.545,HCV,4o,100.0
MG455245|geneNS5A|query1-1344|h77_aa1-448|extracted_nt1344|aligned_aa448|pident92.857,HCV,1a,100.0
MG455285|geneNS5A|query1-1341|h77_aa1-448|extracted_nt1341|aligned_aa448|pident80.357,HCV,1b,100.0
MG455295|geneNS5A|query1-1335|h77_aa1-448|extracted_nt1335|aligned_aa452|pident72.566,HCV,4a,100.0
MG455298|geneNS5A|query1-1341|h77_aa1-448|extracted_nt1341|aligned_aa448|pident76.786,HCV,1b,100.0
MG455302|geneNS5A|query10-1335|h77_aa3-448|extracted_nt1326|aligned_aa449|pident73.719,HCV,4n,100.0
MG455291|geneNS5A|query4-1347|h77_aa2-448|extracted_nt1344|aligned_aa453|pident69.536,HCV,5a,100.0
MG455296|geneNS5A|query7-1332|h77_aa3-448|extracted_nt1326|aligned_aa449|pident73.051,HCV,4d,100.0
MG455309|geneNS5A|query7-1335|h77_aa3-448|extracted_nt1329|aligned_aa450|pident73.111,HCV,4a,100.0
MG455308|geneNS5A|query1-1284|h77_aa1-428|extracted_nt1284|aligned_aa432|pident65.278,HCV,2c,100.0
MG455323|geneNS5A|query1-1344|h77_aa1-448|extracted_nt1344|aligned_aa448|pident93.080,HCV,1a,100.0
MG455328|geneNS5A|query1-1341|h77_aa1-448|extracted_nt1341|aligned_aa448|pident78.571,HCV,1b,100.0
MG455318|geneNS5A|query1-1347|h77_aa1-448|extracted_nt1347|aligned_aa449|pident95.323,HCV,1a,100.0
MG455342|geneNS5A|query1-1341|h77_aa1-448|extracted_nt1341|aligned_aa448|pident80.804,HCV,1b,100.0
MG455346|geneNS5A|query1-1398|h77_aa1-448|extracted_nt1398|aligned_aa472|pident58.898,HCV,2a,100.0
MG455352|geneNS5A|query4-1398|h77_aa2-448|extracted_nt1395|aligned_aa471|pident59.660,HCV,2a,100.0
MG455358|geneNS5A|query4-1350|h77_aa2-448|extracted_nt1347|aligned_aa453|pident69.316,HCV,5a,100.0
MG455359|geneNS5A|query4-1350|h77_aa2-448|extracted_nt1347|aligned_aa453|pident70.640,HCV,5a,100.0
MG455356|geneNS5A|query7-1362|h77_aa3-448|extracted_nt1356|aligned_aa456|pident71.491,HCV,6a,100.0
MG455364|geneNS5A|query4-1329|h77_aa2-448|extracted_nt1326|aligned_aa450|pident72.222,HCV,4f,100.0
MG455369|geneNS5A|query1-1344|h77_aa1-448|extracted_nt1344|aligned_aa448|pident96.429,HCV,1a,100.0
MG455372|geneNS5A|query7-1353|h77_aa3-448|extracted_nt1347|aligned_aa454|pident70.264,HCV,6a,100.0
MG455378|geneNS5A|query7-1353|h77_aa3-448|extracted_nt1347|aligned_aa452|pident69.469,HCV,6a,100.0
MG455383|geneNS5A|query7-1353|h77_aa3-448|extracted_nt1347|aligned_aa456|pident71.711,HCV,6a,100.0
MG455381|geneNS5A|query7-1344|h77_aa3-448|extracted_nt1338|aligned_aa453|pident70.640,HCV,4a,100.0
MG455387|geneNS5A|query1-1344|h77_aa1-448|extracted_nt1344|aligned_aa448|pident93.973,HCV,1a,100.0
MG455392|geneNS5A|query1-1335|h77_aa1-448|extracted_nt1335|aligned_aa452|pident72.566,HCV,4a,100.0
MG455393|geneNS5A|query1-1377|h77_aa1-448|extracted_nt1377|aligned_aa472|pident54.873,HCV,2a,100.0
MG455410|geneNS5A|query1-1398|h77_aa1-448|extracted_nt1398|aligned_aa472|pident58.051,HCV,2b,100.0
MG455406|geneNS5A|query1-1398|h77_aa1-448|extracted_nt1398|aligned_aa472|pident58.051,HCV,2b,100.0
MG455216|geneNS5A|query1-1341|h77_aa1-448|extracted_nt1341|aligned_aa448|pident79.018,HCV,1b,100.0
MG455232|geneNS5A|query7-1332|h77_aa3-448|extracted_nt1326|aligned_aa449|pident72.606,HCV,4n,100.0
MG455405|geneNS5A|query1-1398|h77_aa1-448|extracted_nt1398|aligned_aa472|pident58.898,HCV,2b,100.0
MG455418|geneNS5A|query1-1398|h77_aa1-448|extracted_nt1398|aligned_aa472|pident58.475,HCV,2b,100.0
MG455420|geneNS5A|query1-1398|h77_aa1-448|extracted_nt1398|aligned_aa472|pident56.144,HCV,2b,100.0
MG455414|geneNS5A|query1-1398|h77_aa1-448|extracted_nt1398|aligned_aa477|pident57.233,HCV,2b,100.0
MG455422|geneNS5A|query1-1398|h77_aa1-448|extracted_nt1398|aligned_aa472|pident58.051,HCV,2b,100.0
MG455425|geneNS5A|query1-1398|h77_aa1-448|extracted_nt1398|aligned_aa472|pident59.110,HCV,2b,100.0
MG455423|geneNS5A|query1-1398|h77_aa1-448|extracted_nt1398|aligned_aa472|pident58.898,HCV,2a,100.0
MG455409|geneNS5A|query1-1398|h77_aa1-448|extracted_nt1398|aligned_aa481|pident58.420,HCV,2b,100.0
MG455419|geneNS5A|query1-1398|h77_aa1-448|extracted_nt1398|aligned_aa472|pident57.415,HCV,2b,100.0
MG455432|geneNS5A|query1-1398|h77_aa1-448|extracted_nt1398|aligned_aa472|pident59.958,HCV,2c,100.0
MG455429|geneNS5A|query1-1398|h77_aa1-448|extracted_nt1398|aligned_aa472|pident58.051,HCV,2b,100.0
MG455426|geneNS5A|query1-1398|h77_aa1-448|extracted_nt1398|aligned_aa472|pident57.839,HCV,2b,100.0
MG455439|geneNS5A|query1-1398|h77_aa1-448|extracted_nt1398|aligned_aa472|pident57.627,HCV,2b,100.0
MG455434|geneNS5A|query1-1398|h77_aa1-448|extracted_nt1398|aligned_aa472|pident58.898,HCV,2a,100.0
MG455438|geneNS5A|query1-1014|h77_aa1-342|extracted_nt1014|aligned_aa342|pident62.865,HCV,2a,100.0
MG455431|geneNS5A|query1-1398|h77_aa1-448|extracted_nt1398|aligned_aa472|pident60.381,HCV,2a,100.0
MG455445|geneNS5A|query1-1344|h77_aa1-448|extracted_nt1344|aligned_aa448|pident93.750,HCV,1a,100.0
MG455448|geneNS5A|query1-1398|h77_aa1-448|extracted_nt1398|aligned_aa472|pident57.627,HCV,2b,100.0
MG455455|geneNS5A|query1-1398|h77_aa1-448|extracted_nt1398|aligned_aa472|pident57.839,HCV,2b,100.0
MG455464|geneNS5A|query1-1395|h77_aa1-448|extracted_nt1395|aligned_aa472|pident58.263,HCV,2b,100.0
MG455468|geneNS5A|query1-1398|h77_aa1-448|extracted_nt1398|aligned_aa472|pident59.110,HCV,2b,100.0
MG455462|geneNS5A|query1-1398|h77_aa1-448|extracted_nt1398|aligned_aa472|pident57.627,HCV,2b,100.0
MG455460|geneNS5A|query1-1398|h77_aa1-448|extracted_nt1398|aligned_aa477|pident58.281,HCV,2b,100.0
MG455461|geneNS5A|query1-1398|h77_aa1-448|extracted_nt1398|aligned_aa472|pident57.203,HCV,2b,100.0
MG455473|geneNS5A|query1-1398|h77_aa1-448|extracted_nt1398|aligned_aa472|pident58.686,HCV,2b,100.0
MG455452|geneNS5A|query1-1398|h77_aa1-448|extracted_nt1398|aligned_aa472|pident58.475,HCV,2b,100.0
MG455470|geneNS5A|query1-1398|h77_aa1-448|extracted_nt1398|aligned_aa472|pident58.051,HCV,2b,100.0
MG455481|geneNS5A|query1-1398|h77_aa1-448|extracted_nt1398|aligned_aa472|pident58.475,HCV,2b,100.0
MG455450|geneNS5A|query1-1398|h77_aa1-448|extracted_nt1398|aligned_aa472|pident58.263,HCV,2b,100.0
MG455490|geneNS5A|query1-1398|h77_aa1-448|extracted_nt1398|aligned_aa472|pident58.051,HCV,2b,100.0
MG455492|geneNS5A|query1-1395|h77_aa1-448|extracted_nt1395|aligned_aa472|pident58.263,HCV,2b,100.0
MG455500|geneNS5A|query1-1398|h77_aa1-448|extracted_nt1398|aligned_aa472|pident57.839,HCV,2a,100.0
MG455497|geneNS5A|query1-1398|h77_aa1-448|extracted_nt1398|aligned_aa472|pident59.322,HCV,2b,100.0
MG455502|geneNS5A|query1-1398|h77_aa1-448|extracted_nt1398|aligned_aa472|pident57.203,HCV,2b,100.0
MG455499|geneNS5A|query1-1398|h77_aa1-448|extracted_nt1398|aligned_aa477|pident57.023,HCV,2b,100.0
MG455504|geneNS5A|query1-1398|h77_aa1-448|extracted_nt1398|aligned_aa472|pident60.169,HCV,2b,100.0
MG455511|geneNS5A|query1-1398|h77_aa1-448|extracted_nt1398|aligned_aa472|pident59.110,HCV,2b,100.0
MG455508|geneNS5A|query1-1398|h77_aa1-448|extracted_nt1398|aligned_aa472|pident59.322,HCV,2b,100.0
MG455496|geneNS5A|query1-1398|h77_aa1-448|extracted_nt1398|aligned_aa472|pident57.627,HCV,2b,100.0
MG455509|geneNS5A|query1-1398|h77_aa1-448|extracted_nt1398|aligned_aa472|pident59.534,HCV,2a,100.0
MG455512|geneNS5A|query1-1395|h77_aa1-448|extracted_nt1395|aligned_aa472|pident58.686,HCV,2b,100.0
MG455518|geneNS5A|query1-1398|h77_aa1-448|extracted_nt1398|aligned_aa472|pident59.110,HCV,2b,100.0
MG455506|geneNS5A|query1-1398|h77_aa1-448|extracted_nt1398|aligned_aa472|pident57.415,HCV,2b,100.0
MG455522|geneNS5A|query1-1398|h77_aa1-448|extracted_nt1398|aligned_aa472|pident57.839,HCV,2a,100.0
MG455531|geneNS5A|query1-1356|h77_aa1-448|extracted_nt1356|aligned_aa455|pident69.670,HCV,3a,100.0
MG455520|geneNS5A|query1-1398|h77_aa1-448|extracted_nt1398|aligned_aa472|pident58.475,HCV,2b,100.0
MG455529|geneNS5A|query1-1356|h77_aa1-448|extracted_nt1356|aligned_aa455|pident69.890,HCV,3a,100.0
MG455535|geneNS5A|query1-1356|h77_aa1-448|extracted_nt1356|aligned_aa455|pident69.890,HCV,3a,100.0
MG455538|geneNS5A|query1-1356|h77_aa1-448|extracted_nt1356|aligned_aa456|pident69.737,HCV,3a,100.0
MG455534|geneNS5A|query1-1356|h77_aa1-448|extracted_nt1356|aligned_aa455|pident70.110,HCV,3a,100.0
MG455539|geneNS5A|query4-1356|h77_aa2-448|extracted_nt1353|aligned_aa454|pident70.264,HCV,3a,100.0
MG455544|geneNS5A|query1-1356|h77_aa1-448|extracted_nt1356|aligned_aa455|pident69.451,HCV,3a,100.0
MG455540|geneNS5A|query1-1356|h77_aa1-448|extracted_nt1356|aligned_aa455|pident70.110,HCV,3a,100.0
MG455546|geneNS5A|query1-1356|h77_aa1-448|extracted_nt1356|aligned_aa455|pident68.791,HCV,3a,100.0
MG455545|geneNS5A|query1-1356|h77_aa1-448|extracted_nt1356|aligned_aa455|pident69.011,HCV,3a,100.0
MG455552|geneNS5A|query1-1356|h77_aa1-448|extracted_nt1356|aligned_aa455|pident69.231,HCV,3a,100.0
MG455547|geneNS5A|query1-1356|h77_aa1-448|extracted_nt1356|aligned_aa455|pident68.791,HCV,3a,100.0
MG455554|geneNS5A|query1-1356|h77_aa1-448|extracted_nt1356|aligned_aa456|pident69.079,HCV,3a,100.0
MG455503|geneNS5A|query1-1398|h77_aa1-448|extracted_nt1398|aligned_aa472|pident58.263,HCV,2b,100.0
MG455559|geneNS5A|query1-1356|h77_aa1-448|extracted_nt1356|aligned_aa456|pident70.175,HCV,3a,100.0
MG455557|geneNS5A|query1-1356|h77_aa1-448|extracted_nt1356|aligned_aa455|pident69.670,HCV,3a,100.0
MG455561|geneNS5A|query1-1356|h77_aa1-448|extracted_nt1356|aligned_aa455|pident69.890,HCV,3a,100.0
MG455572|geneNS5A|query1-1356|h77_aa1-448|extracted_nt1356|aligned_aa456|pident69.518,HCV,3a,100.0
MG455576|geneNS5A|query1-1356|h77_aa1-448|extracted_nt1356|aligned_aa455|pident70.110,HCV,3a,100.0
MG455581|geneNS5A|query1-1356|h77_aa1-448|extracted_nt1356|aligned_aa455|pident70.110,HCV,3a,100.0
MG455583|geneNS5A|query1-1359|h77_aa1-448|extracted_nt1359|aligned_aa456|pident69.298,HCV,3a,100.0
MG455585|geneNS5A|query1-1356|h77_aa1-448|extracted_nt1356|aligned_aa456|pident69.298,HCV,3a,100.0
MG455595|geneNS5A|query1-1356|h77_aa1-448|extracted_nt1356|aligned_aa455|pident70.110,HCV,3a,100.0
MG455575|geneNS5A|query1-1356|h77_aa1-448|extracted_nt1356|aligned_aa456|pident69.737,HCV,3a,100.0
MG455596|geneNS5A|query1-1356|h77_aa1-448|extracted_nt1356|aligned_aa455|pident70.110,HCV,3a,100.0
MG455605|geneNS5A|query1-1356|h77_aa1-448|extracted_nt1356|aligned_aa455|pident69.231,HCV,3a,100.0
MG455615|geneNS5A|query1-1356|h77_aa1-448|extracted_nt1356|aligned_aa455|pident70.330,HCV,3a,100.0
MG455613|geneNS5A|query1-1356|h77_aa1-448|extracted_nt1356|aligned_aa455|pident69.670,HCV,3a,100.0
MG455624|geneNS5A|query1-1356|h77_aa1-448|extracted_nt1356|aligned_aa455|pident70.330,HCV,3a,100.0
MG455630|geneNS5A|query1-1356|h77_aa1-448|extracted_nt1356|aligned_aa455|pident70.549,HCV,3a,100.0
MG455635|geneNS5A|query1-1356|h77_aa1-448|extracted_nt1356|aligned_aa455|pident69.890,HCV,3a,100.0
MG455637|geneNS5A|query1-1356|h77_aa1-448|extracted_nt1356|aligned_aa456|pident70.175,HCV,3a,100.0
MG455645|geneNS5A|query1-1356|h77_aa1-448|extracted_nt1356|aligned_aa455|pident69.451,HCV,3a,100.0
MG455639|geneNS5A|query1-1356|h77_aa1-448|extracted_nt1356|aligned_aa456|pident70.175,HCV,3a,100.0
MG455634|geneNS5A|query1-1356|h77_aa1-448|extracted_nt1356|aligned_aa455|pident69.890,HCV,3a,100.0
MG455646|geneNS5A|query1-1356|h77_aa1-448|extracted_nt1356|aligned_aa455|pident69.670,HCV,3a,100.0
MG455657|geneNS5A|query1-1356|h77_aa1-448|extracted_nt1356|aligned_aa456|pident69.737,HCV,3a,100.0
MG455659|geneNS5A|query1-1356|h77_aa1-448|extracted_nt1356|aligned_aa455|pident69.231,HCV,3a,100.0
MG455656|geneNS5A|query1-1356|h77_aa1-448|extracted_nt1356|aligned_aa455|pident69.670,HCV,3a,100.0
MG455667|geneNS5A|query1-1356|h77_aa1-448|extracted_nt1356|aligned_aa456|pident68.860,HCV,3a,100.0
MG455668|geneNS5A|query1-1356|h77_aa1-448|extracted_nt1356|aligned_aa455|pident70.330,HCV,3a,100.0
MG455670|geneNS5A|query1-1356|h77_aa1-448|extracted_nt1356|aligned_aa455|pident69.451,HCV,3a,100.0
MG455671|geneNS5A|query1-1356|h77_aa1-448|extracted_nt1356|aligned_aa456|pident69.956,HCV,3a,100.0
MG455677|geneNS5A|query1-1356|h77_aa1-448|extracted_nt1356|aligned_aa455|pident69.231,HCV,3a,100.0
MG455655|geneNS5A|query1-1356|h77_aa1-448|extracted_nt1356|aligned_aa455|pident70.549,HCV,3a,100.0
MG455653|geneNS5A|query1-1356|h77_aa1-448|extracted_nt1356|aligned_aa456|pident69.518,HCV,3a,100.0
MG455679|geneNS5A|query1-1356|h77_aa1-448|extracted_nt1356|aligned_aa455|pident69.670,HCV,3a,100.0
MG455683|geneNS5A|query1-1356|h77_aa1-448|extracted_nt1356|aligned_aa456|pident69.298,HCV,3a,100.0
MG455675|geneNS5A|query1-1353|h77_aa1-448|extracted_nt1353|aligned_aa453|pident69.316,HCV,3a,100.0
MG455684|geneNS5A|query1-1356|h77_aa1-448|extracted_nt1356|aligned_aa456|pident69.956,HCV,3a,100.0
MG455687|geneNS5A|query1-1356|h77_aa1-448|extracted_nt1356|aligned_aa456|pident70.614,HCV,3a,100.0
MG455676|geneNS5A|query1-1356|h77_aa1-448|extracted_nt1356|aligned_aa456|pident69.956,HCV,3a,100.0
MG455691|geneNS5A|query1-1359|h77_aa1-448|extracted_nt1359|aligned_aa457|pident70.460,HCV,3a,100.0
MG455690|geneNS5A|query1-1356|h77_aa1-448|extracted_nt1356|aligned_aa456|pident69.079,HCV,3a,100.0
MG455697|geneNS5A|query1-1356|h77_aa1-448|extracted_nt1356|aligned_aa455|pident70.110,HCV,3a,100.0
MG455696|geneNS5A|query1-1362|h77_aa1-448|extracted_nt1362|aligned_aa459|pident68.410,HCV,3a,100.0
MG455685|geneNS5A|query1-1356|h77_aa1-448|extracted_nt1356|aligned_aa456|pident69.737,HCV,3a,100.0
MG455698|geneNS5A|query1-1356|h77_aa1-448|extracted_nt1356|aligned_aa456|pident70.395,HCV,3a,100.0
MG455704|geneNS5A|query1-1356|h77_aa1-448|extracted_nt1356|aligned_aa455|pident70.110,HCV,3a,100.0
MG455707|geneNS5A|query1-1356|h77_aa1-448|extracted_nt1356|aligned_aa455|pident69.890,HCV,3a,100.0
MG455688|geneNS5A|query1-1356|h77_aa1-448|extracted_nt1356|aligned_aa455|pident69.890,HCV,3a,100.0
MG455714|geneNS5A|query1-1356|h77_aa1-448|extracted_nt1356|aligned_aa456|pident69.518,HCV,3a,100.0
MG455700|geneNS5A|query1-1356|h77_aa1-448|extracted_nt1356|aligned_aa456|pident69.956,HCV,3a,100.0
MG455712|geneNS5A|query1-1356|h77_aa1-448|extracted_nt1356|aligned_aa456|pident69.956,HCV,3a,100.0
MG455695|geneNS5A|query1-1356|h77_aa1-448|extracted_nt1356|aligned_aa455|pident69.890,HCV,3a,100.0
MG455694|geneNS5A|query1-1356|h77_aa1-448|extracted_nt1356|aligned_aa456|pident69.737,HCV,3a,100.0
MG455717|geneNS5A|query1-1356|h77_aa1-448|extracted_nt1356|aligned_aa456|pident69.298,HCV,3a,100.0
MG455708|geneNS5A|query1-1356|h77_aa1-448|extracted_nt1356|aligned_aa456|pident69.298,HCV,3a,100.0
MG455721|geneNS5A|query1-1356|h77_aa1-448|extracted_nt1356|aligned_aa456|pident69.737,HCV,3a,100.0
MG455722|geneNS5A|query4-1356|h77_aa2-448|extracted_nt1353|aligned_aa454|pident68.943,HCV,3a,100.0
MG455724|geneNS5A|query1-1356|h77_aa1-448|extracted_nt1356|aligned_aa455|pident70.330,HCV,3a,100.0
MG455728|geneNS5A|query1-1356|h77_aa1-448|extracted_nt1356|aligned_aa455|pident69.231,HCV,3a,100.0
MG455723|geneNS5A|query1-1356|h77_aa1-448|extracted_nt1356|aligned_aa455|pident70.549,HCV,3a,100.0
MG455725|geneNS5A|query1-1356|h77_aa1-448|extracted_nt1356|aligned_aa455|pident70.989,HCV,3a,100.0
MG455739|geneNS5A|query1-1356|h77_aa1-448|extracted_nt1356|aligned_aa455|pident70.769,HCV,3a,100.0
MG455732|geneNS5A|query1-1356|h77_aa1-448|extracted_nt1356|aligned_aa455|pident70.549,HCV,3a,100.0
MG455744|geneNS5A|query1-1356|h77_aa1-448|extracted_nt1356|aligned_aa455|pident70.110,HCV,3a,100.0
MG455746|geneNS5A|query1-1356|h77_aa1-448|extracted_nt1356|aligned_aa455|pident70.769,HCV,3a,100.0
MG455741|geneNS5A|query1-1356|h77_aa1-448|extracted_nt1356|aligned_aa455|pident69.451,HCV,3a,100.0
MG455740|geneNS5A|query1-1356|h77_aa1-448|extracted_nt1356|aligned_aa455|pident69.011,HCV,3a,100.0
MG455758|geneNS5A|query1-1356|h77_aa1-448|extracted_nt1356|aligned_aa455|pident69.451,HCV,3a,100.0
MG455742|geneNS5A|query1-1356|h77_aa1-448|extracted_nt1356|aligned_aa456|pident70.833,HCV,3a,100.0
MG455735|geneNS5A|query1-1356|h77_aa1-448|extracted_nt1356|aligned_aa456|pident70.833,HCV,3a,100.0
MG455747|geneNS5A|query1-1356|h77_aa1-448|extracted_nt1356|aligned_aa456|pident71.053,HCV,3a,100.0
MG455756|geneNS5A|query1-1356|h77_aa1-448|extracted_nt1356|aligned_aa455|pident69.451,HCV,3a,100.0
MG455765|geneNS5A|query1-1356|h77_aa1-448|extracted_nt1356|aligned_aa456|pident67.325,HCV,3a,100.0
MG455753|geneNS5A|query1-1356|h77_aa1-448|extracted_nt1356|aligned_aa456|pident69.518,HCV,3a,100.0
MG455782|geneNS5A|query1-1356|h77_aa1-448|extracted_nt1356|aligned_aa455|pident69.890,HCV,3a,100.0
MG455766|geneNS5A|query1-1356|h77_aa1-448|extracted_nt1356|aligned_aa455|pident69.670,HCV,3a,100.0
MG455783|geneNS5A|query1-1356|h77_aa1-448|extracted_nt1356|aligned_aa456|pident69.518,HCV,3a,100.0
MG455784|geneNS5A|query1-1356|h77_aa1-448|extracted_nt1356|aligned_aa455|pident69.231,HCV,3a,100.0
MG455785|geneNS5A|query1-1356|h77_aa1-448|extracted_nt1356|aligned_aa455|pident69.890,HCV,3a,100.0
MG455791|geneNS5A|query1-1356|h77_aa1-448|extracted_nt1356|aligned_aa456|pident69.737,HCV,3a,100.0
MG455793|geneNS5A|query1-1356|h77_aa1-448|extracted_nt1356|aligned_aa456|pident69.956,HCV,3a,100.0
MG455794|geneNS5A|query1-1356|h77_aa1-448|extracted_nt1356|aligned_aa455|pident69.451,HCV,3a,100.0
MG455795|geneNS5A|query1-1356|h77_aa1-448|extracted_nt1356|aligned_aa455|pident69.670,HCV,3a,100.0
MG455792|geneNS5A|query1-1356|h77_aa1-448|extracted_nt1356|aligned_aa455|pident70.110,HCV,3a,100.0
MG455798|geneNS5A|query1-1356|h77_aa1-448|extracted_nt1356|aligned_aa455|pident70.769,HCV,3a,100.0
MG455803|geneNS5A|query1-1356|h77_aa1-448|extracted_nt1356|aligned_aa455|pident69.231,HCV,3a,100.0
MG455809|geneNS5A|query1-1356|h77_aa1-448|extracted_nt1356|aligned_aa456|pident69.956,HCV,3a,100.0
MG455817|geneNS5A|query7-1335|h77_aa3-448|extracted_nt1329|aligned_aa450|pident72.667,HCV,4a,100.0
MG455819|geneNS5A|query1-1344|h77_aa1-448|extracted_nt1344|aligned_aa448|pident92.857,HCV,1a,100.0
MG455813|geneNS5A|query1-1341|h77_aa1-448|extracted_nt1341|aligned_aa449|pident81.960,HCV,1b,100.0
MG455828|geneNS5A|query1-1344|h77_aa1-448|extracted_nt1344|aligned_aa448|pident93.304,HCV,1a,100.0
MG455832|geneNS5A|query1-1344|h77_aa1-448|extracted_nt1344|aligned_aa448|pident91.741,HCV,1a,100.0
MG455838|geneNS5A|query7-1332|h77_aa3-448|extracted_nt1326|aligned_aa449|pident73.719,HCV,4d,100.0
MG455837|geneNS5A|query1-1344|h77_aa1-448|extracted_nt1344|aligned_aa448|pident88.839,HCV,1a,100.0
MG455847|geneNS5A|query4-1344|h77_aa2-448|extracted_nt1341|aligned_aa447|pident94.631,HCV,1a,100.0
MG455869|geneNS5A|query1-1398|h77_aa1-448|extracted_nt1398|aligned_aa477|pident57.442,HCV,2b,100.0
MG455885|geneNS5A|query1-1344|h77_aa1-448|extracted_nt1344|aligned_aa448|pident93.304,HCV,1a,100.0
MG455887|geneNS5A|query1-1344|h77_aa1-448|extracted_nt1344|aligned_aa448|pident92.857,HCV,1a,100.0
MG455893|geneNS5A|query1-1356|h77_aa1-448|extracted_nt1356|aligned_aa455|pident68.571,HCV,3a,100.0
MG455917|geneNS5A|query1-1344|h77_aa1-448|extracted_nt1344|aligned_aa448|pident93.527,HCV,1a,100.0
MG455922|geneNS5A|query1-1344|h77_aa1-448|extracted_nt1344|aligned_aa448|pident93.973,HCV,1a,100.0
MG455926|geneNS5A|query1-1344|h77_aa1-448|extracted_nt1344|aligned_aa448|pident94.643,HCV,1a,100.0
MG456010|geneNS5A|query10-1347|h77_aa3-448|extracted_nt1338|aligned_aa449|pident73.051,HCV,4b,100.0
MG456026|geneNS5A|query1-1344|h77_aa1-448|extracted_nt1344|aligned_aa448|pident95.536,HCV,1a,100.0
MG456030|geneNS5A|query1-1344|h77_aa1-448|extracted_nt1344|aligned_aa448|pident93.750,HCV,1a,100.0
MG456037|geneNS5A|query1-1344|h77_aa1-448|extracted_nt1344|aligned_aa448|pident93.973,HCV,1a,100.0
MG456035|geneNS5A|query1-1341|h77_aa1-448|extracted_nt1341|aligned_aa450|pident80.000,HCV,1b,100.0
MG456042|geneNS5A|query1-1344|h77_aa1-448|extracted_nt1344|aligned_aa448|pident93.973,HCV,1a,100.0
MG456048|geneNS5A|query1-1341|h77_aa1-448|extracted_nt1341|aligned_aa453|pident80.574,HCV,1b,100.0
MG456055|geneNS5A|query1-1398|h77_aa1-448|extracted_nt1398|aligned_aa472|pident57.415,HCV,2b,100.0
MG456080|geneNS5A|query7-1353|h77_aa3-448|extracted_nt1347|aligned_aa452|pident71.460,HCV,6a,100.0
MG456084|geneNS5A|query1-1341|h77_aa1-448|extracted_nt1341|aligned_aa449|pident80.846,HCV,1b,100.0
MG456093|geneNS5A|query1-1398|h77_aa1-448|extracted_nt1398|aligned_aa472|pident59.110,HCV,2b,100.0
MG456052|geneNS5A|query1-1356|h77_aa1-448|extracted_nt1356|aligned_aa455|pident69.670,HCV,3a,100.0
MG456092|geneNS5A|query1-1341|h77_aa1-448|extracted_nt1341|aligned_aa449|pident79.287,HCV,1b,100.0
MG456095|geneNS5A|query1-1398|h77_aa1-448|extracted_nt1398|aligned_aa472|pident58.686,HCV,2b,100.0
MG456097|geneNS5A|query7-1335|h77_aa3-448|extracted_nt1329|aligned_aa450|pident72.667,HCV,4a,100.0
MG456088|geneNS5A|query1-1344|h77_aa1-448|extracted_nt1344|aligned_aa448|pident94.420,HCV,1a,100.0
MG456099|geneNS5A|query1-1344|h77_aa1-448|extracted_nt1344|aligned_aa448|pident93.527,HCV,1a,100.0
MG456098|geneNS5A|query1-1356|h77_aa1-448|extracted_nt1356|aligned_aa456|pident69.956,HCV,3a,100.0
MG456089|geneNS5A|query1-1356|h77_aa1-448|extracted_nt1356|aligned_aa455|pident69.670,HCV,3a,100.0
MG456085|geneNS5A|query1-1356|h77_aa1-448|extracted_nt1356|aligned_aa455|pident68.791,HCV,3a,100.0
MG456105|geneNS5A|query1-1341|h77_aa1-448|extracted_nt1341|aligned_aa448|pident80.804,HCV,1b,100.0
MG456094|geneNS5A|query1-1356|h77_aa1-448|extracted_nt1356|aligned_aa455|pident69.890,HCV,3a,100.0
MG456107|geneNS5A|query1-1335|h77_aa1-448|extracted_nt1335|aligned_aa452|pident71.239,HCV,4a,100.0
MG456108|geneNS5A|query1-1344|h77_aa1-448|extracted_nt1344|aligned_aa448|pident93.750,HCV,1a,100.0
MG456109|geneNS5A|query1-1356|h77_aa1-448|extracted_nt1356|aligned_aa456|pident70.175,HCV,3a,100.0
MG456112|geneNS5A|query1-1344|h77_aa1-448|extracted_nt1344|aligned_aa448|pident94.196,HCV,1a,100.0
MG456114|geneNS5A|query7-1335|h77_aa3-448|extracted_nt1329|aligned_aa450|pident72.000,HCV,4a,100.0
MG456116|geneNS5A|query1-1344|h77_aa1-448|extracted_nt1344|aligned_aa448|pident96.205,HCV,1a,100.0
MG456118|geneNS5A|query1-1341|h77_aa1-448|extracted_nt1341|aligned_aa448|pident79.241,HCV,1b,100.0
MG456127|geneNS5A|query1-1344|h77_aa1-448|extracted_nt1344|aligned_aa448|pident95.982,HCV,1a,100.0
MG456125|geneNS5A|query7-1335|h77_aa3-448|extracted_nt1329|aligned_aa450|pident71.778,HCV,4a,100.0
MG456110|geneNS5A|query1-1344|h77_aa1-448|extracted_nt1344|aligned_aa448|pident87.054,HCV,1a,100.0
MG456115|geneNS5A|query1-1344|h77_aa1-448|extracted_nt1344|aligned_aa448|pident94.196,HCV,1a,100.0
MG456126|geneNS5A|query1-1356|h77_aa1-448|extracted_nt1356|aligned_aa456|pident70.175,HCV,3a,100.0
MG456133|geneNS5A|query7-1335|h77_aa3-448|extracted_nt1329|aligned_aa450|pident72.667,HCV,4a,100.0
MG456138|geneNS5A|query4-1356|h77_aa2-448|extracted_nt1353|aligned_aa454|pident70.264,HCV,3a,100.0
MG456139|geneNS5A|query1-1356|h77_aa1-448|extracted_nt1356|aligned_aa455|pident69.451,HCV,3a,100.0
MG456141|geneNS5A|query1-1356|h77_aa1-448|extracted_nt1356|aligned_aa456|pident69.518,HCV,3a,100.0
MG456142|geneNS5A|query1-1398|h77_aa1-448|extracted_nt1398|aligned_aa472|pident57.627,HCV,2b,100.0
MG456146|geneNS5A|query1-1344|h77_aa1-448|extracted_nt1344|aligned_aa448|pident95.536,HCV,1a,100.0
MG456147|geneNS5A|query1-1344|h77_aa1-448|extracted_nt1344|aligned_aa448|pident94.643,HCV,1a,100.0
MG456158|geneNS5A|query1-1356|h77_aa1-448|extracted_nt1356|aligned_aa455|pident69.890,HCV,3a,100.0
MG456154|geneNS5A|query1-1344|h77_aa1-448|extracted_nt1344|aligned_aa448|pident94.420,HCV,1a,100.0
MG456164|geneNS5A|query1-1356|h77_aa1-448|extracted_nt1356|aligned_aa455|pident69.670,HCV,3a,100.0
MG456167|geneNS5A|query1-1341|h77_aa1-448|extracted_nt1341|aligned_aa449|pident79.955,HCV,1b,100.0
MG456151|geneNS5A|query1-1398|h77_aa1-448|extracted_nt1398|aligned_aa472|pident57.627,HCV,2b,100.0
MG456170|geneNS5A|query7-1332|h77_aa3-448|extracted_nt1326|aligned_aa449|pident73.051,HCV,4d,100.0
MG456175|geneNS5A|query1-1398|h77_aa1-448|extracted_nt1398|aligned_aa472|pident58.263,HCV,2a,100.0
MG456165|geneNS5A|query1-1356|h77_aa1-448|extracted_nt1356|aligned_aa455|pident69.670,HCV,3a,100.0
MG456179|geneNS5A|query1-1356|h77_aa1-448|extracted_nt1356|aligned_aa455|pident69.670,HCV,3a,100.0
MG456191|geneNS5A|query1-1335|h77_aa1-448|extracted_nt1335|aligned_aa452|pident72.124,HCV,4a,100.0
MG456182|geneNS5A|query1-1344|h77_aa1-448|extracted_nt1344|aligned_aa448|pident94.643,HCV,1a,100.0
MG455221|geneNS5A|query7-1332|h77_aa3-448|extracted_nt1326|aligned_aa450|pident71.556,HCV,4f,100.0
MG456199|geneNS5A|query1-1356|h77_aa1-448|extracted_nt1356|aligned_aa455|pident70.330,HCV,3a,100.0
MG456193|geneNS5A|query1-1356|h77_aa1-448|extracted_nt1356|aligned_aa455|pident69.231,HCV,3a,100.0
MG455204|geneNS5A|query7-1332|h77_aa3-448|extracted_nt1326|aligned_aa449|pident73.497,HCV,4d,100.0
MG455246|geneNS5A|query1-1344|h77_aa1-448|extracted_nt1344|aligned_aa448|pident94.196,HCV,1a,100.0
MG455263|geneNS5A|query7-1335|h77_aa3-448|extracted_nt1329|aligned_aa450|pident72.444,HCV,4a,100.0
MG455273|geneNS5A|query7-1335|h77_aa3-448|extracted_nt1329|aligned_aa450|pident70.889,HCV,4a,100.0
MG455284|geneNS5A|query1-1335|h77_aa1-448|extracted_nt1335|aligned_aa452|pident71.681,HCV,4a,100.0
MG455286|geneNS5A|query7-1350|h77_aa3-448|extracted_nt1344|aligned_aa452|pident69.027,HCV,5a,100.0
MG455208|geneNS5A|query1-1341|h77_aa1-448|extracted_nt1341|aligned_aa448|pident78.571,HCV,1b,100.0
MG455258|geneNS5A|query7-1335|h77_aa3-448|extracted_nt1329|aligned_aa450|pident71.778,HCV,4a,100.0
MG455235|geneNS5A|query1-1344|h77_aa1-448|extracted_nt1344|aligned_aa448|pident92.634,HCV,1a,100.0
MG455277|geneNS5A|query7-1344|h77_aa3-448|extracted_nt1338|aligned_aa446|pident93.946,HCV,1a,100.0
MG455287|geneNS5A|query4-1281|h77_aa2-429|extracted_nt1278|aligned_aa432|pident71.991,HCV,4c,99.0
MG455281|geneNS5A|query1-1344|h77_aa1-448|extracted_nt1344|aligned_aa448|pident91.295,HCV,1a,100.0
MG455292|geneNS5A|query7-1335|h77_aa3-448|extracted_nt1329|aligned_aa450|pident72.444,HCV,4a,100.0
MG455267|geneNS5A|query1-1344|h77_aa1-448|extracted_nt1344|aligned_aa448|pident94.420,HCV,1a,100.0
MG455289|geneNS5A|query1-1344|h77_aa1-448|extracted_nt1344|aligned_aa448|pident92.411,HCV,1a,100.0
MG455836|geneNS5A|query1-1356|h77_aa1-448|extracted_nt1356|aligned_aa455|pident70.549,HCV,3a,100.0
MG455210|geneNS5A|query1-1014|h77_aa1-342|extracted_nt1014|aligned_aa342|pident64.327,HCV,2a,100.0
MG455845|geneNS5A|query1-1344|h77_aa1-448|extracted_nt1344|aligned_aa448|pident94.196,HCV,1a,100.0
MG455900|geneNS5A|query1-1344|h77_aa1-448|extracted_nt1344|aligned_aa448|pident89.286,HCV,1a,100.0
MG455898|geneNS5A|query1-1338|h77_aa1-448|extracted_nt1338|aligned_aa448|pident77.232,HCV,1b,100.0
MG455888|geneNS5A|query1-1344|h77_aa1-448|extracted_nt1344|aligned_aa448|pident92.857,HCV,1a,100.0
MG455840|geneNS5A|query1-1344|h77_aa1-448|extracted_nt1344|aligned_aa448|pident94.643,HCV,1a,100.0
MG455907|geneNS5A|query1-1344|h77_aa1-448|extracted_nt1344|aligned_aa448|pident94.196,HCV,1a,100.0
MG455909|geneNS5A|query1-1398|h77_aa1-448|extracted_nt1398|aligned_aa472|pident59.110,HCV,2b,100.0
MG455908|geneNS5A|query1-1344|h77_aa1-448|extracted_nt1344|aligned_aa448|pident92.634,HCV,1a,100.0
MG455905|geneNS5A|query1-1356|h77_aa1-448|extracted_nt1356|aligned_aa455|pident70.330,HCV,3a,100.0
MG455919|geneNS5A|query1-1344|h77_aa1-448|extracted_nt1344|aligned_aa448|pident92.857,HCV,1a,100.0
MG455918|geneNS5A|query1-1344|h77_aa1-448|extracted_nt1344|aligned_aa448|pident94.420,HCV,1a,100.0
MG455916|geneNS5A|query1-1344|h77_aa1-448|extracted_nt1344|aligned_aa448|pident93.527,HCV,1a,100.0
MG455920|geneNS5A|query1-1344|h77_aa1-448|extracted_nt1344|aligned_aa448|pident94.866,HCV,1a,100.0
MG455921|geneNS5A|query1-1344|h77_aa1-448|extracted_nt1344|aligned_aa448|pident94.420,HCV,1a,100.0
MG455923|geneNS5A|query1-1344|h77_aa1-448|extracted_nt1344|aligned_aa448|pident94.196,HCV,1a,100.0
MG455924|geneNS5A|query1-1344|h77_aa1-448|extracted_nt1344|aligned_aa448|pident96.205,HCV,1a,100.0
MG455932|geneNS5A|query1-1284|h77_aa1-428|extracted_nt1284|aligned_aa432|pident61.806,HCV,2a,100.0
MG455935|geneNS5A|query1-1344|h77_aa1-448|extracted_nt1344|aligned_aa448|pident93.080,HCV,1a,100.0
MG455942|geneNS5A|query1-1344|h77_aa1-448|extracted_nt1344|aligned_aa448|pident93.527,HCV,1a,100.0
MG455945|geneNS5A|query1-1341|h77_aa1-448|extracted_nt1341|aligned_aa448|pident80.357,HCV,1b,100.0
MG455951|geneNS5A|query1-1341|h77_aa1-448|extracted_nt1341|aligned_aa448|pident81.250,HCV,1b,100.0
MG455955|geneNS5A|query7-1353|h77_aa3-448|extracted_nt1347|aligned_aa454|pident70.925,HCV,6a,100.0
MG455958|geneNS5A|query1-1344|h77_aa1-448|extracted_nt1344|aligned_aa448|pident93.304,HCV,1a,100.0
MG455960|geneNS5A|query1-1344|h77_aa1-448|extracted_nt1344|aligned_aa448|pident94.420,HCV,1a,100.0
MG455959|geneNS5A|query1-1335|h77_aa1-448|extracted_nt1335|aligned_aa452|pident72.788,HCV,4a,100.0
MG455929|geneNS5A|query7-1335|h77_aa3-448|extracted_nt1329|aligned_aa450|pident72.000,HCV,4a,100.0
MG455930|geneNS5A|query1-1344|h77_aa1-448|extracted_nt1344|aligned_aa448|pident95.982,HCV,1a,100.0
MG455937|geneNS5A|query1-1398|h77_aa1-448|extracted_nt1398|aligned_aa472|pident60.593,HCV,2c,100.0
MG455940|geneNS5A|query1-1398|h77_aa1-448|extracted_nt1398|aligned_aa472|pident59.322,HCV,2b,100.0
MG455939|geneNS5A|query1-1344|h77_aa1-448|extracted_nt1344|aligned_aa448|pident95.089,HCV,1a,100.0
MG455948|geneNS5A|query1-1344|h77_aa1-448|extracted_nt1344|aligned_aa448|pident95.759,HCV,1a,100.0
MG455947|geneNS5A|query1-1344|h77_aa1-448|extracted_nt1344|aligned_aa448|pident94.196,HCV,1a,100.0
MG455950|geneNS5A|query1-1344|h77_aa1-448|extracted_nt1344|aligned_aa448|pident93.750,HCV,1a,100.0
MG455913|geneNS5A|query1-1341|h77_aa1-448|extracted_nt1341|aligned_aa449|pident80.178,HCV,1b,100.0
MG455914|geneNS5A|query1-1344|h77_aa1-448|extracted_nt1344|aligned_aa448|pident94.866,HCV,1a,100.0
MG456204|geneNS5A|query1-1344|h77_aa1-448|extracted_nt1344|aligned_aa448|pident94.866,HCV,1a,100.0
MG456217|geneNS5A|query4-1398|h77_aa2-448|extracted_nt1395|aligned_aa471|pident58.174,HCV,2a,100.0
MG456232|geneNS5A|query1-1344|h77_aa1-448|extracted_nt1344|aligned_aa448|pident92.411,HCV,1a,100.0
MG456226|geneNS5A|query1-1344|h77_aa1-448|extracted_nt1344|aligned_aa448|pident94.866,HCV,1a,100.0
MG456223|geneNS5A|query1-1356|h77_aa1-448|extracted_nt1356|aligned_aa456|pident69.079,HCV,3a,100.0
MG456249|geneNS5A|query1-1398|h77_aa1-448|extracted_nt1398|aligned_aa472|pident57.839,HCV,2b,100.0
MG456244|geneNS5A|query4-1344|h77_aa2-448|extracted_nt1341|aligned_aa447|pident95.078,HCV,1a,100.0
MG456253|geneNS5A|query1-1356|h77_aa1-448|extracted_nt1356|aligned_aa455|pident68.571,HCV,3a,100.0
MG456251|geneNS5A|query1-1398|h77_aa1-448|extracted_nt1398|aligned_aa472|pident58.475,HCV,2b,100.0
MG456279|geneNS5A|query7-1332|h77_aa3-448|extracted_nt1326|aligned_aa449|pident73.274,HCV,4d,100.0
MG456277|geneNS5A|query7-1335|h77_aa3-448|extracted_nt1329|aligned_aa450|pident72.000,HCV,4a,100.0
MG456306|geneNS5A|query7-1353|h77_aa3-448|extracted_nt1347|aligned_aa452|pident71.239,HCV,6a,100.0
MG456309|geneNS5A|query1-1341|h77_aa1-448|extracted_nt1341|aligned_aa448|pident80.134,HCV,1b,100.0
MG456319|geneNS5A|query4-1344|h77_aa2-448|extracted_nt1341|aligned_aa447|pident91.499,HCV,1a,100.0
MG456323|geneNS5A|query1-1341|h77_aa1-448|extracted_nt1341|aligned_aa448|pident80.134,HCV,1b,100.0
MG456336|geneNS5A|query7-1344|h77_aa3-448|extracted_nt1338|aligned_aa449|pident75.724,HCV,4k,100.0
MG456326|geneNS5A|query1-1344|h77_aa1-448|extracted_nt1344|aligned_aa448|pident94.196,HCV,1a,100.0
MG456338|geneNS5A|query1-1335|h77_aa1-448|extracted_nt1335|aligned_aa452|pident70.796,HCV,4a,100.0
MG456343|geneNS5A|query1-1344|h77_aa1-448|extracted_nt1344|aligned_aa448|pident91.295,HCV,1a,100.0
MG456335|geneNS5A|query1-1356|h77_aa1-448|extracted_nt1356|aligned_aa456|pident70.833,HCV,3a,100.0
MG456347|geneNS5A|query1-1353|h77_aa1-448|extracted_nt1353|aligned_aa457|pident70.460,HCV,6l,100.0
MG456350|geneNS5A|query1-1344|h77_aa1-448|extracted_nt1344|aligned_aa448|pident94.196,HCV,1a,100.0
MG456352|geneNS5A|query1-1356|h77_aa1-448|extracted_nt1356|aligned_aa455|pident69.231,HCV,3a,100.0
MG456356|geneNS5A|query1-1356|h77_aa1-448|extracted_nt1356|aligned_aa455|pident70.769,HCV,3a,100.0
MG456364|geneNS5A|query1-1344|h77_aa1-448|extracted_nt1344|aligned_aa448|pident93.973,HCV,1a,100.0
MG456341|geneNS5A|query1-1344|h77_aa1-448|extracted_nt1344|aligned_aa448|pident95.982,HCV,1a,100.0
MG456349|geneNS5A|query1-1356|h77_aa1-448|extracted_nt1356|aligned_aa456|pident70.175,HCV,3a,100.0
MG456368|geneNS5A|query1-1356|h77_aa1-448|extracted_nt1356|aligned_aa455|pident70.769,HCV,3a,100.0
MG456331|geneNS5A|query1-1341|h77_aa1-448|extracted_nt1341|aligned_aa449|pident81.069,HCV,1b,100.0
MG456370|geneNS5A|query7-1329|h77_aa3-448|extracted_nt1323|aligned_aa449|pident70.601,HCV,4a,48.0
MG456378|geneNS5A|query1-1341|h77_aa1-448|extracted_nt1341|aligned_aa448|pident80.580,HCV,1b,100.0
MG456384|geneNS5A|query1-1344|h77_aa1-448|extracted_nt1344|aligned_aa448|pident91.741,HCV,1a,100.0
MG456382|geneNS5A|query1-1356|h77_aa1-448|extracted_nt1356|aligned_aa456|pident70.614,HCV,3a,100.0
MG456390|geneNS5A|query1-1335|h77_aa1-448|extracted_nt1335|aligned_aa452|pident72.566,HCV,4a,100.0
MG456393|geneNS5A|query1-1356|h77_aa1-448|extracted_nt1356|aligned_aa456|pident70.175,HCV,3a,100.0
MG456396|geneNS5A|query1-1344|h77_aa1-448|extracted_nt1344|aligned_aa448|pident93.973,HCV,1a,100.0
MG456401|geneNS5A|query7-1335|h77_aa3-448|extracted_nt1329|aligned_aa450|pident71.111,HCV,4a,100.0
MG456403|geneNS5A|query1-1344|h77_aa1-448|extracted_nt1344|aligned_aa448|pident91.518,HCV,1a,100.0
MG456405|geneNS5A|query1-1341|h77_aa1-448|extracted_nt1341|aligned_aa450|pident80.222,HCV,1b,100.0
MG456399|geneNS5A|query1-1344|h77_aa1-448|extracted_nt1344|aligned_aa448|pident93.080,HCV,1a,100.0
MG456386|geneNS5A|query1-1356|h77_aa1-448|extracted_nt1356|aligned_aa456|pident68.640,HCV,3a,100.0
MG456415|geneNS5A|query7-1365|h77_aa3-448|extracted_nt1359|aligned_aa458|pident71.616,HCV,6e,100.0
MG456419|geneNS5A|query1-1344|h77_aa1-448|extracted_nt1344|aligned_aa448|pident94.196,HCV,1a,100.0
MG456418|geneNS5A|query7-1335|h77_aa3-448|extracted_nt1329|aligned_aa450|pident73.111,HCV,4a,100.0
MG456411|geneNS5A|query1-1395|h77_aa1-448|extracted_nt1395|aligned_aa477|pident57.862,HCV,2b,100.0
MG456420|geneNS5A|query7-1332|h77_aa3-448|extracted_nt1326|aligned_aa449|pident73.719,HCV,4d,100.0
MG456424|geneNS5A|query1-1356|h77_aa1-448|extracted_nt1356|aligned_aa455|pident69.670,HCV,3a,100.0
MG456423|geneNS5A|query1-1356|h77_aa1-448|extracted_nt1356|aligned_aa456|pident70.614,HCV,3a,100.0
MG456427|geneNS5A|query7-1344|h77_aa3-448|extracted_nt1338|aligned_aa449|pident75.056,HCV,4k,100.0
MG456425|geneNS5A|query1-1398|h77_aa1-448|extracted_nt1398|aligned_aa472|pident59.534,HCV,2d,100.0
MG456431|geneNS5A|query7-1332|h77_aa3-448|extracted_nt1326|aligned_aa449|pident72.383,HCV,4d,100.0
MG456432|geneNS5A|query1-1344|h77_aa1-448|extracted_nt1344|aligned_aa448|pident94.643,HCV,1a,100.0
MG456429|geneNS5A|query7-1335|h77_aa3-448|extracted_nt1329|aligned_aa450|pident73.111,HCV,4a,100.0
MG456436|geneNS5A|query1-1344|h77_aa1-448|extracted_nt1344|aligned_aa448|pident94.196,HCV,1a,100.0
MG456438|geneNS5A|query1-1344|h77_aa1-448|extracted_nt1344|aligned_aa448|pident93.750,HCV,1a,100.0
MG456437|geneNS5A|query1-1344|h77_aa1-448|extracted_nt1344|aligned_aa448|pident93.750,HCV,1a,100.0
MG456430|geneNS5A|query1-1344|h77_aa1-448|extracted_nt1344|aligned_aa448|pident92.857,HCV,1a,100.0
MG456441|geneNS5A|query1-1344|h77_aa1-448|extracted_nt1344|aligned_aa448|pident92.857,HCV,1a,100.0
MG456440|geneNS5A|query1-1344|h77_aa1-448|extracted_nt1344|aligned_aa448|pident91.295,HCV,1a,100.0
MG456450|geneNS5A|query1-1356|h77_aa1-448|extracted_nt1356|aligned_aa455|pident70.110,HCV,3a,100.0
MG456445|geneNS5A|query1-1329|h77_aa1-448|extracted_nt1329|aligned_aa452|pident69.690,HCV,4a,100.0
MG456449|geneNS5A|query7-1332|h77_aa3-448|extracted_nt1326|aligned_aa449|pident73.497,HCV,4d,100.0
MG456439|geneNS5A|query1-1344|h77_aa1-448|extracted_nt1344|aligned_aa448|pident94.643,HCV,1a,100.0
MG456451|geneNS5A|query1-1398|h77_aa1-448|extracted_nt1398|aligned_aa472|pident58.263,HCV,2b,100.0
MG456443|geneNS5A|query1-1344|h77_aa1-448|extracted_nt1344|aligned_aa448|pident93.304,HCV,1a,100.0
MG456453|geneNS5A|query1-1341|h77_aa1-448|extracted_nt1341|aligned_aa449|pident81.069,HCV,1b,100.0
MG456463|geneNS5A|query1-1356|h77_aa1-448|extracted_nt1356|aligned_aa456|pident70.175,HCV,3a,100.0
MG456469|geneNS5A|query1-1356|h77_aa1-448|extracted_nt1356|aligned_aa455|pident70.549,HCV,3a,100.0
MG456471|geneNS5A|query4-1356|h77_aa2-447|extracted_nt1353|aligned_aa453|pident69.978,HCV,3a,100.0
MG456464|geneNS5A|query1-1356|h77_aa1-448|extracted_nt1356|aligned_aa455|pident69.890,HCV,3a,100.0
MG456465|geneNS5A|query1-1356|h77_aa1-448|extracted_nt1356|aligned_aa456|pident69.298,HCV,3a,100.0
MG456468|geneNS5A|query4-1356|h77_aa2-448|extracted_nt1353|aligned_aa454|pident69.604,HCV,3a,100.0
MG456483|geneNS5A|query1-1356|h77_aa1-448|extracted_nt1356|aligned_aa456|pident70.175,HCV,3a,100.0
MG456486|geneNS5A|query1-1356|h77_aa1-448|extracted_nt1356|aligned_aa455|pident70.549,HCV,3a,100.0
MG456492|geneNS5A|query1-1356|h77_aa1-448|extracted_nt1356|aligned_aa456|pident70.175,HCV,3a,100.0
MG456497|geneNS5A|query1-1356|h77_aa1-448|extracted_nt1356|aligned_aa456|pident70.395,HCV,3a,100.0
MG456504|geneNS5A|query1-1356|h77_aa1-447|extracted_nt1356|aligned_aa454|pident70.264,HCV,3a,100.0
MG456501|geneNS5A|query1-1356|h77_aa1-448|extracted_nt1356|aligned_aa456|pident69.956,HCV,3a,100.0
MG456512|geneNS5A|query1-1356|h77_aa1-448|extracted_nt1356|aligned_aa455|pident69.451,HCV,3a,100.0
MG456515|geneNS5A|query1-1356|h77_aa1-448|extracted_nt1356|aligned_aa455|pident69.670,HCV,3a,100.0
MG456519|geneNS5A|query1-1356|h77_aa1-448|extracted_nt1356|aligned_aa455|pident68.132,HCV,3a,100.0
MG456522|geneNS5A|query1-1353|h77_aa1-447|extracted_nt1353|aligned_aa455|pident69.890,HCV,3a,100.0
MG456508|geneNS5A|query1-1356|h77_aa1-447|extracted_nt1356|aligned_aa454|pident69.824,HCV,3a,100.0
MG456526|geneNS5A|query1-1356|h77_aa1-448|extracted_nt1356|aligned_aa455|pident70.330,HCV,3a,100.0
MG456530|geneNS5A|query1-1368|h77_aa1-448|extracted_nt1368|aligned_aa459|pident69.717,HCV,3a,100.0
MG456531|geneNS5A|query1-1356|h77_aa1-448|extracted_nt1356|aligned_aa456|pident70.395,HCV,3a,100.0
MG456529|geneNS5A|query1-1356|h77_aa1-448|extracted_nt1356|aligned_aa455|pident69.890,HCV,3a,100.0
MG456528|geneNS5A|query1-1356|h77_aa1-448|extracted_nt1356|aligned_aa456|pident69.298,HCV,3a,100.0
MG456533|geneNS5A|query1-1356|h77_aa1-448|extracted_nt1356|aligned_aa455|pident69.670,HCV,3a,100.0
MG456537|geneNS5A|query1-1356|h77_aa1-448|extracted_nt1356|aligned_aa455|pident70.330,HCV,3a,100.0
MG456543|geneNS5A|query1-1356|h77_aa1-448|extracted_nt1356|aligned_aa455|pident69.890,HCV,3a,100.0
MG456548|geneNS5A|query1-1353|h77_aa1-448|extracted_nt1353|aligned_aa455|pident70.110,HCV,3a,100.0
MG456535|geneNS5A|query1-1356|h77_aa1-448|extracted_nt1356|aligned_aa456|pident70.614,HCV,3a,100.0
MG456551|geneNS5A|query1-1356|h77_aa1-448|extracted_nt1356|aligned_aa456|pident70.175,HCV,3a,100.0
MG456539|geneNS5A|query1-1356|h77_aa1-448|extracted_nt1356|aligned_aa456|pident69.956,HCV,3a,100.0
MG456552|geneNS5A|query1-1356|h77_aa1-448|extracted_nt1356|aligned_aa455|pident70.549,HCV,3a,100.0
MG456555|geneNS5A|query1-1356|h77_aa1-448|extracted_nt1356|aligned_aa456|pident69.737,HCV,3a,100.0
MG456561|geneNS5A|query1-1356|h77_aa1-448|extracted_nt1356|aligned_aa456|pident70.614,HCV,3a,100.0
MG456559|geneNS5A|query1-1356|h77_aa1-448|extracted_nt1356|aligned_aa456|pident69.737,HCV,3a,100.0
MG460589|geneNS5A|query1-279|h77_aa24-116|extracted_nt279|aligned_aa93|pident77.419,HCV,1b,100.0
MG456565|geneNS5A|query1-1356|h77_aa1-448|extracted_nt1356|aligned_aa455|pident69.451,HCV,3a,100.0
MG460596|geneNS5A|query2-292|h77_aa21-117|extracted_nt291|aligned_aa97|pident78.351,HCV,1b,100.0
MG515256|geneNS5A|query2-298|h77_aa10-108|extracted_nt297|aligned_aa99|pident96.970,HCV,1a,100.0
MG515253|geneNS5A|query1-297|h77_aa13-111|extracted_nt297|aligned_aa99|pident94.949,HCV,1a,100.0
MG739120|geneNS5A|query1-243|h77_aa15-95|extracted_nt243|aligned_aa81|pident95.062,HCV,1a,100.0
MG747328|geneNS5A|query647-934|h77_aa9-104|extracted_nt288|aligned_aa96|pident95.833,HCV,1a,100.0
MG747343|geneNS5A|query647-958|h77_aa1-104|extracted_nt312|aligned_aa104|pident81.731,HCV,1b,100.0
MG747378|geneNS5A|query647-934|h77_aa9-104|extracted_nt288|aligned_aa96|pident97.917,HCV,1a,100.0
MG747390|geneNS5A|query659-946|h77_aa9-104|extracted_nt288|aligned_aa96|pident97.917,HCV,1a,100.0
MG747335|geneNS5A|query649-933|h77_aa10-104|extracted_nt285|aligned_aa95|pident95.789,HCV,1a,100.0
PP092208|geneNS5A|query6274-7617|h77_aa4-448|extracted_nt1344|aligned_aa453|pident64.238,HCV,4l,26.0
PP092205|geneNS5A|query6277-7620|h77_aa4-448|extracted_nt1344|aligned_aa456|pident67.544,HCV,2j,30.0
PQ899567|geneNS5A|query6266-7612|h77_aa3-448|extracted_nt1347|aligned_aa452|pident70.575,HCV,5a,100.0
PQ899568|geneNS5A|query6267-7613|h77_aa3-448|extracted_nt1347|aligned_aa452|pident71.239,HCV,5a,48.0
PP092206|geneNS5A|query6273-7613|h77_aa3-448|extracted_nt1341|aligned_aa449|pident69.488,HCV,3a,57.0
MG878999|geneNS5A|query5929-7281|h77_aa1-448|extracted_nt1353|aligned_aa456|pident68.860,HCV,1b,57.0
MG879000|geneNS5A|query5929-7281|h77_aa1-448|extracted_nt1353|aligned_aa453|pident72.185,HCV,6w,73.0
MG456214|geneNS5A|query1-1356|h77_aa1-448|extracted_nt1356|aligned_aa453|pident69.095,HCV,3b,100.0
MG456259|geneNS5A|query1-1341|h77_aa1-448|extracted_nt1341|aligned_aa448|pident94.420,HCV,1a,100.0
MG456274|geneNS5A|query1-1344|h77_aa1-448|extracted_nt1344|aligned_aa448|pident91.741,HCV,1a,100.0
MG456262|geneNS5A|query1-1344|h77_aa1-448|extracted_nt1344|aligned_aa448|pident93.527,HCV,1a,100.0
MG456293|geneNS5A|query1-1356|h77_aa1-448|extracted_nt1356|aligned_aa457|pident70.460,HCV,3a,100.0
MG456294|geneNS5A|query1-1356|h77_aa1-448|extracted_nt1356|aligned_aa456|pident70.395,HCV,3a,100.0
MG456298|geneNS5A|query1-1344|h77_aa1-448|extracted_nt1344|aligned_aa448|pident94.196,HCV,1a,100.0
MG456286|geneNS5A|query1-1341|h77_aa1-448|extracted_nt1341|aligned_aa449|pident79.510,HCV,1b,100.0
MG456303|geneNS5A|query1-1344|h77_aa1-448|extracted_nt1344|aligned_aa448|pident93.750,HCV,1a,100.0
MG456296|geneNS5A|query1-1356|h77_aa1-448|extracted_nt1356|aligned_aa456|pident69.737,HCV,3a,100.0
MG456209|geneNS5A|query1-1344|h77_aa1-448|extracted_nt1344|aligned_aa448|pident88.170,HCV,1a,100.0
MG456205|geneNS5A|query1-1398|h77_aa1-448|extracted_nt1398|aligned_aa472|pident58.263,HCV,2b,100.0
MG456221|geneNS5A|query1-1332|h77_aa1-448|extracted_nt1332|aligned_aa448|pident90.402,HCV,1a,100.0
MG456219|geneNS5A|query1-1344|h77_aa1-448|extracted_nt1344|aligned_aa448|pident93.750,HCV,1a,100.0
MG456230|geneNS5A|query1-1344|h77_aa1-448|extracted_nt1344|aligned_aa448|pident94.420,HCV,1a,100.0
MG456206|geneNS5A|query1-1344|h77_aa1-448|extracted_nt1344|aligned_aa448|pident93.750,HCV,1a,100.0
MG456225|geneNS5A|query1-1344|h77_aa1-448|extracted_nt1344|aligned_aa448|pident93.973,HCV,1a,100.0
MG456252|geneNS5A|query7-1353|h77_aa3-448|extracted_nt1347|aligned_aa451|pident68.293,HCV,6e,100.0
MG456245|geneNS5A|query1-1344|h77_aa1-448|extracted_nt1344|aligned_aa448|pident94.643,HCV,1a,100.0
MG456247|geneNS5A|query7-1335|h77_aa3-448|extracted_nt1329|aligned_aa450|pident70.889,HCV,4a,100.0
MG456241|geneNS5A|query1-1398|h77_aa1-448|extracted_nt1398|aligned_aa472|pident59.746,HCV,2a,78.0
MG456233|geneNS5A|query1-1398|h77_aa1-448|extracted_nt1398|aligned_aa472|pident58.686,HCV,2a,100.0
MG456243|geneNS5A|query1-1344|h77_aa1-448|extracted_nt1344|aligned_aa448|pident93.080,HCV,1a,100.0
MG456269|geneNS5A|query1-1344|h77_aa1-448|extracted_nt1344|aligned_aa448|pident94.643,HCV,1a,100.0
MG456310|geneNS5A|query1-1356|h77_aa1-448|extracted_nt1356|aligned_aa456|pident68.860,HCV,3a,100.0
MG456332|geneNS5A|query1-1014|h77_aa1-342|extracted_nt1014|aligned_aa342|pident63.158,HCV,2a,100.0
MG456329|geneNS5A|query1-1398|h77_aa1-448|extracted_nt1398|aligned_aa473|pident58.140,HCV,2b,100.0
MG456334|geneNS5A|query1-1356|h77_aa1-448|extracted_nt1356|aligned_aa455|pident69.451,HCV,3a,100.0
MG456337|geneNS5A|query1-1341|h77_aa1-448|extracted_nt1341|aligned_aa449|pident80.178,HCV,1b,100.0
MG456346|geneNS5A|query1-1353|h77_aa1-448|extracted_nt1353|aligned_aa455|pident71.429,HCV,6v,100.0
MG456328|geneNS5A|query7-1335|h77_aa3-448|extracted_nt1329|aligned_aa450|pident71.778,HCV,4a,100.0
MG456348|geneNS5A|query1-1344|h77_aa1-448|extracted_nt1344|aligned_aa448|pident91.518,HCV,1a,100.0
MG456345|geneNS5A|query7-1335|h77_aa3-448|extracted_nt1329|aligned_aa450|pident73.111,HCV,4a,100.0
MG456359|geneNS5A|query1-1344|h77_aa1-448|extracted_nt1344|aligned_aa448|pident93.973,HCV,1a,100.0
MG456355|geneNS5A|query1-1356|h77_aa1-448|extracted_nt1356|aligned_aa456|pident69.079,HCV,3a,100.0
MG456358|geneNS5A|query1-1353|h77_aa1-448|extracted_nt1353|aligned_aa451|pident89.579,HCV,1a,100.0
MG456365|geneNS5A|query7-1335|h77_aa3-448|extracted_nt1329|aligned_aa452|pident70.796,HCV,4v,100.0
MG456369|geneNS5A|query1-1344|h77_aa1-448|extracted_nt1344|aligned_aa448|pident93.304,HCV,1a,100.0
MG456372|geneNS5A|query1-1356|h77_aa1-448|extracted_nt1356|aligned_aa455|pident69.890,HCV,3a,100.0
MG456363|geneNS5A|query7-1335|h77_aa3-448|extracted_nt1329|aligned_aa450|pident73.111,HCV,4a,100.0
MG456373|geneNS5A|query7-1338|h77_aa3-448|extracted_nt1332|aligned_aa451|pident72.506,HCV,4a,100.0
MG456371|geneNS5A|query7-1332|h77_aa3-448|extracted_nt1326|aligned_aa449|pident73.497,HCV,4d,100.0
MG456383|geneNS5A|query1-1344|h77_aa1-448|extracted_nt1344|aligned_aa448|pident94.196,HCV,1a,100.0
MG456385|geneNS5A|query1-1344|h77_aa1-448|extracted_nt1344|aligned_aa448|pident94.643,HCV,1a,100.0
MG456389|geneNS5A|query1-1353|h77_aa1-448|extracted_nt1353|aligned_aa455|pident68.791,HCV,3a,100.0
MG456394|geneNS5A|query7-1332|h77_aa3-448|extracted_nt1326|aligned_aa450|pident71.111,HCV,4v,100.0
MG456416|geneNS5A|query1-1356|h77_aa1-448|extracted_nt1356|aligned_aa458|pident69.214,HCV,3a,100.0
MG456428|geneNS5A|query1-1344|h77_aa1-448|extracted_nt1344|aligned_aa448|pident94.420,HCV,1a,100.0
MG456448|geneNS5A|query1-1356|h77_aa1-448|extracted_nt1356|aligned_aa455|pident70.549,HCV,3a,100.0
MG456473|geneNS5A|query1-1356|h77_aa1-448|extracted_nt1356|aligned_aa455|pident70.549,HCV,3a,100.0
MG456476|geneNS5A|query1-1356|h77_aa1-448|extracted_nt1356|aligned_aa456|pident70.175,HCV,3a,100.0
MG456470|geneNS5A|query1-1356|h77_aa1-448|extracted_nt1356|aligned_aa455|pident70.110,HCV,3a,100.0
MG456477|geneNS5A|query1-1356|h77_aa1-448|extracted_nt1356|aligned_aa456|pident69.737,HCV,3a,100.0
MG456490|geneNS5A|query1-1356|h77_aa1-448|extracted_nt1356|aligned_aa455|pident69.670,HCV,3a,100.0
MG456485|geneNS5A|query1-1356|h77_aa1-448|extracted_nt1356|aligned_aa455|pident70.110,HCV,3a,100.0
MG456462|geneNS5A|query1-1356|h77_aa1-448|extracted_nt1356|aligned_aa456|pident69.737,HCV,3a,100.0
MG456482|geneNS5A|query1-1356|h77_aa1-448|extracted_nt1356|aligned_aa455|pident69.670,HCV,3a,100.0
MG456478|geneNS5A|query1-1356|h77_aa1-448|extracted_nt1356|aligned_aa455|pident69.011,HCV,3a,100.0
MG456481|geneNS5A|query1-1359|h77_aa1-448|extracted_nt1359|aligned_aa456|pident68.421,HCV,3a,100.0
MG456488|geneNS5A|query1-1359|h77_aa1-448|extracted_nt1359|aligned_aa456|pident69.518,HCV,3a,100.0
MG456491|geneNS5A|query10-1356|h77_aa4-448|extracted_nt1347|aligned_aa452|pident69.469,HCV,3a,100.0
MG456499|geneNS5A|query1-1356|h77_aa1-448|extracted_nt1356|aligned_aa455|pident70.110,HCV,3a,100.0
MG456494|geneNS5A|query1-1356|h77_aa1-448|extracted_nt1356|aligned_aa455|pident69.890,HCV,3a,100.0
MG456489|geneNS5A|query1-1356|h77_aa1-448|extracted_nt1356|aligned_aa456|pident69.956,HCV,3a,100.0
MG456498|geneNS5A|query1-1356|h77_aa1-448|extracted_nt1356|aligned_aa455|pident70.549,HCV,3a,100.0
MG456506|geneNS5A|query1-1356|h77_aa1-448|extracted_nt1356|aligned_aa455|pident70.110,HCV,3a,100.0
MG456503|geneNS5A|query1-1356|h77_aa1-448|extracted_nt1356|aligned_aa456|pident69.518,HCV,3a,100.0
MG456507|geneNS5A|query1-1356|h77_aa1-448|extracted_nt1356|aligned_aa455|pident69.451,HCV,3a,100.0
MG456511|geneNS5A|query1-1356|h77_aa1-448|extracted_nt1356|aligned_aa455|pident69.890,HCV,3a,100.0
MG456518|geneNS5A|query1-1356|h77_aa1-448|extracted_nt1356|aligned_aa456|pident69.737,HCV,3a,100.0
MG456514|geneNS5A|query1-1356|h77_aa1-448|extracted_nt1356|aligned_aa455|pident70.110,HCV,3a,100.0
MG456517|geneNS5A|query1-1356|h77_aa1-448|extracted_nt1356|aligned_aa455|pident70.110,HCV,3a,100.0
MG456516|geneNS5A|query1-1356|h77_aa1-448|extracted_nt1356|aligned_aa455|pident70.330,HCV,3a,100.0
MG456534|geneNS5A|query1-1356|h77_aa1-448|extracted_nt1356|aligned_aa455|pident69.670,HCV,3a,100.0
MG456523|geneNS5A|query1-1356|h77_aa1-448|extracted_nt1356|aligned_aa455|pident69.670,HCV,3a,100.0
MG456540|geneNS5A|query1-1356|h77_aa1-448|extracted_nt1356|aligned_aa456|pident69.298,HCV,3a,100.0
MG460590|geneNS5A|query1-282|h77_aa24-117|extracted_nt282|aligned_aa94|pident78.723,HCV,1b,100.0
MG460592|geneNS5A|query2-301|h77_aa21-120|extracted_nt300|aligned_aa100|pident77.000,HCV,1b,100.0
MG456566|geneNS5A|query1-1356|h77_aa1-448|extracted_nt1356|aligned_aa456|pident69.518,HCV,3a,100.0
MG456567|geneNS5A|query1-1356|h77_aa1-448|extracted_nt1356|aligned_aa455|pident70.549,HCV,3a,100.0
MG460595|geneNS5A|query2-286|h77_aa24-118|extracted_nt285|aligned_aa95|pident77.895,HCV,1b,100.0
MG460599|geneNS5A|query2-295|h77_aa21-118|extracted_nt294|aligned_aa98|pident78.571,HCV,1b,100.0
MG460600|geneNS5A|query3-284|h77_aa24-117|extracted_nt282|aligned_aa94|pident76.596,HCV,1b,100.0
MG460602|geneNS5A|query3-284|h77_aa24-117|extracted_nt282|aligned_aa94|pident78.723,HCV,1b,100.0
MG456558|geneNS5A|query1-1356|h77_aa1-448|extracted_nt1356|aligned_aa455|pident69.670,HCV,3a,100.0
MG515255|geneNS5A|query1-297|h77_aa13-111|extracted_nt297|aligned_aa99|pident90.909,HCV,1a,100.0
MG515258|geneNS5A|query2-292|h77_aa10-106|extracted_nt291|aligned_aa97|pident97.938,HCV,1a,100.0
MG515257|geneNS5A|query2-289|h77_aa13-108|extracted_nt288|aligned_aa96|pident96.875,HCV,1a,100.0
MG515254|geneNS5A|query1-288|h77_aa13-108|extracted_nt288|aligned_aa96|pident97.917,HCV,1a,100.0
MG456569|geneNS5A|query1-1356|h77_aa1-448|extracted_nt1356|aligned_aa455|pident70.549,HCV,3a,100.0
MG517001|geneNS5A|query1-282|h77_aa24-117|extracted_nt282|aligned_aa94|pident76.596,HCV,1b,100.0
MG517003|geneNS5A|query2-280|h77_aa24-116|extracted_nt279|aligned_aa93|pident77.419,HCV,1b,100.0
MG519796|geneNS5A|query1-288|h77_aa13-108|extracted_nt288|aligned_aa96|pident95.833,HCV,1a,100.0
MG460593|geneNS5A|query1-279|h77_aa24-116|extracted_nt279|aligned_aa93|pident78.495,HCV,1b,100.0
MG456568|geneNS5A|query1-1356|h77_aa1-448|extracted_nt1356|aligned_aa455|pident70.989,HCV,3a,100.0
MG456557|geneNS5A|query1-1356|h77_aa1-448|extracted_nt1356|aligned_aa456|pident69.079,HCV,3a,100.0
MG739077|geneNS5A|query2-241|h77_aa16-95|extracted_nt240|aligned_aa80|pident93.750,HCV,1a,100.0
MG739081|geneNS5A|query2-250|h77_aa13-95|extracted_nt249|aligned_aa83|pident95.181,HCV,1a,100.0
MG739116|geneNS5A|query3-248|h77_aa14-95|extracted_nt246|aligned_aa82|pident97.561,HCV,1a,100.0
MG739115|geneNS5A|query3-248|h77_aa14-95|extracted_nt246|aligned_aa82|pident93.902,HCV,1a,100.0
MG739117|geneNS5A|query1-240|h77_aa16-95|extracted_nt240|aligned_aa80|pident97.500,HCV,1a,100.0
MG739121|geneNS5A|query3-242|h77_aa16-95|extracted_nt240|aligned_aa80|pident97.500,HCV,1a,100.0
MG739149|geneNS5A|query2-241|h77_aa16-95|extracted_nt240|aligned_aa80|pident97.500,HCV,1a,100.0
MG739148|geneNS5A|query1-243|h77_aa15-95|extracted_nt243|aligned_aa81|pident96.296,HCV,1a,100.0
MG747300|geneNS5A|query647-958|h77_aa1-104|extracted_nt312|aligned_aa104|pident81.731,HCV,1b,100.0
MG747299|geneNS5A|query647-958|h77_aa1-104|extracted_nt312|aligned_aa104|pident81.731,HCV,1b,100.0
MG747304|geneNS5A|query647-958|h77_aa1-104|extracted_nt312|aligned_aa104|pident80.769,HCV,1b,100.0
MG747308|geneNS5A|query650-937|h77_aa9-104|extracted_nt288|aligned_aa96|pident94.792,HCV,1a,100.0
MG747303|geneNS5A|query647-958|h77_aa1-104|extracted_nt312|aligned_aa104|pident80.769,HCV,1b,100.0
MG747309|geneNS5A|query647-931|h77_aa10-104|extracted_nt285|aligned_aa95|pident81.053,HCV,1b,100.0
MG747305|geneNS5A|query647-958|h77_aa1-104|extracted_nt312|aligned_aa104|pident82.692,HCV,1b,100.0
MG747312|geneNS5A|query647-931|h77_aa10-104|extracted_nt285|aligned_aa95|pident98.947,HCV,1a,100.0
MG747311|geneNS5A|query647-958|h77_aa1-104|extracted_nt312|aligned_aa104|pident80.769,HCV,1b,100.0
MG747310|geneNS5A|query661-948|h77_aa9-104|extracted_nt288|aligned_aa96|pident90.625,HCV,1a,100.0
MG747313|geneNS5A|query647-958|h77_aa1-104|extracted_nt312|aligned_aa104|pident82.692,HCV,1b,100.0
MG747314|geneNS5A|query647-958|h77_aa1-104|extracted_nt312|aligned_aa104|pident82.692,HCV,1b,100.0
MG747315|geneNS5A|query647-958|h77_aa1-104|extracted_nt312|aligned_aa104|pident82.692,HCV,1b,100.0
MG747317|geneNS5A|query647-958|h77_aa1-104|extracted_nt312|aligned_aa104|pident80.769,HCV,1b,100.0
MG747316|geneNS5A|query647-934|h77_aa9-104|extracted_nt288|aligned_aa96|pident96.875,HCV,1a,100.0
MG747318|geneNS5A|query647-958|h77_aa1-104|extracted_nt312|aligned_aa104|pident81.731,HCV,1b,100.0
MG747319|geneNS5A|query647-958|h77_aa1-104|extracted_nt312|aligned_aa104|pident82.692,HCV,1b,100.0
MG747323|geneNS5A|query647-958|h77_aa1-104|extracted_nt312|aligned_aa104|pident82.692,HCV,1b,100.0
MG747321|geneNS5A|query647-958|h77_aa1-104|extracted_nt312|aligned_aa104|pident82.692,HCV,1b,100.0
MG747324|geneNS5A|query648-932|h77_aa10-104|extracted_nt285|aligned_aa95|pident96.842,HCV,1a,100.0
MG747327|geneNS5A|query648-932|h77_aa10-104|extracted_nt285|aligned_aa95|pident98.947,HCV,1a,100.0
MG747330|geneNS5A|query647-934|h77_aa9-104|extracted_nt288|aligned_aa96|pident100.000,HCV,1a,100.0
MG747333|geneNS5A|query647-937|h77_aa8-104|extracted_nt291|aligned_aa97|pident95.876,HCV,1a,100.0
MG747331|geneNS5A|query647-958|h77_aa1-104|extracted_nt312|aligned_aa104|pident82.692,HCV,1b,100.0
MG747332|geneNS5A|query647-958|h77_aa1-104|extracted_nt312|aligned_aa104|pident79.808,HCV,1b,100.0
MG747339|geneNS5A|query648-932|h77_aa10-104|extracted_nt285|aligned_aa95|pident95.789,HCV,1a,100.0
MG747336|geneNS5A|query647-958|h77_aa1-104|extracted_nt312|aligned_aa104|pident82.692,HCV,1b,100.0
MG747338|geneNS5A|query648-935|h77_aa9-104|extracted_nt288|aligned_aa96|pident96.875,HCV,1a,100.0
MG747340|geneNS5A|query662-946|h77_aa10-104|extracted_nt285|aligned_aa95|pident95.789,HCV,1a,100.0
MG747337|geneNS5A|query647-958|h77_aa1-104|extracted_nt312|aligned_aa104|pident80.769,HCV,1b,100.0
MG747342|geneNS5A|query647-958|h77_aa1-104|extracted_nt312|aligned_aa104|pident78.846,HCV,1b,100.0
MG747341|geneNS5A|query647-958|h77_aa1-104|extracted_nt312|aligned_aa104|pident80.769,HCV,1b,100.0
MG747349|geneNS5A|query647-958|h77_aa1-104|extracted_nt312|aligned_aa104|pident80.769,HCV,1b,100.0
MG747350|geneNS5A|query647-958|h77_aa1-104|extracted_nt312|aligned_aa104|pident80.769,HCV,1b,100.0
MG747345|geneNS5A|query647-958|h77_aa1-104|extracted_nt312|aligned_aa104|pident79.808,HCV,1b,100.0
MG747351|geneNS5A|query647-958|h77_aa1-104|extracted_nt312|aligned_aa104|pident80.769,HCV,1b,100.0
MG747354|geneNS5A|query647-934|h77_aa9-104|extracted_nt288|aligned_aa96|pident96.875,HCV,1a,100.0
MG747347|geneNS5A|query647-958|h77_aa1-104|extracted_nt312|aligned_aa104|pident79.808,HCV,1b,100.0
MG747322|geneNS5A|query647-958|h77_aa1-104|extracted_nt312|aligned_aa104|pident80.769,HCV,1b,100.0
MG747356|geneNS5A|query647-922|h77_aa13-104|extracted_nt276|aligned_aa92|pident97.826,HCV,1a,100.0
MG747360|geneNS5A|query647-934|h77_aa9-104|extracted_nt288|aligned_aa96|pident96.875,HCV,1a,100.0
MG747363|geneNS5A|query648-932|h77_aa10-104|extracted_nt285|aligned_aa95|pident95.789,HCV,1a,100.0
MG747364|geneNS5A|query647-958|h77_aa1-104|extracted_nt312|aligned_aa104|pident80.769,HCV,1b,100.0
MG747358|geneNS5A|query647-958|h77_aa1-104|extracted_nt312|aligned_aa104|pident80.769,HCV,1b,100.0
MG747361|geneNS5A|query647-934|h77_aa9-104|extracted_nt288|aligned_aa96|pident96.875,HCV,1a,100.0
MG747362|geneNS5A|query647-958|h77_aa1-104|extracted_nt312|aligned_aa104|pident82.692,HCV,1b,100.0
MG747367|geneNS5A|query647-958|h77_aa1-104|extracted_nt312|aligned_aa104|pident80.769,HCV,1b,100.0
MG747369|geneNS5A|query647-958|h77_aa1-104|extracted_nt312|aligned_aa104|pident79.808,HCV,1b,100.0
MG747368|geneNS5A|query647-934|h77_aa9-104|extracted_nt288|aligned_aa96|pident94.792,HCV,1a,100.0
MG747365|geneNS5A|query647-958|h77_aa1-104|extracted_nt312|aligned_aa104|pident82.692,HCV,1b,100.0
MG747372|geneNS5A|query647-934|h77_aa9-104|extracted_nt288|aligned_aa96|pident98.958,HCV,1a,100.0
MG747370|geneNS5A|query647-958|h77_aa1-104|extracted_nt312|aligned_aa104|pident81.731,HCV,1b,100.0
MG747373|geneNS5A|query647-958|h77_aa1-104|extracted_nt312|aligned_aa104|pident79.808,HCV,1b,100.0
MG747377|geneNS5A|query648-932|h77_aa10-104|extracted_nt285|aligned_aa95|pident95.789,HCV,1a,100.0
MG747376|geneNS5A|query647-958|h77_aa1-104|extracted_nt312|aligned_aa104|pident81.731,HCV,1b,100.0
MG747380|geneNS5A|query651-935|h77_aa10-104|extracted_nt285|aligned_aa95|pident98.947,HCV,1a,100.0
MG747375|geneNS5A|query647-958|h77_aa1-104|extracted_nt312|aligned_aa104|pident80.769,HCV,1b,100.0
MG747382|geneNS5A|query648-932|h77_aa10-104|extracted_nt285|aligned_aa95|pident95.789,HCV,1a,100.0
MG747383|geneNS5A|query649-933|h77_aa10-104|extracted_nt285|aligned_aa95|pident96.842,HCV,1a,100.0
MG747381|geneNS5A|query647-958|h77_aa1-104|extracted_nt312|aligned_aa104|pident80.769,HCV,1b,100.0
MG747386|geneNS5A|query647-934|h77_aa9-104|extracted_nt288|aligned_aa96|pident96.875,HCV,1a,100.0
MG747385|geneNS5A|query647-958|h77_aa1-104|extracted_nt312|aligned_aa104|pident79.808,HCV,1b,100.0
MG747384|geneNS5A|query647-958|h77_aa1-104|extracted_nt312|aligned_aa104|pident79.808,HCV,1b,100.0
MG747389|geneNS5A|query647-958|h77_aa1-104|extracted_nt312|aligned_aa104|pident80.769,HCV,1b,100.0
MG747388|geneNS5A|query647-958|h77_aa1-104|extracted_nt312|aligned_aa104|pident80.769,HCV,1b,100.0
MG747391|geneNS5A|query647-958|h77_aa1-104|extracted_nt312|aligned_aa104|pident80.769,HCV,1b,100.0
MG747393|geneNS5A|query647-958|h77_aa1-104|extracted_nt312|aligned_aa104|pident82.692,HCV,1b,100.0
MG747396|geneNS5A|query648-932|h77_aa10-104|extracted_nt285|aligned_aa95|pident96.842,HCV,1a,100.0
MG747397|geneNS5A|query648-932|h77_aa10-104|extracted_nt285|aligned_aa95|pident97.895,HCV,1a,100.0
MG747398|geneNS5A|query647-934|h77_aa9-104|extracted_nt288|aligned_aa96|pident96.875,HCV,1a,100.0
MG747371|geneNS5A|query647-934|h77_aa9-104|extracted_nt288|aligned_aa96|pident98.958,HCV,1a,100.0
MG747402|geneNS5A|query647-958|h77_aa1-104|extracted_nt312|aligned_aa104|pident79.808,HCV,1b,100.0
MG747395|geneNS5A|query647-958|h77_aa1-104|extracted_nt312|aligned_aa104|pident79.808,HCV,1b,100.0
MG747403|geneNS5A|query647-958|h77_aa1-104|extracted_nt312|aligned_aa104|pident82.692,HCV,1b,100.0
MG747348|geneNS5A|query648-932|h77_aa10-104|extracted_nt285|aligned_aa95|pident95.789,HCV,1a,100.0
MG747344|geneNS5A|query647-958|h77_aa1-104|extracted_nt312|aligned_aa104|pident81.731,HCV,1b,100.0
MG747405|geneNS5A|query647-958|h77_aa1-104|extracted_nt312|aligned_aa104|pident80.769,HCV,1b,100.0
MG747406|geneNS5A|query647-958|h77_aa1-104|extracted_nt312|aligned_aa104|pident81.731,HCV,1b,100.0
MG747404|geneNS5A|query647-958|h77_aa1-104|extracted_nt312|aligned_aa104|pident82.692,HCV,1b,100.0
MG747408|geneNS5A|query647-958|h77_aa1-104|extracted_nt312|aligned_aa104|pident80.769,HCV,1b,100.0
MG747409|geneNS5A|query647-958|h77_aa1-104|extracted_nt312|aligned_aa104|pident80.769,HCV,1b,100.0
MG747410|geneNS5A|query647-958|h77_aa1-104|extracted_nt312|aligned_aa104|pident79.808,HCV,1b,100.0
MG747412|geneNS5A|query647-958|h77_aa1-104|extracted_nt312|aligned_aa104|pident80.769,HCV,1b,100.0
MG747413|geneNS5A|query647-958|h77_aa1-104|extracted_nt312|aligned_aa104|pident80.769,HCV,1b,100.0
MG747414|geneNS5A|query647-958|h77_aa1-104|extracted_nt312|aligned_aa104|pident79.808,HCV,1b,100.0
MG747411|geneNS5A|query647-958|h77_aa1-104|extracted_nt312|aligned_aa104|pident80.769,HCV,1b,100.0
MG747415|geneNS5A|query647-958|h77_aa1-104|extracted_nt312|aligned_aa104|pident80.769,HCV,1b,100.0
MG747417|geneNS5A|query647-958|h77_aa1-104|extracted_nt312|aligned_aa104|pident80.769,HCV,1b,100.0
MG747418|geneNS5A|query647-958|h77_aa1-104|extracted_nt312|aligned_aa104|pident80.769,HCV,1b,100.0
MG747420|geneNS5A|query647-958|h77_aa1-104|extracted_nt312|aligned_aa104|pident80.769,HCV,1b,100.0
MG747419|geneNS5A|query647-958|h77_aa1-104|extracted_nt312|aligned_aa104|pident79.808,HCV,1b,100.0
MG747401|geneNS5A|query647-958|h77_aa1-104|extracted_nt312|aligned_aa104|pident83.654,HCV,1b,100.0
MG747394|geneNS5A|query647-958|h77_aa1-104|extracted_nt312|aligned_aa104|pident80.769,HCV,1b,100.0
MG747400|geneNS5A|query647-934|h77_aa9-104|extracted_nt288|aligned_aa96|pident95.833,HCV,1a,100.0
MG456215|geneNS5A|query7-1335|h77_aa3-448|extracted_nt1329|aligned_aa450|pident72.222,HCV,4a,100.0
MG456257|geneNS5A|query1-1344|h77_aa1-448|extracted_nt1344|aligned_aa448|pident93.973,HCV,1a,100.0
MG456236|geneNS5A|query1-1356|h77_aa1-448|extracted_nt1356|aligned_aa455|pident69.890,HCV,3a,100.0
MG456258|geneNS5A|query7-1335|h77_aa3-448|extracted_nt1329|aligned_aa450|pident72.667,HCV,4a,100.0
MG456264|geneNS5A|query1-1347|h77_aa1-448|extracted_nt1347|aligned_aa449|pident92.205,HCV,1a,100.0
MG456238|geneNS5A|query1-1344|h77_aa1-448|extracted_nt1344|aligned_aa448|pident93.527,HCV,1a,100.0
MG456263|geneNS5A|query1-1344|h77_aa1-448|extracted_nt1344|aligned_aa448|pident94.643,HCV,1a,100.0
MG456239|geneNS5A|query1-1329|h77_aa1-448|extracted_nt1329|aligned_aa451|pident69.180,HCV,4o,69.0
MG456271|geneNS5A|query1-1344|h77_aa1-448|extracted_nt1344|aligned_aa448|pident94.643,HCV,1a,100.0
MG456283|geneNS5A|query1-1335|h77_aa1-448|extracted_nt1335|aligned_aa452|pident73.230,HCV,4a,100.0
MG456261|geneNS5A|query1-1344|h77_aa1-448|extracted_nt1344|aligned_aa448|pident96.429,HCV,1a,100.0
MG456265|geneNS5A|query1-1344|h77_aa1-448|extracted_nt1344|aligned_aa448|pident93.973,HCV,1a,100.0
MG456297|geneNS5A|query7-1344|h77_aa3-448|extracted_nt1338|aligned_aa449|pident76.169,HCV,4k,56.0
MG456299|geneNS5A|query1-1341|h77_aa1-448|extracted_nt1341|aligned_aa448|pident76.339,HCV,1b,100.0
MG456304|geneNS5A|query1-1344|h77_aa1-448|extracted_nt1344|aligned_aa448|pident93.527,HCV,1a,100.0
MG456302|geneNS5A|query1-1356|h77_aa1-448|extracted_nt1356|aligned_aa456|pident69.956,HCV,3a,100.0
MG456301|geneNS5A|query7-1344|h77_aa3-448|extracted_nt1338|aligned_aa449|pident75.056,HCV,4k,100.0
MG456307|geneNS5A|query1-1341|h77_aa1-448|extracted_nt1341|aligned_aa448|pident80.804,HCV,1b,100.0
MG456339|geneNS5A|query1-1344|h77_aa1-448|extracted_nt1344|aligned_aa448|pident94.643,HCV,1a,100.0
MG456330|geneNS5A|query1-1356|h77_aa1-448|extracted_nt1356|aligned_aa455|pident71.209,HCV,3g,100.0
MG456402|geneNS5A|query7-1335|h77_aa3-448|extracted_nt1329|aligned_aa450|pident71.111,HCV,4a,100.0
MG456409|geneNS5A|query1-1356|h77_aa1-448|extracted_nt1356|aligned_aa455|pident70.330,HCV,3a,100.0
MG456408|geneNS5A|query1-1341|h77_aa1-448|extracted_nt1341|aligned_aa450|pident80.222,HCV,1b,100.0
MG747353|geneNS5A|query648-935|h77_aa9-104|extracted_nt288|aligned_aa96|pident96.875,HCV,1a,100.0
MG456202|geneNS5A|query1-1344|h77_aa1-448|extracted_nt1344|aligned_aa448|pident86.830,HCV,1a,100.0
MH733128|geneNS5A|query1-603|h77_aa1-201|extracted_nt603|aligned_aa201|pident80.100,HCV,1b,100.0
MH885789|geneNS5A|query1-450|h77_aa1-150|extracted_nt450|aligned_aa150|pident72.000,HCV,3a,100.0
MH885790|geneNS5A|query1-450|h77_aa1-150|extracted_nt450|aligned_aa150|pident75.333,HCV,3a,100.0
MK135285|geneNS5A|query1-663|h77_aa1-221|extracted_nt663|aligned_aa221|pident74.661,HCV,3a,100.0
MK135233|geneNS5A|query1-351|h77_aa1-117|extracted_nt351|aligned_aa117|pident77.778,HCV,1b,100.0
MK135227|geneNS5A|query1-501|h77_aa1-167|extracted_nt501|aligned_aa167|pident79.641,HCV,1b,100.0
MK139020|geneNS5A|query6258-7613|h77_aa1-448|extracted_nt1356|aligned_aa454|pident71.806,HCV,6n,100.0
MK143504|geneNS5A|query1-318|h77_aa1-106|extracted_nt318|aligned_aa106|pident81.132,HCV,1b,100.0
MK143491|geneNS5A|query1-318|h77_aa1-106|extracted_nt318|aligned_aa106|pident96.226,HCV,1a,100.0
MK143488|geneNS5A|query1-318|h77_aa1-106|extracted_nt318|aligned_aa106|pident78.302,HCV,1b,100.0
MK143508|geneNS5A|query1-318|h77_aa1-106|extracted_nt318|aligned_aa106|pident98.113,HCV,1a,100.0
MK143492|geneNS5A|query1-318|h77_aa1-106|extracted_nt318|aligned_aa106|pident96.226,HCV,1a,100.0
MK143487|geneNS5A|query1-318|h77_aa1-106|extracted_nt318|aligned_aa106|pident97.170,HCV,1a,100.0
MK143494|geneNS5A|query1-318|h77_aa1-106|extracted_nt318|aligned_aa106|pident83.019,HCV,1b,100.0
MK143493|geneNS5A|query1-318|h77_aa1-106|extracted_nt318|aligned_aa106|pident98.113,HCV,1a,100.0
MH562115|geneNS5A|query2-280|h77_aa12-104|extracted_nt279|aligned_aa93|pident96.774,HCV,1a,100.0
MH562215|geneNS5A|query1-291|h77_aa1-97|extracted_nt291|aligned_aa97|pident77.320,HCV,3a,100.0
MH562216|geneNS5A|query1-291|h77_aa1-97|extracted_nt291|aligned_aa97|pident77.320,HCV,3a,100.0
MH590700|geneNS5A|query6274-7614|h77_aa3-448|extracted_nt1341|aligned_aa449|pident70.156,HCV,4a,42.0
MH733087|geneNS5A|query1-603|h77_aa1-201|extracted_nt603|aligned_aa201|pident81.095,HCV,1b,100.0
MH477418|geneNS5A|query6174-7502|h77_aa3-448|extracted_nt1329|aligned_aa451|pident69.623,HCV,4f,100.0
MH562116|geneNS5A|query2-280|h77_aa12-104|extracted_nt279|aligned_aa93|pident96.774,HCV,1a,100.0
MH562122|geneNS5A|query2-280|h77_aa12-104|extracted_nt279|aligned_aa93|pident98.925,HCV,1a,100.0
MH562137|geneNS5A|query2-280|h77_aa12-104|extracted_nt279|aligned_aa93|pident95.699,HCV,1a,100.0
MH562190|geneNS5A|query1-288|h77_aa1-96|extracted_nt288|aligned_aa96|pident75.000,HCV,3a,100.0
MH562248|geneNS5A|query1-291|h77_aa1-97|extracted_nt291|aligned_aa97|pident75.258,HCV,3a,100.0
MH562247|geneNS5A|query1-291|h77_aa1-97|extracted_nt291|aligned_aa97|pident76.289,HCV,3a,100.0
MH733096|geneNS5A|query1-603|h77_aa1-201|extracted_nt603|aligned_aa201|pident80.597,HCV,1b,100.0
MH733095|geneNS5A|query1-603|h77_aa1-201|extracted_nt603|aligned_aa201|pident81.592,HCV,1b,100.0
MH733099|geneNS5A|query1-603|h77_aa1-201|extracted_nt603|aligned_aa201|pident81.592,HCV,1b,100.0
MH733102|geneNS5A|query1-603|h77_aa1-201|extracted_nt603|aligned_aa201|pident81.095,HCV,1b,100.0
MH733098|geneNS5A|query1-570|h77_aa1-190|extracted_nt570|aligned_aa190|pident79.474,HCV,1b,100.0
MH733089|geneNS5A|query1-603|h77_aa1-201|extracted_nt603|aligned_aa201|pident79.602,HCV,1b,100.0
MH733115|geneNS5A|query1-603|h77_aa1-201|extracted_nt603|aligned_aa201|pident81.592,HCV,1b,100.0
MH733116|geneNS5A|query1-603|h77_aa1-201|extracted_nt603|aligned_aa201|pident82.090,HCV,1b,100.0
MH733113|geneNS5A|query1-603|h77_aa1-201|extracted_nt603|aligned_aa201|pident80.597,HCV,1b,100.0
MH733119|geneNS5A|query1-603|h77_aa1-201|extracted_nt603|aligned_aa201|pident82.090,HCV,1b,100.0
MH733144|geneNS5A|query1-570|h77_aa1-190|extracted_nt570|aligned_aa190|pident96.842,HCV,1a,100.0
MH733146|geneNS5A|query1-570|h77_aa1-190|extracted_nt570|aligned_aa190|pident96.842,HCV,1a,100.0
MH733145|geneNS5A|query1-570|h77_aa1-190|extracted_nt570|aligned_aa190|pident96.316,HCV,1a,100.0
MH733083|geneNS5A|query1-603|h77_aa1-201|extracted_nt603|aligned_aa201|pident80.100,HCV,1b,100.0
MH733080|geneNS5A|query1-606|h77_aa1-202|extracted_nt606|aligned_aa202|pident80.693,HCV,1b,100.0
MH733090|geneNS5A|query1-603|h77_aa1-201|extracted_nt603|aligned_aa201|pident81.095,HCV,1b,100.0
MH733125|geneNS5A|query1-603|h77_aa1-201|extracted_nt603|aligned_aa201|pident82.587,HCV,1b,100.0
MH733157|geneNS5A|query1-570|h77_aa1-190|extracted_nt570|aligned_aa190|pident95.263,HCV,1a,100.0
MH733149|geneNS5A|query1-570|h77_aa1-190|extracted_nt570|aligned_aa190|pident95.789,HCV,1a,100.0
MH733158|geneNS5A|query1-570|h77_aa1-190|extracted_nt570|aligned_aa190|pident96.842,HCV,1a,100.0
MH733142|geneNS5A|query1-570|h77_aa1-190|extracted_nt570|aligned_aa190|pident93.158,HCV,1a,100.0
MH733160|geneNS5A|query1-570|h77_aa1-190|extracted_nt570|aligned_aa190|pident96.842,HCV,1a,100.0
MH733161|geneNS5A|query1-570|h77_aa1-190|extracted_nt570|aligned_aa190|pident96.842,HCV,1a,100.0
MH733159|geneNS5A|query1-570|h77_aa1-190|extracted_nt570|aligned_aa190|pident96.842,HCV,1a,100.0
MH885781|geneNS5A|query1-450|h77_aa1-150|extracted_nt450|aligned_aa150|pident74.667,HCV,3a,100.0
MH742367|geneNS5A|query6235-7563|h77_aa3-448|extracted_nt1329|aligned_aa450|pident72.444,HCV,4v,100.0
MH885469|geneNS5A|query6209-7552|h77_aa1-448|extracted_nt1344|aligned_aa449|pident79.955,HCV,1c,59.0
MH885783|geneNS5A|query1-450|h77_aa1-150|extracted_nt450|aligned_aa150|pident74.667,HCV,3a,100.0
MH885779|geneNS5A|query1-450|h77_aa1-150|extracted_nt450|aligned_aa150|pident74.667,HCV,3a,100.0
MK092106|geneNS5A|query3343-4683|h77_aa1-448|extracted_nt1341|aligned_aa448|pident80.134,HCV,1b,100.0
MK092100|geneNS5A|query3343-4683|h77_aa1-448|extracted_nt1341|aligned_aa449|pident79.510,HCV,1b,100.0
MK092108|geneNS5A|query3343-4683|h77_aa1-448|extracted_nt1341|aligned_aa449|pident80.846,HCV,1b,100.0
MK134406|geneNS5A|query1-381|h77_aa1-127|extracted_nt381|aligned_aa127|pident74.803,HCV,3a,100.0
MK135173|geneNS5A|query1-1338|h77_aa1-446|extracted_nt1338|aligned_aa446|pident93.722,HCV,1a,100.0
MK135180|geneNS5A|query1-1299|h77_aa1-433|extracted_nt1299|aligned_aa433|pident93.303,HCV,1a,100.0
MK135181|geneNS5A|query1-1299|h77_aa1-433|extracted_nt1299|aligned_aa433|pident93.764,HCV,1a,100.0
MK135182|geneNS5A|query1-1008|h77_aa1-336|extracted_nt1008|aligned_aa336|pident91.071,HCV,1a,100.0
MK135176|geneNS5A|query1-1293|h77_aa1-431|extracted_nt1293|aligned_aa431|pident93.735,HCV,1a,100.0
MK135186|geneNS5A|query1-1299|h77_aa1-433|extracted_nt1299|aligned_aa433|pident94.919,HCV,1a,100.0
MK135177|geneNS5A|query1-1320|h77_aa1-440|extracted_nt1320|aligned_aa440|pident92.727,HCV,1a,100.0
MK135191|geneNS5A|query1-1299|h77_aa1-433|extracted_nt1299|aligned_aa433|pident94.226,HCV,1a,100.0
MK135194|geneNS5A|query1-1299|h77_aa1-433|extracted_nt1299|aligned_aa433|pident93.995,HCV,1a,100.0
MK135197|geneNS5A|query1-1293|h77_aa1-431|extracted_nt1293|aligned_aa431|pident95.128,HCV,1a,100.0
MK135198|geneNS5A|query1-1197|h77_aa1-399|extracted_nt1197|aligned_aa399|pident93.734,HCV,1a,100.0
MK135202|geneNS5A|query1-1299|h77_aa1-433|extracted_nt1299|aligned_aa433|pident92.841,HCV,1a,100.0
MK135192|geneNS5A|query1-1299|h77_aa1-433|extracted_nt1299|aligned_aa433|pident91.224,HCV,1a,100.0
MK135188|geneNS5A|query1-1299|h77_aa1-433|extracted_nt1299|aligned_aa433|pident94.457,HCV,1a,100.0
MK135207|geneNS5A|query1-1299|h77_aa1-433|extracted_nt1299|aligned_aa433|pident93.995,HCV,1a,100.0
MK135210|geneNS5A|query1-1299|h77_aa1-433|extracted_nt1299|aligned_aa433|pident94.457,HCV,1a,100.0
MK135195|geneNS5A|query1-1299|h77_aa1-433|extracted_nt1299|aligned_aa433|pident93.303,HCV,1a,100.0
MK135211|geneNS5A|query1-1299|h77_aa1-433|extracted_nt1299|aligned_aa433|pident93.533,HCV,1a,100.0
MK135200|geneNS5A|query1-1299|h77_aa1-433|extracted_nt1299|aligned_aa433|pident93.303,HCV,1a,100.0
MK135213|geneNS5A|query1-1308|h77_aa1-436|extracted_nt1308|aligned_aa436|pident93.807,HCV,1a,100.0
MK135221|geneNS5A|query1-1299|h77_aa1-433|extracted_nt1299|aligned_aa433|pident94.457,HCV,1a,100.0
MK135218|geneNS5A|query1-1299|h77_aa1-433|extracted_nt1299|aligned_aa433|pident88.915,HCV,1a,100.0
MK135226|geneNS5A|query1-1122|h77_aa1-374|extracted_nt1122|aligned_aa374|pident94.385,HCV,1a,100.0
MK135229|geneNS5A|query1-477|h77_aa1-159|extracted_nt477|aligned_aa159|pident81.761,HCV,1b,100.0
MK135219|geneNS5A|query1-1299|h77_aa1-433|extracted_nt1299|aligned_aa433|pident92.841,HCV,1a,100.0
MK135247|geneNS5A|query1-1191|h77_aa1-399|extracted_nt1191|aligned_aa399|pident80.952,HCV,1b,100.0
MK135246|geneNS5A|query1-1191|h77_aa1-399|extracted_nt1191|aligned_aa399|pident81.704,HCV,1b,100.0
MK135238|geneNS5A|query1-1182|h77_aa1-394|extracted_nt1182|aligned_aa394|pident79.188,HCV,1b,100.0
MK135222|geneNS5A|query1-1299|h77_aa1-433|extracted_nt1299|aligned_aa433|pident93.764,HCV,1a,100.0
MK135248|geneNS5A|query1-1149|h77_aa1-383|extracted_nt1149|aligned_aa383|pident93.995,HCV,1a,100.0
MK135258|geneNS5A|query1-1191|h77_aa1-399|extracted_nt1191|aligned_aa399|pident83.208,HCV,1b,100.0
MK135260|geneNS5A|query1-1191|h77_aa1-399|extracted_nt1191|aligned_aa399|pident79.449,HCV,1b,100.0
MK135209|geneNS5A|query1-1299|h77_aa1-433|extracted_nt1299|aligned_aa433|pident93.764,HCV,1a,100.0
MK135242|geneNS5A|query1-1191|h77_aa1-399|extracted_nt1191|aligned_aa399|pident81.454,HCV,1b,100.0
MK135261|geneNS5A|query1-1191|h77_aa1-399|extracted_nt1191|aligned_aa399|pident81.203,HCV,1b,100.0
MK135267|geneNS5A|query1-1149|h77_aa1-383|extracted_nt1149|aligned_aa383|pident95.039,HCV,1a,100.0
MK135268|geneNS5A|query1-1191|h77_aa1-399|extracted_nt1191|aligned_aa399|pident81.454,HCV,1b,100.0
MK135252|geneNS5A|query1-1191|h77_aa1-399|extracted_nt1191|aligned_aa399|pident80.451,HCV,1b,100.0
MK135256|geneNS5A|query1-1191|h77_aa1-399|extracted_nt1191|aligned_aa399|pident79.950,HCV,1b,100.0
MK135270|geneNS5A|query1-1191|h77_aa1-399|extracted_nt1191|aligned_aa399|pident80.201,HCV,1b,100.0
MK135284|geneNS5A|query1-1356|h77_aa1-448|extracted_nt1356|aligned_aa455|pident69.451,HCV,3a,100.0
MK135287|geneNS5A|query1-1326|h77_aa1-437|extracted_nt1326|aligned_aa445|pident69.663,HCV,3a,100.0
MK135289|geneNS5A|query1-963|h77_aa1-321|extracted_nt963|aligned_aa321|pident75.078,HCV,3a,100.0
MK135283|geneNS5A|query1-1356|h77_aa1-448|extracted_nt1356|aligned_aa456|pident69.737,HCV,3a,100.0
MK135299|geneNS5A|query1-1356|h77_aa1-448|extracted_nt1356|aligned_aa455|pident69.670,HCV,3a,100.0
MK135288|geneNS5A|query1-1356|h77_aa1-448|extracted_nt1356|aligned_aa453|pident69.757,HCV,3a,100.0
MK135273|geneNS5A|query1-1191|h77_aa1-399|extracted_nt1191|aligned_aa399|pident81.955,HCV,1b,100.0
MK135293|geneNS5A|query1-1356|h77_aa1-448|extracted_nt1356|aligned_aa455|pident70.330,HCV,3a,100.0
MK135300|geneNS5A|query1-1356|h77_aa1-448|extracted_nt1356|aligned_aa456|pident70.395,HCV,3a,100.0
MK143444|geneNS5A|query1-318|h77_aa1-106|extracted_nt318|aligned_aa106|pident80.189,HCV,1b,100.0
MK139016|geneNS5A|query6258-7613|h77_aa1-448|extracted_nt1356|aligned_aa454|pident71.806,HCV,6n,100.0
MK143445|geneNS5A|query1-318|h77_aa1-106|extracted_nt318|aligned_aa106|pident97.170,HCV,1a,100.0
MK135294|geneNS5A|query1-1356|h77_aa1-448|extracted_nt1356|aligned_aa456|pident69.956,HCV,3a,100.0
MK143448|geneNS5A|query1-318|h77_aa1-106|extracted_nt318|aligned_aa106|pident97.170,HCV,1a,100.0
MK143482|geneNS5A|query1-318|h77_aa1-106|extracted_nt318|aligned_aa106|pident83.019,HCV,1b,100.0
MK143484|geneNS5A|query1-318|h77_aa1-106|extracted_nt318|aligned_aa106|pident82.075,HCV,1b,100.0
MK143520|geneNS5A|query1-318|h77_aa1-106|extracted_nt318|aligned_aa106|pident83.019,HCV,1b,100.0
MK143525|geneNS5A|query1-318|h77_aa1-106|extracted_nt318|aligned_aa106|pident95.283,HCV,1a,100.0
MK143532|geneNS5A|query1-318|h77_aa1-106|extracted_nt318|aligned_aa106|pident94.340,HCV,1a,100.0
MH562117|geneNS5A|query2-280|h77_aa12-104|extracted_nt279|aligned_aa93|pident95.699,HCV,1a,100.0
MH562114|geneNS5A|query2-280|h77_aa12-104|extracted_nt279|aligned_aa93|pident95.699,HCV,1a,100.0
MH562118|geneNS5A|query2-280|h77_aa12-104|extracted_nt279|aligned_aa93|pident96.774,HCV,1a,100.0
MH477426|geneNS5A|query6204-7529|h77_aa3-448|extracted_nt1326|aligned_aa450|pident69.778,HCV,4f,100.0
MH562123|geneNS5A|query35-280|h77_aa23-104|extracted_nt246|aligned_aa82|pident92.683,HCV,1a,100.0
MH562124|geneNS5A|query2-280|h77_aa12-104|extracted_nt279|aligned_aa93|pident97.849,HCV,1a,100.0
MH562121|geneNS5A|query2-280|h77_aa12-104|extracted_nt279|aligned_aa93|pident96.774,HCV,1a,100.0
MH562119|geneNS5A|query2-280|h77_aa12-104|extracted_nt279|aligned_aa93|pident97.849,HCV,1a,100.0
MH492361|geneNS5A|query6192-7547|h77_aa1-448|extracted_nt1356|aligned_aa454|pident71.806,HCV,6n,100.0
MH562126|geneNS5A|query2-280|h77_aa12-104|extracted_nt279|aligned_aa93|pident96.774,HCV,1a,100.0
MH562125|geneNS5A|query2-280|h77_aa12-104|extracted_nt279|aligned_aa93|pident94.624,HCV,1a,100.0
MH562128|geneNS5A|query2-280|h77_aa12-104|extracted_nt279|aligned_aa93|pident95.699,HCV,1a,100.0
MH562129|geneNS5A|query2-280|h77_aa12-104|extracted_nt279|aligned_aa93|pident96.774,HCV,1a,100.0
MH562131|geneNS5A|query2-280|h77_aa12-104|extracted_nt279|aligned_aa93|pident77.419,HCV,1b,100.0
MH492362|geneNS5A|query6192-7547|h77_aa1-448|extracted_nt1356|aligned_aa454|pident72.247,HCV,6n,100.0
MH562133|geneNS5A|query2-280|h77_aa12-104|extracted_nt279|aligned_aa93|pident73.118,HCV,1b,100.0
MH492360|geneNS5A|query6192-7547|h77_aa1-448|extracted_nt1356|aligned_aa454|pident71.366,HCV,6n,100.0
MH562127|geneNS5A|query2-280|h77_aa12-104|extracted_nt279|aligned_aa93|pident96.774,HCV,1a,100.0
MH562132|geneNS5A|query2-280|h77_aa12-104|extracted_nt279|aligned_aa93|pident79.570,HCV,1b,100.0
MH562134|geneNS5A|query2-280|h77_aa12-104|extracted_nt279|aligned_aa93|pident97.849,HCV,1a,100.0
MH477424|geneNS5A|query6153-7478|h77_aa3-448|extracted_nt1326|aligned_aa450|pident70.667,HCV,4f,100.0
MH562136|geneNS5A|query2-280|h77_aa12-104|extracted_nt279|aligned_aa93|pident75.269,HCV,1b,100.0
MH562135|geneNS5A|query2-280|h77_aa12-104|extracted_nt279|aligned_aa93|pident79.570,HCV,1b,100.0
MH562139|geneNS5A|query2-280|h77_aa12-104|extracted_nt279|aligned_aa93|pident94.624,HCV,1a,100.0
MH562138|geneNS5A|query2-280|h77_aa12-104|extracted_nt279|aligned_aa93|pident95.699,HCV,1a,100.0
MH562140|geneNS5A|query2-280|h77_aa12-104|extracted_nt279|aligned_aa93|pident93.548,HCV,1a,100.0
MH562120|geneNS5A|query2-280|h77_aa12-104|extracted_nt279|aligned_aa93|pident95.699,HCV,1a,100.0
MH733088|geneNS5A|query1-603|h77_aa1-201|extracted_nt603|aligned_aa201|pident81.592,HCV,1b,100.0
MH733079|geneNS5A|query1-606|h77_aa1-202|extracted_nt606|aligned_aa202|pident82.178,HCV,1b,100.0
MH733092|geneNS5A|query1-603|h77_aa1-201|extracted_nt603|aligned_aa201|pident79.602,HCV,1b,100.0
MH733086|geneNS5A|query1-603|h77_aa1-201|extracted_nt603|aligned_aa201|pident80.100,HCV,1b,100.0
MH733094|geneNS5A|query1-603|h77_aa1-201|extracted_nt603|aligned_aa201|pident80.597,HCV,1b,100.0
MH733100|geneNS5A|query1-603|h77_aa1-201|extracted_nt603|aligned_aa201|pident81.592,HCV,1b,100.0
MH733081|geneNS5A|query1-603|h77_aa1-201|extracted_nt603|aligned_aa201|pident81.592,HCV,1b,100.0
MH733101|geneNS5A|query1-594|h77_aa1-198|extracted_nt594|aligned_aa198|pident81.313,HCV,1b,100.0
MH733078|geneNS5A|query1-606|h77_aa1-202|extracted_nt606|aligned_aa202|pident84.158,HCV,1b,100.0
MH733091|geneNS5A|query1-582|h77_aa1-194|extracted_nt582|aligned_aa194|pident80.412,HCV,1b,100.0
MH733097|geneNS5A|query1-603|h77_aa1-201|extracted_nt603|aligned_aa201|pident80.100,HCV,1b,100.0
MH733105|geneNS5A|query1-603|h77_aa1-201|extracted_nt603|aligned_aa201|pident82.090,HCV,1b,100.0
MH733104|geneNS5A|query1-603|h77_aa1-201|extracted_nt603|aligned_aa201|pident83.085,HCV,1b,100.0
MH733109|geneNS5A|query1-603|h77_aa1-201|extracted_nt603|aligned_aa201|pident81.592,HCV,1b,100.0
MH733108|geneNS5A|query1-603|h77_aa1-201|extracted_nt603|aligned_aa201|pident81.592,HCV,1b,100.0
MH733093|geneNS5A|query1-603|h77_aa1-201|extracted_nt603|aligned_aa201|pident81.592,HCV,1b,100.0
MH733110|geneNS5A|query1-603|h77_aa1-201|extracted_nt603|aligned_aa201|pident81.095,HCV,1b,100.0
MH733111|geneNS5A|query1-603|h77_aa1-201|extracted_nt603|aligned_aa201|pident80.597,HCV,1b,100.0
MH733118|geneNS5A|query1-603|h77_aa1-201|extracted_nt603|aligned_aa201|pident81.592,HCV,1b,100.0
MH733114|geneNS5A|query1-603|h77_aa1-201|extracted_nt603|aligned_aa201|pident81.095,HCV,1b,100.0
MH733120|geneNS5A|query1-603|h77_aa1-201|extracted_nt603|aligned_aa201|pident81.095,HCV,1b,100.0
MH733121|geneNS5A|query1-603|h77_aa1-201|extracted_nt603|aligned_aa201|pident81.592,HCV,1b,100.0
MH733117|geneNS5A|query1-603|h77_aa1-201|extracted_nt603|aligned_aa201|pident80.597,HCV,1b,100.0
MH733123|geneNS5A|query1-603|h77_aa1-201|extracted_nt603|aligned_aa201|pident80.100,HCV,1b,100.0
MH733124|geneNS5A|query1-603|h77_aa1-201|extracted_nt603|aligned_aa201|pident83.085,HCV,1b,100.0
MH733129|geneNS5A|query1-570|h77_aa1-190|extracted_nt570|aligned_aa190|pident96.316,HCV,1a,100.0
MH733103|geneNS5A|query1-603|h77_aa1-201|extracted_nt603|aligned_aa201|pident81.592,HCV,1b,100.0
MH733131|geneNS5A|query1-570|h77_aa1-190|extracted_nt570|aligned_aa190|pident97.368,HCV,1a,100.0
MH733132|geneNS5A|query1-570|h77_aa1-190|extracted_nt570|aligned_aa190|pident96.316,HCV,1a,100.0
MH733135|geneNS5A|query1-570|h77_aa1-190|extracted_nt570|aligned_aa190|pident95.263,HCV,1a,100.0
MH733136|geneNS5A|query1-570|h77_aa1-190|extracted_nt570|aligned_aa190|pident91.579,HCV,1a,100.0
MH733133|geneNS5A|query1-570|h77_aa1-190|extracted_nt570|aligned_aa190|pident93.684,HCV,1a,100.0
MH733130|geneNS5A|query1-570|h77_aa1-190|extracted_nt570|aligned_aa190|pident94.211,HCV,1a,100.0
MH733134|geneNS5A|query1-570|h77_aa1-190|extracted_nt570|aligned_aa190|pident93.684,HCV,1a,100.0
MH733139|geneNS5A|query1-570|h77_aa1-190|extracted_nt570|aligned_aa190|pident95.263,HCV,1a,100.0
MH733137|geneNS5A|query1-570|h77_aa1-190|extracted_nt570|aligned_aa190|pident96.316,HCV,1a,100.0
MH733138|geneNS5A|query1-570|h77_aa1-190|extracted_nt570|aligned_aa190|pident96.842,HCV,1a,100.0
MH733143|geneNS5A|query1-570|h77_aa1-190|extracted_nt570|aligned_aa190|pident96.842,HCV,1a,100.0
MH733140|geneNS5A|query1-570|h77_aa1-190|extracted_nt570|aligned_aa190|pident95.263,HCV,1a,100.0
MH733141|geneNS5A|query1-570|h77_aa1-190|extracted_nt570|aligned_aa190|pident97.368,HCV,1a,100.0
MH733127|geneNS5A|query1-603|h77_aa1-201|extracted_nt603|aligned_aa201|pident81.095,HCV,1b,100.0
MH733151|geneNS5A|query1-570|h77_aa1-190|extracted_nt570|aligned_aa190|pident97.368,HCV,1a,100.0
MH733152|geneNS5A|query1-570|h77_aa1-190|extracted_nt570|aligned_aa190|pident95.789,HCV,1a,100.0
MH733153|geneNS5A|query1-570|h77_aa1-190|extracted_nt570|aligned_aa190|pident96.842,HCV,1a,100.0
MH733156|geneNS5A|query1-570|h77_aa1-190|extracted_nt570|aligned_aa190|pident96.842,HCV,1a,100.0
MH733148|geneNS5A|query1-570|h77_aa1-190|extracted_nt570|aligned_aa190|pident94.737,HCV,1a,100.0
MH742363|geneNS5A|query6243-7577|h77_aa3-448|extracted_nt1335|aligned_aa450|pident72.889,HCV,4q,99.0
MH742370|geneNS5A|query6149-7486|h77_aa3-448|extracted_nt1338|aligned_aa449|pident75.501,HCV,4k,100.0
MH742364|geneNS5A|query6235-7572|h77_aa3-448|extracted_nt1338|aligned_aa449|pident75.278,HCV,4k,100.0
MH885780|geneNS5A|query1-450|h77_aa1-150|extracted_nt450|aligned_aa150|pident74.667,HCV,3a,100.0
MH885778|geneNS5A|query1-450|h77_aa1-150|extracted_nt450|aligned_aa150|pident74.667,HCV,3a,100.0
MH885784|geneNS5A|query1-450|h77_aa1-150|extracted_nt450|aligned_aa150|pident74.667,HCV,3a,100.0
MH885786|geneNS5A|query1-450|h77_aa1-150|extracted_nt450|aligned_aa150|pident72.667,HCV,3a,100.0
MH885782|geneNS5A|query1-450|h77_aa1-150|extracted_nt450|aligned_aa150|pident75.333,HCV,3a,100.0
MK092102|geneNS5A|query3343-4683|h77_aa1-448|extracted_nt1341|aligned_aa450|pident79.556,HCV,1b,100.0
MK092098|geneNS5A|query3343-4683|h77_aa1-448|extracted_nt1341|aligned_aa449|pident80.401,HCV,1b,100.0
MH940291|geneNS5A|query6238-7578|h77_aa1-448|extracted_nt1341|aligned_aa453|pident64.901,HCV,2j,67.0
MK092096|geneNS5A|query3343-4695|h77_aa1-448|extracted_nt1353|aligned_aa452|pident78.097,HCV,1b,100.0
MK134386|geneNS5A|query1-381|h77_aa1-127|extracted_nt381|aligned_aa127|pident74.803,HCV,3a,100.0
MK134388|geneNS5A|query1-381|h77_aa1-127|extracted_nt381|aligned_aa127|pident74.803,HCV,3a,100.0
MK134389|geneNS5A|query1-381|h77_aa1-127|extracted_nt381|aligned_aa127|pident76.378,HCV,3a,100.0
MK092110|geneNS5A|query3343-4683|h77_aa1-448|extracted_nt1341|aligned_aa449|pident81.737,HCV,1b,100.0
MK134390|geneNS5A|query1-381|h77_aa1-127|extracted_nt381|aligned_aa127|pident97.638,HCV,1a,100.0
MK143516|geneNS5A|query1-318|h77_aa1-106|extracted_nt318|aligned_aa106|pident85.849,HCV,1b,100.0
MH733122|geneNS5A|query1-603|h77_aa1-201|extracted_nt603|aligned_aa201|pident81.095,HCV,1b,100.0
MH733126|geneNS5A|query1-603|h77_aa1-201|extracted_nt603|aligned_aa201|pident83.582,HCV,1b,100.0
MH733106|geneNS5A|query1-603|h77_aa1-201|extracted_nt603|aligned_aa201|pident81.592,HCV,1b,100.0
MH733155|geneNS5A|query1-570|h77_aa1-190|extracted_nt570|aligned_aa190|pident97.368,HCV,1a,100.0
MH742361|geneNS5A|query6242-7579|h77_aa3-448|extracted_nt1338|aligned_aa449|pident74.610,HCV,4k,100.0
MH733154|geneNS5A|query1-570|h77_aa1-190|extracted_nt570|aligned_aa190|pident97.368,HCV,1a,100.0
MH742362|geneNS5A|query6252-7586|h77_aa3-448|extracted_nt1335|aligned_aa450|pident72.889,HCV,4q,100.0
MH742371|geneNS5A|query6242-7579|h77_aa3-448|extracted_nt1338|aligned_aa449|pident75.947,HCV,4k,100.0
MH742365|geneNS5A|query6255-7592|h77_aa3-448|extracted_nt1338|aligned_aa450|pident72.000,HCV,4v,100.0
MH885791|geneNS5A|query1-450|h77_aa1-150|extracted_nt450|aligned_aa150|pident75.333,HCV,3a,100.0
MH885792|geneNS5A|query1-450|h77_aa1-150|extracted_nt450|aligned_aa150|pident74.667,HCV,3a,100.0
MH885794|geneNS5A|query1-450|h77_aa1-150|extracted_nt450|aligned_aa150|pident75.333,HCV,3a,100.0
MH885795|geneNS5A|query1-450|h77_aa1-150|extracted_nt450|aligned_aa150|pident74.667,HCV,3a,100.0
MH885796|geneNS5A|query1-450|h77_aa1-150|extracted_nt450|aligned_aa150|pident72.667,HCV,3a,100.0
MH885797|geneNS5A|query1-450|h77_aa1-150|extracted_nt450|aligned_aa150|pident73.333,HCV,3a,100.0
MH885793|geneNS5A|query1-450|h77_aa1-150|extracted_nt450|aligned_aa150|pident73.333,HCV,3a,100.0
MK134393|geneNS5A|query1-381|h77_aa1-127|extracted_nt381|aligned_aa127|pident96.850,HCV,1a,100.0
MK134397|geneNS5A|query1-381|h77_aa1-127|extracted_nt381|aligned_aa127|pident96.850,HCV,1a,100.0
MK134437|geneNS5A|query118-537|h77_aa1-140|extracted_nt420|aligned_aa140|pident97.857,HCV,1a,100.0
MK134395|geneNS5A|query1-381|h77_aa1-127|extracted_nt381|aligned_aa127|pident81.890,HCV,1b,100.0
MK134445|geneNS5A|query118-537|h77_aa1-140|extracted_nt420|aligned_aa140|pident97.857,HCV,1a,100.0
MK134454|geneNS5A|query118-537|h77_aa1-140|extracted_nt420|aligned_aa140|pident70.000,HCV,3i,100.0
MK134452|geneNS5A|query118-537|h77_aa1-140|extracted_nt420|aligned_aa140|pident73.571,HCV,3a,100.0
MK134442|geneNS5A|query118-537|h77_aa1-140|extracted_nt420|aligned_aa140|pident96.429,HCV,1a,100.0
MK135170|geneNS5A|query1-1338|h77_aa1-446|extracted_nt1338|aligned_aa446|pident94.170,HCV,1a,100.0
MK135172|geneNS5A|query1-1338|h77_aa1-446|extracted_nt1338|aligned_aa446|pident94.395,HCV,1a,100.0
MK134446|geneNS5A|query118-537|h77_aa1-140|extracted_nt420|aligned_aa140|pident94.286,HCV,1a,100.0
MK135179|geneNS5A|query1-1299|h77_aa1-433|extracted_nt1299|aligned_aa433|pident93.995,HCV,1a,100.0
MK135171|geneNS5A|query1-1338|h77_aa1-446|extracted_nt1338|aligned_aa446|pident93.498,HCV,1a,100.0
MK135183|geneNS5A|query1-1299|h77_aa1-433|extracted_nt1299|aligned_aa433|pident93.764,HCV,1a,100.0
MK135184|geneNS5A|query1-1299|h77_aa1-433|extracted_nt1299|aligned_aa433|pident93.764,HCV,1a,100.0
MK135185|geneNS5A|query1-1299|h77_aa1-433|extracted_nt1299|aligned_aa433|pident93.995,HCV,1a,100.0
MK135189|geneNS5A|query1-1299|h77_aa1-433|extracted_nt1299|aligned_aa433|pident92.610,HCV,1a,100.0
MK135175|geneNS5A|query1-1338|h77_aa1-446|extracted_nt1338|aligned_aa446|pident89.910,HCV,1a,100.0
MK135190|geneNS5A|query1-1299|h77_aa1-433|extracted_nt1299|aligned_aa433|pident94.919,HCV,1a,100.0
MK135193|geneNS5A|query1-1299|h77_aa1-433|extracted_nt1299|aligned_aa433|pident95.381,HCV,1a,100.0
MK135196|geneNS5A|query1-1299|h77_aa1-433|extracted_nt1299|aligned_aa433|pident93.764,HCV,1a,100.0
MK135187|geneNS5A|query1-1299|h77_aa1-433|extracted_nt1299|aligned_aa433|pident92.841,HCV,1a,100.0
MK135203|geneNS5A|query1-1299|h77_aa1-433|extracted_nt1299|aligned_aa433|pident94.688,HCV,1a,100.0
MK135201|geneNS5A|query1-1299|h77_aa1-433|extracted_nt1299|aligned_aa433|pident94.457,HCV,1a,100.0
MK135205|geneNS5A|query1-1299|h77_aa1-433|extracted_nt1299|aligned_aa433|pident93.533,HCV,1a,100.0
MK135208|geneNS5A|query1-1299|h77_aa1-433|extracted_nt1299|aligned_aa433|pident89.838,HCV,1a,100.0
MK135220|geneNS5A|query1-1143|h77_aa1-381|extracted_nt1143|aligned_aa381|pident92.913,HCV,1a,100.0
MK135234|geneNS5A|query1-1188|h77_aa1-396|extracted_nt1188|aligned_aa396|pident93.939,HCV,1a,100.0
MK135228|geneNS5A|query1-1191|h77_aa1-399|extracted_nt1191|aligned_aa399|pident81.203,HCV,1b,100.0
MK135212|geneNS5A|query1-1299|h77_aa1-433|extracted_nt1299|aligned_aa433|pident95.150,HCV,1a,100.0
MK135224|geneNS5A|query1-1299|h77_aa1-433|extracted_nt1299|aligned_aa433|pident92.841,HCV,1a,100.0
MK135240|geneNS5A|query1-1191|h77_aa1-399|extracted_nt1191|aligned_aa399|pident81.203,HCV,1b,100.0
MK135236|geneNS5A|query1-1188|h77_aa1-396|extracted_nt1188|aligned_aa396|pident93.939,HCV,1a,100.0
MK135237|geneNS5A|query1-1182|h77_aa1-394|extracted_nt1182|aligned_aa394|pident91.878,HCV,1a,100.0
MK135245|geneNS5A|query1-1191|h77_aa1-399|extracted_nt1191|aligned_aa399|pident80.201,HCV,1b,100.0
MK135235|geneNS5A|query1-1191|h77_aa1-399|extracted_nt1191|aligned_aa399|pident79.198,HCV,1b,100.0
MK135217|geneNS5A|query1-1299|h77_aa1-433|extracted_nt1299|aligned_aa433|pident93.533,HCV,1a,100.0
MK135251|geneNS5A|query1-1188|h77_aa1-396|extracted_nt1188|aligned_aa396|pident93.434,HCV,1a,100.0
MK135241|geneNS5A|query1-1191|h77_aa1-399|extracted_nt1191|aligned_aa399|pident80.952,HCV,1b,100.0
MK135253|geneNS5A|query1-1191|h77_aa1-399|extracted_nt1191|aligned_aa399|pident82.206,HCV,1b,100.0
MK135250|geneNS5A|query1-1191|h77_aa1-399|extracted_nt1191|aligned_aa399|pident82.456,HCV,1b,100.0
MK135244|geneNS5A|query1-1161|h77_aa1-387|extracted_nt1161|aligned_aa387|pident82.429,HCV,1b,100.0
MK135239|geneNS5A|query1-1191|h77_aa1-399|extracted_nt1191|aligned_aa399|pident80.451,HCV,1b,100.0
MK135249|geneNS5A|query1-1191|h77_aa1-399|extracted_nt1191|aligned_aa399|pident79.449,HCV,1b,100.0
MK135257|geneNS5A|query1-1191|h77_aa1-399|extracted_nt1191|aligned_aa399|pident80.451,HCV,1b,100.0
MK135259|geneNS5A|query1-1191|h77_aa1-399|extracted_nt1191|aligned_aa399|pident81.454,HCV,1b,100.0
MK135254|geneNS5A|query1-1149|h77_aa1-383|extracted_nt1149|aligned_aa383|pident93.734,HCV,1a,100.0
MK135255|geneNS5A|query1-1191|h77_aa1-399|extracted_nt1191|aligned_aa399|pident80.201,HCV,1b,100.0
MK135265|geneNS5A|query1-1191|h77_aa1-399|extracted_nt1191|aligned_aa399|pident82.206,HCV,1b,100.0
MK135243|geneNS5A|query1-1191|h77_aa1-399|extracted_nt1191|aligned_aa399|pident81.454,HCV,1b,100.0
MK135271|geneNS5A|query1-1182|h77_aa1-394|extracted_nt1182|aligned_aa394|pident81.472,HCV,1b,100.0
MK135275|geneNS5A|query1-1164|h77_aa1-388|extracted_nt1164|aligned_aa388|pident81.701,HCV,1b,100.0
MK135264|geneNS5A|query1-1182|h77_aa1-394|extracted_nt1182|aligned_aa394|pident82.234,HCV,1b,100.0
MK135277|geneNS5A|query1-1191|h77_aa1-399|extracted_nt1191|aligned_aa399|pident81.454,HCV,1b,100.0
MK135274|geneNS5A|query1-1188|h77_aa1-396|extracted_nt1188|aligned_aa396|pident80.303,HCV,1b,100.0
MK135262|geneNS5A|query1-1191|h77_aa1-399|extracted_nt1191|aligned_aa399|pident80.451,HCV,1b,100.0
MK135281|geneNS5A|query1-1191|h77_aa1-399|extracted_nt1191|aligned_aa399|pident79.950,HCV,1b,100.0
MK135280|geneNS5A|query1-1191|h77_aa1-399|extracted_nt1191|aligned_aa399|pident81.454,HCV,1b,100.0
MK135279|geneNS5A|query1-1191|h77_aa1-399|extracted_nt1191|aligned_aa399|pident80.702,HCV,1b,100.0
MK135278|geneNS5A|query1-1149|h77_aa1-383|extracted_nt1149|aligned_aa383|pident94.778,HCV,1a,100.0
MK135292|geneNS5A|query1-1299|h77_aa1-428|extracted_nt1299|aligned_aa436|pident71.101,HCV,3a,100.0
MK135296|geneNS5A|query1-1356|h77_aa1-448|extracted_nt1356|aligned_aa456|pident69.079,HCV,3a,100.0
MK135286|geneNS5A|query1-1356|h77_aa1-448|extracted_nt1356|aligned_aa455|pident69.231,HCV,3a,100.0
MK143447|geneNS5A|query1-318|h77_aa1-106|extracted_nt318|aligned_aa106|pident84.906,HCV,1b,100.0
MK135298|geneNS5A|query1-1356|h77_aa1-448|extracted_nt1356|aligned_aa456|pident70.614,HCV,3a,100.0
MK143449|geneNS5A|query1-318|h77_aa1-106|extracted_nt318|aligned_aa106|pident80.189,HCV,1b,100.0
MK143453|geneNS5A|query1-318|h77_aa1-106|extracted_nt318|aligned_aa106|pident80.189,HCV,1b,100.0
MK139018|geneNS5A|query6258-7613|h77_aa1-448|extracted_nt1356|aligned_aa454|pident72.026,HCV,6n,100.0
MK139021|geneNS5A|query6258-7613|h77_aa1-448|extracted_nt1356|aligned_aa454|pident72.247,HCV,6n,100.0
MK135301|geneNS5A|query1-1356|h77_aa1-448|extracted_nt1356|aligned_aa455|pident69.890,HCV,3a,100.0
MK143458|geneNS5A|query1-318|h77_aa1-106|extracted_nt318|aligned_aa106|pident81.132,HCV,1b,100.0
MK143454|geneNS5A|query1-318|h77_aa1-106|extracted_nt318|aligned_aa106|pident83.962,HCV,1b,100.0
MK143459|geneNS5A|query1-318|h77_aa1-106|extracted_nt318|aligned_aa106|pident95.283,HCV,1a,100.0
MK143460|geneNS5A|query1-318|h77_aa1-106|extracted_nt318|aligned_aa106|pident96.226,HCV,1a,100.0
MK143457|geneNS5A|query1-318|h77_aa1-106|extracted_nt318|aligned_aa106|pident81.132,HCV,1b,100.0
MK135297|geneNS5A|query1-1356|h77_aa1-448|extracted_nt1356|aligned_aa456|pident69.079,HCV,3a,100.0
MK143472|geneNS5A|query1-318|h77_aa1-106|extracted_nt318|aligned_aa106|pident81.132,HCV,1b,100.0
MK143450|geneNS5A|query1-318|h77_aa1-106|extracted_nt318|aligned_aa106|pident83.962,HCV,1b,100.0
MK143534|geneNS5A|query1-318|h77_aa1-106|extracted_nt318|aligned_aa106|pident85.849,HCV,1b,100.0
MK143535|geneNS5A|query1-318|h77_aa1-106|extracted_nt318|aligned_aa106|pident96.226,HCV,1a,100.0
MK143522|geneNS5A|query1-318|h77_aa1-106|extracted_nt318|aligned_aa106|pident80.189,HCV,1b,100.0
MK143517|geneNS5A|query1-318|h77_aa1-106|extracted_nt318|aligned_aa106|pident82.075,HCV,1b,100.0
MK143510|geneNS5A|query1-318|h77_aa1-106|extracted_nt318|aligned_aa106|pident98.113,HCV,1a,100.0
MK143511|geneNS5A|query1-318|h77_aa1-106|extracted_nt318|aligned_aa106|pident98.113,HCV,1a,100.0
MK143509|geneNS5A|query1-318|h77_aa1-106|extracted_nt318|aligned_aa106|pident78.302,HCV,1b,100.0
MK143496|geneNS5A|query1-318|h77_aa1-106|extracted_nt318|aligned_aa106|pident81.132,HCV,1b,100.0
MK143507|geneNS5A|query1-318|h77_aa1-106|extracted_nt318|aligned_aa106|pident97.170,HCV,1a,100.0
MH562148|geneNS5A|query2-280|h77_aa12-104|extracted_nt279|aligned_aa93|pident96.774,HCV,1a,100.0
MH562143|geneNS5A|query2-280|h77_aa12-104|extracted_nt279|aligned_aa93|pident90.323,HCV,1a,100.0
MH562145|geneNS5A|query2-280|h77_aa12-104|extracted_nt279|aligned_aa93|pident94.624,HCV,1a,100.0
MH562150|geneNS5A|query2-280|h77_aa12-104|extracted_nt279|aligned_aa93|pident88.172,HCV,1a,100.0
MH562149|geneNS5A|query2-280|h77_aa12-104|extracted_nt279|aligned_aa93|pident89.247,HCV,1a,100.0
MH562147|geneNS5A|query2-280|h77_aa12-104|extracted_nt279|aligned_aa93|pident95.699,HCV,1a,100.0
MH562184|geneNS5A|query1-288|h77_aa1-96|extracted_nt288|aligned_aa96|pident78.125,HCV,3a,100.0
MH562183|geneNS5A|query4-288|h77_aa2-96|extracted_nt285|aligned_aa95|pident74.737,HCV,3a,100.0
MH562144|geneNS5A|query2-280|h77_aa12-104|extracted_nt279|aligned_aa93|pident94.624,HCV,1a,100.0
MH562179|geneNS5A|query1-288|h77_aa1-96|extracted_nt288|aligned_aa96|pident78.125,HCV,3a,100.0
MH562146|geneNS5A|query2-280|h77_aa12-104|extracted_nt279|aligned_aa93|pident92.473,HCV,1a,100.0
MH562142|geneNS5A|query2-280|h77_aa12-104|extracted_nt279|aligned_aa93|pident97.849,HCV,1a,100.0
MH562141|geneNS5A|query2-280|h77_aa12-104|extracted_nt279|aligned_aa93|pident97.849,HCV,1a,100.0
MH562185|geneNS5A|query10-288|h77_aa4-96|extracted_nt279|aligned_aa93|pident75.269,HCV,3a,100.0
MH562130|geneNS5A|query2-280|h77_aa12-104|extracted_nt279|aligned_aa93|pident79.570,HCV,1b,100.0
MH562188|geneNS5A|query1-288|h77_aa1-96|extracted_nt288|aligned_aa96|pident78.125,HCV,3a,100.0
MH477423|geneNS5A|query6319-7716|h77_aa1-448|extracted_nt1398|aligned_aa473|pident54.968,HCV,2a,58.0
MH562187|geneNS5A|query1-288|h77_aa1-96|extracted_nt288|aligned_aa96|pident72.917,HCV,3a,100.0
MH562195|geneNS5A|query1-291|h77_aa1-97|extracted_nt291|aligned_aa97|pident77.320,HCV,3a,100.0
MH562196|geneNS5A|query1-291|h77_aa1-97|extracted_nt291|aligned_aa97|pident74.227,HCV,3a,100.0
MH562192|geneNS5A|query1-291|h77_aa1-97|extracted_nt291|aligned_aa97|pident74.227,HCV,3a,100.0
MH562202|geneNS5A|query1-291|h77_aa1-97|extracted_nt291|aligned_aa97|pident73.196,HCV,3a,100.0
MH562201|geneNS5A|query1-291|h77_aa1-97|extracted_nt291|aligned_aa97|pident72.165,HCV,3a,100.0
MH562207|geneNS5A|query1-291|h77_aa1-97|extracted_nt291|aligned_aa97|pident71.134,HCV,3a,100.0
MH562204|geneNS5A|query1-291|h77_aa1-97|extracted_nt291|aligned_aa97|pident79.381,HCV,3a,100.0
MH562205|geneNS5A|query1-288|h77_aa1-96|extracted_nt288|aligned_aa96|pident72.917,HCV,3a,100.0
MH562210|geneNS5A|query1-291|h77_aa1-97|extracted_nt291|aligned_aa97|pident68.041,HCV,3a,100.0
MH562211|geneNS5A|query1-291|h77_aa1-97|extracted_nt291|aligned_aa97|pident74.227,HCV,3a,100.0
MH562206|geneNS5A|query1-291|h77_aa1-97|extracted_nt291|aligned_aa97|pident72.165,HCV,3a,100.0
MH562212|geneNS5A|query1-291|h77_aa1-97|extracted_nt291|aligned_aa97|pident78.351,HCV,3a,100.0
MH562203|geneNS5A|query1-291|h77_aa1-97|extracted_nt291|aligned_aa97|pident78.351,HCV,3a,100.0
MH562213|geneNS5A|query1-291|h77_aa1-97|extracted_nt291|aligned_aa97|pident79.381,HCV,3a,100.0
MH562220|geneNS5A|query1-291|h77_aa1-97|extracted_nt291|aligned_aa97|pident77.320,HCV,3a,100.0
MH562218|geneNS5A|query1-291|h77_aa1-97|extracted_nt291|aligned_aa97|pident77.320,HCV,3a,100.0
MH562222|geneNS5A|query1-291|h77_aa1-97|extracted_nt291|aligned_aa97|pident72.165,HCV,3a,100.0
MH562217|geneNS5A|query1-291|h77_aa1-97|extracted_nt291|aligned_aa97|pident77.320,HCV,3a,100.0
MH562208|geneNS5A|query10-288|h77_aa4-96|extracted_nt279|aligned_aa93|pident73.118,HCV,3a,100.0
MH562209|geneNS5A|query1-291|h77_aa1-97|extracted_nt291|aligned_aa97|pident78.351,HCV,3a,100.0
MH562214|geneNS5A|query1-291|h77_aa1-97|extracted_nt291|aligned_aa97|pident61.856,HCV,3a,100.0
MH562224|geneNS5A|query1-291|h77_aa1-97|extracted_nt291|aligned_aa97|pident77.320,HCV,3a,100.0
MH562225|geneNS5A|query1-291|h77_aa1-97|extracted_nt291|aligned_aa97|pident78.351,HCV,3a,100.0
MH562226|geneNS5A|query4-291|h77_aa2-97|extracted_nt288|aligned_aa96|pident77.083,HCV,3a,100.0
MH562234|geneNS5A|query1-288|h77_aa1-96|extracted_nt288|aligned_aa96|pident78.125,HCV,3a,100.0
MH562230|geneNS5A|query1-291|h77_aa1-97|extracted_nt291|aligned_aa97|pident77.320,HCV,3a,100.0
MH562232|geneNS5A|query1-291|h77_aa1-97|extracted_nt291|aligned_aa97|pident78.351,HCV,3a,100.0
MH562233|geneNS5A|query1-291|h77_aa1-97|extracted_nt291|aligned_aa97|pident76.289,HCV,3a,100.0
MH562228|geneNS5A|query1-291|h77_aa1-97|extracted_nt291|aligned_aa97|pident77.320,HCV,3a,100.0
MH562231|geneNS5A|query1-288|h77_aa1-96|extracted_nt288|aligned_aa96|pident76.042,HCV,3a,100.0
MH562199|geneNS5A|query1-291|h77_aa1-97|extracted_nt291|aligned_aa97|pident77.320,HCV,3a,100.0
MH562235|geneNS5A|query1-288|h77_aa1-96|extracted_nt288|aligned_aa96|pident75.000,HCV,3a,100.0
MH562237|geneNS5A|query1-288|h77_aa1-96|extracted_nt288|aligned_aa96|pident75.000,HCV,3a,100.0
MH562239|geneNS5A|query1-288|h77_aa1-96|extracted_nt288|aligned_aa96|pident77.083,HCV,3a,100.0
MH562240|geneNS5A|query1-288|h77_aa1-96|extracted_nt288|aligned_aa96|pident78.125,HCV,3a,100.0
MH562242|geneNS5A|query1-288|h77_aa1-96|extracted_nt288|aligned_aa96|pident77.083,HCV,3a,100.0
MH562243|geneNS5A|query1-291|h77_aa1-97|extracted_nt291|aligned_aa97|pident77.320,HCV,3a,100.0
MH562244|geneNS5A|query1-288|h77_aa1-96|extracted_nt288|aligned_aa96|pident77.083,HCV,3a,100.0
MH562241|geneNS5A|query1-291|h77_aa1-97|extracted_nt291|aligned_aa97|pident72.165,HCV,3a,100.0
MH562246|geneNS5A|query1-291|h77_aa1-97|extracted_nt291|aligned_aa97|pident74.227,HCV,3a,100.0
MH562249|geneNS5A|query1-291|h77_aa1-97|extracted_nt291|aligned_aa97|pident78.351,HCV,3a,100.0
MH703668|geneNS5A|query1-414|h77_aa9-146|extracted_nt414|aligned_aa138|pident73.188,HCV,6t,100.0
MH703669|geneNS5A|query1-414|h77_aa9-146|extracted_nt414|aligned_aa138|pident73.188,HCV,6e,100.0
MH562200|geneNS5A|query1-291|h77_aa1-97|extracted_nt291|aligned_aa97|pident76.289,HCV,3a,100.0
MH562223|geneNS5A|query1-291|h77_aa1-97|extracted_nt291|aligned_aa97|pident74.227,HCV,3a,100.0
MH703673|geneNS5A|query1-417|h77_aa9-147|extracted_nt417|aligned_aa139|pident74.820,HCV,6a,100.0
MH703680|geneNS5A|query1-414|h77_aa9-146|extracted_nt414|aligned_aa138|pident72.464,HCV,6a,100.0
MH590698|geneNS5A|query6274-7614|h77_aa3-448|extracted_nt1341|aligned_aa449|pident70.156,HCV,2j,58.0
MH590701|geneNS5A|query6277-7617|h77_aa3-448|extracted_nt1341|aligned_aa449|pident71.492,HCV,2j,69.0
MH562236|geneNS5A|query4-288|h77_aa2-96|extracted_nt285|aligned_aa95|pident57.895,HCV,3a,100.0
MH703672|geneNS5A|query1-414|h77_aa9-146|extracted_nt414|aligned_aa138|pident73.913,HCV,6a,100.0
MH590699|geneNS5A|query6256-7596|h77_aa3-448|extracted_nt1341|aligned_aa449|pident70.601,HCV,3a,20.0
MH703696|geneNS5A|query1-417|h77_aa9-147|extracted_nt417|aligned_aa139|pident74.101,HCV,6e,100.0
MH703697|geneNS5A|query1-414|h77_aa9-146|extracted_nt414|aligned_aa138|pident68.116,HCV,6r,100.0
MH703700|geneNS5A|query1-417|h77_aa9-147|extracted_nt417|aligned_aa139|pident75.540,HCV,6a,100.0
MH733084|geneNS5A|query1-603|h77_aa1-201|extracted_nt603|aligned_aa201|pident80.597,HCV,1b,100.0
MH733082|geneNS5A|query1-603|h77_aa1-201|extracted_nt603|aligned_aa201|pident81.592,HCV,1b,100.0
MH733085|geneNS5A|query1-603|h77_aa1-201|extracted_nt603|aligned_aa201|pident82.587,HCV,1b,100.0
MK134387|geneNS5A|query1-378|h77_aa1-126|extracted_nt378|aligned_aa126|pident69.841,HCV,3i,100.0
MK134391|geneNS5A|query1-378|h77_aa1-126|extracted_nt378|aligned_aa126|pident67.460,HCV,3b,100.0
MK134398|geneNS5A|query1-381|h77_aa1-127|extracted_nt381|aligned_aa127|pident71.654,HCV,3a,100.0
MK134392|geneNS5A|query1-378|h77_aa1-126|extracted_nt378|aligned_aa126|pident74.603,HCV,3g,100.0
MK134394|geneNS5A|query1-381|h77_aa1-127|extracted_nt381|aligned_aa127|pident76.378,HCV,3a,100.0
MK134396|geneNS5A|query1-381|h77_aa1-127|extracted_nt381|aligned_aa127|pident74.016,HCV,3a,100.0
MK134400|geneNS5A|query1-381|h77_aa1-127|extracted_nt381|aligned_aa127|pident74.803,HCV,3a,100.0
MK134401|geneNS5A|query1-360|h77_aa1-120|extracted_nt360|aligned_aa120|pident80.000,HCV,1b,100.0
MK134403|geneNS5A|query1-378|h77_aa1-126|extracted_nt378|aligned_aa126|pident70.635,HCV,3b,100.0
MK134402|geneNS5A|query1-381|h77_aa1-127|extracted_nt381|aligned_aa127|pident75.591,HCV,3a,100.0
MK134405|geneNS5A|query1-381|h77_aa1-127|extracted_nt381|aligned_aa127|pident96.850,HCV,1a,100.0
MK134407|geneNS5A|query1-381|h77_aa1-127|extracted_nt381|aligned_aa127|pident76.378,HCV,3a,100.0
MK134409|geneNS5A|query1-381|h77_aa1-127|extracted_nt381|aligned_aa127|pident77.165,HCV,3a,100.0
MK134436|geneNS5A|query118-537|h77_aa1-140|extracted_nt420|aligned_aa140|pident96.429,HCV,1a,100.0
MK134408|geneNS5A|query4-381|h77_aa2-127|extracted_nt378|aligned_aa126|pident73.810,HCV,3a,100.0
MK134435|geneNS5A|query118-537|h77_aa1-140|extracted_nt420|aligned_aa140|pident97.143,HCV,1a,100.0
MK134439|geneNS5A|query118-537|h77_aa1-140|extracted_nt420|aligned_aa140|pident97.143,HCV,1a,100.0
MK134434|geneNS5A|query118-537|h77_aa1-140|extracted_nt420|aligned_aa140|pident96.429,HCV,1a,100.0
MK134438|geneNS5A|query118-537|h77_aa1-140|extracted_nt420|aligned_aa140|pident96.429,HCV,1a,100.0
MK134441|geneNS5A|query118-537|h77_aa1-140|extracted_nt420|aligned_aa140|pident95.000,HCV,1a,100.0
MK134440|geneNS5A|query79-498|h77_aa1-140|extracted_nt420|aligned_aa140|pident92.857,HCV,1a,100.0
MK134448|geneNS5A|query118-537|h77_aa1-140|extracted_nt420|aligned_aa140|pident97.857,HCV,1a,100.0
MK134447|geneNS5A|query118-537|h77_aa1-140|extracted_nt420|aligned_aa140|pident96.429,HCV,1a,100.0
MK092104|geneNS5A|query3343-4731|h77_aa1-448|extracted_nt1389|aligned_aa465|pident76.559,HCV,1b,100.0
MK134443|geneNS5A|query118-537|h77_aa1-140|extracted_nt420|aligned_aa140|pident95.714,HCV,1a,100.0
MK134444|geneNS5A|query118-537|h77_aa1-140|extracted_nt420|aligned_aa140|pident96.429,HCV,1a,100.0
MK134450|geneNS5A|query118-537|h77_aa1-140|extracted_nt420|aligned_aa140|pident95.714,HCV,1a,100.0
MK134453|geneNS5A|query118-537|h77_aa1-140|extracted_nt420|aligned_aa140|pident75.714,HCV,3a,100.0
MK134451|geneNS5A|query118-537|h77_aa1-140|extracted_nt420|aligned_aa140|pident73.571,HCV,3a,100.0
MK134399|geneNS5A|query1-381|h77_aa1-127|extracted_nt381|aligned_aa127|pident76.378,HCV,3a,100.0
MK135178|geneNS5A|query1-1290|h77_aa1-430|extracted_nt1290|aligned_aa430|pident94.419,HCV,1a,100.0
MK134449|geneNS5A|query118-537|h77_aa1-140|extracted_nt420|aligned_aa140|pident97.857,HCV,1a,100.0
MK135206|geneNS5A|query1-1299|h77_aa1-433|extracted_nt1299|aligned_aa433|pident94.226,HCV,1a,100.0
MK135204|geneNS5A|query1-1299|h77_aa1-433|extracted_nt1299|aligned_aa433|pident90.993,HCV,1a,100.0
MK135216|geneNS5A|query1-1299|h77_aa1-433|extracted_nt1299|aligned_aa433|pident93.995,HCV,1a,100.0
MK135214|geneNS5A|query1-1293|h77_aa1-431|extracted_nt1293|aligned_aa431|pident89.559,HCV,1a,100.0
MK135231|geneNS5A|query1-813|h77_aa1-271|extracted_nt813|aligned_aa271|pident82.657,HCV,1b,100.0
MK135232|geneNS5A|query1-924|h77_aa1-308|extracted_nt924|aligned_aa308|pident81.494,HCV,1b,100.0
MK135199|geneNS5A|query1-1299|h77_aa1-433|extracted_nt1299|aligned_aa433|pident94.688,HCV,1a,100.0
MK135223|geneNS5A|query1-1299|h77_aa1-433|extracted_nt1299|aligned_aa433|pident93.303,HCV,1a,100.0
MK135225|geneNS5A|query1-1188|h77_aa1-396|extracted_nt1188|aligned_aa396|pident94.697,HCV,1a,100.0
MK135215|geneNS5A|query1-1299|h77_aa1-433|extracted_nt1299|aligned_aa433|pident94.226,HCV,1a,100.0
MK135266|geneNS5A|query1-1191|h77_aa1-399|extracted_nt1191|aligned_aa399|pident80.952,HCV,1b,100.0
MK135269|geneNS5A|query1-1191|h77_aa1-399|extracted_nt1191|aligned_aa399|pident81.203,HCV,1b,100.0
MK135263|geneNS5A|query1-1191|h77_aa1-399|extracted_nt1191|aligned_aa399|pident79.699,HCV,1b,100.0
MK135272|geneNS5A|query1-1191|h77_aa1-399|extracted_nt1191|aligned_aa399|pident82.456,HCV,1b,100.0
MK135276|geneNS5A|query1-1191|h77_aa1-399|extracted_nt1191|aligned_aa399|pident80.451,HCV,1b,100.0
MK135291|geneNS5A|query1-954|h77_aa1-318|extracted_nt954|aligned_aa318|pident74.214,HCV,3a,100.0
MK135282|geneNS5A|query1-1356|h77_aa1-448|extracted_nt1356|aligned_aa456|pident70.175,HCV,3a,100.0
MK135290|geneNS5A|query1-903|h77_aa1-301|extracted_nt903|aligned_aa301|pident76.412,HCV,3a,100.0
MK135295|geneNS5A|query1-1356|h77_aa1-448|extracted_nt1356|aligned_aa456|pident70.395,HCV,3a,100.0
MK143446|geneNS5A|query1-318|h77_aa1-106|extracted_nt318|aligned_aa106|pident80.189,HCV,1b,100.0
MK143452|geneNS5A|query1-318|h77_aa1-106|extracted_nt318|aligned_aa106|pident81.132,HCV,1b,100.0
MK143455|geneNS5A|query1-318|h77_aa1-106|extracted_nt318|aligned_aa106|pident82.075,HCV,1b,100.0
MK139017|geneNS5A|query6258-7613|h77_aa1-448|extracted_nt1356|aligned_aa454|pident72.026,HCV,6n,100.0
MK143461|geneNS5A|query1-318|h77_aa1-106|extracted_nt318|aligned_aa106|pident96.226,HCV,1a,100.0
MK143464|geneNS5A|query1-318|h77_aa1-106|extracted_nt318|aligned_aa106|pident82.075,HCV,1b,100.0
MK143465|geneNS5A|query1-318|h77_aa1-106|extracted_nt318|aligned_aa106|pident99.057,HCV,1a,100.0
MK143466|geneNS5A|query1-318|h77_aa1-106|extracted_nt318|aligned_aa106|pident79.245,HCV,1b,100.0
MK143467|geneNS5A|query1-318|h77_aa1-106|extracted_nt318|aligned_aa106|pident81.132,HCV,1b,100.0
MK143468|geneNS5A|query1-318|h77_aa1-106|extracted_nt318|aligned_aa106|pident97.170,HCV,1a,100.0
MK143469|geneNS5A|query1-318|h77_aa1-106|extracted_nt318|aligned_aa106|pident82.075,HCV,1b,100.0
MK143471|geneNS5A|query1-318|h77_aa1-106|extracted_nt318|aligned_aa106|pident95.283,HCV,1a,100.0
MK143470|geneNS5A|query1-318|h77_aa1-106|extracted_nt318|aligned_aa106|pident80.189,HCV,1b,100.0
MK143456|geneNS5A|query1-318|h77_aa1-106|extracted_nt318|aligned_aa106|pident82.075,HCV,1b,100.0
MK143463|geneNS5A|query1-318|h77_aa1-106|extracted_nt318|aligned_aa106|pident82.075,HCV,1b,100.0
MK139019|geneNS5A|query6258-7613|h77_aa1-448|extracted_nt1356|aligned_aa454|pident72.247,HCV,6n,100.0
MK143475|geneNS5A|query1-318|h77_aa1-106|extracted_nt318|aligned_aa106|pident80.189,HCV,1b,100.0
MK143477|geneNS5A|query1-318|h77_aa1-106|extracted_nt318|aligned_aa106|pident80.189,HCV,1b,100.0
MK143476|geneNS5A|query1-318|h77_aa1-106|extracted_nt318|aligned_aa106|pident83.962,HCV,1b,100.0
MK143462|geneNS5A|query1-318|h77_aa1-106|extracted_nt318|aligned_aa106|pident97.170,HCV,1a,100.0
MK143478|geneNS5A|query1-318|h77_aa1-106|extracted_nt318|aligned_aa106|pident81.132,HCV,1b,100.0
MK143479|geneNS5A|query1-318|h77_aa1-106|extracted_nt318|aligned_aa106|pident96.226,HCV,1a,100.0
MK143480|geneNS5A|query1-318|h77_aa1-106|extracted_nt318|aligned_aa106|pident82.075,HCV,1b,100.0
MK143474|geneNS5A|query1-318|h77_aa1-106|extracted_nt318|aligned_aa106|pident81.132,HCV,1b,100.0
MK143481|geneNS5A|query1-318|h77_aa1-106|extracted_nt318|aligned_aa106|pident97.170,HCV,1a,100.0
MK143483|geneNS5A|query1-318|h77_aa1-106|extracted_nt318|aligned_aa106|pident95.283,HCV,1a,100.0
MK143485|geneNS5A|query1-318|h77_aa1-106|extracted_nt318|aligned_aa106|pident82.075,HCV,1b,100.0
MK143486|geneNS5A|query1-318|h77_aa1-106|extracted_nt318|aligned_aa106|pident79.245,HCV,1b,100.0
MK143473|geneNS5A|query1-318|h77_aa1-106|extracted_nt318|aligned_aa106|pident83.962,HCV,1b,100.0
MK143489|geneNS5A|query1-318|h77_aa1-106|extracted_nt318|aligned_aa106|pident81.132,HCV,1b,100.0
MK143497|geneNS5A|query1-318|h77_aa1-106|extracted_nt318|aligned_aa106|pident79.245,HCV,1b,100.0
MK143498|geneNS5A|query1-318|h77_aa1-106|extracted_nt318|aligned_aa106|pident81.132,HCV,1b,100.0
MK143501|geneNS5A|query1-318|h77_aa1-106|extracted_nt318|aligned_aa106|pident83.962,HCV,1b,100.0
MK143503|geneNS5A|query1-318|h77_aa1-106|extracted_nt318|aligned_aa106|pident79.245,HCV,1b,100.0
MK143500|geneNS5A|query1-318|h77_aa1-106|extracted_nt318|aligned_aa106|pident81.132,HCV,1b,100.0
MK143502|geneNS5A|query1-318|h77_aa1-106|extracted_nt318|aligned_aa106|pident81.132,HCV,1b,100.0
MK143490|geneNS5A|query1-318|h77_aa1-106|extracted_nt318|aligned_aa106|pident95.283,HCV,1a,100.0
MK143505|geneNS5A|query1-318|h77_aa1-106|extracted_nt318|aligned_aa106|pident81.132,HCV,1b,100.0
MK143506|geneNS5A|query1-318|h77_aa1-106|extracted_nt318|aligned_aa106|pident82.075,HCV,1b,100.0
MK143514|geneNS5A|query1-318|h77_aa1-106|extracted_nt318|aligned_aa106|pident81.132,HCV,1b,100.0
MK143512|geneNS5A|query1-318|h77_aa1-106|extracted_nt318|aligned_aa106|pident78.302,HCV,1b,100.0
MK143513|geneNS5A|query1-318|h77_aa1-106|extracted_nt318|aligned_aa106|pident80.189,HCV,1b,100.0
MK143518|geneNS5A|query1-318|h77_aa1-106|extracted_nt318|aligned_aa106|pident97.170,HCV,1a,100.0
MK143521|geneNS5A|query1-318|h77_aa1-106|extracted_nt318|aligned_aa106|pident83.019,HCV,1b,100.0
MK143519|geneNS5A|query1-318|h77_aa1-106|extracted_nt318|aligned_aa106|pident82.075,HCV,1b,100.0
MK143499|geneNS5A|query1-318|h77_aa1-106|extracted_nt318|aligned_aa106|pident83.019,HCV,1b,100.0
MK143524|geneNS5A|query1-318|h77_aa1-106|extracted_nt318|aligned_aa106|pident82.075,HCV,1b,100.0
MK143523|geneNS5A|query1-318|h77_aa1-106|extracted_nt318|aligned_aa106|pident81.132,HCV,1b,100.0
MK143526|geneNS5A|query1-318|h77_aa1-106|extracted_nt318|aligned_aa106|pident81.132,HCV,1b,100.0
MK143528|geneNS5A|query1-318|h77_aa1-106|extracted_nt318|aligned_aa106|pident83.019,HCV,1b,100.0
MK143527|geneNS5A|query1-318|h77_aa1-106|extracted_nt318|aligned_aa106|pident97.170,HCV,1a,100.0
MK143531|geneNS5A|query1-318|h77_aa1-106|extracted_nt318|aligned_aa106|pident96.226,HCV,1a,100.0
MK143530|geneNS5A|query1-318|h77_aa1-106|extracted_nt318|aligned_aa106|pident81.132,HCV,1b,100.0
MK143495|geneNS5A|query1-318|h77_aa1-106|extracted_nt318|aligned_aa106|pident97.170,HCV,1a,100.0
MK143529|geneNS5A|query7-318|h77_aa3-106|extracted_nt312|aligned_aa104|pident97.115,HCV,1a,100.0
MK143533|geneNS5A|query1-318|h77_aa1-106|extracted_nt318|aligned_aa106|pident80.189,HCV,1b,100.0
MK143536|geneNS5A|query1-318|h77_aa1-106|extracted_nt318|aligned_aa106|pident83.019,HCV,1b,100.0
MK143515|geneNS5A|query1-318|h77_aa1-106|extracted_nt318|aligned_aa106|pident95.283,HCV,1a,100.0
MH733147|geneNS5A|query1-570|h77_aa1-190|extracted_nt570|aligned_aa190|pident95.263,HCV,1a,100.0
MH733150|geneNS5A|query1-570|h77_aa1-190|extracted_nt570|aligned_aa190|pident95.789,HCV,1a,100.0
D50481|geneNS5A|query6246-7586|h77_aa1-448|extracted_nt1341|aligned_aa448|pident80.134,HCV,1b,100.0
D50482|geneNS5A|query6246-7586|h77_aa1-448|extracted_nt1341|aligned_aa448|pident78.348,HCV,1b,100.0
D50485|geneNS5A|query6246-7586|h77_aa1-448|extracted_nt1341|aligned_aa449|pident80.178,HCV,1b,100.0
D50409|geneNS5A|query6269-7678|h77_aa1-448|extracted_nt1410|aligned_aa472|pident62.076,HCV,2c,100.0
D50484|geneNS5A|query6246-7586|h77_aa1-448|extracted_nt1341|aligned_aa449|pident77.951,HCV,1b,100.0
D63821|geneNS5A|query6274-7623|h77_aa2-448|extracted_nt1350|aligned_aa452|pident68.584,HCV,3k,100.0
D50483|geneNS5A|query6246-7586|h77_aa1-448|extracted_nt1341|aligned_aa448|pident78.795,HCV,1b,100.0
D49374|geneNS5A|query6280-7635|h77_aa1-448|extracted_nt1356|aligned_aa455|pident68.352,HCV,3b,100.0
D84262|geneNS5A|query6274-7626|h77_aa1-448|extracted_nt1353|aligned_aa454|pident70.705,HCV,6b,100.0
D84265|geneNS5A|query6258-7610|h77_aa1-448|extracted_nt1353|aligned_aa453|pident72.848,HCV,6h,100.0
D63822|geneNS5A|query6273-7631|h77_aa3-448|extracted_nt1359|aligned_aa455|pident70.549,HCV,6g,100.0
D84264|geneNS5A|query6261-7613|h77_aa1-448|extracted_nt1353|aligned_aa453|pident71.965,HCV,6k,100.0
D14853|geneNS5A|query6258-7601|h77_aa1-448|extracted_nt1344|aligned_aa449|pident81.960,HCV,1c,100.0
DQ244141|geneNS5A|query4156-5496|h77_aa1-448|extracted_nt1341|aligned_aa448|pident77.679,HCV,1b,100.0
DQ278891|geneNS5A|query6260-7612|h77_aa1-448|extracted_nt1353|aligned_aa453|pident71.523,HCV,6l,100.0
DQ314806|geneNS5A|query6273-7631|h77_aa3-448|extracted_nt1359|aligned_aa455|pident69.670,HCV,6g,100.0
DQ278892|geneNS5A|query6271-7620|h77_aa1-448|extracted_nt1350|aligned_aa456|pident71.272,HCV,6w,100.0
DQ418785|geneNS5A|query6179-7510|h77_aa1-448|extracted_nt1332|aligned_aa452|pident72.124,HCV,4a,100.0
DQ418783|geneNS5A|query6142-7470|h77_aa3-448|extracted_nt1329|aligned_aa450|pident72.889,HCV,4a,100.0
DQ418784|geneNS5A|query6187-7515|h77_aa3-448|extracted_nt1329|aligned_aa450|pident71.333,HCV,4a,100.0
DQ314805|geneNS5A|query6273-7631|h77_aa3-448|extracted_nt1359|aligned_aa458|pident70.961,HCV,6e,100.0
DQ480513|geneNS5A|query6236-7582|h77_aa3-448|extracted_nt1347|aligned_aa453|pident70.419,HCV,6a,100.0
DQ480515|geneNS5A|query6236-7582|h77_aa3-448|extracted_nt1347|aligned_aa452|pident71.903,HCV,6a,100.0
DQ244140|geneNS5A|query4362-5702|h77_aa1-448|extracted_nt1341|aligned_aa448|pident78.348,HCV,1b,100.0
DQ480519|geneNS5A|query6236-7582|h77_aa3-448|extracted_nt1347|aligned_aa453|pident71.744,HCV,6a,100.0
DQ480520|geneNS5A|query6236-7582|h77_aa3-448|extracted_nt1347|aligned_aa454|pident72.247,HCV,6a,100.0
DQ480514|geneNS5A|query6236-7582|h77_aa3-448|extracted_nt1347|aligned_aa455|pident71.429,HCV,6a,100.0
DQ480518|geneNS5A|query6236-7582|h77_aa3-448|extracted_nt1347|aligned_aa452|pident71.681,HCV,6a,100.0
DQ480523|geneNS5A|query6236-7582|h77_aa3-448|extracted_nt1347|aligned_aa452|pident71.239,HCV,6a,100.0
DQ418788|geneNS5A|query6185-7513|h77_aa3-448|extracted_nt1329|aligned_aa450|pident73.111,HCV,4a,100.0
DQ480524|geneNS5A|query6239-7585|h77_aa3-448|extracted_nt1347|aligned_aa453|pident71.082,HCV,6a,100.0
DQ480521|geneNS5A|query6236-7582|h77_aa3-448|extracted_nt1347|aligned_aa452|pident71.460,HCV,6a,100.0
D10988|geneNS5A|query6270-7667|h77_aa1-448|extracted_nt1398|aligned_aa472|pident58.263,HCV,2b,100.0
D84263|geneNS5A|query6249-7604|h77_aa1-448|extracted_nt1356|aligned_aa455|pident69.670,HCV,6d,100.0
D90208|geneNS5A|query6246-7586|h77_aa1-448|extracted_nt1341|aligned_aa448|pident79.911,HCV,1b,100.0
D00944|geneNS5A|query6269-7666|h77_aa1-448|extracted_nt1398|aligned_aa472|pident59.534,HCV,2a,100.0
DQ278894|geneNS5A|query6262-7614|h77_aa1-448|extracted_nt1353|aligned_aa453|pident70.861,HCV,6n,100.0
DQ418786|geneNS5A|query6154-7482|h77_aa3-448|extracted_nt1329|aligned_aa450|pident73.333,HCV,4d,100.0
DQ418782|geneNS5A|query6180-7508|h77_aa3-448|extracted_nt1329|aligned_aa450|pident72.889,HCV,4a,100.0
DQ278893|geneNS5A|query6261-7613|h77_aa1-448|extracted_nt1353|aligned_aa453|pident71.523,HCV,6l,70.0
DQ418789|geneNS5A|query6184-7512|h77_aa3-448|extracted_nt1329|aligned_aa450|pident72.667,HCV,4a,100.0
DQ480512|geneNS5A|query6236-7582|h77_aa3-448|extracted_nt1347|aligned_aa455|pident70.330,HCV,6a,100.0
DQ480517|geneNS5A|query6236-7582|h77_aa3-448|extracted_nt1347|aligned_aa454|pident71.366,HCV,6a,100.0
DQ480522|geneNS5A|query6236-7582|h77_aa3-448|extracted_nt1347|aligned_aa453|pident71.965,HCV,6a,100.0
DQ480516|geneNS5A|query6236-7582|h77_aa3-448|extracted_nt1347|aligned_aa453|pident71.744,HCV,6a,100.0
D17763|geneNS5A|query6274-7629|h77_aa1-448|extracted_nt1356|aligned_aa456|pident69.518,HCV,3a,100.0
D28917|geneNS5A|query6274-7629|h77_aa1-448|extracted_nt1356|aligned_aa456|pident68.640,HCV,3a,100.0
D50480|geneNS5A|query6246-7586|h77_aa1-448|extracted_nt1341|aligned_aa448|pident79.911,HCV,1b,100.0
OR497920|geneNS5A|query5920-7263|h77_aa1-448|extracted_nt1344|aligned_aa448|pident94.643,HCV,1a,100.0
DQ835767|geneNS5A|query6261-7613|h77_aa1-448|extracted_nt1353|aligned_aa453|pident70.419,HCV,6m,100.0
DQ835763|geneNS5A|query6261-7613|h77_aa1-448|extracted_nt1353|aligned_aa453|pident70.640,HCV,6m,100.0
DQ835764|geneNS5A|query6261-7619|h77_aa3-448|extracted_nt1359|aligned_aa453|pident72.406,HCV,6f,100.0
DQ889290|geneNS5A|query4315-5658|h77_aa1-448|extracted_nt1344|aligned_aa448|pident95.312,HCV,1a,100.0
DQ889263|geneNS5A|query4315-5658|h77_aa1-448|extracted_nt1344|aligned_aa448|pident95.312,HCV,1a,100.0
DQ889308|geneNS5A|query4315-5658|h77_aa1-448|extracted_nt1344|aligned_aa448|pident93.973,HCV,1a,100.0
DQ889296|geneNS5A|query4315-5658|h77_aa1-448|extracted_nt1344|aligned_aa448|pident96.429,HCV,1a,100.0
DQ889268|geneNS5A|query4315-5658|h77_aa1-448|extracted_nt1344|aligned_aa448|pident94.866,HCV,1a,100.0
DQ889295|geneNS5A|query4315-5658|h77_aa1-448|extracted_nt1344|aligned_aa448|pident94.420,HCV,1a,100.0
EF208010|geneNS5A|query1-1302|h77_aa1-429|extracted_nt1302|aligned_aa437|pident70.709,HCV,3a,100.0
EF208013|geneNS5A|query1-1302|h77_aa1-429|extracted_nt1302|aligned_aa436|pident70.872,HCV,3a,100.0
EF208008|geneNS5A|query1-1302|h77_aa1-429|extracted_nt1302|aligned_aa437|pident71.167,HCV,3a,100.0
EF208012|geneNS5A|query1-1302|h77_aa1-429|extracted_nt1302|aligned_aa437|pident70.709,HCV,3a,100.0
EF208009|geneNS5A|query1-1302|h77_aa1-429|extracted_nt1302|aligned_aa437|pident70.481,HCV,3a,100.0
EF407412|geneNS5A|query6181-7524|h77_aa1-448|extracted_nt1344|aligned_aa448|pident95.759,HCV,1a,100.0
EF407411|geneNS5A|query6167-7510|h77_aa1-448|extracted_nt1344|aligned_aa448|pident91.741,HCV,1a,100.0
EF407417|geneNS5A|query6217-7560|h77_aa1-448|extracted_nt1344|aligned_aa448|pident92.857,HCV,1a,100.0
EF208006|geneNS5A|query1-1302|h77_aa1-429|extracted_nt1302|aligned_aa436|pident72.018,HCV,3a,100.0
EF407415|geneNS5A|query6208-7551|h77_aa1-448|extracted_nt1344|aligned_aa448|pident94.866,HCV,1a,100.0
EF407416|geneNS5A|query6203-7546|h77_aa1-448|extracted_nt1344|aligned_aa448|pident92.411,HCV,1a,100.0
EF407421|geneNS5A|query6161-7504|h77_aa1-448|extracted_nt1344|aligned_aa448|pident93.527,HCV,1a,100.0
EF407420|geneNS5A|query6176-7519|h77_aa1-448|extracted_nt1344|aligned_aa448|pident95.089,HCV,1a,100.0
EF407419|geneNS5A|query6209-7552|h77_aa1-448|extracted_nt1344|aligned_aa448|pident92.857,HCV,1a,100.0
EF407422|geneNS5A|query6164-7507|h77_aa1-448|extracted_nt1344|aligned_aa448|pident96.205,HCV,1a,100.0
EF407426|geneNS5A|query6207-7550|h77_aa1-448|extracted_nt1344|aligned_aa448|pident95.312,HCV,1a,100.0
EF407428|geneNS5A|query6164-7507|h77_aa1-448|extracted_nt1344|aligned_aa448|pident93.973,HCV,1a,100.0
EF407427|geneNS5A|query6205-7548|h77_aa1-448|extracted_nt1344|aligned_aa448|pident94.196,HCV,1a,100.0
EF208016|geneNS5A|query1-1302|h77_aa1-429|extracted_nt1302|aligned_aa437|pident71.396,HCV,3a,100.0
EF407429|geneNS5A|query6138-7481|h77_aa1-448|extracted_nt1344|aligned_aa448|pident93.750,HCV,1a,100.0
EF407439|geneNS5A|query6203-7546|h77_aa1-448|extracted_nt1344|aligned_aa448|pident93.973,HCV,1a,100.0
EF407444|geneNS5A|query6179-7522|h77_aa1-448|extracted_nt1344|aligned_aa448|pident95.759,HCV,1a,100.0
EF407441|geneNS5A|query6217-7560|h77_aa1-448|extracted_nt1344|aligned_aa448|pident96.652,HCV,1a,100.0
EF407445|geneNS5A|query6179-7522|h77_aa1-448|extracted_nt1344|aligned_aa448|pident95.982,HCV,1a,100.0
EF208014|geneNS5A|query1-1302|h77_aa1-429|extracted_nt1302|aligned_aa437|pident71.625,HCV,3a,100.0
EF407454|geneNS5A|query6170-7513|h77_aa1-448|extracted_nt1344|aligned_aa448|pident95.536,HCV,1a,100.0
EF407460|geneNS5A|query6208-7548|h77_aa1-448|extracted_nt1341|aligned_aa448|pident79.688,HCV,1b,100.0
EF407458|geneNS5A|query6210-7550|h77_aa1-448|extracted_nt1341|aligned_aa449|pident80.401,HCV,1b,100.0
EF407447|geneNS5A|query6218-7561|h77_aa1-448|extracted_nt1344|aligned_aa448|pident95.759,HCV,1a,100.0
EF407453|geneNS5A|query6205-7548|h77_aa1-448|extracted_nt1344|aligned_aa448|pident96.429,HCV,1a,100.0
EF407481|geneNS5A|query6201-7541|h77_aa1-448|extracted_nt1341|aligned_aa449|pident78.619,HCV,1b,100.0
EF407482|geneNS5A|query6143-7483|h77_aa1-448|extracted_nt1341|aligned_aa448|pident79.241,HCV,1b,100.0
EF407477|geneNS5A|query6176-7516|h77_aa1-448|extracted_nt1341|aligned_aa448|pident80.357,HCV,1b,100.0
EF407463|geneNS5A|query6200-7540|h77_aa1-448|extracted_nt1341|aligned_aa449|pident80.624,HCV,1b,100.0
EF407461|geneNS5A|query6238-7578|h77_aa1-448|extracted_nt1341|aligned_aa448|pident77.455,HCV,1b,100.0
EF407485|geneNS5A|query6213-7553|h77_aa1-448|extracted_nt1341|aligned_aa453|pident79.912,HCV,1b,100.0
EF407486|geneNS5A|query6199-7539|h77_aa1-448|extracted_nt1341|aligned_aa448|pident79.688,HCV,1b,100.0
EF407493|geneNS5A|query6213-7550|h77_aa1-448|extracted_nt1338|aligned_aa449|pident80.178,HCV,1b,100.0
EF407494|geneNS5A|query6202-7542|h77_aa1-448|extracted_nt1341|aligned_aa448|pident79.241,HCV,1b,100.0
EF407495|geneNS5A|query6142-7482|h77_aa1-448|extracted_nt1341|aligned_aa448|pident80.134,HCV,1b,100.0
EF407501|geneNS5A|query6231-7571|h77_aa1-448|extracted_nt1341|aligned_aa449|pident81.069,HCV,1b,100.0
EF407502|geneNS5A|query6287-7627|h77_aa1-448|extracted_nt1341|aligned_aa448|pident80.580,HCV,1b,100.0
EF407484|geneNS5A|query6059-7399|h77_aa1-448|extracted_nt1341|aligned_aa449|pident81.069,HCV,1b,100.0
EF424626|geneNS5A|query6259-7614|h77_aa1-448|extracted_nt1356|aligned_aa455|pident71.868,HCV,6p,100.0
EF407503|geneNS5A|query6205-7545|h77_aa1-448|extracted_nt1341|aligned_aa448|pident79.688,HCV,1b,100.0
EF632071|geneNS5A|query6250-7599|h77_aa3-448|extracted_nt1350|aligned_aa452|pident69.912,HCV,6t,100.0
OR497850|geneNS5A|query5923-7284|h77_aa3-448|extracted_nt1362|aligned_aa457|pident72.429,HCV,4k,100.0
EF632070|geneNS5A|query6264-7613|h77_aa3-448|extracted_nt1350|aligned_aa452|pident69.248,HCV,6t,100.0
OR497856|geneNS5A|query5920-7245|h77_aa3-448|extracted_nt1326|aligned_aa449|pident74.165,HCV,4d,100.0
OR497853|geneNS5A|query5920-7245|h77_aa3-448|extracted_nt1326|aligned_aa449|pident73.719,HCV,4d,100.0
OR497858|geneNS5A|query5920-7248|h77_aa3-448|extracted_nt1329|aligned_aa450|pident72.444,HCV,4d,100.0
EF589161|geneNS5A|query6203-7531|h77_aa3-448|extracted_nt1329|aligned_aa451|pident71.397,HCV,4f,100.0
OR497860|geneNS5A|query5920-7245|h77_aa3-448|extracted_nt1326|aligned_aa449|pident73.497,HCV,4d,100.0
OR497863|geneNS5A|query5920-7245|h77_aa3-448|extracted_nt1326|aligned_aa449|pident74.610,HCV,4d,100.0
OR497866|geneNS5A|query5920-7245|h77_aa3-448|extracted_nt1326|aligned_aa449|pident73.497,HCV,4d,100.0
OR497854|geneNS5A|query5920-7245|h77_aa3-448|extracted_nt1326|aligned_aa449|pident73.942,HCV,4d,100.0
OR497864|geneNS5A|query5920-7245|h77_aa3-448|extracted_nt1326|aligned_aa449|pident74.610,HCV,4d,100.0
OR497880|geneNS5A|query5917-7260|h77_aa1-448|extracted_nt1344|aligned_aa448|pident94.196,HCV,1a,100.0
OR497881|geneNS5A|query5917-7260|h77_aa1-448|extracted_nt1344|aligned_aa448|pident96.429,HCV,1a,100.0
OR497882|geneNS5A|query5917-7260|h77_aa1-448|extracted_nt1344|aligned_aa448|pident92.634,HCV,1a,100.0
OR497889|geneNS5A|query5917-7260|h77_aa1-448|extracted_nt1344|aligned_aa448|pident92.634,HCV,1a,100.0
OR497887|geneNS5A|query5917-7260|h77_aa1-448|extracted_nt1344|aligned_aa448|pident96.875,HCV,1a,100.0
OR497888|geneNS5A|query5917-7263|h77_aa1-448|extracted_nt1347|aligned_aa449|pident91.314,HCV,1a,100.0
OR497891|geneNS5A|query5917-7260|h77_aa1-448|extracted_nt1344|aligned_aa448|pident96.652,HCV,1a,100.0
OR497885|geneNS5A|query5917-7260|h77_aa1-448|extracted_nt1344|aligned_aa448|pident96.652,HCV,1a,100.0
OR497897|geneNS5A|query5917-7260|h77_aa1-448|extracted_nt1344|aligned_aa448|pident93.527,HCV,1a,100.0
OR497894|geneNS5A|query5917-7260|h77_aa1-448|extracted_nt1344|aligned_aa448|pident93.304,HCV,1a,100.0
OR497899|geneNS5A|query5917-7260|h77_aa1-448|extracted_nt1344|aligned_aa448|pident96.652,HCV,1a,100.0
OR497903|geneNS5A|query5917-7260|h77_aa1-448|extracted_nt1344|aligned_aa448|pident97.098,HCV,1a,100.0
OR497904|geneNS5A|query5917-7260|h77_aa1-448|extracted_nt1344|aligned_aa448|pident91.741,HCV,1a,100.0
OR497906|geneNS5A|query5917-7260|h77_aa1-448|extracted_nt1344|aligned_aa448|pident95.089,HCV,1a,100.0
OR497909|geneNS5A|query5917-7260|h77_aa1-448|extracted_nt1344|aligned_aa448|pident93.080,HCV,1a,100.0
OR497901|geneNS5A|query5917-7275|h77_aa1-448|extracted_nt1359|aligned_aa453|pident95.806,HCV,1a,100.0
OR497900|geneNS5A|query5917-7260|h77_aa1-448|extracted_nt1344|aligned_aa448|pident94.196,HCV,1a,100.0
OR497908|geneNS5A|query5923-7266|h77_aa1-448|extracted_nt1344|aligned_aa448|pident92.188,HCV,1a,100.0
OR497916|geneNS5A|query5917-7260|h77_aa1-448|extracted_nt1344|aligned_aa448|pident94.643,HCV,1a,100.0
OR497918|geneNS5A|query5917-7260|h77_aa1-448|extracted_nt1344|aligned_aa448|pident93.973,HCV,1a,100.0
OR497907|geneNS5A|query5917-7275|h77_aa1-448|extracted_nt1359|aligned_aa453|pident96.468,HCV,1a,100.0
OR497919|geneNS5A|query5917-7260|h77_aa1-448|extracted_nt1344|aligned_aa448|pident89.062,HCV,1a,100.0
OR497933|geneNS5A|query5917-7260|h77_aa1-448|extracted_nt1344|aligned_aa448|pident93.973,HCV,1a,100.0
OR497923|geneNS5A|query5917-7260|h77_aa1-448|extracted_nt1344|aligned_aa448|pident92.634,HCV,1a,100.0
OR497947|geneNS5A|query5917-7260|h77_aa1-448|extracted_nt1344|aligned_aa448|pident93.304,HCV,1a,100.0
OR497962|geneNS5A|query5938-7296|h77_aa1-448|extracted_nt1359|aligned_aa455|pident69.670,HCV,3a,100.0
OR497964|geneNS5A|query5987-7345|h77_aa1-448|extracted_nt1359|aligned_aa454|pident69.824,HCV,3a,100.0
OR497959|geneNS5A|query5935-7296|h77_aa1-448|extracted_nt1362|aligned_aa457|pident69.147,HCV,3a,100.0
OR497958|geneNS5A|query5926-7341|h77_aa1-448|extracted_nt1416|aligned_aa472|pident60.805,HCV,2c,100.0
OR497951|geneNS5A|query5917-7260|h77_aa1-448|extracted_nt1344|aligned_aa448|pident89.955,HCV,1a,100.0
OR497963|geneNS5A|query5935-7293|h77_aa1-448|extracted_nt1359|aligned_aa455|pident69.890,HCV,3a,100.0
OR497967|geneNS5A|query5932-7149|h77_aa1-399|extracted_nt1218|aligned_aa406|pident70.197,HCV,3a,100.0
OR497978|geneNS5A|query5935-7299|h77_aa1-448|extracted_nt1365|aligned_aa455|pident70.549,HCV,3a,100.0
OR497989|geneNS5A|query5917-7257|h77_aa1-448|extracted_nt1341|aligned_aa449|pident79.955,HCV,1b,100.0
OR497997|geneNS5A|query5917-7257|h77_aa1-448|extracted_nt1341|aligned_aa448|pident80.357,HCV,1b,100.0
OR498031|geneNS5A|query5929-7269|h77_aa1-448|extracted_nt1341|aligned_aa448|pident79.911,HCV,1b,100.0
OR498042|geneNS5A|query5923-7263|h77_aa1-448|extracted_nt1341|aligned_aa448|pident79.688,HCV,1b,100.0
OR498057|geneNS5A|query5917-7260|h77_aa1-448|extracted_nt1344|aligned_aa450|pident79.778,HCV,1b,100.0
OR498067|geneNS5A|query5917-7260|h77_aa1-448|extracted_nt1344|aligned_aa450|pident79.556,HCV,1b,100.0
U37654|geneNS5A|query1-822|h77_aa5-278|extracted_nt822|aligned_aa274|pident85.401,HCV,1b,100.0
U37652|geneNS5A|query1-822|h77_aa5-278|extracted_nt822|aligned_aa274|pident84.672,HCV,1b,100.0
U37655|geneNS5A|query1-822|h77_aa5-278|extracted_nt822|aligned_aa274|pident85.401,HCV,1b,100.0
Y12083|geneNS5A|query6218-7564|h77_aa3-448|extracted_nt1347|aligned_aa452|pident67.035,HCV,6a,100.0
DQ835760|geneNS5A|query6261-7619|h77_aa3-448|extracted_nt1359|aligned_aa453|pident72.406,HCV,6f,100.0
DQ835766|geneNS5A|query6261-7613|h77_aa1-448|extracted_nt1353|aligned_aa453|pident69.978,HCV,6m,100.0
OR497915|geneNS5A|query5917-7260|h77_aa1-448|extracted_nt1344|aligned_aa448|pident93.527,HCV,1a,100.0
OR497924|geneNS5A|query5917-7260|h77_aa1-448|extracted_nt1344|aligned_aa448|pident93.080,HCV,1a,100.0
DQ835765|geneNS5A|query6261-7613|h77_aa1-448|extracted_nt1353|aligned_aa453|pident70.419,HCV,6m,100.0
DQ835762|geneNS5A|query6261-7613|h77_aa1-448|extracted_nt1353|aligned_aa455|pident68.571,HCV,6i,100.0
DQ835768|geneNS5A|query6258-7610|h77_aa1-448|extracted_nt1353|aligned_aa454|pident71.145,HCV,6n,100.0
DQ889264|geneNS5A|query4315-5658|h77_aa1-448|extracted_nt1344|aligned_aa448|pident94.420,HCV,1a,100.0
DQ889314|geneNS5A|query4315-5658|h77_aa1-448|extracted_nt1344|aligned_aa448|pident96.652,HCV,1a,100.0
DQ889291|geneNS5A|query4315-5658|h77_aa1-448|extracted_nt1344|aligned_aa448|pident96.875,HCV,1a,100.0
DQ889312|geneNS5A|query4315-5658|h77_aa1-448|extracted_nt1344|aligned_aa448|pident95.312,HCV,1a,100.0
EF108306|geneNS5A|query6268-7605|h77_aa1-448|extracted_nt1338|aligned_aa453|pident64.901,HCV,7a,100.0
EF207992|geneNS5A|query1-1302|h77_aa1-429|extracted_nt1302|aligned_aa437|pident70.938,HCV,3a,100.0
EF207996|geneNS5A|query1-1302|h77_aa1-429|extracted_nt1302|aligned_aa437|pident71.396,HCV,3a,100.0
EF208000|geneNS5A|query1-1302|h77_aa1-429|extracted_nt1302|aligned_aa437|pident70.481,HCV,3a,100.0
EF207998|geneNS5A|query1-1302|h77_aa1-429|extracted_nt1302|aligned_aa437|pident70.938,HCV,3a,100.0
EF207993|geneNS5A|query1-1302|h77_aa1-429|extracted_nt1302|aligned_aa437|pident71.625,HCV,3a,100.0
EF207991|geneNS5A|query1-1302|h77_aa1-429|extracted_nt1302|aligned_aa437|pident71.396,HCV,3a,100.0
EF207994|geneNS5A|query1-1305|h77_aa1-429|extracted_nt1305|aligned_aa438|pident70.091,HCV,3a,100.0
EF208001|geneNS5A|query1-1302|h77_aa1-429|extracted_nt1302|aligned_aa437|pident69.108,HCV,3a,100.0
EF207999|geneNS5A|query1-1302|h77_aa1-429|extracted_nt1302|aligned_aa437|pident70.938,HCV,3a,100.0
EF208004|geneNS5A|query1-1302|h77_aa1-429|extracted_nt1302|aligned_aa436|pident68.349,HCV,3a,100.0
EF208002|geneNS5A|query1-1302|h77_aa1-429|extracted_nt1302|aligned_aa437|pident70.481,HCV,3a,100.0
EF207990|geneNS5A|query1-1302|h77_aa1-429|extracted_nt1302|aligned_aa436|pident71.330,HCV,3a,100.0
EF208011|geneNS5A|query1-1302|h77_aa1-429|extracted_nt1302|aligned_aa436|pident71.789,HCV,3a,100.0
EF208007|geneNS5A|query1-1302|h77_aa1-429|extracted_nt1302|aligned_aa436|pident70.872,HCV,3a,100.0
EF208015|geneNS5A|query1-1302|h77_aa1-429|extracted_nt1302|aligned_aa437|pident70.938,HCV,3a,100.0
EF208018|geneNS5A|query1-1302|h77_aa1-429|extracted_nt1302|aligned_aa436|pident71.101,HCV,3a,100.0
EF208017|geneNS5A|query1-1302|h77_aa1-429|extracted_nt1302|aligned_aa437|pident70.481,HCV,3a,100.0
EF407414|geneNS5A|query6161-7504|h77_aa1-448|extracted_nt1344|aligned_aa448|pident89.732,HCV,1a,100.0
EF407425|geneNS5A|query6172-7515|h77_aa1-448|extracted_nt1344|aligned_aa448|pident95.312,HCV,1a,100.0
EF407423|geneNS5A|query6204-7547|h77_aa1-448|extracted_nt1344|aligned_aa448|pident96.429,HCV,1a,100.0
EF407413|geneNS5A|query6205-7548|h77_aa1-448|extracted_nt1344|aligned_aa448|pident93.973,HCV,1a,100.0
EF407434|geneNS5A|query6180-7523|h77_aa1-448|extracted_nt1344|aligned_aa448|pident94.866,HCV,1a,100.0
EF407432|geneNS5A|query6219-7562|h77_aa1-448|extracted_nt1344|aligned_aa448|pident96.652,HCV,1a,100.0
EF407431|geneNS5A|query6153-7496|h77_aa1-448|extracted_nt1344|aligned_aa448|pident95.536,HCV,1a,100.0
EF407435|geneNS5A|query6175-7518|h77_aa1-448|extracted_nt1344|aligned_aa448|pident94.196,HCV,1a,100.0
EF407418|geneNS5A|query6202-7545|h77_aa1-448|extracted_nt1344|aligned_aa448|pident94.420,HCV,1a,100.0
EF407430|geneNS5A|query6170-7513|h77_aa1-448|extracted_nt1344|aligned_aa448|pident96.429,HCV,1a,100.0
EF407437|geneNS5A|query6218-7561|h77_aa1-448|extracted_nt1344|aligned_aa448|pident95.982,HCV,1a,100.0
EF407433|geneNS5A|query6209-7552|h77_aa1-448|extracted_nt1344|aligned_aa448|pident96.205,HCV,1a,100.0
EF407424|geneNS5A|query6194-7537|h77_aa1-448|extracted_nt1344|aligned_aa448|pident96.205,HCV,1a,100.0
EF407442|geneNS5A|query6172-7515|h77_aa1-448|extracted_nt1344|aligned_aa448|pident95.982,HCV,1a,100.0
EF407446|geneNS5A|query6179-7522|h77_aa1-448|extracted_nt1344|aligned_aa448|pident95.982,HCV,1a,100.0
EF407440|geneNS5A|query6206-7549|h77_aa1-448|extracted_nt1344|aligned_aa448|pident96.652,HCV,1a,100.0
EF407443|geneNS5A|query6218-7561|h77_aa1-448|extracted_nt1344|aligned_aa448|pident92.188,HCV,1a,100.0
EF407436|geneNS5A|query6163-7506|h77_aa1-448|extracted_nt1344|aligned_aa448|pident93.750,HCV,1a,100.0
EF407455|geneNS5A|query6218-7561|h77_aa1-448|extracted_nt1344|aligned_aa448|pident94.866,HCV,1a,100.0
EF407451|geneNS5A|query6181-7524|h77_aa1-448|extracted_nt1344|aligned_aa448|pident93.973,HCV,1a,100.0
EF407456|geneNS5A|query6217-7560|h77_aa1-448|extracted_nt1344|aligned_aa448|pident95.312,HCV,1a,100.0
EF407448|geneNS5A|query6218-7561|h77_aa1-448|extracted_nt1344|aligned_aa448|pident95.089,HCV,1a,100.0
EF407452|geneNS5A|query6189-7532|h77_aa1-448|extracted_nt1344|aligned_aa448|pident94.643,HCV,1a,100.0
EF407459|geneNS5A|query6204-7544|h77_aa1-448|extracted_nt1341|aligned_aa448|pident79.688,HCV,1b,100.0
EF407438|geneNS5A|query6205-7548|h77_aa1-448|extracted_nt1344|aligned_aa448|pident95.312,HCV,1a,100.0
EF407449|geneNS5A|query6218-7561|h77_aa1-448|extracted_nt1344|aligned_aa448|pident95.759,HCV,1a,100.0
EF407450|geneNS5A|query6176-7519|h77_aa1-448|extracted_nt1344|aligned_aa448|pident95.536,HCV,1a,100.0
EF407465|geneNS5A|query6203-7543|h77_aa1-448|extracted_nt1341|aligned_aa448|pident80.134,HCV,1b,100.0
EF407462|geneNS5A|query6204-7544|h77_aa1-448|extracted_nt1341|aligned_aa448|pident80.580,HCV,1b,100.0
EF407468|geneNS5A|query6190-7530|h77_aa1-448|extracted_nt1341|aligned_aa450|pident80.222,HCV,1b,100.0
EF407469|geneNS5A|query6202-7542|h77_aa1-448|extracted_nt1341|aligned_aa449|pident80.624,HCV,1b,100.0
EF407464|geneNS5A|query6134-7474|h77_aa1-448|extracted_nt1341|aligned_aa449|pident80.401,HCV,1b,100.0
EF407470|geneNS5A|query6210-7550|h77_aa1-448|extracted_nt1341|aligned_aa449|pident80.401,HCV,1b,100.0
EF407466|geneNS5A|query6203-7543|h77_aa1-448|extracted_nt1341|aligned_aa449|pident80.401,HCV,1b,100.0
EF407467|geneNS5A|query6214-7554|h77_aa1-448|extracted_nt1341|aligned_aa449|pident79.287,HCV,1b,100.0
EF407473|geneNS5A|query6205-7545|h77_aa1-448|extracted_nt1341|aligned_aa448|pident79.464,HCV,1b,100.0
EF407479|geneNS5A|query6209-7549|h77_aa1-448|extracted_nt1341|aligned_aa448|pident79.911,HCV,1b,100.0
EF407471|geneNS5A|query6203-7543|h77_aa1-448|extracted_nt1341|aligned_aa449|pident80.624,HCV,1b,100.0
EF407478|geneNS5A|query6222-7562|h77_aa1-448|extracted_nt1341|aligned_aa448|pident79.911,HCV,1b,100.0
EF407475|geneNS5A|query6190-7530|h77_aa1-448|extracted_nt1341|aligned_aa448|pident80.357,HCV,1b,100.0
EF407480|geneNS5A|query6205-7545|h77_aa1-448|extracted_nt1341|aligned_aa448|pident79.688,HCV,1b,100.0
EF407457|geneNS5A|query6062-7405|h77_aa1-448|extracted_nt1344|aligned_aa448|pident93.304,HCV,1a,100.0
EF407474|geneNS5A|query6207-7547|h77_aa1-448|extracted_nt1341|aligned_aa448|pident80.580,HCV,1b,100.0
EF407476|geneNS5A|query6193-7533|h77_aa1-448|extracted_nt1341|aligned_aa448|pident80.580,HCV,1b,100.0
EF407489|geneNS5A|query6203-7543|h77_aa1-448|extracted_nt1341|aligned_aa453|pident80.795,HCV,1b,100.0
EF407490|geneNS5A|query6190-7530|h77_aa1-448|extracted_nt1341|aligned_aa449|pident80.401,HCV,1b,100.0
EF407483|geneNS5A|query6233-7573|h77_aa1-448|extracted_nt1341|aligned_aa449|pident81.069,HCV,1b,100.0
EF407491|geneNS5A|query6189-7529|h77_aa1-448|extracted_nt1341|aligned_aa448|pident81.250,HCV,1b,100.0
EF407488|geneNS5A|query6202-7542|h77_aa1-448|extracted_nt1341|aligned_aa449|pident80.178,HCV,1b,100.0
EF407487|geneNS5A|query6205-7545|h77_aa1-448|extracted_nt1341|aligned_aa450|pident81.333,HCV,1b,100.0
EF407472|geneNS5A|query6204-7544|h77_aa1-448|extracted_nt1341|aligned_aa450|pident80.889,HCV,1b,100.0
EF407499|geneNS5A|query6149-7489|h77_aa1-448|extracted_nt1341|aligned_aa448|pident80.580,HCV,1b,100.0
EF407498|geneNS5A|query6204-7544|h77_aa1-448|extracted_nt1341|aligned_aa448|pident81.250,HCV,1b,100.0
EF407504|geneNS5A|query6212-7552|h77_aa1-448|extracted_nt1341|aligned_aa449|pident80.401,HCV,1b,100.0
EF424627|geneNS5A|query6258-7613|h77_aa1-448|extracted_nt1356|aligned_aa454|pident70.925,HCV,6o,100.0
EF424629|geneNS5A|query6262-7611|h77_aa3-448|extracted_nt1350|aligned_aa456|pident69.737,HCV,6c,100.0
EF407500|geneNS5A|query6223-7563|h77_aa1-448|extracted_nt1341|aligned_aa448|pident79.241,HCV,1b,100.0
EF424628|geneNS5A|query6261-7613|h77_aa1-448|extracted_nt1353|aligned_aa453|pident70.861,HCV,6l,100.0
EF407496|geneNS5A|query6203-7543|h77_aa1-448|extracted_nt1341|aligned_aa453|pident80.353,HCV,1b,100.0
EF589160|geneNS5A|query6204-7529|h77_aa3-448|extracted_nt1326|aligned_aa450|pident71.111,HCV,4f,100.0
EF407497|geneNS5A|query6202-7542|h77_aa1-448|extracted_nt1341|aligned_aa449|pident81.960,HCV,1b,100.0
EF632069|geneNS5A|query6264-7613|h77_aa3-448|extracted_nt1350|aligned_aa452|pident70.133,HCV,6t,100.0
OR497851|geneNS5A|query5923-7260|h77_aa3-448|extracted_nt1338|aligned_aa449|pident74.833,HCV,4k,100.0
OR497852|geneNS5A|query5923-7257|h77_aa4-448|extracted_nt1335|aligned_aa448|pident73.884,HCV,4k,100.0
OR497861|geneNS5A|query5920-7245|h77_aa3-448|extracted_nt1326|aligned_aa449|pident73.942,HCV,4d,100.0
EF424625|geneNS5A|query6265-7611|h77_aa3-448|extracted_nt1347|aligned_aa452|pident71.018,HCV,6q,100.0
OR497859|geneNS5A|query5941-7266|h77_aa3-448|extracted_nt1326|aligned_aa449|pident73.274,HCV,4d,100.0
EF407492|geneNS5A|query6198-7538|h77_aa1-448|extracted_nt1341|aligned_aa448|pident81.027,HCV,1b,100.0
OR497862|geneNS5A|query5920-7245|h77_aa3-448|extracted_nt1326|aligned_aa449|pident73.942,HCV,4d,100.0
OR497869|geneNS5A|query5920-7245|h77_aa3-448|extracted_nt1326|aligned_aa449|pident73.497,HCV,4d,100.0
OR497855|geneNS5A|query5920-7245|h77_aa3-448|extracted_nt1326|aligned_aa449|pident73.497,HCV,4d,100.0
OR497868|geneNS5A|query5923-7248|h77_aa3-448|extracted_nt1326|aligned_aa449|pident73.719,HCV,4d,100.0
OR497870|geneNS5A|query5929-7266|h77_aa3-448|extracted_nt1338|aligned_aa449|pident75.947,HCV,4r,100.0
OR497874|geneNS5A|query5920-7254|h77_aa1-448|extracted_nt1335|aligned_aa452|pident72.566,HCV,4a,100.0
OR497867|geneNS5A|query5920-7245|h77_aa3-448|extracted_nt1326|aligned_aa449|pident74.165,HCV,4d,100.0
OR497877|geneNS5A|query5917-7260|h77_aa1-448|extracted_nt1344|aligned_aa448|pident91.964,HCV,1a,100.0
OR497878|geneNS5A|query5917-7260|h77_aa1-448|extracted_nt1344|aligned_aa448|pident94.420,HCV,1a,100.0
OR497879|geneNS5A|query5917-7260|h77_aa1-448|extracted_nt1344|aligned_aa448|pident92.188,HCV,1a,100.0
OR497857|geneNS5A|query5920-7245|h77_aa3-448|extracted_nt1326|aligned_aa449|pident73.719,HCV,4d,100.0
OR497884|geneNS5A|query5917-7260|h77_aa1-448|extracted_nt1344|aligned_aa448|pident95.536,HCV,1a,100.0
OR497872|geneNS5A|query5917-7260|h77_aa1-448|extracted_nt1344|aligned_aa449|pident81.292,HCV,1c,100.0
OR497896|geneNS5A|query5917-7260|h77_aa1-448|extracted_nt1344|aligned_aa448|pident92.188,HCV,1a,100.0
OR497886|geneNS5A|query5917-7266|h77_aa1-448|extracted_nt1350|aligned_aa450|pident90.889,HCV,1a,100.0
OR497898|geneNS5A|query5917-7260|h77_aa1-448|extracted_nt1344|aligned_aa448|pident96.652,HCV,1a,100.0
OR497893|geneNS5A|query5917-7260|h77_aa1-448|extracted_nt1344|aligned_aa448|pident97.321,HCV,1a,100.0
OR497902|geneNS5A|query5917-7269|h77_aa1-448|extracted_nt1353|aligned_aa451|pident96.231,HCV,1a,100.0
OR497905|geneNS5A|query5917-7260|h77_aa1-448|extracted_nt1344|aligned_aa448|pident92.411,HCV,1a,100.0
OR497892|geneNS5A|query5917-7260|h77_aa1-448|extracted_nt1344|aligned_aa448|pident93.304,HCV,1a,100.0
OR497912|geneNS5A|query5917-7260|h77_aa1-448|extracted_nt1344|aligned_aa448|pident93.080,HCV,1a,100.0
OR497913|geneNS5A|query5917-7260|h77_aa1-448|extracted_nt1344|aligned_aa448|pident93.973,HCV,1a,100.0
OR497911|geneNS5A|query5917-7260|h77_aa1-448|extracted_nt1344|aligned_aa448|pident93.304,HCV,1a,100.0
OR497917|geneNS5A|query5917-7260|h77_aa1-448|extracted_nt1344|aligned_aa448|pident93.750,HCV,1a,100.0
OR497890|geneNS5A|query5917-7260|h77_aa1-448|extracted_nt1344|aligned_aa448|pident92.411,HCV,1a,100.0
OR497925|geneNS5A|query5917-7260|h77_aa1-448|extracted_nt1344|aligned_aa448|pident94.643,HCV,1a,100.0
OR497927|geneNS5A|query5917-7260|h77_aa1-448|extracted_nt1344|aligned_aa448|pident93.973,HCV,1a,100.0
OR497932|geneNS5A|query5917-7260|h77_aa1-448|extracted_nt1344|aligned_aa448|pident91.741,HCV,1a,100.0
OR497930|geneNS5A|query5917-7260|h77_aa1-448|extracted_nt1344|aligned_aa448|pident92.411,HCV,1a,100.0
OR497935|geneNS5A|query5917-7260|h77_aa1-448|extracted_nt1344|aligned_aa448|pident94.196,HCV,1a,100.0
OR497936|geneNS5A|query5917-7260|h77_aa1-448|extracted_nt1344|aligned_aa448|pident94.420,HCV,1a,100.0
OR497937|geneNS5A|query5917-7260|h77_aa1-448|extracted_nt1344|aligned_aa448|pident94.643,HCV,1a,100.0
OR497939|geneNS5A|query5917-7260|h77_aa1-448|extracted_nt1344|aligned_aa448|pident93.973,HCV,1a,100.0
OR497934|geneNS5A|query5917-7260|h77_aa1-448|extracted_nt1344|aligned_aa448|pident93.304,HCV,1a,100.0
OR497940|geneNS5A|query5917-7260|h77_aa1-448|extracted_nt1344|aligned_aa448|pident93.973,HCV,1a,100.0
OR497942|geneNS5A|query5917-7260|h77_aa1-448|extracted_nt1344|aligned_aa448|pident97.321,HCV,1a,100.0
OR497929|geneNS5A|query5917-7260|h77_aa1-448|extracted_nt1344|aligned_aa448|pident96.429,HCV,1a,100.0
OR497931|geneNS5A|query5917-7260|h77_aa1-448|extracted_nt1344|aligned_aa448|pident95.759,HCV,1a,100.0
OR497950|geneNS5A|query5917-7260|h77_aa1-448|extracted_nt1344|aligned_aa448|pident93.750,HCV,1a,100.0
OR497943|geneNS5A|query5920-7263|h77_aa1-448|extracted_nt1344|aligned_aa448|pident94.196,HCV,1a,100.0
OR497948|geneNS5A|query5917-7260|h77_aa1-448|extracted_nt1344|aligned_aa448|pident93.080,HCV,1a,100.0
OR497946|geneNS5A|query5917-7260|h77_aa1-448|extracted_nt1344|aligned_aa448|pident94.196,HCV,1a,100.0
OR497954|geneNS5A|query5917-7260|h77_aa1-448|extracted_nt1344|aligned_aa448|pident93.750,HCV,1a,100.0
OR497938|geneNS5A|query5917-7260|h77_aa1-448|extracted_nt1344|aligned_aa448|pident93.527,HCV,1a,100.0
OR497953|geneNS5A|query5917-7260|h77_aa1-448|extracted_nt1344|aligned_aa448|pident92.411,HCV,1a,100.0
OR497956|geneNS5A|query5920-7269|h77_aa2-448|extracted_nt1350|aligned_aa450|pident72.444,HCV,4c,100.0
OR497982|geneNS5A|query5941-7305|h77_aa1-448|extracted_nt1365|aligned_aa455|pident69.890,HCV,3a,100.0
OR498000|geneNS5A|query5917-7257|h77_aa1-448|extracted_nt1341|aligned_aa448|pident79.464,HCV,1b,100.0
OR498010|geneNS5A|query5917-7269|h77_aa1-448|extracted_nt1353|aligned_aa457|pident77.462,HCV,1b,100.0
OR498006|geneNS5A|query5923-7263|h77_aa1-448|extracted_nt1341|aligned_aa448|pident80.357,HCV,1b,100.0
OR498019|geneNS5A|query5917-7260|h77_aa1-448|extracted_nt1344|aligned_aa449|pident78.619,HCV,1b,100.0
OR498025|geneNS5A|query5917-7269|h77_aa1-448|extracted_nt1353|aligned_aa457|pident78.337,HCV,1b,100.0
OR498021|geneNS5A|query5920-7260|h77_aa1-448|extracted_nt1341|aligned_aa449|pident81.069,HCV,1b,100.0
OR498039|geneNS5A|query5917-7257|h77_aa1-448|extracted_nt1341|aligned_aa450|pident78.444,HCV,1b,100.0
OR498048|geneNS5A|query5920-7260|h77_aa1-448|extracted_nt1341|aligned_aa449|pident80.178,HCV,1b,100.0
OR498045|geneNS5A|query5917-7257|h77_aa1-448|extracted_nt1341|aligned_aa448|pident79.688,HCV,1b,100.0
OR498060|geneNS5A|query5917-7257|h77_aa1-448|extracted_nt1341|aligned_aa450|pident78.444,HCV,1b,100.0
OR498055|geneNS5A|query5917-7260|h77_aa1-448|extracted_nt1344|aligned_aa454|pident78.634,HCV,1b,100.0
OR498072|geneNS5A|query5929-7365|h77_aa1-448|extracted_nt1437|aligned_aa479|pident58.873,HCV,2i,84.0
OR498058|geneNS5A|query5917-7257|h77_aa1-448|extracted_nt1341|aligned_aa448|pident78.795,HCV,1b,100.0
U37644|geneNS5A|query1-822|h77_aa5-278|extracted_nt822|aligned_aa274|pident97.080,HCV,1a,100.0
U37647|geneNS5A|query1-822|h77_aa5-278|extracted_nt822|aligned_aa274|pident84.672,HCV,1b,100.0
U37648|geneNS5A|query1-822|h77_aa5-278|extracted_nt822|aligned_aa274|pident84.672,HCV,1b,100.0
Y13184|geneNS5A|query6202-7548|h77_aa2-448|extracted_nt1347|aligned_aa452|pident68.363,HCV,5a,100.0
Y11604|geneNS5A|query6202-7530|h77_aa3-448|extracted_nt1329|aligned_aa450|pident68.667,HCV,4a,100.0
OR497970|geneNS5A|query5935-7293|h77_aa1-448|extracted_nt1359|aligned_aa455|pident70.110,HCV,3a,100.0
OR497965|geneNS5A|query5935-7293|h77_aa1-448|extracted_nt1359|aligned_aa455|pident69.670,HCV,3a,100.0
OR497960|geneNS5A|query5935-7299|h77_aa1-448|extracted_nt1365|aligned_aa455|pident69.670,HCV,3a,100.0
OR497968|geneNS5A|query5935-7293|h77_aa1-448|extracted_nt1359|aligned_aa455|pident70.110,HCV,3a,100.0
OR497971|geneNS5A|query5935-7293|h77_aa1-448|extracted_nt1359|aligned_aa456|pident69.518,HCV,3a,100.0
OR497972|geneNS5A|query5935-7299|h77_aa1-448|extracted_nt1365|aligned_aa457|pident70.022,HCV,3a,100.0
OR497981|geneNS5A|query5935-7293|h77_aa1-448|extracted_nt1359|aligned_aa455|pident69.670,HCV,3a,100.0
OR497961|geneNS5A|query5938-7302|h77_aa1-448|extracted_nt1365|aligned_aa455|pident70.330,HCV,3a,100.0
OR497975|geneNS5A|query5935-7293|h77_aa1-448|extracted_nt1359|aligned_aa456|pident69.518,HCV,3a,100.0
OR497977|geneNS5A|query5932-7296|h77_aa1-448|extracted_nt1365|aligned_aa455|pident69.890,HCV,3a,100.0
OR497973|geneNS5A|query5932-7290|h77_aa1-448|extracted_nt1359|aligned_aa456|pident69.079,HCV,3a,100.0
OR497983|geneNS5A|query5932-7296|h77_aa1-448|extracted_nt1365|aligned_aa455|pident69.451,HCV,3a,100.0
OR497984|geneNS5A|query5935-7299|h77_aa1-448|extracted_nt1365|aligned_aa455|pident69.451,HCV,3a,100.0
OR497990|geneNS5A|query5917-7260|h77_aa1-448|extracted_nt1344|aligned_aa449|pident79.510,HCV,1b,100.0
OR497994|geneNS5A|query5917-7257|h77_aa1-448|extracted_nt1341|aligned_aa448|pident80.357,HCV,1b,100.0
OR497987|geneNS5A|query5935-7293|h77_aa1-448|extracted_nt1359|aligned_aa455|pident70.110,HCV,3a,100.0
OR497969|geneNS5A|query5938-7296|h77_aa1-448|extracted_nt1359|aligned_aa455|pident70.549,HCV,3a,100.0
OR497986|geneNS5A|query5935-7299|h77_aa1-448|extracted_nt1365|aligned_aa455|pident70.110,HCV,3a,100.0
OR497995|geneNS5A|query5917-7257|h77_aa1-448|extracted_nt1341|aligned_aa450|pident81.778,HCV,1b,100.0
OR498016|geneNS5A|query5923-7080|h77_aa1-386|extracted_nt1158|aligned_aa386|pident83.938,HCV,1b,100.0
OR498015|geneNS5A|query5917-7257|h77_aa1-448|extracted_nt1341|aligned_aa449|pident78.174,HCV,1b,100.0
OR497999|geneNS5A|query5917-7257|h77_aa1-448|extracted_nt1341|aligned_aa448|pident78.571,HCV,1b,100.0
OR498017|geneNS5A|query5917-7257|h77_aa1-448|extracted_nt1341|aligned_aa448|pident80.580,HCV,1b,100.0
OR498011|geneNS5A|query5926-7272|h77_aa1-448|extracted_nt1347|aligned_aa450|pident77.333,HCV,1b,100.0
OR498014|geneNS5A|query5917-7257|h77_aa1-448|extracted_nt1341|aligned_aa448|pident78.571,HCV,1b,100.0
OR498012|geneNS5A|query5917-7257|h77_aa1-448|extracted_nt1341|aligned_aa448|pident77.679,HCV,1b,100.0
OR498018|geneNS5A|query5917-7257|h77_aa1-448|extracted_nt1341|aligned_aa448|pident79.911,HCV,1b,100.0
OR498008|geneNS5A|query5917-7257|h77_aa1-448|extracted_nt1341|aligned_aa448|pident77.902,HCV,1b,100.0
OR498023|geneNS5A|query5917-7257|h77_aa1-448|extracted_nt1341|aligned_aa449|pident80.401,HCV,1b,100.0
OR498033|geneNS5A|query5917-7257|h77_aa1-448|extracted_nt1341|aligned_aa448|pident80.134,HCV,1b,100.0
OR498028|geneNS5A|query5917-7257|h77_aa1-448|extracted_nt1341|aligned_aa448|pident80.580,HCV,1b,100.0
OR498036|geneNS5A|query5917-7257|h77_aa1-448|extracted_nt1341|aligned_aa448|pident78.795,HCV,1b,100.0
OR498034|geneNS5A|query5917-7257|h77_aa1-448|extracted_nt1341|aligned_aa448|pident79.688,HCV,1b,100.0
OR498022|geneNS5A|query5917-7257|h77_aa1-448|extracted_nt1341|aligned_aa448|pident79.688,HCV,1b,100.0
OR498050|geneNS5A|query5920-7260|h77_aa1-448|extracted_nt1341|aligned_aa448|pident79.241,HCV,1b,100.0
OR498056|geneNS5A|query5917-7257|h77_aa1-448|extracted_nt1341|aligned_aa450|pident80.667,HCV,1b,100.0
OR498037|geneNS5A|query5917-7257|h77_aa1-448|extracted_nt1341|aligned_aa448|pident79.018,HCV,1b,100.0
OR498053|geneNS5A|query5917-7257|h77_aa1-448|extracted_nt1341|aligned_aa449|pident77.951,HCV,1b,100.0
OR498054|geneNS5A|query5917-7257|h77_aa1-448|extracted_nt1341|aligned_aa453|pident81.236,HCV,1b,100.0
OR498065|geneNS5A|query5917-7257|h77_aa1-448|extracted_nt1341|aligned_aa453|pident80.353,HCV,1b,100.0
OR498068|geneNS5A|query5917-7257|h77_aa1-448|extracted_nt1341|aligned_aa448|pident79.464,HCV,1b,100.0
OR498064|geneNS5A|query5923-7263|h77_aa1-448|extracted_nt1341|aligned_aa448|pident80.357,HCV,1b,100.0
U37649|geneNS5A|query1-822|h77_aa5-278|extracted_nt822|aligned_aa274|pident83.212,HCV,1b,100.0
U37653|geneNS5A|query1-822|h77_aa5-278|extracted_nt822|aligned_aa274|pident84.307,HCV,1b,100.0
U37657|geneNS5A|query1-822|h77_aa5-278|extracted_nt822|aligned_aa274|pident84.307,HCV,1b,100.0
U37659|geneNS5A|query1-822|h77_aa5-278|extracted_nt822|aligned_aa274|pident84.307,HCV,1b,100.0
U37656|geneNS5A|query1-822|h77_aa5-278|extracted_nt822|aligned_aa274|pident84.307,HCV,1b,100.0
U37646|geneNS5A|query1-822|h77_aa5-278|extracted_nt822|aligned_aa274|pident97.445,HCV,1a,100.0
U37651|geneNS5A|query1-822|h77_aa5-278|extracted_nt822|aligned_aa274|pident85.036,HCV,1b,100.0
U37650|geneNS5A|query1-822|h77_aa5-278|extracted_nt822|aligned_aa274|pident85.036,HCV,1b,100.0
DQ516084|geneNS5A|query6196-7530|h77_aa1-448|extracted_nt1335|aligned_aa452|pident71.018,HCV,4a,100.0
EF207987|geneNS5A|query1-1302|h77_aa1-429|extracted_nt1302|aligned_aa436|pident71.101,HCV,3a,100.0
EF207988|geneNS5A|query1-1302|h77_aa1-429|extracted_nt1302|aligned_aa436|pident71.330,HCV,3a,100.0
EF207997|geneNS5A|query1-1302|h77_aa1-429|extracted_nt1302|aligned_aa436|pident70.183,HCV,3a,100.0
EF207989|geneNS5A|query1-1302|h77_aa1-429|extracted_nt1302|aligned_aa436|pident71.560,HCV,3a,100.0
EF208003|geneNS5A|query1-1302|h77_aa1-429|extracted_nt1302|aligned_aa436|pident71.101,HCV,3a,100.0
EF208005|geneNS5A|query1-1302|h77_aa1-429|extracted_nt1302|aligned_aa436|pident70.183,HCV,3a,100.0
EF207995|geneNS5A|query1-1302|h77_aa1-429|extracted_nt1302|aligned_aa437|pident71.625,HCV,3a,100.0
OR497955|geneNS5A|query5929-7344|h77_aa1-448|extracted_nt1416|aligned_aa472|pident57.839,HCV,2a,100.0
U37645|geneNS5A|query1-822|h77_aa5-278|extracted_nt822|aligned_aa274|pident96.715,HCV,1a,100.0
U37658|geneNS5A|query1-822|h77_aa5-278|extracted_nt822|aligned_aa274|pident83.942,HCV,1b,100.0
X61596|geneNS5A|query6241-7581|h77_aa1-448|extracted_nt1341|aligned_aa449|pident79.733,HCV,1b,100.0
OR497921|geneNS5A|query5917-7260|h77_aa1-448|extracted_nt1344|aligned_aa448|pident93.750,HCV,1a,100.0
AB285042|geneNS5A|query1-1341|h77_aa1-448|extracted_nt1341|aligned_aa448|pident79.018,HCV,1b,100.0
AB285052|geneNS5A|query1-1341|h77_aa1-448|extracted_nt1341|aligned_aa449|pident79.955,HCV,1b,100.0
AB285059|geneNS5A|query1-1341|h77_aa1-448|extracted_nt1341|aligned_aa448|pident80.357,HCV,1b,100.0
AB285067|geneNS5A|query1-1341|h77_aa1-448|extracted_nt1341|aligned_aa449|pident80.624,HCV,1b,100.0
AB285066|geneNS5A|query1-1341|h77_aa1-448|extracted_nt1341|aligned_aa448|pident80.357,HCV,1b,100.0
AB285065|geneNS5A|query1-1341|h77_aa1-448|extracted_nt1341|aligned_aa448|pident81.473,HCV,1b,100.0
AB285069|geneNS5A|query1-1341|h77_aa1-448|extracted_nt1341|aligned_aa448|pident81.250,HCV,1b,100.0
AB285071|geneNS5A|query1-1341|h77_aa1-448|extracted_nt1341|aligned_aa449|pident80.401,HCV,1b,100.0
AB285072|geneNS5A|query1-1341|h77_aa1-448|extracted_nt1341|aligned_aa448|pident80.134,HCV,1b,100.0
AB285068|geneNS5A|query1-1341|h77_aa1-448|extracted_nt1341|aligned_aa448|pident78.348,HCV,1b,100.0
AB285075|geneNS5A|query1-1341|h77_aa1-448|extracted_nt1341|aligned_aa448|pident79.464,HCV,1b,100.0
AB285077|geneNS5A|query1-1341|h77_aa1-448|extracted_nt1341|aligned_aa448|pident80.804,HCV,1b,100.0
AB285073|geneNS5A|query1-1341|h77_aa1-448|extracted_nt1341|aligned_aa449|pident79.287,HCV,1b,100.0
AB285076|geneNS5A|query1-1341|h77_aa1-448|extracted_nt1341|aligned_aa449|pident78.842,HCV,1b,100.0
AB285078|geneNS5A|query1-1341|h77_aa1-448|extracted_nt1341|aligned_aa448|pident79.688,HCV,1b,100.0
AB285081|geneNS5A|query1-1341|h77_aa1-448|extracted_nt1341|aligned_aa450|pident80.889,HCV,1b,100.0
AB285080|geneNS5A|query1-1356|h77_aa1-448|extracted_nt1356|aligned_aa458|pident77.511,HCV,1b,100.0
AB354116|geneNS5A|query1-1341|h77_aa1-448|extracted_nt1341|aligned_aa448|pident79.018,HCV,1b,100.0
AB354118|geneNS5A|query1-1341|h77_aa1-448|extracted_nt1341|aligned_aa448|pident80.357,HCV,1b,100.0
AB031663|geneNS5A|query6270-7565|h77_aa1-432|extracted_nt1296|aligned_aa436|pident61.697,HCV,2k,100.0
AB047639|geneNS5A|query6269-7666|h77_aa1-448|extracted_nt1398|aligned_aa472|pident58.051,HCV,2a,100.0
AB049097|geneNS5A|query6227-7579|h77_aa1-448|extracted_nt1353|aligned_aa452|pident78.982,HCV,1b,100.0
AB285037|geneNS5A|query1-1341|h77_aa1-448|extracted_nt1341|aligned_aa448|pident79.464,HCV,1b,100.0
AB285035|geneNS5A|query1-1341|h77_aa1-448|extracted_nt1341|aligned_aa448|pident79.688,HCV,1b,100.0
AB285043|geneNS5A|query1-1341|h77_aa1-448|extracted_nt1341|aligned_aa449|pident77.951,HCV,1b,100.0
AB285046|geneNS5A|query1-1341|h77_aa1-448|extracted_nt1341|aligned_aa450|pident80.000,HCV,1b,100.0
AB285049|geneNS5A|query1-1341|h77_aa1-448|extracted_nt1341|aligned_aa449|pident79.510,HCV,1b,100.0
AB285050|geneNS5A|query1-1341|h77_aa1-448|extracted_nt1341|aligned_aa453|pident79.029,HCV,1b,100.0
AB285051|geneNS5A|query1-1341|h77_aa1-448|extracted_nt1341|aligned_aa448|pident80.580,HCV,1b,100.0
AB285039|geneNS5A|query1-1341|h77_aa1-448|extracted_nt1341|aligned_aa453|pident80.574,HCV,1b,100.0
AB285044|geneNS5A|query1-1341|h77_aa1-448|extracted_nt1341|aligned_aa448|pident79.241,HCV,1b,100.0
AB285055|geneNS5A|query1-1341|h77_aa1-448|extracted_nt1341|aligned_aa449|pident78.174,HCV,1b,100.0
AB285048|geneNS5A|query1-1341|h77_aa1-448|extracted_nt1341|aligned_aa448|pident78.795,HCV,1b,100.0
AB285056|geneNS5A|query1-1341|h77_aa1-448|extracted_nt1341|aligned_aa448|pident79.018,HCV,1b,100.0
AB285062|geneNS5A|query1-1341|h77_aa1-448|extracted_nt1341|aligned_aa448|pident80.357,HCV,1b,100.0
AB285064|geneNS5A|query1-1341|h77_aa1-448|extracted_nt1341|aligned_aa449|pident78.619,HCV,1b,100.0
AB285070|geneNS5A|query1-1341|h77_aa1-448|extracted_nt1341|aligned_aa448|pident80.580,HCV,1b,100.0
AB285074|geneNS5A|query1-1341|h77_aa1-448|extracted_nt1341|aligned_aa449|pident80.624,HCV,1b,100.0
AB049087|geneNS5A|query6227-7567|h77_aa1-448|extracted_nt1341|aligned_aa449|pident79.287,HCV,1b,100.0
AB049094|geneNS5A|query6262-7602|h77_aa1-448|extracted_nt1341|aligned_aa448|pident78.348,HCV,1b,100.0
AB049092|geneNS5A|query6227-7567|h77_aa1-448|extracted_nt1341|aligned_aa449|pident78.842,HCV,1b,100.0
AB049096|geneNS5A|query6227-7567|h77_aa1-448|extracted_nt1341|aligned_aa448|pident77.902,HCV,1b,100.0
AB049100|geneNS5A|query6227-7567|h77_aa1-448|extracted_nt1341|aligned_aa448|pident80.357,HCV,1b,100.0
AB049098|geneNS5A|query6227-7567|h77_aa1-448|extracted_nt1341|aligned_aa448|pident80.134,HCV,1b,100.0
AB030907|geneNS5A|query6270-7667|h77_aa1-448|extracted_nt1398|aligned_aa472|pident59.110,HCV,2b,100.0
AB049099|geneNS5A|query6261-7601|h77_aa1-448|extracted_nt1341|aligned_aa448|pident80.134,HCV,1b,100.0
AB285036|geneNS5A|query1-1341|h77_aa1-448|extracted_nt1341|aligned_aa448|pident78.795,HCV,1b,100.0
AB285040|geneNS5A|query1-1341|h77_aa1-448|extracted_nt1341|aligned_aa448|pident77.455,HCV,1b,100.0
AB285041|geneNS5A|query1-1341|h77_aa1-448|extracted_nt1341|aligned_aa448|pident79.911,HCV,1b,100.0
AB285038|geneNS5A|query1-1341|h77_aa1-448|extracted_nt1341|aligned_aa450|pident80.667,HCV,1b,100.0
AB285053|geneNS5A|query1-1341|h77_aa1-448|extracted_nt1341|aligned_aa448|pident79.688,HCV,1b,100.0
AB285054|geneNS5A|query1-1341|h77_aa1-448|extracted_nt1341|aligned_aa449|pident78.842,HCV,1b,100.0
AB285045|geneNS5A|query1-1341|h77_aa1-448|extracted_nt1341|aligned_aa448|pident79.688,HCV,1b,100.0
AB285057|geneNS5A|query1-1341|h77_aa1-448|extracted_nt1341|aligned_aa449|pident79.955,HCV,1b,100.0
AB285058|geneNS5A|query1-1341|h77_aa1-448|extracted_nt1341|aligned_aa448|pident79.911,HCV,1b,100.0
AB285047|geneNS5A|query1-1341|h77_aa1-448|extracted_nt1341|aligned_aa448|pident81.027,HCV,1b,100.0
AB285060|geneNS5A|query1-1341|h77_aa1-448|extracted_nt1341|aligned_aa449|pident79.510,HCV,1b,100.0
AB285061|geneNS5A|query1-1341|h77_aa1-448|extracted_nt1341|aligned_aa448|pident79.464,HCV,1b,100.0
AB285063|geneNS5A|query1-1341|h77_aa1-448|extracted_nt1341|aligned_aa448|pident80.134,HCV,1b,100.0
AB285079|geneNS5A|query1-1341|h77_aa1-448|extracted_nt1341|aligned_aa449|pident79.065,HCV,1b,100.0
AB354117|geneNS5A|query1-1341|h77_aa1-448|extracted_nt1341|aligned_aa448|pident80.580,HCV,1b,100.0
AB661397|geneNS5A|query5926-7323|h77_aa1-448|extracted_nt1398|aligned_aa472|pident58.051,HCV,2b,100.0
AB661383|geneNS5A|query5929-7326|h77_aa1-448|extracted_nt1398|aligned_aa472|pident58.475,HCV,2b,100.0
AB693868|geneNS5A|query1-600|h77_aa1-200|extracted_nt600|aligned_aa200|pident80.500,HCV,1b,100.0
AB709536|geneNS5A|query1-489|h77_aa1-163|extracted_nt489|aligned_aa163|pident82.209,HCV,1b,100.0
AB709540|geneNS5A|query1-600|h77_aa1-200|extracted_nt600|aligned_aa200|pident81.000,HCV,1b,100.0
AB709543|geneNS5A|query1-600|h77_aa1-200|extracted_nt600|aligned_aa200|pident81.000,HCV,1b,100.0
AB709551|geneNS5A|query1-600|h77_aa1-200|extracted_nt600|aligned_aa200|pident82.500,HCV,1b,100.0
AB709562|geneNS5A|query1-600|h77_aa1-200|extracted_nt600|aligned_aa200|pident82.000,HCV,1b,100.0
AB709563|geneNS5A|query1-600|h77_aa1-200|extracted_nt600|aligned_aa200|pident82.000,HCV,1b,100.0
AB709564|geneNS5A|query1-600|h77_aa1-200|extracted_nt600|aligned_aa200|pident79.500,HCV,1b,100.0
AB709556|geneNS5A|query1-600|h77_aa1-200|extracted_nt600|aligned_aa200|pident80.500,HCV,1b,100.0
AB709557|geneNS5A|query1-600|h77_aa1-200|extracted_nt600|aligned_aa200|pident83.500,HCV,1b,100.0
AB518780|geneNS5A|query1-1341|h77_aa1-448|extracted_nt1341|aligned_aa448|pident80.357,HCV,1b,100.0
AB518777|geneNS5A|query1-1341|h77_aa1-448|extracted_nt1341|aligned_aa448|pident80.580,HCV,1b,100.0
AB518783|geneNS5A|query1-1341|h77_aa1-448|extracted_nt1341|aligned_aa450|pident80.222,HCV,1b,100.0
AB518784|geneNS5A|query1-1341|h77_aa1-448|extracted_nt1341|aligned_aa450|pident79.778,HCV,1b,100.0
AB518787|geneNS5A|query1-1341|h77_aa1-448|extracted_nt1341|aligned_aa448|pident79.688,HCV,1b,100.0
AB518789|geneNS5A|query1-1341|h77_aa1-448|extracted_nt1341|aligned_aa448|pident79.018,HCV,1b,100.0
AB518778|geneNS5A|query1-1341|h77_aa1-448|extracted_nt1341|aligned_aa448|pident80.580,HCV,1b,100.0
AB518782|geneNS5A|query1-1341|h77_aa1-448|extracted_nt1341|aligned_aa450|pident80.000,HCV,1b,100.0
AB518781|geneNS5A|query1-1341|h77_aa1-448|extracted_nt1341|aligned_aa449|pident79.955,HCV,1b,100.0
AB518786|geneNS5A|query1-1341|h77_aa1-448|extracted_nt1341|aligned_aa448|pident79.688,HCV,1b,100.0
AB518795|geneNS5A|query1-1341|h77_aa1-448|extracted_nt1341|aligned_aa449|pident80.846,HCV,1b,100.0
AB518791|geneNS5A|query1-1341|h77_aa1-448|extracted_nt1341|aligned_aa448|pident81.473,HCV,1b,100.0
AB518788|geneNS5A|query1-1341|h77_aa1-448|extracted_nt1341|aligned_aa450|pident79.333,HCV,1b,100.0
AB518779|geneNS5A|query1-1341|h77_aa1-448|extracted_nt1341|aligned_aa448|pident79.688,HCV,1b,100.0
AB518776|geneNS5A|query1-1341|h77_aa1-448|extracted_nt1341|aligned_aa453|pident79.029,HCV,1b,100.0
AB600752|geneNS5A|query1-1398|h77_aa1-448|extracted_nt1398|aligned_aa472|pident58.686,HCV,2a,100.0
AB600751|geneNS5A|query1-1398|h77_aa1-448|extracted_nt1398|aligned_aa472|pident58.263,HCV,2a,100.0
AB518790|geneNS5A|query1-1341|h77_aa1-448|extracted_nt1341|aligned_aa448|pident79.241,HCV,1b,100.0
AB518794|geneNS5A|query1-1341|h77_aa1-448|extracted_nt1341|aligned_aa450|pident78.222,HCV,1b,100.0
AB600757|geneNS5A|query4-1284|h77_aa2-428|extracted_nt1281|aligned_aa431|pident61.717,HCV,2a,100.0
AB518793|geneNS5A|query1-1341|h77_aa1-448|extracted_nt1341|aligned_aa450|pident79.778,HCV,1b,100.0
AB600761|geneNS5A|query1-1284|h77_aa1-428|extracted_nt1284|aligned_aa432|pident61.574,HCV,2a,100.0
AB600753|geneNS5A|query1-1398|h77_aa1-448|extracted_nt1398|aligned_aa472|pident59.322,HCV,2a,100.0
AB600754|geneNS5A|query1-1398|h77_aa1-448|extracted_nt1398|aligned_aa472|pident57.839,HCV,2a,100.0
AB600763|geneNS5A|query7-1284|h77_aa3-428|extracted_nt1278|aligned_aa430|pident60.930,HCV,2a,100.0
AB600764|geneNS5A|query1-1284|h77_aa1-428|extracted_nt1284|aligned_aa440|pident59.773,HCV,2a,100.0
AB600756|geneNS5A|query1-1284|h77_aa1-428|extracted_nt1284|aligned_aa432|pident61.111,HCV,2a,100.0
AB600762|geneNS5A|query1-1284|h77_aa1-428|extracted_nt1284|aligned_aa432|pident61.574,HCV,2a,100.0
AB600760|geneNS5A|query1-1284|h77_aa1-428|extracted_nt1284|aligned_aa432|pident61.574,HCV,2a,100.0
AB518774|geneNS5A|query1-1341|h77_aa1-448|extracted_nt1341|aligned_aa448|pident80.804,HCV,1b,100.0
AB600765|geneNS5A|query1-1293|h77_aa1-431|extracted_nt1293|aligned_aa435|pident60.690,HCV,2a,100.0
AB518785|geneNS5A|query1-1344|h77_aa1-448|extracted_nt1344|aligned_aa449|pident76.615,HCV,1b,100.0
AB600777|geneNS5A|query1-1284|h77_aa1-428|extracted_nt1284|aligned_aa432|pident62.037,HCV,2a,100.0
AB600770|geneNS5A|query1-1284|h77_aa1-428|extracted_nt1284|aligned_aa432|pident61.343,HCV,2a,100.0
AB600774|geneNS5A|query1-1398|h77_aa1-448|extracted_nt1398|aligned_aa472|pident58.263,HCV,2a,100.0
AB600801|geneNS5A|query1-1398|h77_aa1-448|extracted_nt1398|aligned_aa472|pident58.051,HCV,2b,100.0
AB600810|geneNS5A|query1-1284|h77_aa1-428|extracted_nt1284|aligned_aa432|pident60.417,HCV,2b,100.0
AB600814|geneNS5A|query1-1398|h77_aa1-448|extracted_nt1398|aligned_aa472|pident58.475,HCV,2b,100.0
AB600802|geneNS5A|query1-1398|h77_aa1-448|extracted_nt1398|aligned_aa472|pident57.627,HCV,2b,100.0
AB600805|geneNS5A|query1-1284|h77_aa1-428|extracted_nt1284|aligned_aa432|pident60.417,HCV,2b,100.0
AB600816|geneNS5A|query1-1398|h77_aa1-448|extracted_nt1398|aligned_aa472|pident57.415,HCV,2b,100.0
AB600813|geneNS5A|query1-1398|h77_aa1-448|extracted_nt1398|aligned_aa472|pident59.110,HCV,2b,100.0
AB600811|geneNS5A|query1-1398|h77_aa1-448|extracted_nt1398|aligned_aa472|pident57.627,HCV,2b,100.0
AB600820|geneNS5A|query1-1284|h77_aa1-428|extracted_nt1284|aligned_aa437|pident59.954,HCV,2b,100.0
AB600817|geneNS5A|query1-1293|h77_aa1-431|extracted_nt1293|aligned_aa435|pident61.149,HCV,2b,100.0
AB600818|geneNS5A|query1-1284|h77_aa1-428|extracted_nt1284|aligned_aa432|pident62.500,HCV,2b,100.0
AB600812|geneNS5A|query1-1293|h77_aa1-431|extracted_nt1293|aligned_aa435|pident61.609,HCV,2b,100.0
AB600806|geneNS5A|query1-1284|h77_aa1-428|extracted_nt1284|aligned_aa432|pident60.648,HCV,2b,100.0
AB600822|geneNS5A|query1-1398|h77_aa1-448|extracted_nt1398|aligned_aa472|pident57.627,HCV,2b,100.0
AB600819|geneNS5A|query1-1284|h77_aa1-428|extracted_nt1284|aligned_aa432|pident59.259,HCV,2b,100.0
AB600815|geneNS5A|query1-1398|h77_aa1-448|extracted_nt1398|aligned_aa472|pident57.203,HCV,2b,100.0
AB601989|geneNS5A|query1-1341|h77_aa1-448|extracted_nt1341|aligned_aa450|pident80.444,HCV,1b,100.0
AB600808|geneNS5A|query1-1284|h77_aa1-428|extracted_nt1284|aligned_aa432|pident60.185,HCV,2b,100.0
AB601990|geneNS5A|query1-1341|h77_aa1-448|extracted_nt1341|aligned_aa449|pident79.510,HCV,1b,100.0
AB601992|geneNS5A|query1-1341|h77_aa1-448|extracted_nt1341|aligned_aa453|pident79.249,HCV,1b,100.0
AB601999|geneNS5A|query1-1341|h77_aa1-448|extracted_nt1341|aligned_aa449|pident78.842,HCV,1b,100.0
AB600803|geneNS5A|query1-1398|h77_aa1-448|extracted_nt1398|aligned_aa472|pident59.958,HCV,2b,100.0
AB601997|geneNS5A|query1-1329|h77_aa1-443|extracted_nt1329|aligned_aa443|pident80.135,HCV,1b,100.0
AB602003|geneNS5A|query1-1341|h77_aa1-448|extracted_nt1341|aligned_aa448|pident79.911,HCV,1b,100.0
AB602004|geneNS5A|query1-1341|h77_aa1-448|extracted_nt1341|aligned_aa449|pident79.510,HCV,1b,100.0
AB602005|geneNS5A|query1-1341|h77_aa1-448|extracted_nt1341|aligned_aa449|pident79.065,HCV,1b,100.0
AB602006|geneNS5A|query1-1341|h77_aa1-448|extracted_nt1341|aligned_aa448|pident78.348,HCV,1b,100.0
AB601993|geneNS5A|query1-1341|h77_aa1-448|extracted_nt1341|aligned_aa448|pident77.679,HCV,1b,100.0
AB602007|geneNS5A|query1-1341|h77_aa1-448|extracted_nt1341|aligned_aa448|pident80.357,HCV,1b,100.0
AB602012|geneNS5A|query1-1341|h77_aa1-448|extracted_nt1341|aligned_aa448|pident78.795,HCV,1b,100.0
AB601994|geneNS5A|query1-1341|h77_aa1-448|extracted_nt1341|aligned_aa448|pident81.250,HCV,1b,100.0
AB602009|geneNS5A|query1-1341|h77_aa1-448|extracted_nt1341|aligned_aa448|pident80.134,HCV,1b,100.0
AB602014|geneNS5A|query1-1341|h77_aa1-448|extracted_nt1341|aligned_aa448|pident80.134,HCV,1b,100.0
AB602015|geneNS5A|query1-1341|h77_aa1-448|extracted_nt1341|aligned_aa449|pident79.733,HCV,1b,100.0
AB602019|geneNS5A|query1-1341|h77_aa1-448|extracted_nt1341|aligned_aa449|pident80.178,HCV,1b,100.0
AB601988|geneNS5A|query1-1341|h77_aa1-448|extracted_nt1341|aligned_aa448|pident78.348,HCV,1b,100.0
AB602024|geneNS5A|query1-1341|h77_aa1-448|extracted_nt1341|aligned_aa450|pident78.667,HCV,1b,100.0
AB602010|geneNS5A|query1-1341|h77_aa1-448|extracted_nt1341|aligned_aa448|pident80.134,HCV,1b,100.0
AB602016|geneNS5A|query1-1341|h77_aa1-448|extracted_nt1341|aligned_aa448|pident80.357,HCV,1b,100.0
AB602029|geneNS5A|query1-1341|h77_aa1-448|extracted_nt1341|aligned_aa448|pident80.134,HCV,1b,100.0
AB602018|geneNS5A|query1-1341|h77_aa1-448|extracted_nt1341|aligned_aa448|pident79.464,HCV,1b,100.0
AB602035|geneNS5A|query1-1341|h77_aa1-448|extracted_nt1341|aligned_aa448|pident77.679,HCV,1b,100.0
AB602025|geneNS5A|query1-1341|h77_aa1-448|extracted_nt1341|aligned_aa450|pident78.667,HCV,1b,100.0
AB602034|geneNS5A|query1-1341|h77_aa1-448|extracted_nt1341|aligned_aa448|pident80.580,HCV,1b,100.0
AB602030|geneNS5A|query1-1341|h77_aa1-448|extracted_nt1341|aligned_aa448|pident81.027,HCV,1b,100.0
AB602023|geneNS5A|query1-1341|h77_aa1-448|extracted_nt1341|aligned_aa450|pident79.778,HCV,1b,100.0
AB602032|geneNS5A|query1-1341|h77_aa1-448|extracted_nt1341|aligned_aa448|pident78.571,HCV,1b,100.0
AB602028|geneNS5A|query1-1341|h77_aa1-448|extracted_nt1341|aligned_aa450|pident80.889,HCV,1b,100.0
AB661377|geneNS5A|query5929-7326|h77_aa1-448|extracted_nt1398|aligned_aa472|pident58.263,HCV,2b,100.0
AB661373|geneNS5A|query5929-7326|h77_aa1-448|extracted_nt1398|aligned_aa472|pident59.534,HCV,2b,100.0
AB600767|geneNS5A|query1-1284|h77_aa1-428|extracted_nt1284|aligned_aa432|pident60.880,HCV,2a,100.0
AB600758|geneNS5A|query4-1284|h77_aa2-428|extracted_nt1281|aligned_aa431|pident62.645,HCV,2a,100.0
AB600755|geneNS5A|query1-1284|h77_aa1-428|extracted_nt1284|aligned_aa432|pident61.806,HCV,2a,100.0
AB600759|geneNS5A|query1-1398|h77_aa1-448|extracted_nt1398|aligned_aa472|pident59.110,HCV,2a,100.0
AB600772|geneNS5A|query1-1284|h77_aa1-428|extracted_nt1284|aligned_aa432|pident60.185,HCV,2a,100.0
AB600773|geneNS5A|query1-1284|h77_aa1-428|extracted_nt1284|aligned_aa432|pident61.806,HCV,2a,100.0
AB600768|geneNS5A|query1-1284|h77_aa1-428|extracted_nt1284|aligned_aa432|pident62.269,HCV,2a,100.0
AB600778|geneNS5A|query1-1398|h77_aa1-448|extracted_nt1398|aligned_aa472|pident56.144,HCV,2a,100.0
AB600771|geneNS5A|query1-1284|h77_aa1-428|extracted_nt1284|aligned_aa432|pident61.343,HCV,2a,100.0
AB600775|geneNS5A|query1-1398|h77_aa1-448|extracted_nt1398|aligned_aa472|pident57.627,HCV,2a,100.0
AB600776|geneNS5A|query1-1284|h77_aa1-428|extracted_nt1284|aligned_aa432|pident62.500,HCV,2a,100.0
AB600766|geneNS5A|query1-1398|h77_aa1-448|extracted_nt1398|aligned_aa472|pident57.839,HCV,2a,100.0
AB600779|geneNS5A|query1-1398|h77_aa1-448|extracted_nt1398|aligned_aa472|pident58.686,HCV,2a,100.0
AB600780|geneNS5A|query1-1398|h77_aa1-448|extracted_nt1398|aligned_aa472|pident58.898,HCV,2a,100.0
AB600804|geneNS5A|query1-1398|h77_aa1-448|extracted_nt1398|aligned_aa472|pident57.839,HCV,2b,100.0
AB600809|geneNS5A|query1-1284|h77_aa1-428|extracted_nt1284|aligned_aa432|pident60.648,HCV,2b,100.0
AB600821|geneNS5A|query1-1284|h77_aa1-428|extracted_nt1284|aligned_aa432|pident61.343,HCV,2b,100.0
AB601991|geneNS5A|query1-1341|h77_aa1-448|extracted_nt1341|aligned_aa448|pident78.795,HCV,1b,100.0
AB601987|geneNS5A|query1-1341|h77_aa1-448|extracted_nt1341|aligned_aa448|pident80.580,HCV,1b,100.0
AB601996|geneNS5A|query1-1341|h77_aa1-448|extracted_nt1341|aligned_aa449|pident80.401,HCV,1b,100.0
AB601998|geneNS5A|query1-1341|h77_aa1-448|extracted_nt1341|aligned_aa448|pident79.688,HCV,1b,100.0
AB602002|geneNS5A|query1-1341|h77_aa1-448|extracted_nt1341|aligned_aa448|pident79.911,HCV,1b,100.0
AB602001|geneNS5A|query1-1341|h77_aa1-448|extracted_nt1341|aligned_aa449|pident79.955,HCV,1b,100.0
AB600807|geneNS5A|query4-1284|h77_aa2-428|extracted_nt1281|aligned_aa431|pident60.557,HCV,2b,100.0
AB602013|geneNS5A|query1-1341|h77_aa1-448|extracted_nt1341|aligned_aa448|pident80.134,HCV,1b,100.0
AB602011|geneNS5A|query1-1341|h77_aa1-448|extracted_nt1341|aligned_aa448|pident79.464,HCV,1b,100.0
AB602000|geneNS5A|query1-1341|h77_aa1-448|extracted_nt1341|aligned_aa448|pident79.911,HCV,1b,100.0
AB602017|geneNS5A|query1-1341|h77_aa1-448|extracted_nt1341|aligned_aa448|pident80.357,HCV,1b,100.0
AB602026|geneNS5A|query1-1341|h77_aa1-448|extracted_nt1341|aligned_aa448|pident79.911,HCV,1b,100.0
AB601995|geneNS5A|query1-1341|h77_aa1-448|extracted_nt1341|aligned_aa449|pident79.510,HCV,1b,100.0
AB602021|geneNS5A|query1-1341|h77_aa1-448|extracted_nt1341|aligned_aa448|pident79.911,HCV,1b,100.0
AB602022|geneNS5A|query1-1341|h77_aa1-448|extracted_nt1341|aligned_aa448|pident80.134,HCV,1b,100.0
AB602008|geneNS5A|query1-1341|h77_aa1-448|extracted_nt1341|aligned_aa448|pident79.241,HCV,1b,100.0
AB602031|geneNS5A|query1-1341|h77_aa1-448|extracted_nt1341|aligned_aa449|pident76.837,HCV,1b,100.0
AB602027|geneNS5A|query1-1341|h77_aa1-448|extracted_nt1341|aligned_aa449|pident79.065,HCV,1b,100.0
AB602033|geneNS5A|query1-1341|h77_aa1-448|extracted_nt1341|aligned_aa449|pident79.065,HCV,1b,100.0
AB661375|geneNS5A|query5929-7326|h77_aa1-448|extracted_nt1398|aligned_aa472|pident57.839,HCV,2b,100.0
AB602039|geneNS5A|query1-1341|h77_aa1-448|extracted_nt1341|aligned_aa448|pident80.804,HCV,1b,100.0
AB602038|geneNS5A|query1-1341|h77_aa1-448|extracted_nt1341|aligned_aa448|pident80.357,HCV,1b,100.0
AB661376|geneNS5A|query5929-7326|h77_aa1-448|extracted_nt1398|aligned_aa472|pident58.475,HCV,2b,100.0
AB661387|geneNS5A|query5929-7326|h77_aa1-448|extracted_nt1398|aligned_aa472|pident58.263,HCV,2b,100.0
AB661379|geneNS5A|query5959-7356|h77_aa1-448|extracted_nt1398|aligned_aa472|pident58.686,HCV,2b,100.0
AB661385|geneNS5A|query5929-7326|h77_aa1-448|extracted_nt1398|aligned_aa472|pident56.780,HCV,2b,100.0
AB661389|geneNS5A|query5929-7326|h77_aa1-448|extracted_nt1398|aligned_aa472|pident58.051,HCV,2b,100.0
AB661416|geneNS5A|query5929-7326|h77_aa1-448|extracted_nt1398|aligned_aa472|pident58.475,HCV,2b,100.0
AB661381|geneNS5A|query5929-7326|h77_aa1-448|extracted_nt1398|aligned_aa472|pident58.686,HCV,2b,100.0
AB661410|geneNS5A|query5929-7326|h77_aa1-448|extracted_nt1398|aligned_aa472|pident58.686,HCV,2b,100.0
AB661419|geneNS5A|query5929-7326|h77_aa1-448|extracted_nt1398|aligned_aa472|pident58.475,HCV,2b,100.0
AB661423|geneNS5A|query5929-7326|h77_aa1-448|extracted_nt1398|aligned_aa472|pident57.839,HCV,2b,100.0
AB661402|geneNS5A|query5929-7326|h77_aa1-448|extracted_nt1398|aligned_aa472|pident58.898,HCV,2b,100.0
AB661414|geneNS5A|query5929-7326|h77_aa1-448|extracted_nt1398|aligned_aa472|pident58.686,HCV,2b,100.0
AB661408|geneNS5A|query5929-7323|h77_aa1-448|extracted_nt1395|aligned_aa472|pident56.356,HCV,2b,100.0
AB661421|geneNS5A|query5929-7326|h77_aa1-448|extracted_nt1398|aligned_aa472|pident58.898,HCV,2b,100.0
AB661422|geneNS5A|query5929-7326|h77_aa1-448|extracted_nt1398|aligned_aa472|pident59.322,HCV,2b,100.0
AB661424|geneNS5A|query5926-7323|h77_aa1-448|extracted_nt1398|aligned_aa472|pident58.051,HCV,2b,100.0
AB661427|geneNS5A|query5929-7326|h77_aa1-448|extracted_nt1398|aligned_aa472|pident58.263,HCV,2b,100.0
AB661418|geneNS5A|query5929-7326|h77_aa1-448|extracted_nt1398|aligned_aa472|pident58.475,HCV,2b,100.0
AB693847|geneNS5A|query1-600|h77_aa1-200|extracted_nt600|aligned_aa200|pident80.500,HCV,1b,100.0
AB693866|geneNS5A|query1-600|h77_aa1-200|extracted_nt600|aligned_aa200|pident82.000,HCV,1b,100.0
AB661425|geneNS5A|query5929-7326|h77_aa1-448|extracted_nt1398|aligned_aa472|pident58.051,HCV,2b,100.0
AB661420|geneNS5A|query5929-7326|h77_aa1-448|extracted_nt1398|aligned_aa472|pident58.686,HCV,2b,100.0
AB693858|geneNS5A|query1-600|h77_aa1-200|extracted_nt600|aligned_aa200|pident80.500,HCV,1b,100.0
AB693855|geneNS5A|query1-600|h77_aa1-200|extracted_nt600|aligned_aa200|pident80.500,HCV,1b,100.0
AB693863|geneNS5A|query1-600|h77_aa1-200|extracted_nt600|aligned_aa200|pident80.500,HCV,1b,100.0
AB693867|geneNS5A|query1-600|h77_aa1-200|extracted_nt600|aligned_aa200|pident81.000,HCV,1b,100.0
AB693860|geneNS5A|query1-600|h77_aa1-200|extracted_nt600|aligned_aa200|pident82.500,HCV,1b,100.0
AB693862|geneNS5A|query1-600|h77_aa1-200|extracted_nt600|aligned_aa200|pident80.000,HCV,1b,100.0
AB709537|geneNS5A|query1-600|h77_aa1-200|extracted_nt600|aligned_aa200|pident80.500,HCV,1b,100.0
AB693872|geneNS5A|query1-600|h77_aa1-200|extracted_nt600|aligned_aa200|pident81.000,HCV,1b,100.0
AB693850|geneNS5A|query1-600|h77_aa1-200|extracted_nt600|aligned_aa200|pident79.500,HCV,1b,100.0
AB709545|geneNS5A|query1-600|h77_aa1-200|extracted_nt600|aligned_aa200|pident81.000,HCV,1b,100.0
AB709544|geneNS5A|query1-600|h77_aa1-200|extracted_nt600|aligned_aa200|pident81.500,HCV,1b,100.0
AB709558|geneNS5A|query1-600|h77_aa1-200|extracted_nt600|aligned_aa200|pident80.000,HCV,1b,100.0
AB709561|geneNS5A|query1-600|h77_aa1-200|extracted_nt600|aligned_aa200|pident79.500,HCV,1b,100.0
AB709559|geneNS5A|query1-600|h77_aa1-200|extracted_nt600|aligned_aa200|pident82.500,HCV,1b,100.0
AB693871|geneNS5A|query1-600|h77_aa1-200|extracted_nt600|aligned_aa200|pident81.000,HCV,1b,100.0
AB709550|geneNS5A|query1-600|h77_aa1-200|extracted_nt600|aligned_aa200|pident82.500,HCV,1b,100.0
AB709581|geneNS5A|query1-600|h77_aa1-200|extracted_nt600|aligned_aa200|pident83.000,HCV,1b,100.0
AB709588|geneNS5A|query1-600|h77_aa1-200|extracted_nt600|aligned_aa200|pident81.000,HCV,1b,100.0
AB709583|geneNS5A|query1-600|h77_aa1-200|extracted_nt600|aligned_aa200|pident80.000,HCV,1b,100.0
AB709589|geneNS5A|query1-600|h77_aa1-200|extracted_nt600|aligned_aa200|pident81.000,HCV,1b,100.0
AB709575|geneNS5A|query1-600|h77_aa1-200|extracted_nt600|aligned_aa200|pident80.000,HCV,1b,100.0
AB709576|geneNS5A|query1-600|h77_aa1-200|extracted_nt600|aligned_aa200|pident81.000,HCV,1b,100.0
AB709574|geneNS5A|query1-600|h77_aa1-200|extracted_nt600|aligned_aa200|pident79.000,HCV,1b,100.0
AB709571|geneNS5A|query1-600|h77_aa1-200|extracted_nt600|aligned_aa200|pident83.000,HCV,1b,100.0
AB709630|geneNS5A|query1-600|h77_aa1-200|extracted_nt600|aligned_aa200|pident81.000,HCV,1b,100.0
AB709605|geneNS5A|query1-600|h77_aa1-200|extracted_nt600|aligned_aa200|pident78.500,HCV,1b,100.0
AB709590|geneNS5A|query1-600|h77_aa1-200|extracted_nt600|aligned_aa200|pident79.500,HCV,1b,100.0
AB709595|geneNS5A|query1-600|h77_aa1-200|extracted_nt600|aligned_aa200|pident80.000,HCV,1b,100.0
AB709599|geneNS5A|query1-600|h77_aa1-200|extracted_nt600|aligned_aa200|pident82.500,HCV,1b,100.0
AB709572|geneNS5A|query1-600|h77_aa1-200|extracted_nt600|aligned_aa200|pident83.000,HCV,1b,100.0
AB709600|geneNS5A|query1-600|h77_aa1-200|extracted_nt600|aligned_aa200|pident83.000,HCV,1b,100.0
AB709631|geneNS5A|query1-600|h77_aa1-200|extracted_nt600|aligned_aa200|pident81.000,HCV,1b,100.0
AB709629|geneNS5A|query1-600|h77_aa1-200|extracted_nt600|aligned_aa200|pident84.000,HCV,1b,100.0
AB709635|geneNS5A|query1-600|h77_aa1-200|extracted_nt600|aligned_aa200|pident80.000,HCV,1b,100.0
AB709618|geneNS5A|query1-600|h77_aa1-200|extracted_nt600|aligned_aa200|pident81.000,HCV,1b,100.0
AB709622|geneNS5A|query1-600|h77_aa1-200|extracted_nt600|aligned_aa200|pident81.500,HCV,1b,100.0
AB709626|geneNS5A|query1-600|h77_aa1-200|extracted_nt600|aligned_aa200|pident81.000,HCV,1b,100.0
AB709638|geneNS5A|query1-600|h77_aa1-200|extracted_nt600|aligned_aa200|pident81.500,HCV,1b,100.0
AB709636|geneNS5A|query1-600|h77_aa1-200|extracted_nt600|aligned_aa200|pident81.000,HCV,1b,100.0
AB709640|geneNS5A|query1-600|h77_aa1-200|extracted_nt600|aligned_aa200|pident81.500,HCV,1b,100.0
AB709643|geneNS5A|query1-600|h77_aa1-200|extracted_nt600|aligned_aa200|pident81.000,HCV,1b,100.0
AB709645|geneNS5A|query1-600|h77_aa1-200|extracted_nt600|aligned_aa200|pident80.500,HCV,1b,100.0
AB709641|geneNS5A|query1-600|h77_aa1-200|extracted_nt600|aligned_aa200|pident81.000,HCV,1b,100.0
AB709647|geneNS5A|query1-600|h77_aa1-200|extracted_nt600|aligned_aa200|pident80.500,HCV,1b,100.0
AB709646|geneNS5A|query1-600|h77_aa1-200|extracted_nt600|aligned_aa200|pident80.500,HCV,1b,100.0
AB709623|geneNS5A|query1-600|h77_aa1-200|extracted_nt600|aligned_aa200|pident81.500,HCV,1b,100.0
AB709602|geneNS5A|query1-600|h77_aa1-200|extracted_nt600|aligned_aa200|pident80.000,HCV,1b,100.0
AB709627|geneNS5A|query1-600|h77_aa1-200|extracted_nt600|aligned_aa200|pident79.500,HCV,1b,100.0
AB709633|geneNS5A|query1-600|h77_aa1-200|extracted_nt600|aligned_aa200|pident81.000,HCV,1b,100.0
AB709634|geneNS5A|query1-600|h77_aa1-200|extracted_nt600|aligned_aa200|pident81.000,HCV,1b,100.0
AB709684|geneNS5A|query1-600|h77_aa1-200|extracted_nt600|aligned_aa200|pident82.000,HCV,1b,100.0
AB709656|geneNS5A|query1-600|h77_aa1-200|extracted_nt600|aligned_aa200|pident80.000,HCV,1b,100.0
AB709677|geneNS5A|query1-600|h77_aa1-200|extracted_nt600|aligned_aa200|pident83.000,HCV,1b,100.0
AB709655|geneNS5A|query7-600|h77_aa3-200|extracted_nt594|aligned_aa198|pident78.283,HCV,1b,100.0
AB709657|geneNS5A|query1-600|h77_aa1-200|extracted_nt600|aligned_aa200|pident81.000,HCV,1b,100.0
AB709639|geneNS5A|query1-600|h77_aa1-200|extracted_nt600|aligned_aa200|pident81.000,HCV,1b,100.0
AB709660|geneNS5A|query1-600|h77_aa1-200|extracted_nt600|aligned_aa200|pident81.500,HCV,1b,100.0
AB709680|geneNS5A|query1-600|h77_aa1-200|extracted_nt600|aligned_aa200|pident81.000,HCV,1b,100.0
AB709698|geneNS5A|query1-600|h77_aa1-200|extracted_nt600|aligned_aa200|pident83.000,HCV,1b,100.0
AB709701|geneNS5A|query1-600|h77_aa1-200|extracted_nt600|aligned_aa200|pident80.500,HCV,1b,100.0
AB709688|geneNS5A|query1-600|h77_aa1-200|extracted_nt600|aligned_aa200|pident80.000,HCV,1b,100.0
AB709676|geneNS5A|query1-600|h77_aa1-200|extracted_nt600|aligned_aa200|pident80.000,HCV,1b,100.0
AB709690|geneNS5A|query1-600|h77_aa1-200|extracted_nt600|aligned_aa200|pident80.000,HCV,1b,100.0
AB709658|geneNS5A|query1-600|h77_aa1-200|extracted_nt600|aligned_aa200|pident79.500,HCV,1b,100.0
AB709689|geneNS5A|query1-600|h77_aa1-200|extracted_nt600|aligned_aa200|pident81.500,HCV,1b,100.0
AB709711|geneNS5A|query1-600|h77_aa1-200|extracted_nt600|aligned_aa200|pident80.500,HCV,1b,100.0
AB709728|geneNS5A|query1-600|h77_aa1-200|extracted_nt600|aligned_aa200|pident81.000,HCV,1b,100.0
AB709726|geneNS5A|query1-600|h77_aa1-200|extracted_nt600|aligned_aa200|pident81.500,HCV,1b,100.0
AB709731|geneNS5A|query1-600|h77_aa1-200|extracted_nt600|aligned_aa200|pident81.500,HCV,1b,100.0
AB709733|geneNS5A|query1-600|h77_aa1-200|extracted_nt600|aligned_aa200|pident80.000,HCV,1b,100.0
AB709735|geneNS5A|query1-600|h77_aa1-200|extracted_nt600|aligned_aa200|pident80.500,HCV,1b,100.0
AB709739|geneNS5A|query1-600|h77_aa1-200|extracted_nt600|aligned_aa200|pident80.500,HCV,1b,100.0
AB709745|geneNS5A|query1-600|h77_aa1-200|extracted_nt600|aligned_aa200|pident80.000,HCV,1b,100.0
AB709705|geneNS5A|query1-600|h77_aa1-200|extracted_nt600|aligned_aa200|pident80.500,HCV,1b,100.0
AB709719|geneNS5A|query1-600|h77_aa1-200|extracted_nt600|aligned_aa200|pident83.000,HCV,1b,100.0
AB709744|geneNS5A|query1-600|h77_aa1-200|extracted_nt600|aligned_aa200|pident81.000,HCV,1b,100.0
AB709740|geneNS5A|query1-600|h77_aa1-200|extracted_nt600|aligned_aa200|pident80.000,HCV,1b,100.0
AB709751|geneNS5A|query1-600|h77_aa1-200|extracted_nt600|aligned_aa200|pident80.000,HCV,1b,100.0
AB709754|geneNS5A|query1-600|h77_aa1-200|extracted_nt600|aligned_aa200|pident83.000,HCV,1b,100.0
AB709732|geneNS5A|query1-600|h77_aa1-200|extracted_nt600|aligned_aa200|pident80.000,HCV,1b,100.0
AB709755|geneNS5A|query1-600|h77_aa1-200|extracted_nt600|aligned_aa200|pident81.000,HCV,1b,100.0
AB709752|geneNS5A|query1-600|h77_aa1-200|extracted_nt600|aligned_aa200|pident81.500,HCV,1b,100.0
AB709773|geneNS5A|query1-600|h77_aa1-200|extracted_nt600|aligned_aa200|pident79.500,HCV,1b,100.0
AB709771|geneNS5A|query1-600|h77_aa1-200|extracted_nt600|aligned_aa200|pident80.000,HCV,1b,100.0
AB709766|geneNS5A|query1-600|h77_aa1-200|extracted_nt600|aligned_aa200|pident80.000,HCV,1b,100.0
AB709799|geneNS5A|query1-600|h77_aa1-200|extracted_nt600|aligned_aa200|pident81.500,HCV,1b,100.0
AB709798|geneNS5A|query1-600|h77_aa1-200|extracted_nt600|aligned_aa200|pident80.000,HCV,1b,100.0
AB709769|geneNS5A|query1-600|h77_aa1-200|extracted_nt600|aligned_aa200|pident80.500,HCV,1b,100.0
AB709780|geneNS5A|query1-600|h77_aa1-200|extracted_nt600|aligned_aa200|pident82.000,HCV,1b,100.0
AF033359|geneNS5A|query1-1341|h77_aa1-448|extracted_nt1341|aligned_aa448|pident81.250,HCV,1b,100.0
AF033366|geneNS5A|query1-1341|h77_aa1-448|extracted_nt1341|aligned_aa449|pident79.287,HCV,1b,100.0
AF033376|geneNS5A|query1-1341|h77_aa1-448|extracted_nt1341|aligned_aa448|pident81.696,HCV,1b,100.0
AF033372|geneNS5A|query1-1341|h77_aa1-448|extracted_nt1341|aligned_aa449|pident81.069,HCV,1b,100.0
AF033367|geneNS5A|query1-1341|h77_aa1-448|extracted_nt1341|aligned_aa449|pident81.069,HCV,1b,100.0
AF165052|geneNS5A|query6246-7586|h77_aa1-448|extracted_nt1341|aligned_aa448|pident81.250,HCV,1b,100.0
AF033370|geneNS5A|query1-1341|h77_aa1-448|extracted_nt1341|aligned_aa448|pident79.688,HCV,1b,100.0
AF165050|geneNS5A|query6246-7586|h77_aa1-448|extracted_nt1341|aligned_aa448|pident80.134,HCV,1b,100.0
AF169005|geneNS5A|query6269-7666|h77_aa1-448|extracted_nt1398|aligned_aa472|pident58.898,HCV,2a,100.0
AF207752|geneNS5A|query6246-7586|h77_aa1-448|extracted_nt1341|aligned_aa448|pident80.804,HCV,1b,100.0
AF165046|geneNS5A|query6246-7586|h77_aa1-448|extracted_nt1341|aligned_aa450|pident78.667,HCV,1b,100.0
AF207759|geneNS5A|query6246-7595|h77_aa1-448|extracted_nt1350|aligned_aa451|pident78.936,HCV,1b,100.0
AF165056|geneNS5A|query6255-7595|h77_aa1-448|extracted_nt1341|aligned_aa453|pident80.353,HCV,1b,100.0
AF165061|geneNS5A|query6246-7586|h77_aa1-448|extracted_nt1341|aligned_aa448|pident80.134,HCV,1b,100.0
AF165060|geneNS5A|query6246-7586|h77_aa1-448|extracted_nt1341|aligned_aa448|pident80.580,HCV,1b,100.0
AF165058|geneNS5A|query6246-7586|h77_aa1-448|extracted_nt1341|aligned_aa448|pident79.241,HCV,1b,100.0
AF165057|geneNS5A|query6246-7586|h77_aa1-448|extracted_nt1341|aligned_aa448|pident79.464,HCV,1b,100.0
AF165064|geneNS5A|query6246-7586|h77_aa1-448|extracted_nt1341|aligned_aa449|pident80.624,HCV,1b,100.0
AF165062|geneNS5A|query6246-7586|h77_aa1-448|extracted_nt1341|aligned_aa448|pident79.688,HCV,1b,100.0
AF207763|geneNS5A|query6246-7586|h77_aa1-448|extracted_nt1341|aligned_aa448|pident81.920,HCV,1b,100.0
AF165053|geneNS5A|query6246-7586|h77_aa1-448|extracted_nt1341|aligned_aa449|pident79.287,HCV,1b,100.0
AF165055|geneNS5A|query6255-7595|h77_aa1-448|extracted_nt1341|aligned_aa453|pident80.795,HCV,1b,100.0
AF165063|geneNS5A|query6246-7586|h77_aa1-448|extracted_nt1341|aligned_aa449|pident80.624,HCV,1b,100.0
AF064490|geneNS5A|query6169-7515|h77_aa2-448|extracted_nt1347|aligned_aa453|pident69.978,HCV,5a,100.0
AF169002|geneNS5A|query6269-7666|h77_aa1-448|extracted_nt1398|aligned_aa472|pident59.322,HCV,2a,100.0
AF207754|geneNS5A|query6246-7586|h77_aa1-448|extracted_nt1341|aligned_aa448|pident80.580,HCV,1b,100.0
AF207764|geneNS5A|query6246-7586|h77_aa1-448|extracted_nt1341|aligned_aa448|pident79.911,HCV,1b,100.0
AF207758|geneNS5A|query6246-7586|h77_aa1-448|extracted_nt1341|aligned_aa448|pident80.357,HCV,1b,100.0
AF207757|geneNS5A|query6246-7586|h77_aa1-448|extracted_nt1341|aligned_aa448|pident78.348,HCV,1b,100.0
AF207765|geneNS5A|query6246-7586|h77_aa1-448|extracted_nt1341|aligned_aa448|pident79.464,HCV,1b,100.0
AF207755|geneNS5A|query6246-7586|h77_aa1-448|extracted_nt1341|aligned_aa450|pident78.444,HCV,1b,100.0
AF165054|geneNS5A|query6246-7586|h77_aa1-448|extracted_nt1341|aligned_aa449|pident79.065,HCV,1b,100.0
AF207756|geneNS5A|query6246-7586|h77_aa1-448|extracted_nt1341|aligned_aa448|pident80.804,HCV,1b,100.0
AF207768|geneNS5A|query6246-7586|h77_aa1-448|extracted_nt1341|aligned_aa453|pident80.353,HCV,1b,100.0
AF207774|geneNS5A|query6246-7586|h77_aa1-448|extracted_nt1341|aligned_aa448|pident79.911,HCV,1b,100.0
AF208024|geneNS5A|query6240-7580|h77_aa1-448|extracted_nt1341|aligned_aa448|pident80.357,HCV,1b,100.0
AF207767|geneNS5A|query6246-7586|h77_aa1-448|extracted_nt1341|aligned_aa448|pident80.357,HCV,1b,100.0
AF207772|geneNS5A|query6246-7586|h77_aa1-448|extracted_nt1341|aligned_aa448|pident79.688,HCV,1b,100.0
AF207769|geneNS5A|query6246-7586|h77_aa1-448|extracted_nt1341|aligned_aa450|pident79.333,HCV,1b,100.0
AF207766|geneNS5A|query6246-7586|h77_aa1-448|extracted_nt1341|aligned_aa449|pident80.846,HCV,1b,100.0
AF207771|geneNS5A|query6246-7586|h77_aa1-448|extracted_nt1341|aligned_aa449|pident79.510,HCV,1b,100.0
AF207770|geneNS5A|query6246-7586|h77_aa1-448|extracted_nt1341|aligned_aa448|pident81.250,HCV,1b,100.0
AF207773|geneNS5A|query6246-7586|h77_aa1-448|extracted_nt1341|aligned_aa449|pident80.624,HCV,1b,100.0
AF169003|geneNS5A|query6266-7663|h77_aa1-448|extracted_nt1398|aligned_aa472|pident58.263,HCV,2a,100.0
AB518775|geneNS5A|query1-1341|h77_aa1-448|extracted_nt1341|aligned_aa448|pident79.688,HCV,1b,100.0
AB661380|geneNS5A|query5929-7326|h77_aa1-448|extracted_nt1398|aligned_aa472|pident58.051,HCV,2b,100.0
AB661374|geneNS5A|query5929-7326|h77_aa1-448|extracted_nt1398|aligned_aa472|pident57.839,HCV,2b,100.0
AB661378|geneNS5A|query5929-7326|h77_aa1-448|extracted_nt1398|aligned_aa472|pident58.263,HCV,2b,100.0
AB602037|geneNS5A|query1-1341|h77_aa1-448|extracted_nt1341|aligned_aa448|pident79.688,HCV,1b,100.0
AB661384|geneNS5A|query5929-7326|h77_aa1-448|extracted_nt1398|aligned_aa472|pident58.686,HCV,2b,100.0
AB661390|geneNS5A|query5929-7326|h77_aa1-448|extracted_nt1398|aligned_aa472|pident58.263,HCV,2b,100.0
AB661386|geneNS5A|query5929-7326|h77_aa1-448|extracted_nt1398|aligned_aa472|pident58.263,HCV,2b,100.0
AB602036|geneNS5A|query1-1341|h77_aa1-448|extracted_nt1341|aligned_aa450|pident75.556,HCV,1b,100.0
AB661392|geneNS5A|query5929-7326|h77_aa1-448|extracted_nt1398|aligned_aa472|pident58.051,HCV,2b,100.0
AB661382|geneNS5A|query5929-7326|h77_aa1-448|extracted_nt1398|aligned_aa472|pident58.051,HCV,2b,100.0
AB661391|geneNS5A|query5929-7326|h77_aa1-448|extracted_nt1398|aligned_aa472|pident58.475,HCV,2b,100.0
AB661405|geneNS5A|query5932-7329|h77_aa1-448|extracted_nt1398|aligned_aa472|pident58.051,HCV,2b,100.0
AB661411|geneNS5A|query5929-7326|h77_aa1-448|extracted_nt1398|aligned_aa472|pident58.263,HCV,2b,100.0
AB661415|geneNS5A|query5929-7326|h77_aa1-448|extracted_nt1398|aligned_aa474|pident60.338,HCV,2b,100.0
AB661406|geneNS5A|query5929-7326|h77_aa1-448|extracted_nt1398|aligned_aa473|pident60.677,HCV,2b,100.0
AB661413|geneNS5A|query5929-7326|h77_aa1-448|extracted_nt1398|aligned_aa473|pident58.774,HCV,2b,100.0
AB661428|geneNS5A|query5929-7326|h77_aa1-448|extracted_nt1398|aligned_aa472|pident58.475,HCV,2b,100.0
AB661417|geneNS5A|query5929-7326|h77_aa1-448|extracted_nt1398|aligned_aa472|pident57.627,HCV,2b,100.0
AB661426|geneNS5A|query5929-7326|h77_aa1-448|extracted_nt1398|aligned_aa472|pident57.203,HCV,2b,100.0
AB661429|geneNS5A|query5929-7326|h77_aa1-448|extracted_nt1398|aligned_aa472|pident58.475,HCV,2b,100.0
AB661431|geneNS5A|query5929-7326|h77_aa1-448|extracted_nt1398|aligned_aa472|pident58.475,HCV,2b,100.0
AB661430|geneNS5A|query5923-7320|h77_aa1-448|extracted_nt1398|aligned_aa472|pident58.263,HCV,2b,100.0
AB661432|geneNS5A|query5929-7326|h77_aa1-448|extracted_nt1398|aligned_aa472|pident58.263,HCV,2b,100.0
AB693849|geneNS5A|query1-600|h77_aa1-200|extracted_nt600|aligned_aa200|pident77.000,HCV,1b,100.0
AB693848|geneNS5A|query1-600|h77_aa1-200|extracted_nt600|aligned_aa200|pident79.500,HCV,1b,100.0
AB693851|geneNS5A|query1-600|h77_aa1-200|extracted_nt600|aligned_aa200|pident81.000,HCV,1b,100.0
AB693853|geneNS5A|query1-600|h77_aa1-200|extracted_nt600|aligned_aa200|pident79.000,HCV,1b,100.0
AB693852|geneNS5A|query1-600|h77_aa1-200|extracted_nt600|aligned_aa200|pident80.000,HCV,1b,100.0
AB693856|geneNS5A|query1-600|h77_aa1-200|extracted_nt600|aligned_aa200|pident81.000,HCV,1b,100.0
AB693854|geneNS5A|query1-600|h77_aa1-200|extracted_nt600|aligned_aa200|pident81.500,HCV,1b,100.0
AB693857|geneNS5A|query1-600|h77_aa1-200|extracted_nt600|aligned_aa200|pident80.000,HCV,1b,100.0
AB693861|geneNS5A|query1-600|h77_aa1-200|extracted_nt600|aligned_aa200|pident80.000,HCV,1b,100.0
AB693864|geneNS5A|query1-600|h77_aa1-200|extracted_nt600|aligned_aa200|pident82.000,HCV,1b,100.0
AB693859|geneNS5A|query1-600|h77_aa1-200|extracted_nt600|aligned_aa200|pident81.500,HCV,1b,100.0
AB693869|geneNS5A|query1-600|h77_aa1-200|extracted_nt600|aligned_aa200|pident80.500,HCV,1b,100.0
AB693865|geneNS5A|query1-600|h77_aa1-200|extracted_nt600|aligned_aa200|pident80.500,HCV,1b,100.0
AB693870|geneNS5A|query1-600|h77_aa1-200|extracted_nt600|aligned_aa200|pident79.000,HCV,1b,100.0
AB709535|geneNS5A|query1-600|h77_aa1-200|extracted_nt600|aligned_aa200|pident80.000,HCV,1b,100.0
AB709542|geneNS5A|query1-600|h77_aa1-200|extracted_nt600|aligned_aa200|pident82.000,HCV,1b,100.0
AB709538|geneNS5A|query1-600|h77_aa1-200|extracted_nt600|aligned_aa200|pident80.000,HCV,1b,100.0
AB709547|geneNS5A|query1-600|h77_aa1-200|extracted_nt600|aligned_aa200|pident82.000,HCV,1b,100.0
AB709546|geneNS5A|query1-600|h77_aa1-200|extracted_nt600|aligned_aa200|pident83.500,HCV,1b,100.0
AB709620|geneNS5A|query1-600|h77_aa1-200|extracted_nt600|aligned_aa200|pident80.000,HCV,1b,100.0
AB709616|geneNS5A|query1-600|h77_aa1-200|extracted_nt600|aligned_aa200|pident80.500,HCV,1b,100.0
AB709621|geneNS5A|query1-600|h77_aa1-200|extracted_nt600|aligned_aa200|pident81.500,HCV,1b,100.0
AB709597|geneNS5A|query1-600|h77_aa1-200|extracted_nt600|aligned_aa200|pident81.000,HCV,1b,100.0
AB709617|geneNS5A|query1-600|h77_aa1-200|extracted_nt600|aligned_aa200|pident82.000,HCV,1b,100.0
AB709619|geneNS5A|query1-525|h77_aa1-175|extracted_nt525|aligned_aa175|pident81.143,HCV,1b,100.0
AB709601|geneNS5A|query1-600|h77_aa1-200|extracted_nt600|aligned_aa200|pident81.500,HCV,1b,100.0
AB709624|geneNS5A|query1-600|h77_aa1-200|extracted_nt600|aligned_aa200|pident81.500,HCV,1b,100.0
AB709625|geneNS5A|query1-600|h77_aa1-200|extracted_nt600|aligned_aa200|pident82.500,HCV,1b,100.0
AB709628|geneNS5A|query1-600|h77_aa1-200|extracted_nt600|aligned_aa200|pident79.500,HCV,1b,100.0
AB709649|geneNS5A|query1-600|h77_aa1-200|extracted_nt600|aligned_aa200|pident83.500,HCV,1b,100.0
AB709650|geneNS5A|query1-600|h77_aa1-200|extracted_nt600|aligned_aa200|pident82.000,HCV,1b,100.0
AB709644|geneNS5A|query1-600|h77_aa1-200|extracted_nt600|aligned_aa200|pident83.500,HCV,1b,100.0
AB709653|geneNS5A|query1-600|h77_aa1-200|extracted_nt600|aligned_aa200|pident81.000,HCV,1b,100.0
AB709654|geneNS5A|query1-600|h77_aa1-200|extracted_nt600|aligned_aa200|pident80.000,HCV,1b,100.0
AB709651|geneNS5A|query1-600|h77_aa1-200|extracted_nt600|aligned_aa200|pident81.500,HCV,1b,100.0
AB709652|geneNS5A|query1-600|h77_aa1-200|extracted_nt600|aligned_aa200|pident80.000,HCV,1b,100.0
AB709637|geneNS5A|query1-600|h77_aa1-200|extracted_nt600|aligned_aa200|pident81.500,HCV,1b,100.0
AB709632|geneNS5A|query1-600|h77_aa1-200|extracted_nt600|aligned_aa200|pident80.000,HCV,1b,100.0
AB709642|geneNS5A|query1-600|h77_aa1-200|extracted_nt600|aligned_aa200|pident82.000,HCV,1b,100.0
AB709662|geneNS5A|query1-600|h77_aa1-200|extracted_nt600|aligned_aa200|pident81.500,HCV,1b,100.0
AB709663|geneNS5A|query1-600|h77_aa1-200|extracted_nt600|aligned_aa200|pident83.000,HCV,1b,100.0
AB709648|geneNS5A|query1-600|h77_aa1-200|extracted_nt600|aligned_aa200|pident81.500,HCV,1b,100.0
AB709666|geneNS5A|query1-600|h77_aa1-200|extracted_nt600|aligned_aa200|pident80.500,HCV,1b,100.0
AB709664|geneNS5A|query1-600|h77_aa1-200|extracted_nt600|aligned_aa200|pident80.500,HCV,1b,100.0
AB709670|geneNS5A|query1-600|h77_aa1-200|extracted_nt600|aligned_aa200|pident80.500,HCV,1b,100.0
AB709667|geneNS5A|query1-600|h77_aa1-200|extracted_nt600|aligned_aa200|pident80.000,HCV,1b,100.0
AB709661|geneNS5A|query1-600|h77_aa1-200|extracted_nt600|aligned_aa200|pident81.500,HCV,1b,100.0
AB709672|geneNS5A|query1-600|h77_aa1-200|extracted_nt600|aligned_aa200|pident79.500,HCV,1b,100.0
AB709665|geneNS5A|query1-600|h77_aa1-200|extracted_nt600|aligned_aa200|pident79.500,HCV,1b,100.0
AB709668|geneNS5A|query1-600|h77_aa1-200|extracted_nt600|aligned_aa200|pident82.500,HCV,1b,100.0
AB709671|geneNS5A|query1-600|h77_aa1-200|extracted_nt600|aligned_aa200|pident81.500,HCV,1b,100.0
AB709659|geneNS5A|query1-600|h77_aa1-200|extracted_nt600|aligned_aa200|pident79.500,HCV,1b,100.0
AB709674|geneNS5A|query1-600|h77_aa1-200|extracted_nt600|aligned_aa200|pident81.000,HCV,1b,100.0
AB709683|geneNS5A|query1-600|h77_aa1-200|extracted_nt600|aligned_aa200|pident82.000,HCV,1b,100.0
AB709678|geneNS5A|query1-600|h77_aa1-200|extracted_nt600|aligned_aa200|pident80.000,HCV,1b,100.0
AB709685|geneNS5A|query1-600|h77_aa1-200|extracted_nt600|aligned_aa200|pident82.000,HCV,1b,100.0
AB709687|geneNS5A|query1-600|h77_aa1-200|extracted_nt600|aligned_aa200|pident79.000,HCV,1b,100.0
AB709669|geneNS5A|query1-600|h77_aa1-200|extracted_nt600|aligned_aa200|pident80.500,HCV,1b,100.0
AB709675|geneNS5A|query1-600|h77_aa1-200|extracted_nt600|aligned_aa200|pident80.500,HCV,1b,100.0
AB709682|geneNS5A|query1-600|h77_aa1-200|extracted_nt600|aligned_aa200|pident80.500,HCV,1b,100.0
AB709750|geneNS5A|query1-600|h77_aa1-200|extracted_nt600|aligned_aa200|pident81.500,HCV,1b,100.0
AB709717|geneNS5A|query1-600|h77_aa1-200|extracted_nt600|aligned_aa200|pident81.000,HCV,1b,100.0
AB709749|geneNS5A|query1-600|h77_aa1-200|extracted_nt600|aligned_aa200|pident79.000,HCV,1b,100.0
AB709753|geneNS5A|query1-600|h77_aa1-200|extracted_nt600|aligned_aa200|pident81.000,HCV,1b,100.0
AB709758|geneNS5A|query1-600|h77_aa1-200|extracted_nt600|aligned_aa200|pident81.000,HCV,1b,100.0
AB709757|geneNS5A|query1-600|h77_aa1-200|extracted_nt600|aligned_aa200|pident81.000,HCV,1b,100.0
AB709759|geneNS5A|query1-600|h77_aa1-200|extracted_nt600|aligned_aa200|pident82.000,HCV,1b,100.0
AB709756|geneNS5A|query1-600|h77_aa1-200|extracted_nt600|aligned_aa200|pident81.000,HCV,1b,100.0
AB709762|geneNS5A|query1-600|h77_aa1-200|extracted_nt600|aligned_aa200|pident80.000,HCV,1b,100.0
AB709743|geneNS5A|query1-600|h77_aa1-200|extracted_nt600|aligned_aa200|pident81.000,HCV,1b,100.0
AB709716|geneNS5A|query1-600|h77_aa1-200|extracted_nt600|aligned_aa200|pident81.500,HCV,1b,100.0
AB709761|geneNS5A|query1-600|h77_aa1-200|extracted_nt600|aligned_aa200|pident81.500,HCV,1b,100.0
AB709763|geneNS5A|query1-600|h77_aa1-200|extracted_nt600|aligned_aa200|pident79.500,HCV,1b,100.0
AB709765|geneNS5A|query1-600|h77_aa1-200|extracted_nt600|aligned_aa200|pident81.500,HCV,1b,100.0
AB709764|geneNS5A|query1-600|h77_aa1-200|extracted_nt600|aligned_aa200|pident81.000,HCV,1b,100.0
AB709768|geneNS5A|query1-600|h77_aa1-200|extracted_nt600|aligned_aa200|pident81.000,HCV,1b,100.0
AB709770|geneNS5A|query1-600|h77_aa1-200|extracted_nt600|aligned_aa200|pident80.000,HCV,1b,100.0
AB709767|geneNS5A|query1-600|h77_aa1-200|extracted_nt600|aligned_aa200|pident81.500,HCV,1b,100.0
AB709777|geneNS5A|query1-600|h77_aa1-200|extracted_nt600|aligned_aa200|pident81.500,HCV,1b,100.0
AB709775|geneNS5A|query1-600|h77_aa1-200|extracted_nt600|aligned_aa200|pident78.500,HCV,1b,100.0
AB709778|geneNS5A|query1-600|h77_aa1-200|extracted_nt600|aligned_aa200|pident80.500,HCV,1b,100.0
AB709774|geneNS5A|query1-600|h77_aa1-200|extracted_nt600|aligned_aa200|pident80.500,HCV,1b,100.0
AB709779|geneNS5A|query1-600|h77_aa1-200|extracted_nt600|aligned_aa200|pident81.500,HCV,1b,100.0
AB709742|geneNS5A|query1-600|h77_aa1-200|extracted_nt600|aligned_aa200|pident81.000,HCV,1b,100.0
AB709781|geneNS5A|query1-600|h77_aa1-200|extracted_nt600|aligned_aa200|pident80.500,HCV,1b,100.0
AB709784|geneNS5A|query1-600|h77_aa1-200|extracted_nt600|aligned_aa200|pident82.000,HCV,1b,100.0
AB709786|geneNS5A|query1-600|h77_aa1-200|extracted_nt600|aligned_aa200|pident82.000,HCV,1b,100.0
AB709782|geneNS5A|query1-600|h77_aa1-200|extracted_nt600|aligned_aa200|pident80.500,HCV,1b,100.0
AB709787|geneNS5A|query1-600|h77_aa1-200|extracted_nt600|aligned_aa200|pident81.000,HCV,1b,100.0
AB661394|geneNS5A|query5929-7326|h77_aa1-448|extracted_nt1398|aligned_aa472|pident57.839,HCV,2b,100.0
AB661388|geneNS5A|query5929-7326|h77_aa1-448|extracted_nt1398|aligned_aa472|pident55.720,HCV,2b,100.0
AB661393|geneNS5A|query5929-7326|h77_aa1-448|extracted_nt1398|aligned_aa472|pident59.110,HCV,2b,100.0
AB661398|geneNS5A|query5929-7326|h77_aa1-448|extracted_nt1398|aligned_aa472|pident56.992,HCV,2b,100.0
AB661399|geneNS5A|query5929-7326|h77_aa1-448|extracted_nt1398|aligned_aa472|pident59.110,HCV,2b,100.0
AB661400|geneNS5A|query5929-7326|h77_aa1-448|extracted_nt1398|aligned_aa472|pident57.839,HCV,2b,100.0
AB661395|geneNS5A|query5929-7326|h77_aa1-448|extracted_nt1398|aligned_aa472|pident57.627,HCV,2b,100.0
AB661403|geneNS5A|query5929-7326|h77_aa1-448|extracted_nt1398|aligned_aa473|pident58.774,HCV,2b,100.0
AB661404|geneNS5A|query5929-7326|h77_aa1-448|extracted_nt1398|aligned_aa472|pident56.356,HCV,2b,100.0
AB661396|geneNS5A|query5929-7326|h77_aa1-448|extracted_nt1398|aligned_aa472|pident57.839,HCV,2b,100.0
AB661409|geneNS5A|query5929-7326|h77_aa1-448|extracted_nt1398|aligned_aa472|pident59.322,HCV,2b,100.0
AB661412|geneNS5A|query5941-7338|h77_aa1-448|extracted_nt1398|aligned_aa472|pident58.263,HCV,2b,100.0
AB661401|geneNS5A|query5929-7326|h77_aa1-448|extracted_nt1398|aligned_aa472|pident58.475,HCV,2b,100.0
AB661407|geneNS5A|query5929-7326|h77_aa1-448|extracted_nt1398|aligned_aa477|pident57.023,HCV,2b,100.0
AB709549|geneNS5A|query1-600|h77_aa1-200|extracted_nt600|aligned_aa200|pident80.000,HCV,1b,100.0
AB709548|geneNS5A|query1-600|h77_aa1-200|extracted_nt600|aligned_aa200|pident81.000,HCV,1b,100.0
AB709541|geneNS5A|query1-600|h77_aa1-200|extracted_nt600|aligned_aa200|pident81.500,HCV,1b,100.0
AB709539|geneNS5A|query1-600|h77_aa1-200|extracted_nt600|aligned_aa200|pident80.000,HCV,1b,100.0
AB709552|geneNS5A|query1-600|h77_aa1-200|extracted_nt600|aligned_aa200|pident79.500,HCV,1b,100.0
AB709554|geneNS5A|query1-600|h77_aa1-200|extracted_nt600|aligned_aa200|pident80.500,HCV,1b,100.0
AB709553|geneNS5A|query1-600|h77_aa1-200|extracted_nt600|aligned_aa200|pident82.000,HCV,1b,100.0
AB709560|geneNS5A|query1-600|h77_aa1-200|extracted_nt600|aligned_aa200|pident82.000,HCV,1b,100.0
AB709555|geneNS5A|query1-600|h77_aa1-200|extracted_nt600|aligned_aa200|pident81.000,HCV,1b,100.0
AB709566|geneNS5A|query1-600|h77_aa1-200|extracted_nt600|aligned_aa200|pident81.000,HCV,1b,100.0
AB709570|geneNS5A|query1-600|h77_aa1-200|extracted_nt600|aligned_aa200|pident81.000,HCV,1b,100.0
AB709568|geneNS5A|query1-600|h77_aa1-200|extracted_nt600|aligned_aa200|pident80.500,HCV,1b,100.0
AB709565|geneNS5A|query1-600|h77_aa1-200|extracted_nt600|aligned_aa200|pident81.000,HCV,1b,100.0
AB709569|geneNS5A|query1-600|h77_aa1-200|extracted_nt600|aligned_aa200|pident81.000,HCV,1b,100.0
AB709567|geneNS5A|query1-600|h77_aa1-200|extracted_nt600|aligned_aa200|pident80.000,HCV,1b,100.0
AB709577|geneNS5A|query1-600|h77_aa1-200|extracted_nt600|aligned_aa200|pident80.000,HCV,1b,100.0
AB709579|geneNS5A|query1-600|h77_aa1-200|extracted_nt600|aligned_aa200|pident81.500,HCV,1b,100.0
AB709580|geneNS5A|query1-600|h77_aa1-200|extracted_nt600|aligned_aa200|pident80.500,HCV,1b,100.0
AB709584|geneNS5A|query1-600|h77_aa1-200|extracted_nt600|aligned_aa200|pident80.500,HCV,1b,100.0
AB709585|geneNS5A|query1-600|h77_aa1-200|extracted_nt600|aligned_aa200|pident80.000,HCV,1b,100.0
AB709582|geneNS5A|query1-600|h77_aa1-200|extracted_nt600|aligned_aa200|pident82.000,HCV,1b,100.0
AB709591|geneNS5A|query1-600|h77_aa1-200|extracted_nt600|aligned_aa200|pident83.000,HCV,1b,100.0
AB709586|geneNS5A|query1-600|h77_aa1-200|extracted_nt600|aligned_aa200|pident81.000,HCV,1b,100.0
AB709573|geneNS5A|query1-600|h77_aa1-200|extracted_nt600|aligned_aa200|pident81.500,HCV,1b,100.0
AB709593|geneNS5A|query1-600|h77_aa1-200|extracted_nt600|aligned_aa200|pident79.000,HCV,1b,100.0
AB709594|geneNS5A|query1-600|h77_aa1-200|extracted_nt600|aligned_aa200|pident80.500,HCV,1b,100.0
AB709592|geneNS5A|query1-600|h77_aa1-200|extracted_nt600|aligned_aa200|pident79.500,HCV,1b,100.0
AB709598|geneNS5A|query1-600|h77_aa1-200|extracted_nt600|aligned_aa200|pident79.500,HCV,1b,100.0
AB709596|geneNS5A|query1-600|h77_aa1-200|extracted_nt600|aligned_aa200|pident82.000,HCV,1b,100.0
AB709603|geneNS5A|query1-600|h77_aa1-200|extracted_nt600|aligned_aa200|pident82.000,HCV,1b,100.0
AB709604|geneNS5A|query1-600|h77_aa1-200|extracted_nt600|aligned_aa200|pident80.500,HCV,1b,100.0
AB709587|geneNS5A|query1-600|h77_aa1-200|extracted_nt600|aligned_aa200|pident79.500,HCV,1b,100.0
AB709607|geneNS5A|query1-600|h77_aa1-200|extracted_nt600|aligned_aa200|pident79.500,HCV,1b,100.0
AB709606|geneNS5A|query1-600|h77_aa1-200|extracted_nt600|aligned_aa200|pident82.500,HCV,1b,100.0
AB709578|geneNS5A|query1-600|h77_aa1-200|extracted_nt600|aligned_aa200|pident81.500,HCV,1b,100.0
AB709608|geneNS5A|query1-600|h77_aa1-200|extracted_nt600|aligned_aa200|pident82.000,HCV,1b,100.0
AB709609|geneNS5A|query1-600|h77_aa1-200|extracted_nt600|aligned_aa200|pident79.500,HCV,1b,100.0
AB709610|geneNS5A|query1-600|h77_aa1-200|extracted_nt600|aligned_aa200|pident81.000,HCV,1b,100.0
AB709613|geneNS5A|query1-600|h77_aa1-200|extracted_nt600|aligned_aa200|pident82.500,HCV,1b,100.0
AB709615|geneNS5A|query1-600|h77_aa1-200|extracted_nt600|aligned_aa200|pident81.500,HCV,1b,100.0
AB709611|geneNS5A|query1-600|h77_aa1-200|extracted_nt600|aligned_aa200|pident81.000,HCV,1b,100.0
AB709614|geneNS5A|query1-600|h77_aa1-200|extracted_nt600|aligned_aa200|pident82.000,HCV,1b,100.0
AB709692|geneNS5A|query1-600|h77_aa1-200|extracted_nt600|aligned_aa200|pident80.500,HCV,1b,100.0
AB709691|geneNS5A|query1-600|h77_aa1-200|extracted_nt600|aligned_aa200|pident81.500,HCV,1b,100.0
AB709681|geneNS5A|query1-600|h77_aa1-200|extracted_nt600|aligned_aa200|pident80.000,HCV,1b,100.0
AB709699|geneNS5A|query1-600|h77_aa1-200|extracted_nt600|aligned_aa200|pident80.500,HCV,1b,100.0
AB709702|geneNS5A|query1-600|h77_aa1-200|extracted_nt600|aligned_aa200|pident79.500,HCV,1b,100.0
AB709693|geneNS5A|query1-600|h77_aa1-200|extracted_nt600|aligned_aa200|pident79.500,HCV,1b,100.0
AB709697|geneNS5A|query1-600|h77_aa1-200|extracted_nt600|aligned_aa200|pident82.500,HCV,1b,100.0
AB709703|geneNS5A|query1-600|h77_aa1-200|extracted_nt600|aligned_aa200|pident79.500,HCV,1b,100.0
AB709694|geneNS5A|query1-600|h77_aa1-200|extracted_nt600|aligned_aa200|pident81.500,HCV,1b,100.0
AB709696|geneNS5A|query1-600|h77_aa1-200|extracted_nt600|aligned_aa200|pident80.500,HCV,1b,100.0
AB709704|geneNS5A|query1-600|h77_aa1-200|extracted_nt600|aligned_aa200|pident82.500,HCV,1b,100.0
AB709706|geneNS5A|query1-600|h77_aa1-200|extracted_nt600|aligned_aa200|pident80.500,HCV,1b,100.0
AB709707|geneNS5A|query1-600|h77_aa1-200|extracted_nt600|aligned_aa200|pident79.000,HCV,1b,100.0
AB709709|geneNS5A|query1-600|h77_aa1-200|extracted_nt600|aligned_aa200|pident83.500,HCV,1b,100.0
AB709713|geneNS5A|query1-600|h77_aa1-200|extracted_nt600|aligned_aa200|pident82.000,HCV,1b,100.0
AB709714|geneNS5A|query1-600|h77_aa1-200|extracted_nt600|aligned_aa200|pident83.000,HCV,1b,100.0
AB709679|geneNS5A|query1-600|h77_aa1-200|extracted_nt600|aligned_aa200|pident80.000,HCV,1b,100.0
AB709715|geneNS5A|query1-600|h77_aa1-200|extracted_nt600|aligned_aa200|pident79.000,HCV,1b,100.0
AB709695|geneNS5A|query1-600|h77_aa1-200|extracted_nt600|aligned_aa200|pident80.000,HCV,1b,100.0
AB709686|geneNS5A|query1-600|h77_aa1-200|extracted_nt600|aligned_aa200|pident81.000,HCV,1b,100.0
AB709712|geneNS5A|query1-600|h77_aa1-200|extracted_nt600|aligned_aa200|pident81.500,HCV,1b,100.0
AB709718|geneNS5A|query1-600|h77_aa1-200|extracted_nt600|aligned_aa200|pident81.000,HCV,1b,100.0
AB709710|geneNS5A|query1-600|h77_aa1-200|extracted_nt600|aligned_aa200|pident81.500,HCV,1b,100.0
AB709721|geneNS5A|query1-600|h77_aa1-200|extracted_nt600|aligned_aa200|pident81.500,HCV,1b,100.0
AB709722|geneNS5A|query1-600|h77_aa1-200|extracted_nt600|aligned_aa200|pident80.500,HCV,1b,100.0
AB709725|geneNS5A|query1-600|h77_aa1-200|extracted_nt600|aligned_aa200|pident80.000,HCV,1b,100.0
AB709720|geneNS5A|query1-600|h77_aa1-200|extracted_nt600|aligned_aa200|pident82.000,HCV,1b,100.0
AB709724|geneNS5A|query1-600|h77_aa1-200|extracted_nt600|aligned_aa200|pident81.500,HCV,1b,100.0
AB709708|geneNS5A|query1-600|h77_aa1-200|extracted_nt600|aligned_aa200|pident80.500,HCV,1b,100.0
AB709729|geneNS5A|query1-600|h77_aa1-200|extracted_nt600|aligned_aa200|pident80.500,HCV,1b,100.0
AB709727|geneNS5A|query1-600|h77_aa1-200|extracted_nt600|aligned_aa200|pident80.500,HCV,1b,100.0
AB709723|geneNS5A|query1-600|h77_aa1-200|extracted_nt600|aligned_aa200|pident80.500,HCV,1b,100.0
AB709700|geneNS5A|query1-600|h77_aa1-200|extracted_nt600|aligned_aa200|pident81.000,HCV,1b,100.0
AB709730|geneNS5A|query1-600|h77_aa1-200|extracted_nt600|aligned_aa200|pident81.500,HCV,1b,100.0
AB709737|geneNS5A|query1-600|h77_aa1-200|extracted_nt600|aligned_aa200|pident80.500,HCV,1b,100.0
AB709738|geneNS5A|query1-600|h77_aa1-200|extracted_nt600|aligned_aa200|pident80.500,HCV,1b,100.0
AB709736|geneNS5A|query1-600|h77_aa1-200|extracted_nt600|aligned_aa200|pident82.000,HCV,1b,100.0
AB709734|geneNS5A|query1-600|h77_aa1-200|extracted_nt600|aligned_aa200|pident79.500,HCV,1b,100.0
AB709741|geneNS5A|query1-600|h77_aa1-200|extracted_nt600|aligned_aa200|pident83.000,HCV,1b,100.0
AB709747|geneNS5A|query1-600|h77_aa1-200|extracted_nt600|aligned_aa200|pident81.500,HCV,1b,100.0
AB709748|geneNS5A|query1-600|h77_aa1-200|extracted_nt600|aligned_aa200|pident80.000,HCV,1b,100.0
AB709746|geneNS5A|query1-600|h77_aa1-200|extracted_nt600|aligned_aa200|pident79.500,HCV,1b,100.0
AB709794|geneNS5A|query1-600|h77_aa1-200|extracted_nt600|aligned_aa200|pident81.000,HCV,1b,100.0
AB709783|geneNS5A|query1-600|h77_aa1-200|extracted_nt600|aligned_aa200|pident80.500,HCV,1b,100.0
AB709800|geneNS5A|query1-555|h77_aa1-185|extracted_nt555|aligned_aa185|pident78.919,HCV,1b,100.0
AF207760|geneNS5A|query6246-7586|h77_aa1-448|extracted_nt1341|aligned_aa449|pident80.401,HCV,1b,100.0
AF207762|geneNS5A|query6246-7586|h77_aa1-448|extracted_nt1341|aligned_aa448|pident79.911,HCV,1b,100.0
AF207761|geneNS5A|query6246-7586|h77_aa1-448|extracted_nt1341|aligned_aa448|pident80.134,HCV,1b,100.0
AB709789|geneNS5A|query1-600|h77_aa1-200|extracted_nt600|aligned_aa200|pident82.000,HCV,1b,100.0
AB709785|geneNS5A|query1-600|h77_aa1-200|extracted_nt600|aligned_aa200|pident79.500,HCV,1b,100.0
AB709791|geneNS5A|query1-600|h77_aa1-200|extracted_nt600|aligned_aa200|pident80.000,HCV,1b,100.0
AB709788|geneNS5A|query1-600|h77_aa1-200|extracted_nt600|aligned_aa200|pident80.500,HCV,1b,100.0
AB709792|geneNS5A|query1-600|h77_aa1-200|extracted_nt600|aligned_aa200|pident81.500,HCV,1b,100.0
AB709790|geneNS5A|query1-600|h77_aa1-200|extracted_nt600|aligned_aa200|pident81.000,HCV,1b,100.0
AB709760|geneNS5A|query1-600|h77_aa1-200|extracted_nt600|aligned_aa200|pident80.500,HCV,1b,100.0
AB709772|geneNS5A|query1-600|h77_aa1-200|extracted_nt600|aligned_aa200|pident81.500,HCV,1b,100.0
AB709793|geneNS5A|query1-600|h77_aa1-200|extracted_nt600|aligned_aa200|pident81.500,HCV,1b,100.0
AB709795|geneNS5A|query1-600|h77_aa1-200|extracted_nt600|aligned_aa200|pident81.500,HCV,1b,100.0
AB709796|geneNS5A|query1-600|h77_aa1-200|extracted_nt600|aligned_aa200|pident84.000,HCV,1b,100.0
AB709797|geneNS5A|query1-600|h77_aa1-200|extracted_nt600|aligned_aa200|pident80.000,HCV,1b,100.0
AF033360|geneNS5A|query1-1341|h77_aa1-448|extracted_nt1341|aligned_aa449|pident79.733,HCV,1b,100.0
AF033358|geneNS5A|query1-1341|h77_aa1-448|extracted_nt1341|aligned_aa450|pident78.000,HCV,1b,100.0
AF033364|geneNS5A|query1-1341|h77_aa1-448|extracted_nt1341|aligned_aa449|pident79.287,HCV,1b,100.0
AF033365|geneNS5A|query1-1341|h77_aa1-448|extracted_nt1341|aligned_aa449|pident79.287,HCV,1b,100.0
AF033362|geneNS5A|query1-1341|h77_aa1-448|extracted_nt1341|aligned_aa448|pident78.795,HCV,1b,100.0
AF033373|geneNS5A|query1-1341|h77_aa1-448|extracted_nt1341|aligned_aa449|pident81.069,HCV,1b,100.0
AF033369|geneNS5A|query1-1341|h77_aa1-448|extracted_nt1341|aligned_aa449|pident80.624,HCV,1b,100.0
AF033361|geneNS5A|query1-1341|h77_aa1-448|extracted_nt1341|aligned_aa449|pident79.733,HCV,1b,100.0
AF033368|geneNS5A|query1-1341|h77_aa1-448|extracted_nt1341|aligned_aa448|pident79.688,HCV,1b,100.0
AF033371|geneNS5A|query1-1341|h77_aa1-448|extracted_nt1341|aligned_aa453|pident80.795,HCV,1b,100.0
AF165045|geneNS5A|query6246-7586|h77_aa1-448|extracted_nt1341|aligned_aa450|pident78.667,HCV,1b,100.0
AF165047|geneNS5A|query6246-7586|h77_aa1-448|extracted_nt1341|aligned_aa448|pident79.911,HCV,1b,100.0
AF165049|geneNS5A|query6246-7586|h77_aa1-448|extracted_nt1341|aligned_aa448|pident80.357,HCV,1b,100.0
AF165051|geneNS5A|query6246-7586|h77_aa1-448|extracted_nt1341|aligned_aa448|pident81.027,HCV,1b,100.0
AF165059|geneNS5A|query6246-7586|h77_aa1-448|extracted_nt1341|aligned_aa448|pident81.027,HCV,1b,100.0
AF165048|geneNS5A|query6246-7586|h77_aa1-448|extracted_nt1341|aligned_aa448|pident79.911,HCV,1b,100.0
AF207753|geneNS5A|query6246-7586|h77_aa1-448|extracted_nt1341|aligned_aa448|pident80.580,HCV,1b,100.0
AF320794|geneNS5A|query1-1356|h77_aa1-448|extracted_nt1356|aligned_aa455|pident69.890,HCV,3a,100.0
AF320788|geneNS5A|query1-1356|h77_aa1-448|extracted_nt1356|aligned_aa456|pident69.298,HCV,3a,100.0
AF320798|geneNS5A|query1-1356|h77_aa1-448|extracted_nt1356|aligned_aa456|pident69.737,HCV,3a,100.0
AF320803|geneNS5A|query1-1356|h77_aa1-448|extracted_nt1356|aligned_aa456|pident70.175,HCV,3a,100.0
AF320799|geneNS5A|query1-1356|h77_aa1-448|extracted_nt1356|aligned_aa456|pident69.298,HCV,3a,100.0
AF320806|geneNS5A|query1-1356|h77_aa1-448|extracted_nt1356|aligned_aa456|pident69.956,HCV,3a,100.0
AJ507160|geneNS5A|query1-1341|h77_aa1-448|extracted_nt1341|aligned_aa450|pident80.667,HCV,1b,100.0
AJ507162|geneNS5A|query1-1341|h77_aa1-448|extracted_nt1341|aligned_aa449|pident80.178,HCV,1b,100.0
AJ507161|geneNS5A|query1-1341|h77_aa1-448|extracted_nt1341|aligned_aa450|pident79.556,HCV,1b,100.0
AJ507165|geneNS5A|query1-1341|h77_aa1-448|extracted_nt1341|aligned_aa450|pident80.667,HCV,1b,100.0
AJ507168|geneNS5A|query1-1341|h77_aa1-448|extracted_nt1341|aligned_aa448|pident79.464,HCV,1b,100.0
AJ507171|geneNS5A|query1-1341|h77_aa1-448|extracted_nt1341|aligned_aa450|pident80.000,HCV,1b,100.0
AJ507172|geneNS5A|query1-1341|h77_aa1-448|extracted_nt1341|aligned_aa449|pident81.292,HCV,1b,100.0
AJ507157|geneNS5A|query1-1341|h77_aa1-448|extracted_nt1341|aligned_aa448|pident79.688,HCV,1b,100.0
AJ507174|geneNS5A|query1-1341|h77_aa1-448|extracted_nt1341|aligned_aa453|pident79.249,HCV,1b,100.0
AF320787|geneNS5A|query1-1356|h77_aa1-448|extracted_nt1356|aligned_aa455|pident70.330,HCV,3a,100.0
AF320789|geneNS5A|query1-1356|h77_aa1-448|extracted_nt1356|aligned_aa455|pident70.110,HCV,3a,100.0
AF320800|geneNS5A|query1-1356|h77_aa1-448|extracted_nt1356|aligned_aa455|pident70.330,HCV,3a,100.0
AF320802|geneNS5A|query1-1356|h77_aa1-448|extracted_nt1356|aligned_aa456|pident69.518,HCV,3a,100.0
AF320804|geneNS5A|query1-1356|h77_aa1-448|extracted_nt1356|aligned_aa455|pident69.890,HCV,3a,100.0
AF320805|geneNS5A|query1-1356|h77_aa1-448|extracted_nt1356|aligned_aa456|pident70.175,HCV,3a,100.0
AJ507164|geneNS5A|query1-1341|h77_aa1-448|extracted_nt1341|aligned_aa449|pident79.955,HCV,1b,100.0
AJ507169|geneNS5A|query1-1341|h77_aa1-448|extracted_nt1341|aligned_aa448|pident78.571,HCV,1b,100.0
AJ507166|geneNS5A|query1-1341|h77_aa1-448|extracted_nt1341|aligned_aa448|pident80.357,HCV,1b,100.0
AJ507176|geneNS5A|query1-1350|h77_aa1-448|extracted_nt1350|aligned_aa451|pident78.936,HCV,1b,100.0
AJ507186|geneNS5A|query1-1341|h77_aa1-448|extracted_nt1341|aligned_aa449|pident80.178,HCV,1b,100.0
AJ507170|geneNS5A|query1-1341|h77_aa1-448|extracted_nt1341|aligned_aa449|pident79.955,HCV,1b,100.0
AJ507199|geneNS5A|query1-1341|h77_aa1-448|extracted_nt1341|aligned_aa449|pident80.401,HCV,1b,100.0
AJ851228|geneNS5A|query6234-7574|h77_aa1-448|extracted_nt1341|aligned_aa448|pident81.473,HCV,1b,100.0
AJ507175|geneNS5A|query1-1341|h77_aa1-448|extracted_nt1341|aligned_aa449|pident80.401,HCV,1b,100.0
AJ507177|geneNS5A|query1-1341|h77_aa1-448|extracted_nt1341|aligned_aa448|pident80.357,HCV,1b,100.0
AJ507184|geneNS5A|query1-1341|h77_aa1-448|extracted_nt1341|aligned_aa449|pident80.846,HCV,1b,100.0
AJ507189|geneNS5A|query1-1341|h77_aa1-448|extracted_nt1341|aligned_aa449|pident77.951,HCV,1b,100.0
AJ507156|geneNS5A|query1-1341|h77_aa1-448|extracted_nt1341|aligned_aa448|pident80.804,HCV,1b,100.0
AJ507192|geneNS5A|query1-1341|h77_aa1-448|extracted_nt1341|aligned_aa448|pident79.464,HCV,1b,100.0
AJ507190|geneNS5A|query1-1341|h77_aa1-448|extracted_nt1341|aligned_aa448|pident80.134,HCV,1b,100.0
AJ507185|geneNS5A|query1-1341|h77_aa1-448|extracted_nt1341|aligned_aa449|pident81.069,HCV,1b,100.0
AJ507191|geneNS5A|query1-1341|h77_aa1-448|extracted_nt1341|aligned_aa448|pident80.134,HCV,1b,100.0
AJ507183|geneNS5A|query1-1341|h77_aa1-448|extracted_nt1341|aligned_aa449|pident80.624,HCV,1b,100.0
AJ507195|geneNS5A|query1-1341|h77_aa1-448|extracted_nt1341|aligned_aa449|pident81.292,HCV,1b,100.0
AJ507197|geneNS5A|query1-1341|h77_aa1-448|extracted_nt1341|aligned_aa448|pident81.250,HCV,1b,100.0
AF320801|geneNS5A|query1-1356|h77_aa1-448|extracted_nt1356|aligned_aa455|pident69.670,HCV,3a,100.0
AF320793|geneNS5A|query1-1356|h77_aa1-448|extracted_nt1356|aligned_aa456|pident69.737,HCV,3a,100.0
AF320813|geneNS5A|query1-1356|h77_aa1-448|extracted_nt1356|aligned_aa456|pident69.518,HCV,3a,100.0
AF320790|geneNS5A|query1-1356|h77_aa1-448|extracted_nt1356|aligned_aa456|pident70.614,HCV,3a,100.0
AF320791|geneNS5A|query1-1356|h77_aa1-448|extracted_nt1356|aligned_aa456|pident69.956,HCV,3a,100.0
AF320792|geneNS5A|query1-1356|h77_aa1-448|extracted_nt1356|aligned_aa456|pident69.298,HCV,3a,100.0
AF320795|geneNS5A|query1-1356|h77_aa1-448|extracted_nt1356|aligned_aa455|pident69.890,HCV,3a,100.0
AF320797|geneNS5A|query1-1356|h77_aa1-448|extracted_nt1356|aligned_aa455|pident70.110,HCV,3a,100.0
AF320796|geneNS5A|query1-1356|h77_aa1-448|extracted_nt1356|aligned_aa456|pident69.518,HCV,3a,100.0
AF320807|geneNS5A|query1-1356|h77_aa1-448|extracted_nt1356|aligned_aa456|pident70.614,HCV,3a,100.0
AF320811|geneNS5A|query1-1356|h77_aa1-448|extracted_nt1356|aligned_aa456|pident69.737,HCV,3a,100.0
AF320812|geneNS5A|query1-1356|h77_aa1-448|extracted_nt1356|aligned_aa456|pident70.395,HCV,3a,100.0
AF320809|geneNS5A|query1-1356|h77_aa1-448|extracted_nt1356|aligned_aa456|pident69.956,HCV,3a,100.0
AF320808|geneNS5A|query1-1356|h77_aa1-448|extracted_nt1356|aligned_aa456|pident69.956,HCV,3a,100.0
AF320810|geneNS5A|query1-1356|h77_aa1-448|extracted_nt1356|aligned_aa456|pident69.956,HCV,3a,100.0
AJ507159|geneNS5A|query1-1341|h77_aa1-448|extracted_nt1341|aligned_aa450|pident80.667,HCV,1b,100.0
AJ507163|geneNS5A|query1-1341|h77_aa1-448|extracted_nt1341|aligned_aa449|pident79.510,HCV,1b,100.0
AJ507158|geneNS5A|query1-1341|h77_aa1-448|extracted_nt1341|aligned_aa449|pident80.401,HCV,1b,100.0
AJ507173|geneNS5A|query1-1341|h77_aa1-448|extracted_nt1341|aligned_aa449|pident80.846,HCV,1b,100.0
AJ507167|geneNS5A|query1-1341|h77_aa1-448|extracted_nt1341|aligned_aa449|pident80.846,HCV,1b,100.0
AJ507181|geneNS5A|query1-1341|h77_aa1-448|extracted_nt1341|aligned_aa448|pident81.027,HCV,1b,100.0
AJ507178|geneNS5A|query1-1341|h77_aa1-448|extracted_nt1341|aligned_aa448|pident79.688,HCV,1b,100.0
AJ507180|geneNS5A|query1-1341|h77_aa1-448|extracted_nt1341|aligned_aa449|pident81.069,HCV,1b,100.0
AJ507187|geneNS5A|query1-1341|h77_aa1-448|extracted_nt1341|aligned_aa449|pident80.624,HCV,1b,100.0
AJ507179|geneNS5A|query1-1341|h77_aa1-448|extracted_nt1341|aligned_aa448|pident80.804,HCV,1b,100.0
AJ507193|geneNS5A|query1-1341|h77_aa1-448|extracted_nt1341|aligned_aa449|pident80.178,HCV,1b,100.0
AJ507182|geneNS5A|query1-1341|h77_aa1-448|extracted_nt1341|aligned_aa448|pident79.911,HCV,1b,100.0
AJ507194|geneNS5A|query1-1341|h77_aa1-448|extracted_nt1341|aligned_aa449|pident80.624,HCV,1b,100.0
AJ507188|geneNS5A|query1-1341|h77_aa1-448|extracted_nt1341|aligned_aa453|pident80.132,HCV,1b,100.0
AJ507196|geneNS5A|query1-1341|h77_aa1-448|extracted_nt1341|aligned_aa449|pident79.510,HCV,1b,100.0
AJ507198|geneNS5A|query1-1341|h77_aa1-448|extracted_nt1341|aligned_aa450|pident81.111,HCV,1b,100.0
AM600927|geneNS5A|query1-1344|h77_aa1-448|extracted_nt1344|aligned_aa448|pident93.527,HCV,1a,100.0
AM600935|geneNS5A|query1-1344|h77_aa1-448|extracted_nt1344|aligned_aa448|pident95.312,HCV,1a,100.0
AM600938|geneNS5A|query1-1344|h77_aa1-448|extracted_nt1344|aligned_aa448|pident92.634,HCV,1a,100.0
AM600934|geneNS5A|query1-1344|h77_aa1-448|extracted_nt1344|aligned_aa448|pident95.089,HCV,1a,100.0
AM600931|geneNS5A|query1-1344|h77_aa1-448|extracted_nt1344|aligned_aa448|pident92.857,HCV,1a,100.0
AM600941|geneNS5A|query1-1344|h77_aa1-448|extracted_nt1344|aligned_aa448|pident93.973,HCV,1a,100.0
AM600942|geneNS5A|query1-1344|h77_aa1-448|extracted_nt1344|aligned_aa448|pident94.420,HCV,1a,100.0
AM600943|geneNS5A|query1-1344|h77_aa1-448|extracted_nt1344|aligned_aa448|pident93.750,HCV,1a,100.0
AM600930|geneNS5A|query1-1344|h77_aa1-448|extracted_nt1344|aligned_aa448|pident93.080,HCV,1a,100.0
AM600914|geneNS5A|query1-1344|h77_aa1-448|extracted_nt1344|aligned_aa448|pident94.420,HCV,1a,100.0
AM600917|geneNS5A|query1-1344|h77_aa1-448|extracted_nt1344|aligned_aa448|pident92.857,HCV,1a,100.0
AM600925|geneNS5A|query1-1344|h77_aa1-448|extracted_nt1344|aligned_aa448|pident93.527,HCV,1a,100.0
AM600918|geneNS5A|query1-1344|h77_aa1-448|extracted_nt1344|aligned_aa448|pident93.304,HCV,1a,100.0
AM600926|geneNS5A|query1-1344|h77_aa1-448|extracted_nt1344|aligned_aa448|pident93.527,HCV,1a,100.0
AM600947|geneNS5A|query1-1344|h77_aa1-448|extracted_nt1344|aligned_aa448|pident93.750,HCV,1a,100.0
AM600939|geneNS5A|query1-1344|h77_aa1-448|extracted_nt1344|aligned_aa448|pident93.304,HCV,1a,100.0
AM600936|geneNS5A|query1-1344|h77_aa1-448|extracted_nt1344|aligned_aa448|pident94.196,HCV,1a,100.0
AM600919|geneNS5A|query1-1344|h77_aa1-448|extracted_nt1344|aligned_aa448|pident95.982,HCV,1a,100.0
AM600956|geneNS5A|query1-1344|h77_aa1-448|extracted_nt1344|aligned_aa448|pident93.973,HCV,1a,100.0
AM600912|geneNS5A|query1-1344|h77_aa1-448|extracted_nt1344|aligned_aa448|pident94.866,HCV,1a,100.0
AM600913|geneNS5A|query1-1344|h77_aa1-448|extracted_nt1344|aligned_aa448|pident94.643,HCV,1a,100.0
AM600921|geneNS5A|query1-1344|h77_aa1-448|extracted_nt1344|aligned_aa448|pident93.973,HCV,1a,100.0
AM600932|geneNS5A|query1-1344|h77_aa1-448|extracted_nt1344|aligned_aa448|pident93.750,HCV,1a,100.0
AM600933|geneNS5A|query1-1344|h77_aa1-448|extracted_nt1344|aligned_aa448|pident93.750,HCV,1a,100.0
AM600922|geneNS5A|query1-1344|h77_aa1-448|extracted_nt1344|aligned_aa448|pident93.527,HCV,1a,100.0
AM600923|geneNS5A|query1-1344|h77_aa1-448|extracted_nt1344|aligned_aa448|pident95.759,HCV,1a,100.0
AM600950|geneNS5A|query1-1344|h77_aa1-448|extracted_nt1344|aligned_aa448|pident95.312,HCV,1a,100.0
AM600951|geneNS5A|query1-1344|h77_aa1-448|extracted_nt1344|aligned_aa448|pident94.643,HCV,1a,100.0
AM600924|geneNS5A|query1-1344|h77_aa1-448|extracted_nt1344|aligned_aa448|pident95.982,HCV,1a,100.0
AM600940|geneNS5A|query1-1344|h77_aa1-448|extracted_nt1344|aligned_aa448|pident93.973,HCV,1a,100.0
AM600955|geneNS5A|query1-1344|h77_aa1-448|extracted_nt1344|aligned_aa448|pident93.750,HCV,1a,100.0
AM600915|geneNS5A|query1-1344|h77_aa1-448|extracted_nt1344|aligned_aa448|pident92.188,HCV,1a,100.0
AM600929|geneNS5A|query1-1344|h77_aa1-448|extracted_nt1344|aligned_aa448|pident93.527,HCV,1a,100.0
AM600928|geneNS5A|query1-1344|h77_aa1-448|extracted_nt1344|aligned_aa448|pident93.304,HCV,1a,100.0
AM600916|geneNS5A|query1-1344|h77_aa1-448|extracted_nt1344|aligned_aa448|pident92.411,HCV,1a,100.0
AM600945|geneNS5A|query1-1344|h77_aa1-448|extracted_nt1344|aligned_aa448|pident94.866,HCV,1a,100.0
AM600937|geneNS5A|query1-1344|h77_aa1-448|extracted_nt1344|aligned_aa448|pident94.866,HCV,1a,100.0
AM600949|geneNS5A|query1-1344|h77_aa1-448|extracted_nt1344|aligned_aa448|pident95.312,HCV,1a,100.0
AM600946|geneNS5A|query1-1344|h77_aa1-448|extracted_nt1344|aligned_aa448|pident93.973,HCV,1a,100.0
AM600948|geneNS5A|query1-1344|h77_aa1-448|extracted_nt1344|aligned_aa448|pident95.089,HCV,1a,100.0
AM600920|geneNS5A|query1-1344|h77_aa1-448|extracted_nt1344|aligned_aa448|pident95.536,HCV,1a,100.0
AM600953|geneNS5A|query1-1344|h77_aa1-448|extracted_nt1344|aligned_aa448|pident94.420,HCV,1a,100.0
AM600952|geneNS5A|query1-1344|h77_aa1-448|extracted_nt1344|aligned_aa448|pident94.866,HCV,1a,100.0
AM600944|geneNS5A|query1-1344|h77_aa1-448|extracted_nt1344|aligned_aa448|pident94.196,HCV,1a,100.0
AM600954|geneNS5A|query1-1344|h77_aa1-448|extracted_nt1344|aligned_aa448|pident94.643,HCV,1a,100.0
AY232745|geneNS5A|query6233-7630|h77_aa1-448|extracted_nt1398|aligned_aa472|pident58.475,HCV,2b,100.0
AY240966|geneNS5A|query1-1341|h77_aa1-448|extracted_nt1341|aligned_aa449|pident80.178,HCV,1b,100.0
AY232747|geneNS5A|query6233-7630|h77_aa1-448|extracted_nt1398|aligned_aa472|pident58.263,HCV,2b,100.0
AY240965|geneNS5A|query1-1341|h77_aa1-448|extracted_nt1341|aligned_aa449|pident81.069,HCV,1b,100.0
AY232734|geneNS5A|query6233-7630|h77_aa1-448|extracted_nt1398|aligned_aa472|pident59.110,HCV,2b,100.0
AY232733|geneNS5A|query6233-7630|h77_aa1-448|extracted_nt1398|aligned_aa473|pident58.985,HCV,2b,100.0
AY232736|geneNS5A|query6233-7630|h77_aa1-448|extracted_nt1398|aligned_aa472|pident57.415,HCV,2b,100.0
AY232732|geneNS5A|query6233-7630|h77_aa1-448|extracted_nt1398|aligned_aa472|pident59.110,HCV,2b,100.0
AY232748|geneNS5A|query6233-7630|h77_aa1-448|extracted_nt1398|aligned_aa472|pident59.534,HCV,2b,100.0
AY232743|geneNS5A|query6233-7630|h77_aa1-448|extracted_nt1398|aligned_aa472|pident57.839,HCV,2b,100.0
AY240968|geneNS5A|query1-1341|h77_aa1-448|extracted_nt1341|aligned_aa448|pident78.795,HCV,1b,100.0
AY240969|geneNS5A|query1-1341|h77_aa1-448|extracted_nt1341|aligned_aa449|pident77.728,HCV,1b,100.0
AY240967|geneNS5A|query1-1341|h77_aa1-448|extracted_nt1341|aligned_aa448|pident79.464,HCV,1b,100.0
AY232739|geneNS5A|query6233-7630|h77_aa1-448|extracted_nt1398|aligned_aa472|pident57.627,HCV,2b,100.0
AY051292|geneNS5A|query6258-7601|h77_aa1-448|extracted_nt1344|aligned_aa449|pident82.628,HCV,1c,100.0
AM910652|geneNS5A|query6242-7585|h77_aa1-448|extracted_nt1344|aligned_aa448|pident79.688,HCV,1g,100.0
AY232735|geneNS5A|query6233-7630|h77_aa1-448|extracted_nt1398|aligned_aa472|pident58.898,HCV,2b,100.0
AY232737|geneNS5A|query6233-7630|h77_aa1-448|extracted_nt1398|aligned_aa472|pident57.627,HCV,2b,100.0
AY232740|geneNS5A|query6233-7630|h77_aa1-448|extracted_nt1398|aligned_aa472|pident58.686,HCV,2b,100.0
AY232731|geneNS5A|query6233-7630|h77_aa1-448|extracted_nt1398|aligned_aa472|pident58.263,HCV,2b,100.0
AY232742|geneNS5A|query6233-7630|h77_aa1-448|extracted_nt1398|aligned_aa472|pident58.051,HCV,2b,100.0
AY232738|geneNS5A|query6233-7630|h77_aa1-448|extracted_nt1398|aligned_aa473|pident57.928,HCV,2b,100.0
AY232741|geneNS5A|query6233-7630|h77_aa1-448|extracted_nt1398|aligned_aa472|pident58.686,HCV,2b,100.0
AY232744|geneNS5A|query6233-7630|h77_aa1-448|extracted_nt1398|aligned_aa472|pident58.475,HCV,2b,100.0
AY232749|geneNS5A|query6233-7630|h77_aa1-448|extracted_nt1398|aligned_aa472|pident59.534,HCV,2b,100.0
AY232746|geneNS5A|query6233-7630|h77_aa1-448|extracted_nt1398|aligned_aa472|pident58.263,HCV,2b,100.0
AY232730|geneNS5A|query6233-7630|h77_aa1-448|extracted_nt1398|aligned_aa472|pident57.839,HCV,2b,100.0
AY587844|geneNS5A|query6206-7546|h77_aa1-448|extracted_nt1341|aligned_aa448|pident79.911,HCV,1b,100.0
AY859526|geneNS5A|query6233-7579|h77_aa3-448|extracted_nt1347|aligned_aa453|pident71.302,HCV,6a,100.0
AY878650|geneNS5A|query6244-7596|h77_aa1-448|extracted_nt1353|aligned_aa453|pident71.523,HCV,6l,99.0
AY878651|geneNS5A|query6229-7581|h77_aa1-448|extracted_nt1353|aligned_aa453|pident71.523,HCV,6l,66.0
AY956469|geneNS5A|query6184-7527|h77_aa1-448|extracted_nt1344|aligned_aa448|pident94.643,HCV,1a,100.0
AY878652|geneNS5A|query6228-7580|h77_aa1-448|extracted_nt1353|aligned_aa453|pident70.861,HCV,6n,100.0
AY956464|geneNS5A|query6176-7519|h77_aa1-448|extracted_nt1344|aligned_aa448|pident94.643,HCV,1a,100.0
AY956468|geneNS5A|query6169-7512|h77_aa1-448|extracted_nt1344|aligned_aa448|pident95.312,HCV,1a,100.0
AY956465|geneNS5A|query6175-7518|h77_aa1-448|extracted_nt1344|aligned_aa448|pident92.634,HCV,1a,100.0
GU451221|geneNS5A|query6258-7598|h77_aa1-448|extracted_nt1341|aligned_aa448|pident80.580,HCV,1b,100.0
GU451222|geneNS5A|query6258-7598|h77_aa1-448|extracted_nt1341|aligned_aa450|pident80.222,HCV,1b,100.0
GU451218|geneNS5A|query6258-7598|h77_aa1-448|extracted_nt1341|aligned_aa450|pident79.556,HCV,1b,100.0
HM042038|geneNS5A|query1-1344|h77_aa1-448|extracted_nt1344|aligned_aa448|pident93.080,HCV,1a,100.0
HM042040|geneNS5A|query1-1344|h77_aa1-448|extracted_nt1344|aligned_aa448|pident93.973,HCV,1a,100.0
GU451223|geneNS5A|query6258-7598|h77_aa1-448|extracted_nt1341|aligned_aa448|pident80.580,HCV,1b,100.0
GU451224|geneNS5A|query6258-7598|h77_aa1-448|extracted_nt1341|aligned_aa448|pident80.357,HCV,1b,100.0
GU451219|geneNS5A|query6258-7598|h77_aa1-448|extracted_nt1341|aligned_aa450|pident79.556,HCV,1b,100.0
HM042041|geneNS5A|query1-1344|h77_aa1-448|extracted_nt1344|aligned_aa448|pident94.420,HCV,1a,100.0
HM042047|geneNS5A|query1-1344|h77_aa1-448|extracted_nt1344|aligned_aa448|pident94.866,HCV,1a,100.0
HM042043|geneNS5A|query1-1344|h77_aa1-448|extracted_nt1344|aligned_aa448|pident94.866,HCV,1a,100.0
HM042046|geneNS5A|query1-1344|h77_aa1-448|extracted_nt1344|aligned_aa448|pident95.982,HCV,1a,100.0
HM042051|geneNS5A|query1-1341|h77_aa1-448|extracted_nt1341|aligned_aa449|pident79.955,HCV,1b,100.0
HM042053|geneNS5A|query1-1341|h77_aa1-448|extracted_nt1341|aligned_aa449|pident80.401,HCV,1b,100.0
HM042064|geneNS5A|query1-1356|h77_aa1-448|extracted_nt1356|aligned_aa456|pident70.175,HCV,3a,100.0
HM042067|geneNS5A|query1-1359|h77_aa1-448|extracted_nt1359|aligned_aa454|pident69.604,HCV,3a,100.0
HM042048|geneNS5A|query1-1344|h77_aa1-448|extracted_nt1344|aligned_aa448|pident94.196,HCV,1a,100.0
HM042049|geneNS5A|query1-1344|h77_aa1-448|extracted_nt1344|aligned_aa448|pident91.964,HCV,1a,100.0
HM042050|geneNS5A|query1-1341|h77_aa1-448|extracted_nt1341|aligned_aa449|pident79.955,HCV,1b,100.0
HM042061|geneNS5A|query1-1341|h77_aa1-448|extracted_nt1341|aligned_aa449|pident79.733,HCV,1b,100.0
HM042065|geneNS5A|query1-1356|h77_aa1-448|extracted_nt1356|aligned_aa455|pident70.110,HCV,3a,100.0
HM042069|geneNS5A|query1-1356|h77_aa1-448|extracted_nt1356|aligned_aa456|pident69.298,HCV,3a,100.0
HM042078|geneNS5A|query1-1356|h77_aa1-448|extracted_nt1356|aligned_aa455|pident70.549,HCV,3a,100.0
HM042081|geneNS5A|query1-1356|h77_aa1-448|extracted_nt1356|aligned_aa455|pident69.890,HCV,3a,100.0
HM042075|geneNS5A|query1-1356|h77_aa1-448|extracted_nt1356|aligned_aa456|pident69.956,HCV,3a,100.0
HM042074|geneNS5A|query1-1356|h77_aa1-447|extracted_nt1356|aligned_aa455|pident70.110,HCV,3a,100.0
HM042057|geneNS5A|query1-1341|h77_aa1-448|extracted_nt1341|aligned_aa449|pident81.069,HCV,1b,100.0
HM042079|geneNS5A|query1-1356|h77_aa1-448|extracted_nt1356|aligned_aa456|pident69.956,HCV,3a,100.0
HM042085|geneNS5A|query7-1365|h77_aa3-448|extracted_nt1359|aligned_aa453|pident73.068,HCV,6f,100.0
HM042086|geneNS5A|query7-1365|h77_aa3-448|extracted_nt1359|aligned_aa455|pident71.868,HCV,6f,100.0
HM042084|geneNS5A|query1-1356|h77_aa1-448|extracted_nt1356|aligned_aa453|pident67.770,HCV,3b,100.0
HM042088|geneNS5A|query7-1365|h77_aa3-448|extracted_nt1359|aligned_aa453|pident72.627,HCV,6f,100.0
HM042087|geneNS5A|query7-1365|h77_aa3-448|extracted_nt1359|aligned_aa455|pident72.967,HCV,6f,100.0
HM042094|geneNS5A|query7-1365|h77_aa3-448|extracted_nt1359|aligned_aa453|pident72.848,HCV,6f,100.0
HM042095|geneNS5A|query7-1365|h77_aa3-448|extracted_nt1359|aligned_aa453|pident71.744,HCV,6f,100.0
HM042090|geneNS5A|query7-1365|h77_aa3-448|extracted_nt1359|aligned_aa455|pident72.967,HCV,6f,100.0
HM042092|geneNS5A|query7-1365|h77_aa3-448|extracted_nt1359|aligned_aa453|pident72.627,HCV,6f,100.0
HM042089|geneNS5A|query7-1365|h77_aa3-448|extracted_nt1359|aligned_aa453|pident71.965,HCV,6f,100.0
AY956463|geneNS5A|query6187-7530|h77_aa1-448|extracted_nt1344|aligned_aa448|pident91.295,HCV,1a,100.0
AY956467|geneNS5A|query6204-7559|h77_aa1-448|extracted_nt1356|aligned_aa455|pident69.451,HCV,3a,100.0
AY956466|geneNS5A|query6173-7513|h77_aa1-448|extracted_nt1341|aligned_aa448|pident94.420,HCV,1a,100.0
GU451220|geneNS5A|query6258-7598|h77_aa1-448|extracted_nt1341|aligned_aa450|pident79.778,HCV,1b,100.0
HM042039|geneNS5A|query1-1344|h77_aa1-448|extracted_nt1344|aligned_aa448|pident93.750,HCV,1a,100.0
HM042042|geneNS5A|query1-1344|h77_aa1-448|extracted_nt1344|aligned_aa448|pident93.750,HCV,1a,100.0
HM042044|geneNS5A|query1-1344|h77_aa1-448|extracted_nt1344|aligned_aa448|pident94.196,HCV,1a,100.0
HM042054|geneNS5A|query1-1341|h77_aa1-448|extracted_nt1341|aligned_aa449|pident79.733,HCV,1b,100.0
HM042055|geneNS5A|query1-1341|h77_aa1-448|extracted_nt1341|aligned_aa449|pident80.178,HCV,1b,100.0
HM042045|geneNS5A|query1-1341|h77_aa1-448|extracted_nt1341|aligned_aa448|pident90.402,HCV,1a,100.0
HM042052|geneNS5A|query1-1341|h77_aa1-448|extracted_nt1341|aligned_aa449|pident79.955,HCV,1b,100.0
HM042066|geneNS5A|query1-1356|h77_aa1-448|extracted_nt1356|aligned_aa455|pident70.330,HCV,3a,100.0
HM042058|geneNS5A|query1-1341|h77_aa1-448|extracted_nt1341|aligned_aa450|pident78.444,HCV,1b,100.0
HM042060|geneNS5A|query1-1341|h77_aa1-448|extracted_nt1341|aligned_aa449|pident81.069,HCV,1b,100.0
HM042068|geneNS5A|query1-1356|h77_aa1-448|extracted_nt1356|aligned_aa455|pident69.670,HCV,3a,100.0
HM042059|geneNS5A|query1-1341|h77_aa1-448|extracted_nt1341|aligned_aa449|pident77.951,HCV,1b,100.0
HM042062|geneNS5A|query1-1341|h77_aa1-448|extracted_nt1341|aligned_aa453|pident77.483,HCV,1b,100.0
HM042071|geneNS5A|query1-1356|h77_aa1-448|extracted_nt1356|aligned_aa455|pident69.890,HCV,3a,100.0
HM042056|geneNS5A|query1-1341|h77_aa1-448|extracted_nt1341|aligned_aa449|pident77.728,HCV,1b,100.0
HM042072|geneNS5A|query1-1356|h77_aa1-448|extracted_nt1356|aligned_aa455|pident69.451,HCV,3a,100.0
HM042077|geneNS5A|query1-1356|h77_aa1-448|extracted_nt1356|aligned_aa456|pident70.175,HCV,3a,100.0
HM042080|geneNS5A|query1-1356|h77_aa1-448|extracted_nt1356|aligned_aa456|pident70.175,HCV,3a,100.0
HM042070|geneNS5A|query1-1356|h77_aa1-448|extracted_nt1356|aligned_aa455|pident69.231,HCV,3a,100.0
HM042076|geneNS5A|query1-1356|h77_aa1-448|extracted_nt1356|aligned_aa456|pident69.737,HCV,3a,100.0
HM042083|geneNS5A|query1-1356|h77_aa1-448|extracted_nt1356|aligned_aa453|pident67.108,HCV,3b,100.0
HM042063|geneNS5A|query1-1341|h77_aa1-448|extracted_nt1341|aligned_aa450|pident80.889,HCV,1b,100.0
HM042082|geneNS5A|query1-1356|h77_aa1-448|extracted_nt1356|aligned_aa453|pident67.329,HCV,3b,100.0
HM042091|geneNS5A|query7-1365|h77_aa3-448|extracted_nt1359|aligned_aa453|pident71.965,HCV,6f,100.0
HM042093|geneNS5A|query7-1365|h77_aa3-448|extracted_nt1359|aligned_aa453|pident71.965,HCV,6f,100.0
HM042073|geneNS5A|query1-1356|h77_aa1-448|extracted_nt1356|aligned_aa456|pident70.614,HCV,3a,100.0
HM042096|geneNS5A|query7-1377|h77_aa3-448|extracted_nt1371|aligned_aa457|pident70.678,HCV,6f,100.0
HM746807|geneNS5A|query1-1359|h77_aa1-448|extracted_nt1359|aligned_aa453|pident82.340,HCV,1a,100.0
HM746806|geneNS5A|query1-1359|h77_aa1-448|extracted_nt1359|aligned_aa453|pident81.457,HCV,1a,100.0
HM746821|geneNS5A|query1-1359|h77_aa1-448|extracted_nt1359|aligned_aa453|pident78.146,HCV,1b,100.0
HQ537007|geneNS5A|query6152-7495|h77_aa1-448|extracted_nt1344|aligned_aa452|pident78.319,HCV,1b,72.0
HQ537008|geneNS5A|query6176-7504|h77_aa3-448|extracted_nt1329|aligned_aa450|pident71.556,HCV,4v,100.0
HQ537009|geneNS5A|query6179-7507|h77_aa3-448|extracted_nt1329|aligned_aa450|pident71.556,HCV,4v,100.0
HQ738645|geneNS5A|query6277-7632|h77_aa1-448|extracted_nt1356|aligned_aa456|pident68.640,HCV,3a,100.0
HM746803|geneNS5A|query1-831|h77_aa1-277|extracted_nt831|aligned_aa277|pident97.112,HCV,1a,100.0
HM746817|geneNS5A|query1-1170|h77_aa1-390|extracted_nt1170|aligned_aa390|pident93.846,HCV,1a,100.0
HM746811|geneNS5A|query1-1170|h77_aa1-390|extracted_nt1170|aligned_aa390|pident93.333,HCV,1a,100.0
HM746818|geneNS5A|query1-1359|h77_aa1-448|extracted_nt1359|aligned_aa454|pident79.515,HCV,1b,100.0
HM746816|geneNS5A|query1-1170|h77_aa1-390|extracted_nt1170|aligned_aa390|pident92.051,HCV,1a,100.0
HM746832|geneNS5A|query1-1359|h77_aa1-448|extracted_nt1359|aligned_aa454|pident79.956,HCV,1b,100.0
HM746831|geneNS5A|query1-1359|h77_aa1-448|extracted_nt1359|aligned_aa454|pident77.753,HCV,1b,100.0
HM746838|geneNS5A|query1-1359|h77_aa1-448|extracted_nt1359|aligned_aa458|pident79.476,HCV,1b,100.0
HM777359|geneNS5A|query6189-7586|h77_aa1-448|extracted_nt1398|aligned_aa476|pident61.555,HCV,2j,100.0
HM777358|geneNS5A|query6189-7586|h77_aa1-448|extracted_nt1398|aligned_aa472|pident61.229,HCV,2j,100.0
HM746841|geneNS5A|query1-1359|h77_aa1-448|extracted_nt1359|aligned_aa453|pident75.497,HCV,1b,100.0
HM746809|geneNS5A|query1-1359|h77_aa1-448|extracted_nt1359|aligned_aa453|pident84.106,HCV,1a,100.0
HM746805|geneNS5A|query1-837|h77_aa1-279|extracted_nt837|aligned_aa279|pident96.057,HCV,1a,100.0
HM746813|geneNS5A|query1-837|h77_aa1-279|extracted_nt837|aligned_aa279|pident95.341,HCV,1a,100.0
HM746804|geneNS5A|query1-1161|h77_aa1-387|extracted_nt1161|aligned_aa387|pident94.832,HCV,1a,100.0
HM746808|geneNS5A|query1-1359|h77_aa1-448|extracted_nt1359|aligned_aa453|pident83.002,HCV,1a,100.0
JF735126|geneNS5A|query6271-7623|h77_aa1-448|extracted_nt1353|aligned_aa456|pident67.325,HCV,3h,100.0
JF735114|geneNS5A|query6269-7666|h77_aa1-448|extracted_nt1398|aligned_aa472|pident60.805,HCV,2d,100.0
JF735111|geneNS5A|query6269-7600|h77_aa1-443|extracted_nt1332|aligned_aa448|pident61.384,HCV,2m,100.0
JF509175|geneNS5A|query5935-7290|h77_aa1-448|extracted_nt1356|aligned_aa456|pident69.737,HCV,3a,100.0
JF735127|geneNS5A|query6263-7600|h77_aa3-448|extracted_nt1338|aligned_aa449|pident73.497,HCV,4a,32.0
JF735132|geneNS5A|query6260-7693|h77_aa2-448|extracted_nt1434|aligned_aa486|pident67.078,HCV,4v,79.0
JF735133|geneNS5A|query6261-7589|h77_aa3-448|extracted_nt1329|aligned_aa450|pident72.444,HCV,4v,100.0
JF735135|geneNS5A|query6263-7588|h77_aa3-448|extracted_nt1326|aligned_aa449|pident72.829,HCV,4a,100.0
JF735136|geneNS5A|query6264-7586|h77_aa3-448|extracted_nt1323|aligned_aa449|pident72.160,HCV,4v,82.0
JF735134|geneNS5A|query6263-7600|h77_aa3-448|extracted_nt1338|aligned_aa449|pident74.833,HCV,4d,24.0
JF509176|geneNS5A|query5935-7290|h77_aa1-448|extracted_nt1356|aligned_aa455|pident69.231,HCV,3a,100.0
JF735138|geneNS5A|query6266-7603|h77_aa3-448|extracted_nt1338|aligned_aa449|pident73.942,HCV,4a,58.0
JF735137|geneNS5A|query6260-7588|h77_aa3-448|extracted_nt1329|aligned_aa450|pident72.444,HCV,4a,100.0
HQ850278|geneNS5A|query6135-7478|h77_aa1-448|extracted_nt1344|aligned_aa448|pident94.420,HCV,1a,100.0
HQ850281|geneNS5A|query6153-7496|h77_aa1-448|extracted_nt1344|aligned_aa448|pident94.420,HCV,1a,100.0
HQ850279|geneNS5A|query6107-7450|h77_aa1-448|extracted_nt1344|aligned_aa448|pident94.196,HCV,1a,100.0
HQ850280|geneNS5A|query6143-7486|h77_aa1-448|extracted_nt1344|aligned_aa448|pident96.875,HCV,1a,100.0
HQ850286|geneNS5A|query6153-7496|h77_aa1-448|extracted_nt1344|aligned_aa448|pident93.527,HCV,1a,100.0
HQ850288|geneNS5A|query6157-7500|h77_aa1-448|extracted_nt1344|aligned_aa448|pident96.205,HCV,1a,100.0
HQ850287|geneNS5A|query6151-7494|h77_aa1-448|extracted_nt1344|aligned_aa448|pident95.759,HCV,1a,100.0
HQ850289|geneNS5A|query6141-7484|h77_aa1-448|extracted_nt1344|aligned_aa448|pident95.089,HCV,1a,100.0
HQ850282|geneNS5A|query6153-7496|h77_aa1-448|extracted_nt1344|aligned_aa448|pident96.429,HCV,1a,100.0
HQ850285|geneNS5A|query6163-7506|h77_aa1-448|extracted_nt1344|aligned_aa448|pident97.098,HCV,1a,100.0
HQ850283|geneNS5A|query6151-7494|h77_aa1-448|extracted_nt1344|aligned_aa448|pident94.643,HCV,1a,100.0
HQ850284|geneNS5A|query6137-7480|h77_aa1-448|extracted_nt1344|aligned_aa448|pident93.973,HCV,1a,100.0
HQ908285|geneNS5A|query2839-4179|h77_aa1-448|extracted_nt1341|aligned_aa453|pident79.691,HCV,1b,100.0
HQ908284|geneNS5A|query2839-4179|h77_aa1-448|extracted_nt1341|aligned_aa453|pident79.249,HCV,1b,100.0
HQ908282|geneNS5A|query2839-4179|h77_aa1-448|extracted_nt1341|aligned_aa453|pident79.029,HCV,1b,100.0
HQ908287|geneNS5A|query2839-4179|h77_aa1-448|extracted_nt1341|aligned_aa448|pident79.911,HCV,1b,100.0
HQ908290|geneNS5A|query2839-4179|h77_aa1-448|extracted_nt1341|aligned_aa453|pident79.029,HCV,1b,100.0
HQ908289|geneNS5A|query2839-4179|h77_aa1-448|extracted_nt1341|aligned_aa448|pident79.241,HCV,1b,100.0
HQ908291|geneNS5A|query2839-4179|h77_aa1-448|extracted_nt1341|aligned_aa448|pident79.018,HCV,1b,100.0
HQ908286|geneNS5A|query2839-4179|h77_aa1-448|extracted_nt1341|aligned_aa453|pident79.912,HCV,1b,100.0
HQ908288|geneNS5A|query2839-4179|h77_aa1-448|extracted_nt1341|aligned_aa453|pident78.587,HCV,1b,100.0
HQ908294|geneNS5A|query2839-4179|h77_aa1-448|extracted_nt1341|aligned_aa453|pident79.470,HCV,1b,100.0
HQ908292|geneNS5A|query2839-4179|h77_aa1-448|extracted_nt1341|aligned_aa453|pident79.691,HCV,1b,100.0
HQ908297|geneNS5A|query2839-4179|h77_aa1-448|extracted_nt1341|aligned_aa453|pident79.249,HCV,1b,100.0
HQ908295|geneNS5A|query2839-4179|h77_aa1-448|extracted_nt1341|aligned_aa453|pident79.470,HCV,1b,100.0
HQ908300|geneNS5A|query2839-4179|h77_aa1-448|extracted_nt1341|aligned_aa453|pident79.249,HCV,1b,100.0
HQ908299|geneNS5A|query2839-4179|h77_aa1-448|extracted_nt1341|aligned_aa449|pident80.401,HCV,1b,100.0
HQ908301|geneNS5A|query2839-4179|h77_aa1-448|extracted_nt1341|aligned_aa448|pident79.241,HCV,1b,100.0
HQ908296|geneNS5A|query2839-4179|h77_aa1-448|extracted_nt1341|aligned_aa453|pident79.470,HCV,1b,100.0
HQ908303|geneNS5A|query2839-4179|h77_aa1-448|extracted_nt1341|aligned_aa448|pident80.804,HCV,1b,100.0
HQ908304|geneNS5A|query2839-4179|h77_aa1-448|extracted_nt1341|aligned_aa449|pident81.292,HCV,1b,100.0
HQ908308|geneNS5A|query2839-4179|h77_aa1-448|extracted_nt1341|aligned_aa448|pident80.804,HCV,1b,100.0
HQ908310|geneNS5A|query2839-4179|h77_aa1-448|extracted_nt1341|aligned_aa448|pident81.250,HCV,1b,100.0
HQ850290|geneNS5A|query6146-7489|h77_aa1-448|extracted_nt1344|aligned_aa448|pident95.089,HCV,1a,100.0
HQ908312|geneNS5A|query2839-4179|h77_aa1-448|extracted_nt1341|aligned_aa449|pident81.737,HCV,1b,100.0
HQ908306|geneNS5A|query2839-4179|h77_aa1-448|extracted_nt1341|aligned_aa448|pident81.027,HCV,1b,100.0
HQ908293|geneNS5A|query2839-4179|h77_aa1-448|extracted_nt1341|aligned_aa448|pident79.688,HCV,1b,100.0
HQ908298|geneNS5A|query2839-4179|h77_aa1-448|extracted_nt1341|aligned_aa448|pident79.018,HCV,1b,100.0
HQ908313|geneNS5A|query2839-4179|h77_aa1-448|extracted_nt1341|aligned_aa448|pident80.580,HCV,1b,100.0
HQ908311|geneNS5A|query2839-4179|h77_aa1-448|extracted_nt1341|aligned_aa448|pident81.027,HCV,1b,100.0
HQ908302|geneNS5A|query2839-4179|h77_aa1-448|extracted_nt1341|aligned_aa448|pident80.357,HCV,1b,100.0
HQ908314|geneNS5A|query2839-4179|h77_aa1-448|extracted_nt1341|aligned_aa448|pident80.804,HCV,1b,100.0
HQ908319|geneNS5A|query2839-4179|h77_aa1-448|extracted_nt1341|aligned_aa448|pident80.804,HCV,1b,100.0
HQ908316|geneNS5A|query2839-4179|h77_aa1-448|extracted_nt1341|aligned_aa448|pident81.473,HCV,1b,100.0
HQ908318|geneNS5A|query2839-4179|h77_aa1-448|extracted_nt1341|aligned_aa448|pident81.473,HCV,1b,100.0
HQ908325|geneNS5A|query2839-4179|h77_aa1-448|extracted_nt1341|aligned_aa448|pident80.134,HCV,1b,100.0
HQ908315|geneNS5A|query2839-4179|h77_aa1-448|extracted_nt1341|aligned_aa448|pident80.357,HCV,1b,100.0
HQ908327|geneNS5A|query2839-4179|h77_aa1-448|extracted_nt1341|aligned_aa448|pident80.804,HCV,1b,100.0
HQ908317|geneNS5A|query2839-4179|h77_aa1-448|extracted_nt1341|aligned_aa448|pident81.027,HCV,1b,100.0
HQ908321|geneNS5A|query2839-4179|h77_aa1-448|extracted_nt1341|aligned_aa448|pident80.580,HCV,1b,100.0
HQ908326|geneNS5A|query2839-4179|h77_aa1-448|extracted_nt1341|aligned_aa448|pident80.357,HCV,1b,100.0
HQ908322|geneNS5A|query2839-4179|h77_aa1-448|extracted_nt1341|aligned_aa448|pident80.134,HCV,1b,100.0
HQ908330|geneNS5A|query2839-4179|h77_aa1-448|extracted_nt1341|aligned_aa448|pident81.250,HCV,1b,100.0
HQ908329|geneNS5A|query2839-4179|h77_aa1-448|extracted_nt1341|aligned_aa448|pident81.250,HCV,1b,100.0
HQ908334|geneNS5A|query2839-4179|h77_aa1-448|extracted_nt1341|aligned_aa448|pident80.134,HCV,1b,100.0
HQ908337|geneNS5A|query2839-4179|h77_aa1-448|extracted_nt1341|aligned_aa448|pident80.804,HCV,1b,100.0
HQ908305|geneNS5A|query2839-4179|h77_aa1-448|extracted_nt1341|aligned_aa448|pident80.804,HCV,1b,100.0
HQ908336|geneNS5A|query2839-4179|h77_aa1-448|extracted_nt1341|aligned_aa448|pident81.473,HCV,1b,100.0
HQ908332|geneNS5A|query2839-4179|h77_aa1-448|extracted_nt1341|aligned_aa448|pident82.143,HCV,1b,100.0
HQ908333|geneNS5A|query2839-4179|h77_aa1-448|extracted_nt1341|aligned_aa453|pident81.678,HCV,1b,100.0
HQ908338|geneNS5A|query2839-4179|h77_aa1-448|extracted_nt1341|aligned_aa448|pident80.804,HCV,1b,100.0
HQ908339|geneNS5A|query2839-4179|h77_aa1-448|extracted_nt1341|aligned_aa448|pident80.804,HCV,1b,100.0
HQ908331|geneNS5A|query2839-4179|h77_aa1-448|extracted_nt1341|aligned_aa449|pident81.514,HCV,1b,100.0
HQ908324|geneNS5A|query2839-4179|h77_aa1-448|extracted_nt1341|aligned_aa448|pident81.027,HCV,1b,100.0
HQ908340|geneNS5A|query2839-4179|h77_aa1-448|extracted_nt1341|aligned_aa448|pident81.027,HCV,1b,100.0
HQ908344|geneNS5A|query2839-4179|h77_aa1-448|extracted_nt1341|aligned_aa450|pident81.778,HCV,1b,100.0
HQ908343|geneNS5A|query2839-4179|h77_aa1-448|extracted_nt1341|aligned_aa448|pident80.134,HCV,1b,100.0
HQ908342|geneNS5A|query2839-4179|h77_aa1-448|extracted_nt1341|aligned_aa448|pident80.580,HCV,1b,100.0
HQ908323|geneNS5A|query2839-4179|h77_aa1-448|extracted_nt1341|aligned_aa449|pident80.401,HCV,1b,100.0
HQ908341|geneNS5A|query2839-4179|h77_aa1-448|extracted_nt1341|aligned_aa453|pident81.236,HCV,1b,100.0
HQ908345|geneNS5A|query2839-4179|h77_aa1-448|extracted_nt1341|aligned_aa448|pident81.250,HCV,1b,100.0
HQ908348|geneNS5A|query2839-4179|h77_aa1-448|extracted_nt1341|aligned_aa449|pident81.292,HCV,1b,100.0
HQ908350|geneNS5A|query2839-4179|h77_aa1-448|extracted_nt1341|aligned_aa448|pident80.804,HCV,1b,100.0
HQ908347|geneNS5A|query2839-4179|h77_aa1-448|extracted_nt1341|aligned_aa448|pident81.250,HCV,1b,100.0
HQ908349|geneNS5A|query2839-4179|h77_aa1-448|extracted_nt1341|aligned_aa448|pident80.804,HCV,1b,100.0
HQ908351|geneNS5A|query2839-4179|h77_aa1-448|extracted_nt1341|aligned_aa448|pident81.027,HCV,1b,100.0
HQ908352|geneNS5A|query2839-4179|h77_aa1-448|extracted_nt1341|aligned_aa448|pident80.580,HCV,1b,100.0
HQ908353|geneNS5A|query2839-4179|h77_aa1-448|extracted_nt1341|aligned_aa448|pident81.473,HCV,1b,100.0
HQ908357|geneNS5A|query2839-4179|h77_aa1-448|extracted_nt1341|aligned_aa448|pident80.357,HCV,1b,100.0
HQ908309|geneNS5A|query2839-4179|h77_aa1-448|extracted_nt1341|aligned_aa448|pident80.804,HCV,1b,100.0
HQ908354|geneNS5A|query2839-4179|h77_aa1-448|extracted_nt1341|aligned_aa448|pident80.804,HCV,1b,100.0
HQ908359|geneNS5A|query2839-4179|h77_aa1-448|extracted_nt1341|aligned_aa448|pident80.804,HCV,1b,100.0
HQ908355|geneNS5A|query2839-4179|h77_aa1-448|extracted_nt1341|aligned_aa448|pident80.804,HCV,1b,100.0
HQ908358|geneNS5A|query2839-4179|h77_aa1-448|extracted_nt1341|aligned_aa448|pident81.027,HCV,1b,100.0
HQ908346|geneNS5A|query2839-4179|h77_aa1-448|extracted_nt1341|aligned_aa448|pident81.473,HCV,1b,100.0
HQ908320|geneNS5A|query2839-4179|h77_aa1-448|extracted_nt1341|aligned_aa448|pident80.580,HCV,1b,100.0
HQ908335|geneNS5A|query2839-4179|h77_aa1-448|extracted_nt1341|aligned_aa448|pident81.250,HCV,1b,100.0
JF735112|geneNS5A|query6269-7678|h77_aa1-448|extracted_nt1410|aligned_aa476|pident58.824,HCV,2j,93.0
JF735115|geneNS5A|query6269-7666|h77_aa1-448|extracted_nt1398|aligned_aa472|pident59.958,HCV,2r,100.0
JF735116|geneNS5A|query6269-7666|h77_aa1-448|extracted_nt1398|aligned_aa472|pident60.593,HCV,2q,32.0
JF509177|geneNS5A|query5935-7290|h77_aa1-448|extracted_nt1356|aligned_aa456|pident69.737,HCV,3a,100.0
JF735120|geneNS5A|query6470-7882|h77_aa1-448|extracted_nt1413|aligned_aa481|pident59.667,HCV,2e,100.0
JF735119|geneNS5A|query6267-7676|h77_aa1-448|extracted_nt1410|aligned_aa474|pident57.806,HCV,2j,73.0
JF735117|geneNS5A|query6263-7660|h77_aa1-448|extracted_nt1398|aligned_aa472|pident60.593,HCV,2j,89.0
JF735123|geneNS5A|query6277-7638|h77_aa1-448|extracted_nt1362|aligned_aa455|pident69.670,HCV,3g,100.0
JF735121|geneNS5A|query6271-7623|h77_aa1-448|extracted_nt1353|aligned_aa455|pident67.912,HCV,3h,100.0
JF735118|geneNS5A|query6269-7666|h77_aa1-448|extracted_nt1398|aligned_aa472|pident59.534,HCV,2j,66.0
HQ908356|geneNS5A|query2839-4179|h77_aa1-448|extracted_nt1341|aligned_aa449|pident81.514,HCV,1b,100.0
JF735122|geneNS5A|query6274-7623|h77_aa2-448|extracted_nt1350|aligned_aa453|pident68.212,HCV,3k,100.0
PX387010|geneNS5A|query6251-7594|h77_aa1-448|extracted_nt1344|aligned_aa448|pident91.741,HCV,1a,100.0
PX387012|geneNS5A|query6175-7518|h77_aa1-448|extracted_nt1344|aligned_aa448|pident95.536,HCV,1a,100.0
PX387017|geneNS5A|query6266-7621|h77_aa1-448|extracted_nt1356|aligned_aa456|pident70.175,HCV,3a,100.0
PX387016|geneNS5A|query6255-7598|h77_aa1-448|extracted_nt1344|aligned_aa448|pident94.866,HCV,1a,100.0
PX387020|geneNS5A|query6251-7594|h77_aa1-448|extracted_nt1344|aligned_aa448|pident94.196,HCV,1a,100.0
PX387022|geneNS5A|query6251-7594|h77_aa1-448|extracted_nt1344|aligned_aa448|pident88.839,HCV,1a,100.0
PX468917|geneNS5A|query1-1299|h77_aa1-433|extracted_nt1299|aligned_aa433|pident93.995,HCV,1a,100.0
JN714194|geneNS5A|query6278-7633|h77_aa1-448|extracted_nt1356|aligned_aa455|pident69.890,HCV,3a,100.0
JQ717255|geneNS5A|query6274-7629|h77_aa1-448|extracted_nt1356|aligned_aa455|pident69.890,HCV,3a,100.0
JQ717254|geneNS5A|query6274-7629|h77_aa1-448|extracted_nt1356|aligned_aa456|pident69.956,HCV,3a,100.0
JQ717260|geneNS5A|query6274-7629|h77_aa1-448|extracted_nt1356|aligned_aa456|pident68.202,HCV,3a,100.0
JQ717257|geneNS5A|query6274-7629|h77_aa1-448|extracted_nt1356|aligned_aa456|pident70.175,HCV,3a,100.0
JQ717258|geneNS5A|query6276-7631|h77_aa1-448|extracted_nt1356|aligned_aa455|pident69.451,HCV,3a,100.0
PX376056|geneNS5A|query6201-7544|h77_aa1-448|extracted_nt1344|aligned_aa448|pident81.027,HCV,1l,100.0
PX386720|geneNS5A|query6252-7607|h77_aa1-448|extracted_nt1356|aligned_aa455|pident69.451,HCV,3a,100.0
PX386718|geneNS5A|query6172-7515|h77_aa1-448|extracted_nt1344|aligned_aa448|pident92.857,HCV,1a,100.0
PX386726|geneNS5A|query6233-7630|h77_aa1-448|extracted_nt1398|aligned_aa472|pident57.839,HCV,2b,100.0
PX386727|geneNS5A|query6259-7614|h77_aa1-448|extracted_nt1356|aligned_aa456|pident69.956,HCV,3a,100.0
PX386719|geneNS5A|query6265-7620|h77_aa1-448|extracted_nt1356|aligned_aa455|pident70.330,HCV,3a,100.0
PX386732|geneNS5A|query6250-7605|h77_aa1-448|extracted_nt1356|aligned_aa455|pident68.571,HCV,3a,100.0
PX386733|geneNS5A|query6235-7590|h77_aa1-448|extracted_nt1356|aligned_aa456|pident68.860,HCV,3a,100.0
PX386728|geneNS5A|query6233-7630|h77_aa1-448|extracted_nt1398|aligned_aa472|pident58.263,HCV,2b,100.0
PX386739|geneNS5A|query6251-7594|h77_aa1-448|extracted_nt1344|aligned_aa448|pident95.312,HCV,1a,100.0
PX386744|geneNS5A|query6262-7617|h77_aa1-448|extracted_nt1356|aligned_aa455|pident68.791,HCV,3a,100.0
PX386742|geneNS5A|query6270-7625|h77_aa1-448|extracted_nt1356|aligned_aa456|pident69.079,HCV,3a,100.0
PX386743|geneNS5A|query6206-7546|h77_aa1-448|extracted_nt1341|aligned_aa449|pident79.510,HCV,1b,100.0
PX386750|geneNS5A|query6262-7617|h77_aa1-448|extracted_nt1356|aligned_aa455|pident68.132,HCV,3a,100.0
PX386751|geneNS5A|query6260-7615|h77_aa1-448|extracted_nt1356|aligned_aa453|pident70.199,HCV,3a,100.0
PX386741|geneNS5A|query6266-7621|h77_aa1-448|extracted_nt1356|aligned_aa456|pident69.079,HCV,3a,100.0
PX386755|geneNS5A|query6242-7639|h77_aa1-448|extracted_nt1398|aligned_aa472|pident58.475,HCV,2b,100.0
PX386754|geneNS5A|query6180-7523|h77_aa1-448|extracted_nt1344|aligned_aa448|pident93.304,HCV,1a,100.0
PX386746|geneNS5A|query6206-7546|h77_aa1-448|extracted_nt1341|aligned_aa449|pident80.178,HCV,1b,100.0
PX386760|geneNS5A|query6259-7614|h77_aa1-448|extracted_nt1356|aligned_aa455|pident69.890,HCV,3a,100.0
PX386748|geneNS5A|query6173-7516|h77_aa1-448|extracted_nt1344|aligned_aa448|pident94.420,HCV,1a,100.0
PX386752|geneNS5A|query6261-7616|h77_aa1-448|extracted_nt1356|aligned_aa456|pident70.175,HCV,3a,100.0
PX386769|geneNS5A|query6206-7549|h77_aa1-448|extracted_nt1344|aligned_aa448|pident93.304,HCV,1a,100.0
PX386765|geneNS5A|query6252-7595|h77_aa1-448|extracted_nt1344|aligned_aa448|pident93.304,HCV,1a,100.0
PX386771|geneNS5A|query6263-7618|h77_aa1-448|extracted_nt1356|aligned_aa455|pident70.549,HCV,3a,100.0
PX386768|geneNS5A|query6261-7616|h77_aa1-448|extracted_nt1356|aligned_aa455|pident69.670,HCV,3a,100.0
PX386731|geneNS5A|query6206-7546|h77_aa1-448|extracted_nt1341|aligned_aa448|pident81.027,HCV,1b,100.0
PX386779|geneNS5A|query6251-7594|h77_aa1-448|extracted_nt1344|aligned_aa448|pident94.643,HCV,1a,100.0
PX386776|geneNS5A|query6262-7617|h77_aa1-448|extracted_nt1356|aligned_aa456|pident69.079,HCV,3a,100.0
PX386786|geneNS5A|query6252-7595|h77_aa1-448|extracted_nt1344|aligned_aa448|pident93.750,HCV,1a,100.0
PX386782|geneNS5A|query6205-7548|h77_aa1-448|extracted_nt1344|aligned_aa448|pident91.964,HCV,1a,100.0
PX386775|geneNS5A|query6180-7523|h77_aa1-448|extracted_nt1344|aligned_aa448|pident92.411,HCV,1a,100.0
PX386787|geneNS5A|query6259-7596|h77_aa1-448|extracted_nt1338|aligned_aa456|pident67.982,HCV,3a,100.0
PX386789|geneNS5A|query6186-7529|h77_aa1-448|extracted_nt1344|aligned_aa448|pident92.634,HCV,1a,100.0
PX386788|geneNS5A|query6180-7523|h77_aa1-448|extracted_nt1344|aligned_aa448|pident93.973,HCV,1a,100.0
PX386781|geneNS5A|query6266-7621|h77_aa1-448|extracted_nt1356|aligned_aa456|pident69.737,HCV,3a,100.0
PX386794|geneNS5A|query6206-7549|h77_aa1-448|extracted_nt1344|aligned_aa448|pident94.420,HCV,1a,100.0
PX386780|geneNS5A|query6250-7593|h77_aa1-448|extracted_nt1344|aligned_aa448|pident95.312,HCV,1a,100.0
PX386797|geneNS5A|query6260-7615|h77_aa1-448|extracted_nt1356|aligned_aa456|pident70.175,HCV,3a,100.0
PX386801|geneNS5A|query6233-7630|h77_aa1-448|extracted_nt1398|aligned_aa473|pident58.140,HCV,2b,100.0
PX386808|geneNS5A|query6268-7623|h77_aa1-448|extracted_nt1356|aligned_aa455|pident70.330,HCV,3a,100.0
PX386810|geneNS5A|query6262-7617|h77_aa1-448|extracted_nt1356|aligned_aa456|pident69.298,HCV,3a,100.0
PX386802|geneNS5A|query6245-7600|h77_aa1-448|extracted_nt1356|aligned_aa456|pident69.079,HCV,3a,100.0
PX386806|geneNS5A|query6180-7523|h77_aa1-448|extracted_nt1344|aligned_aa448|pident91.518,HCV,1a,100.0
PX386792|geneNS5A|query6252-7595|h77_aa1-448|extracted_nt1344|aligned_aa448|pident93.973,HCV,1a,100.0
PX386814|geneNS5A|query6252-7595|h77_aa1-448|extracted_nt1344|aligned_aa448|pident94.196,HCV,1a,100.0
PX386784|geneNS5A|query6251-7594|h77_aa1-448|extracted_nt1344|aligned_aa448|pident90.402,HCV,1a,100.0
PX386812|geneNS5A|query6264-7619|h77_aa1-448|extracted_nt1356|aligned_aa455|pident69.011,HCV,3a,100.0
PX386819|geneNS5A|query6251-7594|h77_aa1-448|extracted_nt1344|aligned_aa448|pident94.196,HCV,1a,100.0
PX386818|geneNS5A|query6175-7518|h77_aa1-448|extracted_nt1344|aligned_aa448|pident92.857,HCV,1a,100.0
PX386825|geneNS5A|query6180-7523|h77_aa1-448|extracted_nt1344|aligned_aa448|pident93.080,HCV,1a,100.0
PX386829|geneNS5A|query6154-7497|h77_aa1-448|extracted_nt1344|aligned_aa448|pident94.643,HCV,1a,100.0
PX386833|geneNS5A|query6180-7523|h77_aa1-448|extracted_nt1344|aligned_aa448|pident92.634,HCV,1a,100.0
PX386809|geneNS5A|query6264-7619|h77_aa1-448|extracted_nt1356|aligned_aa456|pident69.518,HCV,3a,100.0
PX386834|geneNS5A|query6264-7619|h77_aa1-448|extracted_nt1356|aligned_aa456|pident69.298,HCV,3a,100.0
PX386840|geneNS5A|query6251-7594|h77_aa1-448|extracted_nt1344|aligned_aa448|pident93.973,HCV,1a,100.0
PX386835|geneNS5A|query6264-7619|h77_aa1-448|extracted_nt1356|aligned_aa455|pident70.110,HCV,3a,100.0
PX386844|geneNS5A|query6265-7620|h77_aa1-448|extracted_nt1356|aligned_aa455|pident69.451,HCV,3a,100.0
PX386838|geneNS5A|query6267-7622|h77_aa1-448|extracted_nt1356|aligned_aa455|pident69.890,HCV,3a,100.0
PX386841|geneNS5A|query6206-7549|h77_aa1-448|extracted_nt1344|aligned_aa448|pident93.973,HCV,1a,100.0
PX386837|geneNS5A|query6261-7616|h77_aa1-448|extracted_nt1356|aligned_aa455|pident70.769,HCV,3a,100.0
PX386847|geneNS5A|query6260-7615|h77_aa1-448|extracted_nt1356|aligned_aa455|pident70.110,HCV,3a,100.0
PX386850|geneNS5A|query6272-7627|h77_aa1-448|extracted_nt1356|aligned_aa456|pident69.737,HCV,3a,100.0
PX386848|geneNS5A|query6267-7622|h77_aa1-448|extracted_nt1356|aligned_aa455|pident70.330,HCV,3a,100.0
PX386854|geneNS5A|query6266-7621|h77_aa1-448|extracted_nt1356|aligned_aa455|pident68.571,HCV,3a,100.0
PX386843|geneNS5A|query6265-7620|h77_aa1-448|extracted_nt1356|aligned_aa456|pident69.298,HCV,3a,100.0
PX386856|geneNS5A|query6206-7549|h77_aa1-448|extracted_nt1344|aligned_aa448|pident93.973,HCV,1a,100.0
PX386862|geneNS5A|query6262-7617|h77_aa1-448|extracted_nt1356|aligned_aa456|pident69.518,HCV,3a,100.0
PX386846|geneNS5A|query6233-7630|h77_aa1-448|extracted_nt1398|aligned_aa473|pident58.351,HCV,2b,100.0
PX386865|geneNS5A|query6267-7622|h77_aa1-448|extracted_nt1356|aligned_aa455|pident69.231,HCV,3a,100.0
PX386866|geneNS5A|query6232-7629|h77_aa1-448|extracted_nt1398|aligned_aa473|pident55.814,HCV,2b,100.0
PX386852|geneNS5A|query6184-7527|h77_aa1-448|extracted_nt1344|aligned_aa448|pident93.527,HCV,1a,100.0
PX386870|geneNS5A|query6251-7594|h77_aa1-448|extracted_nt1344|aligned_aa448|pident93.750,HCV,1a,100.0
PX386875|geneNS5A|query6206-7549|h77_aa1-448|extracted_nt1344|aligned_aa448|pident93.973,HCV,1a,100.0
PX386873|geneNS5A|query6264-7619|h77_aa1-448|extracted_nt1356|aligned_aa455|pident69.890,HCV,3a,100.0
PX386876|geneNS5A|query6266-7621|h77_aa1-448|extracted_nt1356|aligned_aa456|pident70.175,HCV,3a,100.0
PX386878|geneNS5A|query6175-7518|h77_aa1-448|extracted_nt1344|aligned_aa448|pident91.295,HCV,1a,100.0
PX386863|geneNS5A|query6264-7619|h77_aa1-448|extracted_nt1356|aligned_aa456|pident70.614,HCV,3a,100.0
PX386879|geneNS5A|query6186-7529|h77_aa1-448|extracted_nt1344|aligned_aa448|pident94.196,HCV,1a,100.0
PX386874|geneNS5A|query6277-7632|h77_aa1-448|extracted_nt1356|aligned_aa456|pident69.298,HCV,3a,100.0
PX386883|geneNS5A|query6267-7622|h77_aa1-448|extracted_nt1356|aligned_aa455|pident69.451,HCV,3a,100.0
PX386881|geneNS5A|query6206-7549|h77_aa1-448|extracted_nt1344|aligned_aa448|pident94.420,HCV,1a,100.0
PX386885|geneNS5A|query6206-7546|h77_aa1-448|extracted_nt1341|aligned_aa448|pident78.125,HCV,1b,100.0
PX386887|geneNS5A|query6262-7617|h77_aa1-448|extracted_nt1356|aligned_aa455|pident69.890,HCV,3a,100.0
PX386869|geneNS5A|query6251-7594|h77_aa1-448|extracted_nt1344|aligned_aa448|pident93.527,HCV,1a,100.0
PX386892|geneNS5A|query6254-7594|h77_aa1-448|extracted_nt1341|aligned_aa448|pident77.679,HCV,1b,100.0
PX386898|geneNS5A|query6154-7497|h77_aa1-448|extracted_nt1344|aligned_aa448|pident93.750,HCV,1a,100.0
PX386901|geneNS5A|query6264-7619|h77_aa1-448|extracted_nt1356|aligned_aa455|pident70.769,HCV,3a,100.0
PX386906|geneNS5A|query6163-7506|h77_aa1-448|extracted_nt1344|aligned_aa448|pident94.196,HCV,1a,100.0
PX386908|geneNS5A|query6180-7523|h77_aa1-448|extracted_nt1344|aligned_aa448|pident93.527,HCV,1a,100.0
PX386903|geneNS5A|query6252-7595|h77_aa1-448|extracted_nt1344|aligned_aa448|pident93.304,HCV,1a,100.0
PX386897|geneNS5A|query6251-7594|h77_aa1-448|extracted_nt1344|aligned_aa448|pident95.089,HCV,1a,100.0
PX386857|geneNS5A|query6205-7545|h77_aa1-448|extracted_nt1341|aligned_aa448|pident80.357,HCV,1b,100.0
PX386913|geneNS5A|query6172-7515|h77_aa1-448|extracted_nt1344|aligned_aa448|pident85.268,HCV,1a,100.0
PX386915|geneNS5A|query6251-7594|h77_aa1-448|extracted_nt1344|aligned_aa448|pident93.973,HCV,1a,100.0
PX386914|geneNS5A|query6262-7617|h77_aa1-448|extracted_nt1356|aligned_aa453|pident69.757,HCV,3a,100.0
PX386925|geneNS5A|query6267-7622|h77_aa1-448|extracted_nt1356|aligned_aa455|pident70.549,HCV,3a,100.0
PX386929|geneNS5A|query6264-7604|h77_aa1-448|extracted_nt1341|aligned_aa448|pident68.750,HCV,3a,100.0
PX386928|geneNS5A|query6265-7620|h77_aa1-448|extracted_nt1356|aligned_aa455|pident70.330,HCV,3a,100.0
PX386909|geneNS5A|query6206-7549|h77_aa1-448|extracted_nt1344|aligned_aa448|pident93.973,HCV,1a,100.0
PX386931|geneNS5A|query6186-7529|h77_aa1-448|extracted_nt1344|aligned_aa448|pident93.527,HCV,1a,100.0
PX386936|geneNS5A|query6252-7595|h77_aa1-448|extracted_nt1344|aligned_aa448|pident92.634,HCV,1a,100.0
PX386924|geneNS5A|query6172-7515|h77_aa1-448|extracted_nt1344|aligned_aa448|pident93.750,HCV,1a,100.0
PX386918|geneNS5A|query6267-7622|h77_aa1-448|extracted_nt1356|aligned_aa455|pident69.890,HCV,3a,100.0
PX386940|geneNS5A|query6251-7591|h77_aa1-448|extracted_nt1341|aligned_aa448|pident79.911,HCV,1b,100.0
PX386939|geneNS5A|query6114-7457|h77_aa1-448|extracted_nt1344|aligned_aa448|pident95.536,HCV,1a,100.0
PX386937|geneNS5A|query6206-7546|h77_aa1-448|extracted_nt1341|aligned_aa448|pident80.357,HCV,1b,100.0
PX386957|geneNS5A|query6266-7621|h77_aa1-448|extracted_nt1356|aligned_aa455|pident69.890,HCV,3a,100.0
PX386956|geneNS5A|query6233-7630|h77_aa1-448|extracted_nt1398|aligned_aa472|pident58.263,HCV,2b,100.0
PX386947|geneNS5A|query6192-7535|h77_aa1-448|extracted_nt1344|aligned_aa448|pident92.634,HCV,1a,100.0
PX386958|geneNS5A|query6180-7523|h77_aa1-448|extracted_nt1344|aligned_aa448|pident88.170,HCV,1a,100.0
PX386963|geneNS5A|query6193-7521|h77_aa3-448|extracted_nt1329|aligned_aa450|pident71.333,HCV,4v,100.0
PX386965|geneNS5A|query6185-7522|h77_aa3-448|extracted_nt1338|aligned_aa449|pident72.829,HCV,4b,100.0
PX386967|geneNS5A|query6264-7619|h77_aa1-448|extracted_nt1356|aligned_aa459|pident67.974,HCV,3b,100.0
PX386966|geneNS5A|query6265-7620|h77_aa1-448|extracted_nt1356|aligned_aa455|pident68.352,HCV,3b,100.0
PX386942|geneNS5A|query6267-7622|h77_aa1-448|extracted_nt1356|aligned_aa455|pident69.451,HCV,3a,100.0
PX386962|geneNS5A|query6228-7571|h77_aa1-448|extracted_nt1344|aligned_aa448|pident79.688,HCV,1l,100.0
PX386964|geneNS5A|query6265-7608|h77_aa1-448|extracted_nt1344|aligned_aa453|pident80.132,HCV,1l,100.0
PX386972|geneNS5A|query6196-7548|h77_aa1-448|extracted_nt1353|aligned_aa453|pident67.770,HCV,3h,100.0
PX386959|geneNS5A|query6262-7617|h77_aa1-448|extracted_nt1356|aligned_aa455|pident70.549,HCV,3a,100.0
PX386975|geneNS5A|query6252-7577|h77_aa2-448|extracted_nt1326|aligned_aa450|pident72.222,HCV,4c,100.0
PX386976|geneNS5A|query6185-7525|h77_aa3-448|extracted_nt1341|aligned_aa450|pident75.111,HCV,4r,100.0
PX386973|geneNS5A|query6263-7618|h77_aa1-448|extracted_nt1356|aligned_aa455|pident68.791,HCV,3b,100.0
PX386970|geneNS5A|query6264-7616|h77_aa1-448|extracted_nt1353|aligned_aa455|pident69.890,HCV,3h,83.0
PX386980|geneNS5A|query6260-7585|h77_aa3-448|extracted_nt1326|aligned_aa449|pident72.160,HCV,4t,100.0
PX386982|geneNS5A|query6242-7585|h77_aa1-448|extracted_nt1344|aligned_aa450|pident80.000,HCV,1g,100.0
PX386984|geneNS5A|query6271-7617|h77_aa1-448|extracted_nt1347|aligned_aa454|pident79.075,HCV,1l,100.0
PX386986|geneNS5A|query6242-7585|h77_aa1-448|extracted_nt1344|aligned_aa448|pident79.018,HCV,1e,100.0
PX386987|geneNS5A|query6233-7630|h77_aa1-448|extracted_nt1398|aligned_aa472|pident58.051,HCV,2b,100.0
PX386989|geneNS5A|query6233-7630|h77_aa1-448|extracted_nt1398|aligned_aa472|pident58.686,HCV,2b,100.0
PX386991|geneNS5A|query6258-7655|h77_aa1-448|extracted_nt1398|aligned_aa472|pident60.805,HCV,2c,100.0
PX386994|geneNS5A|query6181-7518|h77_aa3-448|extracted_nt1338|aligned_aa453|pident70.861,HCV,4a,100.0
PX386978|geneNS5A|query6236-7582|h77_aa3-448|extracted_nt1347|aligned_aa453|pident70.419,HCV,6a,100.0
PX386998|geneNS5A|query6250-7575|h77_aa3-448|extracted_nt1326|aligned_aa449|pident73.497,HCV,4d,100.0
PX387003|geneNS5A|query6192-7535|h77_aa1-448|extracted_nt1344|aligned_aa448|pident92.634,HCV,1a,100.0
PX386993|geneNS5A|query6198-7526|h77_aa3-448|extracted_nt1329|aligned_aa452|pident71.239,HCV,4f,100.0
PX386996|geneNS5A|query6247-7572|h77_aa3-448|extracted_nt1326|aligned_aa449|pident73.719,HCV,4d,100.0
PX387002|geneNS5A|query6169-7515|h77_aa2-448|extracted_nt1347|aligned_aa453|pident71.082,HCV,5a,100.0
PX387004|geneNS5A|query6184-7527|h77_aa1-448|extracted_nt1344|aligned_aa448|pident92.411,HCV,1a,100.0
PX387006|geneNS5A|query6203-7543|h77_aa1-448|extracted_nt1341|aligned_aa453|pident76.600,HCV,1b,100.0
PX387013|geneNS5A|query6252-7595|h77_aa1-448|extracted_nt1344|aligned_aa448|pident92.411,HCV,1a,100.0
PX387009|geneNS5A|query6206-7549|h77_aa1-448|extracted_nt1344|aligned_aa448|pident94.643,HCV,1a,100.0
PX387019|geneNS5A|query6252-7595|h77_aa1-448|extracted_nt1344|aligned_aa448|pident92.857,HCV,1a,100.0
PX387018|geneNS5A|query6192-7535|h77_aa1-448|extracted_nt1344|aligned_aa448|pident95.759,HCV,1a,100.0
PX387030|geneNS5A|query6192-7535|h77_aa1-448|extracted_nt1344|aligned_aa448|pident83.705,HCV,1a,100.0
PX387036|geneNS5A|query6246-7586|h77_aa1-448|extracted_nt1341|aligned_aa448|pident80.357,HCV,1b,100.0
PX387031|geneNS5A|query6268-7623|h77_aa1-448|extracted_nt1356|aligned_aa455|pident69.670,HCV,3a,100.0
PX387039|geneNS5A|query6266-7621|h77_aa1-448|extracted_nt1356|aligned_aa455|pident69.451,HCV,3a,100.0
PX387040|geneNS5A|query6233-7630|h77_aa1-448|extracted_nt1398|aligned_aa472|pident55.932,HCV,2b,100.0
PX387026|geneNS5A|query6266-7621|h77_aa1-448|extracted_nt1356|aligned_aa455|pident69.890,HCV,3a,100.0
PX446232|geneNS5A|query6190-7515|h77_aa3-448|extracted_nt1326|aligned_aa450|pident71.556,HCV,4f,100.0
PX468913|geneNS5A|query1-1293|h77_aa1-431|extracted_nt1293|aligned_aa431|pident93.735,HCV,1a,100.0
PX468912|geneNS5A|query1-1290|h77_aa1-430|extracted_nt1290|aligned_aa430|pident94.419,HCV,1a,100.0
PX468915|geneNS5A|query1-1320|h77_aa1-440|extracted_nt1320|aligned_aa440|pident92.727,HCV,1a,100.0
PX386950|geneNS5A|query6268-7623|h77_aa1-448|extracted_nt1356|aligned_aa456|pident70.175,HCV,3a,100.0
PX386952|geneNS5A|query6192-7535|h77_aa1-448|extracted_nt1344|aligned_aa448|pident94.420,HCV,1a,100.0
PX468916|geneNS5A|query1-1338|h77_aa1-446|extracted_nt1338|aligned_aa446|pident89.910,HCV,1a,100.0
PX386948|geneNS5A|query6252-7595|h77_aa1-448|extracted_nt1344|aligned_aa448|pident92.411,HCV,1a,100.0
JQ065709|geneNS5A|query6252-7607|h77_aa1-448|extracted_nt1356|aligned_aa455|pident68.571,HCV,3b,100.0
JQ717256|geneNS5A|query6276-7631|h77_aa1-448|extracted_nt1356|aligned_aa455|pident69.670,HCV,3a,100.0
JQ717259|geneNS5A|query6276-7631|h77_aa1-448|extracted_nt1356|aligned_aa455|pident69.451,HCV,3a,100.0
PX290144|geneNS5A|query6198-7523|h77_aa3-448|extracted_nt1326|aligned_aa450|pident70.667,HCV,4f,100.0
PX386725|geneNS5A|query6206-7546|h77_aa1-448|extracted_nt1341|aligned_aa448|pident80.804,HCV,1b,100.0
PX386723|geneNS5A|query6266-7621|h77_aa1-448|extracted_nt1356|aligned_aa455|pident70.110,HCV,3a,100.0
PX386724|geneNS5A|query6251-7594|h77_aa1-448|extracted_nt1344|aligned_aa448|pident92.188,HCV,1a,100.0
PX386737|geneNS5A|query6192-7535|h77_aa1-448|extracted_nt1344|aligned_aa448|pident94.643,HCV,1a,100.0
PX386738|geneNS5A|query6260-7615|h77_aa1-448|extracted_nt1356|aligned_aa455|pident69.890,HCV,3a,100.0
PX386736|geneNS5A|query6262-7617|h77_aa1-448|extracted_nt1356|aligned_aa456|pident69.079,HCV,3a,100.0
PX386734|geneNS5A|query6263-7618|h77_aa1-448|extracted_nt1356|aligned_aa456|pident69.737,HCV,3a,100.0
PX386745|geneNS5A|query6175-7518|h77_aa1-448|extracted_nt1344|aligned_aa448|pident90.179,HCV,1a,100.0
PX386762|geneNS5A|query6257-7612|h77_aa1-448|extracted_nt1356|aligned_aa456|pident69.737,HCV,3a,100.0
PX386753|geneNS5A|query6262-7617|h77_aa1-448|extracted_nt1356|aligned_aa456|pident69.518,HCV,3a,100.0
PX386749|geneNS5A|query6264-7619|h77_aa1-448|extracted_nt1356|aligned_aa455|pident70.330,HCV,3a,100.0
PX386759|geneNS5A|query6261-7616|h77_aa1-448|extracted_nt1356|aligned_aa456|pident69.737,HCV,3a,100.0
PX386770|geneNS5A|query6251-7594|h77_aa1-448|extracted_nt1344|aligned_aa448|pident93.080,HCV,1a,100.0
PX386774|geneNS5A|query6179-7522|h77_aa1-448|extracted_nt1344|aligned_aa448|pident95.089,HCV,1a,100.0
PX386783|geneNS5A|query6251-7594|h77_aa1-448|extracted_nt1344|aligned_aa450|pident80.222,HCV,1c,100.0
PX386798|geneNS5A|query6193-7536|h77_aa1-448|extracted_nt1344|aligned_aa448|pident93.080,HCV,1a,100.0
PX386805|geneNS5A|query6184-7527|h77_aa1-448|extracted_nt1344|aligned_aa448|pident94.420,HCV,1a,100.0
PX386799|geneNS5A|query6267-7622|h77_aa1-448|extracted_nt1356|aligned_aa455|pident68.571,HCV,3a,100.0
PX386816|geneNS5A|query6192-7535|h77_aa1-448|extracted_nt1344|aligned_aa448|pident92.634,HCV,1a,100.0
PX386826|geneNS5A|query6233-7630|h77_aa1-448|extracted_nt1398|aligned_aa472|pident58.475,HCV,2b,100.0
PX386817|geneNS5A|query6265-7620|h77_aa1-448|extracted_nt1356|aligned_aa455|pident69.890,HCV,3a,100.0
PX386828|geneNS5A|query6266-7621|h77_aa1-448|extracted_nt1356|aligned_aa455|pident69.890,HCV,3a,100.0
PX386821|geneNS5A|query6266-7621|h77_aa1-448|extracted_nt1356|aligned_aa456|pident69.956,HCV,3a,100.0
PX386830|geneNS5A|query6264-7619|h77_aa1-448|extracted_nt1356|aligned_aa455|pident69.890,HCV,3a,100.0
PX386842|geneNS5A|query6267-7622|h77_aa1-448|extracted_nt1356|aligned_aa456|pident69.737,HCV,3a,100.0
PX386849|geneNS5A|query6192-7535|h77_aa1-448|extracted_nt1344|aligned_aa448|pident89.955,HCV,1a,100.0
PX386820|geneNS5A|query6266-7621|h77_aa1-448|extracted_nt1356|aligned_aa455|pident69.231,HCV,3a,100.0
PX386859|geneNS5A|query6264-7619|h77_aa1-448|extracted_nt1356|aligned_aa456|pident70.175,HCV,3a,100.0
PX386858|geneNS5A|query6268-7623|h77_aa1-448|extracted_nt1356|aligned_aa455|pident69.670,HCV,3a,100.0
PX386860|geneNS5A|query6267-7622|h77_aa1-448|extracted_nt1356|aligned_aa455|pident69.890,HCV,3a,100.0
PX386877|geneNS5A|query6180-7523|h77_aa1-448|extracted_nt1344|aligned_aa448|pident69.866,HCV,1a,100.0
PX386880|geneNS5A|query6265-7620|h77_aa1-448|extracted_nt1356|aligned_aa455|pident69.890,HCV,3a,100.0
PX386884|geneNS5A|query6262-7617|h77_aa1-448|extracted_nt1356|aligned_aa455|pident70.110,HCV,3a,100.0
PX386895|geneNS5A|query6206-7549|h77_aa1-448|extracted_nt1344|aligned_aa448|pident94.420,HCV,1a,100.0
PX386894|geneNS5A|query6172-7515|h77_aa1-448|extracted_nt1344|aligned_aa448|pident94.196,HCV,1a,100.0
PX386890|geneNS5A|query6268-7623|h77_aa1-448|extracted_nt1356|aligned_aa455|pident69.670,HCV,3a,100.0
PX386900|geneNS5A|query6206-7549|h77_aa1-448|extracted_nt1344|aligned_aa448|pident93.750,HCV,1a,100.0
PX386905|geneNS5A|query6264-7619|h77_aa1-448|extracted_nt1356|aligned_aa456|pident69.956,HCV,3a,100.0
PX386911|geneNS5A|query6265-7620|h77_aa1-448|extracted_nt1356|aligned_aa456|pident71.053,HCV,3a,100.0
PX386893|geneNS5A|query6259-7614|h77_aa1-448|extracted_nt1356|aligned_aa455|pident70.110,HCV,3a,100.0
PX386910|geneNS5A|query6267-7622|h77_aa1-448|extracted_nt1356|aligned_aa455|pident70.549,HCV,3a,100.0
PX386916|geneNS5A|query6268-7623|h77_aa1-448|extracted_nt1356|aligned_aa455|pident69.451,HCV,3a,100.0
PX386919|geneNS5A|query6262-7617|h77_aa1-448|extracted_nt1356|aligned_aa455|pident68.571,HCV,3a,100.0
PX386902|geneNS5A|query6273-7628|h77_aa1-448|extracted_nt1356|aligned_aa455|pident71.429,HCV,3a,100.0
PX386920|geneNS5A|query6267-7622|h77_aa1-448|extracted_nt1356|aligned_aa456|pident69.518,HCV,3a,100.0
PX386921|geneNS5A|query6267-7622|h77_aa1-448|extracted_nt1356|aligned_aa455|pident69.231,HCV,3a,100.0
PX386926|geneNS5A|query6263-7660|h77_aa1-448|extracted_nt1398|aligned_aa472|pident59.322,HCV,2j,92.0
PX386935|geneNS5A|query6179-7522|h77_aa1-448|extracted_nt1344|aligned_aa448|pident95.312,HCV,1a,100.0
PX386945|geneNS5A|query6259-7614|h77_aa1-448|extracted_nt1356|aligned_aa456|pident69.298,HCV,3a,100.0
PX386938|geneNS5A|query6206-7549|h77_aa1-448|extracted_nt1344|aligned_aa448|pident94.420,HCV,1a,100.0
PX386923|geneNS5A|query6251-7594|h77_aa1-448|extracted_nt1344|aligned_aa448|pident93.304,HCV,1a,100.0
PX386974|geneNS5A|query6185-7525|h77_aa3-448|extracted_nt1341|aligned_aa450|pident76.000,HCV,4r,100.0
PX386983|geneNS5A|query6190-7518|h77_aa3-448|extracted_nt1329|aligned_aa450|pident73.778,HCV,4v,100.0
PX386969|geneNS5A|query6236-7591|h77_aa3-448|extracted_nt1356|aligned_aa458|pident69.869,HCV,6a,100.0
PX386990|geneNS5A|query6233-7630|h77_aa1-448|extracted_nt1398|aligned_aa477|pident58.281,HCV,2b,100.0
PX386971|geneNS5A|query6255-7577|h77_aa3-448|extracted_nt1323|aligned_aa449|pident73.051,HCV,4c,100.0
PX386995|geneNS5A|query6196-7530|h77_aa1-448|extracted_nt1335|aligned_aa452|pident71.903,HCV,4a,100.0
PX387001|geneNS5A|query6254-7585|h77_aa2-448|extracted_nt1332|aligned_aa448|pident68.304,HCV,5a,100.0
PX386997|geneNS5A|query6249-7574|h77_aa3-448|extracted_nt1326|aligned_aa449|pident73.274,HCV,4d,100.0
PX387011|geneNS5A|query6251-7594|h77_aa1-448|extracted_nt1344|aligned_aa448|pident92.634,HCV,1a,100.0
PX387025|geneNS5A|query6252-7595|h77_aa1-448|extracted_nt1344|aligned_aa448|pident91.964,HCV,1a,100.0
PX387028|geneNS5A|query6180-7523|h77_aa1-448|extracted_nt1344|aligned_aa448|pident92.411,HCV,1a,100.0
PX387032|geneNS5A|query6252-7595|h77_aa1-448|extracted_nt1344|aligned_aa448|pident92.188,HCV,1a,100.0
PX387034|geneNS5A|query6264-7616|h77_aa1-448|extracted_nt1353|aligned_aa454|pident69.163,HCV,3a,100.0
PX387024|geneNS5A|query6192-7535|h77_aa1-448|extracted_nt1344|aligned_aa448|pident95.312,HCV,1a,100.0
PX459926|geneNS5A|query6258-7604|h77_aa1-448|extracted_nt1347|aligned_aa449|pident79.065,HCV,1e,100.0
PX468914|geneNS5A|query1-1299|h77_aa1-433|extracted_nt1299|aligned_aa433|pident93.764,HCV,1a,100.0
EU482837|geneNS5A|query6175-7518|h77_aa1-448|extracted_nt1344|aligned_aa448|pident95.536,HCV,1a,100.0
EU392171|geneNS5A|query6149-7486|h77_aa3-448|extracted_nt1338|aligned_aa449|pident75.278,HCV,4k,100.0
EU392169|geneNS5A|query6192-7517|h77_aa3-448|extracted_nt1326|aligned_aa450|pident71.111,HCV,4f,100.0
EU392173|geneNS5A|query6183-7523|h77_aa2-448|extracted_nt1341|aligned_aa450|pident75.778,HCV,4k,100.0
EU408329|geneNS5A|query6261-7613|h77_aa1-448|extracted_nt1353|aligned_aa453|pident69.757,HCV,6s,100.0
EU392175|geneNS5A|query6190-7515|h77_aa3-448|extracted_nt1326|aligned_aa450|pident71.556,HCV,4f,100.0
EU408332|geneNS5A|query6245-7600|h77_aa1-448|extracted_nt1356|aligned_aa457|pident75.055,HCV,6xa,100.0
EU482835|geneNS5A|query6191-7534|h77_aa1-448|extracted_nt1344|aligned_aa448|pident94.643,HCV,1a,100.0
EU408327|geneNS5A|query6258-7613|h77_aa1-448|extracted_nt1356|aligned_aa454|pident71.586,HCV,6o,100.0
EU392170|geneNS5A|query6153-7478|h77_aa3-448|extracted_nt1326|aligned_aa450|pident72.222,HCV,4f,100.0
EU408326|geneNS5A|query6273-7631|h77_aa3-448|extracted_nt1359|aligned_aa453|pident69.978,HCV,6e,100.0
EU482832|geneNS5A|query6168-7511|h77_aa1-448|extracted_nt1344|aligned_aa448|pident94.196,HCV,1a,100.0
EU482833|geneNS5A|query6206-7546|h77_aa1-448|extracted_nt1341|aligned_aa448|pident77.679,HCV,1b,100.0
EU392174|geneNS5A|query6191-7516|h77_aa3-448|extracted_nt1326|aligned_aa450|pident70.889,HCV,4f,100.0
EU482831|geneNS5A|query6164-7507|h77_aa1-448|extracted_nt1344|aligned_aa448|pident94.420,HCV,1a,100.0
EU482838|geneNS5A|query6193-7536|h77_aa1-448|extracted_nt1344|aligned_aa448|pident95.089,HCV,1a,100.0
EU482839|geneNS5A|query6206-7546|h77_aa1-448|extracted_nt1341|aligned_aa448|pident80.134,HCV,1b,100.0
EU408330|geneNS5A|query6245-7600|h77_aa1-448|extracted_nt1356|aligned_aa454|pident75.330,HCV,6xa,100.0
EU482836|geneNS5A|query6189-7529|h77_aa1-448|extracted_nt1341|aligned_aa448|pident93.080,HCV,1a,100.0
EU482842|geneNS5A|query6163-7506|h77_aa1-448|extracted_nt1344|aligned_aa448|pident95.536,HCV,1a,100.0
EU482844|geneNS5A|query6192-7535|h77_aa1-448|extracted_nt1344|aligned_aa448|pident94.420,HCV,1a,100.0
EU482843|geneNS5A|query6185-7528|h77_aa1-448|extracted_nt1344|aligned_aa448|pident96.429,HCV,1a,100.0
EU482845|geneNS5A|query6191-7534|h77_aa1-448|extracted_nt1344|aligned_aa448|pident95.536,HCV,1a,100.0
EU482848|geneNS5A|query6160-7503|h77_aa1-448|extracted_nt1344|aligned_aa448|pident94.420,HCV,1a,100.0
EU482834|geneNS5A|query6140-7483|h77_aa1-448|extracted_nt1344|aligned_aa448|pident94.643,HCV,1a,100.0
EU482852|geneNS5A|query6175-7518|h77_aa1-448|extracted_nt1344|aligned_aa448|pident96.205,HCV,1a,100.0
EU482847|geneNS5A|query6175-7518|h77_aa1-448|extracted_nt1344|aligned_aa448|pident95.982,HCV,1a,100.0
EU482850|geneNS5A|query6153-7496|h77_aa1-448|extracted_nt1344|aligned_aa448|pident96.429,HCV,1a,100.0
EU482863|geneNS5A|query6188-7531|h77_aa1-448|extracted_nt1344|aligned_aa448|pident94.866,HCV,1a,100.0
EU482853|geneNS5A|query6177-7520|h77_aa1-448|extracted_nt1344|aligned_aa448|pident94.196,HCV,1a,100.0
EU482854|geneNS5A|query6175-7518|h77_aa1-448|extracted_nt1344|aligned_aa448|pident93.973,HCV,1a,100.0
EU482840|geneNS5A|query6196-7539|h77_aa1-448|extracted_nt1344|aligned_aa448|pident93.973,HCV,1a,100.0
EU482856|geneNS5A|query6176-7519|h77_aa1-448|extracted_nt1344|aligned_aa448|pident95.312,HCV,1a,100.0
EU482857|geneNS5A|query6175-7518|h77_aa1-448|extracted_nt1344|aligned_aa448|pident92.857,HCV,1a,100.0
EU482858|geneNS5A|query6182-7525|h77_aa1-448|extracted_nt1344|aligned_aa448|pident95.759,HCV,1a,100.0
EU482862|geneNS5A|query6184-7527|h77_aa1-448|extracted_nt1344|aligned_aa448|pident96.429,HCV,1a,100.0
EU482861|geneNS5A|query6184-7527|h77_aa1-448|extracted_nt1344|aligned_aa448|pident95.759,HCV,1a,100.0
EU482841|geneNS5A|query6191-7534|h77_aa1-448|extracted_nt1344|aligned_aa448|pident95.536,HCV,1a,100.0
EU482864|geneNS5A|query6191-7534|h77_aa1-448|extracted_nt1344|aligned_aa448|pident95.089,HCV,1a,100.0
EU482868|geneNS5A|query6175-7518|h77_aa1-448|extracted_nt1344|aligned_aa448|pident95.536,HCV,1a,100.0
EU482859|geneNS5A|query6206-7546|h77_aa1-448|extracted_nt1341|aligned_aa449|pident80.624,HCV,1b,100.0
EU482855|geneNS5A|query6169-7512|h77_aa1-448|extracted_nt1344|aligned_aa448|pident93.973,HCV,1a,100.0
EU482869|geneNS5A|query6175-7518|h77_aa1-448|extracted_nt1344|aligned_aa448|pident94.866,HCV,1a,100.0
EU482866|geneNS5A|query6191-7534|h77_aa1-448|extracted_nt1344|aligned_aa448|pident95.536,HCV,1a,100.0
EU482860|geneNS5A|query6206-7546|h77_aa1-448|extracted_nt1341|aligned_aa449|pident81.292,HCV,1b,100.0
EU155369|geneNS5A|query6206-7546|h77_aa1-448|extracted_nt1341|aligned_aa448|pident80.580,HCV,1b,100.0
PX468919|geneNS5A|query1-351|h77_aa1-117|extracted_nt351|aligned_aa117|pident77.778,HCV,1b,100.0
PX468929|geneNS5A|query1-663|h77_aa1-221|extracted_nt663|aligned_aa221|pident74.661,HCV,3a,100.0
EU482872|geneNS5A|query6190-7533|h77_aa1-448|extracted_nt1344|aligned_aa448|pident92.634,HCV,1a,100.0
EU155372|geneNS5A|query6206-7546|h77_aa1-448|extracted_nt1341|aligned_aa449|pident80.178,HCV,1b,100.0
PX468932|geneNS5A|query1-954|h77_aa1-318|extracted_nt954|aligned_aa318|pident74.214,HCV,3a,100.0
EU826190|geneNS5A|query1-1356|h77_aa1-448|extracted_nt1356|aligned_aa456|pident70.614,HCV,3a,100.0
EU826184|geneNS5A|query1-1356|h77_aa1-448|extracted_nt1356|aligned_aa456|pident70.395,HCV,3a,100.0
EU826180|geneNS5A|query1-1356|h77_aa1-448|extracted_nt1356|aligned_aa456|pident69.518,HCV,3a,100.0
EU826188|geneNS5A|query1-1356|h77_aa1-448|extracted_nt1356|aligned_aa456|pident70.395,HCV,3a,100.0
EU826185|geneNS5A|query1-1356|h77_aa1-448|extracted_nt1356|aligned_aa458|pident70.306,HCV,3a,100.0
EU826187|geneNS5A|query1-1356|h77_aa1-448|extracted_nt1356|aligned_aa456|pident70.175,HCV,3a,100.0
EU826189|geneNS5A|query1-1356|h77_aa1-448|extracted_nt1356|aligned_aa456|pident69.956,HCV,3a,100.0
EU826203|geneNS5A|query1-1356|h77_aa1-448|extracted_nt1356|aligned_aa456|pident69.518,HCV,3a,100.0
EU826201|geneNS5A|query1-1356|h77_aa1-448|extracted_nt1356|aligned_aa456|pident70.614,HCV,3a,100.0
EU826202|geneNS5A|query1-1356|h77_aa1-448|extracted_nt1356|aligned_aa456|pident70.395,HCV,3a,100.0
EU826204|geneNS5A|query1-1356|h77_aa1-448|extracted_nt1356|aligned_aa456|pident70.175,HCV,3a,100.0
EU826181|geneNS5A|query1-1356|h77_aa1-448|extracted_nt1356|aligned_aa456|pident70.395,HCV,3a,100.0
EU826183|geneNS5A|query1-1356|h77_aa1-448|extracted_nt1356|aligned_aa456|pident70.395,HCV,3a,100.0
EU826197|geneNS5A|query1-1356|h77_aa1-448|extracted_nt1356|aligned_aa456|pident70.395,HCV,3a,100.0
EU826199|geneNS5A|query1-1356|h77_aa1-448|extracted_nt1356|aligned_aa456|pident70.395,HCV,3a,100.0
EU826196|geneNS5A|query1-1356|h77_aa1-448|extracted_nt1356|aligned_aa456|pident69.956,HCV,3a,100.0
EU826195|geneNS5A|query1-1356|h77_aa1-448|extracted_nt1356|aligned_aa456|pident70.395,HCV,3a,100.0
EU826208|geneNS5A|query1-1356|h77_aa1-448|extracted_nt1356|aligned_aa456|pident70.175,HCV,3a,100.0
EU826209|geneNS5A|query1-1356|h77_aa1-448|extracted_nt1356|aligned_aa456|pident70.175,HCV,3a,100.0
EU826206|geneNS5A|query1-1356|h77_aa1-448|extracted_nt1356|aligned_aa456|pident70.395,HCV,3a,100.0
EU826205|geneNS5A|query1-1356|h77_aa1-448|extracted_nt1356|aligned_aa456|pident70.175,HCV,3a,100.0
EU826211|geneNS5A|query1-1356|h77_aa1-448|extracted_nt1356|aligned_aa456|pident70.175,HCV,3a,100.0
EU826214|geneNS5A|query1-1356|h77_aa1-448|extracted_nt1356|aligned_aa456|pident70.395,HCV,3a,100.0
EU826213|geneNS5A|query1-1356|h77_aa1-448|extracted_nt1356|aligned_aa456|pident70.175,HCV,3a,100.0
EU826212|geneNS5A|query1-1356|h77_aa1-448|extracted_nt1356|aligned_aa456|pident69.518,HCV,3a,100.0
EU826194|geneNS5A|query1-1356|h77_aa1-448|extracted_nt1356|aligned_aa456|pident70.395,HCV,3a,100.0
EU826193|geneNS5A|query1-1356|h77_aa1-448|extracted_nt1356|aligned_aa456|pident70.175,HCV,3a,100.0
EU826216|geneNS5A|query1-1356|h77_aa1-448|extracted_nt1356|aligned_aa456|pident70.175,HCV,3a,100.0
EU826191|geneNS5A|query1-1356|h77_aa1-448|extracted_nt1356|aligned_aa456|pident70.175,HCV,3a,100.0
EU826215|geneNS5A|query1-1356|h77_aa1-448|extracted_nt1356|aligned_aa456|pident69.956,HCV,3a,100.0
EU826219|geneNS5A|query1-1356|h77_aa1-448|extracted_nt1356|aligned_aa456|pident69.956,HCV,3a,100.0
EU826223|geneNS5A|query1-1356|h77_aa1-448|extracted_nt1356|aligned_aa456|pident71.053,HCV,3a,100.0
EU826220|geneNS5A|query1-1356|h77_aa1-448|extracted_nt1356|aligned_aa456|pident70.614,HCV,3a,100.0
EU826222|geneNS5A|query1-1356|h77_aa1-448|extracted_nt1356|aligned_aa456|pident70.614,HCV,3a,100.0
EU826224|geneNS5A|query1-1356|h77_aa1-448|extracted_nt1356|aligned_aa456|pident70.175,HCV,3a,100.0
EU826225|geneNS5A|query1-1356|h77_aa1-448|extracted_nt1356|aligned_aa456|pident70.614,HCV,3a,100.0
EU826227|geneNS5A|query1-1356|h77_aa1-448|extracted_nt1356|aligned_aa456|pident70.614,HCV,3a,100.0
EU826226|geneNS5A|query1-1356|h77_aa1-448|extracted_nt1356|aligned_aa456|pident70.395,HCV,3a,100.0
EU826228|geneNS5A|query1-1356|h77_aa1-448|extracted_nt1356|aligned_aa456|pident69.737,HCV,3a,100.0
EU826236|geneNS5A|query1-1356|h77_aa1-448|extracted_nt1356|aligned_aa456|pident69.298,HCV,3a,100.0
EU826237|geneNS5A|query1-1356|h77_aa1-448|extracted_nt1356|aligned_aa456|pident70.395,HCV,3a,100.0
EU826239|geneNS5A|query1-1356|h77_aa1-448|extracted_nt1356|aligned_aa456|pident70.614,HCV,3a,100.0
EU826238|geneNS5A|query1-1356|h77_aa1-448|extracted_nt1356|aligned_aa456|pident70.395,HCV,3a,100.0
EU826247|geneNS5A|query1-1356|h77_aa1-448|extracted_nt1356|aligned_aa456|pident69.956,HCV,3a,100.0
EU826245|geneNS5A|query1-1356|h77_aa1-448|extracted_nt1356|aligned_aa456|pident70.395,HCV,3a,100.0
EU826246|geneNS5A|query1-1356|h77_aa1-448|extracted_nt1356|aligned_aa456|pident69.956,HCV,3a,100.0
EU826249|geneNS5A|query1-1356|h77_aa1-448|extracted_nt1356|aligned_aa455|pident69.890,HCV,3a,100.0
EU826257|geneNS5A|query1-1356|h77_aa1-448|extracted_nt1356|aligned_aa456|pident69.298,HCV,3a,100.0
EU826255|geneNS5A|query1-1356|h77_aa1-448|extracted_nt1356|aligned_aa455|pident69.890,HCV,3a,100.0
EU826258|geneNS5A|query1-1356|h77_aa1-448|extracted_nt1356|aligned_aa455|pident69.670,HCV,3a,100.0
EU826259|geneNS5A|query1-1356|h77_aa1-448|extracted_nt1356|aligned_aa455|pident69.890,HCV,3a,100.0
EU826273|geneNS5A|query1-1326|h77_aa1-437|extracted_nt1326|aligned_aa445|pident69.663,HCV,3a,100.0
EU826274|geneNS5A|query1-1356|h77_aa1-448|extracted_nt1356|aligned_aa456|pident69.956,HCV,3a,100.0
EU826272|geneNS5A|query1-1356|h77_aa1-448|extracted_nt1356|aligned_aa456|pident69.956,HCV,3a,100.0
EU826271|geneNS5A|query1-1356|h77_aa1-448|extracted_nt1356|aligned_aa456|pident69.956,HCV,3a,100.0
EU826286|geneNS5A|query1-1356|h77_aa1-448|extracted_nt1356|aligned_aa456|pident70.175,HCV,3a,100.0
EU826288|geneNS5A|query1-1356|h77_aa1-448|extracted_nt1356|aligned_aa456|pident70.395,HCV,3a,100.0
EU826289|geneNS5A|query1-1356|h77_aa1-448|extracted_nt1356|aligned_aa456|pident70.395,HCV,3a,100.0
EU826287|geneNS5A|query1-1356|h77_aa1-448|extracted_nt1356|aligned_aa456|pident69.956,HCV,3a,100.0
EU826218|geneNS5A|query1-1356|h77_aa1-448|extracted_nt1356|aligned_aa456|pident69.956,HCV,3a,100.0
EU826233|geneNS5A|query1-1356|h77_aa1-448|extracted_nt1356|aligned_aa456|pident69.956,HCV,3a,100.0
EU826232|geneNS5A|query1-1356|h77_aa1-448|extracted_nt1356|aligned_aa456|pident69.956,HCV,3a,100.0
EU826234|geneNS5A|query1-1356|h77_aa1-448|extracted_nt1356|aligned_aa456|pident70.395,HCV,3a,100.0
EU826230|geneNS5A|query1-1356|h77_aa1-448|extracted_nt1356|aligned_aa456|pident70.614,HCV,3a,100.0
EU826241|geneNS5A|query1-1356|h77_aa1-448|extracted_nt1356|aligned_aa456|pident70.614,HCV,3a,100.0
EU826243|geneNS5A|query1-1356|h77_aa1-448|extracted_nt1356|aligned_aa456|pident70.395,HCV,3a,100.0
EU826244|geneNS5A|query1-1356|h77_aa1-448|extracted_nt1356|aligned_aa456|pident70.395,HCV,3a,100.0
EU826242|geneNS5A|query1-1356|h77_aa1-448|extracted_nt1356|aligned_aa456|pident70.614,HCV,3a,100.0
EU826252|geneNS5A|query1-1356|h77_aa1-448|extracted_nt1356|aligned_aa455|pident69.670,HCV,3a,100.0
EU826253|geneNS5A|query1-1356|h77_aa1-448|extracted_nt1356|aligned_aa456|pident69.298,HCV,3a,100.0
EU826254|geneNS5A|query1-1356|h77_aa1-448|extracted_nt1356|aligned_aa455|pident69.890,HCV,3a,100.0
EU826251|geneNS5A|query1-1356|h77_aa1-448|extracted_nt1356|aligned_aa455|pident68.571,HCV,3a,100.0
EU826262|geneNS5A|query1-1356|h77_aa1-448|extracted_nt1356|aligned_aa455|pident69.011,HCV,3a,100.0
EU826263|geneNS5A|query1-1356|h77_aa1-448|extracted_nt1356|aligned_aa455|pident67.692,HCV,3a,100.0
EU826261|geneNS5A|query1-1356|h77_aa1-448|extracted_nt1356|aligned_aa455|pident69.670,HCV,3a,100.0
EU826264|geneNS5A|query1-1356|h77_aa1-448|extracted_nt1356|aligned_aa456|pident69.956,HCV,3a,100.0
EU826266|geneNS5A|query1-1356|h77_aa1-448|extracted_nt1356|aligned_aa456|pident69.298,HCV,3a,100.0
EU826268|geneNS5A|query1-1356|h77_aa1-448|extracted_nt1356|aligned_aa456|pident69.737,HCV,3a,100.0
EU826269|geneNS5A|query1-1356|h77_aa1-448|extracted_nt1356|aligned_aa456|pident69.737,HCV,3a,100.0
EU826267|geneNS5A|query1-1356|h77_aa1-448|extracted_nt1356|aligned_aa456|pident69.956,HCV,3a,100.0
EU826279|geneNS5A|query1-1356|h77_aa1-448|extracted_nt1356|aligned_aa456|pident70.395,HCV,3a,100.0
EU826276|geneNS5A|query1-1356|h77_aa1-448|extracted_nt1356|aligned_aa456|pident67.763,HCV,3a,100.0
EU826277|geneNS5A|query1-1356|h77_aa1-448|extracted_nt1356|aligned_aa456|pident69.956,HCV,3a,100.0
EU826275|geneNS5A|query1-1356|h77_aa1-448|extracted_nt1356|aligned_aa456|pident69.737,HCV,3a,100.0
EU826284|geneNS5A|query1-1356|h77_aa1-448|extracted_nt1356|aligned_aa456|pident70.395,HCV,3a,100.0
EU826280|geneNS5A|query1-1356|h77_aa1-448|extracted_nt1356|aligned_aa456|pident70.395,HCV,3a,100.0
EU826282|geneNS5A|query1-1356|h77_aa1-448|extracted_nt1356|aligned_aa456|pident69.956,HCV,3a,100.0
EU826283|geneNS5A|query1-1356|h77_aa1-448|extracted_nt1356|aligned_aa456|pident69.956,HCV,3a,100.0
EU826291|geneNS5A|query1-1356|h77_aa1-448|extracted_nt1356|aligned_aa456|pident69.956,HCV,3a,100.0
EU826293|geneNS5A|query1-1356|h77_aa1-448|extracted_nt1356|aligned_aa455|pident69.670,HCV,3a,100.0
EU826290|geneNS5A|query1-1356|h77_aa1-448|extracted_nt1356|aligned_aa456|pident69.079,HCV,3a,100.0
EU826294|geneNS5A|query1-1356|h77_aa1-448|extracted_nt1356|aligned_aa456|pident69.956,HCV,3a,100.0
EU826303|geneNS5A|query1-1356|h77_aa1-448|extracted_nt1356|aligned_aa455|pident69.670,HCV,3a,100.0
EU826302|geneNS5A|query1-1356|h77_aa1-448|extracted_nt1356|aligned_aa456|pident69.737,HCV,3a,100.0
EU826300|geneNS5A|query1-1356|h77_aa1-448|extracted_nt1356|aligned_aa456|pident70.175,HCV,3a,100.0
EU826304|geneNS5A|query1-1356|h77_aa1-448|extracted_nt1356|aligned_aa455|pident70.330,HCV,3a,100.0
EU826316|geneNS5A|query1-1356|h77_aa1-448|extracted_nt1356|aligned_aa455|pident69.890,HCV,3a,100.0
EU826317|geneNS5A|query1-1356|h77_aa1-448|extracted_nt1356|aligned_aa456|pident69.298,HCV,3a,100.0
EU826318|geneNS5A|query1-1356|h77_aa1-448|extracted_nt1356|aligned_aa455|pident69.231,HCV,3a,100.0
EU826319|geneNS5A|query1-1356|h77_aa1-448|extracted_nt1356|aligned_aa456|pident69.737,HCV,3a,100.0
EU826299|geneNS5A|query1-1356|h77_aa1-448|extracted_nt1356|aligned_aa456|pident69.737,HCV,3a,100.0
EU826297|geneNS5A|query1-1356|h77_aa1-448|extracted_nt1356|aligned_aa456|pident70.175,HCV,3a,100.0
EU826298|geneNS5A|query1-1356|h77_aa1-448|extracted_nt1356|aligned_aa456|pident70.175,HCV,3a,100.0
EU826296|geneNS5A|query1-1356|h77_aa1-448|extracted_nt1356|aligned_aa455|pident70.330,HCV,3a,100.0
EU826309|geneNS5A|query1-1356|h77_aa1-448|extracted_nt1356|aligned_aa456|pident69.956,HCV,3a,100.0
EU826306|geneNS5A|query1-1356|h77_aa1-448|extracted_nt1356|aligned_aa456|pident70.175,HCV,3a,100.0
EU826307|geneNS5A|query1-1356|h77_aa1-448|extracted_nt1356|aligned_aa456|pident68.202,HCV,3a,100.0
EU826308|geneNS5A|query1-1356|h77_aa1-448|extracted_nt1356|aligned_aa456|pident69.737,HCV,3a,100.0
EU826313|geneNS5A|query1-1356|h77_aa1-448|extracted_nt1356|aligned_aa456|pident69.737,HCV,3a,100.0
EU826314|geneNS5A|query1-1356|h77_aa1-448|extracted_nt1356|aligned_aa456|pident69.956,HCV,3a,100.0
EU826312|geneNS5A|query1-1356|h77_aa1-448|extracted_nt1356|aligned_aa455|pident69.890,HCV,3a,100.0
EU826310|geneNS5A|query1-1356|h77_aa1-448|extracted_nt1356|aligned_aa455|pident68.791,HCV,3a,100.0
EU826323|geneNS5A|query1-1356|h77_aa1-448|extracted_nt1356|aligned_aa456|pident69.956,HCV,3a,100.0
EU826324|geneNS5A|query1-1356|h77_aa1-448|extracted_nt1356|aligned_aa456|pident69.737,HCV,3a,100.0
EU826321|geneNS5A|query1-1356|h77_aa1-448|extracted_nt1356|aligned_aa456|pident69.956,HCV,3a,100.0
EU826322|geneNS5A|query1-1356|h77_aa1-448|extracted_nt1356|aligned_aa457|pident70.022,HCV,3a,100.0
EU826333|geneNS5A|query1-1356|h77_aa1-448|extracted_nt1356|aligned_aa456|pident70.175,HCV,3a,100.0
EU826334|geneNS5A|query1-1356|h77_aa1-448|extracted_nt1356|aligned_aa456|pident70.395,HCV,3a,100.0
EU826330|geneNS5A|query1-1356|h77_aa1-448|extracted_nt1356|aligned_aa456|pident69.956,HCV,3a,100.0
EU826332|geneNS5A|query1-1356|h77_aa1-448|extracted_nt1356|aligned_aa455|pident70.330,HCV,3a,100.0
EU482870|geneNS5A|query6199-7542|h77_aa1-448|extracted_nt1344|aligned_aa448|pident97.321,HCV,1a,100.0
EU482849|geneNS5A|query6206-7546|h77_aa1-448|extracted_nt1341|aligned_aa448|pident80.134,HCV,1b,100.0
EU482874|geneNS5A|query6209-7549|h77_aa1-448|extracted_nt1341|aligned_aa448|pident79.464,HCV,1b,100.0
EU482846|geneNS5A|query6188-7531|h77_aa1-448|extracted_nt1344|aligned_aa448|pident89.955,HCV,1a,100.0
PX468925|geneNS5A|query1-1188|h77_aa1-396|extracted_nt1188|aligned_aa396|pident93.939,HCV,1a,100.0
PX468923|geneNS5A|query1-1191|h77_aa1-399|extracted_nt1191|aligned_aa399|pident81.203,HCV,1b,100.0
PX468926|geneNS5A|query1-1182|h77_aa1-394|extracted_nt1182|aligned_aa394|pident79.188,HCV,1b,100.0
PX468931|geneNS5A|query1-1356|h77_aa1-448|extracted_nt1356|aligned_aa453|pident69.757,HCV,3a,100.0
PX468933|geneNS5A|query1-1356|h77_aa1-448|extracted_nt1356|aligned_aa456|pident70.395,HCV,3a,100.0
EU826327|geneNS5A|query1-1356|h77_aa1-448|extracted_nt1356|aligned_aa456|pident69.737,HCV,3a,100.0
EU826328|geneNS5A|query1-1356|h77_aa1-448|extracted_nt1356|aligned_aa456|pident69.956,HCV,3a,100.0
EU826326|geneNS5A|query1-1356|h77_aa1-448|extracted_nt1356|aligned_aa456|pident69.956,HCV,3a,100.0
EU826329|geneNS5A|query1-1356|h77_aa1-448|extracted_nt1356|aligned_aa456|pident69.518,HCV,3a,100.0
EU826336|geneNS5A|query1-1356|h77_aa1-448|extracted_nt1356|aligned_aa456|pident69.956,HCV,3a,100.0
EU826339|geneNS5A|query1-1356|h77_aa1-448|extracted_nt1356|aligned_aa455|pident70.549,HCV,3a,100.0
EU826338|geneNS5A|query1-1356|h77_aa1-448|extracted_nt1356|aligned_aa455|pident70.330,HCV,3a,100.0
EU826335|geneNS5A|query1-1356|h77_aa1-448|extracted_nt1356|aligned_aa456|pident69.956,HCV,3a,100.0
EU826343|geneNS5A|query1-1356|h77_aa1-448|extracted_nt1356|aligned_aa455|pident70.769,HCV,3a,100.0
EU826341|geneNS5A|query1-1356|h77_aa1-448|extracted_nt1356|aligned_aa455|pident70.549,HCV,3a,100.0
EU826342|geneNS5A|query1-1356|h77_aa1-448|extracted_nt1356|aligned_aa455|pident70.769,HCV,3a,100.0
EU826344|geneNS5A|query1-1356|h77_aa1-448|extracted_nt1356|aligned_aa455|pident70.330,HCV,3a,100.0
PX468920|geneNS5A|query1-477|h77_aa1-159|extracted_nt477|aligned_aa159|pident81.761,HCV,1b,100.0
PX468921|geneNS5A|query1-813|h77_aa1-271|extracted_nt813|aligned_aa271|pident82.657,HCV,1b,100.0
PX468930|geneNS5A|query1-963|h77_aa1-321|extracted_nt963|aligned_aa321|pident75.078,HCV,3a,100.0
PX468922|geneNS5A|query1-924|h77_aa1-308|extracted_nt924|aligned_aa308|pident81.494,HCV,1b,100.0
PX468927|geneNS5A|query1-903|h77_aa1-301|extracted_nt903|aligned_aa301|pident76.412,HCV,3a,100.0
PX468924|geneNS5A|query1-1182|h77_aa1-394|extracted_nt1182|aligned_aa394|pident91.878,HCV,1a,100.0
EU155214|geneNS5A|query6184-7527|h77_aa1-448|extracted_nt1344|aligned_aa448|pident95.312,HCV,1a,100.0
EU155215|geneNS5A|query6153-7496|h77_aa1-448|extracted_nt1344|aligned_aa448|pident94.866,HCV,1a,100.0
EU155221|geneNS5A|query6206-7546|h77_aa1-448|extracted_nt1341|aligned_aa449|pident79.733,HCV,1b,100.0
EU155219|geneNS5A|query6206-7546|h77_aa1-448|extracted_nt1341|aligned_aa449|pident80.401,HCV,1b,100.0
EU155218|geneNS5A|query6207-7547|h77_aa1-448|extracted_nt1341|aligned_aa449|pident79.733,HCV,1b,100.0
EU155223|geneNS5A|query6212-7552|h77_aa1-448|extracted_nt1341|aligned_aa449|pident79.955,HCV,1b,100.0
EU155224|geneNS5A|query6206-7546|h77_aa1-448|extracted_nt1341|aligned_aa448|pident80.134,HCV,1b,100.0
EU155228|geneNS5A|query6206-7546|h77_aa1-448|extracted_nt1341|aligned_aa448|pident79.241,HCV,1b,100.0
EU155216|geneNS5A|query6178-7521|h77_aa1-448|extracted_nt1344|aligned_aa448|pident94.643,HCV,1a,100.0
EU155222|geneNS5A|query6206-7546|h77_aa1-448|extracted_nt1341|aligned_aa449|pident79.287,HCV,1b,100.0
EU155230|geneNS5A|query6206-7546|h77_aa1-448|extracted_nt1341|aligned_aa449|pident80.624,HCV,1b,100.0
EU155231|geneNS5A|query6206-7546|h77_aa1-448|extracted_nt1341|aligned_aa449|pident79.955,HCV,1b,100.0
EU155237|geneNS5A|query6199-7542|h77_aa1-448|extracted_nt1344|aligned_aa448|pident95.536,HCV,1a,100.0
EU155232|geneNS5A|query6207-7547|h77_aa1-448|extracted_nt1341|aligned_aa448|pident80.580,HCV,1b,100.0
EU155236|geneNS5A|query6149-7492|h77_aa1-448|extracted_nt1344|aligned_aa448|pident96.652,HCV,1a,100.0
EU155234|geneNS5A|query6207-7550|h77_aa1-448|extracted_nt1344|aligned_aa449|pident79.955,HCV,1b,100.0
EU155233|geneNS5A|query6185-7528|h77_aa1-448|extracted_nt1344|aligned_aa448|pident94.196,HCV,1a,100.0
EU155242|geneNS5A|query6175-7518|h77_aa1-448|extracted_nt1344|aligned_aa448|pident94.420,HCV,1a,100.0
EU155238|geneNS5A|query6184-7527|h77_aa1-448|extracted_nt1344|aligned_aa448|pident95.759,HCV,1a,100.0
EU155245|geneNS5A|query6176-7519|h77_aa1-448|extracted_nt1344|aligned_aa448|pident96.652,HCV,1a,100.0
EU155248|geneNS5A|query6176-7519|h77_aa1-448|extracted_nt1344|aligned_aa448|pident96.205,HCV,1a,100.0
EU155259|geneNS5A|query6206-7546|h77_aa1-448|extracted_nt1341|aligned_aa448|pident80.134,HCV,1b,100.0
EU155250|geneNS5A|query6183-7526|h77_aa1-448|extracted_nt1344|aligned_aa448|pident95.312,HCV,1a,100.0
EU155243|geneNS5A|query6153-7496|h77_aa1-448|extracted_nt1344|aligned_aa448|pident95.759,HCV,1a,100.0
EU155239|geneNS5A|query6176-7519|h77_aa1-448|extracted_nt1344|aligned_aa448|pident93.973,HCV,1a,100.0
EU155258|geneNS5A|query6206-7546|h77_aa1-448|extracted_nt1341|aligned_aa449|pident80.624,HCV,1b,100.0
EU155275|geneNS5A|query6178-7521|h77_aa1-448|extracted_nt1344|aligned_aa448|pident95.089,HCV,1a,100.0
EU155271|geneNS5A|query6180-7523|h77_aa1-448|extracted_nt1344|aligned_aa448|pident93.750,HCV,1a,100.0
EU155286|geneNS5A|query6153-7496|h77_aa1-448|extracted_nt1344|aligned_aa448|pident95.982,HCV,1a,100.0
EU155278|geneNS5A|query6168-7511|h77_aa1-448|extracted_nt1344|aligned_aa448|pident95.312,HCV,1a,100.0
EU155297|geneNS5A|query6174-7517|h77_aa1-448|extracted_nt1344|aligned_aa448|pident95.312,HCV,1a,100.0
EU155293|geneNS5A|query6128-7471|h77_aa1-448|extracted_nt1344|aligned_aa448|pident94.643,HCV,1a,100.0
EU155303|geneNS5A|query6206-7546|h77_aa1-448|extracted_nt1341|aligned_aa449|pident80.846,HCV,1b,100.0
EU155261|geneNS5A|query6207-7547|h77_aa1-448|extracted_nt1341|aligned_aa449|pident80.846,HCV,1b,100.0
EU155257|geneNS5A|query6206-7546|h77_aa1-448|extracted_nt1341|aligned_aa448|pident79.911,HCV,1b,100.0
EU155272|geneNS5A|query6154-7497|h77_aa1-448|extracted_nt1344|aligned_aa448|pident94.196,HCV,1a,100.0
EU155268|geneNS5A|query6153-7496|h77_aa1-448|extracted_nt1344|aligned_aa448|pident94.866,HCV,1a,100.0
EU155267|geneNS5A|query6164-7507|h77_aa1-448|extracted_nt1344|aligned_aa448|pident95.982,HCV,1a,100.0
EU155283|geneNS5A|query6191-7534|h77_aa1-448|extracted_nt1344|aligned_aa448|pident93.973,HCV,1a,100.0
EU155289|geneNS5A|query6184-7527|h77_aa1-448|extracted_nt1344|aligned_aa448|pident94.196,HCV,1a,100.0
EU155280|geneNS5A|query6206-7546|h77_aa1-448|extracted_nt1341|aligned_aa449|pident79.955,HCV,1b,100.0
EU155306|geneNS5A|query6206-7546|h77_aa1-448|extracted_nt1341|aligned_aa450|pident78.667,HCV,1b,100.0
EU155296|geneNS5A|query6174-7517|h77_aa1-448|extracted_nt1344|aligned_aa448|pident97.545,HCV,1a,100.0
EU155317|geneNS5A|query6206-7546|h77_aa1-448|extracted_nt1341|aligned_aa449|pident81.514,HCV,1b,100.0
EU155314|geneNS5A|query6132-7475|h77_aa1-448|extracted_nt1344|aligned_aa448|pident93.973,HCV,1a,100.0
EU155256|geneNS5A|query6206-7546|h77_aa1-448|extracted_nt1341|aligned_aa448|pident81.027,HCV,1b,100.0
EU155262|geneNS5A|query6206-7546|h77_aa1-448|extracted_nt1341|aligned_aa449|pident80.178,HCV,1b,100.0
EU155324|geneNS5A|query6206-7546|h77_aa1-448|extracted_nt1341|aligned_aa448|pident79.464,HCV,1b,100.0
EU155320|geneNS5A|query6129-7472|h77_aa1-448|extracted_nt1344|aligned_aa448|pident95.089,HCV,1a,100.0
EU155325|geneNS5A|query6206-7546|h77_aa1-448|extracted_nt1341|aligned_aa449|pident80.846,HCV,1b,100.0
EU155336|geneNS5A|query6206-7546|h77_aa1-448|extracted_nt1341|aligned_aa448|pident80.357,HCV,1b,100.0
EU155327|geneNS5A|query6196-7536|h77_aa1-448|extracted_nt1341|aligned_aa449|pident80.401,HCV,1b,100.0
EU155335|geneNS5A|query6206-7546|h77_aa1-448|extracted_nt1341|aligned_aa449|pident80.624,HCV,1b,100.0
EU155339|geneNS5A|query6153-7496|h77_aa1-448|extracted_nt1344|aligned_aa448|pident96.205,HCV,1a,100.0
EU155344|geneNS5A|query6164-7507|h77_aa1-448|extracted_nt1344|aligned_aa448|pident97.768,HCV,1a,100.0
EU155316|geneNS5A|query6206-7546|h77_aa1-448|extracted_nt1341|aligned_aa453|pident80.574,HCV,1b,100.0
EU155346|geneNS5A|query6180-7523|h77_aa1-448|extracted_nt1344|aligned_aa448|pident92.857,HCV,1a,100.0
EU155343|geneNS5A|query6177-7520|h77_aa1-448|extracted_nt1344|aligned_aa448|pident97.991,HCV,1a,100.0
EU155332|geneNS5A|query6206-7546|h77_aa1-448|extracted_nt1341|aligned_aa449|pident81.069,HCV,1b,100.0
EU155338|geneNS5A|query6176-7519|h77_aa1-448|extracted_nt1344|aligned_aa448|pident96.875,HCV,1a,100.0
EU155348|geneNS5A|query6167-7510|h77_aa1-448|extracted_nt1344|aligned_aa448|pident93.527,HCV,1a,100.0
EU155329|geneNS5A|query6206-7546|h77_aa1-448|extracted_nt1341|aligned_aa449|pident80.178,HCV,1b,100.0
EU155355|geneNS5A|query6182-7525|h77_aa1-448|extracted_nt1344|aligned_aa448|pident92.857,HCV,1a,100.0
EU155360|geneNS5A|query6206-7546|h77_aa1-448|extracted_nt1341|aligned_aa449|pident81.069,HCV,1b,100.0
EU155340|geneNS5A|query6153-7496|h77_aa1-448|extracted_nt1344|aligned_aa448|pident95.089,HCV,1a,100.0
EU155349|geneNS5A|query6165-7508|h77_aa1-448|extracted_nt1344|aligned_aa448|pident93.750,HCV,1a,100.0
EU155361|geneNS5A|query6206-7546|h77_aa1-448|extracted_nt1341|aligned_aa449|pident80.846,HCV,1b,100.0
EU155357|geneNS5A|query6206-7546|h77_aa1-448|extracted_nt1341|aligned_aa449|pident81.292,HCV,1b,100.0
EU155353|geneNS5A|query6176-7519|h77_aa1-448|extracted_nt1344|aligned_aa448|pident94.196,HCV,1a,100.0
EU155366|geneNS5A|query6206-7546|h77_aa1-448|extracted_nt1341|aligned_aa448|pident80.357,HCV,1b,100.0
EU239713|geneNS5A|query6206-7549|h77_aa1-448|extracted_nt1344|aligned_aa448|pident94.643,HCV,1a,100.0
EU239714|geneNS5A|query6207-7547|h77_aa1-448|extracted_nt1341|aligned_aa448|pident80.134,HCV,1b,100.0
EU158186|geneNS5A|query6230-7582|h77_aa1-448|extracted_nt1353|aligned_aa455|pident70.110,HCV,6v,100.0
EU155368|geneNS5A|query6206-7546|h77_aa1-448|extracted_nt1341|aligned_aa448|pident80.357,HCV,1b,100.0
EU155359|geneNS5A|query6207-7547|h77_aa1-448|extracted_nt1341|aligned_aa449|pident81.514,HCV,1b,100.0
EU155370|geneNS5A|query6206-7546|h77_aa1-448|extracted_nt1341|aligned_aa448|pident81.027,HCV,1b,100.0
EU234061|geneNS5A|query6206-7546|h77_aa1-448|extracted_nt1341|aligned_aa448|pident80.357,HCV,1b,100.0
EU155367|geneNS5A|query6206-7546|h77_aa1-448|extracted_nt1341|aligned_aa449|pident79.510,HCV,1b,100.0
EU155376|geneNS5A|query6206-7546|h77_aa1-448|extracted_nt1341|aligned_aa448|pident79.018,HCV,1b,100.0
EU155377|geneNS5A|query6206-7546|h77_aa1-448|extracted_nt1341|aligned_aa453|pident81.236,HCV,1b,100.0
EU155380|geneNS5A|query6163-7506|h77_aa1-448|extracted_nt1344|aligned_aa448|pident93.080,HCV,1a,100.0
EU155378|geneNS5A|query6115-7458|h77_aa1-448|extracted_nt1344|aligned_aa448|pident93.973,HCV,1a,100.0
EU246932|geneNS5A|query6248-7606|h77_aa3-448|extracted_nt1359|aligned_aa453|pident71.744,HCV,6e,100.0
EU155374|geneNS5A|query6228-7568|h77_aa1-448|extracted_nt1341|aligned_aa448|pident79.464,HCV,1b,100.0
EU246933|geneNS5A|query6236-7585|h77_aa1-447|extracted_nt1350|aligned_aa452|pident71.681,HCV,6l,100.0
EU239715|geneNS5A|query6184-7527|h77_aa1-448|extracted_nt1344|aligned_aa448|pident96.652,HCV,1a,100.0
EU246938|geneNS5A|query6233-7585|h77_aa1-448|extracted_nt1353|aligned_aa454|pident71.806,HCV,6n,100.0
EU155382|geneNS5A|query6212-7552|h77_aa1-448|extracted_nt1341|aligned_aa450|pident80.889,HCV,1b,100.0
EU246935|geneNS5A|query6202-7554|h77_aa1-448|extracted_nt1353|aligned_aa455|pident68.791,HCV,6i,100.0
EU246934|geneNS5A|query6233-7588|h77_aa1-448|extracted_nt1356|aligned_aa454|pident72.247,HCV,6o,100.0
EU246939|geneNS5A|query6239-7588|h77_aa3-448|extracted_nt1350|aligned_aa457|pident69.147,HCV,6t,100.0
EU255932|geneNS5A|query6187-7527|h77_aa2-448|extracted_nt1341|aligned_aa447|pident95.078,HCV,1a,100.0
EU255938|geneNS5A|query6190-7533|h77_aa1-448|extracted_nt1344|aligned_aa448|pident96.652,HCV,1a,100.0
EU255934|geneNS5A|query6192-7535|h77_aa1-448|extracted_nt1344|aligned_aa448|pident93.750,HCV,1a,100.0
EU255943|geneNS5A|query6177-7520|h77_aa1-448|extracted_nt1344|aligned_aa448|pident93.527,HCV,1a,100.0
EU255933|geneNS5A|query6166-7509|h77_aa1-448|extracted_nt1344|aligned_aa448|pident93.750,HCV,1a,100.0
EU255951|geneNS5A|query6190-7533|h77_aa1-448|extracted_nt1344|aligned_aa448|pident95.312,HCV,1a,100.0
EU255952|geneNS5A|query6179-7522|h77_aa1-448|extracted_nt1344|aligned_aa448|pident94.196,HCV,1a,100.0
EU255957|geneNS5A|query6206-7549|h77_aa1-448|extracted_nt1344|aligned_aa448|pident94.420,HCV,1a,100.0
EU255949|geneNS5A|query6184-7527|h77_aa1-448|extracted_nt1344|aligned_aa448|pident92.411,HCV,1a,100.0
EU255953|geneNS5A|query6181-7524|h77_aa1-448|extracted_nt1344|aligned_aa448|pident95.759,HCV,1a,100.0
EU255962|geneNS5A|query5924-7264|h77_aa1-448|extracted_nt1341|aligned_aa449|pident79.955,HCV,1b,100.0
EU255954|geneNS5A|query6183-7526|h77_aa1-448|extracted_nt1344|aligned_aa448|pident94.420,HCV,1a,100.0
EU255966|geneNS5A|query6189-7532|h77_aa1-448|extracted_nt1344|aligned_aa448|pident93.973,HCV,1a,100.0
EU255965|geneNS5A|query6182-7525|h77_aa1-448|extracted_nt1344|aligned_aa448|pident96.205,HCV,1a,100.0
EU246930|geneNS5A|query6254-7600|h77_aa3-448|extracted_nt1347|aligned_aa455|pident70.769,HCV,6a,100.0
EU255931|geneNS5A|query6184-7527|h77_aa1-448|extracted_nt1344|aligned_aa448|pident96.652,HCV,1a,100.0
EU246936|geneNS5A|query6236-7594|h77_aa3-448|extracted_nt1359|aligned_aa453|pident71.744,HCV,6f,100.0
EU255935|geneNS5A|query6188-7531|h77_aa1-448|extracted_nt1344|aligned_aa448|pident95.089,HCV,1a,100.0
EU255930|geneNS5A|query6184-7527|h77_aa1-448|extracted_nt1344|aligned_aa448|pident94.196,HCV,1a,100.0
EU255940|geneNS5A|query6191-7534|h77_aa1-448|extracted_nt1344|aligned_aa448|pident95.536,HCV,1a,100.0
EU255936|geneNS5A|query6185-7528|h77_aa1-448|extracted_nt1344|aligned_aa448|pident93.973,HCV,1a,100.0
EU255944|geneNS5A|query6160-7503|h77_aa1-448|extracted_nt1344|aligned_aa448|pident94.196,HCV,1a,100.0
EU255939|geneNS5A|query6177-7520|h77_aa1-448|extracted_nt1344|aligned_aa448|pident93.527,HCV,1a,100.0
EU255945|geneNS5A|query6177-7520|h77_aa1-448|extracted_nt1344|aligned_aa448|pident94.866,HCV,1a,100.0
EU255937|geneNS5A|query6175-7518|h77_aa1-448|extracted_nt1344|aligned_aa448|pident91.518,HCV,1a,100.0
EU255948|geneNS5A|query6186-7529|h77_aa1-448|extracted_nt1344|aligned_aa448|pident94.420,HCV,1a,100.0
EU255941|geneNS5A|query6190-7533|h77_aa1-448|extracted_nt1344|aligned_aa448|pident94.866,HCV,1a,100.0
EU255946|geneNS5A|query6185-7528|h77_aa1-448|extracted_nt1344|aligned_aa448|pident92.857,HCV,1a,100.0
EU255942|geneNS5A|query6193-7533|h77_aa2-448|extracted_nt1341|aligned_aa447|pident93.065,HCV,1a,100.0
EU255955|geneNS5A|query6167-7510|h77_aa1-448|extracted_nt1344|aligned_aa448|pident93.080,HCV,1a,100.0
EU255958|geneNS5A|query6184-7527|h77_aa1-448|extracted_nt1344|aligned_aa448|pident93.973,HCV,1a,100.0
EU255964|geneNS5A|query6168-7511|h77_aa1-448|extracted_nt1344|aligned_aa448|pident94.866,HCV,1a,100.0
EU255963|geneNS5A|query6185-7528|h77_aa1-448|extracted_nt1344|aligned_aa448|pident95.982,HCV,1a,100.0
EU255960|geneNS5A|query6206-7546|h77_aa1-448|extracted_nt1341|aligned_aa450|pident82.000,HCV,1b,100.0
EU255950|geneNS5A|query6176-7519|h77_aa1-448|extracted_nt1344|aligned_aa448|pident91.295,HCV,1a,100.0
EU255969|geneNS5A|query6180-7523|h77_aa1-448|extracted_nt1344|aligned_aa448|pident97.098,HCV,1a,100.0
EU255970|geneNS5A|query6176-7519|h77_aa1-448|extracted_nt1344|aligned_aa448|pident95.089,HCV,1a,100.0
EU255947|geneNS5A|query6191-7534|h77_aa1-448|extracted_nt1344|aligned_aa448|pident93.973,HCV,1a,100.0
EU255975|geneNS5A|query6183-7526|h77_aa1-448|extracted_nt1344|aligned_aa448|pident96.652,HCV,1a,100.0
EU255968|geneNS5A|query6168-7511|h77_aa1-448|extracted_nt1344|aligned_aa448|pident95.759,HCV,1a,100.0
EU255980|geneNS5A|query6176-7519|h77_aa1-448|extracted_nt1344|aligned_aa448|pident97.098,HCV,1a,100.0
EU255986|geneNS5A|query6185-7528|h77_aa1-448|extracted_nt1344|aligned_aa448|pident95.536,HCV,1a,100.0
EU255956|geneNS5A|query6185-7528|h77_aa1-448|extracted_nt1344|aligned_aa448|pident94.420,HCV,1a,100.0
EU255977|geneNS5A|query6183-7526|h77_aa1-448|extracted_nt1344|aligned_aa448|pident96.429,HCV,1a,100.0
EU255971|geneNS5A|query6169-7512|h77_aa1-448|extracted_nt1344|aligned_aa448|pident97.768,HCV,1a,100.0
EU255976|geneNS5A|query6179-7522|h77_aa1-448|extracted_nt1344|aligned_aa448|pident96.205,HCV,1a,100.0
EU255987|geneNS5A|query6166-7509|h77_aa1-448|extracted_nt1344|aligned_aa448|pident94.420,HCV,1a,100.0
EU255983|geneNS5A|query6177-7520|h77_aa1-448|extracted_nt1344|aligned_aa448|pident97.991,HCV,1a,100.0
EU255988|geneNS5A|query6174-7517|h77_aa1-448|extracted_nt1344|aligned_aa448|pident95.312,HCV,1a,100.0
EU255978|geneNS5A|query6172-7515|h77_aa1-448|extracted_nt1344|aligned_aa448|pident95.759,HCV,1a,100.0
EU255991|geneNS5A|query6173-7516|h77_aa1-448|extracted_nt1344|aligned_aa448|pident97.098,HCV,1a,100.0
EU255985|geneNS5A|query6187-7530|h77_aa1-448|extracted_nt1344|aligned_aa448|pident97.321,HCV,1a,100.0
EU255992|geneNS5A|query6179-7522|h77_aa1-448|extracted_nt1344|aligned_aa448|pident95.982,HCV,1a,100.0
EU255990|geneNS5A|query6183-7526|h77_aa1-448|extracted_nt1344|aligned_aa448|pident96.205,HCV,1a,100.0
EU255982|geneNS5A|query6182-7525|h77_aa1-448|extracted_nt1344|aligned_aa448|pident93.080,HCV,1a,100.0
EU255993|geneNS5A|query6187-7530|h77_aa1-448|extracted_nt1344|aligned_aa448|pident93.973,HCV,1a,100.0
EU255998|geneNS5A|query6185-7528|h77_aa1-448|extracted_nt1344|aligned_aa448|pident94.866,HCV,1a,100.0
EU255995|geneNS5A|query6183-7526|h77_aa1-448|extracted_nt1344|aligned_aa448|pident93.080,HCV,1a,100.0
EU256000|geneNS5A|query6206-7546|h77_aa1-448|extracted_nt1341|aligned_aa449|pident80.846,HCV,1b,100.0
EU255989|geneNS5A|query6191-7534|h77_aa1-448|extracted_nt1344|aligned_aa448|pident95.536,HCV,1a,100.0
EU255999|geneNS5A|query6171-7514|h77_aa1-448|extracted_nt1344|aligned_aa448|pident94.643,HCV,1a,100.0
EU255981|geneNS5A|query6191-7534|h77_aa1-448|extracted_nt1344|aligned_aa448|pident96.205,HCV,1a,100.0
EU255996|geneNS5A|query6189-7532|h77_aa1-448|extracted_nt1344|aligned_aa448|pident94.866,HCV,1a,100.0
EU256002|geneNS5A|query6199-7542|h77_aa1-448|extracted_nt1344|aligned_aa448|pident95.536,HCV,1a,100.0
EU255974|geneNS5A|query6182-7525|h77_aa1-448|extracted_nt1344|aligned_aa448|pident95.536,HCV,1a,100.0
EU256006|geneNS5A|query6192-7535|h77_aa1-448|extracted_nt1344|aligned_aa448|pident94.866,HCV,1a,100.0
EU255997|geneNS5A|query6155-7498|h77_aa1-448|extracted_nt1344|aligned_aa448|pident94.196,HCV,1a,100.0
EU255994|geneNS5A|query6168-7511|h77_aa1-448|extracted_nt1344|aligned_aa448|pident95.089,HCV,1a,100.0
EU256005|geneNS5A|query6186-7529|h77_aa1-448|extracted_nt1344|aligned_aa448|pident94.420,HCV,1a,100.0
EU256008|geneNS5A|query6153-7496|h77_aa1-448|extracted_nt1344|aligned_aa448|pident95.536,HCV,1a,100.0
EU256013|geneNS5A|query6182-7525|h77_aa1-448|extracted_nt1344|aligned_aa448|pident95.759,HCV,1a,100.0
EU256004|geneNS5A|query6165-7508|h77_aa1-448|extracted_nt1344|aligned_aa448|pident93.750,HCV,1a,100.0
EU256003|geneNS5A|query6191-7534|h77_aa1-448|extracted_nt1344|aligned_aa448|pident93.973,HCV,1a,100.0
EU256001|geneNS5A|query6206-7546|h77_aa1-448|extracted_nt1341|aligned_aa449|pident79.955,HCV,1b,100.0
EU256011|geneNS5A|query6153-7496|h77_aa1-448|extracted_nt1344|aligned_aa448|pident96.875,HCV,1a,100.0
EU256018|geneNS5A|query6173-7516|h77_aa1-448|extracted_nt1344|aligned_aa448|pident95.536,HCV,1a,100.0
EU256016|geneNS5A|query6175-7518|h77_aa1-448|extracted_nt1344|aligned_aa448|pident96.875,HCV,1a,100.0
EU256009|geneNS5A|query6171-7514|h77_aa1-448|extracted_nt1344|aligned_aa448|pident95.089,HCV,1a,100.0
EU256023|geneNS5A|query6184-7527|h77_aa1-448|extracted_nt1344|aligned_aa448|pident94.866,HCV,1a,100.0
EU256014|geneNS5A|query6153-7496|h77_aa1-448|extracted_nt1344|aligned_aa448|pident92.634,HCV,1a,100.0
EU256026|geneNS5A|query6189-7532|h77_aa1-448|extracted_nt1344|aligned_aa448|pident96.652,HCV,1a,100.0
EU256029|geneNS5A|query6171-7514|h77_aa1-448|extracted_nt1344|aligned_aa448|pident93.527,HCV,1a,100.0
EU256027|geneNS5A|query6197-7540|h77_aa1-448|extracted_nt1344|aligned_aa448|pident95.759,HCV,1a,100.0
EU256030|geneNS5A|query6167-7510|h77_aa1-448|extracted_nt1344|aligned_aa448|pident94.420,HCV,1a,100.0
EU256021|geneNS5A|query6176-7519|h77_aa1-448|extracted_nt1344|aligned_aa448|pident94.196,HCV,1a,100.0
EU256032|geneNS5A|query6182-7525|h77_aa1-448|extracted_nt1344|aligned_aa448|pident95.536,HCV,1a,100.0
EU256028|geneNS5A|query6184-7527|h77_aa1-448|extracted_nt1344|aligned_aa448|pident96.429,HCV,1a,100.0
EU256044|geneNS5A|query6163-7506|h77_aa1-448|extracted_nt1344|aligned_aa448|pident97.321,HCV,1a,100.0
EU256038|geneNS5A|query6189-7532|h77_aa1-448|extracted_nt1344|aligned_aa448|pident94.420,HCV,1a,100.0
EU255984|geneNS5A|query6170-7513|h77_aa1-448|extracted_nt1344|aligned_aa448|pident95.536,HCV,1a,100.0
EU255973|geneNS5A|query6179-7522|h77_aa1-448|extracted_nt1344|aligned_aa448|pident97.321,HCV,1a,100.0
EU255979|geneNS5A|query6185-7528|h77_aa1-448|extracted_nt1344|aligned_aa448|pident97.991,HCV,1a,100.0
EU256015|geneNS5A|query6176-7519|h77_aa1-448|extracted_nt1344|aligned_aa448|pident95.089,HCV,1a,100.0
EU256010|geneNS5A|query6153-7496|h77_aa1-448|extracted_nt1344|aligned_aa448|pident97.098,HCV,1a,100.0
EU256017|geneNS5A|query6180-7523|h77_aa1-448|extracted_nt1344|aligned_aa448|pident95.312,HCV,1a,100.0
EU256019|geneNS5A|query6180-7523|h77_aa1-448|extracted_nt1344|aligned_aa448|pident95.759,HCV,1a,100.0
EU256020|geneNS5A|query6191-7534|h77_aa1-448|extracted_nt1344|aligned_aa448|pident95.982,HCV,1a,100.0
EU256022|geneNS5A|query6175-7518|h77_aa1-448|extracted_nt1344|aligned_aa448|pident95.089,HCV,1a,100.0
EU256034|geneNS5A|query6188-7531|h77_aa1-448|extracted_nt1344|aligned_aa448|pident94.866,HCV,1a,100.0
EU256012|geneNS5A|query6192-7535|h77_aa1-448|extracted_nt1344|aligned_aa448|pident95.982,HCV,1a,100.0
EU256031|geneNS5A|query6182-7525|h77_aa1-448|extracted_nt1344|aligned_aa448|pident95.759,HCV,1a,100.0
EU256036|geneNS5A|query6184-7527|h77_aa1-448|extracted_nt1344|aligned_aa448|pident96.205,HCV,1a,100.0
EU256037|geneNS5A|query6191-7534|h77_aa1-448|extracted_nt1344|aligned_aa448|pident95.759,HCV,1a,100.0
EU256039|geneNS5A|query6177-7520|h77_aa1-448|extracted_nt1344|aligned_aa448|pident96.652,HCV,1a,100.0
EU256035|geneNS5A|query6184-7527|h77_aa1-448|extracted_nt1344|aligned_aa448|pident92.188,HCV,1a,100.0
EU256033|geneNS5A|query6185-7528|h77_aa1-448|extracted_nt1344|aligned_aa448|pident96.429,HCV,1a,100.0
EU256047|geneNS5A|query6184-7527|h77_aa1-448|extracted_nt1344|aligned_aa448|pident92.188,HCV,1a,100.0
EU256043|geneNS5A|query6153-7496|h77_aa1-448|extracted_nt1344|aligned_aa448|pident91.741,HCV,1a,100.0
EU256024|geneNS5A|query6153-7496|h77_aa1-448|extracted_nt1344|aligned_aa448|pident93.080,HCV,1a,100.0
EU256046|geneNS5A|query6190-7527|h77_aa3-448|extracted_nt1338|aligned_aa446|pident93.722,HCV,1a,100.0
EU256041|geneNS5A|query6189-7532|h77_aa1-448|extracted_nt1344|aligned_aa448|pident95.312,HCV,1a,100.0
EU256040|geneNS5A|query6184-7527|h77_aa1-448|extracted_nt1344|aligned_aa448|pident95.312,HCV,1a,100.0
EU256049|geneNS5A|query6184-7527|h77_aa1-448|extracted_nt1344|aligned_aa448|pident93.973,HCV,1a,100.0
EU256052|geneNS5A|query6183-7526|h77_aa1-448|extracted_nt1344|aligned_aa448|pident96.652,HCV,1a,100.0
EU256051|geneNS5A|query6180-7523|h77_aa1-448|extracted_nt1344|aligned_aa448|pident94.420,HCV,1a,100.0
EU256050|geneNS5A|query6185-7528|h77_aa1-448|extracted_nt1344|aligned_aa448|pident96.652,HCV,1a,100.0
EU256048|geneNS5A|query6184-7527|h77_aa1-448|extracted_nt1344|aligned_aa448|pident93.973,HCV,1a,100.0
EU256053|geneNS5A|query6185-7528|h77_aa1-448|extracted_nt1344|aligned_aa448|pident92.634,HCV,1a,100.0
EU256058|geneNS5A|query6170-7513|h77_aa1-448|extracted_nt1344|aligned_aa448|pident93.750,HCV,1a,100.0
EU256057|geneNS5A|query6192-7535|h77_aa1-448|extracted_nt1344|aligned_aa448|pident92.857,HCV,1a,100.0
EU256061|geneNS5A|query6206-7546|h77_aa1-448|extracted_nt1341|aligned_aa449|pident78.619,HCV,1b,100.0
EU256025|geneNS5A|query6154-7497|h77_aa1-448|extracted_nt1344|aligned_aa448|pident93.080,HCV,1a,100.0
EU256068|geneNS5A|query6178-7521|h77_aa1-448|extracted_nt1344|aligned_aa448|pident92.411,HCV,1a,100.0
EU256071|geneNS5A|query6153-7496|h77_aa1-448|extracted_nt1344|aligned_aa448|pident92.634,HCV,1a,100.0
EU256069|geneNS5A|query6165-7508|h77_aa1-448|extracted_nt1344|aligned_aa448|pident94.866,HCV,1a,100.0
EU256070|geneNS5A|query6177-7520|h77_aa1-448|extracted_nt1344|aligned_aa448|pident95.536,HCV,1a,100.0
EU256062|geneNS5A|query6209-7549|h77_aa1-448|extracted_nt1341|aligned_aa448|pident80.580,HCV,1b,100.0
EU256065|geneNS5A|query6206-7546|h77_aa1-448|extracted_nt1341|aligned_aa449|pident79.955,HCV,1b,100.0
EU256067|geneNS5A|query6185-7528|h77_aa1-448|extracted_nt1344|aligned_aa448|pident95.982,HCV,1a,100.0
EU256060|geneNS5A|query6178-7521|h77_aa1-448|extracted_nt1344|aligned_aa448|pident94.643,HCV,1a,100.0
EU256064|geneNS5A|query6206-7546|h77_aa1-448|extracted_nt1341|aligned_aa449|pident80.846,HCV,1b,100.0
EU256066|geneNS5A|query6207-7547|h77_aa1-448|extracted_nt1341|aligned_aa449|pident80.624,HCV,1b,100.0
EU256054|geneNS5A|query6206-7558|h77_aa1-448|extracted_nt1353|aligned_aa457|pident78.118,HCV,1b,100.0
EU256007|geneNS5A|query6174-7517|h77_aa1-448|extracted_nt1344|aligned_aa448|pident93.973,HCV,1a,100.0
EU256077|geneNS5A|query6206-7546|h77_aa1-448|extracted_nt1341|aligned_aa448|pident80.804,HCV,1b,100.0
EU256074|geneNS5A|query6182-7525|h77_aa1-448|extracted_nt1344|aligned_aa448|pident93.973,HCV,1a,100.0
EU256078|geneNS5A|query6208-7548|h77_aa1-448|extracted_nt1341|aligned_aa453|pident79.691,HCV,1b,100.0
EU256082|geneNS5A|query6207-7547|h77_aa1-448|extracted_nt1341|aligned_aa449|pident80.624,HCV,1b,100.0
EU256079|geneNS5A|query6207-7547|h77_aa1-448|extracted_nt1341|aligned_aa448|pident80.357,HCV,1b,100.0
EU256076|geneNS5A|query6206-7546|h77_aa1-448|extracted_nt1341|aligned_aa449|pident80.178,HCV,1b,100.0
EU256075|geneNS5A|query6206-7546|h77_aa1-448|extracted_nt1341|aligned_aa448|pident79.241,HCV,1b,100.0
EU256080|geneNS5A|query6206-7546|h77_aa1-448|extracted_nt1341|aligned_aa448|pident81.250,HCV,1b,100.0
EU256091|geneNS5A|query5924-7264|h77_aa1-448|extracted_nt1341|aligned_aa449|pident80.401,HCV,1b,100.0
EU256059|geneNS5A|query6206-7546|h77_aa1-448|extracted_nt1341|aligned_aa449|pident79.733,HCV,1b,100.0
EU256081|geneNS5A|query6206-7546|h77_aa1-448|extracted_nt1341|aligned_aa450|pident80.444,HCV,1b,100.0
EU256090|geneNS5A|query6206-7546|h77_aa1-448|extracted_nt1341|aligned_aa448|pident79.911,HCV,1b,100.0
EU256095|geneNS5A|query6188-7531|h77_aa1-448|extracted_nt1344|aligned_aa448|pident95.536,HCV,1a,100.0
EU256083|geneNS5A|query6206-7546|h77_aa1-448|extracted_nt1341|aligned_aa448|pident81.250,HCV,1b,100.0
EU256085|geneNS5A|query6206-7546|h77_aa1-448|extracted_nt1341|aligned_aa449|pident78.619,HCV,1b,100.0
EU256105|geneNS5A|query6208-7551|h77_aa1-448|extracted_nt1344|aligned_aa448|pident92.411,HCV,1a,100.0
EU256103|geneNS5A|query6203-7543|h77_aa1-448|extracted_nt1341|aligned_aa450|pident79.333,HCV,1b,100.0
EU256107|geneNS5A|query6185-7528|h77_aa1-448|extracted_nt1344|aligned_aa448|pident93.304,HCV,1a,100.0
EU256096|geneNS5A|query6178-7530|h77_aa1-448|extracted_nt1353|aligned_aa452|pident92.699,HCV,1a,100.0
EU256099|geneNS5A|query6206-7546|h77_aa1-448|extracted_nt1341|aligned_aa448|pident80.357,HCV,1b,100.0
EU256104|geneNS5A|query6175-7530|h77_aa1-448|extracted_nt1356|aligned_aa452|pident91.814,HCV,1a,100.0
EU256100|geneNS5A|query6206-7546|h77_aa1-448|extracted_nt1341|aligned_aa449|pident80.624,HCV,1b,100.0
EU256084|geneNS5A|query6212-7552|h77_aa1-448|extracted_nt1341|aligned_aa453|pident79.470,HCV,1b,100.0
EU256072|geneNS5A|query6165-7508|h77_aa1-448|extracted_nt1344|aligned_aa448|pident94.196,HCV,1a,100.0
EU256089|geneNS5A|query6206-7546|h77_aa1-448|extracted_nt1341|aligned_aa449|pident81.069,HCV,1b,100.0
EU256088|geneNS5A|query6206-7546|h77_aa1-448|extracted_nt1341|aligned_aa448|pident78.571,HCV,1b,100.0
EU256087|geneNS5A|query6153-7496|h77_aa1-448|extracted_nt1344|aligned_aa448|pident95.536,HCV,1a,100.0
EU256101|geneNS5A|query6206-7546|h77_aa1-448|extracted_nt1341|aligned_aa448|pident80.134,HCV,1b,100.0
EU256102|geneNS5A|query6206-7546|h77_aa1-448|extracted_nt1341|aligned_aa449|pident80.401,HCV,1b,100.0
EU256097|geneNS5A|query6184-7527|h77_aa1-448|extracted_nt1344|aligned_aa448|pident94.643,HCV,1a,100.0
EU256092|geneNS5A|query6206-7546|h77_aa1-448|extracted_nt1341|aligned_aa449|pident79.733,HCV,1b,100.0
EU256094|geneNS5A|query6185-7528|h77_aa1-448|extracted_nt1344|aligned_aa448|pident96.875,HCV,1a,100.0
EU260395|geneNS5A|query6191-7534|h77_aa1-448|extracted_nt1344|aligned_aa448|pident94.643,HCV,1a,100.0
EU256106|geneNS5A|query6176-7519|h77_aa1-448|extracted_nt1344|aligned_aa448|pident91.071,HCV,1a,100.0
EU256098|geneNS5A|query6221-7561|h77_aa1-448|extracted_nt1341|aligned_aa449|pident80.401,HCV,1b,100.0
EU482865|geneNS5A|query6164-7507|h77_aa1-448|extracted_nt1344|aligned_aa448|pident95.759,HCV,1a,100.0
EU482875|geneNS5A|query6206-7546|h77_aa1-448|extracted_nt1341|aligned_aa448|pident79.688,HCV,1b,100.0
EU482878|geneNS5A|query6184-7527|h77_aa1-448|extracted_nt1344|aligned_aa448|pident96.429,HCV,1a,100.0
EU482867|geneNS5A|query6191-7534|h77_aa1-448|extracted_nt1344|aligned_aa448|pident95.982,HCV,1a,100.0
EU482873|geneNS5A|query6169-7512|h77_aa1-448|extracted_nt1344|aligned_aa448|pident95.759,HCV,1a,100.0
EU482884|geneNS5A|query5948-7291|h77_aa1-448|extracted_nt1344|aligned_aa448|pident96.652,HCV,1a,100.0
EU482885|geneNS5A|query6209-7549|h77_aa1-448|extracted_nt1341|aligned_aa449|pident80.624,HCV,1b,100.0
EU569722|geneNS5A|query6192-7535|h77_aa1-448|extracted_nt1344|aligned_aa448|pident96.652,HCV,1a,100.0
EU569723|geneNS5A|query6177-7520|h77_aa1-448|extracted_nt1344|aligned_aa448|pident95.536,HCV,1a,100.0
EU595698|geneNS5A|query6175-7518|h77_aa1-448|extracted_nt1344|aligned_aa448|pident94.420,HCV,1a,100.0
EU595697|geneNS5A|query6174-7517|h77_aa1-448|extracted_nt1344|aligned_aa448|pident90.402,HCV,1a,100.0
EU529678|geneNS5A|query6172-7515|h77_aa1-448|extracted_nt1344|aligned_aa448|pident94.420,HCV,1a,100.0
EU660383|geneNS5A|query6184-7527|h77_aa1-448|extracted_nt1344|aligned_aa448|pident94.643,HCV,1a,100.0
EU643834|geneNS5A|query5997-7349|h77_aa1-448|extracted_nt1353|aligned_aa456|pident69.737,HCV,6w,100.0
EU482876|geneNS5A|query6193-7536|h77_aa1-448|extracted_nt1344|aligned_aa448|pident95.759,HCV,1a,100.0
EU482871|geneNS5A|query6167-7510|h77_aa1-448|extracted_nt1344|aligned_aa448|pident94.196,HCV,1a,100.0
EU482888|geneNS5A|query6209-7549|h77_aa1-448|extracted_nt1341|aligned_aa448|pident81.250,HCV,1b,100.0
EU482877|geneNS5A|query6212-7552|h77_aa1-448|extracted_nt1341|aligned_aa449|pident80.178,HCV,1b,100.0
EU482882|geneNS5A|query6180-7523|h77_aa1-448|extracted_nt1344|aligned_aa448|pident96.205,HCV,1a,100.0
EU660385|geneNS5A|query6167-7510|h77_aa1-448|extracted_nt1344|aligned_aa448|pident94.196,HCV,1a,100.0
EU660384|geneNS5A|query6206-7549|h77_aa1-448|extracted_nt1344|aligned_aa448|pident95.089,HCV,1a,100.0
EU595699|geneNS5A|query6088-7431|h77_aa1-448|extracted_nt1344|aligned_aa448|pident92.857,HCV,1a,100.0
EU529680|geneNS5A|query6195-7538|h77_aa1-448|extracted_nt1344|aligned_aa448|pident95.312,HCV,1a,100.0
EU529677|geneNS5A|query6186-7529|h77_aa1-448|extracted_nt1344|aligned_aa448|pident96.429,HCV,1a,100.0
EU643836|geneNS5A|query5994-7346|h77_aa1-448|extracted_nt1353|aligned_aa459|pident69.935,HCV,6w,100.0
EU529682|geneNS5A|query5924-7264|h77_aa1-448|extracted_nt1341|aligned_aa448|pident77.232,HCV,1b,100.0
EU529679|geneNS5A|query6171-7514|h77_aa1-448|extracted_nt1344|aligned_aa448|pident95.536,HCV,1a,100.0
EU781749|geneNS5A|query6212-7555|h77_aa1-448|extracted_nt1344|aligned_aa448|pident92.634,HCV,1a,100.0
EU781751|geneNS5A|query6182-7525|h77_aa1-448|extracted_nt1344|aligned_aa448|pident96.875,HCV,1a,100.0
EU781754|geneNS5A|query6177-7520|h77_aa1-448|extracted_nt1344|aligned_aa448|pident95.759,HCV,1a,100.0
EU781746|geneNS5A|query6259-7602|h77_aa1-448|extracted_nt1344|aligned_aa448|pident95.312,HCV,1a,100.0
EU781753|geneNS5A|query6179-7522|h77_aa1-448|extracted_nt1344|aligned_aa448|pident95.536,HCV,1a,100.0
EU781747|geneNS5A|query6227-7570|h77_aa1-448|extracted_nt1344|aligned_aa448|pident95.536,HCV,1a,100.0
EU781748|geneNS5A|query6213-7556|h77_aa1-448|extracted_nt1344|aligned_aa448|pident93.080,HCV,1a,100.0
EU781755|geneNS5A|query6177-7520|h77_aa1-448|extracted_nt1344|aligned_aa448|pident94.643,HCV,1a,100.0
EU781750|geneNS5A|query6192-7535|h77_aa1-448|extracted_nt1344|aligned_aa448|pident94.866,HCV,1a,100.0
EU781761|geneNS5A|query6175-7518|h77_aa1-448|extracted_nt1344|aligned_aa448|pident95.536,HCV,1a,100.0
EU781762|geneNS5A|query6175-7518|h77_aa1-448|extracted_nt1344|aligned_aa448|pident95.089,HCV,1a,100.0
EU781752|geneNS5A|query6180-7523|h77_aa1-448|extracted_nt1344|aligned_aa448|pident93.973,HCV,1a,100.0
EU781758|geneNS5A|query6176-7519|h77_aa1-448|extracted_nt1344|aligned_aa448|pident95.312,HCV,1a,100.0
EU781764|geneNS5A|query6175-7518|h77_aa1-448|extracted_nt1344|aligned_aa448|pident97.098,HCV,1a,100.0
EU781763|geneNS5A|query6175-7518|h77_aa1-448|extracted_nt1344|aligned_aa448|pident95.312,HCV,1a,100.0
EU781770|geneNS5A|query6173-7516|h77_aa1-448|extracted_nt1344|aligned_aa448|pident95.759,HCV,1a,100.0
EU781756|geneNS5A|query6177-7520|h77_aa1-448|extracted_nt1344|aligned_aa448|pident95.536,HCV,1a,100.0
EU781757|geneNS5A|query6176-7519|h77_aa1-448|extracted_nt1344|aligned_aa448|pident90.179,HCV,1a,100.0
EU781759|geneNS5A|query6175-7518|h77_aa1-448|extracted_nt1344|aligned_aa448|pident93.750,HCV,1a,100.0
EU781773|geneNS5A|query6172-7515|h77_aa1-448|extracted_nt1344|aligned_aa448|pident95.982,HCV,1a,100.0
EU781772|geneNS5A|query6172-7515|h77_aa1-448|extracted_nt1344|aligned_aa448|pident94.643,HCV,1a,100.0
EU781767|geneNS5A|query6173-7516|h77_aa1-448|extracted_nt1344|aligned_aa448|pident94.420,HCV,1a,100.0
EU781760|geneNS5A|query6175-7518|h77_aa1-448|extracted_nt1344|aligned_aa448|pident95.089,HCV,1a,100.0
EU781769|geneNS5A|query6173-7516|h77_aa1-448|extracted_nt1344|aligned_aa448|pident94.420,HCV,1a,100.0
EU781778|geneNS5A|query6170-7513|h77_aa1-448|extracted_nt1344|aligned_aa448|pident96.875,HCV,1a,100.0
EU781779|geneNS5A|query6168-7511|h77_aa1-448|extracted_nt1344|aligned_aa448|pident94.196,HCV,1a,100.0
EU781775|geneNS5A|query6172-7515|h77_aa1-448|extracted_nt1344|aligned_aa448|pident95.759,HCV,1a,100.0
EU781774|geneNS5A|query6172-7515|h77_aa1-448|extracted_nt1344|aligned_aa448|pident93.304,HCV,1a,100.0
EU781785|geneNS5A|query6166-7509|h77_aa1-448|extracted_nt1344|aligned_aa448|pident94.196,HCV,1a,100.0
EU781766|geneNS5A|query6174-7517|h77_aa1-448|extracted_nt1344|aligned_aa448|pident93.973,HCV,1a,100.0
EU781781|geneNS5A|query6168-7511|h77_aa1-448|extracted_nt1344|aligned_aa448|pident94.643,HCV,1a,100.0
EU781780|geneNS5A|query6168-7511|h77_aa1-448|extracted_nt1344|aligned_aa448|pident93.750,HCV,1a,100.0
EU781787|geneNS5A|query6166-7509|h77_aa1-448|extracted_nt1344|aligned_aa448|pident92.857,HCV,1a,100.0
EU781771|geneNS5A|query6173-7516|h77_aa1-448|extracted_nt1344|aligned_aa448|pident93.973,HCV,1a,100.0
EU781782|geneNS5A|query6167-7510|h77_aa1-448|extracted_nt1344|aligned_aa448|pident93.750,HCV,1a,100.0
EU781777|geneNS5A|query6170-7513|h77_aa1-448|extracted_nt1344|aligned_aa448|pident95.759,HCV,1a,100.0
EU781784|geneNS5A|query6166-7509|h77_aa1-448|extracted_nt1344|aligned_aa448|pident96.652,HCV,1a,100.0
EU781768|geneNS5A|query6173-7516|h77_aa1-448|extracted_nt1344|aligned_aa448|pident97.768,HCV,1a,100.0
EU781776|geneNS5A|query6172-7515|h77_aa1-448|extracted_nt1344|aligned_aa448|pident95.536,HCV,1a,100.0
EU781802|geneNS5A|query6174-7517|h77_aa1-448|extracted_nt1344|aligned_aa448|pident95.089,HCV,1a,100.0
EU781790|geneNS5A|query6163-7506|h77_aa1-448|extracted_nt1344|aligned_aa448|pident93.973,HCV,1a,100.0
EU781801|geneNS5A|query6150-7493|h77_aa1-448|extracted_nt1344|aligned_aa448|pident97.321,HCV,1a,100.0
EU781788|geneNS5A|query6165-7508|h77_aa1-448|extracted_nt1344|aligned_aa448|pident94.196,HCV,1a,100.0
EU781805|geneNS5A|query6172-7515|h77_aa1-448|extracted_nt1344|aligned_aa448|pident95.759,HCV,1a,100.0
EU781800|geneNS5A|query6151-7494|h77_aa1-448|extracted_nt1344|aligned_aa448|pident95.312,HCV,1a,100.0
EU781789|geneNS5A|query6165-7508|h77_aa1-448|extracted_nt1344|aligned_aa448|pident93.527,HCV,1a,100.0
EU781799|geneNS5A|query6161-7504|h77_aa1-448|extracted_nt1344|aligned_aa448|pident94.643,HCV,1a,100.0
EU781795|geneNS5A|query6162-7505|h77_aa1-448|extracted_nt1344|aligned_aa448|pident94.866,HCV,1a,100.0
EU781798|geneNS5A|query6159-7502|h77_aa1-448|extracted_nt1344|aligned_aa448|pident95.759,HCV,1a,100.0
EU781793|geneNS5A|query6162-7505|h77_aa1-448|extracted_nt1344|aligned_aa448|pident94.643,HCV,1a,100.0
EU781786|geneNS5A|query6166-7509|h77_aa1-448|extracted_nt1344|aligned_aa448|pident95.536,HCV,1a,100.0
EU781796|geneNS5A|query6162-7505|h77_aa1-448|extracted_nt1344|aligned_aa448|pident94.420,HCV,1a,100.0
EU781807|geneNS5A|query6184-7527|h77_aa1-448|extracted_nt1344|aligned_aa448|pident94.196,HCV,1a,100.0
EU781806|geneNS5A|query6172-7515|h77_aa1-448|extracted_nt1344|aligned_aa448|pident93.750,HCV,1a,100.0
EU781783|geneNS5A|query6167-7510|h77_aa1-448|extracted_nt1344|aligned_aa448|pident96.875,HCV,1a,100.0
EU781794|geneNS5A|query6162-7505|h77_aa1-448|extracted_nt1344|aligned_aa448|pident94.643,HCV,1a,100.0
EU781791|geneNS5A|query6163-7506|h77_aa1-448|extracted_nt1344|aligned_aa448|pident94.420,HCV,1a,100.0
EU781803|geneNS5A|query6126-7469|h77_aa1-448|extracted_nt1344|aligned_aa448|pident95.312,HCV,1a,100.0
EU781813|geneNS5A|query6176-7519|h77_aa1-448|extracted_nt1344|aligned_aa448|pident94.866,HCV,1a,100.0
EU781810|geneNS5A|query6177-7520|h77_aa1-448|extracted_nt1344|aligned_aa448|pident95.312,HCV,1a,100.0
EU781814|geneNS5A|query6172-7515|h77_aa1-448|extracted_nt1344|aligned_aa448|pident96.875,HCV,1a,100.0
EU781821|geneNS5A|query6160-7503|h77_aa1-448|extracted_nt1344|aligned_aa448|pident96.205,HCV,1a,100.0
EU781809|geneNS5A|query6172-7515|h77_aa1-448|extracted_nt1344|aligned_aa448|pident95.759,HCV,1a,100.0
EU781828|geneNS5A|query6221-7561|h77_aa1-448|extracted_nt1341|aligned_aa449|pident80.624,HCV,1b,100.0
EU781826|geneNS5A|query6236-7576|h77_aa1-448|extracted_nt1341|aligned_aa449|pident79.733,HCV,1b,100.0
EU826175|geneNS5A|query1-1356|h77_aa1-448|extracted_nt1356|aligned_aa456|pident69.956,HCV,3a,100.0
EU781818|geneNS5A|query6167-7510|h77_aa1-448|extracted_nt1344|aligned_aa448|pident93.527,HCV,1a,100.0
EU781808|geneNS5A|query6184-7527|h77_aa1-448|extracted_nt1344|aligned_aa448|pident93.973,HCV,1a,100.0
EU781820|geneNS5A|query6161-7504|h77_aa1-448|extracted_nt1344|aligned_aa448|pident95.536,HCV,1a,100.0
EU781819|geneNS5A|query6163-7506|h77_aa1-448|extracted_nt1344|aligned_aa448|pident93.973,HCV,1a,100.0
EU781823|geneNS5A|query6181-7539|h77_aa1-448|extracted_nt1359|aligned_aa453|pident94.040,HCV,1a,100.0
EU826178|geneNS5A|query1-1356|h77_aa1-448|extracted_nt1356|aligned_aa456|pident70.175,HCV,3a,100.0
EU781829|geneNS5A|query6219-7559|h77_aa1-448|extracted_nt1341|aligned_aa448|pident79.464,HCV,1b,100.0
EU781832|geneNS5A|query5926-7266|h77_aa1-448|extracted_nt1341|aligned_aa449|pident80.846,HCV,1b,100.0
EU826182|geneNS5A|query1-1356|h77_aa1-448|extracted_nt1356|aligned_aa456|pident70.175,HCV,3a,100.0
EU826200|geneNS5A|query1-1356|h77_aa1-448|extracted_nt1356|aligned_aa455|pident70.110,HCV,3a,100.0
EU826210|geneNS5A|query1-1356|h77_aa1-448|extracted_nt1356|aligned_aa455|pident69.890,HCV,3a,100.0
EU826207|geneNS5A|query1-1356|h77_aa1-448|extracted_nt1356|aligned_aa456|pident70.175,HCV,3a,100.0
EU781831|geneNS5A|query6173-7513|h77_aa1-448|extracted_nt1341|aligned_aa453|pident79.691,HCV,1b,100.0
EU826177|geneNS5A|query1-1356|h77_aa1-448|extracted_nt1356|aligned_aa456|pident69.737,HCV,3a,100.0
EU826179|geneNS5A|query1-1356|h77_aa1-448|extracted_nt1356|aligned_aa456|pident70.175,HCV,3a,100.0
EU781822|geneNS5A|query6135-7478|h77_aa1-448|extracted_nt1344|aligned_aa448|pident95.759,HCV,1a,100.0
EU798761|geneNS5A|query6230-7582|h77_aa1-448|extracted_nt1353|aligned_aa455|pident70.110,HCV,6v,100.0
EU826186|geneNS5A|query1-1356|h77_aa1-448|extracted_nt1356|aligned_aa456|pident70.395,HCV,3a,100.0
EU826192|geneNS5A|query1-1356|h77_aa1-448|extracted_nt1356|aligned_aa456|pident70.395,HCV,3a,100.0
EU826198|geneNS5A|query1-1356|h77_aa1-448|extracted_nt1356|aligned_aa456|pident70.175,HCV,3a,100.0
EU826221|geneNS5A|query1-1356|h77_aa1-448|extracted_nt1356|aligned_aa456|pident70.175,HCV,3a,100.0
EU826229|geneNS5A|query1-1356|h77_aa1-448|extracted_nt1356|aligned_aa456|pident70.175,HCV,3a,100.0
EU826248|geneNS5A|query1-1356|h77_aa1-448|extracted_nt1356|aligned_aa456|pident70.614,HCV,3a,100.0
EU781824|geneNS5A|query6204-7544|h77_aa1-448|extracted_nt1341|aligned_aa448|pident89.955,HCV,1a,100.0
EU826250|geneNS5A|query1-1356|h77_aa1-448|extracted_nt1356|aligned_aa455|pident69.890,HCV,3a,100.0
EU826256|geneNS5A|query1-1356|h77_aa1-448|extracted_nt1356|aligned_aa455|pident68.352,HCV,3a,100.0
EU826270|geneNS5A|query1-1356|h77_aa1-448|extracted_nt1356|aligned_aa456|pident69.956,HCV,3a,100.0
EU826278|geneNS5A|query1-1356|h77_aa1-448|extracted_nt1356|aligned_aa456|pident69.518,HCV,3a,100.0
EU826281|geneNS5A|query1-1356|h77_aa1-448|extracted_nt1356|aligned_aa456|pident70.395,HCV,3a,100.0
EU781817|geneNS5A|query6168-7511|h77_aa1-448|extracted_nt1344|aligned_aa448|pident92.634,HCV,1a,100.0
EU826315|geneNS5A|query1-1356|h77_aa1-448|extracted_nt1356|aligned_aa456|pident68.860,HCV,3a,100.0
EU826305|geneNS5A|query1-1356|h77_aa1-448|extracted_nt1356|aligned_aa455|pident70.110,HCV,3a,100.0
EU826311|geneNS5A|query1-1356|h77_aa1-448|extracted_nt1356|aligned_aa455|pident69.451,HCV,3a,100.0
EU155213|geneNS5A|query6187-7530|h77_aa1-448|extracted_nt1344|aligned_aa448|pident93.527,HCV,1a,100.0
EU155220|geneNS5A|query6192-7532|h77_aa1-448|extracted_nt1341|aligned_aa449|pident80.846,HCV,1b,100.0
EU155226|geneNS5A|query6206-7546|h77_aa1-448|extracted_nt1341|aligned_aa449|pident81.069,HCV,1b,100.0
PX468928|geneNS5A|query1-1326|h77_aa1-437|extracted_nt1326|aligned_aa445|pident69.663,HCV,3a,100.0
EU155227|geneNS5A|query6206-7546|h77_aa1-448|extracted_nt1341|aligned_aa453|pident79.912,HCV,1b,100.0
EU155225|geneNS5A|query6207-7547|h77_aa1-448|extracted_nt1341|aligned_aa448|pident80.134,HCV,1b,100.0
EU155235|geneNS5A|query6206-7546|h77_aa1-448|extracted_nt1341|aligned_aa448|pident80.580,HCV,1b,100.0
EU826285|geneNS5A|query1-1356|h77_aa1-447|extracted_nt1356|aligned_aa455|pident68.791,HCV,3a,100.0
EU826292|geneNS5A|query1-1356|h77_aa1-448|extracted_nt1356|aligned_aa456|pident70.614,HCV,3a,100.0
EU826295|geneNS5A|query1-1356|h77_aa1-448|extracted_nt1356|aligned_aa456|pident70.395,HCV,3a,100.0
EU826301|geneNS5A|query1-1356|h77_aa1-448|extracted_nt1356|aligned_aa456|pident69.737,HCV,3a,100.0
EU155229|geneNS5A|query6206-7546|h77_aa1-448|extracted_nt1341|aligned_aa449|pident79.955,HCV,1b,100.0
EU155240|geneNS5A|query6176-7519|h77_aa1-448|extracted_nt1344|aligned_aa448|pident95.312,HCV,1a,100.0
EU155217|geneNS5A|query6206-7546|h77_aa1-448|extracted_nt1341|aligned_aa449|pident80.624,HCV,1b,100.0
EU155244|geneNS5A|query6199-7542|h77_aa1-448|extracted_nt1344|aligned_aa448|pident96.875,HCV,1a,100.0
EU155246|geneNS5A|query6177-7520|h77_aa1-448|extracted_nt1344|aligned_aa448|pident95.536,HCV,1a,100.0
EU155249|geneNS5A|query6175-7518|h77_aa1-448|extracted_nt1344|aligned_aa448|pident94.420,HCV,1a,100.0
EU155253|geneNS5A|query6209-7549|h77_aa1-448|extracted_nt1341|aligned_aa448|pident81.027,HCV,1b,100.0
EU155254|geneNS5A|query6207-7547|h77_aa1-448|extracted_nt1341|aligned_aa449|pident81.292,HCV,1b,100.0
EU155255|geneNS5A|query6212-7552|h77_aa1-448|extracted_nt1341|aligned_aa449|pident81.514,HCV,1b,100.0
EU155252|geneNS5A|query6175-7518|h77_aa1-448|extracted_nt1344|aligned_aa448|pident94.643,HCV,1a,100.0
EU155251|geneNS5A|query6169-7512|h77_aa1-448|extracted_nt1344|aligned_aa448|pident95.759,HCV,1a,100.0
EU155264|geneNS5A|query6184-7524|h77_aa1-448|extracted_nt1341|aligned_aa453|pident80.132,HCV,1b,100.0
EU155301|geneNS5A|query6206-7546|h77_aa1-448|extracted_nt1341|aligned_aa449|pident81.069,HCV,1b,100.0
EU155299|geneNS5A|query6177-7520|h77_aa1-448|extracted_nt1344|aligned_aa448|pident91.964,HCV,1a,100.0
EU155292|geneNS5A|query6185-7528|h77_aa1-448|extracted_nt1344|aligned_aa448|pident95.089,HCV,1a,100.0
EU155300|geneNS5A|query6205-7545|h77_aa1-448|extracted_nt1341|aligned_aa449|pident81.292,HCV,1b,100.0
EU155305|geneNS5A|query6206-7546|h77_aa1-448|extracted_nt1341|aligned_aa448|pident79.911,HCV,1b,100.0
EU155307|geneNS5A|query6207-7547|h77_aa1-448|extracted_nt1341|aligned_aa449|pident79.510,HCV,1b,100.0
EU155263|geneNS5A|query6206-7546|h77_aa1-448|extracted_nt1341|aligned_aa448|pident79.688,HCV,1b,100.0
EU155270|geneNS5A|query6175-7518|h77_aa1-448|extracted_nt1344|aligned_aa448|pident95.312,HCV,1a,100.0
EU155269|geneNS5A|query6177-7520|h77_aa1-448|extracted_nt1344|aligned_aa448|pident94.866,HCV,1a,100.0
EU826320|geneNS5A|query1-1356|h77_aa1-448|extracted_nt1356|aligned_aa455|pident69.890,HCV,3a,100.0
EU826331|geneNS5A|query1-1356|h77_aa1-448|extracted_nt1356|aligned_aa456|pident69.956,HCV,3a,100.0
EU155276|geneNS5A|query6177-7520|h77_aa1-448|extracted_nt1344|aligned_aa448|pident95.536,HCV,1a,100.0
EU155277|geneNS5A|query6153-7496|h77_aa1-448|extracted_nt1344|aligned_aa448|pident93.973,HCV,1a,100.0
EU155279|geneNS5A|query6206-7546|h77_aa1-448|extracted_nt1341|aligned_aa449|pident80.178,HCV,1b,100.0
EU155274|geneNS5A|query6129-7472|h77_aa1-448|extracted_nt1344|aligned_aa448|pident94.196,HCV,1a,100.0
EU155284|geneNS5A|query6192-7535|h77_aa1-448|extracted_nt1344|aligned_aa448|pident92.857,HCV,1a,100.0
EU155282|geneNS5A|query6175-7518|h77_aa1-448|extracted_nt1344|aligned_aa448|pident94.196,HCV,1a,100.0
EU155287|geneNS5A|query6213-7556|h77_aa1-448|extracted_nt1344|aligned_aa448|pident95.312,HCV,1a,100.0
EU155291|geneNS5A|query6177-7520|h77_aa1-448|extracted_nt1344|aligned_aa448|pident95.089,HCV,1a,100.0
EU155288|geneNS5A|query6175-7518|h77_aa1-448|extracted_nt1344|aligned_aa448|pident96.429,HCV,1a,100.0
EU155281|geneNS5A|query6206-7546|h77_aa1-448|extracted_nt1341|aligned_aa453|pident79.470,HCV,1b,100.0
EU155285|geneNS5A|query6166-7509|h77_aa1-448|extracted_nt1344|aligned_aa448|pident94.643,HCV,1a,100.0
EU155290|geneNS5A|query6163-7506|h77_aa1-448|extracted_nt1344|aligned_aa448|pident95.089,HCV,1a,100.0
EU155266|geneNS5A|query6127-7470|h77_aa1-448|extracted_nt1344|aligned_aa448|pident96.875,HCV,1a,100.0
EU155295|geneNS5A|query6177-7520|h77_aa1-448|extracted_nt1344|aligned_aa448|pident94.420,HCV,1a,100.0
EU155298|geneNS5A|query6188-7531|h77_aa1-448|extracted_nt1344|aligned_aa448|pident96.205,HCV,1a,100.0
EU155294|geneNS5A|query6152-7495|h77_aa1-448|extracted_nt1344|aligned_aa448|pident95.089,HCV,1a,100.0
EU234063|geneNS5A|query6179-7522|h77_aa1-448|extracted_nt1344|aligned_aa448|pident94.643,HCV,1a,100.0
EU234062|geneNS5A|query6206-7546|h77_aa1-448|extracted_nt1341|aligned_aa449|pident81.069,HCV,1b,100.0
EU246931|geneNS5A|query6248-7594|h77_aa3-448|extracted_nt1347|aligned_aa451|pident71.619,HCV,6e,100.0
EU255927|geneNS5A|query6179-7522|h77_aa1-448|extracted_nt1344|aligned_aa448|pident92.188,HCV,1a,100.0
EU250017|geneNS5A|query6175-7518|h77_aa1-448|extracted_nt1344|aligned_aa448|pident94.866,HCV,1a,100.0
EU255929|geneNS5A|query6184-7527|h77_aa1-448|extracted_nt1344|aligned_aa448|pident94.420,HCV,1a,100.0
EU255928|geneNS5A|query6184-7527|h77_aa1-448|extracted_nt1344|aligned_aa448|pident94.643,HCV,1a,100.0
EU260396|geneNS5A|query6161-7504|h77_aa1-448|extracted_nt1344|aligned_aa448|pident97.545,HCV,1a,100.0
EU482886|geneNS5A|query6210-7550|h77_aa1-448|extracted_nt1341|aligned_aa449|pident80.846,HCV,1b,100.0
EU155310|geneNS5A|query6173-7516|h77_aa1-448|extracted_nt1344|aligned_aa448|pident96.652,HCV,1a,100.0
EU155302|geneNS5A|query6206-7546|h77_aa1-448|extracted_nt1341|aligned_aa448|pident79.911,HCV,1b,100.0
EU155313|geneNS5A|query6166-7509|h77_aa1-448|extracted_nt1344|aligned_aa448|pident95.312,HCV,1a,100.0
EU155304|geneNS5A|query5935-7275|h77_aa1-448|extracted_nt1341|aligned_aa449|pident80.624,HCV,1b,100.0
EU155318|geneNS5A|query6206-7546|h77_aa1-448|extracted_nt1341|aligned_aa449|pident79.510,HCV,1b,100.0
EU155309|geneNS5A|query6173-7516|h77_aa1-448|extracted_nt1344|aligned_aa448|pident94.420,HCV,1a,100.0
EU155319|geneNS5A|query6136-7479|h77_aa1-448|extracted_nt1344|aligned_aa448|pident92.634,HCV,1a,100.0
EU155315|geneNS5A|query6206-7546|h77_aa1-448|extracted_nt1341|aligned_aa449|pident80.624,HCV,1b,100.0
EU155311|geneNS5A|query6184-7527|h77_aa1-448|extracted_nt1344|aligned_aa448|pident95.759,HCV,1a,100.0
EU155322|geneNS5A|query6172-7515|h77_aa1-448|extracted_nt1344|aligned_aa448|pident95.536,HCV,1a,100.0
EU155308|geneNS5A|query6206-7546|h77_aa1-448|extracted_nt1341|aligned_aa448|pident80.357,HCV,1b,100.0
EU155323|geneNS5A|query6169-7512|h77_aa1-448|extracted_nt1344|aligned_aa448|pident92.857,HCV,1a,100.0
EU155331|geneNS5A|query6206-7546|h77_aa1-448|extracted_nt1341|aligned_aa449|pident81.960,HCV,1b,100.0
EU155334|geneNS5A|query6206-7546|h77_aa1-448|extracted_nt1341|aligned_aa449|pident80.846,HCV,1b,100.0
EU155330|geneNS5A|query6228-7568|h77_aa1-448|extracted_nt1341|aligned_aa449|pident80.624,HCV,1b,100.0
EU155321|geneNS5A|query6132-7475|h77_aa1-448|extracted_nt1344|aligned_aa448|pident95.982,HCV,1a,100.0
EU155333|geneNS5A|query6195-7535|h77_aa1-448|extracted_nt1341|aligned_aa449|pident80.178,HCV,1b,100.0
EU155328|geneNS5A|query6206-7546|h77_aa1-448|extracted_nt1341|aligned_aa448|pident80.134,HCV,1b,100.0
EU155326|geneNS5A|query6206-7546|h77_aa1-448|extracted_nt1341|aligned_aa449|pident80.401,HCV,1b,100.0
EU155342|geneNS5A|query6153-7496|h77_aa1-448|extracted_nt1344|aligned_aa448|pident95.982,HCV,1a,100.0
EU155337|geneNS5A|query6206-7546|h77_aa1-448|extracted_nt1341|aligned_aa448|pident81.473,HCV,1b,100.0
EU155341|geneNS5A|query6186-7529|h77_aa1-448|extracted_nt1344|aligned_aa448|pident95.312,HCV,1a,100.0
EU155347|geneNS5A|query6169-7512|h77_aa1-448|extracted_nt1344|aligned_aa448|pident92.411,HCV,1a,100.0
EU155352|geneNS5A|query6184-7527|h77_aa1-448|extracted_nt1344|aligned_aa448|pident93.750,HCV,1a,100.0
EU155351|geneNS5A|query6179-7522|h77_aa1-448|extracted_nt1344|aligned_aa448|pident94.420,HCV,1a,100.0
EU155345|geneNS5A|query6166-7509|h77_aa1-448|extracted_nt1344|aligned_aa448|pident92.857,HCV,1a,100.0
EU155354|geneNS5A|query6183-7526|h77_aa1-448|extracted_nt1344|aligned_aa448|pident96.205,HCV,1a,100.0
EU155358|geneNS5A|query6206-7546|h77_aa1-448|extracted_nt1341|aligned_aa448|pident80.357,HCV,1b,100.0
EU155356|geneNS5A|query6206-7546|h77_aa1-448|extracted_nt1341|aligned_aa449|pident80.624,HCV,1b,100.0
EU155362|geneNS5A|query6206-7546|h77_aa1-448|extracted_nt1341|aligned_aa448|pident79.911,HCV,1b,100.0
EU155363|geneNS5A|query6206-7546|h77_aa1-448|extracted_nt1341|aligned_aa449|pident79.955,HCV,1b,100.0
EU155371|geneNS5A|query6203-7543|h77_aa1-448|extracted_nt1341|aligned_aa449|pident80.624,HCV,1b,100.0
EU155364|geneNS5A|query6206-7546|h77_aa1-448|extracted_nt1341|aligned_aa448|pident81.027,HCV,1b,100.0
EU155373|geneNS5A|query6206-7546|h77_aa1-448|extracted_nt1341|aligned_aa448|pident79.241,HCV,1b,100.0
EU155365|geneNS5A|query6206-7546|h77_aa1-448|extracted_nt1341|aligned_aa449|pident79.065,HCV,1b,100.0
EU155375|geneNS5A|query6206-7546|h77_aa1-448|extracted_nt1341|aligned_aa449|pident80.624,HCV,1b,100.0
EU234064|geneNS5A|query6172-7515|h77_aa1-448|extracted_nt1344|aligned_aa448|pident94.643,HCV,1a,100.0
EU234065|geneNS5A|query6153-7496|h77_aa1-448|extracted_nt1344|aligned_aa448|pident97.098,HCV,1a,100.0
EU155381|geneNS5A|query6206-7546|h77_aa1-448|extracted_nt1341|aligned_aa448|pident79.464,HCV,1b,100.0
EU239716|geneNS5A|query6175-7518|h77_aa1-448|extracted_nt1344|aligned_aa448|pident92.411,HCV,1a,100.0
EU482883|geneNS5A|query6212-7552|h77_aa1-448|extracted_nt1341|aligned_aa449|pident80.178,HCV,1b,100.0
EU482880|geneNS5A|query6209-7549|h77_aa1-448|extracted_nt1341|aligned_aa449|pident79.733,HCV,1b,100.0
EU482881|geneNS5A|query6215-7555|h77_aa1-448|extracted_nt1341|aligned_aa449|pident80.846,HCV,1b,100.0
EU529676|geneNS5A|query6190-7533|h77_aa1-448|extracted_nt1344|aligned_aa448|pident94.643,HCV,1a,100.0
EU529681|geneNS5A|query6174-7517|h77_aa1-448|extracted_nt1344|aligned_aa448|pident93.527,HCV,1a,100.0
EU781765|geneNS5A|query6174-7517|h77_aa1-448|extracted_nt1344|aligned_aa448|pident93.527,HCV,1a,100.0
EU781797|geneNS5A|query6159-7502|h77_aa1-448|extracted_nt1344|aligned_aa448|pident97.545,HCV,1a,100.0
EU781792|geneNS5A|query6162-7505|h77_aa1-448|extracted_nt1344|aligned_aa448|pident92.634,HCV,1a,100.0
EU781811|geneNS5A|query6179-7522|h77_aa1-448|extracted_nt1344|aligned_aa448|pident93.973,HCV,1a,100.0
EU781815|geneNS5A|query6171-7514|h77_aa1-448|extracted_nt1344|aligned_aa448|pident96.429,HCV,1a,100.0
EU781816|geneNS5A|query6168-7511|h77_aa1-448|extracted_nt1344|aligned_aa448|pident95.089,HCV,1a,100.0
EU781825|geneNS5A|query6236-7576|h77_aa1-448|extracted_nt1341|aligned_aa450|pident81.556,HCV,1b,100.0
EU781804|geneNS5A|query6173-7525|h77_aa1-448|extracted_nt1353|aligned_aa451|pident93.570,HCV,1a,100.0
EU781830|geneNS5A|query6202-7542|h77_aa1-448|extracted_nt1341|aligned_aa449|pident81.737,HCV,1b,100.0
EU781812|geneNS5A|query6176-7519|h77_aa1-448|extracted_nt1344|aligned_aa448|pident96.875,HCV,1a,100.0
EU826174|geneNS5A|query1-1356|h77_aa1-448|extracted_nt1356|aligned_aa456|pident70.175,HCV,3a,100.0
EU781827|geneNS5A|query6232-7572|h77_aa1-448|extracted_nt1341|aligned_aa448|pident81.027,HCV,1b,100.0
EU826176|geneNS5A|query1-1356|h77_aa1-448|extracted_nt1356|aligned_aa456|pident69.956,HCV,3a,100.0
EU826217|geneNS5A|query1-1356|h77_aa1-448|extracted_nt1356|aligned_aa456|pident69.737,HCV,3a,100.0
EU826235|geneNS5A|query1-1356|h77_aa1-448|extracted_nt1356|aligned_aa456|pident69.737,HCV,3a,100.0
EU826240|geneNS5A|query1-1356|h77_aa1-448|extracted_nt1356|aligned_aa456|pident69.518,HCV,3a,100.0
EU826231|geneNS5A|query1-1356|h77_aa1-448|extracted_nt1356|aligned_aa456|pident70.175,HCV,3a,100.0
EU826260|geneNS5A|query1-1356|h77_aa1-448|extracted_nt1356|aligned_aa455|pident69.890,HCV,3a,100.0
EU826265|geneNS5A|query1-1356|h77_aa1-448|extracted_nt1356|aligned_aa456|pident69.956,HCV,3a,100.0
EU826337|geneNS5A|query1-1356|h77_aa1-448|extracted_nt1356|aligned_aa456|pident69.737,HCV,3a,100.0
EU826340|geneNS5A|query1-1356|h77_aa1-448|extracted_nt1356|aligned_aa455|pident70.769,HCV,3a,100.0
EU826345|geneNS5A|query1-1356|h77_aa1-448|extracted_nt1356|aligned_aa455|pident70.330,HCV,3a,100.0
EU392172|geneNS5A|query6182-7507|h77_aa3-448|extracted_nt1326|aligned_aa449|pident74.165,HCV,4d,100.0
EU408331|geneNS5A|query6245-7600|h77_aa1-448|extracted_nt1356|aligned_aa454|pident75.330,HCV,6xa,100.0
EU408328|geneNS5A|query6264-7613|h77_aa3-448|extracted_nt1350|aligned_aa452|pident69.912,HCV,6r,100.0
EU826325|geneNS5A|query1-1356|h77_aa1-448|extracted_nt1356|aligned_aa455|pident70.330,HCV,3a,100.0
FJ024276|geneNS5A|query6150-7493|h77_aa1-448|extracted_nt1344|aligned_aa448|pident94.420,HCV,1a,100.0
FJ024275|geneNS5A|query6150-7493|h77_aa1-448|extracted_nt1344|aligned_aa448|pident95.982,HCV,1a,100.0
FJ024277|geneNS5A|query6206-7546|h77_aa1-448|extracted_nt1341|aligned_aa449|pident81.069,HCV,1b,100.0
FJ024278|geneNS5A|query6152-7495|h77_aa1-448|extracted_nt1344|aligned_aa448|pident96.875,HCV,1a,100.0
FJ024281|geneNS5A|query6182-7525|h77_aa1-448|extracted_nt1344|aligned_aa448|pident96.652,HCV,1a,100.0
FJ025856|geneNS5A|query6110-7450|h77_aa2-448|extracted_nt1341|aligned_aa450|pident74.889,HCV,4w,100.0
FJ024282|geneNS5A|query6170-7513|h77_aa1-448|extracted_nt1344|aligned_aa448|pident94.196,HCV,1a,100.0
FJ025855|geneNS5A|query6113-7450|h77_aa3-448|extracted_nt1338|aligned_aa449|pident74.833,HCV,4w,100.0
FJ024279|geneNS5A|query6206-7546|h77_aa1-448|extracted_nt1341|aligned_aa449|pident81.514,HCV,1b,100.0
FJ024280|geneNS5A|query6167-7510|h77_aa1-448|extracted_nt1344|aligned_aa448|pident94.866,HCV,1a,100.0
FJ407092|geneNS5A|query6275-7630|h77_aa1-448|extracted_nt1356|aligned_aa456|pident69.079,HCV,3i,100.0
FJ435090|geneNS5A|query6261-7613|h77_aa1-448|extracted_nt1353|aligned_aa456|pident70.395,HCV,6v,100.0
FJ462438|geneNS5A|query6264-7601|h77_aa3-448|extracted_nt1338|aligned_aa449|pident75.724,HCV,4k,100.0
FJ462434|geneNS5A|query6261-7598|h77_aa3-448|extracted_nt1338|aligned_aa450|pident73.333,HCV,4q,100.0
FJ518799|geneNS5A|query71-655|h77_aa1-195|extracted_nt585|aligned_aa195|pident95.897,HCV,1a,100.0
FJ518802|geneNS5A|query94-705|h77_aa1-204|extracted_nt612|aligned_aa204|pident81.863,HCV,1b,100.0
FJ518798|geneNS5A|query71-658|h77_aa1-196|extracted_nt588|aligned_aa196|pident96.939,HCV,1a,100.0
FJ462439|geneNS5A|query6263-7600|h77_aa3-448|extracted_nt1338|aligned_aa449|pident75.501,HCV,4r,100.0
FJ896265|geneNS5A|query1-1344|h77_aa1-448|extracted_nt1344|aligned_aa448|pident96.429,HCV,1a,100.0
FJ896279|geneNS5A|query1-1344|h77_aa1-448|extracted_nt1344|aligned_aa448|pident95.536,HCV,1a,100.0
FJ896280|geneNS5A|query1-1344|h77_aa1-448|extracted_nt1344|aligned_aa448|pident95.536,HCV,1a,100.0
FJ896268|geneNS5A|query1-1344|h77_aa1-448|extracted_nt1344|aligned_aa448|pident96.205,HCV,1a,100.0
FJ896273|geneNS5A|query1-1344|h77_aa1-448|extracted_nt1344|aligned_aa448|pident93.973,HCV,1a,100.0
FJ839870|geneNS5A|query6260-7585|h77_aa3-448|extracted_nt1326|aligned_aa449|pident72.383,HCV,4l,100.0
FJ896278|geneNS5A|query1-1344|h77_aa1-448|extracted_nt1344|aligned_aa448|pident95.312,HCV,1a,100.0
FJ896283|geneNS5A|query1-1344|h77_aa1-448|extracted_nt1344|aligned_aa448|pident95.312,HCV,1a,100.0
FJ896274|geneNS5A|query1-1344|h77_aa1-448|extracted_nt1344|aligned_aa448|pident93.750,HCV,1a,100.0
FJ896281|geneNS5A|query1-1344|h77_aa1-448|extracted_nt1344|aligned_aa448|pident95.536,HCV,1a,100.0
FJ896287|geneNS5A|query1-1344|h77_aa1-448|extracted_nt1344|aligned_aa448|pident94.866,HCV,1a,100.0
FJ896277|geneNS5A|query1-1344|h77_aa1-448|extracted_nt1344|aligned_aa448|pident94.866,HCV,1a,100.0
FJ896285|geneNS5A|query1-1344|h77_aa1-448|extracted_nt1344|aligned_aa448|pident94.866,HCV,1a,100.0
FJ896276|geneNS5A|query1-1344|h77_aa1-448|extracted_nt1344|aligned_aa448|pident94.866,HCV,1a,100.0
FJ896290|geneNS5A|query1-1344|h77_aa1-448|extracted_nt1344|aligned_aa448|pident95.089,HCV,1a,100.0
FJ896269|geneNS5A|query1-1344|h77_aa1-448|extracted_nt1344|aligned_aa448|pident96.205,HCV,1a,100.0
FJ896294|geneNS5A|query1-1344|h77_aa1-448|extracted_nt1344|aligned_aa448|pident95.536,HCV,1a,100.0
FJ896293|geneNS5A|query1-1344|h77_aa1-448|extracted_nt1344|aligned_aa448|pident95.536,HCV,1a,100.0
FJ896289|geneNS5A|query1-1344|h77_aa1-448|extracted_nt1344|aligned_aa448|pident94.196,HCV,1a,100.0
FJ896272|geneNS5A|query1-1344|h77_aa1-448|extracted_nt1344|aligned_aa448|pident94.420,HCV,1a,100.0
FJ896298|geneNS5A|query1-1344|h77_aa1-448|extracted_nt1344|aligned_aa448|pident95.982,HCV,1a,100.0
FJ896286|geneNS5A|query1-1344|h77_aa1-448|extracted_nt1344|aligned_aa448|pident94.866,HCV,1a,100.0
FJ896297|geneNS5A|query1-1344|h77_aa1-448|extracted_nt1344|aligned_aa448|pident96.205,HCV,1a,100.0
FJ896291|geneNS5A|query1-1344|h77_aa1-448|extracted_nt1344|aligned_aa448|pident95.536,HCV,1a,100.0
FJ896303|geneNS5A|query1-1344|h77_aa1-448|extracted_nt1344|aligned_aa448|pident96.205,HCV,1a,100.0
FJ896300|geneNS5A|query1-1344|h77_aa1-448|extracted_nt1344|aligned_aa448|pident96.205,HCV,1a,100.0
FJ896288|geneNS5A|query1-1344|h77_aa1-448|extracted_nt1344|aligned_aa448|pident94.196,HCV,1a,100.0
FJ896305|geneNS5A|query1-1344|h77_aa1-448|extracted_nt1344|aligned_aa448|pident96.652,HCV,1a,100.0
FJ896284|geneNS5A|query1-1344|h77_aa1-448|extracted_nt1344|aligned_aa448|pident95.312,HCV,1a,100.0
FJ896296|geneNS5A|query1-1344|h77_aa1-448|extracted_nt1344|aligned_aa448|pident94.643,HCV,1a,100.0
FJ896304|geneNS5A|query1-1344|h77_aa1-448|extracted_nt1344|aligned_aa448|pident96.205,HCV,1a,100.0
FJ896282|geneNS5A|query1-1344|h77_aa1-448|extracted_nt1344|aligned_aa448|pident95.536,HCV,1a,100.0
FJ896309|geneNS5A|query1-1344|h77_aa1-448|extracted_nt1344|aligned_aa448|pident93.973,HCV,1a,100.0
FJ896317|geneNS5A|query1-1344|h77_aa1-448|extracted_nt1344|aligned_aa448|pident95.982,HCV,1a,100.0
FJ896314|geneNS5A|query1-1344|h77_aa1-448|extracted_nt1344|aligned_aa448|pident96.429,HCV,1a,100.0
FJ896313|geneNS5A|query1-1344|h77_aa1-448|extracted_nt1344|aligned_aa448|pident96.652,HCV,1a,100.0
FJ896310|geneNS5A|query1-1344|h77_aa1-448|extracted_nt1344|aligned_aa448|pident94.196,HCV,1a,100.0
FJ896302|geneNS5A|query1-1344|h77_aa1-448|extracted_nt1344|aligned_aa448|pident93.750,HCV,1a,100.0
FJ896307|geneNS5A|query1-1344|h77_aa1-448|extracted_nt1344|aligned_aa448|pident96.205,HCV,1a,100.0
FJ896318|geneNS5A|query1-1344|h77_aa1-448|extracted_nt1344|aligned_aa448|pident95.536,HCV,1a,100.0
FJ896308|geneNS5A|query1-1344|h77_aa1-448|extracted_nt1344|aligned_aa448|pident93.750,HCV,1a,100.0
FJ896323|geneNS5A|query1-1344|h77_aa1-448|extracted_nt1344|aligned_aa448|pident94.420,HCV,1a,100.0
FJ896320|geneNS5A|query1-1344|h77_aa1-448|extracted_nt1344|aligned_aa448|pident95.982,HCV,1a,100.0
FJ896299|geneNS5A|query1-1344|h77_aa1-448|extracted_nt1344|aligned_aa448|pident95.759,HCV,1a,100.0
FJ896326|geneNS5A|query1-1344|h77_aa1-448|extracted_nt1344|aligned_aa448|pident94.196,HCV,1a,100.0
FJ896324|geneNS5A|query1-1344|h77_aa1-448|extracted_nt1344|aligned_aa448|pident94.196,HCV,1a,100.0
FJ896315|geneNS5A|query1-1344|h77_aa1-448|extracted_nt1344|aligned_aa448|pident96.652,HCV,1a,100.0
FJ896330|geneNS5A|query1-1344|h77_aa1-448|extracted_nt1344|aligned_aa448|pident94.866,HCV,1a,100.0
FJ896329|geneNS5A|query1-1344|h77_aa1-448|extracted_nt1344|aligned_aa448|pident95.312,HCV,1a,100.0
FJ896312|geneNS5A|query1-1344|h77_aa1-448|extracted_nt1344|aligned_aa448|pident96.652,HCV,1a,100.0
FJ896306|geneNS5A|query1-1344|h77_aa1-448|extracted_nt1344|aligned_aa448|pident96.652,HCV,1a,100.0
FJ896333|geneNS5A|query1-1344|h77_aa1-448|extracted_nt1344|aligned_aa448|pident94.866,HCV,1a,100.0
FJ896319|geneNS5A|query1-1344|h77_aa1-448|extracted_nt1344|aligned_aa448|pident95.982,HCV,1a,100.0
FJ896322|geneNS5A|query1-1344|h77_aa1-448|extracted_nt1344|aligned_aa448|pident95.759,HCV,1a,100.0
FJ896335|geneNS5A|query1-1344|h77_aa1-448|extracted_nt1344|aligned_aa448|pident92.188,HCV,1a,100.0
FJ896332|geneNS5A|query1-1344|h77_aa1-448|extracted_nt1344|aligned_aa448|pident94.866,HCV,1a,100.0
FJ896331|geneNS5A|query1-1344|h77_aa1-448|extracted_nt1344|aligned_aa448|pident94.866,HCV,1a,100.0
FJ896337|geneNS5A|query1-1344|h77_aa1-448|extracted_nt1344|aligned_aa448|pident93.527,HCV,1a,100.0
FJ896344|geneNS5A|query1-1344|h77_aa1-448|extracted_nt1344|aligned_aa448|pident96.205,HCV,1a,100.0
FJ896342|geneNS5A|query1-1344|h77_aa1-448|extracted_nt1344|aligned_aa448|pident96.205,HCV,1a,100.0
FJ896327|geneNS5A|query1-1344|h77_aa1-448|extracted_nt1344|aligned_aa448|pident95.759,HCV,1a,100.0
FJ896328|geneNS5A|query1-1344|h77_aa1-448|extracted_nt1344|aligned_aa448|pident95.759,HCV,1a,100.0
FJ896351|geneNS5A|query1-1344|h77_aa1-448|extracted_nt1344|aligned_aa448|pident94.866,HCV,1a,100.0
FJ896347|geneNS5A|query1-1344|h77_aa1-448|extracted_nt1344|aligned_aa448|pident96.205,HCV,1a,100.0
FJ896353|geneNS5A|query1-1344|h77_aa1-448|extracted_nt1344|aligned_aa448|pident95.536,HCV,1a,100.0
FJ896346|geneNS5A|query1-1344|h77_aa1-448|extracted_nt1344|aligned_aa448|pident96.205,HCV,1a,100.0
FJ896360|geneNS5A|query1-1344|h77_aa1-448|extracted_nt1344|aligned_aa448|pident93.973,HCV,1a,100.0
FJ896336|geneNS5A|query1-1344|h77_aa1-448|extracted_nt1344|aligned_aa448|pident91.964,HCV,1a,100.0
FJ896367|geneNS5A|query1-1344|h77_aa1-448|extracted_nt1344|aligned_aa448|pident95.982,HCV,1a,100.0
FJ896369|geneNS5A|query1-1344|h77_aa1-448|extracted_nt1344|aligned_aa448|pident95.982,HCV,1a,100.0
FJ896370|geneNS5A|query1-1344|h77_aa1-448|extracted_nt1344|aligned_aa448|pident95.982,HCV,1a,100.0
FJ931542|geneNS5A|query1-1368|h77_aa1-448|extracted_nt1368|aligned_aa459|pident68.845,HCV,3a,100.0
FJ931549|geneNS5A|query1-1368|h77_aa1-448|extracted_nt1368|aligned_aa460|pident68.696,HCV,3a,100.0
FJ931541|geneNS5A|query1-1368|h77_aa1-448|extracted_nt1368|aligned_aa460|pident69.565,HCV,3a,100.0
FJ931545|geneNS5A|query1-1368|h77_aa1-448|extracted_nt1368|aligned_aa460|pident69.565,HCV,3a,100.0
FJ931552|geneNS5A|query1-1368|h77_aa1-447|extracted_nt1368|aligned_aa458|pident69.214,HCV,3a,100.0
FJ931538|geneNS5A|query1-1368|h77_aa1-448|extracted_nt1368|aligned_aa460|pident68.913,HCV,3a,100.0
FJ931540|geneNS5A|query1-1368|h77_aa1-448|extracted_nt1368|aligned_aa460|pident69.130,HCV,3a,100.0
FJ931562|geneNS5A|query1-1368|h77_aa1-448|extracted_nt1368|aligned_aa459|pident69.063,HCV,3a,100.0
FJ931559|geneNS5A|query1-1368|h77_aa1-448|extracted_nt1368|aligned_aa459|pident65.359,HCV,3a,100.0
FJ931560|geneNS5A|query1-1368|h77_aa1-448|extracted_nt1368|aligned_aa460|pident69.130,HCV,3a,100.0
FJ931563|geneNS5A|query1-1368|h77_aa1-448|extracted_nt1368|aligned_aa460|pident68.261,HCV,3a,100.0
FJ931558|geneNS5A|query1-1368|h77_aa1-448|extracted_nt1368|aligned_aa460|pident69.565,HCV,3a,100.0
FJ896368|geneNS5A|query1-1344|h77_aa1-448|extracted_nt1344|aligned_aa448|pident95.982,HCV,1a,100.0
FJ931566|geneNS5A|query1-1368|h77_aa1-448|extracted_nt1368|aligned_aa460|pident69.130,HCV,3a,100.0
FJ931557|geneNS5A|query1-1368|h77_aa1-448|extracted_nt1368|aligned_aa460|pident64.348,HCV,3a,100.0
FJ931571|geneNS5A|query1-1368|h77_aa1-448|extracted_nt1368|aligned_aa460|pident68.696,HCV,3a,100.0
FJ931573|geneNS5A|query1-1329|h77_aa1-434|extracted_nt1329|aligned_aa446|pident71.076,HCV,3a,100.0
FJ931574|geneNS5A|query1-1368|h77_aa1-448|extracted_nt1368|aligned_aa459|pident69.281,HCV,3a,100.0
FJ931576|geneNS5A|query1-1368|h77_aa1-448|extracted_nt1368|aligned_aa460|pident68.043,HCV,3a,100.0
FJ931577|geneNS5A|query1-1368|h77_aa1-448|extracted_nt1368|aligned_aa459|pident67.102,HCV,3a,100.0
FJ931569|geneNS5A|query1-1368|h77_aa1-448|extracted_nt1368|aligned_aa460|pident69.348,HCV,3a,100.0
FJ931586|geneNS5A|query1-1368|h77_aa1-448|extracted_nt1368|aligned_aa460|pident64.348,HCV,3a,100.0
FJ931578|geneNS5A|query1-1368|h77_aa1-448|extracted_nt1368|aligned_aa460|pident68.913,HCV,3a,100.0
FJ931584|geneNS5A|query1-1368|h77_aa1-448|extracted_nt1368|aligned_aa459|pident66.231,HCV,3a,100.0
FJ931587|geneNS5A|query1-1368|h77_aa1-448|extracted_nt1368|aligned_aa459|pident69.063,HCV,3a,100.0
FJ931589|geneNS5A|query1-1368|h77_aa1-448|extracted_nt1368|aligned_aa459|pident61.438,HCV,3a,100.0
FJ931588|geneNS5A|query1-1368|h77_aa1-448|extracted_nt1368|aligned_aa457|pident68.709,HCV,3a,100.0
FJ931591|geneNS5A|query1-1368|h77_aa1-448|extracted_nt1368|aligned_aa460|pident69.348,HCV,3a,100.0
FJ931593|geneNS5A|query1-1368|h77_aa1-448|extracted_nt1368|aligned_aa459|pident64.706,HCV,3a,100.0
FJ931590|geneNS5A|query1-1368|h77_aa1-448|extracted_nt1368|aligned_aa459|pident69.499,HCV,3a,100.0
FJ931580|geneNS5A|query1-1368|h77_aa1-448|extracted_nt1368|aligned_aa460|pident63.043,HCV,3a,100.0
FJ931600|geneNS5A|query1-1368|h77_aa1-448|extracted_nt1368|aligned_aa460|pident69.130,HCV,3a,100.0
FJ931596|geneNS5A|query1-1368|h77_aa1-448|extracted_nt1368|aligned_aa459|pident69.063,HCV,3a,100.0
FJ931608|geneNS5A|query1-1368|h77_aa1-448|extracted_nt1368|aligned_aa460|pident69.565,HCV,3a,100.0
FJ931605|geneNS5A|query1-1368|h77_aa1-448|extracted_nt1368|aligned_aa460|pident69.783,HCV,3a,100.0
FJ932274|geneNS5A|query1-1320|h77_aa1-440|extracted_nt1320|aligned_aa440|pident92.727,HCV,1a,100.0
FJ931592|geneNS5A|query1-1368|h77_aa1-448|extracted_nt1368|aligned_aa460|pident69.348,HCV,3a,100.0
FJ932283|geneNS5A|query1-1344|h77_aa1-448|extracted_nt1344|aligned_aa448|pident91.741,HCV,1a,100.0
FJ931551|geneNS5A|query1-1368|h77_aa1-448|extracted_nt1368|aligned_aa460|pident61.739,HCV,3a,100.0
FJ932294|geneNS5A|query1-642|h77_aa1-214|extracted_nt642|aligned_aa214|pident96.262,HCV,1a,100.0
FJ932284|geneNS5A|query1-642|h77_aa1-214|extracted_nt642|aligned_aa214|pident95.794,HCV,1a,100.0
FJ932290|geneNS5A|query1-645|h77_aa1-215|extracted_nt645|aligned_aa215|pident96.279,HCV,1a,100.0
FJ932287|geneNS5A|query1-1344|h77_aa1-448|extracted_nt1344|aligned_aa448|pident93.750,HCV,1a,100.0
FJ932289|geneNS5A|query1-1320|h77_aa1-440|extracted_nt1320|aligned_aa440|pident93.182,HCV,1a,100.0
FJ932304|geneNS5A|query1-1269|h77_aa1-423|extracted_nt1269|aligned_aa423|pident94.563,HCV,1a,100.0
FJ932308|geneNS5A|query1-1287|h77_aa1-429|extracted_nt1287|aligned_aa429|pident94.872,HCV,1a,100.0
FJ932306|geneNS5A|query1-1278|h77_aa1-426|extracted_nt1278|aligned_aa426|pident94.131,HCV,1a,100.0
FJ932300|geneNS5A|query1-1227|h77_aa1-409|extracted_nt1227|aligned_aa409|pident94.621,HCV,1a,100.0
FJ932293|geneNS5A|query1-1329|h77_aa1-443|extracted_nt1329|aligned_aa443|pident93.002,HCV,1a,100.0
FJ932295|geneNS5A|query1-645|h77_aa1-215|extracted_nt645|aligned_aa215|pident95.814,HCV,1a,100.0
FJ932311|geneNS5A|query1-1314|h77_aa1-438|extracted_nt1314|aligned_aa438|pident95.890,HCV,1a,100.0
FJ932305|geneNS5A|query1-1344|h77_aa1-448|extracted_nt1344|aligned_aa448|pident91.964,HCV,1a,100.0
FJ932298|geneNS5A|query1-1314|h77_aa1-438|extracted_nt1314|aligned_aa438|pident93.836,HCV,1a,100.0
FJ932318|geneNS5A|query1-1293|h77_aa1-431|extracted_nt1293|aligned_aa431|pident93.968,HCV,1a,100.0
FJ932317|geneNS5A|query1-1344|h77_aa1-448|extracted_nt1344|aligned_aa448|pident91.964,HCV,1a,100.0
FJ932320|geneNS5A|query1-1344|h77_aa1-448|extracted_nt1344|aligned_aa448|pident89.062,HCV,1a,100.0
FJ932310|geneNS5A|query1-1344|h77_aa1-448|extracted_nt1344|aligned_aa448|pident95.759,HCV,1a,100.0
FJ932325|geneNS5A|query1-1311|h77_aa1-437|extracted_nt1311|aligned_aa437|pident95.652,HCV,1a,100.0
FJ932330|geneNS5A|query1-1344|h77_aa1-448|extracted_nt1344|aligned_aa448|pident93.527,HCV,1a,100.0
FJ932332|geneNS5A|query1-1344|h77_aa1-448|extracted_nt1344|aligned_aa448|pident93.973,HCV,1a,100.0
FJ932326|geneNS5A|query1-1314|h77_aa1-438|extracted_nt1314|aligned_aa438|pident92.922,HCV,1a,100.0
FJ932347|geneNS5A|query1-1302|h77_aa1-434|extracted_nt1302|aligned_aa434|pident93.318,HCV,1a,100.0
FJ932344|geneNS5A|query1-1302|h77_aa1-434|extracted_nt1302|aligned_aa434|pident95.622,HCV,1a,100.0
FJ932342|geneNS5A|query1-1344|h77_aa1-448|extracted_nt1344|aligned_aa448|pident93.527,HCV,1a,100.0
FJ932335|geneNS5A|query1-1344|h77_aa1-448|extracted_nt1344|aligned_aa448|pident95.536,HCV,1a,100.0
FJ932356|geneNS5A|query1-1344|h77_aa1-448|extracted_nt1344|aligned_aa448|pident94.643,HCV,1a,100.0
FJ462433|geneNS5A|query6261-7586|h77_aa3-448|extracted_nt1326|aligned_aa449|pident72.606,HCV,4m,100.0
FJ462431|geneNS5A|query6263-7588|h77_aa3-448|extracted_nt1326|aligned_aa449|pident73.274,HCV,4p,100.0
FJ462436|geneNS5A|query6260-7633|h77_aa2-448|extracted_nt1374|aligned_aa466|pident69.742,HCV,4c,100.0
FJ462437|geneNS5A|query6260-7585|h77_aa3-448|extracted_nt1326|aligned_aa449|pident73.274,HCV,4d,100.0
FJ462435|geneNS5A|query6263-7600|h77_aa3-448|extracted_nt1338|aligned_aa449|pident73.942,HCV,4b,100.0
FJ462441|geneNS5A|query6266-7591|h77_aa3-448|extracted_nt1326|aligned_aa449|pident73.719,HCV,4n,100.0
FJ462432|geneNS5A|query6255-7592|h77_aa3-448|extracted_nt1338|aligned_aa449|pident77.060,HCV,4g,100.0
FJ896266|geneNS5A|query1-1344|h77_aa1-448|extracted_nt1344|aligned_aa448|pident96.652,HCV,1a,100.0
FJ896267|geneNS5A|query1-1344|h77_aa1-448|extracted_nt1344|aligned_aa448|pident96.652,HCV,1a,100.0
FJ896264|geneNS5A|query1-1344|h77_aa1-448|extracted_nt1344|aligned_aa448|pident96.652,HCV,1a,100.0
FJ896270|geneNS5A|query1-1344|h77_aa1-448|extracted_nt1344|aligned_aa448|pident95.759,HCV,1a,100.0
FJ896271|geneNS5A|query1-1344|h77_aa1-448|extracted_nt1344|aligned_aa448|pident94.420,HCV,1a,100.0
FJ839869|geneNS5A|query6263-7588|h77_aa3-448|extracted_nt1326|aligned_aa449|pident71.492,HCV,4t,100.0
FJ896275|geneNS5A|query1-1344|h77_aa1-448|extracted_nt1344|aligned_aa448|pident94.866,HCV,1a,100.0
FJ896292|geneNS5A|query1-1344|h77_aa1-448|extracted_nt1344|aligned_aa448|pident95.312,HCV,1a,100.0
FJ896295|geneNS5A|query1-1344|h77_aa1-448|extracted_nt1344|aligned_aa448|pident94.643,HCV,1a,100.0
FJ896301|geneNS5A|query1-1344|h77_aa1-448|extracted_nt1344|aligned_aa448|pident93.973,HCV,1a,100.0
FJ896311|geneNS5A|query1-1344|h77_aa1-448|extracted_nt1344|aligned_aa448|pident94.196,HCV,1a,100.0
FJ896316|geneNS5A|query1-1344|h77_aa1-448|extracted_nt1344|aligned_aa448|pident95.982,HCV,1a,100.0
FJ896321|geneNS5A|query1-1344|h77_aa1-448|extracted_nt1344|aligned_aa448|pident95.759,HCV,1a,100.0
FJ896334|geneNS5A|query1-1344|h77_aa1-448|extracted_nt1344|aligned_aa448|pident94.866,HCV,1a,100.0
FJ896339|geneNS5A|query1-1344|h77_aa1-448|extracted_nt1344|aligned_aa448|pident93.527,HCV,1a,100.0
FJ896343|geneNS5A|query1-1344|h77_aa1-448|extracted_nt1344|aligned_aa448|pident96.205,HCV,1a,100.0
FJ896345|geneNS5A|query1-1344|h77_aa1-448|extracted_nt1344|aligned_aa448|pident96.205,HCV,1a,100.0
FJ896348|geneNS5A|query1-1344|h77_aa1-448|extracted_nt1344|aligned_aa448|pident95.089,HCV,1a,100.0
FJ896325|geneNS5A|query1-1344|h77_aa1-448|extracted_nt1344|aligned_aa448|pident94.196,HCV,1a,100.0
FJ896350|geneNS5A|query1-1344|h77_aa1-448|extracted_nt1344|aligned_aa448|pident95.089,HCV,1a,100.0
FJ896358|geneNS5A|query1-1344|h77_aa1-448|extracted_nt1344|aligned_aa448|pident93.973,HCV,1a,100.0
FJ896355|geneNS5A|query1-1344|h77_aa1-448|extracted_nt1344|aligned_aa448|pident95.536,HCV,1a,100.0
FJ896354|geneNS5A|query1-1344|h77_aa1-448|extracted_nt1344|aligned_aa448|pident95.759,HCV,1a,100.0
FJ896338|geneNS5A|query1-1344|h77_aa1-448|extracted_nt1344|aligned_aa448|pident93.527,HCV,1a,100.0
FJ896359|geneNS5A|query1-1344|h77_aa1-448|extracted_nt1344|aligned_aa448|pident93.750,HCV,1a,100.0
FJ896340|geneNS5A|query1-1344|h77_aa1-448|extracted_nt1344|aligned_aa448|pident93.527,HCV,1a,100.0
FJ896352|geneNS5A|query1-1344|h77_aa1-448|extracted_nt1344|aligned_aa448|pident95.536,HCV,1a,100.0
FJ896349|geneNS5A|query1-1344|h77_aa1-448|extracted_nt1344|aligned_aa448|pident95.089,HCV,1a,100.0
FJ896365|geneNS5A|query1-1344|h77_aa1-448|extracted_nt1344|aligned_aa448|pident94.643,HCV,1a,100.0
FJ896362|geneNS5A|query1-1344|h77_aa1-448|extracted_nt1344|aligned_aa448|pident93.973,HCV,1a,100.0
FJ896357|geneNS5A|query1-1344|h77_aa1-448|extracted_nt1344|aligned_aa448|pident94.196,HCV,1a,100.0
FJ896356|geneNS5A|query1-1344|h77_aa1-448|extracted_nt1344|aligned_aa448|pident94.196,HCV,1a,100.0
FJ896366|geneNS5A|query1-1344|h77_aa1-448|extracted_nt1344|aligned_aa448|pident94.420,HCV,1a,100.0
FJ896341|geneNS5A|query1-1344|h77_aa1-448|extracted_nt1344|aligned_aa448|pident96.429,HCV,1a,100.0
FJ931539|geneNS5A|query1-1368|h77_aa1-448|extracted_nt1368|aligned_aa459|pident69.281,HCV,3a,100.0
FJ896363|geneNS5A|query1-1344|h77_aa1-448|extracted_nt1344|aligned_aa448|pident94.866,HCV,1a,100.0
FJ931546|geneNS5A|query1-1368|h77_aa1-448|extracted_nt1368|aligned_aa461|pident67.679,HCV,3a,100.0
FJ931543|geneNS5A|query1-1368|h77_aa1-448|extracted_nt1368|aligned_aa459|pident69.499,HCV,3a,100.0
FJ931547|geneNS5A|query1-1368|h77_aa1-448|extracted_nt1368|aligned_aa459|pident65.359,HCV,3a,100.0
FJ896361|geneNS5A|query1-1344|h77_aa1-448|extracted_nt1344|aligned_aa448|pident93.973,HCV,1a,100.0
FJ931544|geneNS5A|query1-1338|h77_aa1-437|extracted_nt1338|aligned_aa448|pident70.536,HCV,3a,100.0
FJ931553|geneNS5A|query1-1368|h77_aa1-448|extracted_nt1368|aligned_aa460|pident69.130,HCV,3a,100.0
FJ931556|geneNS5A|query1-1368|h77_aa1-448|extracted_nt1368|aligned_aa459|pident65.577,HCV,3a,100.0
FJ896364|geneNS5A|query1-1344|h77_aa1-448|extracted_nt1344|aligned_aa448|pident94.866,HCV,1a,100.0
FJ931554|geneNS5A|query1-1368|h77_aa1-448|extracted_nt1368|aligned_aa459|pident66.667,HCV,3a,100.0
FJ931575|geneNS5A|query1-1368|h77_aa1-448|extracted_nt1368|aligned_aa459|pident69.063,HCV,3a,100.0
FJ931568|geneNS5A|query1-1368|h77_aa1-448|extracted_nt1368|aligned_aa459|pident68.410,HCV,3a,100.0
FJ931581|geneNS5A|query1-1368|h77_aa1-448|extracted_nt1368|aligned_aa460|pident64.565,HCV,3a,100.0
FJ931582|geneNS5A|query1-1368|h77_aa1-448|extracted_nt1368|aligned_aa459|pident62.963,HCV,3a,100.0
FJ931579|geneNS5A|query1-1368|h77_aa1-448|extracted_nt1368|aligned_aa460|pident68.913,HCV,3a,100.0
FJ931583|geneNS5A|query1-1368|h77_aa1-448|extracted_nt1368|aligned_aa460|pident65.217,HCV,3a,100.0
FJ931572|geneNS5A|query1-1368|h77_aa1-448|extracted_nt1368|aligned_aa459|pident69.499,HCV,3a,100.0
FJ931585|geneNS5A|query1-1368|h77_aa1-448|extracted_nt1368|aligned_aa459|pident66.449,HCV,3a,100.0
FJ931597|geneNS5A|query1-1368|h77_aa1-448|extracted_nt1368|aligned_aa460|pident69.130,HCV,3a,100.0
FJ931599|geneNS5A|query1-1368|h77_aa1-448|extracted_nt1368|aligned_aa460|pident69.130,HCV,3a,100.0
FJ931598|geneNS5A|query1-1368|h77_aa1-448|extracted_nt1368|aligned_aa459|pident69.281,HCV,3a,100.0
FJ931594|geneNS5A|query1-1368|h77_aa1-448|extracted_nt1368|aligned_aa460|pident64.348,HCV,3a,100.0
FJ931603|geneNS5A|query1-1368|h77_aa1-448|extracted_nt1368|aligned_aa459|pident69.717,HCV,3a,100.0
FJ931601|geneNS5A|query1-1368|h77_aa1-448|extracted_nt1368|aligned_aa459|pident69.063,HCV,3a,100.0
FJ931595|geneNS5A|query1-1368|h77_aa1-448|extracted_nt1368|aligned_aa460|pident68.913,HCV,3a,100.0
FJ932276|geneNS5A|query1-642|h77_aa1-214|extracted_nt642|aligned_aa214|pident93.925,HCV,1a,100.0
FJ931604|geneNS5A|query1-1368|h77_aa1-448|extracted_nt1368|aligned_aa459|pident68.192,HCV,3a,100.0
FJ932277|geneNS5A|query1-642|h77_aa1-214|extracted_nt642|aligned_aa214|pident93.458,HCV,1a,100.0
FJ931609|geneNS5A|query1-1368|h77_aa1-448|extracted_nt1368|aligned_aa459|pident69.717,HCV,3a,100.0
FJ931607|geneNS5A|query1-1368|h77_aa1-448|extracted_nt1368|aligned_aa460|pident68.913,HCV,3a,100.0
FJ932278|geneNS5A|query1-1344|h77_aa1-448|extracted_nt1344|aligned_aa448|pident91.741,HCV,1a,100.0
FJ932282|geneNS5A|query1-1254|h77_aa1-418|extracted_nt1254|aligned_aa418|pident89.713,HCV,1a,100.0
FJ932285|geneNS5A|query1-1344|h77_aa1-448|extracted_nt1344|aligned_aa448|pident92.411,HCV,1a,100.0
FJ932281|geneNS5A|query1-1344|h77_aa1-448|extracted_nt1344|aligned_aa448|pident90.848,HCV,1a,100.0
FJ932279|geneNS5A|query1-1314|h77_aa1-438|extracted_nt1314|aligned_aa438|pident94.292,HCV,1a,100.0
FJ931606|geneNS5A|query1-1368|h77_aa1-448|extracted_nt1368|aligned_aa459|pident67.974,HCV,3a,100.0
FJ932292|geneNS5A|query1-1314|h77_aa1-438|extracted_nt1314|aligned_aa438|pident92.922,HCV,1a,100.0
FJ932286|geneNS5A|query1-1344|h77_aa1-448|extracted_nt1344|aligned_aa448|pident93.750,HCV,1a,100.0
FJ932301|geneNS5A|query1-1266|h77_aa1-422|extracted_nt1266|aligned_aa422|pident95.735,HCV,1a,100.0
FJ932299|geneNS5A|query1-1344|h77_aa1-448|extracted_nt1344|aligned_aa448|pident93.304,HCV,1a,100.0
FJ932303|geneNS5A|query1-1320|h77_aa1-440|extracted_nt1320|aligned_aa440|pident93.182,HCV,1a,100.0
FJ932291|geneNS5A|query1-1344|h77_aa1-448|extracted_nt1344|aligned_aa448|pident93.527,HCV,1a,100.0
FJ932302|geneNS5A|query1-1344|h77_aa1-448|extracted_nt1344|aligned_aa448|pident87.277,HCV,1a,100.0
FJ932322|geneNS5A|query1-1314|h77_aa1-438|extracted_nt1314|aligned_aa438|pident94.064,HCV,1a,100.0
FJ932315|geneNS5A|query1-1305|h77_aa1-435|extracted_nt1305|aligned_aa435|pident96.552,HCV,1a,100.0
FJ932313|geneNS5A|query1-1344|h77_aa1-448|extracted_nt1344|aligned_aa448|pident92.188,HCV,1a,100.0
FJ932316|geneNS5A|query1-1344|h77_aa1-448|extracted_nt1344|aligned_aa448|pident92.857,HCV,1a,100.0
FJ932324|geneNS5A|query1-1311|h77_aa1-437|extracted_nt1311|aligned_aa437|pident94.508,HCV,1a,100.0
FJ932321|geneNS5A|query1-1188|h77_aa1-396|extracted_nt1188|aligned_aa396|pident95.202,HCV,1a,100.0
FJ932328|geneNS5A|query1-1344|h77_aa1-448|extracted_nt1344|aligned_aa448|pident94.643,HCV,1a,100.0
FJ932329|geneNS5A|query1-1344|h77_aa1-448|extracted_nt1344|aligned_aa448|pident92.188,HCV,1a,100.0
FJ932336|geneNS5A|query1-1344|h77_aa1-448|extracted_nt1344|aligned_aa448|pident93.527,HCV,1a,100.0
FJ932314|geneNS5A|query1-1275|h77_aa1-425|extracted_nt1275|aligned_aa425|pident93.412,HCV,1a,100.0
FJ932331|geneNS5A|query1-1344|h77_aa1-448|extracted_nt1344|aligned_aa448|pident94.643,HCV,1a,100.0
FJ932338|geneNS5A|query1-1344|h77_aa1-448|extracted_nt1344|aligned_aa448|pident92.634,HCV,1a,100.0
FJ932341|geneNS5A|query1-1311|h77_aa1-437|extracted_nt1311|aligned_aa437|pident93.364,HCV,1a,100.0
FJ932327|geneNS5A|query1-1311|h77_aa1-437|extracted_nt1311|aligned_aa437|pident95.652,HCV,1a,100.0
FJ932345|geneNS5A|query1-1329|h77_aa1-443|extracted_nt1329|aligned_aa443|pident92.325,HCV,1a,100.0
FJ932340|geneNS5A|query1-1344|h77_aa1-448|extracted_nt1344|aligned_aa448|pident94.196,HCV,1a,100.0
FJ932354|geneNS5A|query1-1344|h77_aa1-448|extracted_nt1344|aligned_aa448|pident93.080,HCV,1a,100.0
FJ932355|geneNS5A|query1-1344|h77_aa1-448|extracted_nt1344|aligned_aa448|pident92.634,HCV,1a,100.0
FJ518800|geneNS5A|query60-671|h77_aa1-204|extracted_nt612|aligned_aa204|pident81.863,HCV,1b,100.0
FJ518801|geneNS5A|query93-701|h77_aa1-203|extracted_nt609|aligned_aa203|pident96.552,HCV,1a,100.0
FJ932346|geneNS5A|query1-1344|h77_aa1-448|extracted_nt1344|aligned_aa448|pident93.527,HCV,1a,100.0
FJ932351|geneNS5A|query1-642|h77_aa1-214|extracted_nt642|aligned_aa214|pident93.458,HCV,1a,100.0
EU826347|geneNS5A|query1-1356|h77_aa1-448|extracted_nt1356|aligned_aa455|pident70.549,HCV,3a,100.0
EU826351|geneNS5A|query1-1356|h77_aa1-448|extracted_nt1356|aligned_aa455|pident70.769,HCV,3a,100.0
EU826348|geneNS5A|query1-1356|h77_aa1-448|extracted_nt1356|aligned_aa455|pident70.110,HCV,3a,100.0
EU826350|geneNS5A|query1-1356|h77_aa1-448|extracted_nt1356|aligned_aa455|pident70.549,HCV,3a,100.0
EU826346|geneNS5A|query1-1356|h77_aa1-448|extracted_nt1356|aligned_aa455|pident70.330,HCV,3a,100.0
EU826349|geneNS5A|query1-1356|h77_aa1-448|extracted_nt1356|aligned_aa455|pident70.769,HCV,3a,100.0
FJ024274|geneNS5A|query6111-7454|h77_aa1-448|extracted_nt1344|aligned_aa448|pident93.973,HCV,1a,100.0
EU826352|geneNS5A|query1-1356|h77_aa1-448|extracted_nt1356|aligned_aa455|pident69.890,HCV,3a,100.0
EU934905|geneNS5A|query70-684|h77_aa1-205|extracted_nt615|aligned_aa205|pident95.610,HCV,1a,100.0
OM312455|geneNS5A|query1-639|h77_aa1-213|extracted_nt639|aligned_aa213|pident95.775,HCV,1a,100.0
OM312469|geneNS5A|query1-639|h77_aa1-213|extracted_nt639|aligned_aa213|pident96.244,HCV,1a,100.0
OM312459|geneNS5A|query1-639|h77_aa1-213|extracted_nt639|aligned_aa213|pident96.714,HCV,1a,100.0
OM312460|geneNS5A|query1-639|h77_aa1-213|extracted_nt639|aligned_aa213|pident95.305,HCV,1a,100.0
GQ356213|geneNS5A|query5935-7290|h77_aa1-448|extracted_nt1356|aligned_aa456|pident70.395,HCV,3a,100.0
GQ356205|geneNS5A|query5935-7290|h77_aa1-448|extracted_nt1356|aligned_aa455|pident69.890,HCV,3a,100.0
GQ913869|geneNS5A|query1-1341|h77_aa1-448|extracted_nt1341|aligned_aa448|pident80.134,HCV,1b,100.0
GQ913866|geneNS5A|query1-1344|h77_aa1-448|extracted_nt1344|aligned_aa448|pident94.866,HCV,1a,100.0
GQ913865|geneNS5A|query1-1344|h77_aa1-448|extracted_nt1344|aligned_aa448|pident94.196,HCV,1a,100.0
GQ913870|geneNS5A|query1-1341|h77_aa1-448|extracted_nt1341|aligned_aa449|pident80.846,HCV,1b,100.0
GQ913872|geneNS5A|query1-1341|h77_aa1-448|extracted_nt1341|aligned_aa449|pident80.401,HCV,1b,100.0
GQ913874|geneNS5A|query1-1344|h77_aa1-448|extracted_nt1344|aligned_aa449|pident76.837,HCV,1b,100.0
OM312365|geneNS5A|query1-636|h77_aa1-212|extracted_nt636|aligned_aa212|pident96.226,HCV,1a,100.0
OM312380|geneNS5A|query1-639|h77_aa1-213|extracted_nt639|aligned_aa213|pident95.305,HCV,1a,100.0
OM312396|geneNS5A|query1-639|h77_aa1-213|extracted_nt639|aligned_aa213|pident94.836,HCV,1a,100.0
OM312392|geneNS5A|query1-639|h77_aa1-213|extracted_nt639|aligned_aa213|pident95.775,HCV,1a,100.0
OM312397|geneNS5A|query1-639|h77_aa1-213|extracted_nt639|aligned_aa213|pident94.836,HCV,1a,100.0
OM312431|geneNS5A|query1-639|h77_aa1-213|extracted_nt639|aligned_aa213|pident95.775,HCV,1a,100.0
OM312433|geneNS5A|query1-639|h77_aa1-213|extracted_nt639|aligned_aa213|pident95.775,HCV,1a,100.0
OM312407|geneNS5A|query1-639|h77_aa1-213|extracted_nt639|aligned_aa213|pident96.244,HCV,1a,100.0
OM312516|geneNS5A|query1-639|h77_aa1-213|extracted_nt639|aligned_aa213|pident82.629,HCV,1b,100.0
OM312526|geneNS5A|query1-636|h77_aa1-212|extracted_nt636|aligned_aa212|pident82.075,HCV,1b,100.0
OM312523|geneNS5A|query1-636|h77_aa1-212|extracted_nt636|aligned_aa212|pident81.132,HCV,1b,100.0
OM312557|geneNS5A|query1-636|h77_aa1-212|extracted_nt636|aligned_aa212|pident76.887,HCV,3a,100.0
OM312559|geneNS5A|query1-636|h77_aa1-212|extracted_nt636|aligned_aa212|pident75.943,HCV,3a,100.0
OM312563|geneNS5A|query1-636|h77_aa1-212|extracted_nt636|aligned_aa212|pident75.472,HCV,3a,100.0
OM312602|geneNS5A|query1-636|h77_aa1-212|extracted_nt636|aligned_aa212|pident75.472,HCV,3a,100.0
OM312622|geneNS5A|query1-636|h77_aa1-212|extracted_nt636|aligned_aa212|pident76.887,HCV,3a,100.0
OM312578|geneNS5A|query1-636|h77_aa1-212|extracted_nt636|aligned_aa212|pident75.943,HCV,3a,100.0
OM312623|geneNS5A|query1-639|h77_aa1-213|extracted_nt639|aligned_aa213|pident76.056,HCV,3a,100.0
OM312662|geneNS5A|query1-636|h77_aa1-212|extracted_nt636|aligned_aa212|pident75.472,HCV,3a,100.0
OM312643|geneNS5A|query1-636|h77_aa1-212|extracted_nt636|aligned_aa212|pident74.057,HCV,3a,100.0
OM312664|geneNS5A|query1-636|h77_aa1-212|extracted_nt636|aligned_aa212|pident76.887,HCV,3a,100.0
OM312661|geneNS5A|query1-636|h77_aa1-212|extracted_nt636|aligned_aa212|pident75.472,HCV,3a,100.0
OM312663|geneNS5A|query1-636|h77_aa1-212|extracted_nt636|aligned_aa212|pident75.943,HCV,3a,100.0
FN666428|geneNS5A|query6242-7639|h77_aa1-448|extracted_nt1398|aligned_aa472|pident59.958,HCV,2q,100.0
GQ356215|geneNS5A|query5935-7290|h77_aa1-448|extracted_nt1356|aligned_aa456|pident69.518,HCV,3a,100.0
GQ356216|geneNS5A|query5935-7290|h77_aa1-448|extracted_nt1356|aligned_aa455|pident69.670,HCV,3a,100.0
GQ913873|geneNS5A|query1-1341|h77_aa1-448|extracted_nt1341|aligned_aa449|pident78.174,HCV,1b,100.0
OM312370|geneNS5A|query1-639|h77_aa1-213|extracted_nt639|aligned_aa213|pident94.836,HCV,1a,100.0
OM312388|geneNS5A|query1-639|h77_aa1-213|extracted_nt639|aligned_aa213|pident94.836,HCV,1a,100.0
OM312413|geneNS5A|query1-636|h77_aa1-212|extracted_nt636|aligned_aa212|pident93.868,HCV,1a,100.0
OM312411|geneNS5A|query1-639|h77_aa1-213|extracted_nt639|aligned_aa213|pident97.653,HCV,1a,100.0
OM312422|geneNS5A|query4-639|h77_aa2-213|extracted_nt636|aligned_aa212|pident96.698,HCV,1a,100.0
OM312424|geneNS5A|query1-639|h77_aa1-213|extracted_nt639|aligned_aa213|pident95.305,HCV,1a,100.0
OM312439|geneNS5A|query1-639|h77_aa1-213|extracted_nt639|aligned_aa213|pident97.183,HCV,1a,100.0
OM312448|geneNS5A|query1-639|h77_aa1-213|extracted_nt639|aligned_aa213|pident94.836,HCV,1a,100.0
OM312410|geneNS5A|query1-639|h77_aa1-213|extracted_nt639|aligned_aa213|pident94.366,HCV,1a,100.0
OM312435|geneNS5A|query1-639|h77_aa1-213|extracted_nt639|aligned_aa213|pident97.183,HCV,1a,100.0
OM312465|geneNS5A|query1-639|h77_aa1-213|extracted_nt639|aligned_aa213|pident96.244,HCV,1a,100.0
OM312485|geneNS5A|query1-636|h77_aa1-212|extracted_nt636|aligned_aa212|pident82.547,HCV,1b,100.0
OM312535|geneNS5A|query1-636|h77_aa1-212|extracted_nt636|aligned_aa212|pident82.075,HCV,1b,100.0
OM312537|geneNS5A|query1-636|h77_aa1-212|extracted_nt636|aligned_aa212|pident83.019,HCV,1b,100.0
OM312544|geneNS5A|query1-636|h77_aa1-212|extracted_nt636|aligned_aa212|pident82.547,HCV,1b,100.0
OM312577|geneNS5A|query1-636|h77_aa1-212|extracted_nt636|aligned_aa212|pident75.943,HCV,3a,100.0
OM312579|geneNS5A|query1-636|h77_aa1-212|extracted_nt636|aligned_aa212|pident75.943,HCV,3a,100.0
OM312597|geneNS5A|query1-639|h77_aa1-213|extracted_nt639|aligned_aa213|pident76.056,HCV,3a,100.0
OM312653|geneNS5A|query1-633|h77_aa1-211|extracted_nt633|aligned_aa211|pident76.303,HCV,3a,100.0
OM312636|geneNS5A|query1-636|h77_aa1-212|extracted_nt636|aligned_aa212|pident75.472,HCV,3a,100.0
OM312654|geneNS5A|query1-636|h77_aa1-212|extracted_nt636|aligned_aa212|pident77.358,HCV,3a,100.0
OM312631|geneNS5A|query1-636|h77_aa1-212|extracted_nt636|aligned_aa212|pident75.943,HCV,3a,100.0
OM312660|geneNS5A|query1-636|h77_aa1-212|extracted_nt636|aligned_aa212|pident75.943,HCV,3a,100.0
JX022754|geneNS5A|query1-1341|h77_aa1-448|extracted_nt1341|aligned_aa449|pident80.178,HCV,1b,100.0
JX022757|geneNS5A|query1-1341|h77_aa1-448|extracted_nt1341|aligned_aa449|pident80.401,HCV,1b,100.0
JX022751|geneNS5A|query1-1341|h77_aa1-448|extracted_nt1341|aligned_aa448|pident80.580,HCV,1b,100.0
JX022753|geneNS5A|query1-1341|h77_aa1-448|extracted_nt1341|aligned_aa448|pident79.464,HCV,1b,100.0
JX022758|geneNS5A|query1-1341|h77_aa1-448|extracted_nt1341|aligned_aa448|pident80.804,HCV,1b,100.0
JX022762|geneNS5A|query1-1341|h77_aa1-448|extracted_nt1341|aligned_aa448|pident79.241,HCV,1b,100.0
JX022764|geneNS5A|query1-1341|h77_aa1-448|extracted_nt1341|aligned_aa448|pident81.027,HCV,1b,100.0
JX022756|geneNS5A|query1-1341|h77_aa1-448|extracted_nt1341|aligned_aa449|pident79.955,HCV,1b,100.0
JX022767|geneNS5A|query1-1341|h77_aa1-448|extracted_nt1341|aligned_aa448|pident79.241,HCV,1b,100.0
JX022775|geneNS5A|query1-1341|h77_aa1-448|extracted_nt1341|aligned_aa448|pident79.464,HCV,1b,100.0
JX022770|geneNS5A|query1-1341|h77_aa1-448|extracted_nt1341|aligned_aa448|pident80.134,HCV,1b,100.0
JX022766|geneNS5A|query1-1341|h77_aa1-448|extracted_nt1341|aligned_aa448|pident80.580,HCV,1b,100.0
JX022760|geneNS5A|query1-1341|h77_aa1-448|extracted_nt1341|aligned_aa448|pident80.134,HCV,1b,100.0
JX022771|geneNS5A|query1-1341|h77_aa1-448|extracted_nt1341|aligned_aa448|pident80.357,HCV,1b,100.0
JX022772|geneNS5A|query1-1341|h77_aa1-448|extracted_nt1341|aligned_aa448|pident80.134,HCV,1b,100.0
JX022774|geneNS5A|query1-1341|h77_aa1-448|extracted_nt1341|aligned_aa449|pident80.178,HCV,1b,100.0
JX022773|geneNS5A|query1-1341|h77_aa1-448|extracted_nt1341|aligned_aa450|pident79.556,HCV,1b,100.0
JX022765|geneNS5A|query1-1341|h77_aa1-448|extracted_nt1341|aligned_aa448|pident80.357,HCV,1b,100.0
JX022779|geneNS5A|query1-1341|h77_aa1-448|extracted_nt1341|aligned_aa448|pident79.911,HCV,1b,100.0
OM312475|geneNS5A|query1-636|h77_aa1-212|extracted_nt636|aligned_aa212|pident82.547,HCV,1b,100.0
OM312474|geneNS5A|query1-636|h77_aa1-212|extracted_nt636|aligned_aa212|pident82.075,HCV,1b,100.0
GQ356204|geneNS5A|query5935-7290|h77_aa1-448|extracted_nt1356|aligned_aa456|pident69.956,HCV,3a,100.0
GQ356211|geneNS5A|query5935-7290|h77_aa1-448|extracted_nt1356|aligned_aa455|pident70.330,HCV,3a,100.0
GQ356217|geneNS5A|query5935-7290|h77_aa1-448|extracted_nt1356|aligned_aa456|pident70.175,HCV,3a,100.0
GQ356212|geneNS5A|query5935-7290|h77_aa1-448|extracted_nt1356|aligned_aa455|pident69.011,HCV,3a,100.0
GQ356214|geneNS5A|query5935-7290|h77_aa1-448|extracted_nt1356|aligned_aa456|pident69.956,HCV,3a,100.0
GQ356209|geneNS5A|query5935-7290|h77_aa1-448|extracted_nt1356|aligned_aa455|pident70.110,HCV,3a,100.0
OM312368|geneNS5A|query1-639|h77_aa1-213|extracted_nt639|aligned_aa213|pident96.244,HCV,1a,100.0
OM312371|geneNS5A|query1-639|h77_aa1-213|extracted_nt639|aligned_aa213|pident95.775,HCV,1a,100.0
GQ913871|geneNS5A|query1-1341|h77_aa1-448|extracted_nt1341|aligned_aa449|pident80.846,HCV,1b,100.0
GQ913868|geneNS5A|query1-1341|h77_aa1-448|extracted_nt1341|aligned_aa449|pident80.624,HCV,1b,100.0
GQ913867|geneNS5A|query1-1344|h77_aa1-448|extracted_nt1344|aligned_aa448|pident93.973,HCV,1a,100.0
OM312402|geneNS5A|query1-639|h77_aa1-213|extracted_nt639|aligned_aa213|pident96.244,HCV,1a,100.0
OM312405|geneNS5A|query1-639|h77_aa1-213|extracted_nt639|aligned_aa213|pident95.775,HCV,1a,100.0
OM312406|geneNS5A|query1-639|h77_aa1-213|extracted_nt639|aligned_aa213|pident96.714,HCV,1a,100.0
OM312408|geneNS5A|query1-639|h77_aa1-213|extracted_nt639|aligned_aa213|pident94.836,HCV,1a,100.0
OM312414|geneNS5A|query1-639|h77_aa1-213|extracted_nt639|aligned_aa213|pident97.183,HCV,1a,100.0
OM312393|geneNS5A|query1-639|h77_aa1-213|extracted_nt639|aligned_aa213|pident96.244,HCV,1a,100.0
OM312409|geneNS5A|query1-639|h77_aa1-213|extracted_nt639|aligned_aa213|pident95.775,HCV,1a,100.0
OM312415|geneNS5A|query1-639|h77_aa1-213|extracted_nt639|aligned_aa213|pident94.366,HCV,1a,100.0
OM312401|geneNS5A|query1-639|h77_aa1-213|extracted_nt639|aligned_aa213|pident92.958,HCV,1a,100.0
OM312404|geneNS5A|query1-639|h77_aa1-213|extracted_nt639|aligned_aa213|pident97.183,HCV,1a,100.0
OM312421|geneNS5A|query1-639|h77_aa1-213|extracted_nt639|aligned_aa213|pident95.775,HCV,1a,100.0
OM312420|geneNS5A|query1-639|h77_aa1-213|extracted_nt639|aligned_aa213|pident97.653,HCV,1a,100.0
OM312428|geneNS5A|query1-639|h77_aa1-213|extracted_nt639|aligned_aa213|pident95.775,HCV,1a,100.0
OM312427|geneNS5A|query1-639|h77_aa1-213|extracted_nt639|aligned_aa213|pident95.775,HCV,1a,100.0
OM312434|geneNS5A|query1-639|h77_aa1-213|extracted_nt639|aligned_aa213|pident94.836,HCV,1a,100.0
OM312436|geneNS5A|query1-639|h77_aa1-213|extracted_nt639|aligned_aa213|pident96.714,HCV,1a,100.0
OM312426|geneNS5A|query1-636|h77_aa1-212|extracted_nt636|aligned_aa212|pident95.755,HCV,1a,100.0
OM312437|geneNS5A|query1-639|h77_aa1-213|extracted_nt639|aligned_aa213|pident96.714,HCV,1a,100.0
OM312438|geneNS5A|query1-639|h77_aa1-213|extracted_nt639|aligned_aa213|pident96.244,HCV,1a,100.0
OM312419|geneNS5A|query1-639|h77_aa1-213|extracted_nt639|aligned_aa213|pident95.775,HCV,1a,100.0
OM312440|geneNS5A|query1-639|h77_aa1-213|extracted_nt639|aligned_aa213|pident95.775,HCV,1a,100.0
OM312443|geneNS5A|query1-639|h77_aa1-213|extracted_nt639|aligned_aa213|pident96.244,HCV,1a,100.0
OM312447|geneNS5A|query1-639|h77_aa1-213|extracted_nt639|aligned_aa213|pident95.305,HCV,1a,100.0
OM312430|geneNS5A|query1-639|h77_aa1-213|extracted_nt639|aligned_aa213|pident96.714,HCV,1a,100.0
OM312445|geneNS5A|query1-639|h77_aa1-213|extracted_nt639|aligned_aa213|pident96.244,HCV,1a,100.0
OM312446|geneNS5A|query1-639|h77_aa1-213|extracted_nt639|aligned_aa213|pident91.080,HCV,1a,100.0
OM312441|geneNS5A|query1-639|h77_aa1-213|extracted_nt639|aligned_aa213|pident95.775,HCV,1a,100.0
OM312425|geneNS5A|query1-639|h77_aa1-213|extracted_nt639|aligned_aa213|pident95.305,HCV,1a,100.0
OM312451|geneNS5A|query1-639|h77_aa1-213|extracted_nt639|aligned_aa213|pident94.836,HCV,1a,100.0
OM312453|geneNS5A|query1-639|h77_aa1-213|extracted_nt639|aligned_aa213|pident95.775,HCV,1a,100.0
OM312454|geneNS5A|query1-639|h77_aa1-213|extracted_nt639|aligned_aa213|pident95.775,HCV,1a,100.0
OM312452|geneNS5A|query1-639|h77_aa1-213|extracted_nt639|aligned_aa213|pident96.244,HCV,1a,100.0
OM312456|geneNS5A|query1-639|h77_aa1-213|extracted_nt639|aligned_aa213|pident96.714,HCV,1a,100.0
OM312462|geneNS5A|query1-639|h77_aa1-213|extracted_nt639|aligned_aa213|pident95.775,HCV,1a,100.0
OM312461|geneNS5A|query1-639|h77_aa1-213|extracted_nt639|aligned_aa213|pident97.183,HCV,1a,100.0
OM312464|geneNS5A|query1-639|h77_aa1-213|extracted_nt639|aligned_aa213|pident94.366,HCV,1a,100.0
OM312466|geneNS5A|query1-639|h77_aa1-213|extracted_nt639|aligned_aa213|pident95.305,HCV,1a,100.0
OM312463|geneNS5A|query1-639|h77_aa1-213|extracted_nt639|aligned_aa213|pident94.836,HCV,1a,100.0
OM312468|geneNS5A|query1-639|h77_aa1-213|extracted_nt639|aligned_aa213|pident95.775,HCV,1a,100.0
OM312450|geneNS5A|query1-639|h77_aa1-213|extracted_nt639|aligned_aa213|pident93.897,HCV,1a,100.0
OM312449|geneNS5A|query1-639|h77_aa1-213|extracted_nt639|aligned_aa213|pident95.775,HCV,1a,100.0
OM312458|geneNS5A|query1-639|h77_aa1-213|extracted_nt639|aligned_aa213|pident97.183,HCV,1a,100.0
OM312542|geneNS5A|query1-636|h77_aa1-212|extracted_nt636|aligned_aa212|pident82.075,HCV,1b,100.0
OM312543|geneNS5A|query1-636|h77_aa1-212|extracted_nt636|aligned_aa212|pident83.491,HCV,1b,100.0
OM312533|geneNS5A|query1-636|h77_aa1-212|extracted_nt636|aligned_aa212|pident83.491,HCV,1b,100.0
OM312550|geneNS5A|query1-636|h77_aa1-212|extracted_nt636|aligned_aa212|pident81.604,HCV,1b,100.0
OM312547|geneNS5A|query1-636|h77_aa1-212|extracted_nt636|aligned_aa212|pident83.019,HCV,1b,100.0
OM312541|geneNS5A|query1-636|h77_aa1-212|extracted_nt636|aligned_aa212|pident82.547,HCV,1b,100.0
OM312560|geneNS5A|query1-636|h77_aa1-212|extracted_nt636|aligned_aa212|pident75.472,HCV,3a,100.0
OM312558|geneNS5A|query1-636|h77_aa1-212|extracted_nt636|aligned_aa212|pident75.943,HCV,3a,100.0
OM312564|geneNS5A|query1-636|h77_aa1-212|extracted_nt636|aligned_aa212|pident74.528,HCV,3a,100.0
OM312565|geneNS5A|query1-636|h77_aa1-212|extracted_nt636|aligned_aa212|pident76.415,HCV,3a,100.0
OM312569|geneNS5A|query1-636|h77_aa1-212|extracted_nt636|aligned_aa212|pident75.000,HCV,3a,100.0
OM312568|geneNS5A|query1-636|h77_aa1-212|extracted_nt636|aligned_aa212|pident75.472,HCV,3a,100.0
OM312540|geneNS5A|query1-636|h77_aa1-212|extracted_nt636|aligned_aa212|pident80.660,HCV,1b,100.0
OM312554|geneNS5A|query1-636|h77_aa1-212|extracted_nt636|aligned_aa212|pident75.943,HCV,3a,100.0
OM312556|geneNS5A|query1-636|h77_aa1-212|extracted_nt636|aligned_aa212|pident75.943,HCV,3a,100.0
OM312572|geneNS5A|query1-636|h77_aa1-212|extracted_nt636|aligned_aa212|pident75.943,HCV,3a,100.0
OM312561|geneNS5A|query1-636|h77_aa1-212|extracted_nt636|aligned_aa212|pident76.415,HCV,3a,100.0
OM312566|geneNS5A|query1-636|h77_aa1-212|extracted_nt636|aligned_aa212|pident75.472,HCV,3a,100.0
OM312575|geneNS5A|query1-636|h77_aa1-212|extracted_nt636|aligned_aa212|pident75.943,HCV,3a,100.0
OM312574|geneNS5A|query1-636|h77_aa1-212|extracted_nt636|aligned_aa212|pident75.472,HCV,3a,100.0
OM312567|geneNS5A|query1-636|h77_aa1-212|extracted_nt636|aligned_aa212|pident76.415,HCV,3a,100.0
OM312562|geneNS5A|query1-636|h77_aa1-212|extracted_nt636|aligned_aa212|pident74.057,HCV,3a,100.0
OM312581|geneNS5A|query1-636|h77_aa1-212|extracted_nt636|aligned_aa212|pident74.528,HCV,3a,100.0
OM312584|geneNS5A|query1-636|h77_aa1-212|extracted_nt636|aligned_aa212|pident77.358,HCV,3a,100.0
OM312583|geneNS5A|query1-636|h77_aa1-212|extracted_nt636|aligned_aa212|pident76.415,HCV,3a,100.0
OM312589|geneNS5A|query1-639|h77_aa1-213|extracted_nt639|aligned_aa213|pident75.587,HCV,3a,100.0
OM312588|geneNS5A|query1-636|h77_aa1-212|extracted_nt636|aligned_aa212|pident76.415,HCV,3a,100.0
OM312582|geneNS5A|query1-636|h77_aa1-212|extracted_nt636|aligned_aa212|pident75.472,HCV,3a,100.0
OM312591|geneNS5A|query1-636|h77_aa1-212|extracted_nt636|aligned_aa212|pident75.943,HCV,3a,100.0
OM312586|geneNS5A|query1-636|h77_aa1-212|extracted_nt636|aligned_aa212|pident75.472,HCV,3a,100.0
OM312585|geneNS5A|query1-636|h77_aa1-212|extracted_nt636|aligned_aa212|pident76.415,HCV,3a,100.0
OM312596|geneNS5A|query1-636|h77_aa1-212|extracted_nt636|aligned_aa212|pident76.415,HCV,3a,100.0
OM312598|geneNS5A|query1-636|h77_aa1-212|extracted_nt636|aligned_aa212|pident75.943,HCV,3a,100.0
OM312594|geneNS5A|query1-636|h77_aa1-212|extracted_nt636|aligned_aa212|pident76.887,HCV,3a,100.0
OM312590|geneNS5A|query1-636|h77_aa1-212|extracted_nt636|aligned_aa212|pident76.887,HCV,3a,100.0
OM312603|geneNS5A|query1-636|h77_aa1-212|extracted_nt636|aligned_aa212|pident77.358,HCV,3a,100.0
OM312599|geneNS5A|query1-636|h77_aa1-212|extracted_nt636|aligned_aa212|pident75.000,HCV,3a,100.0
OM312587|geneNS5A|query1-636|h77_aa1-212|extracted_nt636|aligned_aa212|pident75.472,HCV,3a,100.0
OM312607|geneNS5A|query1-636|h77_aa1-212|extracted_nt636|aligned_aa212|pident76.415,HCV,3a,100.0
OM312600|geneNS5A|query1-636|h77_aa1-212|extracted_nt636|aligned_aa212|pident74.528,HCV,3a,100.0
OM312592|geneNS5A|query1-636|h77_aa1-212|extracted_nt636|aligned_aa212|pident76.415,HCV,3a,100.0
OM312593|geneNS5A|query1-636|h77_aa1-212|extracted_nt636|aligned_aa212|pident75.943,HCV,3a,100.0
OM312611|geneNS5A|query1-636|h77_aa1-212|extracted_nt636|aligned_aa212|pident75.472,HCV,3a,100.0
OM312609|geneNS5A|query1-636|h77_aa1-212|extracted_nt636|aligned_aa212|pident77.358,HCV,3a,100.0
OM312613|geneNS5A|query1-636|h77_aa1-212|extracted_nt636|aligned_aa212|pident75.472,HCV,3a,100.0
OM312372|geneNS5A|query1-639|h77_aa1-213|extracted_nt639|aligned_aa213|pident95.775,HCV,1a,100.0
OM312374|geneNS5A|query1-639|h77_aa1-213|extracted_nt639|aligned_aa213|pident96.244,HCV,1a,100.0
OM312377|geneNS5A|query1-639|h77_aa1-213|extracted_nt639|aligned_aa213|pident94.836,HCV,1a,100.0
OM312373|geneNS5A|query1-639|h77_aa1-213|extracted_nt639|aligned_aa213|pident94.366,HCV,1a,100.0
OM312375|geneNS5A|query1-639|h77_aa1-213|extracted_nt639|aligned_aa213|pident96.244,HCV,1a,100.0
OM312378|geneNS5A|query1-639|h77_aa1-213|extracted_nt639|aligned_aa213|pident95.775,HCV,1a,100.0
OM312382|geneNS5A|query1-639|h77_aa1-213|extracted_nt639|aligned_aa213|pident92.488,HCV,1a,100.0
OM312383|geneNS5A|query1-639|h77_aa1-213|extracted_nt639|aligned_aa213|pident96.244,HCV,1a,100.0
OM312385|geneNS5A|query1-639|h77_aa1-213|extracted_nt639|aligned_aa213|pident96.244,HCV,1a,100.0
OM312367|geneNS5A|query1-636|h77_aa1-212|extracted_nt636|aligned_aa212|pident97.170,HCV,1a,100.0
OM312369|geneNS5A|query1-639|h77_aa1-213|extracted_nt639|aligned_aa213|pident96.714,HCV,1a,100.0
OM312389|geneNS5A|query1-639|h77_aa1-213|extracted_nt639|aligned_aa213|pident96.244,HCV,1a,100.0
OM312391|geneNS5A|query1-639|h77_aa1-213|extracted_nt639|aligned_aa213|pident95.775,HCV,1a,100.0
OM312395|geneNS5A|query1-639|h77_aa1-213|extracted_nt639|aligned_aa213|pident93.427,HCV,1a,100.0
OM312399|geneNS5A|query1-639|h77_aa1-213|extracted_nt639|aligned_aa213|pident96.244,HCV,1a,100.0
OM312400|geneNS5A|query1-639|h77_aa1-213|extracted_nt639|aligned_aa213|pident96.714,HCV,1a,100.0
OM312480|geneNS5A|query1-636|h77_aa1-212|extracted_nt636|aligned_aa212|pident83.962,HCV,1b,100.0
OM312484|geneNS5A|query1-639|h77_aa1-213|extracted_nt639|aligned_aa213|pident82.629,HCV,1b,100.0
OM312470|geneNS5A|query1-639|h77_aa1-213|extracted_nt639|aligned_aa213|pident93.897,HCV,1a,100.0
OM312471|geneNS5A|query1-639|h77_aa1-213|extracted_nt639|aligned_aa213|pident97.183,HCV,1a,100.0
OM312490|geneNS5A|query1-636|h77_aa1-212|extracted_nt636|aligned_aa212|pident81.132,HCV,1b,100.0
OM312483|geneNS5A|query1-636|h77_aa1-212|extracted_nt636|aligned_aa212|pident82.075,HCV,1b,100.0
OM312473|geneNS5A|query1-639|h77_aa1-213|extracted_nt639|aligned_aa213|pident95.775,HCV,1a,100.0
OM312479|geneNS5A|query1-636|h77_aa1-212|extracted_nt636|aligned_aa212|pident81.604,HCV,1b,100.0
OM312492|geneNS5A|query1-636|h77_aa1-212|extracted_nt636|aligned_aa212|pident81.604,HCV,1b,100.0
OM312495|geneNS5A|query1-636|h77_aa1-212|extracted_nt636|aligned_aa212|pident81.604,HCV,1b,100.0
OM312493|geneNS5A|query1-636|h77_aa1-212|extracted_nt636|aligned_aa212|pident82.075,HCV,1b,100.0
OM312489|geneNS5A|query1-639|h77_aa1-213|extracted_nt639|aligned_aa213|pident81.690,HCV,1b,100.0
OM312505|geneNS5A|query1-636|h77_aa1-212|extracted_nt636|aligned_aa212|pident82.075,HCV,1b,100.0
OM312501|geneNS5A|query1-636|h77_aa1-212|extracted_nt636|aligned_aa212|pident82.075,HCV,1b,100.0
OM312511|geneNS5A|query1-636|h77_aa1-212|extracted_nt636|aligned_aa212|pident82.547,HCV,1b,100.0
OM312507|geneNS5A|query1-636|h77_aa1-212|extracted_nt636|aligned_aa212|pident83.491,HCV,1b,100.0
OM312512|geneNS5A|query1-639|h77_aa1-213|extracted_nt639|aligned_aa213|pident81.690,HCV,1b,100.0
OM312500|geneNS5A|query1-636|h77_aa1-212|extracted_nt636|aligned_aa212|pident81.132,HCV,1b,100.0
OM312509|geneNS5A|query1-636|h77_aa1-212|extracted_nt636|aligned_aa212|pident82.547,HCV,1b,100.0
OM312514|geneNS5A|query1-636|h77_aa1-212|extracted_nt636|aligned_aa212|pident82.547,HCV,1b,100.0
OM312515|geneNS5A|query1-639|h77_aa1-213|extracted_nt639|aligned_aa213|pident81.221,HCV,1b,100.0
OM312497|geneNS5A|query1-636|h77_aa1-212|extracted_nt636|aligned_aa212|pident81.604,HCV,1b,100.0
OM312508|geneNS5A|query1-636|h77_aa1-212|extracted_nt636|aligned_aa212|pident82.547,HCV,1b,100.0
OM312517|geneNS5A|query1-636|h77_aa1-212|extracted_nt636|aligned_aa212|pident81.604,HCV,1b,100.0
OM312518|geneNS5A|query1-636|h77_aa1-212|extracted_nt636|aligned_aa212|pident82.547,HCV,1b,100.0
OM312519|geneNS5A|query1-636|h77_aa1-212|extracted_nt636|aligned_aa212|pident82.075,HCV,1b,100.0
OM312522|geneNS5A|query1-636|h77_aa1-212|extracted_nt636|aligned_aa212|pident82.075,HCV,1b,100.0
OM312510|geneNS5A|query1-636|h77_aa1-212|extracted_nt636|aligned_aa212|pident81.604,HCV,1b,100.0
OM312524|geneNS5A|query1-636|h77_aa1-212|extracted_nt636|aligned_aa212|pident83.962,HCV,1b,100.0
OM312528|geneNS5A|query1-636|h77_aa1-212|extracted_nt636|aligned_aa212|pident82.075,HCV,1b,100.0
OM312532|geneNS5A|query1-639|h77_aa1-213|extracted_nt639|aligned_aa213|pident81.690,HCV,1b,100.0
OM312531|geneNS5A|query1-636|h77_aa1-212|extracted_nt636|aligned_aa212|pident81.132,HCV,1b,100.0
OM312529|geneNS5A|query1-639|h77_aa1-213|extracted_nt639|aligned_aa213|pident80.751,HCV,1b,100.0
OM312530|geneNS5A|query1-636|h77_aa1-212|extracted_nt636|aligned_aa212|pident83.019,HCV,1b,100.0
OM312536|geneNS5A|query1-636|h77_aa1-212|extracted_nt636|aligned_aa212|pident81.604,HCV,1b,100.0
OM312527|geneNS5A|query1-636|h77_aa1-212|extracted_nt636|aligned_aa212|pident82.075,HCV,1b,100.0
OM312546|geneNS5A|query1-636|h77_aa1-212|extracted_nt636|aligned_aa212|pident82.075,HCV,1b,100.0
OM312545|geneNS5A|query1-636|h77_aa1-212|extracted_nt636|aligned_aa212|pident81.604,HCV,1b,100.0
OM312614|geneNS5A|query1-636|h77_aa1-212|extracted_nt636|aligned_aa212|pident76.887,HCV,3a,100.0
OM312616|geneNS5A|query1-636|h77_aa1-212|extracted_nt636|aligned_aa212|pident75.472,HCV,3a,100.0
OM312612|geneNS5A|query1-636|h77_aa1-212|extracted_nt636|aligned_aa212|pident74.528,HCV,3a,100.0
OM312604|geneNS5A|query1-636|h77_aa1-212|extracted_nt636|aligned_aa212|pident75.472,HCV,3a,100.0
OM312619|geneNS5A|query1-636|h77_aa1-212|extracted_nt636|aligned_aa212|pident75.943,HCV,3a,100.0
OM312618|geneNS5A|query1-636|h77_aa1-212|extracted_nt636|aligned_aa212|pident75.943,HCV,3a,100.0
OM312620|geneNS5A|query1-636|h77_aa1-212|extracted_nt636|aligned_aa212|pident76.415,HCV,3a,100.0
OM312625|geneNS5A|query1-636|h77_aa1-212|extracted_nt636|aligned_aa212|pident75.472,HCV,3a,100.0
OM312608|geneNS5A|query1-636|h77_aa1-212|extracted_nt636|aligned_aa212|pident75.000,HCV,3a,100.0
OM312626|geneNS5A|query1-636|h77_aa1-212|extracted_nt636|aligned_aa212|pident75.472,HCV,3a,100.0
OM312615|geneNS5A|query1-636|h77_aa1-212|extracted_nt636|aligned_aa212|pident75.943,HCV,3a,100.0
OM312627|geneNS5A|query1-636|h77_aa1-212|extracted_nt636|aligned_aa212|pident75.000,HCV,3a,100.0
OM312630|geneNS5A|query1-636|h77_aa1-212|extracted_nt636|aligned_aa212|pident75.943,HCV,3a,100.0
OM312632|geneNS5A|query1-636|h77_aa1-212|extracted_nt636|aligned_aa212|pident75.000,HCV,3a,100.0
OM312639|geneNS5A|query1-639|h77_aa1-213|extracted_nt639|aligned_aa213|pident76.526,HCV,3a,100.0
OM312642|geneNS5A|query1-636|h77_aa1-212|extracted_nt636|aligned_aa212|pident76.887,HCV,3a,100.0
OM312637|geneNS5A|query1-636|h77_aa1-212|extracted_nt636|aligned_aa212|pident75.943,HCV,3a,100.0
OM312635|geneNS5A|query1-636|h77_aa1-212|extracted_nt636|aligned_aa212|pident75.472,HCV,3a,100.0
OM312634|geneNS5A|query1-636|h77_aa1-212|extracted_nt636|aligned_aa212|pident75.472,HCV,3a,100.0
OM312645|geneNS5A|query1-636|h77_aa1-212|extracted_nt636|aligned_aa212|pident76.415,HCV,3a,100.0
OM312641|geneNS5A|query1-636|h77_aa1-212|extracted_nt636|aligned_aa212|pident75.000,HCV,3a,100.0
OM312629|geneNS5A|query1-636|h77_aa1-212|extracted_nt636|aligned_aa212|pident75.943,HCV,3a,100.0
OM312646|geneNS5A|query1-636|h77_aa1-212|extracted_nt636|aligned_aa212|pident75.472,HCV,3a,100.0
OM312638|geneNS5A|query1-636|h77_aa1-212|extracted_nt636|aligned_aa212|pident75.000,HCV,3a,100.0
OM312648|geneNS5A|query1-636|h77_aa1-212|extracted_nt636|aligned_aa212|pident76.887,HCV,3a,100.0
OM312649|geneNS5A|query1-636|h77_aa1-212|extracted_nt636|aligned_aa212|pident76.415,HCV,3a,100.0
OM312647|geneNS5A|query1-636|h77_aa1-212|extracted_nt636|aligned_aa212|pident76.887,HCV,3a,100.0
OM312633|geneNS5A|query1-636|h77_aa1-212|extracted_nt636|aligned_aa212|pident75.943,HCV,3a,100.0
OM312656|geneNS5A|query1-636|h77_aa1-212|extracted_nt636|aligned_aa212|pident76.887,HCV,3a,100.0
OM312651|geneNS5A|query1-639|h77_aa1-213|extracted_nt639|aligned_aa213|pident76.526,HCV,3a,100.0
OM312655|geneNS5A|query1-636|h77_aa1-212|extracted_nt636|aligned_aa212|pident75.472,HCV,3a,100.0
OM312657|geneNS5A|query1-639|h77_aa1-213|extracted_nt639|aligned_aa213|pident77.465,HCV,3a,100.0
JX022755|geneNS5A|query1-1341|h77_aa1-448|extracted_nt1341|aligned_aa449|pident79.287,HCV,1b,100.0
JX022763|geneNS5A|query1-1341|h77_aa1-448|extracted_nt1341|aligned_aa448|pident79.464,HCV,1b,100.0
JX022759|geneNS5A|query1-1341|h77_aa1-448|extracted_nt1341|aligned_aa450|pident80.444,HCV,1b,100.0
JX022752|geneNS5A|query1-1341|h77_aa1-448|extracted_nt1341|aligned_aa448|pident80.804,HCV,1b,100.0
JX022768|geneNS5A|query1-1341|h77_aa1-448|extracted_nt1341|aligned_aa449|pident80.624,HCV,1b,100.0
JX022761|geneNS5A|query1-1341|h77_aa1-448|extracted_nt1341|aligned_aa449|pident79.733,HCV,1b,100.0
JX022777|geneNS5A|query1-1341|h77_aa1-448|extracted_nt1341|aligned_aa448|pident80.134,HCV,1b,100.0
JX022778|geneNS5A|query1-1341|h77_aa1-448|extracted_nt1341|aligned_aa449|pident79.510,HCV,1b,100.0
JX022776|geneNS5A|query1-1341|h77_aa1-448|extracted_nt1341|aligned_aa449|pident79.733,HCV,1b,100.0
JX022769|geneNS5A|query1-1341|h77_aa1-448|extracted_nt1341|aligned_aa448|pident78.795,HCV,1b,100.0
FN666429|geneNS5A|query6242-7639|h77_aa1-448|extracted_nt1398|aligned_aa472|pident58.898,HCV,2q,100.0
GQ356202|geneNS5A|query5935-7290|h77_aa1-448|extracted_nt1356|aligned_aa453|pident69.316,HCV,3a,100.0
GQ356206|geneNS5A|query5935-7290|h77_aa1-448|extracted_nt1356|aligned_aa456|pident69.737,HCV,3a,100.0
GQ356201|geneNS5A|query5935-7290|h77_aa1-448|extracted_nt1356|aligned_aa455|pident68.791,HCV,3a,100.0
GQ356200|geneNS5A|query5935-7290|h77_aa1-448|extracted_nt1356|aligned_aa456|pident69.737,HCV,3a,100.0
GQ356203|geneNS5A|query5935-7290|h77_aa1-448|extracted_nt1356|aligned_aa455|pident70.549,HCV,3a,100.0
GQ356208|geneNS5A|query5935-7290|h77_aa1-448|extracted_nt1356|aligned_aa455|pident69.890,HCV,3a,100.0
GQ356207|geneNS5A|query5935-7290|h77_aa1-448|extracted_nt1356|aligned_aa456|pident69.518,HCV,3a,100.0
GQ356210|geneNS5A|query5935-7290|h77_aa1-448|extracted_nt1356|aligned_aa455|pident70.330,HCV,3a,100.0
KC127408|geneNS5A|query31-1374|h77_aa1-448|extracted_nt1344|aligned_aa448|pident94.866,HCV,1a,100.0
JX674891|geneNS5A|query1-1356|h77_aa1-448|extracted_nt1356|aligned_aa456|pident69.518,HCV,3a,100.0
KC127458|geneNS5A|query31-1374|h77_aa1-448|extracted_nt1344|aligned_aa448|pident95.312,HCV,1a,100.0
KC127468|geneNS5A|query31-1374|h77_aa1-448|extracted_nt1344|aligned_aa448|pident94.196,HCV,1a,100.0
KC127467|geneNS5A|query31-1374|h77_aa1-448|extracted_nt1344|aligned_aa448|pident94.196,HCV,1a,100.0
KC127475|geneNS5A|query31-1374|h77_aa1-448|extracted_nt1344|aligned_aa448|pident93.527,HCV,1a,100.0
KC127471|geneNS5A|query31-1374|h77_aa1-448|extracted_nt1344|aligned_aa448|pident93.304,HCV,1a,100.0
KC127572|geneNS5A|query31-1374|h77_aa1-448|extracted_nt1344|aligned_aa448|pident92.857,HCV,1a,100.0
KC127447|geneNS5A|query31-1374|h77_aa1-448|extracted_nt1344|aligned_aa448|pident95.312,HCV,1a,100.0
KC127337|geneNS5A|query31-1374|h77_aa1-448|extracted_nt1344|aligned_aa448|pident94.866,HCV,1a,100.0
KC127339|geneNS5A|query31-1374|h77_aa1-448|extracted_nt1344|aligned_aa448|pident95.982,HCV,1a,100.0
JX183550|geneNS5A|query6258-7610|h77_aa1-448|extracted_nt1353|aligned_aa453|pident71.523,HCV,6o,67.0
JX183549|geneNS5A|query6258-7610|h77_aa1-448|extracted_nt1353|aligned_aa453|pident69.757,HCV,6k,67.0
JX183552|geneNS5A|query6261-7613|h77_aa1-448|extracted_nt1353|aligned_aa453|pident70.419,HCV,6l,78.0
JX183553|geneNS5A|query6261-7613|h77_aa1-448|extracted_nt1353|aligned_aa453|pident71.302,HCV,6l,100.0
JX183551|geneNS5A|query6261-7613|h77_aa1-448|extracted_nt1353|aligned_aa453|pident70.419,HCV,6l,69.0
JX183558|geneNS5A|query6261-7613|h77_aa1-448|extracted_nt1353|aligned_aa455|pident68.791,HCV,6i,54.0
JX227960|geneNS5A|query6149-7468|h77_aa3-448|extracted_nt1320|aligned_aa450|pident72.222,HCV,4v,100.0
JX227950|geneNS5A|query5929-7326|h77_aa1-448|extracted_nt1398|aligned_aa472|pident61.229,HCV,2c,100.0
JX227954|geneNS5A|query6202-7557|h77_aa1-448|extracted_nt1356|aligned_aa456|pident71.930,HCV,3g,100.0
JX227953|geneNS5A|query6191-7483|h77_aa1-431|extracted_nt1293|aligned_aa435|pident62.299,HCV,2k,100.0
JX183554|geneNS5A|query6261-7613|h77_aa1-448|extracted_nt1353|aligned_aa455|pident69.231,HCV,6l,100.0
JX227961|geneNS5A|query6182-7507|h77_aa3-448|extracted_nt1326|aligned_aa449|pident72.160,HCV,4m,100.0
JX227967|geneNS5A|query6192-7592|h77_aa1-448|extracted_nt1401|aligned_aa471|pident59.873,HCV,2m,100.0
JX227965|geneNS5A|query6192-7589|h77_aa1-448|extracted_nt1398|aligned_aa472|pident60.381,HCV,2c,100.0
JX227972|geneNS5A|query6183-7508|h77_aa3-448|extracted_nt1326|aligned_aa449|pident72.160,HCV,4m,100.0
JX227974|geneNS5A|query6192-7592|h77_aa1-448|extracted_nt1401|aligned_aa471|pident59.873,HCV,2m,100.0
JX227977|geneNS5A|query6174-7493|h77_aa4-448|extracted_nt1320|aligned_aa451|pident72.062,HCV,4o,100.0
JX227969|geneNS5A|query5823-7178|h77_aa1-448|extracted_nt1356|aligned_aa455|pident69.011,HCV,3i,100.0
JX227971|geneNS5A|query6044-7381|h77_aa3-448|extracted_nt1338|aligned_aa449|pident77.728,HCV,4g,100.0
JX227975|geneNS5A|query6184-7521|h77_aa3-448|extracted_nt1338|aligned_aa449|pident75.947,HCV,4r,100.0
JX227955|geneNS5A|query6200-7555|h77_aa1-448|extracted_nt1356|aligned_aa455|pident68.132,HCV,3i,100.0
JX227976|geneNS5A|query6185-7525|h77_aa3-448|extracted_nt1341|aligned_aa450|pident76.222,HCV,4r,100.0
JX674828|geneNS5A|query1-1356|h77_aa1-448|extracted_nt1356|aligned_aa456|pident69.956,HCV,3a,100.0
JX674832|geneNS5A|query1-1356|h77_aa1-448|extracted_nt1356|aligned_aa456|pident68.860,HCV,3a,100.0
JX674835|geneNS5A|query1-1356|h77_aa1-448|extracted_nt1356|aligned_aa456|pident69.956,HCV,3a,100.0
JX674838|geneNS5A|query1-1356|h77_aa1-448|extracted_nt1356|aligned_aa455|pident70.110,HCV,3a,100.0
JX674849|geneNS5A|query1-1356|h77_aa1-448|extracted_nt1356|aligned_aa455|pident70.110,HCV,3a,100.0
JX674846|geneNS5A|query1-1356|h77_aa1-448|extracted_nt1356|aligned_aa456|pident69.518,HCV,3a,100.0
JX674843|geneNS5A|query1-1356|h77_aa1-448|extracted_nt1356|aligned_aa455|pident69.451,HCV,3a,100.0
JX674859|geneNS5A|query1-1356|h77_aa1-448|extracted_nt1356|aligned_aa456|pident69.518,HCV,3a,100.0
JX674847|geneNS5A|query1-1356|h77_aa1-448|extracted_nt1356|aligned_aa455|pident69.670,HCV,3a,100.0
JX674844|geneNS5A|query1-1356|h77_aa1-448|extracted_nt1356|aligned_aa456|pident69.737,HCV,3a,100.0
JX674833|geneNS5A|query1-1356|h77_aa1-448|extracted_nt1356|aligned_aa456|pident69.956,HCV,3a,100.0
JX674845|geneNS5A|query1-1356|h77_aa1-448|extracted_nt1356|aligned_aa455|pident70.110,HCV,3a,100.0
JX674841|geneNS5A|query1-1356|h77_aa1-448|extracted_nt1356|aligned_aa455|pident70.110,HCV,3a,100.0
JX674831|geneNS5A|query1-1356|h77_aa1-448|extracted_nt1356|aligned_aa456|pident68.860,HCV,3a,100.0
JX674853|geneNS5A|query1-1356|h77_aa1-448|extracted_nt1356|aligned_aa456|pident69.079,HCV,3a,100.0
JX674862|geneNS5A|query1-1356|h77_aa1-448|extracted_nt1356|aligned_aa456|pident70.833,HCV,3a,100.0
JX674861|geneNS5A|query1-1356|h77_aa1-448|extracted_nt1356|aligned_aa456|pident68.640,HCV,3a,100.0
JX674858|geneNS5A|query1-1356|h77_aa1-448|extracted_nt1356|aligned_aa456|pident69.956,HCV,3a,100.0
JX674868|geneNS5A|query1-1356|h77_aa1-448|extracted_nt1356|aligned_aa458|pident70.524,HCV,3a,100.0
JX674874|geneNS5A|query1-1356|h77_aa1-448|extracted_nt1356|aligned_aa455|pident69.670,HCV,3a,100.0
JX674875|geneNS5A|query1-1356|h77_aa1-448|extracted_nt1356|aligned_aa455|pident70.330,HCV,3a,100.0
JX674872|geneNS5A|query1-1356|h77_aa1-448|extracted_nt1356|aligned_aa456|pident69.737,HCV,3a,100.0
JX674876|geneNS5A|query1-1356|h77_aa1-448|extracted_nt1356|aligned_aa455|pident69.451,HCV,3a,100.0
JX674885|geneNS5A|query1-1356|h77_aa1-448|extracted_nt1356|aligned_aa455|pident70.110,HCV,3a,100.0
JX674892|geneNS5A|query1-1356|h77_aa1-448|extracted_nt1356|aligned_aa455|pident69.231,HCV,3a,100.0
JX674902|geneNS5A|query1-1356|h77_aa1-448|extracted_nt1356|aligned_aa456|pident69.737,HCV,3a,100.0
JX674854|geneNS5A|query1-1356|h77_aa1-448|extracted_nt1356|aligned_aa456|pident69.737,HCV,3a,100.0
JX674867|geneNS5A|query1-1356|h77_aa1-448|extracted_nt1356|aligned_aa458|pident70.524,HCV,3a,100.0
JX674869|geneNS5A|query1-1356|h77_aa1-448|extracted_nt1356|aligned_aa455|pident70.549,HCV,3a,100.0
JX674884|geneNS5A|query1-1353|h77_aa1-448|extracted_nt1353|aligned_aa456|pident70.175,HCV,3a,100.0
JX674873|geneNS5A|query1-1356|h77_aa1-448|extracted_nt1356|aligned_aa455|pident70.769,HCV,3a,100.0
JX674886|geneNS5A|query1-1356|h77_aa1-448|extracted_nt1356|aligned_aa456|pident69.956,HCV,3a,100.0
JX674889|geneNS5A|query1-1356|h77_aa1-448|extracted_nt1356|aligned_aa456|pident69.737,HCV,3a,100.0
JX674906|geneNS5A|query1-1356|h77_aa1-448|extracted_nt1356|aligned_aa455|pident69.451,HCV,3a,100.0
JX674898|geneNS5A|query1-1356|h77_aa1-448|extracted_nt1356|aligned_aa455|pident69.890,HCV,3a,100.0
JX674900|geneNS5A|query1-1356|h77_aa1-448|extracted_nt1356|aligned_aa456|pident69.518,HCV,3a,100.0
JX674895|geneNS5A|query1-1356|h77_aa1-448|extracted_nt1356|aligned_aa455|pident69.451,HCV,3a,100.0
JX674909|geneNS5A|query1-1365|h77_aa1-448|extracted_nt1365|aligned_aa459|pident67.756,HCV,3a,100.0
JX674910|geneNS5A|query1-1356|h77_aa1-448|extracted_nt1356|aligned_aa456|pident70.175,HCV,3a,100.0
JX674911|geneNS5A|query1-1356|h77_aa1-448|extracted_nt1356|aligned_aa456|pident69.956,HCV,3a,100.0
JX674923|geneNS5A|query1-1356|h77_aa1-448|extracted_nt1356|aligned_aa455|pident70.989,HCV,3a,100.0
JX674917|geneNS5A|query1-1356|h77_aa1-448|extracted_nt1356|aligned_aa456|pident69.737,HCV,3a,100.0
JX674925|geneNS5A|query1-1356|h77_aa1-448|extracted_nt1356|aligned_aa455|pident68.791,HCV,3a,100.0
JX674929|geneNS5A|query1-1356|h77_aa1-448|extracted_nt1356|aligned_aa455|pident69.890,HCV,3a,100.0
JX674907|geneNS5A|query1-1368|h77_aa1-448|extracted_nt1368|aligned_aa459|pident69.063,HCV,3a,100.0
JX674912|geneNS5A|query1-1356|h77_aa1-448|extracted_nt1356|aligned_aa455|pident69.670,HCV,3a,100.0
JX674918|geneNS5A|query1-1356|h77_aa1-448|extracted_nt1356|aligned_aa455|pident70.769,HCV,3a,100.0
JX674916|geneNS5A|query1-1356|h77_aa1-448|extracted_nt1356|aligned_aa456|pident69.298,HCV,3a,100.0
JX674901|geneNS5A|query1-1356|h77_aa1-448|extracted_nt1356|aligned_aa456|pident69.298,HCV,3a,100.0
JX674927|geneNS5A|query1-1356|h77_aa1-448|extracted_nt1356|aligned_aa455|pident69.670,HCV,3a,100.0
JX674926|geneNS5A|query1-1356|h77_aa1-448|extracted_nt1356|aligned_aa456|pident69.518,HCV,3a,100.0
KC124776|geneNS5A|query31-1371|h77_aa1-448|extracted_nt1341|aligned_aa450|pident80.667,HCV,1b,100.0
JX674913|geneNS5A|query1-1356|h77_aa1-448|extracted_nt1356|aligned_aa455|pident69.011,HCV,3a,100.0
JX674908|geneNS5A|query1-1365|h77_aa1-448|extracted_nt1365|aligned_aa459|pident67.756,HCV,3a,100.0
KC124782|geneNS5A|query31-1371|h77_aa1-448|extracted_nt1341|aligned_aa448|pident79.688,HCV,1b,100.0
KC124786|geneNS5A|query31-1371|h77_aa1-448|extracted_nt1341|aligned_aa448|pident80.357,HCV,1b,100.0
KC124787|geneNS5A|query31-1371|h77_aa1-448|extracted_nt1341|aligned_aa449|pident80.178,HCV,1b,100.0
KC124780|geneNS5A|query31-1371|h77_aa1-448|extracted_nt1341|aligned_aa448|pident80.134,HCV,1b,100.0
KC124794|geneNS5A|query31-1371|h77_aa1-448|extracted_nt1341|aligned_aa453|pident77.483,HCV,1b,100.0
KC124788|geneNS5A|query31-1371|h77_aa1-448|extracted_nt1341|aligned_aa448|pident79.911,HCV,1b,100.0
KC124783|geneNS5A|query31-1371|h77_aa1-448|extracted_nt1341|aligned_aa449|pident80.624,HCV,1b,100.0
KC124798|geneNS5A|query31-1371|h77_aa1-448|extracted_nt1341|aligned_aa448|pident80.804,HCV,1b,100.0
KC124800|geneNS5A|query31-1371|h77_aa1-448|extracted_nt1341|aligned_aa449|pident79.065,HCV,1b,100.0
KC124806|geneNS5A|query31-1371|h77_aa1-448|extracted_nt1341|aligned_aa449|pident79.955,HCV,1b,100.0
KC124810|geneNS5A|query31-1371|h77_aa1-448|extracted_nt1341|aligned_aa449|pident79.955,HCV,1b,100.0
KC124796|geneNS5A|query31-1371|h77_aa1-448|extracted_nt1341|aligned_aa449|pident81.292,HCV,1b,100.0
KC124799|geneNS5A|query31-1371|h77_aa1-448|extracted_nt1341|aligned_aa448|pident78.125,HCV,1b,100.0
KC124791|geneNS5A|query31-1371|h77_aa1-448|extracted_nt1341|aligned_aa449|pident79.955,HCV,1b,100.0
KC124805|geneNS5A|query31-1371|h77_aa1-448|extracted_nt1341|aligned_aa448|pident79.911,HCV,1b,100.0
KC124812|geneNS5A|query31-1371|h77_aa1-448|extracted_nt1341|aligned_aa448|pident80.134,HCV,1b,100.0
KC124802|geneNS5A|query31-1371|h77_aa1-448|extracted_nt1341|aligned_aa448|pident77.902,HCV,1b,100.0
KC124858|geneNS5A|query31-1371|h77_aa1-448|extracted_nt1341|aligned_aa448|pident79.018,HCV,1b,100.0
KC124811|geneNS5A|query31-1371|h77_aa1-448|extracted_nt1341|aligned_aa449|pident79.733,HCV,1b,100.0
KC124835|geneNS5A|query31-1371|h77_aa1-448|extracted_nt1341|aligned_aa448|pident79.464,HCV,1b,100.0
KC124850|geneNS5A|query31-1371|h77_aa1-448|extracted_nt1341|aligned_aa448|pident81.027,HCV,1b,100.0
KC124833|geneNS5A|query31-1371|h77_aa1-448|extracted_nt1341|aligned_aa453|pident78.587,HCV,1b,100.0
KC124856|geneNS5A|query31-1371|h77_aa1-448|extracted_nt1341|aligned_aa448|pident79.911,HCV,1b,100.0
KC124857|geneNS5A|query31-1371|h77_aa1-448|extracted_nt1341|aligned_aa448|pident79.688,HCV,1b,100.0
KC124863|geneNS5A|query31-1371|h77_aa1-448|extracted_nt1341|aligned_aa453|pident80.132,HCV,1b,100.0
KC124869|geneNS5A|query31-1371|h77_aa1-448|extracted_nt1341|aligned_aa453|pident79.691,HCV,1b,100.0
KC124872|geneNS5A|query31-1371|h77_aa1-448|extracted_nt1341|aligned_aa448|pident80.134,HCV,1b,100.0
KC124885|geneNS5A|query31-1371|h77_aa1-448|extracted_nt1341|aligned_aa448|pident81.250,HCV,1b,100.0
KC124878|geneNS5A|query31-1371|h77_aa1-448|extracted_nt1341|aligned_aa448|pident79.688,HCV,1b,100.0
KC124890|geneNS5A|query31-1371|h77_aa1-448|extracted_nt1341|aligned_aa449|pident80.624,HCV,1b,100.0
KC124901|geneNS5A|query31-1371|h77_aa1-448|extracted_nt1341|aligned_aa448|pident81.696,HCV,1b,100.0
KC124906|geneNS5A|query31-1371|h77_aa1-448|extracted_nt1341|aligned_aa448|pident79.464,HCV,1b,100.0
KC124893|geneNS5A|query31-1371|h77_aa1-448|extracted_nt1341|aligned_aa453|pident79.249,HCV,1b,100.0
KC124897|geneNS5A|query31-1371|h77_aa1-448|extracted_nt1341|aligned_aa449|pident81.069,HCV,1b,100.0
KC124898|geneNS5A|query31-1371|h77_aa1-448|extracted_nt1341|aligned_aa448|pident79.241,HCV,1b,100.0
KC124909|geneNS5A|query31-1371|h77_aa1-448|extracted_nt1341|aligned_aa449|pident79.287,HCV,1b,100.0
KC124910|geneNS5A|query31-1371|h77_aa1-448|extracted_nt1341|aligned_aa448|pident80.804,HCV,1b,100.0
KC124917|geneNS5A|query31-1371|h77_aa1-448|extracted_nt1341|aligned_aa449|pident81.069,HCV,1b,100.0
KC124911|geneNS5A|query31-1371|h77_aa1-448|extracted_nt1341|aligned_aa448|pident81.027,HCV,1b,100.0
KC124915|geneNS5A|query31-1371|h77_aa1-448|extracted_nt1341|aligned_aa449|pident81.069,HCV,1b,100.0
KC124930|geneNS5A|query31-1371|h77_aa1-448|extracted_nt1341|aligned_aa449|pident79.955,HCV,1b,100.0
KC124928|geneNS5A|query31-1371|h77_aa1-448|extracted_nt1341|aligned_aa448|pident78.348,HCV,1b,100.0
KC124845|geneNS5A|query31-1371|h77_aa1-448|extracted_nt1341|aligned_aa448|pident79.911,HCV,1b,100.0
KC124937|geneNS5A|query31-1371|h77_aa1-448|extracted_nt1341|aligned_aa448|pident78.571,HCV,1b,100.0
KC124945|geneNS5A|query31-1371|h77_aa1-448|extracted_nt1341|aligned_aa448|pident79.688,HCV,1b,100.0
KC124905|geneNS5A|query31-1371|h77_aa1-448|extracted_nt1341|aligned_aa449|pident80.846,HCV,1b,100.0
KC124948|geneNS5A|query31-1371|h77_aa1-448|extracted_nt1341|aligned_aa449|pident81.069,HCV,1b,100.0
KC124907|geneNS5A|query31-1371|h77_aa1-448|extracted_nt1341|aligned_aa448|pident80.357,HCV,1b,100.0
KC124957|geneNS5A|query31-1371|h77_aa1-448|extracted_nt1341|aligned_aa449|pident80.178,HCV,1b,100.0
KC124959|geneNS5A|query31-1371|h77_aa1-448|extracted_nt1341|aligned_aa453|pident78.587,HCV,1b,100.0
KC124970|geneNS5A|query31-1371|h77_aa1-448|extracted_nt1341|aligned_aa453|pident79.470,HCV,1b,100.0
KC124962|geneNS5A|query31-1371|h77_aa1-448|extracted_nt1341|aligned_aa448|pident79.688,HCV,1b,100.0
KC124971|geneNS5A|query31-1371|h77_aa1-448|extracted_nt1341|aligned_aa448|pident80.357,HCV,1b,100.0
KC124956|geneNS5A|query31-1371|h77_aa1-448|extracted_nt1341|aligned_aa448|pident79.688,HCV,1b,100.0
KC124977|geneNS5A|query31-1371|h77_aa1-448|extracted_nt1341|aligned_aa448|pident81.250,HCV,1b,100.0
KC124973|geneNS5A|query31-1371|h77_aa1-448|extracted_nt1341|aligned_aa449|pident81.292,HCV,1b,100.0
KC124991|geneNS5A|query31-1371|h77_aa1-448|extracted_nt1341|aligned_aa449|pident80.401,HCV,1b,100.0
KC124997|geneNS5A|query31-1371|h77_aa1-448|extracted_nt1341|aligned_aa453|pident80.574,HCV,1b,100.0
KC125001|geneNS5A|query31-1371|h77_aa1-448|extracted_nt1341|aligned_aa449|pident79.733,HCV,1b,100.0
KC124958|geneNS5A|query31-1371|h77_aa1-448|extracted_nt1341|aligned_aa449|pident80.624,HCV,1b,100.0
KC124964|geneNS5A|query31-1371|h77_aa1-448|extracted_nt1341|aligned_aa449|pident80.846,HCV,1b,100.0
KC124983|geneNS5A|query31-1371|h77_aa1-448|extracted_nt1341|aligned_aa449|pident81.960,HCV,1b,100.0
KC124989|geneNS5A|query31-1371|h77_aa1-448|extracted_nt1341|aligned_aa449|pident81.069,HCV,1b,100.0
KC124988|geneNS5A|query31-1371|h77_aa1-448|extracted_nt1341|aligned_aa449|pident81.514,HCV,1b,100.0
KC124993|geneNS5A|query31-1371|h77_aa1-448|extracted_nt1341|aligned_aa448|pident79.464,HCV,1b,100.0
KC127119|geneNS5A|query31-1374|h77_aa1-448|extracted_nt1344|aligned_aa448|pident94.643,HCV,1a,100.0
KC124972|geneNS5A|query31-1371|h77_aa1-448|extracted_nt1341|aligned_aa448|pident80.134,HCV,1b,100.0
KC124974|geneNS5A|query31-1371|h77_aa1-448|extracted_nt1341|aligned_aa449|pident79.065,HCV,1b,100.0
KC127130|geneNS5A|query31-1374|h77_aa1-448|extracted_nt1344|aligned_aa448|pident96.429,HCV,1a,100.0
KC124982|geneNS5A|query31-1371|h77_aa1-448|extracted_nt1341|aligned_aa448|pident79.464,HCV,1b,100.0
KC127126|geneNS5A|query31-1374|h77_aa1-448|extracted_nt1344|aligned_aa448|pident93.973,HCV,1a,100.0
KC127129|geneNS5A|query31-1374|h77_aa1-448|extracted_nt1344|aligned_aa448|pident94.420,HCV,1a,100.0
KC127134|geneNS5A|query31-1374|h77_aa1-448|extracted_nt1344|aligned_aa448|pident93.080,HCV,1a,100.0
KC127145|geneNS5A|query31-1374|h77_aa1-448|extracted_nt1344|aligned_aa448|pident94.643,HCV,1a,100.0
KC127141|geneNS5A|query31-1374|h77_aa1-448|extracted_nt1344|aligned_aa448|pident92.411,HCV,1a,100.0
KC127155|geneNS5A|query31-1374|h77_aa1-448|extracted_nt1344|aligned_aa448|pident94.196,HCV,1a,100.0
KC127147|geneNS5A|query31-1374|h77_aa1-448|extracted_nt1344|aligned_aa448|pident94.643,HCV,1a,100.0
KC127160|geneNS5A|query31-1374|h77_aa1-448|extracted_nt1344|aligned_aa448|pident93.750,HCV,1a,100.0
KC127172|geneNS5A|query31-1374|h77_aa1-448|extracted_nt1344|aligned_aa448|pident93.080,HCV,1a,100.0
KC127161|geneNS5A|query31-1374|h77_aa1-448|extracted_nt1344|aligned_aa448|pident94.196,HCV,1a,100.0
KC127168|geneNS5A|query31-1374|h77_aa1-448|extracted_nt1344|aligned_aa448|pident92.634,HCV,1a,100.0
KC127173|geneNS5A|query31-1374|h77_aa1-448|extracted_nt1344|aligned_aa448|pident95.089,HCV,1a,100.0
KC127180|geneNS5A|query31-1374|h77_aa1-448|extracted_nt1344|aligned_aa448|pident95.312,HCV,1a,100.0
KC127175|geneNS5A|query31-1374|h77_aa1-448|extracted_nt1344|aligned_aa448|pident95.982,HCV,1a,100.0
KC127182|geneNS5A|query31-1374|h77_aa1-448|extracted_nt1344|aligned_aa448|pident95.536,HCV,1a,100.0
KC127185|geneNS5A|query31-1374|h77_aa1-448|extracted_nt1344|aligned_aa448|pident92.857,HCV,1a,100.0
KC127183|geneNS5A|query31-1374|h77_aa1-448|extracted_nt1344|aligned_aa448|pident96.652,HCV,1a,100.0
KC127209|geneNS5A|query31-1374|h77_aa1-448|extracted_nt1344|aligned_aa448|pident93.080,HCV,1a,100.0
KC127197|geneNS5A|query31-1374|h77_aa1-448|extracted_nt1344|aligned_aa448|pident95.759,HCV,1a,100.0
KC127198|geneNS5A|query31-1374|h77_aa1-448|extracted_nt1344|aligned_aa448|pident95.982,HCV,1a,100.0
KC127190|geneNS5A|query31-1374|h77_aa1-448|extracted_nt1344|aligned_aa448|pident93.527,HCV,1a,100.0
KC127228|geneNS5A|query31-1374|h77_aa1-448|extracted_nt1344|aligned_aa448|pident96.205,HCV,1a,100.0
KC127215|geneNS5A|query31-1374|h77_aa1-448|extracted_nt1344|aligned_aa448|pident96.652,HCV,1a,100.0
KC127239|geneNS5A|query31-1374|h77_aa1-448|extracted_nt1344|aligned_aa448|pident100.000,HCV,1a,100.0
KC127232|geneNS5A|query31-1374|h77_aa1-448|extracted_nt1344|aligned_aa448|pident91.741,HCV,1a,100.0
KC127226|geneNS5A|query31-1374|h77_aa1-448|extracted_nt1344|aligned_aa448|pident92.634,HCV,1a,100.0
KC127234|geneNS5A|query31-1374|h77_aa1-448|extracted_nt1344|aligned_aa448|pident93.304,HCV,1a,100.0
KC127252|geneNS5A|query31-1374|h77_aa1-448|extracted_nt1344|aligned_aa448|pident95.982,HCV,1a,100.0
KC127251|geneNS5A|query31-1374|h77_aa1-448|extracted_nt1344|aligned_aa448|pident95.089,HCV,1a,100.0
KC127245|geneNS5A|query31-1374|h77_aa1-448|extracted_nt1344|aligned_aa448|pident94.866,HCV,1a,100.0
KC127272|geneNS5A|query31-1374|h77_aa1-448|extracted_nt1344|aligned_aa448|pident93.750,HCV,1a,100.0
KC127270|geneNS5A|query31-1374|h77_aa1-448|extracted_nt1344|aligned_aa448|pident96.205,HCV,1a,100.0
KC127266|geneNS5A|query31-1374|h77_aa1-448|extracted_nt1344|aligned_aa448|pident94.866,HCV,1a,100.0
KC127271|geneNS5A|query31-1374|h77_aa1-448|extracted_nt1344|aligned_aa448|pident95.536,HCV,1a,100.0
KC127282|geneNS5A|query31-1374|h77_aa1-448|extracted_nt1344|aligned_aa448|pident93.973,HCV,1a,100.0
KC127285|geneNS5A|query31-1374|h77_aa1-448|extracted_nt1344|aligned_aa448|pident96.205,HCV,1a,100.0
KC127247|geneNS5A|query31-1374|h77_aa1-448|extracted_nt1344|aligned_aa448|pident95.982,HCV,1a,100.0
KC127264|geneNS5A|query31-1374|h77_aa1-448|extracted_nt1344|aligned_aa448|pident95.759,HCV,1a,100.0
KC127274|geneNS5A|query31-1374|h77_aa1-448|extracted_nt1344|aligned_aa448|pident95.312,HCV,1a,100.0
KC127273|geneNS5A|query31-1374|h77_aa1-448|extracted_nt1344|aligned_aa448|pident93.527,HCV,1a,100.0
KC127284|geneNS5A|query31-1374|h77_aa1-448|extracted_nt1344|aligned_aa448|pident94.866,HCV,1a,100.0
KC127281|geneNS5A|query31-1374|h77_aa1-448|extracted_nt1344|aligned_aa448|pident96.652,HCV,1a,100.0
KC127280|geneNS5A|query31-1374|h77_aa1-448|extracted_nt1344|aligned_aa448|pident94.420,HCV,1a,100.0
KC127283|geneNS5A|query31-1374|h77_aa1-448|extracted_nt1344|aligned_aa448|pident95.089,HCV,1a,100.0
KC127291|geneNS5A|query31-1374|h77_aa1-448|extracted_nt1344|aligned_aa448|pident95.536,HCV,1a,100.0
KC127298|geneNS5A|query31-1374|h77_aa1-448|extracted_nt1344|aligned_aa448|pident93.973,HCV,1a,100.0
KC127297|geneNS5A|query31-1374|h77_aa1-448|extracted_nt1344|aligned_aa448|pident93.973,HCV,1a,100.0
KC127315|geneNS5A|query31-1374|h77_aa1-448|extracted_nt1344|aligned_aa448|pident93.973,HCV,1a,100.0
KC127321|geneNS5A|query31-1374|h77_aa1-448|extracted_nt1344|aligned_aa448|pident93.750,HCV,1a,100.0
KC127319|geneNS5A|query31-1374|h77_aa1-448|extracted_nt1344|aligned_aa448|pident94.196,HCV,1a,100.0
KC127294|geneNS5A|query31-1374|h77_aa1-448|extracted_nt1344|aligned_aa448|pident94.196,HCV,1a,100.0
KC127324|geneNS5A|query31-1374|h77_aa1-448|extracted_nt1344|aligned_aa448|pident94.420,HCV,1a,100.0
KC127301|geneNS5A|query31-1374|h77_aa1-448|extracted_nt1344|aligned_aa448|pident94.196,HCV,1a,100.0
KC127322|geneNS5A|query31-1374|h77_aa1-448|extracted_nt1344|aligned_aa448|pident93.304,HCV,1a,100.0
KC127338|geneNS5A|query31-1374|h77_aa1-448|extracted_nt1344|aligned_aa448|pident93.973,HCV,1a,100.0
KC127330|geneNS5A|query31-1374|h77_aa1-448|extracted_nt1344|aligned_aa448|pident95.312,HCV,1a,100.0
KC127342|geneNS5A|query31-1374|h77_aa1-448|extracted_nt1344|aligned_aa448|pident96.652,HCV,1a,100.0
KC127347|geneNS5A|query31-1374|h77_aa1-448|extracted_nt1344|aligned_aa448|pident95.536,HCV,1a,100.0
KC127335|geneNS5A|query31-1374|h77_aa1-448|extracted_nt1344|aligned_aa448|pident94.643,HCV,1a,100.0
KC127333|geneNS5A|query31-1374|h77_aa1-448|extracted_nt1344|aligned_aa448|pident91.741,HCV,1a,100.0
KC127336|geneNS5A|query31-1374|h77_aa1-448|extracted_nt1344|aligned_aa448|pident93.080,HCV,1a,100.0
KC127357|geneNS5A|query31-1374|h77_aa1-448|extracted_nt1344|aligned_aa448|pident94.420,HCV,1a,100.0
KC127359|geneNS5A|query31-1374|h77_aa1-448|extracted_nt1344|aligned_aa448|pident94.643,HCV,1a,100.0
KC127331|geneNS5A|query31-1374|h77_aa1-448|extracted_nt1344|aligned_aa448|pident94.196,HCV,1a,100.0
KC127346|geneNS5A|query31-1374|h77_aa1-448|extracted_nt1344|aligned_aa448|pident94.866,HCV,1a,100.0
KC127348|geneNS5A|query31-1374|h77_aa1-448|extracted_nt1344|aligned_aa448|pident93.973,HCV,1a,100.0
KC127360|geneNS5A|query31-1374|h77_aa1-448|extracted_nt1344|aligned_aa448|pident93.304,HCV,1a,100.0
KC127362|geneNS5A|query31-1374|h77_aa1-448|extracted_nt1344|aligned_aa448|pident96.205,HCV,1a,100.0
KC127365|geneNS5A|query31-1374|h77_aa1-448|extracted_nt1344|aligned_aa448|pident93.527,HCV,1a,100.0
KC127349|geneNS5A|query31-1374|h77_aa1-448|extracted_nt1344|aligned_aa448|pident94.866,HCV,1a,100.0
KC127367|geneNS5A|query31-1374|h77_aa1-448|extracted_nt1344|aligned_aa448|pident94.643,HCV,1a,100.0
KC127373|geneNS5A|query31-1374|h77_aa1-448|extracted_nt1344|aligned_aa448|pident94.196,HCV,1a,100.0
KC127364|geneNS5A|query31-1374|h77_aa1-448|extracted_nt1344|aligned_aa448|pident94.643,HCV,1a,100.0
KC127375|geneNS5A|query31-1374|h77_aa1-448|extracted_nt1344|aligned_aa448|pident92.411,HCV,1a,100.0
KC127386|geneNS5A|query31-1374|h77_aa1-448|extracted_nt1344|aligned_aa448|pident95.982,HCV,1a,100.0
KC127383|geneNS5A|query31-1374|h77_aa1-448|extracted_nt1344|aligned_aa448|pident96.205,HCV,1a,100.0
KC127350|geneNS5A|query31-1374|h77_aa1-448|extracted_nt1344|aligned_aa448|pident95.089,HCV,1a,100.0
KC127377|geneNS5A|query31-1374|h77_aa1-448|extracted_nt1344|aligned_aa448|pident95.536,HCV,1a,100.0
KC127376|geneNS5A|query31-1374|h77_aa1-448|extracted_nt1344|aligned_aa448|pident93.080,HCV,1a,100.0
KC127381|geneNS5A|query31-1374|h77_aa1-448|extracted_nt1344|aligned_aa448|pident94.866,HCV,1a,100.0
KC127390|geneNS5A|query31-1374|h77_aa1-448|extracted_nt1344|aligned_aa448|pident97.321,HCV,1a,100.0
KC127382|geneNS5A|query31-1374|h77_aa1-448|extracted_nt1344|aligned_aa448|pident94.420,HCV,1a,100.0
KC127397|geneNS5A|query31-1374|h77_aa1-448|extracted_nt1344|aligned_aa448|pident94.643,HCV,1a,100.0
KC127406|geneNS5A|query31-1374|h77_aa1-448|extracted_nt1344|aligned_aa448|pident96.205,HCV,1a,100.0
KC127404|geneNS5A|query31-1374|h77_aa1-448|extracted_nt1344|aligned_aa448|pident94.643,HCV,1a,100.0
KC127405|geneNS5A|query31-1374|h77_aa1-448|extracted_nt1344|aligned_aa448|pident93.750,HCV,1a,100.0
KC127400|geneNS5A|query31-1374|h77_aa1-448|extracted_nt1344|aligned_aa448|pident95.312,HCV,1a,100.0
KC127412|geneNS5A|query31-1374|h77_aa1-448|extracted_nt1344|aligned_aa448|pident95.312,HCV,1a,100.0
KC127379|geneNS5A|query31-1374|h77_aa1-448|extracted_nt1344|aligned_aa448|pident93.527,HCV,1a,100.0
KC127398|geneNS5A|query31-1374|h77_aa1-448|extracted_nt1344|aligned_aa448|pident94.196,HCV,1a,100.0
KC127388|geneNS5A|query31-1374|h77_aa1-448|extracted_nt1344|aligned_aa448|pident95.312,HCV,1a,100.0
KC127407|geneNS5A|query31-1374|h77_aa1-448|extracted_nt1344|aligned_aa448|pident97.321,HCV,1a,100.0
KC127413|geneNS5A|query31-1374|h77_aa1-448|extracted_nt1344|aligned_aa448|pident94.196,HCV,1a,100.0
KC127418|geneNS5A|query31-1374|h77_aa1-448|extracted_nt1344|aligned_aa448|pident94.866,HCV,1a,100.0
KC127414|geneNS5A|query31-1374|h77_aa1-448|extracted_nt1344|aligned_aa448|pident95.759,HCV,1a,100.0
KC127415|geneNS5A|query31-1374|h77_aa1-448|extracted_nt1344|aligned_aa448|pident94.420,HCV,1a,100.0
KC127423|geneNS5A|query31-1374|h77_aa1-448|extracted_nt1344|aligned_aa448|pident95.089,HCV,1a,100.0
KC127384|geneNS5A|query31-1374|h77_aa1-448|extracted_nt1344|aligned_aa448|pident93.304,HCV,1a,100.0
KC127424|geneNS5A|query31-1374|h77_aa1-448|extracted_nt1344|aligned_aa448|pident95.759,HCV,1a,100.0
KC127425|geneNS5A|query31-1374|h77_aa1-448|extracted_nt1344|aligned_aa448|pident95.536,HCV,1a,100.0
KC127426|geneNS5A|query31-1374|h77_aa1-448|extracted_nt1344|aligned_aa448|pident92.634,HCV,1a,100.0
KC127419|geneNS5A|query31-1374|h77_aa1-448|extracted_nt1344|aligned_aa448|pident96.429,HCV,1a,100.0
KC127441|geneNS5A|query31-1374|h77_aa1-448|extracted_nt1344|aligned_aa448|pident93.750,HCV,1a,100.0
KC127432|geneNS5A|query31-1374|h77_aa1-448|extracted_nt1344|aligned_aa448|pident93.527,HCV,1a,100.0
KC127434|geneNS5A|query31-1374|h77_aa1-448|extracted_nt1344|aligned_aa448|pident94.420,HCV,1a,100.0
KC127436|geneNS5A|query31-1374|h77_aa1-448|extracted_nt1344|aligned_aa448|pident96.429,HCV,1a,100.0
KC127427|geneNS5A|query31-1374|h77_aa1-448|extracted_nt1344|aligned_aa448|pident95.089,HCV,1a,100.0
KC127445|geneNS5A|query31-1374|h77_aa1-448|extracted_nt1344|aligned_aa448|pident94.196,HCV,1a,100.0
KC127449|geneNS5A|query31-1374|h77_aa1-448|extracted_nt1344|aligned_aa448|pident95.982,HCV,1a,100.0
KC127440|geneNS5A|query31-1374|h77_aa1-448|extracted_nt1344|aligned_aa448|pident94.643,HCV,1a,100.0
KC127442|geneNS5A|query31-1374|h77_aa1-448|extracted_nt1344|aligned_aa448|pident94.196,HCV,1a,100.0
KC127444|geneNS5A|query31-1374|h77_aa1-448|extracted_nt1344|aligned_aa448|pident93.527,HCV,1a,100.0
KC127446|geneNS5A|query31-1374|h77_aa1-448|extracted_nt1344|aligned_aa448|pident95.982,HCV,1a,100.0
KC127457|geneNS5A|query31-1374|h77_aa1-448|extracted_nt1344|aligned_aa448|pident95.089,HCV,1a,100.0
KC127429|geneNS5A|query31-1374|h77_aa1-448|extracted_nt1344|aligned_aa448|pident96.652,HCV,1a,100.0
KC127452|geneNS5A|query31-1374|h77_aa1-448|extracted_nt1344|aligned_aa448|pident94.420,HCV,1a,100.0
KC127450|geneNS5A|query31-1374|h77_aa1-448|extracted_nt1344|aligned_aa448|pident93.973,HCV,1a,100.0
KC127465|geneNS5A|query31-1374|h77_aa1-448|extracted_nt1344|aligned_aa448|pident95.089,HCV,1a,100.0
KC127476|geneNS5A|query31-1374|h77_aa1-448|extracted_nt1344|aligned_aa448|pident95.536,HCV,1a,100.0
KC127470|geneNS5A|query31-1374|h77_aa1-448|extracted_nt1344|aligned_aa448|pident92.188,HCV,1a,100.0
KC127464|geneNS5A|query31-1374|h77_aa1-448|extracted_nt1344|aligned_aa448|pident95.536,HCV,1a,100.0
KC127469|geneNS5A|query31-1374|h77_aa1-448|extracted_nt1344|aligned_aa448|pident93.973,HCV,1a,100.0
KC127461|geneNS5A|query31-1374|h77_aa1-448|extracted_nt1344|aligned_aa448|pident93.750,HCV,1a,100.0
KC127460|geneNS5A|query31-1374|h77_aa1-448|extracted_nt1344|aligned_aa448|pident95.089,HCV,1a,100.0
KC127462|geneNS5A|query31-1374|h77_aa1-448|extracted_nt1344|aligned_aa448|pident93.080,HCV,1a,100.0
KC127488|geneNS5A|query31-1374|h77_aa1-448|extracted_nt1344|aligned_aa448|pident96.205,HCV,1a,100.0
KC127473|geneNS5A|query31-1374|h77_aa1-448|extracted_nt1344|aligned_aa448|pident93.080,HCV,1a,100.0
KC127484|geneNS5A|query31-1374|h77_aa1-448|extracted_nt1344|aligned_aa448|pident93.304,HCV,1a,100.0
KC127482|geneNS5A|query31-1374|h77_aa1-448|extracted_nt1344|aligned_aa448|pident96.205,HCV,1a,100.0
KC127480|geneNS5A|query31-1374|h77_aa1-448|extracted_nt1344|aligned_aa448|pident95.089,HCV,1a,100.0
KC127474|geneNS5A|query31-1374|h77_aa1-448|extracted_nt1344|aligned_aa448|pident94.420,HCV,1a,100.0
KC127486|geneNS5A|query31-1374|h77_aa1-448|extracted_nt1344|aligned_aa448|pident94.866,HCV,1a,100.0
KC127494|geneNS5A|query31-1374|h77_aa1-448|extracted_nt1344|aligned_aa448|pident94.643,HCV,1a,100.0
KC127495|geneNS5A|query31-1374|h77_aa1-448|extracted_nt1344|aligned_aa448|pident93.973,HCV,1a,100.0
KC127487|geneNS5A|query31-1374|h77_aa1-448|extracted_nt1344|aligned_aa448|pident94.866,HCV,1a,100.0
KC127508|geneNS5A|query31-1374|h77_aa1-448|extracted_nt1344|aligned_aa448|pident93.304,HCV,1a,100.0
KC127512|geneNS5A|query31-1374|h77_aa1-448|extracted_nt1344|aligned_aa448|pident94.196,HCV,1a,100.0
KC127509|geneNS5A|query31-1374|h77_aa1-448|extracted_nt1344|aligned_aa448|pident94.643,HCV,1a,100.0
KC127506|geneNS5A|query31-1374|h77_aa1-448|extracted_nt1344|aligned_aa448|pident96.429,HCV,1a,100.0
KC127517|geneNS5A|query31-1374|h77_aa1-448|extracted_nt1344|aligned_aa448|pident94.420,HCV,1a,100.0
KC127507|geneNS5A|query31-1374|h77_aa1-448|extracted_nt1344|aligned_aa448|pident94.420,HCV,1a,100.0
KC127518|geneNS5A|query31-1374|h77_aa1-448|extracted_nt1344|aligned_aa448|pident95.089,HCV,1a,100.0
KC127511|geneNS5A|query31-1374|h77_aa1-448|extracted_nt1344|aligned_aa448|pident95.759,HCV,1a,100.0
KC127496|geneNS5A|query31-1374|h77_aa1-448|extracted_nt1344|aligned_aa448|pident95.536,HCV,1a,100.0
KC127503|geneNS5A|query31-1374|h77_aa1-448|extracted_nt1344|aligned_aa448|pident93.750,HCV,1a,100.0
KC127514|geneNS5A|query31-1374|h77_aa1-448|extracted_nt1344|aligned_aa448|pident94.866,HCV,1a,100.0
KC127510|geneNS5A|query31-1374|h77_aa1-448|extracted_nt1344|aligned_aa448|pident92.857,HCV,1a,100.0
KC127485|geneNS5A|query31-1374|h77_aa1-448|extracted_nt1344|aligned_aa448|pident93.080,HCV,1a,100.0
KC127515|geneNS5A|query31-1374|h77_aa1-448|extracted_nt1344|aligned_aa448|pident96.875,HCV,1a,100.0
KC127523|geneNS5A|query31-1374|h77_aa1-448|extracted_nt1344|aligned_aa448|pident97.098,HCV,1a,100.0
KC127520|geneNS5A|query31-1374|h77_aa1-448|extracted_nt1344|aligned_aa448|pident96.652,HCV,1a,100.0
KC127522|geneNS5A|query31-1374|h77_aa1-448|extracted_nt1344|aligned_aa448|pident95.536,HCV,1a,100.0
KC127524|geneNS5A|query31-1374|h77_aa1-448|extracted_nt1344|aligned_aa448|pident93.973,HCV,1a,100.0
KC127528|geneNS5A|query31-1374|h77_aa1-448|extracted_nt1344|aligned_aa448|pident94.643,HCV,1a,100.0
KC127521|geneNS5A|query31-1374|h77_aa1-448|extracted_nt1344|aligned_aa448|pident93.750,HCV,1a,100.0
KC127529|geneNS5A|query31-1374|h77_aa1-448|extracted_nt1344|aligned_aa448|pident95.982,HCV,1a,100.0
KC127532|geneNS5A|query31-1374|h77_aa1-448|extracted_nt1344|aligned_aa448|pident94.643,HCV,1a,100.0
KC127492|geneNS5A|query31-1374|h77_aa1-448|extracted_nt1344|aligned_aa448|pident93.080,HCV,1a,100.0
KC127526|geneNS5A|query31-1374|h77_aa1-448|extracted_nt1344|aligned_aa448|pident95.536,HCV,1a,100.0
KC127547|geneNS5A|query31-1374|h77_aa1-448|extracted_nt1344|aligned_aa448|pident93.973,HCV,1a,100.0
KC127551|geneNS5A|query31-1374|h77_aa1-448|extracted_nt1344|aligned_aa448|pident95.089,HCV,1a,100.0
KC127561|geneNS5A|query31-1374|h77_aa1-448|extracted_nt1344|aligned_aa448|pident91.964,HCV,1a,100.0
KC127543|geneNS5A|query31-1374|h77_aa1-448|extracted_nt1344|aligned_aa448|pident95.089,HCV,1a,100.0
KC127548|geneNS5A|query31-1374|h77_aa1-448|extracted_nt1344|aligned_aa448|pident94.866,HCV,1a,100.0
KC127556|geneNS5A|query31-1374|h77_aa1-448|extracted_nt1344|aligned_aa448|pident95.536,HCV,1a,100.0
KC127552|geneNS5A|query31-1374|h77_aa1-448|extracted_nt1344|aligned_aa448|pident95.759,HCV,1a,100.0
KC127553|geneNS5A|query31-1374|h77_aa1-448|extracted_nt1344|aligned_aa448|pident93.527,HCV,1a,100.0
JX227968|geneNS5A|query6191-7591|h77_aa1-448|extracted_nt1401|aligned_aa473|pident59.408,HCV,2m,100.0
KC127542|geneNS5A|query31-1374|h77_aa1-448|extracted_nt1344|aligned_aa448|pident94.643,HCV,1a,100.0
KC127557|geneNS5A|query31-1374|h77_aa1-448|extracted_nt1344|aligned_aa448|pident94.196,HCV,1a,100.0
KC127564|geneNS5A|query31-1374|h77_aa1-448|extracted_nt1344|aligned_aa448|pident96.205,HCV,1a,100.0
JX674903|geneNS5A|query1-1356|h77_aa1-448|extracted_nt1356|aligned_aa455|pident69.890,HCV,3a,100.0
JX183555|geneNS5A|query6261-7610|h77_aa1-448|extracted_nt1350|aligned_aa456|pident69.298,HCV,6l,100.0
JX183556|geneNS5A|query6261-7613|h77_aa1-448|extracted_nt1353|aligned_aa457|pident70.460,HCV,6l,100.0
JX227958|geneNS5A|query6194-7519|h77_aa3-448|extracted_nt1326|aligned_aa449|pident70.601,HCV,4l,100.0
JX183557|geneNS5A|query6264-7616|h77_aa1-448|extracted_nt1353|aligned_aa453|pident71.302,HCV,6n,100.0
JX227951|geneNS5A|query6179-7576|h77_aa1-448|extracted_nt1398|aligned_aa473|pident61.099,HCV,2c,100.0
JX227959|geneNS5A|query6187-7521|h77_aa1-448|extracted_nt1335|aligned_aa452|pident72.788,HCV,4v,100.0
JX227949|geneNS5A|query6208-7614|h77_aa1-448|extracted_nt1407|aligned_aa475|pident59.579,HCV,2c,100.0
KC124867|geneNS5A|query31-1371|h77_aa1-448|extracted_nt1341|aligned_aa448|pident79.688,HCV,1b,100.0
KC124873|geneNS5A|query31-1371|h77_aa1-448|extracted_nt1341|aligned_aa448|pident79.688,HCV,1b,100.0
KC124852|geneNS5A|query31-1371|h77_aa1-448|extracted_nt1341|aligned_aa448|pident79.688,HCV,1b,100.0
KC124877|geneNS5A|query31-1371|h77_aa1-448|extracted_nt1341|aligned_aa449|pident79.287,HCV,1b,100.0
KC124879|geneNS5A|query31-1371|h77_aa1-448|extracted_nt1341|aligned_aa448|pident81.473,HCV,1b,100.0
KC124875|geneNS5A|query31-1371|h77_aa1-448|extracted_nt1341|aligned_aa449|pident81.069,HCV,1b,100.0
KC124883|geneNS5A|query31-1371|h77_aa1-448|extracted_nt1341|aligned_aa448|pident80.134,HCV,1b,100.0
JX674914|geneNS5A|query1-1356|h77_aa1-448|extracted_nt1356|aligned_aa456|pident69.956,HCV,3a,100.0
JX674922|geneNS5A|query1-1356|h77_aa1-448|extracted_nt1356|aligned_aa456|pident69.518,HCV,3a,100.0
JX674924|geneNS5A|query1-1356|h77_aa1-448|extracted_nt1356|aligned_aa455|pident69.011,HCV,3a,100.0
KC124770|geneNS5A|query31-1371|h77_aa1-448|extracted_nt1341|aligned_aa449|pident80.178,HCV,1b,100.0
KC124772|geneNS5A|query31-1371|h77_aa1-448|extracted_nt1341|aligned_aa449|pident80.178,HCV,1b,100.0
KC124769|geneNS5A|query31-1371|h77_aa1-448|extracted_nt1341|aligned_aa448|pident79.464,HCV,1b,100.0
KC124781|geneNS5A|query31-1371|h77_aa1-448|extracted_nt1341|aligned_aa449|pident80.178,HCV,1b,100.0
KC124779|geneNS5A|query31-1371|h77_aa1-448|extracted_nt1341|aligned_aa453|pident81.015,HCV,1b,100.0
KC124792|geneNS5A|query31-1371|h77_aa1-448|extracted_nt1341|aligned_aa448|pident80.357,HCV,1b,100.0
KC124789|geneNS5A|query31-1371|h77_aa1-448|extracted_nt1341|aligned_aa453|pident80.353,HCV,1b,100.0
KC124803|geneNS5A|query31-1371|h77_aa1-448|extracted_nt1341|aligned_aa448|pident80.357,HCV,1b,100.0
KC124815|geneNS5A|query31-1371|h77_aa1-448|extracted_nt1341|aligned_aa448|pident79.241,HCV,1b,100.0
KC124807|geneNS5A|query31-1371|h77_aa1-448|extracted_nt1341|aligned_aa449|pident80.401,HCV,1b,100.0
KC124817|geneNS5A|query31-1371|h77_aa1-448|extracted_nt1341|aligned_aa448|pident81.473,HCV,1b,100.0
KC124818|geneNS5A|query31-1371|h77_aa1-448|extracted_nt1341|aligned_aa449|pident81.069,HCV,1b,100.0
KC124825|geneNS5A|query31-1371|h77_aa1-448|extracted_nt1341|aligned_aa448|pident79.911,HCV,1b,100.0
KC124829|geneNS5A|query31-1371|h77_aa1-448|extracted_nt1341|aligned_aa449|pident80.846,HCV,1b,100.0
KC124841|geneNS5A|query31-1371|h77_aa1-448|extracted_nt1341|aligned_aa449|pident80.401,HCV,1b,100.0
KC124832|geneNS5A|query31-1371|h77_aa1-448|extracted_nt1341|aligned_aa449|pident80.624,HCV,1b,100.0
KC124823|geneNS5A|query31-1371|h77_aa1-448|extracted_nt1341|aligned_aa449|pident80.178,HCV,1b,100.0
KC124820|geneNS5A|query31-1371|h77_aa1-448|extracted_nt1341|aligned_aa449|pident78.619,HCV,1b,100.0
KC124831|geneNS5A|query31-1371|h77_aa1-448|extracted_nt1341|aligned_aa449|pident80.846,HCV,1b,100.0
KC124847|geneNS5A|query31-1371|h77_aa1-448|extracted_nt1341|aligned_aa448|pident79.018,HCV,1b,100.0
KC124846|geneNS5A|query31-1371|h77_aa1-448|extracted_nt1341|aligned_aa448|pident81.027,HCV,1b,100.0
KC124848|geneNS5A|query31-1371|h77_aa1-448|extracted_nt1341|aligned_aa449|pident80.401,HCV,1b,100.0
KC124855|geneNS5A|query31-1371|h77_aa1-448|extracted_nt1341|aligned_aa453|pident80.353,HCV,1b,100.0
KC124866|geneNS5A|query31-1371|h77_aa1-448|extracted_nt1341|aligned_aa449|pident79.733,HCV,1b,100.0
KC124886|geneNS5A|query31-1371|h77_aa1-448|extracted_nt1341|aligned_aa449|pident80.178,HCV,1b,100.0
KC124876|geneNS5A|query31-1371|h77_aa1-448|extracted_nt1341|aligned_aa448|pident80.134,HCV,1b,100.0
KC124896|geneNS5A|query31-1371|h77_aa1-448|extracted_nt1341|aligned_aa448|pident79.688,HCV,1b,100.0
KC124900|geneNS5A|query31-1371|h77_aa1-448|extracted_nt1341|aligned_aa448|pident81.027,HCV,1b,100.0
KC124902|geneNS5A|query31-1371|h77_aa1-448|extracted_nt1341|aligned_aa448|pident79.688,HCV,1b,100.0
KC124894|geneNS5A|query31-1371|h77_aa1-448|extracted_nt1341|aligned_aa449|pident77.728,HCV,1b,100.0
KC124919|geneNS5A|query31-1371|h77_aa1-448|extracted_nt1341|aligned_aa450|pident80.889,HCV,1b,100.0
KC124922|geneNS5A|query31-1371|h77_aa1-448|extracted_nt1341|aligned_aa448|pident80.357,HCV,1b,100.0
KC124895|geneNS5A|query31-1371|h77_aa1-448|extracted_nt1341|aligned_aa450|pident80.667,HCV,1b,100.0
KC124921|geneNS5A|query31-1371|h77_aa1-448|extracted_nt1341|aligned_aa450|pident80.222,HCV,1b,100.0
KC124913|geneNS5A|query31-1371|h77_aa1-448|extracted_nt1341|aligned_aa448|pident80.357,HCV,1b,100.0
KC124925|geneNS5A|query31-1371|h77_aa1-448|extracted_nt1341|aligned_aa448|pident80.134,HCV,1b,100.0
KC124927|geneNS5A|query31-1371|h77_aa1-448|extracted_nt1341|aligned_aa449|pident80.846,HCV,1b,100.0
KC124926|geneNS5A|query31-1371|h77_aa1-448|extracted_nt1341|aligned_aa448|pident81.027,HCV,1b,100.0
KC124929|geneNS5A|query31-1371|h77_aa1-448|extracted_nt1341|aligned_aa449|pident78.842,HCV,1b,100.0
KC124934|geneNS5A|query31-1371|h77_aa1-448|extracted_nt1341|aligned_aa448|pident80.580,HCV,1b,100.0
KC124933|geneNS5A|query31-1371|h77_aa1-448|extracted_nt1341|aligned_aa448|pident78.348,HCV,1b,100.0
KC124942|geneNS5A|query31-1371|h77_aa1-448|extracted_nt1341|aligned_aa449|pident79.510,HCV,1b,100.0
KC124936|geneNS5A|query31-1371|h77_aa1-448|extracted_nt1341|aligned_aa448|pident79.911,HCV,1b,100.0
KC124932|geneNS5A|query31-1371|h77_aa1-448|extracted_nt1341|aligned_aa448|pident79.018,HCV,1b,100.0
KC124944|geneNS5A|query31-1371|h77_aa1-448|extracted_nt1341|aligned_aa449|pident81.292,HCV,1b,100.0
KC124947|geneNS5A|query31-1371|h77_aa1-448|extracted_nt1341|aligned_aa453|pident79.470,HCV,1b,100.0
KC124949|geneNS5A|query31-1371|h77_aa1-448|extracted_nt1341|aligned_aa449|pident81.514,HCV,1b,100.0
KC124939|geneNS5A|query31-1371|h77_aa1-448|extracted_nt1341|aligned_aa448|pident80.580,HCV,1b,100.0
KC124951|geneNS5A|query31-1371|h77_aa1-448|extracted_nt1341|aligned_aa449|pident80.178,HCV,1b,100.0
KC124960|geneNS5A|query31-1371|h77_aa1-448|extracted_nt1341|aligned_aa449|pident81.069,HCV,1b,100.0
KC124954|geneNS5A|query31-1371|h77_aa1-448|extracted_nt1341|aligned_aa452|pident78.319,HCV,1b,100.0
KC124961|geneNS5A|query31-1371|h77_aa1-448|extracted_nt1341|aligned_aa449|pident80.178,HCV,1b,100.0
KC124952|geneNS5A|query31-1371|h77_aa1-448|extracted_nt1341|aligned_aa448|pident80.804,HCV,1b,100.0
KC124967|geneNS5A|query31-1371|h77_aa1-448|extracted_nt1341|aligned_aa448|pident80.134,HCV,1b,100.0
KC124940|geneNS5A|query31-1371|h77_aa1-448|extracted_nt1341|aligned_aa449|pident81.292,HCV,1b,100.0
KC124963|geneNS5A|query31-1371|h77_aa1-448|extracted_nt1341|aligned_aa448|pident79.911,HCV,1b,100.0
KC124978|geneNS5A|query31-1371|h77_aa1-448|extracted_nt1341|aligned_aa449|pident80.401,HCV,1b,100.0
KC124966|geneNS5A|query31-1371|h77_aa1-448|extracted_nt1341|aligned_aa448|pident80.804,HCV,1b,100.0
KC124985|geneNS5A|query31-1371|h77_aa1-448|extracted_nt1341|aligned_aa448|pident80.580,HCV,1b,100.0
KC124984|geneNS5A|query31-1371|h77_aa1-448|extracted_nt1341|aligned_aa448|pident80.580,HCV,1b,100.0
KC124979|geneNS5A|query31-1371|h77_aa1-448|extracted_nt1341|aligned_aa448|pident80.357,HCV,1b,100.0
KC124999|geneNS5A|query31-1371|h77_aa1-448|extracted_nt1341|aligned_aa448|pident80.804,HCV,1b,100.0
KC125006|geneNS5A|query31-1371|h77_aa1-448|extracted_nt1341|aligned_aa449|pident79.733,HCV,1b,100.0
KC125002|geneNS5A|query31-1371|h77_aa1-448|extracted_nt1341|aligned_aa449|pident80.846,HCV,1b,100.0
KC127122|geneNS5A|query31-1374|h77_aa1-448|extracted_nt1344|aligned_aa448|pident94.420,HCV,1a,100.0
KC127124|geneNS5A|query31-1374|h77_aa1-448|extracted_nt1344|aligned_aa448|pident92.857,HCV,1a,100.0
KC127128|geneNS5A|query31-1374|h77_aa1-448|extracted_nt1344|aligned_aa448|pident96.205,HCV,1a,100.0
KC127127|geneNS5A|query31-1374|h77_aa1-448|extracted_nt1344|aligned_aa448|pident90.179,HCV,1a,100.0
KC127132|geneNS5A|query31-1374|h77_aa1-448|extracted_nt1344|aligned_aa448|pident92.188,HCV,1a,100.0
KC127135|geneNS5A|query31-1374|h77_aa1-448|extracted_nt1344|aligned_aa448|pident93.527,HCV,1a,100.0
KC127125|geneNS5A|query31-1374|h77_aa1-448|extracted_nt1344|aligned_aa448|pident94.866,HCV,1a,100.0
KC127139|geneNS5A|query31-1374|h77_aa1-448|extracted_nt1344|aligned_aa448|pident96.429,HCV,1a,100.0
KC127136|geneNS5A|query31-1374|h77_aa1-448|extracted_nt1344|aligned_aa448|pident96.429,HCV,1a,100.0
KC127138|geneNS5A|query31-1374|h77_aa1-448|extracted_nt1344|aligned_aa448|pident92.411,HCV,1a,100.0
KC127131|geneNS5A|query31-1374|h77_aa1-448|extracted_nt1344|aligned_aa448|pident94.420,HCV,1a,100.0
KC127146|geneNS5A|query31-1374|h77_aa1-448|extracted_nt1344|aligned_aa448|pident94.866,HCV,1a,100.0
KC127151|geneNS5A|query31-1374|h77_aa1-448|extracted_nt1344|aligned_aa448|pident95.759,HCV,1a,100.0
KC127150|geneNS5A|query31-1374|h77_aa1-448|extracted_nt1344|aligned_aa448|pident93.527,HCV,1a,100.0
KC127152|geneNS5A|query31-1374|h77_aa1-448|extracted_nt1344|aligned_aa448|pident94.420,HCV,1a,100.0
KC127153|geneNS5A|query31-1374|h77_aa1-448|extracted_nt1344|aligned_aa448|pident93.750,HCV,1a,100.0
KC127142|geneNS5A|query31-1374|h77_aa1-448|extracted_nt1344|aligned_aa448|pident93.527,HCV,1a,100.0
KC127140|geneNS5A|query31-1374|h77_aa1-448|extracted_nt1344|aligned_aa448|pident95.312,HCV,1a,100.0
KC127156|geneNS5A|query31-1374|h77_aa1-448|extracted_nt1344|aligned_aa448|pident95.759,HCV,1a,100.0
KC127163|geneNS5A|query31-1374|h77_aa1-448|extracted_nt1344|aligned_aa448|pident96.429,HCV,1a,100.0
KC127164|geneNS5A|query31-1368|h77_aa1-448|extracted_nt1338|aligned_aa448|pident89.955,HCV,1a,100.0
KC127165|geneNS5A|query31-1374|h77_aa1-448|extracted_nt1344|aligned_aa448|pident91.964,HCV,1a,100.0
KC127167|geneNS5A|query31-1374|h77_aa1-448|extracted_nt1344|aligned_aa448|pident92.857,HCV,1a,100.0
KC127166|geneNS5A|query31-1374|h77_aa1-448|extracted_nt1344|aligned_aa448|pident94.420,HCV,1a,100.0
KC127170|geneNS5A|query31-1374|h77_aa1-448|extracted_nt1344|aligned_aa448|pident91.741,HCV,1a,100.0
KC127169|geneNS5A|query31-1374|h77_aa1-448|extracted_nt1344|aligned_aa448|pident93.750,HCV,1a,100.0
KC127159|geneNS5A|query31-1374|h77_aa1-448|extracted_nt1344|aligned_aa448|pident93.527,HCV,1a,100.0
KC127171|geneNS5A|query31-1374|h77_aa1-448|extracted_nt1344|aligned_aa448|pident95.536,HCV,1a,100.0
KC127154|geneNS5A|query31-1374|h77_aa1-448|extracted_nt1344|aligned_aa448|pident93.304,HCV,1a,100.0
KC127174|geneNS5A|query31-1374|h77_aa1-448|extracted_nt1344|aligned_aa448|pident95.536,HCV,1a,100.0
KC127177|geneNS5A|query31-1374|h77_aa1-448|extracted_nt1344|aligned_aa448|pident95.089,HCV,1a,100.0
KC127181|geneNS5A|query31-1374|h77_aa1-448|extracted_nt1344|aligned_aa448|pident93.750,HCV,1a,100.0
KC127178|geneNS5A|query31-1374|h77_aa1-448|extracted_nt1344|aligned_aa448|pident96.652,HCV,1a,100.0
KC127189|geneNS5A|query31-1374|h77_aa1-448|extracted_nt1344|aligned_aa448|pident96.205,HCV,1a,100.0
KC127192|geneNS5A|query31-1374|h77_aa1-448|extracted_nt1344|aligned_aa448|pident94.196,HCV,1a,100.0
KC127257|geneNS5A|query31-1374|h77_aa1-448|extracted_nt1344|aligned_aa448|pident95.312,HCV,1a,100.0
KC127265|geneNS5A|query31-1374|h77_aa1-448|extracted_nt1344|aligned_aa448|pident92.634,HCV,1a,100.0
KC127267|geneNS5A|query31-1374|h77_aa1-448|extracted_nt1344|aligned_aa448|pident97.321,HCV,1a,100.0
KC127263|geneNS5A|query31-1374|h77_aa1-448|extracted_nt1344|aligned_aa448|pident95.089,HCV,1a,100.0
KC127268|geneNS5A|query31-1374|h77_aa1-448|extracted_nt1344|aligned_aa448|pident94.866,HCV,1a,100.0
KC127279|geneNS5A|query31-1374|h77_aa1-448|extracted_nt1344|aligned_aa448|pident94.866,HCV,1a,100.0
KC127290|geneNS5A|query31-1374|h77_aa1-448|extracted_nt1344|aligned_aa448|pident97.321,HCV,1a,100.0
KC127269|geneNS5A|query31-1374|h77_aa1-448|extracted_nt1344|aligned_aa448|pident91.964,HCV,1a,100.0
KC127286|geneNS5A|query31-1374|h77_aa1-448|extracted_nt1344|aligned_aa448|pident94.866,HCV,1a,100.0
KC127289|geneNS5A|query31-1374|h77_aa1-448|extracted_nt1344|aligned_aa448|pident94.866,HCV,1a,100.0
KC127292|geneNS5A|query31-1374|h77_aa1-448|extracted_nt1344|aligned_aa448|pident93.304,HCV,1a,100.0
KC127293|geneNS5A|query31-1374|h77_aa1-448|extracted_nt1344|aligned_aa448|pident94.866,HCV,1a,100.0
KC127295|geneNS5A|query31-1374|h77_aa1-448|extracted_nt1344|aligned_aa448|pident94.196,HCV,1a,100.0
KC127288|geneNS5A|query31-1374|h77_aa1-448|extracted_nt1344|aligned_aa448|pident95.536,HCV,1a,100.0
KC127296|geneNS5A|query31-1374|h77_aa1-448|extracted_nt1344|aligned_aa448|pident94.866,HCV,1a,100.0
KC127287|geneNS5A|query31-1374|h77_aa1-448|extracted_nt1344|aligned_aa448|pident96.205,HCV,1a,100.0
KC127278|geneNS5A|query31-1374|h77_aa1-448|extracted_nt1344|aligned_aa448|pident93.750,HCV,1a,100.0
KC127299|geneNS5A|query31-1374|h77_aa1-448|extracted_nt1344|aligned_aa448|pident93.973,HCV,1a,100.0
KC127307|geneNS5A|query31-1374|h77_aa1-448|extracted_nt1344|aligned_aa448|pident94.866,HCV,1a,100.0
KC127302|geneNS5A|query31-1374|h77_aa1-448|extracted_nt1344|aligned_aa448|pident95.089,HCV,1a,100.0
KC127309|geneNS5A|query31-1374|h77_aa1-448|extracted_nt1344|aligned_aa448|pident94.643,HCV,1a,100.0
KC127305|geneNS5A|query31-1374|h77_aa1-448|extracted_nt1344|aligned_aa448|pident94.196,HCV,1a,100.0
KC127310|geneNS5A|query31-1374|h77_aa1-448|extracted_nt1344|aligned_aa448|pident93.750,HCV,1a,100.0
KC127312|geneNS5A|query31-1374|h77_aa1-448|extracted_nt1344|aligned_aa448|pident93.527,HCV,1a,100.0
KC127317|geneNS5A|query31-1374|h77_aa1-448|extracted_nt1344|aligned_aa448|pident93.973,HCV,1a,100.0
KC127300|geneNS5A|query31-1374|h77_aa1-448|extracted_nt1344|aligned_aa448|pident94.866,HCV,1a,100.0
KC127311|geneNS5A|query31-1374|h77_aa1-448|extracted_nt1344|aligned_aa448|pident96.429,HCV,1a,100.0
KC127325|geneNS5A|query31-1374|h77_aa1-448|extracted_nt1344|aligned_aa448|pident93.527,HCV,1a,100.0
KC127329|geneNS5A|query31-1374|h77_aa1-448|extracted_nt1344|aligned_aa448|pident96.205,HCV,1a,100.0
KC127326|geneNS5A|query31-1374|h77_aa1-448|extracted_nt1344|aligned_aa448|pident93.304,HCV,1a,100.0
KC127323|geneNS5A|query31-1374|h77_aa1-448|extracted_nt1344|aligned_aa448|pident94.420,HCV,1a,100.0
KC127343|geneNS5A|query31-1374|h77_aa1-448|extracted_nt1344|aligned_aa448|pident94.196,HCV,1a,100.0
KC127353|geneNS5A|query31-1374|h77_aa1-448|extracted_nt1344|aligned_aa448|pident95.982,HCV,1a,100.0
KC127356|geneNS5A|query31-1374|h77_aa1-448|extracted_nt1344|aligned_aa448|pident95.089,HCV,1a,100.0
KC127358|geneNS5A|query31-1374|h77_aa1-448|extracted_nt1344|aligned_aa448|pident93.750,HCV,1a,100.0
KC127369|geneNS5A|query31-1374|h77_aa1-448|extracted_nt1344|aligned_aa448|pident95.089,HCV,1a,100.0
KC127354|geneNS5A|query31-1374|h77_aa1-448|extracted_nt1344|aligned_aa448|pident96.205,HCV,1a,100.0
KC127368|geneNS5A|query31-1374|h77_aa1-448|extracted_nt1344|aligned_aa448|pident96.429,HCV,1a,100.0
KC127366|geneNS5A|query31-1374|h77_aa1-448|extracted_nt1344|aligned_aa448|pident95.536,HCV,1a,100.0
KC127352|geneNS5A|query31-1374|h77_aa1-448|extracted_nt1344|aligned_aa448|pident96.875,HCV,1a,100.0
KC127374|geneNS5A|query31-1374|h77_aa1-448|extracted_nt1344|aligned_aa448|pident94.643,HCV,1a,100.0
KC127361|geneNS5A|query31-1374|h77_aa1-448|extracted_nt1344|aligned_aa448|pident95.089,HCV,1a,100.0
KC127370|geneNS5A|query31-1374|h77_aa1-448|extracted_nt1344|aligned_aa448|pident93.080,HCV,1a,100.0
KC127554|geneNS5A|query31-1374|h77_aa1-448|extracted_nt1344|aligned_aa448|pident97.098,HCV,1a,100.0
KC127558|geneNS5A|query31-1374|h77_aa1-448|extracted_nt1344|aligned_aa448|pident94.866,HCV,1a,100.0
KC127560|geneNS5A|query31-1374|h77_aa1-448|extracted_nt1344|aligned_aa448|pident94.643,HCV,1a,100.0
KC127565|geneNS5A|query31-1374|h77_aa1-448|extracted_nt1344|aligned_aa448|pident93.973,HCV,1a,100.0
KC127567|geneNS5A|query31-1374|h77_aa1-448|extracted_nt1344|aligned_aa448|pident94.866,HCV,1a,100.0
KC127549|geneNS5A|query31-1374|h77_aa1-448|extracted_nt1344|aligned_aa448|pident94.196,HCV,1a,100.0
KC127559|geneNS5A|query31-1374|h77_aa1-448|extracted_nt1344|aligned_aa448|pident92.411,HCV,1a,100.0
KC127568|geneNS5A|query31-1374|h77_aa1-448|extracted_nt1344|aligned_aa448|pident91.964,HCV,1a,100.0
KC127571|geneNS5A|query31-1374|h77_aa1-448|extracted_nt1344|aligned_aa448|pident93.750,HCV,1a,100.0
KC127570|geneNS5A|query31-1374|h77_aa1-448|extracted_nt1344|aligned_aa448|pident95.536,HCV,1a,100.0
KC124861|geneNS5A|query31-1371|h77_aa1-448|extracted_nt1341|aligned_aa448|pident79.464,HCV,1b,100.0
KC124865|geneNS5A|query31-1371|h77_aa1-448|extracted_nt1341|aligned_aa448|pident80.357,HCV,1b,100.0
KC127188|geneNS5A|query31-1374|h77_aa1-448|extracted_nt1344|aligned_aa448|pident95.089,HCV,1a,100.0
KC127143|geneNS5A|query31-1374|h77_aa1-448|extracted_nt1344|aligned_aa448|pident90.848,HCV,1a,100.0
KC127187|geneNS5A|query31-1374|h77_aa1-448|extracted_nt1344|aligned_aa448|pident97.321,HCV,1a,100.0
KC127184|geneNS5A|query31-1374|h77_aa1-448|extracted_nt1344|aligned_aa448|pident95.536,HCV,1a,100.0
KC127194|geneNS5A|query34-1374|h77_aa2-448|extracted_nt1341|aligned_aa447|pident95.973,HCV,1a,100.0
KC127196|geneNS5A|query31-1374|h77_aa1-448|extracted_nt1344|aligned_aa448|pident96.429,HCV,1a,100.0
KC127200|geneNS5A|query31-1374|h77_aa1-448|extracted_nt1344|aligned_aa448|pident96.429,HCV,1a,100.0
KC127186|geneNS5A|query34-1374|h77_aa2-448|extracted_nt1341|aligned_aa447|pident95.302,HCV,1a,100.0
KC127203|geneNS5A|query31-1374|h77_aa1-448|extracted_nt1344|aligned_aa448|pident96.652,HCV,1a,100.0
KC127195|geneNS5A|query31-1374|h77_aa1-448|extracted_nt1344|aligned_aa448|pident96.652,HCV,1a,100.0
KC127204|geneNS5A|query31-1374|h77_aa1-448|extracted_nt1344|aligned_aa448|pident93.080,HCV,1a,100.0
KC127206|geneNS5A|query31-1374|h77_aa1-448|extracted_nt1344|aligned_aa448|pident92.188,HCV,1a,100.0
KC127202|geneNS5A|query31-1374|h77_aa1-448|extracted_nt1344|aligned_aa448|pident94.196,HCV,1a,100.0
KC127207|geneNS5A|query31-1374|h77_aa1-448|extracted_nt1344|aligned_aa448|pident94.866,HCV,1a,100.0
KC127208|geneNS5A|query31-1374|h77_aa1-448|extracted_nt1344|aligned_aa448|pident95.759,HCV,1a,100.0
KC127212|geneNS5A|query31-1374|h77_aa1-448|extracted_nt1344|aligned_aa448|pident93.750,HCV,1a,100.0
KC127205|geneNS5A|query34-1374|h77_aa2-448|extracted_nt1341|aligned_aa447|pident94.407,HCV,1a,100.0
KC127219|geneNS5A|query31-1374|h77_aa1-448|extracted_nt1344|aligned_aa448|pident92.857,HCV,1a,100.0
KC127201|geneNS5A|query31-1374|h77_aa1-448|extracted_nt1344|aligned_aa448|pident94.643,HCV,1a,100.0
KC127216|geneNS5A|query31-1374|h77_aa1-448|extracted_nt1344|aligned_aa448|pident93.304,HCV,1a,100.0
KC127217|geneNS5A|query31-1374|h77_aa1-448|extracted_nt1344|aligned_aa448|pident93.750,HCV,1a,100.0
KC127221|geneNS5A|query31-1374|h77_aa1-448|extracted_nt1344|aligned_aa448|pident94.866,HCV,1a,100.0
KC127213|geneNS5A|query31-1374|h77_aa1-448|extracted_nt1344|aligned_aa448|pident95.089,HCV,1a,100.0
KC127225|geneNS5A|query31-1374|h77_aa1-448|extracted_nt1344|aligned_aa448|pident95.759,HCV,1a,100.0
KC127214|geneNS5A|query31-1374|h77_aa1-448|extracted_nt1344|aligned_aa448|pident95.982,HCV,1a,100.0
KC127227|geneNS5A|query31-1374|h77_aa1-448|extracted_nt1344|aligned_aa448|pident93.527,HCV,1a,100.0
KC127231|geneNS5A|query31-1374|h77_aa1-448|extracted_nt1344|aligned_aa448|pident95.312,HCV,1a,100.0
KC127230|geneNS5A|query31-1374|h77_aa1-448|extracted_nt1344|aligned_aa448|pident95.536,HCV,1a,100.0
KC127210|geneNS5A|query31-1374|h77_aa1-448|extracted_nt1344|aligned_aa448|pident95.312,HCV,1a,100.0
KC127224|geneNS5A|query31-1374|h77_aa1-448|extracted_nt1344|aligned_aa448|pident95.089,HCV,1a,100.0
KC127238|geneNS5A|query31-1374|h77_aa1-448|extracted_nt1344|aligned_aa448|pident94.420,HCV,1a,100.0
KC127223|geneNS5A|query31-1374|h77_aa1-448|extracted_nt1344|aligned_aa448|pident95.536,HCV,1a,100.0
KC127244|geneNS5A|query31-1374|h77_aa1-448|extracted_nt1344|aligned_aa448|pident94.196,HCV,1a,100.0
KC127249|geneNS5A|query31-1374|h77_aa1-448|extracted_nt1344|aligned_aa448|pident95.536,HCV,1a,100.0
KC127248|geneNS5A|query31-1374|h77_aa1-448|extracted_nt1344|aligned_aa448|pident97.321,HCV,1a,100.0
KC127250|geneNS5A|query31-1374|h77_aa1-448|extracted_nt1344|aligned_aa448|pident95.312,HCV,1a,100.0
KC127246|geneNS5A|query31-1374|h77_aa1-448|extracted_nt1344|aligned_aa448|pident94.866,HCV,1a,100.0
KC127235|geneNS5A|query31-1374|h77_aa1-448|extracted_nt1344|aligned_aa448|pident94.866,HCV,1a,100.0
KC127236|geneNS5A|query31-1374|h77_aa1-448|extracted_nt1344|aligned_aa448|pident94.866,HCV,1a,100.0
KC127253|geneNS5A|query31-1374|h77_aa1-448|extracted_nt1344|aligned_aa448|pident93.750,HCV,1a,100.0
KC127233|geneNS5A|query31-1374|h77_aa1-448|extracted_nt1344|aligned_aa448|pident93.527,HCV,1a,100.0
KC127260|geneNS5A|query31-1374|h77_aa1-448|extracted_nt1344|aligned_aa448|pident95.312,HCV,1a,100.0
KC127254|geneNS5A|query31-1374|h77_aa1-448|extracted_nt1344|aligned_aa448|pident95.089,HCV,1a,100.0
KC127380|geneNS5A|query31-1374|h77_aa1-448|extracted_nt1344|aligned_aa448|pident94.866,HCV,1a,100.0
KC127391|geneNS5A|query31-1374|h77_aa1-448|extracted_nt1344|aligned_aa448|pident95.759,HCV,1a,100.0
KC127385|geneNS5A|query31-1374|h77_aa1-448|extracted_nt1344|aligned_aa448|pident95.089,HCV,1a,100.0
KC127399|geneNS5A|query31-1374|h77_aa1-448|extracted_nt1344|aligned_aa448|pident95.089,HCV,1a,100.0
KC127392|geneNS5A|query31-1374|h77_aa1-448|extracted_nt1344|aligned_aa448|pident93.750,HCV,1a,100.0
KC127395|geneNS5A|query31-1374|h77_aa1-448|extracted_nt1344|aligned_aa448|pident95.536,HCV,1a,100.0
KC127416|geneNS5A|query31-1374|h77_aa1-448|extracted_nt1344|aligned_aa448|pident94.196,HCV,1a,100.0
KC127422|geneNS5A|query31-1374|h77_aa1-448|extracted_nt1344|aligned_aa448|pident96.429,HCV,1a,100.0
KC127420|geneNS5A|query31-1374|h77_aa1-448|extracted_nt1344|aligned_aa448|pident94.866,HCV,1a,100.0
KC127428|geneNS5A|query31-1374|h77_aa1-448|extracted_nt1344|aligned_aa448|pident93.304,HCV,1a,100.0
KC127417|geneNS5A|query31-1374|h77_aa1-448|extracted_nt1344|aligned_aa448|pident95.759,HCV,1a,100.0
KC127431|geneNS5A|query31-1374|h77_aa1-448|extracted_nt1344|aligned_aa448|pident95.312,HCV,1a,100.0
KC127421|geneNS5A|query31-1374|h77_aa1-448|extracted_nt1344|aligned_aa448|pident94.196,HCV,1a,100.0
KC127439|geneNS5A|query31-1374|h77_aa1-448|extracted_nt1344|aligned_aa448|pident95.536,HCV,1a,100.0
KC127437|geneNS5A|query31-1374|h77_aa1-448|extracted_nt1344|aligned_aa448|pident94.643,HCV,1a,100.0
KC127430|geneNS5A|query31-1374|h77_aa1-448|extracted_nt1344|aligned_aa448|pident95.312,HCV,1a,100.0
KC127451|geneNS5A|query31-1374|h77_aa1-448|extracted_nt1344|aligned_aa448|pident94.866,HCV,1a,100.0
KC127459|geneNS5A|query31-1374|h77_aa1-448|extracted_nt1344|aligned_aa448|pident95.982,HCV,1a,100.0
KC127472|geneNS5A|query31-1374|h77_aa1-448|extracted_nt1344|aligned_aa448|pident94.643,HCV,1a,100.0
KC127477|geneNS5A|query31-1374|h77_aa1-448|extracted_nt1344|aligned_aa448|pident94.866,HCV,1a,100.0
KC127479|geneNS5A|query31-1374|h77_aa1-448|extracted_nt1344|aligned_aa448|pident94.420,HCV,1a,100.0
KC127483|geneNS5A|query31-1374|h77_aa1-448|extracted_nt1344|aligned_aa448|pident94.866,HCV,1a,100.0
KC127489|geneNS5A|query31-1374|h77_aa1-448|extracted_nt1344|aligned_aa448|pident94.643,HCV,1a,100.0
KC127491|geneNS5A|query31-1374|h77_aa1-448|extracted_nt1344|aligned_aa448|pident93.527,HCV,1a,100.0
KC127493|geneNS5A|query31-1374|h77_aa1-448|extracted_nt1344|aligned_aa448|pident93.527,HCV,1a,100.0
KC127499|geneNS5A|query31-1374|h77_aa1-448|extracted_nt1344|aligned_aa448|pident94.643,HCV,1a,100.0
KC127497|geneNS5A|query31-1374|h77_aa1-448|extracted_nt1344|aligned_aa448|pident93.080,HCV,1a,100.0
KC127490|geneNS5A|query31-1374|h77_aa1-448|extracted_nt1344|aligned_aa448|pident93.750,HCV,1a,100.0
KC127498|geneNS5A|query31-1374|h77_aa1-448|extracted_nt1344|aligned_aa448|pident94.643,HCV,1a,100.0
KC127500|geneNS5A|query31-1374|h77_aa1-448|extracted_nt1344|aligned_aa448|pident93.304,HCV,1a,100.0
KC127478|geneNS5A|query31-1374|h77_aa1-448|extracted_nt1344|aligned_aa448|pident93.080,HCV,1a,100.0
KC127504|geneNS5A|query31-1374|h77_aa1-448|extracted_nt1344|aligned_aa448|pident95.089,HCV,1a,100.0
KC127502|geneNS5A|query31-1374|h77_aa1-448|extracted_nt1344|aligned_aa448|pident94.420,HCV,1a,100.0
KC127501|geneNS5A|query31-1374|h77_aa1-448|extracted_nt1344|aligned_aa448|pident93.304,HCV,1a,100.0
KC127519|geneNS5A|query31-1374|h77_aa1-448|extracted_nt1344|aligned_aa448|pident95.089,HCV,1a,100.0
KC127516|geneNS5A|query31-1374|h77_aa1-448|extracted_nt1344|aligned_aa448|pident93.527,HCV,1a,100.0
KC127525|geneNS5A|query31-1374|h77_aa1-448|extracted_nt1344|aligned_aa448|pident95.982,HCV,1a,100.0
KC127531|geneNS5A|query31-1374|h77_aa1-448|extracted_nt1344|aligned_aa448|pident95.312,HCV,1a,100.0
KC127536|geneNS5A|query31-1374|h77_aa1-448|extracted_nt1344|aligned_aa448|pident95.759,HCV,1a,100.0
KC127527|geneNS5A|query31-1374|h77_aa1-448|extracted_nt1344|aligned_aa448|pident94.196,HCV,1a,100.0
KC127538|geneNS5A|query31-1374|h77_aa1-448|extracted_nt1344|aligned_aa448|pident95.982,HCV,1a,100.0
KC127537|geneNS5A|query31-1374|h77_aa1-448|extracted_nt1344|aligned_aa448|pident94.196,HCV,1a,100.0
KC127534|geneNS5A|query31-1374|h77_aa1-448|extracted_nt1344|aligned_aa448|pident95.312,HCV,1a,100.0
KC127533|geneNS5A|query31-1374|h77_aa1-448|extracted_nt1344|aligned_aa448|pident92.857,HCV,1a,100.0
KC127539|geneNS5A|query31-1374|h77_aa1-448|extracted_nt1344|aligned_aa448|pident96.652,HCV,1a,100.0
KC127545|geneNS5A|query31-1374|h77_aa1-448|extracted_nt1344|aligned_aa448|pident95.759,HCV,1a,100.0
JX227962|geneNS5A|query6185-7525|h77_aa3-448|extracted_nt1341|aligned_aa450|pident76.889,HCV,4r,100.0
JX227956|geneNS5A|query6198-7553|h77_aa1-448|extracted_nt1356|aligned_aa453|pident68.874,HCV,3i,100.0
JX227970|geneNS5A|query6185-7510|h77_aa3-448|extracted_nt1326|aligned_aa449|pident72.383,HCV,4n,100.0
JX227964|geneNS5A|query6197-7534|h77_aa3-448|extracted_nt1338|aligned_aa451|pident75.610,HCV,4v,72.0
JX227957|geneNS5A|query6180-7514|h77_aa3-448|extracted_nt1335|aligned_aa449|pident71.269,HCV,4l,100.0
JX227973|geneNS5A|query6152-7477|h77_aa3-448|extracted_nt1326|aligned_aa449|pident73.274,HCV,4n,100.0
JX227978|geneNS5A|query6148-7467|h77_aa4-448|extracted_nt1320|aligned_aa448|pident73.214,HCV,4o,100.0
JX227966|geneNS5A|query6327-7724|h77_aa1-448|extracted_nt1398|aligned_aa472|pident60.805,HCV,2c,100.0
JX227979|geneNS5A|query6148-7467|h77_aa4-448|extracted_nt1320|aligned_aa448|pident73.214,HCV,4o,100.0
JX674829|geneNS5A|query1-1356|h77_aa1-448|extracted_nt1356|aligned_aa456|pident69.956,HCV,3a,100.0
JX674834|geneNS5A|query1-1356|h77_aa1-448|extracted_nt1356|aligned_aa456|pident70.395,HCV,3a,100.0
JX674840|geneNS5A|query1-1356|h77_aa1-448|extracted_nt1356|aligned_aa455|pident70.330,HCV,3a,100.0
JX674839|geneNS5A|query1-1356|h77_aa1-448|extracted_nt1356|aligned_aa455|pident70.110,HCV,3a,100.0
JX674850|geneNS5A|query1-1356|h77_aa1-448|extracted_nt1356|aligned_aa455|pident70.110,HCV,3a,100.0
JX674851|geneNS5A|query1-1356|h77_aa1-448|extracted_nt1356|aligned_aa456|pident70.614,HCV,3a,100.0
JX674852|geneNS5A|query1-1356|h77_aa1-448|extracted_nt1356|aligned_aa455|pident70.330,HCV,3a,100.0
JX674857|geneNS5A|query1-1356|h77_aa1-448|extracted_nt1356|aligned_aa455|pident69.670,HCV,3a,100.0
JX674863|geneNS5A|query1-1356|h77_aa1-448|extracted_nt1356|aligned_aa455|pident70.989,HCV,3a,100.0
JX674855|geneNS5A|query1-1356|h77_aa1-448|extracted_nt1356|aligned_aa455|pident69.890,HCV,3a,100.0
JX674871|geneNS5A|query1-1356|h77_aa1-448|extracted_nt1356|aligned_aa456|pident68.860,HCV,3a,100.0
JX674883|geneNS5A|query1-1356|h77_aa1-448|extracted_nt1356|aligned_aa455|pident70.330,HCV,3a,100.0
JX674890|geneNS5A|query1-1356|h77_aa1-448|extracted_nt1356|aligned_aa456|pident69.518,HCV,3a,100.0
KC127574|geneNS5A|query31-1374|h77_aa1-448|extracted_nt1344|aligned_aa448|pident95.536,HCV,1a,100.0
KC767833|geneNS5A|query5362-6708|h77_aa2-448|extracted_nt1347|aligned_aa453|pident70.199,HCV,5a,100.0
KC767834|geneNS5A|query6154-7500|h77_aa2-448|extracted_nt1347|aligned_aa453|pident67.108,HCV,5a,100.0
KC283194|geneNS5A|query5960-6622|h77_aa1-221|extracted_nt663|aligned_aa221|pident88.688,HCV,1a,100.0
KC127583|geneNS5A|query31-1374|h77_aa1-448|extracted_nt1344|aligned_aa448|pident94.643,HCV,1a,100.0
KC127575|geneNS5A|query31-1374|h77_aa1-448|extracted_nt1344|aligned_aa448|pident94.196,HCV,1a,100.0
KC127589|geneNS5A|query31-1374|h77_aa1-448|extracted_nt1344|aligned_aa448|pident95.089,HCV,1a,100.0
KC127588|geneNS5A|query31-1374|h77_aa1-448|extracted_nt1344|aligned_aa448|pident94.196,HCV,1a,100.0
KC127603|geneNS5A|query31-1374|h77_aa1-448|extracted_nt1344|aligned_aa448|pident95.536,HCV,1a,100.0
KC127612|geneNS5A|query31-1374|h77_aa1-448|extracted_nt1344|aligned_aa448|pident94.866,HCV,1a,100.0
KC127610|geneNS5A|query31-1374|h77_aa1-448|extracted_nt1344|aligned_aa448|pident94.196,HCV,1a,100.0
KC127611|geneNS5A|query31-1374|h77_aa1-448|extracted_nt1344|aligned_aa448|pident94.196,HCV,1a,100.0
KC127609|geneNS5A|query31-1374|h77_aa1-448|extracted_nt1344|aligned_aa448|pident92.634,HCV,1a,100.0
KC127613|geneNS5A|query31-1374|h77_aa1-448|extracted_nt1344|aligned_aa448|pident92.188,HCV,1a,100.0
KC127619|geneNS5A|query31-1374|h77_aa1-448|extracted_nt1344|aligned_aa448|pident95.312,HCV,1a,100.0
KC127615|geneNS5A|query31-1374|h77_aa1-448|extracted_nt1344|aligned_aa448|pident95.089,HCV,1a,100.0
KC127606|geneNS5A|query31-1374|h77_aa1-448|extracted_nt1344|aligned_aa448|pident93.750,HCV,1a,100.0
KC127625|geneNS5A|query31-1374|h77_aa1-448|extracted_nt1344|aligned_aa448|pident93.973,HCV,1a,100.0
KC127616|geneNS5A|query31-1374|h77_aa1-448|extracted_nt1344|aligned_aa448|pident92.634,HCV,1a,100.0
KC127618|geneNS5A|query31-1374|h77_aa1-448|extracted_nt1344|aligned_aa448|pident94.866,HCV,1a,100.0
KC127624|geneNS5A|query31-1374|h77_aa1-448|extracted_nt1344|aligned_aa448|pident93.080,HCV,1a,100.0
KC127621|geneNS5A|query31-1374|h77_aa1-448|extracted_nt1344|aligned_aa448|pident94.196,HCV,1a,100.0
KC127620|geneNS5A|query31-1374|h77_aa1-448|extracted_nt1344|aligned_aa448|pident94.420,HCV,1a,100.0
KC127635|geneNS5A|query31-1374|h77_aa1-448|extracted_nt1344|aligned_aa448|pident95.759,HCV,1a,100.0
KC127628|geneNS5A|query31-1374|h77_aa1-448|extracted_nt1344|aligned_aa448|pident93.750,HCV,1a,100.0
KC127632|geneNS5A|query31-1374|h77_aa1-448|extracted_nt1344|aligned_aa448|pident95.536,HCV,1a,100.0
KC127627|geneNS5A|query31-1374|h77_aa1-448|extracted_nt1344|aligned_aa448|pident97.098,HCV,1a,100.0
KC127640|geneNS5A|query31-1374|h77_aa1-448|extracted_nt1344|aligned_aa448|pident95.089,HCV,1a,100.0
KC127630|geneNS5A|query31-1374|h77_aa1-448|extracted_nt1344|aligned_aa448|pident93.527,HCV,1a,100.0
KC127645|geneNS5A|query31-1374|h77_aa1-448|extracted_nt1344|aligned_aa448|pident95.536,HCV,1a,100.0
KC127637|geneNS5A|query31-1374|h77_aa1-448|extracted_nt1344|aligned_aa448|pident95.982,HCV,1a,100.0
KC127649|geneNS5A|query31-1374|h77_aa1-448|extracted_nt1344|aligned_aa448|pident94.643,HCV,1a,100.0
KC127642|geneNS5A|query31-1374|h77_aa1-448|extracted_nt1344|aligned_aa448|pident93.304,HCV,1a,100.0
KC127650|geneNS5A|query31-1374|h77_aa1-448|extracted_nt1344|aligned_aa448|pident93.750,HCV,1a,100.0
KC127656|geneNS5A|query31-1374|h77_aa1-448|extracted_nt1344|aligned_aa448|pident94.643,HCV,1a,100.0
KC127647|geneNS5A|query31-1374|h77_aa1-448|extracted_nt1344|aligned_aa448|pident93.973,HCV,1a,100.0
KC127638|geneNS5A|query31-1374|h77_aa1-448|extracted_nt1344|aligned_aa448|pident94.420,HCV,1a,100.0
KC197232|geneNS5A|query6239-7636|h77_aa1-448|extracted_nt1398|aligned_aa472|pident60.381,HCV,2j,100.0
KC127648|geneNS5A|query31-1374|h77_aa1-448|extracted_nt1344|aligned_aa448|pident93.080,HCV,1a,100.0
KC197235|geneNS5A|query6242-7582|h77_aa1-448|extracted_nt1341|aligned_aa454|pident64.537,HCV,2a,92.0
KC248193|geneNS5A|query6277-7620|h77_aa1-448|extracted_nt1344|aligned_aa448|pident80.580,HCV,1l,100.0
KC248198|geneNS5A|query6261-7604|h77_aa1-448|extracted_nt1344|aligned_aa451|pident77.827,HCV,1h,100.0
KC248199|geneNS5A|query6261-7604|h77_aa1-448|extracted_nt1344|aligned_aa449|pident78.396,HCV,1h,100.0
KC415735|geneNS5A|query1-1356|h77_aa1-448|extracted_nt1356|aligned_aa455|pident65.714,HCV,3a,100.0
KC415740|geneNS5A|query1-1356|h77_aa1-448|extracted_nt1356|aligned_aa457|pident66.302,HCV,3a,100.0
KC415734|geneNS5A|query1-1356|h77_aa1-448|extracted_nt1356|aligned_aa455|pident64.835,HCV,3a,100.0
KC415741|geneNS5A|query1-1356|h77_aa1-448|extracted_nt1356|aligned_aa455|pident61.758,HCV,3a,100.0
KC415739|geneNS5A|query1-1356|h77_aa1-448|extracted_nt1356|aligned_aa455|pident64.615,HCV,3a,100.0
KC415737|geneNS5A|query1-1356|h77_aa1-448|extracted_nt1356|aligned_aa455|pident67.253,HCV,3a,100.0
KC415742|geneNS5A|query1-1356|h77_aa1-448|extracted_nt1356|aligned_aa455|pident65.714,HCV,3a,100.0
KC591747|geneNS5A|query1-1341|h77_aa1-448|extracted_nt1341|aligned_aa450|pident80.889,HCV,1b,100.0
KC591760|geneNS5A|query1-1344|h77_aa1-448|extracted_nt1344|aligned_aa448|pident95.089,HCV,1a,100.0
KC591750|geneNS5A|query1-1344|h77_aa1-448|extracted_nt1344|aligned_aa448|pident95.982,HCV,1a,100.0
KC591758|geneNS5A|query1-1344|h77_aa1-448|extracted_nt1344|aligned_aa448|pident95.089,HCV,1a,100.0
KC591767|geneNS5A|query1-1344|h77_aa1-448|extracted_nt1344|aligned_aa448|pident94.420,HCV,1a,100.0
KC591765|geneNS5A|query1-1344|h77_aa1-448|extracted_nt1344|aligned_aa448|pident94.866,HCV,1a,100.0
KC591762|geneNS5A|query1-1344|h77_aa1-448|extracted_nt1344|aligned_aa448|pident94.643,HCV,1a,100.0
KC767832|geneNS5A|query6154-7503|h77_aa2-448|extracted_nt1350|aligned_aa454|pident67.841,HCV,5a,100.0
KC844045|geneNS5A|query6261-7586|h77_aa3-448|extracted_nt1326|aligned_aa449|pident73.274,HCV,4d,100.0
KF420498|geneNS5A|query1-1434|h77_aa1-448|extracted_nt1434|aligned_aa479|pident76.618,HCV,1b,100.0
KF420494|geneNS5A|query1-1413|h77_aa1-440|extracted_nt1413|aligned_aa471|pident76.008,HCV,1b,100.0
KF667850|geneNS5A|query1-1212|h77_aa1-409|extracted_nt1212|aligned_aa409|pident79.218,HCV,1b,100.0
KF667809|geneNS5A|query1-1218|h77_aa1-406|extracted_nt1218|aligned_aa406|pident92.857,HCV,1a,100.0
KF667853|geneNS5A|query1-1212|h77_aa1-403|extracted_nt1212|aligned_aa404|pident80.446,HCV,1b,100.0
KF667875|geneNS5A|query1-1194|h77_aa1-400|extracted_nt1194|aligned_aa400|pident79.250,HCV,1b,100.0
KF667877|geneNS5A|query1-1191|h77_aa1-399|extracted_nt1191|aligned_aa399|pident79.950,HCV,1b,100.0
KF667872|geneNS5A|query1-1191|h77_aa1-399|extracted_nt1191|aligned_aa399|pident81.704,HCV,1b,100.0
OR128496|geneNS5A|query1-456|h77_aa21-172|extracted_nt456|aligned_aa152|pident73.026,HCV,3a,100.0
OR128499|geneNS5A|query1-456|h77_aa21-172|extracted_nt456|aligned_aa152|pident80.921,HCV,1b,100.0
KC127634|geneNS5A|query31-1374|h77_aa1-448|extracted_nt1344|aligned_aa448|pident94.866,HCV,1a,100.0
KC127636|geneNS5A|query31-1374|h77_aa1-448|extracted_nt1344|aligned_aa448|pident95.536,HCV,1a,100.0
KC127622|geneNS5A|query31-1374|h77_aa1-448|extracted_nt1344|aligned_aa448|pident93.080,HCV,1a,100.0
KC197239|geneNS5A|query6245-7642|h77_aa1-448|extracted_nt1398|aligned_aa472|pident60.381,HCV,2b,82.0
KC197240|geneNS5A|query6257-7597|h77_aa1-448|extracted_nt1341|aligned_aa454|pident65.419,HCV,2j,41.0
KC197237|geneNS5A|query6242-7639|h77_aa1-448|extracted_nt1398|aligned_aa473|pident60.465,HCV,2a,82.0
KC197228|geneNS5A|query6242-7639|h77_aa1-448|extracted_nt1398|aligned_aa472|pident61.017,HCV,2c,100.0
KC248194|geneNS5A|query6269-7612|h77_aa1-448|extracted_nt1344|aligned_aa448|pident78.795,HCV,1e,100.0
KC415736|geneNS5A|query1-1356|h77_aa1-448|extracted_nt1356|aligned_aa455|pident67.473,HCV,3a,100.0
KC248197|geneNS5A|query6280-7623|h77_aa1-448|extracted_nt1344|aligned_aa448|pident80.580,HCV,1l,100.0
KC415738|geneNS5A|query1-1356|h77_aa1-448|extracted_nt1356|aligned_aa455|pident67.912,HCV,3a,100.0
KC415743|geneNS5A|query1-1356|h77_aa1-448|extracted_nt1356|aligned_aa455|pident64.615,HCV,3a,100.0
KC591752|geneNS5A|query1-1344|h77_aa1-448|extracted_nt1344|aligned_aa448|pident94.643,HCV,1a,100.0
KC591751|geneNS5A|query1-1344|h77_aa1-448|extracted_nt1344|aligned_aa448|pident95.089,HCV,1a,100.0
KC591757|geneNS5A|query1-1098|h77_aa1-366|extracted_nt1098|aligned_aa366|pident95.082,HCV,1a,100.0
KC591764|geneNS5A|query1-1344|h77_aa1-448|extracted_nt1344|aligned_aa448|pident94.643,HCV,1a,100.0
KC591763|geneNS5A|query1-1344|h77_aa1-448|extracted_nt1344|aligned_aa448|pident94.196,HCV,1a,100.0
KC767831|geneNS5A|query6151-7497|h77_aa2-448|extracted_nt1347|aligned_aa453|pident70.419,HCV,5a,100.0
KC844041|geneNS5A|query6274-7629|h77_aa1-448|extracted_nt1356|aligned_aa455|pident69.670,HCV,3a,100.0
KC844046|geneNS5A|query6262-7608|h77_aa2-448|extracted_nt1347|aligned_aa453|pident70.419,HCV,5a,100.0
KC844049|geneNS5A|query6258-7601|h77_aa1-448|extracted_nt1344|aligned_aa448|pident88.839,HCV,1a,100.0
KF420489|geneNS5A|query1-1434|h77_aa1-448|extracted_nt1434|aligned_aa479|pident75.574,HCV,1b,100.0
KF420488|geneNS5A|query1-1434|h77_aa1-448|extracted_nt1434|aligned_aa479|pident76.200,HCV,1b,100.0
KF420495|geneNS5A|query1-1434|h77_aa1-448|extracted_nt1434|aligned_aa479|pident74.948,HCV,1b,100.0
KF420502|geneNS5A|query1-1371|h77_aa8-433|extracted_nt1371|aligned_aa458|pident75.328,HCV,1b,100.0
KF420505|geneNS5A|query1-1434|h77_aa1-448|extracted_nt1434|aligned_aa479|pident75.157,HCV,1b,100.0
KF420513|geneNS5A|query1-1446|h77_aa1-448|extracted_nt1446|aligned_aa483|pident73.292,HCV,1b,100.0
KF667789|geneNS5A|query1-1218|h77_aa1-406|extracted_nt1218|aligned_aa406|pident93.596,HCV,1a,100.0
KF667798|geneNS5A|query1-1218|h77_aa1-406|extracted_nt1218|aligned_aa406|pident93.350,HCV,1a,100.0
KF667812|geneNS5A|query1-1218|h77_aa1-406|extracted_nt1218|aligned_aa406|pident96.552,HCV,1a,100.0
KF667796|geneNS5A|query1-1218|h77_aa1-406|extracted_nt1218|aligned_aa406|pident93.350,HCV,1a,100.0
KF667811|geneNS5A|query1-1218|h77_aa1-406|extracted_nt1218|aligned_aa406|pident93.350,HCV,1a,100.0
KF667805|geneNS5A|query1-1218|h77_aa1-406|extracted_nt1218|aligned_aa406|pident93.842,HCV,1a,100.0
KF667859|geneNS5A|query1-1191|h77_aa1-399|extracted_nt1191|aligned_aa399|pident81.704,HCV,1b,100.0
KF667863|geneNS5A|query1-1191|h77_aa1-399|extracted_nt1191|aligned_aa399|pident80.201,HCV,1b,100.0
KF667879|geneNS5A|query1-1191|h77_aa1-399|extracted_nt1191|aligned_aa399|pident80.952,HCV,1b,100.0
KF667866|geneNS5A|query1-1212|h77_aa1-403|extracted_nt1212|aligned_aa404|pident80.693,HCV,1b,100.0
KF667878|geneNS5A|query1-1191|h77_aa1-399|extracted_nt1191|aligned_aa399|pident81.955,HCV,1b,100.0
KF667873|geneNS5A|query1-1212|h77_aa1-409|extracted_nt1212|aligned_aa409|pident77.017,HCV,1b,100.0
OR128500|geneNS5A|query1-456|h77_aa21-172|extracted_nt456|aligned_aa152|pident80.921,HCV,1b,100.0
OR128501|geneNS5A|query4-456|h77_aa22-172|extracted_nt453|aligned_aa151|pident74.172,HCV,3a,100.0
OR128504|geneNS5A|query4-456|h77_aa22-172|extracted_nt453|aligned_aa151|pident74.834,HCV,3a,100.0
OR128514|geneNS5A|query1-456|h77_aa21-172|extracted_nt456|aligned_aa152|pident73.684,HCV,3a,100.0
OR128518|geneNS5A|query1-456|h77_aa21-172|extracted_nt456|aligned_aa152|pident75.658,HCV,3a,100.0
PX091939|geneNS5A|query1-1356|h77_aa1-448|extracted_nt1356|aligned_aa455|pident69.890,HCV,3a,100.0
KJ437271|geneNS5A|query5431-6774|h77_aa1-448|extracted_nt1344|aligned_aa448|pident93.750,HCV,1a,100.0
KJ437300|geneNS5A|query6163-7506|h77_aa1-448|extracted_nt1344|aligned_aa448|pident94.196,HCV,1a,100.0
KJ437318|geneNS5A|query5935-7290|h77_aa1-448|extracted_nt1356|aligned_aa456|pident69.518,HCV,3a,100.0
KJ437311|geneNS5A|query5935-7290|h77_aa1-448|extracted_nt1356|aligned_aa456|pident69.079,HCV,3a,100.0
KJ439770|geneNS5A|query6270-7613|h77_aa1-448|extracted_nt1344|aligned_aa448|pident78.125,HCV,1g,100.0
KJ437295|geneNS5A|query6241-7581|h77_aa1-448|extracted_nt1341|aligned_aa449|pident81.514,HCV,1b,100.0
KJ439772|geneNS5A|query6270-7610|h77_aa1-448|extracted_nt1341|aligned_aa449|pident80.178,HCV,1b,100.0
KJ437342|geneNS5A|query6272-7627|h77_aa1-448|extracted_nt1356|aligned_aa455|pident70.330,HCV,3a,100.0
KJ439773|geneNS5A|query6258-7601|h77_aa1-448|extracted_nt1344|aligned_aa448|pident83.929,HCV,1a,100.0
KJ439774|geneNS5A|query6258-7601|h77_aa1-448|extracted_nt1344|aligned_aa448|pident85.714,HCV,1a,100.0
KJ439777|geneNS5A|query6258-7601|h77_aa1-448|extracted_nt1344|aligned_aa448|pident86.607,HCV,1a,100.0
KJ470614|geneNS5A|query6274-7629|h77_aa1-448|extracted_nt1356|aligned_aa456|pident69.298,HCV,3a,100.0
KJ439779|geneNS5A|query6259-7602|h77_aa1-448|extracted_nt1344|aligned_aa448|pident81.696,HCV,1b,63.0
KJ470613|geneNS5A|query6274-7629|h77_aa1-448|extracted_nt1356|aligned_aa455|pident69.890,HCV,3a,100.0
KJ470615|geneNS5A|query6277-7632|h77_aa1-448|extracted_nt1356|aligned_aa455|pident70.110,HCV,3a,100.0
KJ470619|geneNS5A|query6275-7630|h77_aa1-448|extracted_nt1356|aligned_aa455|pident71.868,HCV,3a,100.0
KJ470618|geneNS5A|query6271-7629|h77_aa1-448|extracted_nt1359|aligned_aa456|pident68.640,HCV,3a,99.0
KJ439780|geneNS5A|query6258-7601|h77_aa1-448|extracted_nt1344|aligned_aa448|pident82.589,HCV,1a,98.0
KJ470621|geneNS5A|query6275-7633|h77_aa3-448|extracted_nt1359|aligned_aa455|pident70.330,HCV,6g,98.0
KJ470620|geneNS5A|query6281-7636|h77_aa4-448|extracted_nt1356|aligned_aa456|pident70.833,HCV,6w,68.0
KJ567645|geneNS5A|query6261-7613|h77_aa1-448|extracted_nt1353|aligned_aa453|pident71.302,HCV,6l,100.0
KJ470624|geneNS5A|query6275-7633|h77_aa3-448|extracted_nt1359|aligned_aa455|pident70.769,HCV,6g,67.0
KJ567644|geneNS5A|query6246-7598|h77_aa1-448|extracted_nt1353|aligned_aa453|pident70.419,HCV,6l,95.0
KJ567652|geneNS5A|query6276-7625|h77_aa3-448|extracted_nt1350|aligned_aa452|pident73.009,HCV,6e,64.0
KC127577|geneNS5A|query31-1374|h77_aa1-448|extracted_nt1344|aligned_aa448|pident95.312,HCV,1a,100.0
KC127573|geneNS5A|query31-1374|h77_aa1-448|extracted_nt1344|aligned_aa448|pident95.759,HCV,1a,100.0
KC127580|geneNS5A|query31-1374|h77_aa1-448|extracted_nt1344|aligned_aa448|pident96.429,HCV,1a,100.0
KC127578|geneNS5A|query31-1374|h77_aa1-448|extracted_nt1344|aligned_aa448|pident94.196,HCV,1a,100.0
KC127586|geneNS5A|query31-1374|h77_aa1-448|extracted_nt1344|aligned_aa448|pident96.205,HCV,1a,100.0
KC127584|geneNS5A|query31-1374|h77_aa1-448|extracted_nt1344|aligned_aa448|pident93.750,HCV,1a,100.0
KC127592|geneNS5A|query31-1374|h77_aa1-448|extracted_nt1344|aligned_aa448|pident93.527,HCV,1a,100.0
KC127581|geneNS5A|query31-1374|h77_aa1-448|extracted_nt1344|aligned_aa448|pident95.982,HCV,1a,100.0
KC127597|geneNS5A|query31-1374|h77_aa1-448|extracted_nt1344|aligned_aa448|pident93.973,HCV,1a,100.0
KC248195|geneNS5A|query6282-7628|h77_aa1-448|extracted_nt1347|aligned_aa449|pident79.733,HCV,1l,100.0
KC844037|geneNS5A|query6236-7582|h77_aa3-448|extracted_nt1347|aligned_aa452|pident71.460,HCV,6a,100.0
KC844042|geneNS5A|query6269-7666|h77_aa1-448|extracted_nt1398|aligned_aa472|pident60.593,HCV,2a,48.0
KC767830|geneNS5A|query6154-7500|h77_aa2-448|extracted_nt1347|aligned_aa453|pident69.757,HCV,5a,100.0
KC844044|geneNS5A|query6277-7632|h77_aa1-448|extracted_nt1356|aligned_aa455|pident66.813,HCV,3b,100.0
KC844038|geneNS5A|query6236-7582|h77_aa3-448|extracted_nt1347|aligned_aa452|pident71.903,HCV,6a,100.0
KC767829|geneNS5A|query6148-7497|h77_aa1-448|extracted_nt1350|aligned_aa454|pident69.604,HCV,5a,100.0
KC844047|geneNS5A|query6241-7584|h77_aa1-448|extracted_nt1344|aligned_aa448|pident81.250,HCV,1c,100.0
KC844039|geneNS5A|query6279-7634|h77_aa1-447|extracted_nt1356|aligned_aa455|pident71.209,HCV,1b,73.0
KC844043|geneNS5A|query6269-7666|h77_aa1-448|extracted_nt1398|aligned_aa472|pident59.746,HCV,2a,100.0
KF035124|geneNS5A|query6280-7635|h77_aa1-448|extracted_nt1356|aligned_aa456|pident70.175,HCV,3a,100.0
KF035123|geneNS5A|query6283-7638|h77_aa1-448|extracted_nt1356|aligned_aa456|pident68.421,HCV,3a,100.0
KF035127|geneNS5A|query6280-7635|h77_aa1-448|extracted_nt1356|aligned_aa455|pident69.231,HCV,3a,100.0
OR128525|geneNS5A|query1-456|h77_aa21-172|extracted_nt456|aligned_aa152|pident96.053,HCV,1a,100.0
PX091937|geneNS5A|query1-1398|h77_aa1-448|extracted_nt1398|aligned_aa472|pident58.898,HCV,2a,100.0
PX091938|geneNS5A|query1-1338|h77_aa1-447|extracted_nt1338|aligned_aa447|pident80.089,HCV,1b,100.0
KJ437314|geneNS5A|query5935-7290|h77_aa1-448|extracted_nt1356|aligned_aa455|pident70.549,HCV,3a,100.0
KJ437327|geneNS5A|query5935-7290|h77_aa1-448|extracted_nt1356|aligned_aa456|pident69.737,HCV,3a,100.0
KJ437307|geneNS5A|query5935-7290|h77_aa1-448|extracted_nt1356|aligned_aa456|pident70.175,HCV,3a,100.0
KJ439771|geneNS5A|query6261-7604|h77_aa1-448|extracted_nt1344|aligned_aa451|pident79.379,HCV,1h,100.0
KJ439775|geneNS5A|query6258-7601|h77_aa1-448|extracted_nt1344|aligned_aa448|pident87.723,HCV,1a,100.0
KJ439782|geneNS5A|query6264-7601|h77_aa3-448|extracted_nt1338|aligned_aa446|pident80.942,HCV,1a,100.0
KJ470612|geneNS5A|query6274-7629|h77_aa1-448|extracted_nt1356|aligned_aa455|pident69.890,HCV,3a,100.0
KJ470617|geneNS5A|query6277-7632|h77_aa1-448|extracted_nt1356|aligned_aa453|pident69.095,HCV,3b,100.0
KJ437313|geneNS5A|query5935-7290|h77_aa1-448|extracted_nt1356|aligned_aa455|pident70.330,HCV,3a,100.0
KJ470622|geneNS5A|query6274-7632|h77_aa3-448|extracted_nt1359|aligned_aa460|pident69.348,HCV,6w,38.0
KJ470623|geneNS5A|query6256-7623|h77_aa1-448|extracted_nt1368|aligned_aa458|pident69.432,HCV,4k,23.0
KJ567648|geneNS5A|query6268-7617|h77_aa3-448|extracted_nt1350|aligned_aa453|pident70.419,HCV,1b,81.0
KJ567651|geneNS5A|query6282-7631|h77_aa3-448|extracted_nt1350|aligned_aa452|pident71.903,HCV,6e,89.0
KC127599|geneNS5A|query31-1374|h77_aa1-448|extracted_nt1344|aligned_aa448|pident96.205,HCV,1a,100.0
KC127598|geneNS5A|query31-1374|h77_aa1-448|extracted_nt1344|aligned_aa448|pident92.411,HCV,1a,100.0
KC127600|geneNS5A|query31-1374|h77_aa1-448|extracted_nt1344|aligned_aa448|pident95.536,HCV,1a,100.0
KC127590|geneNS5A|query31-1374|h77_aa1-448|extracted_nt1344|aligned_aa448|pident94.866,HCV,1a,100.0
KC127601|geneNS5A|query31-1374|h77_aa1-448|extracted_nt1344|aligned_aa448|pident93.973,HCV,1a,100.0
KC127596|geneNS5A|query31-1374|h77_aa1-448|extracted_nt1344|aligned_aa448|pident93.527,HCV,1a,100.0
KC127602|geneNS5A|query31-1374|h77_aa1-448|extracted_nt1344|aligned_aa448|pident91.964,HCV,1a,100.0
KC127579|geneNS5A|query31-1374|h77_aa1-448|extracted_nt1344|aligned_aa448|pident94.420,HCV,1a,100.0
KC127607|geneNS5A|query31-1374|h77_aa1-448|extracted_nt1344|aligned_aa448|pident93.973,HCV,1a,100.0
KC127594|geneNS5A|query31-1374|h77_aa1-448|extracted_nt1344|aligned_aa448|pident95.536,HCV,1a,100.0
KC127604|geneNS5A|query31-1374|h77_aa1-448|extracted_nt1344|aligned_aa448|pident96.652,HCV,1a,100.0
KC127617|geneNS5A|query31-1374|h77_aa1-448|extracted_nt1344|aligned_aa448|pident94.643,HCV,1a,100.0
KC127629|geneNS5A|query31-1374|h77_aa1-448|extracted_nt1344|aligned_aa448|pident95.312,HCV,1a,100.0
KC127631|geneNS5A|query31-1374|h77_aa1-448|extracted_nt1344|aligned_aa448|pident95.312,HCV,1a,100.0
KC127641|geneNS5A|query31-1374|h77_aa1-448|extracted_nt1344|aligned_aa448|pident93.750,HCV,1a,100.0
KC127652|geneNS5A|query31-1374|h77_aa1-448|extracted_nt1344|aligned_aa448|pident95.982,HCV,1a,100.0
KC127651|geneNS5A|query31-1374|h77_aa1-448|extracted_nt1344|aligned_aa448|pident94.196,HCV,1a,100.0
KC127655|geneNS5A|query31-1374|h77_aa1-448|extracted_nt1344|aligned_aa448|pident95.312,HCV,1a,100.0
KC127653|geneNS5A|query31-1374|h77_aa1-448|extracted_nt1344|aligned_aa448|pident93.080,HCV,1a,100.0
KC197226|geneNS5A|query6242-7639|h77_aa1-448|extracted_nt1398|aligned_aa473|pident57.294,HCV,2b,100.0
KC127654|geneNS5A|query31-1374|h77_aa1-448|extracted_nt1344|aligned_aa448|pident92.857,HCV,1a,100.0
KC197236|geneNS5A|query6242-7639|h77_aa1-448|extracted_nt1398|aligned_aa472|pident59.110,HCV,2j,47.0
KC197234|geneNS5A|query6245-7642|h77_aa1-448|extracted_nt1398|aligned_aa473|pident59.197,HCV,2k,100.0
KC191671|geneNS5A|query6244-7596|h77_aa1-448|extracted_nt1353|aligned_aa454|pident71.586,HCV,6n,100.0
KC197238|geneNS5A|query6248-7645|h77_aa1-448|extracted_nt1398|aligned_aa472|pident59.746,HCV,2b,93.0
KF420503|geneNS5A|query1-1434|h77_aa1-448|extracted_nt1434|aligned_aa479|pident75.783,HCV,1b,100.0
KF667788|geneNS5A|query1-1218|h77_aa1-406|extracted_nt1218|aligned_aa406|pident95.320,HCV,1a,100.0
KF420511|geneNS5A|query1-1434|h77_aa1-448|extracted_nt1434|aligned_aa480|pident76.458,HCV,1b,100.0
KF667791|geneNS5A|query1-1218|h77_aa1-406|extracted_nt1218|aligned_aa406|pident92.611,HCV,1a,100.0
KF667794|geneNS5A|query1-1206|h77_aa1-402|extracted_nt1206|aligned_aa402|pident95.522,HCV,1a,100.0
KF667793|geneNS5A|query1-1206|h77_aa1-402|extracted_nt1206|aligned_aa402|pident93.284,HCV,1a,100.0
KF420510|geneNS5A|query1-1434|h77_aa1-448|extracted_nt1434|aligned_aa480|pident75.625,HCV,1b,100.0
KF667795|geneNS5A|query1-1206|h77_aa1-402|extracted_nt1206|aligned_aa402|pident94.776,HCV,1a,100.0
KF667802|geneNS5A|query1-1218|h77_aa1-406|extracted_nt1218|aligned_aa406|pident92.857,HCV,1a,100.0
KF667803|geneNS5A|query1-1218|h77_aa1-406|extracted_nt1218|aligned_aa406|pident94.335,HCV,1a,100.0
KF667792|geneNS5A|query1-1218|h77_aa1-406|extracted_nt1218|aligned_aa406|pident92.857,HCV,1a,100.0
KF667790|geneNS5A|query1-1218|h77_aa1-406|extracted_nt1218|aligned_aa406|pident93.842,HCV,1a,100.0
KF667804|geneNS5A|query1-1215|h77_aa1-405|extracted_nt1215|aligned_aa405|pident94.074,HCV,1a,100.0
KF667797|geneNS5A|query1-1218|h77_aa1-406|extracted_nt1218|aligned_aa406|pident94.828,HCV,1a,100.0
KF667807|geneNS5A|query1-1206|h77_aa1-402|extracted_nt1206|aligned_aa402|pident94.279,HCV,1a,100.0
KF667799|geneNS5A|query1-1218|h77_aa1-406|extracted_nt1218|aligned_aa406|pident94.581,HCV,1a,100.0
KF667801|geneNS5A|query1-1218|h77_aa1-406|extracted_nt1218|aligned_aa406|pident96.798,HCV,1a,100.0
KF667814|geneNS5A|query1-1224|h77_aa1-406|extracted_nt1224|aligned_aa408|pident92.647,HCV,1a,100.0
KF667816|geneNS5A|query1-1218|h77_aa1-406|extracted_nt1218|aligned_aa406|pident92.611,HCV,1a,100.0
KF667810|geneNS5A|query1-1218|h77_aa1-406|extracted_nt1218|aligned_aa406|pident93.103,HCV,1a,100.0
KF667818|geneNS5A|query1-1218|h77_aa1-406|extracted_nt1218|aligned_aa406|pident92.857,HCV,1a,100.0
KF667808|geneNS5A|query1-1218|h77_aa1-406|extracted_nt1218|aligned_aa406|pident92.857,HCV,1a,100.0
KF667852|geneNS5A|query1-1212|h77_aa1-403|extracted_nt1212|aligned_aa404|pident80.446,HCV,1b,100.0
KF667813|geneNS5A|query1-1218|h77_aa1-406|extracted_nt1218|aligned_aa406|pident95.567,HCV,1a,100.0
KF667800|geneNS5A|query1-1218|h77_aa1-406|extracted_nt1218|aligned_aa406|pident90.148,HCV,1a,100.0
KF667854|geneNS5A|query1-1161|h77_aa1-387|extracted_nt1161|aligned_aa387|pident82.946,HCV,1b,100.0
KF667815|geneNS5A|query1-1218|h77_aa1-406|extracted_nt1218|aligned_aa406|pident92.365,HCV,1a,100.0
KF667862|geneNS5A|query1-1212|h77_aa1-403|extracted_nt1212|aligned_aa404|pident80.198,HCV,1b,100.0
KF667865|geneNS5A|query1-1212|h77_aa1-403|extracted_nt1212|aligned_aa404|pident79.950,HCV,1b,100.0
KF667806|geneNS5A|query1-1206|h77_aa1-402|extracted_nt1206|aligned_aa402|pident93.532,HCV,1a,100.0
KF667857|geneNS5A|query1-1191|h77_aa1-399|extracted_nt1191|aligned_aa399|pident80.702,HCV,1b,100.0
KF667861|geneNS5A|query1-1191|h77_aa1-399|extracted_nt1191|aligned_aa399|pident81.704,HCV,1b,100.0
KF667817|geneNS5A|query1-1215|h77_aa1-405|extracted_nt1215|aligned_aa405|pident94.074,HCV,1a,100.0
KF667819|geneNS5A|query1-1215|h77_aa1-405|extracted_nt1215|aligned_aa405|pident94.074,HCV,1a,100.0
KF667858|geneNS5A|query1-1191|h77_aa1-399|extracted_nt1191|aligned_aa399|pident80.952,HCV,1b,100.0
KF667864|geneNS5A|query1-1212|h77_aa1-403|extracted_nt1212|aligned_aa404|pident82.426,HCV,1b,100.0
KF667869|geneNS5A|query1-1212|h77_aa1-409|extracted_nt1212|aligned_aa409|pident81.174,HCV,1b,100.0
KF667868|geneNS5A|query1-1212|h77_aa1-403|extracted_nt1212|aligned_aa404|pident79.703,HCV,1b,100.0
KF667856|geneNS5A|query1-1200|h77_aa1-400|extracted_nt1200|aligned_aa400|pident81.000,HCV,1b,100.0
KF667851|geneNS5A|query1-1191|h77_aa1-399|extracted_nt1191|aligned_aa399|pident80.952,HCV,1b,100.0
KF667871|geneNS5A|query1-1212|h77_aa1-409|extracted_nt1212|aligned_aa409|pident78.240,HCV,1b,100.0
KF667867|geneNS5A|query1-1212|h77_aa1-403|extracted_nt1212|aligned_aa404|pident80.693,HCV,1b,100.0
KF667860|geneNS5A|query1-1191|h77_aa1-399|extracted_nt1191|aligned_aa399|pident79.950,HCV,1b,100.0
KF667870|geneNS5A|query1-1212|h77_aa1-403|extracted_nt1212|aligned_aa404|pident80.446,HCV,1b,100.0
KF667876|geneNS5A|query1-1194|h77_aa1-400|extracted_nt1194|aligned_aa400|pident81.500,HCV,1b,100.0
OR128522|geneNS5A|query1-456|h77_aa21-172|extracted_nt456|aligned_aa152|pident94.079,HCV,1a,100.0
KJ437296|geneNS5A|query5431-6774|h77_aa1-448|extracted_nt1344|aligned_aa448|pident94.196,HCV,1a,100.0
KJ437279|geneNS5A|query5431-6774|h77_aa1-448|extracted_nt1344|aligned_aa448|pident93.750,HCV,1a,100.0
KJ439778|geneNS5A|query6261-7604|h77_aa1-448|extracted_nt1344|aligned_aa448|pident85.268,HCV,1a,100.0
KJ439767|geneNS5A|query6258-7601|h77_aa1-448|extracted_nt1344|aligned_aa449|pident80.624,HCV,1c,100.0
KJ439776|geneNS5A|query6277-7620|h77_aa1-448|extracted_nt1344|aligned_aa448|pident77.679,HCV,1l,100.0
KJ439781|geneNS5A|query6259-7602|h77_aa1-448|extracted_nt1344|aligned_aa448|pident86.161,HCV,1a,100.0
KJ470625|geneNS5A|query6262-7617|h77_aa3-448|extracted_nt1356|aligned_aa456|pident68.640,HCV,6w,89.0
KJ470616|geneNS5A|query6274-7629|h77_aa1-448|extracted_nt1356|aligned_aa453|pident68.212,HCV,3b,100.0
KJ567646|geneNS5A|query6267-7622|h77_aa1-448|extracted_nt1356|aligned_aa454|pident70.925,HCV,4r,25.0
KJ567649|geneNS5A|query6279-7628|h77_aa3-448|extracted_nt1350|aligned_aa452|pident72.345,HCV,6a,64.0
KJ567650|geneNS5A|query6279-7628|h77_aa3-448|extracted_nt1350|aligned_aa452|pident72.124,HCV,6a,66.0
KJ439769|geneNS5A|query6270-7613|h77_aa1-448|extracted_nt1344|aligned_aa448|pident79.018,HCV,1e,100.0
KJ567647|geneNS5A|query6265-7614|h77_aa3-448|extracted_nt1350|aligned_aa452|pident70.354,HCV,1b,79.0
KF373567|geneNS5A|query6172-7515|h77_aa3-448|extracted_nt1344|aligned_aa452|pident70.133,HCV,5a,100.0
KF420493|geneNS5A|query1-1434|h77_aa1-448|extracted_nt1434|aligned_aa479|pident75.157,HCV,1b,100.0
KF035126|geneNS5A|query6280-7635|h77_aa1-448|extracted_nt1356|aligned_aa455|pident69.451,HCV,3a,100.0
KF420501|geneNS5A|query1-1428|h77_aa1-448|extracted_nt1428|aligned_aa479|pident73.904,HCV,1b,100.0
KF035125|geneNS5A|query6277-7632|h77_aa1-448|extracted_nt1356|aligned_aa455|pident69.670,HCV,3a,100.0
KF420497|geneNS5A|query1-1434|h77_aa1-448|extracted_nt1434|aligned_aa479|pident75.992,HCV,1b,100.0
KF420508|geneNS5A|query1-1434|h77_aa1-448|extracted_nt1434|aligned_aa479|pident75.157,HCV,1b,100.0
KF420504|geneNS5A|query1-1365|h77_aa1-424|extracted_nt1365|aligned_aa455|pident75.385,HCV,1b,100.0
KF420496|geneNS5A|query1-1422|h77_aa1-448|extracted_nt1422|aligned_aa475|pident76.211,HCV,1b,100.0
KF420507|geneNS5A|query1-1347|h77_aa1-437|extracted_nt1347|aligned_aa449|pident77.060,HCV,1b,100.0
KF667874|geneNS5A|query1-1212|h77_aa1-403|extracted_nt1212|aligned_aa404|pident79.950,HCV,1b,100.0
OR128494|geneNS5A|query1-456|h77_aa21-172|extracted_nt456|aligned_aa152|pident73.684,HCV,3a,100.0
OR128495|geneNS5A|query1-456|h77_aa21-172|extracted_nt456|aligned_aa152|pident96.711,HCV,1a,100.0
OR128506|geneNS5A|query1-456|h77_aa21-172|extracted_nt456|aligned_aa152|pident74.342,HCV,3a,100.0
OR128503|geneNS5A|query1-456|h77_aa21-172|extracted_nt456|aligned_aa152|pident74.342,HCV,3a,100.0
OR128502|geneNS5A|query1-456|h77_aa21-172|extracted_nt456|aligned_aa152|pident91.447,HCV,1a,100.0
OR128510|geneNS5A|query1-456|h77_aa21-172|extracted_nt456|aligned_aa152|pident75.000,HCV,3a,100.0
OR128513|geneNS5A|query1-456|h77_aa21-172|extracted_nt456|aligned_aa152|pident79.605,HCV,1b,100.0
OR128516|geneNS5A|query1-456|h77_aa21-172|extracted_nt456|aligned_aa152|pident80.263,HCV,1b,100.0
OR128517|geneNS5A|query1-456|h77_aa21-172|extracted_nt456|aligned_aa152|pident80.263,HCV,1b,100.0
OR128519|geneNS5A|query1-456|h77_aa21-172|extracted_nt456|aligned_aa152|pident80.921,HCV,1b,100.0
OR128520|geneNS5A|query1-456|h77_aa21-172|extracted_nt456|aligned_aa152|pident92.763,HCV,1a,100.0
OR128521|geneNS5A|query1-456|h77_aa21-172|extracted_nt456|aligned_aa152|pident94.079,HCV,1a,100.0
OR128512|geneNS5A|query1-456|h77_aa21-172|extracted_nt456|aligned_aa152|pident80.921,HCV,1b,100.0
OR128527|geneNS5A|query1-456|h77_aa21-172|extracted_nt456|aligned_aa152|pident80.263,HCV,1b,100.0
OR128526|geneNS5A|query1-456|h77_aa21-172|extracted_nt456|aligned_aa152|pident93.421,HCV,1a,100.0
OR128531|geneNS5A|query1-456|h77_aa21-172|extracted_nt456|aligned_aa152|pident79.605,HCV,1b,100.0
OR128534|geneNS5A|query1-456|h77_aa21-172|extracted_nt456|aligned_aa152|pident75.000,HCV,3a,100.0
OR128524|geneNS5A|query1-456|h77_aa21-172|extracted_nt456|aligned_aa152|pident97.368,HCV,1a,100.0
OR128528|geneNS5A|query4-456|h77_aa22-172|extracted_nt453|aligned_aa151|pident95.364,HCV,1a,100.0
OR128530|geneNS5A|query1-456|h77_aa21-172|extracted_nt456|aligned_aa152|pident95.395,HCV,1a,100.0
OR128535|geneNS5A|query1-456|h77_aa21-172|extracted_nt456|aligned_aa152|pident94.079,HCV,1a,100.0
KC197227|geneNS5A|query6242-7639|h77_aa1-448|extracted_nt1398|aligned_aa472|pident61.229,HCV,2c,100.0
KJ747922|geneNS5A|query1-1191|h77_aa1-399|extracted_nt1191|aligned_aa399|pident80.201,HCV,1b,100.0
KM252787|geneNS5A|query6261-7613|h77_aa1-448|extracted_nt1353|aligned_aa455|pident69.231,HCV,6s,100.0
KM252798|geneNS5A|query6267-7616|h77_aa3-448|extracted_nt1350|aligned_aa452|pident70.796,HCV,4a,27.0
KM277568|geneNS5A|query5839-7176|h77_aa1-448|extracted_nt1338|aligned_aa448|pident80.804,HCV,1b,100.0
KJ747868|geneNS5A|query1-810|h77_aa1-270|extracted_nt810|aligned_aa270|pident95.185,HCV,1a,100.0
KM252795|geneNS5A|query6261-7613|h77_aa1-448|extracted_nt1353|aligned_aa454|pident69.824,HCV,6j,100.0
KM252794|geneNS5A|query6264-7616|h77_aa1-448|extracted_nt1353|aligned_aa453|pident70.640,HCV,1b,60.0
KP212088|geneNS5A|query1-447|h77_aa2-150|extracted_nt447|aligned_aa149|pident73.826,HCV,3a,100.0
KX621430|geneNS5A|query5914-7257|h77_aa1-448|extracted_nt1344|aligned_aa448|pident91.518,HCV,1a,100.0
KX621429|geneNS5A|query5935-7290|h77_aa1-448|extracted_nt1356|aligned_aa456|pident69.737,HCV,3a,100.0
KX621427|geneNS5A|query5917-7260|h77_aa1-448|extracted_nt1344|aligned_aa448|pident95.759,HCV,1a,100.0
KX621428|geneNS5A|query5935-7290|h77_aa1-448|extracted_nt1356|aligned_aa455|pident69.670,HCV,3a,100.0
KX621446|geneNS5A|query5923-7266|h77_aa1-448|extracted_nt1344|aligned_aa448|pident93.527,HCV,1a,100.0
KX621450|geneNS5A|query5917-7260|h77_aa1-448|extracted_nt1344|aligned_aa448|pident95.759,HCV,1a,100.0
KX621449|geneNS5A|query5917-7260|h77_aa1-448|extracted_nt1344|aligned_aa448|pident94.420,HCV,1a,100.0
KX621447|geneNS5A|query5935-7290|h77_aa1-448|extracted_nt1356|aligned_aa456|pident69.956,HCV,3a,100.0
KX621467|geneNS5A|query5917-7260|h77_aa1-448|extracted_nt1344|aligned_aa448|pident94.420,HCV,1a,100.0
KX621468|geneNS5A|query5917-7260|h77_aa1-448|extracted_nt1344|aligned_aa448|pident95.089,HCV,1a,100.0
KX621470|geneNS5A|query5935-7290|h77_aa1-448|extracted_nt1356|aligned_aa455|pident70.330,HCV,3a,100.0
KX621469|geneNS5A|query5935-7290|h77_aa1-448|extracted_nt1356|aligned_aa455|pident70.110,HCV,3a,100.0
KX621481|geneNS5A|query5935-7290|h77_aa1-448|extracted_nt1356|aligned_aa455|pident70.989,HCV,3a,100.0
KX621482|geneNS5A|query5917-7260|h77_aa1-448|extracted_nt1344|aligned_aa448|pident95.759,HCV,1a,100.0
KJ747859|geneNS5A|query1-1302|h77_aa1-434|extracted_nt1302|aligned_aa434|pident94.009,HCV,1a,100.0
KJ747863|geneNS5A|query1-1119|h77_aa1-373|extracted_nt1119|aligned_aa373|pident93.566,HCV,1a,100.0
KJ747862|geneNS5A|query1-1296|h77_aa1-432|extracted_nt1296|aligned_aa432|pident93.519,HCV,1a,100.0
KJ747865|geneNS5A|query2-1315|h77_aa11-448|extracted_nt1314|aligned_aa438|pident92.694,HCV,1a,100.0
KJ747867|geneNS5A|query1-1311|h77_aa1-437|extracted_nt1311|aligned_aa437|pident94.279,HCV,1a,100.0
KJ747946|geneNS5A|query1-1164|h77_aa1-388|extracted_nt1164|aligned_aa388|pident81.959,HCV,1b,100.0
KX621422|geneNS5A|query5917-7260|h77_aa1-448|extracted_nt1344|aligned_aa448|pident93.304,HCV,1a,100.0
KX621424|geneNS5A|query5917-7260|h77_aa1-448|extracted_nt1344|aligned_aa448|pident95.089,HCV,1a,100.0
KX621433|geneNS5A|query5935-7290|h77_aa1-448|extracted_nt1356|aligned_aa456|pident70.175,HCV,3a,100.0
KX621434|geneNS5A|query5935-7290|h77_aa1-448|extracted_nt1356|aligned_aa455|pident69.670,HCV,3a,100.0
KX621431|geneNS5A|query5935-7290|h77_aa1-448|extracted_nt1356|aligned_aa455|pident69.231,HCV,3a,100.0
KX621435|geneNS5A|query5917-7260|h77_aa1-448|extracted_nt1344|aligned_aa448|pident92.857,HCV,1a,100.0
KX621437|geneNS5A|query5917-7260|h77_aa1-448|extracted_nt1344|aligned_aa448|pident95.759,HCV,1a,100.0
KX621436|geneNS5A|query5917-7260|h77_aa1-448|extracted_nt1344|aligned_aa448|pident95.536,HCV,1a,100.0
KX621444|geneNS5A|query5917-7260|h77_aa1-448|extracted_nt1344|aligned_aa448|pident97.098,HCV,1a,100.0
KX621442|geneNS5A|query5917-7260|h77_aa1-448|extracted_nt1344|aligned_aa448|pident93.080,HCV,1a,100.0
KX621441|geneNS5A|query5935-7290|h77_aa1-448|extracted_nt1356|aligned_aa455|pident70.549,HCV,3a,100.0
KX621445|geneNS5A|query5923-7266|h77_aa1-448|extracted_nt1344|aligned_aa448|pident93.527,HCV,1a,100.0
KX621455|geneNS5A|query5917-7257|h77_aa1-448|extracted_nt1341|aligned_aa448|pident93.304,HCV,1a,100.0
KX621452|geneNS5A|query5917-7260|h77_aa1-448|extracted_nt1344|aligned_aa448|pident96.652,HCV,1a,100.0
KX621454|geneNS5A|query5935-7290|h77_aa1-448|extracted_nt1356|aligned_aa455|pident69.890,HCV,3a,100.0
KX621451|geneNS5A|query5917-7260|h77_aa1-448|extracted_nt1344|aligned_aa448|pident94.420,HCV,1a,100.0
KX621457|geneNS5A|query5917-7260|h77_aa1-448|extracted_nt1344|aligned_aa448|pident95.536,HCV,1a,100.0
KX621456|geneNS5A|query5917-7260|h77_aa1-448|extracted_nt1344|aligned_aa448|pident95.089,HCV,1a,100.0
KX621460|geneNS5A|query5917-7260|h77_aa1-448|extracted_nt1344|aligned_aa448|pident95.312,HCV,1a,100.0
KX621459|geneNS5A|query5917-7260|h77_aa1-448|extracted_nt1344|aligned_aa448|pident93.973,HCV,1a,100.0
KX621462|geneNS5A|query5917-7260|h77_aa1-448|extracted_nt1344|aligned_aa448|pident94.420,HCV,1a,100.0
KX621465|geneNS5A|query5917-7260|h77_aa1-448|extracted_nt1344|aligned_aa448|pident94.866,HCV,1a,100.0
KX621464|geneNS5A|query5917-7260|h77_aa1-448|extracted_nt1344|aligned_aa448|pident94.420,HCV,1a,100.0
KX621461|geneNS5A|query5917-7260|h77_aa1-448|extracted_nt1344|aligned_aa448|pident96.429,HCV,1a,100.0
KX621475|geneNS5A|query5935-7290|h77_aa1-448|extracted_nt1356|aligned_aa456|pident69.956,HCV,3a,100.0
KX621474|geneNS5A|query5917-7260|h77_aa1-448|extracted_nt1344|aligned_aa448|pident95.982,HCV,1a,100.0
KX621472|geneNS5A|query5935-7290|h77_aa1-448|extracted_nt1356|aligned_aa455|pident70.110,HCV,3a,100.0
KX621473|geneNS5A|query5917-7260|h77_aa1-448|extracted_nt1344|aligned_aa448|pident94.196,HCV,1a,100.0
KX621478|geneNS5A|query5935-7290|h77_aa1-448|extracted_nt1356|aligned_aa455|pident70.769,HCV,3a,100.0
KX621477|geneNS5A|query5935-7290|h77_aa1-448|extracted_nt1356|aligned_aa455|pident70.330,HCV,3a,100.0
KX621476|geneNS5A|query5935-7290|h77_aa1-448|extracted_nt1356|aligned_aa455|pident70.989,HCV,3a,100.0
KX621480|geneNS5A|query5935-7290|h77_aa1-448|extracted_nt1356|aligned_aa455|pident69.890,HCV,3a,100.0
KJ747851|geneNS5A|query1-711|h77_aa10-246|extracted_nt711|aligned_aa237|pident93.249,HCV,1a,100.0
KJ747848|geneNS5A|query1-1308|h77_aa1-436|extracted_nt1308|aligned_aa436|pident94.725,HCV,1a,100.0
KJ747860|geneNS5A|query1-1335|h77_aa1-445|extracted_nt1335|aligned_aa445|pident93.933,HCV,1a,100.0
KJ747857|geneNS5A|query1-1305|h77_aa1-435|extracted_nt1305|aligned_aa435|pident95.632,HCV,1a,100.0
KJ747864|geneNS5A|query1-1302|h77_aa1-434|extracted_nt1302|aligned_aa434|pident93.779,HCV,1a,100.0
KJ747871|geneNS5A|query1-1344|h77_aa1-448|extracted_nt1344|aligned_aa448|pident93.527,HCV,1a,100.0
KJ747873|geneNS5A|query1-1344|h77_aa1-448|extracted_nt1344|aligned_aa448|pident90.402,HCV,1a,100.0
KJ747866|geneNS5A|query1-807|h77_aa1-269|extracted_nt807|aligned_aa269|pident90.335,HCV,1a,100.0
KJ747870|geneNS5A|query1-1344|h77_aa1-448|extracted_nt1344|aligned_aa448|pident93.750,HCV,1a,100.0
KJ747876|geneNS5A|query1-1311|h77_aa1-437|extracted_nt1311|aligned_aa437|pident94.508,HCV,1a,100.0
KJ747869|geneNS5A|query1-1302|h77_aa1-434|extracted_nt1302|aligned_aa434|pident93.088,HCV,1a,100.0
KJ747877|geneNS5A|query1-1311|h77_aa1-437|extracted_nt1311|aligned_aa437|pident90.389,HCV,1a,100.0
KJ747878|geneNS5A|query1-1293|h77_aa1-431|extracted_nt1293|aligned_aa431|pident94.896,HCV,1a,100.0
KJ747880|geneNS5A|query1-1104|h77_aa1-368|extracted_nt1104|aligned_aa368|pident91.033,HCV,1a,100.0
KJ747874|geneNS5A|query1-1314|h77_aa1-438|extracted_nt1314|aligned_aa438|pident94.977,HCV,1a,100.0
KJ747882|geneNS5A|query1-1302|h77_aa1-434|extracted_nt1302|aligned_aa434|pident92.857,HCV,1a,100.0
KJ747872|geneNS5A|query1-1344|h77_aa1-448|extracted_nt1344|aligned_aa448|pident93.527,HCV,1a,100.0
KJ747852|geneNS5A|query1-1308|h77_aa1-436|extracted_nt1308|aligned_aa436|pident94.725,HCV,1a,100.0
KJ747884|geneNS5A|query1-1311|h77_aa1-437|extracted_nt1311|aligned_aa437|pident90.847,HCV,1a,100.0
KJ747887|geneNS5A|query1-1293|h77_aa1-431|extracted_nt1293|aligned_aa431|pident93.968,HCV,1a,100.0
KJ747888|geneNS5A|query1-1311|h77_aa1-437|extracted_nt1311|aligned_aa437|pident94.050,HCV,1a,100.0
KJ747889|geneNS5A|query1-1326|h77_aa1-442|extracted_nt1326|aligned_aa442|pident93.665,HCV,1a,100.0
KJ747891|geneNS5A|query1-1302|h77_aa1-434|extracted_nt1302|aligned_aa434|pident93.548,HCV,1a,100.0
KJ747893|geneNS5A|query1-1314|h77_aa1-438|extracted_nt1314|aligned_aa438|pident90.411,HCV,1a,100.0
KJ747895|geneNS5A|query1-1338|h77_aa1-446|extracted_nt1338|aligned_aa446|pident93.274,HCV,1a,100.0
KJ747885|geneNS5A|query1-1314|h77_aa1-438|extracted_nt1314|aligned_aa438|pident94.064,HCV,1a,100.0
KJ747898|geneNS5A|query1-1302|h77_aa1-434|extracted_nt1302|aligned_aa434|pident94.931,HCV,1a,100.0
KJ747890|geneNS5A|query1-1311|h77_aa1-437|extracted_nt1311|aligned_aa437|pident94.508,HCV,1a,100.0
KJ747899|geneNS5A|query1-1335|h77_aa1-445|extracted_nt1335|aligned_aa445|pident93.258,HCV,1a,100.0
KJ747883|geneNS5A|query1-1302|h77_aa1-434|extracted_nt1302|aligned_aa434|pident93.779,HCV,1a,100.0
KJ747881|geneNS5A|query1-1338|h77_aa1-446|extracted_nt1338|aligned_aa446|pident93.722,HCV,1a,100.0
KJ747902|geneNS5A|query1-1254|h77_aa1-418|extracted_nt1254|aligned_aa419|pident79.714,HCV,1b,100.0
KJ747905|geneNS5A|query1-1182|h77_aa1-394|extracted_nt1182|aligned_aa394|pident81.472,HCV,1b,100.0
KJ747897|geneNS5A|query1-1338|h77_aa1-446|extracted_nt1338|aligned_aa446|pident93.498,HCV,1a,100.0
KJ747875|geneNS5A|query1-1311|h77_aa1-437|extracted_nt1311|aligned_aa437|pident94.050,HCV,1a,100.0
KJ747903|geneNS5A|query1-1311|h77_aa1-437|extracted_nt1311|aligned_aa437|pident81.465,HCV,1b,100.0
KJ747886|geneNS5A|query1-1311|h77_aa1-437|extracted_nt1311|aligned_aa437|pident94.050,HCV,1a,100.0
KJ747894|geneNS5A|query1-1302|h77_aa1-434|extracted_nt1302|aligned_aa434|pident94.931,HCV,1a,100.0
KJ747908|geneNS5A|query1-1266|h77_aa1-422|extracted_nt1266|aligned_aa427|pident78.923,HCV,1b,100.0
KJ747909|geneNS5A|query1-1182|h77_aa1-394|extracted_nt1182|aligned_aa394|pident79.188,HCV,1b,100.0
KJ747912|geneNS5A|query1-1254|h77_aa1-418|extracted_nt1254|aligned_aa418|pident78.469,HCV,1b,100.0
KJ747892|geneNS5A|query1-1308|h77_aa1-436|extracted_nt1308|aligned_aa436|pident94.266,HCV,1a,100.0
KJ747906|geneNS5A|query1-1254|h77_aa1-418|extracted_nt1254|aligned_aa422|pident79.621,HCV,1b,100.0
KJ747913|geneNS5A|query1-1182|h77_aa1-394|extracted_nt1182|aligned_aa394|pident80.964,HCV,1b,100.0
KJ747916|geneNS5A|query1-1293|h77_aa1-431|extracted_nt1293|aligned_aa431|pident81.439,HCV,1b,100.0
KJ747917|geneNS5A|query1-1248|h77_aa1-416|extracted_nt1248|aligned_aa416|pident81.010,HCV,1b,100.0
KJ747896|geneNS5A|query1-1335|h77_aa1-445|extracted_nt1335|aligned_aa445|pident93.034,HCV,1a,100.0
KJ747914|geneNS5A|query1-1254|h77_aa1-418|extracted_nt1254|aligned_aa419|pident80.430,HCV,1b,100.0
KJ747904|geneNS5A|query1-1251|h77_aa1-417|extracted_nt1251|aligned_aa417|pident80.576,HCV,1b,100.0
KJ747926|geneNS5A|query1-1248|h77_aa1-416|extracted_nt1248|aligned_aa421|pident79.810,HCV,1b,100.0
KJ747924|geneNS5A|query1-1212|h77_aa1-403|extracted_nt1212|aligned_aa404|pident79.703,HCV,1b,100.0
KJ747915|geneNS5A|query1-1311|h77_aa1-437|extracted_nt1311|aligned_aa438|pident78.995,HCV,1b,100.0
KJ747931|geneNS5A|query1-1182|h77_aa1-394|extracted_nt1182|aligned_aa394|pident82.995,HCV,1b,100.0
KJ747930|geneNS5A|query1-1290|h77_aa1-430|extracted_nt1290|aligned_aa430|pident79.535,HCV,1b,100.0
KJ747910|geneNS5A|query1-1311|h77_aa1-437|extracted_nt1311|aligned_aa438|pident80.365,HCV,1b,100.0
KJ747932|geneNS5A|query1-1191|h77_aa1-399|extracted_nt1191|aligned_aa399|pident81.203,HCV,1b,100.0
KJ747918|geneNS5A|query1-1281|h77_aa1-427|extracted_nt1281|aligned_aa428|pident80.140,HCV,1b,100.0
KJ747933|geneNS5A|query1-1191|h77_aa1-399|extracted_nt1191|aligned_aa399|pident81.454,HCV,1b,100.0
KJ747925|geneNS5A|query1-1236|h77_aa1-412|extracted_nt1236|aligned_aa413|pident79.903,HCV,1b,100.0
KJ747943|geneNS5A|query1-1161|h77_aa1-387|extracted_nt1161|aligned_aa387|pident82.687,HCV,1b,100.0
KJ747944|geneNS5A|query1-1026|h77_aa1-342|extracted_nt1026|aligned_aa342|pident84.503,HCV,1b,100.0
KJ747947|geneNS5A|query1-1293|h77_aa1-431|extracted_nt1293|aligned_aa432|pident80.556,HCV,1b,100.0
KJ747953|geneNS5A|query1-1164|h77_aa1-388|extracted_nt1164|aligned_aa388|pident82.990,HCV,1b,100.0
KM043279|geneNS5A|query6258-7601|h77_aa1-448|extracted_nt1344|aligned_aa448|pident95.089,HCV,1a,100.0
KM043281|geneNS5A|query6274-7629|h77_aa1-447|extracted_nt1356|aligned_aa454|pident69.824,HCV,3a,100.0
KM043280|geneNS5A|query6274-7629|h77_aa1-447|extracted_nt1356|aligned_aa454|pident69.824,HCV,3a,100.0
KJ747950|geneNS5A|query1-1191|h77_aa1-399|extracted_nt1191|aligned_aa399|pident81.203,HCV,1b,100.0
KM043275|geneNS5A|query6258-7601|h77_aa1-448|extracted_nt1344|aligned_aa448|pident94.420,HCV,1a,100.0
KM246380|geneNS5A|query1-1341|h77_aa1-448|extracted_nt1341|aligned_aa448|pident79.911,HCV,1b,100.0
KM246379|geneNS5A|query1-1341|h77_aa1-448|extracted_nt1341|aligned_aa449|pident79.733,HCV,1b,100.0
KM246376|geneNS5A|query1-1344|h77_aa1-448|extracted_nt1344|aligned_aa448|pident92.634,HCV,1a,100.0
KM246378|geneNS5A|query1-1341|h77_aa1-448|extracted_nt1341|aligned_aa449|pident80.624,HCV,1b,100.0
KM246382|geneNS5A|query1-1359|h77_aa1-448|extracted_nt1359|aligned_aa456|pident69.956,HCV,3a,100.0
KM246387|geneNS5A|query1-1356|h77_aa1-448|extracted_nt1356|aligned_aa455|pident70.989,HCV,3a,100.0
KM246389|geneNS5A|query1-1356|h77_aa1-448|extracted_nt1356|aligned_aa455|pident69.890,HCV,3a,100.0
KM246391|geneNS5A|query7-1365|h77_aa3-448|extracted_nt1359|aligned_aa454|pident71.806,HCV,6f,100.0
KM246393|geneNS5A|query7-1365|h77_aa3-448|extracted_nt1359|aligned_aa453|pident71.965,HCV,6f,100.0
KM246392|geneNS5A|query7-1365|h77_aa3-448|extracted_nt1359|aligned_aa453|pident71.965,HCV,6f,100.0
KM252785|geneNS5A|query6259-7614|h77_aa1-448|extracted_nt1356|aligned_aa454|pident71.366,HCV,6p,100.0
KM252782|geneNS5A|query6262-7614|h77_aa1-448|extracted_nt1353|aligned_aa459|pident72.985,HCV,6h,100.0
KM252791|geneNS5A|query6276-7628|h77_aa1-448|extracted_nt1353|aligned_aa457|pident70.897,HCV,6a,65.0
KM252792|geneNS5A|query6264-7616|h77_aa1-448|extracted_nt1353|aligned_aa453|pident71.082,HCV,6n,100.0
KM252793|geneNS5A|query6258-7613|h77_aa1-448|extracted_nt1356|aligned_aa454|pident70.044,HCV,4k,24.0
KM252796|geneNS5A|query6261-7616|h77_aa1-448|extracted_nt1356|aligned_aa454|pident69.604,HCV,6a,46.0
KM277570|geneNS5A|query5617-6954|h77_aa1-448|extracted_nt1338|aligned_aa449|pident81.514,HCV,1b,100.0
KM277577|geneNS5A|query5806-7143|h77_aa1-448|extracted_nt1338|aligned_aa449|pident81.292,HCV,1b,100.0
KM504118|geneNS5A|query6264-7613|h77_aa3-448|extracted_nt1350|aligned_aa452|pident69.469,HCV,6w,75.0
KM504117|geneNS5A|query6264-7628|h77_aa3-448|extracted_nt1365|aligned_aa459|pident68.192,HCV,6q,91.0
KM504115|geneNS5A|query6265-7614|h77_aa3-448|extracted_nt1350|aligned_aa452|pident69.690,HCV,6q,100.0
KM504114|geneNS5A|query6267-7613|h77_aa4-448|extracted_nt1347|aligned_aa452|pident70.133,HCV,6w,62.0
KM504112|geneNS5A|query6273-7622|h77_aa3-448|extracted_nt1350|aligned_aa456|pident67.763,HCV,6w,92.0
KM587622|geneNS5A|query6262-7617|h77_aa1-448|extracted_nt1356|aligned_aa455|pident70.330,HCV,3a,100.0
KM587616|geneNS5A|query6269-7666|h77_aa1-448|extracted_nt1398|aligned_aa472|pident59.110,HCV,2a,100.0
KM587617|geneNS5A|query6270-7667|h77_aa1-448|extracted_nt1398|aligned_aa472|pident58.263,HCV,2b,100.0
KP064109|geneNS5A|query1-1281|h77_aa21-448|extracted_nt1281|aligned_aa430|pident80.000,HCV,1b,100.0
KP212023|geneNS5A|query1-450|h77_aa1-150|extracted_nt450|aligned_aa150|pident96.000,HCV,1a,100.0
KP064108|geneNS5A|query1-1281|h77_aa21-448|extracted_nt1281|aligned_aa433|pident80.600,HCV,1b,100.0
KP064111|geneNS5A|query1-1281|h77_aa21-448|extracted_nt1281|aligned_aa429|pident76.690,HCV,1b,100.0
KM587624|geneNS5A|query6252-7580|h77_aa3-448|extracted_nt1329|aligned_aa450|pident73.111,HCV,4a,100.0
KP212052|geneNS5A|query1-450|h77_aa1-150|extracted_nt450|aligned_aa150|pident95.333,HCV,1a,100.0
KP212049|geneNS5A|query1-450|h77_aa1-150|extracted_nt450|aligned_aa150|pident94.667,HCV,1a,100.0
KP212056|geneNS5A|query1-450|h77_aa1-150|extracted_nt450|aligned_aa150|pident96.000,HCV,1a,100.0
KM587628|geneNS5A|query6280-7626|h77_aa3-448|extracted_nt1347|aligned_aa458|pident69.214,HCV,6a,100.0
KP212065|geneNS5A|query1-450|h77_aa1-150|extracted_nt450|aligned_aa150|pident82.000,HCV,1b,100.0
KP064114|geneNS5A|query1-1281|h77_aa21-448|extracted_nt1281|aligned_aa428|pident80.607,HCV,1b,100.0
KP212084|geneNS5A|query1-447|h77_aa2-150|extracted_nt447|aligned_aa149|pident73.826,HCV,3a,100.0
KP212085|geneNS5A|query1-447|h77_aa2-150|extracted_nt447|aligned_aa149|pident73.826,HCV,3a,100.0
KP212087|geneNS5A|query1-447|h77_aa2-150|extracted_nt447|aligned_aa149|pident73.826,HCV,3a,100.0
KP212075|geneNS5A|query1-447|h77_aa2-150|extracted_nt447|aligned_aa149|pident75.168,HCV,3a,100.0
KP212080|geneNS5A|query1-447|h77_aa2-150|extracted_nt447|aligned_aa149|pident73.154,HCV,3a,100.0
KJ747936|geneNS5A|query1-1146|h77_aa1-382|extracted_nt1146|aligned_aa382|pident80.628,HCV,1b,100.0
KJ747948|geneNS5A|query1-939|h77_aa1-313|extracted_nt939|aligned_aa313|pident84.026,HCV,1b,100.0
KJ747952|geneNS5A|query1-1191|h77_aa1-399|extracted_nt1191|aligned_aa399|pident79.699,HCV,1b,100.0
KM043273|geneNS5A|query6258-7601|h77_aa1-448|extracted_nt1344|aligned_aa448|pident97.098,HCV,1a,100.0
KM043274|geneNS5A|query6258-7601|h77_aa1-448|extracted_nt1344|aligned_aa448|pident94.420,HCV,1a,100.0
KM043277|geneNS5A|query6258-7601|h77_aa1-448|extracted_nt1344|aligned_aa448|pident94.420,HCV,1a,100.0
KM043278|geneNS5A|query6258-7601|h77_aa1-448|extracted_nt1344|aligned_aa448|pident95.089,HCV,1a,100.0
KJ747920|geneNS5A|query1-1278|h77_aa1-426|extracted_nt1278|aligned_aa427|pident81.030,HCV,1b,100.0
KM043284|geneNS5A|query6257-7591|h77_aa1-448|extracted_nt1335|aligned_aa452|pident72.566,HCV,4a,100.0
KM246381|geneNS5A|query1-1341|h77_aa1-448|extracted_nt1341|aligned_aa449|pident80.846,HCV,1b,100.0
KM246383|geneNS5A|query1-1359|h77_aa1-448|extracted_nt1359|aligned_aa456|pident69.956,HCV,3a,100.0
KM246377|geneNS5A|query1-1344|h77_aa1-448|extracted_nt1344|aligned_aa448|pident94.420,HCV,1a,100.0
KM043276|geneNS5A|query6258-7601|h77_aa1-448|extracted_nt1344|aligned_aa448|pident94.420,HCV,1a,100.0
KM252780|geneNS5A|query6273-7631|h77_aa3-448|extracted_nt1359|aligned_aa453|pident72.627,HCV,6e,100.0
KM252784|geneNS5A|query6260-7612|h77_aa1-448|extracted_nt1353|aligned_aa454|pident72.907,HCV,6h,100.0
KM252783|geneNS5A|query6241-7593|h77_aa1-448|extracted_nt1353|aligned_aa455|pident72.967,HCV,6h,100.0
KM252797|geneNS5A|query6253-7602|h77_aa3-448|extracted_nt1350|aligned_aa452|pident70.354,HCV,6t,47.0
KM252799|geneNS5A|query6270-7622|h77_aa1-448|extracted_nt1353|aligned_aa460|pident69.348,HCV,6a,98.0
KM246385|geneNS5A|query1-1356|h77_aa1-448|extracted_nt1356|aligned_aa456|pident69.956,HCV,3a,100.0
KM277575|geneNS5A|query5819-7156|h77_aa1-448|extracted_nt1338|aligned_aa449|pident80.846,HCV,1b,100.0
KM277579|geneNS5A|query5839-7176|h77_aa1-448|extracted_nt1338|aligned_aa450|pident80.444,HCV,1b,100.0
KM277580|geneNS5A|query5839-7176|h77_aa1-448|extracted_nt1338|aligned_aa448|pident79.911,HCV,1b,100.0
KM277572|geneNS5A|query5839-7176|h77_aa1-448|extracted_nt1338|aligned_aa449|pident80.401,HCV,1b,100.0
KM504109|geneNS5A|query6259-7611|h77_aa1-448|extracted_nt1353|aligned_aa453|pident70.640,HCV,6n,84.0
KM504111|geneNS5A|query6264-7616|h77_aa3-448|extracted_nt1353|aligned_aa453|pident68.874,HCV,6o,40.0
KM504110|geneNS5A|query6261-7619|h77_aa3-448|extracted_nt1359|aligned_aa454|pident71.586,HCV,6f,100.0
KM504120|geneNS5A|query6261-7610|h77_aa3-448|extracted_nt1350|aligned_aa456|pident70.395,HCV,6o,36.0
KM587621|geneNS5A|query6269-7552|h77_aa1-428|extracted_nt1284|aligned_aa434|pident64.516,HCV,2j,100.0
KP064110|geneNS5A|query1-1281|h77_aa21-448|extracted_nt1281|aligned_aa428|pident79.907,HCV,1b,100.0
KP212042|geneNS5A|query1-450|h77_aa1-150|extracted_nt450|aligned_aa150|pident94.000,HCV,1a,100.0
KP212047|geneNS5A|query1-450|h77_aa1-150|extracted_nt450|aligned_aa150|pident96.000,HCV,1a,100.0
KP212048|geneNS5A|query1-450|h77_aa1-150|extracted_nt450|aligned_aa150|pident96.667,HCV,1a,100.0
KP212068|geneNS5A|query1-450|h77_aa1-150|extracted_nt450|aligned_aa150|pident67.333,HCV,2b,100.0
KP212072|geneNS5A|query1-441|h77_aa4-150|extracted_nt441|aligned_aa147|pident74.150,HCV,3a,100.0
KP212074|geneNS5A|query1-447|h77_aa2-150|extracted_nt447|aligned_aa149|pident73.826,HCV,3a,100.0
KP212078|geneNS5A|query1-447|h77_aa2-150|extracted_nt447|aligned_aa149|pident73.154,HCV,3a,100.0
KP212079|geneNS5A|query1-447|h77_aa2-150|extracted_nt447|aligned_aa149|pident73.826,HCV,3a,100.0
KP212081|geneNS5A|query1-447|h77_aa2-150|extracted_nt447|aligned_aa149|pident73.826,HCV,3a,100.0
KP212082|geneNS5A|query1-447|h77_aa2-150|extracted_nt447|aligned_aa149|pident73.826,HCV,3a,100.0
KJ747849|geneNS5A|query1-1314|h77_aa1-438|extracted_nt1314|aligned_aa438|pident94.749,HCV,1a,100.0
KJ747854|geneNS5A|query1-1344|h77_aa1-448|extracted_nt1344|aligned_aa448|pident94.196,HCV,1a,100.0
KJ747853|geneNS5A|query1-1344|h77_aa1-448|extracted_nt1344|aligned_aa448|pident93.973,HCV,1a,100.0
KJ747856|geneNS5A|query1-768|h77_aa1-256|extracted_nt768|aligned_aa256|pident96.875,HCV,1a,100.0
KJ747858|geneNS5A|query1-810|h77_aa1-270|extracted_nt810|aligned_aa270|pident96.667,HCV,1a,100.0
KX621426|geneNS5A|query5935-7290|h77_aa1-448|extracted_nt1356|aligned_aa456|pident70.175,HCV,3a,100.0
KX621425|geneNS5A|query5917-7260|h77_aa1-448|extracted_nt1344|aligned_aa448|pident95.536,HCV,1a,100.0
KX621432|geneNS5A|query5935-7290|h77_aa1-448|extracted_nt1356|aligned_aa456|pident70.175,HCV,3a,100.0
KX621423|geneNS5A|query5917-7260|h77_aa1-448|extracted_nt1344|aligned_aa448|pident95.536,HCV,1a,100.0
KX621439|geneNS5A|query5917-7260|h77_aa1-448|extracted_nt1344|aligned_aa448|pident95.982,HCV,1a,100.0
KX621440|geneNS5A|query5917-7260|h77_aa1-448|extracted_nt1344|aligned_aa448|pident93.304,HCV,1a,100.0
KX621443|geneNS5A|query5917-7260|h77_aa1-448|extracted_nt1344|aligned_aa448|pident97.321,HCV,1a,100.0
KX621448|geneNS5A|query5917-7260|h77_aa1-448|extracted_nt1344|aligned_aa448|pident94.643,HCV,1a,100.0
KX621453|geneNS5A|query5935-7290|h77_aa1-448|extracted_nt1356|aligned_aa456|pident70.175,HCV,3a,100.0
KX621438|geneNS5A|query5917-7260|h77_aa1-448|extracted_nt1344|aligned_aa448|pident95.536,HCV,1a,100.0
KX621458|geneNS5A|query5917-7260|h77_aa1-448|extracted_nt1344|aligned_aa448|pident93.750,HCV,1a,100.0
KX621463|geneNS5A|query5917-7260|h77_aa1-448|extracted_nt1344|aligned_aa448|pident96.205,HCV,1a,100.0
KJ747861|geneNS5A|query1-1302|h77_aa1-434|extracted_nt1302|aligned_aa434|pident93.088,HCV,1a,100.0
KJ747934|geneNS5A|query1-1191|h77_aa1-399|extracted_nt1191|aligned_aa399|pident80.952,HCV,1b,100.0
KJ747938|geneNS5A|query1-1191|h77_aa1-399|extracted_nt1191|aligned_aa399|pident81.955,HCV,1b,100.0
KJ747937|geneNS5A|query1-1254|h77_aa1-418|extracted_nt1254|aligned_aa420|pident81.190,HCV,1b,100.0
KJ747939|geneNS5A|query1-1191|h77_aa1-399|extracted_nt1191|aligned_aa399|pident79.950,HCV,1b,100.0
KJ747940|geneNS5A|query1-1191|h77_aa1-399|extracted_nt1191|aligned_aa399|pident80.451,HCV,1b,100.0
KJ747935|geneNS5A|query1-1185|h77_aa1-397|extracted_nt1185|aligned_aa397|pident79.849,HCV,1b,100.0
KJ747929|geneNS5A|query1-1191|h77_aa1-399|extracted_nt1191|aligned_aa399|pident80.201,HCV,1b,100.0
KJ747945|geneNS5A|query1-1026|h77_aa1-342|extracted_nt1026|aligned_aa342|pident85.380,HCV,1b,100.0
KJ747921|geneNS5A|query1-1191|h77_aa1-399|extracted_nt1191|aligned_aa399|pident80.201,HCV,1b,100.0
KJ747949|geneNS5A|query1-1182|h77_aa1-394|extracted_nt1182|aligned_aa394|pident81.472,HCV,1b,100.0
KJ747911|geneNS5A|query1-1305|h77_aa1-435|extracted_nt1305|aligned_aa436|pident80.046,HCV,1b,100.0
KJ747951|geneNS5A|query1-1164|h77_aa1-388|extracted_nt1164|aligned_aa388|pident81.186,HCV,1b,100.0
KM246375|geneNS5A|query1-1344|h77_aa1-448|extracted_nt1344|aligned_aa448|pident94.196,HCV,1a,100.0
KM246384|geneNS5A|query1-1356|h77_aa1-448|extracted_nt1356|aligned_aa455|pident70.549,HCV,3a,100.0
KM246386|geneNS5A|query1-1356|h77_aa1-448|extracted_nt1356|aligned_aa455|pident70.549,HCV,3a,100.0
KM246388|geneNS5A|query1-1356|h77_aa1-448|extracted_nt1356|aligned_aa455|pident69.890,HCV,3a,100.0
KM043272|geneNS5A|query6258-7601|h77_aa1-448|extracted_nt1344|aligned_aa448|pident97.098,HCV,1a,100.0
KM252779|geneNS5A|query6273-7619|h77_aa3-448|extracted_nt1347|aligned_aa453|pident71.523,HCV,6e,100.0
KM252789|geneNS5A|query6273-7625|h77_aa1-448|extracted_nt1353|aligned_aa455|pident70.549,HCV,6a,100.0
KM252790|geneNS5A|query6276-7628|h77_aa1-448|extracted_nt1353|aligned_aa457|pident70.678,HCV,6a,97.0
KM246390|geneNS5A|query1-1356|h77_aa1-448|extracted_nt1356|aligned_aa456|pident69.737,HCV,3a,100.0
KM252800|geneNS5A|query6264-7613|h77_aa3-448|extracted_nt1350|aligned_aa452|pident70.575,HCV,6q,40.0
KM252786|geneNS5A|query6264-7613|h77_aa3-448|extracted_nt1350|aligned_aa452|pident69.248,HCV,6r,100.0
KM277574|geneNS5A|query5120-6433|h77_aa9-448|extracted_nt1314|aligned_aa441|pident80.952,HCV,1b,100.0
KM277578|geneNS5A|query5839-7176|h77_aa1-448|extracted_nt1338|aligned_aa448|pident80.357,HCV,1b,100.0
KM504119|geneNS5A|query6249-7601|h77_aa1-448|extracted_nt1353|aligned_aa457|pident71.554,HCV,6h,49.0
KM504121|geneNS5A|query6265-7614|h77_aa3-448|extracted_nt1350|aligned_aa452|pident70.796,HCV,6w,72.0
KM504124|geneNS5A|query6262-7611|h77_aa3-448|extracted_nt1350|aligned_aa452|pident69.912,HCV,6c,100.0
KM504122|geneNS5A|query6258-7610|h77_aa1-448|extracted_nt1353|aligned_aa454|pident73.128,HCV,6h,100.0
KM587626|geneNS5A|query6265-7611|h77_aa2-448|extracted_nt1347|aligned_aa453|pident69.536,HCV,5a,100.0
KM587629|geneNS5A|query6270-7628|h77_aa3-448|extracted_nt1359|aligned_aa458|pident70.306,HCV,6e,100.0
KM587618|geneNS5A|query6276-7673|h77_aa1-448|extracted_nt1398|aligned_aa472|pident58.686,HCV,2b,100.0
KM587630|geneNS5A|query6261-7613|h77_aa1-448|extracted_nt1353|aligned_aa454|pident69.824,HCV,6j,93.0
KP064107|geneNS5A|query1-1281|h77_aa21-448|extracted_nt1281|aligned_aa428|pident80.607,HCV,1b,100.0
KP212020|geneNS5A|query1-450|h77_aa1-150|extracted_nt450|aligned_aa150|pident95.333,HCV,1a,100.0
KP212019|geneNS5A|query1-450|h77_aa1-150|extracted_nt450|aligned_aa150|pident95.333,HCV,1a,100.0
KP212022|geneNS5A|query1-450|h77_aa1-150|extracted_nt450|aligned_aa150|pident94.000,HCV,1a,100.0
KP212024|geneNS5A|query1-450|h77_aa1-150|extracted_nt450|aligned_aa150|pident94.000,HCV,1a,100.0
KP212027|geneNS5A|query1-450|h77_aa1-150|extracted_nt450|aligned_aa150|pident95.333,HCV,1a,100.0
KP064115|geneNS5A|query1-1281|h77_aa21-448|extracted_nt1281|aligned_aa428|pident80.140,HCV,1b,100.0
KP064121|geneNS5A|query1-1281|h77_aa21-448|extracted_nt1281|aligned_aa428|pident80.374,HCV,1b,100.0
KP212028|geneNS5A|query1-450|h77_aa1-150|extracted_nt450|aligned_aa150|pident96.000,HCV,1a,100.0
KP212029|geneNS5A|query1-450|h77_aa1-150|extracted_nt450|aligned_aa150|pident93.333,HCV,1a,100.0
KP064112|geneNS5A|query1-1281|h77_aa21-448|extracted_nt1281|aligned_aa429|pident79.254,HCV,1b,100.0
KP212032|geneNS5A|query1-387|h77_aa1-129|extracted_nt387|aligned_aa129|pident95.349,HCV,1a,100.0
KP212034|geneNS5A|query1-450|h77_aa1-150|extracted_nt450|aligned_aa150|pident94.667,HCV,1a,100.0
KP212030|geneNS5A|query1-450|h77_aa1-150|extracted_nt450|aligned_aa150|pident94.000,HCV,1a,100.0
KP212035|geneNS5A|query1-450|h77_aa1-150|extracted_nt450|aligned_aa150|pident94.000,HCV,1a,100.0
KP064113|geneNS5A|query1-1281|h77_aa21-448|extracted_nt1281|aligned_aa429|pident80.186,HCV,1b,100.0
KP212038|geneNS5A|query1-450|h77_aa1-150|extracted_nt450|aligned_aa150|pident95.333,HCV,1a,100.0
KP212037|geneNS5A|query1-450|h77_aa1-150|extracted_nt450|aligned_aa150|pident94.667,HCV,1a,100.0
KP212021|geneNS5A|query1-450|h77_aa1-150|extracted_nt450|aligned_aa150|pident95.333,HCV,1a,100.0
KP212039|geneNS5A|query1-450|h77_aa1-150|extracted_nt450|aligned_aa150|pident95.333,HCV,1a,100.0
KP212040|geneNS5A|query1-450|h77_aa1-150|extracted_nt450|aligned_aa150|pident96.000,HCV,1a,100.0
KP064116|geneNS5A|query1-1281|h77_aa21-448|extracted_nt1281|aligned_aa428|pident79.907,HCV,1b,100.0
KP212044|geneNS5A|query1-450|h77_aa1-150|extracted_nt450|aligned_aa150|pident93.333,HCV,1a,100.0
KP212045|geneNS5A|query1-450|h77_aa1-150|extracted_nt450|aligned_aa150|pident94.667,HCV,1a,100.0
KP212043|geneNS5A|query1-450|h77_aa1-150|extracted_nt450|aligned_aa150|pident95.333,HCV,1a,100.0
KP212026|geneNS5A|query1-450|h77_aa1-150|extracted_nt450|aligned_aa150|pident96.000,HCV,1a,100.0
KP212053|geneNS5A|query1-450|h77_aa1-150|extracted_nt450|aligned_aa150|pident96.000,HCV,1a,100.0
KP212051|geneNS5A|query1-450|h77_aa1-150|extracted_nt450|aligned_aa150|pident95.333,HCV,1a,100.0
KP212050|geneNS5A|query1-450|h77_aa1-150|extracted_nt450|aligned_aa150|pident96.000,HCV,1a,100.0
KP212054|geneNS5A|query1-450|h77_aa1-150|extracted_nt450|aligned_aa150|pident96.000,HCV,1a,100.0
KP212059|geneNS5A|query1-450|h77_aa1-150|extracted_nt450|aligned_aa150|pident81.333,HCV,1b,100.0
KP212057|geneNS5A|query1-450|h77_aa1-150|extracted_nt450|aligned_aa150|pident95.333,HCV,1a,100.0
KP212060|geneNS5A|query1-450|h77_aa1-150|extracted_nt450|aligned_aa150|pident80.667,HCV,1b,100.0
KP212061|geneNS5A|query1-450|h77_aa1-150|extracted_nt450|aligned_aa150|pident82.667,HCV,1b,100.0
KP212063|geneNS5A|query1-450|h77_aa1-150|extracted_nt450|aligned_aa150|pident80.667,HCV,1b,100.0
KP212062|geneNS5A|query1-450|h77_aa1-150|extracted_nt450|aligned_aa150|pident80.667,HCV,1b,100.0
KP212058|geneNS5A|query1-450|h77_aa1-150|extracted_nt450|aligned_aa150|pident82.667,HCV,1b,100.0
KP212031|geneNS5A|query1-450|h77_aa1-150|extracted_nt450|aligned_aa150|pident95.333,HCV,1a,100.0
KP212067|geneNS5A|query1-450|h77_aa1-150|extracted_nt450|aligned_aa150|pident69.333,HCV,2b,100.0
KP212069|geneNS5A|query1-447|h77_aa2-150|extracted_nt447|aligned_aa149|pident72.483,HCV,3a,100.0
KP212070|geneNS5A|query1-447|h77_aa2-150|extracted_nt447|aligned_aa149|pident73.154,HCV,3a,100.0
KP212071|geneNS5A|query1-447|h77_aa2-150|extracted_nt447|aligned_aa149|pident73.826,HCV,3a,100.0
KP212076|geneNS5A|query1-447|h77_aa2-150|extracted_nt447|aligned_aa149|pident73.826,HCV,3a,100.0
KP212086|geneNS5A|query1-447|h77_aa2-150|extracted_nt447|aligned_aa149|pident74.497,HCV,3a,100.0
KP212073|geneNS5A|query1-447|h77_aa2-150|extracted_nt447|aligned_aa149|pident72.483,HCV,3a,100.0
KP212077|geneNS5A|query1-447|h77_aa2-150|extracted_nt447|aligned_aa149|pident74.497,HCV,3a,100.0
KX621466|geneNS5A|query5917-7260|h77_aa1-448|extracted_nt1344|aligned_aa448|pident94.643,HCV,1a,100.0
KX621471|geneNS5A|query5917-7260|h77_aa1-448|extracted_nt1344|aligned_aa448|pident94.866,HCV,1a,100.0
KX621479|geneNS5A|query5935-7290|h77_aa1-448|extracted_nt1356|aligned_aa456|pident69.518,HCV,3a,100.0
KJ747927|geneNS5A|query1-1266|h77_aa1-422|extracted_nt1266|aligned_aa423|pident79.433,HCV,1b,100.0
KY083760|geneNS5A|query1-252|h77_aa11-94|extracted_nt252|aligned_aa84|pident77.381,HCV,4r,100.0
KY460623|geneNS5A|query7-414|h77_aa3-138|extracted_nt408|aligned_aa136|pident77.206,HCV,4d,100.0
KY474464|geneNS5A|query1-357|h77_aa1-119|extracted_nt357|aligned_aa119|pident74.790,HCV,3a,100.0
KY620735|geneNS5A|query6273-7628|h77_aa1-448|extracted_nt1356|aligned_aa456|pident70.395,HCV,3a,100.0
KY620736|geneNS5A|query6281-7636|h77_aa1-448|extracted_nt1356|aligned_aa456|pident69.956,HCV,3a,100.0
KY620744|geneNS5A|query6447-7802|h77_aa1-448|extracted_nt1356|aligned_aa455|pident70.330,HCV,3a,100.0
KY620740|geneNS5A|query6279-7634|h77_aa1-448|extracted_nt1356|aligned_aa456|pident70.614,HCV,3a,100.0
KY620751|geneNS5A|query6290-7645|h77_aa1-448|extracted_nt1356|aligned_aa456|pident70.833,HCV,3a,100.0
KY620742|geneNS5A|query6292-7647|h77_aa1-448|extracted_nt1356|aligned_aa455|pident68.571,HCV,3a,100.0
KY620752|geneNS5A|query6276-7631|h77_aa1-448|extracted_nt1356|aligned_aa456|pident69.518,HCV,3a,100.0
KY620754|geneNS5A|query6298-7653|h77_aa1-448|extracted_nt1356|aligned_aa455|pident69.231,HCV,3a,100.0
KY620756|geneNS5A|query6299-7654|h77_aa1-448|extracted_nt1356|aligned_aa456|pident71.053,HCV,3a,100.0
KY620755|geneNS5A|query6322-7677|h77_aa1-448|extracted_nt1356|aligned_aa455|pident69.451,HCV,3a,100.0
KX621493|geneNS5A|query5917-7260|h77_aa1-448|extracted_nt1344|aligned_aa448|pident93.750,HCV,1a,100.0
KY620762|geneNS5A|query6288-7643|h77_aa1-448|extracted_nt1356|aligned_aa456|pident70.175,HCV,3a,100.0
KY620764|geneNS5A|query6296-7651|h77_aa1-448|extracted_nt1356|aligned_aa455|pident69.451,HCV,3a,100.0
KY620765|geneNS5A|query6287-7642|h77_aa1-448|extracted_nt1356|aligned_aa455|pident70.549,HCV,3a,100.0
KY620763|geneNS5A|query6294-7649|h77_aa1-448|extracted_nt1356|aligned_aa456|pident70.614,HCV,3a,100.0
KX621486|geneNS5A|query5935-7290|h77_aa1-448|extracted_nt1356|aligned_aa456|pident70.395,HCV,3a,100.0
KX621494|geneNS5A|query5935-7290|h77_aa1-448|extracted_nt1356|aligned_aa456|pident70.395,HCV,3a,100.0
KX621490|geneNS5A|query5935-7290|h77_aa1-448|extracted_nt1356|aligned_aa455|pident70.989,HCV,3a,100.0
KX621489|geneNS5A|query5935-7290|h77_aa1-448|extracted_nt1356|aligned_aa455|pident69.890,HCV,3a,100.0
KX621485|geneNS5A|query5917-7260|h77_aa1-448|extracted_nt1344|aligned_aa448|pident95.759,HCV,1a,100.0
KX621483|geneNS5A|query5935-7290|h77_aa1-448|extracted_nt1356|aligned_aa455|pident70.110,HCV,3a,100.0
KX621506|geneNS5A|query5935-7290|h77_aa1-448|extracted_nt1356|aligned_aa456|pident70.395,HCV,3a,100.0
KX621512|geneNS5A|query5917-7260|h77_aa1-448|extracted_nt1344|aligned_aa448|pident96.429,HCV,1a,100.0
KX621510|geneNS5A|query5917-7260|h77_aa1-448|extracted_nt1344|aligned_aa448|pident94.420,HCV,1a,100.0
KX621513|geneNS5A|query5935-7290|h77_aa1-448|extracted_nt1356|aligned_aa455|pident70.110,HCV,3a,100.0
KX621517|geneNS5A|query5917-7260|h77_aa1-448|extracted_nt1344|aligned_aa448|pident93.973,HCV,1a,100.0
KX621529|geneNS5A|query5917-7260|h77_aa1-448|extracted_nt1344|aligned_aa448|pident95.759,HCV,1a,100.0
KX621524|geneNS5A|query5917-7260|h77_aa1-448|extracted_nt1344|aligned_aa448|pident95.982,HCV,1a,100.0
KY620761|geneNS5A|query6264-7619|h77_aa1-448|extracted_nt1356|aligned_aa456|pident69.737,HCV,3a,100.0
KY620760|geneNS5A|query6262-7617|h77_aa1-448|extracted_nt1356|aligned_aa455|pident69.231,HCV,3a,100.0
KY620758|geneNS5A|query6265-7620|h77_aa1-448|extracted_nt1356|aligned_aa455|pident70.110,HCV,3a,100.0
KX621496|geneNS5A|query5935-7290|h77_aa1-448|extracted_nt1356|aligned_aa456|pident70.614,HCV,3a,100.0
KX621504|geneNS5A|query5917-7260|h77_aa1-448|extracted_nt1344|aligned_aa448|pident94.196,HCV,1a,100.0
KX621495|geneNS5A|query5917-7260|h77_aa1-448|extracted_nt1344|aligned_aa448|pident94.420,HCV,1a,100.0
KX621518|geneNS5A|query5935-7290|h77_aa1-448|extracted_nt1356|aligned_aa455|pident69.670,HCV,3a,100.0
KX621523|geneNS5A|query5917-7260|h77_aa1-448|extracted_nt1344|aligned_aa448|pident94.643,HCV,1a,100.0
KX621526|geneNS5A|query5917-7260|h77_aa1-448|extracted_nt1344|aligned_aa448|pident95.759,HCV,1a,100.0
KX621533|geneNS5A|query5917-7260|h77_aa1-448|extracted_nt1344|aligned_aa448|pident91.518,HCV,1a,100.0
KX621542|geneNS5A|query5917-7260|h77_aa1-448|extracted_nt1344|aligned_aa448|pident95.982,HCV,1a,100.0
KX621538|geneNS5A|query5917-7260|h77_aa1-448|extracted_nt1344|aligned_aa448|pident93.750,HCV,1a,100.0
KX621543|geneNS5A|query5917-7260|h77_aa1-448|extracted_nt1344|aligned_aa448|pident94.420,HCV,1a,100.0
KX621549|geneNS5A|query5929-7326|h77_aa1-448|extracted_nt1398|aligned_aa472|pident58.686,HCV,2b,100.0
KX621534|geneNS5A|query5935-7290|h77_aa1-448|extracted_nt1356|aligned_aa456|pident69.298,HCV,3a,100.0
KX621539|geneNS5A|query5935-7290|h77_aa1-448|extracted_nt1356|aligned_aa455|pident70.330,HCV,3a,100.0
KX621544|geneNS5A|query5917-7260|h77_aa1-448|extracted_nt1344|aligned_aa448|pident96.875,HCV,1a,100.0
KX621551|geneNS5A|query5929-7326|h77_aa1-448|extracted_nt1398|aligned_aa472|pident58.686,HCV,2b,100.0
KX688325|geneNS5A|query1-1344|h77_aa1-448|extracted_nt1344|aligned_aa448|pident95.536,HCV,1a,100.0
KX621502|geneNS5A|query5935-7290|h77_aa1-448|extracted_nt1356|aligned_aa456|pident70.395,HCV,3a,100.0
KX621553|geneNS5A|query5929-7326|h77_aa1-448|extracted_nt1398|aligned_aa472|pident59.110,HCV,2b,100.0
KX621519|geneNS5A|query5935-7290|h77_aa1-448|extracted_nt1356|aligned_aa455|pident70.330,HCV,3a,100.0
KX688337|geneNS5A|query1-1344|h77_aa1-448|extracted_nt1344|aligned_aa448|pident90.848,HCV,1a,100.0
KX688345|geneNS5A|query1-1344|h77_aa1-448|extracted_nt1344|aligned_aa448|pident94.196,HCV,1a,100.0
KX688326|geneNS5A|query1-1344|h77_aa1-448|extracted_nt1344|aligned_aa448|pident94.196,HCV,1a,100.0
KX688338|geneNS5A|query1-1344|h77_aa1-448|extracted_nt1344|aligned_aa448|pident94.196,HCV,1a,100.0
KX688327|geneNS5A|query1-1344|h77_aa1-448|extracted_nt1344|aligned_aa448|pident94.643,HCV,1a,100.0
KX688342|geneNS5A|query1-1344|h77_aa1-448|extracted_nt1344|aligned_aa448|pident93.080,HCV,1a,100.0
KX688351|geneNS5A|query1-1344|h77_aa1-448|extracted_nt1344|aligned_aa448|pident92.188,HCV,1a,100.0
KX688350|geneNS5A|query1-1344|h77_aa1-448|extracted_nt1344|aligned_aa448|pident94.196,HCV,1a,100.0
KX688363|geneNS5A|query1-1344|h77_aa1-448|extracted_nt1344|aligned_aa448|pident94.196,HCV,1a,100.0
KX688355|geneNS5A|query1-1344|h77_aa1-448|extracted_nt1344|aligned_aa448|pident91.964,HCV,1a,100.0
KX688375|geneNS5A|query1-1344|h77_aa1-448|extracted_nt1344|aligned_aa448|pident94.643,HCV,1a,100.0
KX688384|geneNS5A|query1-1344|h77_aa1-448|extracted_nt1344|aligned_aa448|pident93.973,HCV,1a,100.0
KX688393|geneNS5A|query1-1341|h77_aa1-448|extracted_nt1341|aligned_aa448|pident81.250,HCV,1b,100.0
KX688390|geneNS5A|query1-1353|h77_aa1-448|extracted_nt1353|aligned_aa457|pident78.775,HCV,1b,100.0
KX688397|geneNS5A|query1-1341|h77_aa1-448|extracted_nt1341|aligned_aa449|pident80.178,HCV,1b,100.0
KX688389|geneNS5A|query1-1341|h77_aa1-448|extracted_nt1341|aligned_aa448|pident78.125,HCV,1b,100.0
KX688402|geneNS5A|query1-1341|h77_aa1-448|extracted_nt1341|aligned_aa450|pident80.222,HCV,1b,100.0
KX688367|geneNS5A|query1-1344|h77_aa1-448|extracted_nt1344|aligned_aa448|pident93.304,HCV,1a,100.0
KX688407|geneNS5A|query1-1341|h77_aa1-448|extracted_nt1341|aligned_aa449|pident80.401,HCV,1b,100.0
KX688420|geneNS5A|query1-1353|h77_aa1-448|extracted_nt1353|aligned_aa452|pident76.549,HCV,1b,100.0
KX688431|geneNS5A|query1-1341|h77_aa1-448|extracted_nt1341|aligned_aa449|pident80.624,HCV,1b,100.0
KX688434|geneNS5A|query1-1341|h77_aa1-448|extracted_nt1341|aligned_aa448|pident79.911,HCV,1b,100.0
KX688421|geneNS5A|query1-1341|h77_aa1-448|extracted_nt1341|aligned_aa448|pident81.027,HCV,1b,100.0
KX688429|geneNS5A|query1-1341|h77_aa1-448|extracted_nt1341|aligned_aa449|pident80.624,HCV,1b,100.0
KX688423|geneNS5A|query1-1341|h77_aa1-448|extracted_nt1341|aligned_aa448|pident78.795,HCV,1b,100.0
KX688427|geneNS5A|query1-1341|h77_aa1-448|extracted_nt1341|aligned_aa448|pident79.241,HCV,1b,100.0
KY120328|geneNS5A|query6145-7485|h77_aa1-448|extracted_nt1341|aligned_aa448|pident78.571,HCV,1b,100.0
KY120332|geneNS5A|query5951-7306|h77_aa1-448|extracted_nt1356|aligned_aa455|pident70.330,HCV,3a,100.0
KX621554|geneNS5A|query5929-7326|h77_aa1-448|extracted_nt1398|aligned_aa473|pident58.562,HCV,2b,100.0
KX688360|geneNS5A|query1-1353|h77_aa1-448|extracted_nt1353|aligned_aa451|pident92.905,HCV,1a,100.0
KX688361|geneNS5A|query1-1344|h77_aa1-448|extracted_nt1344|aligned_aa448|pident93.973,HCV,1a,100.0
KX688364|geneNS5A|query1-1344|h77_aa1-448|extracted_nt1344|aligned_aa448|pident95.982,HCV,1a,100.0
KX688366|geneNS5A|query1-1344|h77_aa1-448|extracted_nt1344|aligned_aa448|pident92.634,HCV,1a,100.0
KX688358|geneNS5A|query1-1344|h77_aa1-448|extracted_nt1344|aligned_aa448|pident95.312,HCV,1a,100.0
KX688352|geneNS5A|query1-1344|h77_aa1-448|extracted_nt1344|aligned_aa448|pident94.420,HCV,1a,100.0
KX688353|geneNS5A|query1-1344|h77_aa1-448|extracted_nt1344|aligned_aa448|pident94.420,HCV,1a,100.0
KX688370|geneNS5A|query1-1344|h77_aa1-448|extracted_nt1344|aligned_aa448|pident93.973,HCV,1a,100.0
KX688371|geneNS5A|query1-1344|h77_aa1-448|extracted_nt1344|aligned_aa448|pident93.527,HCV,1a,100.0
KX688374|geneNS5A|query1-1344|h77_aa1-448|extracted_nt1344|aligned_aa448|pident96.652,HCV,1a,100.0
KX688377|geneNS5A|query1-1344|h77_aa1-448|extracted_nt1344|aligned_aa448|pident96.205,HCV,1a,100.0
KX688391|geneNS5A|query1-1341|h77_aa1-448|extracted_nt1341|aligned_aa448|pident78.795,HCV,1b,100.0
KX688373|geneNS5A|query1-1344|h77_aa1-448|extracted_nt1344|aligned_aa448|pident94.196,HCV,1a,100.0
KX688396|geneNS5A|query1-1341|h77_aa1-448|extracted_nt1341|aligned_aa449|pident79.733,HCV,1b,100.0
KX688382|geneNS5A|query1-1344|h77_aa1-448|extracted_nt1344|aligned_aa448|pident91.964,HCV,1a,100.0
KX688383|geneNS5A|query1-1344|h77_aa1-448|extracted_nt1344|aligned_aa448|pident93.973,HCV,1a,100.0
KX688405|geneNS5A|query1-1341|h77_aa1-448|extracted_nt1341|aligned_aa448|pident78.795,HCV,1b,100.0
KX688406|geneNS5A|query1-1341|h77_aa1-448|extracted_nt1341|aligned_aa449|pident80.401,HCV,1b,100.0
KX688410|geneNS5A|query1-1341|h77_aa1-448|extracted_nt1341|aligned_aa453|pident78.146,HCV,1b,100.0
KX688411|geneNS5A|query1-1341|h77_aa1-448|extracted_nt1341|aligned_aa450|pident79.111,HCV,1b,100.0
KX688417|geneNS5A|query1-1341|h77_aa1-448|extracted_nt1341|aligned_aa449|pident80.178,HCV,1b,100.0
KX688408|geneNS5A|query1-1341|h77_aa1-448|extracted_nt1341|aligned_aa448|pident80.580,HCV,1b,100.0
KX688415|geneNS5A|query1-1341|h77_aa1-448|extracted_nt1341|aligned_aa448|pident77.009,HCV,1b,100.0
KX688428|geneNS5A|query1-1341|h77_aa1-448|extracted_nt1341|aligned_aa448|pident79.241,HCV,1b,100.0
KX688433|geneNS5A|query1-1341|h77_aa1-448|extracted_nt1341|aligned_aa453|pident79.691,HCV,1b,100.0
KY120329|geneNS5A|query6160-7506|h77_aa3-448|extracted_nt1347|aligned_aa453|pident71.523,HCV,6a,100.0
KY120330|geneNS5A|query6197-7549|h77_aa1-448|extracted_nt1353|aligned_aa454|pident71.586,HCV,6n,100.0
KY348757|geneNS5A|query6221-7561|h77_aa1-448|extracted_nt1341|aligned_aa448|pident81.027,HCV,1b,100.0
KY460625|geneNS5A|query7-414|h77_aa3-138|extracted_nt408|aligned_aa136|pident77.206,HCV,4d,100.0
KY460627|geneNS5A|query7-414|h77_aa3-138|extracted_nt408|aligned_aa136|pident77.941,HCV,4d,100.0
KY460624|geneNS5A|query7-414|h77_aa3-138|extracted_nt408|aligned_aa136|pident77.941,HCV,4d,100.0
KY460626|geneNS5A|query7-414|h77_aa3-138|extracted_nt408|aligned_aa136|pident75.000,HCV,4d,100.0
KY460629|geneNS5A|query7-414|h77_aa3-138|extracted_nt408|aligned_aa136|pident78.676,HCV,4d,100.0
KY460630|geneNS5A|query7-414|h77_aa3-138|extracted_nt408|aligned_aa136|pident79.412,HCV,4d,100.0
KY460628|geneNS5A|query7-414|h77_aa3-138|extracted_nt408|aligned_aa136|pident79.412,HCV,4d,100.0
KY460654|geneNS5A|query7-414|h77_aa3-138|extracted_nt408|aligned_aa136|pident78.676,HCV,4d,100.0
KY474425|geneNS5A|query1-357|h77_aa1-119|extracted_nt357|aligned_aa119|pident75.630,HCV,3a,100.0
KY474424|geneNS5A|query1-357|h77_aa1-119|extracted_nt357|aligned_aa119|pident74.790,HCV,3a,100.0
KY474423|geneNS5A|query1-357|h77_aa1-119|extracted_nt357|aligned_aa119|pident74.790,HCV,3a,100.0
KY474435|geneNS5A|query1-357|h77_aa1-119|extracted_nt357|aligned_aa119|pident75.630,HCV,3a,100.0
KY474457|geneNS5A|query1-357|h77_aa1-119|extracted_nt357|aligned_aa119|pident73.950,HCV,3a,100.0
KY474458|geneNS5A|query1-357|h77_aa1-119|extracted_nt357|aligned_aa119|pident74.790,HCV,3a,100.0
KY474459|geneNS5A|query1-357|h77_aa1-119|extracted_nt357|aligned_aa119|pident75.630,HCV,3a,100.0
KY474460|geneNS5A|query1-357|h77_aa1-119|extracted_nt357|aligned_aa119|pident76.471,HCV,3a,100.0
KY474433|geneNS5A|query1-357|h77_aa1-119|extracted_nt357|aligned_aa119|pident74.790,HCV,3a,100.0
KY620323|geneNS5A|query6274-7668|h77_aa2-448|extracted_nt1395|aligned_aa471|pident60.085,HCV,2a,100.0
KY620342|geneNS5A|query6265-7662|h77_aa1-448|extracted_nt1398|aligned_aa472|pident58.263,HCV,2b,100.0
KY620332|geneNS5A|query6276-7676|h77_aa1-448|extracted_nt1401|aligned_aa473|pident61.522,HCV,2c,100.0
KY620351|geneNS5A|query6317-7714|h77_aa1-448|extracted_nt1398|aligned_aa473|pident58.562,HCV,2b,100.0
KY620367|geneNS5A|query6290-7645|h77_aa1-448|extracted_nt1356|aligned_aa455|pident70.330,HCV,3a,100.0
KY620372|geneNS5A|query6281-7636|h77_aa1-448|extracted_nt1356|aligned_aa455|pident70.769,HCV,3a,100.0
KY620360|geneNS5A|query6269-7666|h77_aa1-448|extracted_nt1398|aligned_aa472|pident58.686,HCV,2b,100.0
KY620380|geneNS5A|query6295-7650|h77_aa1-448|extracted_nt1356|aligned_aa455|pident70.110,HCV,3a,100.0
KY620371|geneNS5A|query6287-7642|h77_aa1-448|extracted_nt1356|aligned_aa455|pident69.670,HCV,3a,100.0
KY620394|geneNS5A|query6321-7676|h77_aa1-448|extracted_nt1356|aligned_aa455|pident70.330,HCV,3a,100.0
KY620395|geneNS5A|query6271-7626|h77_aa1-448|extracted_nt1356|aligned_aa455|pident71.429,HCV,3a,100.0
KY620399|geneNS5A|query6277-7632|h77_aa1-448|extracted_nt1356|aligned_aa455|pident70.769,HCV,3a,100.0
KY620411|geneNS5A|query6257-7564|h77_aa17-448|extracted_nt1308|aligned_aa439|pident68.793,HCV,3a,100.0
KY620415|geneNS5A|query6297-7652|h77_aa1-448|extracted_nt1356|aligned_aa455|pident71.209,HCV,3a,100.0
KY620417|geneNS5A|query6152-7507|h77_aa1-448|extracted_nt1356|aligned_aa455|pident70.549,HCV,3a,100.0
KY620419|geneNS5A|query6283-7638|h77_aa1-448|extracted_nt1356|aligned_aa455|pident70.549,HCV,3a,100.0
KY620433|geneNS5A|query6276-7631|h77_aa1-448|extracted_nt1356|aligned_aa455|pident68.571,HCV,3a,100.0
KY620439|geneNS5A|query6146-7123|h77_aa1-326|extracted_nt978|aligned_aa326|pident74.540,HCV,3a,100.0
KY620410|geneNS5A|query6284-7639|h77_aa1-448|extracted_nt1356|aligned_aa456|pident69.298,HCV,3a,100.0
KY620432|geneNS5A|query6294-7649|h77_aa1-448|extracted_nt1356|aligned_aa456|pident69.737,HCV,3a,100.0
KY620435|geneNS5A|query6280-7635|h77_aa1-447|extracted_nt1356|aligned_aa454|pident68.722,HCV,3a,100.0
KY620446|geneNS5A|query6260-7615|h77_aa1-448|extracted_nt1356|aligned_aa455|pident69.670,HCV,3a,100.0
KY620429|geneNS5A|query6293-7648|h77_aa1-448|extracted_nt1356|aligned_aa455|pident69.670,HCV,3a,100.0
KY620461|geneNS5A|query6296-7651|h77_aa1-448|extracted_nt1356|aligned_aa455|pident69.890,HCV,3a,100.0
KY620452|geneNS5A|query6264-7619|h77_aa1-448|extracted_nt1356|aligned_aa455|pident69.670,HCV,3a,100.0
KY620474|geneNS5A|query6297-7652|h77_aa1-448|extracted_nt1356|aligned_aa455|pident70.330,HCV,3a,100.0
KY620477|geneNS5A|query6292-7647|h77_aa1-448|extracted_nt1356|aligned_aa456|pident70.175,HCV,3a,100.0
KY620476|geneNS5A|query6295-7650|h77_aa1-448|extracted_nt1356|aligned_aa456|pident69.298,HCV,3a,100.0
KY460632|geneNS5A|query7-414|h77_aa3-138|extracted_nt408|aligned_aa136|pident77.941,HCV,4d,100.0
KY460639|geneNS5A|query10-414|h77_aa4-138|extracted_nt405|aligned_aa135|pident79.259,HCV,4d,100.0
KY460631|geneNS5A|query7-414|h77_aa3-138|extracted_nt408|aligned_aa136|pident79.412,HCV,4d,100.0
KY460645|geneNS5A|query7-414|h77_aa3-138|extracted_nt408|aligned_aa136|pident79.412,HCV,4d,100.0
KY460665|geneNS5A|query7-414|h77_aa3-138|extracted_nt408|aligned_aa136|pident80.147,HCV,4d,100.0
KY460666|geneNS5A|query7-414|h77_aa3-138|extracted_nt408|aligned_aa136|pident77.941,HCV,4d,100.0
KY474438|geneNS5A|query1-357|h77_aa1-119|extracted_nt357|aligned_aa119|pident76.471,HCV,3a,100.0
KY474431|geneNS5A|query1-357|h77_aa1-119|extracted_nt357|aligned_aa119|pident75.630,HCV,3a,100.0
KY474445|geneNS5A|query1-357|h77_aa1-119|extracted_nt357|aligned_aa119|pident75.630,HCV,3a,100.0
KY620313|geneNS5A|query6313-7710|h77_aa1-448|extracted_nt1398|aligned_aa472|pident59.746,HCV,2a,100.0
KY620329|geneNS5A|query6270-7670|h77_aa1-448|extracted_nt1401|aligned_aa471|pident59.448,HCV,2m,100.0
KY620326|geneNS5A|query6286-7683|h77_aa1-448|extracted_nt1398|aligned_aa472|pident58.475,HCV,2a,100.0
KY620321|geneNS5A|query6301-7698|h77_aa1-448|extracted_nt1398|aligned_aa472|pident59.110,HCV,2a,100.0
KY620354|geneNS5A|query6280-7677|h77_aa1-448|extracted_nt1398|aligned_aa472|pident58.898,HCV,2b,100.0
KY620359|geneNS5A|query6278-7675|h77_aa1-448|extracted_nt1398|aligned_aa472|pident58.475,HCV,2b,100.0
KY620369|geneNS5A|query6265-7620|h77_aa1-448|extracted_nt1356|aligned_aa456|pident70.175,HCV,3a,100.0
KY620386|geneNS5A|query6262-7617|h77_aa1-448|extracted_nt1356|aligned_aa455|pident69.890,HCV,3a,100.0
KY620388|geneNS5A|query6294-7649|h77_aa1-448|extracted_nt1356|aligned_aa455|pident69.451,HCV,3a,100.0
KY620402|geneNS5A|query6269-7624|h77_aa1-448|extracted_nt1356|aligned_aa455|pident69.670,HCV,3a,100.0
KY620406|geneNS5A|query6292-7647|h77_aa1-448|extracted_nt1356|aligned_aa455|pident70.330,HCV,3a,100.0
KY620405|geneNS5A|query6278-7633|h77_aa1-448|extracted_nt1356|aligned_aa455|pident69.451,HCV,3a,100.0
KY620408|geneNS5A|query6308-7663|h77_aa1-448|extracted_nt1356|aligned_aa455|pident70.769,HCV,3a,100.0
KY620418|geneNS5A|query6341-7696|h77_aa1-447|extracted_nt1356|aligned_aa454|pident69.604,HCV,3a,100.0
KY620421|geneNS5A|query6312-7667|h77_aa1-448|extracted_nt1356|aligned_aa456|pident69.956,HCV,3a,100.0
KY620426|geneNS5A|query6280-7635|h77_aa1-448|extracted_nt1356|aligned_aa455|pident69.451,HCV,3a,100.0
KY620430|geneNS5A|query6257-7612|h77_aa1-448|extracted_nt1356|aligned_aa455|pident68.791,HCV,3a,100.0
KY620438|geneNS5A|query6264-7619|h77_aa1-448|extracted_nt1356|aligned_aa455|pident70.330,HCV,3a,100.0
KY620441|geneNS5A|query6295-7650|h77_aa1-448|extracted_nt1356|aligned_aa456|pident69.737,HCV,3a,100.0
KY620445|geneNS5A|query6358-7713|h77_aa1-448|extracted_nt1356|aligned_aa455|pident70.330,HCV,3a,100.0
KY620442|geneNS5A|query6296-7651|h77_aa1-448|extracted_nt1356|aligned_aa455|pident70.110,HCV,3a,100.0
KY620451|geneNS5A|query6294-7649|h77_aa1-448|extracted_nt1356|aligned_aa455|pident70.989,HCV,3a,100.0
KY620453|geneNS5A|query6293-7648|h77_aa1-448|extracted_nt1356|aligned_aa455|pident69.890,HCV,3a,100.0
KY620462|geneNS5A|query6294-7649|h77_aa1-448|extracted_nt1356|aligned_aa455|pident68.791,HCV,3a,100.0
KY620458|geneNS5A|query6292-7647|h77_aa1-448|extracted_nt1356|aligned_aa455|pident70.330,HCV,3a,100.0
KY620469|geneNS5A|query6273-7640|h77_aa1-448|extracted_nt1368|aligned_aa459|pident69.717,HCV,3a,100.0
KY620466|geneNS5A|query6294-7649|h77_aa1-448|extracted_nt1356|aligned_aa455|pident69.890,HCV,3a,100.0
KY620481|geneNS5A|query6289-7644|h77_aa1-448|extracted_nt1356|aligned_aa455|pident69.890,HCV,3a,100.0
KY620488|geneNS5A|query6296-7651|h77_aa1-448|extracted_nt1356|aligned_aa456|pident69.956,HCV,3a,100.0
KY620491|geneNS5A|query6265-7620|h77_aa1-448|extracted_nt1356|aligned_aa456|pident70.395,HCV,3a,100.0
KY620485|geneNS5A|query6265-7620|h77_aa1-447|extracted_nt1356|aligned_aa454|pident69.383,HCV,3a,100.0
KY620478|geneNS5A|query6141-7493|h77_aa2-448|extracted_nt1353|aligned_aa452|pident67.699,HCV,3a,100.0
KY620492|geneNS5A|query6268-7623|h77_aa1-448|extracted_nt1356|aligned_aa456|pident69.298,HCV,3a,100.0
KY620494|geneNS5A|query6323-7678|h77_aa1-448|extracted_nt1356|aligned_aa456|pident69.956,HCV,3a,100.0
KY620495|geneNS5A|query6288-7643|h77_aa1-448|extracted_nt1356|aligned_aa456|pident69.956,HCV,3a,100.0
KY620489|geneNS5A|query6295-7650|h77_aa1-448|extracted_nt1356|aligned_aa456|pident70.614,HCV,3a,100.0
KY620501|geneNS5A|query6285-7640|h77_aa1-448|extracted_nt1356|aligned_aa455|pident70.769,HCV,3a,100.0
KY620502|geneNS5A|query6294-7649|h77_aa1-448|extracted_nt1356|aligned_aa456|pident70.175,HCV,3a,100.0
KX688349|geneNS5A|query1-1344|h77_aa1-448|extracted_nt1344|aligned_aa448|pident92.188,HCV,1a,100.0
KY620511|geneNS5A|query6280-7635|h77_aa1-448|extracted_nt1356|aligned_aa456|pident69.518,HCV,3a,100.0
KY620513|geneNS5A|query6291-7646|h77_aa1-448|extracted_nt1356|aligned_aa455|pident68.791,HCV,3a,100.0
KY620512|geneNS5A|query6291-7646|h77_aa1-448|extracted_nt1356|aligned_aa456|pident69.956,HCV,3a,100.0
KY620503|geneNS5A|query6296-7651|h77_aa1-448|extracted_nt1356|aligned_aa455|pident69.670,HCV,3a,100.0
KY620510|geneNS5A|query6296-7651|h77_aa1-448|extracted_nt1356|aligned_aa456|pident69.518,HCV,3a,100.0
KY620531|geneNS5A|query6267-7622|h77_aa1-448|extracted_nt1356|aligned_aa455|pident70.330,HCV,3a,100.0
KY620521|geneNS5A|query6293-7648|h77_aa1-448|extracted_nt1356|aligned_aa455|pident70.110,HCV,3a,100.0
KY620523|geneNS5A|query6269-7624|h77_aa1-448|extracted_nt1356|aligned_aa456|pident69.518,HCV,3a,100.0
KY620528|geneNS5A|query6273-7628|h77_aa1-448|extracted_nt1356|aligned_aa455|pident69.890,HCV,3a,100.0
KY620530|geneNS5A|query6265-7620|h77_aa1-448|extracted_nt1356|aligned_aa456|pident69.518,HCV,3a,100.0
KY620534|geneNS5A|query6266-7621|h77_aa1-448|extracted_nt1356|aligned_aa455|pident70.330,HCV,3a,100.0
KY620547|geneNS5A|query5969-7324|h77_aa1-448|extracted_nt1356|aligned_aa456|pident69.298,HCV,3a,100.0
KY620546|geneNS5A|query6318-7673|h77_aa1-448|extracted_nt1356|aligned_aa455|pident70.549,HCV,3a,100.0
KY620551|geneNS5A|query6295-7650|h77_aa1-448|extracted_nt1356|aligned_aa456|pident69.518,HCV,3a,100.0
KY620533|geneNS5A|query6304-7650|h77_aa4-448|extracted_nt1347|aligned_aa453|pident69.757,HCV,3a,100.0
KY620541|geneNS5A|query6402-7757|h77_aa1-448|extracted_nt1356|aligned_aa456|pident70.614,HCV,3a,100.0
KY620540|geneNS5A|query6258-7613|h77_aa1-448|extracted_nt1356|aligned_aa456|pident70.614,HCV,3a,100.0
KY620557|geneNS5A|query6273-7628|h77_aa1-448|extracted_nt1356|aligned_aa456|pident70.614,HCV,3a,100.0
KY620554|geneNS5A|query6300-7655|h77_aa1-448|extracted_nt1356|aligned_aa455|pident69.451,HCV,3a,100.0
KY620560|geneNS5A|query6278-7633|h77_aa1-448|extracted_nt1356|aligned_aa456|pident69.298,HCV,3a,100.0
KY620567|geneNS5A|query6277-7632|h77_aa1-448|extracted_nt1356|aligned_aa455|pident69.451,HCV,3a,100.0
KY620573|geneNS5A|query6291-7646|h77_aa1-448|extracted_nt1356|aligned_aa456|pident70.833,HCV,3a,100.0
KY620566|geneNS5A|query6296-7651|h77_aa1-448|extracted_nt1356|aligned_aa455|pident70.549,HCV,3a,100.0
KY620571|geneNS5A|query6252-7607|h77_aa1-448|extracted_nt1356|aligned_aa456|pident70.175,HCV,3a,100.0
KY620576|geneNS5A|query6268-7623|h77_aa1-448|extracted_nt1356|aligned_aa456|pident69.518,HCV,3a,100.0
KY620582|geneNS5A|query6295-7650|h77_aa1-448|extracted_nt1356|aligned_aa456|pident69.956,HCV,3a,100.0
KY620587|geneNS5A|query6275-7630|h77_aa1-448|extracted_nt1356|aligned_aa456|pident69.079,HCV,3a,100.0
KY620579|geneNS5A|query6277-7632|h77_aa1-448|extracted_nt1356|aligned_aa456|pident70.833,HCV,3a,100.0
KY620562|geneNS5A|query6259-7614|h77_aa1-448|extracted_nt1356|aligned_aa455|pident71.648,HCV,3a,100.0
KY620565|geneNS5A|query6293-7648|h77_aa1-448|extracted_nt1356|aligned_aa455|pident70.330,HCV,3a,100.0
KY620561|geneNS5A|query6331-7686|h77_aa1-448|extracted_nt1356|aligned_aa455|pident70.330,HCV,3a,100.0
KY620585|geneNS5A|query6300-7655|h77_aa1-448|extracted_nt1356|aligned_aa455|pident70.110,HCV,3a,100.0
KY620595|geneNS5A|query6264-7619|h77_aa1-448|extracted_nt1356|aligned_aa455|pident70.110,HCV,3a,100.0
KY620589|geneNS5A|query6299-7654|h77_aa1-448|extracted_nt1356|aligned_aa455|pident70.549,HCV,3a,100.0
KY620588|geneNS5A|query6351-7706|h77_aa1-448|extracted_nt1356|aligned_aa456|pident70.175,HCV,3a,100.0
KY620593|geneNS5A|query6291-7646|h77_aa1-448|extracted_nt1356|aligned_aa455|pident70.110,HCV,3a,100.0
KY620584|geneNS5A|query6269-7624|h77_aa1-448|extracted_nt1356|aligned_aa455|pident69.231,HCV,3a,100.0
KY620592|geneNS5A|query6286-7641|h77_aa1-448|extracted_nt1356|aligned_aa456|pident69.737,HCV,3a,100.0
KY620594|geneNS5A|query6284-7639|h77_aa1-448|extracted_nt1356|aligned_aa455|pident69.670,HCV,3a,100.0
KY620559|geneNS5A|query6257-7612|h77_aa1-448|extracted_nt1356|aligned_aa456|pident69.737,HCV,3a,100.0
KY620591|geneNS5A|query6276-7634|h77_aa1-448|extracted_nt1359|aligned_aa456|pident69.079,HCV,3a,100.0
KY620607|geneNS5A|query6288-7643|h77_aa1-448|extracted_nt1356|aligned_aa456|pident69.518,HCV,3a,100.0
KY620590|geneNS5A|query6273-7628|h77_aa1-448|extracted_nt1356|aligned_aa455|pident70.330,HCV,3a,100.0
KY620586|geneNS5A|query6290-7645|h77_aa1-448|extracted_nt1356|aligned_aa456|pident69.737,HCV,3a,100.0
KY620612|geneNS5A|query6262-7617|h77_aa1-448|extracted_nt1356|aligned_aa456|pident69.298,HCV,3a,100.0
KY620613|geneNS5A|query6293-7648|h77_aa1-448|extracted_nt1356|aligned_aa455|pident70.330,HCV,3a,100.0
KY620597|geneNS5A|query6293-7648|h77_aa1-448|extracted_nt1356|aligned_aa455|pident69.890,HCV,3a,100.0
KY620600|geneNS5A|query6297-7652|h77_aa1-448|extracted_nt1356|aligned_aa456|pident69.298,HCV,3a,100.0
KY620601|geneNS5A|query6293-7648|h77_aa1-448|extracted_nt1356|aligned_aa455|pident69.451,HCV,3a,100.0
KY620615|geneNS5A|query6299-7654|h77_aa1-448|extracted_nt1356|aligned_aa455|pident69.451,HCV,3a,100.0
KY620614|geneNS5A|query6276-7631|h77_aa1-448|extracted_nt1356|aligned_aa455|pident69.670,HCV,3a,100.0
KY620608|geneNS5A|query6270-7625|h77_aa1-448|extracted_nt1356|aligned_aa456|pident69.518,HCV,3a,100.0
KY620619|geneNS5A|query6295-7650|h77_aa1-448|extracted_nt1356|aligned_aa455|pident70.549,HCV,3a,100.0
KY620602|geneNS5A|query6285-7640|h77_aa1-448|extracted_nt1356|aligned_aa455|pident70.989,HCV,3a,100.0
KY620596|geneNS5A|query6295-7650|h77_aa1-448|extracted_nt1356|aligned_aa455|pident69.451,HCV,3a,100.0
KY620653|geneNS5A|query6294-7649|h77_aa1-448|extracted_nt1356|aligned_aa455|pident69.231,HCV,3a,100.0
KY620626|geneNS5A|query6268-7623|h77_aa1-448|extracted_nt1356|aligned_aa456|pident69.518,HCV,3a,100.0
KY620630|geneNS5A|query6267-7622|h77_aa1-448|extracted_nt1356|aligned_aa455|pident70.110,HCV,3a,100.0
KY620652|geneNS5A|query6265-7620|h77_aa1-448|extracted_nt1356|aligned_aa455|pident70.549,HCV,3a,100.0
KY620624|geneNS5A|query6281-7636|h77_aa1-448|extracted_nt1356|aligned_aa455|pident70.549,HCV,3a,100.0
KY620616|geneNS5A|query6274-7629|h77_aa1-448|extracted_nt1356|aligned_aa455|pident69.231,HCV,3a,100.0
KY620637|geneNS5A|query6293-7648|h77_aa1-448|extracted_nt1356|aligned_aa455|pident70.110,HCV,3a,100.0
KY620645|geneNS5A|query6288-7643|h77_aa1-448|extracted_nt1356|aligned_aa456|pident69.518,HCV,3a,100.0
KY620634|geneNS5A|query6357-7712|h77_aa1-448|extracted_nt1356|aligned_aa456|pident69.956,HCV,3a,100.0
KY620648|geneNS5A|query6267-7622|h77_aa1-448|extracted_nt1356|aligned_aa455|pident69.670,HCV,3a,100.0
KY620647|geneNS5A|query6308-7663|h77_aa1-448|extracted_nt1356|aligned_aa455|pident70.549,HCV,3a,100.0
KY620658|geneNS5A|query6321-7676|h77_aa1-448|extracted_nt1356|aligned_aa456|pident69.737,HCV,3a,100.0
KY620664|geneNS5A|query6266-7621|h77_aa1-448|extracted_nt1356|aligned_aa456|pident70.614,HCV,3a,100.0
KY620655|geneNS5A|query6131-7486|h77_aa1-448|extracted_nt1356|aligned_aa456|pident69.298,HCV,3a,100.0
KY620663|geneNS5A|query6294-7649|h77_aa1-448|extracted_nt1356|aligned_aa456|pident70.395,HCV,3a,100.0
KY620673|geneNS5A|query6288-7643|h77_aa1-448|extracted_nt1356|aligned_aa455|pident70.549,HCV,3a,100.0
KY620676|geneNS5A|query6309-7664|h77_aa1-448|extracted_nt1356|aligned_aa455|pident70.330,HCV,3a,100.0
KY620678|geneNS5A|query6294-7649|h77_aa1-448|extracted_nt1356|aligned_aa455|pident69.890,HCV,3a,100.0
KY620660|geneNS5A|query6339-7694|h77_aa1-448|extracted_nt1356|aligned_aa455|pident69.890,HCV,3a,100.0
KY620669|geneNS5A|query6264-7619|h77_aa1-448|extracted_nt1356|aligned_aa455|pident70.330,HCV,3a,100.0
KY620698|geneNS5A|query6295-7650|h77_aa1-448|extracted_nt1356|aligned_aa455|pident69.890,HCV,3a,100.0
KY620692|geneNS5A|query6270-7625|h77_aa1-448|extracted_nt1356|aligned_aa455|pident70.110,HCV,3a,100.0
KY620689|geneNS5A|query6265-7620|h77_aa1-448|extracted_nt1356|aligned_aa456|pident70.175,HCV,3a,100.0
KY620688|geneNS5A|query6411-7766|h77_aa1-448|extracted_nt1356|aligned_aa456|pident69.737,HCV,3a,100.0
KY620690|geneNS5A|query6295-7650|h77_aa1-448|extracted_nt1356|aligned_aa456|pident70.175,HCV,3a,100.0
KY620686|geneNS5A|query6284-7639|h77_aa1-448|extracted_nt1356|aligned_aa455|pident69.890,HCV,3a,100.0
KY620702|geneNS5A|query6279-7634|h77_aa1-448|extracted_nt1356|aligned_aa455|pident70.110,HCV,3a,100.0
KY620715|geneNS5A|query6265-7620|h77_aa1-448|extracted_nt1356|aligned_aa456|pident70.395,HCV,3a,100.0
KY620717|geneNS5A|query6295-7647|h77_aa2-448|extracted_nt1353|aligned_aa455|pident69.890,HCV,3a,100.0
KY620728|geneNS5A|query6295-7650|h77_aa1-448|extracted_nt1356|aligned_aa455|pident69.451,HCV,3a,100.0
KY620705|geneNS5A|query6296-7651|h77_aa1-448|extracted_nt1356|aligned_aa455|pident69.451,HCV,3a,100.0
KY620722|geneNS5A|query6297-7652|h77_aa1-448|extracted_nt1356|aligned_aa456|pident69.298,HCV,3a,100.0
KY620696|geneNS5A|query6269-7624|h77_aa1-448|extracted_nt1356|aligned_aa456|pident69.737,HCV,3a,100.0
KX621556|geneNS5A|query5929-7326|h77_aa1-448|extracted_nt1398|aligned_aa472|pident58.263,HCV,2b,100.0
KY620739|geneNS5A|query6248-7603|h77_aa1-448|extracted_nt1356|aligned_aa455|pident69.670,HCV,3a,100.0
KY620746|geneNS5A|query6296-7651|h77_aa1-448|extracted_nt1356|aligned_aa455|pident69.670,HCV,3a,100.0
KX688339|geneNS5A|query1-1344|h77_aa1-448|extracted_nt1344|aligned_aa448|pident93.304,HCV,1a,100.0
KX688341|geneNS5A|query1-1344|h77_aa1-448|extracted_nt1344|aligned_aa448|pident94.196,HCV,1a,100.0
KX688343|geneNS5A|query1-1344|h77_aa1-448|extracted_nt1344|aligned_aa448|pident93.973,HCV,1a,100.0
KX688332|geneNS5A|query1-1344|h77_aa1-448|extracted_nt1344|aligned_aa448|pident93.527,HCV,1a,100.0
KX688357|geneNS5A|query1-1344|h77_aa1-448|extracted_nt1344|aligned_aa448|pident92.857,HCV,1a,100.0
KX688354|geneNS5A|query1-1344|h77_aa1-448|extracted_nt1344|aligned_aa448|pident92.857,HCV,1a,100.0
KX688362|geneNS5A|query1-1344|h77_aa1-448|extracted_nt1344|aligned_aa448|pident95.536,HCV,1a,100.0
KX688347|geneNS5A|query1-1344|h77_aa1-448|extracted_nt1344|aligned_aa448|pident91.295,HCV,1a,100.0
KX688344|geneNS5A|query1-1344|h77_aa1-448|extracted_nt1344|aligned_aa448|pident90.402,HCV,1a,100.0
KX688356|geneNS5A|query1-1344|h77_aa1-448|extracted_nt1344|aligned_aa448|pident91.518,HCV,1a,100.0
KX688372|geneNS5A|query1-1344|h77_aa1-448|extracted_nt1344|aligned_aa448|pident91.295,HCV,1a,100.0
KX688365|geneNS5A|query1-1344|h77_aa1-448|extracted_nt1344|aligned_aa448|pident93.750,HCV,1a,100.0
KX688379|geneNS5A|query1-1344|h77_aa1-448|extracted_nt1344|aligned_aa448|pident88.393,HCV,1a,100.0
KX688380|geneNS5A|query1-1344|h77_aa1-448|extracted_nt1344|aligned_aa448|pident95.759,HCV,1a,100.0
KX688386|geneNS5A|query1-1341|h77_aa1-448|extracted_nt1341|aligned_aa448|pident79.688,HCV,1b,100.0
KX688385|geneNS5A|query1-1344|h77_aa1-448|extracted_nt1344|aligned_aa448|pident94.866,HCV,1a,100.0
KX688387|geneNS5A|query1-1341|h77_aa1-448|extracted_nt1341|aligned_aa449|pident80.846,HCV,1b,100.0
KX688394|geneNS5A|query1-1341|h77_aa1-448|extracted_nt1341|aligned_aa449|pident81.069,HCV,1b,100.0
KX688401|geneNS5A|query1-1341|h77_aa1-448|extracted_nt1341|aligned_aa449|pident79.955,HCV,1b,100.0
KX688403|geneNS5A|query1-1341|h77_aa1-448|extracted_nt1341|aligned_aa448|pident79.018,HCV,1b,100.0
KX688388|geneNS5A|query1-1341|h77_aa1-448|extracted_nt1341|aligned_aa449|pident79.065,HCV,1b,100.0
KX688413|geneNS5A|query1-1341|h77_aa1-448|extracted_nt1341|aligned_aa448|pident78.795,HCV,1b,100.0
KX688425|geneNS5A|query1-1341|h77_aa1-448|extracted_nt1341|aligned_aa448|pident79.241,HCV,1b,100.0
KX688426|geneNS5A|query1-1341|h77_aa1-448|extracted_nt1341|aligned_aa448|pident79.241,HCV,1b,100.0
KY120331|geneNS5A|query5944-7284|h77_aa1-448|extracted_nt1341|aligned_aa448|pident79.688,HCV,1b,100.0
KY460664|geneNS5A|query7-414|h77_aa3-138|extracted_nt408|aligned_aa136|pident77.206,HCV,4d,100.0
KY474427|geneNS5A|query1-357|h77_aa1-119|extracted_nt357|aligned_aa119|pident75.630,HCV,3a,100.0
KY474429|geneNS5A|query1-357|h77_aa1-119|extracted_nt357|aligned_aa119|pident74.790,HCV,3a,100.0
KY474432|geneNS5A|query1-357|h77_aa1-119|extracted_nt357|aligned_aa119|pident73.950,HCV,3a,100.0
KY474430|geneNS5A|query1-357|h77_aa1-119|extracted_nt357|aligned_aa119|pident74.790,HCV,3a,100.0
KY460673|geneNS5A|query7-414|h77_aa3-138|extracted_nt408|aligned_aa136|pident80.147,HCV,4d,100.0
KY474434|geneNS5A|query1-357|h77_aa1-119|extracted_nt357|aligned_aa119|pident75.630,HCV,3a,100.0
KY474436|geneNS5A|query1-357|h77_aa1-119|extracted_nt357|aligned_aa119|pident75.630,HCV,3a,100.0
KY474437|geneNS5A|query1-357|h77_aa1-119|extracted_nt357|aligned_aa119|pident74.790,HCV,3a,100.0
KY474440|geneNS5A|query1-357|h77_aa1-119|extracted_nt357|aligned_aa119|pident73.950,HCV,3a,100.0
KY474443|geneNS5A|query1-357|h77_aa1-119|extracted_nt357|aligned_aa119|pident77.311,HCV,3a,100.0
KY474446|geneNS5A|query1-357|h77_aa1-119|extracted_nt357|aligned_aa119|pident73.109,HCV,3a,100.0
KY474448|geneNS5A|query1-357|h77_aa1-119|extracted_nt357|aligned_aa119|pident73.109,HCV,3a,100.0
KY474449|geneNS5A|query1-357|h77_aa1-119|extracted_nt357|aligned_aa119|pident73.109,HCV,3a,100.0
KY474451|geneNS5A|query1-357|h77_aa1-119|extracted_nt357|aligned_aa119|pident76.471,HCV,3a,100.0
KY474450|geneNS5A|query1-357|h77_aa1-119|extracted_nt357|aligned_aa119|pident73.109,HCV,3a,100.0
KY474452|geneNS5A|query1-357|h77_aa1-119|extracted_nt357|aligned_aa119|pident75.630,HCV,3a,100.0
KY474454|geneNS5A|query1-357|h77_aa1-119|extracted_nt357|aligned_aa119|pident75.630,HCV,3a,100.0
KY474455|geneNS5A|query1-357|h77_aa1-119|extracted_nt357|aligned_aa119|pident73.109,HCV,3a,100.0
KY474456|geneNS5A|query1-357|h77_aa1-119|extracted_nt357|aligned_aa119|pident73.950,HCV,3a,100.0
KY474453|geneNS5A|query1-357|h77_aa1-119|extracted_nt357|aligned_aa119|pident75.630,HCV,3a,100.0
KY474442|geneNS5A|query1-357|h77_aa1-119|extracted_nt357|aligned_aa119|pident74.790,HCV,3a,100.0
KY474428|geneNS5A|query1-357|h77_aa1-119|extracted_nt357|aligned_aa119|pident73.950,HCV,3a,100.0
KY474444|geneNS5A|query1-357|h77_aa1-119|extracted_nt357|aligned_aa119|pident76.471,HCV,3a,100.0
KY460669|geneNS5A|query7-414|h77_aa3-138|extracted_nt408|aligned_aa136|pident78.676,HCV,4d,100.0
KY474461|geneNS5A|query1-357|h77_aa1-119|extracted_nt357|aligned_aa119|pident75.630,HCV,3a,100.0
KY474462|geneNS5A|query1-357|h77_aa1-119|extracted_nt357|aligned_aa119|pident76.471,HCV,3a,100.0
KY620319|geneNS5A|query6265-7662|h77_aa1-448|extracted_nt1398|aligned_aa472|pident59.110,HCV,2a,100.0
KY620320|geneNS5A|query6271-7668|h77_aa1-448|extracted_nt1398|aligned_aa472|pident59.322,HCV,2a,100.0
KY620318|geneNS5A|query6262-7659|h77_aa1-448|extracted_nt1398|aligned_aa472|pident59.110,HCV,2a,100.0
KY620315|geneNS5A|query6267-7544|h77_aa2-428|extracted_nt1278|aligned_aa433|pident56.582,HCV,2a,100.0
KY620316|geneNS5A|query6278-7672|h77_aa2-448|extracted_nt1395|aligned_aa471|pident58.386,HCV,2a,100.0
KY620325|geneNS5A|query6262-7671|h77_aa1-448|extracted_nt1410|aligned_aa476|pident58.403,HCV,2a,100.0
KY620324|geneNS5A|query6403-7800|h77_aa1-448|extracted_nt1398|aligned_aa472|pident59.322,HCV,2a,100.0
KY620327|geneNS5A|query6272-7669|h77_aa1-448|extracted_nt1398|aligned_aa472|pident59.110,HCV,2a,100.0
KY620314|geneNS5A|query6271-7665|h77_aa2-448|extracted_nt1395|aligned_aa471|pident58.386,HCV,2a,100.0
KY620335|geneNS5A|query6268-7665|h77_aa1-448|extracted_nt1398|aligned_aa472|pident58.686,HCV,2b,100.0
KY620328|geneNS5A|query6274-7668|h77_aa2-448|extracted_nt1395|aligned_aa471|pident59.873,HCV,2a,100.0
KY620336|geneNS5A|query6295-7692|h77_aa1-448|extracted_nt1398|aligned_aa472|pident58.475,HCV,2b,100.0
KY620317|geneNS5A|query6268-7665|h77_aa1-448|extracted_nt1398|aligned_aa472|pident59.322,HCV,2a,100.0
KY620337|geneNS5A|query6274-7671|h77_aa1-448|extracted_nt1398|aligned_aa477|pident58.491,HCV,2b,100.0
KY620331|geneNS5A|query6287-7684|h77_aa1-448|extracted_nt1398|aligned_aa472|pident60.593,HCV,2c,100.0
KY620341|geneNS5A|query6271-7668|h77_aa1-448|extracted_nt1398|aligned_aa472|pident57.839,HCV,2b,100.0
KY620338|geneNS5A|query6282-7679|h77_aa1-448|extracted_nt1398|aligned_aa472|pident59.110,HCV,2b,100.0
KY620339|geneNS5A|query6276-7673|h77_aa1-448|extracted_nt1398|aligned_aa473|pident57.717,HCV,2b,100.0
KY620383|geneNS5A|query6298-7653|h77_aa1-448|extracted_nt1356|aligned_aa455|pident69.890,HCV,3a,100.0
KY620431|geneNS5A|query6302-7657|h77_aa1-448|extracted_nt1356|aligned_aa455|pident70.330,HCV,3a,100.0
KY620436|geneNS5A|query6267-7622|h77_aa1-448|extracted_nt1356|aligned_aa455|pident70.330,HCV,3a,100.0
KY620434|geneNS5A|query6278-7633|h77_aa1-448|extracted_nt1356|aligned_aa453|pident69.536,HCV,3a,100.0
KY620449|geneNS5A|query6273-7628|h77_aa1-447|extracted_nt1356|aligned_aa454|pident69.163,HCV,3a,100.0
KY620444|geneNS5A|query6264-7619|h77_aa1-448|extracted_nt1356|aligned_aa455|pident69.670,HCV,3a,100.0
KY620447|geneNS5A|query6275-7630|h77_aa1-448|extracted_nt1356|aligned_aa455|pident69.670,HCV,3a,100.0
KY620450|geneNS5A|query6262-7617|h77_aa1-448|extracted_nt1356|aligned_aa455|pident70.330,HCV,3a,100.0
KY620454|geneNS5A|query6279-7634|h77_aa1-448|extracted_nt1356|aligned_aa455|pident69.890,HCV,3a,100.0
KY620407|geneNS5A|query6264-7619|h77_aa1-448|extracted_nt1356|aligned_aa455|pident69.670,HCV,3a,100.0
KY620455|geneNS5A|query6294-7649|h77_aa1-448|extracted_nt1356|aligned_aa456|pident70.175,HCV,3a,100.0
KY620457|geneNS5A|query6302-7657|h77_aa1-447|extracted_nt1356|aligned_aa454|pident69.604,HCV,3a,100.0
KY620443|geneNS5A|query6284-7639|h77_aa1-447|extracted_nt1356|aligned_aa454|pident69.163,HCV,3a,100.0
KY620463|geneNS5A|query6279-7634|h77_aa1-448|extracted_nt1356|aligned_aa455|pident70.549,HCV,3a,100.0
KY620460|geneNS5A|query6235-7590|h77_aa1-448|extracted_nt1356|aligned_aa455|pident69.231,HCV,3a,100.0
KY620464|geneNS5A|query6299-7654|h77_aa1-448|extracted_nt1356|aligned_aa455|pident69.231,HCV,3a,100.0
KY620468|geneNS5A|query6342-7697|h77_aa1-448|extracted_nt1356|aligned_aa455|pident70.549,HCV,3a,100.0
KY620459|geneNS5A|query6273-7628|h77_aa1-448|extracted_nt1356|aligned_aa455|pident68.791,HCV,3a,100.0
KY620465|geneNS5A|query6285-7640|h77_aa1-448|extracted_nt1356|aligned_aa455|pident69.670,HCV,3a,100.0
KY620472|geneNS5A|query6294-7649|h77_aa1-448|extracted_nt1356|aligned_aa455|pident69.890,HCV,3a,100.0
KY620473|geneNS5A|query6265-7620|h77_aa1-448|extracted_nt1356|aligned_aa456|pident69.079,HCV,3a,100.0
KY620471|geneNS5A|query6284-7639|h77_aa1-448|extracted_nt1356|aligned_aa455|pident69.670,HCV,3a,100.0
KY620475|geneNS5A|query6289-7644|h77_aa1-448|extracted_nt1356|aligned_aa455|pident69.670,HCV,3a,100.0
KY620470|geneNS5A|query6295-7650|h77_aa1-448|extracted_nt1356|aligned_aa455|pident69.011,HCV,3a,100.0
KY620479|geneNS5A|query6286-7641|h77_aa1-448|extracted_nt1356|aligned_aa455|pident70.330,HCV,3a,100.0
KY620482|geneNS5A|query6300-7655|h77_aa1-448|extracted_nt1356|aligned_aa455|pident69.890,HCV,3a,100.0
KY620483|geneNS5A|query6264-7619|h77_aa1-448|extracted_nt1356|aligned_aa456|pident68.640,HCV,3a,100.0
KY620480|geneNS5A|query6267-7622|h77_aa1-448|extracted_nt1356|aligned_aa455|pident70.549,HCV,3a,100.0
KY620487|geneNS5A|query6283-7638|h77_aa1-448|extracted_nt1356|aligned_aa455|pident69.011,HCV,3a,100.0
KY620490|geneNS5A|query6289-7644|h77_aa1-448|extracted_nt1356|aligned_aa456|pident70.175,HCV,3a,100.0
KY620493|geneNS5A|query6292-7647|h77_aa1-448|extracted_nt1356|aligned_aa455|pident71.209,HCV,3a,100.0
KY620486|geneNS5A|query6301-7656|h77_aa1-448|extracted_nt1356|aligned_aa456|pident69.737,HCV,3a,100.0
KY620496|geneNS5A|query6265-7620|h77_aa1-447|extracted_nt1356|aligned_aa454|pident69.604,HCV,3a,100.0
KY620498|geneNS5A|query6278-7633|h77_aa1-448|extracted_nt1356|aligned_aa456|pident70.614,HCV,3a,100.0
KY620497|geneNS5A|query6294-7649|h77_aa1-448|extracted_nt1356|aligned_aa456|pident70.614,HCV,3a,100.0
KY620440|geneNS5A|query6293-7648|h77_aa1-448|extracted_nt1356|aligned_aa455|pident68.791,HCV,3a,100.0
KY620467|geneNS5A|query6264-7619|h77_aa1-448|extracted_nt1356|aligned_aa455|pident70.330,HCV,3a,100.0
KY620505|geneNS5A|query6285-7640|h77_aa1-448|extracted_nt1356|aligned_aa456|pident70.175,HCV,3a,100.0
KY620499|geneNS5A|query6250-7605|h77_aa1-448|extracted_nt1356|aligned_aa455|pident70.110,HCV,3a,100.0
KY620507|geneNS5A|query6273-7628|h77_aa1-448|extracted_nt1356|aligned_aa456|pident70.833,HCV,3a,100.0
KY620506|geneNS5A|query6279-7634|h77_aa1-448|extracted_nt1356|aligned_aa455|pident70.330,HCV,3a,100.0
KY620504|geneNS5A|query6286-7641|h77_aa1-448|extracted_nt1356|aligned_aa456|pident70.175,HCV,3a,100.0
KY620509|geneNS5A|query6291-7646|h77_aa1-448|extracted_nt1356|aligned_aa455|pident70.769,HCV,3a,100.0
KY620518|geneNS5A|query6293-7648|h77_aa1-448|extracted_nt1356|aligned_aa456|pident70.175,HCV,3a,100.0
KY620522|geneNS5A|query6264-7619|h77_aa1-448|extracted_nt1356|aligned_aa456|pident70.614,HCV,3a,100.0
KY620525|geneNS5A|query6265-7620|h77_aa1-448|extracted_nt1356|aligned_aa456|pident70.395,HCV,3a,100.0
KY620529|geneNS5A|query6294-7649|h77_aa1-448|extracted_nt1356|aligned_aa456|pident70.175,HCV,3a,100.0
KY620618|geneNS5A|query6286-7641|h77_aa1-448|extracted_nt1356|aligned_aa457|pident70.678,HCV,3a,100.0
KY620636|geneNS5A|query6262-7617|h77_aa1-448|extracted_nt1356|aligned_aa456|pident70.395,HCV,3a,100.0
KY620633|geneNS5A|query6286-7641|h77_aa1-448|extracted_nt1356|aligned_aa456|pident69.956,HCV,3a,100.0
KY620631|geneNS5A|query6306-7661|h77_aa1-448|extracted_nt1356|aligned_aa455|pident70.330,HCV,3a,100.0
KY620639|geneNS5A|query6271-7626|h77_aa1-448|extracted_nt1356|aligned_aa455|pident70.769,HCV,3a,100.0
KY620638|geneNS5A|query6265-7620|h77_aa1-448|extracted_nt1356|aligned_aa455|pident70.110,HCV,3a,100.0
KY620643|geneNS5A|query6302-7657|h77_aa1-448|extracted_nt1356|aligned_aa456|pident70.175,HCV,3a,100.0
KY620640|geneNS5A|query6328-7683|h77_aa1-448|extracted_nt1356|aligned_aa456|pident70.175,HCV,3a,100.0
KY620644|geneNS5A|query6272-7627|h77_aa1-448|extracted_nt1356|aligned_aa456|pident70.175,HCV,3a,100.0
KY620635|geneNS5A|query6399-7754|h77_aa1-448|extracted_nt1356|aligned_aa455|pident70.110,HCV,3a,100.0
KY620651|geneNS5A|query6094-7449|h77_aa1-448|extracted_nt1356|aligned_aa456|pident69.518,HCV,3a,100.0
KY620642|geneNS5A|query6286-7647|h77_aa1-448|extracted_nt1362|aligned_aa455|pident70.330,HCV,3a,100.0
KY620654|geneNS5A|query6277-7632|h77_aa1-448|extracted_nt1356|aligned_aa456|pident69.298,HCV,3a,100.0
KY620649|geneNS5A|query6293-7648|h77_aa1-448|extracted_nt1356|aligned_aa455|pident70.110,HCV,3a,100.0
KY620656|geneNS5A|query6303-7658|h77_aa1-448|extracted_nt1356|aligned_aa456|pident69.518,HCV,3a,100.0
KY620657|geneNS5A|query6267-7622|h77_aa1-448|extracted_nt1356|aligned_aa455|pident69.890,HCV,3a,100.0
KY620632|geneNS5A|query6294-7649|h77_aa1-448|extracted_nt1356|aligned_aa455|pident69.670,HCV,3a,100.0
KY620661|geneNS5A|query6311-7666|h77_aa1-448|extracted_nt1356|aligned_aa455|pident70.330,HCV,3a,100.0
KY620659|geneNS5A|query6269-7624|h77_aa1-448|extracted_nt1356|aligned_aa456|pident71.053,HCV,3a,100.0
KY620662|geneNS5A|query6293-7648|h77_aa1-448|extracted_nt1356|aligned_aa456|pident70.175,HCV,3a,100.0
KY620665|geneNS5A|query6290-7645|h77_aa1-448|extracted_nt1356|aligned_aa456|pident70.175,HCV,3a,100.0
KY620646|geneNS5A|query6297-7652|h77_aa1-448|extracted_nt1356|aligned_aa458|pident70.742,HCV,3a,100.0
KY620666|geneNS5A|query6296-7651|h77_aa1-448|extracted_nt1356|aligned_aa456|pident70.395,HCV,3a,100.0
KY620667|geneNS5A|query6293-7648|h77_aa1-448|extracted_nt1356|aligned_aa456|pident69.737,HCV,3a,100.0
KY620668|geneNS5A|query6264-7619|h77_aa1-448|extracted_nt1356|aligned_aa456|pident69.737,HCV,3a,100.0
KY620670|geneNS5A|query6294-7649|h77_aa1-448|extracted_nt1356|aligned_aa455|pident69.451,HCV,3a,100.0
KY620650|geneNS5A|query6293-7648|h77_aa1-448|extracted_nt1356|aligned_aa456|pident69.518,HCV,3a,100.0
KY620672|geneNS5A|query6301-7656|h77_aa1-448|extracted_nt1356|aligned_aa456|pident69.518,HCV,3a,100.0
KY620674|geneNS5A|query6295-7650|h77_aa1-448|extracted_nt1356|aligned_aa456|pident69.737,HCV,3a,100.0
KY620681|geneNS5A|query6300-7655|h77_aa1-448|extracted_nt1356|aligned_aa456|pident70.395,HCV,3a,100.0
KY620628|geneNS5A|query6294-7649|h77_aa1-448|extracted_nt1356|aligned_aa455|pident69.890,HCV,3a,100.0
KY620680|geneNS5A|query6296-7651|h77_aa1-448|extracted_nt1356|aligned_aa456|pident69.737,HCV,3a,100.0
KY620682|geneNS5A|query6290-7645|h77_aa1-448|extracted_nt1356|aligned_aa455|pident69.890,HCV,3a,100.0
KY620685|geneNS5A|query6291-7646|h77_aa1-448|extracted_nt1356|aligned_aa455|pident69.890,HCV,3a,100.0
KY620679|geneNS5A|query6277-7632|h77_aa1-448|extracted_nt1356|aligned_aa456|pident70.175,HCV,3a,100.0
KX688442|geneNS5A|query1-1341|h77_aa1-448|extracted_nt1341|aligned_aa448|pident80.134,HCV,1b,100.0
KX688441|geneNS5A|query1-1341|h77_aa1-448|extracted_nt1341|aligned_aa449|pident80.178,HCV,1b,100.0
KX688436|geneNS5A|query1-1341|h77_aa1-448|extracted_nt1341|aligned_aa448|pident80.580,HCV,1b,100.0
KX688438|geneNS5A|query1-1341|h77_aa1-448|extracted_nt1341|aligned_aa449|pident80.846,HCV,1b,100.0
KX688430|geneNS5A|query1-1341|h77_aa1-448|extracted_nt1341|aligned_aa448|pident79.464,HCV,1b,100.0
KY620346|geneNS5A|query6262-7659|h77_aa1-448|extracted_nt1398|aligned_aa473|pident59.408,HCV,2b,100.0
KY620340|geneNS5A|query6297-7694|h77_aa1-448|extracted_nt1398|aligned_aa472|pident58.475,HCV,2b,100.0
KY620347|geneNS5A|query6285-7682|h77_aa1-448|extracted_nt1398|aligned_aa472|pident57.839,HCV,2b,100.0
KY620348|geneNS5A|query6271-7668|h77_aa1-448|extracted_nt1398|aligned_aa472|pident58.051,HCV,2b,100.0
KY620350|geneNS5A|query6287-7684|h77_aa1-448|extracted_nt1398|aligned_aa472|pident58.686,HCV,2b,100.0
KY620343|geneNS5A|query6299-7696|h77_aa1-448|extracted_nt1398|aligned_aa472|pident59.322,HCV,2b,100.0
KY620352|geneNS5A|query6375-7772|h77_aa1-448|extracted_nt1398|aligned_aa472|pident58.263,HCV,2b,100.0
KY620353|geneNS5A|query6287-7684|h77_aa1-448|extracted_nt1398|aligned_aa472|pident58.475,HCV,2b,100.0
KY620355|geneNS5A|query6274-7671|h77_aa1-448|extracted_nt1398|aligned_aa472|pident58.475,HCV,2b,100.0
KY620357|geneNS5A|query6278-7675|h77_aa1-448|extracted_nt1398|aligned_aa472|pident59.534,HCV,2b,100.0
KY620363|geneNS5A|query6288-7643|h77_aa1-448|extracted_nt1356|aligned_aa456|pident69.956,HCV,3a,100.0
KY620349|geneNS5A|query6274-7671|h77_aa1-448|extracted_nt1398|aligned_aa472|pident58.686,HCV,2b,100.0
KY620356|geneNS5A|query6274-7671|h77_aa1-448|extracted_nt1398|aligned_aa472|pident58.263,HCV,2b,100.0
KY620365|geneNS5A|query6303-7658|h77_aa1-448|extracted_nt1356|aligned_aa455|pident70.110,HCV,3a,100.0
KY620362|geneNS5A|query6294-7649|h77_aa1-448|extracted_nt1356|aligned_aa455|pident70.989,HCV,3a,100.0
KY620358|geneNS5A|query6295-7692|h77_aa1-448|extracted_nt1398|aligned_aa472|pident58.475,HCV,2b,100.0
KY620361|geneNS5A|query6312-7709|h77_aa1-448|extracted_nt1398|aligned_aa472|pident59.110,HCV,2b,100.0
KY620366|geneNS5A|query6288-7643|h77_aa1-448|extracted_nt1356|aligned_aa455|pident70.110,HCV,3a,100.0
KY620368|geneNS5A|query6264-7619|h77_aa1-448|extracted_nt1356|aligned_aa455|pident69.890,HCV,3a,100.0
KY620344|geneNS5A|query6279-7676|h77_aa1-448|extracted_nt1398|aligned_aa473|pident58.774,HCV,2b,100.0
KY620345|geneNS5A|query6273-7670|h77_aa1-448|extracted_nt1398|aligned_aa472|pident58.475,HCV,2b,100.0
KY620376|geneNS5A|query6289-7644|h77_aa1-448|extracted_nt1356|aligned_aa455|pident70.110,HCV,3a,100.0
KY620378|geneNS5A|query6300-7655|h77_aa1-448|extracted_nt1356|aligned_aa455|pident69.890,HCV,3a,100.0
KY620379|geneNS5A|query6287-7642|h77_aa1-448|extracted_nt1356|aligned_aa455|pident70.110,HCV,3a,100.0
KY620377|geneNS5A|query6295-7650|h77_aa1-448|extracted_nt1356|aligned_aa455|pident69.231,HCV,3a,100.0
KY620381|geneNS5A|query6288-7643|h77_aa1-448|extracted_nt1356|aligned_aa455|pident69.670,HCV,3a,100.0
KY620375|geneNS5A|query6278-7633|h77_aa1-448|extracted_nt1356|aligned_aa455|pident70.549,HCV,3a,100.0
KY620382|geneNS5A|query6262-7617|h77_aa1-448|extracted_nt1356|aligned_aa455|pident69.451,HCV,3a,100.0
KY620387|geneNS5A|query6265-7617|h77_aa2-448|extracted_nt1353|aligned_aa454|pident70.044,HCV,3a,100.0
KY620393|geneNS5A|query6295-7650|h77_aa1-448|extracted_nt1356|aligned_aa455|pident69.670,HCV,3a,100.0
KY620374|geneNS5A|query6282-7637|h77_aa1-448|extracted_nt1356|aligned_aa455|pident70.989,HCV,3a,100.0
KY620392|geneNS5A|query6292-7647|h77_aa1-448|extracted_nt1356|aligned_aa455|pident69.670,HCV,3a,100.0
KY620389|geneNS5A|query6295-7650|h77_aa1-448|extracted_nt1356|aligned_aa455|pident70.330,HCV,3a,100.0
KY620396|geneNS5A|query6277-7632|h77_aa1-447|extracted_nt1356|aligned_aa455|pident70.330,HCV,3a,100.0
KY620397|geneNS5A|query6273-7628|h77_aa1-448|extracted_nt1356|aligned_aa456|pident69.956,HCV,3a,100.0
KY620385|geneNS5A|query6295-7650|h77_aa1-448|extracted_nt1356|aligned_aa455|pident69.670,HCV,3a,100.0
KY620400|geneNS5A|query6272-7627|h77_aa1-448|extracted_nt1356|aligned_aa456|pident69.298,HCV,3a,100.0
KY620401|geneNS5A|query6270-7625|h77_aa1-448|extracted_nt1356|aligned_aa455|pident69.451,HCV,3a,100.0
KY620391|geneNS5A|query6262-7617|h77_aa1-448|extracted_nt1356|aligned_aa455|pident69.890,HCV,3a,100.0
KY620403|geneNS5A|query6302-7657|h77_aa1-448|extracted_nt1356|aligned_aa455|pident69.670,HCV,3a,100.0
KY620398|geneNS5A|query6284-7639|h77_aa1-448|extracted_nt1356|aligned_aa455|pident70.549,HCV,3a,100.0
KY620409|geneNS5A|query6266-7621|h77_aa1-448|extracted_nt1356|aligned_aa455|pident70.330,HCV,3a,100.0
KY620413|geneNS5A|query6292-7647|h77_aa1-448|extracted_nt1356|aligned_aa456|pident69.737,HCV,3a,100.0
KY620412|geneNS5A|query6307-7662|h77_aa1-448|extracted_nt1356|aligned_aa455|pident69.890,HCV,3a,100.0
KY620416|geneNS5A|query6315-7670|h77_aa1-448|extracted_nt1356|aligned_aa456|pident69.737,HCV,3a,100.0
KY620424|geneNS5A|query6295-7650|h77_aa1-448|extracted_nt1356|aligned_aa455|pident70.330,HCV,3a,100.0
KY620425|geneNS5A|query6320-7675|h77_aa1-448|extracted_nt1356|aligned_aa455|pident70.110,HCV,3a,100.0
KY620420|geneNS5A|query6298-7653|h77_aa1-448|extracted_nt1356|aligned_aa455|pident70.330,HCV,3a,100.0
KY620423|geneNS5A|query6267-7622|h77_aa1-448|extracted_nt1356|aligned_aa455|pident69.670,HCV,3a,100.0
KY620422|geneNS5A|query6263-7618|h77_aa1-448|extracted_nt1356|aligned_aa455|pident70.549,HCV,3a,100.0
KY620428|geneNS5A|query6303-7658|h77_aa1-448|extracted_nt1356|aligned_aa455|pident70.110,HCV,3a,100.0
KY620524|geneNS5A|query6277-7632|h77_aa1-448|extracted_nt1356|aligned_aa456|pident70.833,HCV,3a,100.0
KY620500|geneNS5A|query6288-7643|h77_aa1-448|extracted_nt1356|aligned_aa456|pident70.833,HCV,3a,100.0
KY620532|geneNS5A|query6408-7763|h77_aa1-448|extracted_nt1356|aligned_aa456|pident70.175,HCV,3a,100.0
KY620527|geneNS5A|query6293-7648|h77_aa1-448|extracted_nt1356|aligned_aa455|pident70.549,HCV,3a,100.0
KY620520|geneNS5A|query6294-7649|h77_aa1-448|extracted_nt1356|aligned_aa456|pident70.175,HCV,3a,100.0
KY620538|geneNS5A|query6296-7651|h77_aa1-448|extracted_nt1356|aligned_aa456|pident70.614,HCV,3a,100.0
KY620535|geneNS5A|query6285-7640|h77_aa1-448|extracted_nt1356|aligned_aa456|pident69.737,HCV,3a,100.0
KY620536|geneNS5A|query6298-7653|h77_aa1-448|extracted_nt1356|aligned_aa456|pident69.956,HCV,3a,100.0
KY620539|geneNS5A|query6302-7657|h77_aa1-448|extracted_nt1356|aligned_aa456|pident69.956,HCV,3a,100.0
KY620543|geneNS5A|query6287-7642|h77_aa1-448|extracted_nt1356|aligned_aa456|pident69.518,HCV,3a,100.0
KY620545|geneNS5A|query6289-7644|h77_aa1-448|extracted_nt1356|aligned_aa455|pident69.890,HCV,3a,100.0
KY620537|geneNS5A|query6293-7648|h77_aa1-448|extracted_nt1356|aligned_aa455|pident69.890,HCV,3a,100.0
KY620542|geneNS5A|query6280-7635|h77_aa1-448|extracted_nt1356|aligned_aa455|pident70.110,HCV,3a,100.0
KY620553|geneNS5A|query6296-7651|h77_aa1-448|extracted_nt1356|aligned_aa456|pident69.737,HCV,3a,100.0
KY620548|geneNS5A|query6252-7607|h77_aa1-448|extracted_nt1356|aligned_aa455|pident70.110,HCV,3a,100.0
KY620558|geneNS5A|query6288-7643|h77_aa1-448|extracted_nt1356|aligned_aa455|pident70.110,HCV,3a,100.0
KY620556|geneNS5A|query6209-7564|h77_aa1-448|extracted_nt1356|aligned_aa455|pident70.110,HCV,3a,100.0
KY620555|geneNS5A|query6280-7635|h77_aa1-448|extracted_nt1356|aligned_aa456|pident70.175,HCV,3a,100.0
KY620563|geneNS5A|query6264-7619|h77_aa1-448|extracted_nt1356|aligned_aa455|pident70.330,HCV,3a,100.0
KY620564|geneNS5A|query6428-7783|h77_aa1-448|extracted_nt1356|aligned_aa456|pident69.737,HCV,3a,100.0
KY620570|geneNS5A|query6280-7635|h77_aa1-448|extracted_nt1356|aligned_aa456|pident69.956,HCV,3a,100.0
KY620550|geneNS5A|query6277-7632|h77_aa1-448|extracted_nt1356|aligned_aa455|pident69.890,HCV,3a,100.0
KY620569|geneNS5A|query6367-7722|h77_aa1-448|extracted_nt1356|aligned_aa455|pident69.231,HCV,3a,100.0
KY620572|geneNS5A|query5971-7326|h77_aa1-448|extracted_nt1356|aligned_aa456|pident67.325,HCV,3a,100.0
KY620575|geneNS5A|query6276-7631|h77_aa1-448|extracted_nt1356|aligned_aa456|pident70.614,HCV,3a,100.0
KY620581|geneNS5A|query6267-7622|h77_aa1-447|extracted_nt1356|aligned_aa455|pident69.011,HCV,3a,100.0
KY620583|geneNS5A|query6299-7654|h77_aa1-448|extracted_nt1356|aligned_aa455|pident69.670,HCV,3a,100.0
KY620578|geneNS5A|query6272-7627|h77_aa1-448|extracted_nt1356|aligned_aa455|pident70.110,HCV,3a,100.0
KY620577|geneNS5A|query6298-7653|h77_aa1-448|extracted_nt1356|aligned_aa456|pident70.395,HCV,3a,100.0
KY620604|geneNS5A|query6277-7632|h77_aa1-448|extracted_nt1356|aligned_aa456|pident69.518,HCV,3a,100.0
KY620605|geneNS5A|query6268-7623|h77_aa1-448|extracted_nt1356|aligned_aa456|pident69.956,HCV,3a,100.0
KY620603|geneNS5A|query6273-7628|h77_aa1-448|extracted_nt1356|aligned_aa456|pident70.395,HCV,3a,100.0
KY620599|geneNS5A|query6284-7639|h77_aa1-448|extracted_nt1356|aligned_aa456|pident70.614,HCV,3a,100.0
KY620609|geneNS5A|query6293-7648|h77_aa1-448|extracted_nt1356|aligned_aa456|pident69.737,HCV,3a,100.0
KY620610|geneNS5A|query6505-7860|h77_aa1-448|extracted_nt1356|aligned_aa456|pident69.518,HCV,3a,100.0
KY620611|geneNS5A|query6290-7645|h77_aa1-448|extracted_nt1356|aligned_aa456|pident70.614,HCV,3a,100.0
KY620598|geneNS5A|query6288-7643|h77_aa1-448|extracted_nt1356|aligned_aa456|pident70.833,HCV,3a,100.0
KY620620|geneNS5A|query6282-7637|h77_aa1-448|extracted_nt1356|aligned_aa455|pident69.890,HCV,3a,100.0
KY620622|geneNS5A|query6277-7632|h77_aa1-448|extracted_nt1356|aligned_aa456|pident69.518,HCV,3a,100.0
KY620623|geneNS5A|query6171-7526|h77_aa1-448|extracted_nt1356|aligned_aa455|pident70.330,HCV,3a,100.0
KY620621|geneNS5A|query6280-7635|h77_aa1-448|extracted_nt1356|aligned_aa456|pident69.518,HCV,3a,100.0
KY620627|geneNS5A|query6282-7637|h77_aa1-448|extracted_nt1356|aligned_aa455|pident70.549,HCV,3a,100.0
KY620617|geneNS5A|query6284-7639|h77_aa1-448|extracted_nt1356|aligned_aa456|pident69.518,HCV,3a,100.0
KY620625|geneNS5A|query6296-7651|h77_aa1-448|extracted_nt1356|aligned_aa456|pident70.175,HCV,3a,100.0
KY620629|geneNS5A|query6284-7639|h77_aa1-448|extracted_nt1356|aligned_aa455|pident70.330,HCV,3a,100.0
KY620713|geneNS5A|query6266-7621|h77_aa1-448|extracted_nt1356|aligned_aa456|pident68.202,HCV,3a,100.0
KY620712|geneNS5A|query6311-7666|h77_aa1-448|extracted_nt1356|aligned_aa455|pident69.670,HCV,3a,100.0
KY620700|geneNS5A|query6280-7635|h77_aa1-448|extracted_nt1356|aligned_aa455|pident69.011,HCV,3a,100.0
KY620716|geneNS5A|query6295-7650|h77_aa1-448|extracted_nt1356|aligned_aa456|pident69.956,HCV,3a,100.0
KY620711|geneNS5A|query6212-7567|h77_aa1-448|extracted_nt1356|aligned_aa456|pident70.833,HCV,3a,100.0
KY620709|geneNS5A|query6293-7645|h77_aa2-448|extracted_nt1353|aligned_aa455|pident69.451,HCV,3a,100.0
KY620723|geneNS5A|query6285-7640|h77_aa1-448|extracted_nt1356|aligned_aa455|pident69.231,HCV,3a,100.0
KY620725|geneNS5A|query6243-7598|h77_aa1-448|extracted_nt1356|aligned_aa455|pident69.451,HCV,3a,100.0
KY620720|geneNS5A|query6288-7643|h77_aa1-448|extracted_nt1356|aligned_aa456|pident68.860,HCV,3a,100.0
KY620693|geneNS5A|query6296-7651|h77_aa1-448|extracted_nt1356|aligned_aa455|pident70.549,HCV,3a,100.0
KY620719|geneNS5A|query6277-7632|h77_aa1-448|extracted_nt1356|aligned_aa456|pident69.956,HCV,3a,100.0
KY620726|geneNS5A|query6263-7618|h77_aa1-448|extracted_nt1356|aligned_aa455|pident69.011,HCV,3a,100.0
KY620730|geneNS5A|query6294-7649|h77_aa1-448|extracted_nt1356|aligned_aa456|pident69.737,HCV,3a,100.0
KY620727|geneNS5A|query6279-7634|h77_aa1-448|extracted_nt1356|aligned_aa455|pident70.110,HCV,3a,100.0
KY620718|geneNS5A|query6275-7630|h77_aa1-448|extracted_nt1356|aligned_aa455|pident69.231,HCV,3a,100.0
KY620732|geneNS5A|query6280-7635|h77_aa1-448|extracted_nt1356|aligned_aa456|pident70.175,HCV,3a,100.0
KY620733|geneNS5A|query6278-7633|h77_aa1-448|extracted_nt1356|aligned_aa456|pident70.614,HCV,3a,100.0
KY620731|geneNS5A|query6236-7591|h77_aa1-448|extracted_nt1356|aligned_aa456|pident69.956,HCV,3a,100.0
KY620734|geneNS5A|query6292-7647|h77_aa1-448|extracted_nt1356|aligned_aa456|pident70.614,HCV,3a,100.0
KY620737|geneNS5A|query6273-7628|h77_aa1-448|extracted_nt1356|aligned_aa455|pident70.110,HCV,3a,100.0
KY620741|geneNS5A|query6293-7648|h77_aa1-448|extracted_nt1356|aligned_aa456|pident68.860,HCV,3a,100.0
KY620747|geneNS5A|query6294-7649|h77_aa1-448|extracted_nt1356|aligned_aa455|pident70.549,HCV,3a,100.0
KY620749|geneNS5A|query6294-7649|h77_aa1-448|extracted_nt1356|aligned_aa455|pident70.330,HCV,3a,100.0
KY620743|geneNS5A|query6267-7622|h77_aa1-448|extracted_nt1356|aligned_aa456|pident69.298,HCV,3a,100.0
KY620750|geneNS5A|query6305-7660|h77_aa1-448|extracted_nt1356|aligned_aa455|pident70.110,HCV,3a,100.0
KY620745|geneNS5A|query6266-7621|h77_aa1-448|extracted_nt1356|aligned_aa455|pident69.890,HCV,3a,100.0
KY620729|geneNS5A|query6295-7650|h77_aa1-448|extracted_nt1356|aligned_aa455|pident69.451,HCV,3a,100.0
KY620753|geneNS5A|query6275-7633|h77_aa1-448|extracted_nt1359|aligned_aa457|pident69.365,HCV,3a,100.0
KY620757|geneNS5A|query6264-7619|h77_aa1-448|extracted_nt1356|aligned_aa455|pident69.890,HCV,3a,100.0
KY620766|geneNS5A|query6278-7633|h77_aa1-448|extracted_nt1356|aligned_aa456|pident69.737,HCV,3a,100.0
KX621492|geneNS5A|query5935-7290|h77_aa1-448|extracted_nt1356|aligned_aa455|pident70.110,HCV,3a,100.0
KX621488|geneNS5A|query5935-7290|h77_aa1-448|extracted_nt1356|aligned_aa455|pident70.549,HCV,3a,100.0
KX621487|geneNS5A|query5935-7290|h77_aa1-448|extracted_nt1356|aligned_aa455|pident69.890,HCV,3a,100.0
KX621491|geneNS5A|query5935-7290|h77_aa1-448|extracted_nt1356|aligned_aa455|pident69.670,HCV,3a,100.0
KX621484|geneNS5A|query5917-7260|h77_aa1-448|extracted_nt1344|aligned_aa448|pident94.420,HCV,1a,100.0
KX621503|geneNS5A|query5935-7290|h77_aa1-448|extracted_nt1356|aligned_aa455|pident70.110,HCV,3a,100.0
KX621500|geneNS5A|query5917-7260|h77_aa1-448|extracted_nt1344|aligned_aa448|pident94.866,HCV,1a,100.0
KX621505|geneNS5A|query5917-7260|h77_aa1-448|extracted_nt1344|aligned_aa448|pident93.973,HCV,1a,100.0
KX621498|geneNS5A|query5935-7290|h77_aa1-448|extracted_nt1356|aligned_aa455|pident70.549,HCV,3a,100.0
KX621497|geneNS5A|query5935-7290|h77_aa1-448|extracted_nt1356|aligned_aa456|pident70.395,HCV,3a,100.0
KX621501|geneNS5A|query5935-7290|h77_aa1-448|extracted_nt1356|aligned_aa456|pident69.737,HCV,3a,100.0
KX621507|geneNS5A|query5935-7290|h77_aa1-448|extracted_nt1356|aligned_aa455|pident69.670,HCV,3a,100.0
KX621499|geneNS5A|query5935-7290|h77_aa1-448|extracted_nt1356|aligned_aa456|pident70.175,HCV,3a,100.0
KX621511|geneNS5A|query5917-7260|h77_aa1-448|extracted_nt1344|aligned_aa448|pident93.080,HCV,1a,100.0
KX621515|geneNS5A|query5917-7260|h77_aa1-448|extracted_nt1344|aligned_aa448|pident94.643,HCV,1a,100.0
KX621516|geneNS5A|query5935-7290|h77_aa1-448|extracted_nt1356|aligned_aa455|pident69.670,HCV,3a,100.0
KX621509|geneNS5A|query5917-7260|h77_aa1-448|extracted_nt1344|aligned_aa448|pident93.973,HCV,1a,100.0
KX621508|geneNS5A|query5935-7290|h77_aa1-448|extracted_nt1356|aligned_aa455|pident69.451,HCV,3a,100.0
KX621520|geneNS5A|query5917-7260|h77_aa1-448|extracted_nt1344|aligned_aa448|pident92.634,HCV,1a,100.0
KX621522|geneNS5A|query5935-7290|h77_aa1-448|extracted_nt1356|aligned_aa455|pident70.110,HCV,3a,100.0
KX621528|geneNS5A|query5917-7260|h77_aa1-448|extracted_nt1344|aligned_aa448|pident94.643,HCV,1a,100.0
KX621527|geneNS5A|query5935-7290|h77_aa1-448|extracted_nt1356|aligned_aa456|pident70.395,HCV,3a,100.0
KY620687|geneNS5A|query6280-7635|h77_aa1-448|extracted_nt1356|aligned_aa456|pident70.395,HCV,3a,100.0
KY620677|geneNS5A|query6262-7617|h77_aa1-448|extracted_nt1356|aligned_aa455|pident69.890,HCV,3a,100.0
KY620691|geneNS5A|query6296-7651|h77_aa1-448|extracted_nt1356|aligned_aa456|pident70.614,HCV,3a,100.0
KY620695|geneNS5A|query6298-7653|h77_aa1-448|extracted_nt1356|aligned_aa455|pident70.330,HCV,3a,100.0
KY620694|geneNS5A|query6295-7650|h77_aa1-448|extracted_nt1356|aligned_aa456|pident70.395,HCV,3a,100.0
KY620699|geneNS5A|query6265-7620|h77_aa1-448|extracted_nt1356|aligned_aa455|pident69.011,HCV,3a,100.0
KY620684|geneNS5A|query6285-7640|h77_aa1-448|extracted_nt1356|aligned_aa456|pident69.298,HCV,3a,100.0
KY620697|geneNS5A|query6280-7635|h77_aa1-448|extracted_nt1356|aligned_aa456|pident69.298,HCV,3a,100.0
KY620701|geneNS5A|query6290-7645|h77_aa1-448|extracted_nt1356|aligned_aa455|pident70.110,HCV,3a,100.0
KY620703|geneNS5A|query6260-7615|h77_aa1-448|extracted_nt1356|aligned_aa455|pident70.110,HCV,3a,100.0
KY620708|geneNS5A|query6283-7638|h77_aa1-448|extracted_nt1356|aligned_aa456|pident66.667,HCV,3a,100.0
KY620707|geneNS5A|query6301-7656|h77_aa1-448|extracted_nt1356|aligned_aa456|pident69.956,HCV,3a,100.0
KY620704|geneNS5A|query6279-7634|h77_aa1-448|extracted_nt1356|aligned_aa456|pident69.956,HCV,3a,100.0
KY620706|geneNS5A|query6291-7646|h77_aa1-448|extracted_nt1356|aligned_aa455|pident69.890,HCV,3a,100.0
KY620710|geneNS5A|query6295-7650|h77_aa1-448|extracted_nt1356|aligned_aa456|pident69.956,HCV,3a,100.0
KY620683|geneNS5A|query6008-7318|h77_aa16-448|extracted_nt1311|aligned_aa441|pident68.027,HCV,3a,100.0
KY620714|geneNS5A|query6302-7657|h77_aa1-448|extracted_nt1356|aligned_aa455|pident69.670,HCV,3a,100.0
KX621525|geneNS5A|query5917-7260|h77_aa1-448|extracted_nt1344|aligned_aa448|pident95.536,HCV,1a,100.0
KX621531|geneNS5A|query5935-7290|h77_aa1-448|extracted_nt1356|aligned_aa455|pident69.890,HCV,3a,100.0
KX621532|geneNS5A|query5917-7260|h77_aa1-448|extracted_nt1344|aligned_aa448|pident96.429,HCV,1a,100.0
KX621521|geneNS5A|query5917-7260|h77_aa1-448|extracted_nt1344|aligned_aa448|pident94.196,HCV,1a,100.0
KX621537|geneNS5A|query5935-7290|h77_aa1-448|extracted_nt1356|aligned_aa455|pident70.110,HCV,3a,100.0
KX621514|geneNS5A|query5917-7260|h77_aa1-448|extracted_nt1344|aligned_aa448|pident95.536,HCV,1a,100.0
KX621540|geneNS5A|query5917-7260|h77_aa1-448|extracted_nt1344|aligned_aa448|pident96.205,HCV,1a,100.0
KX621536|geneNS5A|query5917-7260|h77_aa1-448|extracted_nt1344|aligned_aa448|pident96.205,HCV,1a,100.0
KX621530|geneNS5A|query5935-7290|h77_aa1-448|extracted_nt1356|aligned_aa455|pident69.670,HCV,3a,100.0
KX621541|geneNS5A|query5935-7290|h77_aa1-448|extracted_nt1356|aligned_aa456|pident70.614,HCV,3a,100.0
KX621535|geneNS5A|query5917-7260|h77_aa1-448|extracted_nt1344|aligned_aa448|pident95.089,HCV,1a,100.0
KX621550|geneNS5A|query5929-7326|h77_aa1-448|extracted_nt1398|aligned_aa472|pident58.686,HCV,2b,100.0
KX621545|geneNS5A|query5926-7323|h77_aa1-448|extracted_nt1398|aligned_aa473|pident58.985,HCV,2b,100.0
KX621548|geneNS5A|query5929-7326|h77_aa1-448|extracted_nt1398|aligned_aa472|pident58.898,HCV,2b,100.0
KX621547|geneNS5A|query5929-7326|h77_aa1-448|extracted_nt1398|aligned_aa472|pident58.898,HCV,2b,100.0
KX621546|geneNS5A|query5929-7326|h77_aa1-448|extracted_nt1398|aligned_aa472|pident58.051,HCV,2b,100.0
KX621552|geneNS5A|query5929-7326|h77_aa1-448|extracted_nt1398|aligned_aa472|pident59.322,HCV,2b,100.0
KX621555|geneNS5A|query5929-7326|h77_aa1-448|extracted_nt1398|aligned_aa472|pident58.686,HCV,2b,100.0
KX688330|geneNS5A|query1-1344|h77_aa1-448|extracted_nt1344|aligned_aa448|pident93.973,HCV,1a,100.0
KX688328|geneNS5A|query1-1344|h77_aa1-448|extracted_nt1344|aligned_aa448|pident92.857,HCV,1a,100.0
KX688335|geneNS5A|query1-1344|h77_aa1-448|extracted_nt1344|aligned_aa448|pident95.089,HCV,1a,100.0
KX688336|geneNS5A|query1-1344|h77_aa1-448|extracted_nt1344|aligned_aa448|pident95.536,HCV,1a,100.0
KY460622|geneNS5A|query7-396|h77_aa3-132|extracted_nt390|aligned_aa130|pident76.154,HCV,4a,100.0
KY460634|geneNS5A|query7-414|h77_aa3-138|extracted_nt408|aligned_aa136|pident77.941,HCV,4d,100.0
KY460635|geneNS5A|query10-414|h77_aa4-138|extracted_nt405|aligned_aa135|pident79.259,HCV,4d,100.0
KY460633|geneNS5A|query7-414|h77_aa3-138|extracted_nt408|aligned_aa136|pident78.676,HCV,4d,100.0
KY460636|geneNS5A|query10-414|h77_aa4-138|extracted_nt405|aligned_aa135|pident78.519,HCV,4d,100.0
KY460638|geneNS5A|query7-414|h77_aa3-138|extracted_nt408|aligned_aa136|pident77.206,HCV,4d,100.0
KY460637|geneNS5A|query10-414|h77_aa4-138|extracted_nt405|aligned_aa135|pident77.037,HCV,4d,100.0
KY460642|geneNS5A|query7-414|h77_aa3-138|extracted_nt408|aligned_aa136|pident77.941,HCV,4d,100.0
KY460641|geneNS5A|query7-414|h77_aa3-138|extracted_nt408|aligned_aa136|pident77.941,HCV,4d,100.0
KY460644|geneNS5A|query7-414|h77_aa3-138|extracted_nt408|aligned_aa136|pident78.676,HCV,4d,100.0
KY460646|geneNS5A|query7-414|h77_aa3-138|extracted_nt408|aligned_aa136|pident79.412,HCV,4d,100.0
KY460647|geneNS5A|query7-414|h77_aa3-138|extracted_nt408|aligned_aa136|pident79.412,HCV,4d,100.0
KY460648|geneNS5A|query7-414|h77_aa3-138|extracted_nt408|aligned_aa136|pident79.412,HCV,4d,100.0
KY460649|geneNS5A|query7-414|h77_aa3-138|extracted_nt408|aligned_aa136|pident79.412,HCV,4d,100.0
KY460653|geneNS5A|query7-414|h77_aa3-138|extracted_nt408|aligned_aa136|pident78.676,HCV,4d,100.0
KY460640|geneNS5A|query7-414|h77_aa3-138|extracted_nt408|aligned_aa136|pident80.147,HCV,4d,100.0
KY460655|geneNS5A|query7-414|h77_aa3-138|extracted_nt408|aligned_aa136|pident78.676,HCV,4d,100.0
KY460652|geneNS5A|query7-414|h77_aa3-138|extracted_nt408|aligned_aa136|pident78.676,HCV,4d,100.0
KY460650|geneNS5A|query7-414|h77_aa3-138|extracted_nt408|aligned_aa136|pident80.882,HCV,4d,100.0
KY460657|geneNS5A|query7-414|h77_aa3-138|extracted_nt408|aligned_aa136|pident77.941,HCV,4d,100.0
KY460659|geneNS5A|query7-414|h77_aa3-138|extracted_nt408|aligned_aa136|pident77.941,HCV,4d,100.0
KY460656|geneNS5A|query7-414|h77_aa3-138|extracted_nt408|aligned_aa136|pident79.412,HCV,4d,100.0
KY460662|geneNS5A|query7-414|h77_aa3-138|extracted_nt408|aligned_aa136|pident74.265,HCV,4d,100.0
KY460661|geneNS5A|query7-414|h77_aa3-138|extracted_nt408|aligned_aa136|pident78.676,HCV,4d,100.0
KY460658|geneNS5A|query7-414|h77_aa3-138|extracted_nt408|aligned_aa136|pident78.676,HCV,4d,100.0
KY460663|geneNS5A|query7-414|h77_aa3-138|extracted_nt408|aligned_aa136|pident79.412,HCV,4d,100.0
KY460660|geneNS5A|query7-414|h77_aa3-138|extracted_nt408|aligned_aa136|pident78.676,HCV,4d,100.0
KY460651|geneNS5A|query7-414|h77_aa3-138|extracted_nt408|aligned_aa136|pident79.412,HCV,4d,100.0
KY460667|geneNS5A|query7-414|h77_aa3-138|extracted_nt408|aligned_aa136|pident78.676,HCV,4d,100.0
KY460668|geneNS5A|query7-414|h77_aa3-138|extracted_nt408|aligned_aa136|pident79.412,HCV,4d,100.0
KY460670|geneNS5A|query7-414|h77_aa3-138|extracted_nt408|aligned_aa136|pident78.676,HCV,4d,100.0
KY460671|geneNS5A|query7-414|h77_aa3-138|extracted_nt408|aligned_aa136|pident78.676,HCV,4d,100.0
KY474422|geneNS5A|query1-357|h77_aa1-119|extracted_nt357|aligned_aa119|pident76.471,HCV,3a,100.0
KY474421|geneNS5A|query1-357|h77_aa1-119|extracted_nt357|aligned_aa119|pident74.790,HCV,3a,100.0
KY460672|geneNS5A|query7-414|h77_aa3-138|extracted_nt408|aligned_aa136|pident78.676,HCV,4d,100.0
KY474420|geneNS5A|query1-357|h77_aa1-119|extracted_nt357|aligned_aa119|pident74.790,HCV,3a,100.0
KY474426|geneNS5A|query1-357|h77_aa1-119|extracted_nt357|aligned_aa119|pident76.471,HCV,3a,100.0
LC368375|geneNS5A|query6159-7499|h77_aa1-448|extracted_nt1341|aligned_aa448|pident79.688,HCV,1b,100.0
KY927015|geneNS5A|query26-391|h77_aa1-122|extracted_nt366|aligned_aa122|pident73.770,HCV,4a,100.0
KY620780|geneNS5A|query6304-7659|h77_aa1-448|extracted_nt1356|aligned_aa455|pident69.451,HCV,3a,100.0
KY620779|geneNS5A|query6289-7644|h77_aa1-448|extracted_nt1356|aligned_aa456|pident69.737,HCV,3a,100.0
KY620769|geneNS5A|query6289-7644|h77_aa1-448|extracted_nt1356|aligned_aa455|pident70.330,HCV,3a,100.0
KY620783|geneNS5A|query6291-7646|h77_aa1-448|extracted_nt1356|aligned_aa455|pident69.451,HCV,3a,100.0
KY620773|geneNS5A|query6265-7620|h77_aa1-448|extracted_nt1356|aligned_aa455|pident70.769,HCV,3a,100.0
KY620794|geneNS5A|query6273-7625|h77_aa1-448|extracted_nt1353|aligned_aa455|pident68.571,HCV,3a,100.0
KY620792|geneNS5A|query6291-7646|h77_aa1-448|extracted_nt1356|aligned_aa455|pident69.890,HCV,3a,100.0
KY620789|geneNS5A|query6263-7618|h77_aa1-448|extracted_nt1356|aligned_aa455|pident69.890,HCV,3a,100.0
KY620787|geneNS5A|query6294-7649|h77_aa1-448|extracted_nt1356|aligned_aa456|pident69.518,HCV,3a,100.0
KY620775|geneNS5A|query6288-7643|h77_aa1-448|extracted_nt1356|aligned_aa455|pident70.330,HCV,3a,100.0
KY620785|geneNS5A|query6279-7634|h77_aa1-448|extracted_nt1356|aligned_aa455|pident70.330,HCV,3a,100.0
KY620796|geneNS5A|query6264-7619|h77_aa1-448|extracted_nt1356|aligned_aa455|pident70.110,HCV,3a,100.0
KY620809|geneNS5A|query6274-7629|h77_aa1-448|extracted_nt1356|aligned_aa458|pident69.869,HCV,3a,100.0
KY620804|geneNS5A|query6389-7744|h77_aa1-448|extracted_nt1356|aligned_aa456|pident70.614,HCV,3a,100.0
KY620799|geneNS5A|query6285-7640|h77_aa1-448|extracted_nt1356|aligned_aa456|pident69.079,HCV,3a,100.0
KY620817|geneNS5A|query6274-7629|h77_aa1-448|extracted_nt1356|aligned_aa456|pident69.298,HCV,3a,100.0
KY620810|geneNS5A|query6273-7628|h77_aa1-448|extracted_nt1356|aligned_aa455|pident70.110,HCV,3a,100.0
KY620822|geneNS5A|query6265-7614|h77_aa1-448|extracted_nt1350|aligned_aa456|pident70.395,HCV,3a,100.0
KY620819|geneNS5A|query6277-7632|h77_aa1-448|extracted_nt1356|aligned_aa455|pident70.330,HCV,3a,100.0
KY620825|geneNS5A|query6257-7612|h77_aa1-447|extracted_nt1356|aligned_aa454|pident67.181,HCV,3a,100.0
KY620806|geneNS5A|query6286-7641|h77_aa1-448|extracted_nt1356|aligned_aa456|pident69.518,HCV,3a,100.0
KY620821|geneNS5A|query6308-7663|h77_aa1-448|extracted_nt1356|aligned_aa455|pident69.231,HCV,3a,100.0
KY620830|geneNS5A|query6346-7701|h77_aa1-448|extracted_nt1356|aligned_aa456|pident69.956,HCV,3a,100.0
KY620833|geneNS5A|query6295-7650|h77_aa1-448|extracted_nt1356|aligned_aa455|pident68.571,HCV,3a,100.0
KY620831|geneNS5A|query6270-7625|h77_aa1-448|extracted_nt1356|aligned_aa455|pident69.231,HCV,3a,100.0
KY620838|geneNS5A|query6254-7609|h77_aa1-448|extracted_nt1356|aligned_aa453|pident68.212,HCV,3a,100.0
KY620828|geneNS5A|query6270-7625|h77_aa1-448|extracted_nt1356|aligned_aa455|pident69.451,HCV,3a,100.0
KY620842|geneNS5A|query6301-7656|h77_aa1-448|extracted_nt1356|aligned_aa457|pident69.803,HCV,3a,100.0
KY620835|geneNS5A|query6299-7654|h77_aa1-448|extracted_nt1356|aligned_aa456|pident69.518,HCV,3a,100.0
KY620840|geneNS5A|query6285-7640|h77_aa1-448|extracted_nt1356|aligned_aa456|pident69.518,HCV,3a,100.0
KY620846|geneNS5A|query6272-7627|h77_aa1-448|extracted_nt1356|aligned_aa455|pident70.110,HCV,3a,100.0
KY620844|geneNS5A|query6284-7639|h77_aa1-448|extracted_nt1356|aligned_aa455|pident70.110,HCV,3a,100.0
KY620841|geneNS5A|query6272-7627|h77_aa1-448|extracted_nt1356|aligned_aa456|pident69.518,HCV,3a,100.0
KY620852|geneNS5A|query6278-7633|h77_aa1-448|extracted_nt1356|aligned_aa455|pident68.571,HCV,3a,100.0
KY620803|geneNS5A|query6326-7681|h77_aa1-448|extracted_nt1356|aligned_aa456|pident69.956,HCV,3a,100.0
KY620808|geneNS5A|query6311-7666|h77_aa1-448|extracted_nt1356|aligned_aa455|pident70.549,HCV,3a,100.0
KY620807|geneNS5A|query6302-7657|h77_aa1-448|extracted_nt1356|aligned_aa455|pident70.110,HCV,3a,100.0
KY620812|geneNS5A|query6275-7630|h77_aa1-448|extracted_nt1356|aligned_aa456|pident69.956,HCV,3a,100.0
KY620845|geneNS5A|query6291-7646|h77_aa1-448|extracted_nt1356|aligned_aa455|pident70.110,HCV,3a,100.0
KY620847|geneNS5A|query6276-7631|h77_aa1-448|extracted_nt1356|aligned_aa455|pident69.231,HCV,3a,100.0
KY620855|geneNS5A|query6284-7639|h77_aa1-448|extracted_nt1356|aligned_aa455|pident69.451,HCV,3a,100.0
KY620857|geneNS5A|query6422-7777|h77_aa1-448|extracted_nt1356|aligned_aa455|pident69.011,HCV,3a,100.0
KY620854|geneNS5A|query6286-7641|h77_aa1-448|extracted_nt1356|aligned_aa456|pident69.298,HCV,3a,100.0
KY620851|geneNS5A|query6299-7654|h77_aa1-448|extracted_nt1356|aligned_aa455|pident69.670,HCV,3a,100.0
KY620864|geneNS5A|query6300-7655|h77_aa1-448|extracted_nt1356|aligned_aa456|pident69.298,HCV,3a,100.0
KY620861|geneNS5A|query6316-7671|h77_aa1-448|extracted_nt1356|aligned_aa453|pident66.887,HCV,3a,100.0
KY620856|geneNS5A|query6181-7536|h77_aa1-448|extracted_nt1356|aligned_aa456|pident69.298,HCV,3a,100.0
KY620866|geneNS5A|query6193-7548|h77_aa1-448|extracted_nt1356|aligned_aa455|pident68.571,HCV,3a,100.0
KY620813|geneNS5A|query6282-7637|h77_aa1-448|extracted_nt1356|aligned_aa455|pident69.011,HCV,3a,100.0
KY620818|geneNS5A|query6254-7591|h77_aa1-441|extracted_nt1338|aligned_aa448|pident70.759,HCV,3a,100.0
KY620816|geneNS5A|query6287-7642|h77_aa1-448|extracted_nt1356|aligned_aa456|pident69.298,HCV,3a,100.0
KY620853|geneNS5A|query6294-7619|h77_aa1-437|extracted_nt1326|aligned_aa445|pident69.663,HCV,3a,100.0
KY620870|geneNS5A|query6437-7792|h77_aa1-448|extracted_nt1356|aligned_aa454|pident68.062,HCV,3b,100.0
KY620865|geneNS5A|query6273-7628|h77_aa1-448|extracted_nt1356|aligned_aa455|pident61.319,HCV,3a,100.0
KY620879|geneNS5A|query6294-7649|h77_aa1-448|extracted_nt1356|aligned_aa455|pident70.989,HCV,3g,87.0
KY927009|geneNS5A|query32-391|h77_aa3-122|extracted_nt360|aligned_aa120|pident80.000,HCV,4a,100.0
KY927019|geneNS5A|query32-391|h77_aa3-122|extracted_nt360|aligned_aa120|pident76.667,HCV,4a,100.0
LC209865|geneNS5A|query5974-7317|h77_aa1-448|extracted_nt1344|aligned_aa448|pident94.643,HCV,1a,100.0
LC209866|geneNS5A|query5974-7317|h77_aa1-448|extracted_nt1344|aligned_aa448|pident93.973,HCV,1a,100.0
LC209867|geneNS5A|query5974-7317|h77_aa1-448|extracted_nt1344|aligned_aa448|pident96.205,HCV,1a,100.0
LC209863|geneNS5A|query5974-7317|h77_aa1-448|extracted_nt1344|aligned_aa448|pident96.429,HCV,1a,100.0
LC209873|geneNS5A|query5974-7317|h77_aa1-448|extracted_nt1344|aligned_aa448|pident94.196,HCV,1a,100.0
LC209877|geneNS5A|query5974-7317|h77_aa1-448|extracted_nt1344|aligned_aa448|pident94.643,HCV,1a,100.0
LC209878|geneNS5A|query5974-7317|h77_aa1-448|extracted_nt1344|aligned_aa448|pident94.196,HCV,1a,100.0
LC209876|geneNS5A|query5974-7317|h77_aa1-448|extracted_nt1344|aligned_aa448|pident95.089,HCV,1a,100.0
LC209880|geneNS5A|query5974-7317|h77_aa1-448|extracted_nt1344|aligned_aa448|pident93.527,HCV,1a,100.0
LC209881|geneNS5A|query5974-7317|h77_aa1-448|extracted_nt1344|aligned_aa448|pident93.304,HCV,1a,100.0
LC209882|geneNS5A|query5974-7317|h77_aa1-448|extracted_nt1344|aligned_aa448|pident95.312,HCV,1a,100.0
LC209886|geneNS5A|query5974-7317|h77_aa1-448|extracted_nt1344|aligned_aa448|pident96.652,HCV,1a,100.0
LC209883|geneNS5A|query5974-7317|h77_aa1-448|extracted_nt1344|aligned_aa448|pident93.527,HCV,1a,100.0
LC368315|geneNS5A|query6154-7500|h77_aa1-448|extracted_nt1347|aligned_aa449|pident94.878,HCV,1a,100.0
LC368324|geneNS5A|query6153-7496|h77_aa1-448|extracted_nt1344|aligned_aa448|pident95.759,HCV,1a,100.0
LC368330|geneNS5A|query6154-7494|h77_aa1-448|extracted_nt1341|aligned_aa449|pident80.624,HCV,1b,100.0
LC368335|geneNS5A|query6154-7494|h77_aa1-448|extracted_nt1341|aligned_aa448|pident80.357,HCV,1b,100.0
LC368326|geneNS5A|query6156-7499|h77_aa1-448|extracted_nt1344|aligned_aa448|pident95.982,HCV,1a,100.0
LC368338|geneNS5A|query6155-7495|h77_aa1-448|extracted_nt1341|aligned_aa450|pident79.333,HCV,1b,100.0
LC368347|geneNS5A|query6155-7498|h77_aa1-448|extracted_nt1344|aligned_aa448|pident94.196,HCV,1a,100.0
LC368346|geneNS5A|query6151-7491|h77_aa1-448|extracted_nt1341|aligned_aa448|pident77.902,HCV,1b,100.0
LC368363|geneNS5A|query6161-7558|h77_aa1-448|extracted_nt1398|aligned_aa472|pident58.263,HCV,2b,100.0
KY620843|geneNS5A|query6293-7648|h77_aa1-448|extracted_nt1356|aligned_aa456|pident69.737,HCV,3a,100.0
KY620862|geneNS5A|query6273-7628|h77_aa1-448|extracted_nt1356|aligned_aa456|pident69.737,HCV,3a,100.0
KY620858|geneNS5A|query6277-7632|h77_aa1-448|extracted_nt1356|aligned_aa455|pident69.231,HCV,3a,100.0
KY926904|geneNS5A|query32-391|h77_aa3-122|extracted_nt360|aligned_aa120|pident75.833,HCV,4a,100.0
KY926921|geneNS5A|query26-391|h77_aa1-122|extracted_nt366|aligned_aa122|pident74.590,HCV,3a,100.0
KY926923|geneNS5A|query26-391|h77_aa1-122|extracted_nt366|aligned_aa122|pident76.230,HCV,4a,100.0
KY926922|geneNS5A|query35-391|h77_aa4-122|extracted_nt357|aligned_aa119|pident73.950,HCV,4o,100.0
KY926925|geneNS5A|query32-391|h77_aa3-122|extracted_nt360|aligned_aa120|pident75.000,HCV,4a,100.0
KY926979|geneNS5A|query32-391|h77_aa3-122|extracted_nt360|aligned_aa120|pident75.833,HCV,4a,100.0
LC209864|geneNS5A|query5974-7317|h77_aa1-448|extracted_nt1344|aligned_aa448|pident93.973,HCV,1a,100.0
LC209870|geneNS5A|query5974-7317|h77_aa1-448|extracted_nt1344|aligned_aa448|pident94.420,HCV,1a,100.0
LC209871|geneNS5A|query5974-7317|h77_aa1-448|extracted_nt1344|aligned_aa448|pident91.964,HCV,1a,100.0
LC209874|geneNS5A|query5974-7317|h77_aa1-448|extracted_nt1344|aligned_aa448|pident94.420,HCV,1a,100.0
LC209868|geneNS5A|query5974-7317|h77_aa1-448|extracted_nt1344|aligned_aa448|pident92.188,HCV,1a,100.0
LC209872|geneNS5A|query5974-7317|h77_aa1-448|extracted_nt1344|aligned_aa448|pident94.420,HCV,1a,100.0
LC209884|geneNS5A|query5974-7317|h77_aa1-448|extracted_nt1344|aligned_aa448|pident93.750,HCV,1a,100.0
LC209887|geneNS5A|query5974-7317|h77_aa1-448|extracted_nt1344|aligned_aa448|pident96.205,HCV,1a,100.0
LC209875|geneNS5A|query5974-7317|h77_aa1-448|extracted_nt1344|aligned_aa448|pident93.080,HCV,1a,100.0
LC209885|geneNS5A|query5974-7317|h77_aa1-448|extracted_nt1344|aligned_aa448|pident96.205,HCV,1a,100.0
LC368313|geneNS5A|query6154-7497|h77_aa1-448|extracted_nt1344|aligned_aa448|pident92.188,HCV,1a,100.0
LC368316|geneNS5A|query6154-7497|h77_aa1-448|extracted_nt1344|aligned_aa448|pident94.643,HCV,1a,100.0
LC209879|geneNS5A|query5974-7317|h77_aa1-448|extracted_nt1344|aligned_aa448|pident95.536,HCV,1a,100.0
LC368312|geneNS5A|query6150-7493|h77_aa1-448|extracted_nt1344|aligned_aa448|pident96.875,HCV,1a,100.0
LC368320|geneNS5A|query6155-7498|h77_aa1-448|extracted_nt1344|aligned_aa448|pident95.089,HCV,1a,100.0
LC368311|geneNS5A|query6159-7502|h77_aa1-448|extracted_nt1344|aligned_aa448|pident93.527,HCV,1a,100.0
LC368323|geneNS5A|query6154-7494|h77_aa1-448|extracted_nt1341|aligned_aa448|pident81.027,HCV,1b,100.0
LC368321|geneNS5A|query6159-7502|h77_aa1-448|extracted_nt1344|aligned_aa448|pident91.518,HCV,1a,100.0
LC368322|geneNS5A|query6155-7495|h77_aa1-448|extracted_nt1341|aligned_aa448|pident79.464,HCV,1b,100.0
LC368318|geneNS5A|query6158-7498|h77_aa1-448|extracted_nt1341|aligned_aa448|pident79.911,HCV,1b,100.0
LC368327|geneNS5A|query6155-7498|h77_aa1-448|extracted_nt1344|aligned_aa448|pident93.080,HCV,1a,100.0
LC368328|geneNS5A|query6155-7498|h77_aa1-448|extracted_nt1344|aligned_aa448|pident93.750,HCV,1a,100.0
LC368331|geneNS5A|query6159-7502|h77_aa1-448|extracted_nt1344|aligned_aa448|pident94.420,HCV,1a,100.0
LC368319|geneNS5A|query6155-7495|h77_aa1-448|extracted_nt1341|aligned_aa448|pident80.357,HCV,1b,100.0
LC368329|geneNS5A|query6154-7497|h77_aa1-448|extracted_nt1344|aligned_aa448|pident96.875,HCV,1a,100.0
LC368332|geneNS5A|query6154-7497|h77_aa1-448|extracted_nt1344|aligned_aa448|pident92.857,HCV,1a,100.0
LC368333|geneNS5A|query6159-7499|h77_aa1-448|extracted_nt1341|aligned_aa448|pident78.795,HCV,1b,100.0
LC368336|geneNS5A|query6159-7499|h77_aa1-448|extracted_nt1341|aligned_aa450|pident78.667,HCV,1b,100.0
LC368341|geneNS5A|query6156-7496|h77_aa1-448|extracted_nt1341|aligned_aa448|pident78.795,HCV,1b,100.0
LC368344|geneNS5A|query6154-7494|h77_aa1-448|extracted_nt1341|aligned_aa448|pident80.357,HCV,1b,100.0
LC368345|geneNS5A|query6155-7495|h77_aa1-448|extracted_nt1341|aligned_aa450|pident79.111,HCV,1b,100.0
LC368342|geneNS5A|query6155-7495|h77_aa1-448|extracted_nt1341|aligned_aa450|pident78.889,HCV,1b,100.0
LC368334|geneNS5A|query6154-7494|h77_aa1-448|extracted_nt1341|aligned_aa450|pident79.111,HCV,1b,100.0
LC368339|geneNS5A|query6155-7495|h77_aa1-448|extracted_nt1341|aligned_aa450|pident78.667,HCV,1b,100.0
LC368348|geneNS5A|query6157-7497|h77_aa1-448|extracted_nt1341|aligned_aa449|pident79.733,HCV,1b,100.0
LC368350|geneNS5A|query6152-7492|h77_aa1-448|extracted_nt1341|aligned_aa452|pident79.425,HCV,1b,100.0
LC368343|geneNS5A|query6155-7495|h77_aa1-448|extracted_nt1341|aligned_aa450|pident78.889,HCV,1b,100.0
LC368353|geneNS5A|query6177-7532|h77_aa1-448|extracted_nt1356|aligned_aa455|pident70.769,HCV,3a,100.0
LC368356|geneNS5A|query6162-7490|h77_aa3-448|extracted_nt1329|aligned_aa450|pident73.111,HCV,4a,100.0
LC368358|geneNS5A|query6172-7527|h77_aa1-448|extracted_nt1356|aligned_aa456|pident70.614,HCV,3a,100.0
LC368349|geneNS5A|query6155-7495|h77_aa1-448|extracted_nt1341|aligned_aa448|pident79.911,HCV,1b,100.0
LC368357|geneNS5A|query6160-7488|h77_aa3-448|extracted_nt1329|aligned_aa450|pident72.667,HCV,4a,100.0
LC368340|geneNS5A|query6154-7494|h77_aa1-448|extracted_nt1341|aligned_aa450|pident78.889,HCV,1b,100.0
LC368364|geneNS5A|query6172-7527|h77_aa1-448|extracted_nt1356|aligned_aa456|pident69.737,HCV,3a,100.0
LC368361|geneNS5A|query6173-7528|h77_aa1-448|extracted_nt1356|aligned_aa455|pident69.670,HCV,3a,100.0
LC368360|geneNS5A|query6177-7532|h77_aa1-448|extracted_nt1356|aligned_aa455|pident70.110,HCV,3a,100.0
LC368373|geneNS5A|query6321-7718|h77_aa1-448|extracted_nt1398|aligned_aa472|pident57.627,HCV,2a,100.0
LC368370|geneNS5A|query6172-7527|h77_aa1-448|extracted_nt1356|aligned_aa455|pident70.549,HCV,3a,100.0
LC368381|geneNS5A|query6154-7494|h77_aa1-448|extracted_nt1341|aligned_aa449|pident79.955,HCV,1b,100.0
LC368388|geneNS5A|query6167-7426|h77_aa1-448|extracted_nt1260|aligned_aa472|pident52.542,HCV,2a,100.0
LC368391|geneNS5A|query6160-7503|h77_aa1-448|extracted_nt1344|aligned_aa448|pident94.420,HCV,1a,100.0
LC368390|geneNS5A|query6159-7499|h77_aa1-448|extracted_nt1341|aligned_aa448|pident79.911,HCV,1b,100.0
LC368386|geneNS5A|query6154-7494|h77_aa1-448|extracted_nt1341|aligned_aa448|pident78.348,HCV,1b,100.0
LC368406|geneNS5A|query6171-7511|h77_aa1-448|extracted_nt1341|aligned_aa448|pident80.134,HCV,1b,100.0
LC368400|geneNS5A|query6025-7365|h77_aa1-448|extracted_nt1341|aligned_aa450|pident78.889,HCV,1b,100.0
LC368397|geneNS5A|query6166-7563|h77_aa1-448|extracted_nt1398|aligned_aa472|pident58.263,HCV,2b,100.0
LC368407|geneNS5A|query6155-7495|h77_aa1-448|extracted_nt1341|aligned_aa448|pident80.357,HCV,1b,100.0
LC368411|geneNS5A|query5930-7327|h77_aa1-448|extracted_nt1398|aligned_aa474|pident58.228,HCV,2b,100.0
LC368417|geneNS5A|query6159-7499|h77_aa1-448|extracted_nt1341|aligned_aa450|pident78.444,HCV,1b,100.0
LC368416|geneNS5A|query6163-7560|h77_aa1-448|extracted_nt1398|aligned_aa472|pident58.263,HCV,2a,100.0
LC368419|geneNS5A|query6159-7499|h77_aa1-448|extracted_nt1341|aligned_aa450|pident78.889,HCV,1b,100.0
LC368427|geneNS5A|query6215-7555|h77_aa1-448|extracted_nt1341|aligned_aa448|pident79.911,HCV,1b,100.0
LC368425|geneNS5A|query6156-7496|h77_aa1-448|extracted_nt1341|aligned_aa448|pident79.688,HCV,1b,100.0
LC368415|geneNS5A|query6166-7545|h77_aa1-448|extracted_nt1380|aligned_aa472|pident57.839,HCV,2a,100.0
LC368428|geneNS5A|query6155-7495|h77_aa1-448|extracted_nt1341|aligned_aa448|pident79.018,HCV,1b,100.0
LC368414|geneNS5A|query6155-7489|h77_aa1-448|extracted_nt1335|aligned_aa452|pident71.681,HCV,4a,100.0
LC368431|geneNS5A|query6163-7533|h77_aa1-448|extracted_nt1371|aligned_aa472|pident57.203,HCV,2a,100.0
LC368421|geneNS5A|query6178-7536|h77_aa1-448|extracted_nt1359|aligned_aa457|pident71.335,HCV,1b,71.0
LC368422|geneNS5A|query6154-7494|h77_aa1-448|extracted_nt1341|aligned_aa448|pident76.339,HCV,1b,100.0
LC368436|geneNS5A|query6149-7489|h77_aa1-448|extracted_nt1341|aligned_aa448|pident79.018,HCV,1b,100.0
LC368440|geneNS5A|query6112-7452|h77_aa1-448|extracted_nt1341|aligned_aa453|pident79.470,HCV,1b,100.0
LC368441|geneNS5A|query6159-7499|h77_aa1-448|extracted_nt1341|aligned_aa448|pident78.795,HCV,1b,100.0
LC368432|geneNS5A|query6162-7559|h77_aa1-448|extracted_nt1398|aligned_aa472|pident58.263,HCV,2a,100.0
LC435025|geneNS5A|query6207-7547|h77_aa1-448|extracted_nt1341|aligned_aa448|pident78.571,HCV,1b,100.0
LC435026|geneNS5A|query6205-7545|h77_aa1-448|extracted_nt1341|aligned_aa452|pident77.876,HCV,1b,100.0
LC368444|geneNS5A|query6169-7566|h77_aa1-448|extracted_nt1398|aligned_aa472|pident61.653,HCV,2c,100.0
KT721921|geneNS5A|query1-1344|h77_aa1-448|extracted_nt1344|aligned_aa448|pident94.196,HCV,1a,100.0
KT721920|geneNS5A|query1-1344|h77_aa1-448|extracted_nt1344|aligned_aa448|pident94.196,HCV,1a,100.0
KT721924|geneNS5A|query1-1344|h77_aa1-448|extracted_nt1344|aligned_aa448|pident94.196,HCV,1a,100.0
KT721925|geneNS5A|query1-1344|h77_aa1-448|extracted_nt1344|aligned_aa448|pident94.196,HCV,1a,100.0
KT721923|geneNS5A|query1-1344|h77_aa1-448|extracted_nt1344|aligned_aa448|pident94.196,HCV,1a,100.0
KT721926|geneNS5A|query1-1344|h77_aa1-448|extracted_nt1344|aligned_aa448|pident94.196,HCV,1a,100.0
LC368365|geneNS5A|query6172-7527|h77_aa1-448|extracted_nt1356|aligned_aa455|pident69.451,HCV,3a,100.0
LC368362|geneNS5A|query6166-7563|h77_aa1-448|extracted_nt1398|aligned_aa472|pident58.051,HCV,2a,100.0
LC368379|geneNS5A|query6159-7499|h77_aa1-448|extracted_nt1341|aligned_aa448|pident79.688,HCV,1b,100.0
LC368359|geneNS5A|query6154-7494|h77_aa1-448|extracted_nt1341|aligned_aa448|pident78.125,HCV,1b,100.0
LC368368|geneNS5A|query6174-7529|h77_aa1-448|extracted_nt1356|aligned_aa456|pident69.956,HCV,3a,100.0
LC368384|geneNS5A|query6157-7497|h77_aa1-448|extracted_nt1341|aligned_aa448|pident76.786,HCV,1b,100.0
LC368387|geneNS5A|query6147-7487|h77_aa1-448|extracted_nt1341|aligned_aa449|pident79.287,HCV,1b,100.0
LC368380|geneNS5A|query6159-7499|h77_aa1-448|extracted_nt1341|aligned_aa450|pident80.444,HCV,1b,100.0
LC368372|geneNS5A|query6173-7528|h77_aa1-448|extracted_nt1356|aligned_aa455|pident69.670,HCV,3a,100.0
LC368389|geneNS5A|query6167-7564|h77_aa1-448|extracted_nt1398|aligned_aa472|pident58.475,HCV,2a,100.0
LC368392|geneNS5A|query6168-7565|h77_aa1-448|extracted_nt1398|aligned_aa472|pident58.263,HCV,2a,100.0
LC368396|geneNS5A|query6155-7495|h77_aa1-448|extracted_nt1341|aligned_aa450|pident79.333,HCV,1b,100.0
LC368382|geneNS5A|query6172-7527|h77_aa1-448|extracted_nt1356|aligned_aa456|pident70.614,HCV,3a,100.0
LC368393|geneNS5A|query6173-7567|h77_aa2-448|extracted_nt1395|aligned_aa471|pident58.174,HCV,2a,100.0
LC368403|geneNS5A|query6159-7499|h77_aa1-448|extracted_nt1341|aligned_aa449|pident79.510,HCV,1b,100.0
LC368399|geneNS5A|query6154-7503|h77_aa1-448|extracted_nt1350|aligned_aa452|pident79.204,HCV,1b,100.0
LC368404|geneNS5A|query6155-7498|h77_aa1-448|extracted_nt1344|aligned_aa448|pident91.741,HCV,1a,100.0
LC368405|geneNS5A|query6154-7494|h77_aa1-448|extracted_nt1341|aligned_aa448|pident80.134,HCV,1b,100.0
LC368408|geneNS5A|query6153-7493|h77_aa1-448|extracted_nt1341|aligned_aa450|pident79.333,HCV,1b,100.0
LC368412|geneNS5A|query6158-7501|h77_aa1-448|extracted_nt1344|aligned_aa448|pident94.196,HCV,1a,100.0
LC368413|geneNS5A|query6155-7495|h77_aa1-448|extracted_nt1341|aligned_aa450|pident78.889,HCV,1b,100.0
LC368402|geneNS5A|query6154-7494|h77_aa1-448|extracted_nt1341|aligned_aa448|pident80.804,HCV,1b,100.0
LC368420|geneNS5A|query6180-7547|h77_aa1-448|extracted_nt1368|aligned_aa459|pident68.410,HCV,3b,100.0
LC368409|geneNS5A|query6157-7509|h77_aa1-448|extracted_nt1353|aligned_aa454|pident69.824,HCV,6n,100.0
LC368424|geneNS5A|query6154-7494|h77_aa1-448|extracted_nt1341|aligned_aa448|pident80.804,HCV,1b,100.0
LC368423|geneNS5A|query6127-7479|h77_aa1-448|extracted_nt1353|aligned_aa463|pident68.683,HCV,6n,100.0
LC368434|geneNS5A|query6154-7494|h77_aa1-448|extracted_nt1341|aligned_aa448|pident80.580,HCV,1b,100.0
LC368430|geneNS5A|query6168-7565|h77_aa1-448|extracted_nt1398|aligned_aa472|pident58.475,HCV,2b,100.0
LC368435|geneNS5A|query6152-7504|h77_aa1-448|extracted_nt1353|aligned_aa454|pident71.145,HCV,6n,100.0
LC368437|geneNS5A|query6171-7511|h77_aa1-448|extracted_nt1341|aligned_aa450|pident79.333,HCV,1b,100.0
LC368445|geneNS5A|query6155-7495|h77_aa1-448|extracted_nt1341|aligned_aa448|pident80.804,HCV,1b,100.0
LC368446|geneNS5A|query6154-7494|h77_aa1-448|extracted_nt1341|aligned_aa448|pident77.902,HCV,1b,100.0
LC368443|geneNS5A|query6149-7489|h77_aa1-448|extracted_nt1341|aligned_aa449|pident77.060,HCV,1b,100.0
LC435028|geneNS5A|query6229-7578|h77_aa3-448|extracted_nt1350|aligned_aa452|pident70.354,HCV,6r,100.0
LC435029|geneNS5A|query6207-7547|h77_aa1-448|extracted_nt1341|aligned_aa448|pident78.348,HCV,1b,100.0
KT721915|geneNS5A|query1-1344|h77_aa1-448|extracted_nt1344|aligned_aa448|pident93.527,HCV,1a,100.0
KT595242|geneNS5A|query6166-7518|h77_aa1-448|extracted_nt1353|aligned_aa455|pident69.231,HCV,5a,82.0
KT721930|geneNS5A|query1-1344|h77_aa1-448|extracted_nt1344|aligned_aa448|pident93.080,HCV,1a,100.0
KT721931|geneNS5A|query1-1344|h77_aa1-448|extracted_nt1344|aligned_aa448|pident93.080,HCV,1a,100.0
KT721922|geneNS5A|query1-1344|h77_aa1-448|extracted_nt1344|aligned_aa448|pident94.196,HCV,1a,100.0
KT721947|geneNS5A|query1-1344|h77_aa1-448|extracted_nt1344|aligned_aa448|pident96.205,HCV,1a,100.0
KT721964|geneNS5A|query1-1344|h77_aa1-448|extracted_nt1344|aligned_aa448|pident94.196,HCV,1a,100.0
KT721963|geneNS5A|query1-1344|h77_aa1-448|extracted_nt1344|aligned_aa448|pident94.196,HCV,1a,100.0
KT721975|geneNS5A|query1-1344|h77_aa1-448|extracted_nt1344|aligned_aa448|pident94.420,HCV,1a,100.0
KT721977|geneNS5A|query1-1344|h77_aa1-448|extracted_nt1344|aligned_aa448|pident94.420,HCV,1a,100.0
KT721979|geneNS5A|query1-1344|h77_aa1-448|extracted_nt1344|aligned_aa448|pident93.750,HCV,1a,100.0
KT721980|geneNS5A|query1-1344|h77_aa1-448|extracted_nt1344|aligned_aa448|pident94.866,HCV,1a,100.0
KT721936|geneNS5A|query1-1344|h77_aa1-448|extracted_nt1344|aligned_aa448|pident93.304,HCV,1a,100.0
KT721978|geneNS5A|query1-1344|h77_aa1-448|extracted_nt1344|aligned_aa448|pident93.973,HCV,1a,100.0
KT721976|geneNS5A|query1-1344|h77_aa1-448|extracted_nt1344|aligned_aa448|pident94.196,HCV,1a,100.0
KT722003|geneNS5A|query1-1344|h77_aa1-448|extracted_nt1344|aligned_aa448|pident94.866,HCV,1a,100.0
KT721994|geneNS5A|query1-1344|h77_aa1-448|extracted_nt1344|aligned_aa448|pident94.196,HCV,1a,100.0
KT722002|geneNS5A|query1-1344|h77_aa1-448|extracted_nt1344|aligned_aa448|pident95.089,HCV,1a,100.0
KT722010|geneNS5A|query1-1344|h77_aa1-448|extracted_nt1344|aligned_aa448|pident95.312,HCV,1a,100.0
KT722024|geneNS5A|query1-1344|h77_aa1-448|extracted_nt1344|aligned_aa448|pident94.643,HCV,1a,100.0
KT722025|geneNS5A|query1-1344|h77_aa1-448|extracted_nt1344|aligned_aa448|pident95.089,HCV,1a,100.0
KT722032|geneNS5A|query1-1344|h77_aa1-448|extracted_nt1344|aligned_aa448|pident94.866,HCV,1a,100.0
KT722034|geneNS5A|query1-1344|h77_aa1-448|extracted_nt1344|aligned_aa448|pident92.857,HCV,1a,100.0
KT722012|geneNS5A|query1-1344|h77_aa1-448|extracted_nt1344|aligned_aa448|pident95.089,HCV,1a,100.0
KT722014|geneNS5A|query1-1344|h77_aa1-448|extracted_nt1344|aligned_aa448|pident95.089,HCV,1a,100.0
KT722015|geneNS5A|query1-1344|h77_aa1-448|extracted_nt1344|aligned_aa448|pident95.089,HCV,1a,100.0
KT722017|geneNS5A|query1-1344|h77_aa1-448|extracted_nt1344|aligned_aa448|pident95.089,HCV,1a,100.0
KT721993|geneNS5A|query1-1344|h77_aa1-448|extracted_nt1344|aligned_aa448|pident93.973,HCV,1a,100.0
KT722013|geneNS5A|query1-1344|h77_aa1-448|extracted_nt1344|aligned_aa448|pident95.089,HCV,1a,100.0
KT722044|geneNS5A|query1-1344|h77_aa1-448|extracted_nt1344|aligned_aa448|pident94.196,HCV,1a,100.0
KT722035|geneNS5A|query1-1344|h77_aa1-448|extracted_nt1344|aligned_aa448|pident92.857,HCV,1a,100.0
KT722053|geneNS5A|query1-1344|h77_aa1-448|extracted_nt1344|aligned_aa448|pident95.536,HCV,1a,100.0
KT722036|geneNS5A|query1-1344|h77_aa1-448|extracted_nt1344|aligned_aa448|pident93.080,HCV,1a,100.0
KT722031|geneNS5A|query1-1344|h77_aa1-448|extracted_nt1344|aligned_aa448|pident94.866,HCV,1a,100.0
KT722054|geneNS5A|query1-1344|h77_aa1-448|extracted_nt1344|aligned_aa448|pident95.536,HCV,1a,100.0
KT722082|geneNS5A|query1-1344|h77_aa1-448|extracted_nt1344|aligned_aa448|pident94.643,HCV,1a,100.0
KT722087|geneNS5A|query1-1344|h77_aa1-448|extracted_nt1344|aligned_aa448|pident95.089,HCV,1a,100.0
KT722049|geneNS5A|query1-1344|h77_aa1-448|extracted_nt1344|aligned_aa448|pident95.536,HCV,1a,100.0
KT722050|geneNS5A|query1-1344|h77_aa1-448|extracted_nt1344|aligned_aa448|pident95.536,HCV,1a,100.0
KT722052|geneNS5A|query1-1344|h77_aa1-448|extracted_nt1344|aligned_aa448|pident95.536,HCV,1a,100.0
KT722064|geneNS5A|query1-1344|h77_aa1-448|extracted_nt1344|aligned_aa448|pident93.527,HCV,1a,100.0
KT722093|geneNS5A|query1-1344|h77_aa1-448|extracted_nt1344|aligned_aa448|pident94.643,HCV,1a,100.0
KT722097|geneNS5A|query1-1344|h77_aa1-448|extracted_nt1344|aligned_aa448|pident94.420,HCV,1a,100.0
KT722098|geneNS5A|query1-1344|h77_aa1-448|extracted_nt1344|aligned_aa448|pident94.420,HCV,1a,100.0
KY620876|geneNS5A|query6267-7622|h77_aa1-448|extracted_nt1356|aligned_aa453|pident70.861,HCV,3g,100.0
KT722092|geneNS5A|query1-1344|h77_aa1-448|extracted_nt1344|aligned_aa448|pident94.643,HCV,1a,100.0
KT722102|geneNS5A|query1-1344|h77_aa1-448|extracted_nt1344|aligned_aa448|pident95.312,HCV,1a,100.0
KT722101|geneNS5A|query1-1344|h77_aa1-448|extracted_nt1344|aligned_aa448|pident95.536,HCV,1a,100.0
KT722125|geneNS5A|query1-1344|h77_aa1-448|extracted_nt1344|aligned_aa448|pident95.089,HCV,1a,100.0
KY926920|geneNS5A|query32-391|h77_aa3-122|extracted_nt360|aligned_aa120|pident76.667,HCV,4a,100.0
KY926928|geneNS5A|query32-391|h77_aa3-122|extracted_nt360|aligned_aa120|pident75.000,HCV,4a,100.0
KY926929|geneNS5A|query32-391|h77_aa3-122|extracted_nt360|aligned_aa120|pident73.333,HCV,4a,100.0
KY926930|geneNS5A|query32-391|h77_aa3-122|extracted_nt360|aligned_aa120|pident76.667,HCV,4a,100.0
KY926932|geneNS5A|query32-391|h77_aa3-122|extracted_nt360|aligned_aa120|pident75.833,HCV,4a,100.0
KY926934|geneNS5A|query26-391|h77_aa1-122|extracted_nt366|aligned_aa122|pident75.410,HCV,4a,100.0
KY926933|geneNS5A|query32-391|h77_aa3-122|extracted_nt360|aligned_aa120|pident76.667,HCV,4a,100.0
KY926931|geneNS5A|query32-391|h77_aa3-122|extracted_nt360|aligned_aa120|pident75.833,HCV,4a,100.0
KY620772|geneNS5A|query6320-7675|h77_aa1-448|extracted_nt1356|aligned_aa456|pident70.175,HCV,3a,100.0
KY620770|geneNS5A|query6295-7650|h77_aa1-448|extracted_nt1356|aligned_aa456|pident70.175,HCV,3a,100.0
KY620774|geneNS5A|query6209-7564|h77_aa1-448|extracted_nt1356|aligned_aa456|pident67.544,HCV,3a,100.0
KY620768|geneNS5A|query6294-7649|h77_aa1-448|extracted_nt1356|aligned_aa455|pident70.330,HCV,3a,100.0
KY620777|geneNS5A|query6277-7632|h77_aa1-448|extracted_nt1356|aligned_aa456|pident70.175,HCV,3a,100.0
KY620776|geneNS5A|query6331-7686|h77_aa1-448|extracted_nt1356|aligned_aa456|pident69.956,HCV,3a,100.0
KY620771|geneNS5A|query6273-7628|h77_aa1-448|extracted_nt1356|aligned_aa456|pident69.737,HCV,3a,100.0
KY620778|geneNS5A|query6265-7620|h77_aa1-448|extracted_nt1356|aligned_aa455|pident69.670,HCV,3a,100.0
KY620784|geneNS5A|query6289-7644|h77_aa1-448|extracted_nt1356|aligned_aa455|pident70.549,HCV,3a,100.0
KY620786|geneNS5A|query6303-7658|h77_aa1-448|extracted_nt1356|aligned_aa456|pident69.737,HCV,3a,100.0
KY620767|geneNS5A|query6291-7646|h77_aa1-448|extracted_nt1356|aligned_aa455|pident69.890,HCV,3a,100.0
KY620782|geneNS5A|query6293-7648|h77_aa1-448|extracted_nt1356|aligned_aa455|pident69.451,HCV,3a,100.0
KY620795|geneNS5A|query6266-7621|h77_aa1-448|extracted_nt1356|aligned_aa455|pident70.110,HCV,3a,100.0
KY620800|geneNS5A|query6290-7642|h77_aa1-447|extracted_nt1353|aligned_aa454|pident69.163,HCV,3a,100.0
KY620798|geneNS5A|query6288-7643|h77_aa1-448|extracted_nt1356|aligned_aa455|pident69.451,HCV,3a,100.0
KY620802|geneNS5A|query6338-7693|h77_aa1-448|extracted_nt1356|aligned_aa456|pident70.833,HCV,3a,100.0
KY620781|geneNS5A|query6292-7647|h77_aa1-448|extracted_nt1356|aligned_aa456|pident70.395,HCV,3a,100.0
KY620788|geneNS5A|query6281-7636|h77_aa1-448|extracted_nt1356|aligned_aa455|pident69.890,HCV,3a,100.0
KY620797|geneNS5A|query6291-7646|h77_aa1-448|extracted_nt1356|aligned_aa455|pident69.231,HCV,3a,100.0
KY620793|geneNS5A|query6264-7619|h77_aa1-448|extracted_nt1356|aligned_aa456|pident69.518,HCV,3a,100.0
KY620805|geneNS5A|query6048-7403|h77_aa1-448|extracted_nt1356|aligned_aa456|pident69.518,HCV,3a,100.0
KY620820|geneNS5A|query6273-7628|h77_aa1-448|extracted_nt1356|aligned_aa456|pident70.833,HCV,3a,100.0
KY620827|geneNS5A|query6292-7647|h77_aa1-448|extracted_nt1356|aligned_aa455|pident69.011,HCV,3a,100.0
KY620826|geneNS5A|query6296-7651|h77_aa1-448|extracted_nt1356|aligned_aa455|pident69.670,HCV,3a,100.0
KY620814|geneNS5A|query6287-7642|h77_aa1-448|extracted_nt1356|aligned_aa456|pident69.956,HCV,3a,100.0
KY620829|geneNS5A|query6299-7654|h77_aa1-448|extracted_nt1356|aligned_aa455|pident70.110,HCV,3a,100.0
KY620834|geneNS5A|query6269-7624|h77_aa1-448|extracted_nt1356|aligned_aa456|pident66.667,HCV,3a,100.0
KY620837|geneNS5A|query6301-7656|h77_aa1-448|extracted_nt1356|aligned_aa455|pident69.670,HCV,3a,100.0
KY620839|geneNS5A|query6412-7767|h77_aa1-448|extracted_nt1356|aligned_aa455|pident69.231,HCV,3a,100.0
KY620848|geneNS5A|query6276-7631|h77_aa1-448|extracted_nt1356|aligned_aa456|pident70.175,HCV,3a,100.0
KY620849|geneNS5A|query6275-7630|h77_aa1-448|extracted_nt1356|aligned_aa456|pident69.956,HCV,3a,100.0
KY620850|geneNS5A|query6285-7640|h77_aa1-448|extracted_nt1356|aligned_aa456|pident69.079,HCV,3a,100.0
KY620859|geneNS5A|query6290-7645|h77_aa1-448|extracted_nt1356|aligned_aa456|pident68.640,HCV,3a,100.0
KY620874|geneNS5A|query6285-7640|h77_aa1-448|extracted_nt1356|aligned_aa455|pident67.473,HCV,3b,100.0
KY620867|geneNS5A|query6292-7647|h77_aa1-448|extracted_nt1356|aligned_aa453|pident69.978,HCV,3a,100.0
KY620877|geneNS5A|query6297-7652|h77_aa1-448|extracted_nt1356|aligned_aa455|pident71.648,HCV,3g,100.0
KY926905|geneNS5A|query26-391|h77_aa1-122|extracted_nt366|aligned_aa122|pident74.590,HCV,3a,100.0
KY620878|geneNS5A|query6403-7758|h77_aa1-448|extracted_nt1356|aligned_aa456|pident68.860,HCV,3i,100.0
KY926906|geneNS5A|query32-391|h77_aa3-122|extracted_nt360|aligned_aa120|pident75.833,HCV,4a,100.0
KY926908|geneNS5A|query32-391|h77_aa3-122|extracted_nt360|aligned_aa120|pident76.667,HCV,4d,100.0
KY620869|geneNS5A|query6294-7649|h77_aa1-448|extracted_nt1356|aligned_aa455|pident67.912,HCV,3b,100.0
KY620873|geneNS5A|query6434-7789|h77_aa1-448|extracted_nt1356|aligned_aa455|pident68.352,HCV,3b,100.0
KY926916|geneNS5A|query32-391|h77_aa3-122|extracted_nt360|aligned_aa120|pident76.667,HCV,4a,100.0
KY926913|geneNS5A|query26-391|h77_aa1-122|extracted_nt366|aligned_aa122|pident73.770,HCV,3a,100.0
KY926938|geneNS5A|query32-391|h77_aa3-122|extracted_nt360|aligned_aa120|pident75.833,HCV,4a,100.0
KY926939|geneNS5A|query32-391|h77_aa3-122|extracted_nt360|aligned_aa120|pident78.333,HCV,4a,100.0
KY926940|geneNS5A|query32-391|h77_aa3-122|extracted_nt360|aligned_aa120|pident77.500,HCV,4a,100.0
KY926936|geneNS5A|query32-391|h77_aa3-122|extracted_nt360|aligned_aa120|pident75.000,HCV,4a,100.0
KY926942|geneNS5A|query26-391|h77_aa1-122|extracted_nt366|aligned_aa122|pident73.770,HCV,4a,100.0
KY926941|geneNS5A|query32-391|h77_aa3-122|extracted_nt360|aligned_aa120|pident80.000,HCV,4r,100.0
KY926947|geneNS5A|query35-391|h77_aa4-122|extracted_nt357|aligned_aa119|pident77.311,HCV,4o,100.0
KY926945|geneNS5A|query32-391|h77_aa3-122|extracted_nt360|aligned_aa120|pident75.833,HCV,4a,100.0
KY926944|geneNS5A|query32-391|h77_aa3-122|extracted_nt360|aligned_aa120|pident75.000,HCV,4a,100.0
KY926948|geneNS5A|query32-391|h77_aa3-122|extracted_nt360|aligned_aa120|pident73.333,HCV,4a,100.0
KY926952|geneNS5A|query35-391|h77_aa4-122|extracted_nt357|aligned_aa119|pident77.311,HCV,4o,100.0
KY926926|geneNS5A|query32-391|h77_aa3-122|extracted_nt360|aligned_aa120|pident75.833,HCV,4a,100.0
KY926918|geneNS5A|query32-391|h77_aa3-122|extracted_nt360|aligned_aa120|pident75.833,HCV,4a,100.0
KY926954|geneNS5A|query32-391|h77_aa3-122|extracted_nt360|aligned_aa120|pident77.500,HCV,4a,100.0
KY926950|geneNS5A|query26-391|h77_aa1-122|extracted_nt366|aligned_aa122|pident77.869,HCV,4a,100.0
KY926956|geneNS5A|query32-391|h77_aa3-122|extracted_nt360|aligned_aa120|pident75.833,HCV,4a,100.0
KY926951|geneNS5A|query32-391|h77_aa3-122|extracted_nt360|aligned_aa120|pident75.000,HCV,4a,100.0
KY926957|geneNS5A|query32-391|h77_aa3-122|extracted_nt360|aligned_aa120|pident74.167,HCV,4a,100.0
KY926960|geneNS5A|query32-391|h77_aa3-122|extracted_nt360|aligned_aa120|pident75.000,HCV,4a,100.0
KY926961|geneNS5A|query32-391|h77_aa3-122|extracted_nt360|aligned_aa120|pident75.000,HCV,4a,100.0
KY926963|geneNS5A|query32-391|h77_aa3-122|extracted_nt360|aligned_aa120|pident75.833,HCV,4a,100.0
KY926964|geneNS5A|query32-391|h77_aa3-122|extracted_nt360|aligned_aa120|pident75.000,HCV,4a,100.0
KY926959|geneNS5A|query35-391|h77_aa4-122|extracted_nt357|aligned_aa119|pident75.630,HCV,4o,100.0
KY926968|geneNS5A|query32-391|h77_aa3-122|extracted_nt360|aligned_aa120|pident74.167,HCV,4a,100.0
KY926967|geneNS5A|query32-391|h77_aa3-122|extracted_nt360|aligned_aa120|pident77.500,HCV,4a,100.0
KY926970|geneNS5A|query32-391|h77_aa3-122|extracted_nt360|aligned_aa120|pident75.833,HCV,4a,100.0
KY926969|geneNS5A|query32-391|h77_aa3-122|extracted_nt360|aligned_aa120|pident77.500,HCV,4a,100.0
KY926971|geneNS5A|query32-391|h77_aa3-122|extracted_nt360|aligned_aa120|pident75.833,HCV,4a,100.0
KY926962|geneNS5A|query32-391|h77_aa3-122|extracted_nt360|aligned_aa120|pident75.000,HCV,4a,100.0
KY926973|geneNS5A|query32-391|h77_aa3-122|extracted_nt360|aligned_aa120|pident76.667,HCV,4n,100.0
KY926965|geneNS5A|query32-391|h77_aa3-122|extracted_nt360|aligned_aa120|pident75.833,HCV,4a,100.0
KY926975|geneNS5A|query32-391|h77_aa3-122|extracted_nt360|aligned_aa120|pident76.667,HCV,4a,100.0
KY926974|geneNS5A|query32-391|h77_aa3-122|extracted_nt360|aligned_aa120|pident74.167,HCV,4a,100.0
KY926976|geneNS5A|query32-391|h77_aa3-122|extracted_nt360|aligned_aa120|pident76.667,HCV,4a,100.0
KY926955|geneNS5A|query32-391|h77_aa3-122|extracted_nt360|aligned_aa120|pident75.000,HCV,4a,100.0
KY926980|geneNS5A|query32-391|h77_aa3-122|extracted_nt360|aligned_aa120|pident79.167,HCV,4d,100.0
KY926982|geneNS5A|query32-391|h77_aa3-122|extracted_nt360|aligned_aa120|pident76.667,HCV,4a,100.0
KY926984|geneNS5A|query26-391|h77_aa1-122|extracted_nt366|aligned_aa122|pident75.410,HCV,4a,100.0
KY926981|geneNS5A|query32-391|h77_aa3-122|extracted_nt360|aligned_aa120|pident76.667,HCV,4r,100.0
KY926985|geneNS5A|query32-391|h77_aa3-122|extracted_nt360|aligned_aa120|pident75.833,HCV,4a,100.0
KY926983|geneNS5A|query32-391|h77_aa3-122|extracted_nt360|aligned_aa120|pident80.833,HCV,4d,100.0
KY926986|geneNS5A|query32-391|h77_aa3-122|extracted_nt360|aligned_aa120|pident77.500,HCV,4a,100.0
KY926988|geneNS5A|query32-391|h77_aa3-122|extracted_nt360|aligned_aa120|pident72.500,HCV,4a,100.0
KY926977|geneNS5A|query32-391|h77_aa3-122|extracted_nt360|aligned_aa120|pident75.000,HCV,4a,100.0
KY926989|geneNS5A|query32-391|h77_aa3-122|extracted_nt360|aligned_aa120|pident74.167,HCV,4a,100.0
KY926990|geneNS5A|query32-391|h77_aa3-122|extracted_nt360|aligned_aa120|pident74.167,HCV,4a,100.0
KY926953|geneNS5A|query35-391|h77_aa4-122|extracted_nt357|aligned_aa119|pident76.471,HCV,4o,100.0
KY926998|geneNS5A|query25-390|h77_aa1-122|extracted_nt366|aligned_aa122|pident98.361,HCV,1a,100.0
LC209869|geneNS5A|query5974-7317|h77_aa1-448|extracted_nt1344|aligned_aa448|pident94.643,HCV,1a,100.0
KY620863|geneNS5A|query6325-7680|h77_aa1-448|extracted_nt1356|aligned_aa456|pident69.518,HCV,3a,100.0
KY620871|geneNS5A|query6273-7628|h77_aa1-448|extracted_nt1356|aligned_aa454|pident67.621,HCV,3b,100.0
KY927000|geneNS5A|query25-390|h77_aa1-122|extracted_nt366|aligned_aa122|pident95.082,HCV,1a,100.0
KY927002|geneNS5A|query25-390|h77_aa1-122|extracted_nt366|aligned_aa122|pident81.148,HCV,1b,100.0
KY926991|geneNS5A|query32-391|h77_aa3-122|extracted_nt360|aligned_aa120|pident76.667,HCV,4a,100.0
KY927004|geneNS5A|query25-390|h77_aa1-122|extracted_nt366|aligned_aa122|pident79.508,HCV,1g,88.0
KY927007|geneNS5A|query26-391|h77_aa1-122|extracted_nt366|aligned_aa122|pident75.410,HCV,3a,100.0
KY927005|geneNS5A|query25-390|h77_aa1-122|extracted_nt366|aligned_aa122|pident79.508,HCV,1g,100.0
KY927006|geneNS5A|query25-390|h77_aa1-122|extracted_nt366|aligned_aa122|pident76.230,HCV,1g,100.0
KY927011|geneNS5A|query32-391|h77_aa3-122|extracted_nt360|aligned_aa120|pident76.667,HCV,4n,100.0
KY927022|geneNS5A|query26-391|h77_aa1-122|extracted_nt366|aligned_aa122|pident74.590,HCV,4a,100.0
KY926978|geneNS5A|query32-391|h77_aa3-122|extracted_nt360|aligned_aa120|pident75.000,HCV,4a,100.0
KY927016|geneNS5A|query32-391|h77_aa3-122|extracted_nt360|aligned_aa120|pident80.000,HCV,4d,100.0
KY927014|geneNS5A|query32-391|h77_aa3-122|extracted_nt360|aligned_aa120|pident75.833,HCV,4a,100.0
KY926994|geneNS5A|query25-387|h77_aa1-121|extracted_nt363|aligned_aa121|pident80.992,HCV,1b,100.0
LC435023|geneNS5A|query6217-7563|h77_aa3-448|extracted_nt1347|aligned_aa451|pident71.397,HCV,6e,100.0
LC435030|geneNS5A|query6205-7545|h77_aa1-448|extracted_nt1341|aligned_aa448|pident77.902,HCV,1b,100.0
LC368447|geneNS5A|query6155-7495|h77_aa1-448|extracted_nt1341|aligned_aa450|pident78.000,HCV,1b,100.0
LC435024|geneNS5A|query6229-7578|h77_aa3-448|extracted_nt1350|aligned_aa452|pident70.133,HCV,6r,100.0
LC368439|geneNS5A|query6165-7562|h77_aa1-448|extracted_nt1398|aligned_aa472|pident58.263,HCV,2b,100.0
KT722091|geneNS5A|query1-1344|h77_aa1-448|extracted_nt1344|aligned_aa448|pident94.866,HCV,1a,100.0
KT722100|geneNS5A|query1-1344|h77_aa1-448|extracted_nt1344|aligned_aa448|pident94.420,HCV,1a,100.0
KT722118|geneNS5A|query1-1344|h77_aa1-448|extracted_nt1344|aligned_aa448|pident94.420,HCV,1a,100.0
LC368378|geneNS5A|query6178-7461|h77_aa1-428|extracted_nt1284|aligned_aa432|pident61.574,HCV,2a,100.0
LC368377|geneNS5A|query6084-7424|h77_aa1-448|extracted_nt1341|aligned_aa449|pident77.728,HCV,1b,100.0
LC368376|geneNS5A|query6154-7494|h77_aa1-448|extracted_nt1341|aligned_aa449|pident78.619,HCV,1b,100.0
LC368374|geneNS5A|query6155-7498|h77_aa1-448|extracted_nt1344|aligned_aa448|pident94.196,HCV,1a,100.0
LC368309|geneNS5A|query6155-7495|h77_aa1-448|extracted_nt1341|aligned_aa448|pident80.804,HCV,1b,100.0
LC368314|geneNS5A|query6155-7495|h77_aa1-448|extracted_nt1341|aligned_aa448|pident77.902,HCV,1b,100.0
LC368310|geneNS5A|query6155-7495|h77_aa1-448|extracted_nt1341|aligned_aa448|pident79.241,HCV,1b,100.0
LC368317|geneNS5A|query6166-7521|h77_aa1-448|extracted_nt1356|aligned_aa452|pident94.027,HCV,1a,100.0
LC368325|geneNS5A|query6153-7493|h77_aa1-448|extracted_nt1341|aligned_aa449|pident80.624,HCV,1b,100.0
LC368337|geneNS5A|query6159-7499|h77_aa1-448|extracted_nt1341|aligned_aa450|pident79.333,HCV,1b,100.0
LC368354|geneNS5A|query6163-7560|h77_aa1-448|extracted_nt1398|aligned_aa472|pident58.686,HCV,2a,100.0
LC209888|geneNS5A|query5974-7317|h77_aa1-448|extracted_nt1344|aligned_aa448|pident94.866,HCV,1a,100.0
LC368355|geneNS5A|query6187-7539|h77_aa1-448|extracted_nt1353|aligned_aa456|pident69.737,HCV,3a,100.0
LC368367|geneNS5A|query6179-7573|h77_aa1-448|extracted_nt1395|aligned_aa477|pident59.119,HCV,2b,100.0
LC368371|geneNS5A|query6167-7564|h77_aa1-448|extracted_nt1398|aligned_aa473|pident58.562,HCV,2a,100.0
LC368369|geneNS5A|query6173-7528|h77_aa1-448|extracted_nt1356|aligned_aa455|pident70.110,HCV,3a,100.0
LC368385|geneNS5A|query6155-7495|h77_aa1-448|extracted_nt1341|aligned_aa449|pident79.955,HCV,1b,100.0
LC368383|geneNS5A|query6159-7499|h77_aa1-448|extracted_nt1341|aligned_aa448|pident80.357,HCV,1b,100.0
LC368394|geneNS5A|query6154-7494|h77_aa1-448|extracted_nt1341|aligned_aa449|pident78.396,HCV,1b,100.0
LC368395|geneNS5A|query6154-7494|h77_aa1-448|extracted_nt1341|aligned_aa448|pident78.348,HCV,1b,100.0
LC368401|geneNS5A|query6155-7495|h77_aa1-448|extracted_nt1341|aligned_aa448|pident80.804,HCV,1b,100.0
LC368410|geneNS5A|query6159-7499|h77_aa1-448|extracted_nt1341|aligned_aa450|pident78.667,HCV,1b,100.0
LC368418|geneNS5A|query6154-7494|h77_aa1-448|extracted_nt1341|aligned_aa450|pident79.556,HCV,1b,100.0
LC368426|geneNS5A|query6163-7560|h77_aa1-448|extracted_nt1398|aligned_aa472|pident58.263,HCV,2a,100.0
LC368433|geneNS5A|query6155-7495|h77_aa1-448|extracted_nt1341|aligned_aa448|pident78.795,HCV,1b,100.0
LC368429|geneNS5A|query6184-7524|h77_aa1-448|extracted_nt1341|aligned_aa450|pident78.889,HCV,1b,100.0
LC368398|geneNS5A|query6155-7495|h77_aa1-448|extracted_nt1341|aligned_aa448|pident80.134,HCV,1b,100.0
LC368448|geneNS5A|query6154-7494|h77_aa1-448|extracted_nt1341|aligned_aa448|pident79.911,HCV,1b,100.0
LC368438|geneNS5A|query6168-7562|h77_aa1-448|extracted_nt1395|aligned_aa472|pident58.263,HCV,2b,100.0
LC368449|geneNS5A|query6164-7561|h77_aa1-448|extracted_nt1398|aligned_aa472|pident58.051,HCV,2a,100.0
LC435022|geneNS5A|query6203-7543|h77_aa1-448|extracted_nt1341|aligned_aa448|pident80.580,HCV,1b,100.0
LC435021|geneNS5A|query6225-7571|h77_aa3-448|extracted_nt1347|aligned_aa452|pident71.903,HCV,6a,100.0
LC368442|geneNS5A|query6170-7567|h77_aa1-448|extracted_nt1398|aligned_aa472|pident61.653,HCV,2c,100.0
LC435027|geneNS5A|query6202-7548|h77_aa3-448|extracted_nt1347|aligned_aa451|pident72.062,HCV,6e,100.0
KT721933|geneNS5A|query1-1344|h77_aa1-448|extracted_nt1344|aligned_aa448|pident92.857,HCV,1a,100.0
KT721961|geneNS5A|query1-1344|h77_aa1-448|extracted_nt1344|aligned_aa448|pident94.196,HCV,1a,100.0
KT721965|geneNS5A|query1-1344|h77_aa1-448|extracted_nt1344|aligned_aa448|pident94.196,HCV,1a,100.0
KT721981|geneNS5A|query1-1344|h77_aa1-448|extracted_nt1344|aligned_aa448|pident93.973,HCV,1a,100.0
KT721987|geneNS5A|query1-1344|h77_aa1-448|extracted_nt1344|aligned_aa448|pident93.973,HCV,1a,100.0
KT722018|geneNS5A|query1-1344|h77_aa1-448|extracted_nt1344|aligned_aa448|pident95.089,HCV,1a,100.0
KT722008|geneNS5A|query1-1344|h77_aa1-448|extracted_nt1344|aligned_aa448|pident95.312,HCV,1a,100.0
KT722033|geneNS5A|query1-1344|h77_aa1-448|extracted_nt1344|aligned_aa448|pident92.411,HCV,1a,100.0
KT722038|geneNS5A|query1-1344|h77_aa1-448|extracted_nt1344|aligned_aa448|pident92.411,HCV,1a,100.0
KT722039|geneNS5A|query1-1344|h77_aa1-448|extracted_nt1344|aligned_aa448|pident95.089,HCV,1a,100.0
KT722037|geneNS5A|query1-1344|h77_aa1-448|extracted_nt1344|aligned_aa448|pident92.188,HCV,1a,100.0
KT722048|geneNS5A|query1-1344|h77_aa1-448|extracted_nt1344|aligned_aa448|pident95.536,HCV,1a,100.0
KT722168|geneNS5A|query1-1344|h77_aa1-448|extracted_nt1344|aligned_aa448|pident91.295,HCV,1a,100.0
KT722141|geneNS5A|query1-1344|h77_aa1-448|extracted_nt1344|aligned_aa448|pident94.420,HCV,1a,100.0
KT722162|geneNS5A|query1-1344|h77_aa1-448|extracted_nt1344|aligned_aa448|pident94.866,HCV,1a,100.0
KT722172|geneNS5A|query1-1344|h77_aa1-448|extracted_nt1344|aligned_aa448|pident91.518,HCV,1a,100.0
KT722175|geneNS5A|query1-1344|h77_aa1-448|extracted_nt1344|aligned_aa448|pident94.643,HCV,1a,100.0
KT722174|geneNS5A|query1-1344|h77_aa1-448|extracted_nt1344|aligned_aa448|pident94.866,HCV,1a,100.0
KT722171|geneNS5A|query1-1344|h77_aa1-448|extracted_nt1344|aligned_aa448|pident91.518,HCV,1a,100.0
KT722170|geneNS5A|query1-1344|h77_aa1-448|extracted_nt1344|aligned_aa448|pident91.518,HCV,1a,100.0
KT722173|geneNS5A|query1-1344|h77_aa1-448|extracted_nt1344|aligned_aa448|pident91.518,HCV,1a,100.0
KT722193|geneNS5A|query1-1341|h77_aa1-448|extracted_nt1341|aligned_aa449|pident80.401,HCV,1b,100.0
KT722196|geneNS5A|query1-1338|h77_aa1-447|extracted_nt1338|aligned_aa447|pident78.971,HCV,1b,100.0
KT722198|geneNS5A|query1-1338|h77_aa1-447|extracted_nt1338|aligned_aa447|pident79.418,HCV,1b,100.0
KT722188|geneNS5A|query1-1341|h77_aa1-448|extracted_nt1341|aligned_aa449|pident79.955,HCV,1b,100.0
KT722191|geneNS5A|query1-1341|h77_aa1-448|extracted_nt1341|aligned_aa449|pident79.733,HCV,1b,100.0
KT722199|geneNS5A|query1-1338|h77_aa1-447|extracted_nt1338|aligned_aa447|pident79.195,HCV,1b,100.0
KT722230|geneNS5A|query1-1398|h77_aa1-448|extracted_nt1398|aligned_aa472|pident57.839,HCV,2b,100.0
KT722242|geneNS5A|query1-1356|h77_aa1-448|extracted_nt1356|aligned_aa455|pident70.330,HCV,3a,100.0
KT722245|geneNS5A|query1-1356|h77_aa1-448|extracted_nt1356|aligned_aa455|pident70.330,HCV,3a,100.0
KT722225|geneNS5A|query1-1398|h77_aa1-448|extracted_nt1398|aligned_aa472|pident57.839,HCV,2b,100.0
KT722244|geneNS5A|query1-1356|h77_aa1-448|extracted_nt1356|aligned_aa455|pident70.330,HCV,3a,100.0
KT722238|geneNS5A|query1-1398|h77_aa1-448|extracted_nt1398|aligned_aa472|pident58.898,HCV,2b,100.0
KT722231|geneNS5A|query1-1398|h77_aa1-448|extracted_nt1398|aligned_aa472|pident57.203,HCV,2b,100.0
KT722241|geneNS5A|query1-1356|h77_aa1-448|extracted_nt1356|aligned_aa455|pident70.549,HCV,3a,100.0
KT722256|geneNS5A|query1-1356|h77_aa1-448|extracted_nt1356|aligned_aa455|pident68.352,HCV,3a,100.0
KT722251|geneNS5A|query1-1356|h77_aa1-448|extracted_nt1356|aligned_aa456|pident70.175,HCV,3a,100.0
KT722253|geneNS5A|query1-1356|h77_aa1-448|extracted_nt1356|aligned_aa455|pident69.231,HCV,3a,100.0
KT722258|geneNS5A|query1-1356|h77_aa1-448|extracted_nt1356|aligned_aa455|pident69.011,HCV,3a,100.0
KT722262|geneNS5A|query1-1356|h77_aa1-448|extracted_nt1356|aligned_aa456|pident70.833,HCV,3a,100.0
KT722249|geneNS5A|query1-1356|h77_aa1-448|extracted_nt1356|aligned_aa456|pident69.737,HCV,3a,100.0
KT722269|geneNS5A|query4-1356|h77_aa2-448|extracted_nt1353|aligned_aa454|pident69.604,HCV,3a,100.0
KT722257|geneNS5A|query1-1356|h77_aa1-448|extracted_nt1356|aligned_aa455|pident69.011,HCV,3a,100.0
KT722272|geneNS5A|query1-1356|h77_aa1-448|extracted_nt1356|aligned_aa456|pident69.298,HCV,3a,100.0
KT722270|geneNS5A|query1-1356|h77_aa1-448|extracted_nt1356|aligned_aa456|pident69.079,HCV,3a,100.0
KT722279|geneNS5A|query1-1356|h77_aa1-448|extracted_nt1356|aligned_aa455|pident69.890,HCV,3a,100.0
KT722276|geneNS5A|query1-1356|h77_aa1-448|extracted_nt1356|aligned_aa455|pident69.231,HCV,3a,100.0
KT722284|geneNS5A|query1-1356|h77_aa1-448|extracted_nt1356|aligned_aa455|pident69.670,HCV,3a,100.0
KT722274|geneNS5A|query1-1356|h77_aa1-448|extracted_nt1356|aligned_aa456|pident69.079,HCV,3a,100.0
KT722290|geneNS5A|query1-1356|h77_aa1-448|extracted_nt1356|aligned_aa456|pident69.737,HCV,3a,100.0
KT722287|geneNS5A|query1-1356|h77_aa1-448|extracted_nt1356|aligned_aa456|pident69.737,HCV,3a,100.0
KT722277|geneNS5A|query1-1356|h77_aa1-448|extracted_nt1356|aligned_aa455|pident69.011,HCV,3a,100.0
KT722293|geneNS5A|query1-1356|h77_aa1-448|extracted_nt1356|aligned_aa456|pident69.518,HCV,3a,100.0
KT722297|geneNS5A|query1-1356|h77_aa1-448|extracted_nt1356|aligned_aa455|pident70.110,HCV,3a,100.0
KT722292|geneNS5A|query1-1356|h77_aa1-448|extracted_nt1356|aligned_aa456|pident69.956,HCV,3a,100.0
KT722303|geneNS5A|query10-1356|h77_aa4-448|extracted_nt1347|aligned_aa452|pident70.575,HCV,3a,100.0
KT722301|geneNS5A|query1-1356|h77_aa1-448|extracted_nt1356|aligned_aa455|pident69.890,HCV,3a,100.0
KT722310|geneNS5A|query1-1356|h77_aa1-448|extracted_nt1356|aligned_aa456|pident68.860,HCV,3a,100.0
KT722307|geneNS5A|query10-1356|h77_aa4-448|extracted_nt1347|aligned_aa452|pident70.354,HCV,3a,100.0
KT722316|geneNS5A|query1-1356|h77_aa1-448|extracted_nt1356|aligned_aa455|pident69.670,HCV,3a,100.0
KT722312|geneNS5A|query1-1356|h77_aa1-448|extracted_nt1356|aligned_aa456|pident68.860,HCV,3a,100.0
KT722320|geneNS5A|query1-1356|h77_aa1-448|extracted_nt1356|aligned_aa456|pident69.518,HCV,3a,100.0
KT722299|geneNS5A|query1-1356|h77_aa1-448|extracted_nt1356|aligned_aa455|pident69.890,HCV,3a,100.0
KT722315|geneNS5A|query1-1356|h77_aa1-448|extracted_nt1356|aligned_aa455|pident69.670,HCV,3a,100.0
KT722327|geneNS5A|query7-1335|h77_aa3-448|extracted_nt1329|aligned_aa450|pident73.333,HCV,4a,100.0
KT735178|geneNS5A|query6177-7520|h77_aa1-448|extracted_nt1344|aligned_aa448|pident93.973,HCV,1a,100.0
KT735181|geneNS5A|query6167-7510|h77_aa1-448|extracted_nt1344|aligned_aa448|pident94.196,HCV,1a,100.0
KT735180|geneNS5A|query6182-7525|h77_aa1-448|extracted_nt1344|aligned_aa454|pident80.176,HCV,1b,100.0
KT735184|geneNS5A|query6177-7517|h77_aa1-448|extracted_nt1341|aligned_aa449|pident77.283,HCV,1b,100.0
KT735182|geneNS5A|query6166-7506|h77_aa1-448|extracted_nt1341|aligned_aa449|pident79.733,HCV,1b,100.0
KT735179|geneNS5A|query6168-7511|h77_aa1-448|extracted_nt1344|aligned_aa448|pident91.071,HCV,1a,100.0
KT779128|geneNS5A|query1-1356|h77_aa1-448|extracted_nt1356|aligned_aa455|pident67.473,HCV,3a,100.0
KT779133|geneNS5A|query1-1356|h77_aa1-448|extracted_nt1356|aligned_aa455|pident67.473,HCV,3a,100.0
KT779135|geneNS5A|query1-1356|h77_aa1-448|extracted_nt1356|aligned_aa455|pident65.714,HCV,3a,100.0
KT779134|geneNS5A|query1-1356|h77_aa1-448|extracted_nt1356|aligned_aa455|pident67.473,HCV,3a,100.0
KT779132|geneNS5A|query1-1356|h77_aa1-448|extracted_nt1356|aligned_aa455|pident67.033,HCV,3a,100.0
KT779137|geneNS5A|query1-1356|h77_aa1-448|extracted_nt1356|aligned_aa455|pident66.813,HCV,3a,100.0
KT779131|geneNS5A|query1-1356|h77_aa1-448|extracted_nt1356|aligned_aa455|pident67.033,HCV,3a,100.0
KT779130|geneNS5A|query1-1356|h77_aa1-448|extracted_nt1356|aligned_aa455|pident67.253,HCV,3a,100.0
KT779138|geneNS5A|query1-1356|h77_aa1-448|extracted_nt1356|aligned_aa455|pident67.253,HCV,3a,100.0
KT779139|geneNS5A|query1-1356|h77_aa1-448|extracted_nt1356|aligned_aa455|pident67.912,HCV,3a,100.0
KT779143|geneNS5A|query1-1356|h77_aa1-448|extracted_nt1356|aligned_aa455|pident63.297,HCV,3a,100.0
KT779145|geneNS5A|query1-1356|h77_aa1-448|extracted_nt1356|aligned_aa455|pident63.956,HCV,3a,100.0
KT779144|geneNS5A|query1-1356|h77_aa1-448|extracted_nt1356|aligned_aa455|pident63.736,HCV,3a,100.0
KT779129|geneNS5A|query1-1356|h77_aa1-448|extracted_nt1356|aligned_aa455|pident67.253,HCV,3a,100.0
KT779153|geneNS5A|query1-1356|h77_aa1-448|extracted_nt1356|aligned_aa455|pident63.736,HCV,3a,100.0
KT779154|geneNS5A|query1-1356|h77_aa1-448|extracted_nt1356|aligned_aa455|pident63.956,HCV,3a,100.0
KT779155|geneNS5A|query1-1356|h77_aa1-448|extracted_nt1356|aligned_aa455|pident63.736,HCV,3a,100.0
KT779150|geneNS5A|query1-1356|h77_aa1-448|extracted_nt1356|aligned_aa455|pident63.516,HCV,3a,100.0
KU180711|geneNS5A|query6258-7598|h77_aa1-448|extracted_nt1341|aligned_aa449|pident79.733,HCV,1b,100.0
KU180712|geneNS5A|query6253-7596|h77_aa1-448|extracted_nt1344|aligned_aa448|pident95.089,HCV,1a,100.0
KU180718|geneNS5A|query6258-7601|h77_aa1-448|extracted_nt1344|aligned_aa448|pident94.866,HCV,1a,100.0
KU180715|geneNS5A|query6260-7585|h77_aa3-448|extracted_nt1326|aligned_aa449|pident73.274,HCV,4d,100.0
KU180709|geneNS5A|query6251-7591|h77_aa1-448|extracted_nt1341|aligned_aa448|pident79.688,HCV,1b,100.0
KT779149|geneNS5A|query1-1356|h77_aa1-448|extracted_nt1356|aligned_aa455|pident64.396,HCV,3a,100.0
KU180716|geneNS5A|query6258-7598|h77_aa1-448|extracted_nt1341|aligned_aa448|pident80.134,HCV,1b,100.0
KU180714|geneNS5A|query6258-7601|h77_aa1-448|extracted_nt1344|aligned_aa448|pident92.857,HCV,1a,100.0
KU180722|geneNS5A|query6272-7627|h77_aa1-448|extracted_nt1356|aligned_aa455|pident70.110,HCV,3a,100.0
KU180723|geneNS5A|query6270-7667|h77_aa1-448|extracted_nt1398|aligned_aa472|pident58.475,HCV,2b,100.0
KU180724|geneNS5A|query6268-7623|h77_aa1-448|extracted_nt1356|aligned_aa455|pident70.330,HCV,3a,100.0
KU180720|geneNS5A|query6258-7601|h77_aa1-448|extracted_nt1344|aligned_aa448|pident94.420,HCV,1a,100.0
KU180726|geneNS5A|query6256-7599|h77_aa1-448|extracted_nt1344|aligned_aa448|pident94.643,HCV,1a,100.0
KU180721|geneNS5A|query6266-7618|h77_aa1-448|extracted_nt1353|aligned_aa455|pident68.791,HCV,3a,100.0
KU180728|geneNS5A|query6258-7598|h77_aa1-448|extracted_nt1341|aligned_aa448|pident79.241,HCV,1b,100.0
KU180729|geneNS5A|query6270-7667|h77_aa1-448|extracted_nt1398|aligned_aa473|pident58.985,HCV,2b,100.0
KU180725|geneNS5A|query6258-7598|h77_aa1-448|extracted_nt1341|aligned_aa449|pident80.846,HCV,1b,100.0
KU871278|geneNS5A|query6135-7532|h77_aa1-448|extracted_nt1398|aligned_aa472|pident58.475,HCV,2b,100.0
KU871281|geneNS5A|query6197-7543|h77_aa2-448|extracted_nt1347|aligned_aa453|pident68.874,HCV,5a,100.0
KU871276|geneNS5A|query6135-7532|h77_aa1-448|extracted_nt1398|aligned_aa472|pident58.898,HCV,2b,100.0
KU180717|geneNS5A|query6257-7600|h77_aa1-448|extracted_nt1344|aligned_aa448|pident93.973,HCV,1a,100.0
KU871280|geneNS5A|query6197-7543|h77_aa2-448|extracted_nt1347|aligned_aa453|pident71.744,HCV,5a,100.0
KU871277|geneNS5A|query6138-7535|h77_aa1-448|extracted_nt1398|aligned_aa472|pident58.475,HCV,2b,100.0
KU871284|geneNS5A|query6154-7479|h77_aa3-448|extracted_nt1326|aligned_aa449|pident73.942,HCV,4d,100.0
KU180719|geneNS5A|query6251-7594|h77_aa1-448|extracted_nt1344|aligned_aa448|pident93.080,HCV,1a,100.0
KU871285|geneNS5A|query6154-7479|h77_aa3-448|extracted_nt1326|aligned_aa449|pident73.497,HCV,4d,100.0
KU871283|geneNS5A|query6154-7479|h77_aa3-448|extracted_nt1326|aligned_aa449|pident74.388,HCV,4d,100.0
KU871282|geneNS5A|query6197-7543|h77_aa2-448|extracted_nt1347|aligned_aa453|pident68.874,HCV,5a,100.0
KU871290|geneNS5A|query6148-7482|h77_aa1-448|extracted_nt1335|aligned_aa452|pident71.460,HCV,4a,100.0
KU871292|geneNS5A|query6154-7488|h77_aa1-448|extracted_nt1335|aligned_aa452|pident72.124,HCV,4a,100.0
KU871293|geneNS5A|query6154-7482|h77_aa3-448|extracted_nt1329|aligned_aa450|pident71.556,HCV,4a,100.0
KU871289|geneNS5A|query6149-7483|h77_aa1-448|extracted_nt1335|aligned_aa452|pident71.239,HCV,4a,100.0
KU180731|geneNS5A|query6257-7594|h77_aa1-448|extracted_nt1338|aligned_aa449|pident79.955,HCV,1b,100.0
KU871288|geneNS5A|query6155-7480|h77_aa3-448|extracted_nt1326|aligned_aa449|pident72.383,HCV,4m,100.0
KU871291|geneNS5A|query6148-7482|h77_aa1-448|extracted_nt1335|aligned_aa452|pident71.018,HCV,4a,100.0
KU871295|geneNS5A|query6136-7491|h77_aa1-448|extracted_nt1356|aligned_aa456|pident70.614,HCV,3a,100.0
KU871296|geneNS5A|query6136-7491|h77_aa1-448|extracted_nt1356|aligned_aa456|pident70.175,HCV,3a,100.0
KU871297|geneNS5A|query6136-7491|h77_aa1-448|extracted_nt1356|aligned_aa455|pident70.110,HCV,3a,100.0
KU871300|geneNS5A|query6119-7462|h77_aa1-448|extracted_nt1344|aligned_aa448|pident95.312,HCV,1a,100.0
KU871294|geneNS5A|query6136-7491|h77_aa1-448|extracted_nt1356|aligned_aa456|pident69.518,HCV,3a,100.0
KU871306|geneNS5A|query6118-7461|h77_aa1-448|extracted_nt1344|aligned_aa448|pident95.089,HCV,1a,100.0
KU871299|geneNS5A|query6136-7491|h77_aa1-448|extracted_nt1356|aligned_aa456|pident69.737,HCV,3a,100.0
KU871287|geneNS5A|query6166-7491|h77_aa3-448|extracted_nt1326|aligned_aa449|pident73.942,HCV,4d,100.0
KU871303|geneNS5A|query6118-7461|h77_aa1-448|extracted_nt1344|aligned_aa448|pident92.857,HCV,1a,100.0
KU871309|geneNS5A|query6118-7458|h77_aa1-448|extracted_nt1341|aligned_aa448|pident80.134,HCV,1b,100.0
KU871307|geneNS5A|query6121-7461|h77_aa1-448|extracted_nt1341|aligned_aa448|pident80.357,HCV,1b,100.0
KU871310|geneNS5A|query6139-7485|h77_aa3-448|extracted_nt1347|aligned_aa452|pident71.681,HCV,6a,100.0
KU871308|geneNS5A|query6118-7458|h77_aa1-448|extracted_nt1341|aligned_aa448|pident80.134,HCV,1b,100.0
KU871311|geneNS5A|query6142-7488|h77_aa3-448|extracted_nt1347|aligned_aa454|pident71.145,HCV,6a,100.0
KU871301|geneNS5A|query6118-7461|h77_aa1-448|extracted_nt1344|aligned_aa448|pident94.420,HCV,1a,100.0
KT722140|geneNS5A|query1-1344|h77_aa1-448|extracted_nt1344|aligned_aa448|pident94.420,HCV,1a,100.0
KT722143|geneNS5A|query1-1344|h77_aa1-448|extracted_nt1344|aligned_aa448|pident94.420,HCV,1a,100.0
KT722142|geneNS5A|query1-1344|h77_aa1-448|extracted_nt1344|aligned_aa448|pident94.420,HCV,1a,100.0
KT722139|geneNS5A|query1-1344|h77_aa1-448|extracted_nt1344|aligned_aa448|pident94.420,HCV,1a,100.0
KT722149|geneNS5A|query1-1344|h77_aa1-448|extracted_nt1344|aligned_aa448|pident92.634,HCV,1a,100.0
KT722148|geneNS5A|query1-1344|h77_aa1-448|extracted_nt1344|aligned_aa448|pident92.634,HCV,1a,100.0
KT722169|geneNS5A|query1-1344|h77_aa1-448|extracted_nt1344|aligned_aa448|pident91.518,HCV,1a,100.0
KT722167|geneNS5A|query1-1344|h77_aa1-448|extracted_nt1344|aligned_aa448|pident91.295,HCV,1a,100.0
KT722165|geneNS5A|query1-1344|h77_aa1-448|extracted_nt1344|aligned_aa448|pident91.295,HCV,1a,100.0
KT722176|geneNS5A|query1-1344|h77_aa1-448|extracted_nt1344|aligned_aa448|pident94.866,HCV,1a,100.0
KT722178|geneNS5A|query1-1341|h77_aa1-448|extracted_nt1341|aligned_aa448|pident81.027,HCV,1b,100.0
KT722190|geneNS5A|query1-1341|h77_aa1-448|extracted_nt1341|aligned_aa449|pident79.733,HCV,1b,100.0
KT722177|geneNS5A|query1-1344|h77_aa1-448|extracted_nt1344|aligned_aa448|pident94.866,HCV,1a,100.0
KT722197|geneNS5A|query1-1338|h77_aa1-447|extracted_nt1338|aligned_aa449|pident79.733,HCV,1b,100.0
KT722186|geneNS5A|query1-1341|h77_aa1-448|extracted_nt1341|aligned_aa449|pident79.733,HCV,1b,100.0
KT722189|geneNS5A|query1-1341|h77_aa1-448|extracted_nt1341|aligned_aa449|pident80.401,HCV,1b,100.0
KT722201|geneNS5A|query1-1338|h77_aa1-447|extracted_nt1338|aligned_aa447|pident79.418,HCV,1b,100.0
KT722220|geneNS5A|query1-1398|h77_aa1-448|extracted_nt1398|aligned_aa472|pident58.263,HCV,2b,100.0
KT722210|geneNS5A|query1-1341|h77_aa1-448|extracted_nt1341|aligned_aa449|pident80.401,HCV,1b,100.0
KT722200|geneNS5A|query1-1338|h77_aa1-447|extracted_nt1338|aligned_aa447|pident79.418,HCV,1b,100.0
KT722243|geneNS5A|query1-1356|h77_aa1-448|extracted_nt1356|aligned_aa455|pident70.330,HCV,3a,100.0
KT722247|geneNS5A|query1-1356|h77_aa1-448|extracted_nt1356|aligned_aa455|pident70.110,HCV,3a,100.0
KT722239|geneNS5A|query1-1398|h77_aa1-448|extracted_nt1398|aligned_aa472|pident58.898,HCV,2b,100.0
KT722246|geneNS5A|query1-1356|h77_aa1-448|extracted_nt1356|aligned_aa455|pident70.330,HCV,3a,100.0
KT722240|geneNS5A|query1-1398|h77_aa1-448|extracted_nt1398|aligned_aa472|pident58.898,HCV,2b,100.0
KT722254|geneNS5A|query1-1356|h77_aa1-448|extracted_nt1356|aligned_aa455|pident69.231,HCV,3a,100.0
KT722260|geneNS5A|query1-1356|h77_aa1-448|extracted_nt1356|aligned_aa456|pident70.395,HCV,3a,100.0
KT722283|geneNS5A|query1-1356|h77_aa1-448|extracted_nt1356|aligned_aa455|pident69.670,HCV,3a,100.0
KT722264|geneNS5A|query1-1356|h77_aa1-448|extracted_nt1356|aligned_aa456|pident70.614,HCV,3a,100.0
KT722278|geneNS5A|query1-1356|h77_aa1-448|extracted_nt1356|aligned_aa455|pident69.011,HCV,3a,100.0
KT722275|geneNS5A|query1-1356|h77_aa1-448|extracted_nt1356|aligned_aa456|pident69.079,HCV,3a,100.0
KT722289|geneNS5A|query1-1356|h77_aa1-448|extracted_nt1356|aligned_aa456|pident69.737,HCV,3a,100.0
KT722288|geneNS5A|query1-1356|h77_aa1-448|extracted_nt1356|aligned_aa456|pident69.737,HCV,3a,100.0
KT722285|geneNS5A|query1-1356|h77_aa1-448|extracted_nt1356|aligned_aa455|pident69.890,HCV,3a,100.0
KT722273|geneNS5A|query1-1356|h77_aa1-448|extracted_nt1356|aligned_aa456|pident68.640,HCV,3a,100.0
KT722295|geneNS5A|query1-1356|h77_aa1-448|extracted_nt1356|aligned_aa456|pident69.956,HCV,3a,100.0
KT722291|geneNS5A|query1-1356|h77_aa1-448|extracted_nt1356|aligned_aa456|pident69.737,HCV,3a,100.0
KT722311|geneNS5A|query1-1356|h77_aa1-448|extracted_nt1356|aligned_aa456|pident69.079,HCV,3a,100.0
KT722309|geneNS5A|query1-1356|h77_aa1-448|extracted_nt1356|aligned_aa456|pident69.298,HCV,3a,100.0
KT722300|geneNS5A|query1-1356|h77_aa1-448|extracted_nt1356|aligned_aa455|pident69.890,HCV,3a,100.0
KT722308|geneNS5A|query10-1356|h77_aa4-448|extracted_nt1347|aligned_aa452|pident70.354,HCV,3a,100.0
KT722298|geneNS5A|query1-1356|h77_aa1-448|extracted_nt1356|aligned_aa455|pident69.670,HCV,3a,100.0
KT722322|geneNS5A|query1-1356|h77_aa1-448|extracted_nt1356|aligned_aa456|pident69.079,HCV,3a,100.0
KT722317|geneNS5A|query1-1356|h77_aa1-448|extracted_nt1356|aligned_aa455|pident69.670,HCV,3a,100.0
KT722319|geneNS5A|query1-1356|h77_aa1-448|extracted_nt1356|aligned_aa455|pident69.670,HCV,3a,100.0
KT722318|geneNS5A|query1-1356|h77_aa1-448|extracted_nt1356|aligned_aa455|pident69.670,HCV,3a,100.0
KT735183|geneNS5A|query6209-7564|h77_aa1-448|extracted_nt1356|aligned_aa455|pident68.352,HCV,3a,100.0
KT735187|geneNS5A|query6141-7484|h77_aa1-448|extracted_nt1344|aligned_aa448|pident92.188,HCV,1a,100.0
KT735185|geneNS5A|query6181-7515|h77_aa1-448|extracted_nt1335|aligned_aa452|pident72.566,HCV,4a,100.0
KT735186|geneNS5A|query6194-7537|h77_aa1-448|extracted_nt1344|aligned_aa448|pident92.411,HCV,1a,100.0
KT779127|geneNS5A|query1-1356|h77_aa1-448|extracted_nt1356|aligned_aa455|pident67.253,HCV,3a,100.0
KT779136|geneNS5A|query1-1356|h77_aa1-448|extracted_nt1356|aligned_aa455|pident67.473,HCV,3a,100.0
KT779140|geneNS5A|query1-1356|h77_aa1-448|extracted_nt1356|aligned_aa455|pident67.692,HCV,3a,100.0
KT779146|geneNS5A|query1-1356|h77_aa1-448|extracted_nt1356|aligned_aa455|pident63.736,HCV,3a,100.0
KT779141|geneNS5A|query1-1356|h77_aa1-448|extracted_nt1356|aligned_aa455|pident63.956,HCV,3a,100.0
KT779147|geneNS5A|query1-1356|h77_aa1-448|extracted_nt1356|aligned_aa455|pident63.736,HCV,3a,100.0
KT779142|geneNS5A|query1-1356|h77_aa1-448|extracted_nt1356|aligned_aa455|pident63.736,HCV,3a,100.0
KT779156|geneNS5A|query1-1356|h77_aa1-448|extracted_nt1356|aligned_aa455|pident64.176,HCV,3a,100.0
KT779151|geneNS5A|query1-1356|h77_aa1-448|extracted_nt1356|aligned_aa455|pident63.956,HCV,3a,100.0
KT779148|geneNS5A|query1-1356|h77_aa1-448|extracted_nt1356|aligned_aa455|pident63.516,HCV,3a,100.0
KT779152|geneNS5A|query1-1356|h77_aa1-448|extracted_nt1356|aligned_aa455|pident63.516,HCV,3a,100.0
KU180713|geneNS5A|query6223-7086|h77_aa3-294|extracted_nt864|aligned_aa292|pident76.712,HCV,4a,100.0
KU180727|geneNS5A|query6259-7602|h77_aa1-448|extracted_nt1344|aligned_aa448|pident93.527,HCV,1a,100.0
KU180710|geneNS5A|query6251-7594|h77_aa1-448|extracted_nt1344|aligned_aa448|pident93.080,HCV,1a,100.0
KU180730|geneNS5A|query6270-7667|h77_aa1-448|extracted_nt1398|aligned_aa472|pident58.475,HCV,2b,100.0
KU871279|geneNS5A|query6197-7543|h77_aa2-448|extracted_nt1347|aligned_aa453|pident71.744,HCV,5a,100.0
KU871286|geneNS5A|query6154-7479|h77_aa3-448|extracted_nt1326|aligned_aa449|pident74.388,HCV,4d,100.0
KU871302|geneNS5A|query6118-7461|h77_aa1-448|extracted_nt1344|aligned_aa448|pident93.080,HCV,1a,100.0
KU871298|geneNS5A|query6136-7491|h77_aa1-448|extracted_nt1356|aligned_aa455|pident70.110,HCV,3a,100.0
KT722306|geneNS5A|query10-1356|h77_aa4-448|extracted_nt1347|aligned_aa452|pident70.354,HCV,3a,100.0
KT722313|geneNS5A|query1-1356|h77_aa1-448|extracted_nt1356|aligned_aa456|pident69.079,HCV,3a,100.0
KT722133|geneNS5A|query1-1344|h77_aa1-448|extracted_nt1344|aligned_aa448|pident95.089,HCV,1a,100.0
KT722138|geneNS5A|query1-1344|h77_aa1-448|extracted_nt1344|aligned_aa448|pident94.420,HCV,1a,100.0
KT722136|geneNS5A|query1-1344|h77_aa1-448|extracted_nt1344|aligned_aa448|pident94.866,HCV,1a,100.0
KT722145|geneNS5A|query1-1344|h77_aa1-448|extracted_nt1344|aligned_aa448|pident94.420,HCV,1a,100.0
KT722144|geneNS5A|query1-1344|h77_aa1-448|extracted_nt1344|aligned_aa448|pident94.420,HCV,1a,100.0
KT722147|geneNS5A|query1-1344|h77_aa1-448|extracted_nt1344|aligned_aa448|pident93.304,HCV,1a,100.0
KT722150|geneNS5A|query1-1344|h77_aa1-448|extracted_nt1344|aligned_aa448|pident92.634,HCV,1a,100.0
KT722153|geneNS5A|query1-1344|h77_aa1-448|extracted_nt1344|aligned_aa448|pident93.304,HCV,1a,100.0
KT722152|geneNS5A|query1-1344|h77_aa1-448|extracted_nt1344|aligned_aa448|pident92.857,HCV,1a,100.0
KT722151|geneNS5A|query1-1344|h77_aa1-448|extracted_nt1344|aligned_aa448|pident93.304,HCV,1a,100.0
KT722154|geneNS5A|query1-1344|h77_aa1-448|extracted_nt1344|aligned_aa448|pident93.080,HCV,1a,100.0
KT722146|geneNS5A|query1-1344|h77_aa1-448|extracted_nt1344|aligned_aa448|pident94.420,HCV,1a,100.0
OP894646|geneNS5A|query6866-7495|h77_aa239-448|extracted_nt630|aligned_aa210|pident60.952,HCV,1b,76.0
OP894640|geneNS5A|query6244-6708|h77_aa1-155|extracted_nt465|aligned_aa155|pident84.516,HCV,1e,100.0
OM525889|geneNS5A|query5917-6837|h77_aa1-307|extracted_nt921|aligned_aa307|pident84.365,HCV,1b,100.0
OM811442|geneNS5A|query71-652|h77_aa1-194|extracted_nt582|aligned_aa194|pident73.711,HCV,3a,100.0
OM811443|geneNS5A|query16-573|h77_aa1-186|extracted_nt558|aligned_aa186|pident80.645,HCV,1b,100.0
OM811440|geneNS5A|query93-656|h77_aa1-188|extracted_nt564|aligned_aa188|pident95.213,HCV,1a,100.0
OM811441|geneNS5A|query44-706|h77_aa1-221|extracted_nt663|aligned_aa221|pident82.353,HCV,1b,100.0
KX107863|geneNS5A|query7-1353|h77_aa3-448|extracted_nt1347|aligned_aa458|pident69.214,HCV,6a,100.0
KX092342|geneNS5A|query6271-7608|h77_aa1-448|extracted_nt1338|aligned_aa453|pident63.576,HCV,3a,49.0
KX107866|geneNS5A|query4-1350|h77_aa2-448|extracted_nt1347|aligned_aa453|pident69.536,HCV,5a,100.0
KX107871|geneNS5A|query7-1368|h77_aa3-448|extracted_nt1362|aligned_aa459|pident71.678,HCV,6e,100.0
KX138233|geneNS5A|query4-1350|h77_aa2-448|extracted_nt1347|aligned_aa453|pident69.536,HCV,5a,100.0
KX138237|geneNS5A|query4-1350|h77_aa2-448|extracted_nt1347|aligned_aa453|pident69.095,HCV,5a,100.0
KX138234|geneNS5A|query4-1350|h77_aa2-448|extracted_nt1347|aligned_aa453|pident70.199,HCV,5a,100.0
KX138238|geneNS5A|query1-1356|h77_aa1-448|extracted_nt1356|aligned_aa454|pident70.485,HCV,6n,100.0
KX107870|geneNS5A|query7-1368|h77_aa3-448|extracted_nt1362|aligned_aa454|pident70.044,HCV,6e,100.0
KX138246|geneNS5A|query7-1353|h77_aa3-448|extracted_nt1347|aligned_aa452|pident71.681,HCV,6a,100.0
KX107869|geneNS5A|query7-1368|h77_aa3-448|extracted_nt1362|aligned_aa454|pident71.145,HCV,6e,100.0
KX138241|geneNS5A|query7-1350|h77_aa3-447|extracted_nt1344|aligned_aa453|pident70.419,HCV,6a,100.0
KX138242|geneNS5A|query1-1356|h77_aa1-448|extracted_nt1356|aligned_aa455|pident70.769,HCV,6p,100.0
KX107865|geneNS5A|query1-1356|h77_aa1-448|extracted_nt1356|aligned_aa454|pident69.824,HCV,6j,92.0
KX138244|geneNS5A|query7-1335|h77_aa3-437|extracted_nt1329|aligned_aa443|pident72.009,HCV,6e,100.0
KX138243|geneNS5A|query1-1356|h77_aa1-448|extracted_nt1356|aligned_aa457|pident71.116,HCV,6l,100.0
KX258972|geneNS5A|query5917-7257|h77_aa1-448|extracted_nt1341|aligned_aa453|pident81.236,HCV,1b,100.0
KX258977|geneNS5A|query5923-7263|h77_aa1-448|extracted_nt1341|aligned_aa449|pident80.401,HCV,1b,100.0
KX258980|geneNS5A|query5917-7257|h77_aa1-448|extracted_nt1341|aligned_aa449|pident80.178,HCV,1b,100.0
KX258988|geneNS5A|query5917-7257|h77_aa1-448|extracted_nt1341|aligned_aa448|pident81.250,HCV,1b,100.0
KX258998|geneNS5A|query5917-7257|h77_aa1-448|extracted_nt1341|aligned_aa448|pident80.134,HCV,1b,100.0
KX258968|geneNS5A|query5917-7257|h77_aa1-448|extracted_nt1341|aligned_aa449|pident79.287,HCV,1b,100.0
KX258966|geneNS5A|query5917-7257|h77_aa1-448|extracted_nt1341|aligned_aa448|pident80.134,HCV,1b,100.0
KX258971|geneNS5A|query5917-7257|h77_aa1-448|extracted_nt1341|aligned_aa448|pident80.580,HCV,1b,100.0
KX258970|geneNS5A|query5917-7257|h77_aa1-448|extracted_nt1341|aligned_aa448|pident79.688,HCV,1b,100.0
KX258964|geneNS5A|query5884-7224|h77_aa1-448|extracted_nt1341|aligned_aa449|pident81.514,HCV,1b,100.0
KX258993|geneNS5A|query5917-7257|h77_aa1-448|extracted_nt1341|aligned_aa449|pident79.510,HCV,1b,100.0
KX258984|geneNS5A|query5917-7257|h77_aa1-448|extracted_nt1341|aligned_aa450|pident80.444,HCV,1b,100.0
KX258973|geneNS5A|query5917-7257|h77_aa1-448|extracted_nt1341|aligned_aa453|pident81.015,HCV,1b,100.0
KX258987|geneNS5A|query5917-7257|h77_aa1-448|extracted_nt1341|aligned_aa448|pident80.580,HCV,1b,100.0
OP894638|geneNS5A|query6244-7587|h77_aa1-448|extracted_nt1344|aligned_aa453|pident77.704,HCV,1l,100.0
OP894647|geneNS5A|query6252-7277|h77_aa1-342|extracted_nt1026|aligned_aa342|pident85.673,HCV,1l,100.0
OP894652|geneNS5A|query6280-7623|h77_aa1-448|extracted_nt1344|aligned_aa448|pident79.911,HCV,1l,100.0
OP894650|geneNS5A|query6179-7522|h77_aa1-448|extracted_nt1344|aligned_aa453|pident79.912,HCV,1l,100.0
OP894632|geneNS5A|query6252-7592|h77_aa1-448|extracted_nt1341|aligned_aa448|pident79.464,HCV,1b,100.0
OP894651|geneNS5A|query6257-7600|h77_aa1-448|extracted_nt1344|aligned_aa448|pident72.321,HCV,1l,100.0
OP894637|geneNS5A|query6222-7565|h77_aa1-448|extracted_nt1344|aligned_aa448|pident74.330,HCV,1l,100.0
OP894644|geneNS5A|query6252-7595|h77_aa1-448|extracted_nt1344|aligned_aa453|pident79.249,HCV,1l,100.0
OP894654|geneNS5A|query6280-7623|h77_aa1-448|extracted_nt1344|aligned_aa453|pident80.353,HCV,1l,100.0
OP894657|geneNS5A|query6251-6976|h77_aa1-242|extracted_nt726|aligned_aa242|pident84.711,HCV,1e,100.0
OP894658|geneNS5A|query6251-6982|h77_aa1-244|extracted_nt732|aligned_aa244|pident85.246,HCV,1l,100.0
OP894659|geneNS5A|query6263-7606|h77_aa1-448|extracted_nt1344|aligned_aa448|pident80.357,HCV,1e,100.0
OP894635|geneNS5A|query6270-7613|h77_aa1-448|extracted_nt1344|aligned_aa448|pident78.125,HCV,1l,100.0
OR917727|geneNS5A|query1-1398|h77_aa1-448|extracted_nt1398|aligned_aa472|pident60.593,HCV,2j,100.0
OR917721|geneNS5A|query1-1398|h77_aa1-448|extracted_nt1398|aligned_aa472|pident59.322,HCV,2q,100.0
OR917725|geneNS5A|query1-1398|h77_aa1-448|extracted_nt1398|aligned_aa473|pident61.522,HCV,2j,100.0
OM525859|geneNS5A|query5911-7257|h77_aa1-448|extracted_nt1347|aligned_aa449|pident75.724,HCV,1b,55.0
OM525867|geneNS5A|query5917-7257|h77_aa1-448|extracted_nt1341|aligned_aa450|pident80.444,HCV,1b,100.0
OM525871|geneNS5A|query5941-6843|h77_aa9-309|extracted_nt903|aligned_aa301|pident91.030,HCV,1a,99.0
OM525863|geneNS5A|query5917-7257|h77_aa1-448|extracted_nt1341|aligned_aa448|pident84.152,HCV,1c,90.0
OM525860|geneNS5A|query5929-7326|h77_aa1-448|extracted_nt1398|aligned_aa473|pident61.099,HCV,2d,100.0
OM525861|geneNS5A|query5929-7326|h77_aa1-448|extracted_nt1398|aligned_aa472|pident60.381,HCV,2d,100.0
OM525864|geneNS5A|query5917-7257|h77_aa1-448|extracted_nt1341|aligned_aa448|pident87.054,HCV,1a,99.0
OM525877|geneNS5A|query5929-7326|h77_aa1-448|extracted_nt1398|aligned_aa472|pident58.898,HCV,2j,86.0
OM525875|geneNS5A|query5917-7257|h77_aa1-448|extracted_nt1341|aligned_aa448|pident86.384,HCV,1a,100.0
OM525885|geneNS5A|query5929-7326|h77_aa1-448|extracted_nt1398|aligned_aa472|pident59.958,HCV,2j,47.0
OM525896|geneNS5A|query5923-7263|h77_aa1-448|extracted_nt1341|aligned_aa448|pident80.134,HCV,1b,86.0
OM525910|geneNS5A|query5929-6918|h77_aa1-334|extracted_nt990|aligned_aa334|pident65.868,HCV,2d,100.0
OM525903|geneNS5A|query5929-7326|h77_aa1-448|extracted_nt1398|aligned_aa472|pident54.449,HCV,2a,60.0
OM811425|geneNS5A|query83-745|h77_aa1-221|extracted_nt663|aligned_aa221|pident80.995,HCV,1b,100.0
OM525902|geneNS5A|query5917-7257|h77_aa1-448|extracted_nt1341|aligned_aa448|pident85.938,HCV,1a,100.0
OM525909|geneNS5A|query5917-7257|h77_aa1-448|extracted_nt1341|aligned_aa448|pident86.384,HCV,1a,100.0
OM811435|geneNS5A|query3-509|h77_aa2-170|extracted_nt507|aligned_aa169|pident74.556,HCV,3a,100.0
OM525890|geneNS5A|query5929-7326|h77_aa1-448|extracted_nt1398|aligned_aa472|pident57.415,HCV,2a,100.0
OM525883|geneNS5A|query5920-7260|h77_aa1-448|extracted_nt1341|aligned_aa448|pident80.804,HCV,1b,100.0
OM525904|geneNS5A|query5929-7326|h77_aa1-448|extracted_nt1398|aligned_aa475|pident59.158,HCV,2j,48.0
KX258997|geneNS5A|query5926-7266|h77_aa1-448|extracted_nt1341|aligned_aa449|pident79.733,HCV,1b,100.0
OP894634|geneNS5A|query6188-7531|h77_aa1-448|extracted_nt1344|aligned_aa448|pident73.438,HCV,1l,100.0
OP894641|geneNS5A|query6252-7595|h77_aa1-448|extracted_nt1344|aligned_aa448|pident80.357,HCV,1e,100.0
OP894631|geneNS5A|query6251-7594|h77_aa1-448|extracted_nt1344|aligned_aa448|pident78.348,HCV,1e,100.0
OP894636|geneNS5A|query6234-7574|h77_aa1-448|extracted_nt1341|aligned_aa448|pident78.125,HCV,1b,100.0
OP894639|geneNS5A|query6251-7594|h77_aa1-448|extracted_nt1344|aligned_aa448|pident76.116,HCV,1e,100.0
OP894645|geneNS5A|query6251-7594|h77_aa1-448|extracted_nt1344|aligned_aa448|pident79.911,HCV,1e,100.0
OP894633|geneNS5A|query6246-7586|h77_aa1-448|extracted_nt1341|aligned_aa448|pident79.241,HCV,1b,100.0
OP894653|geneNS5A|query6280-7623|h77_aa1-448|extracted_nt1344|aligned_aa448|pident79.018,HCV,1l,100.0
OP894649|geneNS5A|query6018-7040|h77_aa1-341|extracted_nt1023|aligned_aa341|pident83.578,HCV,1b,100.0
KX259006|geneNS5A|query122-1462|h77_aa1-448|extracted_nt1341|aligned_aa449|pident80.178,HCV,1b,100.0
OP894655|geneNS5A|query6280-7623|h77_aa1-448|extracted_nt1344|aligned_aa448|pident79.688,HCV,1l,100.0
OP894660|geneNS5A|query6274-7617|h77_aa1-448|extracted_nt1344|aligned_aa453|pident79.470,HCV,1l,100.0
OP894643|geneNS5A|query6251-7603|h77_aa1-448|extracted_nt1353|aligned_aa451|pident77.162,HCV,1e,100.0
OR917722|geneNS5A|query1-1398|h77_aa1-448|extracted_nt1398|aligned_aa472|pident58.475,HCV,2q,100.0
OR917726|geneNS5A|query2-1393|h77_aa3-448|extracted_nt1392|aligned_aa470|pident59.149,HCV,2j,75.0
OR917723|geneNS5A|query1-1398|h77_aa1-448|extracted_nt1398|aligned_aa472|pident59.746,HCV,2j,100.0
OR917729|geneNS5A|query1-1398|h77_aa1-448|extracted_nt1398|aligned_aa472|pident61.229,HCV,2c,81.0
OR917720|geneNS5A|query1-1398|h77_aa1-448|extracted_nt1398|aligned_aa475|pident58.526,HCV,2q,100.0
OM525854|geneNS5A|query5917-7257|h77_aa1-448|extracted_nt1341|aligned_aa448|pident82.366,HCV,1b,100.0
OR917728|geneNS5A|query1-1398|h77_aa1-448|extracted_nt1398|aligned_aa472|pident59.958,HCV,2j,100.0
OM525857|geneNS5A|query5929-7326|h77_aa1-448|extracted_nt1398|aligned_aa473|pident61.099,HCV,2d,100.0
KX138236|geneNS5A|query4-1350|h77_aa2-448|extracted_nt1347|aligned_aa453|pident70.861,HCV,5a,100.0
KX258965|geneNS5A|query5917-7257|h77_aa1-448|extracted_nt1341|aligned_aa449|pident81.514,HCV,1b,100.0
KX258969|geneNS5A|query5917-7257|h77_aa1-448|extracted_nt1341|aligned_aa449|pident79.287,HCV,1b,100.0
KX138249|geneNS5A|query7-1353|h77_aa3-448|extracted_nt1347|aligned_aa454|pident70.705,HCV,6a,100.0
KX258963|geneNS5A|query5917-7257|h77_aa1-448|extracted_nt1341|aligned_aa448|pident80.357,HCV,1b,100.0
KX258983|geneNS5A|query5917-7257|h77_aa1-448|extracted_nt1341|aligned_aa450|pident80.222,HCV,1b,100.0
KX258967|geneNS5A|query5917-7257|h77_aa1-448|extracted_nt1341|aligned_aa448|pident80.357,HCV,1b,100.0
KX258978|geneNS5A|query5923-7263|h77_aa1-448|extracted_nt1341|aligned_aa449|pident80.178,HCV,1b,100.0
KX258994|geneNS5A|query5917-7257|h77_aa1-448|extracted_nt1341|aligned_aa449|pident79.733,HCV,1b,100.0
KX258995|geneNS5A|query5917-7257|h77_aa1-448|extracted_nt1341|aligned_aa448|pident79.688,HCV,1b,100.0
KX258992|geneNS5A|query5917-7257|h77_aa1-448|extracted_nt1341|aligned_aa448|pident81.027,HCV,1b,100.0
KX258989|geneNS5A|query5926-7266|h77_aa1-448|extracted_nt1341|aligned_aa450|pident80.667,HCV,1b,100.0
KX259001|geneNS5A|query5917-7257|h77_aa1-448|extracted_nt1341|aligned_aa448|pident80.357,HCV,1b,100.0
KX259008|geneNS5A|query120-1460|h77_aa1-448|extracted_nt1341|aligned_aa449|pident80.401,HCV,1b,100.0
KX259007|geneNS5A|query122-1462|h77_aa1-448|extracted_nt1341|aligned_aa449|pident80.401,HCV,1b,100.0
OR917724|geneNS5A|query1-1398|h77_aa1-448|extracted_nt1398|aligned_aa472|pident60.381,HCV,2j,100.0
OM525858|geneNS5A|query5929-7326|h77_aa1-448|extracted_nt1398|aligned_aa472|pident58.686,HCV,2a,50.0
OM525856|geneNS5A|query5917-7257|h77_aa1-448|extracted_nt1341|aligned_aa448|pident86.161,HCV,1a,100.0
OM525869|geneNS5A|query5917-7257|h77_aa1-448|extracted_nt1341|aligned_aa448|pident80.580,HCV,1b,100.0
OM525868|geneNS5A|query5917-7257|h77_aa1-448|extracted_nt1341|aligned_aa448|pident79.688,HCV,1b,55.0
OM525862|geneNS5A|query5917-7257|h77_aa1-448|extracted_nt1341|aligned_aa448|pident79.241,HCV,1b,100.0
OM525866|geneNS5A|query5917-7260|h77_aa1-448|extracted_nt1344|aligned_aa448|pident85.045,HCV,1a,100.0
OM525880|geneNS5A|query5929-7326|h77_aa1-448|extracted_nt1398|aligned_aa473|pident58.351,HCV,2b,100.0
OM525865|geneNS5A|query5920-7260|h77_aa1-448|extracted_nt1341|aligned_aa448|pident84.375,HCV,1b,83.0
OM525881|geneNS5A|query5929-7326|h77_aa1-448|extracted_nt1398|aligned_aa472|pident60.381,HCV,2d,100.0
OM525874|geneNS5A|query5929-7326|h77_aa1-448|extracted_nt1398|aligned_aa472|pident59.958,HCV,2d,92.0
OM525879|geneNS5A|query5929-7329|h77_aa1-448|extracted_nt1401|aligned_aa473|pident61.099,HCV,2j,99.0
OM525870|geneNS5A|query5929-7326|h77_aa1-448|extracted_nt1398|aligned_aa472|pident60.805,HCV,2d,100.0
OM525886|geneNS5A|query5929-7326|h77_aa1-448|extracted_nt1398|aligned_aa472|pident60.381,HCV,2d,100.0
OM525882|geneNS5A|query5917-7257|h77_aa1-448|extracted_nt1341|aligned_aa450|pident80.444,HCV,1b,100.0
OM525872|geneNS5A|query5917-7257|h77_aa1-448|extracted_nt1341|aligned_aa450|pident80.000,HCV,1b,100.0
OM525878|geneNS5A|query5929-7326|h77_aa1-448|extracted_nt1398|aligned_aa473|pident59.619,HCV,2q,47.0
OM525888|geneNS5A|query5917-7257|h77_aa1-448|extracted_nt1341|aligned_aa450|pident83.111,HCV,1b,100.0
OM525891|geneNS5A|query5917-7260|h77_aa1-448|extracted_nt1344|aligned_aa448|pident85.491,HCV,1a,100.0
OM525894|geneNS5A|query5920-7260|h77_aa1-448|extracted_nt1341|aligned_aa448|pident81.250,HCV,1b,97.0
OM525898|geneNS5A|query5929-7326|h77_aa1-448|extracted_nt1398|aligned_aa472|pident60.593,HCV,2d,100.0
OM525897|geneNS5A|query5914-7251|h77_aa1-448|extracted_nt1338|aligned_aa448|pident79.911,HCV,1b,91.0
OM525892|geneNS5A|query5917-7257|h77_aa1-448|extracted_nt1341|aligned_aa448|pident80.357,HCV,1b,100.0
OM525887|geneNS5A|query5929-7326|h77_aa1-448|extracted_nt1398|aligned_aa472|pident60.805,HCV,2d,100.0
OM525893|geneNS5A|query5929-7212|h77_aa1-428|extracted_nt1284|aligned_aa432|pident62.500,HCV,2a,70.0
OM525907|geneNS5A|query5929-7326|h77_aa1-448|extracted_nt1398|aligned_aa472|pident60.381,HCV,2d,100.0
OM525901|geneNS5A|query5935-7338|h77_aa3-448|extracted_nt1404|aligned_aa472|pident61.017,HCV,2j,96.0
OM525905|geneNS5A|query5929-7326|h77_aa1-448|extracted_nt1398|aligned_aa473|pident58.985,HCV,2a,84.0
OM811427|geneNS5A|query89-751|h77_aa1-221|extracted_nt663|aligned_aa221|pident82.353,HCV,1b,100.0
OM811423|geneNS5A|query18-638|h77_aa1-207|extracted_nt621|aligned_aa207|pident76.329,HCV,3a,100.0
OM811430|geneNS5A|query77-658|h77_aa1-194|extracted_nt582|aligned_aa194|pident80.928,HCV,1b,100.0
OM811426|geneNS5A|query70-720|h77_aa1-217|extracted_nt651|aligned_aa217|pident74.654,HCV,3a,100.0
OM811428|geneNS5A|query30-692|h77_aa1-221|extracted_nt663|aligned_aa221|pident75.566,HCV,3a,100.0
OM811432|geneNS5A|query85-744|h77_aa1-220|extracted_nt660|aligned_aa220|pident83.182,HCV,1b,100.0
OM811424|geneNS5A|query1-648|h77_aa1-216|extracted_nt648|aligned_aa216|pident75.000,HCV,3a,100.0
OM811429|geneNS5A|query67-729|h77_aa1-221|extracted_nt663|aligned_aa221|pident83.258,HCV,1b,100.0
OM525906|geneNS5A|query5917-7257|h77_aa1-448|extracted_nt1341|aligned_aa448|pident80.357,HCV,1b,100.0
OM525900|geneNS5A|query5929-7326|h77_aa1-448|extracted_nt1398|aligned_aa475|pident60.421,HCV,2j,100.0
OM811434|geneNS5A|query3-656|h77_aa4-221|extracted_nt654|aligned_aa218|pident77.982,HCV,3a,100.0
OM811436|geneNS5A|query51-713|h77_aa1-221|extracted_nt663|aligned_aa221|pident80.090,HCV,1b,100.0
OM811438|geneNS5A|query64-726|h77_aa1-221|extracted_nt663|aligned_aa221|pident83.258,HCV,1b,100.0
OM525876|geneNS5A|query5917-7257|h77_aa1-448|extracted_nt1341|aligned_aa448|pident80.134,HCV,1b,100.0
OM525884|geneNS5A|query5929-7326|h77_aa1-448|extracted_nt1398|aligned_aa473|pident59.619,HCV,2a,51.0
OM811422|geneNS5A|query70-516|h77_aa1-149|extracted_nt447|aligned_aa149|pident81.208,HCV,1b,100.0
PV184561|geneNS5A|query5935-7290|h77_aa1-448|extracted_nt1356|aligned_aa455|pident70.549,HCV,3a,100.0
PV289044|geneNS5A|query5917-7260|h77_aa1-448|extracted_nt1344|aligned_aa448|pident93.080,HCV,1a,100.0
PV184563|geneNS5A|query5935-7290|h77_aa1-448|extracted_nt1356|aligned_aa456|pident70.175,HCV,3a,100.0
PV184571|geneNS5A|query5917-7260|h77_aa1-448|extracted_nt1344|aligned_aa448|pident92.188,HCV,1a,100.0
PV289056|geneNS5A|query5917-7260|h77_aa1-448|extracted_nt1344|aligned_aa448|pident93.750,HCV,1a,100.0
PV289059|geneNS5A|query5917-7260|h77_aa1-448|extracted_nt1344|aligned_aa448|pident93.973,HCV,1a,100.0
PV289048|geneNS5A|query5917-7260|h77_aa1-448|extracted_nt1344|aligned_aa448|pident91.071,HCV,1a,100.0
PV289049|geneNS5A|query5917-7260|h77_aa1-448|extracted_nt1344|aligned_aa448|pident92.188,HCV,1a,100.0
PV289068|geneNS5A|query5917-7260|h77_aa1-448|extracted_nt1344|aligned_aa448|pident93.750,HCV,1a,100.0
PV289057|geneNS5A|query5917-7260|h77_aa1-448|extracted_nt1344|aligned_aa448|pident93.527,HCV,1a,100.0
PV289069|geneNS5A|query5917-7260|h77_aa1-448|extracted_nt1344|aligned_aa448|pident93.527,HCV,1a,100.0
PV289077|geneNS5A|query5917-7260|h77_aa1-448|extracted_nt1344|aligned_aa448|pident94.196,HCV,1a,100.0
PV289079|geneNS5A|query5917-7260|h77_aa1-448|extracted_nt1344|aligned_aa448|pident93.750,HCV,1a,100.0
PV289089|geneNS5A|query5917-7260|h77_aa1-448|extracted_nt1344|aligned_aa448|pident92.857,HCV,1a,100.0
PV289086|geneNS5A|query5917-7260|h77_aa1-448|extracted_nt1344|aligned_aa448|pident93.750,HCV,1a,100.0
PV289090|geneNS5A|query5917-7260|h77_aa1-448|extracted_nt1344|aligned_aa448|pident93.304,HCV,1a,100.0
PV289097|geneNS5A|query5917-7260|h77_aa1-448|extracted_nt1344|aligned_aa448|pident93.527,HCV,1a,100.0
PV289111|geneNS5A|query5917-7260|h77_aa1-448|extracted_nt1344|aligned_aa448|pident92.857,HCV,1a,100.0
PV289105|geneNS5A|query5917-7260|h77_aa1-448|extracted_nt1344|aligned_aa448|pident93.750,HCV,1a,100.0
PV289110|geneNS5A|query5917-7260|h77_aa1-448|extracted_nt1344|aligned_aa448|pident92.857,HCV,1a,100.0
PV289122|geneNS5A|query5917-7260|h77_aa1-448|extracted_nt1344|aligned_aa448|pident95.759,HCV,1a,100.0
PV289114|geneNS5A|query5917-7260|h77_aa1-448|extracted_nt1344|aligned_aa448|pident92.634,HCV,1a,100.0
PV289119|geneNS5A|query5917-7260|h77_aa1-448|extracted_nt1344|aligned_aa448|pident91.518,HCV,1a,100.0
PV289123|geneNS5A|query5917-7260|h77_aa1-448|extracted_nt1344|aligned_aa448|pident93.527,HCV,1a,100.0
PV289128|geneNS5A|query5917-7260|h77_aa1-448|extracted_nt1344|aligned_aa448|pident93.527,HCV,1a,100.0
PV289140|geneNS5A|query5935-7290|h77_aa1-448|extracted_nt1356|aligned_aa455|pident70.110,HCV,3a,100.0
PV289139|geneNS5A|query5935-7290|h77_aa1-448|extracted_nt1356|aligned_aa456|pident69.737,HCV,3a,100.0
PV289146|geneNS5A|query5935-7290|h77_aa1-448|extracted_nt1356|aligned_aa455|pident70.330,HCV,3a,100.0
PV289144|geneNS5A|query5935-7290|h77_aa1-448|extracted_nt1356|aligned_aa455|pident70.989,HCV,3a,100.0
PV289165|geneNS5A|query5935-7290|h77_aa1-448|extracted_nt1356|aligned_aa455|pident70.330,HCV,3a,100.0
PV289167|geneNS5A|query5935-7290|h77_aa1-448|extracted_nt1356|aligned_aa455|pident69.670,HCV,3a,100.0
PV289170|geneNS5A|query5935-7290|h77_aa1-448|extracted_nt1356|aligned_aa456|pident70.395,HCV,3a,100.0
PV289175|geneNS5A|query5935-7290|h77_aa1-448|extracted_nt1356|aligned_aa455|pident70.330,HCV,3a,100.0
PV289168|geneNS5A|query5935-7290|h77_aa1-448|extracted_nt1356|aligned_aa456|pident70.395,HCV,3a,100.0
PV289171|geneNS5A|query5935-7290|h77_aa1-448|extracted_nt1356|aligned_aa456|pident69.956,HCV,3a,100.0
PV289183|geneNS5A|query5935-7290|h77_aa1-448|extracted_nt1356|aligned_aa456|pident70.614,HCV,3a,100.0
PV289182|geneNS5A|query5935-7290|h77_aa1-448|extracted_nt1356|aligned_aa456|pident70.395,HCV,3a,100.0
PV289193|geneNS5A|query5935-7290|h77_aa1-448|extracted_nt1356|aligned_aa455|pident69.231,HCV,3a,100.0
PV289199|geneNS5A|query5935-7290|h77_aa1-448|extracted_nt1356|aligned_aa456|pident69.518,HCV,3a,100.0
PV289198|geneNS5A|query5935-7290|h77_aa1-448|extracted_nt1356|aligned_aa455|pident70.549,HCV,3a,100.0
PV289208|geneNS5A|query5935-7290|h77_aa1-448|extracted_nt1356|aligned_aa455|pident70.989,HCV,3a,100.0
MZ131606|geneNS5A|query256-825|h77_aa3-192|extracted_nt570|aligned_aa190|pident79.474,HCV,4d,100.0
MZ131608|geneNS5A|query264-818|h77_aa3-187|extracted_nt555|aligned_aa185|pident77.297,HCV,4d,100.0
MZ131607|geneNS5A|query309-908|h77_aa3-202|extracted_nt600|aligned_aa200|pident79.500,HCV,4d,100.0
MZ131613|geneNS5A|query253-732|h77_aa3-162|extracted_nt480|aligned_aa160|pident79.375,HCV,4d,100.0
MZ131614|geneNS5A|query247-753|h77_aa3-171|extracted_nt507|aligned_aa169|pident79.290,HCV,4d,100.0
MZ131610|geneNS5A|query311-910|h77_aa3-202|extracted_nt600|aligned_aa200|pident79.500,HCV,4d,100.0
MZ131605|geneNS5A|query306-872|h77_aa3-191|extracted_nt567|aligned_aa189|pident77.778,HCV,4d,100.0
MZ161149|geneNS5A|query6217-7563|h77_aa3-448|extracted_nt1347|aligned_aa452|pident72.124,HCV,6a,100.0
MZ161150|geneNS5A|query6217-7563|h77_aa3-448|extracted_nt1347|aligned_aa452|pident71.903,HCV,6a,100.0
MZ161146|geneNS5A|query6217-7563|h77_aa3-448|extracted_nt1347|aligned_aa452|pident71.460,HCV,6a,100.0
MZ161147|geneNS5A|query6217-7563|h77_aa3-448|extracted_nt1347|aligned_aa452|pident72.788,HCV,6a,100.0
MZ131615|geneNS5A|query198-620|h77_aa3-143|extracted_nt423|aligned_aa141|pident80.142,HCV,4d,100.0
MZ161153|geneNS5A|query6217-7563|h77_aa3-448|extracted_nt1347|aligned_aa453|pident71.744,HCV,6a,100.0
MZ161154|geneNS5A|query6214-7566|h77_aa1-448|extracted_nt1353|aligned_aa455|pident71.648,HCV,6a,100.0
MZ161145|geneNS5A|query6220-7566|h77_aa3-448|extracted_nt1347|aligned_aa452|pident71.239,HCV,6a,100.0
MZ161148|geneNS5A|query6217-7563|h77_aa3-448|extracted_nt1347|aligned_aa452|pident71.903,HCV,6a,100.0
MZ161158|geneNS5A|query6220-7566|h77_aa3-448|extracted_nt1347|aligned_aa453|pident70.861,HCV,6a,100.0
MZ171127|geneNS5A|query6217-7569|h77_aa1-448|extracted_nt1353|aligned_aa453|pident70.419,HCV,4k,42.0
MZ161157|geneNS5A|query6217-7563|h77_aa3-448|extracted_nt1347|aligned_aa453|pident72.185,HCV,6a,100.0
MZ171130|geneNS5A|query6220-7572|h77_aa1-448|extracted_nt1353|aligned_aa453|pident71.302,HCV,6l,97.0
MZ171129|geneNS5A|query6217-7569|h77_aa1-448|extracted_nt1353|aligned_aa453|pident71.744,HCV,6l,60.0
MZ171133|geneNS5A|query6220-7572|h77_aa1-448|extracted_nt1353|aligned_aa453|pident71.082,HCV,6l,68.0
MZ504973|geneNS5A|query6233-7585|h77_aa1-448|extracted_nt1353|aligned_aa453|pident69.978,HCV,6l,69.0
OM896882|geneNS5A|query6217-7572|h77_aa1-448|extracted_nt1356|aligned_aa457|pident68.709,HCV,3b,100.0
OM896884|geneNS5A|query6217-7572|h77_aa1-448|extracted_nt1356|aligned_aa456|pident67.982,HCV,3b,100.0
OM896883|geneNS5A|query6217-7572|h77_aa1-448|extracted_nt1356|aligned_aa457|pident69.584,HCV,3b,100.0
OM896887|geneNS5A|query6217-7572|h77_aa1-448|extracted_nt1356|aligned_aa453|pident69.536,HCV,3b,100.0
OM896890|geneNS5A|query6217-7572|h77_aa1-448|extracted_nt1356|aligned_aa455|pident68.132,HCV,3b,100.0
OM896889|geneNS5A|query6217-7572|h77_aa1-448|extracted_nt1356|aligned_aa453|pident68.874,HCV,3b,100.0
OM896881|geneNS5A|query6217-7572|h77_aa1-448|extracted_nt1356|aligned_aa455|pident68.791,HCV,3b,100.0
OM896891|geneNS5A|query6217-7572|h77_aa1-448|extracted_nt1356|aligned_aa455|pident68.791,HCV,3b,100.0
OM896886|geneNS5A|query6217-7572|h77_aa1-448|extracted_nt1356|aligned_aa455|pident68.352,HCV,3b,100.0
OM896893|geneNS5A|query6217-7572|h77_aa1-448|extracted_nt1356|aligned_aa453|pident68.874,HCV,3b,100.0
OM896898|geneNS5A|query6217-7572|h77_aa1-448|extracted_nt1356|aligned_aa453|pident68.653,HCV,3b,100.0
OM896896|geneNS5A|query6217-7572|h77_aa1-448|extracted_nt1356|aligned_aa455|pident68.352,HCV,3b,100.0
OM896902|geneNS5A|query6217-7572|h77_aa1-448|extracted_nt1356|aligned_aa455|pident68.352,HCV,3b,100.0
OM896901|geneNS5A|query6182-7537|h77_aa1-448|extracted_nt1356|aligned_aa455|pident68.571,HCV,3b,100.0
OM896904|geneNS5A|query6217-7572|h77_aa1-448|extracted_nt1356|aligned_aa454|pident68.502,HCV,3b,100.0
OM896894|geneNS5A|query6217-7572|h77_aa1-448|extracted_nt1356|aligned_aa453|pident69.095,HCV,3b,100.0
OM896897|geneNS5A|query6217-7572|h77_aa1-448|extracted_nt1356|aligned_aa453|pident68.874,HCV,3b,100.0
OM896895|geneNS5A|query6217-7572|h77_aa1-448|extracted_nt1356|aligned_aa453|pident69.095,HCV,3b,100.0
OM896899|geneNS5A|query6217-7572|h77_aa1-448|extracted_nt1356|aligned_aa457|pident69.365,HCV,3b,100.0
OM896909|geneNS5A|query6217-7572|h77_aa1-448|extracted_nt1356|aligned_aa455|pident69.231,HCV,3b,100.0
OM896903|geneNS5A|query6217-7572|h77_aa1-448|extracted_nt1356|aligned_aa457|pident69.365,HCV,3b,100.0
OM896914|geneNS5A|query6217-7572|h77_aa1-448|extracted_nt1356|aligned_aa455|pident69.451,HCV,3b,100.0
OM896905|geneNS5A|query6217-7572|h77_aa1-448|extracted_nt1356|aligned_aa455|pident68.791,HCV,3b,100.0
OM896907|geneNS5A|query6217-7572|h77_aa1-448|extracted_nt1356|aligned_aa455|pident69.011,HCV,3b,100.0
OM896916|geneNS5A|query6217-7572|h77_aa1-448|extracted_nt1356|aligned_aa455|pident69.011,HCV,3b,100.0
OM896913|geneNS5A|query6217-7572|h77_aa1-448|extracted_nt1356|aligned_aa455|pident69.011,HCV,3b,100.0
OM896920|geneNS5A|query6217-7572|h77_aa1-448|extracted_nt1356|aligned_aa455|pident69.011,HCV,3b,100.0
OM896917|geneNS5A|query6217-7572|h77_aa1-448|extracted_nt1356|aligned_aa457|pident69.147,HCV,3b,100.0
OM896918|geneNS5A|query6217-7572|h77_aa1-448|extracted_nt1356|aligned_aa455|pident69.231,HCV,3b,100.0
OM896915|geneNS5A|query6217-7572|h77_aa1-448|extracted_nt1356|aligned_aa455|pident69.451,HCV,3b,100.0
OM896892|geneNS5A|query6217-7572|h77_aa1-448|extracted_nt1356|aligned_aa455|pident69.011,HCV,3b,100.0
OM896910|geneNS5A|query6217-7572|h77_aa1-448|extracted_nt1356|aligned_aa455|pident69.011,HCV,3b,100.0
OM896927|geneNS5A|query6217-7572|h77_aa1-448|extracted_nt1356|aligned_aa453|pident68.433,HCV,3b,100.0
OM896924|geneNS5A|query6217-7572|h77_aa1-448|extracted_nt1356|aligned_aa455|pident69.011,HCV,3b,100.0
OM896929|geneNS5A|query6217-7572|h77_aa1-448|extracted_nt1356|aligned_aa455|pident68.571,HCV,3b,100.0
OM896922|geneNS5A|query6217-7572|h77_aa1-448|extracted_nt1356|aligned_aa455|pident68.791,HCV,3b,100.0
OM896919|geneNS5A|query6217-7572|h77_aa1-448|extracted_nt1356|aligned_aa453|pident68.653,HCV,3b,100.0
OM896923|geneNS5A|query6217-7572|h77_aa1-448|extracted_nt1356|aligned_aa455|pident69.231,HCV,3b,100.0
OM896934|geneNS5A|query6217-7572|h77_aa1-448|extracted_nt1356|aligned_aa453|pident67.770,HCV,3b,100.0
OM896925|geneNS5A|query6217-7572|h77_aa1-448|extracted_nt1356|aligned_aa457|pident68.928,HCV,3b,100.0
OM896936|geneNS5A|query6217-7572|h77_aa1-448|extracted_nt1356|aligned_aa455|pident68.791,HCV,3b,100.0
OM896937|geneNS5A|query6217-7572|h77_aa1-448|extracted_nt1356|aligned_aa455|pident68.571,HCV,3b,100.0
OM896939|geneNS5A|query6217-7572|h77_aa1-448|extracted_nt1356|aligned_aa455|pident68.352,HCV,3b,100.0
OM896931|geneNS5A|query6217-7572|h77_aa1-448|extracted_nt1356|aligned_aa455|pident68.571,HCV,3b,100.0
OM896944|geneNS5A|query6217-7572|h77_aa1-448|extracted_nt1356|aligned_aa455|pident69.011,HCV,3b,100.0
OM896943|geneNS5A|query6217-7572|h77_aa1-448|extracted_nt1356|aligned_aa455|pident69.890,HCV,3b,100.0
OM896938|geneNS5A|query6217-7572|h77_aa1-448|extracted_nt1356|aligned_aa455|pident68.352,HCV,3b,100.0
OM896933|geneNS5A|query6217-7572|h77_aa1-448|extracted_nt1356|aligned_aa455|pident69.011,HCV,3b,100.0
OM896935|geneNS5A|query6217-7572|h77_aa1-448|extracted_nt1356|aligned_aa455|pident68.791,HCV,3b,100.0
OM896946|geneNS5A|query6214-7569|h77_aa1-448|extracted_nt1356|aligned_aa456|pident70.395,HCV,3a,100.0
OM896941|geneNS5A|query6217-7572|h77_aa1-448|extracted_nt1356|aligned_aa455|pident68.352,HCV,3b,100.0
OM896950|geneNS5A|query6214-7569|h77_aa1-448|extracted_nt1356|aligned_aa455|pident69.451,HCV,3a,100.0
OM896948|geneNS5A|query6215-7570|h77_aa1-448|extracted_nt1356|aligned_aa456|pident70.395,HCV,3a,100.0
OM896951|geneNS5A|query6214-7569|h77_aa1-448|extracted_nt1356|aligned_aa456|pident70.614,HCV,3a,100.0
OM896945|geneNS5A|query6214-7569|h77_aa1-448|extracted_nt1356|aligned_aa456|pident69.956,HCV,3a,100.0
OM896942|geneNS5A|query6217-7572|h77_aa1-448|extracted_nt1356|aligned_aa455|pident69.011,HCV,3b,100.0
OM896955|geneNS5A|query6214-7569|h77_aa1-448|extracted_nt1356|aligned_aa456|pident69.956,HCV,3a,100.0
OM896954|geneNS5A|query6214-7569|h77_aa1-448|extracted_nt1356|aligned_aa456|pident70.395,HCV,3a,100.0
OM896962|geneNS5A|query6214-7569|h77_aa1-448|extracted_nt1356|aligned_aa456|pident69.737,HCV,3a,100.0
OM896947|geneNS5A|query6214-7569|h77_aa1-448|extracted_nt1356|aligned_aa456|pident70.614,HCV,3a,100.0
OM896956|geneNS5A|query6214-7569|h77_aa1-448|extracted_nt1356|aligned_aa456|pident69.956,HCV,3a,100.0
OM896960|geneNS5A|query6214-7569|h77_aa1-448|extracted_nt1356|aligned_aa456|pident70.395,HCV,3a,100.0
OM896953|geneNS5A|query6214-7569|h77_aa1-448|extracted_nt1356|aligned_aa456|pident70.175,HCV,3a,100.0
OM896958|geneNS5A|query6214-7569|h77_aa1-448|extracted_nt1356|aligned_aa456|pident70.175,HCV,3a,100.0
OM896966|geneNS5A|query6214-7569|h77_aa1-448|extracted_nt1356|aligned_aa456|pident70.395,HCV,3a,100.0
OM896964|geneNS5A|query6220-7575|h77_aa1-448|extracted_nt1356|aligned_aa456|pident70.614,HCV,3a,100.0
OM896961|geneNS5A|query6214-7569|h77_aa1-448|extracted_nt1356|aligned_aa456|pident70.833,HCV,3a,100.0
OM896949|geneNS5A|query6214-7569|h77_aa1-448|extracted_nt1356|aligned_aa455|pident70.769,HCV,3a,100.0
OM896969|geneNS5A|query6214-7569|h77_aa1-448|extracted_nt1356|aligned_aa456|pident70.833,HCV,3a,100.0
OM896972|geneNS5A|query6214-7569|h77_aa1-448|extracted_nt1356|aligned_aa456|pident70.395,HCV,3a,100.0
OM896968|geneNS5A|query6214-7569|h77_aa1-448|extracted_nt1356|aligned_aa455|pident70.110,HCV,3a,100.0
OM896975|geneNS5A|query6214-7569|h77_aa1-448|extracted_nt1356|aligned_aa456|pident71.272,HCV,3a,100.0
OM896979|geneNS5A|query6214-7569|h77_aa1-448|extracted_nt1356|aligned_aa456|pident71.272,HCV,3a,100.0
OM896971|geneNS5A|query6214-7569|h77_aa1-448|extracted_nt1356|aligned_aa456|pident70.395,HCV,3a,100.0
OM896963|geneNS5A|query6214-7569|h77_aa1-448|extracted_nt1356|aligned_aa456|pident69.737,HCV,3a,100.0
OM896978|geneNS5A|query6214-7569|h77_aa1-448|extracted_nt1356|aligned_aa456|pident70.833,HCV,3a,100.0
OM896986|geneNS5A|query6214-7509|h77_aa1-448|extracted_nt1296|aligned_aa455|pident67.692,HCV,3a,100.0
OM896982|geneNS5A|query6214-7569|h77_aa1-448|extracted_nt1356|aligned_aa456|pident70.395,HCV,3a,100.0
OM896985|geneNS5A|query6214-7569|h77_aa1-448|extracted_nt1356|aligned_aa453|pident69.316,HCV,3a,100.0
OM896973|geneNS5A|query6214-7569|h77_aa1-448|extracted_nt1356|aligned_aa456|pident71.272,HCV,3a,100.0
OM896970|geneNS5A|query6214-7569|h77_aa1-448|extracted_nt1356|aligned_aa456|pident70.395,HCV,3a,100.0
OM896977|geneNS5A|query6214-7569|h77_aa1-448|extracted_nt1356|aligned_aa453|pident69.316,HCV,3a,100.0
OM896976|geneNS5A|query6214-7569|h77_aa1-448|extracted_nt1356|aligned_aa455|pident69.890,HCV,3a,100.0
OM896983|geneNS5A|query6214-7569|h77_aa1-448|extracted_nt1356|aligned_aa453|pident70.199,HCV,3a,100.0
OM896974|geneNS5A|query6214-7569|h77_aa1-448|extracted_nt1356|aligned_aa456|pident70.614,HCV,3a,100.0
OM896980|geneNS5A|query6214-7569|h77_aa1-448|extracted_nt1356|aligned_aa456|pident70.395,HCV,3a,100.0
OM896991|geneNS5A|query6214-7569|h77_aa1-448|extracted_nt1356|aligned_aa456|pident70.614,HCV,3a,100.0
OM896994|geneNS5A|query6214-7569|h77_aa1-448|extracted_nt1356|aligned_aa455|pident70.769,HCV,3a,100.0
OM896996|geneNS5A|query6214-7569|h77_aa1-448|extracted_nt1356|aligned_aa455|pident70.330,HCV,3a,100.0
OM896987|geneNS5A|query6211-7566|h77_aa1-448|extracted_nt1356|aligned_aa456|pident70.614,HCV,3a,100.0
OM897000|geneNS5A|query6214-7569|h77_aa1-448|extracted_nt1356|aligned_aa455|pident69.231,HCV,3a,100.0
OM896988|geneNS5A|query5972-7327|h77_aa1-448|extracted_nt1356|aligned_aa456|pident70.175,HCV,3a,100.0
OM896992|geneNS5A|query6214-7569|h77_aa1-448|extracted_nt1356|aligned_aa456|pident69.298,HCV,3a,100.0
OM896999|geneNS5A|query6214-7569|h77_aa1-448|extracted_nt1356|aligned_aa455|pident70.549,HCV,3a,100.0
ON841542|geneNS5A|query165-620|h77_aa1-152|extracted_nt456|aligned_aa152|pident80.263,HCV,1b,100.0
ON841541|geneNS5A|query165-635|h77_aa1-157|extracted_nt471|aligned_aa157|pident80.892,HCV,1b,100.0
PV083183|geneNS5A|query2839-4179|h77_aa1-448|extracted_nt1341|aligned_aa449|pident79.510,HCV,1b,100.0
PV083182|geneNS5A|query2839-4179|h77_aa1-448|extracted_nt1341|aligned_aa449|pident80.624,HCV,1b,100.0
PV184471|geneNS5A|query5935-7290|h77_aa1-448|extracted_nt1356|aligned_aa456|pident69.518,HCV,3a,100.0
PV184473|geneNS5A|query5935-7290|h77_aa1-448|extracted_nt1356|aligned_aa455|pident70.110,HCV,3a,100.0
PV184482|geneNS5A|query5935-7290|h77_aa1-448|extracted_nt1356|aligned_aa455|pident70.769,HCV,3a,100.0
PV184475|geneNS5A|query5917-7260|h77_aa1-448|extracted_nt1344|aligned_aa448|pident94.196,HCV,1a,100.0
PV184472|geneNS5A|query5935-7290|h77_aa1-448|extracted_nt1356|aligned_aa455|pident70.549,HCV,3a,100.0
PV083181|geneNS5A|query2839-4179|h77_aa1-448|extracted_nt1341|aligned_aa449|pident80.401,HCV,1b,100.0
PV184497|geneNS5A|query5935-7290|h77_aa1-448|extracted_nt1356|aligned_aa456|pident70.614,HCV,3a,100.0
PV184500|geneNS5A|query5938-7290|h77_aa2-448|extracted_nt1353|aligned_aa455|pident69.451,HCV,3a,100.0
PV184499|geneNS5A|query5935-7290|h77_aa1-448|extracted_nt1356|aligned_aa455|pident70.110,HCV,3a,100.0
PV184503|geneNS5A|query5935-7290|h77_aa1-448|extracted_nt1356|aligned_aa456|pident69.737,HCV,3a,100.0
PV184496|geneNS5A|query5935-7290|h77_aa1-448|extracted_nt1356|aligned_aa455|pident69.451,HCV,3a,100.0
PV184485|geneNS5A|query5935-7290|h77_aa1-448|extracted_nt1356|aligned_aa455|pident69.451,HCV,3a,100.0
PV184505|geneNS5A|query5917-7260|h77_aa1-448|extracted_nt1344|aligned_aa448|pident92.857,HCV,1a,100.0
PV184481|geneNS5A|query5917-7260|h77_aa1-448|extracted_nt1344|aligned_aa448|pident92.411,HCV,1a,100.0
PV184511|geneNS5A|query5935-7290|h77_aa1-448|extracted_nt1356|aligned_aa455|pident69.890,HCV,3a,100.0
PV184501|geneNS5A|query5935-7290|h77_aa1-448|extracted_nt1356|aligned_aa455|pident70.989,HCV,3a,100.0
PV184515|geneNS5A|query5917-7260|h77_aa1-448|extracted_nt1344|aligned_aa448|pident93.527,HCV,1a,100.0
PV184512|geneNS5A|query5917-7260|h77_aa1-448|extracted_nt1344|aligned_aa448|pident92.411,HCV,1a,100.0
PV184514|geneNS5A|query5917-7260|h77_aa1-448|extracted_nt1344|aligned_aa448|pident93.080,HCV,1a,100.0
PV184521|geneNS5A|query5935-7290|h77_aa1-448|extracted_nt1356|aligned_aa455|pident69.890,HCV,3a,100.0
PV184523|geneNS5A|query5917-7260|h77_aa1-448|extracted_nt1344|aligned_aa448|pident94.866,HCV,1a,100.0
PV184502|geneNS5A|query5935-7290|h77_aa1-448|extracted_nt1356|aligned_aa455|pident70.330,HCV,3a,100.0
PV184524|geneNS5A|query5917-7260|h77_aa1-448|extracted_nt1344|aligned_aa448|pident93.304,HCV,1a,100.0
ON841556|geneNS5A|query173-637|h77_aa1-155|extracted_nt465|aligned_aa155|pident75.484,HCV,3a,100.0
ON841553|geneNS5A|query173-637|h77_aa1-155|extracted_nt465|aligned_aa155|pident74.839,HCV,3a,100.0
ON841560|geneNS5A|query173-637|h77_aa1-155|extracted_nt465|aligned_aa155|pident74.194,HCV,3a,100.0
ON841537|geneNS5A|query165-620|h77_aa1-152|extracted_nt456|aligned_aa152|pident80.263,HCV,1b,100.0
ON841562|geneNS5A|query173-637|h77_aa1-155|extracted_nt465|aligned_aa155|pident74.839,HCV,3a,100.0
ON841561|geneNS5A|query173-637|h77_aa1-155|extracted_nt465|aligned_aa155|pident72.903,HCV,3a,100.0
ON841557|geneNS5A|query173-637|h77_aa1-155|extracted_nt465|aligned_aa155|pident74.194,HCV,3a,100.0
ON841564|geneNS5A|query173-637|h77_aa1-155|extracted_nt465|aligned_aa155|pident74.194,HCV,3a,100.0
ON841559|geneNS5A|query173-637|h77_aa1-155|extracted_nt465|aligned_aa155|pident74.839,HCV,3a,100.0
ON841563|geneNS5A|query173-637|h77_aa1-155|extracted_nt465|aligned_aa155|pident74.839,HCV,3a,100.0
PV184478|geneNS5A|query5935-7290|h77_aa1-448|extracted_nt1356|aligned_aa455|pident69.890,HCV,3a,100.0
PV184489|geneNS5A|query5917-7260|h77_aa1-448|extracted_nt1344|aligned_aa448|pident93.304,HCV,1a,100.0
PV184488|geneNS5A|query5917-7260|h77_aa1-448|extracted_nt1344|aligned_aa448|pident93.080,HCV,1a,100.0
PV184476|geneNS5A|query5917-7260|h77_aa1-448|extracted_nt1344|aligned_aa448|pident94.196,HCV,1a,100.0
PV184487|geneNS5A|query5917-7260|h77_aa1-448|extracted_nt1344|aligned_aa448|pident93.973,HCV,1a,100.0
PV184491|geneNS5A|query5917-7260|h77_aa1-448|extracted_nt1344|aligned_aa448|pident93.527,HCV,1a,100.0
PV184494|geneNS5A|query5917-7260|h77_aa1-448|extracted_nt1344|aligned_aa448|pident93.080,HCV,1a,100.0
PV184495|geneNS5A|query5917-7260|h77_aa1-448|extracted_nt1344|aligned_aa448|pident91.741,HCV,1a,100.0
PV184519|geneNS5A|query5917-7260|h77_aa1-448|extracted_nt1344|aligned_aa448|pident93.527,HCV,1a,100.0
PV184510|geneNS5A|query5917-7260|h77_aa1-448|extracted_nt1344|aligned_aa448|pident93.304,HCV,1a,100.0
PV184493|geneNS5A|query5917-7260|h77_aa1-448|extracted_nt1344|aligned_aa448|pident93.527,HCV,1a,100.0
PV184479|geneNS5A|query5935-7290|h77_aa1-448|extracted_nt1356|aligned_aa455|pident69.890,HCV,3a,100.0
PV184520|geneNS5A|query5935-7290|h77_aa1-448|extracted_nt1356|aligned_aa455|pident69.231,HCV,3a,100.0
PV184534|geneNS5A|query5935-7290|h77_aa1-448|extracted_nt1356|aligned_aa455|pident69.890,HCV,3a,100.0
PV184529|geneNS5A|query5935-7290|h77_aa1-448|extracted_nt1356|aligned_aa456|pident70.395,HCV,3a,100.0
PV184507|geneNS5A|query5917-7260|h77_aa1-448|extracted_nt1344|aligned_aa448|pident91.964,HCV,1a,100.0
PV184517|geneNS5A|query5935-7290|h77_aa1-448|extracted_nt1356|aligned_aa456|pident70.395,HCV,3a,100.0
PV184533|geneNS5A|query5935-7290|h77_aa1-448|extracted_nt1356|aligned_aa455|pident69.231,HCV,3a,100.0
PV184531|geneNS5A|query5935-7290|h77_aa1-448|extracted_nt1356|aligned_aa455|pident70.549,HCV,3a,100.0
PV184530|geneNS5A|query5935-7290|h77_aa1-448|extracted_nt1356|aligned_aa456|pident70.395,HCV,3a,100.0
PV184542|geneNS5A|query5935-7290|h77_aa1-448|extracted_nt1356|aligned_aa455|pident70.330,HCV,3a,100.0
PV184535|geneNS5A|query5935-7290|h77_aa1-448|extracted_nt1356|aligned_aa456|pident70.395,HCV,3a,100.0
PV184537|geneNS5A|query5917-7260|h77_aa1-448|extracted_nt1344|aligned_aa448|pident92.634,HCV,1a,100.0
PV184545|geneNS5A|query5917-7260|h77_aa1-448|extracted_nt1344|aligned_aa448|pident93.080,HCV,1a,100.0
PV184549|geneNS5A|query5935-7290|h77_aa1-448|extracted_nt1356|aligned_aa455|pident70.769,HCV,3a,100.0
PV184550|geneNS5A|query5917-7260|h77_aa1-448|extracted_nt1344|aligned_aa448|pident92.188,HCV,1a,100.0
PV184547|geneNS5A|query5938-7290|h77_aa2-448|extracted_nt1353|aligned_aa455|pident69.451,HCV,3a,100.0
PV184544|geneNS5A|query5917-7260|h77_aa1-448|extracted_nt1344|aligned_aa448|pident93.080,HCV,1a,100.0
PV184551|geneNS5A|query5935-7290|h77_aa1-448|extracted_nt1356|aligned_aa455|pident70.110,HCV,3a,100.0
PV184560|geneNS5A|query5917-7260|h77_aa1-448|extracted_nt1344|aligned_aa448|pident93.304,HCV,1a,100.0
PV184556|geneNS5A|query5935-7290|h77_aa1-448|extracted_nt1356|aligned_aa456|pident70.833,HCV,3a,100.0
PV184564|geneNS5A|query5917-7260|h77_aa1-448|extracted_nt1344|aligned_aa448|pident93.973,HCV,1a,100.0
PV184554|geneNS5A|query5917-7260|h77_aa1-448|extracted_nt1344|aligned_aa448|pident92.857,HCV,1a,100.0
PV184541|geneNS5A|query5917-7260|h77_aa1-448|extracted_nt1344|aligned_aa448|pident95.312,HCV,1a,100.0
PV184568|geneNS5A|query5935-7290|h77_aa1-448|extracted_nt1356|aligned_aa455|pident70.989,HCV,3a,100.0
PV289042|geneNS5A|query5917-7260|h77_aa1-448|extracted_nt1344|aligned_aa448|pident95.312,HCV,1a,100.0
PV289041|geneNS5A|query5917-7260|h77_aa1-448|extracted_nt1344|aligned_aa448|pident94.420,HCV,1a,100.0
PV289043|geneNS5A|query5917-7260|h77_aa1-448|extracted_nt1344|aligned_aa448|pident95.312,HCV,1a,100.0
PV289040|geneNS5A|query5917-7260|h77_aa1-448|extracted_nt1344|aligned_aa448|pident90.848,HCV,1a,100.0
PV289046|geneNS5A|query5917-7260|h77_aa1-448|extracted_nt1344|aligned_aa448|pident93.973,HCV,1a,100.0
PV184566|geneNS5A|query5917-7260|h77_aa1-448|extracted_nt1344|aligned_aa448|pident93.527,HCV,1a,100.0
PV184570|geneNS5A|query5935-7290|h77_aa1-448|extracted_nt1356|aligned_aa456|pident69.956,HCV,3a,100.0
PV289052|geneNS5A|query5917-7260|h77_aa1-448|extracted_nt1344|aligned_aa448|pident92.411,HCV,1a,100.0
PV289051|geneNS5A|query5917-7260|h77_aa1-448|extracted_nt1344|aligned_aa448|pident92.188,HCV,1a,100.0
PV289055|geneNS5A|query5917-7260|h77_aa1-448|extracted_nt1344|aligned_aa448|pident93.304,HCV,1a,100.0
PV289047|geneNS5A|query5917-7260|h77_aa1-448|extracted_nt1344|aligned_aa448|pident93.750,HCV,1a,100.0
PV289045|geneNS5A|query5917-7260|h77_aa1-448|extracted_nt1344|aligned_aa448|pident93.527,HCV,1a,100.0
PV289061|geneNS5A|query5917-7260|h77_aa1-448|extracted_nt1344|aligned_aa448|pident93.973,HCV,1a,100.0
PV289054|geneNS5A|query5917-7260|h77_aa1-448|extracted_nt1344|aligned_aa448|pident94.196,HCV,1a,100.0
PV289062|geneNS5A|query5917-7260|h77_aa1-448|extracted_nt1344|aligned_aa448|pident95.312,HCV,1a,100.0
PV289067|geneNS5A|query5917-7260|h77_aa1-448|extracted_nt1344|aligned_aa448|pident95.089,HCV,1a,100.0
PV289060|geneNS5A|query5917-7260|h77_aa1-448|extracted_nt1344|aligned_aa448|pident93.080,HCV,1a,100.0
PV289065|geneNS5A|query5917-7260|h77_aa1-448|extracted_nt1344|aligned_aa448|pident94.643,HCV,1a,100.0
PV289053|geneNS5A|query5917-7260|h77_aa1-448|extracted_nt1344|aligned_aa448|pident93.527,HCV,1a,100.0
PV289058|geneNS5A|query5917-7260|h77_aa1-448|extracted_nt1344|aligned_aa448|pident94.196,HCV,1a,100.0
PV289071|geneNS5A|query5917-7260|h77_aa1-448|extracted_nt1344|aligned_aa448|pident94.420,HCV,1a,100.0
PV289066|geneNS5A|query5917-7260|h77_aa1-448|extracted_nt1344|aligned_aa448|pident94.643,HCV,1a,100.0
PV289063|geneNS5A|query5917-7260|h77_aa1-448|extracted_nt1344|aligned_aa448|pident94.196,HCV,1a,100.0
PV289064|geneNS5A|query5917-7260|h77_aa1-448|extracted_nt1344|aligned_aa448|pident94.196,HCV,1a,100.0
PV289072|geneNS5A|query5917-7260|h77_aa1-448|extracted_nt1344|aligned_aa448|pident94.420,HCV,1a,100.0
PV289073|geneNS5A|query5917-7260|h77_aa1-448|extracted_nt1344|aligned_aa448|pident94.420,HCV,1a,100.0
PV289075|geneNS5A|query5917-7260|h77_aa1-448|extracted_nt1344|aligned_aa448|pident93.304,HCV,1a,100.0
PV289083|geneNS5A|query5917-7260|h77_aa1-448|extracted_nt1344|aligned_aa448|pident92.188,HCV,1a,100.0
PV289084|geneNS5A|query5917-7260|h77_aa1-448|extracted_nt1344|aligned_aa448|pident94.420,HCV,1a,100.0
PV289074|geneNS5A|query5917-7260|h77_aa1-448|extracted_nt1344|aligned_aa448|pident94.643,HCV,1a,100.0
PV289076|geneNS5A|query5917-7260|h77_aa1-448|extracted_nt1344|aligned_aa448|pident94.196,HCV,1a,100.0
PV289085|geneNS5A|query5917-7260|h77_aa1-448|extracted_nt1344|aligned_aa448|pident92.857,HCV,1a,100.0
PV289088|geneNS5A|query5917-7260|h77_aa1-448|extracted_nt1344|aligned_aa448|pident93.750,HCV,1a,100.0
PV289082|geneNS5A|query5917-7260|h77_aa1-448|extracted_nt1344|aligned_aa448|pident92.188,HCV,1a,100.0
PV289095|geneNS5A|query5917-7260|h77_aa1-448|extracted_nt1344|aligned_aa448|pident94.196,HCV,1a,100.0
PV289081|geneNS5A|query5917-7260|h77_aa1-448|extracted_nt1344|aligned_aa448|pident95.089,HCV,1a,100.0
PV289078|geneNS5A|query5917-7260|h77_aa1-448|extracted_nt1344|aligned_aa448|pident92.411,HCV,1a,100.0
PV289087|geneNS5A|query5917-7260|h77_aa1-448|extracted_nt1344|aligned_aa448|pident93.527,HCV,1a,100.0
PV289080|geneNS5A|query5917-7260|h77_aa1-448|extracted_nt1344|aligned_aa448|pident93.304,HCV,1a,100.0
PV289098|geneNS5A|query5917-7260|h77_aa1-448|extracted_nt1344|aligned_aa448|pident93.527,HCV,1a,100.0
PV289092|geneNS5A|query5917-7260|h77_aa1-448|extracted_nt1344|aligned_aa448|pident92.857,HCV,1a,100.0
PV289096|geneNS5A|query5917-7260|h77_aa1-448|extracted_nt1344|aligned_aa448|pident93.304,HCV,1a,100.0
PV289093|geneNS5A|query5917-7260|h77_aa1-448|extracted_nt1344|aligned_aa448|pident93.080,HCV,1a,100.0
PV289102|geneNS5A|query5917-7260|h77_aa1-448|extracted_nt1344|aligned_aa448|pident93.080,HCV,1a,100.0
PV289091|geneNS5A|query5917-7260|h77_aa1-448|extracted_nt1344|aligned_aa448|pident92.634,HCV,1a,100.0
PV289103|geneNS5A|query5917-7260|h77_aa1-448|extracted_nt1344|aligned_aa448|pident93.527,HCV,1a,100.0
PV289100|geneNS5A|query5917-7260|h77_aa1-448|extracted_nt1344|aligned_aa448|pident93.973,HCV,1a,100.0
PV289099|geneNS5A|query5917-7260|h77_aa1-448|extracted_nt1344|aligned_aa448|pident93.527,HCV,1a,100.0
PV289109|geneNS5A|query5917-7260|h77_aa1-448|extracted_nt1344|aligned_aa448|pident92.634,HCV,1a,100.0
PV289101|geneNS5A|query5917-7260|h77_aa1-448|extracted_nt1344|aligned_aa448|pident93.527,HCV,1a,100.0
PV289108|geneNS5A|query5917-7260|h77_aa1-448|extracted_nt1344|aligned_aa448|pident91.741,HCV,1a,100.0
PV289112|geneNS5A|query5917-7260|h77_aa1-448|extracted_nt1344|aligned_aa448|pident93.527,HCV,1a,100.0
PV289113|geneNS5A|query5917-7260|h77_aa1-448|extracted_nt1344|aligned_aa448|pident92.857,HCV,1a,100.0
PV289104|geneNS5A|query5917-7260|h77_aa1-448|extracted_nt1344|aligned_aa448|pident96.205,HCV,1a,100.0
PV289107|geneNS5A|query5917-7260|h77_aa1-448|extracted_nt1344|aligned_aa448|pident91.741,HCV,1a,100.0
PV289094|geneNS5A|query5917-7260|h77_aa1-448|extracted_nt1344|aligned_aa448|pident91.741,HCV,1a,100.0
PV289106|geneNS5A|query5917-7260|h77_aa1-448|extracted_nt1344|aligned_aa448|pident91.071,HCV,1a,100.0
PV289120|geneNS5A|query5917-7260|h77_aa1-448|extracted_nt1344|aligned_aa448|pident92.411,HCV,1a,100.0
PV289115|geneNS5A|query5917-7260|h77_aa1-448|extracted_nt1344|aligned_aa448|pident93.527,HCV,1a,100.0
PV289126|geneNS5A|query5917-7260|h77_aa1-448|extracted_nt1344|aligned_aa448|pident94.643,HCV,1a,100.0
PV289121|geneNS5A|query5917-7260|h77_aa1-448|extracted_nt1344|aligned_aa448|pident93.304,HCV,1a,100.0
PV289125|geneNS5A|query5917-7260|h77_aa1-448|extracted_nt1344|aligned_aa448|pident94.420,HCV,1a,100.0
PV289117|geneNS5A|query5917-7260|h77_aa1-448|extracted_nt1344|aligned_aa448|pident92.634,HCV,1a,100.0
PV289129|geneNS5A|query5917-7260|h77_aa1-448|extracted_nt1344|aligned_aa448|pident94.196,HCV,1a,100.0
PV289133|geneNS5A|query5917-7260|h77_aa1-448|extracted_nt1344|aligned_aa448|pident93.080,HCV,1a,100.0
PV289134|geneNS5A|query5917-7260|h77_aa1-448|extracted_nt1344|aligned_aa448|pident93.527,HCV,1a,100.0
PV289124|geneNS5A|query5917-7260|h77_aa1-448|extracted_nt1344|aligned_aa448|pident94.420,HCV,1a,100.0
PV289131|geneNS5A|query5917-7260|h77_aa1-448|extracted_nt1344|aligned_aa448|pident93.080,HCV,1a,100.0
PV289127|geneNS5A|query5917-7260|h77_aa1-448|extracted_nt1344|aligned_aa448|pident94.866,HCV,1a,100.0
PV289136|geneNS5A|query5935-7290|h77_aa1-448|extracted_nt1356|aligned_aa456|pident69.079,HCV,3a,100.0
PV289132|geneNS5A|query5917-7260|h77_aa1-448|extracted_nt1344|aligned_aa448|pident94.196,HCV,1a,100.0
PV289142|geneNS5A|query5935-7290|h77_aa1-448|extracted_nt1356|aligned_aa456|pident69.737,HCV,3a,100.0
PV289143|geneNS5A|query5935-7290|h77_aa1-448|extracted_nt1356|aligned_aa455|pident69.231,HCV,3a,100.0
PV289141|geneNS5A|query5935-7290|h77_aa1-448|extracted_nt1356|aligned_aa455|pident70.110,HCV,3a,100.0
PV289135|geneNS5A|query5917-7260|h77_aa1-448|extracted_nt1344|aligned_aa448|pident93.304,HCV,1a,100.0
PV289147|geneNS5A|query5935-7290|h77_aa1-448|extracted_nt1356|aligned_aa455|pident69.890,HCV,3a,100.0
PV289148|geneNS5A|query5935-7290|h77_aa1-448|extracted_nt1356|aligned_aa455|pident70.330,HCV,3a,100.0
PV289152|geneNS5A|query5935-7290|h77_aa1-448|extracted_nt1356|aligned_aa455|pident68.791,HCV,3a,100.0
PV289149|geneNS5A|query5935-7290|h77_aa1-448|extracted_nt1356|aligned_aa455|pident69.670,HCV,3a,100.0
PV289150|geneNS5A|query5935-7290|h77_aa1-448|extracted_nt1356|aligned_aa456|pident69.518,HCV,3a,100.0
PV289145|geneNS5A|query5935-7290|h77_aa1-448|extracted_nt1356|aligned_aa455|pident70.110,HCV,3a,100.0
PV289156|geneNS5A|query5935-7290|h77_aa1-448|extracted_nt1356|aligned_aa456|pident70.614,HCV,3a,100.0
PV289137|geneNS5A|query5935-7290|h77_aa1-448|extracted_nt1356|aligned_aa455|pident70.549,HCV,3a,100.0
PV289155|geneNS5A|query5935-7290|h77_aa1-448|extracted_nt1356|aligned_aa456|pident70.395,HCV,3a,100.0
PV289154|geneNS5A|query5935-7290|h77_aa1-448|extracted_nt1356|aligned_aa456|pident69.079,HCV,3a,100.0
PV289153|geneNS5A|query5935-7290|h77_aa1-448|extracted_nt1356|aligned_aa455|pident69.451,HCV,3a,100.0
PV289159|geneNS5A|query5935-7290|h77_aa1-448|extracted_nt1356|aligned_aa455|pident70.110,HCV,3a,100.0
PV289151|geneNS5A|query5935-7290|h77_aa1-448|extracted_nt1356|aligned_aa455|pident69.231,HCV,3a,100.0
PV289163|geneNS5A|query5935-7290|h77_aa1-448|extracted_nt1356|aligned_aa455|pident69.670,HCV,3a,100.0
PV289138|geneNS5A|query5935-7290|h77_aa1-448|extracted_nt1356|aligned_aa455|pident70.549,HCV,3a,100.0
PV289164|geneNS5A|query5935-7290|h77_aa1-448|extracted_nt1356|aligned_aa455|pident70.769,HCV,3a,100.0
PV289158|geneNS5A|query5935-7290|h77_aa1-448|extracted_nt1356|aligned_aa455|pident70.330,HCV,3a,100.0
PV289157|geneNS5A|query5935-7290|h77_aa1-448|extracted_nt1356|aligned_aa456|pident69.737,HCV,3a,100.0
PV289160|geneNS5A|query5935-7290|h77_aa1-448|extracted_nt1356|aligned_aa455|pident70.549,HCV,3a,100.0
PV289161|geneNS5A|query5935-7290|h77_aa1-448|extracted_nt1356|aligned_aa455|pident69.451,HCV,3a,100.0
PV289174|geneNS5A|query5935-7290|h77_aa1-448|extracted_nt1356|aligned_aa455|pident70.110,HCV,3a,100.0
PV289166|geneNS5A|query5935-7290|h77_aa1-448|extracted_nt1356|aligned_aa455|pident69.670,HCV,3a,100.0
PV289162|geneNS5A|query5935-7290|h77_aa1-448|extracted_nt1356|aligned_aa456|pident69.298,HCV,3a,100.0
PV289176|geneNS5A|query5812-7167|h77_aa1-448|extracted_nt1356|aligned_aa456|pident69.737,HCV,3a,100.0
PV289172|geneNS5A|query5935-7290|h77_aa1-448|extracted_nt1356|aligned_aa455|pident69.890,HCV,3a,100.0
PV289179|geneNS5A|query5935-7290|h77_aa1-448|extracted_nt1356|aligned_aa455|pident69.451,HCV,3a,100.0
PV289173|geneNS5A|query5935-7290|h77_aa1-448|extracted_nt1356|aligned_aa455|pident70.110,HCV,3a,100.0
PV289181|geneNS5A|query5938-7290|h77_aa2-448|extracted_nt1353|aligned_aa454|pident69.824,HCV,3a,100.0
PV289184|geneNS5A|query5935-7290|h77_aa1-448|extracted_nt1356|aligned_aa455|pident70.110,HCV,3a,100.0
PV289178|geneNS5A|query5935-7290|h77_aa1-448|extracted_nt1356|aligned_aa455|pident70.110,HCV,3a,100.0
PV289177|geneNS5A|query5935-7290|h77_aa1-448|extracted_nt1356|aligned_aa455|pident70.110,HCV,3a,100.0
PV289187|geneNS5A|query5935-7290|h77_aa1-448|extracted_nt1356|aligned_aa456|pident70.395,HCV,3a,100.0
PV289180|geneNS5A|query5935-7290|h77_aa1-448|extracted_nt1356|aligned_aa455|pident70.110,HCV,3a,100.0
PV289188|geneNS5A|query5938-7290|h77_aa2-448|extracted_nt1353|aligned_aa454|pident69.383,HCV,3a,100.0
PV289185|geneNS5A|query5935-7290|h77_aa1-448|extracted_nt1356|aligned_aa456|pident69.079,HCV,3a,100.0
PV289169|geneNS5A|query5935-7290|h77_aa1-448|extracted_nt1356|aligned_aa455|pident69.890,HCV,3a,100.0
PV289186|geneNS5A|query5935-7290|h77_aa1-448|extracted_nt1356|aligned_aa456|pident69.518,HCV,3a,100.0
PV289196|geneNS5A|query5935-7290|h77_aa1-448|extracted_nt1356|aligned_aa455|pident70.330,HCV,3a,100.0
PV289192|geneNS5A|query5935-7290|h77_aa1-448|extracted_nt1356|aligned_aa456|pident70.175,HCV,3a,100.0
PV289189|geneNS5A|query5935-7290|h77_aa1-448|extracted_nt1356|aligned_aa455|pident70.330,HCV,3a,100.0
PV289200|geneNS5A|query5935-7290|h77_aa1-448|extracted_nt1356|aligned_aa456|pident69.518,HCV,3a,100.0
PV289195|geneNS5A|query5935-7290|h77_aa1-448|extracted_nt1356|aligned_aa456|pident69.518,HCV,3a,100.0
PV289191|geneNS5A|query5935-7290|h77_aa1-448|extracted_nt1356|aligned_aa456|pident70.175,HCV,3a,100.0
PV289204|geneNS5A|query5935-7290|h77_aa1-448|extracted_nt1356|aligned_aa456|pident69.298,HCV,3a,100.0
PV289194|geneNS5A|query5935-7290|h77_aa1-448|extracted_nt1356|aligned_aa456|pident70.175,HCV,3a,100.0
PV289197|geneNS5A|query5935-7290|h77_aa1-448|extracted_nt1356|aligned_aa455|pident70.769,HCV,3a,100.0
PV289201|geneNS5A|query5935-7290|h77_aa1-448|extracted_nt1356|aligned_aa456|pident70.614,HCV,3a,100.0
PV289190|geneNS5A|query5935-7290|h77_aa1-448|extracted_nt1356|aligned_aa456|pident70.395,HCV,3a,100.0
PV289203|geneNS5A|query5935-7290|h77_aa1-448|extracted_nt1356|aligned_aa456|pident70.395,HCV,3a,100.0
PV289209|geneNS5A|query5935-7290|h77_aa1-448|extracted_nt1356|aligned_aa455|pident69.890,HCV,3a,100.0
PV289215|geneNS5A|query5935-7290|h77_aa1-448|extracted_nt1356|aligned_aa456|pident70.614,HCV,3a,100.0
PV289214|geneNS5A|query5935-7290|h77_aa1-448|extracted_nt1356|aligned_aa456|pident70.175,HCV,3a,100.0
PV289205|geneNS5A|query5935-7290|h77_aa1-448|extracted_nt1356|aligned_aa456|pident70.175,HCV,3a,100.0
PV289206|geneNS5A|query5935-7290|h77_aa1-448|extracted_nt1356|aligned_aa455|pident70.549,HCV,3a,100.0
PV289207|geneNS5A|query5935-7290|h77_aa1-448|extracted_nt1356|aligned_aa455|pident70.110,HCV,3a,100.0
PV289217|geneNS5A|query5935-7290|h77_aa1-448|extracted_nt1356|aligned_aa455|pident70.549,HCV,3a,100.0
PV289219|geneNS5A|query5935-7290|h77_aa1-448|extracted_nt1356|aligned_aa456|pident70.833,HCV,3a,100.0
PV289202|geneNS5A|query5935-7290|h77_aa1-448|extracted_nt1356|aligned_aa457|pident70.241,HCV,3a,100.0
PV289213|geneNS5A|query5935-7290|h77_aa1-448|extracted_nt1356|aligned_aa456|pident70.175,HCV,3a,100.0
PV289221|geneNS5A|query5935-7290|h77_aa1-448|extracted_nt1356|aligned_aa456|pident70.175,HCV,3a,100.0
PV289211|geneNS5A|query5935-7290|h77_aa1-448|extracted_nt1356|aligned_aa455|pident71.209,HCV,3a,100.0
PV289220|geneNS5A|query5935-7290|h77_aa1-448|extracted_nt1356|aligned_aa456|pident70.395,HCV,3a,100.0
PV289212|geneNS5A|query5935-7290|h77_aa1-448|extracted_nt1356|aligned_aa455|pident70.769,HCV,3a,100.0
MZ131602|geneNS5A|query257-817|h77_aa3-189|extracted_nt561|aligned_aa187|pident78.075,HCV,4d,100.0
MZ131604|geneNS5A|query206-595|h77_aa3-132|extracted_nt390|aligned_aa130|pident79.231,HCV,4d,100.0
MZ171128|geneNS5A|query6220-7572|h77_aa1-448|extracted_nt1353|aligned_aa453|pident70.861,HCV,6k,53.0
MZ161152|geneNS5A|query6217-7563|h77_aa3-448|extracted_nt1347|aligned_aa453|pident71.965,HCV,6a,100.0
MZ171131|geneNS5A|query6220-7572|h77_aa1-448|extracted_nt1353|aligned_aa453|pident71.744,HCV,6l,67.0
MZ161155|geneNS5A|query6217-7563|h77_aa3-448|extracted_nt1347|aligned_aa452|pident71.239,HCV,6a,100.0
MZ171132|geneNS5A|query6220-7572|h77_aa1-448|extracted_nt1353|aligned_aa453|pident70.861,HCV,6l,87.0
MZ161156|geneNS5A|query6217-7563|h77_aa3-448|extracted_nt1347|aligned_aa452|pident71.903,HCV,6a,100.0
MZ171134|geneNS5A|query6220-7572|h77_aa1-448|extracted_nt1353|aligned_aa453|pident71.302,HCV,6l,98.0
MZ161151|geneNS5A|query6217-7563|h77_aa3-448|extracted_nt1347|aligned_aa453|pident71.744,HCV,6a,100.0
OM896885|geneNS5A|query6217-7572|h77_aa1-448|extracted_nt1356|aligned_aa455|pident68.791,HCV,3b,100.0
OM896888|geneNS5A|query6217-7572|h77_aa1-448|extracted_nt1356|aligned_aa456|pident68.860,HCV,3b,100.0
OM896900|geneNS5A|query6217-7572|h77_aa1-448|extracted_nt1356|aligned_aa455|pident69.231,HCV,3b,100.0
OM896906|geneNS5A|query6217-7572|h77_aa1-448|extracted_nt1356|aligned_aa455|pident68.791,HCV,3b,100.0
OM896908|geneNS5A|query6217-7572|h77_aa1-448|extracted_nt1356|aligned_aa455|pident69.451,HCV,3b,100.0
OM896911|geneNS5A|query6217-7572|h77_aa1-448|extracted_nt1356|aligned_aa455|pident69.231,HCV,3b,100.0
OM896912|geneNS5A|query6217-7572|h77_aa1-448|extracted_nt1356|aligned_aa455|pident68.791,HCV,3b,100.0
OM896921|geneNS5A|query6217-7572|h77_aa1-448|extracted_nt1356|aligned_aa455|pident69.011,HCV,3b,100.0
OM896928|geneNS5A|query6217-7572|h77_aa1-448|extracted_nt1356|aligned_aa455|pident68.571,HCV,3b,100.0
OM896932|geneNS5A|query6217-7572|h77_aa1-448|extracted_nt1356|aligned_aa455|pident68.571,HCV,3b,100.0
OM896930|geneNS5A|query6217-7572|h77_aa1-448|extracted_nt1356|aligned_aa455|pident69.011,HCV,3b,100.0
OM896926|geneNS5A|query6217-7572|h77_aa1-448|extracted_nt1356|aligned_aa455|pident68.132,HCV,3b,100.0
OM896940|geneNS5A|query6217-7572|h77_aa1-448|extracted_nt1356|aligned_aa455|pident68.571,HCV,3b,100.0
OM896959|geneNS5A|query6214-7569|h77_aa1-448|extracted_nt1356|aligned_aa456|pident70.614,HCV,3a,100.0
OM896952|geneNS5A|query6214-7569|h77_aa1-448|extracted_nt1356|aligned_aa456|pident70.614,HCV,3a,100.0
OM896957|geneNS5A|query6214-7569|h77_aa1-448|extracted_nt1356|aligned_aa455|pident69.231,HCV,3a,100.0
OM896967|geneNS5A|query6214-7569|h77_aa1-448|extracted_nt1356|aligned_aa453|pident70.199,HCV,3a,100.0
OM896965|geneNS5A|query6214-7569|h77_aa1-448|extracted_nt1356|aligned_aa456|pident69.956,HCV,3a,100.0
OM896981|geneNS5A|query6214-7569|h77_aa1-448|extracted_nt1356|aligned_aa455|pident70.769,HCV,3a,100.0
OM896984|geneNS5A|query6214-7569|h77_aa1-448|extracted_nt1356|aligned_aa456|pident70.175,HCV,3a,100.0
OM896993|geneNS5A|query6214-7569|h77_aa1-448|extracted_nt1356|aligned_aa456|pident70.175,HCV,3a,100.0
OM896997|geneNS5A|query6214-7569|h77_aa1-448|extracted_nt1356|aligned_aa455|pident69.451,HCV,3a,100.0
OM896989|geneNS5A|query6214-7569|h77_aa1-448|extracted_nt1356|aligned_aa455|pident70.110,HCV,3a,100.0
OM896995|geneNS5A|query6214-7569|h77_aa1-448|extracted_nt1356|aligned_aa455|pident70.769,HCV,3a,100.0
OM896998|geneNS5A|query6214-7569|h77_aa1-448|extracted_nt1356|aligned_aa456|pident70.614,HCV,3a,100.0
OM896990|geneNS5A|query6214-7569|h77_aa1-448|extracted_nt1356|aligned_aa456|pident70.175,HCV,3a,100.0
ON841540|geneNS5A|query165-635|h77_aa1-157|extracted_nt471|aligned_aa157|pident82.166,HCV,1b,100.0
ON841543|geneNS5A|query165-620|h77_aa1-152|extracted_nt456|aligned_aa152|pident79.605,HCV,1b,100.0
ON841544|geneNS5A|query165-620|h77_aa1-152|extracted_nt456|aligned_aa152|pident80.921,HCV,1b,100.0
ON841545|geneNS5A|query165-620|h77_aa1-152|extracted_nt456|aligned_aa152|pident80.921,HCV,1b,100.0
ON841548|geneNS5A|query165-620|h77_aa1-152|extracted_nt456|aligned_aa152|pident79.605,HCV,1b,100.0
ON841547|geneNS5A|query165-620|h77_aa1-152|extracted_nt456|aligned_aa152|pident81.579,HCV,1b,100.0
ON841546|geneNS5A|query165-620|h77_aa1-152|extracted_nt456|aligned_aa152|pident80.921,HCV,1b,100.0
ON841552|geneNS5A|query173-637|h77_aa1-155|extracted_nt465|aligned_aa155|pident74.839,HCV,3a,100.0
ON841565|geneNS5A|query173-637|h77_aa1-155|extracted_nt465|aligned_aa155|pident73.548,HCV,3a,100.0
ON841566|geneNS5A|query173-637|h77_aa1-155|extracted_nt465|aligned_aa155|pident75.484,HCV,3a,100.0
PV184498|geneNS5A|query5935-7290|h77_aa1-448|extracted_nt1356|aligned_aa455|pident70.330,HCV,3a,100.0
PV184484|geneNS5A|query5935-7290|h77_aa1-448|extracted_nt1356|aligned_aa456|pident69.956,HCV,3a,100.0
PV184483|geneNS5A|query5917-7260|h77_aa1-448|extracted_nt1344|aligned_aa448|pident93.527,HCV,1a,100.0
PV184522|geneNS5A|query5917-7260|h77_aa1-448|extracted_nt1344|aligned_aa448|pident95.312,HCV,1a,100.0
PV184525|geneNS5A|query5935-7290|h77_aa1-448|extracted_nt1356|aligned_aa455|pident69.890,HCV,3a,100.0
PV184513|geneNS5A|query5935-7290|h77_aa1-448|extracted_nt1356|aligned_aa455|pident70.989,HCV,3a,100.0
PV184504|geneNS5A|query5938-7290|h77_aa2-448|extracted_nt1353|aligned_aa454|pident69.604,HCV,3a,100.0
ON841536|geneNS5A|query165-620|h77_aa1-152|extracted_nt456|aligned_aa152|pident78.947,HCV,1b,100.0
ON841538|geneNS5A|query165-623|h77_aa1-153|extracted_nt459|aligned_aa153|pident78.431,HCV,1b,100.0
ON841554|geneNS5A|query173-637|h77_aa1-155|extracted_nt465|aligned_aa155|pident74.839,HCV,3a,100.0
ON841558|geneNS5A|query173-637|h77_aa1-155|extracted_nt465|aligned_aa155|pident74.194,HCV,3a,100.0
ON841555|geneNS5A|query173-637|h77_aa1-155|extracted_nt465|aligned_aa155|pident75.484,HCV,3a,100.0
PV184506|geneNS5A|query5935-7290|h77_aa1-448|extracted_nt1356|aligned_aa455|pident70.110,HCV,3a,100.0
PV184492|geneNS5A|query5935-7290|h77_aa1-448|extracted_nt1356|aligned_aa455|pident70.110,HCV,3a,100.0
PV184528|geneNS5A|query5935-7290|h77_aa1-448|extracted_nt1356|aligned_aa455|pident69.670,HCV,3a,100.0
PV184518|geneNS5A|query5917-7260|h77_aa1-448|extracted_nt1344|aligned_aa448|pident94.866,HCV,1a,100.0
PV184536|geneNS5A|query5935-7290|h77_aa1-448|extracted_nt1356|aligned_aa455|pident69.890,HCV,3a,100.0
PV184508|geneNS5A|query5935-7290|h77_aa1-448|extracted_nt1356|aligned_aa455|pident70.330,HCV,3a,100.0
PV184540|geneNS5A|query5917-7260|h77_aa1-448|extracted_nt1344|aligned_aa448|pident93.527,HCV,1a,100.0
PV184538|geneNS5A|query5935-7290|h77_aa1-448|extracted_nt1356|aligned_aa456|pident70.175,HCV,3a,100.0
MZ131609|geneNS5A|query190-612|h77_aa3-143|extracted_nt423|aligned_aa141|pident79.433,HCV,4d,100.0
ON841539|geneNS5A|query165-635|h77_aa1-157|extracted_nt471|aligned_aa157|pident81.529,HCV,1b,100.0
PV184480|geneNS5A|query5935-7290|h77_aa1-448|extracted_nt1356|aligned_aa455|pident69.890,HCV,3a,100.0
PV184509|geneNS5A|query5935-7290|h77_aa1-448|extracted_nt1356|aligned_aa456|pident69.298,HCV,3a,100.0
PV184526|geneNS5A|query5935-7290|h77_aa1-448|extracted_nt1356|aligned_aa455|pident70.330,HCV,3a,100.0
PV184516|geneNS5A|query5917-7260|h77_aa1-448|extracted_nt1344|aligned_aa448|pident93.304,HCV,1a,100.0
PV184532|geneNS5A|query5935-7290|h77_aa1-448|extracted_nt1356|aligned_aa455|pident70.110,HCV,3a,100.0
PV184527|geneNS5A|query5935-7290|h77_aa1-448|extracted_nt1356|aligned_aa455|pident69.670,HCV,3a,100.0
PV184555|geneNS5A|query5935-7290|h77_aa1-448|extracted_nt1356|aligned_aa455|pident69.670,HCV,3a,100.0
PV184552|geneNS5A|query5917-7260|h77_aa1-448|extracted_nt1344|aligned_aa448|pident93.304,HCV,1a,100.0
PV184553|geneNS5A|query5917-7260|h77_aa1-448|extracted_nt1344|aligned_aa448|pident95.312,HCV,1a,100.0
PV184539|geneNS5A|query5935-7290|h77_aa1-448|extracted_nt1356|aligned_aa455|pident68.791,HCV,3a,100.0
PV184490|geneNS5A|query5917-7260|h77_aa1-448|extracted_nt1344|aligned_aa448|pident94.420,HCV,1a,100.0
PV184559|geneNS5A|query5917-7260|h77_aa1-448|extracted_nt1344|aligned_aa448|pident93.750,HCV,1a,100.0
PV184557|geneNS5A|query5917-7260|h77_aa1-448|extracted_nt1344|aligned_aa448|pident94.866,HCV,1a,100.0
PV184567|geneNS5A|query5935-7290|h77_aa1-448|extracted_nt1356|aligned_aa456|pident69.079,HCV,3a,100.0
PV184565|geneNS5A|query5917-7260|h77_aa1-448|extracted_nt1344|aligned_aa448|pident92.634,HCV,1a,100.0
PV184546|geneNS5A|query5935-7290|h77_aa1-448|extracted_nt1356|aligned_aa456|pident70.175,HCV,3a,100.0
PV184548|geneNS5A|query5935-7290|h77_aa1-448|extracted_nt1356|aligned_aa455|pident70.110,HCV,3a,100.0
MW715685|geneNS5A|query5917-7260|h77_aa1-448|extracted_nt1344|aligned_aa448|pident90.402,HCV,1a,100.0
MW715687|geneNS5A|query5917-7260|h77_aa1-448|extracted_nt1344|aligned_aa448|pident95.089,HCV,1a,100.0
MW715689|geneNS5A|query5920-7248|h77_aa3-448|extracted_nt1329|aligned_aa450|pident73.111,HCV,4d,100.0
MW715686|geneNS5A|query5917-7260|h77_aa1-448|extracted_nt1344|aligned_aa448|pident95.759,HCV,1a,100.0
MW715688|geneNS5A|query5917-7260|h77_aa1-448|extracted_nt1344|aligned_aa448|pident94.420,HCV,1a,100.0
