name,virus,subtype,bootstrap support
HQ229336,HCV,3a,100
HQ229427,HCV,1b,100
HQ229454,HCV,1b,100
HQ229453,HCV,1a,100
HQ229431,HCV,3a,100
HQ229456,HCV,1b,100
HQ229469,HCV,1a,100
HQ229455,HCV,3a,100
HQ229351,HCV,1a,100
HQ229335,HCV,3a,100
HQ229386,HCV,1a,100
HQ229396,HCV,1b,100
HQ229421,HCV,3a,100
HQ229433,HCV,1b,100
HQ229463,HCV,1a,100
HQ229464,HCV,3a,100
HQ229470,HCV,1a,100
HQ229476,HCV,3a,100
HQ229482,HCV,3a,100
HQ229481,HCV,3a,100
HQ229487,HCV,3a,100
HQ229483,HCV,3b,100
HQ229486,HCV,3a,100
HQ229498,HCV,1a,100
HQ229495,HCV,3a,100
HQ229499,HCV,1a,100
HQ229496,HCV,3b,100
HQ229338,HCV,1b,100
HQ229339,HCV,3a,100
HQ229337,HCV,3a,100
FJ807143,HCV,4d,100
HQ229521,HCV,1a,100
HQ229516,HCV,3b,100
HQ229519,HCV,1a,100
HQ229514,HCV,1b,100
HQ229518,HCV,3a,100
FJ807162,HCV,4d,100
FJ807163,HCV,4d,100
FJ807166,HCV,4d,100
HQ229324,HCV,1a,100
HQ229326,HCV,1a,100
HQ229325,HCV,1a,100
HQ229329,HCV,1a,100
MK135308,HCV,1a,100
MK135316,HCV,1a,100
MK135314,HCV,1a,100
MK135318,HCV,1a,100
MK135304,HCV,1a,100
MK135320,HCV,1a,100
MK135322,HCV,1a,100
MK135323,HCV,1a,100
MK135321,HCV,1a,100
MK135313,HCV,1a,100
MK135315,HCV,1a,100
MK135325,HCV,1a,100
MK135330,HCV,1a,100
MK135329,HCV,1a,100
MK135312,HCV,1a,100
MK135338,HCV,1a,100
MK135342,HCV,1a,100
MK135341,HCV,1a,100
MK135334,HCV,1a,100
MK135333,HCV,1a,100
MK135336,HCV,1a,100
MK135346,HCV,1a,100
MK135347,HCV,1a,100
MK135343,HCV,1a,100
MK135310,HCV,1a,100
MK135349,HCV,1a,100
MK135351,HCV,1a,100
MK135358,HCV,"unassigned_1, 1b-1a",NA
MK135355,HCV,1a,100
MK135360,HCV,1b,100
MK135352,HCV,1a,100
MK135366,HCV,"unassigned_1, 1b-1a",NA
MK135364,HCV,1b,100
MK135375,HCV,1b,100
MK135362,HCV,1b,100
MK135383,HCV,"unassigned_1, 1b-1a",NA
MK135382,HCV,1b,100
MK135381,HCV,1b,100
MK135369,HCV,"unassigned_1, 1b-1a",NA
MK135372,HCV,1b,100
MK135370,HCV,1b,100
MK135385,HCV,1b,100
MK135388,HCV,1b,100
MK135390,HCV,1b,100
MK135394,HCV,1b,100
MK135396,HCV,1b,100
MK135393,HCV,1b,100
MK135397,HCV,1b,100
MK135401,HCV,1b,100
MK135402,HCV,1b,100
MK135405,HCV,1b,100
MK135408,HCV,1b,100
MK135403,HCV,1b,100
MK135418,HCV,3a,100
MK135417,HCV,3a,100
MK135415,HCV,3a,100
MK135419,HCV,3a,100
MK135424,HCV,3a,100
MK135422,HCV,3a,100
MK135421,HCV,3a,100
MK135409,HCV,1b,100
MK135412,HCV,1b,100
MK135411,HCV,1b,100
MK135426,HCV,3a,100
MK135425,HCV,3a,100
MK135427,HCV,3a,100
MH614247,HCV,3a,100
MH614248,HCV,3a,100
MK135431,HCV,3a,100
MH614249,HCV,1a,100
MH614250,HCV,3a,100
MK135432,HCV,3a,100
MK135433,HCV,3a,100
MK135373,HCV,1b,100
MK135378,HCV,1b,100
PX468941,HCV,1b,100
PX468942,HCV,1b,100
PX468940,HCV,1b,100
PX468935,HCV,1a,100
PX468936,HCV,1a,100
PX468938,HCV,1a,100
MH614253,HCV,3a,100
PX468945,HCV,1b,100
MH614252,HCV,3a,100
PX468944,HCV,1b,100
MH614255,HCV,3a,100
PX468950,HCV,3a,100
PX468948,HCV,1b,100
PX468952,HCV,3a,100
MH614257,HCV,4a,100
MH614260,HCV,3a,100
MT502209,HCV,3a,100
MH614259,HCV,1a,100
MH614254,HCV,1a,100
MH614258,HCV,3a,100
MH614256,HCV,1a,100
MT502233,HCV,3a,100
MT502232,HCV,3a,100
MT502234,HCV,3a,100
MT502236,HCV,3a,100
MT502241,HCV,3a,100
MT502205,HCV,3a,100
MT502207,HCV,3a,100
MT502204,HCV,3a,100
PX468955,HCV,3a,100
PX468953,HCV,3a,100
MT502208,HCV,3a,100
MT502224,HCV,3a,100
MT502226,HCV,3a,100
MT502228,HCV,3a,100
MT502221,HCV,3a,100
MT502227,HCV,3a,100
MT502225,HCV,3a,100
MT502230,HCV,3a,100
MT502222,HCV,3a,100
MT502223,HCV,3a,100
MT502229,HCV,3a,100
KR095344,HCV,6c,100
KR095342,HCV,6i,100
KR095343,HCV,6c,100
KR095348,HCV,6f,100
KR095346,HCV,6n,100
KR095347,HCV,6n,100
KR095349,HCV,6f,100
KR095350,HCV,6c,100
KR095351,HCV,6n,100
MT502244,HCV,3a,100
KR095345,HCV,6c,100
MT502239,HCV,3a,100
MT502237,HCV,3a,100
MT502242,HCV,3a,100
MT502238,HCV,3a,100
MT502235,HCV,3a,100
KR095352,HCV,6f,100
KR095354,HCV,6f,100
KR095353,HCV,6f,100
AB488514,HCV,1b,100
AB488513,HCV,1b,100
AB488517,HCV,1b,100
AB488516,HCV,1b,100
AB488519,HCV,1b,100
AB488520,HCV,1b,100
AB488518,HCV,1b,100
MT502210,HCV,3a,100
AB461381,HCV,1b,100
AB461378,HCV,1b,100
AB461379,HCV,1b,100
MT502213,HCV,3a,100
AB461382,HCV,1b,100
AB461380,HCV,1b,100
AB488521,HCV,1b,100
MT502215,HCV,3a,100
AB488522,HCV,1b,100
AB461375,HCV,1b,100
AB461376,HCV,1b,100
AB461374,HCV,1b,100
AY321572,HCV,1b,100
AY321575,HCV,1b,100
AY321577,HCV,1b,100
AY321576,HCV,1b,100
AY321573,HCV,1b,100
KU362459,HCV,1a,100
KU362458,HCV,1a,100
AY321571,HCV,1b,100
KU362474,HCV,1a,100
KU362475,HCV,1a,100
KU362477,HCV,1a,100
KU362479,HCV,1a,100
KU362478,HCV,1a,100
KU362480,HCV,1a,100
KU362503,HCV,1b,100
KU362504,HCV,1b,100
KU362506,HCV,1b,100
KU362507,HCV,1b,100
KU362508,HCV,1b,100
KU362505,HCV,1b,100
KU362528,HCV,1b,100
KU362527,HCV,1b,100
KU362526,HCV,1b,100
KU362524,HCV,1b,100
KU362525,HCV,1b,100
KU362529,HCV,1b,100
KU362542,HCV,1b,100
KU362541,HCV,1b,100
KU362538,HCV,1b,100
KU362540,HCV,1b,100
KU362539,HCV,1b,100
KT921390,HCV,6j,100
OM287929,HCV,6w,100
OM287930,HCV,6w,100
KT921389,HCV,6i,100
HQ229343,HCV,3a,100
HQ229331,HCV,1a,100
HQ229342,HCV,3a,100
HQ229332,HCV,1b,100
HQ229333,HCV,3a,100
HQ229345,HCV,1b,100
HQ229330,HCV,1b,100
HQ229344,HCV,3b,100
HQ229356,HCV,1a,100
HQ229328,HCV,1a,100
HQ229401,HCV,3a,100
HQ229445,HCV,3b,100
HQ229422,HCV,1a,100
HQ229426,HCV,1a,100
HQ229387,HCV,1a,100
HQ229448,HCV,3a,100
HQ229449,HCV,3a,100
HQ229555,HCV,3a,100
HQ229537,HCV,3a,100
HQ229543,HCV,1b,100
AY321567,HCV,1b,100
AB461383,HCV,1b,100
AY321569,HCV,1b,100
AY321568,HCV,1b,100
AY321570,HCV,1b,100
AY321564,HCV,1b,100
AY321565,HCV,1b,100
KU362460,HCV,1a,100
KU362461,HCV,1a,100
KU362465,HCV,1a,100
KU362464,HCV,1a,100
KU362466,HCV,1a,100
KU362462,HCV,1a,100
KU362470,HCV,1a,100
KU362471,HCV,1a,100
KU362468,HCV,1a,100
KU362472,HCV,1a,100
KU362473,HCV,1a,100
KU362469,HCV,1a,100
KU362481,HCV,1a,100
KU362485,HCV,1a,100
KU362484,HCV,1a,100
KU362487,HCV,1a,100
KU362486,HCV,1a,100
KU362483,HCV,1a,100
KU362489,HCV,1a,100
KU362491,HCV,1a,100
KU362493,HCV,1a,100
KU362492,HCV,1a,100
KU362490,HCV,1a,100
KU362494,HCV,1a,100
KU362495,HCV,1a,100
KU362498,HCV,1a,100
KU362499,HCV,1a,100
KU362500,HCV,1a,100
KU362501,HCV,1b,100
KU362497,HCV,1a,100
KU362510,HCV,1b,100
KU362512,HCV,1b,100
KU362511,HCV,1b,100
KU362514,HCV,1b,100
KU362515,HCV,1b,100
KU362509,HCV,1b,100
KU362518,HCV,1b,100
KU362516,HCV,1b,100
KU362521,HCV,1b,100
KU362520,HCV,1b,100
KU362517,HCV,1b,100
KU362522,HCV,1b,100
KU362532,HCV,1b,100
KU362531,HCV,1b,100
KU362534,HCV,1b,100
KU362535,HCV,1b,100
KU362536,HCV,1b,100
KU362533,HCV,1b,100
KU362546,HCV,1b,100
KU362545,HCV,1b,100
KU362550,HCV,1b,100
KU362549,HCV,1b,100
KU362548,HCV,1b,100
KU362547,HCV,1b,100
KU362552,HCV,1b,100
KT921379,HCV,3a,100
KT921381,HCV,3a,100
KT921380,HCV,3a,100
KT921384,HCV,3b,100
KT921385,HCV,6f,100
KT921382,HCV,3a,100
KT921383,HCV,3a,100
KT921386,HCV,6f,100
KT921388,HCV,6c,100
KT921387,HCV,6f,100
KT921377,HCV,3a,100
KR071885,HCV,1a,100
KR071882,HCV,1a,100
KR071886,HCV,1a,100
KR072028,HCV,3a,100
HQ229354,HCV,3a,100
HQ229355,HCV,3a,100
HQ229357,HCV,3b,100
HQ229323,HCV,3b,100
HQ229361,HCV,6n,100
HQ229358,HCV,1a,100
HQ229334,HCV,1a,100
HQ229363,HCV,3a,100
HQ229376,HCV,1a,100
HQ229365,HCV,1a,100
HQ229378,HCV,3a,100
HQ229327,HCV,1b,100
HQ229362,HCV,3a,100
HQ229377,HCV,1a,100
HQ229360,HCV,3a,100
HQ229450,HCV,6n,100
HQ229491,HCV,3b,100
HQ229542,HCV,1a,100
HQ229568,HCV,1b,100
HQ229569,HCV,1a,100
HQ229566,HCV,1a,100
HQ229582,HCV,3b,100
HQ229557,HCV,3a,100
HQ229585,HCV,3a,100
HQ229584,HCV,3a,100
HQ229580,HCV,3a,100
HQ229588,HCV,3a,100
HQ229578,HCV,1b,100
HQ229591,HCV,3b,100
HQ229593,HCV,3a,100
HQ229602,HCV,3a,100
HQ229573,HCV,1a,100
MG581923,HCV,1a,100
MG581926,HCV,3a,100
MG581925,HCV,3a,100
KC408466,HCV,6f,100
MG581929,HCV,3a,100
MN729336,HCV,1b,100
HQ229603,HCV,3a,100
MG581927,HCV,3a,100
MN729337,HCV,3a,100
HQ229595,HCV,3a,100
MN729347,HCV,3a,100
MF372705,HCV,3a,100
MF372706,HCV,3a,100
MF372704,HCV,1b,100
MF372708,HCV,1a,100
MF372710,HCV,1a,100
MF372711,HCV,3a,100
MG581922,HCV,1a,100
MN729339,HCV,1a,100
PQ758689,HCV,3a,100
PQ758692,HCV,1a,100
MN729349,HCV,3a,100
PQ758693,HCV,1a,100
PQ758694,HCV,1b,100
MN729346,HCV,1a,100
FJ807058,HCV,4a,100
PQ758695,HCV,3a,100
FJ807060,HCV,4k,100
MN729343,HCV,3a,100
FJ807065,HCV,4a,100
FJ807080,HCV,4a,100
FJ807064,HCV,4a,100
MF372709,HCV,1b,100
FJ807083,HCV,4a,100
FJ807100,HCV,4d,100
FJ807098,HCV,4d,100
FJ807076,HCV,4a,100
FJ807062,HCV,4a,100
FJ807111,HCV,4d,100
FJ807084,HCV,4n,100
FJ807117,HCV,4d,100
FJ807104,HCV,4a,100
FJ807122,HCV,4d,100
FJ807120,HCV,4d,100
FJ807091,HCV,4a,100
FJ807124,HCV,4d,100
FJ807142,HCV,4d,100
FJ807139,HCV,4d,100
FJ807112,HCV,4d,100
FJ807123,HCV,4d,100
FJ807126,HCV,4a,100
FJ807144,HCV,4d,100
FJ807147,HCV,4d,100
HQ229601,HCV,3a,100
MN729338,HCV,3a,100
MN729340,HCV,3a,100
MN729341,HCV,1a,100
MN729342,HCV,1a,100
MN729344,HCV,3a,100
MN729345,HCV,3a,100
HQ229600,HCV,3a,100
MF372703,HCV,3a,100
FJ807051,HCV,4k,100
FJ807049,HCV,4a,100
FJ807053,HCV,4d,100
MG581928,HCV,3a,100
PQ758691,HCV,3a,100
FJ807069,HCV,4a,100
FJ807070,HCV,4a,100
FJ807077,HCV,4r,100
FJ807073,HCV,4a,53
MF372707,HCV,1a,100
FJ807071,HCV,4a,100
FJ807074,HCV,4d,100
FJ807075,HCV,4a,100
FJ807082,HCV,4a,100
FJ807079,HCV,4a,100
FJ807092,HCV,4a,100
FJ807096,HCV,4a,100
FJ807056,HCV,4a,100
FJ807078,HCV,4a,100
FJ807095,HCV,4a,100
FJ807136,HCV,4d,100
FJ807116,HCV,4d,100
FJ807135,HCV,4d,100
FJ807118,HCV,4d,100
FJ807127,HCV,4a,100
FJ807152,HCV,4k,100
FJ807146,HCV,4d,100
FJ807134,HCV,4d,100
FJ807108,HCV,4d,100
FJ807141,HCV,4d,100
FJ807161,HCV,4d,100
FJ807154,HCV,4d,100
FJ807165,HCV,4d,100
FJ807167,HCV,4d,100
FJ807168,HCV,4d,100
FJ807164,HCV,4d,100
MK135302,HCV,1a,100
MK135368,HCV,"unassigned_1, 1b-1a",NA
MK135331,HCV,1a,100
MK135361,HCV,1b,100
MK135365,HCV,1b,100
MK135367,HCV,1b,100
MK135363,HCV,1b,100
FJ807153,HCV,4d,100
FJ807160,HCV,4d,100
MK135303,HCV,1a,100
MK135305,HCV,1a,100
MK135309,HCV,1a,100
FJ807158,HCV,4d,100
MK135306,HCV,1a,100
MK135348,HCV,1a,100
MK135357,HCV,"unassigned_1, 1b-1a",NA
MK135353,HCV,1a,100
MK135356,HCV,1a,100
MK135359,HCV,1b,100
MK135344,HCV,1a,100
MK135377,HCV,1b,100
MK135380,HCV,"unassigned_1, 1b-1a",NA
MK135376,HCV,1b,100
MK135386,HCV,"unassigned_1, 1b-1a",NA
MK135339,HCV,1a,100
MK135379,HCV,1b,100
MK135389,HCV,1b,100
MK135384,HCV,1b,100
MK135406,HCV,1b,100
MK135407,HCV,1b,100
MK135400,HCV,1b,100
MK135410,HCV,"unassigned_1, 1b-1a",NA
MK135374,HCV,1b,100
MK135404,HCV,1b,100
MK135414,HCV,3a,100
MK135391,HCV,1b,100
MK135416,HCV,3a,100
MK135413,HCV,1b,100
MK135387,HCV,1b,100
MK135392,HCV,1b,100
MK135371,HCV,1b,100
MK135354,HCV,1a,100
MK135399,HCV,"unassigned_1, 1b-1a",NA
MK135395,HCV,1b,100
PX468934,HCV,1a,100
PX468937,HCV,1a,100
PX468943,HCV,1b,100
PX468939,HCV,1a,100
PX468946,HCV,1b,100
PX468949,HCV,3a,100
MT502212,HCV,3a,100
MT502217,HCV,3a,100
PX468951,HCV,3a,100
MT502206,HCV,3a,100
PX468947,HCV,1b,100
MT502211,HCV,3a,100
MK135398,HCV,1b,100
PX468954,HCV,3a,100
MT502220,HCV,3a,100
MT502231,HCV,3a,100
MK135430,HCV,3a,100
MK135428,HCV,3a,100
MT502216,HCV,3a,100
MH614251,HCV,1a,100
MK135420,HCV,3a,100
MT502240,HCV,3a,100
MT502243,HCV,3a,100
AB488511,HCV,1b,100
AB488515,HCV,1b,100
AB488512,HCV,1b,100
MK135429,HCV,3a,100
MK135423,HCV,3a,100
MT502219,HCV,3a,100
MT502218,HCV,3a,100
KU362482,HCV,1a,100
KU362488,HCV,1a,100
KU362496,HCV,1a,100
AB461377,HCV,1b,100
AY321566,HCV,1b,100
MT502214,HCV,3a,100
AB461384,HCV,1b,100
KU362530,HCV,1b,100
KU362537,HCV,1b,100
KU362544,HCV,1b,100
KT921378,HCV,3a,100
KU362551,HCV,1b,100
KT921391,HCV,6n,100
KT921394,HCV,1b,100
KT921392,HCV,1b,100
KT921395,HCV,1a,100
KT921393,HCV,1b,100
AY321574,HCV,1b,100
KU362463,HCV,1a,100
KU362467,HCV,1a,100
KU362476,HCV,1a,100
OM287935,HCV,6w,100
KU362543,HCV,1b,100
KR071883,HCV,1a,100
OM287931,HCV,6w,100
OM287936,HCV,6w,100
KR071884,HCV,1a,100
KR071888,HCV,1a,100
KR071887,HCV,1a,100
KR071892,HCV,1a,100
KR071902,HCV,1a,100
KR071897,HCV,1a,100
KR071889,HCV,1a,100
KR071924,HCV,1a,100
KR071910,HCV,1a,100
KR071890,HCV,1a,100
KR071914,HCV,1a,100
KR071930,HCV,1a,100
KR071931,HCV,1a,100
KR071933,HCV,1a,100
KR071934,HCV,1a,100
OM287933,HCV,6w,100
KR071913,HCV,1a,100
KR071932,HCV,1a,100
KR071942,HCV,1a,100
KR071939,HCV,1a,100
KR071925,HCV,1a,100
KR071926,HCV,1a,100
KR071923,HCV,1a,100
KR071941,HCV,1a,100
KR071946,HCV,1a,100
KR071915,HCV,1a,100
KR071929,HCV,1a,100
KR071955,HCV,1a,100
KR071951,HCV,1a,100
KR071928,HCV,1a,100
KR071953,HCV,1a,100
KR071949,HCV,1a,100
KR071936,HCV,1a,100
KR071938,HCV,1a,100
KR071954,HCV,1a,100
KR071945,HCV,1a,100
KR071972,HCV,1a,100
KR071978,HCV,1a,100
KR071969,HCV,1a,100
KR072004,HCV,1a,100
KR072006,HCV,1a,100
KR072007,HCV,3a,100
KR071937,HCV,1a,100
KR071944,HCV,1a,100
KR071943,HCV,1a,100
KR071940,HCV,1a,100
KR071904,HCV,1a,100
KR071935,HCV,1a,100
KR071988,HCV,1a,100
KR071996,HCV,1a,100
KR071998,HCV,1a,100
KR071999,HCV,1a,100
KR071993,HCV,1a,100
KR072000,HCV,1a,100
KR072002,HCV,1a,100
KR071973,HCV,1a,100
HQ229503,HCV,3a,100
KR072016,HCV,3a,100
KR071991,HCV,1a,100
KR072010,HCV,3a,100
KR072022,HCV,3a,100
HQ229412,HCV,3a,100
HQ229395,HCV,3a,100
HQ229415,HCV,1a,100
HQ229420,HCV,1b,100
HQ229388,HCV,3a,100
HQ229460,HCV,3a,100
HQ229389,HCV,3a,100
HQ229443,HCV,2a,100
HQ229458,HCV,3a,100
HQ229459,HCV,1b,100
HQ229524,HCV,3a,100
HQ229504,HCV,1a,100
HQ229531,HCV,1a,100
HQ229532,HCV,1a,100
KR072026,HCV,3a,100
KR072023,HCV,3a,100
HQ229341,HCV,1a,100
HQ229392,HCV,1a,100
HQ229391,HCV,3a,100
HQ229394,HCV,1b,100
HQ229374,HCV,1b,100
HQ229435,HCV,3a,100
HQ229437,HCV,3a,100
HQ229440,HCV,1b,100
HQ229441,HCV,1b,100
HQ229418,HCV,3a,100
HQ229439,HCV,1a,100
HQ229434,HCV,3b,100
HQ229442,HCV,1b,100
HQ229444,HCV,3a,100
HQ229461,HCV,1b,100
HQ229479,HCV,1a,100
HQ229480,HCV,3a,100
HQ229465,HCV,3a,100
HQ229419,HCV,1a,100
HQ229485,HCV,3a,100
HQ229484,HCV,1a,100
HQ229488,HCV,3a,100
HQ229501,HCV,1a,100
HQ229502,HCV,1b,100
HQ229472,HCV,3a,100
HQ229347,HCV,1a,100
HQ229346,HCV,1b,100
HQ229349,HCV,1a,100
HQ229350,HCV,1a,100
HQ229364,HCV,3a,100
HQ229385,HCV,1b,100
HQ229380,HCV,1a,100
HQ229379,HCV,1b,100
HQ229383,HCV,3a,100
HQ229381,HCV,3a,100
HQ229509,HCV,3b,100
HQ229507,HCV,3a,100
KR072015,HCV,3a,100
HQ229359,HCV,3a,100
HQ229400,HCV,1a,100
HQ229403,HCV,3a,100
HQ229406,HCV,3a,100
HQ229404,HCV,1b,100
HQ229399,HCV,1b,100
FJ807101,HCV,4a,100
FJ807105,HCV,4o,100
FJ807093,HCV,4a,100
HQ229407,HCV,3a,100
HQ229382,HCV,3a,100
HQ229384,HCV,3b,100
HQ229402,HCV,3b,100
FJ807102,HCV,4d,100
FJ807099,HCV,4d,100
KR072017,HCV,3a,100
FJ807086,HCV,4a,100
HQ229410,HCV,1b,100
FJ807106,HCV,4a,100
FJ807107,HCV,4d,100
HQ229423,HCV,3b,100
HQ229424,HCV,1a,100
HQ229428,HCV,3a,100
HQ229405,HCV,3a,100
HQ229446,HCV,6i,100
FJ807110,HCV,4a,100
FJ807115,HCV,4d,100
FJ807114,HCV,4d,100
FJ807109,HCV,4d,100
FJ807103,HCV,4d,100
FJ807119,HCV,4d,100
FJ807072,HCV,4a,100
HQ229447,HCV,3a,100
HQ229425,HCV,2a,100
HQ229409,HCV,1a,100
HQ229432,HCV,3b,100
HQ229452,HCV,3a,100
HQ229408,HCV,3b,100
HQ229474,HCV,3a,100
HQ229471,HCV,3a,100
HQ229477,HCV,1b,100
HQ229451,HCV,1b,100
HQ229429,HCV,3a,100
HQ229490,HCV,1b,100
HQ229430,HCV,1a,100
HQ229492,HCV,1b,100
HQ229489,HCV,3a,100
HQ229475,HCV,1b,100
HQ229494,HCV,3a,100
HQ229473,HCV,3a,100
HQ229478,HCV,3a,100
HQ229468,HCV,3a,100
HQ229493,HCV,3b,100
HQ229515,HCV,3a,100
HQ229513,HCV,3a,100
HQ229511,HCV,3a,100
HQ229517,HCV,1a,100
HQ229497,HCV,3a,100
HQ229512,HCV,3a,100
HQ229520,HCV,1b,100
HQ229533,HCV,1a,100
HQ229535,HCV,1a,100
HQ229534,HCV,1a,100
HQ229536,HCV,1b,100
HQ229540,HCV,3a,100
HQ229538,HCV,1a,100
HQ229541,HCV,1b,100
HQ229556,HCV,1a,100
HQ229558,HCV,1a,100
HQ229560,HCV,3a,100
FJ807125,HCV,4d,100
FJ807121,HCV,4d,100
FJ807129,HCV,4d,100
FJ807128,HCV,4d,100
FJ807130,HCV,4d,100
FJ807113,HCV,4d,100
FJ807133,HCV,4d,100
FJ807137,HCV,4d,100
FJ807131,HCV,4d,100
FJ807138,HCV,4d,100
FJ807132,HCV,4a,100
FJ807140,HCV,4d,100
FJ807150,HCV,4a,100
FJ807149,HCV,4a,100
FJ807145,HCV,4a,100
FJ807148,HCV,4d,100
FJ807157,HCV,4d,100
FJ807156,HCV,4d,100
FJ807155,HCV,4d,100
FJ807151,HCV,4a,100
FJ807159,HCV,4d,100
MK135311,HCV,1a,100
MK135317,HCV,1a,100
MK135319,HCV,1a,100
MK135326,HCV,1a,100
MK135324,HCV,1a,100
MK135327,HCV,1a,100
MK135332,HCV,1a,100
MK135307,HCV,1a,100
MK135335,HCV,1a,100
MK135337,HCV,1a,100
MK135340,HCV,1a,100
MK135328,HCV,1a,100
MK135345,HCV,1a,100
MK135350,HCV,1a,100
AB461373,HCV,1b,100
KU362502,HCV,1b,100
KU362513,HCV,1b,100
KU362519,HCV,1b,100
KU362523,HCV,1b,100
HQ229564,HCV,3a,100
HQ229563,HCV,3a,100
HQ229562,HCV,3a,100
HQ229561,HCV,3a,100
HQ229539,HCV,3a,100
HQ229565,HCV,1a,100
HQ229571,HCV,1a,100
HQ229570,HCV,1a,100
HQ229574,HCV,3b,100
HQ229575,HCV,1b,100
HQ229559,HCV,3a,100
HQ229572,HCV,1a,100
HQ229579,HCV,1a,100
HQ229581,HCV,3a,100
HQ229567,HCV,1a,100
HQ229576,HCV,1a,100
HQ229594,HCV,3a,100
HQ229589,HCV,3a,100
HQ229596,HCV,3a,100
HQ229577,HCV,1a,100
HQ229597,HCV,3a,100
HQ229586,HCV,3a,100
HQ229598,HCV,3a,100
HQ229583,HCV,3a,100
HQ229599,HCV,3a,100
KC408454,HCV,6f,100
KC408455,HCV,6f,100
HQ229590,HCV,3a,100
KC408456,HCV,6f,100
HQ229587,HCV,3a,100
KC408452,HCV,6f,100
KC408458,HCV,6f,100
KC408457,HCV,6f,100
KC408459,HCV,6f,100
KC408461,HCV,6f,100
KC408463,HCV,6f,100
KC408465,HCV,6f,100
KC408464,HCV,6f,100
KC408467,HCV,6f,100
KC408462,HCV,6f,100
KC408460,HCV,6f,100
KC408453,HCV,6f,100
MG581920,HCV,1a,100
MG581921,HCV,1a,100
HQ229592,HCV,3a,100
MG581919,HCV,1a,100
MG581924,HCV,3a,100
MN729348,HCV,1a,100
PQ758688,HCV,1a,100
MF372712,HCV,1a,100
PQ758690,HCV,1a,100
FJ807048,HCV,4d,100
FJ807050,HCV,4a,100
FJ807047,HCV,4a,100
FJ807054,HCV,1g,84
FJ807055,HCV,4a,100
FJ807059,HCV,4a,100
FJ807061,HCV,4d,100
FJ807057,HCV,4a,100
FJ807066,HCV,4a,100
FJ807052,HCV,1b,100
FJ807063,HCV,4d,100
FJ807068,HCV,4d,100
FJ807067,HCV,4a,100
FJ807081,HCV,4d,100
FJ807085,HCV,4d,100
FJ807088,HCV,4a,100
FJ807087,HCV,4r,100
FJ807089,HCV,4a,100
FJ807090,HCV,4a,100
FJ807094,HCV,4r,100
FJ807097,HCV,4a,100
KR071893,HCV,1a,100
OM287932,HCV,6w,100
KR071896,HCV,1a,100
KR071895,HCV,1a,100
KR071898,HCV,1a,100
OM287937,HCV,6w,100
KR071901,HCV,1a,100
KR071900,HCV,1a,100
KR071903,HCV,1a,100
KR071894,HCV,1a,100
KR071906,HCV,1a,100
KR071905,HCV,1a,100
KR071891,HCV,1a,100
KR071909,HCV,1a,100
KR071899,HCV,1a,100
KR071911,HCV,1a,100
KR071912,HCV,1a,100
KR071907,HCV,1a,100
OM287934,HCV,6w,100
KR071918,HCV,1a,100
KR071917,HCV,1a,100
KR071919,HCV,1a,100
KR071916,HCV,1a,100
KR071921,HCV,1a,100
KR071920,HCV,1a,100
KR071908,HCV,1a,100
KR071956,HCV,1a,100
KR071927,HCV,1a,100
KR071950,HCV,1a,100
KR071957,HCV,1a,100
KR071948,HCV,1a,100
KR071959,HCV,1a,100
KR071922,HCV,1a,100
KR071960,HCV,1a,100
KR071961,HCV,1a,100
KR071966,HCV,1a,100
KR071965,HCV,1a,100
KR071962,HCV,1a,100
KR071964,HCV,1a,100
KR071970,HCV,1a,100
KR071971,HCV,1a,100
KR071967,HCV,1a,100
KR071975,HCV,1a,100
KR071968,HCV,1a,100
KR071963,HCV,1a,100
KR071947,HCV,1a,100
KR071952,HCV,1a,100
KR071977,HCV,1a,100
KR071982,HCV,1a,100
KR071983,HCV,1a,100
KR071984,HCV,1a,100
KR071974,HCV,1a,100
KR071986,HCV,1a,100
KR071989,HCV,1a,100
KR071976,HCV,1a,100
KR071981,HCV,1a,100
KR071985,HCV,1a,100
KR071958,HCV,1a,100
KR071990,HCV,1a,100
KR071980,HCV,1a,100
KR071992,HCV,1a,100
KR071987,HCV,1a,100
KR072001,HCV,1a,100
KR072003,HCV,1a,100
KR071995,HCV,1a,100
KR072011,HCV,3a,100
KR072008,HCV,3a,100
KR072005,HCV,1a,100
KR072013,HCV,3a,100
KR072019,HCV,3a,100
KR071994,HCV,1a,100
KR072021,HCV,3a,100
KR072009,HCV,3a,100
KR072012,HCV,3a,100
KR072018,HCV,3a,100
KR071997,HCV,1a,100
KR071979,HCV,1a,100
KR072024,HCV,3a,100
KR072020,HCV,3a,100
KR072031,HCV,3a,100
KR072036,HCV,3a,100
KR072014,HCV,3a,100
KR072033,HCV,3a,100
KR072025,HCV,3a,100
KR072029,HCV,3a,100
KR072032,HCV,3a,100
HQ229366,HCV,3a,100
HQ229369,HCV,1a,100
KR072034,HCV,3a,100
HQ229368,HCV,3a,100
HQ229371,HCV,1a,100
HQ229370,HCV,3a,100
HQ229372,HCV,1b,100
HQ229340,HCV,3a,100
HQ229390,HCV,3a,100
KR072027,HCV,3a,100
HQ229393,HCV,1b,100
HQ229398,HCV,1a,100
HQ229411,HCV,1a,100
HQ229375,HCV,3a,100
HQ229397,HCV,1b,100
HQ229413,HCV,1b,100
HQ229414,HCV,1b,100
KR072030,HCV,3a,100
HQ229367,HCV,3a,100
KR072035,HCV,3a,100
HQ229373,HCV,3a,100
HQ229417,HCV,3a,100
HQ229416,HCV,1b,100
HQ229436,HCV,3a,100
HQ229438,HCV,1a,100
HQ229462,HCV,1a,100
HQ229457,HCV,3a,100
HQ229466,HCV,3a,100
HQ229467,HCV,1a,100
HQ229506,HCV,3a,100
HQ229500,HCV,3a,100
HQ229508,HCV,1b,100
HQ229510,HCV,3a,100
HQ229523,HCV,3a,100
HQ229525,HCV,1b,100
HQ229529,HCV,3a,100
HQ229527,HCV,3a,100
HQ229528,HCV,1b,100
HQ229530,HCV,1a,100
HQ229545,HCV,1a,100
HQ229546,HCV,1a,100
HQ229548,HCV,1a,100
HQ229505,HCV,3b,100
HQ229549,HCV,3a,100
HQ229522,HCV,3a,100
HQ229526,HCV,3a,100
HQ229550,HCV,3a,100
HQ229551,HCV,3a,100
HQ229544,HCV,1a,100
HQ229554,HCV,1b,100
HQ229552,HCV,3a,100
HQ229352,HCV,3a,100
HQ229547,HCV,3a,100
HQ229348,HCV,3a,100
HQ229553,HCV,3a,100
HQ229353,HCV,1a,100
JQ303534,HCV,1b,100
JQ303524,HCV,1b,100
KY083758,HCV,2c,46
JQ303514,HCV,3b,100
KR072201,HCV,3a,100
KR072190,HCV,3a,100
JQ303540,HCV,6a,100
JQ303544,HCV,2a,100
JQ303553,HCV,6n,100
PP164609,HCV,3a,100
PP164618,HCV,3a,100
PP164619,HCV,3a,100
PP164615,HCV,3a,100
PP164651,HCV,3a,100
PP164629,HCV,3a,100
PP164627,HCV,3a,100
PP164621,HCV,3a,100
PP164630,HCV,3a,100
PP164675,HCV,3b,100
PP164674,HCV,3b,100
PP164680,HCV,3b,100
PP164634,HCV,3a,100
PP164635,HCV,3a,100
PP164667,HCV,3a,100
PP164668,HCV,3a,100
PP164657,HCV,3a,100
PP164664,HCV,3a,100
PP164662,HCV,3a,100
PP164691,HCV,6f,100
PP164699,HCV,6f,100
PP164702,HCV,6f,100
PP164679,HCV,3b,100
PP164648,HCV,3a,100
PP164803,HCV,6f,100
KR072039,HCV,3a,100
PP164883,HCV,6n,100
PP164884,HCV,6n,100
PP164885,HCV,6n,100
PP164886,HCV,6v,100
KR072043,HCV,3a,100
KR072054,HCV,3a,100
KR072049,HCV,3a,100
KR072050,HCV,3a,100
KR072052,HCV,3a,100
KR072060,HCV,3a,100
KR072059,HCV,3a,100
KR072063,HCV,3a,100
KR072064,HCV,3a,100
KR072065,HCV,3a,100
KR072067,HCV,3a,100
KR072066,HCV,3a,100
KR072062,HCV,3a,100
KR072107,HCV,3a,100
KR072071,HCV,3a,100
KR072051,HCV,3a,100
KR072072,HCV,3a,100
KR072061,HCV,3a,100
KR072076,HCV,3a,100
KR072077,HCV,3a,100
KR072079,HCV,3a,100
KR072069,HCV,3a,100
KR072075,HCV,3a,100
KR072082,HCV,3a,100
KR072078,HCV,3a,100
KR072080,HCV,3a,100
KR072055,HCV,3a,100
KR072095,HCV,3a,100
KR072093,HCV,3a,100
KR072096,HCV,3a,100
KR072119,HCV,3a,100
KR072118,HCV,3a,100
KR072117,HCV,3a,100
KR072123,HCV,3a,100
KR072105,HCV,3a,100
KR072111,HCV,3a,100
KR072129,HCV,3a,100
KR072058,HCV,3a,100
KR072056,HCV,3a,100
KR072045,HCV,3a,100
KR072057,HCV,3a,100
KR072053,HCV,3a,100
KR072081,HCV,3a,100
KR072083,HCV,3a,100
KR072084,HCV,3a,100
KR072073,HCV,3a,100
KR072089,HCV,3a,100
KR072068,HCV,3a,100
KR072088,HCV,3a,100
KR072074,HCV,3a,100
KR072091,HCV,3a,100
KR072104,HCV,3a,100
KR072125,HCV,3a,100
KR072135,HCV,3a,100
KR072138,HCV,3a,100
KR072137,HCV,3a,100
KR072136,HCV,3a,100
KR072126,HCV,3a,100
KR072158,HCV,3a,100
KR072160,HCV,3a,100
KR072150,HCV,3a,100
KR072128,HCV,3a,100
KR072140,HCV,3a,100
KR072141,HCV,3a,100
KR072162,HCV,3a,100
KR072182,HCV,3a,100
KR072170,HCV,3a,100
KR072167,HCV,3a,100
KR072180,HCV,3a,100
KR072183,HCV,3a,100
KR072185,HCV,3a,100
KR072194,HCV,3a,100
KR072166,HCV,3a,100
KR072169,HCV,3a,100
KR072197,HCV,3a,100
KR072171,HCV,3a,100
KR072184,HCV,3a,100
KR072195,HCV,3a,100
KR072193,HCV,3a,100
KR072192,HCV,3a,100
JQ303536,HCV,1b,100
JQ303511,HCV,3b,100
JQ303518,HCV,1b,100
JQ303532,HCV,1b,100
JQ303533,HCV,1b,100
JQ303537,HCV,1b,100
JQ303535,HCV,1b,100
JQ303523,HCV,1b,100
JQ303515,HCV,3b,100
JQ303512,HCV,3a,100
JQ303513,HCV,1b,100
JQ303516,HCV,1b,100
KR072203,HCV,3a,100
JQ303520,HCV,1b,100
JQ303521,HCV,1b,100
JQ303545,HCV,2a,100
JQ303549,HCV,6n,100
JQ303547,HCV,6n,100
JQ303530,HCV,1b,100
JQ303539,HCV,6a,100
JQ303551,HCV,6n,100
JQ303531,HCV,1b,100
JQ303538,HCV,1b,100
JQ303527,HCV,1b,100
JQ303542,HCV,1b,100
JQ303529,HCV,1b,100
JQ303546,HCV,2a,100
JQ303543,HCV,3a,100
JQ303548,HCV,6n,100
JQ303554,HCV,6n,100
JQ303552,HCV,6n,100
JQ303558,HCV,6a,100
JQ303556,HCV,6a,100
JQ303557,HCV,6a,100
JQ303555,HCV,6xa,100
JQ303561,HCV,6a,100
JQ303566,HCV,6a,100
JQ303567,HCV,6a,100
JQ303550,HCV,6n,100
JQ303565,HCV,6a,100
JQ303563,HCV,6a,100
JQ303564,HCV,6a,100
JQ303568,HCV,6a,100
JQ303569,HCV,6a,100
JQ303570,HCV,6a,100
JQ303562,HCV,6a,100
JQ303573,HCV,3b,100
JQ303574,HCV,3b,100
JQ303572,HCV,3b,100
JQ303560,HCV,6a,100
JQ303559,HCV,6a,100
JQ303576,HCV,3b,100
JQ303579,HCV,3b,100
JQ303580,HCV,3b,100
JQ303582,HCV,3b,100
JQ303578,HCV,3b,100
JQ303541,HCV,3b,100
JQ303594,HCV,1b,100
JQ303583,HCV,3b,100
JQ303595,HCV,1b,100
JQ303591,HCV,3a,100
JQ303592,HCV,3a,100
JQ303593,HCV,1a,100
JQ303577,HCV,3b,100
JQ303589,HCV,3a,100
JQ303605,HCV,1b,100
JQ303604,HCV,1b,100
JQ303606,HCV,1b,100
JQ303611,HCV,1b,100
JQ303610,HCV,1b,100
JQ303602,HCV,1b,100
JQ303597,HCV,1b,100
JQ303596,HCV,1b,100
JQ303601,HCV,1b,100
JQ303588,HCV,3a,100
JQ303585,HCV,3b,100
JQ303603,HCV,1b,100
JQ303619,HCV,1b,100
JQ303607,HCV,1b,100
JQ303600,HCV,1b,100
JQ303614,HCV,1b,100
JQ303616,HCV,1b,100
JQ303599,HCV,1b,100
JQ303618,HCV,1b,100
JQ303609,HCV,1b,100
JQ303631,HCV,1b,100
JQ303636,HCV,1b,100
JQ303637,HCV,1b,100
JQ303630,HCV,1b,100
JQ303634,HCV,1b,100
JQ303638,HCV,1b,100
JQ303639,HCV,1b,100
JQ303633,HCV,3a,100
JQ303628,HCV,1b,100
JQ797685,HCV,1b,100
JQ303635,HCV,1b,100
JQ797689,HCV,1b,100
JQ797690,HCV,1b,100
JQ303641,HCV,1b,100
JF722465,HCV,2a,100
JQ797688,HCV,1b,100
JF722466,HCV,2a,100
JF722467,HCV,2b,100
JF722460,HCV,2b,100
JF722480,HCV,2a,100
JF722482,HCV,2b,100
JF722483,HCV,2b,100
JF722485,HCV,2b,100
JF722478,HCV,2a,100
JF722486,HCV,2b,100
JF722487,HCV,2a,100
JF722474,HCV,2b,100
PP164503,HCV,1b,100
PP164529,HCV,3a,100
PP164522,HCV,3a,100
PP164517,HCV,3a,100
JF722497,HCV,2b,100
JF722473,HCV,2b,100
JF722501,HCV,2b,100
JF722503,HCV,2b,100
JF722502,HCV,2b,100
JF722505,HCV,2b,100
JF722504,HCV,2b,100
JF722506,HCV,2c,100
JF722500,HCV,2a,100
JF722525,HCV,2e,37
JF722513,HCV,2b,100
JF722529,HCV,2i,100
JF722530,HCV,2a,100
JF722528,HCV,2a,100
JF722531,HCV,2c,100
JF722534,HCV,2b,100
JF722533,HCV,2j,77
JF722527,HCV,2b,100
JF722543,HCV,2a,100
JF722542,HCV,2j,100
JF722544,HCV,2j,93
JF722548,HCV,2b,100
JF722546,HCV,2b,100
JF722547,HCV,2i,100
JF722538,HCV,2b,100
JF722551,HCV,2a,100
JF722526,HCV,2b,100
JF722555,HCV,2e,81
JF722552,HCV,2j,45
JF722571,HCV,2c,94
JF722572,HCV,2j,76
JF722574,HCV,2b,100
JF722577,HCV,2b,100
JF722575,HCV,2b,100
JF722601,HCV,2a,100
JF722596,HCV,2c,99
JF722600,HCV,2b,92
JF722597,HCV,2j,83
JF722598,HCV,2j,96
JF722606,HCV,2m,59
JF722583,HCV,2a,100
JF722599,HCV,2a,65
JF722573,HCV,2j,91
JF722603,HCV,2q,39
KX284736,HCV,2j,100
KX284735,HCV,2k,47
JF722612,HCV,2j,92
JF722620,HCV,2a,100
KX284733,HCV,2k,57
KX284734,HCV,2k,42
KX284738,HCV,2j,100
KX284730,HCV,2j,91
JF722615,HCV,2b,100
KX284744,HCV,2c,100
KX284731,HCV,2j,91
KU883433,HCV,4a,100
PP164397,HCV,1a,100
KU883434,HCV,4a,100
PP164398,HCV,1a,100
KU883436,HCV,4d,100
PP164403,HCV,1a,100
PP164400,HCV,1a,100
PP164420,HCV,1a,100
PP164435,HCV,1a,100
PP164437,HCV,1a,100
PP164429,HCV,1a,100
PP164440,HCV,1a,100
PP164441,HCV,1a,100
PP164414,HCV,1a,100
PP164442,HCV,1a,100
PP164443,HCV,1a,100
KX284742,HCV,2j,98
PP164468,HCV,1a,100
PP164439,HCV,1a,100
PP164469,HCV,1a,100
PP164474,HCV,1b,100
PP164510,HCV,1b,100
PP164506,HCV,1b,100
PP164509,HCV,1b,100
PP164511,HCV,1b,100
PP164475,HCV,1b,100
PP164528,HCV,3a,100
PP164513,HCV,3a,100
PP164552,HCV,3a,100
PP164551,HCV,3a,100
PP164556,HCV,3a,100
PP164555,HCV,3a,100
PP164539,HCV,3a,100
PP164554,HCV,3a,100
PP164557,HCV,3a,100
PP164562,HCV,3a,100
PP164535,HCV,3a,100
PP164559,HCV,3a,100
PP164553,HCV,3a,100
PP164561,HCV,3a,100
PP164643,HCV,3a,100
PP164631,HCV,3a,100
PP164642,HCV,3a,100
PP164645,HCV,3a,100
PP164646,HCV,3a,100
PP164647,HCV,3a,100
PP164644,HCV,3a,100
PP164640,HCV,3a,100
PP164649,HCV,3a,100
PP164669,HCV,3a,100
PP164670,HCV,3a,100
PP164671,HCV,3a,100
PP164672,HCV,3a,100
PP164677,HCV,3b,100
PP164678,HCV,3b,100
PP164676,HCV,3b,100
PP164684,HCV,6f,100
JQ303584,HCV,3b,100
JQ303586,HCV,3b,100
JQ303581,HCV,3b,100
JQ303587,HCV,3a,100
JQ303575,HCV,3b,100
JQ303571,HCV,6a,100
JQ303590,HCV,3a,100
JQ303613,HCV,1b,100
JQ303629,HCV,1b,100
JQ303624,HCV,2a,100
JQ303625,HCV,2a,100
JQ303627,HCV,1b,100
JQ303615,HCV,1b,100
JQ303598,HCV,1b,100
JQ303640,HCV,1b,100
JQ303626,HCV,2a,100
JQ303622,HCV,1b,100
JQ303632,HCV,3a,100
JQ303643,HCV,1b,100
JQ797686,HCV,1b,100
JQ797687,HCV,1b,100
JQ797691,HCV,1b,100
JF722456,HCV,2q,44
JF722458,HCV,2b,100
JQ797684,HCV,1b,100
JF722457,HCV,2b,100
JF722463,HCV,2b,100
JF722464,HCV,2b,100
JQ303642,HCV,1b,100
JF722471,HCV,2a,100
JF722469,HCV,2b,100
JF722459,HCV,2b,100
JF722462,HCV,2a,100
JF722476,HCV,2a,100
JF722454,HCV,2j,59
JF722479,HCV,2a,100
JF722477,HCV,2a,100
JF722489,HCV,2b,100
JF722490,HCV,2b,100
JF722475,HCV,2a,100
JF722493,HCV,2b,100
JF722495,HCV,2b,100
JF722492,HCV,2b,100
JF722494,HCV,2b,100
JF722508,HCV,2a,31
JF722507,HCV,2j,72
JF722511,HCV,2a,100
JF722484,HCV,2a,100
JF722488,HCV,2b,100
JF722512,HCV,2b,100
JF722510,HCV,2b,100
JF722514,HCV,2j,61
JF722515,HCV,2i,100
JF722520,HCV,2b,100
JF722519,HCV,2b,100
JF722491,HCV,2b,100
JF722523,HCV,2b,100
JF722509,HCV,2a,100
JF722522,HCV,2i,100
JF722535,HCV,2i,100
JF722537,HCV,2c,45
JF722536,HCV,2c,73
JF722498,HCV,2b,100
JF722539,HCV,2a,100
JF722518,HCV,2i,99
JF722541,HCV,2b,100
JF722532,HCV,2b,100
JF722521,HCV,2a,29
JF722550,HCV,2c,100
JF722553,HCV,2i,100
JF722540,HCV,2a,100
JF722554,HCV,2k,85
JF722562,HCV,2r,100
JF722561,HCV,2a,100
JF722565,HCV,2a,100
JF722563,HCV,2a,78
JF722568,HCV,2k,81
JF722567,HCV,2j,89
JF722556,HCV,2a,100
JF722580,HCV,2c,100
JF722578,HCV,2a,100
JF722579,HCV,2b,100
JF722566,HCV,2j,94
JF722587,HCV,2j,100
JF722549,HCV,2b,100
JF722584,HCV,2a,100
JF722585,HCV,2a,100
JF722588,HCV,2a,100
JF722591,HCV,2b,100
JF722560,HCV,2q,43
JF722589,HCV,2c,100
JF722593,HCV,2j,99
JF722592,HCV,2j,99
JF722595,HCV,2a,100
JF722581,HCV,2a,100
JF722590,HCV,2c,85
JF722602,HCV,2q,97
JF722605,HCV,2m,95
JF722604,HCV,2a,100
JF722617,HCV,2b,100
JF722618,HCV,2j,41
JQ746503,HCV,2j,73
JQ746502,HCV,2a,44
JF722594,HCV,2b,100
JQ746505,HCV,2k,68
JF722619,HCV,2b,100
JQ746507,HCV,2c,100
JQ746506,HCV,2b,100
KX284739,HCV,2j,100
KX284737,HCV,2j,87
KX284743,HCV,2q,61
KU883429,HCV,4o,100
KX284740,HCV,2j,87
KU883431,HCV,4a,100
KU883432,HCV,4a,100
KU883428,HCV,4r,100
KU883430,HCV,4a,100
PP164399,HCV,1a,100
PP164413,HCV,1a,100
PP164410,HCV,1a,100
PP164427,HCV,1a,100
PP164449,HCV,1a,100
PP164450,HCV,1a,100
PP164446,HCV,1a,100
PP164457,HCV,1a,100
PP164426,HCV,1a,100
PP164462,HCV,1a,100
PP164464,HCV,1a,100
PP164484,HCV,1b,100
PP164434,HCV,1a,100
PP164483,HCV,1b,100
PP164485,HCV,1b,100
PP164488,HCV,1b,100
PP164490,HCV,1b,100
PP164489,HCV,1b,100
PP164492,HCV,1b,100
PP164515,HCV,3a,100
PP164519,HCV,3a,100
PP164518,HCV,3a,100
PP164520,HCV,3a,100
PP164525,HCV,3a,100
PP164526,HCV,3a,100
PP164487,HCV,1b,100
PP164542,HCV,3a,100
PP164544,HCV,3a,100
PP164543,HCV,3a,100
PP164548,HCV,3a,100
PP164546,HCV,3a,100
PP164547,HCV,3a,100
PP164538,HCV,3a,100
PP164534,HCV,3a,100
PP164549,HCV,3a,100
PP164530,HCV,3a,100
PP164577,HCV,3a,100
PP164588,HCV,3a,100
PP164587,HCV,3a,100
PP164572,HCV,3a,100
PP164590,HCV,3a,100
PP164589,HCV,3a,100
PP164579,HCV,3a,100
PP164560,HCV,3a,100
PP164598,HCV,3a,100
PP164576,HCV,3a,100
PP164593,HCV,3a,100
PP164682,HCV,3b,100
PP164696,HCV,6f,100
PP164707,HCV,6f,100
PP164709,HCV,6f,100
PP164712,HCV,6f,100
PP164710,HCV,6f,100
PP164698,HCV,6f,100
PP164714,HCV,6f,100
PP164717,HCV,6f,100
JQ303617,HCV,1b,100
JQ303620,HCV,1b,100
JQ303623,HCV,2a,100
JQ303608,HCV,1b,100
JQ303621,HCV,1b,100
JQ303612,HCV,1b,100
PP164728,HCV,6f,100
PP164730,HCV,6f,100
PP164733,HCV,6f,100
PP164736,HCV,6f,100
PP164737,HCV,6f,100
PP164718,HCV,6f,100
PP164715,HCV,6f,100
PP164721,HCV,6f,100
PP164700,HCV,6f,100
PP164706,HCV,6f,100
PP164723,HCV,6f,100
PP164713,HCV,6f,100
PP164741,HCV,6f,100
PP164792,HCV,6f,100
PP164765,HCV,6f,100
PP164790,HCV,6f,100
PP164829,HCV,6f,100
PP164802,HCV,6f,100
PP164808,HCV,6f,100
PP164776,HCV,6f,100
PP164822,HCV,6f,100
PP164855,HCV,6f,100
PP164838,HCV,6f,100
PP164701,HCV,6f,100
PP164865,HCV,6f,100
PP164844,HCV,6f,100
PP164842,HCV,6f,100
PP164856,HCV,6f,100
PP164859,HCV,6f,100
PP164860,HCV,6f,100
PP164861,HCV,6f,100
PP164863,HCV,6f,100
PP164864,HCV,6f,100
PP164862,HCV,6f,100
KX284729,HCV,2m,67
KR072037,HCV,3a,100
KR072042,HCV,3a,100
KR072041,HCV,3a,100
KR072044,HCV,3a,100
KR072046,HCV,3a,100
KR072047,HCV,3a,100
KR072038,HCV,3a,100
KR072048,HCV,3a,100
KR072040,HCV,3a,100
KR072094,HCV,3a,100
KR072097,HCV,3a,100
KR072099,HCV,3a,100
KR072098,HCV,3a,100
KR072100,HCV,3a,100
PP164596,HCV,3a,100
PP164608,HCV,3a,100
PP164597,HCV,3a,100
PP164613,HCV,3a,100
PP164614,HCV,3a,100
PP164592,HCV,3a,100
PP164600,HCV,3a,100
PP164599,HCV,3a,100
PP164617,HCV,3a,100
PP164623,HCV,3a,100
PP164622,HCV,3a,100
PP164616,HCV,3a,100
PP164594,HCV,3a,100
PP164625,HCV,3a,100
PP164624,HCV,3a,100
PP164607,HCV,3a,100
PP164628,HCV,3a,100
PP164626,HCV,3a,100
PP164633,HCV,3a,100
PP164636,HCV,3a,100
PP164637,HCV,3a,100
PP164641,HCV,3a,100
KR072103,HCV,3a,100
KR072101,HCV,3a,100
KR072070,HCV,3a,100
KR072102,HCV,3a,100
KR072087,HCV,3a,100
KR072092,HCV,3a,100
KR072106,HCV,3a,100
KR072110,HCV,3a,100
KR072108,HCV,3a,100
KR072109,HCV,3a,100
KR072112,HCV,3a,100
KR072114,HCV,3a,100
KR072113,HCV,3a,100
KR072120,HCV,3a,100
KR072122,HCV,3a,100
KR072116,HCV,3a,100
KR072121,HCV,3a,100
KR072124,HCV,3a,100
KR072115,HCV,3a,100
KR072127,HCV,3a,100
KR072085,HCV,3a,100
KR072133,HCV,3a,100
KR072130,HCV,3a,100
KR072132,HCV,3a,100
KR072131,HCV,3a,100
KR072090,HCV,3a,100
KR072134,HCV,3a,100
KR072139,HCV,3a,100
KR072143,HCV,3a,100
KR072086,HCV,3a,100
KR072142,HCV,3a,100
KR072144,HCV,3a,100
KR072147,HCV,3a,100
KR072148,HCV,3a,100
KR072151,HCV,3a,100
KR072152,HCV,3a,100
KR072153,HCV,3a,100
KR072155,HCV,3a,100
KR072156,HCV,3a,100
KR072161,HCV,3a,100
KR072157,HCV,3a,100
KR072145,HCV,3a,100
KR072163,HCV,3a,100
KR072164,HCV,3a,100
KR072146,HCV,3a,100
KR072165,HCV,3a,100
KR072154,HCV,3a,100
KR072173,HCV,3a,100
KR072149,HCV,3a,100
KR072176,HCV,3a,100
KR072175,HCV,3a,100
KR072177,HCV,3a,100
KR072178,HCV,3a,100
KR072179,HCV,3a,100
KR072181,HCV,3a,100
KR072174,HCV,3a,100
KR072186,HCV,3a,100
KR072191,HCV,3a,100
KR072188,HCV,3a,100
KR072189,HCV,3a,100
KR072187,HCV,3a,100
KR072168,HCV,3a,100
KR072159,HCV,3a,100
KR072199,HCV,3a,100
KR072202,HCV,3a,100
KR072198,HCV,3a,100
KR072200,HCV,3a,100
KR072172,HCV,3a,100
JQ303522,HCV,1b,100
JQ303525,HCV,1b,100
KR072196,HCV,3a,100
JQ303510,HCV,1b,100
JQ303526,HCV,1b,100
JQ303517,HCV,3b,100
JQ303528,HCV,1b,100
JQ303519,HCV,1b,100
JF722455,HCV,2r,100
JF722468,HCV,2b,100
JF722461,HCV,2e,70
JF722470,HCV,2b,100
JF722472,HCV,2b,100
JF722481,HCV,2b,100
JF722496,HCV,2b,100
JF722499,HCV,2b,100
JF722517,HCV,2c,100
PP164638,HCV,3a,100
PP164639,HCV,3a,100
PP164652,HCV,3a,100
PP164653,HCV,3a,100
PP164654,HCV,3a,100
PP164655,HCV,3a,100
PP164632,HCV,3a,100
PP164650,HCV,3a,100
PP164620,HCV,3a,100
PP164663,HCV,3a,100
PP164660,HCV,3a,100
PP164661,HCV,3a,100
PP164665,HCV,3a,100
PP164658,HCV,3a,100
PP164659,HCV,3a,100
PP164656,HCV,3a,100
PP164666,HCV,3a,100
PP164681,HCV,3b,100
PP164687,HCV,6f,100
PP164685,HCV,6f,100
PP164686,HCV,6f,100
PP164683,HCV,6f,100
PP164673,HCV,3b,100
PP164689,HCV,6f,100
PP164693,HCV,6f,100
PP164688,HCV,6f,100
PP164694,HCV,6f,100
PP164695,HCV,6f,100
PP164690,HCV,6f,100
PP164692,HCV,6f,100
PP164703,HCV,6f,100
PP164705,HCV,6f,100
PP164711,HCV,6f,100
PP164708,HCV,6f,100
PP164719,HCV,6f,100
PP164704,HCV,6f,100
PP164716,HCV,6f,100
PP164725,HCV,6f,100
PP164722,HCV,6f,100
PP164726,HCV,6f,100
PP164727,HCV,6f,100
PP164729,HCV,6f,100
PP164724,HCV,6f,100
PP164735,HCV,6f,100
PP164739,HCV,6f,100
PP164740,HCV,6f,100
PP164734,HCV,6f,100
PP164738,HCV,6f,100
PP164732,HCV,6f,100
PP164720,HCV,6f,100
PP164742,HCV,6f,100
PP164743,HCV,6f,100
PP164747,HCV,6f,100
PP164748,HCV,6f,100
PP164746,HCV,6f,100
PP164749,HCV,6f,100
PP164697,HCV,6f,100
PP164745,HCV,6f,100
PP164751,HCV,6f,100
PP164752,HCV,6f,100
PP164750,HCV,6f,100
PP164731,HCV,6f,100
PP164757,HCV,6f,100
PP164753,HCV,6f,100
PP164760,HCV,6f,100
PP164759,HCV,6f,100
PP164763,HCV,6f,100
PP164756,HCV,6f,100
PP164755,HCV,6f,100
PP164762,HCV,6f,100
PP164764,HCV,6f,100
PP164770,HCV,6f,100
PP164768,HCV,6f,100
PP164771,HCV,6f,100
PP164772,HCV,6f,100
PP164774,HCV,6f,100
PP164767,HCV,6f,100
PP164769,HCV,6f,100
PP164766,HCV,6f,100
PP164744,HCV,6f,100
PP164775,HCV,6f,100
PP164754,HCV,6f,100
PP164782,HCV,6f,100
PP164784,HCV,6f,100
PP164780,HCV,6f,100
PP164778,HCV,6f,100
PP164781,HCV,6f,100
PP164779,HCV,6f,100
PP164787,HCV,6f,100
PP164777,HCV,6f,100
PP164785,HCV,6f,100
PP164788,HCV,6f,100
PP164789,HCV,6f,100
PP164796,HCV,6f,100
PP164793,HCV,6f,100
PP164794,HCV,6f,100
PP164758,HCV,6f,100
PP164791,HCV,6f,100
PP164795,HCV,6f,100
PP164761,HCV,6f,100
PP164800,HCV,6f,100
PP164773,HCV,6f,100
PP164798,HCV,6f,100
PP164801,HCV,6f,100
PP164786,HCV,6f,100
PP164810,HCV,6f,100
PP164806,HCV,6f,100
PP164783,HCV,6f,100
PP164811,HCV,6f,100
PP164807,HCV,6f,100
PP164814,HCV,6f,100
PP164820,HCV,6f,100
PP164813,HCV,6f,100
PP164819,HCV,6f,100
PP164823,HCV,6f,100
PP164816,HCV,6f,100
PP164817,HCV,6f,100
PP164818,HCV,6f,100
PP164809,HCV,6f,100
PP164827,HCV,6f,100
PP164826,HCV,6f,100
PP164812,HCV,6f,100
PP164824,HCV,6f,100
PP164799,HCV,6f,100
PP164830,HCV,6f,100
PP164834,HCV,6f,100
PP164833,HCV,6f,100
PP164821,HCV,6f,100
PP164831,HCV,6f,100
PP164837,HCV,6f,100
PP164832,HCV,6f,100
PP164835,HCV,6f,100
PP164836,HCV,6f,100
PP164841,HCV,6f,100
PP164840,HCV,6f,100
PP164839,HCV,6f,100
PP164843,HCV,6f,100
PP164845,HCV,6f,100
PP164797,HCV,6f,100
PP164847,HCV,6f,100
PP164828,HCV,6f,100
PP164848,HCV,6f,100
PP164846,HCV,6f,100
PP164850,HCV,6f,100
PP164852,HCV,6f,100
PP164851,HCV,6f,100
PP164854,HCV,6f,100
PP164857,HCV,6f,100
PP164804,HCV,6f,100
PP164849,HCV,6f,100
PP164858,HCV,6f,100
PP164867,HCV,6i,100
PP164866,HCV,6f,100
PP164868,HCV,6i,100
PP164869,HCV,6i,100
PP164871,HCV,6i,100
PP164872,HCV,6i,100
PP164873,HCV,6i,100
PP164825,HCV,6f,100
PP164877,HCV,6n,100
PP164876,HCV,6n,100
PP164875,HCV,6n,100
PP164878,HCV,6n,100
PP164805,HCV,6f,100
PP164879,HCV,6n,100
PP164882,HCV,6n,100
PP164880,HCV,6n,100
PP164874,HCV,6i,100
PP164815,HCV,6f,100
PP164870,HCV,6i,100
PP164853,HCV,6f,100
PP164881,HCV,6n,100
JF722516,HCV,2b,100
JF722524,HCV,2i,100
JF722557,HCV,2b,100
JF722545,HCV,2m,65
JF722558,HCV,2c,100
JF722559,HCV,2i,100
JF722564,HCV,2m,56
JF722570,HCV,2b,100
JF722569,HCV,2j,72
JF722576,HCV,2k,45
JF722582,HCV,2b,100
JF722586,HCV,2j,74
JF722610,HCV,2j,100
JF722609,HCV,2j,95
JF722608,HCV,2b,100
JF722607,HCV,2b,100
JF722616,HCV,2b,100
JQ746501,HCV,2b,100
JF722613,HCV,2j,56
JF722614,HCV,2b,100
JQ746504,HCV,2c,40
KX284732,HCV,2j,50
JF722611,HCV,2b,100
PP164404,HCV,1a,100
KU883437,HCV,4a,100
PP164405,HCV,1a,100
PP164407,HCV,1a,100
KX284741,HCV,2j,93
PP164408,HCV,1a,100
PP164411,HCV,1a,100
PP164416,HCV,1a,100
PP164418,HCV,1a,100
PP164417,HCV,1a,100
PP164415,HCV,1a,100
KU883435,HCV,4d,100
PP164402,HCV,1a,100
PP164412,HCV,1a,100
PP164421,HCV,1a,100
PP164419,HCV,1a,100
PP164425,HCV,1a,100
PP164424,HCV,1a,100
PP164422,HCV,1a,100
PP164409,HCV,1a,100
PP164406,HCV,1a,100
PP164428,HCV,1a,100
PP164430,HCV,1a,100
PP164432,HCV,1a,100
PP164401,HCV,1a,100
PP164433,HCV,1a,100
PP164431,HCV,1a,100
PP164436,HCV,1a,100
PP164423,HCV,1a,100
PP164438,HCV,1a,100
PP164445,HCV,1a,100
PP164448,HCV,1a,100
PP164451,HCV,1a,100
PP164447,HCV,1a,100
PP164454,HCV,1a,100
PP164455,HCV,1a,100
PP164453,HCV,1a,100
PP164458,HCV,1a,100
PP164459,HCV,1a,100
PP164461,HCV,1a,100
PP164466,HCV,1a,100
PP164444,HCV,1a,100
PP164465,HCV,1a,100
PP164467,HCV,1a,100
PP164456,HCV,1a,100
PP164470,HCV,1a,100
PP164471,HCV,1a,100
PP164460,HCV,1a,100
PP164473,HCV,1a,100
PP164478,HCV,1b,100
PP164479,HCV,1b,100
PP164476,HCV,1b,100
PP164480,HCV,1b,100
PP164477,HCV,1b,100
PP164452,HCV,1a,100
PP164491,HCV,1b,100
PP164481,HCV,1b,100
PP164494,HCV,1b,100
PP164493,HCV,1b,100
PP164497,HCV,1b,100
PP164495,HCV,1b,100
PP164463,HCV,1a,100
PP164499,HCV,1b,100
PP164496,HCV,1b,100
PP164501,HCV,1b,100
PP164498,HCV,1b,100
PP164505,HCV,1b,100
PP164472,HCV,1a,100
PP164508,HCV,1b,100
PP164502,HCV,1b,100
PP164507,HCV,1b,100
PP164512,HCV,1b,100
PP164486,HCV,1b,100
PP164500,HCV,1b,100
PP164504,HCV,1b,100
PP164514,HCV,3a,100
PP164516,HCV,3a,100
PP164482,HCV,1b,100
PP164533,HCV,3a,100
PP164532,HCV,3a,100
PP164536,HCV,3a,100
PP164527,HCV,3a,100
PP164537,HCV,3a,100
PP164521,HCV,3a,100
PP164540,HCV,3a,100
PP164531,HCV,3a,100
PP164541,HCV,3a,100
PP164523,HCV,3a,100
PP164545,HCV,3a,100
PP164564,HCV,3a,100
PP164565,HCV,3a,100
PP164567,HCV,3a,100
PP164566,HCV,3a,100
PP164524,HCV,3a,100
PP164568,HCV,3a,100
PP164571,HCV,3a,100
PP164570,HCV,3a,100
PP164573,HCV,3a,100
PP164569,HCV,3a,100
PP164575,HCV,3a,100
PP164558,HCV,3a,100
PP164550,HCV,3a,100
PP164581,HCV,3a,100
PP164583,HCV,3a,100
PP164582,HCV,3a,100
PP164584,HCV,3a,100
PP164563,HCV,3a,100
PP164586,HCV,3a,100
PP164578,HCV,3a,100
PP164580,HCV,3a,100
PP164585,HCV,3a,100
PP164591,HCV,3a,100
PP164595,HCV,3a,100
PP164604,HCV,3a,100
PP164574,HCV,3a,100
PP164603,HCV,3a,100
PP164605,HCV,3a,100
PP164601,HCV,3a,100
PP164602,HCV,3a,100
PP164606,HCV,3a,100
PP164611,HCV,3a,100
PP164612,HCV,3a,100
PP164610,HCV,3a,100
PP164904,HCV,3a,100
PV184566,HCV,1a,100
PV184565,HCV,1a,100
PV184570,HCV,3a,100
PV184564,HCV,1a,100
PV184563,HCV,3a,100
PV184568,HCV,3a,100
PV184571,HCV,1a,100
LC109213,HCV,4d,100
LC109261,HCV,1a,100
LC109251,HCV,4d,100
LC109259,HCV,4d,100
DQ889263,HCV,1a,100
DQ889264,HCV,1a,100
DQ889276,HCV,1a,100
DQ889290,HCV,1a,100
DQ889291,HCV,1a,100
DQ889268,HCV,1a,100
DQ889295,HCV,1a,100
DQ889296,HCV,1a,100
DQ889271,HCV,1a,100
DQ889308,HCV,1a,100
DQ889314,HCV,1a,100
EU781747,HCV,1a,100
EU781746,HCV,1a,100
DQ889312,HCV,1a,100
PP164903,HCV,3a,100
KU870962,HCV,3a,100
MG821814,HCV,3a,100
MG821841,HCV,4a,100
MG821850,HCV,4a,100
KU870932,HCV,1a,100
KU870938,HCV,1b,100
KU870943,HCV,1b,100
KU870944,HCV,1b,100
KU870946,HCV,1b,100
KU870947,HCV,1b,100
KU870950,HCV,1b,100
KU870945,HCV,1b,100
KU870942,HCV,1b,100
KU870941,HCV,1b,100
KU870961,HCV,3a,100
KU870954,HCV,2c,100
KU870965,HCV,3h,100
KU870966,HCV,3h,100
KU870964,HCV,3h,100
KU870963,HCV,3a,100
KU871284,HCV,4d,100
KU871282,HCV,5a,100
KU871309,HCV,1b,100
PP164944,HCV,3a,100
KF437690,HCV,1a,100
KF437688,HCV,1a,100
KF437691,HCV,1a,100
KF437694,HCV,1a,100
KF437695,HCV,1a,100
KF437693,HCV,1a,100
KF437689,HCV,1a,100
KF437692,HCV,1a,100
PP164927,HCV,3a,100
PP164912,HCV,1b,100
PP164926,HCV,1a,100
PP164932,HCV,3a,100
LC109113,HCV,2c,100
PP164946,HCV,1a,100
PP164942,HCV,3a,100
PP164948,HCV,6f,100
PP164954,HCV,6f,100
PP164953,HCV,1a,100
PP164958,HCV,1b,100
PP164957,HCV,1b,100
PP164959,HCV,1a,100
PP164956,HCV,1b,100
PP164943,HCV,3a,100
PP164964,HCV,3a,100
PP164947,HCV,3a,100
PP164963,HCV,1a,100
PP164965,HCV,3a,100
PP164955,HCV,3a,100
JN426997,HCV,3a,100
PP164969,HCV,1b,100
PP164968,HCV,1a,100
PP164970,HCV,6f,100
PP164928,HCV,3a,100
PP164986,HCV,6f,100
PP164973,HCV,1b,100
PP164971,HCV,3a,100
PP164941,HCV,6f,100
JN426999,HCV,1a,100
PP164997,HCV,3a,100
JN426992,HCV,3a,100
JN427000,HCV,3a,100
KP057693,HCV,1b,100
JN426994,HCV,1a,100
JN427012,HCV,3a,100
JN427009,HCV,1a,100
PP164988,HCV,1a,100
PP164993,HCV,6n,100
PP164951,HCV,1a,100
KP057695,HCV,1b,100
KP057699,HCV,1b,100
KP057700,HCV,1b,100
JN427013,HCV,3a,100
JN427011,HCV,3a,100
KP057692,HCV,1b,100
JN427002,HCV,1a,100
JN426995,HCV,3a,100
JN426993,HCV,1a,100
KP057702,HCV,1b,100
KP057701,HCV,1b,100
KP057703,HCV,1b,100
JN427006,HCV,1a,100
JN426998,HCV,3a,100
KP057722,HCV,1b,100
KP057759,HCV,2b,100
DQ663598,HCV,6a,100
DQ663606,HCV,1b,100
LC109120,HCV,4o,100
KP057776,HCV,3a,100
DQ666240,HCV,1b,100
DQ663609,HCV,1a,100
DQ663608,HCV,1a,100
DQ666242,HCV,3a,100
LC109143,HCV,1b,100
LC109123,HCV,1b,100
LC109201,HCV,1b,100
LC109159,HCV,4d,100
LC109161,HCV,4a,100
LC109160,HCV,1b,100
LC109203,HCV,3a,100
LC109202,HCV,3a,100
LC109205,HCV,1b,100
LC109204,HCV,4a,100
MG821680,HCV,1a,100
MG821679,HCV,1a,100
EU781794,HCV,1a,100
MG821714,HCV,1a,100
MG821700,HCV,1a,100
MG821698,HCV,1a,100
MG821713,HCV,1a,100
MG821695,HCV,1a,100
MG821732,HCV,1a,100
MG821812,HCV,3a,100
MG821747,HCV,1b,100
MG821748,HCV,1b,100
MG821750,HCV,1b,100
MG821739,HCV,1a,100
MG821753,HCV,1b,100
MG821752,HCV,1b,100
MG821778,HCV,1b,100
MG821779,HCV,1g,100
MG821787,HCV,3a,100
MG821763,HCV,1b,100
EU781800,HCV,1a,100
MG821765,HCV,1b,100
MG821767,HCV,1b,100
MG821771,HCV,1b,100
MG821770,HCV,1b,100
MG821788,HCV,3a,100
MG821799,HCV,3a,100
MG821802,HCV,3a,100
MG821803,HCV,3a,100
MG821801,HCV,3a,100
MG821800,HCV,3a,100
MG821820,HCV,3a,100
KU870968,HCV,4d,100
MG821854,HCV,4d,100
KU870937,HCV,1a,100
KU870936,HCV,1a,100
KU870933,HCV,1a,100
MG821863,HCV,4d,100
AB081048,HCV,1b,100
AB081055,HCV,1b,100
AB081070,HCV,3a,100
AB081047,HCV,1b,100
AB081069,HCV,3a,100
AB081071,HCV,3a,100
KU870958,HCV,2c,100
AB081034,HCV,1b,100
AB081040,HCV,1b,100
KF292832,HCV,3b,100
KU871303,HCV,1a,100
KF292834,HCV,3b,100
KU871292,HCV,4a,100
KF292835,HCV,3b,100
KF292837,HCV,3b,100
KU871294,HCV,3a,100
KF292844,HCV,3b,100
KF292845,HCV,3b,100
KU871301,HCV,1a,100
KF292833,HCV,3b,100
KF292858,HCV,3b,100
KF292849,HCV,3b,100
KF292836,HCV,3b,100
KF292847,HCV,3b,100
KF292840,HCV,3b,100
KF292838,HCV,3b,100
PP164889,HCV,3b,100
PP164890,HCV,3b,100
PP164893,HCV,1a,100
KF437686,HCV,1a,100
PP164895,HCV,1b,100
PP164897,HCV,1a,100
KU871296,HCV,3a,100
PP164894,HCV,3a,100
PP164980,HCV,1a,100
PP164977,HCV,1a,100
PP165007,HCV,1a,100
PP165005,HCV,6f,100
KP057743,HCV,1a,100
KP057704,HCV,1b,100
KP057746,HCV,1a,100
KP057748,HCV,1a,100
KP057749,HCV,1a,100
KU871308,HCV,1b,100
KP057718,HCV,1b,100
KP057751,HCV,1a,100
DQ666250,HCV,6a,100
DQ666251,HCV,1a,100
DQ666241,HCV,2b,100
DQ666244,HCV,1a,100
DQ663602,HCV,2a,100
KP057720,HCV,1b,100
DQ666246,HCV,1b,100
DQ666247,HCV,1a,100
DQ666248,HCV,1a,100
KP057775,HCV,3a,100
PV184477,HCV,"unassigned_1, 3a-2b",NA
PV184488,HCV,1a,100
PV184480,HCV,3a,100
KP057762,HCV,2b,100
KP057768,HCV,3a,100
DQ666245,HCV,1b,100
PV184483,HCV,1a,100
PV184484,HCV,3a,100
PV184485,HCV,3a,100
PV184481,HCV,1a,100
PV184475,HCV,1a,100
PV184489,HCV,1a,100
PV184478,HCV,3a,100
PV184476,HCV,1a,100
PV184491,HCV,1a,100
PV184479,HCV,3a,100
PV184490,HCV,1a,100
PV184486,HCV,3a,100
PV184487,HCV,1a,100
PV184482,HCV,3a,100
PV184492,HCV,3a,100
PV184494,HCV,1a,100
PV184495,HCV,1a,100
PV184493,HCV,1a,100
PV184499,HCV,3a,100
PV184498,HCV,3a,100
PV184500,HCV,3a,100
PV184497,HCV,3a,100
PV184503,HCV,3a,100
PV184507,HCV,1a,100
PV184506,HCV,3a,100
PV184501,HCV,3a,100
PV184505,HCV,1a,100
PV184504,HCV,3a,100
PV184514,HCV,1a,100
PV184508,HCV,3a,100
PV184511,HCV,3a,100
PV184512,HCV,1a,100
PV184510,HCV,1a,100
PV184509,HCV,3a,100
PV184502,HCV,3a,100
PV184515,HCV,1a,100
PV184496,HCV,3a,100
PV184518,HCV,1a,100
PV184516,HCV,1a,100
PV184524,HCV,1a,100
PV184519,HCV,1a,100
PV184513,HCV,3a,100
PV184520,HCV,3a,100
PV184525,HCV,3a,100
PV184521,HCV,3a,100
PV184522,HCV,1a,100
PV184529,HCV,3a,100
PV184523,HCV,1a,100
PV184527,HCV,3a,100
PV184526,HCV,3a,100
PV184517,HCV,3a,100
PV184530,HCV,3a,100
PV184532,HCV,3a,100
PV184537,HCV,1a,100
PV184534,HCV,3a,100
PV184533,HCV,3a,100
PV184543,HCV,"unassigned_1, 1a-2b",NA
PV184538,HCV,3a,100
PV184528,HCV,3a,100
PV184531,HCV,3a,100
PV184539,HCV,3a,100
PV184535,HCV,3a,100
PV184544,HCV,1a,100
PV184541,HCV,1a,100
PV184536,HCV,3a,100
PV184542,HCV,3a,100
PV184550,HCV,1a,100
PV184547,HCV,3a,100
PV184545,HCV,1a,100
PV184540,HCV,1a,100
PV184548,HCV,3a,100
PV184552,HCV,1a,100
PV184546,HCV,3a,100
PV184549,HCV,3a,100
PV184551,HCV,3a,100
PV184558,HCV,"unassigned_1, 1a-2b",NA
PV184553,HCV,1a,100
PV184555,HCV,3a,100
PV184562,HCV,"unassigned_1, 1a-2b",NA
PV184559,HCV,1a,100
LC109103,HCV,4a,100
LC109104,HCV,1b,100
PV184569,HCV,"unassigned_1, 1a-2b",NA
LC109107,HCV,4d,100
LC109105,HCV,4a,100
LC109106,HCV,1b,100
LC109108,HCV,1b,100
LC109109,HCV,3a,100
PV184557,HCV,1a,100
LC109112,HCV,4a,100
LC109110,HCV,1b,100
LC109111,HCV,1b,100
LC109115,HCV,1a,100
LC109116,HCV,4a,100
LC109114,HCV,4a,100
LC109117,HCV,4d,100
LC109119,HCV,3a,100
PV184554,HCV,1a,100
PV184560,HCV,1a,100
LC109121,HCV,4d,100
LC109122,HCV,1b,100
LC109144,HCV,1b,100
LC109145,HCV,4d,100
LC109146,HCV,4a,100
LC109147,HCV,1b,100
LC109148,HCV,1b,100
MG821668,HCV,1a,100
MG821662,HCV,1a,100
MG821669,HCV,1a,100
MG821671,HCV,1a,100
MG821670,HCV,1a,100
EU781796,HCV,1a,100
MG821672,HCV,1a,100
EU781799,HCV,1a,100
MG821666,HCV,1a,100
MG821673,HCV,1a,100
MG821674,HCV,1a,100
MG821677,HCV,1a,100
MG821676,HCV,1a,100
MG821682,HCV,1a,100
MG821675,HCV,1a,100
MG821683,HCV,1a,100
MG821678,HCV,1a,100
EU781803,HCV,1a,100
MG821685,HCV,1a,100
MG821688,HCV,1a,100
MG821687,HCV,1a,100
MG821686,HCV,1a,100
MG821691,HCV,1a,100
MG821689,HCV,1a,100
EU781791,HCV,1a,100
MG821690,HCV,1a,100
MG821692,HCV,1a,100
MG821696,HCV,1a,100
MG821697,HCV,1a,100
MG821699,HCV,1a,100
MG821701,HCV,1a,100
MG821702,HCV,1a,100
MG821684,HCV,1a,100
MG821681,HCV,1a,100
EU781797,HCV,1a,100
MG821703,HCV,1a,100
MG821704,HCV,1a,100
MG821705,HCV,1a,100
MG821709,HCV,1a,100
MG821707,HCV,1a,100
MG821708,HCV,1a,100
MG821694,HCV,1a,100
MG821706,HCV,1a,100
MG821712,HCV,1a,100
MG821715,HCV,1a,100
MG821711,HCV,1a,100
MG821717,HCV,1a,100
EU781795,HCV,1a,100
MG821716,HCV,1a,100
MG821718,HCV,1a,100
MG821719,HCV,1a,100
MG821720,HCV,1a,100
EU781798,HCV,1a,100
MG821693,HCV,1a,100
MG821710,HCV,1a,100
MG821723,HCV,1a,100
MG821725,HCV,1a,100
MG821727,HCV,1a,100
MG821728,HCV,1a,100
MG821730,HCV,1a,100
MG821724,HCV,1a,100
MG821734,HCV,1a,100
MG821733,HCV,1a,100
MG821735,HCV,1a,100
MG821736,HCV,1a,100
MG821721,HCV,1a,100
MG821738,HCV,1a,100
MG821722,HCV,1a,100
MG821726,HCV,1a,100
MG821729,HCV,1a,100
MG821741,HCV,1a,100
EU781802,HCV,1a,100
MG821740,HCV,1a,100
MG821743,HCV,1a,100
MG821745,HCV,1b,100
MG821746,HCV,1b,100
MG821742,HCV,1a,100
MG821744,HCV,1b,100
MG821751,HCV,1b,100
MG821754,HCV,1b,100
MG821757,HCV,1b,100
MG821749,HCV,1b,100
MG821755,HCV,1b,100
MG821758,HCV,1b,100
MG821737,HCV,1a,100
MG821760,HCV,1b,100
MG821761,HCV,1b,100
MG821764,HCV,1b,100
MG821762,HCV,1b,100
MG821772,HCV,1b,100
MG821774,HCV,1b,100
MG821773,HCV,1b,100
MG821768,HCV,1b,100
MG821769,HCV,1b,100
MG821776,HCV,1b,100
MG821766,HCV,1b,100
MG821775,HCV,1b,100
MG821731,HCV,1a,100
MG821756,HCV,1b,100
MG821777,HCV,1b,100
MG821782,HCV,2j,85
MG821780,HCV,2b,63
MG821786,HCV,2c,100
MG821784,HCV,2a,100
MG821783,HCV,2a,100
MG821785,HCV,2c,100
MG821796,HCV,3a,100
MG821759,HCV,1b,100
MG821793,HCV,3a,100
MG821795,HCV,3a,100
MG821794,HCV,3a,100
MG821797,HCV,3a,100
MG821791,HCV,3a,100
MG821798,HCV,3a,100
MG821789,HCV,3a,100
MG821804,HCV,3a,100
EU781804,HCV,1a,100
MG821790,HCV,3a,100
MG821806,HCV,3a,100
MG821808,HCV,3a,100
MG821805,HCV,3a,100
MG821810,HCV,3a,100
MG821811,HCV,3a,100
MG821809,HCV,3a,100
MG821813,HCV,3a,100
MG821815,HCV,3a,100
MG821644,HCV,1a,100
MG821645,HCV,1a,100
MG821643,HCV,1a,100
MG821646,HCV,1a,100
MG821647,HCV,1a,100
LC109228,HCV,3a,100
LC109185,HCV,4a,100
LC109241,HCV,1b,100
PP164905,HCV,1b,100
PP164907,HCV,3a,100
PP164906,HCV,3a,100
MG821651,HCV,1a,100
MG821650,HCV,1a,100
PP164908,HCV,6i,100
PP164909,HCV,6c,100
LC109236,HCV,4d,100
MG821649,HCV,1a,100
PP164910,HCV,6f,100
MG821653,HCV,1a,100
MG821654,HCV,1a,100
MG821655,HCV,1a,100
MG821657,HCV,1a,100
MG821658,HCV,1a,100
MG821656,HCV,1a,100
MG821659,HCV,1a,100
PP164902,HCV,3b,100
MG821652,HCV,1a,100
PP164901,HCV,1a,100
PV184474,HCV,"unassigned_1, 1a-3a",NA
PV184471,HCV,3a,100
PV184473,HCV,3a,100
PV184472,HCV,3a,100
KF292864,HCV,3b,100
KF292862,HCV,3b,100
KF292863,HCV,3b,100
KF292852,HCV,3b,100
KF437683,HCV,3a,100
KF292866,HCV,3b,100
KF437684,HCV,3a,100
KF437687,HCV,1a,100
KF292855,HCV,3b,100
PP164887,HCV,6n,100
PP164896,HCV,6f,100
PP164983,HCV,3a,100
PP164985,HCV,3a,100
KP057713,HCV,1b,100
KP057712,HCV,1b,100
KP057715,HCV,1b,100
PP165008,HCV,6f,100
DQ666261,HCV,1a,100
DQ666263,HCV,2b,100
DQ666262,HCV,1b,100
DQ666266,HCV,1b,100
LC109133,HCV,4d,100
LC109174,HCV,4r,100
LC109235,HCV,4d,100
LC109239,HCV,1b,100
LC109238,HCV,3a,100
LC109240,HCV,4d,100
LC109242,HCV,4l,100
LC109168,HCV,3a,100
LC109237,HCV,1b,100
MG821648,HCV,1a,100
PP164917,HCV,1a,100
PP164913,HCV,1a,100
PP164918,HCV,1a,100
PP164899,HCV,1a,100
PP164920,HCV,6f,100
PP164921,HCV,1a,100
PP164919,HCV,1a,100
PP164900,HCV,1b,100
PP164925,HCV,1b,100
PP164915,HCV,1b,100
PP164914,HCV,1b,100
PP164911,HCV,3a,100
PP164931,HCV,1b,100
PP164916,HCV,1a,100
PP164922,HCV,3a,100
PP164923,HCV,1a,100
PP164935,HCV,3a,100
PP164937,HCV,6f,100
PP164930,HCV,3a,100
PP164933,HCV,3a,100
PP164929,HCV,6n,100
PP164938,HCV,3a,100
PP164936,HCV,1a,100
PP164934,HCV,1b,100
PP164939,HCV,1a,100
PP164940,HCV,1a,100
PP164949,HCV,6f,100
PP164952,HCV,3a,100
PP164950,HCV,6n,100
PP164961,HCV,3a,100
PP164960,HCV,3a,100
PP164962,HCV,6i,100
PP164924,HCV,1b,100
PP164945,HCV,3a,100
PP164967,HCV,1a,100
PP164992,HCV,1a,100
PP164989,HCV,6n,100
PP164972,HCV,1a,100
PP164966,HCV,1a,100
PP164996,HCV,1b,100
PP164994,HCV,1a,100
PP164987,HCV,1a,100
PP164990,HCV,3a,100
PP164991,HCV,1a,100
JN426996,HCV,1a,100
JN427004,HCV,3a,100
JN427001,HCV,3a,100
JN427008,HCV,3a,100
JN427005,HCV,3a,100
JN427007,HCV,3a,100
JN427010,HCV,3a,100
KP057694,HCV,1b,100
KP057723,HCV,1b,100
KP057698,HCV,1b,100
KP057725,HCV,1b,100
KP057731,HCV,1a,100
KP057721,HCV,1b,100
KP057724,HCV,1b,100
KP057696,HCV,1b,100
KP057728,HCV,1b,100
KP057730,HCV,1a,100
KP057733,HCV,1a,100
KP057726,HCV,1b,100
KP057735,HCV,1a,100
KP057732,HCV,1a,100
KP057752,HCV,1a,100
KP057734,HCV,1a,100
KP057753,HCV,1a,100
KP057755,HCV,1a,100
KP057756,HCV,1a,100
KP057754,HCV,1a,100
PP164995,HCV,6n,100
KP057757,HCV,1a,100
KP057760,HCV,2b,100
KP057727,HCV,1b,100
KP057763,HCV,2b,100
KP057697,HCV,1b,100
KP057764,HCV,2a,100
KP057761,HCV,2b,100
JN427003,HCV,1a,100
KP057765,HCV,2a,100
KP057770,HCV,3a,100
KP057729,HCV,1a,100
KP057771,HCV,3a,100
KP057766,HCV,3a,100
KP057767,HCV,3a,100
KP057772,HCV,3a,100
KP057769,HCV,3a,100
KP057773,HCV,3a,100
DQ663600,HCV,6a,100
KP057774,HCV,3a,100
KP057777,HCV,3a,100
DQ663601,HCV,6a,100
DQ663605,HCV,1a,100
KP057758,HCV,2b,100
DQ663599,HCV,6a,100
DQ663603,HCV,3a,100
DQ663604,HCV,6a,100
DQ663607,HCV,6a,100
DQ663610,HCV,1a,100
DQ666243,HCV,6a,100
DQ666249,HCV,1b,100
LC109149,HCV,4r,100
LC109150,HCV,1a,100
LC109152,HCV,1b,100
LC109151,HCV,4a,100
LC109153,HCV,4a,100
LC109155,HCV,3a,100
LC109118,HCV,4d,100
LC109156,HCV,1b,100
PV184567,HCV,3a,100
LC109157,HCV,4r,100
PV184561,HCV,3a,100
LC109163,HCV,1b,100
LC109187,HCV,1a,92
LC109188,HCV,1a,100
LC109190,HCV,4d,100
LC109191,HCV,4d,100
LC109186,HCV,4r,100
LC109189,HCV,4d,100
LC109194,HCV,1a,100
LC109192,HCV,1b,100
LC109193,HCV,4d,100
LC109195,HCV,4a,100
LC109158,HCV,4d,100
LC109198,HCV,4d,100
LC109154,HCV,1b,100
LC109200,HCV,4a,100
LC109196,HCV,4r,100
LC109207,HCV,4a,100
LC109206,HCV,4d,100
LC109208,HCV,4d,100
LC109210,HCV,4o,67
LC109212,HCV,4d,100
LC109211,HCV,4a,100
LC109209,HCV,1b,100
PV184556,HCV,3a,100
LC109214,HCV,4d,100
LC109216,HCV,4d,100
LC109215,HCV,4d,100
LC109217,HCV,1b,100
LC109199,HCV,4d,100
LC109218,HCV,1a,100
LC109197,HCV,4d,100
LC109220,HCV,4r,100
LC109219,HCV,1b,100
LC109221,HCV,4n,100
LC109222,HCV,1b,100
LC109223,HCV,4d,100
LC109224,HCV,4a,100
LC109246,HCV,1b,100
LC109245,HCV,1b,100
LC109244,HCV,4d,100
LC109248,HCV,4d,100
LC109250,HCV,4a,100
LC109247,HCV,1b,100
LC109249,HCV,4d,100
LC109252,HCV,1b,100
LC109253,HCV,4d,100
LC109256,HCV,4d,100
LC109255,HCV,4r,100
LC109257,HCV,4d,68
LC109254,HCV,2c,100
LC109260,HCV,4a,100
LC109258,HCV,4a,100
EU781749,HCV,1a,100
EU781748,HCV,1a,100
EU781750,HCV,1a,100
EU781752,HCV,1a,100
EU781761,HCV,1a,100
EU781756,HCV,1a,100
EU781759,HCV,1a,100
EU781751,HCV,1a,100
EU781765,HCV,1a,100
EU781754,HCV,1a,100
EU781755,HCV,1a,100
EU781753,HCV,1a,100
EU781760,HCV,1a,100
EU781757,HCV,1a,100
EU781758,HCV,1a,100
EU781763,HCV,1a,100
EU781762,HCV,1a,100
EU781767,HCV,1a,100
EU781771,HCV,1a,100
EU781766,HCV,1a,100
EU781770,HCV,1a,100
EU781769,HCV,1a,100
EU781773,HCV,1a,100
EU781776,HCV,1a,100
EU781774,HCV,1a,100
EU781775,HCV,1a,100
EU781768,HCV,1a,100
EU781764,HCV,1a,100
EU781779,HCV,1a,100
EU781772,HCV,1a,100
EU781784,HCV,1a,100
EU781777,HCV,1a,100
EU781785,HCV,1a,100
EU781780,HCV,1a,100
EU781782,HCV,1a,100
EU781783,HCV,1a,100
EU781781,HCV,1a,100
EU781787,HCV,1a,100
EU781786,HCV,1a,100
EU781778,HCV,1a,100
EU781788,HCV,1a,100
EU781793,HCV,1a,100
EU781790,HCV,1a,100
EU781792,HCV,1a,100
MG821638,HCV,1a,100
MG821636,HCV,1a,100
MG821637,HCV,1a,100
MG821640,HCV,1a,100
MG821641,HCV,1a,100
MG821642,HCV,1a,100
MG821660,HCV,1a,100
MG821661,HCV,1a,100
MG821663,HCV,1a,100
MG821664,HCV,1a,100
MG821639,HCV,1a,100
MG821665,HCV,1a,100
MG821667,HCV,1a,100
MG821816,HCV,3a,100
MG821817,HCV,3a,100
MG821781,HCV,2b,53
MG821807,HCV,3a,100
MG821825,HCV,3a,100
MG821822,HCV,3a,100
MG821819,HCV,3a,100
MG821821,HCV,3a,100
MG821826,HCV,3a,100
MG821828,HCV,3a,100
EU781801,HCV,1a,100
MG821827,HCV,3a,100
MG821792,HCV,3a,100
MG821831,HCV,4a,100
MG821829,HCV,4a,100
MG821832,HCV,4a,100
MG821834,HCV,4a,100
MG821837,HCV,4a,100
MG821836,HCV,4a,100
EU781789,HCV,1a,100
MG821840,HCV,4a,100
MG821830,HCV,4a,100
MG821839,HCV,4a,100
MG821844,HCV,4a,100
MG821843,HCV,4a,100
MG821838,HCV,4a,100
MG821845,HCV,4a,100
MG821846,HCV,4a,100
MG821848,HCV,4a,100
MG821847,HCV,4a,100
MG821833,HCV,4a,100
MG821849,HCV,4a,100
MG821852,HCV,4a,100
MG821823,HCV,3a,100
MG821853,HCV,4w,100
MG821856,HCV,4d,100
MG821857,HCV,4d,100
MG821855,HCV,4d,100
MG821818,HCV,3a,100
MG821860,HCV,4d,100
MG821862,HCV,4d,100
MG821864,HCV,4f,100
KU870927,HCV,1a,100
MG821851,HCV,4a,100
KU870928,HCV,1a,100
MG821865,HCV,4k,100
KU870930,HCV,1a,100
KU870931,HCV,1a,100
KU870929,HCV,1a,100
KU870934,HCV,1a,100
KU870935,HCV,1a,100
KU870940,HCV,1b,100
MG821824,HCV,3a,100
MG821835,HCV,4a,100
KU870939,HCV,1b,100
KU870949,HCV,1b,100
KU870948,HCV,1b,100
KU870952,HCV,1e,100
KU870953,HCV,2c,100
KU870955,HCV,2c,100
KU870956,HCV,2c,100
KU870957,HCV,2c,100
KU870959,HCV,3a,100
KU870960,HCV,3a,100
KU870967,HCV,4d,100
KU870969,HCV,4d,100
KU870972,HCV,4m,100
KU870973,HCV,4m,100
AB081031,HCV,1b,100
AB081035,HCV,1b,100
AB081032,HCV,1b,100
AB081033,HCV,1b,100
AB081036,HCV,1b,100
AB081037,HCV,1b,100
AB081038,HCV,1b,100
AB081039,HCV,1b,100
AB081041,HCV,1b,100
AB081042,HCV,1b,100
AB081043,HCV,1b,100
KU870974,HCV,5a,100
KU870971,HCV,4d,100
AB081045,HCV,1b,100
AB081046,HCV,1b,100
AB081044,HCV,1b,100
AB081049,HCV,1b,100
AB081050,HCV,1b,100
AB081052,HCV,1b,100
AB081051,HCV,1b,100
AB081053,HCV,1b,100
AB081054,HCV,1b,100
AB081057,HCV,1b,100
AB081056,HCV,1b,100
AB081058,HCV,1b,100
AB081059,HCV,1b,100
AB081061,HCV,1b,100
AB081060,HCV,1b,100
KU870970,HCV,4d,100
AB081063,HCV,3a,100
AB081062,HCV,3a,100
AB081064,HCV,3a,100
AB081066,HCV,2k,100
AB081067,HCV,2a,100
AB081065,HCV,2k,100
AB081068,HCV,1a,100
KU871285,HCV,4d,100
KU871280,HCV,5a,100
KU871281,HCV,5a,100
KU871278,HCV,2b,100
KU871290,HCV,4a,100
KU871277,HCV,2b,100
KU871291,HCV,4a,100
KU871279,HCV,5a,100
KU871286,HCV,4d,100
KU871283,HCV,4d,100
KU871276,HCV,2b,100
KU871287,HCV,4d,100
KU871289,HCV,4a,100
KU871288,HCV,4m,100
KU871295,HCV,3a,100
KU871304,HCV,"unassigned_1, 1a-3a",NA
KU871305,HCV,"unassigned_1, 1a-2b",NA
KU871297,HCV,3a,100
KU871299,HCV,3a,100
KF292831,HCV,3b,100
KU871293,HCV,4a,100
KF292846,HCV,3b,100
KF292848,HCV,3b,100
KF292851,HCV,3b,100
KF292850,HCV,3b,100
KF292853,HCV,3b,100
KF292857,HCV,3b,100
KF292856,HCV,3b,100
KF292861,HCV,3b,100
KF292842,HCV,3b,100
KU871300,HCV,1a,100
KF292860,HCV,3b,100
KF292854,HCV,3b,100
KU871302,HCV,1a,100
KF437685,HCV,1a,100
KU871307,HCV,1b,100
KF292859,HCV,3b,100
KU871306,HCV,1a,100
KF292865,HCV,3b,100
PP164888,HCV,3a,100
PP164891,HCV,6f,100
PP164892,HCV,3b,100
PP164976,HCV,1a,100
PP164975,HCV,6f,100
PP164978,HCV,3a,100
PP164898,HCV,6f,100
PP164979,HCV,6f,100
PP164981,HCV,3a,100
PP164984,HCV,6n,100
PP164998,HCV,1a,100
PP164999,HCV,3a,100
PP164982,HCV,6f,100
PP165000,HCV,3a,100
PP165001,HCV,3a,100
PP165004,HCV,3a,100
PP165006,HCV,3a,100
PP165003,HCV,1b,100
PP164974,HCV,1a,100
KP057706,HCV,1b,100
KP057705,HCV,1b,100
KP057707,HCV,1b,100
PP165009,HCV,1b,100
KP057709,HCV,1b,100
KP057708,HCV,1b,100
KP057710,HCV,1b,100
KP057711,HCV,1b,100
KP057717,HCV,1b,100
KP057714,HCV,1b,100
KP057719,HCV,1b,100
KP057716,HCV,1b,100
KP057736,HCV,1a,100
PP165002,HCV,3a,100
KP057739,HCV,1a,100
KP057737,HCV,1a,100
KP057742,HCV,1a,100
KP057745,HCV,1a,100
KP057741,HCV,1a,100
KP057738,HCV,1a,100
KP057744,HCV,1a,100
DQ666252,HCV,1b,100
DQ666253,HCV,6a,100
DQ666255,HCV,1b,100
DQ666256,HCV,1b,100
DQ666254,HCV,1a,100
DQ666257,HCV,1a,100
DQ666258,HCV,3a,100
DQ666259,HCV,2a,100
DQ666260,HCV,6a,100
DQ666267,HCV,3a,100
DQ666268,HCV,6a,100
KP057747,HCV,1a,100
DQ666264,HCV,6a,100
KU871310,HCV,6a,100
KP057740,HCV,1a,100
LC109125,HCV,4d,100
LC109127,HCV,1g,67
LC109126,HCV,4a,100
LC109128,HCV,4d,82
LC109131,HCV,1b,100
LC109124,HCV,4d,100
KU871311,HCV,6a,100
LC109129,HCV,4a,100
LC109132,HCV,4a,100
LC109130,HCV,1b,100
KP057750,HCV,1a,100
LC109135,HCV,4d,100
LC109138,HCV,1b,100
LC109140,HCV,4d,100
LC109141,HCV,4a,100
LC109139,HCV,1a,100
LC109164,HCV,1a,100
LC109165,HCV,4d,100
LC109137,HCV,4a,100
DQ666265,HCV,6n,100
LC109142,HCV,1a,100
LC109169,HCV,1b,100
LC109167,HCV,1b,100
LC109170,HCV,4d,99
LC109166,HCV,4a,100
LC109171,HCV,1a,100
LC109172,HCV,4d,88
LC109175,HCV,4a,100
LC109177,HCV,4a,100
LC109176,HCV,4d,100
LC109180,HCV,4d,100
LC109178,HCV,4a,100
LC109179,HCV,4d,100
LC109182,HCV,4d,100
LC109136,HCV,2c,100
LC109183,HCV,4a,100
LC109184,HCV,1a,100
LC109226,HCV,1a,100
LC109225,HCV,4a,100
LC109229,HCV,4a,100
LC109227,HCV,4a,100
LC109134,HCV,4a,100
LC109230,HCV,4d,100
LC109231,HCV,4a,100
LC109233,HCV,4d,100
LC109232,HCV,4a,93
LC109234,HCV,4d,100
LC109243,HCV,4d,100
KF292841,HCV,3b,100
KU871298,HCV,3a,100
KF292839,HCV,3b,100
KF292843,HCV,3b,100
JX183288,HCV,1b,100
OR477062,HCV,4f,100
L38382,HCV,6o,100
L38376,HCV,4a,100
L44602,HCV,2j,89
L44597,HCV,4k,100
L44603,HCV,4a,100
D10642,HCV,1b,100
D10641,HCV,1b,100
D10643,HCV,1b,100
KC351604,HCV,3a,100
OR520343,HCV,1e,100
L38369,HCV,6h,100
L38368,HCV,2c,100
EU123166,HCV,1a,100
OR520323,HCV,1e,100
OR529264,HCV,2j,93
OR529261,HCV,1e,100
OR765771,HCV,1e,100
OR520368,HCV,4f,100
OR520370,HCV,4t,51
OR520374,HCV,1l,100
OR529250,HCV,1l,100
OR520364,HCV,1e,100
OR520365,HCV,1c,50
OR520363,HCV,4f,100
EU123153,HCV,1a,100
KF437697,HCV,1b,100
KF437701,HCV,1b,100
KF437700,HCV,1b,100
KF437705,HCV,1b,100
KF437699,HCV,1b,100
KF437696,HCV,1b,100
KF437702,HCV,1b,100
OR520372,HCV,1h,100
OR529253,HCV,1l,100
OR529254,HCV,1e,100
OR529252,HCV,4f,100
OR529256,HCV,4t,100
OR520367,HCV,4f,100
OR520369,HCV,1e,100
KF437706,HCV,1b,100
OR765773,HCV,1e,100
OR765774,HCV,2a,83
OR765778,HCV,4f,100
OR765776,HCV,4f,100
OR765777,HCV,4p,99
OR765779,HCV,4f,100
KF437712,HCV,6h,100
KF437707,HCV,1c,100
KF437703,HCV,1b,100
KF437704,HCV,1b,100
KF437708,HCV,6h,100
KF437711,HCV,6h,100
KF437713,HCV,6h,100
KF437714,HCV,6h,100
KF437715,HCV,6l,86
KF437716,HCV,6l,83
KF437709,HCV,6h,100
KX646270,HCV,1a,100
KF437718,HCV,3g,100
KF437719,HCV,3g,100
KF437717,HCV,6l,83
KF437710,HCV,6h,100
JX183290,HCV,6a,100
JX183333,HCV,6a,100
KX646271,HCV,1a,100
KX646272,HCV,1a,100
KX646274,HCV,1a,100
JX183284,HCV,3a,100
JX183282,HCV,1b,100
JX183281,HCV,1a,100
JX183289,HCV,2a,100
JX183285,HCV,1b,100
JX183283,HCV,3b,100
JX183335,HCV,1a,100
JX183286,HCV,3a,100
LC538261,HCV,5a,100
JQ679032,HCV,2a,88
KX646273,HCV,1a,100
JQ679028,HCV,2j,100
KX646275,HCV,1a,100
JQ679031,HCV,2a,97
JQ679043,HCV,1l,99
JQ679045,HCV,1l,97
JQ679047,HCV,1l,42
LC484052,HCV,5a,100
LC484058,HCV,5a,80
LC484055,HCV,5a,100
EU123124,HCV,2b,100
EU123121,HCV,2a,100
JQ679061,HCV,1c,68
JQ679060,HCV,1b,99
EU123128,HCV,2b,100
EU123139,HCV,1a,100
EU123137,HCV,1a,100
LC484050,HCV,5a,100
EU123190,HCV,1a,100
EU123191,HCV,1a,100
EU123232,HCV,1a,100
EU123227,HCV,1a,100
EU123226,HCV,1a,100
EU123233,HCV,2b,100
EU123234,HCV,1a,100
EU123235,HCV,1a,100
EU123196,HCV,1a,100
EU123236,HCV,1a,100
EU123252,HCV,1a,100
EU123214,HCV,1a,100
EU123258,HCV,2a,100
EU123256,HCV,2b,100
EU123237,HCV,2b,100
EU123260,HCV,1a,100
EU123273,HCV,1a,100
EU123274,HCV,1a,100
EU123275,HCV,1a,100
EU123269,HCV,1a,100
EU123151,HCV,1a,100
EU123280,HCV,1a,100
EU123276,HCV,1a,100
EU123175,HCV,2b,100
EU123174,HCV,2b,100
EU123239,HCV,1a,100
EU123268,HCV,1a,100
OR477038,HCV,4f,100
OR477035,HCV,1l,100
OR477041,HCV,4f,100
OR477043,HCV,4f,100
AF516049,HCV,3a,100
OR477048,HCV,4k,100
EU123302,HCV,1a,100
EU123299,HCV,1a,100
EU123287,HCV,1a,100
EU123285,HCV,1a,100
EU123247,HCV,1a,100
EU123286,HCV,2b,100
KR855592,HCV,1a,100
KR855589,HCV,1a,100
KR855588,HCV,1a,100
KR855587,HCV,1a,100
KR855586,HCV,1a,100
KR855584,HCV,1a,100
KR855595,HCV,1a,100
KR855582,HCV,1a,100
KR855581,HCV,1a,100
KR855596,HCV,1a,100
KR855599,HCV,1a,100
KR855590,HCV,1a,100
KR855579,HCV,1a,100
KR855601,HCV,1a,100
KR855603,HCV,1a,100
KR855602,HCV,1a,100
KR855593,HCV,1a,100
KR855598,HCV,1a,100
KR855583,HCV,1a,100
KR855597,HCV,1a,100
KR855594,HCV,1a,100
KR855591,HCV,1a,100
KR855600,HCV,1a,100
EU123154,HCV,1a,100
KR855607,HCV,1a,100
KR855613,HCV,1a,100
KR855605,HCV,1a,100
KR855612,HCV,1a,100
OR610546,HCV,3a,100
KR855606,HCV,1a,100
KR855604,HCV,1a,100
KR855616,HCV,1a,100
KR855615,HCV,1a,100
KR855621,HCV,1a,100
OR610548,HCV,1a,100
KR855608,HCV,1a,100
KR855610,HCV,1a,100
OR610550,HCV,1a,100
KR855619,HCV,1a,100
OR610553,HCV,1b,100
OR610571,HCV,1a,100
OR610578,HCV,1a,100
OR610574,HCV,1a,100
KR855618,HCV,1a,100
KR855627,HCV,1a,100
OR610573,HCV,1a,100
OR610580,HCV,1a,100
OR610549,HCV,1a,100
KR855626,HCV,1a,100
OR610575,HCV,1a,100
AY257422,HCV,4d,100
KR855609,HCV,1a,100
KR855623,HCV,1a,100
OR610577,HCV,1a,100
AY257423,HCV,4a,100
AY257424,HCV,4a,100
AY257425,HCV,1b,100
AY257427,HCV,1b,100
AY257426,HCV,1b,100
KR855624,HCV,1a,100
AY257428,HCV,1a,100
AY257432,HCV,1b,100
AY257429,HCV,1b,100
AY257433,HCV,1b,100
KR855617,HCV,1a,100
AY257430,HCV,4k,37
AY257454,HCV,1b,100
AY257435,HCV,1b,100
AY257467,HCV,4d,100
AY257466,HCV,2c,100
AF515959,HCV,1a,100
AF515984,HCV,1a,100
AF515980,HCV,2c,100
AY257465,HCV,2b,56
AF515998,HCV,1b,100
AF515989,HCV,1b,100
AF516043,HCV,1a,100
AF516040,HCV,1b,100
AF516041,HCV,1b,100
AF516045,HCV,3a,100
AF516042,HCV,1a,100
OR477036,HCV,4f,100
OR477042,HCV,2j,89
KC351596,HCV,1b,100
KC351599,HCV,1b,100
KC351601,HCV,1b,100
KC351598,HCV,1b,100
KC351600,HCV,1b,100
KC351615,HCV,3a,100
KC351617,HCV,3a,100
KC351618,HCV,3a,100
KC351676,HCV,1a,100
OR490588,HCV,4f,100
OR520299,HCV,1e,100
OR520355,HCV,2j,52
OR520350,HCV,1l,100
OR520354,HCV,4f,100
AY257438,HCV,4f,100
AY257443,HCV,2k,100
AY257444,HCV,2c,100
AY257442,HCV,4a,100
AY257447,HCV,2a,91
AY257448,HCV,2b,100
AY257449,HCV,1b,100
AF515970,HCV,2i,97
AY257445,HCV,2c,100
AF515972,HCV,3a,100
AF515973,HCV,3a,100
AF515971,HCV,2i,99
AY257461,HCV,2b,100
AF516004,HCV,1b,100
AF516007,HCV,1a,100
AF516009,HCV,1a,100
AF515992,HCV,1b,100
AF516011,HCV,1b,100
AF516006,HCV,1b,100
AF516021,HCV,1b,100
AF515988,HCV,1b,100
AF516023,HCV,2c,100
AF516024,HCV,2c,100
AF516026,HCV,2i,100
AF516065,HCV,1b,100
AF516066,HCV,1b,100
AF516061,HCV,1b,100
OR477045,HCV,2j,95
AF516059,HCV,1b,100
KC351580,HCV,1b,100
KC351635,HCV,1a,100
KC351653,HCV,1a,100
KC351657,HCV,1a,100
KC351659,HCV,1a,100
KC351663,HCV,1a,100
KC351658,HCV,1a,100
KC351711,HCV,1a,100
KC351731,HCV,1a,100
KC351732,HCV,1a,100
OR490548,HCV,4f,100
KC351710,HCV,1a,100
OR490549,HCV,2b,38
KC351708,HCV,1a,100
OR520319,HCV,1e,100
OR520320,HCV,2j,51
OR520309,HCV,2q,64
OR520298,HCV,1e,100
OR520332,HCV,4f,100
OR520324,HCV,4f,100
OR520335,HCV,4f,100
OR529249,HCV,1a,49
OR529251,HCV,4k,100
OR529257,HCV,4l,60
OR529255,HCV,2j,96
OR529258,HCV,2j,30
OR529279,HCV,4f,99
OR529276,HCV,4r,88
OR529277,HCV,4f,100
EU123179,HCV,2b,100
OR529272,HCV,1l,100
OR765775,HCV,1e,100
OR529281,HCV,1e,100
EU123288,HCV,2b,100
EU123291,HCV,2b,100
EU123290,HCV,1a,100
EU123297,HCV,1a,100
EU123255,HCV,2b,100
EU123293,HCV,1a,100
OR477030,HCV,4p,69
AF516060,HCV,1b,100
OR477026,HCV,4f,100
OR477028,HCV,2j,68
OR477032,HCV,1e,100
OR477033,HCV,1h,100
OR477034,HCV,2j,94
OR477040,HCV,2a,58
OR477047,HCV,2m,46
OR477046,HCV,2j,100
OR477050,HCV,4f,100
AF516055,HCV,4d,100
OR477055,HCV,1h,100
AF516037,HCV,1b,100
OR477054,HCV,1b,72
OR477056,HCV,4f,100
EU123295,HCV,1a,100
EU123294,HCV,1a,100
EU123296,HCV,2b,100
EU123298,HCV,1a,100
EU123300,HCV,1a,100
EU123301,HCV,1a,100
EU123272,HCV,2a,100
EU123289,HCV,1a,100
EU123292,HCV,1a,100
KR855585,HCV,1a,100
KR855580,HCV,1a,100
OR610551,HCV,1a,100
OR477053,HCV,1l,100
OR477052,HCV,1l,49
OR477063,HCV,4m,74
OR477060,HCV,1h,100
OR477061,HCV,4f,100
OR477059,HCV,1l,99
OR477057,HCV,4f,100
OR477065,HCV,4f,82
OR477067,HCV,1h,100
OR477064,HCV,4f,100
OR477066,HCV,2j,74
OR477068,HCV,2j,80
OR477071,HCV,4f,100
OR477070,HCV,1b,66
OR610561,HCV,1a,100
OR610559,HCV,1b,100
OR610555,HCV,1a,100
OR610562,HCV,1a,100
OR610554,HCV,1a,100
OR610568,HCV,1a,100
OR610566,HCV,3a,100
OR610569,HCV,1b,100
KR855614,HCV,1a,100
OR610570,HCV,3a,100
OR610572,HCV,1a,100
AY257431,HCV,2a,56
AY257434,HCV,3a,100
KR855622,HCV,1a,100
AY257437,HCV,2j,97
KR855628,HCV,1a,100
AY257439,HCV,4f,100
L38356,HCV,1b,100
OR477069,HCV,1e,100
L38360,HCV,1b,100
L38361,HCV,1e,100
OR477037,HCV,4v,50
L38358,HCV,2c,100
L38357,HCV,2c,100
L38362,HCV,2c,100
L38363,HCV,2c,100
L38365,HCV,2c,100
L38364,HCV,2c,100
L38359,HCV,1a,100
L38367,HCV,2c,100
L38366,HCV,2c,100
L38370,HCV,4f,100
OR477049,HCV,1l,100
L38371,HCV,1b,87
L38374,HCV,2a,100
L38372,HCV,1b,100
L38373,HCV,2j,79
L38375,HCV,2c,100
OR477051,HCV,4f,100
L38379,HCV,6a,100
L38381,HCV,6e,100
L38380,HCV,6p,100
L44601,HCV,2a,66
L38378,HCV,1b,100
D10644,HCV,1b,100
D10650,HCV,2b,100
D10647,HCV,2a,100
D10646,HCV,1a,100
KC351579,HCV,1b,100
KC351582,HCV,1b,100
KC351577,HCV,4a,100
KC351578,HCV,4d,100
KC351583,HCV,1b,100
KC351581,HCV,1b,100
KC351586,HCV,1b,100
KC351587,HCV,1b,100
KC351585,HCV,1b,100
D10649,HCV,2b,100
D10648,HCV,2a,100
KC351589,HCV,1b,100
KC351592,HCV,1b,100
KC351588,HCV,1b,100
KC351595,HCV,1b,100
KC351594,HCV,1b,100
KC351590,HCV,1b,100
KC351591,HCV,1b,100
KC351593,HCV,1b,100
KC351605,HCV,3a,100
L38377,HCV,1b,100
KC351597,HCV,1b,100
KC351610,HCV,3a,100
KC351606,HCV,3a,100
KC351612,HCV,3a,100
KC351602,HCV,1b,100
KC351607,HCV,3a,100
KC351609,HCV,3a,100
KC351608,HCV,3a,100
KC351613,HCV,3a,100
KC351614,HCV,3a,100
KC351611,HCV,3a,100
L44604,HCV,3k,100
KC351624,HCV,3a,100
KC351623,HCV,3a,100
KC351625,HCV,3a,100
KC351619,HCV,3a,100
KC351621,HCV,3a,100
KC351627,HCV,3a,100
KC351584,HCV,1b,100
KC351626,HCV,3a,100
KC351616,HCV,3a,100
KC351631,HCV,3a,100
KC351620,HCV,3a,100
D10645,HCV,1b,100
KC351630,HCV,3a,100
KC351636,HCV,1a,100
KC351629,HCV,3a,100
KC351634,HCV,3a,100
KC351632,HCV,3a,100
KC351637,HCV,1a,100
KC351640,HCV,1a,100
KC351643,HCV,1a,100
KC351642,HCV,1a,100
KC351638,HCV,1a,100
KC351644,HCV,1a,100
KC351646,HCV,1a,100
KC351639,HCV,1a,100
KC351650,HCV,1a,100
KC351647,HCV,1a,100
AY257440,HCV,4a,100
AY257436,HCV,1b,100
AY257450,HCV,1b,100
AY257446,HCV,2b,100
AY257441,HCV,4a,100
AY257453,HCV,1a,100
KR855625,HCV,1a,100
AY257451,HCV,1a,100
AY257452,HCV,1b,100
AY257455,HCV,1a,100
AY257457,HCV,2k,100
AY257460,HCV,2b,100
AY257464,HCV,2j,99
AF515960,HCV,1a,100
AF515958,HCV,1a,100
AY257456,HCV,2k,100
AY257458,HCV,2k,100
AY257462,HCV,2j,85
AY257463,HCV,2j,98
AF515962,HCV,1b,100
AF515961,HCV,1a,100
AF515965,HCV,1b,100
AF515963,HCV,1b,100
KR855620,HCV,1a,100
AF515964,HCV,1b,100
AF515967,HCV,1b,100
AF515966,HCV,1b,100
AF515969,HCV,2i,100
AF515974,HCV,4d,100
AF515976,HCV,5a,100
AF515975,HCV,4d,100
AF515977,HCV,5a,100
AF515978,HCV,2j,94
AF515985,HCV,1a,100
AF515981,HCV,2c,100
AY257459,HCV,2k,100
AF515983,HCV,1b,100
AF515979,HCV,2j,83
AF515982,HCV,1b,100
AF515987,HCV,1b,100
AF515994,HCV,1b,100
AF516001,HCV,1b,100
AF515990,HCV,1b,100
AF515995,HCV,2c,100
AF515997,HCV,1b,100
AF515991,HCV,1b,100
AF515999,HCV,1b,100
AF515993,HCV,1b,100
AF515996,HCV,2c,100
AF515986,HCV,1b,100
AF516003,HCV,1b,100
AF516002,HCV,1b,100
AF515968,HCV,2i,100
AF516008,HCV,1b,100
AF516013,HCV,1b,100
AF516014,HCV,1a,100
AF516012,HCV,1b,100
AF516018,HCV,1a,100
AF516017,HCV,1a,100
AF516015,HCV,1b,100
AF516019,HCV,1a,100
AF516020,HCV,1b,100
AF516016,HCV,1a,100
AF516025,HCV,2c,100
AF516027,HCV,2j,99
AF516022,HCV,2c,100
AF516000,HCV,1b,100
AF516029,HCV,2j,82
AF516034,HCV,2b,100
AF516030,HCV,2a,100
AF516036,HCV,1a,100
AF516033,HCV,2b,100
AF516032,HCV,2i,100
AF516035,HCV,1b,100
AF516039,HCV,1b,100
AF516010,HCV,1b,100
AF516005,HCV,1b,100
AF516038,HCV,1b,100
AF516044,HCV,3a,100
AF516031,HCV,2a,99
AF516046,HCV,5a,100
AF516048,HCV,3a,100
AF516050,HCV,3a,100
AF516051,HCV,5a,100
AF516047,HCV,3a,100
AF516056,HCV,4d,100
AF516052,HCV,1b,100
AF516054,HCV,4d,100
AF516053,HCV,4d,100
AF516057,HCV,4d,100
AF516063,HCV,1a,100
AF516058,HCV,1a,100
AF516062,HCV,1b,100
AF516064,HCV,1b,100
AF516028,HCV,2a,98
OR477029,HCV,1l,100
OR477027,HCV,4f,100
OR477031,HCV,1e,100
KC351661,HCV,1a,100
KC351656,HCV,1a,100
KC351665,HCV,1a,100
KC351603,HCV,2k,100
KC351628,HCV,3a,100
KC351666,HCV,1a,100
KC351667,HCV,1a,100
KC351670,HCV,1a,100
KC351672,HCV,1a,100
KC351678,HCV,1a,100
KC351674,HCV,1a,100
KC351673,HCV,1a,100
KC351679,HCV,1a,100
KC351675,HCV,1a,100
KC351682,HCV,1a,100
KC351680,HCV,1a,100
KC351683,HCV,1a,100
KC351681,HCV,1a,100
KC351685,HCV,1a,100
KC351684,HCV,1a,100
KC351686,HCV,1a,100
KC351677,HCV,1a,100
KC351687,HCV,1a,100
KC351691,HCV,1a,100
KC351688,HCV,1a,100
KC351664,HCV,1a,100
KC351695,HCV,1a,100
KC351697,HCV,1a,100
KC351690,HCV,1a,100
KC351692,HCV,1a,100
KC351693,HCV,1a,100
KC351694,HCV,1a,100
KC351696,HCV,1a,100
KC351700,HCV,1a,100
KC351655,HCV,1a,100
KC351703,HCV,1a,100
KC351633,HCV,3a,100
KC351704,HCV,1a,100
KC351701,HCV,1a,100
KC351698,HCV,1a,100
KC351706,HCV,1a,100
KC351699,HCV,1a,100
KC351705,HCV,1a,100
KC351707,HCV,1a,100
KC351712,HCV,1a,100
KC351714,HCV,1a,100
KC351713,HCV,1a,100
KC351717,HCV,1a,100
KC351709,HCV,1a,100
KC351671,HCV,1a,100
KC351715,HCV,1a,100
KC351716,HCV,1a,100
KC351721,HCV,1a,100
KC351722,HCV,1a,100
KC351720,HCV,1a,100
KC351723,HCV,1a,100
KC351724,HCV,1a,100
KC351719,HCV,1a,100
KC351718,HCV,1a,100
KC351727,HCV,1a,100
KC351728,HCV,1a,100
KC351726,HCV,1a,100
KC351730,HCV,1a,100
KC351729,HCV,1a,100
KC351725,HCV,1a,100
KC351734,HCV,1a,100
KC351733,HCV,1a,99
KC351738,HCV,1a,100
KC351737,HCV,1a,100
KC351740,HCV,1a,100
KC351735,HCV,1a,100
KC351739,HCV,1a,100
KC351689,HCV,1a,100
OR490539,HCV,2m,57
KC351742,HCV,1a,100
KC351741,HCV,1a,100
KC351736,HCV,1a,100
OR490543,HCV,4f,100
OR490541,HCV,1e,100
OR490545,HCV,1e,100
OR490542,HCV,2m,33
OR490547,HCV,1e,100
OR490544,HCV,2m,72
OR490546,HCV,1e,100
OR490550,HCV,2j,73
OR490551,HCV,2m,55
OR490555,HCV,4f,37
OR490553,HCV,4v,78
OR490557,HCV,2j,49
OR490556,HCV,2b,46
KC351702,HCV,1a,100
OR490554,HCV,2k,43
OR490559,HCV,2j,100
OR490566,HCV,2j,29
OR490561,HCV,1l,100
OR490563,HCV,4p,50
OR490565,HCV,2j,100
OR490567,HCV,1l,100
OR490569,HCV,2j,100
OR490564,HCV,2j,58
OR490568,HCV,1a,79
KC351651,HCV,1a,100
KC351641,HCV,1a,100
KC351645,HCV,1a,100
KC351649,HCV,1a,100
KC351654,HCV,1a,100
KC351652,HCV,1a,100
KC351648,HCV,1a,100
KC351662,HCV,1a,100
KC351660,HCV,1a,100
KC351668,HCV,1a,100
KC351622,HCV,3a,100
KC351669,HCV,1a,100
OR520315,HCV,4f,100
OR520313,HCV,4f,100
OR520317,HCV,2j,77
OR520316,HCV,4f,100
OR520322,HCV,1l,100
OR520318,HCV,4f,100
OR520312,HCV,2j,79
OR520326,HCV,1e,100
OR520327,HCV,1l,100
OR520321,HCV,4f,100
OR520329,HCV,4f,100
OR520330,HCV,2j,100
OR520325,HCV,1e,100
OR490586,HCV,4f,100
OR520328,HCV,4f,100
OR520333,HCV,4f,100
OR520336,HCV,1l,100
OR490540,HCV,2a,44
OR520339,HCV,2j,71
OR520314,HCV,4v,75
OR520334,HCV,1e,100
OR520341,HCV,2j,62
OR520340,HCV,1e,100
OR520337,HCV,1l,100
OR520346,HCV,1h,100
OR520342,HCV,4f,100
OR520344,HCV,2a,63
OR520347,HCV,4f,100
OR520349,HCV,1e,100
OR520348,HCV,1l,74
OR520345,HCV,4f,100
OR520352,HCV,1l,100
OR520351,HCV,1h,100
OR520358,HCV,2j,38
OR520356,HCV,1l,100
OR520360,HCV,2j,95
OR520357,HCV,2m,85
OR520359,HCV,1b,97
OR520353,HCV,2j,75
OR520362,HCV,2j,81
OR520361,HCV,1e,100
OR520366,HCV,4f,100
OR520371,HCV,4f,100
OR520338,HCV,1h,100
OR520331,HCV,1b,92
OR520373,HCV,2a,100
OR529260,HCV,1h,100
OR529262,HCV,4v,60
OR529267,HCV,1e,100
OR529265,HCV,1l,100
OR529266,HCV,4m,33
OR529268,HCV,2j,64
OR529263,HCV,4f,100
OR529259,HCV,4f,100
OR529271,HCV,1e,100
OR529270,HCV,4f,100
OR529275,HCV,4f,100
OR529274,HCV,2j,48
OR529273,HCV,1b,97
OR529280,HCV,2a,98
OR529278,HCV,1h,100
OR529282,HCV,1e,100
OR529290,HCV,1l,100
OR529292,HCV,2j,60
OR529289,HCV,2j,100
OR529285,HCV,2j,50
OR529286,HCV,1e,100
OR529283,HCV,1l,100
OR529288,HCV,1e,99
OR529291,HCV,2j,78
OR529294,HCV,1e,100
OR529293,HCV,4t,91
OR529284,HCV,4p,69
OR529287,HCV,4f,100
OR529295,HCV,1l,100
OR529269,HCV,4f,100
OR765772,HCV,4v,51
EU123157,HCV,1a,100
EU123161,HCV,1a,100
EU123167,HCV,1a,100
OR765782,HCV,1a,88
EU123169,HCV,2b,100
EU123163,HCV,1a,100
EU123168,HCV,2b,100
EU123170,HCV,2b,100
EU123172,HCV,2b,100
EU123162,HCV,1a,100
EU123164,HCV,1a,100
OR765783,HCV,1e,100
EU123159,HCV,1a,100
EU123155,HCV,1a,100
OR765780,HCV,4f,100
EU123158,HCV,1a,100
OR765781,HCV,4f,68
EU123165,HCV,1a,100
EU123160,HCV,1a,100
EU123156,HCV,1a,100
EU123171,HCV,2b,100
JX183336,HCV,3b,100
JX183337,HCV,6a,100
JX183339,HCV,3b,100
JX183334,HCV,1b,100
JX183338,HCV,1b,100
JX183340,HCV,3a,100
LC538234,HCV,5a,100
LC538235,HCV,1a,100
JX183341,HCV,3b,100
JX183342,HCV,6a,100
LC538236,HCV,1a,100
LC538238,HCV,5a,100
LC538245,HCV,1a,100
KF437698,HCV,1b,100
LC538244,HCV,1a,100
LC538240,HCV,5a,100
LC538247,HCV,5a,100
KX646279,HCV,1a,100
LC538239,HCV,5a,100
LC538243,HCV,1a,100
LC538252,HCV,1a,100
LC538248,HCV,5a,96
LC538251,HCV,1b,100
LC538250,HCV,1a,100
LC538254,HCV,1b,100
LC538258,HCV,1c,96
LC538256,HCV,2b,100
LC538260,HCV,5a,100
LC538255,HCV,1b,100
LC538257,HCV,2b,100
LC538259,HCV,1c,94
LC538253,HCV,2b,100
OR490562,HCV,1l,100
OR490570,HCV,1e,100
OR490575,HCV,1l,100
OR490571,HCV,4f,100
OR490572,HCV,2j,63
OR490573,HCV,1e,100
OR490576,HCV,4f,100
OR490574,HCV,1l,100
OR490577,HCV,1e,96
OR490580,HCV,4f,100
OR490579,HCV,4v,100
OR490560,HCV,4f,100
OR490583,HCV,4m,37
OR490578,HCV,4d,67
OR490587,HCV,4f,100
OR490584,HCV,2m,65
OR490585,HCV,4f,100
OR490582,HCV,2a,93
OR520302,HCV,1h,100
OR520301,HCV,4f,100
OR490581,HCV,2a,62
OR520300,HCV,4f,100
OR520304,HCV,4f,100
OR490558,HCV,2b,62
OR520303,HCV,4f,100
OR520305,HCV,4f,83
OR490552,HCV,2j,98
OR520308,HCV,1l,100
OR520307,HCV,4l,29
OR520306,HCV,1a,52
OR520310,HCV,1e,100
OR520311,HCV,1l,100
JQ679082,HCV,1b,34
EU123183,HCV,2b,100
EU123181,HCV,1a,100
EU123184,HCV,1a,100
EU123180,HCV,1a,100
EU123182,HCV,1a,100
EU123178,HCV,2b,100
EU123177,HCV,1a,100
EU123188,HCV,2b,100
EU123187,HCV,1a,100
EU123185,HCV,2b,100
EU123186,HCV,1a,100
EU123192,HCV,1a,100
EU123194,HCV,1a,100
EU123129,HCV,2b,100
EU123197,HCV,1a,100
EU123193,HCV,1a,100
EU123189,HCV,1a,100
EU123198,HCV,1a,100
EU123202,HCV,1a,100
EU123199,HCV,1a,100
EU123201,HCV,1a,100
EU123205,HCV,1a,100
EU123206,HCV,2b,100
EU123200,HCV,1a,100
EU123207,HCV,2b,100
EU123204,HCV,1a,100
EU123203,HCV,1a,100
LC538249,HCV,5a,100
LC538262,HCV,2b,100
EU123210,HCV,2b,100
EU123152,HCV,1a,100
JQ679033,HCV,2a,95
JQ679030,HCV,2a,100
LC538237,HCV,1a,100
JQ679038,HCV,1a,55
EU123144,HCV,1a,100
JQ679035,HCV,2a,99
JX183287,HCV,1b,100
EU123209,HCV,2a,100
LC538241,HCV,1a,100
JQ679037,HCV,1a,56
JQ679039,HCV,1c,34
JQ679040,HCV,1c,59
JQ679041,HCV,1l,40
EU123213,HCV,2b,100
JQ679029,HCV,2j,41
JQ679046,HCV,1b,41
JQ679050,HCV,1l,93
EU123216,HCV,1a,100
JQ679044,HCV,1l,67
JQ679049,HCV,1l,74
JQ679051,HCV,1b,98
JQ679048,HCV,1a,82
LC538242,HCV,1a,100
EU123211,HCV,2b,100
JQ679052,HCV,1c,92
JQ679059,HCV,1c,56
JQ679053,HCV,1c,90
EU123212,HCV,1a,100
JQ679062,HCV,1c,78
JQ679057,HCV,1c,92
JQ679058,HCV,1c,56
JQ679056,HCV,1c,98
EU123208,HCV,2b,100
JQ679054,HCV,1c,62
JQ679034,HCV,2j,59
JQ679066,HCV,1c,62
JQ679065,HCV,1l,53
EU123219,HCV,1a,100
JQ679064,HCV,1c,93
JQ679067,HCV,1c,97
JQ679068,HCV,1a,55
EU123217,HCV,1a,100
JQ679069,HCV,1a,85
JQ679070,HCV,1b,46
JQ679071,HCV,1b,100
JQ679036,HCV,2j,43
EU123220,HCV,1a,100
JQ679072,HCV,1b,100
JQ679074,HCV,1b,98
JQ679079,HCV,1c,48
JQ679077,HCV,1b,100
EU123218,HCV,1a,100
JQ679080,HCV,1b,60
JQ679042,HCV,1l,47
JQ679078,HCV,1b,94
EU123173,HCV,2b,100
EU123224,HCV,2a,100
EU123223,HCV,2b,100
EU123230,HCV,1a,100
EU123228,HCV,1a,100
EU123222,HCV,2b,100
JQ679076,HCV,1b,72
EU123225,HCV,1a,100
JQ679075,HCV,1b,100
EU123221,HCV,1a,100
JQ679087,HCV,1h,85
LC484048,HCV,1a,100
EU123229,HCV,1a,100
JQ679083,HCV,1b,97
LC484047,HCV,5a,100
EU123238,HCV,1a,100
JQ679081,HCV,1b,62
JQ679086,HCV,1a,49
JQ679085,HCV,1a,62
EU123243,HCV,1a,100
LC484049,HCV,5a,100
LC484051,HCV,5a,100
JQ679055,HCV,1c,95
LC484053,HCV,5a,100
LC484054,HCV,1a,100
EU123195,HCV,1a,100
LC484056,HCV,5a,100
EU123120,HCV,2a,100
EU123125,HCV,1a,100
EU123123,HCV,1a,100
EU123240,HCV,2b,100
EU123122,HCV,2b,100
EU123127,HCV,1a,100
LC484057,HCV,5a,100
JQ679063,HCV,1c,97
EU123242,HCV,1a,100
EU123131,HCV,1a,100
EU123126,HCV,1a,100
EU123132,HCV,1a,100
EU123244,HCV,1a,100
EU123130,HCV,1a,100
EU123134,HCV,1a,100
EU123133,HCV,1a,100
EU123241,HCV,1a,100
EU123136,HCV,2b,100
EU123135,HCV,2b,100
EU123141,HCV,1a,100
EU123140,HCV,1a,100
EU123246,HCV,1a,100
EU123145,HCV,1a,100
EU123138,HCV,1a,100
EU123143,HCV,1a,100
EU123245,HCV,1a,100
EU123142,HCV,2b,100
EU123147,HCV,1a,100
JQ679073,HCV,1b,61
EU123250,HCV,1a,100
JQ679084,HCV,1b,95
EU123150,HCV,1a,100
EU123146,HCV,1a,100
EU123253,HCV,1a,100
EU123149,HCV,1a,100
EU123148,HCV,1a,100
EU123176,HCV,1a,100
EU123249,HCV,2b,100
EU123248,HCV,1a,100
EU123254,HCV,1a,100
EU123215,HCV,1a,100
EU123257,HCV,1a,100
EU123259,HCV,2b,100
EU123251,HCV,2a,100
EU123263,HCV,1a,100
EU123264,HCV,1a,100
EU123265,HCV,1a,100
EU123261,HCV,1a,100
EU123271,HCV,1a,100
EU123270,HCV,2b,100
EU123266,HCV,1a,100
EU123267,HCV,2b,100
EU123231,HCV,1a,100
EU123262,HCV,2b,100
EU123279,HCV,2b,100
EU123278,HCV,1a,100
EU123283,HCV,1a,100
EU123284,HCV,1a,100
EU123277,HCV,2b,100
OR477044,HCV,2j,65
EU123281,HCV,1a,100
EU123282,HCV,1a,100
OR765793,HCV,1e,100
OR765794,HCV,1l,100
OR818236,HCV,4f,100
OR818237,HCV,2j,96
OR818238,HCV,2j,83
OR818233,HCV,1l,100
OR765800,HCV,4v,91
OR765801,HCV,4f,100
OR818259,HCV,2j,82
OR818257,HCV,4f,100
OR765799,HCV,4f,100
OR765804,HCV,2j,81
OR765805,HCV,4f,100
OR765802,HCV,4f,100
OR765811,HCV,4f,100
OR765808,HCV,4f,100
OR765806,HCV,1e,100
OR818296,HCV,1e,100
OR818278,HCV,1e,100
OR818280,HCV,1l,100
OR818282,HCV,1e,100
OR818246,HCV,2a,77
OR818284,HCV,4v,100
OR818321,HCV,4v,64
OR818316,HCV,1l,100
OR818315,HCV,4f,100
OR818329,HCV,2q,36
OR818330,HCV,1e,100
OR818332,HCV,1e,100
OR818331,HCV,4f,100
OR818333,HCV,4f,100
OR818334,HCV,4f,100
OR818335,HCV,1l,100
OR818286,HCV,4v,72
OR825181,HCV,1b,91
OR818343,HCV,2j,98
OR825142,HCV,4p,100
OR825143,HCV,1h,100
OR818313,HCV,4a,84
OR825159,HCV,4r,100
OR825163,HCV,4f,100
OR825164,HCV,4v,83
OR825166,HCV,4f,100
OR825165,HCV,4f,100
OR825182,HCV,4f,100
OR825185,HCV,1e,100
OR825184,HCV,2a,98
OR825201,HCV,2j,78
OR825205,HCV,4t,89
OR825187,HCV,1l,100
OR825276,HCV,4f,100
OR825277,HCV,1e,100
OR825273,HCV,4f,100
OR825215,HCV,1l,100
PP484725,HCV,4f,100
PP484708,HCV,1c,76
OR902270,HCV,4f,100
PP484726,HCV,4f,100
PP484770,HCV,1e,84
PP484748,HCV,1e,100
PP484745,HCV,1b,100
PP484750,HCV,2m,55
PP484776,HCV,1b,51
PP484752,HCV,4d,33
PP484791,HCV,4f,100
OR837051,HCV,1l,100
PP484771,HCV,2a,56
PP484794,HCV,2j,95
PP484814,HCV,4f,100
PP484816,HCV,1l,100
PP484783,HCV,1e,100
OR765784,HCV,4l,37
PP484773,HCV,1l,100
OR765792,HCV,4f,100
PP484854,HCV,4f,100
OR765797,HCV,1h,100
OR765796,HCV,1e,100
OR765798,HCV,2j,70
PP484831,HCV,2m,99
PP484833,HCV,1e,100
PP484832,HCV,4f,100
PP484834,HCV,4f,100
PP484835,HCV,1e,98
PP484876,HCV,1e,100
PP484875,HCV,4f,100
PP484787,HCV,1l,100
PP484856,HCV,4f,100
AF037248,HCV,2j,97
OR480616,HCV,2j,79
OR480617,HCV,1e,100
OR480618,HCV,2q,51
OR480619,HCV,1l,100
OR480623,HCV,2j,100
OR480637,HCV,1e,100
OR480639,HCV,4f,100
OR480638,HCV,2j,99
AF037231,HCV,1a,53
KU180710,HCV,1a,100
KU180716,HCV,1b,100
KU180718,HCV,1a,100
KU180711,HCV,1b,100
AB327055,HCV,1b,100
AB327057,HCV,1b,100
AB327058,HCV,1b,100
KM102764,HCV,"unassigned_1, 1b-2j-2a-2b",NA
AB327059,HCV,2k,100
AJ626991,HCV,5a,100
AJ626994,HCV,5a,100
AJ626995,HCV,5a,100
PP484846,HCV,1e,98
AJ626996,HCV,5a,100
AJ626997,HCV,5a,100
AJ880695,HCV,1b,100
AJ626998,HCV,5a,100
AJ880694,HCV,5a,100
AJ880699,HCV,1b,100
AJ880700,HCV,1b,100
AJ880701,HCV,1a,100
AJ880703,HCV,1b,100
AJ880702,HCV,1b,100
AJ880704,HCV,1a,100
AJ880738,HCV,1b,100
AB113412,HCV,1b,100
AB113429,HCV,1b,100
AB113430,HCV,1b,100
AB113466,HCV,1b,100
AB113467,HCV,1b,100
AB113502,HCV,1b,100
OR480640,HCV,1e,100
OR480641,HCV,2j,68
AJ880720,HCV,1a,100
AJ880721,HCV,1b,100
AJ880722,HCV,1a,100
AJ880723,HCV,1b,100
AJ880724,HCV,1a,100
AJ880755,HCV,1b,100
AJ880757,HCV,3a,100
AY265424,HCV,4f,100
AB113452,HCV,1b,100
AB113451,HCV,1b,100
AB113450,HCV,1b,100
AB113446,HCV,1b,100
AB113454,HCV,1b,100
AB113484,HCV,1b,100
AB113485,HCV,1b,100
AB113523,HCV,1b,100
KM102766,HCV,"unassigned_1, 1b-2b",NA
AB113525,HCV,1b,100
AF046173,HCV,1b,100
AF046175,HCV,1b,100
AB113521,HCV,1b,100
AF046176,HCV,1b,100
AF046178,HCV,1b,100
AB330314,HCV,2a,100
AB330318,HCV,1b,100
AB330316,HCV,3a,100
AF046189,HCV,1b,100
AB330320,HCV,1b,100
AB330346,HCV,1b,100
FJ791065,HCV,4k,100
AB330329,HCV,1b,100
AB330344,HCV,1b,100
FJ791066,HCV,4k,100
FJ791082,HCV,4k,100
FJ791083,HCV,4a,84
FJ791084,HCV,4k,100
KU180717,HCV,1a,100
KU180715,HCV,4d,100
KM102763,HCV,"unassigned_1, 1a-2b",NA
KM102761,HCV,"unassigned_1, 1a-2b",NA
AY265425,HCV,4t,97
FJ791105,HCV,4k,100
FJ791107,HCV,4a,99
FJ791110,HCV,1e,100
OR765785,HCV,4v,83
OR765786,HCV,1l,100
OR765790,HCV,1l,100
OR765789,HCV,2m,38
OR765787,HCV,2j,100
OR765788,HCV,2q,94
OR765791,HCV,2q,73
OR765807,HCV,2j,40
OR765809,HCV,1l,100
OR765812,HCV,1e,100
OR765803,HCV,4v,100
OR765814,HCV,1e,100
OR765795,HCV,4r,100
OR765816,HCV,4f,100
OR765817,HCV,4f,100
OR765819,HCV,1b,97
OR765810,HCV,1e,100
OR765815,HCV,1l,100
OR765823,HCV,4f,100
OR765821,HCV,4f,100
OR765825,HCV,1l,100
OR765818,HCV,2j,100
OR765826,HCV,1h,100
OR765824,HCV,1l,100
OR765828,HCV,1e,100
OR765830,HCV,4f,100
OR765829,HCV,2j,55
OR818228,HCV,1l,100
OR818229,HCV,4p,86
OR818232,HCV,2j,51
OR818234,HCV,1e,100
OR818230,HCV,2j,70
OR818235,HCV,2m,63
OR818239,HCV,2j,99
OR765822,HCV,1e,100
OR818241,HCV,4f,100
OR818240,HCV,4f,100
OR818243,HCV,2j,61
OR818244,HCV,1l,100
OR818242,HCV,4l,77
OR818248,HCV,1l,100
OR818250,HCV,2j,86
OR818249,HCV,4v,57
OR818247,HCV,4v,76
OR818252,HCV,1e,100
OR818253,HCV,4f,100
OR818254,HCV,4m,33
OR818255,HCV,1e,100
OR818256,HCV,2j,55
OR818260,HCV,1l,100
OR818261,HCV,2j,87
OR818262,HCV,2j,98
OR765813,HCV,1e,100
OR818263,HCV,2j,45
OR818264,HCV,1e,100
OR818265,HCV,1b,96
OR818267,HCV,1h,100
OR818268,HCV,1l,100
OR818266,HCV,2j,99
OR818269,HCV,4v,96
OR765820,HCV,4f,100
OR818273,HCV,2j,69
OR818271,HCV,4t,33
OR818272,HCV,4v,92
OR818270,HCV,1l,100
OR818274,HCV,1e,100
OR818275,HCV,2q,49
OR818276,HCV,4f,100
OR818277,HCV,4v,70
OR818285,HCV,2j,66
OR818288,HCV,1e,100
OR818283,HCV,2j,42
OR818281,HCV,1e,100
OR818231,HCV,2j,55
OR818291,HCV,1e,84
OR818292,HCV,1e,100
OR818279,HCV,2j,99
OR818251,HCV,1l,50
OR818294,HCV,2j,72
OR818297,HCV,1b,70
OR818295,HCV,1e,100
OR818298,HCV,2m,65
OR818258,HCV,2j,84
OR818299,HCV,1e,100
OR818289,HCV,2j,78
OR818300,HCV,2q,58
OR818303,HCV,2b,52
OR818245,HCV,1e,99
OR818302,HCV,2m,93
OR765827,HCV,2j,88
OR818301,HCV,1l,100
OR818304,HCV,2m,74
OR818305,HCV,4f,100
OR818309,HCV,2j,31
OR818311,HCV,4t,67
OR818290,HCV,2j,86
OR818312,HCV,4l,100
OR818310,HCV,4d,44
OR818318,HCV,1l,57
OR818317,HCV,1b,70
OR818319,HCV,1l,100
OR818320,HCV,1e,88
OR818322,HCV,4f,100
OR818338,HCV,4f,100
OR818336,HCV,1e,100
OR818307,HCV,4t,100
OR825301,HCV,2j,49
OR825299,HCV,4d,52
OR825300,HCV,1e,100
OR825303,HCV,1l,100
OR825298,HCV,1l,100
OR825305,HCV,4f,100
OR825302,HCV,1l,100
OR825306,HCV,4f,100
OR825308,HCV,4t,97
OR825309,HCV,2q,77
OR825310,HCV,1e,100
OR825307,HCV,2m,72
OR825311,HCV,2j,94
OR825313,HCV,2j,91
OR825315,HCV,1l,100
OR825316,HCV,2m,74
OR825317,HCV,4v,53
OR825220,HCV,4f,100
OR825318,HCV,4f,100
OR825320,HCV,4p,57
OR825314,HCV,2q,77
OR825272,HCV,1l,100
OR837048,HCV,1l,100
OR837049,HCV,1l,100
OR837050,HCV,1l,100
OR837052,HCV,1e,100
OR825321,HCV,4f,100
OR837053,HCV,1e,100
OR825312,HCV,1e,99
OR902264,HCV,1l,100
OR902263,HCV,4a,100
OR902265,HCV,4f,100
OR902261,HCV,4f,100
OR902267,HCV,1l,100
OR902266,HCV,4f,100
OR902268,HCV,4v,87
OR902262,HCV,4p,53
OR825291,HCV,4a,67
PP484706,HCV,4f,100
OR902271,HCV,2a,99
PP484709,HCV,1c,79
PP484710,HCV,2m,83
OR902269,HCV,1c,69
PP484707,HCV,2b,64
PP484713,HCV,4t,99
PP484714,HCV,4p,76
PP484716,HCV,4d,67
PP484715,HCV,2a,35
PP484718,HCV,1h,100
PP484717,HCV,4t,70
PP484712,HCV,2j,96
PP484721,HCV,4f,100
PP484723,HCV,4v,90
PP484722,HCV,4f,69
PP484724,HCV,2q,56
PP484720,HCV,4f,100
PP484719,HCV,2a,69
PP484728,HCV,1e,100
PP484729,HCV,2j,87
PP484730,HCV,4f,100
PP484731,HCV,2m,53
PP484734,HCV,4f,100
OR825319,HCV,1h,100
PP484735,HCV,1e,100
PP484732,HCV,2q,29
PP484736,HCV,4f,100
PP484733,HCV,4f,100
PP484737,HCV,2q,42
PP484738,HCV,1e,100
PP484740,HCV,4k,50
PP484739,HCV,4f,100
PP484742,HCV,4f,100
PP484744,HCV,4r,43
PP484746,HCV,1b,66
PP484747,HCV,4t,45
PP484741,HCV,4f,62
PP484749,HCV,1l,100
PP484743,HCV,4f,100
OR825296,HCV,1h,100
PP484755,HCV,4f,100
OR825304,HCV,4f,100
PP484753,HCV,2q,40
PP484757,HCV,2m,52
PP484756,HCV,2m,89
PP484759,HCV,1e,100
PP484758,HCV,1e,100
PP484760,HCV,4f,100
PP484754,HCV,4t,64
PP484761,HCV,4f,100
PP484762,HCV,4f,87
OR825202,HCV,2j,74
PP484764,HCV,1e,100
PP484765,HCV,4f,100
PP484711,HCV,4f,100
PP484763,HCV,1e,100
PP484751,HCV,1e,100
PP484774,HCV,1l,100
PP484727,HCV,1e,100
PP484778,HCV,1e,99
OR825288,HCV,4f,100
PP484766,HCV,1e,100
PP484780,HCV,1l,100
PP484779,HCV,2j,76
PP484781,HCV,1l,100
PP484775,HCV,4f,81
PP484777,HCV,2j,97
PP484772,HCV,4f,100
PP484785,HCV,2j,97
PP484767,HCV,1l,100
PP484788,HCV,4f,100
PP484768,HCV,4t,88
PP484789,HCV,1e,100
PP484790,HCV,2q,44
PP484769,HCV,2q,47
PP484782,HCV,4p,100
PP484798,HCV,4v,99
PP484799,HCV,4v,95
PP484797,HCV,1e,100
PP484802,HCV,4v,95
PP484803,HCV,2j,100
PP484800,HCV,1h,100
PP484801,HCV,4f,100
PP484784,HCV,1l,100
OR480642,HCV,2j,51
OR480629,HCV,1l,100
OR480644,HCV,4a,77
KU180719,HCV,1a,100
OR480645,HCV,2j,83
OR480628,HCV,4f,100
OR480646,HCV,4f,100
OR480643,HCV,1l,100
KU180714,HCV,1a,100
KU180724,HCV,3a,100
KU180728,HCV,1b,100
KU180726,HCV,1a,100
KU180725,HCV,1b,100
AB327052,HCV,1b,100
AB327053,HCV,1b,100
KM102765,HCV,"unassigned_1, 1b-2k",NA
AB327054,HCV,1b,100
AB327056,HCV,1b,100
AJ608777,HCV,5a,100
AJ608776,HCV,5a,100
AJ608778,HCV,5a,100
AJ608779,HCV,5a,100
KM102762,HCV,"unassigned_1, 1a-2b",NA
AJ608780,HCV,5a,100
AJ608782,HCV,5a,100
AJ608781,HCV,5a,100
KU180729,HCV,2b,100
AJ608783,HCV,5a,100
AJ608784,HCV,5a,100
AJ608785,HCV,5a,100
AJ626990,HCV,5a,100
AJ626992,HCV,5a,100
AJ880697,HCV,1a,100
AJ880696,HCV,1b,100
AJ880698,HCV,1b,100
AJ626993,HCV,5a,100
KU180731,HCV,1b,100
KM102769,HCV,"unassigned_1, 1b-2a-2k",NA
AJ880705,HCV,1b,100
AJ880707,HCV,1b,100
AJ880706,HCV,1a,100
AJ880709,HCV,1b,100
AJ880708,HCV,1b,100
AJ880710,HCV,1b,100
AJ880711,HCV,1b,100
AJ880712,HCV,1b,100
AJ880713,HCV,1b,100
AJ880714,HCV,1a,100
AJ880717,HCV,1b,100
AJ880718,HCV,1b,100
AJ880719,HCV,1a,100
AJ880725,HCV,1b,100
AJ880728,HCV,1b,100
AJ880727,HCV,1b,100
AJ880726,HCV,1b,100
AJ880729,HCV,1b,100
AJ880732,HCV,1b,100
AJ880730,HCV,1b,100
AJ880731,HCV,1b,100
AJ880733,HCV,1b,100
AJ880734,HCV,1b,100
AJ880735,HCV,1b,100
AJ880715,HCV,1b,100
AJ880737,HCV,1a,100
AJ880739,HCV,1b,100
AJ880740,HCV,1b,100
AJ880741,HCV,1b,100
AJ880716,HCV,1b,100
AJ880742,HCV,1b,100
AJ880736,HCV,1b,100
KM102760,HCV,"unassigned_1, 1a-2b",NA
KM102768,HCV,"unassigned_1, 1b-2a-2k",NA
AJ880743,HCV,3a,100
AJ880746,HCV,1b,100
AJ880744,HCV,3a,100
AJ880748,HCV,1b,100
AJ880749,HCV,1b,100
AJ880750,HCV,1b,100
AJ880745,HCV,3a,100
AJ880747,HCV,5a,100
AJ880752,HCV,1b,100
AJ880754,HCV,1b,100
AJ880751,HCV,1b,100
AY265420,HCV,2j,95
AY265421,HCV,4f,100
AY265422,HCV,2j,82
AY265423,HCV,2j,100
KM102767,HCV,"unassigned_1, 1b-2b",NA
AY265426,HCV,2j,99
AY265427,HCV,2j,100
AB113404,HCV,1b,100
AY265429,HCV,4v,90
AB113406,HCV,1b,100
AB113407,HCV,1b,100
AB113405,HCV,1b,100
AY265430,HCV,4t,99
AB113408,HCV,1b,100
KM102770,HCV,"unassigned_1, 1b-2k",NA
KU180727,HCV,1a,100
AB113410,HCV,1b,100
AB113409,HCV,1b,100
AB113413,HCV,1b,100
AB113411,HCV,1b,100
AB113414,HCV,1b,100
AB113416,HCV,1b,100
AB113417,HCV,1b,100
AB113418,HCV,1b,100
AB113419,HCV,1b,100
AB113421,HCV,1b,100
AB113424,HCV,1b,100
AB113423,HCV,1b,100
AB113422,HCV,1b,100
AB113426,HCV,1b,100
AY265428,HCV,4f,100
AB113420,HCV,1b,100
AB113425,HCV,1b,100
AB113427,HCV,1b,100
AB113428,HCV,1b,100
AB113431,HCV,1b,100
AB113433,HCV,1b,100
AB113432,HCV,1b,100
AF046201,HCV,2a,100
AF046200,HCV,2a,100
AF046202,HCV,2a,100
AF046203,HCV,2a,100
AF046204,HCV,2a,100
AF046205,HCV,2a,100
AF046206,HCV,2a,100
AF046207,HCV,2a,100
AF046209,HCV,2a,100
AF046208,HCV,2a,100
AB330313,HCV,1b,100
AB330317,HCV,1b,100
AF046184,HCV,1b,100
AB330321,HCV,1b,100
AB330315,HCV,1b,100
AF046180,HCV,1b,100
AB330323,HCV,1b,100
AB330324,HCV,1b,100
AB330325,HCV,1b,100
AB330326,HCV,1b,100
AB330328,HCV,1b,100
AF046183,HCV,1b,100
AB330330,HCV,1b,100
AB330333,HCV,1b,100
AB330327,HCV,1b,100
AB330331,HCV,1b,100
AB113524,HCV,2a,100
AB330335,HCV,1b,100
AB330332,HCV,1b,100
AB330337,HCV,1b,100
AB330336,HCV,3a,100
AB330339,HCV,1b,100
AB330341,HCV,1b,100
AB330340,HCV,1b,100
AB330342,HCV,1b,100
AB330343,HCV,1b,100
AB330345,HCV,1b,100
AB330347,HCV,1b,100
FJ791060,HCV,2j,51
AB330338,HCV,3a,100
FJ791061,HCV,4a,93
FJ791062,HCV,4f,96
FJ791064,HCV,4a,89
FJ791063,HCV,4r,100
FJ791068,HCV,4c,100
FJ791069,HCV,4a,78
FJ791070,HCV,4a,100
FJ791071,HCV,4k,100
FJ791074,HCV,4k,100
FJ791077,HCV,4k,100
FJ791073,HCV,4k,100
FJ791076,HCV,4k,100
FJ791078,HCV,4k,100
FJ791080,HCV,4k,100
FJ791079,HCV,1e,100
FJ791075,HCV,1b,100
AB330319,HCV,1b,100
FJ791081,HCV,4k,100
AB330322,HCV,1b,100
FJ791086,HCV,4a,74
FJ791088,HCV,2b,83
FJ791089,HCV,1b,58
FJ791090,HCV,4a,63
FJ791091,HCV,1e,100
FJ791094,HCV,2j,99
FJ791096,HCV,4f,100
FJ791097,HCV,4k,100
FJ791093,HCV,4a,68
FJ791098,HCV,4k,100
FJ791099,HCV,2b,55
AB330334,HCV,2a,100
FJ791072,HCV,4c,100
FJ791100,HCV,4k,100
FJ791101,HCV,4k,100
FJ791095,HCV,4k,98
KU180730,HCV,2b,100
FJ791104,HCV,4k,92
FJ791109,HCV,4v,57
FJ791113,HCV,4a,99
FJ791108,HCV,4k,99
FJ791103,HCV,4a,85
FJ791116,HCV,4c,71
FJ791106,HCV,4c,97
FJ791117,HCV,4k,100
OR825226,HCV,1b,100
FJ791114,HCV,4k,100
OR825227,HCV,2q,71
FJ791115,HCV,4m,52
OR825229,HCV,1e,100
OR825230,HCV,4f,100
FJ791112,HCV,4r,100
OR825228,HCV,4f,100
OR825231,HCV,1e,100
AB113541,HCV,1b,100
AB113542,HCV,1b,100
AB113543,HCV,1b,100
AB113537,HCV,1b,100
AF046192,HCV,1b,100
AF046193,HCV,1b,100
AF046194,HCV,2a,100
AF046196,HCV,2a,100
AF046195,HCV,2b,64
FJ791102,HCV,4k,100
FJ791085,HCV,4c,74
OR818337,HCV,4f,100
OR818340,HCV,1e,100
OR818306,HCV,2j,93
OR818339,HCV,1e,100
OR818342,HCV,1e,99
OR818345,HCV,4f,100
OR818346,HCV,4f,100
OR818349,HCV,4f,100
OR818347,HCV,1h,100
OR825136,HCV,1e,100
OR825138,HCV,1e,100
OR818348,HCV,2j,71
OR825139,HCV,2a,92
OR825137,HCV,4v,38
OR825140,HCV,1e,100
OR825144,HCV,4f,100
OR825146,HCV,4v,41
OR825148,HCV,1a,71
OR825149,HCV,1e,99
OR818314,HCV,2j,89
OR825150,HCV,4l,41
OR825151,HCV,1l,100
OR825145,HCV,4f,100
OR818341,HCV,4v,55
OR825147,HCV,4f,86
OR825153,HCV,2q,92
OR825154,HCV,2m,38
OR825155,HCV,2q,78
OR825156,HCV,4f,100
OR825157,HCV,1e,100
OR825158,HCV,1l,100
OR825160,HCV,1e,100
OR825167,HCV,4v,99
OR825162,HCV,2j,73
OR825168,HCV,4f,100
OR825169,HCV,1e,99
OR818293,HCV,1c,79
OR825171,HCV,1l,100
OR825170,HCV,4f,100
OR825173,HCV,4f,100
OR818287,HCV,4f,99
OR825176,HCV,1e,100
OR825177,HCV,1l,100
OR825152,HCV,2j,99
OR825178,HCV,4f,100
OR825174,HCV,1e,100
OR825179,HCV,4f,100
OR825180,HCV,2j,100
OR825189,HCV,2b,61
OR825141,HCV,4f,100
OR825190,HCV,2j,68
OR825186,HCV,1e,100
OR825193,HCV,1e,100
OR825191,HCV,1b,70
OR818308,HCV,4p,86
OR825194,HCV,4a,90
OR825188,HCV,4p,70
OR825195,HCV,4f,100
OR825196,HCV,4f,100
OR825197,HCV,4f,100
OR825198,HCV,1e,97
OR825200,HCV,1l,100
OR825203,HCV,4v,98
OR825199,HCV,2j,100
OR825206,HCV,1e,100
OR825207,HCV,1l,100
OR825208,HCV,1l,100
OR825204,HCV,2j,100
OR825209,HCV,1e,100
OR825210,HCV,4f,100
OR825212,HCV,1e,100
OR825211,HCV,1l,100
OR825214,HCV,4f,100
OR825216,HCV,4f,100
OR825218,HCV,1e,100
OR825213,HCV,4v,100
OR825172,HCV,1e,100
OR825219,HCV,1l,100
OR825161,HCV,1h,100
OR825217,HCV,1b,89
OR825221,HCV,1e,100
OR825222,HCV,1e,100
OR825223,HCV,4f,49
OR825224,HCV,4v,98
OR825257,HCV,4m,83
OR825225,HCV,2j,36
OR825258,HCV,4a,65
OR825259,HCV,4a,93
OR825260,HCV,4f,100
OR825263,HCV,4f,100
OR825262,HCV,4p,100
OR825264,HCV,1l,100
OR825261,HCV,1e,100
OR825265,HCV,1e,99
OR825266,HCV,1l,100
OR825267,HCV,4f,100
OR825268,HCV,1e,100
OR825270,HCV,1l,100
OR825269,HCV,2j,99
OR825271,HCV,4f,100
OR825274,HCV,4v,61
OR825175,HCV,1e,100
OR825275,HCV,1b,79
OR825278,HCV,1h,100
OR825192,HCV,4f,100
OR825279,HCV,1e,100
OR825280,HCV,1l,100
OR825282,HCV,1l,100
OR825281,HCV,4f,100
OR825283,HCV,4v,100
OR825284,HCV,1h,100
OR825285,HCV,4f,100
OR818344,HCV,1e,100
OR825287,HCV,1e,100
OR825289,HCV,4f,100
OR825290,HCV,4m,70
OR825292,HCV,4a,92
OR825293,HCV,4f,100
OR825286,HCV,1e,100
OR825294,HCV,1e,100
OR825295,HCV,4p,100
OR825297,HCV,1l,100
OR825183,HCV,1e,100
PP484804,HCV,4f,100
PP484805,HCV,1b,57
PP484808,HCV,4f,100
PP484807,HCV,2q,86
PP484806,HCV,4t,100
PP484813,HCV,2m,58
PP484812,HCV,4f,100
PP484786,HCV,2q,83
PP484817,HCV,1l,100
PP484819,HCV,1l,100
PP484818,HCV,4t,100
PP484824,HCV,1b,43
PP484822,HCV,2a,90
PP484825,HCV,2j,64
PP484796,HCV,4t,96
PP484821,HCV,4p,56
PP484823,HCV,4f,100
PP484828,HCV,2m,47
PP484830,HCV,1l,100
PP484815,HCV,1e,78
PP484795,HCV,2j,100
PP484793,HCV,1e,100
PP484792,HCV,1l,100
PP484836,HCV,2j,76
PP484809,HCV,1l,100
PP484840,HCV,1e,100
PP484842,HCV,2m,59
PP484843,HCV,2m,60
PP484844,HCV,2j,98
PP484839,HCV,4f,100
PP484810,HCV,4v,86
PP484827,HCV,4a,51
PP484848,HCV,2q,58
PP484849,HCV,1l,100
PP484829,HCV,1l,100
PP484850,HCV,1l,100
PP484847,HCV,2j,78
PP484851,HCV,2m,41
PP484837,HCV,1e,100
PP484855,HCV,4l,35
PP484811,HCV,4f,100
PP484857,HCV,4f,100
PP484820,HCV,1e,100
PP484861,HCV,1h,76
PP484838,HCV,1e,93
PP484863,HCV,4f,100
PP484858,HCV,4f,100
PP484841,HCV,4t,100
PP484862,HCV,1e,100
PP484852,HCV,1e,100
PP484866,HCV,4f,100
PP484867,HCV,1l,100
PP484864,HCV,2j,96
PP484869,HCV,2q,67
PP484868,HCV,1e,100
PP484865,HCV,1h,100
PP484871,HCV,2j,92
PP484873,HCV,1l,100
PP484826,HCV,4v,66
PP484877,HCV,1e,100
PP484853,HCV,2m,74
PP484859,HCV,1e,100
PP484860,HCV,4f,100
AF037233,HCV,1b,99
AF037234,HCV,1b,90
PP484872,HCV,2a,57
AF037235,HCV,1b,100
AF037236,HCV,1b,100
PP484874,HCV,1e,100
AF037239,HCV,2j,99
AF037238,HCV,1b,99
AF037237,HCV,1b,100
AF037240,HCV,2q,53
AF037241,HCV,2d,100
AF037242,HCV,2d,100
AF037243,HCV,2d,100
AF037249,HCV,2j,90
AF037251,HCV,2j,100
AF037246,HCV,2j,100
AF037253,HCV,2b,52
AF037254,HCV,2j,100
AF037232,HCV,1b,100
AF037245,HCV,2j,100
AF037230,HCV,1l,96
PP484870,HCV,4f,100
AF037244,HCV,2d,100
AF037247,HCV,2j,99
AF037250,HCV,2j,80
AF037252,HCV,2j,79
PP484845,HCV,2j,80
KU180721,HCV,3a,100
KU180709,HCV,1b,100
KU180723,HCV,2b,100
KU180720,HCV,1a,100
OR480600,HCV,2m,62
OR480601,HCV,1e,100
OR480603,HCV,2q,50
KU180712,HCV,1a,100
OR480604,HCV,2m,45
OR480605,HCV,1l,100
OR480606,HCV,4a,71
OR480599,HCV,2q,60
OR480607,HCV,4f,100
OR480602,HCV,1e,100
OR480609,HCV,1l,100
OR480610,HCV,2j,92
OR480612,HCV,2j,96
OR480613,HCV,1a,83
KU180722,HCV,3a,100
OR480614,HCV,4f,95
OR480615,HCV,4f,100
OR480620,HCV,2m,69
OR480621,HCV,4v,75
OR480622,HCV,2j,94
OR480608,HCV,2m,36
OR480624,HCV,1l,100
OR480625,HCV,1h,100
OR480626,HCV,4a,67
OR480627,HCV,4f,100
KU180713,HCV,4a,100
OR480630,HCV,1l,100
OR480632,HCV,4f,100
OR480633,HCV,4t,80
OR480634,HCV,1e,100
OR480635,HCV,2b,45
OR480636,HCV,2j,89
AB113434,HCV,1b,100
AB113438,HCV,1b,100
AB113439,HCV,1b,100
AB113415,HCV,1b,100
AB113437,HCV,1b,100
AB113436,HCV,1b,100
AB113441,HCV,1b,100
AB113442,HCV,1b,100
AB113444,HCV,1b,100
AB113443,HCV,1b,100
AB113445,HCV,1b,100
AB113447,HCV,1b,100
AB113448,HCV,1b,100
AB113453,HCV,1b,100
AB113455,HCV,2b,100
AJ880756,HCV,1b,100
AB113456,HCV,1b,100
AB113457,HCV,1b,100
AB113458,HCV,1b,100
AB113460,HCV,1b,100
AB113462,HCV,1b,100
AB113459,HCV,1b,100
AB113463,HCV,1b,100
AB113461,HCV,1b,100
AB113465,HCV,1b,100
AB113440,HCV,1b,100
AB113468,HCV,1b,100
AB113471,HCV,1b,100
AB113469,HCV,1b,100
AB113470,HCV,1b,100
AB113473,HCV,1b,100
AB113472,HCV,1b,100
AB113474,HCV,1b,100
AB113475,HCV,1b,100
AB113477,HCV,1b,100
AB113476,HCV,1b,100
AB113480,HCV,1b,100
AB113478,HCV,1b,100
AB113479,HCV,1b,100
AB113481,HCV,1b,100
AJ880753,HCV,1b,100
AB113482,HCV,1b,100
AB113435,HCV,1b,100
AB113487,HCV,1b,100
AB113486,HCV,1b,100
AB113488,HCV,1b,100
AB113464,HCV,1b,100
AB113489,HCV,1b,100
AB113492,HCV,1b,100
AB113491,HCV,1b,100
AB113449,HCV,1b,100
AB113493,HCV,1b,100
AB113495,HCV,1b,100
AB113496,HCV,1b,100
AB113497,HCV,1b,100
AB113498,HCV,1b,100
AB113501,HCV,1b,100
AB113500,HCV,1b,100
AB113499,HCV,1b,100
AB113504,HCV,1b,100
AB113506,HCV,1b,100
AB113505,HCV,1b,100
AB113508,HCV,1b,100
AB113509,HCV,1b,100
AB113510,HCV,1b,100
AB113513,HCV,1b,100
AB113512,HCV,1b,100
AB113511,HCV,1b,100
AB113514,HCV,1b,100
AB113503,HCV,1b,100
AB113515,HCV,1b,100
AB113516,HCV,1b,100
AB113518,HCV,1b,100
AB113520,HCV,1b,100
AB113522,HCV,1b,100
AB113519,HCV,1b,100
AB113494,HCV,1b,100
AB113483,HCV,1b,100
AB113526,HCV,1b,100
AB113527,HCV,1b,100
AB113530,HCV,1b,100
AB113528,HCV,1b,100
AB113529,HCV,1b,100
AB113531,HCV,1b,100
AB113532,HCV,1b,100
AB113490,HCV,1b,100
AB113533,HCV,1b,100
AB113535,HCV,1b,100
AB113534,HCV,1b,100
AB113538,HCV,1b,100
AB113540,HCV,1b,100
AB113539,HCV,1b,100
AB113544,HCV,1b,100
AB113545,HCV,1b,100
AB113517,HCV,1b,100
AF046165,HCV,1b,100
AF046163,HCV,1b,100
AF046164,HCV,1b,100
AF046162,HCV,1b,100
AF046168,HCV,1b,100
AF046169,HCV,1b,100
AF046166,HCV,1b,100
AF046167,HCV,1b,100
AF046170,HCV,1b,100
AF046171,HCV,1b,100
AF046174,HCV,1b,100
AF046172,HCV,1b,100
AF046177,HCV,1b,100
AF046179,HCV,1b,100
AF046181,HCV,1b,100
AB113507,HCV,1b,100
AF046182,HCV,1b,100
AF046185,HCV,1b,100
AF046186,HCV,1b,100
AF046161,HCV,1b,100
AF046187,HCV,1b,100
AF046188,HCV,1b,100
AF046190,HCV,1b,100
AF046191,HCV,1b,100
AB113536,HCV,1b,100
AF046197,HCV,2a,100
AF046199,HCV,2a,100
AF046198,HCV,2a,100
AB295174,HCV,1b,100
KM587627,HCV,6a,100
MW678743,HCV,1a,100
MW678744,HCV,1a,100
MW678747,HCV,1a,100
MW678750,HCV,1a,100
MW678748,HCV,1a,100
MW678752,HCV,3a,100
MW678751,HCV,3a,100
MW678749,HCV,1a,100
MW678746,HCV,1a,100
PP457796,HCV,2a,100
KM587623,HCV,"unassigned_1, 3i-3k",NA
KM587625,HCV,"unassigned_1, 4d-4a-4n-4g-1a-3h",NA
KM587626,HCV,5a,100
KM587615,HCV,1b,100
KM587628,HCV,6a,100
KM587630,HCV,6j,100
AY577585,HCV,4r,100
AB103439,HCV,4a,100
AB103436,HCV,4a,100
AB103435,HCV,4a,100
AB103448,HCV,4a,100
HM009056,HCV,1b,100
HM009057,HCV,1b,100
HM009061,HCV,1b,100
HM009060,HCV,1b,100
HM009048,HCV,1b,100
HM009059,HCV,1b,100
HM009063,HCV,1b,100
HM009064,HCV,1b,100
HM009065,HCV,1b,100
HM009066,HCV,1b,100
HM009067,HCV,1b,100
HM009055,HCV,1b,100
HM009062,HCV,1b,100
HM009069,HCV,1b,100
AY577586,HCV,4v,95
HM009042,HCV,1b,100
AB677531,HCV,"unassigned_1, 1b-2b",NA
AB677529,HCV,"unassigned_1, 1b-2b",NA
AB677527,HCV,"unassigned_1, 1b-2b",NA
AB677530,HCV,"unassigned_1, 1b-2b",NA
AB677532,HCV,"unassigned_1, 1b-2b",NA
AB677533,HCV,"unassigned_1, 1b-2b",NA
AB677528,HCV,"unassigned_1, 1b-2b",NA
HM009193,HCV,6a,100
HM009192,HCV,6a,100
MN164860,HCV,1l,100
HM009216,HCV,6a,100
HM009220,HCV,6a,100
HM009219,HCV,6a,100
HM009206,HCV,6a,100
HM009218,HCV,6a,100
HM009207,HCV,6a,100
GQ153857,HCV,2c,70
GQ153891,HCV,2b,96
GQ153893,HCV,2a,36
GQ153894,HCV,2b,49
GQ153895,HCV,2k,30
GQ153897,HCV,2b,60
GQ153896,HCV,2b,99
GQ153898,HCV,2b,88
GQ153899,HCV,2j,99
GQ153900,HCV,2q,45
MN164859,HCV,1a,100
GQ153901,HCV,2j,87
MN164874,HCV,"unassigned_1, 1b-1a",NA
MN164867,HCV,1a,100
MN164863,HCV,1a,100
GQ153902,HCV,2b,95
GQ153904,HCV,2q,76
GQ153905,HCV,2j,49
GQ153906,HCV,2b,57
GQ153907,HCV,2j,99
MN164852,HCV,1a,100
MN164877,HCV,"unassigned_1, 1l-1a",NA
MN164873,HCV,"unassigned_1, 1b-1a",NA
MN164866,HCV,1e,100
MN164876,HCV,"unassigned_1, 1b-1a",NA
KY620400,HCV,3a,100
KY620401,HCV,3a,100
KY620389,HCV,3a,100
KY620403,HCV,3a,100
KY620398,HCV,3a,100
KY620402,HCV,3a,100
KY620408,HCV,3a,100
KY620396,HCV,3a,100
KY620397,HCV,3a,100
KY620405,HCV,3a,100
KY620411,HCV,3a,100
KY620409,HCV,3a,100
KY620399,HCV,3a,100
KY620414,HCV,"unassigned_1, 3a-3h",NA
KY620407,HCV,3a,100
KY620413,HCV,3a,100
MW221804,HCV,3a,100
MW221809,HCV,4d,100
MW221812,HCV,3a,100
MW678732,HCV,1a,100
MN164869,HCV,1g,100
MN164871,HCV,1a,100
MN164865,HCV,1l,100
MN164875,HCV,1e,100
MN164872,HCV,1a,98
OR825235,HCV,4a,100
KY620406,HCV,3a,100
KY620410,HCV,3a,100
KY620412,HCV,3a,100
KY620418,HCV,3a,100
KY620416,HCV,3a,100
KY620415,HCV,3a,100
KY620419,HCV,3a,100
KY620427,HCV,"unassigned_1, 3a-3h",NA
KY620422,HCV,3a,100
KY620480,HCV,3a,100
KY620493,HCV,3a,100
KY620487,HCV,3a,100
KY620488,HCV,3a,100
KY620492,HCV,3a,100
KY620491,HCV,3a,100
KY620494,HCV,3a,100
KY620496,HCV,3a,100
KY620498,HCV,3a,100
KY620500,HCV,3a,100
KY620503,HCV,3a,100
KY620502,HCV,3a,100
KY620508,HCV,"unassigned_1, 3a-3h",NA
KY620497,HCV,3a,100
KY620504,HCV,3a,100
KY620495,HCV,3a,100
KY620509,HCV,3a,100
KY620506,HCV,3a,100
KY620499,HCV,3a,100
KY620515,HCV,"unassigned_1, 3a-3h",NA
KY620507,HCV,3a,100
KY620505,HCV,3a,100
KY620501,HCV,3a,100
KY620514,HCV,"unassigned_1, 3a-3h",NA
KY620517,HCV,"unassigned_1, 3a-3h",NA
KY620516,HCV,"unassigned_1, 3a-3h",NA
KY620513,HCV,3a,100
KY620519,HCV,"unassigned_1, 3a-3h",NA
KY620512,HCV,3a,100
KY620510,HCV,3a,100
OR923684,HCV,1e,51
OR923682,HCV,1h,100
OR923677,HCV,1l,100
OR825249,HCV,4v,49
OR923680,HCV,2j,100
OR923710,HCV,2j,94
KC012581,HCV,1b,99
AB295151,HCV,1b,100
AB295166,HCV,1b,100
AB295168,HCV,1b,100
OR825250,HCV,1l,100
OR923662,HCV,4r,100
OR923702,HCV,1e,100
OR923704,HCV,1l,100
OR923707,HCV,1l,100
OR923709,HCV,2j,89
OR923703,HCV,4v,90
AB295127,HCV,1b,100
AB295125,HCV,1b,100
AB295128,HCV,1b,100
AB295129,HCV,1b,100
AB295147,HCV,1b,100
MW221793,HCV,3a,100
MW221798,HCV,4d,100
AB295171,HCV,1b,100
AB295169,HCV,1b,100
AB295172,HCV,1b,100
AB295170,HCV,1b,100
MW221813,HCV,3a,100
MW221794,HCV,3a,100
MW221799,HCV,4a,100
MW221796,HCV,3a,100
PP457742,HCV,2a,100
MW678756,HCV,3a,100
PP457758,HCV,2a,93
OR825236,HCV,4l,52
PP457799,HCV,2a,100
HM009077,HCV,1b,100
AB103441,HCV,4a,100
PP457785,HCV,2a,100
PP457780,HCV,2a,100
PP457782,HCV,2a,100
PP457755,HCV,2a,100
PP457751,HCV,2a,100
HM009045,HCV,1b,100
HM009044,HCV,1b,100
HM009121,HCV,1b,100
HM009127,HCV,1b,100
HM009125,HCV,1b,100
HM009079,HCV,1b,100
HM009126,HCV,1b,100
HM009128,HCV,1b,100
HM009130,HCV,1b,100
HM009131,HCV,1b,100
HM009132,HCV,1b,100
HM009118,HCV,1b,100
HM009133,HCV,1b,100
HM009136,HCV,1b,100
HM009135,HCV,1b,100
HM009174,HCV,6a,100
HM009163,HCV,6a,100
HM009176,HCV,6a,100
HM009178,HCV,6a,100
HM009182,HCV,6a,100
HM009181,HCV,6a,100
HM009183,HCV,6a,100
HM009190,HCV,6a,100
HM009210,HCV,6a,100
HM009225,HCV,6a,100
HM009245,HCV,6a,100
HM009252,HCV,6a,100
HM009250,HCV,6a,100
HM009254,HCV,6a,100
HM009229,HCV,6a,100
HM009255,HCV,6a,100
HM009262,HCV,6a,100
HM009281,HCV,6a,100
HM009283,HCV,6a,100
AJ849943,HCV,1b,100
AJ849950,HCV,1b,100
AJ849952,HCV,1b,100
AJ849951,HCV,1b,100
AJ849954,HCV,1b,100
AJ849955,HCV,1b,100
AJ849953,HCV,1b,100
HM009258,HCV,6a,100
GQ153903,HCV,2j,89
HM009106,HCV,1b,100
HM009093,HCV,1b,100
HM009094,HCV,1b,100
HM009116,HCV,1b,100
HM009114,HCV,1b,100
HM009117,HCV,1b,100
HM009138,HCV,1b,100
HM009137,HCV,1b,100
HM009113,HCV,1b,100
HM009139,HCV,1b,100
HM009142,HCV,1b,100
HM009144,HCV,6a,100
HM009148,HCV,6a,100
HM009147,HCV,6a,100
HM009150,HCV,6a,100
HM009162,HCV,6a,100
HM009146,HCV,6a,100
HM009168,HCV,6a,100
HM009164,HCV,6a,100
HM009172,HCV,6a,100
HM009152,HCV,6a,100
HM009175,HCV,6a,100
HM009177,HCV,6a,100
HM009196,HCV,6a,100
HM009170,HCV,6a,100
HM009195,HCV,6a,100
HM009171,HCV,6a,100
HM009165,HCV,6a,100
HM009200,HCV,6a,100
HM009198,HCV,6a,100
HM009197,HCV,6a,100
HM009201,HCV,6a,100
HM009203,HCV,6a,100
HM009199,HCV,6a,100
HM009202,HCV,6a,100
HM009205,HCV,6a,100
HM009204,HCV,6a,100
HM009212,HCV,6a,100
HM009188,HCV,6a,100
HM009214,HCV,6a,100
HM009222,HCV,6a,100
HM009224,HCV,6a,100
HM009227,HCV,6a,100
HM009226,HCV,6a,100
HM009230,HCV,6a,100
HM009233,HCV,6a,100
HM009232,HCV,6a,100
HM009287,HCV,2a,100
HM009266,HCV,6a,100
HM009290,HCV,3a,100
HM009291,HCV,3a,100
HM009289,HCV,3a,100
HM009293,HCV,3a,100
HM009292,HCV,3a,100
HM009296,HCV,3a,100
HM009299,HCV,3a,100
HM009294,HCV,3a,100
HM009298,HCV,3a,100
HM009297,HCV,3a,100
HM009301,HCV,3a,100
KC506772,HCV,4k,100
KC506770,HCV,4c,90
KC506773,HCV,4k,100
KC506776,HCV,4r,100
AJ849947,HCV,1b,100
KC506774,HCV,4v,91
KC506775,HCV,4c,99
HM009274,HCV,6a,100
HM009278,HCV,6a,100
MN164848,HCV,"unassigned_1, 1a-1l",NA
HM009286,HCV,2a,100
MN164857,HCV,"unassigned_1, 1a-4a",NA
MN164845,HCV,1a,100
MN164862,HCV,"unassigned_1, 1a-1b",NA
MN164847,HCV,1a,100
MN164855,HCV,"unassigned_1, 1b-1a",NA
MN164858,HCV,1a,100
MN164846,HCV,1a,100
MN164864,HCV,1l,100
MN164843,HCV,1l,100
MN164856,HCV,1a,100
MN164870,HCV,"unassigned_1, 1l-1a-1b",NA
GQ153862,HCV,2j,97
GQ153866,HCV,2b,47
GQ153868,HCV,2b,48
GQ153870,HCV,2j,93
GQ153874,HCV,2j,44
GQ153875,HCV,2b,72
GQ153869,HCV,2j,97
GQ153871,HCV,2j,99
GQ153872,HCV,2j,100
GQ153873,HCV,2j,95
GQ153876,HCV,2b,85
GQ153878,HCV,2b,94
GQ153879,HCV,2j,56
GQ153885,HCV,2j,49
GQ153909,HCV,2b,53
GQ153908,HCV,2a,99
GQ153911,HCV,2j,80
GQ153910,HCV,2q,54
KY620315,HCV,2a,100
KY620317,HCV,2a,100
KY620322,HCV,"unassigned_1, 2a-3a",NA
KY620314,HCV,2a,100
KY620316,HCV,2a,100
KY620313,HCV,2a,100
KY620321,HCV,2a,100
KY620318,HCV,2a,100
KY620319,HCV,2a,100
KY620325,HCV,2a,100
KY620330,HCV,"unassigned_1, 2c-2b-3g-2b-2a",NA
KY620323,HCV,2a,100
KY620333,HCV,"unassigned_1, 2c-6h-3h",NA
KY620326,HCV,2a,100
KY620328,HCV,2a,100
KY620379,HCV,3a,100
KY620391,HCV,3a,100
KY620392,HCV,3a,100
KY620393,HCV,3a,100
KY620404,HCV,"unassigned_1, 3a-3h",NA
KY620394,HCV,3a,100
KY620395,HCV,3a,100
KY620329,HCV,2m,100
KY620324,HCV,2a,100
KY620334,HCV,"unassigned_1, 2c-6h-2b",NA
KY620332,HCV,2c,100
KY620327,HCV,2a,100
KY620335,HCV,2b,100
KY620338,HCV,2b,100
KY620340,HCV,2b,100
KY620331,HCV,2c,100
KY620341,HCV,2b,100
KY620343,HCV,2b,100
KY620336,HCV,2b,100
KY620337,HCV,2b,100
KY620342,HCV,2b,100
KY620339,HCV,2b,100
KY620344,HCV,2b,100
KY620348,HCV,2b,100
KY620346,HCV,2b,100
KY620349,HCV,2b,100
KY620345,HCV,2b,100
KY620347,HCV,2b,100
KY620350,HCV,2b,100
KY620353,HCV,2b,100
KY620355,HCV,2b,100
KY620364,HCV,"unassigned_1, 3a-3h",NA
KY620320,HCV,2a,100
KY620352,HCV,2b,100
KY620358,HCV,2b,100
KY620360,HCV,2b,100
KY620362,HCV,3a,100
KY620354,HCV,2b,100
KY620357,HCV,2b,100
KY620365,HCV,3a,100
KY620378,HCV,3a,100
KY620375,HCV,3a,100
KY620382,HCV,3a,100
KY620381,HCV,3a,100
KY620380,HCV,3a,100
KY620383,HCV,3a,100
KY620390,HCV,"unassigned_1, 3a-3h",NA
KY620386,HCV,3a,100
KY620387,HCV,3a,100
KY620388,HCV,3a,100
KY620385,HCV,3a,100
HM009076,HCV,1b,100
HM009080,HCV,1b,100
HM009083,HCV,1b,100
HM009084,HCV,1b,100
KY620457,HCV,3a,100
KY620443,HCV,3a,100
KY620459,HCV,3a,100
KY620462,HCV,3a,100
KY620450,HCV,3a,100
KY620454,HCV,3a,100
KY620465,HCV,3a,100
KY620468,HCV,3a,100
KY620466,HCV,3a,100
KY620482,HCV,3a,100
KY620478,HCV,3a,100
KY620474,HCV,3a,100
KY620486,HCV,3a,100
KY620484,HCV,"unassigned_1, 3a-3h",NA
KY620477,HCV,3a,100
KY620489,HCV,3a,100
KY620472,HCV,3a,100
KY620471,HCV,3a,100
KY620483,HCV,3a,100
KY620479,HCV,3a,100
KY620475,HCV,3a,100
KY620481,HCV,3a,100
KY620458,HCV,3a,100
KY620490,HCV,3a,100
KY620453,HCV,3a,100
KY620485,HCV,3a,100
KY620464,HCV,3a,100
KY620446,HCV,3a,100
KY620451,HCV,3a,100
KY620518,HCV,3a,100
KY620528,HCV,3a,100
KY620530,HCV,3a,100
KY620526,HCV,"unassigned_1, 3a-3h",NA
KY620523,HCV,3a,100
KY620524,HCV,3a,100
KY620521,HCV,3a,100
KY620522,HCV,3a,100
KY620531,HCV,3a,100
KY620511,HCV,3a,100
KY620544,HCV,3a,100
KY620541,HCV,3a,100
KY620535,HCV,3a,100
KY620537,HCV,3a,100
KY620536,HCV,3a,100
KY620539,HCV,3a,100
KY620549,HCV,"unassigned_1, 3a-3h",NA
KY620540,HCV,3a,100
KY620545,HCV,3a,100
KY620547,HCV,3a,100
KY620542,HCV,3a,100
KY620543,HCV,3a,100
KY620546,HCV,3a,100
KY620552,HCV,"unassigned_1, 3a-3h",NA
KY620548,HCV,3a,100
KY620550,HCV,3a,100
KY620553,HCV,3a,100
KY620551,HCV,3a,100
KY620557,HCV,3a,100
KY620558,HCV,3a,100
KY620559,HCV,3a,100
KY620560,HCV,3a,100
KY620555,HCV,3a,100
KY620562,HCV,3a,100
KY620556,HCV,3a,100
KY620529,HCV,3a,100
KY620534,HCV,3a,100
KY620577,HCV,3a,100
KY620586,HCV,3a,100
KY620583,HCV,3a,100
KY620532,HCV,3a,100
KY620538,HCV,3a,100
KY620579,HCV,3a,100
KY620578,HCV,3a,100
KY620581,HCV,3a,100
AB295173,HCV,1b,100
AB295176,HCV,1b,100
AB295175,HCV,1b,100
AB295178,HCV,1b,100
MW221786,HCV,4d,100
MW221787,HCV,3a,100
AB295159,HCV,1b,100
MW221788,HCV,3a,100
MW221789,HCV,3a,100
MW221792,HCV,3a,100
KY620582,HCV,3a,100
KY620584,HCV,3a,100
KY620585,HCV,3a,100
MW221790,HCV,3a,100
AB295167,HCV,1b,100
MW221791,HCV,1a,100
OR825233,HCV,1e,100
OR825239,HCV,1c,67
OR825234,HCV,1l,100
OR825232,HCV,1e,99
OR825238,HCV,1l,100
OR825244,HCV,1l,100
OR825242,HCV,4f,100
OR825241,HCV,4r,29
OR825243,HCV,4f,100
OR825245,HCV,1e,100
OR825237,HCV,2j,95
OR825251,HCV,4f,31
OR825252,HCV,1b,87
OR825246,HCV,1l,100
OR825253,HCV,1c,99
OR825240,HCV,1h,100
OR825254,HCV,4f,100
HM009156,HCV,6a,100
OR825255,HCV,1l,100
OR825248,HCV,1e,100
OR923665,HCV,4f,100
OR923663,HCV,4f,100
OR923668,HCV,4f,100
OR825247,HCV,2j,87
OR825256,HCV,4f,100
OR923666,HCV,1e,100
OR923667,HCV,4f,100
OR923664,HCV,1e,100
OR923671,HCV,2j,75
OR923669,HCV,4v,60
OR923674,HCV,4f,100
OR923673,HCV,1e,100
OR923675,HCV,4f,100
OR923676,HCV,1e,100
OR923678,HCV,1h,100
OR923681,HCV,1l,71
OR923670,HCV,1h,100
OR923672,HCV,1e,95
OR923686,HCV,1e,100
OR923690,HCV,4v,59
OR923689,HCV,1l,100
OR923692,HCV,4v,88
OR923685,HCV,2j,89
OR923688,HCV,1e,100
OR923696,HCV,1l,100
OR923691,HCV,4m,44
OR923697,HCV,4f,100
OR923695,HCV,4f,100
OR923693,HCV,1h,100
OR923699,HCV,4a,93
OR923683,HCV,1h,100
OR923698,HCV,4p,66
OR923694,HCV,4t,63
OR923701,HCV,4f,100
OR923700,HCV,1l,100
OR923706,HCV,4v,97
OR923708,HCV,1h,100
KC012573,HCV,1a,100
OR923713,HCV,1b,53
OR923712,HCV,1l,100
OR923687,HCV,4f,100
KC012572,HCV,1a,100
KC012574,HCV,1a,100
KC012575,HCV,1c,52
KC012580,HCV,1b,100
PP457761,HCV,2a,100
PP457768,HCV,2a,99
PP457764,HCV,2a,100
PP457769,HCV,2a,100
PP457774,HCV,2a,100
PP457775,HCV,2a,100
PP457771,HCV,2a,100
PP457777,HCV,2a,100
PP457772,HCV,2a,100
PP457776,HCV,2a,100
PP457778,HCV,2a,100
PP457757,HCV,2a,100
PP457779,HCV,2a,100
PP457781,HCV,2a,100
PP457787,HCV,2a,100
PP457786,HCV,2a,100
PP457784,HCV,2a,98
PP457790,HCV,2a,100
PP457792,HCV,2a,100
PP457789,HCV,2a,100
PP457791,HCV,2a,100
PP457795,HCV,2a,93
PP457793,HCV,2a,100
PP457794,HCV,2a,88
PP457770,HCV,2a,100
PP457798,HCV,2a,100
PP457773,HCV,2a,100
PP457802,HCV,2a,100
PP457800,HCV,2a,100
PP457801,HCV,2a,100
AB103427,HCV,4a,100
PP457797,HCV,2a,100
AB103425,HCV,4a,100
AB103424,HCV,4a,100
AB103426,HCV,4a,100
AB103429,HCV,4a,100
AB103428,HCV,4a,100
AB103430,HCV,4a,100
AB103431,HCV,4a,100
AB103433,HCV,4a,100
AB103432,HCV,4a,100
PP457783,HCV,2a,100
AB103438,HCV,4a,100
AB103437,HCV,4a,100
AB103434,HCV,4a,100
PP457788,HCV,2a,100
AB103442,HCV,4a,100
AB103440,HCV,4a,100
AB103446,HCV,4a,100
AB103443,HCV,4a,100
AB103444,HCV,4a,100
AB103445,HCV,4a,100
AB103447,HCV,4a,100
AB103449,HCV,4a,100
AB103454,HCV,4a,100
AB103451,HCV,4a,100
AB103452,HCV,4a,100
AB103455,HCV,4a,100
AB103457,HCV,4a,100
AB103456,HCV,4a,100
HM009038,HCV,1b,100
HM009039,HCV,1b,100
AB103453,HCV,4a,100
HM009040,HCV,1b,100
AY577584,HCV,4v,100
HM009046,HCV,1b,100
HM009047,HCV,1b,100
HM009050,HCV,1b,100
HM009041,HCV,1b,100
HM009049,HCV,1b,100
HM009051,HCV,1b,100
HM009052,HCV,1b,100
HM009053,HCV,1b,100
HM009043,HCV,1b,100
HM009054,HCV,1b,100
HM009068,HCV,1b,100
HM009070,HCV,1b,100
HM009072,HCV,1b,100
HM009074,HCV,1b,100
HM009071,HCV,1b,100
HM009073,HCV,1b,100
HM009075,HCV,1b,100
HM009081,HCV,1b,100
HM009085,HCV,1b,100
HM009087,HCV,1b,100
HM009090,HCV,1b,100
HM009086,HCV,1b,100
HM009088,HCV,1b,100
HM009089,HCV,1b,100
HM009092,HCV,1b,100
HM009091,HCV,1b,100
HM009095,HCV,1b,100
HM009096,HCV,1b,100
HM009097,HCV,1b,100
HM009078,HCV,1b,100
HM009098,HCV,1b,100
HM009082,HCV,1b,100
HM009100,HCV,1b,100
HM009099,HCV,1b,100
HM009103,HCV,1b,100
HM009102,HCV,1b,100
HM009101,HCV,1b,100
HM009104,HCV,1b,100
HM009105,HCV,1b,100
HM009107,HCV,1b,100
HM009109,HCV,1b,100
HM009108,HCV,1b,100
HM009112,HCV,1b,100
HM009110,HCV,1b,100
HM009111,HCV,1b,100
HM009115,HCV,1b,100
HM009119,HCV,1b,100
HM009120,HCV,1b,100
HM009122,HCV,1b,100
HM009134,HCV,1b,100
HM009141,HCV,1b,100
HM009145,HCV,6a,100
HM009143,HCV,6a,100
HM009123,HCV,1b,100
HM009149,HCV,6a,100
HM009151,HCV,6a,100
HM009154,HCV,6a,100
HM009129,HCV,1b,100
KC012576,HCV,1b,100
KC012585,HCV,2q,62
KC012578,HCV,1b,100
KC012579,HCV,1b,100
KC012582,HCV,1b,100
KC012584,HCV,2j,58
KC012577,HCV,1b,100
KC012586,HCV,2j,90
OR923679,HCV,1e,100
OR923711,HCV,4f,100
KC012588,HCV,2j,94
KC012589,HCV,2a,71
KC012583,HCV,1b,97
OR923705,HCV,4a,63
KC012587,HCV,2j,79
AB295119,HCV,1b,100
AB295120,HCV,1b,100
AB295121,HCV,1b,100
KM587617,HCV,2b,100
KM587621,HCV,2j,100
AB295124,HCV,1b,100
AB295122,HCV,1b,100
KM587624,HCV,4a,100
KM587614,HCV,1a,100
AB295126,HCV,1b,100
KM587629,HCV,6e,100
KM587616,HCV,2a,100
AB295130,HCV,1b,100
AB295133,HCV,1b,100
AB295134,HCV,1b,100
AB295131,HCV,1b,100
AB295123,HCV,1b,100
AB295132,HCV,1b,100
AB295135,HCV,1b,100
AB295139,HCV,1b,100
AB295138,HCV,1b,100
AB295136,HCV,1b,100
AB295140,HCV,1b,100
AB295141,HCV,1b,100
AB295137,HCV,1b,100
KM587619,HCV,2c,100
AB295142,HCV,1b,100
AB295144,HCV,1b,100
AB295145,HCV,1b,100
AB295146,HCV,1b,100
AB295150,HCV,1b,100
AB295152,HCV,1b,100
AB295148,HCV,1b,100
AB295149,HCV,1b,100
AB295153,HCV,1b,100
AB295154,HCV,1b,100
AB295156,HCV,1b,100
AB295157,HCV,1b,100
AB295155,HCV,1b,100
AB295158,HCV,1b,100
AB295162,HCV,1b,100
AB295163,HCV,1b,100
AB295160,HCV,1b,100
AB295161,HCV,1b,100
AB295164,HCV,1b,100
AB295165,HCV,1b,100
AB295143,HCV,1b,100
KM587620,HCV,2c,100
MW221795,HCV,3a,100
MW221800,HCV,4a,100
MW221801,HCV,3a,100
MW221797,HCV,3a,100
MW221803,HCV,3a,100
MW221802,HCV,3a,100
MW221805,HCV,3a,100
MW221806,HCV,3a,100
MW221807,HCV,1a,100
MW221808,HCV,3a,100
AB295177,HCV,1b,100
MW221811,HCV,3a,100
MW221810,HCV,3a,100
MW221814,HCV,1a,100
KM587618,HCV,2b,100
MW221815,HCV,1a,100
MW221821,HCV,3a,100
MW221816,HCV,3a,100
MW221818,HCV,4d,100
MW221819,HCV,3a,100
MW221817,HCV,4a,100
MW678731,HCV,1a,100
MW221820,HCV,1b,100
MW678733,HCV,1a,100
MW678734,HCV,1a,100
MW678739,HCV,1a,100
KM587622,HCV,3a,100
MW678737,HCV,1a,100
MW678735,HCV,1a,100
MW678738,HCV,1a,100
MW678740,HCV,1a,100
MW678736,HCV,1a,100
MW678742,HCV,1a,100
MW678741,HCV,1a,100
MW678753,HCV,3a,100
MW678755,HCV,3a,100
PP457745,HCV,2a,100
MW678754,HCV,3a,100
PP457743,HCV,2a,100
PP457744,HCV,2a,100
PP457747,HCV,2a,100
PP457746,HCV,2a,100
PP457748,HCV,2a,100
PP457752,HCV,2a,100
PP457749,HCV,2a,100
PP457753,HCV,2a,100
PP457750,HCV,2a,100
PP457754,HCV,2a,100
PP457759,HCV,2a,100
MW678745,HCV,1a,100
PP457760,HCV,2a,100
PP457756,HCV,2a,100
PP457763,HCV,2a,100
PP457765,HCV,2a,100
PP457762,HCV,2a,100
PP457766,HCV,2a,100
PP457767,HCV,2a,100
GQ153889,HCV,2b,25
GQ153890,HCV,2b,88
GQ153892,HCV,2b,61
KY620359,HCV,2b,100
KY620356,HCV,2b,100
KY620351,HCV,2b,100
KY620369,HCV,3a,100
KY620370,HCV,"unassigned_1, 3a-3h",NA
KY620361,HCV,2b,100
KY620367,HCV,3a,100
KY620368,HCV,3a,100
KY620373,HCV,"unassigned_1, 3a-3h",NA
KY620371,HCV,3a,100
KY620363,HCV,3a,100
KY620377,HCV,3a,100
KY620384,HCV,"unassigned_1, 3a-3h",NA
KY620366,HCV,3a,100
KY620374,HCV,3a,100
KY620376,HCV,3a,100
KY620372,HCV,3a,100
KY620420,HCV,3a,100
KY620423,HCV,3a,100
KY620417,HCV,3a,100
KY620421,HCV,3a,100
KY620424,HCV,3a,100
KY620429,HCV,3a,100
KY620426,HCV,3a,100
KY620437,HCV,"unassigned_1, 3a-3h",NA
KY620430,HCV,3a,100
KY620425,HCV,3a,100
KY620428,HCV,3a,100
KY620434,HCV,3a,100
KY620431,HCV,3a,100
KY620433,HCV,3a,100
KY620432,HCV,3a,100
KY620442,HCV,3a,100
KY620447,HCV,3a,100
KY620439,HCV,3a,100
KY620444,HCV,3a,100
KY620448,HCV,"unassigned_1, 3a-3h",NA
KY620435,HCV,3a,100
KY620441,HCV,3a,100
KY620440,HCV,3a,100
KY620456,HCV,"unassigned_1, 3a-3h",NA
KY620438,HCV,3a,100
KY620436,HCV,3a,100
KY620449,HCV,3a,100
KY620445,HCV,3a,100
KY620452,HCV,3a,100
KY620460,HCV,3a,100
KY620470,HCV,3a,100
KY620461,HCV,3a,100
KY620469,HCV,3a,100
KY620476,HCV,3a,100
KY620467,HCV,3a,100
KY620455,HCV,3a,100
KY620473,HCV,3a,100
KY620463,HCV,3a,100
KY620520,HCV,3a,100
KY620525,HCV,3a,100
KY620527,HCV,3a,100
KY620533,HCV,3a,100
KY620554,HCV,3a,100
KY620564,HCV,3a,100
KY620568,HCV,"unassigned_1, 3a-3h",NA
KY620563,HCV,3a,100
KY620565,HCV,3a,100
KY620566,HCV,3a,100
KY620561,HCV,3a,100
KY620574,HCV,"unassigned_1, 3a-3h",NA
KY620580,HCV,"unassigned_1, 3a-3h",NA
KY620572,HCV,3a,100
KY620576,HCV,3a,100
KY620573,HCV,3a,100
KY620567,HCV,3a,100
KY620569,HCV,3a,100
KY620570,HCV,3a,100
KY620575,HCV,3a,100
KY620571,HCV,3a,100
HM009153,HCV,6a,100
HM009155,HCV,6a,100
HM009157,HCV,6a,100
HM009159,HCV,6a,100
HM009160,HCV,6a,100
HM009124,HCV,1b,100
HM009161,HCV,6a,100
HM009167,HCV,6a,100
HM009140,HCV,1b,100
HM009169,HCV,6a,100
HM009166,HCV,6a,100
HM009173,HCV,6a,100
HM009179,HCV,6a,100
HM009185,HCV,6a,100
HM009180,HCV,6a,100
HM009158,HCV,6a,100
HM009184,HCV,6a,100
HM009186,HCV,6a,100
HM009189,HCV,6a,100
HM009187,HCV,6a,100
HM009191,HCV,6a,100
HM009194,HCV,6a,100
HM009209,HCV,6a,100
HM009208,HCV,6a,100
HM009211,HCV,6a,100
HM009215,HCV,6a,100
HM009213,HCV,6a,100
HM009217,HCV,6a,100
HM009221,HCV,6a,100
HM009223,HCV,6a,100
HM009228,HCV,6a,100
HM009231,HCV,6a,100
HM009234,HCV,6a,100
HM009235,HCV,6a,100
HM009236,HCV,6a,100
HM009240,HCV,6a,100
HM009237,HCV,6a,100
HM009239,HCV,6a,100
HM009238,HCV,6a,100
HM009241,HCV,6a,100
HM009243,HCV,6a,100
HM009246,HCV,6a,100
HM009247,HCV,6a,100
HM009253,HCV,6a,100
HM009261,HCV,6a,100
HM009257,HCV,6a,100
HM009259,HCV,6a,100
HM009256,HCV,6a,100
HM009268,HCV,6a,100
HM009273,HCV,6a,100
HM009271,HCV,6a,100
HM009272,HCV,6a,100
HM009270,HCV,6a,100
HM009277,HCV,6a,100
HM009276,HCV,6a,100
HM009280,HCV,6a,100
HM009282,HCV,6a,100
HM009242,HCV,6a,100
HM009263,HCV,6a,100
HM009264,HCV,6a,100
HM009260,HCV,6a,100
HM009267,HCV,6a,100
HM009244,HCV,6a,100
HM009265,HCV,6a,100
HM009269,HCV,6a,100
HM009275,HCV,6a,100
HM009249,HCV,6a,100
HM009251,HCV,6a,100
HM009285,HCV,6a,100
HM009288,HCV,2a,100
HM009248,HCV,6a,100
HM009295,HCV,3a,100
HM009308,HCV,6h,100
AJ849946,HCV,1b,100
HM009300,HCV,3a,100
AJ849956,HCV,1b,100
AJ849958,HCV,1b,100
AJ849957,HCV,1b,100
HM009279,HCV,6a,100
HM009284,HCV,6a,100
HM009307,HCV,6e,100
KC506771,HCV,4a,66
AJ849949,HCV,1b,100
HM009302,HCV,3b,100
HM009306,HCV,3b,100
HM009304,HCV,3b,100
HM009305,HCV,3b,100
HM009303,HCV,3b,100
KC506766,HCV,4k,100
KC506768,HCV,4k,100
AJ849945,HCV,1b,100
KC506767,HCV,4c,98
AJ849944,HCV,1b,100
KC506769,HCV,4r,100
AJ849948,HCV,1b,100
MN164850,HCV,"unassigned_1, 1a-1c",NA
MN164854,HCV,"unassigned_1, 1a-1l",NA
MN164853,HCV,"unassigned_1, 1a-1b",NA
MN164851,HCV,"unassigned_1, 1b-1a",NA
MN164844,HCV,1l,100
MN164849,HCV,1a,100
MN164861,HCV,1l,100
MN164868,HCV,"unassigned_1, 1a-1b",NA
GQ153856,HCV,2j,97
GQ153858,HCV,2b,92
GQ153859,HCV,2b,53
GQ153860,HCV,2j,81
GQ153861,HCV,2j,93
GQ153863,HCV,2a,65
GQ153864,HCV,2m,74
GQ153865,HCV,2k,52
GQ153867,HCV,2a,55
GQ153877,HCV,2b,84
GQ153881,HCV,2j,100
GQ153880,HCV,2a,56
GQ153882,HCV,2j,99
GQ153883,HCV,2b,90
GQ153884,HCV,2a,52
GQ153886,HCV,2j,100
GQ153887,HCV,2b,58
GQ153888,HCV,2j,33
KF686466,HCV,4d,100
KF686488,HCV,4d,100
KF686484,HCV,4r,100
KC844046,HCV,5a,100
KF686490,HCV,4d,100
KF686472,HCV,4d,100
KF686528,HCV,4a,100
KF686524,HCV,4r,100
KF686548,HCV,4d,100
KF686549,HCV,4r,100
KF686550,HCV,4a,100
KF686552,HCV,4d,100
KF686553,HCV,4a,97
KC844049,HCV,1a,100
KF686544,HCV,4v,100
KF686567,HCV,4k,100
KF686568,HCV,4d,100
KF686569,HCV,4d,100
KF686564,HCV,4d,100
KF686572,HCV,4d,100
KF686565,HCV,4d,100
KF686573,HCV,4d,100
KF686558,HCV,4a,100
KF686574,HCV,4v,49
KF686559,HCV,4k,94
KF686577,HCV,4d,100
KF686576,HCV,4d,100
KF686575,HCV,4d,100
KF686571,HCV,4d,100
KF686578,HCV,4a,100
KF686570,HCV,4k,100
KF686467,HCV,4t,87
KF686581,HCV,4d,100
KF686487,HCV,4d,100
GU054430,HCV,2a,61
GU054429,HCV,2c,100
GU054428,HCV,2j,72
GU054431,HCV,2j,100
GU054432,HCV,2j,100
KF686497,HCV,4k,100
GU054425,HCV,2j,78
KF686499,HCV,4d,100
KF686501,HCV,4f,100
KF686500,HCV,4v,100
KF686502,HCV,4r,100
GU054461,HCV,4k,93
GU054449,HCV,2b,85
GU054450,HCV,2b,81
GU054442,HCV,2k,100
GU054453,HCV,4d,100
GU054462,HCV,4a,100
GU054447,HCV,2b,100
GU054465,HCV,4k,99
GU054454,HCV,4d,100
GU054464,HCV,4l,63
GU054466,HCV,4d,100
GU054460,HCV,4d,100
GU054455,HCV,4a,100
GU054468,HCV,4d,100
GU054443,HCV,2b,100
GU054452,HCV,4a,100
GU054458,HCV,4d,100
GU054459,HCV,4a,100
KY620629,HCV,3a,100
KF686498,HCV,4d,100
KF686505,HCV,4o,100
KF686503,HCV,4c,84
KF686504,HCV,4l,100
KF686506,HCV,4a,100
KF686507,HCV,4a,100
KC844047,HCV,1c,100
KF686508,HCV,4v,47
KF686509,HCV,4a,100
KF686511,HCV,4d,100
KF686512,HCV,4a,100
KF686513,HCV,4a,100
KF686514,HCV,4a,100
KF686510,HCV,4d,100
KF686517,HCV,4d,100
KF686518,HCV,4d,100
KF686515,HCV,4k,88
KF686519,HCV,4p,99
KF686520,HCV,4a,100
KC844048,HCV,2b,100
KF686521,HCV,4a,100
KF686522,HCV,4d,100
KF686525,HCV,4v,100
KF686516,HCV,4d,100
KF686526,HCV,4a,100
KF686527,HCV,4a,100
KF686529,HCV,4d,100
KF686531,HCV,4a,100
KF686532,HCV,4k,99
KF686523,HCV,4a,100
KF686530,HCV,4d,100
KF686534,HCV,4a,100
KF686535,HCV,4a,57
KF686536,HCV,4a,100
KF686537,HCV,4c,100
KC844050,HCV,2j,100
KF686538,HCV,4n,100
KF686539,HCV,4v,100
KF686540,HCV,4v,100
KF686541,HCV,4a,100
KF686542,HCV,4r,100
KF686543,HCV,4a,100
KF686533,HCV,4l,100
KF686546,HCV,4d,100
KF686547,HCV,4d,100
KF686554,HCV,4v,100
KF686555,HCV,4d,100
KF686556,HCV,4a,100
KF686557,HCV,4d,100
KF686560,HCV,4d,100
KF686561,HCV,4d,100
KF686563,HCV,4d,100
KF686562,HCV,4d,100
KF686545,HCV,4a,100
KF686551,HCV,4n,100
KF686566,HCV,4a,100
KF686579,HCV,4a,100
KF686580,HCV,4a,62
KF686582,HCV,4d,100
KF686583,HCV,4d,100
GU054415,HCV,2j,91
GU054419,HCV,2j,99
GU054418,HCV,2j,99
GU054420,HCV,2j,91
GU054421,HCV,2j,100
GU054422,HCV,2j,100
GU054423,HCV,2j,50
GU054424,HCV,2b,47
GU054417,HCV,2b,62
GU054426,HCV,2b,81
GU054434,HCV,2b,63
GU054433,HCV,2j,90
GU054435,HCV,2j,91
GU054436,HCV,2i,99
GU054437,HCV,2k,100
GU054438,HCV,2j,98
GU054440,HCV,2j,86
GU054439,HCV,2k,38
KY620604,HCV,3a,100
KY620608,HCV,3a,100
KY620613,HCV,3a,100
KY620612,HCV,3a,100
KY620616,HCV,3a,100
KY620618,HCV,3a,100
KY620617,HCV,3a,100
KY620619,HCV,3a,100
KY620621,HCV,3a,100
KY620627,HCV,3a,100
KY620625,HCV,3a,100
KY620626,HCV,3a,100
KY620636,HCV,3a,100
KY620624,HCV,3a,100
KY620632,HCV,3a,100
KY620631,HCV,3a,100
JQ650285,HCV,2c,100
JQ650286,HCV,2c,100
JQ650287,HCV,2c,100
JQ650282,HCV,2c,100
JQ650289,HCV,2c,100
JQ650292,HCV,2c,100
JQ650293,HCV,2c,100
JQ650290,HCV,2c,100
JQ650291,HCV,2c,100
JQ650294,HCV,2c,100
JQ650295,HCV,2c,100
JQ650296,HCV,2c,100
JQ650299,HCV,2c,100
JQ650298,HCV,2c,100
JQ650300,HCV,2c,100
JQ650301,HCV,2c,100
JQ650302,HCV,2c,100
JQ650303,HCV,2c,100
JQ650304,HCV,2c,100
JQ650305,HCV,2c,100
JQ650306,HCV,2c,100
JQ650307,HCV,2c,100
JQ650308,HCV,2c,100
JQ650311,HCV,2c,100
JQ650310,HCV,2c,100
JQ650314,HCV,2c,100
JQ650315,HCV,2c,100
JQ650316,HCV,2c,100
JQ650343,HCV,2j,53
JQ650345,HCV,2c,96
KM213551,HCV,2a,43
KM213556,HCV,2c,94
KM213557,HCV,2c,100
KM213558,HCV,1l,95
KM213559,HCV,2j,90
KM213555,HCV,2j,73
KM213537,HCV,2j,79
KM213538,HCV,2j,100
KM213539,HCV,2j,100
KM213540,HCV,2c,55
KM213543,HCV,2j,100
KM213546,HCV,2j,99
KM213541,HCV,1b,82
KM213545,HCV,2j,98
KM213544,HCV,1l,76
KM213548,HCV,2b,57
KM213547,HCV,2j,100
KM213542,HCV,2b,49
KM213549,HCV,1b,28
KM213550,HCV,2j,42
KM213554,HCV,1h,59
KM213560,HCV,2j,100
KM213561,HCV,2a,48
KM213568,HCV,2c,100
KM213571,HCV,2c,85
KM213570,HCV,2j,94
KM213574,HCV,4a,18
KM213580,HCV,2j,98
KM213579,HCV,2a,81
KM213584,HCV,2q,50
KM213562,HCV,2j,100
KM213563,HCV,2c,47
KM213565,HCV,2j,100
KM213566,HCV,2c,100
KM213564,HCV,2b,100
KM213567,HCV,1b,100
KM213572,HCV,2b,45
KM213575,HCV,1b,36
KM213552,HCV,2c,44
KM213578,HCV,2a,79
KM213576,HCV,2j,89
KM213581,HCV,2j,100
KM213586,HCV,2j,22
KM213588,HCV,2c,100
KM213590,HCV,2j,94
KM213591,HCV,2c,87
KM213573,HCV,2j,98
KM213582,HCV,2j,100
KM213583,HCV,2a,96
KM213585,HCV,2a,52
KJ206312,HCV,2c,100
KJ206315,HCV,2c,100
KJ206317,HCV,2c,100
KJ206316,HCV,2c,100
KJ206319,HCV,2c,100
KJ206320,HCV,2c,100
KJ206321,HCV,2c,100
KJ206322,HCV,2c,100
KJ206323,HCV,2c,100
KJ206318,HCV,2c,100
KJ206327,HCV,2c,100
KJ206325,HCV,2c,100
KJ206330,HCV,2c,100
KJ206332,HCV,2c,100
KJ206331,HCV,2c,100
KR864839,HCV,2j,100
ON630766,HCV,1a,100
ON630767,HCV,1a,100
ON630774,HCV,1a,100
ON630770,HCV,1a,100
ON630765,HCV,1a,100
ON630763,HCV,1a,100
ON630776,HCV,1a,100
ON630772,HCV,1a,100
ON630764,HCV,1a,100
ON630771,HCV,1a,100
ON630778,HCV,1a,100
ON630781,HCV,1a,100
ON630782,HCV,1a,100
ON630780,HCV,1a,100
ON630783,HCV,1a,100
ON630788,HCV,1a,100
ON630786,HCV,1a,100
ON630790,HCV,1a,100
ON630789,HCV,1a,100
ON630792,HCV,1a,100
ON630799,HCV,1a,100
ON630805,HCV,1a,100
ON630769,HCV,1a,100
ON630773,HCV,1a,100
ON630777,HCV,1a,100
ON630785,HCV,1a,100
ON630791,HCV,1a,100
ON630793,HCV,1a,100
ON630787,HCV,1a,100
ON630797,HCV,1a,100
GU054416,HCV,2k,32
GU054445,HCV,2c,48
GU054441,HCV,2i,100
GU054446,HCV,2a,100
GU054448,HCV,2j,61
GU054451,HCV,2j,78
GU054456,HCV,4d,100
GU054469,HCV,4r,100
GU054444,HCV,2j,95
GU054470,HCV,4d,100
GU054471,HCV,4f,100
GU054472,HCV,4f,78
GU054473,HCV,4d,100
GU054474,HCV,4d,100
GU054477,HCV,4d,100
GU054457,HCV,4d,100
GU054463,HCV,4d,100
GU054467,HCV,4d,100
KY620652,HCV,3a,100
KY620651,HCV,3a,100
KY620655,HCV,3a,100
KY620656,HCV,3a,100
KY620649,HCV,3a,100
KY620653,HCV,3a,100
KY620654,HCV,3a,100
KY620650,HCV,3a,100
KY620658,HCV,3a,100
KY620657,HCV,3a,100
KY620671,HCV,"unassigned_1, 3a-3h",NA
KY620661,HCV,3a,100
KY620662,HCV,3a,100
KY620667,HCV,3a,100
KY620664,HCV,3a,100
KY620665,HCV,3a,100
KY620668,HCV,3a,100
KY620659,HCV,3a,100
KY620666,HCV,3a,100
KY620660,HCV,3a,100
KY620674,HCV,3a,100
KY620672,HCV,3a,100
KY620675,HCV,"unassigned_1, 3a-3h",NA
KY620673,HCV,3a,100
KY620670,HCV,3a,100
KY620663,HCV,3a,100
KY620669,HCV,3a,100
KY620683,HCV,3a,100
KY620676,HCV,3a,100
KY620677,HCV,3a,100
KY620679,HCV,3a,100
KY620682,HCV,3a,100
KY620680,HCV,3a,100
KY620685,HCV,3a,100
KY620681,HCV,3a,100
KY620678,HCV,3a,100
KY620687,HCV,3a,100
KY620688,HCV,3a,100
KY620684,HCV,3a,100
KY620686,HCV,3a,100
KY620691,HCV,3a,100
KY620689,HCV,3a,100
KY620690,HCV,3a,100
KY620694,HCV,3a,100
KY620692,HCV,3a,100
KY620695,HCV,3a,100
KY620697,HCV,3a,100
KY620696,HCV,3a,100
KY620693,HCV,3a,100
KY620698,HCV,3a,100
ON630887,HCV,4d,100
ON630888,HCV,4d,100
GU054427,HCV,2j,100
KY620587,HCV,3a,100
KY620597,HCV,3a,100
KY620596,HCV,3a,100
KY620591,HCV,3a,100
KY620606,HCV,"unassigned_1, 3a-3h",NA
KY620594,HCV,3a,100
KY620600,HCV,3a,100
KY620598,HCV,3a,100
KY620611,HCV,3a,100
KY620603,HCV,3a,100
KY620605,HCV,3a,100
KY620607,HCV,3a,100
ON630803,HCV,1a,100
ON630806,HCV,1a,100
ON630801,HCV,1a,100
ON630804,HCV,1a,100
ON630809,HCV,1a,100
ON630816,HCV,1a,100
ON630811,HCV,1a,100
ON630813,HCV,1a,100
ON630814,HCV,1a,100
ON630815,HCV,1a,100
ON630794,HCV,1a,100
ON630796,HCV,1a,100
ON630798,HCV,1a,100
ON630808,HCV,1a,100
ON630807,HCV,1a,100
ON630802,HCV,1a,100
ON630810,HCV,1a,100
ON630812,HCV,1a,100
ON630823,HCV,1a,100
ON630819,HCV,1a,100
ON630821,HCV,1a,100
ON630822,HCV,1a,100
ON630832,HCV,1a,100
ON630836,HCV,1a,100
ON630834,HCV,1a,100
ON630833,HCV,1a,100
ON630835,HCV,1a,100
ON630830,HCV,1a,100
ON630839,HCV,1a,100
ON630841,HCV,1a,100
ON630840,HCV,1a,100
ON630818,HCV,1a,100
ON630817,HCV,1a,100
ON630820,HCV,1a,100
ON630824,HCV,1a,100
ON630825,HCV,1a,100
ON630827,HCV,1a,100
ON630831,HCV,1a,100
ON630829,HCV,1a,100
ON630828,HCV,1a,100
ON630826,HCV,1a,100
ON630837,HCV,1a,100
ON630838,HCV,1a,100
ON630843,HCV,1a,100
ON630846,HCV,1a,100
ON630892,HCV,4d,100
ON630881,HCV,4d,100
ON630890,HCV,4d,100
ON630891,HCV,4d,100
ON630893,HCV,4d,100
ON630895,HCV,4d,100
ON630896,HCV,4d,100
KC844038,HCV,6a,100
ON630900,HCV,4d,100
ON630889,HCV,4d,100
ON630894,HCV,4d,100
KC844037,HCV,6a,100
KC844039,HCV,6w,93
KC844040,HCV,6w,98
KF686348,HCV,4c,100
KF686347,HCV,4a,100
KF686349,HCV,4d,100
KF686351,HCV,4d,100
KF686350,HCV,4r,100
KF686353,HCV,4a,100
KF686430,HCV,4n,38
KC844051,HCV,"unassigned_1, 1b-3h",NA
KF686431,HCV,4a,100
KF686438,HCV,4a,100
KF686429,HCV,4d,100
KF686418,HCV,4a,100
KF686432,HCV,4r,100
KF686433,HCV,4v,100
KF686434,HCV,4a,100
KF686435,HCV,4a,100
KF686436,HCV,4r,100
KF686491,HCV,4k,100
KF686492,HCV,4d,100
KF686485,HCV,4v,100
KF686486,HCV,4c,94
KF686452,HCV,4a,100
KF686489,HCV,4k,100
KF686493,HCV,4d,100
KF686494,HCV,4d,100
KF686496,HCV,4d,100
KF686495,HCV,4r,100
KY620628,HCV,3a,100
KY620635,HCV,3a,100
KY620641,HCV,"unassigned_1, 3a-3h",NA
KY620639,HCV,3a,100
KY620633,HCV,3a,100
KY620643,HCV,3a,100
KY620642,HCV,3a,100
KY620700,HCV,3a,100
KY620647,HCV,3a,100
KY620701,HCV,3a,100
KY620645,HCV,3a,100
KY620644,HCV,3a,100
KY620705,HCV,3a,100
KY620699,HCV,3a,100
KY620703,HCV,3a,100
KY620706,HCV,3a,100
KY620734,HCV,3a,100
KY620718,HCV,3a,100
KY620738,HCV,"unassigned_1, 3a-3h",NA
KY620735,HCV,3a,100
KY620767,HCV,3a,100
KY620765,HCV,3a,100
KY620771,HCV,3a,100
KY620778,HCV,3a,100
KY620779,HCV,3a,100
KY620775,HCV,3a,100
KY620785,HCV,3a,100
KY620782,HCV,3a,100
KY620776,HCV,3a,100
KY620790,HCV,"unassigned_1, 3a-3h",NA
KY620769,HCV,3a,100
KY620770,HCV,3a,100
KY620774,HCV,3a,100
KY620772,HCV,3a,100
KY620773,HCV,3a,100
KY620777,HCV,3a,100
KY620786,HCV,3a,100
KY620780,HCV,3a,100
KY620791,HCV,"unassigned_1, 3a-3h",NA
KY620792,HCV,3a,100
KY620787,HCV,3a,100
KY620789,HCV,3a,100
KY620781,HCV,3a,100
KY620783,HCV,3a,100
KY620784,HCV,3a,100
KY620788,HCV,3a,100
KY620798,HCV,3a,100
KY620797,HCV,3a,100
KY620794,HCV,3a,100
KY620803,HCV,3a,100
KY620799,HCV,3a,100
KY620804,HCV,3a,100
KY620796,HCV,3a,100
KY620795,HCV,3a,100
KY620802,HCV,3a,100
KY620800,HCV,3a,100
KY620806,HCV,3a,100
KY620812,HCV,3a,100
KY620807,HCV,3a,100
KY620816,HCV,3a,100
KY620817,HCV,3a,100
KY620801,HCV,"unassigned_1, 3a-3h",NA
KY620819,HCV,3a,100
KY620822,HCV,3a,100
KY620836,HCV,"unassigned_1, 3a-3h",NA
KY620825,HCV,3a,100
KY620834,HCV,3a,100
KY620828,HCV,3a,100
KY620833,HCV,3a,100
KY620837,HCV,3a,100
KY620839,HCV,3a,100
KY620830,HCV,3a,100
KY620848,HCV,3a,100
KY620840,HCV,3a,100
KY620846,HCV,3a,100
KY620821,HCV,3a,100
KY620829,HCV,3a,100
KY620832,HCV,"unassigned_1, 3a-3h",NA
KY620826,HCV,3a,100
KY620827,HCV,3a,100
KY620835,HCV,3a,100
KY620831,HCV,3a,100
KY620838,HCV,3a,100
KY620841,HCV,3a,100
KY620842,HCV,3a,100
KY620844,HCV,3a,100
KY620843,HCV,3a,100
MH899459,HCV,4d,100
MH899462,HCV,4d,100
MH899468,HCV,4d,100
MH899487,HCV,4d,100
MH899496,HCV,4d,100
MH899497,HCV,4d,100
MH899499,HCV,4d,100
MH899500,HCV,4d,100
MH899501,HCV,4d,100
MH899502,HCV,4d,100
MH899498,HCV,4d,100
MH899503,HCV,4d,100
MH899504,HCV,4d,100
MH899505,HCV,4d,100
JQ650260,HCV,2c,100
JQ650262,HCV,2c,100
JQ650261,HCV,2c,100
JQ650266,HCV,2c,100
JQ650263,HCV,2c,100
JQ650265,HCV,2c,100
JQ650269,HCV,2c,100
JQ650271,HCV,2c,100
JQ650270,HCV,2c,100
JQ650273,HCV,2c,100
JQ650274,HCV,2c,100
JQ650276,HCV,2c,100
JQ650277,HCV,2c,100
JQ650278,HCV,2c,100
JQ650279,HCV,2c,100
JQ650280,HCV,2c,100
JQ650275,HCV,2c,100
JQ650281,HCV,2c,100
JQ650283,HCV,2c,100
JQ650284,HCV,2c,100
KY620648,HCV,3a,100
KY620811,HCV,"unassigned_1, 3a-3h",NA
KY620813,HCV,3a,100
KY620810,HCV,3a,100
KY620854,HCV,3a,100
KY620853,HCV,3a,100
KY620845,HCV,3a,100
KY620860,HCV,"unassigned_1, 3a-2b",NA
KY620855,HCV,3a,100
KY620851,HCV,3a,100
KY620847,HCV,3a,100
KY620850,HCV,3a,100
KY620856,HCV,3a,100
KY620852,HCV,3a,100
KY620849,HCV,3a,100
KY620858,HCV,3a,100
KY620748,HCV,"unassigned_1, 3a-3h",NA
KY620736,HCV,3a,100
KY620740,HCV,3a,100
KY620742,HCV,3a,100
KY620737,HCV,3a,100
KY620739,HCV,3a,100
KY620746,HCV,3a,100
KY620733,HCV,3a,100
KY620743,HCV,3a,100
KY620747,HCV,3a,100
KY620744,HCV,3a,100
KY620749,HCV,3a,100
KY620752,HCV,3a,100
KY620741,HCV,3a,100
KY620756,HCV,3a,100
KY620751,HCV,3a,100
KY620745,HCV,3a,100
KY620758,HCV,3a,100
KY620760,HCV,3a,100
KY620757,HCV,3a,100
KY620750,HCV,3a,100
KY620761,HCV,3a,100
KY620762,HCV,3a,100
KY620763,HCV,3a,100
KY620759,HCV,"unassigned_1, 3a-3h",NA
KY620755,HCV,3a,100
KY620764,HCV,3a,100
KY620753,HCV,3a,100
KY620768,HCV,3a,100
KY620754,HCV,3a,100
KY620766,HCV,3a,100
MH899470,HCV,4d,100
MH899472,HCV,4d,100
MH899473,HCV,4d,94
MH899474,HCV,4d,100
MH899475,HCV,4d,100
MH899476,HCV,4d,100
MH899478,HCV,4d,100
MH899477,HCV,4d,100
MH899479,HCV,4d,100
MH899480,HCV,4d,100
MH899481,HCV,4d,100
MH899482,HCV,4d,100
MH899483,HCV,4d,100
MH899485,HCV,4d,100
MH899486,HCV,4d,100
JQ650297,HCV,2c,100
JQ650332,HCV,2k,100
JQ650334,HCV,2j,61
JQ650333,HCV,2c,66
JQ650337,HCV,2j,71
JQ650335,HCV,2a,67
JQ650336,HCV,2j,100
JQ650346,HCV,2j,45
JQ650347,HCV,2c,84
JQ650348,HCV,2b,100
KM213528,HCV,1c,47
KM213527,HCV,2j,96
KM213529,HCV,2j,87
KM213530,HCV,2j,49
KJ206302,HCV,2c,100
KJ206301,HCV,2c,100
KJ206303,HCV,2c,100
KJ206305,HCV,2c,100
KJ206306,HCV,2c,100
KJ206304,HCV,2c,100
KJ206307,HCV,2c,100
KJ206310,HCV,2c,100
KY620868,HCV,"unassigned_1, 3a-2b",NA
KY620857,HCV,3a,100
KY620859,HCV,3a,100
KY620861,HCV,3a,100
KY620863,HCV,3a,100
KY620864,HCV,3a,100
KY620865,HCV,3a,100
KY620862,HCV,3a,100
MH899456,HCV,4d,100
MH899457,HCV,4d,100
KY620872,HCV,"unassigned_1, 3b-3h",NA
KY620866,HCV,3a,100
KY620880,HCV,"unassigned_1, 1a-2b",NA
KY620867,HCV,3a,100
KY620869,HCV,3b,100
KY620873,HCV,3b,100
KY620874,HCV,3b,100
KY620871,HCV,3b,100
KY620877,HCV,3g,100
KY620870,HCV,3b,100
KY620878,HCV,3i,100
KY620876,HCV,3g,100
KY620879,HCV,3g,100
KM213589,HCV,2j,100
ON630844,HCV,1a,100
ON630851,HCV,1a,100
ON630842,HCV,1a,100
ON630854,HCV,1a,100
ON630845,HCV,1a,100
ON630849,HCV,1a,100
ON630853,HCV,1a,100
ON630850,HCV,1a,100
ON630847,HCV,1a,100
ON630848,HCV,1a,100
ON630852,HCV,1a,100
ON630855,HCV,1a,100
ON630856,HCV,1a,100
ON630861,HCV,1a,100
ON630860,HCV,1a,100
ON630862,HCV,1a,100
ON630857,HCV,1a,100
ON630858,HCV,1a,100
ON630863,HCV,1a,100
ON630859,HCV,1a,100
ON630864,HCV,1a,100
ON630868,HCV,1a,100
ON630867,HCV,1a,100
ON630870,HCV,4d,100
ON630869,HCV,1a,100
ON630866,HCV,1a,100
ON630871,HCV,4d,100
ON630865,HCV,1a,100
ON630873,HCV,4d,100
ON630877,HCV,4d,100
ON630874,HCV,4d,100
ON630872,HCV,4d,100
ON630878,HCV,4d,100
ON630876,HCV,4d,100
ON630875,HCV,4d,100
ON630879,HCV,4d,100
ON630880,HCV,4d,100
ON630883,HCV,4d,100
ON630882,HCV,4d,100
ON630885,HCV,4d,100
ON630884,HCV,4d,100
ON630886,HCV,4d,100
KY620602,HCV,3a,100
KY620593,HCV,3a,100
KY620610,HCV,3a,100
GU054475,HCV,4d,100
GU054476,HCV,4d,100
KY620592,HCV,3a,100
KY620588,HCV,3a,100
KY620595,HCV,3a,100
KY620601,HCV,3a,100
KY620590,HCV,3a,100
KY620599,HCV,3a,100
KY620589,HCV,3a,100
KY620614,HCV,3a,100
KY620615,HCV,3a,100
KY620609,HCV,3a,100
KY620620,HCV,3a,100
KY620622,HCV,3a,100
KY620623,HCV,3a,100
KY620630,HCV,3a,100
KY620637,HCV,3a,100
KY620640,HCV,3a,100
KY620646,HCV,3a,100
KY620704,HCV,3a,100
KY620702,HCV,3a,100
KY620709,HCV,3a,100
KY620710,HCV,3a,100
KY620712,HCV,3a,100
KY620708,HCV,3a,100
KY620721,HCV,"unassigned_1, 3a-3h",NA
KY620707,HCV,3a,100
KY620714,HCV,3a,100
KY620713,HCV,3a,100
KY620716,HCV,3a,100
KY620724,HCV,"unassigned_1, 3a-3h",NA
KY620634,HCV,3a,100
KY620638,HCV,3a,100
KY620720,HCV,3a,100
KY620715,HCV,3a,100
KY620723,HCV,3a,100
KY620711,HCV,3a,100
KY620717,HCV,3a,100
KY620725,HCV,3a,100
KY620726,HCV,3a,100
KY620728,HCV,3a,100
KY620730,HCV,3a,100
KY620722,HCV,3a,100
KY620727,HCV,3a,100
JQ650267,HCV,2c,100
MH899467,HCV,4d,100
MH899471,HCV,4d,100
MH899488,HCV,4d,100
MH899489,HCV,4d,100
MH899490,HCV,4d,100
MH899491,HCV,4d,100
MH899493,HCV,4d,100
KY620731,HCV,3a,100
KY620719,HCV,3a,100
KY620729,HCV,3a,100
KY620732,HCV,3a,100
KY620809,HCV,3a,100
KY620793,HCV,3a,100
KY620808,HCV,3a,100
KY620805,HCV,3a,100
KY620814,HCV,3a,100
KY620815,HCV,3a,100
KY620823,HCV,"unassigned_1, 3a-3h",NA
KY620818,HCV,3a,100
KY620824,HCV,"unassigned_1, 3a-3h",NA
KY620820,HCV,3a,100
MH899458,HCV,4d,100
MH899460,HCV,4d,100
KY620875,HCV,"unassigned_1, 3b-3a",NA
MH899461,HCV,4d,100
MH899464,HCV,4d,100
MH899465,HCV,4d,100
MH899463,HCV,4d,100
MH899466,HCV,4d,100
MH899469,HCV,4d,100
MH899484,HCV,4d,100
MH899492,HCV,4d,89
MH899495,HCV,4d,100
MH899494,HCV,4d,100
JQ650268,HCV,2c,100
JQ650288,HCV,2c,100
JQ650309,HCV,2c,100
JQ650312,HCV,2c,100
JQ650318,HCV,2i,96
JQ650319,HCV,2i,100
JQ650317,HCV,2c,99
JQ650321,HCV,2i,99
JQ650320,HCV,2i,98
JQ650322,HCV,2i,100
JQ650323,HCV,2k,100
KM213531,HCV,2j,98
KM213532,HCV,2b,93
KM213533,HCV,2a,80
KM213534,HCV,2a,58
KM213535,HCV,2j,76
KM213536,HCV,2c,76
JQ650313,HCV,2c,100
JQ650324,HCV,2k,100
JQ650326,HCV,2k,99
JQ650325,HCV,2k,100
JQ650327,HCV,2k,100
JQ650328,HCV,2k,100
JQ650329,HCV,2k,100
JQ650330,HCV,2k,100
JQ650331,HCV,2k,100
JQ650338,HCV,2j,98
JQ650340,HCV,2j,76
JQ650339,HCV,2j,98
JQ650341,HCV,2j,93
JQ650344,HCV,2c,94
JQ650342,HCV,2j,59
JQ650264,HCV,2c,100
JQ650272,HCV,2c,100
KM213569,HCV,2j,97
KM213553,HCV,2j,69
KJ206300,HCV,2c,100
KJ206291,HCV,2c,100
KM213577,HCV,1b,44
KJ206297,HCV,2c,100
KJ206298,HCV,2c,100
KJ206309,HCV,2c,100
KJ206308,HCV,2c,100
KJ206313,HCV,2c,100
KJ206314,HCV,2c,100
KJ206324,HCV,2c,100
KM213587,HCV,2b,46
KJ206290,HCV,2c,100
KJ206292,HCV,2c,100
KJ206294,HCV,2c,100
KJ206293,HCV,2c,100
KJ206295,HCV,2c,100
KJ206296,HCV,2c,100
KJ206299,HCV,2c,100
KJ206311,HCV,2c,100
KJ206326,HCV,2c,100
KJ206328,HCV,2c,100
ON630795,HCV,1a,100
KJ206329,HCV,2c,100
KJ206333,HCV,2c,100
KJ206334,HCV,2i,100
KJ206335,HCV,2k,100
KR864840,HCV,2q,100
ON630768,HCV,1a,100
ON630775,HCV,1a,100
ON630784,HCV,1a,100
ON630779,HCV,1a,100
ON630800,HCV,1a,100
KF686352,HCV,4d,100
KF686356,HCV,4a,100
KF686358,HCV,4a,100
ON630899,HCV,4d,100
KF686357,HCV,4a,100
KF686354,HCV,4o,70
KC844045,HCV,4d,100
ON630897,HCV,4d,100
KF686360,HCV,4d,100
KF686373,HCV,4d,100
KF686361,HCV,4d,100
ON630898,HCV,4d,100
KF686364,HCV,4o,100
KF686365,HCV,4d,100
KF686362,HCV,4d,100
KF686355,HCV,4a,100
KF686371,HCV,4a,100
KF686370,HCV,4d,100
KF686363,HCV,4d,100
KF686366,HCV,4a,100
KF686359,HCV,4a,100
KF686369,HCV,4a,70
KF686377,HCV,4r,100
KF686378,HCV,4a,100
KF686372,HCV,4a,100
KF686375,HCV,4d,100
KF686379,HCV,4d,100
KC844044,HCV,3b,100
KF686374,HCV,4a,100
KF686376,HCV,4d,100
KF686389,HCV,4d,100
KF686382,HCV,4d,100
KC844042,HCV,2j,100
KF686380,HCV,4d,100
KF686381,HCV,4d,100
KF686367,HCV,4d,100
KF686387,HCV,4a,100
KF686388,HCV,4d,100
KF686394,HCV,4d,100
KF686395,HCV,4d,100
KF686392,HCV,4d,100
KC844043,HCV,2a,100
KF686390,HCV,4a,100
KF686393,HCV,4a,100
KF686368,HCV,4d,100
KF686383,HCV,4a,100
KF686391,HCV,4d,100
KF686385,HCV,4d,100
KF686386,HCV,4d,100
KF686398,HCV,4d,100
KC844052,HCV,"unassigned_1, 1b-3h",NA
KF686400,HCV,4a,100
KF686399,HCV,4d,100
KF686402,HCV,4d,100
KF686407,HCV,4m,100
KF686404,HCV,4m,100
KF686405,HCV,4a,80
KF686406,HCV,4r,100
KF686408,HCV,4r,100
KF686416,HCV,4a,100
KF686419,HCV,4r,100
KF686409,HCV,4r,100
KF686397,HCV,4d,100
KF686384,HCV,4d,100
KF686422,HCV,4m,100
KF686423,HCV,4a,100
KF686401,HCV,4a,100
KF686403,HCV,4a,100
KF686410,HCV,4a,100
KF686412,HCV,4d,100
KF686411,HCV,4r,100
KF686414,HCV,4a,100
KF686415,HCV,4o,100
KF686417,HCV,4r,100
KF686396,HCV,4d,100
KF686424,HCV,4r,100
KF686426,HCV,4o,100
KF686425,HCV,4m,59
KF686413,HCV,4v,100
KF686427,HCV,4v,100
KF686428,HCV,4a,100
KF686437,HCV,4l,100
KC844041,HCV,3a,100
KF686441,HCV,4r,100
KF686442,HCV,4r,100
KF686439,HCV,4o,86
KF686454,HCV,4v,100
KF686443,HCV,4a,100
KF686444,HCV,4a,100
KF686445,HCV,4a,100
KF686446,HCV,4a,100
KF686451,HCV,4a,100
KF686450,HCV,4a,100
KF686449,HCV,4a,100
KF686447,HCV,4a,100
KF686448,HCV,4a,100
KF686464,HCV,4a,100
KF686468,HCV,4d,100
KF686456,HCV,4a,100
KF686420,HCV,4a,100
KF686470,HCV,4a,100
KF686460,HCV,4r,100
KF686461,HCV,4a,100
KF686462,HCV,4v,100
KF686463,HCV,4v,100
KF686465,HCV,4d,100
KF686455,HCV,4v,100
KF686469,HCV,4a,100
KF686471,HCV,4a,100
KF686473,HCV,4d,100
KF686440,HCV,4a,100
KF686459,HCV,4a,100
KF686476,HCV,4k,100
KF686475,HCV,4k,100
KF686478,HCV,4a,100
KF686457,HCV,4a,100
KF686479,HCV,4a,100
KF686421,HCV,4a,100
KF686458,HCV,4a,100
KF686477,HCV,4d,100
KF686474,HCV,4a,100
KF686481,HCV,4d,100
KF686482,HCV,4d,100
KF686453,HCV,4a,100
KF686480,HCV,4d,100
KF686483,HCV,4d,100
GU054479,HCV,4d,100
JF511080,HCV,2c,100
JF511082,HCV,2c,100
JF511083,HCV,2c,100
JF511084,HCV,2c,100
JF511085,HCV,2c,100
JF511087,HCV,2c,100
JF511088,HCV,2c,100
JF511089,HCV,2c,100
JF511090,HCV,2c,100
JF511086,HCV,2c,100
JF511091,HCV,2c,100
JF511092,HCV,2c,100
JF511096,HCV,2c,100
JF511094,HCV,2c,100
JF511135,HCV,2c,100
JF511120,HCV,2c,100
KX621426,HCV,3a,100
KX621429,HCV,3a,100
KX621424,HCV,1a,100
KX621435,HCV,1a,100
KX621428,HCV,3a,100
KX621509,HCV,1a,100
KX621518,HCV,3a,100
KX621515,HCV,1a,100
KX621519,HCV,3a,100
KX621521,HCV,1a,100
KX621520,HCV,1a,100
KX621517,HCV,1a,100
KX621525,HCV,1a,100
KX621523,HCV,1a,100
KX621526,HCV,1a,100
KX621522,HCV,3a,100
KX621527,HCV,3a,100
KX621524,HCV,1a,100
KX621532,HCV,1a,100
KX621537,HCV,3a,100
KX621530,HCV,3a,100
KX621538,HCV,1a,100
KX621542,HCV,1a,100
KX621544,HCV,1a,100
KJ439767,HCV,1c,100
KJ439769,HCV,1e,100
KF463156,HCV,4d,100
KJ439770,HCV,1g,100
KJ439768,HCV,1b,100
JF511110,HCV,2c,100
KF463178,HCV,4d,100
JF511116,HCV,2c,100
JF511113,HCV,2c,100
OM525863,HCV,1c,100
OM525862,HCV,1b,100
OM525867,HCV,1b,100
OM525872,HCV,1b,100
OM525873,HCV,"unassigned_1, 1a-1b",NA
OM525869,HCV,1b,100
KF463179,HCV,4d,100
KF463181,HCV,4d,98
KF463180,HCV,4d,99
KF463182,HCV,4d,100
KF463183,HCV,4d,100
KF463184,HCV,4d,100
KF463186,HCV,4d,99
KF463185,HCV,4d,100
OM525855,HCV,"unassigned_1, 2a-2k",NA
OM525860,HCV,2d,100
OM525857,HCV,2d,100
KF667841,HCV,1b,100
HQ850290,HCV,1a,100
KF667849,HCV,1b,100
HQ850283,HCV,1a,100
HQ850286,HCV,1a,100
HQ850289,HCV,1a,100
HQ850282,HCV,1a,100
HQ850288,HCV,1a,100
HQ850285,HCV,1a,100
HQ850284,HCV,1a,100
GU451219,HCV,1b,100
HQ850280,HCV,1a,100
HQ850278,HCV,1a,100
HQ850287,HCV,1a,100
HQ850281,HCV,1a,100
HQ850279,HCV,1a,100
GU451221,HCV,1b,100
HQ908349,HCV,1b,100
HQ908350,HCV,1b,100
HQ908351,HCV,1b,100
HQ908348,HCV,1b,100
HQ908340,HCV,1b,100
HQ908337,HCV,1b,100
HQ908342,HCV,1b,100
GU451218,HCV,1b,100
EF407470,HCV,1b,100
EF407471,HCV,1b,100
GU451222,HCV,1b,100
EF407472,HCV,1b,100
EF407469,HCV,1b,100
EF407474,HCV,1b,100
EF407475,HCV,1b,100
AF165047,HCV,1b,100
EF407473,HCV,1b,100
EF407477,HCV,1b,100
EF407478,HCV,1b,100
GU451220,HCV,1b,100
EF407476,HCV,1b,100
EF407479,HCV,1b,100
EF407481,HCV,1b,100
EF407480,HCV,1b,100
AF165048,HCV,1b,100
AF165046,HCV,1b,100
HQ908291,HCV,1b,100
KT190711,HCV,6e,54
HM746822,HCV,1b,100
PP092207,HCV,6w,64
PP092205,HCV,6w,76
PP092206,HCV,6w,49
HM746837,HCV,1b,100
HM746838,HCV,1b,100
HM746840,HCV,1b,100
HM746839,HCV,1b,100
DQ835761,HCV,6j,100
DQ835762,HCV,6i,100
D84264,HCV,6k,100
D84265,HCV,6h,100
EU334530,HCV,4d,71
MH459000,HCV,3a,100
JX227952,HCV,"unassigned_1, 1b-2j-2a-2j-2q-2k-2q-2k",NA
JX227950,HCV,2c,100
JX227960,HCV,4v,100
JF511105,HCV,2c,100
JF511106,HCV,2c,100
GU054480,HCV,4k,100
JF511102,HCV,2c,100
JX227955,HCV,3i,100
JX227954,HCV,3g,100
MH492362,HCV,6n,100
MH492361,HCV,6n,100
JX227953,HCV,2k,100
JX227956,HCV,3i,100
JX227957,HCV,4l,100
JX227959,HCV,4v,100
JX227951,HCV,2c,100
JX227949,HCV,2c,100
MH492360,HCV,6n,100
JX227958,HCV,4l,100
KX621474,HCV,1a,100
KX621473,HCV,1a,100
KX621471,HCV,1a,100
KF667762,HCV,1a,100
KF667763,HCV,1a,100
KF667764,HCV,1a,100
KF667765,HCV,1a,100
KF667770,HCV,1a,100
KF667773,HCV,1a,100
KF667772,HCV,1a,100
KF667771,HCV,1a,100
KF667779,HCV,1a,100
KF667778,HCV,1a,100
JX227961,HCV,4m,100
JF511101,HCV,2c,100
JF511100,HCV,2c,100
KF667781,HCV,1a,100
KF667827,HCV,1b,100
JF511103,HCV,2c,100
KF667828,HCV,1b,100
JF511104,HCV,2c,100
KF667780,HCV,1a,100
GU054490,HCV,4a,100
KF667835,HCV,1b,100
KF667829,HCV,1b,100
KF667834,HCV,1b,100
KF667787,HCV,1a,100
KF667821,HCV,1b,100
KF667836,HCV,1b,100
JF511064,HCV,2c,100
JF511065,HCV,2c,100
OM525858,HCV,2a,57
KF667844,HCV,1b,100
JF511066,HCV,2c,100
JF511067,HCV,2c,100
KF667843,HCV,1b,100
JF511074,HCV,2c,100
JF511073,HCV,2c,100
JF511072,HCV,2c,100
JF511076,HCV,2c,100
JF511077,HCV,2c,100
KF667826,HCV,1b,100
KF667847,HCV,1b,100
KF667845,HCV,1b,100
KF667786,HCV,1a,100
KF667820,HCV,1b,100
KF667756,HCV,1a,100
OM525903,HCV,2q,94
KF667757,HCV,1a,100
OM525906,HCV,1b,100
KF667758,HCV,1a,100
OM525907,HCV,2d,100
OM525902,HCV,1a,100
KF667767,HCV,1a,100
KF667769,HCV,1a,100
OM525910,HCV,2d,100
KF667774,HCV,1a,100
KF667776,HCV,1a,100
OM525909,HCV,1a,100
OM525905,HCV,2j,58
KF667777,HCV,1a,100
KF667783,HCV,1a,100
KF667824,HCV,1b,100
KF667823,HCV,1b,100
KF667825,HCV,1b,100
OM525904,HCV,2q,96
KF667832,HCV,1b,100
KF667833,HCV,1b,100
KF667830,HCV,1b,100
KF667822,HCV,1b,100
KF667840,HCV,1b,100
KF667839,HCV,1b,100
D50484,HCV,1b,100
KF667831,HCV,1b,100
PX091936,HCV,3a,100
PX091935,HCV,1b,100
AF165051,HCV,1b,100
PX091934,HCV,2a,100
KC248193,HCV,1l,100
KC248194,HCV,1e,100
EF407446,HCV,1a,100
EF407445,HCV,1a,100
EF407448,HCV,1a,100
EF407447,HCV,1a,100
EF407449,HCV,1a,100
EF407450,HCV,1a,100
EF407452,HCV,1a,100
EF407451,HCV,1a,100
EF407456,HCV,1a,100
EF407455,HCV,1a,100
EF407453,HCV,1a,100
EF407454,HCV,1a,100
EF407457,HCV,1a,100
EF407458,HCV,1b,100
HM746817,HCV,1a,100
EF407503,HCV,1b,100
HM746830,HCV,1b,100
HM746828,HCV,1b,100
HM746833,HCV,1b,100
HM746835,HCV,1b,100
HM746836,HCV,1b,100
HM746831,HCV,1b,100
MZ171132,HCV,6l,100
MZ171133,HCV,6l,99
MZ171130,HCV,6l,100
JX183549,HCV,6k,99
JX183550,HCV,6l,100
JX183551,HCV,6l,100
JX183552,HCV,6l,100
JX183553,HCV,6l,100
JX183555,HCV,6l,100
MZ171134,HCV,6l,100
MH458984,HCV,6xa,100
MH458987,HCV,3b,100
MH458986,HCV,6n,100
HQ537009,HCV,4v,100
HQ908288,HCV,1b,100
HQ908297,HCV,1b,100
HQ908293,HCV,1b,100
HQ908294,HCV,1b,100
HQ908299,HCV,1b,100
HQ908296,HCV,1b,100
HQ908300,HCV,1b,100
HQ908303,HCV,1b,100
HQ908302,HCV,1b,100
HQ908295,HCV,1b,100
HQ908306,HCV,1b,100
HQ908304,HCV,1b,100
HQ908301,HCV,1b,100
HQ908298,HCV,1b,100
HQ908305,HCV,1b,100
HQ908312,HCV,1b,100
HQ908314,HCV,1b,100
HQ908311,HCV,1b,100
HQ908315,HCV,1b,100
JF511095,HCV,2c,100
JF511098,HCV,2c,100
JF511097,HCV,2c,100
JF511093,HCV,2c,100
JF511107,HCV,2c,100
JF511111,HCV,2c,100
JF511108,HCV,2c,100
JF511109,HCV,2c,100
JF511114,HCV,2c,100
JF511117,HCV,2c,100
JF511115,HCV,2c,100
JF511118,HCV,2c,100
JF511121,HCV,2c,100
JF511122,HCV,2c,100
JF511119,HCV,2c,100
JF511124,HCV,2c,100
JF511127,HCV,2c,100
JF511123,HCV,2c,100
JF511128,HCV,2c,100
JF511125,HCV,2c,100
JF511126,HCV,2c,100
JF511129,HCV,2c,100
JF511131,HCV,2c,100
JF511112,HCV,2c,100
JF511130,HCV,2c,100
JF511132,HCV,2c,100
JF511133,HCV,2c,100
JF511136,HCV,2c,100
JF511134,HCV,2c,100
KX621431,HCV,3a,100
KX621425,HCV,1a,100
KX621432,HCV,3a,100
KX621423,HCV,1a,100
KX621436,HCV,1a,100
KX621430,HCV,1a,100
KX621437,HCV,1a,100
KX621433,HCV,3a,100
KX621427,HCV,1a,100
KJ439773,HCV,1a,100
KJ439776,HCV,1l,100
KJ439772,HCV,1b,100
KJ439778,HCV,1a,100
KJ439781,HCV,1a,100
KJ439782,HCV,1a,100
KJ439780,HCV,1a,100
KJ439779,HCV,1b,98
OM525864,HCV,1a,100
OM525868,HCV,1b,100
OM525865,HCV,1b,100
OM525870,HCV,2d,100
OM525871,HCV,1a,100
OM525866,HCV,1a,100
OM525879,HCV,2j,100
OM525874,HCV,2d,100
OM525880,HCV,2b,100
OM525875,HCV,1a,100
OM525883,HCV,1b,100
OM525877,HCV,2j,81
OM525881,HCV,2d,100
OM525878,HCV,2a,99
OM525882,HCV,1b,100
OM525884,HCV,2q,66
OM525876,HCV,1b,100
OM525886,HCV,2d,100
OM525895,HCV,"unassigned_1, 1b-2a",NA
OM525887,HCV,2d,100
OM525890,HCV,2j,73
OM525893,HCV,2a,97
OM525889,HCV,1b,100
OM525892,HCV,1b,100
OM525888,HCV,1b,100
OM525899,HCV,"unassigned_1, 2b-1b",NA
OM525891,HCV,1a,100
OM525885,HCV,2j,99
OM525894,HCV,1b,100
OM525898,HCV,2d,100
OM525900,HCV,2j,97
OM525896,HCV,1b,100
OM525897,HCV,1b,100
OM525908,HCV,"unassigned_1, 2d-2a",NA
KF667760,HCV,1a,100
KF667785,HCV,1a,100
AF165055,HCV,1b,100
AF165052,HCV,1b,100
AF165049,HCV,1b,100
D16190,HCV,1c,100
D16192,HCV,1c,100
AF165058,HCV,1b,100
AF165059,HCV,1b,100
AF165056,HCV,1b,100
AF165054,HCV,1b,100
AF165057,HCV,1b,100
AF165060,HCV,1b,100
AF165063,HCV,1b,100
AF165062,HCV,1b,100
AF165050,HCV,1b,100
AF165061,HCV,1b,100
KC248197,HCV,1l,100
KC248196,HCV,1l,100
KC248199,HCV,1h,100
D14853,HCV,1c,100
LC650200,HCV,1g,100
HQ537008,HCV,4v,100
HQ908284,HCV,1b,100
HQ537007,HCV,1b,100
HQ908285,HCV,1b,100
KC248198,HCV,1h,100
HQ908286,HCV,1b,100
AF165064,HCV,1b,100
HQ908287,HCV,1b,100
HQ908282,HCV,1b,100
KC248195,HCV,1l,100
HQ908289,HCV,1b,100
HQ908283,HCV,1b,100
HQ908290,HCV,1b,100
HQ908292,HCV,1b,100
HQ908309,HCV,1b,100
HQ908308,HCV,1b,100
HQ908316,HCV,1b,100
HQ908318,HCV,1b,100
HQ908310,HCV,1b,100
HQ908320,HCV,1b,100
HQ908307,HCV,1b,100
HQ908322,HCV,1b,100
HQ908323,HCV,1b,100
HQ908321,HCV,1b,100
HQ908313,HCV,1b,100
HQ908325,HCV,1b,100
HQ908317,HCV,1b,100
HQ908324,HCV,1b,100
HQ908329,HCV,1b,100
HQ908326,HCV,1b,100
HQ908332,HCV,1b,100
HQ908333,HCV,1b,100
HQ908330,HCV,1b,100
HQ908319,HCV,1b,100
HQ908327,HCV,1b,100
HQ908335,HCV,1b,100
HQ908331,HCV,1b,100
HQ908336,HCV,1b,100
HQ908328,HCV,1b,100
HQ908339,HCV,1b,100
HQ908338,HCV,1b,100
HQ908341,HCV,1b,100
HQ908343,HCV,1b,100
HQ908344,HCV,1b,100
HQ908345,HCV,1b,100
HQ908334,HCV,1b,100
HQ908346,HCV,1b,100
HQ908354,HCV,1b,100
HQ908355,HCV,1b,100
HQ908352,HCV,1b,100
HQ908353,HCV,1b,100
HQ908347,HCV,1b,100
HQ908357,HCV,1b,100
HQ908356,HCV,1b,100
HQ908359,HCV,1b,100
HQ908358,HCV,1b,100
KM277570,HCV,1b,100
KM277569,HCV,1b,100
KM277574,HCV,1b,100
KM277576,HCV,1b,100
KM277568,HCV,1b,100
KM277578,HCV,1b,100
AF207774,HCV,1b,100
AF207773,HCV,1b,100
AF207770,HCV,1b,100
AF207769,HCV,1b,100
MH940292,HCV,3a,62
MH742368,HCV,"unassigned_1, 4v-4g",NA
AF207772,HCV,1b,100
MH742362,HCV,4v,98
AF208024,HCV,1b,100
MH742361,HCV,4k,100
LC773634,HCV,4a,69
LC773635,HCV,4a,46
LC773636,HCV,4a,71
AF207771,HCV,1b,100
MH742365,HCV,4v,100
MH742364,HCV,4k,100
MH742363,HCV,4q,58
MH742369,HCV,"unassigned_1, 4v-4a-4p",NA
MH742367,HCV,4v,100
MH742370,HCV,4k,100
EU392170,HCV,4f,100
EU392172,HCV,4d,100
MH940291,HCV,7a,65
EU392171,HCV,4k,100
EU392175,HCV,4f,100
EU392174,HCV,4f,100
EU392173,HCV,4k,100
LC773637,HCV,4f,100
MH742371,HCV,4k,100
LC773639,HCV,4f,96
LC773640,HCV,4a,100
KJ567644,HCV,6l,100
LC773638,HCV,4k,100
KJ567645,HCV,6l,100
KJ567646,HCV,6e,94
KJ567647,HCV,6w,59
KJ567650,HCV,6e,100
KJ567652,HCV,6e,100
KJ567649,HCV,6e,100
EU408326,HCV,6e,100
PP092208,HCV,6w,76
KJ567648,HCV,6w,100
EU408327,HCV,6o,100
KY120330,HCV,6n,100
KJ567651,HCV,6e,100
KY120331,HCV,1b,100
KY120329,HCV,6a,100
KY120328,HCV,1b,100
KY120332,HCV,3a,100
PQ365497,HCV,1a,100
PQ365501,HCV,3a,100
PQ365503,HCV,1a,100
PQ365499,HCV,1a,100
PQ365500,HCV,1a,100
PQ365505,HCV,3b,100
PQ365502,HCV,3a,100
PQ365504,HCV,3i,100
PQ365498,HCV,3a,100
PQ365508,HCV,3a,100
PQ365507,HCV,1a,100
PQ365511,HCV,3a,100
PQ365510,HCV,1b,100
PQ365506,HCV,3a,100
PQ365513,HCV,3a,100
PQ365512,HCV,3a,100
PQ365509,HCV,3a,100
PQ365516,HCV,1a,100
PQ365515,HCV,3a,100
PQ365520,HCV,3a,100
PQ365518,HCV,3a,100
PQ365514,HCV,3a,100
PQ365517,HCV,3a,100
PQ365522,HCV,3a,100
PQ365519,HCV,3a,100
PQ365521,HCV,3a,100
PQ365524,HCV,3a,100
PQ365523,HCV,3a,100
PQ365525,HCV,3a,100
PQ365527,HCV,1a,100
PQ365526,HCV,3a,100
PQ365528,HCV,3a,100
PQ365529,HCV,3a,100
PQ365533,HCV,1a,100
PQ365530,HCV,3a,100
PQ365532,HCV,3a,100
PQ365534,HCV,3a,100
PQ365531,HCV,3a,100
PQ365539,HCV,3g,100
PQ365537,HCV,3a,100
PQ365535,HCV,3a,100
PQ365536,HCV,3a,100
PQ365538,HCV,3a,100
PQ365540,HCV,3a,100
MZ161145,HCV,6a,100
MZ161146,HCV,6a,100
MZ161147,HCV,6a,100
MZ161148,HCV,6a,100
MZ161151,HCV,6a,100
MZ161149,HCV,6a,100
MZ161154,HCV,6a,100
MZ161152,HCV,6a,100
MZ161153,HCV,6a,100
MZ161150,HCV,6a,100
MZ161158,HCV,6a,100
MZ161155,HCV,6a,100
MZ161156,HCV,6a,100
MZ161157,HCV,6a,100
EU246930,HCV,6a,100
EU246933,HCV,6l,100
EU246937,HCV,"unassigned_1, 6n-6o-6e-6a-6o",NA
EU246931,HCV,6e,100
EU246934,HCV,6o,100
EU246935,HCV,6i,100
EU246932,HCV,6e,100
EU246940,HCV,6u,100
EU246936,HCV,6f,100
EU246938,HCV,6n,100
EU246939,HCV,6t,100
KM504109,HCV,6n,100
KM504111,HCV,6e,42
KM504112,HCV,1b,44
KT190710,HCV,6e,56
KM504110,HCV,6f,100
KM504113,HCV,6r,100
KM504114,HCV,6o,55
KF463160,HCV,4d,100
KF463161,HCV,4d,98
KF463162,HCV,4d,100
KF463163,HCV,4d,100
KF463164,HCV,4d,100
KF463166,HCV,4d,98
KF463167,HCV,4d,100
KF463168,HCV,4d,100
KF463165,HCV,4d,100
KF667766,HCV,1a,100
D50481,HCV,1b,100
KF667761,HCV,1a,100
KF667759,HCV,1a,100
KF667768,HCV,1a,100
KF667775,HCV,1a,100
KF667782,HCV,1a,100
D50483,HCV,1b,100
D50482,HCV,1b,100
OM525901,HCV,2a,82
KF667784,HCV,1a,100
D50480,HCV,1b,100
KF667848,HCV,1b,100
KF667838,HCV,1b,100
D50485,HCV,1b,100
AF165053,HCV,1b,100
GU451223,HCV,1b,100
AF165045,HCV,1b,100
GU451224,HCV,1b,100
HM746805,HCV,1a,100
PX445004,HCV,"unassigned_1, 1e-4f-4w-4f-4p",NA
PX445002,HCV,"unassigned_1, 1e-4a-4w-4f",NA
PX446959,HCV,"unassigned_1, 1l-4f",NA
HM746806,HCV,1a,100
PX445001,HCV,"unassigned_1, 1h-4f",NA
HM746807,HCV,1a,100
EF407499,HCV,1b,100
HM746808,HCV,1a,100
EF407500,HCV,1b,100
HM746810,HCV,1a,100
HM746809,HCV,1a,100
HM746825,HCV,1b,100
D86533,HCV,4a,100
D86535,HCV,4a,100
D86536,HCV,4a,100
D86534,HCV,4l,100
D86537,HCV,4d,100
JX183558,HCV,6j,100
EF424627,HCV,6o,100
EF424626,HCV,6p,100
D86539,HCV,4l,100
D86540,HCV,4a,100
D86542,HCV,4a,100
D86538,HCV,4d,100
EF424625,HCV,6q,100
MH458977,HCV,3a,100
MH458978,HCV,6xa,100
MH458979,HCV,6n,100
D86543,HCV,4m,100
JX183554,HCV,6l,100
MH458980,HCV,6xa,100
MH458982,HCV,6n,100
MH458981,HCV,3b,100
D86541,HCV,4a,100
MH458990,HCV,3b,100
EF424628,HCV,6l,100
MH458992,HCV,3b,100
MH458993,HCV,6xa,100
D84263,HCV,6d,100
D84262,HCV,6b,100
MH458995,HCV,6n,100
MH458996,HCV,6n,100
MH458994,HCV,6n,100
KX621434,HCV,3a,100
KX621422,HCV,1a,100
KX621438,HCV,1a,100
KX621443,HCV,1a,100
KX621442,HCV,1a,100
KX621448,HCV,1a,100
KX621449,HCV,1a,100
KX621445,HCV,1a,100
KX621446,HCV,1a,100
KX621441,HCV,3a,100
KX621444,HCV,1a,100
KX621447,HCV,3a,100
KX621439,HCV,1a,100
KX621450,HCV,1a,100
KX621451,HCV,1a,100
KX621453,HCV,3a,100
KX621452,HCV,1a,100
KX621440,HCV,1a,100
KX621454,HCV,3a,100
KX621456,HCV,1a,100
KX621455,HCV,1a,100
KX621459,HCV,1a,100
KX621457,HCV,1a,100
KX621464,HCV,1a,100
KX621460,HCV,1a,100
KX621467,HCV,1a,100
KX621458,HCV,1a,100
KX621463,HCV,1a,100
KX621465,HCV,1a,100
KX621466,HCV,1a,100
KX621461,HCV,1a,100
KX621472,HCV,3a,100
KX621469,HCV,3a,100
KX621470,HCV,3a,100
KX621462,HCV,1a,100
KX621468,HCV,1a,100
KX621475,HCV,3a,100
KX621481,HCV,3a,100
KX621477,HCV,3a,100
KX621480,HCV,3a,100
KX621483,HCV,3a,100
KX621478,HCV,3a,100
KX621476,HCV,3a,100
KX621484,HCV,1a,100
KX621479,HCV,3a,100
KX621491,HCV,3a,100
KX621489,HCV,3a,100
KX621482,HCV,1a,100
KX621490,HCV,3a,100
KX621487,HCV,3a,100
KX621486,HCV,3a,100
KX621485,HCV,1a,100
KX621494,HCV,3a,100
KX621492,HCV,3a,100
KX621495,HCV,1a,100
KX621488,HCV,3a,100
KX621499,HCV,3a,100
KX621493,HCV,1a,100
KX621501,HCV,3a,100
KX621502,HCV,3a,100
KX621503,HCV,3a,100
KX621497,HCV,3a,100
KX621496,HCV,3a,100
KX621504,HCV,1a,100
KX621506,HCV,3a,100
KX621507,HCV,3a,100
KX621505,HCV,1a,100
KX621508,HCV,3a,100
KX621498,HCV,3a,100
KX621510,HCV,1a,100
KX621513,HCV,3a,100
KX621500,HCV,1a,100
KX621511,HCV,1a,100
KX621512,HCV,1a,100
KF463169,HCV,4d,100
KF463170,HCV,4d,100
KF463171,HCV,4d,100
KF463172,HCV,4d,100
KF463173,HCV,4d,100
KF463174,HCV,4d,100
KX621514,HCV,1a,100
KF463175,HCV,4d,100
KF463176,HCV,4d,100
KX621516,HCV,3a,100
KF463177,HCV,4d,100
KF463187,HCV,4d,100
JF511068,HCV,2c,100
OM525856,HCV,1a,100
JF511070,HCV,2c,100
JF511071,HCV,2c,100
JF511069,HCV,2c,100
OM525861,HCV,2d,100
JF511079,HCV,2c,100
JF511078,HCV,2c,100
JF511075,HCV,2c,100
KF667846,HCV,1b,100
OM525854,HCV,1b,100
KF667842,HCV,1b,100
OM525859,HCV,1b,100
KX621536,HCV,1a,100
KX621531,HCV,3a,100
KX621534,HCV,3a,100
KX621528,HCV,1a,100
KX621533,HCV,1a,100
KX621535,HCV,1a,100
KX621529,HCV,1a,100
KX621540,HCV,1a,100
KX621539,HCV,3a,100
KX621541,HCV,3a,100
KF463157,HCV,4d,100
KF463158,HCV,4d,100
KF463159,HCV,4d,99
KX621543,HCV,1a,100
KJ439774,HCV,1a,100
KJ439777,HCV,1a,100
KJ439771,HCV,1h,100
KJ439775,HCV,1a,100
KM277575,HCV,1b,100
KM277573,HCV,1b,100
KM277579,HCV,1b,100
KM277580,HCV,1b,100
KM277571,HCV,1b,100
KM277581,HCV,1b,100
LC435022,HCV,1b,100
LC435021,HCV,6a,100
KM277572,HCV,1b,100
KM277577,HCV,1b,100
LC435023,HCV,6e,100
LC435026,HCV,1b,100
LC435024,HCV,6r,100
EF407411,HCV,1a,100
LC435028,HCV,6r,100
LC435029,HCV,1b,100
LC435030,HCV,1b,100
EF407413,HCV,1a,100
LC435027,HCV,6e,100
EF407414,HCV,1a,100
LC435025,HCV,1b,100
EF407412,HCV,1a,100
EF407416,HCV,1a,100
EF407415,HCV,1a,100
EF407418,HCV,1a,100
EF407417,HCV,1a,100
EF407420,HCV,1a,100
EF407424,HCV,1a,100
EF407419,HCV,1a,100
EF407423,HCV,1a,100
EF407422,HCV,1a,100
EF407421,HCV,1a,100
EF407425,HCV,1a,100
EF407426,HCV,1a,100
EF407428,HCV,1a,100
EF407427,HCV,1a,100
EF407430,HCV,1a,100
EF407429,HCV,1a,100
EF407434,HCV,1a,100
EF407431,HCV,1a,100
EF407432,HCV,1a,100
EF407433,HCV,1a,100
EF407436,HCV,1a,100
EF407435,HCV,1a,100
EF407438,HCV,1a,100
EF407440,HCV,1a,100
EF407442,HCV,1a,100
EF407439,HCV,1a,100
EF407441,HCV,1a,100
EF407437,HCV,1a,100
EF407444,HCV,1a,100
EF407443,HCV,1a,100
EF407462,HCV,1b,100
EF407465,HCV,1b,100
EF407460,HCV,1b,100
EF407464,HCV,1b,100
EF407461,HCV,1b,100
EF407466,HCV,1b,100
EF407463,HCV,1b,100
EF407459,HCV,1b,100
EF407467,HCV,1b,100
EF407468,HCV,1b,100
EF407483,HCV,1b,100
EF407482,HCV,1b,100
EF407484,HCV,1b,100
EF407485,HCV,1b,100
EF407487,HCV,1b,100
EF407486,HCV,1b,100
EF407489,HCV,1b,100
EF407488,HCV,1b,100
EF407490,HCV,1b,100
EF407491,HCV,1b,100
EF407494,HCV,1b,100
EF407493,HCV,1b,100
EF407492,HCV,1b,100
EF407495,HCV,1b,100
EF407497,HCV,1b,100
HM746802,HCV,1a,100
HM746803,HCV,1a,100
EF407498,HCV,1b,100
HM746804,HCV,1a,100
HM746813,HCV,1a,100
HM746814,HCV,1a,100
HM746812,HCV,1a,100
HM746815,HCV,1a,100
HM746816,HCV,1a,100
HM746811,HCV,1a,100
HM746820,HCV,1b,100
HM746819,HCV,1b,100
HM746821,HCV,1b,100
HM746818,HCV,1b,100
EF407502,HCV,1b,100
EF407501,HCV,1b,100
HM746824,HCV,1b,100
EF407504,HCV,1b,100
HM746826,HCV,1b,100
HM746827,HCV,1b,100
KR870893,HCV,1l,100
KR870894,HCV,1e,100
HM746834,HCV,1b,100
HM746823,HCV,1b,100
HM746829,HCV,1b,100
HM746832,HCV,1b,100
EF407496,HCV,1b,100
HM746841,HCV,1b,100
KR870888,HCV,"unassigned_1, 1e-4k-4n-4g-4a-4f-4d-4g",NA
AF207754,HCV,1b,100
AF207761,HCV,1b,100
AF207757,HCV,1b,100
AF207756,HCV,1b,100
AF207752,HCV,1b,100
AF207763,HCV,1b,100
AF207753,HCV,1b,100
AF207765,HCV,1b,100
AF207758,HCV,1b,100
AF207766,HCV,1b,100
AF207762,HCV,1b,100
AF207760,HCV,1b,100
AF207755,HCV,1b,100
AF207759,HCV,1b,100
AF207764,HCV,1b,100
AF207767,HCV,1b,100
MH742360,HCV,"unassigned_1, 4v-4k",NA
MH742366,HCV,"unassigned_1, 4v-4m",NA
AF207768,HCV,1b,100
KM504115,HCV,6q,100
KM504117,HCV,6e,59
KM504118,HCV,6w,69
KM504119,HCV,6h,100
KM504120,HCV,6e,98
KM504116,HCV,6q,100
KM504123,HCV,6s,100
KM504121,HCV,6w,91
KM504122,HCV,6h,100
KM504124,HCV,6c,100
DQ835760,HCV,6f,100
DQ835765,HCV,6m,100
AB049088,HCV,"unassigned_1, 1b-6b",NA
AB049089,HCV,"unassigned_1, 1b-6h-6b",NA
DQ835766,HCV,6m,100
DQ835763,HCV,6m,100
DQ835764,HCV,6f,100
DQ835767,HCV,6m,100
DQ835769,HCV,6j,100
AB049091,HCV,"unassigned_1, 1b-2b-6d-6b",NA
AB049090,HCV,"unassigned_1, 1b-6k-6b",NA
DQ835768,HCV,6n,100
AB049095,HCV,"unassigned_1, 1b-6h-6b",NA
DQ835770,HCV,6i,100
AB049101,HCV,"unassigned_1, 1b-6k-6d-6b",NA
AB049087,HCV,1b,100
AB049092,HCV,1b,100
AB049093,HCV,1b,100
AB049097,HCV,1b,100
AB049098,HCV,1b,100
AB049094,HCV,1b,100
KC767829,HCV,5a,100
KC767833,HCV,5a,100
AB049100,HCV,1b,100
KC767834,HCV,5a,100
KC767830,HCV,5a,100
KC767831,HCV,5a,100
KC767832,HCV,5a,100
AB049096,HCV,1b,100
AM910652,HCV,1g,100
FJ462437,HCV,"unassigned_1, 4d-4o",NA
FJ462431,HCV,4p,100
AB049099,HCV,1b,100
FJ462433,HCV,4m,100
FJ462434,HCV,4q,100
FJ462432,HCV,4g,100
FJ462435,HCV,4b,100
FJ462438,HCV,4k,100
FJ462439,HCV,4r,100
FJ462436,HCV,4c,100
AY859526,HCV,6a,100
FJ462440,HCV,4o,100
FJ839869,HCV,4t,100
DQ480512,HCV,6a,100
FJ462441,HCV,4n,100
FJ839870,HCV,4l,100
DQ480515,HCV,6a,100
DQ480513,HCV,6a,100
DQ480516,HCV,6a,100
DQ480514,HCV,6a,100
DQ480518,HCV,6a,100
JF735129,HCV,"unassigned_1, 4v-4k",NA
DQ480517,HCV,6a,100
DQ480519,HCV,6a,100
DQ480520,HCV,6a,100
DQ480521,HCV,6a,100
JF735131,HCV,"unassigned_1, 4v-4g",NA
JF735130,HCV,"unassigned_1, 4v-4o",NA
DQ480522,HCV,6a,100
DQ480523,HCV,6a,100
JF735127,HCV,4k,96
DQ480524,HCV,6a,100
JF735136,HCV,"unassigned_1, 4v-4g",NA
JF735132,HCV,4v,77
JF735135,HCV,4a,100
JF735134,HCV,4k,99
JF735138,HCV,4k,100
JF735137,HCV,4a,100
MZ171127,HCV,6l,100
MZ171128,HCV,6l,100
MZ171129,HCV,6l,100
MZ171131,HCV,6l,100
JX183556,HCV,6l,100
D84398,HCV,2c,100
D86529,HCV,2q,100
JX183557,HCV,6n,100
D86530,HCV,2j,100
D86531,HCV,1b,100
D86532,HCV,2k,100
MH458989,HCV,1a,100
MH458988,HCV,3b,100
MH458985,HCV,3b,100
MH458991,HCV,1a,100
MH458997,HCV,3a,100
MH458998,HCV,6e,50
EF424629,HCV,6c,100
MH458999,HCV,1a,100
MH458983,HCV,6n,100
GU054483,HCV,4d,100
GU054481,HCV,4a,100
GU054482,HCV,4l,63
GU054485,HCV,4d,100
GU054484,HCV,4d,100
GU054478,HCV,4d,100
GU054486,HCV,4a,100
JF511081,HCV,2c,100
GU054487,HCV,4d,100
GU054488,HCV,4a,100
EU334531,HCV,4f,78
EU334532,HCV,4c,100
EU334534,HCV,4c,100
EU334533,HCV,4f,72
GU054489,HCV,4r,100
JF511099,HCV,2c,100
JF511062,HCV,2c,100
KF667837,HCV,1b,100
JF511063,HCV,2c,100
MH477410,HCV,4t,58
MH477411,HCV,4t,86
MH477413,HCV,4t,71
JX227962,HCV,4r,100
JX227968,HCV,2m,100
JX227977,HCV,4o,100
MH477358,HCV,2j,86
JX227976,HCV,4r,100
FJ025855,HCV,4w,100
EU643834,HCV,6w,100
EU798761,HCV,6v,100
JX227979,HCV,4o,100
EU643836,HCV,6w,100
FJ025856,HCV,4w,100
FJ435090,HCV,6v,100
EU798760,HCV,6v,100
MK548363,HCV,"unassigned_1, 1a-2b",NA
MK548366,HCV,"unassigned_1, 1a-2b",NA
MK548364,HCV,"unassigned_1, 1a-2b",NA
MK548367,HCV,"unassigned_1, 1a-2b",NA
MK548362,HCV,"unassigned_1, 1a-2b",NA
MK548365,HCV,"unassigned_1, 1a-2b",NA
MK548368,HCV,"unassigned_1, 1a-2b",NA
MH477421,HCV,4f,100
KX107885,HCV,5a,100
KX107887,HCV,6a,100
OM896922,HCV,3b,100
OM896927,HCV,3b,100
OM896924,HCV,3b,100
OM896929,HCV,3b,100
OM896928,HCV,3b,100
OM896930,HCV,3b,100
OM896932,HCV,3b,100
OM896936,HCV,3b,100
OM896931,HCV,3b,100
OM896933,HCV,3b,100
OM896934,HCV,3b,100
OM896935,HCV,3b,100
OM896937,HCV,3b,100
MK328016,HCV,"unassigned_1, 6g-3b",NA
MH590698,HCV,"unassigned_1, 2j-5a",NA
KM252794,HCV,6w,88
KM252799,HCV,6a,100
MH477379,HCV,4f,100
KM252800,HCV,6e,85
OM312726,HCV,1a,100
KT148815,HCV,1b,100
GQ356203,HCV,3a,100
GQ356206,HCV,3a,100
GQ356208,HCV,3a,100
GQ356201,HCV,3a,100
GQ356209,HCV,3a,100
GQ356212,HCV,3a,100
GQ356205,HCV,3a,100
GQ356214,HCV,3a,100
GQ356200,HCV,3a,100
GQ356204,HCV,3a,100
GQ356211,HCV,3a,100
GQ356202,HCV,3a,100
GQ356213,HCV,3a,100
GQ356210,HCV,3a,100
GQ356207,HCV,3a,100
GQ356216,HCV,3a,100
GQ356217,HCV,3a,100
GQ356215,HCV,3a,100
EF589161,HCV,4f,100
JF735113,HCV,2j,100
EF589160,HCV,4f,100
JF735111,HCV,2m,100
EF108306,HCV,7a,100
JF735110,HCV,2j,52
JF735116,HCV,2j,100
JF735112,HCV,2a,90
JF735115,HCV,2r,100
JF735119,HCV,2a,97
JF735117,HCV,2j,100
JF735114,HCV,2d,100
JF735120,HCV,2e,100
OM312721,HCV,1a,100
OM312729,HCV,1a,100
OM312730,HCV,1a,100
OM312740,HCV,1a,100
MH477397,HCV,4v,82
MH477404,HCV,4p,97
MH477403,HCV,4v,68
MH477406,HCV,4t,97
MH477398,HCV,4p,44
MH477418,HCV,4f,100
MH477417,HCV,4f,100
OM312718,HCV,1a,100
OM312734,HCV,1a,100
OM312742,HCV,1a,100
MW041299,HCV,2j,100
DQ314806,HCV,6g,100
DQ314805,HCV,6e,100
MK139018,HCV,6n,100
MH733208,HCV,1b,100
MH477378,HCV,4f,100
KX107873,HCV,5a,100
KX107879,HCV,6f,100
KX107897,HCV,6e,100
KX107878,HCV,6n,100
KX107884,HCV,6e,100
KX107888,HCV,6e,100
OM896881,HCV,3b,100
KX107896,HCV,6e,100
KX107891,HCV,6j,100
OM896890,HCV,3b,100
KX107889,HCV,6a,100
OM896882,HCV,3b,100
OM896906,HCV,3b,100
OM896908,HCV,3b,100
OM896903,HCV,3b,100
OM896907,HCV,3b,100
OM896905,HCV,3b,100
OM896910,HCV,3b,100
OM896914,HCV,3b,100
OM896925,HCV,3b,100
OM896902,HCV,3b,100
OM896923,HCV,3b,100
OM896926,HCV,3b,100
MK328018,HCV,6w,100
MK328025,HCV,6w,84
DQ418782,HCV,4a,100
MH590700,HCV,"unassigned_1, 1b-6w",NA
JF735133,HCV,4v,100
DQ418787,HCV,4a,100
DQ418783,HCV,4a,100
DQ418786,HCV,4d,100
KM252780,HCV,6e,100
KM252781,HCV,6e,100
MK328019,HCV,6g,100
KM252788,HCV,"unassigned_1, 6u-2b",NA
MK328021,HCV,6w,99
MH590701,HCV,"unassigned_1, 2j-5a",NA
MK328026,HCV,6w,100
MK328020,HCV,6w,99
MH590699,HCV,"unassigned_1, 2j-5a",NA
MK328024,HCV,6g,91
MK328022,HCV,6g,99
MK328023,HCV,6w,78
JF735128,HCV,"unassigned_1, 4v-4m-4p-4t-4a-3g-2b-1a-3h",NA
DQ418784,HCV,4a,100
KT148759,HCV,1a,100
KT148771,HCV,1a,100
DQ418785,HCV,4a,100
DQ418788,HCV,4a,100
KM252782,HCV,6h,100
KM252786,HCV,6r,100
KM252783,HCV,6h,100
KM252784,HCV,6h,100
KT148757,HCV,1a,100
KT148758,HCV,1a,100
KM252787,HCV,6s,100
KT148760,HCV,1a,100
KT148767,HCV,1a,100
KT148768,HCV,1a,100
KT148770,HCV,1a,100
KM252790,HCV,6a,100
KT148769,HCV,1a,100
KM252796,HCV,6e,75
KT148816,HCV,1b,100
KT148773,HCV,1a,100
KT148788,HCV,1a,100
KM252791,HCV,6a,100
KT148793,HCV,1b,100
KM252793,HCV,6d,73
KT148791,HCV,1a,100
KT148790,HCV,1a,100
KT148808,HCV,1b,100
KT148789,HCV,1a,100
KT148811,HCV,1b,100
KT148809,HCV,1b,100
KM252789,HCV,6a,100
KT148810,HCV,1b,100
KT148812,HCV,1b,100
KM252798,HCV,6e,57
KM252792,HCV,6n,100
KM252795,HCV,6j,100
KM252797,HCV,6e,52
ON228294,HCV,5a,100
ON228297,HCV,5a,100
OM312665,HCV,1a,100
ON228296,HCV,5a,100
OM312671,HCV,1a,100
OM312666,HCV,1a,100
ON228298,HCV,5a,100
ON228295,HCV,5a,100
OM312668,HCV,1a,100
OM312672,HCV,1a,100
OM312667,HCV,1a,100
OM312669,HCV,1a,100
ON228300,HCV,5a,100
OM312680,HCV,1a,100
OM312681,HCV,1a,100
OM312677,HCV,1a,100
OM312676,HCV,1a,100
OM312686,HCV,1a,100
OM312688,HCV,1a,100
OM312682,HCV,1a,100
OM312683,HCV,1a,100
OM312687,HCV,1a,100
OM312689,HCV,1a,100
OM312696,HCV,1a,100
OM312673,HCV,1a,100
OM312697,HCV,1a,100
OM312701,HCV,1a,100
OM312715,HCV,1a,100
OM312708,HCV,1a,100
OM312704,HCV,1a,100
OM312702,HCV,1a,100
OM312698,HCV,1a,100
OM312705,HCV,1a,100
OM312700,HCV,1a,100
OM312707,HCV,1a,100
OM312723,HCV,1a,100
OM312709,HCV,1a,100
OM312717,HCV,1a,100
OM312706,HCV,1a,100
OM312724,HCV,1a,100
OM312728,HCV,1a,100
OM312710,HCV,1a,100
OM312741,HCV,1a,100
OM312732,HCV,1a,100
OM312737,HCV,1a,100
OM312731,HCV,1a,100
OM312735,HCV,1a,100
OM312743,HCV,1a,100
OM312738,HCV,1a,100
OM312750,HCV,1a,100
OM312755,HCV,1a,100
OM312745,HCV,1a,100
OM312752,HCV,1a,100
OM312759,HCV,1a,100
OM312747,HCV,1a,100
OM312756,HCV,1a,100
OM312767,HCV,1a,100
OM312762,HCV,1a,100
MH477362,HCV,2j,61
OM312761,HCV,1a,100
MH477366,HCV,2q,42
MH477364,HCV,2j,95
MH477371,HCV,4f,50
MH477372,HCV,4f,100
MH477376,HCV,4f,100
OM312764,HCV,1a,100
MH477369,HCV,4a,82
OM312758,HCV,1a,100
MH477375,HCV,4f,100
MH477373,HCV,4f,100
OM312760,HCV,1a,100
OM312772,HCV,1a,100
MH477374,HCV,4f,100
MH477377,HCV,4f,100
OM312774,HCV,1b,100
MH477363,HCV,2j,88
OM312768,HCV,1a,100
OM312769,HCV,1a,100
MH477422,HCV,4f,100
MK548369,HCV,"unassigned_1, 1a-2b",NA
MH477420,HCV,1e,100
MH477423,HCV,2a,80
MH477424,HCV,4f,100
KX107880,HCV,6n,100
KX107893,HCV,6e,100
KX107892,HCV,5a,100
OM312670,HCV,1a,100
OM312674,HCV,1a,100
ON228299,HCV,5a,100
OM312679,HCV,1a,100
OM312691,HCV,1a,100
OM312693,HCV,1a,100
OM312694,HCV,1a,100
OM312695,HCV,1a,100
OM312699,HCV,1a,100
OM312690,HCV,1a,100
OM312692,HCV,1a,100
OM312684,HCV,1a,100
OM312703,HCV,1a,100
OM312725,HCV,1a,100
OM312720,HCV,1a,100
OM312727,HCV,1a,100
OM312722,HCV,1a,100
JF735118,HCV,2k,99
OM312736,HCV,1a,100
OM312751,HCV,1a,100
OM312744,HCV,1a,100
OM312749,HCV,1a,100
OM312766,HCV,1a,100
OM312757,HCV,1a,100
MH477360,HCV,2j,88
OM312765,HCV,1a,100
OM312771,HCV,1a,100
MH477368,HCV,2a,59
MH477370,HCV,4m,68
OM312770,HCV,1a,100
MH477365,HCV,2j,68
OM312773,HCV,1a,100
MH477419,HCV,1e,100
KX107872,HCV,5a,100
EU408330,HCV,6xa,100
KX107881,HCV,6l,100
KX107882,HCV,6e,100
KJ470613,HCV,3a,100
EU408332,HCV,6xa,100
KJ470615,HCV,3a,100
KJ470616,HCV,3b,100
KT148761,HCV,1a,100
KJ470617,HCV,3b,100
KJ470614,HCV,3a,100
MH477426,HCV,4f,100
EU408331,HCV,6xa,100
OM896940,HCV,3b,100
OM896941,HCV,3b,100
KJ470619,HCV,3a,100
OM896939,HCV,3b,100
OM896942,HCV,3b,100
OM896943,HCV,3b,100
KJ470612,HCV,3a,100
OM896938,HCV,3b,100
OM896944,HCV,3b,100
OM896945,HCV,3a,100
OM896946,HCV,3a,100
OM896949,HCV,3a,100
OM896947,HCV,3a,100
OM896948,HCV,3a,100
OM896953,HCV,3a,100
OM896950,HCV,3a,100
OM896957,HCV,3a,100
OM896954,HCV,3a,100
OM896958,HCV,3a,100
OM896951,HCV,3a,100
OM896955,HCV,3a,100
OM896959,HCV,3a,100
OM896956,HCV,3a,100
OM896981,HCV,3a,100
OM896983,HCV,3a,100
KT148762,HCV,1a,100
KT148776,HCV,1a,100
KT148778,HCV,1a,100
KT148779,HCV,1a,100
KT148780,HCV,1a,100
KT148781,HCV,1a,100
KT148782,HCV,1a,100
KT148795,HCV,1b,100
KT148796,HCV,1b,100
KT148799,HCV,1b,100
OM312827,HCV,1b,100
KT148800,HCV,1b,100
KT148804,HCV,1b,100
KT148806,HCV,1b,100
KT148807,HCV,1b,100
KT148801,HCV,1b,100
OM312825,HCV,1b,100
OM312824,HCV,1b,100
OM312828,HCV,1b,100
OM312829,HCV,1b,100
OM312853,HCV,1b,100
OM312838,HCV,1b,100
OM312834,HCV,1b,100
OM312839,HCV,1b,100
OM312844,HCV,1b,100
OM312849,HCV,1b,100
OM312848,HCV,1b,100
OM312841,HCV,1b,100
MK328014,HCV,6w,100
OM312852,HCV,1b,100
OM312854,HCV,3a,100
MK328013,HCV,6g,100
OM312855,HCV,3a,100
OM312840,HCV,1b,100
OM312882,HCV,3a,100
OM312887,HCV,3a,100
OM312877,HCV,3a,100
OM312888,HCV,3a,100
OM312886,HCV,3a,100
OM312896,HCV,3a,100
OM312891,HCV,3a,100
OM312892,HCV,3a,100
OM312893,HCV,3a,100
OM312871,HCV,3a,100
OM312861,HCV,3a,100
OM312873,HCV,3a,100
OM312875,HCV,3a,100
OM312884,HCV,3a,100
OM312890,HCV,3a,100
OM312898,HCV,3a,100
OM312894,HCV,3a,100
OM312895,HCV,3a,100
OM312899,HCV,3a,100
OM312903,HCV,3a,100
OM312901,HCV,3a,100
OM312902,HCV,3a,100
OM312889,HCV,3a,100
OM312905,HCV,3a,100
OM312913,HCV,3a,100
OM312897,HCV,3a,100
OM312910,HCV,3a,100
OM312920,HCV,3a,100
OM312919,HCV,3a,100
OM312925,HCV,3a,100
OM312927,HCV,3a,100
OM312916,HCV,3a,100
OM312904,HCV,3a,100
OM312911,HCV,3a,100
OM312909,HCV,3a,100
OM312908,HCV,3a,100
MK328012,HCV,1b,86
OM312931,HCV,3a,100
OM312930,HCV,3a,100
OM312940,HCV,3a,100
OM312942,HCV,3a,100
OM312943,HCV,3a,100
OM312939,HCV,3a,100
OM312937,HCV,3a,100
OM312926,HCV,3a,100
OM312952,HCV,3a,100
OM312958,HCV,3a,100
OM312941,HCV,3a,100
OM312954,HCV,3a,100
OM312953,HCV,3a,100
OM312947,HCV,3a,100
OM312960,HCV,3a,100
OM312957,HCV,3a,100
OM312951,HCV,3a,100
OM312962,HCV,3a,100
OM312955,HCV,3a,100
OM312959,HCV,3a,100
OK001618,HCV,4a,100
OK001615,HCV,4a,100
OK001616,HCV,4a,100
OM312964,HCV,3a,100
OK001613,HCV,4a,100
OM312945,HCV,3a,100
OM312956,HCV,3a,100
OK001620,HCV,4o,100
OK001621,HCV,4d,100
OK001622,HCV,4a,100
OM312961,HCV,3a,100
OK001619,HCV,4a,100
OM312963,HCV,3a,100
OK001623,HCV,4a,100
OM811382,HCV,1b,100
OK001628,HCV,4d,100
OK001612,HCV,4a,100
OM811386,HCV,1b,100
OM811385,HCV,1b,100
OK001626,HCV,4v,100
OM811388,HCV,3a,100
OM811380,HCV,1b,100
OM811389,HCV,1b,100
OM811390,HCV,1a,100
AB661387,HCV,2b,100
AB661380,HCV,2b,100
AB661389,HCV,2b,100
AB661386,HCV,2b,100
AB661391,HCV,2b,100
AB661390,HCV,2b,100
AB661395,HCV,2b,100
MH733168,HCV,1b,100
MH733172,HCV,1b,100
ON314820,HCV,2j,50
MH733174,HCV,1b,100
MH733175,HCV,1b,100
MH733176,HCV,1b,100
MH733177,HCV,1b,100
MH733164,HCV,1b,100
ON314814,HCV,2q,64
ON314816,HCV,2j,100
MH733178,HCV,1b,100
MH733165,HCV,1b,100
ON314821,HCV,2j,100
MH733166,HCV,1b,100
MH733167,HCV,1b,100
ON314815,HCV,2j,74
MH733169,HCV,1b,100
MH733181,HCV,1b,100
MH733182,HCV,1b,100
ON314823,HCV,2j,70
MH733184,HCV,1b,100
MH733183,HCV,1b,100
MH733186,HCV,1b,100
MH733185,HCV,1b,100
MH733187,HCV,1b,100
MH733188,HCV,1b,100
MH733189,HCV,1b,100
MH733180,HCV,1b,100
ON314824,HCV,2q,100
MH733190,HCV,1b,100
ON314826,HCV,2j,100
MH733191,HCV,1b,100
MH733195,HCV,1b,100
MH733217,HCV,1a,100
MH733192,HCV,1b,100
MH733204,HCV,1b,100
MH733206,HCV,1b,100
MH733205,HCV,1b,100
MH733193,HCV,1b,100
MH733200,HCV,1b,100
MH733207,HCV,1b,100
MH733209,HCV,1b,100
ON314825,HCV,2j,74
MH733210,HCV,1b,100
MH733211,HCV,1a,100
MH733201,HCV,1b,100
MH733212,HCV,1a,100
MH733214,HCV,1a,100
MH733215,HCV,1a,100
MH733225,HCV,1a,100
MH733228,HCV,1a,100
MH733229,HCV,1a,100
MH733226,HCV,1a,100
MH733231,HCV,1a,100
MH733230,HCV,1a,100
MH733218,HCV,1a,100
MH733196,HCV,1b,100
MH733197,HCV,1b,100
MH733199,HCV,1b,100
MH733198,HCV,1b,100
ON314827,HCV,2q,63
MH733202,HCV,1b,100
MH733203,HCV,1b,100
MH733194,HCV,1b,100
MH733232,HCV,1a,100
MH733235,HCV,1a,100
MH733234,HCV,1a,100
MH733216,HCV,1a,100
MH733238,HCV,1a,100
MH733227,HCV,1a,100
MH733237,HCV,1a,100
MH733219,HCV,1a,100
MH733220,HCV,1a,100
MH733221,HCV,1a,100
MH733222,HCV,1a,100
MH733224,HCV,1a,100
MH733213,HCV,1a,100
U37643,HCV,1b,100
MH733233,HCV,1a,100
U37663,HCV,1b,100
U37666,HCV,1b,100
MH733236,HCV,1a,100
ON314822,HCV,2k,100
MH733223,HCV,1a,100
MH733240,HCV,1a,100
U37642,HCV,1b,100
U37664,HCV,1b,100
U37640,HCV,1b,100
U37641,HCV,1b,100
OM312781,HCV,1b,100
U37665,HCV,1b,100
U37667,HCV,1b,100
U37669,HCV,1b,100
U37668,HCV,1b,100
U37671,HCV,1b,100
U37662,HCV,1b,100
OM312776,HCV,1b,100
OM312778,HCV,1b,100
U37660,HCV,1b,100
U37661,HCV,1b,100
U37670,HCV,1b,100
MH733239,HCV,1a,100
ON314828,HCV,2q,59
OM312775,HCV,1b,100
OM312789,HCV,1b,100
OM312793,HCV,1b,100
OM312780,HCV,1b,100
OM312790,HCV,1b,100
OM312794,HCV,1b,100
OM312791,HCV,1b,100
OM312792,HCV,1b,100
OM312800,HCV,1b,100
OM312803,HCV,1b,100
OM312795,HCV,1b,100
OM312801,HCV,1b,100
OM312802,HCV,1b,100
OM312807,HCV,1b,100
OM312806,HCV,1b,100
OM312810,HCV,1b,100
OM312811,HCV,1b,100
MH477380,HCV,4f,100
OM312799,HCV,1b,100
OM312815,HCV,1b,100
MH477381,HCV,4f,100
MH477382,HCV,4f,100
OM312809,HCV,1b,100
OM312814,HCV,1b,100
OM312808,HCV,1b,100
OM312804,HCV,1b,100
OM312805,HCV,1b,100
OM312753,HCV,1a,100
OM312812,HCV,1b,100
MH477384,HCV,4f,100
MH477385,HCV,4f,100
MH477387,HCV,4f,100
MH477386,HCV,4f,100
MH477388,HCV,4f,100
MH477389,HCV,4f,100
MH477390,HCV,4f,100
MH477391,HCV,4f,100
MH477394,HCV,4f,100
MH477395,HCV,4f,100
MH477392,HCV,4f,100
MH477396,HCV,4f,100
JX227973,HCV,4n,100
JX227965,HCV,2c,100
JX227966,HCV,2c,100
JX227964,HCV,4k,100
JX227963,HCV,4g?,100
MH477409,HCV,4t,100
MH477407,HCV,4t,53
MH477414,HCV,4t,54
MH477399,HCV,4p,61
MH477408,HCV,4t,71
MH477405,HCV,4t,93
MH477412,HCV,4t,100
KX107876,HCV,5a,100
KX107877,HCV,6i,100
OM896997,HCV,3a,100
OM896990,HCV,3a,100
OM896995,HCV,3a,100
OM896994,HCV,3a,100
OM896998,HCV,3a,100
JF735124,HCV,"unassigned_1, 3a-3g",NA
JF735125,HCV,"unassigned_1, 3i-3h-6h-6b",NA
JF735121,HCV,3h,100
OM897000,HCV,3a,100
KJ470623,HCV,6w,100
JF735123,HCV,3g,100
KJ470622,HCV,6g,100
JF735122,HCV,3k,100
KJ470624,HCV,6g,100
MK327982,HCV,6g,100
OM896999,HCV,3a,100
MK327983,HCV,6g,100
KJ470620,HCV,6g,99
KJ470625,HCV,6w,92
MK327985,HCV,6w,100
KJ470621,HCV,6g,100
MK327981,HCV,6w,100
MK327984,HCV,6g,100
MK327986,HCV,6a,100
MK327994,HCV,6w,100
MK327990,HCV,6w,90
MK327987,HCV,6w,100
MK327988,HCV,6g,100
MK327992,HCV,6g,100
MK327989,HCV,6w,100
OM312946,HCV,3a,100
OM312950,HCV,3a,100
OM312949,HCV,3a,100
OM312948,HCV,3a,100
OK001614,HCV,4a,100
OK001617,HCV,4o,100
OK001624,HCV,4a,100
OK001625,HCV,4d,100
OM811381,HCV,1b,100
OM811383,HCV,3a,100
OK001627,HCV,4a,100
OM811392,HCV,1b,100
OM811391,HCV,3a,100
OM811384,HCV,3a,100
OM811393,HCV,1b,100
OM811394,HCV,1b,100
OM811387,HCV,1b,100
OM811398,HCV,1a,100
OM811397,HCV,3a,100
OM811399,HCV,1b,100
OM811396,HCV,1b,100
OM811400,HCV,1b,100
OM811401,HCV,3a,100
OM811402,HCV,1b,100
OM811395,HCV,3a,100
AB661374,HCV,2b,100
AB031663,HCV,2k,100
AB661377,HCV,2b,100
AB661375,HCV,2b,100
MW041294,HCV,2j,100
AB661376,HCV,2b,100
MW041297,HCV,2j,100
AB661373,HCV,2b,100
AB661378,HCV,2b,100
AB661379,HCV,2b,100
AB661381,HCV,2b,100
AB661383,HCV,2b,100
AB661382,HCV,2b,100
AB661385,HCV,2b,100
AB661384,HCV,2b,100
AB661392,HCV,2b,100
AB661388,HCV,2b,100
AB661396,HCV,2b,100
AB661394,HCV,2b,100
AB661393,HCV,2b,100
AB661411,HCV,2b,100
AB661408,HCV,2b,100
AB661414,HCV,2b,100
AB661410,HCV,2b,100
AB661407,HCV,2b,100
AB661418,HCV,2b,100
AB661415,HCV,2b,100
AB661412,HCV,2b,100
AB661413,HCV,2b,100
AB661416,HCV,2b,100
ON256660,HCV,2j,87
ON256661,HCV,2q,97
ON256662,HCV,2k,68
AB661419,HCV,2b,100
ON256663,HCV,2c,74
ON256665,HCV,2j,79
ON256664,HCV,2j,53
ON256667,HCV,2j,100
ON256666,HCV,2j,99
AB661417,HCV,2b,100
AB661421,HCV,2b,100
AB661420,HCV,2b,100
AB661423,HCV,2b,100
AB661425,HCV,2b,100
AB661428,HCV,2b,100
AB661426,HCV,2b,100
AB661424,HCV,2b,100
AB661429,HCV,2b,100
AB661427,HCV,2b,100
AB661431,HCV,2b,100
AB661422,HCV,2b,100
AB661430,HCV,2b,100
ON314812,HCV,2k,87
ON314813,HCV,2k,88
AB661432,HCV,2b,100
MH733163,HCV,1b,100
ON314818,HCV,2k,100
ON314817,HCV,2k,63
MH733170,HCV,1b,100
MH733171,HCV,1b,100
MH733179,HCV,1b,100
ON314819,HCV,2q,65
OM312777,HCV,1b,100
OM312783,HCV,1b,100
OM312782,HCV,1b,100
OM312779,HCV,1b,100
OM312785,HCV,1b,100
OM312784,HCV,1b,100
OM312786,HCV,1b,100
OM312787,HCV,1b,100
OM312796,HCV,1b,100
OM312788,HCV,1b,100
OM312797,HCV,1b,100
OM312798,HCV,1b,100
MH477383,HCV,4f,100
OM312818,HCV,1b,100
OM312821,HCV,1b,100
OM312820,HCV,1b,100
OM312816,HCV,1b,100
OM312817,HCV,1b,100
OM312813,HCV,1b,100
MH477393,HCV,4f,100
OM312819,HCV,1b,100
MK327996,HCV,6w,100
MK327993,HCV,1b,100
MK327997,HCV,6g,100
MK327998,HCV,6w,100
MK328001,HCV,6w,83
MK327995,HCV,6w,100
MK328002,HCV,6w,100
MK327991,HCV,6w,77
MK328004,HCV,6a,98
MK328011,HCV,6a,76
MK328006,HCV,6w,100
MK328003,HCV,6w,100
MK327999,HCV,6w,100
MK328008,HCV,6w,97
MK328005,HCV,6g,98
MK328007,HCV,6w,100
MK328015,HCV,6g,94
MK328000,HCV,6g,100
MK328010,HCV,6w,100
MK328009,HCV,6w,100
KU861171,HCV,2j,51
MW041298,HCV,2j,100
MW041296,HCV,2j,100
MW041295,HCV,2j,100
AB661398,HCV,2b,100
AB661400,HCV,2b,100
AB661397,HCV,2b,100
AB661399,HCV,2b,100
AB661403,HCV,2b,100
AB661404,HCV,2b,100
AB661401,HCV,2b,100
AB661406,HCV,2b,100
AB661409,HCV,2b,100
AB661405,HCV,2b,100
AB661402,HCV,2b,100
MH733162,HCV,1b,100
MK139015,HCV,6n,100
MK139017,HCV,6n,100
MK139020,HCV,6n,100
MK139016,HCV,6n,100
MK139019,HCV,6n,100
JX227969,HCV,3i,100
JX227971,HCV,4g,100
JX227967,HCV,2m,100
JX227972,HCV,4m,100
JX227974,HCV,2m,100
FJ025854,HCV,"unassigned_1, 4k-4f",NA
MH477345,HCV,1e,100
JX227975,HCV,4r,100
MH477347,HCV,1e,100
MH477349,HCV,1e,100
MH477350,HCV,1e,100
MH477351,HCV,1g,95
MH477346,HCV,1e,100
MH477353,HCV,1h,100
MH477352,HCV,1g,94
MH477354,HCV,1h,100
MH477355,HCV,1h,100
MH477356,HCV,1h,100
MH477348,HCV,1e,100
MH477357,HCV,1l,100
EU643835,HCV,"unassigned_1, 6w-2b",NA
JX227970,HCV,4n,100
JX227978,HCV,4o,100
MH477401,HCV,4p,100
MH477402,HCV,4p,98
MH477400,HCV,4v,71
KX107875,HCV,5a,100
KX107874,HCV,5a,100
KX107886,HCV,6e,100
KX107890,HCV,6a,100
OM896885,HCV,3b,100
OM896886,HCV,3b,100
OM896887,HCV,3b,100
OM896888,HCV,3b,100
KC191671,HCV,6n,100
OM896891,HCV,3b,100
OM896884,HCV,3b,100
OM896889,HCV,3b,100
OM896895,HCV,3b,100
OM896892,HCV,3b,100
OM896893,HCV,3b,100
OM896883,HCV,3b,100
OM896897,HCV,3b,100
OM896894,HCV,3b,100
OM896899,HCV,3b,100
OM896900,HCV,3b,100
OM896896,HCV,3b,100
OM896901,HCV,3b,100
OM896904,HCV,3b,100
OM896898,HCV,3b,100
OM896919,HCV,3b,100
OM896912,HCV,3b,100
OM896917,HCV,3b,100
OM896913,HCV,3b,100
OM896915,HCV,3b,100
OM896921,HCV,3b,100
OM896918,HCV,3b,100
OM896909,HCV,3b,100
OM896911,HCV,3b,100
OM896920,HCV,3b,100
OM896916,HCV,3b,100
MK328017,HCV,6g,100
KM252779,HCV,6e,100
DQ418789,HCV,4a,100
KT148792,HCV,1a,100
KT148772,HCV,1a,100
KM252785,HCV,6p,100
KT148814,HCV,1b,100
KT148813,HCV,1b,100
OM312675,HCV,1a,100
OM312678,HCV,1a,100
OM312685,HCV,1a,100
OM312711,HCV,1a,100
OM312713,HCV,1a,100
OM312712,HCV,1a,100
OM312714,HCV,1a,100
OM312719,HCV,1a,100
OM312716,HCV,1a,100
OM312739,HCV,1a,100
OM312733,HCV,1a,100
OM312746,HCV,1a,100
OM312754,HCV,1a,100
OM312748,HCV,1a,100
OM312763,HCV,1a,100
MH477361,HCV,2j,84
MH477359,HCV,2j,56
MH477367,HCV,2j,69
KX107883,HCV,6a,100
KX107894,HCV,6o,100
KX107895,HCV,6e,100
JF735126,HCV,3h,100
KJ470618,HCV,3a,100
OM896952,HCV,3a,100
OM896961,HCV,3a,100
OM896964,HCV,3a,100
OM896963,HCV,3a,100
OM896962,HCV,3a,100
OM896960,HCV,3a,100
OM896970,HCV,3a,100
OM896967,HCV,3a,100
OM896965,HCV,3a,100
OM896971,HCV,3a,100
OM896966,HCV,3a,100
OM896972,HCV,3a,100
OM896969,HCV,3a,100
OM896968,HCV,3a,100
OM896974,HCV,3a,100
OM896977,HCV,3a,100
OM896978,HCV,3a,100
OM896975,HCV,3a,100
OM896973,HCV,3a,100
OM896979,HCV,3a,100
OM896980,HCV,3a,100
OM896976,HCV,3a,100
OM896986,HCV,3a,100
OM896988,HCV,3a,100
OM896985,HCV,3a,100
OM896984,HCV,3a,100
OM896982,HCV,3a,100
OM896991,HCV,3a,100
OM896993,HCV,3a,100
OM896989,HCV,3a,100
OM896987,HCV,3a,100
OM896996,HCV,3a,100
OM896992,HCV,3a,100
KT148764,HCV,1a,100
KT148763,HCV,1a,100
KT148765,HCV,1a,100
KT148766,HCV,1a,100
KT148774,HCV,1a,100
KT148775,HCV,1a,100
KT148777,HCV,1a,100
KT148784,HCV,1a,100
KT148785,HCV,1a,100
KT148783,HCV,1a,100
KT148787,HCV,1a,100
KT148794,HCV,1b,100
KT148786,HCV,1a,100
KT148797,HCV,1b,100
KT148798,HCV,1b,100
KT148803,HCV,1b,100
KT148802,HCV,1b,100
KT148805,HCV,1b,100
OM312830,HCV,1b,100
OM312823,HCV,1b,100
OM312831,HCV,1b,100
OM312822,HCV,1b,100
OM312833,HCV,1b,100
OM312826,HCV,1b,100
OM312832,HCV,1b,100
OM312835,HCV,1b,100
OM312837,HCV,1b,100
OM312836,HCV,1b,100
OM312842,HCV,1b,100
OM312843,HCV,1b,100
OM312846,HCV,1b,100
OM312847,HCV,1b,100
OM312845,HCV,1b,100
OM312856,HCV,3a,100
OM312851,HCV,1b,100
OM312850,HCV,1b,100
OM312858,HCV,3a,100
OM312859,HCV,3a,100
OM312860,HCV,3a,100
OM312862,HCV,3a,100
OM312864,HCV,3a,100
OM312857,HCV,3a,100
OM312866,HCV,3a,100
OM312867,HCV,3a,100
OM312868,HCV,3a,100
OM312870,HCV,3a,100
OM312863,HCV,3a,100
OM312874,HCV,3a,100
OM312865,HCV,3a,100
OM312876,HCV,3a,100
OM312878,HCV,3a,100
OM312869,HCV,3a,100
OM312872,HCV,3a,100
OM312880,HCV,3a,100
OM312883,HCV,3a,100
OM312881,HCV,3a,100
OM312885,HCV,3a,100
OM312879,HCV,3a,100
OM312900,HCV,3a,100
OM312906,HCV,3a,100
OM312912,HCV,3a,100
OM312907,HCV,3a,100
OM312914,HCV,3a,100
OM312915,HCV,3a,100
OM312918,HCV,3a,100
OM312923,HCV,3a,100
OM312917,HCV,3a,100
OM312921,HCV,3a,100
OM312929,HCV,3a,100
OM312928,HCV,3a,100
OM312934,HCV,3a,100
OM312933,HCV,3a,100
OM312935,HCV,3a,100
OM312936,HCV,3a,100
OM312922,HCV,3a,100
OM312924,HCV,3a,100
OM312932,HCV,3a,100
OM312938,HCV,3a,100
OM312944,HCV,3a,100
OR497885,HCV,1a,100
OR497891,HCV,1a,100
OR497892,HCV,1a,100
OR497894,HCV,1a,100
OR497899,HCV,1a,100
OR497901,HCV,1a,100
OR497895,HCV,1a,100
OR497898,HCV,1a,100
OR497903,HCV,1a,100
OR497906,HCV,1a,100
OR497902,HCV,1a,100
KC124772,HCV,1b,100
KY083755,HCV,4r,100
MZ327786,HCV,3a,100
MZ327787,HCV,1a,100
KY083756,HCV,4r,100
MZ327789,HCV,3a,100
KY083757,HCV,4r,100
OR498010,HCV,1b,100
OR498012,HCV,1b,100
OR498006,HCV,1b,100
OR498008,HCV,1b,100
OR498015,HCV,1b,100
OR498014,HCV,1b,100
OR498013,HCV,1b,100
OR498018,HCV,1b,100
OR498011,HCV,1b,100
OR498019,HCV,1b,100
OR498016,HCV,1b,100
OR498017,HCV,1b,100
OR498020,HCV,1b,100
OR498023,HCV,1b,100
OR498022,HCV,1b,100
OR498021,HCV,1b,100
MZ327756,HCV,3a,100
KC124770,HCV,1b,100
KC124773,HCV,1b,100
KC124769,HCV,1b,100
MZ327791,HCV,1b,100
MZ327794,HCV,3a,100
MZ327790,HCV,1a,100
MZ327797,HCV,1a,100
MZ327795,HCV,1a,100
MZ327792,HCV,1a,100
KC124778,HCV,"unassigned_1, 1b-1a",NA
MZ327793,HCV,1a,100
KC124771,HCV,1b,100
MZ327799,HCV,3a,100
KC124776,HCV,1b,100
KC124783,HCV,1b,100
KC124777,HCV,1b,100
KC124774,HCV,1b,100
KC124779,HCV,1b,100
KC124784,HCV,1b,100
KC124876,HCV,1b,100
KC124775,HCV,1b,100
KC124780,HCV,1b,100
KC124781,HCV,1b,100
KC124790,HCV,1b,100
KC124797,HCV,1b,100
KC124794,HCV,1b,100
MZ327800,HCV,2b,100
KC124788,HCV,1b,100
KC124792,HCV,1b,100
KC124795,HCV,1b,100
KC124791,HCV,1b,100
KC124800,HCV,1b,100
KC124808,HCV,1b,100
KC124799,HCV,1b,100
KC124802,HCV,1b,100
KC124807,HCV,1b,100
KC124806,HCV,1b,100
KC124810,HCV,1b,100
KC124805,HCV,1b,100
KC124812,HCV,1b,100
KC124816,HCV,1b,100
KC124817,HCV,1b,100
KC124813,HCV,1b,100
KC124809,HCV,1b,100
KC124798,HCV,1b,100
KC124814,HCV,1b,100
KC124820,HCV,1b,100
KC124821,HCV,1b,100
KC124825,HCV,1b,100
KC124827,HCV,1b,100
KC124837,HCV,1b,100
KC124831,HCV,1b,100
KC124839,HCV,1b,100
KC124840,HCV,1b,100
KC124845,HCV,1b,100
KC124847,HCV,1b,100
KC124846,HCV,1b,100
KC124819,HCV,1b,100
KC124849,HCV,1b,100
KC124856,HCV,1b,100
KC124857,HCV,1b,100
KC124861,HCV,1b,100
KC124860,HCV,1b,100
KC124858,HCV,1b,100
KC124832,HCV,1b,100
KC124830,HCV,1b,100
KC124835,HCV,1b,100
KC124834,HCV,1b,100
KC124836,HCV,1b,100
KC124841,HCV,1b,100
KC124838,HCV,1b,100
KC124843,HCV,1b,100
KC124842,HCV,1b,100
KC124844,HCV,1b,100
KC124848,HCV,1b,100
KC124851,HCV,1b,100
KC124853,HCV,1b,100
KC124852,HCV,1b,100
KC124855,HCV,1b,100
KC124815,HCV,1b,100
KC124859,HCV,1b,100
JN977092,HCV,3b,100
JN977081,HCV,1b,100
JN977080,HCV,1b,100
JN977084,HCV,1b,100
KX621550,HCV,2b,100
KX621551,HCV,2b,100
KC124850,HCV,1b,100
KC124862,HCV,1b,100
KJ437311,HCV,3a,100
KJ437295,HCV,1b,100
KJ437313,HCV,3a,100
KJ437318,HCV,3a,100
KJ437327,HCV,3a,100
KJ437342,HCV,3a,100
KJ437314,HCV,3a,100
MW357785,HCV,1b,100
MT603233,HCV,1a,100
FN666428,HCV,2q,100
EF632069,HCV,6t,100
MT603239,HCV,1a,100
MT603238,HCV,1a,100
MT603240,HCV,1a,100
MT603236,HCV,1a,100
MT603241,HCV,1a,100
MT603256,HCV,1a,100
MT603265,HCV,1b,100
JN977094,HCV,1b,100
JN977095,HCV,1b,100
JN977096,HCV,1b,100
JN977103,HCV,1b,100
JN977088,HCV,1b,100
JN977093,HCV,1b,100
JN977104,HCV,1a,100
KC124942,HCV,1b,100
LC368358,HCV,3a,100
LC368355,HCV,3a,100
LC368360,HCV,3a,100
LC368357,HCV,4a,100
LC368359,HCV,1b,100
D50409,HCV,2c,100
FN666429,HCV,2q,100
EU408329,HCV,6s,100
EF632070,HCV,6t,100
EU158186,HCV,6v,100
EF632071,HCV,6t,100
EU408328,HCV,6r,100
KF035123,HCV,3a,100
JN977070,HCV,1b,100
JN977073,HCV,1b,100
JN977076,HCV,6a,100
JN977079,HCV,1b,100
JN977072,HCV,1b,100
JN977101,HCV,1b,100
JN977100,HCV,2a,100
JN977090,HCV,1b,100
JN977089,HCV,1b,100
KJ437307,HCV,3a,100
AB047645,HCV,2a,100
JN977091,HCV,1a,100
KC124869,HCV,1b,100
JQ065711,HCV,1b,100
KC124863,HCV,1b,100
MW357766,HCV,1b,100
MW357772,HCV,1b,100
KC124872,HCV,1b,100
JQ065712,HCV,2a,100
JN977118,HCV,1b,100
JN977113,HCV,2a,100
JQ065710,HCV,1a,100
MW357752,HCV,1b,100
MW357753,HCV,1b,100
MW357778,HCV,1b,100
KX621553,HCV,2b,100
MT603234,HCV,1a,100
KC124874,HCV,1b,100
MW357790,HCV,1b,100
MW357784,HCV,1b,100
MW357780,HCV,1b,100
MT603248,HCV,1a,100
MT603250,HCV,1a,100
MT603255,HCV,1a,100
MT603254,HCV,1a,100
MT603260,HCV,1a,100
MT603252,HCV,1a,100
MT603275,HCV,3a,100
MT603280,HCV,3a,100
D49759,HCV,3k,100
MT603274,HCV,3a,100
KC124873,HCV,1b,100
MT603281,HCV,3a,100
D49762,HCV,3k,100
D49773,HCV,3k,100
LC368415,HCV,2a,100
LC368429,HCV,1b,100
LC368431,HCV,2a,100
LC368434,HCV,1b,100
LC368435,HCV,6n,100
LC368439,HCV,2b,100
LC368436,HCV,1b,100
LC368437,HCV,1b,100
LC368441,HCV,1b,100
LC368438,HCV,2b,100
LC368442,HCV,2c,100
LC368447,HCV,1b,100
LC368445,HCV,1b,100
KC197230,HCV,"unassigned_1, 2i-2k",NA
KC197229,HCV,"unassigned_1, 2i-2k-2c-3h",NA
LC368444,HCV,2c,100
KC197233,HCV,"unassigned_1, 2j-6k",NA
KC197228,HCV,2c,100
KC197226,HCV,2b,100
LC368312,HCV,1a,100
KC197234,HCV,2k,100
LC368320,HCV,1a,100
LC368324,HCV,1a,100
LC368321,HCV,1a,100
LC368317,HCV,1a,100
LC368326,HCV,1a,100
LC368328,HCV,1a,100
LC368327,HCV,1a,100
MN628583,HCV,3a,100
MN628580,HCV,1a,100
MT603251,HCV,1a,100
MT603237,HCV,1a,100
MT603242,HCV,1a,100
MT603243,HCV,1a,100
MT603247,HCV,1a,100
MT603245,HCV,1a,100
D49769,HCV,2q,26
D49765,HCV,3k,100
D49770,HCV,3k,100
D49772,HCV,2e,99
D49776,HCV,2a,54
D49777,HCV,2a,53
D49778,HCV,2e,100
KC124871,HCV,1b,100
LC368427,HCV,1b,100
LC368424,HCV,1b,100
LC368432,HCV,2a,100
LC368440,HCV,1b,100
LC368446,HCV,1b,100
KC197231,HCV,"unassigned_1, 2i-2k-2b-3h",NA
LC368448,HCV,1b,100
LC368449,HCV,2a,100
LC368443,HCV,1b,100
KC197232,HCV,2j,100
KC197227,HCV,2c,100
KC197235,HCV,2b,95
KC197236,HCV,2j,93
LC368316,HCV,1a,100
LC368311,HCV,1a,100
KC197238,HCV,2b,100
KC197239,HCV,2b,86
KC197240,HCV,2b,98
KC197237,HCV,2j,78
LC368315,HCV,1a,100
LC368313,HCV,1a,100
MN628581,HCV,3a,100
AB207786,HCV,1b,100
MN628579,HCV,3a,100
LC368391,HCV,1a,100
MN628576,HCV,3a,100
MN628584,HCV,3a,100
MN628586,HCV,3a,100
MN628582,HCV,3a,100
OR497854,HCV,4d,100
AB207788,HCV,1b,100
AB207790,HCV,1b,100
MN628590,HCV,3a,100
MN628591,HCV,3a,100
MN628595,HCV,3a,100
OR497852,HCV,4k,100
OR497853,HCV,4d,100
OR497849,HCV,4k,100
OR497856,HCV,4d,100
AB207787,HCV,1b,100
AB207789,HCV,1b,100
AB207793,HCV,1b,100
AB207792,HCV,1b,100
MN628592,HCV,1a,100
MN628593,HCV,3a,100
MN628597,HCV,3a,100
OR497857,HCV,4d,100
OR497850,HCV,4k,100
OR497859,HCV,4d,100
OR497860,HCV,4d,100
OR497861,HCV,4d,100
OR497855,HCV,4d,100
OR497858,HCV,4d,100
MN628596,HCV,3a,100
OR497851,HCV,4k,100
OR497862,HCV,4d,100
OR497865,HCV,4d,100
OR497876,HCV,"unassigned_1, 1b-2k",NA
OR497871,HCV,4r,100
OR497864,HCV,4d,100
OR497867,HCV,4d,100
OR497863,HCV,4d,100
OR497869,HCV,4d,100
OR497868,HCV,4d,100
OR497870,HCV,4r,100
OR497872,HCV,1c,100
OR497874,HCV,4a,100
OR497873,HCV,4v,100
OR497887,HCV,1a,100
OR497878,HCV,1a,100
KC124877,HCV,1b,100
OR497866,HCV,4d,100
OR497877,HCV,1a,100
OR497875,HCV,4a,100
OR497882,HCV,1a,100
OR497883,HCV,1a,100
OR497881,HCV,1a,100
OR497884,HCV,1a,100
OR497888,HCV,1a,100
KC124882,HCV,1b,100
KC124885,HCV,1b,100
KC124889,HCV,1b,100
KC124891,HCV,1b,100
KC124895,HCV,1b,100
KC124881,HCV,1b,100
KC124883,HCV,1b,100
KC124888,HCV,1b,100
KC124890,HCV,1b,100
KC124887,HCV,1b,100
KC124894,HCV,1b,100
KC124898,HCV,1b,100
KC124892,HCV,1b,100
KC124900,HCV,1b,100
KC124903,HCV,1b,100
KC124897,HCV,1b,100
KC124904,HCV,1b,100
KC124902,HCV,1b,100
KC124901,HCV,1b,100
KC124908,HCV,1b,100
KC124893,HCV,1b,100
KC124911,HCV,1b,100
KC124910,HCV,1b,100
KC124907,HCV,1b,100
KC124906,HCV,1b,100
KC124899,HCV,1b,100
KC124909,HCV,1b,100
KC124880,HCV,1b,100
KC124884,HCV,1b,100
KC124922,HCV,1b,100
KC124914,HCV,1b,100
KC124916,HCV,1b,100
KC124915,HCV,1b,100
KC124917,HCV,1b,100
KC124918,HCV,1b,100
KC124923,HCV,1b,100
KC124905,HCV,1b,100
KC124920,HCV,1b,100
KC124921,HCV,1b,100
KC124934,HCV,1b,100
KC124929,HCV,1b,100
KC124936,HCV,1b,100
KC124928,HCV,1b,100
KC124933,HCV,1b,100
KC124919,HCV,1b,100
KC124937,HCV,1b,100
KC124941,HCV,1b,100
KC124939,HCV,1b,100
KC124940,HCV,1b,100
KC124935,HCV,1b,100
KC124938,HCV,1b,100
KC124945,HCV,1b,100
KC124946,HCV,1b,100
KC124943,HCV,1b,100
KC124948,HCV,1b,100
KC124947,HCV,1b,100
KC124949,HCV,1b,100
KC124950,HCV,1b,100
KC124944,HCV,1b,100
KC124953,HCV,1b,100
KC124926,HCV,1b,100
KC124955,HCV,1b,100
KC124951,HCV,1b,100
KC124952,HCV,1b,100
KC124954,HCV,1b,100
KC124956,HCV,1b,100
KC124958,HCV,1b,100
KC124957,HCV,1b,100
KC124960,HCV,1b,100
KC124961,HCV,1b,100
KC124966,HCV,1b,100
KC124969,HCV,1b,100
KC124972,HCV,1b,100
KC124973,HCV,1b,100
KC124984,HCV,1b,100
KC124962,HCV,1b,100
KC124987,HCV,1b,100
KC124980,HCV,1b,100
KC124988,HCV,1b,100
KC125007,HCV,1b,100
KC125004,HCV,1b,100
KC127119,HCV,1a,100
KC127120,HCV,1a,100
KC125006,HCV,1b,100
KC127126,HCV,1a,100
KC127127,HCV,1a,100
KC127132,HCV,1a,100
KC127129,HCV,1a,100
KC127130,HCV,1a,100
KC127137,HCV,1a,100
KC127139,HCV,1a,100
KC124963,HCV,1b,100
KC124959,HCV,1b,100
KC124964,HCV,1b,100
KC124965,HCV,1b,100
KC124968,HCV,1b,100
KC124977,HCV,1b,100
KC124976,HCV,1b,100
KC124971,HCV,1b,100
KC124974,HCV,1b,100
KC124978,HCV,1b,100
KC124970,HCV,1b,100
KC124979,HCV,1b,100
KC124967,HCV,1b,100
KC124982,HCV,1b,100
KC124983,HCV,1b,100
KC124985,HCV,1b,100
KC124989,HCV,1b,100
KC124990,HCV,1b,100
KC124986,HCV,1b,100
KC124991,HCV,1b,100
KC124992,HCV,1b,100
KC124996,HCV,1b,100
KC124981,HCV,1b,100
KC124993,HCV,1b,100
KC124997,HCV,1b,100
KC125000,HCV,1b,100
KC124999,HCV,1b,100
KC125001,HCV,1b,100
KC125002,HCV,1b,100
KC124998,HCV,1b,100
KC127123,HCV,1a,100
KC125003,HCV,1b,100
KC127125,HCV,1a,100
KC124994,HCV,1b,100
KC127131,HCV,1a,100
KC127121,HCV,1a,100
KC127134,HCV,1a,100
KC127135,HCV,1a,100
KC124924,HCV,1b,100
KC124927,HCV,1b,100
KC127128,HCV,1a,100
KC127133,HCV,1a,100
KC127141,HCV,1a,100
KC127143,HCV,1a,100
OR498037,HCV,1b,100
KC127140,HCV,1a,100
KC127138,HCV,1a,100
KC127136,HCV,1a,100
KC127142,HCV,1a,100
OR498030,HCV,1b,100
OR498025,HCV,1b,100
OR498026,HCV,1b,100
OR498024,HCV,1b,100
OR498033,HCV,1b,100
OR498035,HCV,1b,100
OR498038,HCV,1b,100
OR498032,HCV,1b,100
OR498028,HCV,1b,100
OR498036,HCV,1b,100
OR498034,HCV,1b,100
OR498039,HCV,1b,100
OR498040,HCV,1b,100
OR498041,HCV,1b,100
OR498042,HCV,1b,100
OR498031,HCV,1b,100
OR498056,HCV,1b,100
OR498044,HCV,1b,100
OR498048,HCV,1b,100
OR498046,HCV,1b,100
OR498052,HCV,1b,100
OR498054,HCV,1b,100
OR498051,HCV,1b,100
OR498057,HCV,1b,100
OR498043,HCV,1b,100
OR498045,HCV,1b,100
OR498027,HCV,1b,100
OR498053,HCV,1b,100
OR498047,HCV,1b,100
OR498049,HCV,1b,100
OR498061,HCV,1b,100
OR498059,HCV,1b,100
OR498055,HCV,1b,100
OR498050,HCV,1b,100
OR498062,HCV,1b,100
MZ327732,HCV,1a,100
OR498058,HCV,1b,100
OR498063,HCV,1b,100
OR498067,HCV,1b,100
OR498064,HCV,1b,100
OR498065,HCV,1b,100
OR498070,HCV,1b,100
OR498066,HCV,1b,100
MZ327731,HCV,1a,100
OR498068,HCV,1b,100
OR498071,HCV,1b,100
MZ327733,HCV,1a,100
MZ327730,HCV,3a,100
MZ327736,HCV,1a,100
MZ327738,HCV,3a,100
OR498060,HCV,1b,100
OR498069,HCV,1b,100
MZ327735,HCV,3a,100
OR498072,HCV,2i,100
MZ327734,HCV,1a,100
MZ327740,HCV,1a,100
OR497933,HCV,1a,100
OR497930,HCV,1a,100
OR497941,HCV,1a,100
OR497940,HCV,1a,100
OR497931,HCV,1a,100
OR497938,HCV,1a,100
OR497936,HCV,1a,100
OR497939,HCV,1a,100
OR497942,HCV,1a,100
JN977063,HCV,1b,100
OR497943,HCV,1a,100
OR497947,HCV,1a,100
OR497949,HCV,1a,100
OR497945,HCV,1a,100
OR497944,HCV,1a,100
OR497948,HCV,1a,100
OR497954,HCV,1a,100
OR497950,HCV,1a,100
OR497946,HCV,1a,100
OR497953,HCV,1a,100
OR497951,HCV,1a,100
OR497955,HCV,2a,100
OR497957,HCV,2c,100
OR497956,HCV,4c,100
OR497952,HCV,1a,100
OR497958,HCV,2c,100
OR497961,HCV,3a,100
OR497960,HCV,3a,100
OR497959,HCV,3a,100
OR497964,HCV,3a,100
OR497967,HCV,3a,100
OR497965,HCV,3a,100
OR497966,HCV,3a,100
OR497968,HCV,3a,100
OR497969,HCV,3a,100
OR497972,HCV,3a,100
OR497962,HCV,3a,100
OR497963,HCV,3a,100
OR497975,HCV,3a,100
OR497977,HCV,3a,100
OR497970,HCV,3a,100
OR497973,HCV,3a,100
OR497974,HCV,3a,100
OR497976,HCV,3a,100
OR497971,HCV,3a,100
OR497980,HCV,3a,100
OR497978,HCV,3a,100
OR497981,HCV,3a,100
OR497983,HCV,3a,100
OR497979,HCV,3a,100
OR497985,HCV,3a,100
OR497989,HCV,1b,100
OR497988,HCV,4q,100
OR497987,HCV,3a,100
OR497994,HCV,1b,100
OR497991,HCV,1b,100
OR497984,HCV,3a,100
OR497990,HCV,1b,100
OR497993,HCV,1b,100
OR497982,HCV,3a,100
OR497992,HCV,1b,100
OR497997,HCV,1b,100
OR497986,HCV,3a,100
OR497995,HCV,1b,100
OR497996,HCV,1b,100
OR497998,HCV,1b,100
OR498001,HCV,1b,100
OR498000,HCV,1b,100
OR497999,HCV,1b,100
OR498002,HCV,1b,100
OR498004,HCV,1b,100
OR498003,HCV,1b,100
OR498005,HCV,1b,100
OR498007,HCV,1b,100
OR498009,HCV,1b,100
MZ327753,HCV,1b,100
MZ327757,HCV,3a,100
MZ327758,HCV,1a,100
MZ327759,HCV,3a,100
MZ327760,HCV,1a,100
MZ327762,HCV,1a,100
MZ327764,HCV,3a,100
MZ327761,HCV,1a,100
MZ327767,HCV,1a,100
MZ327768,HCV,1a,100
MZ327766,HCV,1a,100
MZ327769,HCV,1b,100
MZ327765,HCV,1a,100
MZ327771,HCV,1a,100
MZ327772,HCV,3a,100
MZ327763,HCV,1a,100
MZ327774,HCV,1b,100
MZ327770,HCV,1a,100
MZ327773,HCV,3a,100
MZ327777,HCV,1a,100
MZ327775,HCV,1b,100
MZ327785,HCV,1a,100
MZ327779,HCV,3a,100
MZ327784,HCV,2b,100
MZ327781,HCV,3a,100
MZ327780,HCV,3a,100
MZ327776,HCV,1a,100
MZ327782,HCV,1a,100
MZ327778,HCV,1a,100
MZ327788,HCV,1a,100
MZ327783,HCV,3a,100
KY083754,HCV,4r,100
MZ327796,HCV,3a,100
MZ327798,HCV,1a,100
KC124785,HCV,1b,100
KC124787,HCV,1b,100
KC124793,HCV,1b,100
KC124786,HCV,1b,100
KC124789,HCV,1b,100
KC124796,HCV,1b,100
KC124811,HCV,1b,100
KC124801,HCV,1b,100
KC124803,HCV,1b,100
KC124804,HCV,1b,100
KC124818,HCV,1b,100
KC124826,HCV,1b,100
KC124828,HCV,1b,100
KC124824,HCV,1b,100
KC124822,HCV,1b,100
KC124833,HCV,1b,100
KC124829,HCV,1b,100
KC124865,HCV,1b,100
LC368351,HCV,"unassigned_1, 1a-3a",NA
LC368331,HCV,1a,100
LC368329,HCV,1a,100
LC368374,HCV,1a,100
LC368332,HCV,1a,100
LC368347,HCV,1a,100
LC368412,HCV,1a,100
MN628574,HCV,3a,100
LC368404,HCV,1a,100
MN628577,HCV,3a,100
MN628578,HCV,3a,100
MN628575,HCV,3a,100
MZ327743,HCV,"unassigned_1, 1a-1b",NA
MZ327744,HCV,1a,100
MZ327746,HCV,1a,100
MZ327745,HCV,3a,100
MZ327750,HCV,3a,100
MZ327749,HCV,1a,100
MZ327747,HCV,1a,100
MZ327752,HCV,4d,100
MZ327748,HCV,3a,100
MZ327755,HCV,2b,100
MZ327754,HCV,3a,100
MZ327751,HCV,1a,100
KC124782,HCV,1b,100
KC124823,HCV,1b,100
KC124864,HCV,1b,100
KC127122,HCV,1a,100
MK139022,HCV,6n,100
MK139021,HCV,6n,100
KF035127,HCV,3a,100
JQ717257,HCV,3a,100
KF035124,HCV,3a,100
JQ717256,HCV,3a,100
AY878652,HCV,6n,100
KF035125,HCV,3a,100
HQ738645,HCV,3a,100
JQ717258,HCV,3a,100
KF035126,HCV,3a,100
AY878651,HCV,6l,100
JQ717254,HCV,3a,100
JQ717255,HCV,3a,100
JN714194,HCV,3a,100
KJ437279,HCV,1a,100
AB047641,HCV,2a,100
JQ717260,HCV,3a,100
AB047640,HCV,2a,100
JQ717259,HCV,3a,100
KJ437271,HCV,1a,100
JN977056,HCV,1b,100
JN977057,HCV,1b,100
AB047642,HCV,2a,100
JN977058,HCV,1b,100
JN977060,HCV,1b,100
JN977059,HCV,1b,100
KJ437300,HCV,1a,100
KJ437296,HCV,1a,100
JN977061,HCV,2a,90
JN977055,HCV,1b,100
AB047644,HCV,2a,100
JN977064,HCV,1b,100
AB047643,HCV,2a,100
JN977065,HCV,1b,100
JN977066,HCV,3b,100
KC124854,HCV,1b,100
JN977074,HCV,1b,100
JN977075,HCV,1b,100
JN977077,HCV,1b,100
JN977067,HCV,1b,100
LC368338,HCV,1b,100
LC368341,HCV,1b,100
LC368344,HCV,1b,100
LC368346,HCV,1b,100
LC368353,HCV,3a,100
LC368350,HCV,1b,100
LC368356,HCV,4a,100
LC368363,HCV,2b,100
LC368365,HCV,3a,100
LC368367,HCV,2b,100
LC368368,HCV,3a,100
LC368362,HCV,2a,100
LC368373,HCV,2a,100
LC368375,HCV,1b,100
LC368377,HCV,1b,100
LC368381,HCV,1b,100
LC368378,HCV,2a,100
LC368380,HCV,1b,100
LC368389,HCV,2a,100
LC368385,HCV,1b,100
LC368386,HCV,1b,100
LC368390,HCV,1b,100
LC368387,HCV,1b,100
LC368396,HCV,1b,100
LC368392,HCV,2a,100
LC368394,HCV,1b,100
LC368397,HCV,2b,100
LC368322,HCV,1b,100
D63822,HCV,6g,100
LC368323,HCV,1b,100
LC368333,HCV,1b,100
LC368335,HCV,1b,100
LC368352,HCV,"unassigned_1, 3a-1a",NA
LC368339,HCV,1b,100
LC368340,HCV,1b,100
LC368345,HCV,1b,100
LC368343,HCV,1b,100
LC368349,HCV,1b,100
LC368348,HCV,1b,100
LC368354,HCV,2a,100
LC368366,HCV,"unassigned_1, 1a-2b",NA
LC368361,HCV,3a,100
LC368364,HCV,3a,100
LC368369,HCV,3a,100
LC368371,HCV,2a,100
LC368370,HCV,3a,100
LC368372,HCV,3a,100
LC368379,HCV,1b,100
LC368376,HCV,1b,100
LC368384,HCV,1b,100
LC368382,HCV,3a,100
LC368388,HCV,2a,100
LC368393,HCV,2a,100
LC368383,HCV,1b,100
LC368395,HCV,1b,100
LC368398,HCV,1b,100
LC368399,HCV,1b,100
LC368403,HCV,1b,100
LC368400,HCV,1b,100
LC368405,HCV,1b,100
LC368406,HCV,1b,100
LC368401,HCV,1b,100
LC368411,HCV,2b,100
LC368413,HCV,1b,100
LC368408,HCV,1b,100
LC368416,HCV,2a,100
LC368420,HCV,3b,100
LC368402,HCV,1b,100
LC368409,HCV,6n,100
LC368407,HCV,1b,100
LC368414,HCV,4a,100
LC368410,HCV,1b,100
LC368419,HCV,1b,100
LC368417,HCV,1b,100
LC368422,HCV,1b,100
LC368418,HCV,1b,100
LC368426,HCV,2a,100
LC368421,HCV,6w,100
LC368423,HCV,6n,100
LC368425,HCV,1b,100
LC368428,HCV,1b,100
LC368430,HCV,2b,100
LC368433,HCV,1b,100
AB207794,HCV,1b,100
MN628585,HCV,3a,100
AB207796,HCV,1b,100
MN628589,HCV,3a,100
AB207799,HCV,1b,100
MN628588,HCV,3a,100
AB207800,HCV,1b,100
AB207801,HCV,1b,100
AB207791,HCV,1b,100
AB207795,HCV,1b,100
AB207797,HCV,1b,100
AB207798,HCV,1b,100
MN628594,HCV,3a,100
MN628587,HCV,3a,100
OR497900,HCV,1a,100
OR497880,HCV,1a,100
OR497890,HCV,1a,100
OR497879,HCV,1a,100
OR497886,HCV,1a,100
OR497889,HCV,1a,100
OR497893,HCV,1a,100
OR497897,HCV,1a,100
OR497896,HCV,1a,100
OR497905,HCV,1a,100
OR497907,HCV,1a,100
OR497904,HCV,1a,100
OR497910,HCV,1a,100
OR497909,HCV,1a,100
OR497908,HCV,1a,100
OR497917,HCV,1a,100
OR497912,HCV,1a,100
OR497916,HCV,1a,100
OR497914,HCV,1a,100
OR497911,HCV,1a,100
OR497922,HCV,1a,100
OR497915,HCV,1a,100
OR497913,HCV,1a,100
OR497920,HCV,1a,100
OR497924,HCV,1a,100
OR497923,HCV,1a,100
OR497919,HCV,1a,100
OR497925,HCV,1a,100
OR497918,HCV,1a,100
OR497921,HCV,1a,100
OR497927,HCV,1a,100
OR497929,HCV,1a,100
OR497926,HCV,1a,100
OR497934,HCV,1a,100
OR497935,HCV,1a,100
OR497928,HCV,1a,100
OR497937,HCV,1a,100
OR497932,HCV,1a,100
KC124886,HCV,1b,100
KC124896,HCV,1b,100
KC124912,HCV,1b,100
KC124925,HCV,1b,100
KC124913,HCV,1b,100
KC124931,HCV,1b,100
KC124932,HCV,1b,100
KC124930,HCV,1b,100
KC124975,HCV,1b,100
KC124995,HCV,1b,100
KC125005,HCV,1b,100
KC127124,HCV,1a,100
OR498029,HCV,1b,100
MZ327739,HCV,1a,100
MZ327742,HCV,1a,100
MZ327737,HCV,1a,100
MZ327741,HCV,1a,100
JN977069,HCV,1b,100
JN977071,HCV,1a,100
JN977062,HCV,1b,100
JN977078,HCV,1b,100
JN977068,HCV,1b,100
JN977082,HCV,1b,100
JN977083,HCV,1b,100
JN977085,HCV,1b,100
JN977086,HCV,1b,100
KC124867,HCV,1b,100
KC124866,HCV,1b,100
JN977097,HCV,1b,100
JN977087,HCV,1b,100
JN977098,HCV,1b,100
JN977099,HCV,1b,100
JN977102,HCV,2a,100
JN977107,HCV,1b,100
JN977108,HCV,1b,100
JN977109,HCV,1b,100
JN977110,HCV,2a,100
JN977111,HCV,1b,100
JN977114,HCV,1b,100
JN977115,HCV,3b,100
JN977116,HCV,2a,100
JN977117,HCV,1b,100
JN977112,HCV,1b,100
JN977106,HCV,1b,100
JN977105,HCV,1a,100
MW357754,HCV,1b,100
MW357756,HCV,1b,100
MW357755,HCV,1b,100
MW357758,HCV,1b,100
MW357760,HCV,1b,100
MW357768,HCV,1b,100
MW357759,HCV,1b,100
MW357761,HCV,1b,100
MW357757,HCV,1b,100
MW357763,HCV,1b,100
MW357764,HCV,1b,100
MW357765,HCV,1b,100
MW357762,HCV,1b,100
KX621547,HCV,2b,100
MW357770,HCV,1b,100
MW357773,HCV,1b,100
KX621548,HCV,2b,100
MW357777,HCV,1b,100
KX621554,HCV,2b,100
KX621555,HCV,2b,100
MW357774,HCV,1b,100
MW357775,HCV,1b,100
KX621552,HCV,2b,100
MW357769,HCV,1b,100
MW357771,HCV,1b,100
MW357767,HCV,1b,100
MW357779,HCV,1b,100
MW357781,HCV,1b,100
JQ065709,HCV,3b,100
MW357783,HCV,1b,100
MW357782,HCV,1b,100
MW357776,HCV,1b,100
MW357788,HCV,1b,100
MW357789,HCV,1b,100
MW357792,HCV,1b,100
KX621556,HCV,2b,100
MW357791,HCV,1b,100
MW357786,HCV,1b,100
KX621549,HCV,2b,100
KX621545,HCV,2b,100
KX621546,HCV,2b,100
MW357787,HCV,1b,100
MT603235,HCV,1a,100
MT603244,HCV,1a,100
MT603246,HCV,1a,100
MT603253,HCV,1a,100
MT603258,HCV,1a,100
MT603259,HCV,1a,100
KC124868,HCV,1b,100
MT603263,HCV,1a,100
MT603257,HCV,1a,100
MT603262,HCV,1a,100
MT603268,HCV,3a,100
MT603267,HCV,1b,100
MT603249,HCV,1a,100
MT603266,HCV,1b,100
MT603261,HCV,1a,100
MT603272,HCV,3a,100
MT603270,HCV,3a,100
MT603271,HCV,3a,100
MT603264,HCV,1b,100
MT603279,HCV,3a,100
MT603277,HCV,3a,100
MT603273,HCV,3a,100
MT603278,HCV,3a,100
MT603269,HCV,3a,100
MT603276,HCV,3a,100
KC124878,HCV,1b,100
D49760,HCV,2e,99
MT603282,HCV,3a,100
D49761,HCV,2e,100
D49766,HCV,6g,100
D49768,HCV,3k,100
D49774,HCV,3k,100
D49779,HCV,6g,100
D49780,HCV,2e,99
D49764,HCV,3k,100
KC124879,HCV,1b,100
KC124875,HCV,1b,100
D49767,HCV,3k,100
KC124870,HCV,1b,100
D49763,HCV,6g,100
LC368330,HCV,1b,100
D49771,HCV,3k,100
D49775,HCV,2e,100
LC368309,HCV,1b,100
LC368310,HCV,1b,100
KX172138,HCV,2j,59
LC368318,HCV,1b,100
D63821,HCV,3k,100
LC368319,HCV,1b,100
LC368314,HCV,1b,100
LC368325,HCV,1b,100
LC368336,HCV,1b,100
LC368334,HCV,1b,100
LC368337,HCV,1b,100
LC368342,HCV,1b,100
KC127198,HCV,1a,100
KC127153,HCV,1a,100
PV289093,HCV,1a,100
PV289049,HCV,1a,100
PV289055,HCV,1a,100
PV289057,HCV,1a,100
PV289056,HCV,1a,100
PV289063,HCV,1a,100
PV289062,HCV,1a,100
PV289066,HCV,1a,100
PV289058,HCV,1a,100
PV289067,HCV,1a,100
PV289059,HCV,1a,100
KC127221,HCV,1a,100
PV289060,HCV,1a,100
PV289070,HCV,1a,100
PV289065,HCV,1a,100
PV289191,HCV,3a,100
PV289071,HCV,1a,100
PV289064,HCV,1a,100
PV289061,HCV,1a,100
PV289068,HCV,1a,100
PV289069,HCV,1a,100
PV289196,HCV,3a,100
PV289194,HCV,3a,100
PV289197,HCV,3a,100
PV289200,HCV,3a,100
PV289201,HCV,3a,100
PV289192,HCV,3a,100
PV289203,HCV,3a,100
PV289073,HCV,1a,100
PV289072,HCV,1a,100
PV289075,HCV,1a,100
PV289077,HCV,1a,100
PV289074,HCV,1a,100
PV289076,HCV,1a,100
PV289078,HCV,1a,100
PV289221,HCV,3a,100
PV289215,HCV,3a,100
PV289217,HCV,3a,100
PV289213,HCV,3a,100
PV289097,HCV,1a,100
PV289094,HCV,1a,100
PV289091,HCV,1a,100
PV289098,HCV,1a,100
PV289092,HCV,1a,100
PV289101,HCV,1a,100
PV289095,HCV,1a,100
PV289100,HCV,1a,100
PV289096,HCV,1a,100
PV289123,HCV,1a,100
PV289127,HCV,1a,100
PV289129,HCV,1a,100
PV289119,HCV,1a,100
PV289122,HCV,1a,100
PV289120,HCV,1a,100
PV289126,HCV,1a,100
PV289131,HCV,1a,100
PQ335060,HCV,1a,100
PV289124,HCV,1a,100
PV289134,HCV,1a,100
PV289128,HCV,1a,100
PV289125,HCV,1a,100
PQ335069,HCV,1a,100
PV289137,HCV,3a,100
PV289136,HCV,3a,100
PV289138,HCV,3a,100
PV289135,HCV,1a,100
PV289140,HCV,3a,100
PV289139,HCV,3a,100
PV289133,HCV,1a,100
PQ335077,HCV,1a,100
PV289142,HCV,3a,100
PV289143,HCV,3a,100
PV289132,HCV,1a,100
PV289141,HCV,3a,100
PQ335086,HCV,1a,100
PQ335087,HCV,1a,100
PQ335080,HCV,1a,100
PV289147,HCV,3a,100
PV289151,HCV,3a,100
PV289145,HCV,3a,100
PQ335091,HCV,4a,100
PQ335092,HCV,4a,100
PQ335095,HCV,4a,100
PQ335096,HCV,4a,100
PQ335110,HCV,4a,100
PQ335109,HCV,4a,100
PQ335116,HCV,4a,100
PQ335123,HCV,4a,100
PQ335103,HCV,4a,100
PV289190,HCV,3a,100
PV289187,HCV,3a,100
PV289189,HCV,3a,100
PQ335125,HCV,4a,100
KC127170,HCV,1a,100
MW689992,HCV,1b,100
MW689994,HCV,1a,100
MW690004,HCV,"unassigned_1, 1a-4o-4v-4o",NA
MW690002,HCV,1a,100
MW690001,HCV,1a,100
MW690000,HCV,1a,100
MW690008,HCV,"unassigned_1, 1b-4r-1a-4r",NA
MW689991,HCV,1b,100
MW690006,HCV,1a,100
MW689999,HCV,1b,100
MW690007,HCV,1g,100
MW690009,HCV,"unassigned_1, 1b-1a",NA
MW690005,HCV,1a,100
MW690013,HCV,1c,88
MW690003,HCV,1a,100
MW690012,HCV,1g,100
MW690014,HCV,1b,100
MW690015,HCV,1a,100
MW690011,HCV,1a,100
MW690010,HCV,1e,100
MW690019,HCV,1a,100
LC209863,HCV,1a,100
MW690018,HCV,1a,100
LC209864,HCV,1a,100
MW690020,HCV,1a,100
LC209866,HCV,1a,100
MW690017,HCV,1a,100
MW690016,HCV,1b,100
LC209867,HCV,1a,100
LC209868,HCV,1a,100
LC209870,HCV,1a,100
LC209872,HCV,1a,100
LC209873,HCV,1a,100
LC209865,HCV,1a,100
LC209874,HCV,1a,100
LC209878,HCV,1a,100
LC209876,HCV,1a,100
LC209869,HCV,1a,100
LC209875,HCV,1a,100
KC127144,HCV,1a,100
KC127171,HCV,1a,100
KC127147,HCV,1a,100
KC127163,HCV,1a,100
KC127160,HCV,1a,100
KC127181,HCV,1a,100
KC127182,HCV,1a,100
KC127191,HCV,1a,100
KC127159,HCV,1a,100
KC127180,HCV,1a,100
KC127190,HCV,1a,100
PQ660834,HCV,1a,100
PQ660835,HCV,"unassigned_1, 1a-4a-4v",NA
KC127149,HCV,1a,100
KC127161,HCV,1a,100
KC127172,HCV,1a,100
KC127148,HCV,1a,100
KC127162,HCV,1a,100
KC127146,HCV,1a,100
KC127169,HCV,1a,100
KC127145,HCV,1a,100
KC127189,HCV,1a,100
KC127183,HCV,1a,100
KC127173,HCV,1a,100
KC127179,HCV,1a,100
KC127192,HCV,1a,100
KC127199,HCV,1a,100
KC127193,HCV,1a,100
KC127203,HCV,1a,100
KC127205,HCV,1a,100
KC127202,HCV,1a,100
KC127207,HCV,1a,100
KC127226,HCV,1a,100
KC127200,HCV,1a,100
KC127204,HCV,1a,100
KC127228,HCV,1a,100
KC127235,HCV,1a,100
KC127215,HCV,1a,100
KC127236,HCV,1a,100
KC127208,HCV,1a,100
KC127216,HCV,1a,100
KC127259,HCV,1a,100
KC127249,HCV,1a,100
KC127218,HCV,1a,100
KC127217,HCV,1a,100
KC127224,HCV,1a,100
KC127250,HCV,1a,100
KC127264,HCV,1a,100
KC127256,HCV,1a,100
KC127269,HCV,1a,100
KC127268,HCV,1a,100
KC127263,HCV,1a,100
KC127261,HCV,1a,100
KC127266,HCV,1a,100
KC127267,HCV,1a,100
KC127280,HCV,1a,100
KC127276,HCV,1a,100
KC127262,HCV,1a,100
KC127257,HCV,1a,100
KC127275,HCV,1a,100
KC127260,HCV,1a,100
KC127265,HCV,1a,100
KC127274,HCV,1a,100
KC127282,HCV,1a,100
KC127281,HCV,1a,100
KC127284,HCV,1a,100
KC127283,HCV,1a,100
KC127289,HCV,1a,100
KC127304,HCV,1a,100
KC127302,HCV,1a,100
KC127305,HCV,1a,100
KC127309,HCV,1a,100
KC127311,HCV,1a,100
KC127318,HCV,1a,100
KC127326,HCV,1a,100
KC127325,HCV,1a,100
KC127328,HCV,1a,100
KC127314,HCV,1a,100
KC127324,HCV,1a,100
KC127334,HCV,1a,100
KC127323,HCV,1a,100
KC127329,HCV,1a,100
KC127336,HCV,1a,100
KC127332,HCV,1a,100
KC127337,HCV,1a,100
KC127330,HCV,1a,100
KC127333,HCV,1a,100
KC127340,HCV,1a,100
KC127339,HCV,1a,100
KC127343,HCV,1a,100
KC127341,HCV,1a,100
KC127350,HCV,1a,100
KC127345,HCV,1a,100
KC127335,HCV,1a,100
KC127355,HCV,1a,100
KC127354,HCV,1a,100
KC127365,HCV,1a,100
KC127357,HCV,1a,100
KC127369,HCV,1a,100
KC127362,HCV,1a,100
KC127366,HCV,1a,100
KC127367,HCV,1a,100
KC127368,HCV,1a,100
KC127377,HCV,1a,100
KC127385,HCV,1a,100
KC127388,HCV,1a,100
KC127381,HCV,1a,100
KC127386,HCV,1a,100
KC127390,HCV,1a,100
KC127392,HCV,1a,100
KC127398,HCV,1a,100
KC127396,HCV,1a,100
KC127393,HCV,1a,100
KC127400,HCV,1a,100
KC127402,HCV,1a,100
KC127391,HCV,1a,100
KC127404,HCV,1a,100
KC127403,HCV,1a,100
KC127409,HCV,1a,100
KC127399,HCV,1a,100
KC127408,HCV,1a,100
KC127411,HCV,1a,100
KC127415,HCV,1a,100
KC127410,HCV,1a,100
KC127427,HCV,1a,100
KC127419,HCV,1a,100
KC127426,HCV,1a,100
KC127432,HCV,1a,100
KC127433,HCV,1a,100
KC127436,HCV,1a,100
KC127450,HCV,1a,100
KC127444,HCV,1a,100
KC127440,HCV,1a,100
KC127454,HCV,1a,100
KC127449,HCV,1a,100
KC127458,HCV,1a,100
KC127452,HCV,1a,100
KC127463,HCV,1a,100
KC127455,HCV,1a,100
KC127465,HCV,1a,100
KC127456,HCV,1a,100
KC127466,HCV,1a,100
KC127477,HCV,1a,100
KC127476,HCV,1a,100
KC127475,HCV,1a,100
KC127480,HCV,1a,100
KC127482,HCV,1a,100
KC127481,HCV,1a,100
KC127486,HCV,1a,100
KC127485,HCV,1a,100
KC127483,HCV,1a,100
KC127474,HCV,1a,100
KC127484,HCV,1a,100
KC127464,HCV,1a,100
KC127495,HCV,1a,100
KC127500,HCV,1a,100
KC127506,HCV,1a,100
KC127508,HCV,1a,100
KC127509,HCV,1a,100
KC127492,HCV,1a,100
KC127510,HCV,1a,100
KC127516,HCV,1a,100
KC127515,HCV,1a,100
KC127505,HCV,1a,100
KC127502,HCV,1a,100
KC127519,HCV,1a,100
KC127522,HCV,1a,100
KC127524,HCV,1a,100
KC127533,HCV,1a,100
KC127529,HCV,1a,100
KC127534,HCV,1a,100
KC127547,HCV,1a,100
KC127540,HCV,1a,100
KC127556,HCV,1a,100
KC127554,HCV,1a,100
KC127552,HCV,1a,100
KC127558,HCV,1a,100
KC127548,HCV,1a,100
KC127567,HCV,1a,100
KC127563,HCV,1a,100
KC127559,HCV,1a,100
KC127571,HCV,1a,100
KC127566,HCV,1a,100
KC127583,HCV,1a,100
KC127586,HCV,1a,100
KC127568,HCV,1a,100
KC127580,HCV,1a,100
KC127579,HCV,1a,100
KC127595,HCV,1a,100
KC127592,HCV,1a,100
KC127596,HCV,1a,100
KC127590,HCV,1a,100
KC127604,HCV,1a,100
KC127603,HCV,1a,100
KC127601,HCV,1a,100
KC127605,HCV,1a,100
KC127618,HCV,1a,100
KC127609,HCV,1a,100
KC127615,HCV,1a,100
KC127624,HCV,1a,100
KC127619,HCV,1a,100
KC127626,HCV,1a,100
KC127625,HCV,1a,100
KC127616,HCV,1a,100
KC127613,HCV,1a,100
KC127627,HCV,1a,100
KC127636,HCV,1a,100
KC127639,HCV,1a,100
KC127633,HCV,1a,100
KC127637,HCV,1a,100
KC127630,HCV,1a,100
KC127634,HCV,1a,100
KC127649,HCV,1a,100
KC127647,HCV,1a,100
KC127648,HCV,1a,100
KC127641,HCV,1a,100
KC127651,HCV,1a,100
KC127638,HCV,1a,100
KC127652,HCV,1a,100
KC127654,HCV,1a,100
PV289044,HCV,1a,100
PV289046,HCV,1a,100
PV289041,HCV,1a,100
PV289045,HCV,1a,100
PV289043,HCV,1a,100
PV289048,HCV,1a,100
PV289052,HCV,1a,100
PV289040,HCV,1a,100
PV289047,HCV,1a,100
PV289054,HCV,1a,100
PV289051,HCV,1a,100
PV289050,HCV,1a,100
PV289053,HCV,1a,100
PV289042,HCV,1a,100
KC127271,HCV,1a,100
KC127285,HCV,1a,100
KC127278,HCV,1a,100
KC127286,HCV,1a,100
KC127288,HCV,1a,100
KC127290,HCV,1a,100
KC127297,HCV,1a,100
KC127291,HCV,1a,100
KC127295,HCV,1a,100
KC127292,HCV,1a,100
KC127300,HCV,1a,100
KC127307,HCV,1a,100
KC127316,HCV,1a,100
KC127313,HCV,1a,100
KC127310,HCV,1a,100
KC127320,HCV,1a,100
KC127321,HCV,1a,100
KC127322,HCV,1a,100
KC127327,HCV,1a,100
KC127331,HCV,1a,100
KC127317,HCV,1a,100
KC127319,HCV,1a,100
KC127338,HCV,1a,100
KC127342,HCV,1a,100
KC127349,HCV,1a,100
KC127348,HCV,1a,100
KC127347,HCV,1a,100
KC127353,HCV,1a,100
KC127358,HCV,1a,100
KC127361,HCV,1a,100
KC127356,HCV,1a,100
KC127363,HCV,1a,100
KC127360,HCV,1a,100
KC127352,HCV,1a,100
KC127359,HCV,1a,100
KC127351,HCV,1a,100
KC127370,HCV,1a,100
KC127378,HCV,1a,100
KC127375,HCV,1a,100
KC127376,HCV,1a,100
KC127384,HCV,1a,100
KC127380,HCV,1a,100
KC127382,HCV,1a,100
KC127373,HCV,1a,100
KC127383,HCV,1a,100
KC127389,HCV,1a,100
KC127395,HCV,1a,100
KC127397,HCV,1a,100
KC127394,HCV,1a,100
KC127387,HCV,1a,100
KC127401,HCV,1a,100
KC127405,HCV,1a,100
KC127406,HCV,1a,100
KC127414,HCV,1a,100
KC127412,HCV,1a,100
KC127416,HCV,1a,100
KC127413,HCV,1a,100
KC127422,HCV,1a,100
KC127407,HCV,1a,100
KC127423,HCV,1a,100
KC127429,HCV,1a,100
KC127421,HCV,1a,100
KC127428,HCV,1a,100
KC127430,HCV,1a,100
KC127418,HCV,1a,100
KC127420,HCV,1a,100
KC127424,HCV,1a,100
KC127425,HCV,1a,100
KC127431,HCV,1a,100
KC127438,HCV,1a,100
KC127435,HCV,1a,100
KC127439,HCV,1a,100
KC127460,HCV,1a,100
KC127459,HCV,1a,100
KC127453,HCV,1a,100
KC127471,HCV,1a,100
KC127469,HCV,1a,100
KC127468,HCV,1a,100
KC127470,HCV,1a,100
KC127473,HCV,1a,100
KC127487,HCV,1a,100
KC127489,HCV,1a,100
KC127490,HCV,1a,100
KC127488,HCV,1a,100
KC127493,HCV,1a,100
KC127503,HCV,1a,100
KC127491,HCV,1a,100
KC127501,HCV,1a,100
KC127504,HCV,1a,100
KC127498,HCV,1a,100
KC127511,HCV,1a,100
KC127507,HCV,1a,100
KC127513,HCV,1a,100
KC127514,HCV,1a,100
KC127512,HCV,1a,100
KC127523,HCV,1a,100
KC127526,HCV,1a,100
KC127520,HCV,1a,100
KC127532,HCV,1a,100
KC127531,HCV,1a,100
KC127521,HCV,1a,100
KC127525,HCV,1a,100
KC127528,HCV,1a,100
KC127538,HCV,1a,100
KC127536,HCV,1a,100
KC127541,HCV,1a,100
KC127542,HCV,1a,100
KC127545,HCV,1a,100
KC127551,HCV,1a,100
KC127543,HCV,1a,100
KC127537,HCV,1a,100
KC127550,HCV,1a,100
KC127555,HCV,1a,100
KC127560,HCV,1a,100
KC127557,HCV,1a,100
KC127561,HCV,1a,100
KC127564,HCV,1a,100
KC127553,HCV,1a,100
KC127562,HCV,1a,100
KC127570,HCV,1a,100
KC127565,HCV,1a,100
KC127569,HCV,1a,100
KC127584,HCV,1a,100
KC127587,HCV,1a,100
KC127589,HCV,1a,100
KC127576,HCV,1a,100
KC127588,HCV,1a,100
KC127585,HCV,1a,100
KC127606,HCV,1a,100
KC127600,HCV,1a,100
KC127598,HCV,1a,100
KC127602,HCV,1a,100
KC127594,HCV,1a,100
KC127597,HCV,1a,100
KC127612,HCV,1a,100
KC127599,HCV,1a,100
KC127610,HCV,1a,100
KC127611,HCV,1a,100
KC127621,HCV,1a,100
KC127617,HCV,1a,100
KC127623,HCV,1a,100
KC127622,HCV,1a,100
KC127631,HCV,1a,100
KC127632,HCV,1a,100
KC127628,HCV,1a,100
KC127635,HCV,1a,100
KC127645,HCV,1a,100
KC127629,HCV,1a,100
KC127640,HCV,1a,100
KC127643,HCV,1a,100
KC127642,HCV,1a,100
KC127650,HCV,1a,100
KC127646,HCV,1a,100
KC127653,HCV,1a,100
KC127644,HCV,1a,100
KC127656,HCV,1a,100
KC127655,HCV,1a,100
PV289099,HCV,1a,100
PV289108,HCV,1a,100
PV289104,HCV,1a,100
PV289150,HCV,3a,100
PV289146,HCV,3a,100
PV289153,HCV,3a,100
PV289154,HCV,3a,100
PV289173,HCV,3a,100
PV289174,HCV,3a,100
PV289183,HCV,3a,100
PV289179,HCV,3a,100
PV289185,HCV,3a,100
PV289209,HCV,3a,100
PV289204,HCV,3a,100
PV289207,HCV,3a,100
PQ335036,HCV,1a,100
PQ335035,HCV,1a,100
PQ335037,HCV,1a,100
PQ335040,HCV,1a,100
PQ335047,HCV,1a,100
PQ335057,HCV,1a,100
PQ335059,HCV,1a,100
PQ335063,HCV,1a,100
PQ335053,HCV,1a,100
PQ335056,HCV,1a,100
PQ335067,HCV,1a,100
PV289220,HCV,3a,100
PQ335068,HCV,1a,100
PQ335062,HCV,1a,100
PQ335070,HCV,1a,100
PQ335071,HCV,1a,100
PV289149,HCV,3a,100
PV289156,HCV,3a,100
PV289144,HCV,3a,100
PV289148,HCV,3a,100
PV289152,HCV,3a,100
PV289198,HCV,3a,100
PQ335038,HCV,1a,100
PQ335039,HCV,1a,100
PV289218,HCV,"unassigned_1, 3a-2b",NA
PQ335044,HCV,1a,100
PQ335041,HCV,1a,100
PQ335043,HCV,1a,100
PV289208,HCV,3a,100
PQ335042,HCV,1a,100
PQ335045,HCV,1a,100
PQ335048,HCV,1a,100
PQ335050,HCV,1a,100
PV289216,HCV,"unassigned_1, 3a-2b",NA
PQ335054,HCV,1a,100
PQ335046,HCV,1a,100
PV289211,HCV,3a,100
PQ335052,HCV,1a,100
PQ335055,HCV,1a,100
PQ335061,HCV,1a,100
PQ335049,HCV,1a,100
PQ335058,HCV,1a,100
PV289212,HCV,3a,100
PQ335066,HCV,1a,100
PQ335065,HCV,1a,100
PQ335064,HCV,1a,100
KC127287,HCV,1a,100
KC127277,HCV,1a,100
PQ335073,HCV,1a,100
PQ335079,HCV,1a,100
PV289219,HCV,3a,100
PQ335078,HCV,1a,100
PQ335074,HCV,1a,100
PQ335076,HCV,1a,100
PQ335072,HCV,1a,100
PQ335081,HCV,1a,100
PQ335089,HCV,4a,100
PQ335090,HCV,4a,100
PQ335093,HCV,4a,100
PQ335088,HCV,1a,100
PQ335094,HCV,4a,100
PQ335101,HCV,4a,100
PQ335106,HCV,4a,100
PQ335107,HCV,4a,100
PQ335084,HCV,1a,100
PQ335085,HCV,1a,100
PQ335097,HCV,4a,100
PQ335098,HCV,4a,100
PQ335105,HCV,4a,100
PQ335104,HCV,4a,100
PQ335100,HCV,4a,100
PQ335112,HCV,4a,100
PQ335099,HCV,4a,100
PQ335075,HCV,1a,100
PQ335083,HCV,1a,100
PQ335082,HCV,1a,100
PQ335114,HCV,4a,100
PQ335111,HCV,4a,100
PQ335115,HCV,4a,100
PQ335129,HCV,4a,100
PQ335118,HCV,4a,100
PQ335117,HCV,4a,100
PQ335108,HCV,4a,100
PQ335122,HCV,4a,100
PQ335128,HCV,4a,100
PQ335102,HCV,4a,100
PQ335113,HCV,4a,100
PQ335127,HCV,4a,100
PQ335121,HCV,4a,100
PQ335119,HCV,4a,100
PQ335120,HCV,4a,100
PQ335135,HCV,4a,100
PQ335130,HCV,4a,100
PQ335134,HCV,4a,100
PQ335145,HCV,4a,100
PQ335141,HCV,4a,100
PQ335126,HCV,4a,100
PQ335146,HCV,4a,100
PQ335138,HCV,4a,100
PQ335140,HCV,4a,100
PQ335139,HCV,4a,100
PQ335150,HCV,4a,100
PQ335155,HCV,4a,100
PQ335137,HCV,4a,100
PQ335142,HCV,4a,100
PQ335148,HCV,4a,100
PQ335136,HCV,4a,100
PQ335133,HCV,4a,100
PQ335149,HCV,4a,100
PQ335124,HCV,4a,100
PQ335143,HCV,4a,100
PQ335151,HCV,4a,100
PQ335131,HCV,4a,100
PQ335157,HCV,4a,100
PQ335158,HCV,4a,100
PQ335144,HCV,4a,100
PQ335156,HCV,4a,100
PQ335153,HCV,4a,100
PQ335147,HCV,4a,100
MW689950,HCV,1a,100
MW689946,HCV,1a,100
PQ335132,HCV,4a,100
PQ335154,HCV,4a,100
MW689951,HCV,1a,100
MW689945,HCV,"unassigned_1, 1a-4a",NA
MW689952,HCV,1l,100
MW689963,HCV,"unassigned_1, 1a-4a",NA
MW689956,HCV,1a,100
MW689957,HCV,1a,100
PQ335152,HCV,4a,100
MW689944,HCV,"unassigned_1, 1a-2k",NA
MW689948,HCV,1a,100
MW689953,HCV,1a,100
MW689959,HCV,1a,100
MW689958,HCV,1a,100
MW689947,HCV,1a,100
MW689954,HCV,1a,100
MW689949,HCV,1a,100
MW689955,HCV,1a,100
MW689960,HCV,1a,100
MW689964,HCV,1l,100
MW689969,HCV,"unassigned_1, 1a-1b",NA
MW689962,HCV,1a,100
MW689985,HCV,1a,100
MW689971,HCV,1b,100
MW689970,HCV,1a,100
MW689968,HCV,1b,100
MW689961,HCV,1a,100
MW689965,HCV,1b,100
MW689973,HCV,1b,100
MW689977,HCV,1a,100
MW689987,HCV,"unassigned_1, 1a-4r",NA
MW689978,HCV,1g,100
MW689980,HCV,1a,100
MW689984,HCV,1g,100
MW689995,HCV,"unassigned_1, 1a-4k-1b-4k-1b-4k",NA
MW689988,HCV,1a,100
MW689983,HCV,1l,100
MW689981,HCV,1a,100
MW689990,HCV,1a,100
LC209880,HCV,1a,100
MW689982,HCV,1a,100
MW689986,HCV,1a,100
MW689993,HCV,"unassigned_1, 1a-1b",NA
LC209871,HCV,1a,100
LC209881,HCV,1a,100
LC209879,HCV,1a,100
MW689997,HCV,1b,100
MW689998,HCV,1a,100
MW689989,HCV,1a,100
MW689996,HCV,1a,100
LC209877,HCV,1a,100
LC209883,HCV,1a,100
LC209888,HCV,1a,100
LC209882,HCV,1a,100
LC209884,HCV,1a,100
LC209887,HCV,1a,100
LC209886,HCV,1a,100
LC209885,HCV,1a,100
PQ660830,HCV,4a,100
PQ660829,HCV,1a,100
PQ660843,HCV,1a,100
PQ660827,HCV,1a,100
PQ660826,HCV,1a,100
PQ660824,HCV,1a,100
PQ660831,HCV,1a,100
PQ660823,HCV,1a,100
PQ660825,HCV,1a,100
PQ660833,HCV,1a,100
PQ660840,HCV,4a,100
PQ660853,HCV,"unassigned_1, 1a-4a",NA
PQ660828,HCV,1a,100
PQ660837,HCV,4a,100
PQ660832,HCV,1a,100
PQ660838,HCV,1a,100
PQ660836,HCV,1a,100
PQ660842,HCV,1a,100
PQ660844,HCV,1a,100
PQ660849,HCV,1a,100
KM275683,HCV,1b,100
PQ660855,HCV,"unassigned_1, 1a-4a-4v",NA
PQ660848,HCV,4a,100
PQ660839,HCV,4a,100
PQ660841,HCV,1a,100
PQ660850,HCV,1a,100
PQ660845,HCV,1a,100
KM275686,HCV,1b,100
PQ660852,HCV,"unassigned_1, 4a-1a",NA
PQ660846,HCV,1a,100
KM275685,HCV,1b,100
KM275688,HCV,1b,100
KM275691,HCV,1b,100
KM275695,HCV,1b,100
PQ660857,HCV,"unassigned_1, 4a-1a",NA
PQ660847,HCV,4a,100
KM275689,HCV,1b,100
KY608614,HCV,1e,100
KY608615,HCV,1g,100
KY608623,HCV,2i,100
KM275687,HCV,1b,100
KY608613,HCV,1e,100
KM275694,HCV,1b,100
KM275693,HCV,1b,100
KM275698,HCV,1b,100
KY608630,HCV,2j,100
KM275696,HCV,1b,100
PQ660851,HCV,1a,100
KY608619,HCV,2i,100
KY608625,HCV,2i,94
KY608635,HCV,3g,100
KY608634,HCV,2k,100
KY608632,HCV,2k,100
KY608621,HCV,2i,100
KC127158,HCV,1a,100
KC127166,HCV,1a,100
KC127156,HCV,1a,100
KY608627,HCV,2i,100
KC127157,HCV,1a,100
KY608618,HCV,1l,100
KC127178,HCV,1a,100
KC127168,HCV,1a,100
KC127164,HCV,1a,100
KC127229,HCV,1a,100
KC127154,HCV,1a,100
PQ660856,HCV,4a,100
PQ660859,HCV,4a,100
KC127184,HCV,1a,100
KC127165,HCV,1a,100
KC127174,HCV,1a,100
PQ660854,HCV,1a,100
KC127219,HCV,1a,100
KC127196,HCV,1a,100
KC127188,HCV,1a,100
KC127195,HCV,1a,100
KC127197,HCV,1a,100
KC127209,HCV,1a,100
KC127231,HCV,1a,100
KC127167,HCV,1a,100
KC127176,HCV,1a,100
KC127155,HCV,1a,100
KC127186,HCV,1a,100
KC127187,HCV,1a,100
KC127230,HCV,1a,100
KC127233,HCV,1a,100
KC127247,HCV,1a,100
KC127244,HCV,1a,100
PV289083,HCV,1a,100
PV289081,HCV,1a,100
PV289080,HCV,1a,100
PV289079,HCV,1a,100
PV289170,HCV,3a,100
PV289177,HCV,3a,100
PV289172,HCV,3a,100
PV289175,HCV,3a,100
PV289176,HCV,3a,100
PV289088,HCV,1a,100
PV289178,HCV,3a,100
PV289180,HCV,3a,100
PV289182,HCV,3a,100
PV289186,HCV,3a,100
PV289085,HCV,1a,100
PV289188,HCV,3a,100
PV289181,HCV,3a,100
PV289184,HCV,3a,100
PV289193,HCV,3a,100
PV289210,HCV,"unassigned_1, 3a-2b",NA
PV289206,HCV,3a,100
PV289195,HCV,3a,100
PV289084,HCV,1a,100
PV289205,HCV,3a,100
PV289202,HCV,3a,100
PV289199,HCV,3a,100
PQ335051,HCV,1a,100
PV289214,HCV,3a,100
PV289082,HCV,1a,100
MW689967,HCV,1b,100
MW689966,HCV,1b,100
PV289089,HCV,1a,100
PV289087,HCV,1a,100
PV289086,HCV,1a,100
PV289090,HCV,1a,100
KC127210,HCV,1a,100
KC127211,HCV,1a,100
KC127212,HCV,1a,100
KC127206,HCV,1a,100
KC127225,HCV,1a,100
MW689976,HCV,1b,100
KC127227,HCV,1a,100
KC127234,HCV,1a,100
MW689975,HCV,1b,100
MW689972,HCV,1a,100
KC127214,HCV,1a,100
MW689974,HCV,1a,100
MW689979,HCV,1a,100
KC127238,HCV,1a,100
KM275684,HCV,1b,100
KM275692,HCV,1b,100
KM275690,HCV,1b,100
KC127237,HCV,1a,100
KY608616,HCV,1g,100
KY608612,HCV,1c,100
KM275697,HCV,1b,100
KC127201,HCV,1a,100
KY608622,HCV,2i,100
KY608611,HCV,1c,100
KY608624,HCV,2i,99
KC127253,HCV,1a,100
KY608617,HCV,1h,100
PQ660858,HCV,1a,100
KY608626,HCV,2i,100
KY608620,HCV,2i,100
KC127254,HCV,1a,100
KY608631,HCV,2k,100
KY608628,HCV,2i,100
KY608633,HCV,2k,100
KY608629,HCV,2j,100
KC127185,HCV,1a,100
KC127255,HCV,1a,100
KC127177,HCV,1a,100
KC127175,HCV,1a,100
KC127213,HCV,1a,100
KC127194,HCV,1a,100
KC127252,HCV,1a,100
KC127223,HCV,1a,100
KC127232,HCV,1a,100
KC127220,HCV,1a,100
KC127258,HCV,1a,100
KC127243,HCV,1a,100
KC127241,HCV,1a,100
KC127239,HCV,1a,100
KC127242,HCV,1a,100
KC127251,HCV,1a,100
KC127222,HCV,1a,100
KC127240,HCV,1a,100
KC127246,HCV,1a,100
KC127245,HCV,1a,100
KC127248,HCV,1a,100
KC127279,HCV,1a,100
KC127150,HCV,1a,100
KC127152,HCV,1a,100
KC127151,HCV,1a,100
KC127272,HCV,1a,100
KC127273,HCV,1a,100
KC127270,HCV,1a,100
KC127293,HCV,1a,100
KC127299,HCV,1a,100
KC127296,HCV,1a,100
KC127303,HCV,1a,100
KC127301,HCV,1a,100
KC127294,HCV,1a,100
KC127298,HCV,1a,100
KC127306,HCV,1a,100
KC127315,HCV,1a,100
KC127308,HCV,1a,100
KC127312,HCV,1a,100
KC127346,HCV,1a,100
KC127344,HCV,1a,100
KC127372,HCV,1a,100
KC127364,HCV,1a,100
KC127371,HCV,1a,100
KC127374,HCV,1a,100
KC127379,HCV,1a,100
KC127417,HCV,1a,100
KC127442,HCV,1a,100
KC127441,HCV,1a,100
KC127447,HCV,1a,100
KC127446,HCV,1a,100
KC127443,HCV,1a,100
KC127437,HCV,1a,100
KC127448,HCV,1a,100
KC127434,HCV,1a,100
KC127445,HCV,1a,100
KC127462,HCV,1a,100
KC127451,HCV,1a,100
KC127457,HCV,1a,100
KC127461,HCV,1a,100
KC127472,HCV,1a,100
KC127479,HCV,1a,100
KC127478,HCV,1a,100
KC127467,HCV,1a,100
KC127497,HCV,1a,100
KC127499,HCV,1a,100
KC127494,HCV,1a,100
KC127496,HCV,1a,100
KC127518,HCV,1a,100
KC127517,HCV,1a,100
KC127527,HCV,1a,100
KC127530,HCV,1a,100
KC127539,HCV,1a,100
KC127546,HCV,1a,100
KC127544,HCV,1a,100
KC127549,HCV,1a,100
KC127535,HCV,1a,100
KC127577,HCV,1a,100
KC127572,HCV,1a,100
KC127573,HCV,1a,100
KC127574,HCV,1a,100
KC127581,HCV,1a,100
KC127575,HCV,1a,100
KC127582,HCV,1a,100
KC127591,HCV,1a,100
KC127578,HCV,1a,100
KC127593,HCV,1a,100
KC127607,HCV,1a,100
KC127608,HCV,1a,100
KC127614,HCV,1a,100
KC127620,HCV,1a,100
PV289106,HCV,1a,100
PV289102,HCV,1a,100
PV289107,HCV,1a,100
PV289109,HCV,1a,100
PV289105,HCV,1a,100
PV289116,HCV,"unassigned_1, 1a-2b",NA
PV289103,HCV,1a,100
PV289113,HCV,1a,100
PV289111,HCV,1a,100
PV289118,HCV,"unassigned_1, 1a-2b",NA
PV289114,HCV,1a,100
PV289115,HCV,1a,100
PV289110,HCV,1a,100
PV289112,HCV,1a,100
PV289117,HCV,1a,100
PV289130,HCV,"unassigned_1, 1a-2b",NA
PV289121,HCV,1a,100
PV289155,HCV,3a,100
PV289160,HCV,3a,100
PV289158,HCV,3a,100
PV289157,HCV,3a,100
PV289159,HCV,3a,100
PV289162,HCV,3a,100
PV289169,HCV,3a,100
PV289164,HCV,3a,100
PV289166,HCV,3a,100
PV289168,HCV,3a,100
PV289161,HCV,3a,100
PV289165,HCV,3a,100
PV289163,HCV,3a,100
PV289167,HCV,3a,100
PV289171,HCV,3a,100
KY608641,HCV,3i,100
KY608639,HCV,3g,100
JX961002,HCV,1b,100
JX961024,HCV,6a,100
JX961018,HCV,3b,100
JX961019,HCV,1b,100
JX961034,HCV,6a,100
JX961030,HCV,3a,100
EU081499,HCV,3b,100
JX961037,HCV,6a,100
D37855,HCV,6b,100
JX961007,HCV,3b,100
EU081503,HCV,3a,100
EU710092,HCV,1a,100
D37869,HCV,6f,100
EU710097,HCV,1a,100
EU710093,HCV,1a,100
EU710105,HCV,1a,100
EU710102,HCV,1a,100
EU710085,HCV,1a,100
EU710182,HCV,1a,100
EU710089,HCV,1a,100
EU710128,HCV,1a,100
EU710117,HCV,1a,100
EU710166,HCV,1a,100
KY608674,HCV,4o,100
KT735896,HCV,3a,100
KY608647,HCV,3i,100
KY608666,HCV,4n,100
KY608657,HCV,4n,100
KY608637,HCV,3g,100
KY608669,HCV,4o,100
KY608680,HCV,4o,100
KY608693,HCV,6e,100
KY608638,HCV,3g,100
KY608658,HCV,4n,100
KY608643,HCV,3i,100
KY608656,HCV,4n,100
KY608653,HCV,4f,100
KY608655,HCV,4l,100
KY608671,HCV,4o,100
KY608667,HCV,4o,100
KY608672,HCV,4o,100
KY608654,HCV,4k,100
KY608668,HCV,4o,100
KY608690,HCV,6e,100
KY608691,HCV,6e,100
KY608695,HCV,6e,100
KY608679,HCV,4o,100
KT735661,HCV,3b,100
KT735662,HCV,6n,100
KT735663,HCV,3b,100
KY608708,HCV,6m,100
KY608670,HCV,4o,100
KT735669,HCV,6n,100
KT735672,HCV,1a,100
KT735671,HCV,1a,100
KY608640,HCV,3i,100
KY608694,HCV,6e,100
KY608702,HCV,6i,100
KT735665,HCV,6a,100
KT735664,HCV,3b,100
KT735667,HCV,3b,100
KT735660,HCV,3b,100
KY608673,HCV,4o,100
KT735674,HCV,6xa,100
KT735676,HCV,3b,100
KT735686,HCV,1a,100
KT735677,HCV,3b,100
KT735668,HCV,6n,100
KT735679,HCV,1a,100
KT735678,HCV,3b,100
KT735659,HCV,3b,100
KT735680,HCV,3b,100
KT735670,HCV,1a,100
KT735688,HCV,3a,100
KT735689,HCV,6n,100
KT735675,HCV,3b,100
KY608678,HCV,4o,100
KT735691,HCV,3a,100
KT735692,HCV,3b,100
KT735698,HCV,6n,100
KT735701,HCV,1a,100
KY608681,HCV,4r,100
KT735702,HCV,1a,100
KT735687,HCV,6n,100
KT735704,HCV,6n,100
KT735703,HCV,1a,100
KT735706,HCV,1a,100
KT735705,HCV,3b,100
KT735708,HCV,1a,100
KT735711,HCV,1a,100
KT735710,HCV,1a,100
KT735695,HCV,6n,100
KT735718,HCV,6n,100
KT735700,HCV,6xa,100
KT735716,HCV,3b,100
KT735707,HCV,3b,100
KT735726,HCV,6n,100
KT735709,HCV,6n,100
KT735723,HCV,6n,100
KT735733,HCV,6n,100
KT735734,HCV,3a,100
KT735735,HCV,3b,100
KT735719,HCV,1a,100
KT735693,HCV,1a,100
KT735694,HCV,1a,100
KT735673,HCV,3b,100
KT735696,HCV,3b,100
KT735690,HCV,6xa,100
KT735712,HCV,6xa,100
KT735714,HCV,6xa,100
KT735715,HCV,6n,100
KT735697,HCV,6n,100
KT735717,HCV,3b,100
KT735699,HCV,3b,100
KT735725,HCV,1b,100
KT735727,HCV,6n,100
KT735721,HCV,3a,100
KT735729,HCV,1b,100
KT735713,HCV,3b,100
KT735720,HCV,3b,100
KT735736,HCV,6n,100
KT735740,HCV,3b,100
KT735742,HCV,1a,100
KT735741,HCV,3b,100
KT735743,HCV,6n,100
KT735747,HCV,1b,100
KT735745,HCV,1b,100
KT735746,HCV,3b,100
KT735728,HCV,3b,100
KT735731,HCV,3a,100
KT735749,HCV,3a,100
KT735752,HCV,3b,100
KT735751,HCV,3b,100
KT735730,HCV,3b,100
KT735753,HCV,1b,100
KT735737,HCV,3b,100
KT735724,HCV,3b,100
KT735722,HCV,1a,100
KT735732,HCV,6n,100
KT735739,HCV,3a,100
KT735755,HCV,3b,100
KT735757,HCV,1b,100
KT735758,HCV,3a,100
KT735759,HCV,6n,100
KT735756,HCV,1b,100
KT735754,HCV,3a,100
KT735769,HCV,1b,100
KT735768,HCV,1b,100
KT735770,HCV,3a,100
KT735766,HCV,3b,100
KT735771,HCV,3b,100
KT735738,HCV,3b,100
KT735772,HCV,3b,100
KT735774,HCV,3b,100
KT735775,HCV,6a,100
KT735776,HCV,6a,100
KT735778,HCV,6a,100
KT735744,HCV,6xa,100
KT735777,HCV,1b,100
KT735761,HCV,3a,100
KT735762,HCV,1b,100
KT735760,HCV,3a,100
KT735750,HCV,3b,100
KT735763,HCV,3a,100
KT735765,HCV,3b,100
KT735764,HCV,1b,100
KT735779,HCV,6n,100
KT735782,HCV,1b,100
KT735748,HCV,3a,100
KT735781,HCV,3b,100
KT735785,HCV,3b,100
KT735783,HCV,3a,100
KT735786,HCV,3b,100
KT735787,HCV,3a,100
KT735788,HCV,3a,100
KT735784,HCV,6a,100
KT735792,HCV,3a,100
KT735790,HCV,3a,100
KT735780,HCV,1b,100
KT735791,HCV,3b,100
KT735811,HCV,3b,100
KT735804,HCV,6n,100
KT735812,HCV,1b,100
KT735813,HCV,3a,100
KT735798,HCV,3b,100
KT735816,HCV,1b,100
KT735803,HCV,3b,100
KT735767,HCV,3b,100
KT735802,HCV,6a,100
KT735809,HCV,3b,100
KT735806,HCV,3b,100
KT735805,HCV,3a,100
KT735810,HCV,6xa,100
KT735789,HCV,3a,100
KT735824,HCV,3a,100
KT735825,HCV,3b,100
KT735826,HCV,3b,100
KT735828,HCV,3b,100
KT735807,HCV,3b,100
KT735829,HCV,1b,100
KT735831,HCV,3b,100
KT735830,HCV,1a,100
KT735815,HCV,3a,100
KT735833,HCV,1a,100
KT735832,HCV,3b,100
KT735835,HCV,3a,100
KT735834,HCV,6n,100
KT735837,HCV,3b,100
KT735827,HCV,6n,100
KT735844,HCV,3a,100
KT735845,HCV,3b,100
KT735848,HCV,3b,100
KT735846,HCV,1b,100
KT735853,HCV,1b,100
KT735850,HCV,3b,100
KT735852,HCV,3b,100
KT735851,HCV,3b,100
KT735854,HCV,3b,100
KT735836,HCV,3b,100
KT735855,HCV,6n,100
KT735814,HCV,6n,100
KT735856,HCV,3b,100
KT735847,HCV,3b,100
KT735867,HCV,6a,100
KT735866,HCV,6a,100
KT735868,HCV,3a,100
KT735869,HCV,3b,100
KT735870,HCV,3a,100
KT735873,HCV,3a,100
KT735879,HCV,3b,100
KT735861,HCV,6a,100
KT735874,HCV,1b,100
KT735862,HCV,6a,100
KT735880,HCV,3a,100
KT735883,HCV,1b,100
KT735881,HCV,6a,100
HQ318868,HCV,3b,100
KT735876,HCV,3a,100
KT735886,HCV,3b,100
HQ318870,HCV,3b,100
HQ318871,HCV,3b,100
HQ318873,HCV,3a,100
HQ318866,HCV,3b,100
HQ318869,HCV,3b,100
HQ318863,HCV,2a,100
KT735895,HCV,3b,100
HQ318876,HCV,3a,100
HQ318875,HCV,3a,100
HQ318878,HCV,3a,100
HQ318877,HCV,3a,100
HQ318883,HCV,3a,100
HQ318881,HCV,3a,100
HQ318879,HCV,3a,100
KT735888,HCV,3a,100
HQ318884,HCV,3a,100
HQ318872,HCV,3b,100
HQ318888,HCV,3a,100
HQ318893,HCV,3a,100
HQ318890,HCV,3a,100
HQ318885,HCV,3a,100
HQ318894,HCV,3a,100
HQ318882,HCV,3a,100
HQ318898,HCV,1b,100
HQ318906,HCV,1b,100
HQ318891,HCV,3a,100
HQ318905,HCV,1b,100
HQ318904,HCV,1b,100
HQ318909,HCV,1b,100
HQ318908,HCV,1b,100
HQ318911,HCV,1b,100
HQ318907,HCV,1b,100
HQ318917,HCV,6a,100
HQ318900,HCV,1b,100
HQ318921,HCV,6n,100
HQ318920,HCV,6n,100
KM284979,HCV,1a,100
HQ318927,HCV,6e,100
KM284983,HCV,1a,100
KM284982,HCV,1a,100
HQ318919,HCV,6a,100
HQ318922,HCV,6e,100
HQ318918,HCV,6a,100
KM284984,HCV,1a,100
KM284985,HCV,1a,100
HQ318925,HCV,6e,100
HQ318923,HCV,6e,100
KM284987,HCV,1a,100
KM284990,HCV,1a,100
KM285001,HCV,3a,100
KM285003,HCV,3a,100
KM284991,HCV,1a,100
HQ318914,HCV,6a,100
KM284998,HCV,3a,100
KM285006,HCV,3a,100
KM285007,HCV,3a,100
KM284978,HCV,1a,100
KM285014,HCV,3b,100
KM285015,HCV,3b,100
KM285017,HCV,3b,100
KM285018,HCV,3b,100
KM285004,HCV,3a,100
KM284997,HCV,3a,100
KM285020,HCV,3b,100
KM285021,HCV,3b,100
KM285008,HCV,3a,100
KM285016,HCV,3b,100
KM285024,HCV,3b,100
KM285026,HCV,3b,100
KM285027,HCV,3b,100
KM285009,HCV,3a,100
KM285019,HCV,3b,100
KM285040,HCV,3b,100
KM285022,HCV,3b,100
KM285041,HCV,3b,100
KM285031,HCV,3b,100
KM285023,HCV,3b,100
KM285042,HCV,3b,100
KM285043,HCV,3b,100
KM285044,HCV,3b,100
KM285047,HCV,3b,100
KM285039,HCV,3b,100
KM285048,HCV,3b,100
KM285038,HCV,3b,100
KM285050,HCV,3b,100
KM285051,HCV,3b,100
KM285052,HCV,3b,100
KM285053,HCV,3b,100
KM285054,HCV,3b,100
KM285037,HCV,3b,100
KM285035,HCV,3b,100
KM285066,HCV,3b,100
KM285046,HCV,3b,100
KM285049,HCV,3b,100
KM285067,HCV,3b,100
KM285070,HCV,3b,100
KM285062,HCV,3b,100
KM285055,HCV,3b,100
KM285071,HCV,3b,100
KM285088,HCV,6n,100
KM285074,HCV,3b,100
KM285061,HCV,3b,100
KM285091,HCV,6n,100
KM285090,HCV,6n,100
KM285086,HCV,6n,100
KM285093,HCV,6n,100
KM285094,HCV,6n,100
KM285080,HCV,6n,100
KM285079,HCV,6n,100
KM285083,HCV,6n,100
KM285101,HCV,6xa,100
KM285100,HCV,6xa,100
KM285099,HCV,6xa,100
KM285102,HCV,6xa,100
KM285065,HCV,3b,100
KM285085,HCV,6n,100
KM285106,HCV,6xa,100
KM285104,HCV,6xa,100
KM285092,HCV,6n,100
JX960978,HCV,1b,100
KM285114,HCV,6xa,100
JX960977,HCV,6a,100
JX960983,HCV,3b,100
JX960995,HCV,3b,100
JX960992,HCV,3b,100
JX960996,HCV,6n,100
JX961000,HCV,1a,100
JX961005,HCV,3b,100
JX961010,HCV,3b,100
JX961009,HCV,6e,100
JX961011,HCV,6a,100
JX960991,HCV,6a,100
JX960994,HCV,3b,100
JX961016,HCV,6e,100
JX961008,HCV,3b,100
JX961013,HCV,6a,100
JX961022,HCV,6a,100
JX961023,HCV,3b,100
JX961012,HCV,1a,100
JX961025,HCV,3b,100
JX961026,HCV,3b,100
JX961029,HCV,3b,100
JX961020,HCV,3b,100
JX961006,HCV,1a,100
JX961028,HCV,3b,100
JX961032,HCV,1a,100
JX961048,HCV,6xa,100
JX961046,HCV,6a,100
JX961041,HCV,3b,100
JX961040,HCV,3b,100
JX961042,HCV,3b,100
JX961047,HCV,3b,100
JX961045,HCV,3a,100
JX961051,HCV,1b,100
JX961060,HCV,1b,100
JX961064,HCV,2a,100
JX961065,HCV,6xa,100
JX961058,HCV,1b,100
JX961063,HCV,1b,100
JX961066,HCV,1a,100
JX961057,HCV,2a,100
JX961049,HCV,1a,100
JX961070,HCV,2a,100
JX961068,HCV,2a,100
JX961071,HCV,1b,100
JX961072,HCV,2a,100
JX961075,HCV,2a,100
JX961080,HCV,1b,100
JX961073,HCV,1b,100
JX961084,HCV,1b,100
JX961089,HCV,1b,100
JX961088,HCV,1b,100
JX961069,HCV,2a,100
JX961082,HCV,1b,100
JX961090,HCV,1b,100
JX961062,HCV,2a,100
JX961085,HCV,1b,100
JX961077,HCV,2a,100
JX961087,HCV,2a,100
JX961081,HCV,2a,100
JX961097,HCV,2a,100
JX961119,HCV,1b,100
JX961123,HCV,2a,100
JX961113,HCV,1b,100
JX961108,HCV,1b,100
JX961102,HCV,2a,100
JX961061,HCV,1b,100
JX961124,HCV,2a,100
JX961132,HCV,2a,100
JX961134,HCV,2a,100
JX961117,HCV,2a,100
JX961135,HCV,1b,100
JX961133,HCV,2a,100
JX961111,HCV,1b,100
JX961121,HCV,1b,100
JX961140,HCV,1b,100
JX961136,HCV,1b,100
JX961131,HCV,1b,100
JX961143,HCV,1b,100
JX961137,HCV,1b,100
JX961130,HCV,1b,100
JX961147,HCV,2a,100
JX961152,HCV,1b,100
JX961115,HCV,1b,100
JX961141,HCV,1b,100
JX961153,HCV,1b,100
JX961145,HCV,2a,100
JX961155,HCV,2a,100
JX961154,HCV,2a,100
JX961149,HCV,2a,100
JX961165,HCV,1b,100
JX961160,HCV,1b,100
JX961156,HCV,1b,100
JX961161,HCV,1b,100
JX961169,HCV,1b,100
JX961167,HCV,1b,100
EU081321,HCV,3a,100
EU081320,HCV,3a,100
EU081319,HCV,3a,100
JX961173,HCV,2a,100
JX961170,HCV,1b,100
EU081322,HCV,6n,100
JX961171,HCV,6xa,100
EU081325,HCV,6xa,100
EU081324,HCV,6n,100
EU081442,HCV,1b,100
EU081328,HCV,1b,100
EU081314,HCV,3b,100
JX961150,HCV,1b,100
EU081444,HCV,3b,100
EU081446,HCV,1b,100
EU081323,HCV,6n,100
EU081448,HCV,3b,100
EU081447,HCV,1b,100
EU081455,HCV,1b,100
EU081445,HCV,3b,100
EU081457,HCV,3b,100
EU081459,HCV,3a,100
EU081458,HCV,3b,100
EU081460,HCV,3a,100
EU081326,HCV,6xa,100
EU081327,HCV,1a,100
EU081464,HCV,3b,100
EU081463,HCV,6n,100
EU081465,HCV,6a,100
EU081452,HCV,3a,100
EU081467,HCV,3b,100
EU081443,HCV,6n,100
EU081468,HCV,1b,100
EU081474,HCV,1b,100
EU081469,HCV,3a,100
EU081485,HCV,3a,100
EU081486,HCV,3a,100
EU081471,HCV,3b,100
EU081484,HCV,3a,100
EU081490,HCV,1b,100
EU081479,HCV,1b,100
EU081505,HCV,6xa,100
EU081506,HCV,6xa,100
EU081496,HCV,3a,100
EU081507,HCV,3b,100
EU081508,HCV,3a,100
EU081478,HCV,3b,100
D37853,HCV,3b,100
D37857,HCV,6c,100
D37858,HCV,6f,100
AB057604,HCV,1b,100
AB057606,HCV,1b,100
AB057605,HCV,1b,100
AB057608,HCV,1b,100
AB057603,HCV,1b,100
AB057612,HCV,1b,100
AB057611,HCV,1b,100
KT735795,HCV,3a,100
KT735817,HCV,3b,100
KT735820,HCV,6n,100
KT735821,HCV,6n,100
KT735818,HCV,3b,100
KT735822,HCV,6n,100
KT735808,HCV,3b,100
KT735819,HCV,3a,100
KT735840,HCV,3b,100
KT735823,HCV,3b,100
KT735842,HCV,3a,100
KT735838,HCV,3a,100
KT735843,HCV,3b,100
KT735858,HCV,3b,100
KT735857,HCV,1a,100
KT735841,HCV,3a,100
KT735863,HCV,6a,100
KT735860,HCV,1b,100
KT735859,HCV,3b,100
KT735849,HCV,1a,100
KT735872,HCV,3a,100
KT735871,HCV,3b,100
KT735864,HCV,3b,100
KT735839,HCV,3b,100
KT735877,HCV,3a,100
KT735875,HCV,3b,100
KT735878,HCV,6n,100
KT735865,HCV,3b,100
KT735882,HCV,3b,100
KT735885,HCV,3a,100
KT735887,HCV,3b,100
KT735889,HCV,3b,100
KT735890,HCV,3a,100
KT735891,HCV,3a,100
KT735898,HCV,3a,100
KT735894,HCV,3b,100
KT735884,HCV,3a,100
KT735897,HCV,3b,100
KT735892,HCV,3b,100
HQ318865,HCV,3b,100
HQ318867,HCV,3b,100
HQ318886,HCV,3a,100
HQ318874,HCV,3a,100
HQ318889,HCV,3a,100
HQ318892,HCV,3a,100
HQ318895,HCV,3a,100
HQ318896,HCV,3a,100
HQ318864,HCV,3b,100
KT735893,HCV,3a,100
HQ318897,HCV,1b,100
HQ318901,HCV,1b,100
HQ318902,HCV,1b,100
HQ318899,HCV,1b,100
HQ318903,HCV,1b,100
HQ318913,HCV,1b,100
HQ318912,HCV,1b,100
HQ318915,HCV,6a,100
HQ318916,HCV,6a,100
HQ318887,HCV,3a,100
HQ318924,HCV,6e,100
KM284988,HCV,1a,100
KM284989,HCV,1a,100
KM284980,HCV,1a,100
KM285011,HCV,3b,100
KM285010,HCV,3b,100
KM285002,HCV,3a,100
KM285012,HCV,3b,100
KM285005,HCV,3a,100
KM285013,HCV,3b,100
KM285029,HCV,3b,100
KM285028,HCV,3b,100
KM285030,HCV,3b,100
KM285032,HCV,3b,100
KM285033,HCV,3b,100
KM285034,HCV,3b,100
KM285036,HCV,3b,100
KM285056,HCV,3b,100
KM285058,HCV,3b,100
KM285057,HCV,3b,100
KM285060,HCV,3b,100
KM285064,HCV,3b,100
KM285025,HCV,3b,100
KM285063,HCV,3b,100
KM285073,HCV,3b,100
KM285075,HCV,3b,100
KM285076,HCV,3b,100
KM285069,HCV,3b,100
KM285077,HCV,3b,100
KM285059,HCV,3b,100
KM285045,HCV,3b,100
KM285078,HCV,3b,100
KM285072,HCV,3b,100
KM285081,HCV,6n,100
KM285082,HCV,6n,100
KM285084,HCV,6n,100
KM285068,HCV,3b,100
KM285087,HCV,6n,100
KM285110,HCV,6xa,100
KM285109,HCV,6xa,100
KM285097,HCV,6n,100
KM285103,HCV,6xa,100
KM285096,HCV,6n,100
KM285113,HCV,6xa,100
KM285115,HCV,6xa,100
JX960997,HCV,3a,100
JX960989,HCV,1b,100
JX960993,HCV,6a,100
JX961001,HCV,6a,100
JX960987,HCV,3b,100
JX961003,HCV,3b,100
JX960998,HCV,3b,100
JX961014,HCV,6a,100
JX961004,HCV,6a,100
JX960999,HCV,6a,100
JX960990,HCV,3b,100
JX960982,HCV,1b,100
JX961015,HCV,6a,100
JX961017,HCV,6a,100
JX961031,HCV,6a,100
JX961027,HCV,3b,100
JX961021,HCV,1a,100
JX961035,HCV,6a,100
JX961036,HCV,6a,100
JX961038,HCV,6e,100
JX961044,HCV,3a,100
JX961050,HCV,1b,100
JX961043,HCV,6a,100
JX961039,HCV,1a,100
JX961054,HCV,2a,100
JX961053,HCV,2a,100
JX961052,HCV,1b,100
JX961059,HCV,1b,100
JX961076,HCV,1b,100
JX961078,HCV,1b,100
JX961079,HCV,1b,100
JX961055,HCV,1b,100
JX961056,HCV,2a,100
JX961067,HCV,1b,100
JX961074,HCV,1b,100
JX961083,HCV,2a,100
JX961095,HCV,1b,100
JX961100,HCV,1b,100
JX961092,HCV,2a,100
JX961101,HCV,1b,100
JX961094,HCV,2a,100
JX961103,HCV,2a,100
JX961109,HCV,2a,100
JX961110,HCV,2a,100
JX961107,HCV,1b,100
JX961116,HCV,2a,100
JX961112,HCV,1b,100
JX961093,HCV,1b,100
JX961122,HCV,1b,100
JX961118,HCV,2a,100
JX961120,HCV,1b,100
JX961127,HCV,2a,100
JX961129,HCV,2a,100
JX961128,HCV,1b,100
JX961126,HCV,1b,100
JX961114,HCV,1b,100
JX961138,HCV,2a,100
JX961146,HCV,2a,100
JX961125,HCV,2a,100
JX961139,HCV,2a,100
JX961142,HCV,1b,100
JX961148,HCV,2a,100
JX961151,HCV,1b,100
JX961158,HCV,2a,100
JX961159,HCV,1b,100
JX961163,HCV,1b,100
JX961162,HCV,6n,100
JX961157,HCV,2a,100
JX961144,HCV,2a,100
JX961164,HCV,2a,100
JX961172,HCV,3a,100
EU081315,HCV,3b,100
EU081316,HCV,3b,100
JX961168,HCV,1b,100
EU081318,HCV,3b,100
JX961166,HCV,1b,100
EU081317,HCV,3b,100
EU081477,HCV,1b,100
EU081480,HCV,3b,100
EU081475,HCV,3a,100
EU081481,HCV,3b,100
EU081482,HCV,3b,100
EU081461,HCV,1b,100
EU081487,HCV,3a,100
EU081501,HCV,3a,100
EU081492,HCV,3a,100
EU081488,HCV,1b,100
EU081494,HCV,6n,100
EU081502,HCV,6xa,100
EU081504,HCV,3b,100
D38079,HCV,6f,100
D37860,HCV,6f,100
D37854,HCV,3b,100
AB057598,HCV,1b,100
AB057607,HCV,1b,100
AB057610,HCV,1b,100
AB057601,HCV,1b,100
AB057600,HCV,1b,100
AB057613,HCV,1b,100
AB057679,HCV,1b,100
AB057615,HCV,1b,100
AB057682,HCV,1b,100
AB057693,HCV,1b,100
AB057694,HCV,1b,100
AB057609,HCV,1b,100
AB057684,HCV,1b,100
AB057695,HCV,1b,100
D37863,HCV,6i,100
AB057688,HCV,1b,100
AB057696,HCV,1b,100
AB057697,HCV,1b,100
AB057699,HCV,1b,100
AB057698,HCV,1b,100
AB057700,HCV,1b,100
AB057702,HCV,1b,100
AB057703,HCV,1b,100
AB057685,HCV,1b,100
AB057712,HCV,1b,100
AB057717,HCV,1b,100
AB057718,HCV,1b,100
AB057719,HCV,1b,100
AB057721,HCV,1b,100
AB057616,HCV,1b,100
EU710098,HCV,1a,100
EU710096,HCV,1a,100
EU710099,HCV,1a,100
EU710106,HCV,1a,100
EU710141,HCV,1a,100
EU710139,HCV,1a,100
EU710143,HCV,1a,100
EU710146,HCV,1a,100
EU710133,HCV,1a,100
EU710171,HCV,1a,100
EU710175,HCV,1a,100
EU710160,HCV,1a,100
EU710177,HCV,1a,100
EU710164,HCV,1a,100
EU710193,HCV,1a,100
EU710180,HCV,1a,100
EU710189,HCV,1a,100
EU710181,HCV,1a,100
EU710194,HCV,1a,100
KY608649,HCV,3i,100
KY608651,HCV,4c,100
KY608646,HCV,3i,100
KY608664,HCV,4n,100
KY608644,HCV,3i,100
KY608676,HCV,4o,100
KY608652,HCV,4c,100
KY608677,HCV,4o,99
KY608661,HCV,4n,100
KY608662,HCV,4n,100
KY608686,HCV,6e,100
KY608701,HCV,6h,100
KY608687,HCV,6e,100
KY608682,HCV,4r,100
KY608689,HCV,6e,100
KY608703,HCV,6l,100
KY608717,HCV,6q,100
KY608707,HCV,6m,100
KY608704,HCV,6l,100
EU081456,HCV,3b,100
EU081472,HCV,3a,100
EU081473,HCV,6a,100
EU081476,HCV,1b,100
EU081491,HCV,1b,100
EU081493,HCV,6n,100
EU081483,HCV,3a,100
AB057602,HCV,1b,100
AB057680,HCV,1b,100
AB057681,HCV,1b,100
AB057614,HCV,1b,100
AB057689,HCV,1b,100
AB057690,HCV,1b,100
AB057692,HCV,1b,100
AB057704,HCV,1b,100
AB057705,HCV,1b,100
AB057707,HCV,1b,100
AB057683,HCV,1b,100
AB057686,HCV,1b,100
AB057706,HCV,1b,100
AB057708,HCV,1b,100
AB057709,HCV,1b,100
AB057710,HCV,1b,100
AB057711,HCV,1b,100
AB057713,HCV,1b,100
AB057714,HCV,1b,100
EU710090,HCV,1a,100
EU710084,HCV,1a,100
AB057716,HCV,1b,100
AB057720,HCV,1b,100
EU710094,HCV,1a,100
EU710095,HCV,1a,100
EU710103,HCV,1a,100
EU710100,HCV,1a,100
EU710120,HCV,1a,100
EU710101,HCV,1a,100
EU710112,HCV,1a,100
EU710118,HCV,1a,100
EU710116,HCV,1a,100
EU710124,HCV,1a,100
EU710123,HCV,1a,100
EU710129,HCV,1a,100
EU710109,HCV,1a,100
EU710121,HCV,1a,100
EU710132,HCV,1a,100
EU710135,HCV,1a,100
EU710127,HCV,1a,100
EU710134,HCV,1a,100
EU710130,HCV,1a,100
EU710114,HCV,1a,100
EU710122,HCV,1a,100
EU710136,HCV,1a,100
EU710149,HCV,1a,100
EU710145,HCV,1a,100
EU710153,HCV,1a,100
EU710137,HCV,1a,100
EU710150,HCV,1a,100
EU710156,HCV,1a,100
EU710144,HCV,1a,100
EU710159,HCV,1a,100
EU710148,HCV,1a,100
EU710154,HCV,1a,100
EU710163,HCV,1a,100
EU710165,HCV,1a,100
EU710169,HCV,1a,100
EU710167,HCV,1a,100
EU710162,HCV,1a,100
EU710168,HCV,1a,100
EU710172,HCV,1a,100
EU710173,HCV,1a,100
EU710151,HCV,1a,100
EU710170,HCV,1a,100
EU710176,HCV,1a,100
EU710155,HCV,1a,100
EU710178,HCV,1a,100
EU710179,HCV,1a,100
EU710183,HCV,1a,100
EU710184,HCV,1a,100
EU710157,HCV,1a,100
EU710174,HCV,1a,100
EU710185,HCV,1a,100
EU710186,HCV,1a,100
EU710187,HCV,1a,100
EU710192,HCV,1a,100
EU710140,HCV,1a,100
EU710190,HCV,1a,100
EU710191,HCV,1a,100
EU710188,HCV,1a,100
KY608645,HCV,3i,100
KY608683,HCV,4r,100
KY608650,HCV,4a,72
KY608685,HCV,4t,98
KY608663,HCV,4n,100
KY608684,HCV,4r,100
KY608696,HCV,6e,100
KY608699,HCV,6f,100
KY608688,HCV,6e,100
KY608705,HCV,6l,100
KY608706,HCV,6l,100
KY608712,HCV,6n,100
KY608675,HCV,4o,100
KY608713,HCV,6p,100
EU710091,HCV,1a,100
KY608636,HCV,3g,100
KY608642,HCV,3i,100
KY608648,HCV,3i,100
KY608665,HCV,4n,100
KY608659,HCV,4n,100
KY608660,HCV,4n,100
KY608709,HCV,6n,100
KT735681,HCV,6n,100
KT735666,HCV,3b,100
KT735682,HCV,3a,100
KT735683,HCV,3b,100
KT735684,HCV,3b,100
KT735685,HCV,3b,100
KT735793,HCV,3a,100
KT735794,HCV,1b,100
KT735797,HCV,3a,100
KT735796,HCV,3b,100
KT735799,HCV,3a,100
KT735800,HCV,1b,100
KT735773,HCV,1b,100
KT735801,HCV,3a,100
HQ318880,HCV,3a,100
HQ318910,HCV,1b,100
HQ318926,HCV,6e,100
KM284992,HCV,1b,100
KM284995,HCV,3a,100
KM284981,HCV,1a,100
KM284996,HCV,3a,100
KM284999,HCV,3a,100
KM285000,HCV,3a,100
KM284986,HCV,1a,100
KM284993,HCV,1b,100
KM284994,HCV,3a,100
KM285116,HCV,6xa,100
KM285117,HCV,6xa,100
KM285105,HCV,6xa,100
KM285118,HCV,6xa,100
KM285095,HCV,6n,100
KM285108,HCV,6xa,100
KM285119,HCV,6n,100
KM285098,HCV,6n,100
KM285107,HCV,6xa,100
KM285121,HCV,6n,100
KM285112,HCV,6xa,100
KM285123,HCV,6n,100
JX960980,HCV,6a,100
JX960979,HCV,6a,100
JX960981,HCV,6e,100
KM285120,HCV,6n,100
KM285111,HCV,6xa,100
JX960984,HCV,6a,100
KM285089,HCV,6n,100
JX960985,HCV,6e,100
KM285124,HCV,6xa,100
JX960986,HCV,1b,100
KM285122,HCV,6n,100
JX960988,HCV,3b,100
JX961033,HCV,6a,100
JX961099,HCV,2a,100
JX961098,HCV,1b,100
JX961086,HCV,2a,100
JX961106,HCV,2a,100
JX961105,HCV,1b,100
JX961091,HCV,2a,100
JX961096,HCV,2a,100
JX961104,HCV,2a,100
EU081449,HCV,1b,100
EU081453,HCV,6a,100
EU081450,HCV,1b,100
EU081454,HCV,3b,100
EU081451,HCV,3b,100
EU081462,HCV,3a,100
EU081466,HCV,6n,100
EU081470,HCV,3a,100
EU081495,HCV,6n,100
EU081497,HCV,3b,100
EU081498,HCV,6xa,100
EU081489,HCV,6a,100
EU081500,HCV,6xa,100
D37859,HCV,6f,100
D37862,HCV,6j,100
D37864,HCV,6i,100
AB057599,HCV,1b,100
AB057687,HCV,1b,100
EU710087,HCV,1a,100
EU710086,HCV,1a,100
EU710083,HCV,1a,100
AB057691,HCV,1b,100
AB057701,HCV,1b,100
AB057715,HCV,1b,100
EU710088,HCV,1a,100
EU710110,HCV,1a,100
EU710107,HCV,1a,100
EU710113,HCV,1a,100
EU710108,HCV,1a,100
EU710115,HCV,1a,100
EU710104,HCV,1a,100
EU710119,HCV,1a,100
EU710111,HCV,1a,100
EU710126,HCV,1a,100
EU710125,HCV,1a,100
EU710138,HCV,1a,100
EU710142,HCV,1a,100
EU710131,HCV,1a,100
EU710147,HCV,1a,100
EU710158,HCV,1a,100
EU710152,HCV,1a,100
EU710161,HCV,1a,100
KY608698,HCV,6e,100
KY608697,HCV,6e,100
KY608700,HCV,6h,100
KY608718,HCV,6q,100
KY608714,HCV,6q,100
KY608715,HCV,6q,100
KY608710,HCV,6n,100
KY608711,HCV,6n,100
KY608716,HCV,6q,100
KY608692,HCV,6e,100
EU710268,HCV,1a,100
EU710272,HCV,1a,100
EU710271,HCV,1a,100
EU710275,HCV,1a,100
EU710274,HCV,1a,100
EU710292,HCV,1b,100
EU710284,HCV,1b,100
EU710288,HCV,1b,100
EU710289,HCV,1b,100
EU710265,HCV,1a,100
EU710266,HCV,1a,100
EU710294,HCV,1b,100
EU710293,HCV,1b,100
EU710298,HCV,1b,100
EU710299,HCV,1b,100
EU710295,HCV,1b,100
EU710303,HCV,1b,100
EU710304,HCV,1b,100
EU710311,HCV,1b,100
EU710307,HCV,1b,100
EU710308,HCV,1b,100
EU710310,HCV,1b,100
EU710326,HCV,1b,100
EU710319,HCV,1b,100
EU710345,HCV,3a,100
EU710333,HCV,3a,100
EU710340,HCV,3a,100
EU710342,HCV,3a,100
EU710330,HCV,1b,100
EU710332,HCV,3a,100
EU710338,HCV,3a,100
EU710339,HCV,3a,100
EU710343,HCV,3a,100
EU710344,HCV,3a,100
EU710352,HCV,3a,100
EU710358,HCV,3a,100
EU710348,HCV,3a,100
EU710355,HCV,3a,100
EU710365,HCV,3a,100
EU710378,HCV,3a,100
EU710362,HCV,3a,100
EU710361,HCV,3a,100
EU710360,HCV,3a,100
EU710369,HCV,3a,100
EU710367,HCV,3a,100
EU710368,HCV,3a,100
EU710371,HCV,3a,100
EU710373,HCV,3a,100
EU710382,HCV,3a,100
EU710394,HCV,3a,100
EU710381,HCV,3a,100
EU710386,HCV,3a,100
EU710383,HCV,3a,100
EU710384,HCV,3a,100
EU710397,HCV,3a,100
EU710409,HCV,3a,100
EU710407,HCV,3a,100
EU710400,HCV,3a,100
EU710399,HCV,3a,100
EU710430,HCV,3a,100
EU710415,HCV,3a,100
EU710422,HCV,3a,100
EU710426,HCV,3a,100
EU710437,HCV,3a,100
EU710432,HCV,3a,100
EU710433,HCV,3a,100
EU710449,HCV,3a,100
EU710447,HCV,3a,100
EU710446,HCV,3a,100
EU710445,HCV,3a,100
EU710444,HCV,3a,100
EU710452,HCV,3a,100
EU710440,HCV,3a,100
EU710442,HCV,3a,100
EU710451,HCV,3a,100
EU710456,HCV,3a,100
EU710453,HCV,3a,100
EU710455,HCV,3a,100
EU710463,HCV,3a,100
EU710460,HCV,3a,100
EU710462,HCV,3a,100
AB189109,HCV,1b,100
AB189084,HCV,1b,100
AB189094,HCV,1b,100
AB189104,HCV,1b,100
AB189112,HCV,1b,100
AB189115,HCV,1b,100
AB189117,HCV,1b,100
AB189113,HCV,1b,100
AB189116,HCV,1b,100
AB189114,HCV,1b,100
EU710464,HCV,3a,100
AB189089,HCV,1b,100
AB189098,HCV,1b,100
AB189097,HCV,1b,100
AB189118,HCV,1b,100
AB189119,HCV,1b,100
MG602799,HCV,4a,100
AB189111,HCV,1b,100
AB189110,HCV,1b,100
MK903096,HCV,1a,100
MG602804,HCV,4a,100
MG602806,HCV,4a,100
FJ859264,HCV,6f,100
FJ859266,HCV,6f,100
FJ859267,HCV,6f,100
FJ859265,HCV,6f,100
FJ859283,HCV,6f,100
FJ859278,HCV,6f,100
FJ859285,HCV,6f,100
FJ859284,HCV,6n,100
MK903086,HCV,1a,100
FJ859275,HCV,6f,100
FJ859288,HCV,6f,100
FJ859290,HCV,6n,100
FJ859291,HCV,6f,100
FJ859298,HCV,6f,100
FJ859299,HCV,6f,100
FJ859300,HCV,6n,100
FJ859297,HCV,6j,100
MK903095,HCV,1a,100
MK903097,HCV,1a,100
MK903126,HCV,1a,100
MK903111,HCV,1a,100
EU710267,HCV,1a,100
MK903119,HCV,1a,100
MK903137,HCV,1a,100
MK903133,HCV,1a,100
MK903130,HCV,1a,100
MK903129,HCV,1a,100
MK903131,HCV,1a,100
MK903165,HCV,1a,100
MK903143,HCV,1a,100
MK903148,HCV,1a,100
MK903139,HCV,1a,100
MK903141,HCV,1a,100
MK903145,HCV,1a,100
MK903153,HCV,1a,100
MK903158,HCV,1a,100
MK903163,HCV,1a,100
D31997,HCV,2c,100
MK903167,HCV,1a,100
D31975,HCV,2c,100
D31977,HCV,2c,100
D31979,HCV,2c,100
D31981,HCV,2c,100
D31973,HCV,2c,100
D31989,HCV,2c,100
FJ515016,HCV,6a,100
D31999,HCV,2c,100
FJ515038,HCV,1b,100
KT871590,HCV,1b,100
FJ515092,HCV,"unassigned_1, 6a-1b",NA
FJ515062,HCV,"unassigned_1, 1b-1a",NA
KT871588,HCV,1a,100
KT871614,HCV,1b,100
KT871594,HCV,1b,100
KT871617,HCV,1b,100
KT871615,HCV,1b,100
KT871620,HCV,1a,100
KT871624,HCV,1b,100
KT871622,HCV,1b,100
KT871630,HCV,1b,100
KT871626,HCV,1a,100
KT871628,HCV,1b,100
KT871639,HCV,1b,100
EU710287,HCV,1b,100
EU710264,HCV,1a,100
EU710273,HCV,1a,100
EU710278,HCV,1a,100
EU710279,HCV,1b,100
KT871644,HCV,1a,100
EU710282,HCV,1b,100
EU710277,HCV,1a,100
EU710269,HCV,1a,100
KT871646,HCV,1b,100
KT871647,HCV,1b,100
KT871655,HCV,1b,100
KT871649,HCV,1b,100
KT871650,HCV,1b,100
KT871661,HCV,1b,100
KT871656,HCV,1b,100
KT871664,HCV,1b,100
KT871669,HCV,1b,100
KT871663,HCV,1b,100
KT871665,HCV,1b,100
KT871672,HCV,1b,100
KT871670,HCV,1a,100
KT871678,HCV,1b,100
KT871679,HCV,1b,100
KT871681,HCV,1a,100
KT871680,HCV,1b,100
KT871686,HCV,1b,100
KT871688,HCV,1b,100
KT871693,HCV,1a,100
KT871689,HCV,1b,100
KT871690,HCV,1b,100
KT871697,HCV,1b,100
KT871696,HCV,1b,100
KT871700,HCV,1b,100
EU710202,HCV,1a,100
EU710237,HCV,1a,100
KT871695,HCV,1b,100
KT871698,HCV,1b,100
EU710214,HCV,1a,100
EU710222,HCV,1a,100
EU710232,HCV,1a,100
EU710247,HCV,1a,100
KT871694,HCV,1b,100
EU710296,HCV,1a,100
EU710257,HCV,1a,100
EU710250,HCV,1a,100
EU710251,HCV,1a,100
EU710249,HCV,1a,100
KT872058,HCV,1b,100
EU710285,HCV,1b,100
EU710276,HCV,1a,100
EU710280,HCV,1b,100
EU710283,HCV,1b,100
EU710281,HCV,1b,100
EU710286,HCV,1b,100
EU710302,HCV,1b,100
EU710290,HCV,1b,100
EU710315,HCV,1b,100
EU710322,HCV,1b,100
EU710323,HCV,1b,100
EU710297,HCV,1b,100
EU710324,HCV,1b,100
EU710305,HCV,1b,100
EU710327,HCV,1b,100
EU710317,HCV,1b,100
EU710300,HCV,1b,100
EU710301,HCV,1b,100
EU710357,HCV,3a,100
EU710329,HCV,1b,100
EU710320,HCV,1b,100
EU710334,HCV,3a,100
EU710356,HCV,3a,100
EU710364,HCV,3a,100
EU710363,HCV,3a,100
EU710372,HCV,3a,100
EU710379,HCV,3a,100
EU710385,HCV,3a,100
EU710318,HCV,1b,100
EU710309,HCV,1b,100
EU710314,HCV,1b,100
EU710366,HCV,3a,100
EU710347,HCV,3a,100
EU710341,HCV,3a,100
EU710313,HCV,1b,100
EU710354,HCV,3a,100
EU710359,HCV,3a,100
EU710419,HCV,3a,100
EU710401,HCV,3a,100
EU710395,HCV,3a,100
EU710393,HCV,3a,100
EU710396,HCV,3a,100
EU710375,HCV,3a,100
EU710402,HCV,3a,100
EU710404,HCV,3a,100
EU710403,HCV,3a,100
EU710353,HCV,3a,100
EU710418,HCV,3a,100
EU710414,HCV,3a,100
EU710413,HCV,3a,100
EU710408,HCV,3a,100
EU710416,HCV,3a,100
EU710421,HCV,3a,100
EU710410,HCV,3a,100
EU710406,HCV,3a,100
EU710424,HCV,3a,100
EU710412,HCV,3a,100
EU710411,HCV,3a,100
EU710435,HCV,3a,100
EU710417,HCV,3a,100
EU710423,HCV,3a,100
EU710391,HCV,3a,100
EU710429,HCV,3a,100
EU710428,HCV,3a,100
EU710434,HCV,3a,100
EU710405,HCV,3a,100
EU710420,HCV,3a,100
EU710439,HCV,3a,100
EU710448,HCV,3a,100
EU710450,HCV,3a,100
EU710441,HCV,3a,100
EU710459,HCV,3a,100
EU710427,HCV,3a,100
EU710436,HCV,3a,100
EU710454,HCV,3a,100
AB189085,HCV,1b,100
AB189086,HCV,1b,100
EU710457,HCV,3a,100
EU710431,HCV,3a,100
EU710443,HCV,3a,100
AB189082,HCV,1b,100
EU710458,HCV,3a,100
AB189090,HCV,1b,100
AB189081,HCV,1b,100
AB189087,HCV,1b,100
AB189096,HCV,1b,100
AB189079,HCV,1b,100
AB189078,HCV,1b,100
AB189083,HCV,1b,100
AB189093,HCV,1b,100
EU710461,HCV,3a,100
AB189091,HCV,1b,100
AB189101,HCV,1b,100
AB189088,HCV,1b,100
AB189105,HCV,1b,100
AB189080,HCV,1b,100
AB189103,HCV,1b,100
AB189106,HCV,1b,100
AB189102,HCV,1b,100
AB189092,HCV,1b,100
AB189100,HCV,1b,100
AB189099,HCV,1b,100
MG602798,HCV,4a,100
FJ859274,HCV,6f,100
FJ859273,HCV,6f,100
AB189108,HCV,1b,100
AB189107,HCV,1b,100
FJ859279,HCV,6f,100
FJ859280,HCV,6f,100
FJ859282,HCV,6f,100
MG602805,HCV,4a,100
MG602801,HCV,4a,100
MG602800,HCV,4a,100
MG602807,HCV,4a,100
FJ859318,HCV,6f,100
AB189095,HCV,1b,100
MG602808,HCV,4a,100
FJ859287,HCV,6f,100
FJ859329,HCV,6i,100
FJ859316,HCV,6j,100
FJ859319,HCV,6i,100
FJ859320,HCV,6f,100
FJ859327,HCV,6f,100
FJ859313,HCV,6n,100
FJ859312,HCV,6n,100
FJ859325,HCV,6i,100
FJ859305,HCV,6j,100
FJ859314,HCV,6n,100
FJ859323,HCV,6i,100
FJ859326,HCV,6f,100
FJ859317,HCV,6f,100
FJ859322,HCV,6f,100
FJ859286,HCV,6i,100
FJ859331,HCV,6j,100
FJ859321,HCV,6i,100
FJ859307,HCV,6f,100
FJ859315,HCV,6n,100
FJ859332,HCV,6n,100
FJ859304,HCV,6j,100
FJ859302,HCV,6f,100
FJ859301,HCV,6n,100
FJ859292,HCV,6f,100
FJ859293,HCV,6e,100
FJ859333,HCV,6j,100
FJ859295,HCV,6i,100
FJ859308,HCV,6f,100
FJ859328,HCV,6j,100
FJ859306,HCV,6n,100
FJ859296,HCV,6f,100
FJ859330,HCV,6n,100
FJ859311,HCV,6f,100
D16613,HCV,3a,100
MK903092,HCV,1a,100
FJ859289,HCV,6i,100
D16615,HCV,3g,83
MK903090,HCV,1a,100
MK903088,HCV,1a,100
MK903098,HCV,1a,100
MK903093,HCV,1a,100
MK903102,HCV,1a,100
MK903106,HCV,1a,100
MK903109,HCV,1a,100
MK903087,HCV,1a,100
D16621,HCV,3a,100
MK903108,HCV,1a,100
MK903113,HCV,1a,100
MK903114,HCV,1a,100
MK903110,HCV,1a,100
MK903104,HCV,1a,100
MK903118,HCV,1a,100
MK903094,HCV,1a,100
MK903116,HCV,1a,100
MK903154,HCV,1a,100
MK903135,HCV,1a,100
MK903099,HCV,1a,100
MK903112,HCV,1a,100
MK903127,HCV,1a,100
MK903168,HCV,1a,100
MK903101,HCV,1a,100
MK903140,HCV,1a,100
MK903149,HCV,1a,100
D31983,HCV,2c,100
MK903151,HCV,1a,100
D31993,HCV,2c,100
MK903138,HCV,1a,100
MK903159,HCV,1a,100
D31985,HCV,2c,100
MK903152,HCV,1a,100
D31991,HCV,2c,100
MK903162,HCV,1a,100
FJ515076,HCV,2a,100
MK903147,HCV,1a,100
MK903164,HCV,1a,100
D31995,HCV,2c,100
MK903166,HCV,1a,100
D31987,HCV,2c,100
MK903160,HCV,1a,100
FJ515073,HCV,1a,100
FJ515040,HCV,6a,100
FJ515096,HCV,1b,100
FJ515077,HCV,"unassigned_1, 1b-3a",NA
FJ515090,HCV,6a,100
KT735186,HCV,1a,100
KT871611,HCV,1b,100
KT871612,HCV,1b,100
KT871616,HCV,1b,100
KT871636,HCV,1b,100
KT871603,HCV,1a,100
KT871610,HCV,1b,100
KT871618,HCV,1b,100
KT871627,HCV,1a,100
KT871635,HCV,1b,100
KT735180,HCV,1b,100
KT871645,HCV,1b,100
KT871641,HCV,1b,100
KT735187,HCV,1a,100
KT735185,HCV,4a,100
KT735184,HCV,1b,100
KT871651,HCV,1b,100
KT871648,HCV,1b,100
KT735179,HCV,1a,100
KT735182,HCV,1b,100
FJ515117,HCV,1a,100
FJ515122,HCV,1b,100
KT871653,HCV,1a,100
FJ515139,HCV,6w,100
FJ515130,HCV,6a,100
KT735178,HCV,1a,100
KT871659,HCV,1b,100
KT871652,HCV,1b,100
FJ515140,HCV,1b,100
FJ515105,HCV,1b,100
FJ515146,HCV,6a,100
KT871593,HCV,1b,100
KT871658,HCV,1a,100
KT871654,HCV,1b,100
FJ515129,HCV,6a,100
KT871587,HCV,1b,100
KT871585,HCV,1b,100
KT871591,HCV,1b,100
FJ515145,HCV,1b,100
KT871608,HCV,1b,100
KT871599,HCV,1b,100
KT871598,HCV,1b,100
KT871601,HCV,1b,100
KT871607,HCV,1b,100
KT871597,HCV,1b,100
KT871668,HCV,1a,100
KT871602,HCV,1b,100
KT871629,HCV,1b,100
KT871676,HCV,1b,100
KT871687,HCV,1b,100
KT871674,HCV,1b,100
KT871684,HCV,1b,100
KT871691,HCV,1b,100
KT871699,HCV,1b,100
EU710198,HCV,1a,100
EU710199,HCV,1a,100
KT871667,HCV,1a,100
EU710196,HCV,1a,100
EU710217,HCV,1a,100
EU710197,HCV,1a,100
EU710211,HCV,1a,100
EU710200,HCV,1a,100
EU710207,HCV,1a,100
EU710195,HCV,1a,100
KT871692,HCV,1a,100
EU710215,HCV,1a,100
EU710208,HCV,1a,100
EU710210,HCV,1a,100
EU710212,HCV,1a,100
EU710201,HCV,1a,100
EU710219,HCV,1a,100
EU710228,HCV,1a,100
EU710216,HCV,1a,100
EU710213,HCV,1a,100
EU710243,HCV,1a,100
EU710206,HCV,1a,100
EU710209,HCV,1a,100
EU710240,HCV,1a,100
EU710227,HCV,1a,100
EU710218,HCV,1a,100
EU710239,HCV,1a,100
EU710246,HCV,1a,100
EU710238,HCV,1a,100
EU710241,HCV,1a,100
EU710230,HCV,1a,100
EU710236,HCV,1a,100
EU710224,HCV,1a,100
EU710223,HCV,1a,100
EU710233,HCV,1a,100
EU710203,HCV,1a,100
EU710244,HCV,1a,100
EU710252,HCV,1a,100
EU710231,HCV,1a,100
EU710234,HCV,1a,100
EU710221,HCV,1a,100
EU710235,HCV,1a,100
EU710229,HCV,1a,100
EU710248,HCV,1a,100
KT871831,HCV,1b,100
EU710204,HCV,1a,100
EU710205,HCV,1a,100
KT871832,HCV,1b,100
KT871851,HCV,1a,100
KT871845,HCV,1b,100
KT871846,HCV,1b,100
KT871830,HCV,1b,100
KT871878,HCV,1b,100
KT871843,HCV,1b,100
KT871842,HCV,1b,100
KT871852,HCV,1b,100
KT871870,HCV,1b,100
EU710256,HCV,1a,100
KT871871,HCV,1b,100
KT871864,HCV,1b,100
KT871844,HCV,1b,100
KT871894,HCV,1b,100
KT871890,HCV,1b,100
KT871859,HCV,1b,100
KT871893,HCV,1b,100
KT871913,HCV,1b,100
KT871909,HCV,1b,100
KT871895,HCV,1b,100
KT871896,HCV,1b,100
KT871888,HCV,1b,100
KT871908,HCV,1a,100
KT871903,HCV,1b,100
KT871897,HCV,1b,100
KT871883,HCV,1b,100
KT871921,HCV,1b,100
KT871923,HCV,1b,100
KT871902,HCV,1b,100
KT871925,HCV,1b,100
KT871901,HCV,1b,100
KT871938,HCV,1b,100
KT871933,HCV,1a,100
KT871928,HCV,1a,100
KT871930,HCV,1a,100
KT871940,HCV,1a,100
KT871948,HCV,1b,100
KT871952,HCV,1a,100
KT871942,HCV,1b,100
KT871945,HCV,1b,100
KT871936,HCV,1b,100
KT871931,HCV,1a,100
KT871954,HCV,1b,100
KT871956,HCV,1b,100
KT871953,HCV,1b,100
KT871955,HCV,1b,100
KT871957,HCV,1b,100
KT871947,HCV,1b,100
KT871941,HCV,1b,100
KT871943,HCV,1b,100
KT871949,HCV,1b,100
KT871963,HCV,1a,100
KT871961,HCV,1a,100
KT871960,HCV,1a,100
KT871935,HCV,1b,100
KT871946,HCV,1b,100
KT871968,HCV,1a,100
KT871959,HCV,1b,100
KT871958,HCV,1b,100
KT871944,HCV,1b,100
KT871964,HCV,1b,100
KT871965,HCV,1b,100
KT871951,HCV,1b,100
KT871970,HCV,1b,100
KT871967,HCV,1b,100
KT871950,HCV,1b,100
KT871975,HCV,1b,100
KT871978,HCV,1b,100
KT871987,HCV,1b,100
KT871988,HCV,1b,100
KT871984,HCV,1b,100
KT871993,HCV,1b,100
KT871972,HCV,1b,100
KT871971,HCV,1b,100
KT871966,HCV,1b,100
KT871973,HCV,1b,100
KT871974,HCV,1b,100
KT871981,HCV,1b,100
KT871979,HCV,1b,100
KT871991,HCV,1b,100
KT871986,HCV,1b,100
KT871980,HCV,1b,100
KT871996,HCV,1a,100
KT871989,HCV,1a,100
KT872001,HCV,1b,100
KT872003,HCV,1b,100
KT871995,HCV,1b,100
KT872021,HCV,1a,100
KT872017,HCV,1b,100
KT872012,HCV,1b,100
KT872022,HCV,1b,100
KT872027,HCV,1b,100
KT872036,HCV,1b,100
KT871982,HCV,1b,100
KT871994,HCV,1b,100
KT871992,HCV,1b,100
KT871997,HCV,1b,100
KT872010,HCV,1b,100
KT872004,HCV,1b,100
KT872016,HCV,1b,100
KT872014,HCV,1b,100
KT872002,HCV,1b,100
KT872008,HCV,1b,100
KT872011,HCV,1b,100
KT872024,HCV,1b,100
KT872028,HCV,1b,100
KT872018,HCV,1b,100
KT872039,HCV,1b,100
KT872038,HCV,1b,100
KT872035,HCV,1b,100
KT872042,HCV,1b,100
KT872041,HCV,1b,100
KT872020,HCV,1a,100
KT872032,HCV,1b,100
KT872051,HCV,1b,100
KT872048,HCV,1a,100
KT872045,HCV,1b,100
KT872056,HCV,1b,100
KT871839,HCV,1b,100
KT872049,HCV,1a,100
KT872047,HCV,1b,100
KT872046,HCV,1b,100
KT872054,HCV,1b,100
KT871848,HCV,1b,100
KT872057,HCV,1b,100
KT871850,HCV,1a,100
KT871836,HCV,1a,100
KT871840,HCV,1b,100
KT872053,HCV,1b,100
KT871857,HCV,1b,100
KT871855,HCV,1b,100
KT871847,HCV,1b,100
KT871837,HCV,1b,100
KT871854,HCV,1b,100
KT871853,HCV,1b,100
KT871881,HCV,1b,100
KT871874,HCV,1b,100
KT871867,HCV,1b,100
KT871885,HCV,1b,100
KT871875,HCV,1b,100
KT871873,HCV,1b,100
KT871900,HCV,1b,100
KT871898,HCV,1b,100
KT871838,HCV,1b,100
KT871863,HCV,1b,100
KT871906,HCV,1b,100
KT871880,HCV,1b,100
KT871899,HCV,1b,100
KT871916,HCV,1b,100
KT871917,HCV,1a,100
KT871915,HCV,1b,100
KT871887,HCV,1b,100
KT871703,HCV,1b,100
KT871904,HCV,1a,100
KT871834,HCV,1b,100
KT871835,HCV,1b,100
KT871714,HCV,1a,100
KT871706,HCV,1b,100
KT871705,HCV,1b,100
KT871715,HCV,1b,100
KT871728,HCV,1b,100
KT871716,HCV,1b,100
KT871905,HCV,1b,100
KT871722,HCV,1a,100
KT871724,HCV,1b,100
KT871743,HCV,1b,100
KT871723,HCV,1b,100
KT871734,HCV,1b,100
KT871713,HCV,1b,100
KT871721,HCV,1b,100
KT871741,HCV,1b,100
KT871735,HCV,1b,100
KT871730,HCV,1a,100
KT871751,HCV,1b,100
KT871702,HCV,1b,100
KT871755,HCV,1b,100
KT871765,HCV,1a,100
KT871749,HCV,1b,100
KT871754,HCV,1b,100
KT871772,HCV,1b,100
KT871742,HCV,1b,100
KT871752,HCV,1b,100
KT871750,HCV,1b,100
KT871766,HCV,1b,100
KT871764,HCV,1a,100
KT871744,HCV,1a,100
KT871774,HCV,1b,100
KT871767,HCV,1a,100
KT871785,HCV,1b,100
KT871783,HCV,1b,100
KT871753,HCV,1b,100
KT871775,HCV,1b,100
KT871782,HCV,1a,100
KT871781,HCV,1a,100
KT871788,HCV,1a,100
KT871797,HCV,1b,100
KT871791,HCV,1b,100
KT871793,HCV,1b,100
KT871789,HCV,1b,100
KT871784,HCV,1b,100
KT871792,HCV,1b,100
KT871807,HCV,1b,100
KT871801,HCV,1b,100
KT871802,HCV,1b,100
KT871804,HCV,1a,100
KT871808,HCV,1b,100
KT871810,HCV,1a,100
KT871811,HCV,1b,100
KT871787,HCV,1b,100
KT871818,HCV,1b,100
KT871806,HCV,1b,100
KT871821,HCV,1b,100
KT871826,HCV,1a,100
KT871773,HCV,1b,100
KT871814,HCV,1b,100
KT871809,HCV,1a,100
KT871813,HCV,1a,100
KT871816,HCV,1b,100
KT871820,HCV,1b,100
KT871827,HCV,1b,100
KT871824,HCV,1a,100
KT871720,HCV,1b,100
KT871825,HCV,1b,100
KT871828,HCV,1b,100
KT871717,HCV,1a,100
KT871823,HCV,1b,100
KT871727,HCV,1b,100
KT871711,HCV,1b,100
KT871732,HCV,1b,100
KT871731,HCV,1b,100
KT871738,HCV,1b,100
KT871746,HCV,1b,100
KT871719,HCV,1b,100
KT871726,HCV,1b,100
KT871725,HCV,1b,100
KT871712,HCV,1b,100
KT871737,HCV,1b,100
KT871748,HCV,1a,100
KT871758,HCV,1b,100
KT871747,HCV,1b,100
KT871777,HCV,1a,100
KT871739,HCV,1a,100
KT871710,HCV,1b,100
KT871771,HCV,1b,100
KT871779,HCV,1a,100
KT871761,HCV,1a,100
KT871756,HCV,1b,100
FJ515147,HCV,6a,100
KT871757,HCV,1b,100
KT871745,HCV,1b,100
KT871762,HCV,1b,100
KT871768,HCV,1b,100
EU710245,HCV,1a,100
EU710225,HCV,1a,100
KT871833,HCV,1b,100
KT871841,HCV,1b,100
KT871858,HCV,1b,100
KT871865,HCV,1b,100
KT871860,HCV,1b,100
KT871872,HCV,1b,100
KT871879,HCV,1b,100
KT871884,HCV,1b,100
KT871889,HCV,1a,100
KT871877,HCV,1b,100
KT871892,HCV,1b,100
KT871882,HCV,1b,100
KT871866,HCV,1b,100
KT871918,HCV,1a,100
KT871911,HCV,1a,100
KT871912,HCV,1b,100
KT871891,HCV,1b,100
KT871920,HCV,1b,100
KT871910,HCV,1b,100
KT871919,HCV,1b,100
KT871924,HCV,1b,100
KT871927,HCV,1b,100
KT871926,HCV,1b,100
KT871932,HCV,1a,100
KT871922,HCV,1b,100
KT871934,HCV,1b,100
KT871937,HCV,1b,100
KT871929,HCV,1b,100
KT871939,HCV,1b,100
KT871977,HCV,1b,100
KT871962,HCV,1b,100
KT871976,HCV,1b,100
KT871969,HCV,1a,100
KT871983,HCV,1b,100
KT871985,HCV,1b,100
KT871990,HCV,1b,100
KT872005,HCV,1b,100
KT871999,HCV,1b,100
KT872007,HCV,1b,100
KT872000,HCV,1b,100
KT872009,HCV,1b,100
KT872013,HCV,1b,100
KT872006,HCV,1b,100
KT871998,HCV,1b,100
KT872015,HCV,1b,100
KT872030,HCV,1b,100
KT872023,HCV,1b,100
KT872025,HCV,1b,100
KT872019,HCV,1b,100
KT872034,HCV,1b,100
KT872033,HCV,1b,100
KT872029,HCV,1b,100
KT872026,HCV,1b,100
KT872040,HCV,1b,100
KT872043,HCV,1b,100
KT872031,HCV,1b,100
KT872037,HCV,1a,100
KT872044,HCV,1a,100
KT872050,HCV,1b,100
KT872055,HCV,1b,100
KT871849,HCV,1a,100
KT871861,HCV,1b,100
KT871869,HCV,1a,100
KT872052,HCV,1b,100
KT871876,HCV,1a,100
KT871886,HCV,1b,100
KT871856,HCV,1b,100
KT871862,HCV,1a,100
KT871907,HCV,1b,100
KT871868,HCV,1b,100
KT871729,HCV,1b,100
KT871914,HCV,1a,100
KT871704,HCV,1b,100
KT871796,HCV,1b,100
KT871798,HCV,1b,100
KT871736,HCV,1b,100
KT871799,HCV,1b,100
KT871795,HCV,1a,100
KT871794,HCV,1b,100
KT871780,HCV,1b,100
KT871800,HCV,1b,100
KT871790,HCV,1b,100
KT871786,HCV,1a,100
KT871803,HCV,1b,100
KT871805,HCV,1b,100
KT871815,HCV,1b,100
KT871812,HCV,1a,100
KT871822,HCV,1b,100
KT871817,HCV,1b,100
KT871709,HCV,1a,100
KT871819,HCV,1b,100
KT871829,HCV,1a,100
KT871733,HCV,1b,100
KT871718,HCV,1b,100
KT871740,HCV,1b,100
KT871759,HCV,1a,100
KT871769,HCV,1b,100
KT871707,HCV,1b,100
KT871763,HCV,1a,100
KT871708,HCV,1b,100
KT871760,HCV,1b,100
KT871770,HCV,1b,100
KT871776,HCV,1b,100
KT871778,HCV,1a,100
FJ515149,HCV,6a,100
KT871584,HCV,1b,100
KT871589,HCV,1a,100
KT871633,HCV,1b,100
EU710270,HCV,1a,100
KT871660,HCV,1b,100
EU710253,HCV,1a,100
EU710255,HCV,1a,100
EU710254,HCV,1a,100
EU710258,HCV,1a,100
EU710259,HCV,1a,100
EU710261,HCV,1a,100
EU710263,HCV,1a,100
EU710262,HCV,1a,100
EU710260,HCV,1a,100
EU710312,HCV,1b,100
EU710321,HCV,1b,100
EU710306,HCV,1b,100
EU710331,HCV,3a,100
EU710316,HCV,1b,100
EU710346,HCV,3a,100
EU710349,HCV,"unassigned_1, 3a-6h",NA
EU710337,HCV,3a,100
EU710325,HCV,1b,100
EU710328,HCV,1b,100
EU710335,HCV,3a,100
EU710350,HCV,3a,100
EU710388,HCV,3a,100
EU710380,HCV,3a,100
EU710377,HCV,3a,100
EU710392,HCV,3a,100
EU710389,HCV,3a,100
EU710351,HCV,3a,100
EU710390,HCV,3a,100
EU710376,HCV,3a,100
EU710374,HCV,3a,100
EU710398,HCV,3a,100
EU710438,HCV,3a,100
EU710425,HCV,3a,100
FJ859268,HCV,6n,100
FJ859271,HCV,6f,100
FJ859272,HCV,6f,100
FJ859276,HCV,6f,100
MG602802,HCV,4a,100
FJ859269,HCV,6n,100
FJ859281,HCV,6f,100
FJ859270,HCV,6f,100
FJ859277,HCV,6f,100
MG602803,HCV,4a,100
MG602797,HCV,4a,100
FJ859309,HCV,6n,100
FJ859310,HCV,6f,100
FJ859334,HCV,6f,100
FJ859324,HCV,6n,100
FJ859303,HCV,6f,100
D16617,HCV,3b,100
MK903085,HCV,1a,100
FJ859294,HCV,6n,100
D16619,HCV,3a,100
MK903089,HCV,1a,100
MK903091,HCV,1a,100
MK903103,HCV,1a,100
MK903105,HCV,1a,100
MK903107,HCV,1a,100
MK903123,HCV,1a,100
MK903100,HCV,1a,100
MK903121,HCV,1a,100
MK903117,HCV,1a,100
MK903120,HCV,1a,100
MK903125,HCV,1a,100
MK903124,HCV,1a,100
MK903122,HCV,1a,100
MK903115,HCV,1a,100
MK903136,HCV,1a,100
MK903134,HCV,1a,100
MK903144,HCV,1a,100
MK903128,HCV,1a,100
MK903132,HCV,1a,100
MK903142,HCV,1a,100
MK903146,HCV,1a,100
MK903150,HCV,1a,100
MK903155,HCV,1a,100
MK903156,HCV,1a,100
MK903161,HCV,1a,100
MK903157,HCV,1a,100
KT871605,HCV,1b,100
KT871604,HCV,1a,100
KT871606,HCV,1b,100
KT871634,HCV,1a,100
KT871632,HCV,1b,100
KT871637,HCV,1b,100
KT871640,HCV,1a,100
KT871642,HCV,1b,100
KT735183,HCV,3a,100
KT871643,HCV,1a,100
KT871638,HCV,1b,100
KT871586,HCV,1b,100
KT871596,HCV,1a,100
KT871595,HCV,1b,100
KT735181,HCV,1a,100
KT871657,HCV,1b,100
KT871600,HCV,1b,100
KT871592,HCV,1b,100
KT871619,HCV,1b,100
KT871623,HCV,1a,100
KT871609,HCV,1a,100
KT871613,HCV,1b,100
KT871621,HCV,1b,100
KT871666,HCV,1b,100
KT871625,HCV,1b,100
KT871671,HCV,1b,100
KT871662,HCV,1a,100
KT871631,HCV,1b,100
KT871675,HCV,1b,100
KT871682,HCV,1b,100
KT871673,HCV,1b,100
KT871677,HCV,1a,100
KT871683,HCV,1b,100
KT871685,HCV,1b,100
EU710226,HCV,1a,100
EU710220,HCV,1a,100
KT871701,HCV,1b,100
EU710242,HCV,1a,100
KT872065,HCV,1b,100
KT872167,HCV,1b,100
KT872173,HCV,1b,100
KT872179,HCV,1b,100
KT872178,HCV,1b,100
KT872188,HCV,1a,100
KT872062,HCV,1b,100
KT872061,HCV,1b,100
KT872216,HCV,1b,100
KT872218,HCV,1b,100
KT872223,HCV,1b,100
KT872225,HCV,1b,100
KT872210,HCV,1b,100
KT872226,HCV,1b,100
KT872683,HCV,1b,100
KT872228,HCV,1a,100
KT872665,HCV,1a,100
KT872689,HCV,1a,100
KT872685,HCV,1b,100
KT873057,HCV,1b,100
KT873015,HCV,1b,100
KT873020,HCV,1b,100
KT872081,HCV,1b,100
KT872069,HCV,1a,100
KT872060,HCV,1b,100
KT872063,HCV,1b,100
KT872073,HCV,1b,100
KT872067,HCV,1b,100
KT872090,HCV,1b,100
KT872071,HCV,1b,100
KT872059,HCV,1b,100
KT872080,HCV,1b,100
KT872088,HCV,1b,100
KT872087,HCV,1b,100
KT872072,HCV,1b,100
KT872074,HCV,1b,100
KT872089,HCV,1b,100
KT872070,HCV,1a,100
KT872082,HCV,1b,100
KT872115,HCV,1b,100
KT872101,HCV,1b,100
KT872114,HCV,1b,100
KT872116,HCV,1b,100
KT872139,HCV,1b,100
KT872130,HCV,1b,100
KT872148,HCV,1b,100
KT872144,HCV,1b,100
KT872106,HCV,1b,100
KT872100,HCV,1b,100
KT872108,HCV,1a,100
KT872134,HCV,1b,100
KT872137,HCV,1b,100
KT872113,HCV,1b,100
KT872141,HCV,1b,100
KT872138,HCV,1b,100
KT872142,HCV,1b,100
KT872151,HCV,1b,100
KT872140,HCV,1b,100
KT872152,HCV,1a,100
KT872145,HCV,1b,100
KT872150,HCV,1b,100
KT872149,HCV,1b,100
KT872158,HCV,1b,100
KT872157,HCV,1b,100
KT872155,HCV,1b,100
KT872161,HCV,1b,100
KT872162,HCV,1b,100
KT872156,HCV,1b,100
KT872147,HCV,1a,100
KT872146,HCV,1b,100
KT872165,HCV,1a,100
KT872164,HCV,1b,100
KT872168,HCV,1b,100
KT872170,HCV,1b,100
KT872163,HCV,1b,100
KT872171,HCV,1b,100
KT872177,HCV,1b,100
KT872175,HCV,1b,100
KT872182,HCV,1a,100
KT872154,HCV,1b,100
KT872169,HCV,1b,100
KT872174,HCV,1b,100
KT872176,HCV,1b,100
KT872166,HCV,1b,100
KT872172,HCV,1b,100
KT872193,HCV,1b,100
KT872189,HCV,1b,100
KT872197,HCV,1b,100
KT872200,HCV,1a,100
KT872203,HCV,1b,100
KT872198,HCV,1b,100
KT872202,HCV,1b,100
KT872205,HCV,1b,100
KT872204,HCV,1b,100
KT872209,HCV,1b,100
KT872196,HCV,1b,100
KT872213,HCV,1b,100
KT872190,HCV,1b,100
KT872192,HCV,1b,100
KT872199,HCV,1b,100
KT872191,HCV,1a,100
KT872194,HCV,1b,100
KT872195,HCV,1b,100
KT872201,HCV,1b,100
KT872206,HCV,1b,100
KT872207,HCV,1a,100
KT872208,HCV,1b,100
KT872215,HCV,1a,100
KT872222,HCV,1a,100
KT872221,HCV,1b,100
KT872224,HCV,1b,100
KT872227,HCV,1a,100
KT872233,HCV,1b,100
KT872235,HCV,1a,100
KT872234,HCV,1a,100
KT872243,HCV,1b,100
KT872229,HCV,1b,100
KT872236,HCV,1b,100
KT872245,HCV,1b,100
KT872248,HCV,1b,100
KT872250,HCV,1b,100
KT872254,HCV,1b,100
KT872253,HCV,1a,100
KT872249,HCV,1b,100
KT872256,HCV,1a,100
KT872252,HCV,1a,100
KT872255,HCV,1b,100
KT872257,HCV,1a,100
KT872246,HCV,1b,100
KT872258,HCV,1a,100
KT872259,HCV,1b,100
KT872276,HCV,1a,100
KT872244,HCV,1b,100
KT872263,HCV,1b,100
KT872269,HCV,1b,100
KT872270,HCV,1b,100
KT872268,HCV,1b,100
KT872251,HCV,1b,100
KT872265,HCV,1a,100
KT872260,HCV,1a,100
KT872262,HCV,1b,100
KT872264,HCV,1b,100
KT872274,HCV,1a,100
KT872275,HCV,1b,100
KT872277,HCV,1b,100
KT872281,HCV,1b,100
KT872283,HCV,1b,100
KT872282,HCV,1b,100
KT872284,HCV,1b,100
KT872285,HCV,1b,100
KT872287,HCV,1a,100
KT872292,HCV,1b,100
KT872293,HCV,1a,100
KT872294,HCV,1a,100
KT872290,HCV,1b,100
KT872266,HCV,1a,100
KT872247,HCV,1b,100
KT872261,HCV,1b,100
KT872296,HCV,1b,100
KT872280,HCV,1b,100
KT872295,HCV,1a,100
KT872305,HCV,1b,100
KT872267,HCV,1b,100
KT872279,HCV,1b,100
KT872278,HCV,1b,100
KT872297,HCV,1b,100
KT872306,HCV,1b,100
KT872307,HCV,1b,100
KT872308,HCV,1b,100
KT872286,HCV,1b,100
KT872303,HCV,1a,100
KT872312,HCV,1b,100
KT872291,HCV,1b,100
KT872310,HCV,1a,100
KT872302,HCV,1b,100
KT872317,HCV,1b,100
KT872319,HCV,1b,100
KT872320,HCV,1b,100
KT872326,HCV,1b,100
KT872325,HCV,1b,100
KT872311,HCV,1b,100
KT872309,HCV,1b,100
KT872315,HCV,1b,100
KT872316,HCV,1b,100
KT872318,HCV,1b,100
KT872314,HCV,1b,100
KT872313,HCV,1b,100
KT872304,HCV,1b,100
KT872321,HCV,1b,100
KT872332,HCV,1a,100
KT872333,HCV,1b,100
KT872322,HCV,1b,100
KT872323,HCV,1b,100
KT872330,HCV,1b,100
KT872288,HCV,1b,100
KT872289,HCV,1a,100
KT872341,HCV,1b,100
KT872344,HCV,1a,100
KT872345,HCV,1a,100
KT872301,HCV,1b,100
KT872334,HCV,1b,100
KT872355,HCV,1b,100
KT872352,HCV,1b,100
KT872356,HCV,1a,100
KT872357,HCV,1b,100
KT872350,HCV,1b,100
KT872362,HCV,1b,100
KT872366,HCV,1b,100
KT872363,HCV,1b,100
KT872379,HCV,1b,100
KT872343,HCV,1b,100
KT872382,HCV,1a,100
KT872385,HCV,1a,100
KT872387,HCV,1b,100
KT872389,HCV,1a,100
KT872392,HCV,1b,100
KT872398,HCV,1b,100
KT872396,HCV,1a,100
KT872395,HCV,1b,100
KT872397,HCV,1b,100
KT872405,HCV,1b,100
KT872409,HCV,1b,100
KT872402,HCV,1b,100
KT872381,HCV,1b,100
KT872416,HCV,1b,100
KT872406,HCV,1a,100
KT872411,HCV,1b,100
KT872425,HCV,1b,100
KT872431,HCV,1a,100
KT872437,HCV,1b,100
KT872435,HCV,1b,100
KT872436,HCV,1b,100
KT872433,HCV,1a,100
KT872442,HCV,1b,100
KT872443,HCV,1b,100
KT872438,HCV,1b,100
KT872445,HCV,1b,100
KT872452,HCV,1b,100
KT872430,HCV,1b,100
KT872451,HCV,1b,100
KT872422,HCV,1b,100
KT872441,HCV,1b,100
KT872455,HCV,1b,100
KT872466,HCV,1b,100
KT872465,HCV,1a,100
KT872471,HCV,1b,100
KT872472,HCV,1b,100
KT872456,HCV,1a,100
KT872480,HCV,1a,100
KT872479,HCV,1b,100
KT872484,HCV,1b,100
KT872477,HCV,1b,100
KT872475,HCV,1a,100
KT872499,HCV,1b,100
KT872488,HCV,1b,100
KT872502,HCV,1b,100
KT872505,HCV,1b,100
KT872509,HCV,1b,100
KT872510,HCV,1b,100
KT872516,HCV,1b,100
KT872527,HCV,1a,100
KT872526,HCV,1b,100
KT872529,HCV,1b,100
KT872530,HCV,1a,100
KT872540,HCV,1b,100
KT872539,HCV,1b,100
KT872534,HCV,1b,100
KT872541,HCV,1b,100
KT872538,HCV,1b,100
KT872553,HCV,1b,100
KT872543,HCV,1a,100
KT872544,HCV,1b,100
KT872559,HCV,1b,100
KT872546,HCV,1b,100
KT872557,HCV,1b,100
KT872554,HCV,1b,100
KT872552,HCV,1b,100
KT872561,HCV,1b,100
KT872573,HCV,1b,100
KT872576,HCV,1b,100
KT872555,HCV,1b,100
KT872596,HCV,1b,100
KT872595,HCV,1a,100
KT872583,HCV,1b,100
KT872571,HCV,1b,100
KT872598,HCV,1b,100
KT872588,HCV,1a,100
KT872592,HCV,1b,100
KT872603,HCV,1b,100
KT872594,HCV,1b,100
KT872599,HCV,1b,100
KT872607,HCV,1b,100
KT872609,HCV,1b,100
KT872610,HCV,1b,100
KT872612,HCV,1b,100
KT872613,HCV,1b,100
KT872608,HCV,1b,100
KT872605,HCV,1b,100
KT872618,HCV,1a,100
KT872622,HCV,1a,100
KT872617,HCV,1b,100
KT872621,HCV,1a,100
KT872624,HCV,1b,100
KT872625,HCV,1b,100
KT872626,HCV,1b,100
KT872633,HCV,1a,100
KT872636,HCV,1b,100
KT872638,HCV,1b,100
KT872632,HCV,1a,100
KT872644,HCV,1a,100
KT872647,HCV,1b,100
KT872646,HCV,1b,100
KT872649,HCV,1b,100
KT872653,HCV,1a,100
KT872656,HCV,1a,100
KT872648,HCV,1b,100
KT872658,HCV,1b,100
KT872642,HCV,1a,100
KT872667,HCV,1a,100
KT872666,HCV,1b,100
KT872668,HCV,1b,100
KT872686,HCV,1a,100
KT872678,HCV,1b,100
KT872687,HCV,1b,100
KT872675,HCV,1b,100
KT872703,HCV,1b,100
KT872704,HCV,1a,100
KT872702,HCV,1b,100
KT872705,HCV,1a,100
KT872714,HCV,1b,100
KT872716,HCV,1b,100
KT872698,HCV,1b,100
KT872718,HCV,1b,100
KT872723,HCV,1b,100
KT872721,HCV,1a,100
KT872725,HCV,1a,100
KT872728,HCV,1b,100
KT872732,HCV,1b,100
KT872328,HCV,1b,100
KT872339,HCV,1b,100
KT872336,HCV,1b,100
KT872342,HCV,1a,100
KT872346,HCV,1b,100
KT872347,HCV,1b,100
KT872349,HCV,1b,100
KT872338,HCV,1b,100
KT872351,HCV,1b,100
KT872358,HCV,1b,100
KT872360,HCV,1b,100
KT872365,HCV,1b,100
KT872370,HCV,1b,100
KT872372,HCV,1b,100
KT872378,HCV,1a,100
KT872376,HCV,1b,100
KT872375,HCV,1a,100
KT872377,HCV,1b,100
KT872384,HCV,1a,100
KT872373,HCV,1a,100
KT872380,HCV,1b,100
KT872391,HCV,1a,100
KT872390,HCV,1b,100
KT872393,HCV,1b,100
KT872394,HCV,1b,100
KT872401,HCV,1b,100
KT872403,HCV,1a,100
KT872404,HCV,1b,100
KT872388,HCV,1a,100
KT872408,HCV,1b,100
KT872414,HCV,1b,100
KT872415,HCV,1b,100
KT872420,HCV,1b,100
KT872418,HCV,1b,100
KT872421,HCV,1b,100
KT872417,HCV,1b,100
KT872428,HCV,1b,100
KT872419,HCV,1b,100
KT872424,HCV,1b,100
KT872383,HCV,1b,100
KT872440,HCV,1a,100
KT872439,HCV,1b,100
KT872447,HCV,1b,100
KT872446,HCV,1b,100
KT872448,HCV,1a,100
KT872450,HCV,1b,100
KT872432,HCV,1a,100
KT872453,HCV,1b,100
KT872454,HCV,1b,100
KT872458,HCV,1a,100
KT872460,HCV,1b,100
KT872459,HCV,1b,100
KT872462,HCV,1b,100
KT872461,HCV,1b,100
KT872457,HCV,1b,100
KT872464,HCV,1b,100
KT872470,HCV,1b,100
KT872476,HCV,1b,100
KT872485,HCV,1b,100
KT872467,HCV,1b,100
KT872487,HCV,1b,100
KT872483,HCV,1b,100
KT872489,HCV,1a,100
KT872492,HCV,1b,100
KT872491,HCV,1b,100
KT872496,HCV,1b,100
KT872497,HCV,1b,100
KT872486,HCV,1b,100
KT872498,HCV,1b,100
KT872500,HCV,1b,100
KT872503,HCV,1a,100
KT872501,HCV,1b,100
KT872494,HCV,1b,100
KT872508,HCV,1b,100
KT872511,HCV,1a,100
KT872514,HCV,1b,100
KT872507,HCV,1b,100
KT872495,HCV,1b,100
KT872504,HCV,1b,100
KT872515,HCV,1b,100
KT872520,HCV,1b,100
KT872521,HCV,1b,100
KT872522,HCV,1a,100
KT872524,HCV,1b,100
KT872531,HCV,1b,100
KT872532,HCV,1b,100
KT872506,HCV,1b,100
KT872517,HCV,1b,100
KT872513,HCV,1b,100
KT872535,HCV,1b,100
KT872533,HCV,1a,100
KT872528,HCV,1b,100
KT872518,HCV,1b,100
KT872542,HCV,1b,100
KT872536,HCV,1b,100
KT872525,HCV,1b,100
KT872545,HCV,1b,100
KT872548,HCV,1b,100
KT872550,HCV,1b,100
KT872551,HCV,1a,100
KT872547,HCV,1b,100
KT872556,HCV,1b,100
KT872549,HCV,1b,100
KT872558,HCV,1a,100
KT872562,HCV,1a,100
KT872537,HCV,1a,100
KT872560,HCV,1b,100
KT872565,HCV,1a,100
KT872570,HCV,1b,100
KT872564,HCV,1b,100
KT872567,HCV,1b,100
KT872566,HCV,1b,100
KT872580,HCV,1b,100
KT872579,HCV,1a,100
KT872577,HCV,1b,100
KT872572,HCV,1b,100
KT872575,HCV,1b,100
KT872578,HCV,1b,100
KT872584,HCV,1b,100
KT872574,HCV,1b,100
KT872587,HCV,1b,100
KT872581,HCV,1b,100
KT872582,HCV,1a,100
KT872589,HCV,1b,100
KT872591,HCV,1b,100
KT872586,HCV,1b,100
KT872593,HCV,1b,100
KT872585,HCV,1a,100
KT872601,HCV,1b,100
KT872597,HCV,1a,100
KT872590,HCV,1b,100
KT872602,HCV,1a,100
KT872604,HCV,1b,100
KT872611,HCV,1b,100
KT872606,HCV,1b,100
KT872619,HCV,1b,100
KT872616,HCV,1b,100
KT872600,HCV,1b,100
KT872623,HCV,1b,100
KT872620,HCV,1b,100
KT872628,HCV,1a,100
KT872627,HCV,1b,100
KT872630,HCV,1a,100
KT872634,HCV,1a,100
KT872637,HCV,1b,100
KT872614,HCV,1b,100
KT872629,HCV,1b,100
KT872641,HCV,1b,100
KT872635,HCV,1b,100
KT872643,HCV,1b,100
KT872631,HCV,1b,100
KT872645,HCV,1b,100
KT872640,HCV,1b,100
KT872650,HCV,1a,100
KT872651,HCV,1b,100
KT872652,HCV,1b,100
KT872660,HCV,1b,100
KT872661,HCV,1b,100
KT872654,HCV,1b,100
KT872659,HCV,1b,100
KT872662,HCV,1a,100
KT872663,HCV,1a,100
KT872615,HCV,1a,100
KT872664,HCV,1b,100
KT872669,HCV,1b,100
KT872639,HCV,1b,100
KT872657,HCV,1b,100
KT872670,HCV,1a,100
KT872677,HCV,1a,100
KT872676,HCV,1b,100
KT872672,HCV,1b,100
KT872673,HCV,1b,100
KT872679,HCV,1b,100
KT872680,HCV,1a,100
KT872671,HCV,1b,100
KT872681,HCV,1b,100
KT872674,HCV,1b,100
KT872655,HCV,1a,100
KT872682,HCV,1a,100
KT872684,HCV,1b,100
KT872692,HCV,1b,100
KT872693,HCV,1b,100
KT872694,HCV,1b,100
KT872695,HCV,1a,100
KT872688,HCV,1b,100
KT872697,HCV,1a,100
KT872699,HCV,1b,100
KT872696,HCV,1b,100
KT872700,HCV,1a,100
KT872690,HCV,1b,100
KT872708,HCV,1b,100
KT872710,HCV,1a,100
KT872691,HCV,1a,100
KT872706,HCV,1b,100
KT872707,HCV,1b,100
KT872712,HCV,1a,100
KT872713,HCV,1b,100
KT872701,HCV,1b,100
KT872719,HCV,1b,100
KT872717,HCV,1b,100
KT872711,HCV,1b,100
KT872724,HCV,1a,100
KT872729,HCV,1b,100
KT872726,HCV,1b,100
KT872731,HCV,1b,100
KT872737,HCV,1a,100
KT872739,HCV,1b,100
KT872738,HCV,1b,100
KT872727,HCV,1b,100
KT872744,HCV,1b,100
KT872746,HCV,1b,100
KT872751,HCV,1b,100
KT872749,HCV,1b,100
KT872743,HCV,1b,100
KT872720,HCV,1b,100
KT872745,HCV,1b,100
KT872747,HCV,1b,100
KT872767,HCV,1b,100
KT872765,HCV,1b,100
KT872768,HCV,1a,100
KT872761,HCV,1b,100
KT872763,HCV,1b,100
KT872770,HCV,1b,100
KT872779,HCV,1b,100
KT872777,HCV,1b,100
KT872784,HCV,1b,100
KT872787,HCV,1b,100
KT872783,HCV,1b,100
KT872780,HCV,1b,100
KT872788,HCV,1b,100
KT872786,HCV,1b,100
KT872781,HCV,1b,100
KT872795,HCV,1b,100
KT872796,HCV,1b,100
KT872790,HCV,1b,100
KT872797,HCV,1b,100
KT872789,HCV,1b,100
KT872804,HCV,1b,100
KT872807,HCV,1b,100
KT872809,HCV,1b,100
KT872808,HCV,1b,100
KT872810,HCV,1b,100
KT872813,HCV,1b,100
KT872818,HCV,1b,100
KT872832,HCV,1b,100
KT872829,HCV,1b,100
KT872835,HCV,1b,100
KT872834,HCV,1a,100
KT872838,HCV,1a,100
KT872839,HCV,1b,100
KT872819,HCV,1b,100
KT872841,HCV,1b,100
KT872849,HCV,1b,100
KT872851,HCV,1b,100
KT872853,HCV,1b,100
KT872812,HCV,1a,100
KT872852,HCV,1a,100
KT872861,HCV,1b,100
KT872864,HCV,1b,100
KT872862,HCV,1b,100
KT872867,HCV,1b,100
KT872865,HCV,1b,100
KT872874,HCV,1b,100
KT872872,HCV,1b,100
KT872875,HCV,1b,100
KT872882,HCV,1b,100
KT872885,HCV,1b,100
KT872884,HCV,1b,100
KT872878,HCV,1a,100
KT872890,HCV,1b,100
KT872880,HCV,1a,100
KT872892,HCV,1b,100
KT872870,HCV,1b,100
KT872730,HCV,1b,100
KT872740,HCV,1a,100
KT872742,HCV,1b,100
KT872741,HCV,1b,100
KT872748,HCV,1a,100
KT872752,HCV,1b,100
KT872735,HCV,1b,100
KT872754,HCV,1b,100
KT872753,HCV,1b,100
KT872750,HCV,1b,100
KT872756,HCV,1b,100
KT872755,HCV,1a,100
KT872757,HCV,1b,100
KT872760,HCV,1b,100
KT872758,HCV,1b,100
KT872762,HCV,1b,100
KT872766,HCV,1b,100
KT872772,HCV,1b,100
KT872769,HCV,1b,100
KT872774,HCV,1b,100
KT872773,HCV,1b,100
KT872764,HCV,1b,100
KT872775,HCV,1b,100
KT872776,HCV,1b,100
KT872778,HCV,1a,100
KT872759,HCV,1b,100
KT872771,HCV,1b,100
KT872782,HCV,1a,100
KT872793,HCV,1a,100
KT872791,HCV,1a,100
KT872792,HCV,1b,100
KT872794,HCV,1b,100
KT872798,HCV,1b,100
KT872801,HCV,1b,100
KT872800,HCV,1b,100
KT872785,HCV,1b,100
KT872802,HCV,1b,100
KT872806,HCV,1a,100
KT872811,HCV,1a,100
KT872814,HCV,1b,100
KT872815,HCV,1a,100
KT872817,HCV,1b,100
KT872816,HCV,1b,100
KT872821,HCV,1a,100
KT872822,HCV,1b,100
KT872828,HCV,1b,100
KT872826,HCV,1a,100
KT872830,HCV,1a,100
KT872831,HCV,1b,100
KT872825,HCV,1a,100
KT872836,HCV,1b,100
KT872833,HCV,1b,100
KT872837,HCV,1b,100
KT872840,HCV,1b,100
KT872842,HCV,1b,100
KT872843,HCV,1b,100
KT872844,HCV,1b,100
KT872845,HCV,1b,100
KT872848,HCV,1b,100
KT872846,HCV,1b,100
KT872850,HCV,1a,100
KT872855,HCV,1b,100
KT872857,HCV,1b,100
KT872858,HCV,1b,100
KT872863,HCV,1b,100
KT872859,HCV,1a,100
KT872820,HCV,1b,100
KT872860,HCV,1b,100
KT872854,HCV,1b,100
KT872866,HCV,1b,100
KT872847,HCV,1b,100
KT872879,HCV,1b,100
KT872877,HCV,1b,100
KT872881,HCV,1b,100
KT872876,HCV,1a,100
KT872873,HCV,1b,100
KT872871,HCV,1a,100
KT872883,HCV,1a,100
KT872886,HCV,1b,100
KT872887,HCV,1b,100
KT872888,HCV,1b,100
KT872889,HCV,1b,100
KT872898,HCV,1b,100
KT872891,HCV,1b,100
KT872900,HCV,1b,100
KT872903,HCV,1b,100
KT872895,HCV,1b,100
KT872899,HCV,1b,100
KT872902,HCV,1b,100
KT872894,HCV,1b,100
KT872921,HCV,1b,100
KT872912,HCV,1b,100
KT872915,HCV,1b,100
KT872923,HCV,1b,100
KT872922,HCV,1b,100
KT872928,HCV,1b,100
KT872936,HCV,1a,100
KT872933,HCV,1b,100
KT872943,HCV,1b,100
KT872945,HCV,1b,100
KT872950,HCV,1b,100
KT872942,HCV,1b,100
KT872941,HCV,1b,100
KT872948,HCV,1b,100
KT872953,HCV,1b,100
KT872944,HCV,1b,100
KT872961,HCV,1b,100
KT872957,HCV,1b,100
KT872897,HCV,1a,100
KT872907,HCV,1b,100
KT872914,HCV,1b,100
KT872920,HCV,1a,100
KT872913,HCV,1b,100
KT872910,HCV,1a,100
KT872925,HCV,1b,100
KT872924,HCV,1b,100
KT872917,HCV,1b,100
KT872929,HCV,1b,100
KT872932,HCV,1a,100
KT872934,HCV,1a,100
KT872927,HCV,1b,100
KT872930,HCV,1b,100
KT872926,HCV,1b,100
KT872935,HCV,1b,100
KT872949,HCV,1b,100
KT872951,HCV,1b,100
KT872952,HCV,1b,100
KT872955,HCV,1a,100
KT872947,HCV,1b,100
KT872964,HCV,1b,100
KT872954,HCV,1b,100
KT872959,HCV,1b,100
KT872958,HCV,1a,100
KT872968,HCV,1b,100
KT872966,HCV,1b,100
KT872969,HCV,1a,100
KT872965,HCV,1b,100
KT872971,HCV,1b,100
KT872973,HCV,1b,100
KT872963,HCV,1b,100
KT872975,HCV,1b,100
KT872976,HCV,1b,100
KT872977,HCV,1b,100
KT872974,HCV,1b,100
KT872972,HCV,1b,100
KT872962,HCV,1b,100
KT872978,HCV,1b,100
KT872970,HCV,1b,100
KT872992,HCV,1b,100
KT872979,HCV,1b,100
KT872983,HCV,1b,100
KT872985,HCV,1b,100
KT872984,HCV,1b,100
KT872986,HCV,1b,100
KT872988,HCV,1a,100
KT872980,HCV,1b,100
KT872989,HCV,1b,100
KT873006,HCV,1a,100
KT872999,HCV,1b,100
KT872993,HCV,1b,100
KT872990,HCV,1b,100
KT873000,HCV,1b,100
KT873002,HCV,1b,100
KT873003,HCV,1a,100
KT873009,HCV,1b,100
KT873001,HCV,1b,100
KT873010,HCV,1b,100
KT873011,HCV,1b,100
KT873005,HCV,1b,100
KT872997,HCV,1b,100
KT873004,HCV,1b,100
KT873007,HCV,1b,100
KT873012,HCV,1b,100
KT873008,HCV,1b,100
KT872995,HCV,1b,100
KT873013,HCV,1b,100
KT873017,HCV,1b,100
KT873023,HCV,1b,100
KT873024,HCV,1a,100
KT873025,HCV,1b,100
KT873016,HCV,1b,100
KT873029,HCV,1b,100
KT873021,HCV,1b,100
KT873026,HCV,1b,100
KT873022,HCV,1b,100
KT873018,HCV,1b,100
KT873027,HCV,1b,100
KT873028,HCV,1a,100
KT873032,HCV,1b,100
KT873044,HCV,1b,100
KT873039,HCV,1b,100
KT873045,HCV,1b,100
KT873053,HCV,1a,100
KT873050,HCV,1b,100
KT873049,HCV,1b,100
KT873058,HCV,1b,100
KT872066,HCV,1b,100
KT873056,HCV,1b,100
KT872093,HCV,1b,100
KT872075,HCV,1a,100
KT872091,HCV,1b,100
KT873046,HCV,1b,100
KT872110,HCV,1b,100
KT872102,HCV,1b,100
KT872105,HCV,1b,100
KT872111,HCV,1b,100
KT872103,HCV,1a,100
KT872068,HCV,1b,100
KT872079,HCV,1b,100
KT872099,HCV,1b,100
KT872107,HCV,1b,100
KT872122,HCV,1a,100
KT872121,HCV,1b,100
KT872129,HCV,1a,100
KT872123,HCV,1b,100
KT872128,HCV,1b,100
KT872135,HCV,1b,100
KT872136,HCV,1b,100
KT872143,HCV,1b,100
KT872153,HCV,1a,100
KT872159,HCV,1b,100
KT872160,HCV,1a,100
KT872181,HCV,1b,100
KT872184,HCV,1b,100
KT873037,HCV,1b,100
KT873040,HCV,1b,100
KT873034,HCV,1b,100
KT873042,HCV,1b,100
KT873052,HCV,1b,100
KT873041,HCV,1b,100
KT873055,HCV,1b,100
KT873051,HCV,1b,100
KT872084,HCV,1b,100
KT872076,HCV,1b,100
KT873054,HCV,1b,100
KT872097,HCV,1b,100
KT872096,HCV,1b,100
KT872109,HCV,1b,100
KT872077,HCV,1b,100
KT872095,HCV,1b,100
KT872117,HCV,1a,100
KT872098,HCV,1b,100
KT872127,HCV,1b,100
KT872133,HCV,1b,100
KT872126,HCV,1b,100
KT872104,HCV,1a,100
KT872412,HCV,1a,100
KT872407,HCV,1b,100
KT872423,HCV,1a,100
KT872426,HCV,1a,100
KT872429,HCV,1b,100
KT872427,HCV,1a,100
KT872413,HCV,1b,100
KT872434,HCV,1b,100
KT872469,HCV,1a,100
KT872444,HCV,1b,100
KT872463,HCV,1b,100
KT872473,HCV,1b,100
KT872449,HCV,1b,100
KT872468,HCV,1b,100
KT872481,HCV,1b,100
KT872482,HCV,1a,100
KT872474,HCV,1b,100
KT872490,HCV,1b,100
KT872478,HCV,1a,100
KT872493,HCV,1b,100
KT872512,HCV,1b,100
KT872519,HCV,1b,100
KT872523,HCV,1b,100
KT872563,HCV,1a,100
KT872568,HCV,1a,100
KT872569,HCV,1b,100
KT872709,HCV,1b,100
KT872722,HCV,1b,100
KT872715,HCV,1b,100
KT872734,HCV,1b,100
KT872733,HCV,1b,100
KT872736,HCV,1b,100
KT872803,HCV,1a,100
KT872805,HCV,1b,100
KT872799,HCV,1a,100
KT872823,HCV,1a,100
KT872824,HCV,1b,100
KT872827,HCV,1b,100
KT872856,HCV,1a,100
KT872869,HCV,1b,100
KT872868,HCV,1b,100
KT872904,HCV,1b,100
KT872893,HCV,1b,100
KT872896,HCV,1b,100
KT872901,HCV,1b,100
KT872905,HCV,1b,100
KT872909,HCV,1b,100
KT872916,HCV,1b,100
KT872919,HCV,1b,100
KT872906,HCV,1b,100
KT872908,HCV,1b,100
KT872911,HCV,1b,100
KT872918,HCV,1b,100
KT872937,HCV,1b,100
KT872940,HCV,1b,100
KT872938,HCV,1b,100
KT872939,HCV,1a,100
KT872946,HCV,1b,100
KT872931,HCV,1b,100
KT872956,HCV,1b,100
KT872960,HCV,1b,100
KT872967,HCV,1b,100
KT872982,HCV,1b,100
KT872987,HCV,1a,100
KT872981,HCV,1b,100
KT872994,HCV,1a,100
KT872996,HCV,1b,100
KT872998,HCV,1b,100
KT872991,HCV,1a,100
KT873031,HCV,1b,100
KT873033,HCV,1b,100
KT873036,HCV,1b,100
KT873030,HCV,1a,100
KT873035,HCV,1b,100
KT873038,HCV,1b,100
KT873047,HCV,1b,100
KT873043,HCV,1b,100
KT873048,HCV,1b,100
KT872078,HCV,1b,100
KT872083,HCV,1b,100
KT872064,HCV,1b,100
KT872085,HCV,1b,100
KT872086,HCV,1b,100
KT872092,HCV,1b,100
KT872094,HCV,1b,100
KT872119,HCV,1a,100
KT872120,HCV,1b,100
KT872124,HCV,1b,100
KT872112,HCV,1b,100
KT872131,HCV,1b,100
KT872125,HCV,1b,100
KT872132,HCV,1b,100
KT872118,HCV,1b,100
KT872186,HCV,1b,100
KT872183,HCV,1b,100
KT872180,HCV,1b,100
KT872185,HCV,1b,100
KT872187,HCV,1b,100
KT872212,HCV,1b,100
KT872211,HCV,1b,100
KT872214,HCV,1b,100
KT872220,HCV,1b,100
KT872217,HCV,1b,100
KT872219,HCV,1b,100
KT872231,HCV,1b,100
KT872230,HCV,1b,100
KT872232,HCV,1b,100
KT872238,HCV,1b,100
KT872237,HCV,1b,100
KT872239,HCV,1b,100
KT872242,HCV,1b,100
KT872240,HCV,1b,100
KT872241,HCV,1b,100
KT872271,HCV,1b,100
KT872273,HCV,1a,100
KT872272,HCV,1b,100
KT872298,HCV,1b,100
KT872300,HCV,1b,100
KT872299,HCV,1b,100
KT872327,HCV,1a,100
KT872331,HCV,1b,100
KT872329,HCV,1b,100
KT872324,HCV,1b,100
KT872337,HCV,1b,100
KT872335,HCV,1b,100
KT872340,HCV,1b,100
KT872353,HCV,1b,100
KT872354,HCV,1b,100
KT872361,HCV,1b,100
KT872369,HCV,1a,100
KT872367,HCV,1b,100
KT872368,HCV,1b,100
KT872364,HCV,1b,100
KT872371,HCV,1b,100
KT872374,HCV,1b,100
KT872359,HCV,1b,100
KT872348,HCV,1b,100
KT872399,HCV,1b,100
KT872386,HCV,1b,100
KT872400,HCV,1b,100
KT872410,HCV,1a,100
KT873014,HCV,1b,100
KT873019,HCV,1a,100
AY100034,HCV,3a,100
KT873061,HCV,1b,100
AY100107,HCV,3a,100
AY100126,HCV,1a,100
AY100127,HCV,1a,100
AY100125,HCV,1a,100
AY100128,HCV,1a,100
AY100131,HCV,1a,100
AY100115,HCV,1a,100
OR097039,HCV,1b,100
OR097043,HCV,1b,100
OR097046,HCV,3a,100
OR097051,HCV,1b,100
OR097057,HCV,3a,100
OR097128,HCV,3b,100
OR097126,HCV,1b,100
AF516390,HCV,1a,100
OR097130,HCV,3a,100
OR097123,HCV,3a,100
OR097145,HCV,1b,100
OR097142,HCV,3a,100
OR097147,HCV,6xa,100
OR097275,HCV,1b,100
OR097276,HCV,3a,100
OR097272,HCV,6xa,100
OR097279,HCV,3a,100
OR097289,HCV,3a,100
OR097283,HCV,6xa,100
OR097132,HCV,1b,100
OR097137,HCV,3b,100
KT873059,HCV,1b,100
KT873066,HCV,1b,100
KT873097,HCV,1b,100
KT873064,HCV,1b,100
KT873086,HCV,1a,100
KT873095,HCV,1b,100
KT873078,HCV,1b,100
KT873083,HCV,1b,100
KT873113,HCV,1b,100
KT873085,HCV,1a,100
KT873104,HCV,1b,100
KT873105,HCV,1b,100
KT873106,HCV,1b,100
KT873063,HCV,1b,100
KT873103,HCV,1a,100
KT873077,HCV,1b,100
KT873112,HCV,1b,100
KT873075,HCV,1b,100
KT873123,HCV,1b,100
KT873114,HCV,1b,100
KT873084,HCV,1b,100
KT873125,HCV,1b,100
DQ363039,HCV,1a,100
DQ363040,HCV,1a,100
DQ363046,HCV,1a,100
KT873124,HCV,1b,100
DQ363042,HCV,1a,100
KT873135,HCV,1b,100
KT873132,HCV,1a,100
DQ363044,HCV,1a,100
DQ363045,HCV,1a,100
DQ363056,HCV,1a,100
DQ363050,HCV,1a,100
DQ363048,HCV,1a,100
DQ363052,HCV,1a,100
DQ363053,HCV,1a,100
DQ363051,HCV,1a,100
DQ363055,HCV,1a,100
KT873131,HCV,1b,100
DQ363054,HCV,1a,100
DQ363064,HCV,1a,100
DQ363062,HCV,1a,100
DQ363059,HCV,1a,100
DQ363043,HCV,1a,100
DQ363067,HCV,1a,100
DQ363057,HCV,1a,100
DQ363069,HCV,1a,100
DQ363068,HCV,1a,100
DQ363070,HCV,1a,100
DQ363081,HCV,1a,100
DQ363080,HCV,1a,100
DQ363082,HCV,1a,100
DQ363058,HCV,1a,100
DQ363073,HCV,1a,100
DQ363087,HCV,3a,100
DQ363100,HCV,3a,100
DQ363103,HCV,3a,100
DQ363063,HCV,1a,100
DQ363105,HCV,3a,100
DQ363107,HCV,3a,100
DQ363108,HCV,3a,100
DQ363130,HCV,3a,100
DQ363127,HCV,3a,100
DQ363086,HCV,3a,100
AF516367,HCV,3a,100
AF516369,HCV,3a,100
DQ363091,HCV,3a,100
DQ363090,HCV,3a,100
DQ363088,HCV,3a,100
DQ363094,HCV,3a,100
DQ363092,HCV,3a,100
DQ363110,HCV,3a,100
KT873138,HCV,1b,100
DQ363112,HCV,3a,100
DQ363113,HCV,3a,100
DQ363114,HCV,3a,100
DQ363116,HCV,3a,100
DQ363117,HCV,3a,100
DQ363118,HCV,3a,100
DQ363098,HCV,3a,100
AF516368,HCV,3a,100
AF516372,HCV,3a,100
AF516373,HCV,3a,100
AF516371,HCV,3a,100
AF516376,HCV,3a,100
AF516383,HCV,1a,100
AF516386,HCV,1a,100
AF516382,HCV,1a,100
AF516388,HCV,1a,100
AF516387,HCV,1a,100
AF516389,HCV,1a,100
AF516391,HCV,1a,100
AF516392,HCV,1a,100
AF516378,HCV,3a,100
AF516393,HCV,1a,100
AF516394,HCV,1a,100
AY100024,HCV,3a,100
AF516395,HCV,1a,100
DQ363111,HCV,3a,100
DQ363089,HCV,3a,100
AY100026,HCV,3a,100
AY100027,HCV,3a,100
AY100030,HCV,3a,100
AY100029,HCV,3a,100
DQ363093,HCV,3a,100
DQ363095,HCV,3a,100
DQ363096,HCV,3a,100
AY100039,HCV,3a,100
AY100043,HCV,3a,100
AY100042,HCV,3a,100
AF516370,HCV,3a,100
DQ363121,HCV,3a,100
AY100025,HCV,3a,100
AY100031,HCV,3a,100
AY100038,HCV,3a,100
DQ363097,HCV,3a,100
AY100046,HCV,3a,100
AY100045,HCV,3a,100
AY100047,HCV,3a,100
DQ363101,HCV,3a,100
AY100050,HCV,3a,100
AY100103,HCV,3a,100
AY100059,HCV,3a,100
AY100062,HCV,3a,100
AY100061,HCV,3a,100
AY100060,HCV,3a,100
AY100044,HCV,3a,100
AY100063,HCV,3a,100
AY100065,HCV,3a,100
AY100066,HCV,3a,100
AY100069,HCV,3a,100
AY100079,HCV,3a,100
AY100055,HCV,3a,100
AY100082,HCV,3a,100
AY100083,HCV,3a,100
AY100081,HCV,3a,100
AY100080,HCV,3a,100
AY100085,HCV,3a,100
AY100084,HCV,3a,100
AY100086,HCV,3a,100
AY100068,HCV,3a,100
AY100067,HCV,3a,100
AY100064,HCV,3a,100
AY100070,HCV,3a,100
AY100071,HCV,3a,100
AY100073,HCV,3a,100
AY100074,HCV,3a,100
AY100076,HCV,3a,100
AY100078,HCV,3a,100
AY100087,HCV,3a,100
AY100088,HCV,3a,100
AY100089,HCV,3a,100
AY100072,HCV,3a,100
AY100090,HCV,3a,100
AY100091,HCV,3a,100
AY100092,HCV,3a,100
AY100093,HCV,3a,100
AY100095,HCV,3a,100
AY100094,HCV,3a,100
AY100116,HCV,1a,100
AY100114,HCV,1a,100
AY100111,HCV,3a,100
AY100118,HCV,1a,100
AY100123,HCV,1a,100
AY100129,HCV,1a,100
AY100130,HCV,1a,100
AY100133,HCV,1a,100
AY100134,HCV,1a,100
AY100132,HCV,1a,100
AY100135,HCV,1a,100
AY100122,HCV,1a,100
AY100150,HCV,1a,100
AY100153,HCV,1a,100
AY100140,HCV,1a,100
AY100139,HCV,1a,100
AY100156,HCV,1a,100
AY100157,HCV,1a,100
AY100158,HCV,1a,100
AY100161,HCV,1a,100
AY100162,HCV,1a,100
AY100163,HCV,1a,100
AY100164,HCV,1a,100
AY100167,HCV,1a,100
AY100166,HCV,1a,100
AY100177,HCV,1a,100
AY100175,HCV,1a,100
AY100178,HCV,1a,100
AY100179,HCV,1a,100
AY100180,HCV,1a,100
AY100181,HCV,1a,100
AY100184,HCV,1a,100
AY100183,HCV,1a,100
AY100174,HCV,1a,100
OR096898,HCV,1b,100
OR096899,HCV,1b,100
OR096900,HCV,1b,100
OR096901,HCV,1b,100
OR096902,HCV,1b,100
OR096911,HCV,1b,100
AY100151,HCV,1a,100
OR096914,HCV,3a,100
OR096916,HCV,2a,100
OR096919,HCV,1b,100
OR096918,HCV,1b,100
OR096917,HCV,1b,100
OR096922,HCV,1b,100
OR096924,HCV,1b,100
OR096925,HCV,2a,100
OR096927,HCV,2a,100
OR096926,HCV,1b,100
OR096921,HCV,2a,100
OR096910,HCV,1b,100
OR096928,HCV,2a,100
OR096929,HCV,1b,100
OR096923,HCV,2a,100
OR096939,HCV,1b,100
OR096940,HCV,3a,100
OR096941,HCV,1b,100
OR096942,HCV,3a,100
OR096920,HCV,1b,100
OR096975,HCV,1b,100
OR096969,HCV,1b,100
OR096999,HCV,1b,100
OR097006,HCV,3b,100
OR097010,HCV,1b,100
OR097003,HCV,1b,100
OR097011,HCV,1b,100
OR097008,HCV,1b,100
OR097021,HCV,1b,100
OR097017,HCV,1b,100
OR097019,HCV,3b,100
OR097022,HCV,3b,100
OR097002,HCV,3b,100
OR097032,HCV,3b,100
OR097036,HCV,1b,100
OR097027,HCV,3a,100
OR097037,HCV,3a,100
OR097035,HCV,1b,100
OR097040,HCV,3a,100
OR097020,HCV,3b,100
OR097041,HCV,1a,100
OR097013,HCV,1b,100
OR097038,HCV,3b,100
OR097050,HCV,3b,100
OR097052,HCV,1b,100
OR097053,HCV,1b,100
OR097055,HCV,6a,100
OR097058,HCV,3b,100
OR097060,HCV,1b,100
OR097063,HCV,1b,100
OR097054,HCV,1b,100
OR097064,HCV,2a,100
OR097059,HCV,3a,100
OR097073,HCV,3a,100
OR097056,HCV,3b,100
OR097075,HCV,1b,100
OR097082,HCV,1b,100
OR097084,HCV,1b,100
OR097079,HCV,3a,100
OR097085,HCV,3a,100
OR097087,HCV,1b,100
OR097091,HCV,1b,100
OR097074,HCV,3a,100
OR097096,HCV,3a,100
OR097098,HCV,3a,100
OR097095,HCV,3b,100
OR097097,HCV,2a,100
OR097076,HCV,1b,100
OR097093,HCV,1b,100
OR097094,HCV,3a,100
OR097111,HCV,2a,100
OR097113,HCV,1b,100
OR097107,HCV,1b,100
OR097116,HCV,1b,100
OR097114,HCV,2a,100
OR097117,HCV,1b,100
OR097120,HCV,3a,100
OR097119,HCV,1b,100
OR097099,HCV,6xa,100
OR097118,HCV,3b,100
OR097092,HCV,3a,100
OR097122,HCV,3a,100
OR097105,HCV,1b,100
OR097124,HCV,1b,100
OR097144,HCV,1b,100
OR097143,HCV,3b,100
OR097150,HCV,6xa,100
OR097153,HCV,2a,100
OR097146,HCV,1b,100
OR097171,HCV,3a,100
OR097170,HCV,1b,100
OR097154,HCV,1b,100
OR097174,HCV,1b,100
OR097175,HCV,3a,100
OR097173,HCV,1b,100
OR097176,HCV,2a,100
OR097179,HCV,1b,100
OR097185,HCV,6xa,100
OR097187,HCV,1b,100
OR097191,HCV,1b,100
OR097165,HCV,3b,100
OR097195,HCV,3b,100
OR097193,HCV,3b,100
OR097196,HCV,3b,100
OR097168,HCV,3a,100
OR097194,HCV,3b,100
AY100138,HCV,1a,100
AY100141,HCV,1a,100
AY100143,HCV,1a,100
AY100144,HCV,1a,100
AY100145,HCV,1a,100
AY100146,HCV,1a,100
AY100142,HCV,1a,100
AY100149,HCV,1a,100
AY100171,HCV,1a,100
AY100152,HCV,1a,100
AY100159,HCV,1a,100
AY100172,HCV,1a,100
AY100173,HCV,1a,100
AY100154,HCV,1a,100
AY100185,HCV,1a,100
AY100188,HCV,1a,100
AY100189,HCV,1a,100
AY100190,HCV,1a,100
AY100187,HCV,1a,100
AY100193,HCV,1a,100
OR096905,HCV,2a,100
OR096906,HCV,2a,100
OR096909,HCV,1b,100
OR096908,HCV,1b,100
AY100192,HCV,1a,100
AY100165,HCV,1a,100
OR096912,HCV,1b,100
OR096949,HCV,3b,100
OR096954,HCV,3b,100
OR096955,HCV,3b,100
OR096947,HCV,3a,100
OR096943,HCV,3a,100
OR096956,HCV,6a,100
OR096953,HCV,3b,100
OR096945,HCV,3b,100
OR096959,HCV,1b,100
OR096960,HCV,1a,100
OR096962,HCV,3b,100
OR096963,HCV,1b,100
OR096970,HCV,6a,100
OR096971,HCV,1b,100
OR096972,HCV,1b,100
OR096983,HCV,1b,100
OR096984,HCV,1b,100
OR096998,HCV,2a,100
OR096994,HCV,3b,100
OR097000,HCV,2a,100
OR096978,HCV,1b,100
OR097001,HCV,2a,100
OR096986,HCV,3a,100
OR097004,HCV,3a,100
OR097005,HCV,6a,100
OR097007,HCV,3b,100
OR097014,HCV,6a,100
OR097025,HCV,1b,100
OR097026,HCV,1b,100
OR096989,HCV,3b,100
OR097028,HCV,3a,100
OR097029,HCV,1b,100
OR097030,HCV,3b,100
OR096985,HCV,1b,100
OR097034,HCV,1b,100
OR097042,HCV,3b,100
OR097044,HCV,3a,100
OR097045,HCV,1b,100
OR097048,HCV,3a,100
OR097047,HCV,3b,100
OR097033,HCV,3a,100
OR097065,HCV,3b,100
OR097049,HCV,3a,100
OR097061,HCV,1b,100
OR097066,HCV,1b,100
OR097067,HCV,1b,100
OR097070,HCV,1b,100
OR097069,HCV,3a,100
OR097071,HCV,6xa,100
OR097102,HCV,1b,100
OR097081,HCV,1b,100
OR097106,HCV,3a,100
OR097108,HCV,3b,100
OR097104,HCV,1b,100
OR097103,HCV,3a,100
OR097109,HCV,1b,100
OR097083,HCV,3b,100
OR097133,HCV,6xa,100
OR097136,HCV,3a,100
OR097131,HCV,1b,100
OR097134,HCV,6xa,100
OR097138,HCV,1b,100
OR097115,HCV,3a,100
OR097139,HCV,6xa,100
OR097121,HCV,3b,100
OR097159,HCV,3a,100
OR097161,HCV,3b,100
OR097155,HCV,1b,100
OR097163,HCV,3a,100
OR097162,HCV,3b,100
OR097177,HCV,1b,100
OR097181,HCV,3a,100
OR097152,HCV,3a,100
OR097151,HCV,3b,100
OR097182,HCV,1b,100
OR097198,HCV,3a,100
OR097190,HCV,1b,100
OR097199,HCV,2a,100
OR097200,HCV,3b,100
OR097201,HCV,3b,100
OR097202,HCV,3b,100
OR097203,HCV,3b,100
OR097189,HCV,3a,100
OR097213,HCV,1b,100
OR097227,HCV,1a,100
OR097228,HCV,1b,100
OR097229,HCV,3a,100
OR097205,HCV,3b,100
OR097224,HCV,2a,100
OR097230,HCV,3b,100
OR097233,HCV,1b,100
OR097252,HCV,3b,100
OR097255,HCV,6xa,100
OR097257,HCV,1a,100
OR097258,HCV,1b,100
OR097260,HCV,3b,100
OR097256,HCV,1b,100
OR097259,HCV,3a,100
OR097261,HCV,3a,100
OR902100,HCV,2c,100
OR902105,HCV,2k,93
OR902104,HCV,2k,78
FJ872247,HCV,2a,100
OR902098,HCV,2j,100
FJ872250,HCV,2c,100
OR902102,HCV,2j,100
FJ872262,HCV,2a,100
OR902099,HCV,2j,100
FJ872264,HCV,2k,100
FJ872249,HCV,2b,100
FJ872257,HCV,2k,100
FJ872260,HCV,2i,100
FJ872272,HCV,3a,100
FJ872277,HCV,3a,100
FJ872281,HCV,3a,100
FJ872289,HCV,3a,100
FJ872275,HCV,3a,100
FJ872284,HCV,3a,100
FJ872300,HCV,4a,100
FJ872297,HCV,4a,100
OR097207,HCV,3b,100
OR097208,HCV,3a,100
OR097210,HCV,3a,100
OR097211,HCV,3a,100
OR097209,HCV,3b,100
OR097218,HCV,1b,100
OR097219,HCV,3a,100
OR097197,HCV,2a,100
OR097221,HCV,1b,100
OR097172,HCV,6xa,100
OR097223,HCV,3b,100
OR097225,HCV,3b,100
OR097215,HCV,2a,100
OR097237,HCV,1b,100
OR097236,HCV,3a,100
OR097238,HCV,1b,100
OR097188,HCV,1b,100
OR097240,HCV,1b,100
OR097235,HCV,3b,100
OR097242,HCV,6xa,100
OR097245,HCV,6xa,100
OR097232,HCV,1b,100
OR097241,HCV,3a,100
OR097248,HCV,6a,100
OR097244,HCV,1b,100
OR097239,HCV,1a,100
OR097250,HCV,6xa,100
OR097266,HCV,1b,100
OR097265,HCV,1b,100
OR097271,HCV,6xa,100
OR097278,HCV,3a,100
OR097277,HCV,6xa,100
OR097273,HCV,1b,100
OR097282,HCV,3a,100
OR097281,HCV,1b,100
OR097284,HCV,1a,100
OR097262,HCV,1b,100
OR097285,HCV,3b,100
OR097286,HCV,6n,100
OR097280,HCV,3a,100
OR097274,HCV,3b,100
OR097288,HCV,6xa,100
OR097287,HCV,6a,100
OR097293,HCV,3b,100
OR097291,HCV,6a,100
OR097294,HCV,3a,100
OR097292,HCV,3b,100
OR902097,HCV,2q,90
OR902096,HCV,2q,56
OR902095,HCV,2q,82
FJ872251,HCV,2c,100
FJ872248,HCV,2a,100
FJ872253,HCV,2c,100
FJ872252,HCV,2c,100
OR902103,HCV,2j,99
FJ872255,HCV,2k,100
OR097290,HCV,6xa,100
FJ872254,HCV,2k,100
FJ872258,HCV,2k,100
FJ872261,HCV,2i,100
FJ872259,HCV,2i,100
FJ872269,HCV,2b,100
FJ872263,HCV,2c,100
FJ872265,HCV,2a,100
FJ872266,HCV,2a,100
FJ872274,HCV,3a,100
FJ872273,HCV,3a,100
FJ872270,HCV,2a,50
FJ872271,HCV,2b,100
FJ872267,HCV,2a,100
FJ872278,HCV,3a,100
FJ872280,HCV,3a,100
FJ872268,HCV,2a,70
FJ872276,HCV,3a,100
FJ872287,HCV,3a,100
FJ872282,HCV,3a,100
FJ872286,HCV,3a,100
FJ872294,HCV,3a,100
FJ872291,HCV,3a,100
FJ872279,HCV,3a,100
FJ872285,HCV,3a,100
FJ872290,HCV,3a,100
FJ872283,HCV,3a,100
FJ872288,HCV,3a,100
FJ872298,HCV,4a,100
FJ872293,HCV,3a,100
FJ872302,HCV,4a,100
FJ872296,HCV,3a,100
FJ872292,HCV,3a,100
FJ872308,HCV,4a,100
FJ872299,HCV,4a,100
FJ872307,HCV,4k,100
FJ872301,HCV,4a,100
FJ872310,HCV,4a,100
FJ872315,HCV,4d,100
FJ872304,HCV,4d,100
FJ872306,HCV,4d,100
FJ872324,HCV,4d,100
FJ872322,HCV,4d,100
FJ872325,HCV,4d,100
FJ872326,HCV,4a,100
FJ872312,HCV,4a,100
FJ872328,HCV,1a,100
FJ872327,HCV,4d,100
FJ872333,HCV,1b,100
FJ872332,HCV,1a,100
FJ872338,HCV,1a,100
FJ872337,HCV,1b,100
FJ872339,HCV,1a,100
FJ872331,HCV,1a,100
FJ872334,HCV,1b,100
FJ872342,HCV,1b,100
FJ872350,HCV,1b,100
FJ872354,HCV,1b,100
FJ872346,HCV,1a,100
FJ872345,HCV,1a,100
FJ872347,HCV,1a,100
FJ872360,HCV,5a,100
FJ872358,HCV,5a,100
FJ872356,HCV,5a,100
FJ872369,HCV,5a,100
FJ872344,HCV,1b,100
JX437196,HCV,1a,100
JX437195,HCV,1a,100
JX437198,HCV,1a,100
JX437200,HCV,1a,100
JX437201,HCV,1b,100
FJ872359,HCV,5a,100
JX437209,HCV,1b,100
JX437213,HCV,1a,100
JX437212,HCV,1a,100
JX437218,HCV,1a,100
JX437226,HCV,1a,100
JX437225,HCV,1a,100
JX437215,HCV,1a,100
JX437221,HCV,1a,100
JX437222,HCV,1b,100
FJ872368,HCV,5a,100
JX437231,HCV,1a,100
JX437216,HCV,1b,100
JX437235,HCV,1b,100
JX437224,HCV,1a,100
JX437220,HCV,1a,100
JX437217,HCV,1a,100
JX437247,HCV,1b,100
JX437248,HCV,1a,100
JX437249,HCV,1a,100
JX437257,HCV,1a,100
JX437243,HCV,1a,100
JX437260,HCV,1a,100
JX437263,HCV,1a,100
JX437261,HCV,1a,100
JX437253,HCV,1a,100
JX437267,HCV,1b,100
JX437268,HCV,1a,100
JX437269,HCV,1a,100
JX437270,HCV,1a,100
JX437259,HCV,1a,100
JX437246,HCV,1a,100
JX437274,HCV,1a,100
JX437265,HCV,1a,100
JX437271,HCV,1a,100
JX437276,HCV,1b,100
JN377749,HCV,1b,100
JN377750,HCV,1b,100
FJ872305,HCV,4d,100
FJ872303,HCV,4a,100
FJ872311,HCV,4a,100
FJ872295,HCV,3a,100
FJ872316,HCV,4d,100
FJ872313,HCV,4a,100
FJ872318,HCV,4d,100
FJ872330,HCV,1a,100
FJ872329,HCV,1a,100
FJ872335,HCV,1b,100
FJ872323,HCV,4d,100
FJ872314,HCV,4d,100
FJ872340,HCV,1a,100
FJ872336,HCV,1b,100
FJ872348,HCV,1a,100
FJ872343,HCV,1a,100
FJ872341,HCV,1b,100
FJ872352,HCV,1b,100
FJ872355,HCV,1h,100
FJ872351,HCV,1b,100
FJ872353,HCV,1a,100
FJ872349,HCV,1a,100
FJ872362,HCV,5a,100
FJ872364,HCV,5a,100
FJ872365,HCV,5a,100
FJ872367,HCV,5a,100
JX437199,HCV,1a,100
JX437202,HCV,1a,100
JX437204,HCV,1a,100
FJ872363,HCV,5a,100
JX437205,HCV,1a,100
JX437206,HCV,1a,100
JX437207,HCV,1a,100
FJ872366,HCV,5a,100
JX437208,HCV,1a,100
JX437210,HCV,1b,100
FJ872370,HCV,5a,100
JX437197,HCV,1a,100
JX437214,HCV,1a,100
JX437211,HCV,1a,100
JX437219,HCV,1b,100
JX437229,HCV,1a,100
JX437227,HCV,1a,100
JX437232,HCV,1a,100
JX437233,HCV,1a,100
JX437223,HCV,1a,100
JX437230,HCV,1a,100
JX437238,HCV,1b,100
JX437239,HCV,1b,100
JX437244,HCV,1a,100
JX437242,HCV,1a,100
JX437275,HCV,1a,100
JX437279,HCV,1a,100
JN377747,HCV,1b,100
JN377748,HCV,1b,100
JX437251,HCV,1a,100
JX437280,HCV,1a,100
JN377752,HCV,1b,100
KT873070,HCV,1a,100
KT873079,HCV,1b,100
KT873092,HCV,1b,100
KT873090,HCV,1b,100
KT873088,HCV,1b,100
KT873118,HCV,1b,100
KT873074,HCV,1b,100
KT873121,HCV,1a,100
KT873065,HCV,1b,100
KT873076,HCV,1b,100
KT873098,HCV,1b,100
KT873111,HCV,1b,100
KT873096,HCV,1b,100
DQ363041,HCV,1a,100
KT873134,HCV,1b,100
KT873126,HCV,1b,100
JN377753,HCV,1b,100
JX437278,HCV,1a,100
KT873082,HCV,1b,100
KT873067,HCV,1b,100
KT873081,HCV,1b,100
KT873087,HCV,1a,100
KT873073,HCV,1b,100
KT873091,HCV,1b,100
KT873093,HCV,1b,100
JN377751,HCV,1b,100
KT873101,HCV,1b,100
KT873099,HCV,1b,100
KT873100,HCV,1b,100
KT873094,HCV,1b,100
KT873109,HCV,1b,100
KT873115,HCV,1b,100
KT873116,HCV,1b,100
KT873120,HCV,1b,100
KT873119,HCV,1b,100
KT873089,HCV,1b,100
KT873122,HCV,1b,100
KT873110,HCV,1b,100
KT873128,HCV,1b,100
KT873129,HCV,1b,100
KT873130,HCV,1a,100
DQ363060,HCV,1a,100
DQ363061,HCV,1a,100
DQ363071,HCV,1a,100
DQ363065,HCV,1a,100
DQ363076,HCV,1a,100
DQ363077,HCV,1a,100
DQ363072,HCV,1a,100
DQ363074,HCV,1a,100
DQ363075,HCV,1a,100
DQ363079,HCV,1a,100
DQ363078,HCV,1a,100
KT873133,HCV,1b,100
DQ363083,HCV,1a,100
DQ363084,HCV,3a,100
DQ363085,HCV,3a,100
DQ363066,HCV,1a,100
DQ363102,HCV,3a,100
DQ363099,HCV,3a,100
DQ363104,HCV,3a,100
DQ363106,HCV,3a,100
DQ363109,HCV,3a,100
DQ363120,HCV,3a,100
DQ363115,HCV,3a,100
DQ363119,HCV,3a,100
DQ363122,HCV,3a,100
DQ363123,HCV,3a,100
DQ363124,HCV,3a,100
DQ363125,HCV,3a,100
DQ363128,HCV,3a,100
DQ363129,HCV,3a,100
DQ363126,HCV,3a,100
AF516374,HCV,3a,100
AF516377,HCV,3a,100
AF516375,HCV,3a,100
AF516380,HCV,3a,100
AF516381,HCV,3a,100
AF516379,HCV,3a,100
AF516384,HCV,1a,100
AF516385,HCV,1a,100
AY100032,HCV,3a,100
AY100033,HCV,3a,100
AY100028,HCV,3a,100
AY100036,HCV,3a,100
AY100035,HCV,3a,100
AY100037,HCV,3a,100
AY100040,HCV,3a,100
AY100041,HCV,3a,100
AY100048,HCV,3a,100
AY100052,HCV,3a,100
AY100049,HCV,3a,100
AY100051,HCV,3a,100
AY100054,HCV,3a,100
AY100053,HCV,3a,100
AY100058,HCV,3a,100
AY100096,HCV,3a,100
AY100099,HCV,3a,100
AY100098,HCV,3a,100
AY100077,HCV,3a,100
AY100104,HCV,3a,100
AY100097,HCV,3a,100
AY100102,HCV,3a,100
AY100105,HCV,3a,100
AY100075,HCV,3a,100
AY100101,HCV,3a,100
AY100109,HCV,3a,100
AY100110,HCV,3a,100
AY100057,HCV,3a,100
AY100113,HCV,3a,100
AY100112,HCV,3a,100
AY100117,HCV,1a,100
AY100119,HCV,1a,100
AY100120,HCV,1a,100
AY100121,HCV,1a,100
AY100136,HCV,1a,100
AY100137,HCV,1a,100
AY100147,HCV,1a,100
AY100148,HCV,1a,100
AY100155,HCV,1a,100
AY100160,HCV,1a,100
AY100168,HCV,1a,100
AY100169,HCV,1a,100
AY100124,HCV,1a,100
AY100176,HCV,1a,100
AY100182,HCV,1a,100
AY100170,HCV,1a,100
OR096896,HCV,2a,100
OR096897,HCV,6a,100
OR096904,HCV,1b,100
OR096903,HCV,1b,100
OR096907,HCV,2a,100
OR096913,HCV,1b,100
AY100191,HCV,1a,100
OR096915,HCV,1b,100
OR096930,HCV,2a,100
AY100186,HCV,1a,100
OR096931,HCV,1b,100
OR096934,HCV,1b,100
OR096933,HCV,2a,100
OR096936,HCV,1b,100
OR096935,HCV,2a,100
OR096938,HCV,3b,100
OR096932,HCV,1b,100
OR096937,HCV,1b,100
OR096944,HCV,3b,100
OR096951,HCV,1b,100
OR096950,HCV,1b,100
OR096948,HCV,1b,100
OR096952,HCV,2a,100
OR096958,HCV,2a,100
OR096964,HCV,1b,100
OR096966,HCV,3b,100
OR096967,HCV,3a,100
OR096965,HCV,3b,100
OR096974,HCV,1b,100
OR096973,HCV,1b,100
OR096961,HCV,1b,100
OR096946,HCV,3b,100
OR096968,HCV,1b,100
OR096976,HCV,3a,100
OR096977,HCV,1b,100
OR096957,HCV,1b,100
OR096980,HCV,1b,100
OR096979,HCV,3b,100
OR096981,HCV,6a,100
OR096982,HCV,1b,100
OR096990,HCV,1b,100
OR096991,HCV,1b,100
OR096993,HCV,1b,100
OR096987,HCV,3a,100
OR096997,HCV,1b,100
OR096995,HCV,1b,100
OR096992,HCV,3a,100
OR096996,HCV,1b,100
OR097012,HCV,1b,100
OR096988,HCV,2a,100
OR097009,HCV,3b,100
KT873137,HCV,1b,100
KT873136,HCV,1b,100
KT873139,HCV,1b,100
DQ363047,HCV,1a,100
DQ363049,HCV,1a,100
OR097015,HCV,3b,100
OR097016,HCV,2a,100
OR097018,HCV,1b,100
OR097024,HCV,1b,100
OR097031,HCV,3a,100
OR097023,HCV,1b,100
OR097068,HCV,6a,100
OR097072,HCV,2a,100
OR097062,HCV,1b,100
OR097080,HCV,3a,100
OR097086,HCV,6a,100
OR097088,HCV,3a,100
OR097078,HCV,1b,100
OR097090,HCV,3b,100
OR097089,HCV,3a,100
OR097101,HCV,1b,100
OR097077,HCV,1b,100
OR097112,HCV,6xa,100
OR097110,HCV,6a,100
OR097125,HCV,1b,100
OR097127,HCV,3b,100
OR097129,HCV,1b,100
OR097100,HCV,1b,100
OR097135,HCV,6xa,100
OR097140,HCV,3a,100
OR097141,HCV,1b,100
OR097149,HCV,1b,100
OR097156,HCV,3a,100
OR097160,HCV,1b,100
OR097158,HCV,1b,100
OR097164,HCV,1b,100
OR097157,HCV,3b,100
OR097166,HCV,3b,100
OR097167,HCV,1b,100
OR097169,HCV,1b,100
OR097148,HCV,3b,100
OR097180,HCV,3b,100
OR097184,HCV,3a,100
OR097183,HCV,1b,100
OR097178,HCV,3a,100
OR097186,HCV,1b,100
OR097204,HCV,3b,100
OR097206,HCV,3b,100
OR097212,HCV,3b,100
OR097214,HCV,1b,100
OR097216,HCV,1b,100
OR097220,HCV,"unassigned_1, 2a-6v",NA
OR097226,HCV,3a,100
OR097222,HCV,2a,100
OR097234,HCV,1b,100
OR097217,HCV,1b,100
OR097231,HCV,1b,100
OR097192,HCV,1b,100
OR097249,HCV,1b,100
OR097253,HCV,1b,100
OR097254,HCV,1b,100
OR097243,HCV,3b,100
OR097264,HCV,3a,100
OR097246,HCV,3a,100
OR097267,HCV,3b,100
OR097268,HCV,3a,100
OR097263,HCV,1b,100
OR097269,HCV,3b,100
OR097247,HCV,3a,100
OR097270,HCV,1b,100
OR097251,HCV,1b,100
OR902101,HCV,2c,100
FJ872256,HCV,2k,100
FJ872320,HCV,4a,100
FJ872319,HCV,4a,100
FJ872309,HCV,4a,100
FJ872317,HCV,4d,100
FJ872321,HCV,4a,100
FJ872357,HCV,5a,100
FJ872361,HCV,5a,100
JX437203,HCV,1a,100
JX437228,HCV,1a,100
JX437236,HCV,1a,100
JX437237,HCV,1a,100
JX437250,HCV,1b,100
JX437245,HCV,1a,100
JX437234,HCV,1b,100
JX437241,HCV,1a,100
JX437254,HCV,1a,100
JX437255,HCV,1a,100
JX437256,HCV,1b,100
JX437252,HCV,1a,100
JX437240,HCV,1b,100
JX437264,HCV,1a,100
JX437266,HCV,1a,100
JX437258,HCV,1a,100
JX437273,HCV,1a,100
JX437272,HCV,1a,100
JX437262,HCV,1a,100
JX437277,HCV,1a,100
JX437281,HCV,1b,100
KT873068,HCV,1b,100
KT873069,HCV,1a,100
KT873072,HCV,1b,100
KT873080,HCV,1b,100
KT873102,HCV,1a,100
KT873071,HCV,1b,100
KT873107,HCV,1a,100
KT873108,HCV,1a,100
KT873127,HCV,1b,100
KT873117,HCV,1b,100
KT873062,HCV,1b,100
KT873060,HCV,1a,100
AY100100,HCV,3a,100
AY100106,HCV,3a,100
AY100056,HCV,3a,100
AY100108,HCV,3a,100
KR108464,HCV,3a,100
KR108466,HCV,3a,100
KR108467,HCV,3a,100
KR108469,HCV,3a,100
KR108468,HCV,3a,100
KR108471,HCV,3a,100
KR108472,HCV,3a,100
KR108473,HCV,3a,100
KR108474,HCV,3a,100
KR108475,HCV,3a,100
KR108477,HCV,3a,100
KR108476,HCV,3a,100
KR108478,HCV,3a,100
KR108479,HCV,3a,100
KR108481,HCV,3a,100
KR108482,HCV,3a,100
KR108483,HCV,3b,100
KR108484,HCV,3b,100
KR108485,HCV,3b,100
KR108487,HCV,3b,100
KR108486,HCV,3b,100
KR108489,HCV,3b,100
KR108488,HCV,3b,100
KR108492,HCV,3b,100
KR108491,HCV,3b,100
KR108494,HCV,3b,100
KR108496,HCV,6n,100
KR108495,HCV,3b,100
KR108497,HCV,6n,100
EU155214,HCV,1a,100
EU155213,HCV,1a,100
EU155217,HCV,1b,100
EU155219,HCV,1b,100
EU155223,HCV,1b,100
EU155220,HCV,1b,100
EU155227,HCV,1b,100
EU155218,HCV,1b,100
EU155215,HCV,1a,100
EU155226,HCV,1b,100
EU155245,HCV,1a,100
EU155354,HCV,1a,100
EU256001,HCV,1b,100
EU256002,HCV,1a,100
EU256005,HCV,1a,100
EU256004,HCV,1a,100
EU256008,HCV,1a,100
EU256007,HCV,1a,100
EU256010,HCV,1a,100
EU256014,HCV,1a,100
EU256006,HCV,1a,100
EU256017,HCV,1a,100
EU256011,HCV,1a,100
EU256013,HCV,1a,100
EU256018,HCV,1a,100
EU256016,HCV,1a,100
EU256020,HCV,1a,100
EU256019,HCV,1a,100
EU256022,HCV,1a,100
EU256021,HCV,1a,100
EU256015,HCV,1a,100
EU256026,HCV,1a,100
EU256028,HCV,1a,100
EU256029,HCV,1a,100
EU256032,HCV,1a,100
EU256031,HCV,1a,100
EU256025,HCV,1a,100
EU256034,HCV,1a,100
EU256027,HCV,1a,100
EU256033,HCV,1a,100
EU256037,HCV,1a,100
EU256040,HCV,1a,100
EU256035,HCV,1a,100
EU256036,HCV,1a,100
EU256041,HCV,1a,100
EU256043,HCV,1a,100
EU256046,HCV,1a,100
EU256044,HCV,1a,100
EU256039,HCV,1a,100
EU256049,HCV,1a,100
EU482841,HCV,1a,100
EU482840,HCV,1a,100
EU482843,HCV,1a,100
EU482845,HCV,1a,100
EU482842,HCV,1a,100
EU482844,HCV,1a,100
EU482847,HCV,1a,100
EU482846,HCV,1a,100
EU482849,HCV,1b,100
EU482848,HCV,1a,100
EU482850,HCV,1a,100
EU482852,HCV,1a,100
EU482854,HCV,1a,100
EU482853,HCV,1a,100
EU482856,HCV,1a,100
EU482857,HCV,1a,100
EU482855,HCV,1a,100
EU482858,HCV,1a,100
EU482859,HCV,1b,100
EU482861,HCV,1a,100
EU482860,HCV,1b,100
JN377759,HCV,1b,100
JN377764,HCV,1b,100
JN377763,HCV,1b,100
JN377765,HCV,1b,100
JN377769,HCV,1b,100
JN377760,HCV,1b,100
JN377772,HCV,1b,100
JN377761,HCV,1b,100
JN377773,HCV,1b,100
JN377775,HCV,1b,100
JN377778,HCV,1b,100
KY386878,HCV,1a,100
KY386877,HCV,1a,100
JN377770,HCV,1b,100
JN377781,HCV,1b,100
JN377768,HCV,1b,100
JN377780,HCV,1b,100
KY386881,HCV,1a,100
JN377762,HCV,1b,100
KY386882,HCV,1a,100
KY386891,HCV,1a,100
KY386887,HCV,4d,100
KY386889,HCV,1a,100
JN377776,HCV,1b,100
JF949897,HCV,1b,100
JN377767,HCV,1b,100
JF949898,HCV,1b,100
JF949899,HCV,1b,100
KY386886,HCV,1a,100
JF949901,HCV,1b,100
JN377754,HCV,1b,100
KM874784,HCV,1a,100
MK950001,HCV,4d,100
MK950002,HCV,4d,100
KM874785,HCV,3a,100
KY386888,HCV,4d,100
MK950004,HCV,4d,100
MK950005,HCV,4d,100
MK950006,HCV,4d,100
MK950020,HCV,4d,100
MK950019,HCV,4d,100
MK950018,HCV,4d,100
MK950021,HCV,4d,100
MK950017,HCV,4d,100
MK950022,HCV,4d,100
MK950023,HCV,4d,100
MK950024,HCV,4d,100
MK950003,HCV,4d,100
MK950026,HCV,4d,100
MK950025,HCV,4d,100
MK950029,HCV,4d,100
MK950031,HCV,4d,100
KM874786,HCV,1a,100
JN377774,HCV,1b,100
MK950035,HCV,4d,100
MK950034,HCV,4d,100
MK950042,HCV,4d,100
MK950040,HCV,4d,100
MK950043,HCV,4d,100
MK950027,HCV,4d,100
MK950045,HCV,4d,100
MK950046,HCV,4d,100
MK950048,HCV,4d,100
MK950047,HCV,4d,100
KY386885,HCV,1a,100
MK950050,HCV,4d,100
MK950052,HCV,4d,100
MK950053,HCV,4d,100
MK950079,HCV,4d,100
MK950082,HCV,4d,100
MK950061,HCV,4d,100
MK950098,HCV,4d,100
MK950096,HCV,4d,100
MK950099,HCV,4d,100
MK950109,HCV,4d,100
MK950102,HCV,4d,100
MK950097,HCV,4d,100
MK950113,HCV,4d,100
MK950117,HCV,4d,100
MK950112,HCV,4d,100
MK950116,HCV,4d,100
MK950089,HCV,4d,100
MK950111,HCV,4d,100
PX386753,HCV,3a,100
PX387027,HCV,3a,100
KR108391,HCV,1a,100
KR108392,HCV,1a,100
KR108402,HCV,1a,100
PX387029,HCV,1b,100
KR108401,HCV,1a,100
KR108403,HCV,1a,100
PX387024,HCV,1a,100
KR108404,HCV,1a,100
KR108406,HCV,1a,100
KR108412,HCV,1a,100
KR108411,HCV,1a,100
KR108413,HCV,1a,100
KR108414,HCV,1a,100
KR108415,HCV,1a,100
KR108416,HCV,1b,100
KR108418,HCV,1b,100
KR108420,HCV,1b,100
KR108422,HCV,1b,100
KR108424,HCV,1b,100
KR108425,HCV,1b,100
KR108423,HCV,1b,100
KR108426,HCV,1b,100
PX387032,HCV,1a,100
KR108427,HCV,1b,100
KR108428,HCV,3a,100
KR108431,HCV,3a,100
PX387031,HCV,3a,100
KR108432,HCV,3a,100
KR108441,HCV,3a,100
KR108442,HCV,3a,100
KR108443,HCV,3a,100
KR108447,HCV,3a,100
KR108450,HCV,3a,100
PX387037,HCV,1a,100
KR108453,HCV,3a,100
PX387033,HCV,1a,100
PX386782,HCV,1a,100
PX386783,HCV,1c,100
PX386773,HCV,3a,100
PX386777,HCV,1b,100
PX386779,HCV,1a,100
PX386786,HCV,1a,100
PX386781,HCV,3a,100
PX386771,HCV,3a,100
PX386788,HCV,1a,100
PX386790,HCV,1b,100
PX386784,HCV,1a,100
PX386792,HCV,1a,100
PX386789,HCV,1a,100
PX386785,HCV,1b,100
PX386796,HCV,3a,100
PX386799,HCV,3a,100
PX386787,HCV,3a,100
PX386795,HCV,1a,100
PX386794,HCV,1a,100
PX386802,HCV,3a,100
PX386798,HCV,1a,100
PX386793,HCV,1b,100
PX386800,HCV,2a,100
PX386791,HCV,3a,100
PX386801,HCV,2b,100
PX386797,HCV,3a,100
PX386806,HCV,1a,100
PX386804,HCV,1b,100
PX386809,HCV,3a,100
PX386810,HCV,3a,100
PX386815,HCV,1b,100
PX386805,HCV,1a,100
PX386812,HCV,3a,100
PX386803,HCV,1a,100
PX386818,HCV,1a,100
PX386819,HCV,1a,100
PX386816,HCV,1a,100
PX386817,HCV,3a,100
PX386813,HCV,1a,100
PX386821,HCV,3a,100
PX386824,HCV,3a,100
PX386814,HCV,1a,100
PX386827,HCV,1a,100
PX386825,HCV,1a,100
PX386826,HCV,2b,100
PX386822,HCV,3a,100
PX386834,HCV,3a,100
PX386829,HCV,1a,100
PX386832,HCV,3a,100
PX386833,HCV,1a,100
PX386837,HCV,3a,100
PX386835,HCV,3a,100
PX386839,HCV,1a,100
PX386838,HCV,3a,100
PX386828,HCV,3a,100
PX386842,HCV,3a,100
PX386845,HCV,1a,100
PX386841,HCV,1a,100
PX386843,HCV,3a,100
PX386848,HCV,3a,100
PX386840,HCV,1a,100
PX386830,HCV,3a,100
PX386853,HCV,1a,100
PX386849,HCV,1a,100
PX386847,HCV,3a,100
PX386855,HCV,1a,100
PX386851,HCV,1a,100
PX386856,HCV,1a,100
PX386858,HCV,3a,100
PX386854,HCV,3a,100
PX386857,HCV,1b,100
PX386862,HCV,3a,100
PX386861,HCV,1a,100
PX386859,HCV,3a,100
PX386867,HCV,1a,100
PX386864,HCV,1a,100
PX386866,HCV,2b,100
PX386850,HCV,3a,100
PX386865,HCV,3a,100
PX386863,HCV,3a,100
PX386871,HCV,1b,100
PX386869,HCV,1a,100
PX386877,HCV,1a,100
PX386872,HCV,3a,100
PX386876,HCV,3a,100
PX386875,HCV,1a,100
PX386878,HCV,1a,100
PX386874,HCV,3a,100
PX386881,HCV,1a,100
PX386873,HCV,3a,100
PX386882,HCV,1b,100
PX386889,HCV,1a,100
PX386880,HCV,3a,100
PX386885,HCV,1b,100
PX386888,HCV,3a,100
PX386887,HCV,3a,100
PX386890,HCV,3a,100
PX386886,HCV,1b,100
PX386883,HCV,3a,100
PX386891,HCV,1a,100
PX386894,HCV,1a,100
PX386897,HCV,1a,100
PX386896,HCV,3a,100
PX386895,HCV,1a,100
PX386898,HCV,1a,100
PX386903,HCV,1a,100
PX386901,HCV,3a,100
PX386904,HCV,3a,100
PX386906,HCV,1a,100
PX386905,HCV,3a,100
PX386899,HCV,3a,100
PX386907,HCV,1a,100
PX386909,HCV,1a,100
PX386912,HCV,3a,100
PX386910,HCV,3a,100
PX386913,HCV,1a,100
PX386911,HCV,3a,100
PX386908,HCV,1a,100
EU155222,HCV,1b,100
EU155221,HCV,1b,100
EU155225,HCV,1b,100
EU155216,HCV,1a,100
EU155224,HCV,1b,100
EU155228,HCV,1b,100
EU155230,HCV,1b,100
EU155232,HCV,1b,100
EU155229,HCV,1b,100
EU155231,HCV,1b,100
EU155239,HCV,1a,100
EU155236,HCV,1a,100
EU155237,HCV,1a,100
EU155238,HCV,1a,100
EU155235,HCV,1b,100
EU155243,HCV,1a,100
EU155233,HCV,1a,100
EU155234,HCV,1b,100
EU155240,HCV,1a,100
EU155242,HCV,1a,100
EU155248,HCV,1a,100
EU155249,HCV,1a,100
EU155251,HCV,1a,100
EU155257,HCV,1b,100
EU155252,HCV,1a,100
EU155250,HCV,1a,100
EU155255,HCV,1b,100
EU155253,HCV,1b,100
EU155254,HCV,1b,100
EU155256,HCV,1b,100
EU155259,HCV,1b,100
EU155261,HCV,1b,100
EU155262,HCV,1b,100
EU155263,HCV,1b,100
EU155264,HCV,1b,100
EU155267,HCV,1a,100
EU155268,HCV,1a,100
EU155271,HCV,1a,100
EU155269,HCV,1a,100
EU155272,HCV,1a,100
EU155274,HCV,1a,100
EU155276,HCV,1a,100
EU155275,HCV,1a,100
EU155278,HCV,1a,100
EU155277,HCV,1a,100
EU155280,HCV,1b,100
EU155281,HCV,1b,100
EU155282,HCV,1a,100
EU155285,HCV,1a,100
EU155284,HCV,1a,100
EU155288,HCV,1a,100
EU155283,HCV,1a,100
EU155287,HCV,1a,100
EU155289,HCV,1a,100
EU155291,HCV,1a,100
EU155292,HCV,1a,100
EU155295,HCV,1a,100
EU155293,HCV,1a,100
EU155294,HCV,1a,100
EU155296,HCV,1a,100
EU155298,HCV,1a,100
EU155300,HCV,1b,100
EU155301,HCV,1b,100
EU155304,HCV,1b,100
EU155299,HCV,1a,100
EU155302,HCV,1b,100
EU155305,HCV,1b,100
EU155307,HCV,1b,100
EU155303,HCV,1b,100
EU155309,HCV,1a,100
EU155308,HCV,1b,100
EU155310,HCV,1a,100
EU155311,HCV,1a,100
EU155313,HCV,1a,100
EU155322,HCV,1a,100
EU155317,HCV,1b,100
EU155318,HCV,1b,100
EU155324,HCV,1b,100
EU155319,HCV,1a,100
EU155315,HCV,1b,100
EU155321,HCV,1a,100
EU155320,HCV,1a,100
EU155323,HCV,1a,100
EU155326,HCV,1b,100
EU155328,HCV,1b,100
EU155327,HCV,1b,100
EU155329,HCV,1b,100
EU155331,HCV,1b,100
EU155332,HCV,1b,100
EU155338,HCV,1a,100
EU155334,HCV,1b,100
EU155333,HCV,1b,100
EU155336,HCV,1b,100
EU155335,HCV,1b,100
EU155341,HCV,1a,100
EU155340,HCV,1a,100
EU155337,HCV,1b,100
EU155344,HCV,1a,100
EU155346,HCV,1a,100
EU155343,HCV,1a,100
EU155345,HCV,1a,100
EU155347,HCV,1a,100
EU155349,HCV,1a,100
EU155351,HCV,1a,100
EU155352,HCV,1a,100
EU155357,HCV,1b,100
EU155358,HCV,1b,100
EU155359,HCV,1b,100
EU155356,HCV,1b,100
EU155360,HCV,1b,100
EU155363,HCV,1b,100
EU155362,HCV,1b,100
EU155364,HCV,1b,100
EU155365,HCV,1b,100
EU155366,HCV,1b,100
EU155368,HCV,1b,100
EU155372,HCV,1b,100
EU155375,HCV,1b,100
EU155373,HCV,1b,100
EU155374,HCV,1b,100
EU155369,HCV,1b,100
EU155378,HCV,1a,100
EU155380,HCV,1a,100
EU155367,HCV,1b,100
EU155371,HCV,1b,100
EU155377,HCV,1b,100
EU155381,HCV,1b,100
EU239713,HCV,1a,100
EU234061,HCV,1b,100
EU234065,HCV,1a,100
EU155382,HCV,1b,100
EU234063,HCV,1a,100
EU239714,HCV,1b,100
EU255929,HCV,1a,100
EU239716,HCV,1a,100
EU255927,HCV,1a,100
EU255930,HCV,1a,100
EU234062,HCV,1b,100
EU255931,HCV,1a,100
EU250017,HCV,1a,100
EU255936,HCV,1a,100
EU255938,HCV,1a,100
EU255932,HCV,1a,100
EU255933,HCV,1a,100
EU255934,HCV,1a,100
EU255942,HCV,1a,100
EU255940,HCV,1a,100
EU255939,HCV,1a,100
EU255935,HCV,1a,100
EU255945,HCV,1a,100
EU255946,HCV,1a,100
EU255947,HCV,1a,100
EU255949,HCV,1a,100
EU255951,HCV,1a,100
EU255948,HCV,1a,100
EU255950,HCV,1a,100
EU255941,HCV,1a,100
EU255954,HCV,1a,100
EU255952,HCV,1a,100
EU255955,HCV,1a,100
EU255958,HCV,1a,100
EU255953,HCV,1a,100
EU255956,HCV,1a,100
EU255964,HCV,1a,100
EU255962,HCV,1b,100
EU255961,HCV,1b,100
EU255963,HCV,1a,100
EU255965,HCV,1a,100
EU255970,HCV,1a,100
EU255966,HCV,1a,100
EU255973,HCV,1a,100
EU255968,HCV,1a,100
EU255969,HCV,1a,100
EU255979,HCV,1a,100
EU255975,HCV,1a,100
EU255977,HCV,1a,100
EU255983,HCV,1a,100
EU255980,HCV,1a,100
EU255978,HCV,1a,100
EU255987,HCV,1a,100
EU255981,HCV,1a,100
EU255986,HCV,1a,100
EU255985,HCV,1a,100
EU255974,HCV,1a,100
EU255976,HCV,1a,100
EU255992,HCV,1a,100
EU255989,HCV,1a,100
EU255990,HCV,1a,100
EU255994,HCV,1a,100
EU255993,HCV,1a,100
EU255995,HCV,1a,100
EU255991,HCV,1a,100
EU255999,HCV,1a,100
EU255997,HCV,1a,100
EU255996,HCV,1a,100
EU256050,HCV,1a,100
EU256053,HCV,1a,100
EU256047,HCV,1a,100
EU256048,HCV,1a,100
EU256060,HCV,1a,100
EU256057,HCV,1a,100
EU256062,HCV,1b,100
EU256059,HCV,1b,100
EU256054,HCV,1b,100
EU256061,HCV,1b,100
EU256067,HCV,1a,100
EU256066,HCV,1b,100
EU256069,HCV,1a,100
EU256064,HCV,1b,100
EU256058,HCV,1a,100
EU256068,HCV,1a,100
EU256072,HCV,1a,100
EU256073,HCV,1a,100
EU256071,HCV,1a,100
EU256074,HCV,1a,100
EU256077,HCV,1b,100
EU256075,HCV,1b,100
EU256078,HCV,1b,100
EU256079,HCV,1b,100
EU256080,HCV,1b,100
EU256081,HCV,1b,100
EU482866,HCV,1a,100
EU482862,HCV,1a,100
EU482864,HCV,1a,100
EU482863,HCV,1a,100
EU482865,HCV,1a,100
EU482867,HCV,1a,100
EU482868,HCV,1a,100
EU482870,HCV,1a,100
EU482869,HCV,1a,100
EU482871,HCV,1a,100
EU482873,HCV,1a,100
EU482872,HCV,1a,100
EU482874,HCV,1b,100
EU482875,HCV,1b,100
EU482878,HCV,1a,100
EU482876,HCV,1a,100
EU482883,HCV,1b,100
EU482884,HCV,1a,100
EU482881,HCV,1b,100
EU482877,HCV,1b,100
EU482882,HCV,1a,100
EU482880,HCV,1b,100
EU482885,HCV,1b,100
KY386879,HCV,1a,100
KY386880,HCV,1a,100
JN377766,HCV,1b,100
KY386883,HCV,2b,100
JN377779,HCV,1b,100
JN377771,HCV,1b,100
KY386890,HCV,1a,100
JF949900,HCV,1b,100
MK950008,HCV,4d,100
MK950009,HCV,4d,100
MK950010,HCV,4d,100
MK950011,HCV,4d,100
MK950014,HCV,4d,100
JN377777,HCV,1b,100
MK950012,HCV,4d,100
MK950015,HCV,4d,100
MK950016,HCV,4d,100
MK950000,HCV,4d,100
KY386884,HCV,4d,100
MK950032,HCV,4d,100
MK950007,HCV,4d,100
MK950037,HCV,4d,100
JF949902,HCV,1b,100
MK950039,HCV,4d,100
MK950038,HCV,4d,100
MK950036,HCV,4d,100
MK950041,HCV,4d,100
MK950049,HCV,4d,100
MK950013,HCV,4d,100
MK950028,HCV,4d,100
MK950063,HCV,4d,100
MK950064,HCV,4d,100
MK950067,HCV,4d,100
MK950068,HCV,4d,100
MK950066,HCV,4d,100
MK950070,HCV,4d,100
MK950071,HCV,4d,100
MK950072,HCV,4d,100
MK950073,HCV,4d,100
MK950077,HCV,4d,100
MK950076,HCV,4d,100
MK950078,HCV,4d,100
MK950074,HCV,4d,100
MK950080,HCV,4d,100
MK950083,HCV,4d,100
MK950081,HCV,4d,100
MK950084,HCV,4d,100
MK950085,HCV,4d,100
MK950086,HCV,4d,100
MK950088,HCV,4d,100
MK950091,HCV,4d,100
MK950090,HCV,4d,100
MK950058,HCV,4d,100
MK950065,HCV,4d,100
MK950069,HCV,4d,100
MK950092,HCV,4d,100
MK950094,HCV,4d,100
MK950093,HCV,4d,100
MK950095,HCV,4d,100
MK950100,HCV,4d,100
MK950075,HCV,4d,100
MK950051,HCV,4d,100
MK950106,HCV,4d,100
MK950105,HCV,4d,100
MK950107,HCV,4d,100
MK950108,HCV,4d,100
MK950110,HCV,4d,100
MK950115,HCV,4d,100
MK950104,HCV,4d,100
MK950087,HCV,4d,100
MK950103,HCV,4d,100
MK950118,HCV,4d,100
MK950114,HCV,4d,100
PX386719,HCV,3a,100
PX386717,HCV,3a,100
PX386718,HCV,1a,100
PX386730,HCV,3a,100
PX386720,HCV,3a,100
PX386722,HCV,3a,100
PX386726,HCV,2b,100
PX386732,HCV,3a,100
PX386725,HCV,1b,100
PX386721,HCV,1b,100
PX386724,HCV,1a,100
PX386727,HCV,3a,100
PX386729,HCV,3a,100
PX386731,HCV,1b,100
PX386728,HCV,2b,100
PX386723,HCV,3a,100
PX386735,HCV,3a,100
PX386734,HCV,3a,100
PX386733,HCV,3a,100
PX386740,HCV,1a,100
PX386737,HCV,1a,100
PX386745,HCV,1a,100
PX386747,HCV,1a,100
PX386736,HCV,3a,100
PX386744,HCV,3a,100
PX386739,HCV,1a,100
PX386741,HCV,3a,100
PX386743,HCV,1b,100
PX386738,HCV,3a,100
PX386750,HCV,3a,100
PX386749,HCV,3a,100
PX386742,HCV,3a,100
PX386746,HCV,1b,100
PX386751,HCV,3a,100
PX386748,HCV,1a,100
PX386754,HCV,1a,100
PX386759,HCV,3a,100
PX386752,HCV,3a,100
PX386755,HCV,2b,100
PX386758,HCV,1a,100
PX386757,HCV,1a,100
PX386811,HCV,"unassigned_1, 1a-3a",NA
PX386808,HCV,3a,100
PX386820,HCV,3a,100
PX386823,HCV,1a,100
PX386836,HCV,1a,100
PX386831,HCV,3a,100
PX386844,HCV,3a,100
PX386846,HCV,2b,100
PX386852,HCV,1a,100
PX386860,HCV,3a,100
PX386868,HCV,2b,100
PX386870,HCV,1a,100
PX386879,HCV,1a,100
PX386884,HCV,3a,100
PX386893,HCV,3a,100
PX386892,HCV,1b,100
PX386902,HCV,3a,100
PX386900,HCV,1a,100
PX386915,HCV,1a,100
PX386916,HCV,3a,100
PX386925,HCV,3a,100
PX386927,HCV,1a,100
PX386938,HCV,1a,100
PX386946,HCV,3a,100
PX386949,HCV,1b,100
PX386953,HCV,1a,100
PX386955,HCV,1a,100
PX386961,HCV,1b,100
PX386959,HCV,3a,100
PX386960,HCV,3a,100
PX386957,HCV,3a,100
PX386962,HCV,1l,100
PX386958,HCV,1a,100
PX386963,HCV,4v,100
PX386956,HCV,2b,100
PX386968,HCV,"unassigned_1, 3h-6a",NA
PX386965,HCV,4b,100
PX386967,HCV,3b,100
PX386964,HCV,1l,100
PX386966,HCV,3b,100
PX386969,HCV,6a,100
PX386972,HCV,3h,100
PX386973,HCV,3b,100
PX386974,HCV,4r,100
PX386971,HCV,4c,100
PX386976,HCV,4r,100
PX386975,HCV,4c,100
PX386979,HCV,6a,100
PX386978,HCV,6a,100
PX386970,HCV,3h,100
PX386977,HCV,4v,100
PX386981,HCV,1g,100
PX386980,HCV,4t,100
PX386982,HCV,1g,100
PX386983,HCV,4v,100
PX386984,HCV,1l,100
PX386985,HCV,1e,100
PX386986,HCV,1e,100
PX386987,HCV,2b,100
PX386988,HCV,2b,100
PX386989,HCV,2b,100
PX386991,HCV,2c,100
PX386992,HCV,1a,100
PX386993,HCV,4f,100
PX386990,HCV,2b,100
PX386994,HCV,4a,100
PX386996,HCV,4d,100
PX386995,HCV,4a,100
PX386998,HCV,4d,100
PX386997,HCV,4d,100
PX386999,HCV,4k,100
PX387000,HCV,4o,100
PX387002,HCV,5a,100
PX387005,HCV,3a,100
PX387001,HCV,5a,100
PX387003,HCV,1a,100
PX387004,HCV,1a,100
PX387007,HCV,1a,100
PX387006,HCV,1b,100
PX387008,HCV,1a,100
PX387010,HCV,1a,100
PX387009,HCV,1a,100
PX387011,HCV,1a,100
PX387014,HCV,1a,100
PX387012,HCV,1a,100
PX387015,HCV,1a,100
PX387013,HCV,1a,100
PX387016,HCV,1a,100
PX387018,HCV,1a,100
PX387025,HCV,1a,100
PX387022,HCV,1a,100
PX387026,HCV,3a,100
KR108393,HCV,1a,100
KR108394,HCV,1a,100
KR108395,HCV,1a,100
PX387028,HCV,1a,100
KR108396,HCV,1a,100
KR108397,HCV,1a,100
KR108398,HCV,1a,100
PX387030,HCV,1a,100
KR108399,HCV,1a,100
KR108400,HCV,1a,100
KR108405,HCV,1a,100
KR108408,HCV,1a,100
KR108407,HCV,1a,100
KR108410,HCV,1a,100
KR108409,HCV,1a,100
KR108419,HCV,1b,100
KR108417,HCV,1b,100
KR108421,HCV,1b,100
KR108429,HCV,3a,100
KR108430,HCV,3a,100
KR108433,HCV,3a,100
PX387035,HCV,1a,100
KR108434,HCV,3a,100
KR108436,HCV,3a,100
KR108438,HCV,3a,100
KR108437,HCV,3a,100
KR108435,HCV,3a,100
KR108440,HCV,3a,100
PX387034,HCV,3a,100
KR108439,HCV,3a,100
KR108444,HCV,3a,100
KR108446,HCV,3a,100
KR108445,HCV,3a,100
PX387036,HCV,1b,100
PX387038,HCV,3a,100
KR108451,HCV,3a,100
KR108448,HCV,3a,100
KR108452,HCV,3a,100
KR108449,HCV,3a,100
KR108455,HCV,3a,100
KR108454,HCV,3a,100
KR108456,HCV,3a,100
KR108457,HCV,3a,100
KR108458,HCV,3a,100
KR108459,HCV,3a,100
KR108462,HCV,3a,100
KR108461,HCV,3a,100
KR108460,HCV,3a,100
KR108465,HCV,3a,100
KR108463,HCV,3a,100
KR108470,HCV,3a,100
KR108480,HCV,3a,100
KR108490,HCV,3b,100
KR108493,HCV,3b,100
EU155244,HCV,1a,100
EU155246,HCV,1a,100
EU155258,HCV,1b,100
EU155266,HCV,1a,100
EU155270,HCV,1a,100
EU155279,HCV,1b,100
EU155286,HCV,1a,100
EU155290,HCV,1a,100
EU155297,HCV,1a,100
EU155306,HCV,1b,100
EU155314,HCV,1a,100
EU155316,HCV,1b,100
EU155325,HCV,1b,100
EU155330,HCV,1b,100
EU155339,HCV,1a,100
EU155342,HCV,1a,100
EU155348,HCV,1a,100
EU155353,HCV,1a,100
EU155355,HCV,1a,100
EU155361,HCV,1b,100
EU155370,HCV,1b,100
EU155376,HCV,1b,100
EU234064,HCV,1a,100
EU239715,HCV,1a,100
EU255928,HCV,1a,100
EU255937,HCV,1a,100
EU255944,HCV,1a,100
EU255943,HCV,1a,100
EU255957,HCV,1a,100
EU255960,HCV,1b,100
EU255971,HCV,1a,100
EU255982,HCV,1a,100
EU255988,HCV,1a,100
EU255984,HCV,1a,100
EU255998,HCV,1a,100
EU256000,HCV,1b,100
EU256003,HCV,1a,100
EU256009,HCV,1a,100
EU256012,HCV,1a,100
EU256023,HCV,1a,100
EU256024,HCV,1a,100
EU256030,HCV,1a,100
EU256038,HCV,1a,100
EU256052,HCV,1a,100
EU256051,HCV,1a,100
EU256065,HCV,1b,100
EU256070,HCV,1a,100
EU256076,HCV,1b,100
EU256082,HCV,1b,100
EU256083,HCV,1b,100
EU256084,HCV,1b,100
EU256085,HCV,1b,100
EU256087,HCV,1a,100
EU256088,HCV,1b,100
EU256089,HCV,1b,100
EU256090,HCV,1b,100
EU256091,HCV,1b,100
EU256094,HCV,1a,100
EU256092,HCV,1b,100
EU256095,HCV,1a,100
EU256097,HCV,1a,100
EU256096,HCV,1a,100
EU256098,HCV,1b,100
EU256101,HCV,1b,100
EU256100,HCV,1b,100
EU256099,HCV,1b,100
EU256102,HCV,1b,100
EU256103,HCV,1b,100
EU256104,HCV,1a,100
EU256105,HCV,1a,100
EU256106,HCV,1a,100
EU256107,HCV,1a,100
EU260395,HCV,1a,100
EU482831,HCV,1a,100
EU260396,HCV,1a,100
EU482832,HCV,1a,100
EU482833,HCV,1b,100
EU482836,HCV,1a,100
EU482834,HCV,1a,100
EU482835,HCV,1a,100
EU482838,HCV,1a,100
EU482837,HCV,1a,100
EU482839,HCV,1b,100
MK950055,HCV,4d,100
JN377757,HCV,1b,100
JN377756,HCV,1b,100
JN377758,HCV,1b,100
JN377755,HCV,1b,100
MK950101,HCV,4d,100
PX386756,HCV,1a,100
PX386765,HCV,1a,100
PX386760,HCV,3a,100
PX386762,HCV,3a,100
PX386767,HCV,1a,100
PX386764,HCV,1a,100
PX386766,HCV,1a,100
PX386770,HCV,1a,100
PX386761,HCV,3a,100
MK950056,HCV,4d,100
PX386768,HCV,3a,100
PX386778,HCV,1b,100
PX386774,HCV,1a,100
PX386772,HCV,3a,100
PX386780,HCV,1a,100
PX386763,HCV,3a,100
PX386776,HCV,3a,100
PX386769,HCV,1a,100
PX386775,HCV,1a,100
PX386807,HCV,1a,100
PX386917,HCV,1a,100
PX386919,HCV,3a,100
PX386918,HCV,3a,100
PX386920,HCV,3a,100
PX386914,HCV,3a,100
MK950057,HCV,4d,100
PX386923,HCV,1a,100
MK950054,HCV,4d,100
PX386921,HCV,3a,100
PX386928,HCV,3a,100
MK950059,HCV,4d,100
PX386922,HCV,1a,100
MK950060,HCV,4d,100
PX386930,HCV,1a,100
PX386926,HCV,2j,100
MK950062,HCV,4d,100
PX386924,HCV,1a,100
PX386934,HCV,3a,100
PX387023,HCV,1a,100
PX386929,HCV,3a,100
PX386932,HCV,1a,100
PX386931,HCV,1a,100
PX386936,HCV,1a,100
PX386942,HCV,3a,100
PX386933,HCV,3a,100
PX386944,HCV,1a,100
PX386940,HCV,1b,100
PX386943,HCV,3a,100
PX386935,HCV,1a,100
PX386941,HCV,3a,100
PX386947,HCV,1a,100
PX387019,HCV,1a,100
PX386939,HCV,1a,100
PX386948,HCV,1a,100
PX387021,HCV,1a,100
PX386937,HCV,1b,100
PX387020,HCV,1a,100
PX386945,HCV,3a,100
PX386950,HCV,3a,100
PX387017,HCV,3a,100
PX386951,HCV,1a,100
PX387039,HCV,3a,100
PX386952,HCV,1a,100
PX386954,HCV,1a,100
MK950030,HCV,4d,100
MK950044,HCV,4d,100
MK950033,HCV,4d,100
PX387040,HCV,2b,100
EU529680,HCV,1a,100
EU781816,HCV,1a,100
EU781811,HCV,1a,100
EU781812,HCV,1a,100
EU660384,HCV,1a,100
EU781819,HCV,1a,100
EU781805,HCV,1a,100
EU781817,HCV,1a,100
EU781820,HCV,1a,100
EU781821,HCV,1a,100
EU781810,HCV,1a,100
EU781823,HCV,1a,100
EU781808,HCV,1a,100
EU781818,HCV,1a,100
EU781826,HCV,1b,100
EU781827,HCV,1b,100
EU781830,HCV,1b,100
EU781822,HCV,1a,100
EU781831,HCV,1b,100
EU781828,HCV,1b,100
EU781825,HCV,1b,100
EU781829,HCV,1b,100
EU781824,HCV,1a,100
EU781832,HCV,1b,100
EU529676,HCV,1a,100
EU482888,HCV,1b,100
EU529682,HCV,1b,100
EU529678,HCV,1a,100
EU595697,HCV,1a,100
EU660383,HCV,1a,100
EU482886,HCV,1b,100
EU529679,HCV,1a,100
EU595699,HCV,1a,100
EU529677,HCV,1a,100
EU569722,HCV,1a,100
EU569723,HCV,1a,100
EU529681,HCV,1a,100
EU781806,HCV,1a,100
EU781807,HCV,1a,100
EU660385,HCV,1a,100
EU595698,HCV,1a,100
EU781813,HCV,1a,100
EU781814,HCV,1a,100
EU781809,HCV,1a,100
EU781815,HCV,1a,100
OM811433,HCV,1a,100
OM811404,HCV,1b,100
OM811407,HCV,1b,100
OM811409,HCV,1b,100
OM811406,HCV,3a,100
OM811408,HCV,3a,100
OM811410,HCV,1b,100
OM811412,HCV,1a,100
OM811403,HCV,1b,100
OM811405,HCV,3a,100
OM811419,HCV,1b,100
OM811415,HCV,1b,100
OM811428,HCV,3a,100
OM811438,HCV,1b,100
MW357794,HCV,1b,100
OM811422,HCV,1b,100
OM811442,HCV,3a,100
MW357796,HCV,1b,100
MW357809,HCV,1b,100
MT603190,HCV,1a,100
MT603188,HCV,1a,100
MT603186,HCV,1a,100
MW357813,HCV,1b,100
MT603204,HCV,1a,100
MT603198,HCV,1a,100
MT603200,HCV,1a,100
MT603201,HCV,1a,100
MW357811,HCV,1b,100
MT603208,HCV,1a,100
MT603216,HCV,1b,100
MT603223,HCV,3a,100
MT603222,HCV,3a,100
MT603199,HCV,1a,100
MT603224,HCV,3a,100
MT603218,HCV,3a,100
MT603221,HCV,3a,100
KU870975,HCV,6n,100
KU870951,HCV,1b,100
MT603225,HCV,3a,100
MT603228,HCV,3a,100
MT603227,HCV,3a,100
MT603229,HCV,3a,100
MT603214,HCV,1b,100
MT603231,HCV,3a,100
MT603226,HCV,3a,100
MT603209,HCV,1a,100
KT148648,HCV,1a,100
KT148641,HCV,1a,100
KT148663,HCV,1a,100
KT148661,HCV,1a,100
KT148666,HCV,1a,100
KT148665,HCV,1a,100
KT148670,HCV,1a,100
KT148672,HCV,1a,100
KT148671,HCV,1a,100
KT148675,HCV,1a,100
KT148673,HCV,1a,100
KT148682,HCV,1a,100
KT148685,HCV,1a,100
KT148684,HCV,1a,100
KT148695,HCV,1a,100
KT148698,HCV,1a,100
KT148697,HCV,1a,100
KT148711,HCV,1b,100
KT148712,HCV,1b,100
KT148704,HCV,1a,100
KT148715,HCV,1b,100
KT148714,HCV,1b,100
KT148717,HCV,1b,100
KT148703,HCV,1a,100
KT148693,HCV,1a,100
KT148713,HCV,1b,100
KT148723,HCV,1b,100
KT148721,HCV,1b,100
KT148727,HCV,1b,100
KT148724,HCV,1b,100
KT148733,HCV,1b,100
KT148718,HCV,1b,100
KT148730,HCV,1b,100
KT148734,HCV,1b,100
KT148729,HCV,1b,100
KT148738,HCV,1b,100
KT148731,HCV,1b,100
KT148744,HCV,1b,100
KT148741,HCV,1b,100
KT148742,HCV,1b,100
KT148739,HCV,1b,100
KT148748,HCV,1b,100
KT148745,HCV,1b,100
KT148749,HCV,1b,100
KT148751,HCV,1b,100
KT148743,HCV,1b,100
KT148737,HCV,1b,100
KT148746,HCV,1b,100
KT148735,HCV,1b,100
KT148753,HCV,1b,100
KT148755,HCV,1b,100
KT148752,HCV,1b,100
KT148750,HCV,1b,100
KT148740,HCV,1b,100
KT148754,HCV,1b,100
D10130,HCV,3a,100
KT148747,HCV,1b,100
KT870168,HCV,1b,100
KT870165,HCV,1b,100
KT870166,HCV,1b,100
KT870173,HCV,1a,100
KT870167,HCV,1b,100
KT870171,HCV,1b,100
KT870172,HCV,1b,100
KT870175,HCV,1a,100
KT870174,HCV,1b,100
KT870178,HCV,1b,100
KT870161,HCV,1b,100
KT870179,HCV,1a,100
KT870176,HCV,1b,100
KT870180,HCV,1b,100
KT870181,HCV,1b,100
KT870177,HCV,1b,100
KT870194,HCV,1b,100
KT870183,HCV,1b,100
KT870190,HCV,1b,100
KT870186,HCV,1b,100
KT870188,HCV,1b,100
KT870191,HCV,1a,100
KT870197,HCV,1b,100
KT870187,HCV,1a,100
KT870184,HCV,1b,100
KT870201,HCV,1b,100
KT870196,HCV,1b,100
KT870189,HCV,1b,100
KT870202,HCV,1b,100
KT870208,HCV,1b,100
KT870203,HCV,1b,100
KT870199,HCV,1b,100
KT870205,HCV,1a,100
KT870198,HCV,1b,100
KT870200,HCV,1b,100
KT870204,HCV,1b,100
KT870212,HCV,1b,100
KT870216,HCV,1b,100
KT870215,HCV,1b,100
KT870218,HCV,1b,100
KT870210,HCV,1b,100
KT870221,HCV,1b,100
KT870219,HCV,1b,100
KT870225,HCV,1b,100
KT870227,HCV,1a,100
KT870223,HCV,1b,100
KT870222,HCV,1b,100
KT870214,HCV,1a,100
KT870232,HCV,1b,100
KT870213,HCV,1b,100
KT870226,HCV,1b,100
KT870220,HCV,1b,100
KT870237,HCV,1b,100
KT870228,HCV,1b,100
KT870229,HCV,1b,100
KT870217,HCV,1b,100
KT870233,HCV,1b,100
KT870234,HCV,1b,100
KT870235,HCV,1b,100
KT870242,HCV,1a,100
KT870231,HCV,1b,100
KT870224,HCV,1a,100
KT870239,HCV,1b,100
KT870230,HCV,1b,100
KT870236,HCV,1b,100
KT870238,HCV,1b,100
KT870244,HCV,1b,100
KT870240,HCV,1b,100
KT870251,HCV,1b,100
KT870243,HCV,1b,100
KT870241,HCV,1b,100
KT870246,HCV,1b,100
KT870249,HCV,1b,100
KT870254,HCV,1b,100
KT870247,HCV,1a,100
KT870258,HCV,1b,100
KT870255,HCV,1b,100
KT870250,HCV,1b,100
KT870259,HCV,1b,100
KT870262,HCV,1a,100
KT870248,HCV,1b,100
KT870253,HCV,1b,100
KT870261,HCV,1b,100
KT870267,HCV,1b,100
KT870245,HCV,1a,100
KT870260,HCV,1b,100
KT870269,HCV,1b,100
KT870256,HCV,1a,100
KT870271,HCV,1b,100
KT870257,HCV,1a,100
KT870264,HCV,1b,100
KT870265,HCV,1b,100
KT870268,HCV,1b,100
KT870252,HCV,1a,100
KT870263,HCV,1b,100
KT870277,HCV,1b,100
KT870270,HCV,1b,100
KT870274,HCV,1b,100
KT870279,HCV,1b,100
KT870273,HCV,1a,100
KT870275,HCV,1b,100
KT870278,HCV,1b,100
KT870276,HCV,1a,100
KT870266,HCV,1b,100
KT870281,HCV,1b,100
KT870272,HCV,1b,100
KT870285,HCV,1b,100
KT870289,HCV,1a,100
KT870282,HCV,1b,100
KT870293,HCV,1b,100
KT870286,HCV,1a,100
KT870291,HCV,1b,100
KT870297,HCV,1b,100
KT870290,HCV,1b,100
KT870292,HCV,1b,100
KT870280,HCV,1b,100
KT870287,HCV,1a,100
KT870300,HCV,1b,100
KT870295,HCV,1b,100
KT870296,HCV,1b,100
KT870302,HCV,1b,100
KT870283,HCV,1a,100
KT870284,HCV,1b,100
KT870294,HCV,1b,100
KT870288,HCV,1b,100
KT870299,HCV,1b,100
KT870308,HCV,1a,100
KT870301,HCV,1b,100
KT870307,HCV,1a,100
KT870298,HCV,1b,100
KT870310,HCV,1b,100
KT870304,HCV,1b,100
KT870315,HCV,1a,100
KT870312,HCV,1b,100
KT870306,HCV,1b,100
KT870311,HCV,1b,100
KT870305,HCV,1b,100
KT870319,HCV,1b,100
KT870318,HCV,1a,100
KT870303,HCV,1b,100
KT870313,HCV,1b,100
KT870316,HCV,1b,100
KT870322,HCV,1a,100
KT870314,HCV,1b,100
KT870317,HCV,1a,100
KT870309,HCV,1b,100
KT870325,HCV,1b,100
KT870331,HCV,1b,100
KT870334,HCV,1a,100
KT870320,HCV,1b,100
KT870338,HCV,1b,100
KT870335,HCV,1b,100
KT870349,HCV,1b,100
KT870350,HCV,1b,100
KT870340,HCV,1b,100
KT870354,HCV,1b,100
KT870355,HCV,1b,100
KT870358,HCV,1b,100
KT870361,HCV,1a,100
KT870367,HCV,1b,100
KT870364,HCV,1b,100
KT870353,HCV,1b,100
KT870374,HCV,1a,100
KT870379,HCV,1a,100
KT870373,HCV,1b,100
KT870368,HCV,1b,100
KT870375,HCV,1b,100
KT870372,HCV,1a,100
KT870380,HCV,1b,100
KT870363,HCV,1b,100
KT870382,HCV,1b,100
KT870371,HCV,1b,100
KT870369,HCV,1b,100
KT870388,HCV,1b,100
KT870393,HCV,1b,100
KT870385,HCV,1b,100
KT870387,HCV,1b,100
KT870389,HCV,1b,100
KT870384,HCV,1b,100
KT870395,HCV,1a,100
KT870377,HCV,1b,100
KT870386,HCV,1b,100
KT870390,HCV,1b,100
KT870383,HCV,1b,100
KT870392,HCV,1b,100
KT870391,HCV,1b,100
KT870403,HCV,1b,100
KT870398,HCV,1b,100
KT870408,HCV,1b,100
KT870409,HCV,1b,100
KT870407,HCV,1b,100
KT870404,HCV,1b,100
KT870401,HCV,1b,100
KT870414,HCV,1a,100
KT870415,HCV,1b,100
KT870417,HCV,1b,100
KT870416,HCV,1b,100
KT870397,HCV,1a,100
KT870413,HCV,1b,100
KT870406,HCV,1b,100
KT870418,HCV,1b,100
KT870411,HCV,1b,100
KT870429,HCV,1b,100
KT870428,HCV,1b,100
KT870422,HCV,1b,100
KT870426,HCV,1b,100
KT870435,HCV,1b,100
KT870424,HCV,1b,100
KT870438,HCV,1b,100
KT870447,HCV,1b,100
KT870440,HCV,1a,100
KT870445,HCV,1b,100
KT870439,HCV,1b,100
KT870442,HCV,1a,100
KT870434,HCV,1b,100
KT870436,HCV,1b,100
KT870444,HCV,1b,100
KT870448,HCV,1b,100
KT870451,HCV,1a,100
KT870450,HCV,1b,100
KT870454,HCV,1b,100
KT870457,HCV,1b,100
KT870455,HCV,1b,100
KT870458,HCV,1b,100
KT870456,HCV,1b,100
KT870459,HCV,1b,100
KT870467,HCV,1b,100
KT870463,HCV,1b,100
KT870461,HCV,1b,100
KT870453,HCV,1b,100
KT870460,HCV,1b,100
KT870466,HCV,1b,100
KT870468,HCV,1b,100
KT870462,HCV,1b,100
KT870473,HCV,1b,100
KT870469,HCV,1b,100
KT870452,HCV,1b,100
KT870464,HCV,1b,100
KT870465,HCV,1b,100
KT870475,HCV,1b,100
KT870472,HCV,1b,100
KT870480,HCV,1b,100
KT870470,HCV,1b,100
KT870484,HCV,1b,100
KT870474,HCV,1b,100
KT870477,HCV,1b,100
KT870471,HCV,1b,100
KT870485,HCV,1b,100
KT870479,HCV,1b,100
KT870476,HCV,1b,100
KT870481,HCV,1a,100
KT870488,HCV,1b,100
KT870490,HCV,1b,100
KT870486,HCV,1b,100
KT870492,HCV,1a,100
KT870483,HCV,1a,100
KT870494,HCV,1b,100
KT870496,HCV,1b,100
KT870497,HCV,1a,100
KT870498,HCV,1a,100
KT870487,HCV,1a,100
KT870491,HCV,1b,100
KT870502,HCV,1b,100
KT870499,HCV,1a,100
KT870510,HCV,1b,100
KT870503,HCV,1b,100
KT870500,HCV,1b,100
KT870506,HCV,1a,100
KT870501,HCV,1b,100
KT870507,HCV,1b,100
KT870508,HCV,1b,100
KT870504,HCV,1b,100
KT870513,HCV,1b,100
KT870519,HCV,1b,100
KT870520,HCV,1b,100
KT870517,HCV,1b,100
KT870522,HCV,1b,100
KT870515,HCV,1b,100
KT870516,HCV,1b,100
KT870478,HCV,1b,100
KT870521,HCV,1a,100
KT870518,HCV,1b,100
KT870512,HCV,1b,100
KT870514,HCV,1b,100
KT870525,HCV,1b,100
KT870532,HCV,1b,100
KT870530,HCV,1b,100
KT870535,HCV,1b,100
KT870531,HCV,1b,100
KT870534,HCV,1b,100
KT870537,HCV,1b,100
KT870527,HCV,1b,100
KT870528,HCV,1b,100
KT870539,HCV,1b,100
KT870529,HCV,1b,100
KT870542,HCV,1b,100
KT870533,HCV,1b,100
KT870538,HCV,1a,100
KT870541,HCV,1b,100
KT870547,HCV,1a,100
KT870545,HCV,1b,100
KT870536,HCV,1a,100
KT870548,HCV,1b,100
KT870546,HCV,1b,100
KT870540,HCV,1a,100
KT870551,HCV,1b,100
KT870556,HCV,1b,100
KT870550,HCV,1a,100
KT870543,HCV,1a,100
KT870549,HCV,1a,100
KT870544,HCV,1b,100
KT870554,HCV,1a,100
KT870555,HCV,1b,100
KT870559,HCV,1b,100
KT870557,HCV,1b,100
KT870558,HCV,1a,100
KT870561,HCV,1b,100
KT870552,HCV,1b,100
KT870564,HCV,1b,100
KT870567,HCV,1b,100
KT870566,HCV,1b,100
KT870565,HCV,1b,100
KT870572,HCV,1b,100
KT870570,HCV,1a,100
KT870562,HCV,1b,100
KT870563,HCV,1a,100
KT870553,HCV,1b,100
KT870571,HCV,1b,100
KT870568,HCV,1b,100
KT870573,HCV,1a,100
KT870580,HCV,1b,100
KT870569,HCV,1b,100
KT870576,HCV,1b,100
KT870575,HCV,1b,100
KT870560,HCV,1b,100
KT870581,HCV,1b,100
KT870577,HCV,1b,100
KT870583,HCV,1b,100
KT870582,HCV,1a,100
KT870574,HCV,1b,100
KT870587,HCV,1b,100
KT870584,HCV,1b,100
KT870588,HCV,1b,100
KT870585,HCV,1b,100
KT870590,HCV,1a,100
KT870598,HCV,1b,100
KT870586,HCV,1a,100
KT870593,HCV,1b,100
KT870591,HCV,1b,100
KT870592,HCV,1b,100
KT870589,HCV,1b,100
KT870595,HCV,1b,100
KT870602,HCV,1a,100
KT870597,HCV,1b,100
KT870601,HCV,1b,100
KT870596,HCV,1b,100
KT870603,HCV,1b,100
KT870609,HCV,1b,100
KT870608,HCV,1b,100
KT870606,HCV,1b,100
KT870610,HCV,1b,100
KT870599,HCV,1b,100
KT870604,HCV,1b,100
KT870594,HCV,1b,100
KT870579,HCV,1b,100
KT870607,HCV,1b,100
KT870611,HCV,1b,100
KT870614,HCV,1b,100
KT870615,HCV,1b,100
KT870613,HCV,1b,100
KT870612,HCV,1a,100
KT870605,HCV,1b,100
KT870616,HCV,1b,100
KT870617,HCV,1b,100
KT870621,HCV,1b,100
KT870620,HCV,1b,100
KT870623,HCV,1b,100
KT870626,HCV,1b,100
KT870625,HCV,1b,100
KT870618,HCV,1a,100
KT870619,HCV,1b,100
KT870622,HCV,1b,100
KT870627,HCV,1b,100
KT870630,HCV,1a,100
KT870600,HCV,1b,100
KT870634,HCV,1b,100
KT870624,HCV,1b,100
KT870637,HCV,1b,100
KT870636,HCV,1b,100
KT870638,HCV,1a,100
KT870641,HCV,1b,100
KT870642,HCV,1a,100
KT870643,HCV,1b,100
KT870649,HCV,1b,100
KT870629,HCV,1b,100
KT870654,HCV,1b,100
KT870646,HCV,1b,100
KT870639,HCV,1b,100
KT870645,HCV,1a,100
KT870655,HCV,1a,100
KT870650,HCV,1b,100
KT870647,HCV,1b,100
KT870660,HCV,1b,100
KT870651,HCV,1b,100
KT870663,HCV,1b,100
KT870657,HCV,1a,100
KT870665,HCV,1b,100
KT870664,HCV,1a,100
KT870659,HCV,1b,100
KT870652,HCV,1b,100
KT870658,HCV,1b,100
KT870669,HCV,1b,100
KT870666,HCV,1b,100
KT870668,HCV,1b,100
KT870667,HCV,1b,100
KT870661,HCV,1b,100
KT870673,HCV,1b,100
KT870671,HCV,1a,100
KT870675,HCV,1b,100
KT870679,HCV,1b,100
KT870672,HCV,1b,100
KT870674,HCV,1b,100
KT870676,HCV,1a,100
KT870678,HCV,1b,100
KT870681,HCV,1b,100
KT870684,HCV,1a,100
KT870686,HCV,1b,100
KT870662,HCV,1a,100
KT870682,HCV,1b,100
KT870683,HCV,1b,100
KT870688,HCV,1b,100
KT870691,HCV,1b,100
KT870680,HCV,1b,100
KT870685,HCV,1b,100
KT870687,HCV,1b,100
KT870689,HCV,1b,100
KT870677,HCV,1b,100
KT870670,HCV,1b,100
KT870693,HCV,1b,100
KT870690,HCV,1b,100
KT870694,HCV,1b,100
KT870700,HCV,1b,100
KT870698,HCV,1b,100
KT870697,HCV,1b,100
KT870702,HCV,1b,100
KT870692,HCV,1b,100
KT870696,HCV,1b,100
KT870705,HCV,1b,100
KT870701,HCV,1b,100
KT870706,HCV,1b,100
KT870703,HCV,1b,100
KT870704,HCV,1b,100
KT870695,HCV,1a,100
KT870709,HCV,1b,100
KT870699,HCV,1a,100
KT870712,HCV,1b,100
KT870708,HCV,1b,100
KT870711,HCV,1b,100
KT870718,HCV,1a,100
KT870714,HCV,1b,100
KT870716,HCV,1b,100
KT870710,HCV,1b,100
KT870713,HCV,1b,100
KT870720,HCV,1b,100
KT870721,HCV,1b,100
KT870707,HCV,1b,100
KT870719,HCV,1b,100
KT870723,HCV,1b,100
KT870717,HCV,1b,100
KT870715,HCV,1b,100
KT870728,HCV,1b,100
KT870727,HCV,1a,100
KT870730,HCV,1b,100
KT870729,HCV,1b,100
KT870732,HCV,1b,100
KT870733,HCV,1b,100
KT870731,HCV,1b,100
KT870735,HCV,1b,100
KT870722,HCV,1b,100
KT870736,HCV,1b,100
KT870737,HCV,1b,100
KT870734,HCV,1b,100
KT870743,HCV,1b,100
KT870724,HCV,1b,100
KT870739,HCV,1b,100
KT870725,HCV,1b,100
KT870738,HCV,1b,100
KT870746,HCV,1b,100
KT870744,HCV,1b,100
KT870748,HCV,1b,100
KT870745,HCV,1b,100
KT870726,HCV,1b,100
KT870749,HCV,1b,100
KT870742,HCV,1b,100
KT870753,HCV,1b,100
KT870740,HCV,1b,100
KT870741,HCV,1a,100
KT870752,HCV,1b,100
KT870751,HCV,1a,100
KT870756,HCV,1a,100
KT870757,HCV,1b,100
KT870755,HCV,1b,100
KT870754,HCV,1b,100
KT870759,HCV,1b,100
KT870758,HCV,1b,100
KT870762,HCV,1b,100
KT870765,HCV,1b,100
KT870763,HCV,1b,100
KT870747,HCV,1a,100
KT870750,HCV,1b,100
KT870764,HCV,1b,100
KT870766,HCV,1b,100
KT870767,HCV,1b,100
KT870770,HCV,1a,100
KT870768,HCV,1b,100
KT870769,HCV,1b,100
KT870761,HCV,1b,100
KT870772,HCV,1b,100
KT870773,HCV,1b,100
KT870775,HCV,1b,100
KT870774,HCV,1b,100
KT870778,HCV,1b,100
KT870760,HCV,1b,100
KT870771,HCV,1a,100
KT870777,HCV,1b,100
KT870780,HCV,1b,100
KT870779,HCV,1b,100
KT870782,HCV,1b,100
KT870785,HCV,1b,100
KT870786,HCV,1b,100
KT870783,HCV,1b,100
KT870787,HCV,1b,100
KT870781,HCV,1b,100
KT870792,HCV,1b,100
KT870776,HCV,1a,100
KT870784,HCV,1b,100
KT870789,HCV,1b,100
KT870794,HCV,1b,100
KT870796,HCV,1b,100
KT870788,HCV,1b,100
KT870790,HCV,1b,100
KT870800,HCV,1b,100
KT870795,HCV,1b,100
KT870791,HCV,1a,100
KT870793,HCV,1b,100
KT870804,HCV,1b,100
KT870806,HCV,1b,100
KT870799,HCV,1b,100
KT870797,HCV,1b,100
KT870798,HCV,1b,100
KT870802,HCV,1b,100
KT870807,HCV,1b,100
KT870809,HCV,1b,100
KT870801,HCV,1b,100
KT870803,HCV,1b,100
KT870810,HCV,1b,100
KT870815,HCV,1b,100
KT870817,HCV,1a,100
KT870820,HCV,1b,100
KT870822,HCV,1b,100
KT870818,HCV,1a,100
KT870812,HCV,1b,100
KT870811,HCV,1b,100
KT870813,HCV,1b,100
KT870808,HCV,1b,100
KT870819,HCV,1b,100
KT870824,HCV,1b,100
KT870827,HCV,1b,100
KT870816,HCV,1a,100
KT870830,HCV,1b,100
KT870825,HCV,1b,100
KT870814,HCV,1b,100
KT870823,HCV,1b,100
KT870821,HCV,1b,100
KT870834,HCV,1b,100
KT870831,HCV,1a,100
KT870833,HCV,1b,100
KT870832,HCV,1a,100
KT870828,HCV,1b,100
KT870836,HCV,1b,100
KT870838,HCV,1b,100
KT870835,HCV,1b,100
KT870837,HCV,1b,100
KT870829,HCV,1b,100
KT870841,HCV,1a,100
KT870845,HCV,1b,100
KT870840,HCV,1b,100
KT870826,HCV,1b,100
KT870847,HCV,1b,100
KT870848,HCV,1b,100
KT870844,HCV,1b,100
KT870842,HCV,1b,100
KT870839,HCV,1b,100
KT870855,HCV,1b,100
KT870846,HCV,1b,100
KT870858,HCV,1b,100
KT870859,HCV,1a,100
KT870852,HCV,1b,100
KT870857,HCV,1b,100
KT870853,HCV,1b,100
KT870869,HCV,1a,100
KT870849,HCV,1b,100
KT870860,HCV,1a,100
KT870867,HCV,1b,100
KT870870,HCV,1b,100
KT870865,HCV,1b,100
KT870864,HCV,1b,100
KT870871,HCV,1b,100
KT870868,HCV,1b,100
KT870866,HCV,1b,100
KT870862,HCV,1b,100
KT870880,HCV,1b,100
KT870875,HCV,1b,100
KT870876,HCV,1b,100
KT870879,HCV,1b,100
KT870874,HCV,1b,100
KT870877,HCV,1a,100
KT870882,HCV,1a,100
KT870878,HCV,1b,100
KT870872,HCV,1a,100
KT870887,HCV,1a,100
KT870888,HCV,1a,100
KT870873,HCV,1b,100
KT870884,HCV,1b,100
KT870890,HCV,1b,100
KT870891,HCV,1b,100
KT870892,HCV,1b,100
KT870889,HCV,1b,100
KT870894,HCV,1b,100
KT870895,HCV,1b,100
KT870881,HCV,1b,100
KT870885,HCV,1b,100
KT870886,HCV,1b,100
KT870898,HCV,1b,100
KT870900,HCV,1b,100
KT870883,HCV,1b,100
KT870901,HCV,1b,100
KT870902,HCV,1b,100
KT870896,HCV,1a,100
KT870897,HCV,1b,100
KT870903,HCV,1b,100
KT870893,HCV,1b,100
KT870905,HCV,1b,100
KT870904,HCV,1b,100
KT870906,HCV,1b,100
KT870908,HCV,1b,100
KT870899,HCV,1b,100
KT870909,HCV,1b,100
KT870919,HCV,1b,100
KT870907,HCV,1b,100
KT870911,HCV,1b,100
KT870913,HCV,1b,100
KT870910,HCV,1b,100
KT870918,HCV,1a,100
KT148678,HCV,1a,100
KT148691,HCV,1a,100
KT148680,HCV,1a,100
KT148674,HCV,1a,100
KT148694,HCV,1a,100
KT148696,HCV,1a,100
KT870856,HCV,1b,100
OM811411,HCV,3a,100
OM811413,HCV,3a,100
OM811423,HCV,3a,100
OM811418,HCV,1a,100
OM811417,HCV,3a,100
OM811416,HCV,1b,100
OM811421,HCV,1b,100
OM811424,HCV,3a,100
OM811414,HCV,1b,100
OM811431,HCV,3a,100
OM811426,HCV,3a,100
OM811427,HCV,1b,100
OM811429,HCV,1b,100
OM811430,HCV,1b,100
OM811435,HCV,3a,100
OM811420,HCV,3a,100
OM811436,HCV,1b,100
OM811425,HCV,1b,100
OM811439,HCV,3a,100
OM811432,HCV,1b,100
OM811443,HCV,1b,100
OM811440,HCV,1a,100
OM811441,HCV,1b,100
MW357797,HCV,1b,100
MW357801,HCV,1b,100
MW357798,HCV,1b,100
MW357800,HCV,1b,100
MW357802,HCV,1b,100
MW357795,HCV,1b,100
MW357804,HCV,1b,100
MW357803,HCV,1b,100
MW357806,HCV,1b,100
OM811434,HCV,3a,100
MW357805,HCV,1b,100
MW357807,HCV,1b,100
MW357808,HCV,1b,100
MW357814,HCV,1b,100
MT603183,HCV,1a,100
OM811437,HCV,1b,100
MW357810,HCV,1b,100
MW357812,HCV,1b,100
MT603185,HCV,1a,100
MT603184,HCV,1a,100
MT603191,HCV,1a,100
MT603187,HCV,1a,100
MT603192,HCV,1a,100
MT603189,HCV,1a,100
MT603194,HCV,1a,100
MT603195,HCV,1a,100
MT603193,HCV,1a,100
MT603196,HCV,1a,100
MT603197,HCV,1a,100
MW357799,HCV,1b,100
MT603202,HCV,1a,100
MW357793,HCV,1b,100
MT603203,HCV,1a,100
MT603205,HCV,1a,100
MT603207,HCV,1a,100
MT603212,HCV,1a,100
MT603210,HCV,1a,100
MT603213,HCV,1a,100
MT603211,HCV,1a,100
MT603220,HCV,3a,100
MT603219,HCV,3a,100
MT603217,HCV,1b,100
MT603215,HCV,1b,100
MT603206,HCV,1a,100
MT603232,HCV,3a,100
KT148640,HCV,1a,100
MT603230,HCV,3a,100
KT148638,HCV,1a,100
KT148646,HCV,1a,100
KT148645,HCV,1a,100
KT148644,HCV,1a,100
KT148649,HCV,1a,100
KT148647,HCV,1a,100
KT148654,HCV,1a,100
KT148652,HCV,1a,100
KT148650,HCV,1a,100
KT148656,HCV,1a,100
KT148657,HCV,1a,100
KT148643,HCV,1a,100
KT148639,HCV,1a,100
KT148653,HCV,1a,100
KT148642,HCV,1a,100
KT148660,HCV,1a,100
KT148659,HCV,1a,100
KT148664,HCV,1a,100
KT148651,HCV,1a,100
KT148667,HCV,1a,100
KT148658,HCV,1a,100
KT148662,HCV,1a,100
KT148676,HCV,1a,100
KT148668,HCV,1a,100
KT148669,HCV,1a,100
KT148677,HCV,1a,100
KT148683,HCV,1a,100
KT148689,HCV,1a,100
KT148655,HCV,1a,100
KT148679,HCV,1a,100
KT148681,HCV,1a,100
KT148688,HCV,1a,100
KT148692,HCV,1a,100
KT148705,HCV,1a,100
KT148706,HCV,1a,100
KT148700,HCV,1a,100
KT148707,HCV,1a,100
KT148708,HCV,1a,100
KT148699,HCV,1a,100
KT148709,HCV,1a,100
KT148716,HCV,1b,100
KT148719,HCV,1b,100
KT148720,HCV,1b,100
KT148726,HCV,1b,100
KT148701,HCV,1a,100
KT148722,HCV,1b,100
KT148725,HCV,1b,100
KT148710,HCV,1a,100
KT148702,HCV,1a,100
KT148728,HCV,1b,100
KT148736,HCV,1b,100
KT148732,HCV,1b,100
KT148756,HCV,1b,100
D10131,HCV,3a,100
KT870160,HCV,1b,100
KT870159,HCV,1b,100
KT870162,HCV,1b,100
KT870169,HCV,1b,100
KT870163,HCV,1b,100
KT870164,HCV,1b,100
KT870170,HCV,1b,100
KT870182,HCV,1b,100
KT870195,HCV,1a,100
KT870193,HCV,1b,100
KT870192,HCV,1b,100
KT870185,HCV,1a,100
KT870321,HCV,1b,100
KT870332,HCV,1b,100
KT870330,HCV,1b,100
KT870323,HCV,1b,100
KT870327,HCV,1b,100
KT870324,HCV,1b,100
KT870336,HCV,1b,100
KT870326,HCV,1a,100
KT870329,HCV,1b,100
KT870337,HCV,1b,100
KT870333,HCV,1b,100
KT870328,HCV,1a,100
KT870346,HCV,1b,100
KT870347,HCV,1b,100
KT870342,HCV,1b,100
KT870352,HCV,1b,100
KT870351,HCV,1b,100
KT870341,HCV,1b,100
KT870344,HCV,1b,100
KT870345,HCV,1b,100
KT870339,HCV,1a,100
KT870348,HCV,1b,100
KT870357,HCV,1a,100
KT870359,HCV,1b,100
KT870356,HCV,1b,100
KT870360,HCV,1b,100
KT870343,HCV,1b,100
KT870366,HCV,1b,100
KT870370,HCV,1a,100
KT870365,HCV,1b,100
KT870362,HCV,1b,100
KT870378,HCV,1a,100
KT870376,HCV,1b,100
KT870381,HCV,1b,100
KT870396,HCV,1b,100
KT870399,HCV,1b,100
KT870394,HCV,1b,100
KT870410,HCV,1b,100
KT870400,HCV,1b,100
KT870405,HCV,1b,100
KT870419,HCV,1b,100
KT870420,HCV,1b,100
KT870402,HCV,1b,100
KT870421,HCV,1b,100
KT870412,HCV,1a,100
KT870427,HCV,1b,100
KT870423,HCV,1b,100
KT870431,HCV,1b,100
KT870432,HCV,1b,100
KT870433,HCV,1b,100
KT870425,HCV,1b,100
KT870437,HCV,1b,100
KT870430,HCV,1b,100
KT870443,HCV,1b,100
KT870441,HCV,1b,100
KT870446,HCV,1a,100
KT870449,HCV,1b,100
KT870489,HCV,1a,100
KT870493,HCV,1b,100
KT870482,HCV,1a,100
KT870505,HCV,1b,100
KT870495,HCV,1b,100
KT870509,HCV,1b,100
KT870511,HCV,1b,100
KT870523,HCV,1b,100
KT870524,HCV,1b,100
KT870526,HCV,1b,100
KT870578,HCV,1b,100
KT870633,HCV,1b,100
KT870631,HCV,1a,100
KT870635,HCV,1b,100
KT870640,HCV,1b,100
KT870632,HCV,1b,100
KT870628,HCV,1a,100
KT870656,HCV,1b,100
KT870653,HCV,1b,100
KT870644,HCV,1b,100
KT870648,HCV,1b,100
KT870805,HCV,1b,100
KT870851,HCV,1a,100
KT870854,HCV,1b,100
KT870843,HCV,1b,100
KT870850,HCV,1a,100
KT870861,HCV,1b,100
KT870863,HCV,1b,100
KT870916,HCV,1b,100
KT870915,HCV,1a,100
KT870912,HCV,1b,100
KT870917,HCV,1b,100
KT148690,HCV,1a,100
KT148687,HCV,1a,100
KT148686,HCV,1a,100
D10133,HCV,3a,100
D10132,HCV,3a,100
D10134,HCV,2b,100
KT870207,HCV,1b,100
KT870209,HCV,1b,100
KT870206,HCV,1b,100
KT870211,HCV,1b,100
KT870914,HCV,1b,100
OM312099,HCV,1a,100
OM312098,HCV,1a,100
OM312101,HCV,1a,100
OM312103,HCV,1a,100
OM312104,HCV,1a,100
OM312100,HCV,1a,100
KT870920,HCV,1b,100
KT870921,HCV,1b,100
KT870926,HCV,1b,100
KT870923,HCV,1b,100
KT870930,HCV,1b,100
KT870932,HCV,1b,100
KT870933,HCV,1b,100
KT870934,HCV,1b,100
KT870922,HCV,1b,100
KT870935,HCV,1a,100
KT870931,HCV,1b,100
KT870936,HCV,1b,100
KT870925,HCV,1b,100
KT870941,HCV,1a,100
KT870938,HCV,1b,100
KT870940,HCV,1b,100
KT870939,HCV,1b,100
KT870945,HCV,1b,100
KT870937,HCV,1b,100
KT870944,HCV,1a,100
KT870946,HCV,1a,100
KT870949,HCV,1b,100
KT870942,HCV,1b,100
KT870953,HCV,1b,100
KT870954,HCV,1b,100
KT870947,HCV,1b,100
KT870948,HCV,1b,100
KT870952,HCV,1b,100
KT870943,HCV,1a,100
KT870955,HCV,1b,100
KT870951,HCV,1b,100
KT870956,HCV,1b,100
KT870961,HCV,1a,100
KT870963,HCV,1b,100
KT870959,HCV,1b,100
KT870950,HCV,1b,100
KT870958,HCV,1b,100
KT870964,HCV,1a,100
KT870967,HCV,1b,100
KT870957,HCV,1b,100
KT870960,HCV,1a,100
KT870970,HCV,1b,100
KT870969,HCV,1b,100
KT870962,HCV,1a,100
KT870972,HCV,1b,100
KT870971,HCV,1b,100
KT870978,HCV,1b,100
KT870975,HCV,1b,100
KT870973,HCV,1b,100
KT870976,HCV,1b,100
KT870966,HCV,1b,100
KT870980,HCV,1b,100
KT870979,HCV,1b,100
KT870977,HCV,1b,100
KT870985,HCV,1b,100
KT870974,HCV,1b,100
KT870982,HCV,1a,100
KT870983,HCV,1b,100
KT870988,HCV,1a,100
KT870986,HCV,1a,100
KT870990,HCV,1a,100
KT870989,HCV,1b,100
KT870992,HCV,1b,100
KT870991,HCV,1b,100
KT870993,HCV,1b,100
KT870984,HCV,1a,100
KT870987,HCV,1b,100
KT870996,HCV,1b,100
KT870997,HCV,1b,100
KT870994,HCV,1b,100
KT870995,HCV,1b,100
KT871000,HCV,1b,100
KT870999,HCV,1b,100
KT870998,HCV,1b,100
KT871002,HCV,1b,100
KT871004,HCV,1b,100
KT871005,HCV,1b,100
KT871010,HCV,1b,100
KT871006,HCV,1b,100
KT871009,HCV,1b,100
KT871007,HCV,1a,100
KT871013,HCV,1b,100
KT871011,HCV,1b,100
KT871012,HCV,1b,100
KT871001,HCV,1a,100
KT871008,HCV,1a,100
KT871014,HCV,1a,100
KT871019,HCV,1b,100
KT870981,HCV,1b,100
KT871024,HCV,1a,100
KT871023,HCV,1b,100
KT871018,HCV,1b,100
KT871025,HCV,1b,100
KT871015,HCV,1b,100
KT871027,HCV,1b,100
KT871020,HCV,1b,100
KT871016,HCV,1b,100
KT871026,HCV,1a,100
KT871022,HCV,1b,100
KT871029,HCV,1b,100
KT871021,HCV,1b,100
KT871032,HCV,1a,100
KT871030,HCV,1b,100
KT871031,HCV,1b,100
KT871040,HCV,1b,100
KT871038,HCV,1b,100
KT871044,HCV,1b,100
KT871037,HCV,1b,100
KT871042,HCV,1b,100
KT871039,HCV,1b,100
KT871035,HCV,1b,100
KT871046,HCV,1b,100
KT871043,HCV,1b,100
KT871034,HCV,1b,100
KT871041,HCV,1b,100
KT871049,HCV,1b,100
KT871050,HCV,1b,100
KT871052,HCV,1b,100
KT871056,HCV,1b,100
KT871059,HCV,1b,100
KT871058,HCV,1b,100
KT871062,HCV,1b,100
KT871064,HCV,1b,100
KT871057,HCV,1b,100
KT871060,HCV,1b,100
KT871068,HCV,1b,100
KT871066,HCV,1b,100
KT871074,HCV,1b,100
KT871067,HCV,1b,100
KT871073,HCV,1b,100
KT871072,HCV,1a,100
KT871070,HCV,1b,100
KT871063,HCV,1b,100
KT871069,HCV,1b,100
KT871076,HCV,1b,100
KT871077,HCV,1b,100
KT871078,HCV,1b,100
KT871089,HCV,1a,100
KT871090,HCV,1a,100
KT871080,HCV,1b,100
KT871088,HCV,1b,100
KT871083,HCV,1b,100
KT871093,HCV,1b,100
KT871091,HCV,1a,100
KT871081,HCV,1b,100
KT871100,HCV,1b,100
KT871094,HCV,1b,100
KT871101,HCV,1b,100
KT871097,HCV,1b,100
KT871103,HCV,1b,100
KT871099,HCV,1b,100
KT871102,HCV,1b,100
KT871098,HCV,1a,100
KT871095,HCV,1a,100
KT871114,HCV,1b,100
KT871113,HCV,1b,100
KT871109,HCV,1a,100
KT871111,HCV,1b,100
KT871115,HCV,1b,100
KT871117,HCV,1b,100
KT871108,HCV,1b,100
KT871110,HCV,1b,100
KT871118,HCV,1b,100
KT871121,HCV,1b,100
KT871107,HCV,1b,100
KT871124,HCV,1b,100
KT871119,HCV,1b,100
KT871122,HCV,1b,100
KT871125,HCV,1a,100
KT871120,HCV,1b,100
KT871116,HCV,1b,100
KT871126,HCV,1a,100
KT871130,HCV,1a,100
KT871127,HCV,1b,100
KT871128,HCV,1b,100
KT871136,HCV,1a,100
KT871134,HCV,1b,100
KT871135,HCV,1b,100
KT871140,HCV,1b,100
KT871132,HCV,1b,100
KT871137,HCV,1b,100
KT871133,HCV,1b,100
KT871141,HCV,1b,100
KT871149,HCV,1b,100
KT871138,HCV,1a,100
KT871145,HCV,1b,100
KT871147,HCV,1b,100
KT871142,HCV,1b,100
KT871146,HCV,1a,100
KT871154,HCV,1b,100
KT871143,HCV,1b,100
KT871153,HCV,1b,100
KT871150,HCV,1b,100
KT871139,HCV,1b,100
KT871164,HCV,1b,100
KT871161,HCV,1b,100
KT871152,HCV,1b,100
KT871156,HCV,1a,100
KT871159,HCV,1b,100
KT871157,HCV,1a,100
KT871163,HCV,1b,100
KT871169,HCV,1a,100
KT871172,HCV,1b,100
KT871162,HCV,1a,100
KT871174,HCV,1a,100
KT871170,HCV,1b,100
KT871180,HCV,1b,100
KT871167,HCV,1b,100
KT871184,HCV,1a,100
KT871177,HCV,1a,100
KT871178,HCV,1b,100
KT871186,HCV,1a,100
KT871176,HCV,1a,100
KT871190,HCV,1b,100
KT871183,HCV,1b,100
KT871187,HCV,1b,100
KT871192,HCV,1b,100
KT871185,HCV,1b,100
KT871196,HCV,1a,100
KT871199,HCV,1b,100
KT871203,HCV,1b,100
KT871200,HCV,1b,100
KT871193,HCV,1b,100
KT871205,HCV,1b,100
KT871206,HCV,1b,100
KT871212,HCV,1b,100
KT871201,HCV,1b,100
KT871208,HCV,1b,100
KT871214,HCV,1a,100
KT871213,HCV,1b,100
KT871218,HCV,1b,100
KT871226,HCV,1b,100
KT871227,HCV,1a,100
KT871228,HCV,1a,100
KT871222,HCV,1b,100
KT871215,HCV,1a,100
KT871219,HCV,1b,100
KT871231,HCV,1b,100
KT871216,HCV,1b,100
KT871229,HCV,1b,100
KT871235,HCV,1b,100
KT871221,HCV,1b,100
KT871232,HCV,1b,100
KT871237,HCV,1b,100
KT871224,HCV,1b,100
KT871234,HCV,1b,100
KT871230,HCV,1b,100
KT871236,HCV,1b,100
KT871241,HCV,1b,100
KT871243,HCV,1b,100
KT871225,HCV,1b,100
KT871248,HCV,1b,100
KT871247,HCV,1b,100
KT871238,HCV,1b,100
KT871249,HCV,1b,100
KT871244,HCV,1b,100
KT871253,HCV,1b,100
KT871246,HCV,1b,100
KT871239,HCV,1b,100
KT871242,HCV,1b,100
KT871251,HCV,1b,100
KT871256,HCV,1b,100
KT871233,HCV,1b,100
KT871252,HCV,1b,100
KT871255,HCV,1b,100
KT871260,HCV,1b,100
KT871257,HCV,1b,100
KT871261,HCV,1b,100
KT871250,HCV,1b,100
KT871254,HCV,1b,100
KT871245,HCV,1b,100
KT871265,HCV,1a,100
KT871263,HCV,1a,100
KT871268,HCV,1b,100
KT871271,HCV,1b,100
KT871272,HCV,1b,100
KT871267,HCV,1b,100
KT871269,HCV,1b,100
KT871262,HCV,1a,100
KT871240,HCV,1b,100
KT871274,HCV,1b,100
KT871277,HCV,1b,100
KT871270,HCV,1b,100
KT871279,HCV,1b,100
KT871275,HCV,1b,100
KT871283,HCV,1b,100
KT871280,HCV,1b,100
KT871259,HCV,1b,100
KT871266,HCV,1b,100
KT871286,HCV,1b,100
KT871282,HCV,1b,100
KT871288,HCV,1a,100
KT871290,HCV,1b,100
KT871296,HCV,1b,100
KT871291,HCV,1b,100
KT871298,HCV,1b,100
KT871300,HCV,1b,100
KT871294,HCV,1b,100
KT871299,HCV,1b,100
KT871276,HCV,1a,100
KT871301,HCV,1b,100
KT871303,HCV,1a,100
KT871293,HCV,1b,100
KT871308,HCV,1a,100
KT871310,HCV,1b,100
KT871305,HCV,1b,100
KT871311,HCV,1b,100
KT871304,HCV,1b,100
KT871320,HCV,1b,100
KT871315,HCV,1b,100
KT871313,HCV,1b,100
KT871312,HCV,1b,100
KT871325,HCV,1b,100
KT871328,HCV,1b,100
KT871322,HCV,1b,100
KT871321,HCV,1a,100
KT871332,HCV,1b,100
KT871331,HCV,1b,100
KT871330,HCV,1b,100
KT871307,HCV,1b,100
KT871340,HCV,1a,100
KT871333,HCV,1b,100
KT871338,HCV,1b,100
KT871343,HCV,1b,100
KT871344,HCV,1b,100
KT871341,HCV,1a,100
KT871346,HCV,1b,100
KT871327,HCV,1b,100
KT871337,HCV,1b,100
KT871335,HCV,1b,100
KT871339,HCV,1a,100
KT871353,HCV,1b,100
KT871350,HCV,1b,100
KT871354,HCV,1b,100
KT871351,HCV,1b,100
KT871358,HCV,1b,100
KT871355,HCV,1b,100
KT871360,HCV,1a,100
KT871362,HCV,1a,100
KT871363,HCV,1b,100
KT871364,HCV,1b,100
KT871370,HCV,1b,100
KT871371,HCV,1b,100
KT871361,HCV,1b,100
KT871373,HCV,1b,100
KT871374,HCV,1b,100
KT871365,HCV,1b,100
KT871368,HCV,1b,100
KT871379,HCV,1a,100
KT871381,HCV,1b,100
KT871375,HCV,1b,100
KT871382,HCV,1b,100
KT871385,HCV,1b,100
KT871359,HCV,1b,100
KT871388,HCV,1a,100
KT871380,HCV,1b,100
KT871389,HCV,1b,100
KT871372,HCV,1b,100
KT871391,HCV,1b,100
KT871390,HCV,1b,100
KT871377,HCV,1b,100
KT871384,HCV,1b,100
KT871393,HCV,1b,100
KT871386,HCV,1a,100
KT871395,HCV,1b,100
KT871376,HCV,1b,100
KT871394,HCV,1b,100
KT871399,HCV,1b,100
KT871403,HCV,1b,100
KT871392,HCV,1a,100
KT871405,HCV,1b,100
KT871407,HCV,1a,100
KT871396,HCV,1a,100
KT871400,HCV,1b,100
KT871402,HCV,1b,100
KT871408,HCV,1b,100
KT871387,HCV,1b,100
KT871398,HCV,1b,100
KT871411,HCV,1b,100
KT871406,HCV,1b,100
KT871415,HCV,1b,100
KT871418,HCV,1b,100
KT871417,HCV,1b,100
KT871414,HCV,1b,100
KT871410,HCV,1b,100
KT871423,HCV,1a,100
KT871424,HCV,1b,100
KT871404,HCV,1b,100
KT871420,HCV,1a,100
KT871413,HCV,1a,100
KT871419,HCV,1b,100
KT871412,HCV,1b,100
KT871409,HCV,1b,100
KT871425,HCV,1b,100
KT871427,HCV,1a,100
KT871401,HCV,1b,100
KT871426,HCV,1b,100
KT871422,HCV,1b,100
KT871428,HCV,1b,100
KT871430,HCV,1b,100
KT871434,HCV,1b,100
KT871416,HCV,1b,100
KT871421,HCV,1a,100
KT871439,HCV,1a,100
KT871431,HCV,1b,100
KT871437,HCV,1b,100
KT871435,HCV,1b,100
KT871440,HCV,1b,100
KT871442,HCV,1b,100
KT871432,HCV,1a,100
KT871433,HCV,1b,100
KT871447,HCV,1b,100
KT871429,HCV,1b,100
KT871449,HCV,1a,100
KT871438,HCV,1b,100
KT871450,HCV,1b,100
KT871452,HCV,1b,100
KT871451,HCV,1a,100
KT871446,HCV,1a,100
KT871443,HCV,1b,100
KT871444,HCV,1b,100
KT871436,HCV,1b,100
KT871441,HCV,1b,100
KT871455,HCV,1b,100
KT871454,HCV,1b,100
KT871460,HCV,1b,100
KT871459,HCV,1a,100
KT871458,HCV,1b,100
KT871462,HCV,1b,100
KT871445,HCV,1b,100
KT871457,HCV,1b,100
KT871453,HCV,1b,100
KT871469,HCV,1a,100
KT871468,HCV,1b,100
KT871464,HCV,1b,100
KT871475,HCV,1b,100
KT871478,HCV,1b,100
KT871479,HCV,1a,100
KT871477,HCV,1b,100
KT871474,HCV,1b,100
KT871471,HCV,1b,100
KT871481,HCV,1b,100
KT871466,HCV,1b,100
KT871473,HCV,1b,100
KT871484,HCV,1b,100
KT871463,HCV,1b,100
KT871489,HCV,1b,100
KT871486,HCV,1b,100
KT871485,HCV,1b,100
KT871491,HCV,1b,100
KT871472,HCV,1b,100
KT871480,HCV,1b,100
KT871493,HCV,1b,100
KT871482,HCV,1a,100
KT871476,HCV,1b,100
KT871488,HCV,1a,100
KT871494,HCV,1b,100
KT871490,HCV,1b,100
KT871497,HCV,1b,100
KT871501,HCV,1b,100
KT871502,HCV,1b,100
KT871487,HCV,1b,100
KT871508,HCV,1b,100
KT871507,HCV,1b,100
KT871511,HCV,1b,100
KT871495,HCV,1b,100
KT871500,HCV,1b,100
KT871517,HCV,1b,100
KT871516,HCV,1b,100
KT871503,HCV,1b,100
KT871512,HCV,1b,100
KT871515,HCV,1b,100
KT871521,HCV,1b,100
KT871510,HCV,1b,100
KT871528,HCV,1b,100
KT871527,HCV,1a,100
KT871509,HCV,1a,100
KT871529,HCV,1b,100
KT871526,HCV,1b,100
KT871514,HCV,1b,100
KT871523,HCV,1b,100
KT871530,HCV,1b,100
KT871532,HCV,1a,100
KT871536,HCV,1b,100
KT871519,HCV,1b,100
KT871538,HCV,1b,100
KT871535,HCV,1b,100
KT871540,HCV,1b,100
KT871544,HCV,1b,100
KT871545,HCV,1b,100
KT871541,HCV,1b,100
KT871531,HCV,1b,100
KT871547,HCV,1b,100
KT871549,HCV,1b,100
KT871533,HCV,1b,100
KT871543,HCV,1b,100
KT871525,HCV,1b,100
KT871534,HCV,1b,100
KT871553,HCV,1b,100
KT871557,HCV,1b,100
KT871554,HCV,1b,100
KT871550,HCV,1b,100
KT871562,HCV,1b,100
KT871548,HCV,1b,100
KT871539,HCV,1b,100
KT871560,HCV,1b,100
KT871563,HCV,1b,100
KT871566,HCV,1a,100
KT871558,HCV,1b,100
KT871559,HCV,1b,100
KT871564,HCV,1b,100
KT871569,HCV,1b,100
KT871565,HCV,1b,100
DQ525428,HCV,6a,100
KT871574,HCV,1a,100
KT871571,HCV,1b,100
KT871581,HCV,1b,100
KT871572,HCV,1b,100
DQ525429,HCV,6a,100
KT871578,HCV,1b,100
DQ525432,HCV,6a,100
KT871576,HCV,1b,100
DQ525433,HCV,6a,100
KT871567,HCV,1b,100
KT871573,HCV,1b,100
HM746867,HCV,1a,100
DQ525430,HCV,6a,100
HM746875,HCV,1a,100
KT871577,HCV,1b,100
HM746870,HCV,1a,100
HM746876,HCV,1a,100
HM746873,HCV,1a,100
HM746878,HCV,1a,100
OR480611,HCV,1h,100
HM746880,HCV,1a,100
HM746869,HCV,1a,100
OR480631,HCV,2a,66
AF216789,HCV,3h,100
HM746882,HCV,1a,100
HM746885,HCV,1a,100
AF216790,HCV,3h,100
AF216791,HCV,3h,100
AB207767,HCV,1b,100
AB207766,HCV,1b,100
AB207770,HCV,1b,100
HM746872,HCV,1a,100
HM746879,HCV,1a,100
AB207772,HCV,1b,100
AB207771,HCV,1b,100
AB207774,HCV,1b,100
AB207773,HCV,1b,100
HM746886,HCV,1a,100
HM746881,HCV,1a,100
AB207775,HCV,1b,100
HM746883,HCV,1a,100
AB207769,HCV,1b,100
HM746887,HCV,1b,100
AB207780,HCV,1b,100
AB207781,HCV,1b,100
AB207768,HCV,1b,100
AB207779,HCV,1b,100
AB207785,HCV,1b,100
AB207783,HCV,1b,100
AB207776,HCV,1b,100
HM746874,HCV,1a,100
PX091940,HCV,2a,100
EU709893,HCV,1a,100
EU709896,HCV,1a,100
EU709895,HCV,1a,100
EU709894,HCV,1a,100
EU709899,HCV,1a,100
EU709897,HCV,1a,100
PX091937,HCV,2a,100
AB207784,HCV,1b,100
EU709898,HCV,1a,100
PX091942,HCV,3a,100
AB207782,HCV,1b,100
PX091939,HCV,3a,100
HM746888,HCV,1b,100
EU709904,HCV,1a,100
EU709902,HCV,1a,100
HM746868,HCV,1a,100
EU709905,HCV,1a,100
HM746877,HCV,1a,100
EU709907,HCV,1a,100
EU709909,HCV,1a,100
EU709910,HCV,1a,100
EU709919,HCV,1a,100
EU709922,HCV,1a,100
EU709917,HCV,1a,100
EU709929,HCV,1a,100
EU709900,HCV,1a,100
EU709938,HCV,1a,100
EU709957,HCV,1b,100
EU709965,HCV,3a,100
EU709962,HCV,3a,100
EU709975,HCV,3a,100
EU709977,HCV,3a,100
EU709933,HCV,1a,100
EU709974,HCV,3a,100
EU709978,HCV,3a,100
EU709963,HCV,3a,100
EU709987,HCV,3a,100
EU710016,HCV,3a,100
EU710027,HCV,3a,100
EU710030,HCV,3a,100
EU710032,HCV,3a,100
EU710007,HCV,3a,100
EU710028,HCV,3a,100
EU710035,HCV,3a,100
EU710008,HCV,3a,100
EU710012,HCV,3a,100
EU710044,HCV,3a,100
EU710041,HCV,3a,100
EU710034,HCV,3a,100
EU710049,HCV,3a,100
EU710046,HCV,3a,100
EU710043,HCV,3a,100
EU710047,HCV,3a,100
EU710042,HCV,3a,100
EU710053,HCV,3a,100
EU710058,HCV,3a,100
EU710048,HCV,3a,100
EU710068,HCV,3a,100
EU710069,HCV,3a,100
EU710071,HCV,3a,100
EU710072,HCV,3a,100
EU710073,HCV,3a,100
EU710014,HCV,3a,100
EU710074,HCV,3a,100
EU710080,HCV,3a,100
EU710467,HCV,1a,100
EU710469,HCV,1a,100
EU710470,HCV,1a,100
EU710474,HCV,1a,100
EU710477,HCV,1a,100
EU710473,HCV,1a,100
EU710478,HCV,1a,100
EU710488,HCV,1a,100
EU710481,HCV,1a,100
EU710070,HCV,3a,100
EU710494,HCV,1a,100
EU710495,HCV,1a,100
EU710489,HCV,1a,100
EU710490,HCV,1a,100
EU710491,HCV,1a,100
EU710497,HCV,1a,100
EU710500,HCV,1a,100
EU710499,HCV,1a,100
EU710496,HCV,1a,100
EU710468,HCV,1a,100
EU710503,HCV,1a,100
EU710504,HCV,1a,100
EU710507,HCV,1a,100
EU710493,HCV,1a,100
OM312072,HCV,1a,100
OM312068,HCV,1a,100
EU710501,HCV,1a,100
OM312070,HCV,1a,100
OM312077,HCV,1a,100
OM312074,HCV,1a,100
OM312078,HCV,1a,100
OM312079,HCV,1a,100
OM312080,HCV,1a,100
OM312081,HCV,1a,100
OM312082,HCV,1a,100
OM312084,HCV,1a,100
OM312086,HCV,1a,100
OM312073,HCV,1a,100
OM312093,HCV,1a,100
OM312091,HCV,1a,100
OM312094,HCV,1a,100
OM312095,HCV,1a,100
OM312090,HCV,1a,100
EU710492,HCV,1a,100
KT870965,HCV,1a,100
KT870968,HCV,1a,100
KT871003,HCV,1b,100
KT871017,HCV,1b,100
KT871028,HCV,1b,100
KT871033,HCV,1b,100
KT871036,HCV,1b,100
KT871065,HCV,1a,100
KT871061,HCV,1a,100
KT871075,HCV,1b,100
KT871079,HCV,1a,100
KT871071,HCV,1b,100
KT871082,HCV,1b,100
KT871084,HCV,1b,100
KT871085,HCV,1b,100
KT871086,HCV,1b,100
KT871087,HCV,1b,100
KT871092,HCV,1b,100
KT871096,HCV,1b,100
KT871105,HCV,1b,100
KT871106,HCV,1b,100
KT871104,HCV,1a,100
KT871112,HCV,1b,100
KT871123,HCV,1b,100
KT871131,HCV,1b,100
KT871129,HCV,1b,100
KT871144,HCV,1b,100
KT871151,HCV,1b,100
KT871148,HCV,1b,100
KT871158,HCV,1b,100
KT871160,HCV,1b,100
KT871155,HCV,1b,100
KT871166,HCV,1b,100
KT871165,HCV,1b,100
KT871171,HCV,1b,100
KT871173,HCV,1b,100
KT871168,HCV,1b,100
KT871175,HCV,1b,100
KT871182,HCV,1b,100
KT871179,HCV,1b,100
KT871189,HCV,1b,100
KT871191,HCV,1a,100
KT871181,HCV,1b,100
KT871198,HCV,1b,100
KT871195,HCV,1b,100
KT871188,HCV,1b,100
KT871197,HCV,1b,100
KT871194,HCV,1b,100
KT871204,HCV,1b,100
KT871210,HCV,1b,100
KT871217,HCV,1b,100
KT871211,HCV,1b,100
KT871202,HCV,1b,100
KT871223,HCV,1b,100
KT871209,HCV,1b,100
KT871220,HCV,1b,100
KT871207,HCV,1b,100
KT871258,HCV,1b,100
KT871264,HCV,1a,100
KT871273,HCV,1b,100
KT871285,HCV,1b,100
KT871292,HCV,1b,100
KT871295,HCV,1b,100
KT871289,HCV,1b,100
KT871281,HCV,1a,100
KT871278,HCV,1a,100
KT871284,HCV,1b,100
KT871287,HCV,1b,100
KT871297,HCV,1b,100
KT871309,HCV,1b,100
KT871302,HCV,1b,100
KT871314,HCV,1b,100
KT871306,HCV,1b,100
KT871318,HCV,1b,100
KT871316,HCV,1b,100
KT871319,HCV,1b,100
KT871324,HCV,1b,100
KT871317,HCV,1b,100
KT871323,HCV,1b,100
KT871326,HCV,1b,100
KT871334,HCV,1b,100
KT871329,HCV,1b,100
KT871367,HCV,1b,100
KT871357,HCV,1b,100
KT871348,HCV,1b,100
KT871352,HCV,1a,100
KT871369,HCV,1b,100
KT871356,HCV,1b,100
KT871378,HCV,1b,100
KT871383,HCV,1b,100
KT871366,HCV,1b,100
KT871397,HCV,1b,100
KT871448,HCV,1b,100
KT871456,HCV,1b,100
KT871470,HCV,1b,100
KT871467,HCV,1a,100
KT871461,HCV,1b,100
KT871465,HCV,1b,100
KT871483,HCV,1b,100
KT871499,HCV,1b,100
KT871498,HCV,1b,100
KT871496,HCV,1b,100
KT871504,HCV,1b,100
KT871506,HCV,1b,100
KT871492,HCV,1b,100
KT871513,HCV,1a,100
KT871518,HCV,1b,100
KT871505,HCV,1b,100
KT871524,HCV,1b,100
KT871520,HCV,1b,100
KT871537,HCV,1b,100
KT871522,HCV,1b,100
KT871552,HCV,1b,100
KT871551,HCV,1b,100
KT871542,HCV,1b,100
KT871556,HCV,1b,100
KT871546,HCV,1b,100
KT871568,HCV,1a,100
KT871555,HCV,1b,100
KT871575,HCV,1b,100
KT871561,HCV,1b,100
DQ525424,HCV,6a,100
KT871579,HCV,1b,100
DQ525425,HCV,6a,100
DQ525426,HCV,6a,100
DQ525427,HCV,6a,100
KT871580,HCV,1a,100
DQ525434,HCV,6a,100
KT871570,HCV,1b,100
KT871583,HCV,1b,100
KT871582,HCV,1a,100
HM746884,HCV,1a,100
AB207778,HCV,1b,100
EU709908,HCV,1a,100
EU709912,HCV,1a,100
PX091941,HCV,1b,100
EU709913,HCV,1a,100
EU709916,HCV,1a,100
EU709914,HCV,1a,100
EU709915,HCV,1a,100
PX091938,HCV,1b,100
EU709923,HCV,1a,100
EU709921,HCV,1a,100
EU709924,HCV,1a,100
EU709925,HCV,1a,100
EU709927,HCV,1a,100
EU709926,HCV,1a,100
EU709906,HCV,1a,100
EU709928,HCV,1a,100
EU709931,HCV,1a,100
EU709901,HCV,1a,100
EU709932,HCV,1a,100
EU709935,HCV,1a,100
EU709937,HCV,1a,100
EU709934,HCV,1a,100
EU709940,HCV,1a,100
EU709942,HCV,1a,100
EU709939,HCV,1a,100
EU709941,HCV,1a,100
EU709944,HCV,1a,100
EU709946,HCV,1a,100
EU709945,HCV,1a,100
EU709943,HCV,1a,100
EU709953,HCV,1b,100
EU709952,HCV,1b,100
EU709918,HCV,1a,100
EU709947,HCV,1a,100
EU709936,HCV,1a,100
EU709949,HCV,1b,100
EU709955,HCV,1b,100
EU709911,HCV,1a,100
EU709903,HCV,1a,100
EU709961,HCV,1b,100
EU709956,HCV,1b,100
EU709959,HCV,1b,100
EU709967,HCV,3a,100
EU709966,HCV,3a,100
EU709964,HCV,3a,100
EU709968,HCV,3a,100
EU709970,HCV,3a,100
EU709972,HCV,3a,100
EU709969,HCV,3a,100
EU709958,HCV,1b,100
EU709973,HCV,3a,100
EU709950,HCV,1b,100
EU709980,HCV,3a,100
EU709982,HCV,3a,100
EU709951,HCV,1b,100
EU709981,HCV,3a,100
EU709986,HCV,3a,100
EU709984,HCV,3a,100
EU709983,HCV,3a,100
EU709971,HCV,3a,100
EU709989,HCV,3a,100
EU709988,HCV,3a,100
EU709990,HCV,3a,100
EU709991,HCV,3a,100
EU709954,HCV,1b,100
EU709996,HCV,3a,100
EU709995,HCV,3a,100
EU709994,HCV,3a,100
EU709993,HCV,3a,100
EU709992,HCV,3a,100
EU709999,HCV,3a,100
EU709998,HCV,3a,100
EU710000,HCV,3a,100
EU709997,HCV,3a,100
EU710002,HCV,3a,100
EU710003,HCV,3a,100
EU709976,HCV,3a,100
EU710004,HCV,3a,100
EU710009,HCV,3a,100
EU709985,HCV,3a,100
EU710005,HCV,3a,100
EU710006,HCV,3a,100
EU710011,HCV,3a,100
EU710010,HCV,3a,100
EU710013,HCV,3a,100
EU710015,HCV,3a,100
EU710017,HCV,3a,100
EU710018,HCV,3a,100
EU710025,HCV,3a,100
EU710019,HCV,3a,100
EU709979,HCV,3a,100
EU710021,HCV,3a,100
EU710022,HCV,3a,100
EU710024,HCV,3a,100
EU710026,HCV,3a,100
EU710020,HCV,3a,100
EU710029,HCV,3a,100
EU710036,HCV,3a,100
EU710037,HCV,3a,100
EU710039,HCV,3a,100
EU710040,HCV,3a,100
EU710031,HCV,3a,100
EU710033,HCV,3a,100
EU710050,HCV,3a,100
EU710045,HCV,3a,100
EU710052,HCV,3a,100
EU710055,HCV,3a,100
EU710001,HCV,3a,100
EU710051,HCV,3a,100
EU710059,HCV,3a,100
EU710060,HCV,3a,100
EU710057,HCV,3a,100
EU710062,HCV,3a,100
EU710063,HCV,3a,100
EU710065,HCV,3a,100
EU710067,HCV,3a,100
EU710064,HCV,3a,100
EU710061,HCV,3a,100
EU710066,HCV,3a,100
EU710081,HCV,3a,100
EU710079,HCV,3a,100
EU710077,HCV,3a,100
EU710054,HCV,3a,100
EU710038,HCV,3a,100
EU710076,HCV,3a,100
EU710078,HCV,3a,100
EU710471,HCV,1a,100
EU710475,HCV,1a,100
EU710472,HCV,1a,100
EU710075,HCV,3a,100
EU710480,HCV,1a,100
EU710476,HCV,1a,100
EU710486,HCV,1a,100
EU710056,HCV,3a,100
EU710483,HCV,1a,100
EU710484,HCV,1a,100
EU710487,HCV,1a,100
EU710082,HCV,3a,100
EU710485,HCV,1a,100
EU710506,HCV,1a,100
EU710502,HCV,1a,100
EU710508,HCV,1a,100
EU710516,HCV,1a,100
EU710505,HCV,1a,100
EU710513,HCV,1a,100
EU710515,HCV,1a,100
EU710482,HCV,1a,100
OM312065,HCV,1a,100
OM312066,HCV,1a,100
EU710512,HCV,1a,100
OM312067,HCV,1a,100
OM312069,HCV,1a,100
EU710514,HCV,1a,100
OM312071,HCV,1a,100
EU710509,HCV,1a,100
OM312089,HCV,1a,100
OM312088,HCV,1a,100
OM312083,HCV,1a,100
OM312085,HCV,1a,100
OM312087,HCV,1a,100
OM312096,HCV,1a,100
OM312076,HCV,1a,100
OM312097,HCV,1a,100
OM312075,HCV,1a,100
OM312102,HCV,1a,100
OM312092,HCV,1a,100
KT871054,HCV,1b,100
KT871051,HCV,1b,100
KT871053,HCV,1b,100
KT871048,HCV,1b,100
KT871047,HCV,1b,100
KT871055,HCV,1a,100
KT871045,HCV,1b,100
HM746871,HCV,1a,100
KT871347,HCV,1b,100
KT871349,HCV,1a,100
KT871345,HCV,1a,100
AB207777,HCV,1b,100
KT870924,HCV,1a,100
KT870929,HCV,1b,100
KT870928,HCV,1b,100
KT870927,HCV,1b,100
KT871336,HCV,1b,100
KT871342,HCV,1b,100
DQ525431,HCV,6a,100
LC538246,HCV,1a,71
OM312125,HCV,1a,100
OM312128,HCV,1a,100
OM312127,HCV,1a,100
OM312122,HCV,1a,100
OM312130,HCV,1a,100
OM312124,HCV,1a,100
OM312131,HCV,1a,100
OM312129,HCV,1a,100
OM312115,HCV,1a,100
OM312132,HCV,1a,100
OM312140,HCV,1a,100
OM312143,HCV,1a,100
OM312145,HCV,1a,100
OM312144,HCV,1a,100
OM312142,HCV,1a,100
OM312136,HCV,1a,100
OM312147,HCV,1a,100
OM312155,HCV,1a,100
OM312149,HCV,1a,100
OM312133,HCV,1a,100
OM312148,HCV,1a,100
OM312138,HCV,1a,100
OM312159,HCV,1a,100
OM312139,HCV,1a,100
OM312165,HCV,1a,100
OM312157,HCV,1a,100
OM312158,HCV,1a,100
OM312169,HCV,1a,100
OM312153,HCV,1a,100
OM312168,HCV,1a,100
OM312167,HCV,1a,100
OM312170,HCV,1a,100
OM312171,HCV,1a,100
OM312151,HCV,1a,100
OM312174,HCV,1b,100
OM312178,HCV,1b,100
OM312176,HCV,1b,100
OM312181,HCV,1b,100
OM312183,HCV,1b,100
OM312180,HCV,1b,100
OM312177,HCV,1b,100
OM312190,HCV,1b,100
OM312182,HCV,1b,100
OM312186,HCV,1b,100
OM312187,HCV,1b,100
OM312192,HCV,1b,100
OM312195,HCV,1b,100
OM312193,HCV,1b,100
OM312154,HCV,1a,100
OM312200,HCV,1b,100
OM312205,HCV,1b,100
OM312204,HCV,1b,100
OM312189,HCV,1b,100
OM312207,HCV,1b,100
OM312206,HCV,1b,100
OM312209,HCV,1b,100
OM312212,HCV,1b,100
OM312211,HCV,1b,100
OM312215,HCV,1b,100
OM312194,HCV,1b,100
OM312213,HCV,1b,100
OM312214,HCV,1b,100
OM312218,HCV,1b,100
OM312220,HCV,1b,100
OM312228,HCV,1b,100
OM312224,HCV,1b,100
OM312199,HCV,1b,100
OM312203,HCV,1b,100
OM312227,HCV,1b,100
OM312222,HCV,1b,100
OM312216,HCV,1b,100
OM312231,HCV,1b,100
OM312234,HCV,1b,100
OM312235,HCV,1b,100
OM312237,HCV,1b,100
OM312247,HCV,1b,100
OM312249,HCV,1b,100
OM312248,HCV,1b,100
OM312243,HCV,1b,100
OM312251,HCV,1b,100
OM312175,HCV,1b,100
OM312254,HCV,3a,100
OM312217,HCV,1b,100
OM312253,HCV,1b,100
OM312245,HCV,1b,100
OM312258,HCV,3a,100
OM312252,HCV,1b,100
OM312263,HCV,3a,100
OM312266,HCV,3a,100
OM312284,HCV,3a,100
OM312285,HCV,3a,100
OM312291,HCV,3a,100
OM312293,HCV,3a,100
OM312250,HCV,1b,100
OM312294,HCV,3a,100
OM312295,HCV,3a,100
OM312302,HCV,3a,100
OM312298,HCV,3a,100
OM312303,HCV,3a,100
OM312301,HCV,3a,100
OM312270,HCV,3a,100
OM312273,HCV,3a,100
OM312283,HCV,3a,100
OM312307,HCV,3a,100
OM312313,HCV,3a,100
OM312297,HCV,3a,100
OM312290,HCV,3a,100
OM312316,HCV,3a,100
OM312314,HCV,3a,100
OM312319,HCV,3a,100
OM312315,HCV,3a,100
OM312309,HCV,3a,100
OM312288,HCV,3a,100
OM312323,HCV,3a,100
OM312325,HCV,3a,100
OM312326,HCV,3a,100
OM312328,HCV,3a,100
OM312329,HCV,3a,100
OM312318,HCV,3a,100
OM312317,HCV,3a,100
OM312332,HCV,3a,100
OM312339,HCV,3a,100
OM312335,HCV,3a,100
OM312338,HCV,3a,100
OM312327,HCV,3a,100
OM312334,HCV,3a,100
OM312341,HCV,3a,100
OM312342,HCV,3a,100
OM312343,HCV,3a,100
OM312346,HCV,3a,100
OM312331,HCV,3a,100
OM312337,HCV,3a,100
OM312347,HCV,3a,100
OM312340,HCV,3a,100
OM312354,HCV,3a,100
OM312356,HCV,3a,100
OM312357,HCV,3a,100
OM312359,HCV,3a,100
OM312353,HCV,3a,100
OM312361,HCV,3a,100
OM312363,HCV,3a,100
OM312308,HCV,3a,100
OM312367,HCV,1a,100
OM312370,HCV,1a,100
OM312366,HCV,1a,100
OM312352,HCV,3a,100
OM312365,HCV,1a,100
OM312372,HCV,1a,100
OM312364,HCV,3a,100
OM312369,HCV,1a,100
OM312350,HCV,3a,100
OM312374,HCV,1a,100
OM312382,HCV,1a,100
OM312287,HCV,3a,100
OM312384,HCV,1a,100
OM312324,HCV,3a,100
OM312380,HCV,1a,100
OM312404,HCV,1a,100
OM312399,HCV,1a,100
OM312412,HCV,1a,100
OM312502,HCV,1b,100
OM312527,HCV,1b,100
OM312521,HCV,1b,100
OM312534,HCV,1b,100
OM312540,HCV,1b,100
OM312552,HCV,1b,100
OM312507,HCV,1b,100
OM312551,HCV,1b,100
OM312560,HCV,3a,100
OM312561,HCV,3a,100
OM312558,HCV,3a,100
OM312565,HCV,3a,100
OM312569,HCV,3a,100
OM312574,HCV,3a,100
OM312575,HCV,3a,100
OM312572,HCV,3a,100
OM312583,HCV,3a,100
OM312585,HCV,3a,100
OM312581,HCV,3a,100
OM312584,HCV,3a,100
OM312587,HCV,3a,100
OM312595,HCV,3a,100
OM312588,HCV,3a,100
OM312594,HCV,3a,100
OM312576,HCV,3a,100
OM312597,HCV,3a,100
OM312596,HCV,3a,100
OM312599,HCV,3a,100
OM312618,HCV,3a,100
OM312598,HCV,3a,100
OM312621,HCV,3a,100
OM312615,HCV,3a,100
OM312616,HCV,3a,100
OM312578,HCV,3a,100
OM312627,HCV,3a,100
OM312619,HCV,3a,100
OM312636,HCV,3a,100
OM312637,HCV,3a,100
OM312651,HCV,3a,100
OM312612,HCV,3a,100
OM312642,HCV,3a,100
OM312648,HCV,3a,100
OM312641,HCV,3a,100
OM312652,HCV,3a,100
OM312646,HCV,3a,100
OM312655,HCV,3a,100
OM312628,HCV,3a,100
JX437285,HCV,1a,100
JX437283,HCV,1a,100
JX437287,HCV,1a,100
JX437289,HCV,1a,100
JX437291,HCV,1a,100
JX437286,HCV,1a,100
JX437294,HCV,1a,100
JX437290,HCV,1a,100
JX437282,HCV,1a,100
JX437298,HCV,1a,100
JX437296,HCV,1b,100
JX437299,HCV,1a,100
JX437295,HCV,1a,100
JX437284,HCV,1a,100
JX437293,HCV,1a,100
JX437297,HCV,1b,100
JX437288,HCV,1b,100
JX437292,HCV,1a,100
JX437305,HCV,1a,100
JX437307,HCV,1a,100
JX437314,HCV,1a,100
JX437301,HCV,1a,100
JX437308,HCV,1a,100
JX437313,HCV,1a,100
JX437311,HCV,1a,100
JX437316,HCV,1a,100
JX437312,HCV,1a,100
JX437302,HCV,1a,100
JX437320,HCV,1a,100
JX437324,HCV,1a,100
JX437329,HCV,1a,100
JX437340,HCV,1a,100
JX437333,HCV,1a,100
JX437339,HCV,1a,100
JX437341,HCV,1a,100
JX437342,HCV,1a,100
JX437346,HCV,1a,100
JX437344,HCV,1a,100
JX437338,HCV,1a,100
JX437350,HCV,1a,100
JX437349,HCV,1a,100
JX437328,HCV,1a,100
JX437357,HCV,1a,100
JX437352,HCV,1a,100
JX437348,HCV,1a,100
JX437353,HCV,1a,100
JX437359,HCV,1a,100
JX437360,HCV,1a,100
JX437362,HCV,1a,100
JX437361,HCV,1a,100
JX437365,HCV,1a,100
JX437351,HCV,1a,100
FJ515101,HCV,1a,100
JX437358,HCV,1a,100
JX437364,HCV,1a,100
ON228289,HCV,5a,100
JX437355,HCV,1a,100
JX437367,HCV,1a,100
ON228288,HCV,5a,100
ON228287,HCV,5a,100
JX437366,HCV,1a,100
ON228292,HCV,5a,100
JX437368,HCV,1b,100
ON228285,HCV,5a,100
ON228293,HCV,5a,100
U37651,HCV,1b,100
U37653,HCV,1b,100
ON228290,HCV,5a,100
U37652,HCV,1b,100
U37655,HCV,1b,100
JX437363,HCV,1b,100
U37645,HCV,1a,100
U37644,HCV,1a,100
U37656,HCV,1b,100
U37658,HCV,1b,100
KM874787,HCV,1a,100
U37657,HCV,1b,100
U37659,HCV,1b,100
ON228291,HCV,5a,100
U37654,HCV,1b,100
KM874789,HCV,1a,100
U37650,HCV,1b,100
KF667792,HCV,1a,100
KF667793,HCV,1a,100
KF667794,HCV,1a,100
KM874788,HCV,3a,100
ON228286,HCV,5a,100
KF667798,HCV,1a,100
KF667795,HCV,1a,100
KF667799,HCV,1a,100
U37649,HCV,1b,100
KF667791,HCV,1a,100
KF667797,HCV,1a,100
KF667788,HCV,1a,100
KF667790,HCV,1a,100
KF667804,HCV,1a,100
KF667801,HCV,1a,100
KF667802,HCV,1a,100
KF667796,HCV,1a,100
KF667813,HCV,1a,100
KF667865,HCV,1b,100
KF667815,HCV,1a,100
KF667863,HCV,1b,100
KF667856,HCV,1b,100
KF667857,HCV,1b,100
KF667860,HCV,1b,100
KF667867,HCV,1b,100
KF667870,HCV,1b,100
KP057778,HCV,3a,100
KF667858,HCV,1b,100
KF667868,HCV,1b,100
KF667873,HCV,1b,100
KF667876,HCV,1b,100
KF667877,HCV,1b,100
KP057779,HCV,3a,100
KF667878,HCV,1b,100
KF667866,HCV,1b,100
KP057783,HCV,3a,100
KP057781,HCV,3a,100
KF667872,HCV,1b,100
KP057793,HCV,1b,100
KP057780,HCV,3a,100
KP057789,HCV,1a,100
KX107858,HCV,6a,100
KX107857,HCV,6l,100
KX107863,HCV,6a,100
KX107848,HCV,5a,100
KX107855,HCV,5a,100
KX107853,HCV,6e,100
KX107851,HCV,5a,100
KX107854,HCV,6a,100
KX107856,HCV,6l,100
KX107868,HCV,6o,100
KX107852,HCV,6a,100
KX107866,HCV,5a,100
KX107870,HCV,6e,100
KX107860,HCV,6e,100
KX138236,HCV,5a,100
KX107869,HCV,6e,100
KX138234,HCV,5a,100
KX107867,HCV,6e,100
KX138233,HCV,5a,100
KX138240,HCV,6n,100
KX138239,HCV,6f,100
KX107865,HCV,6j,96
KX107861,HCV,6a,100
KX138245,HCV,6e,100
FJ791067,HCV,4d,55
KX138244,HCV,6e,100
KX107871,HCV,6e,100
FJ791092,HCV,4f,100
FJ791111,HCV,4a,93
KX107862,HCV,6e,100
MH733012,HCV,1b,100
MH733015,HCV,1b,100
MH733017,HCV,1b,100
MH733019,HCV,1b,100
KX138247,HCV,5a,100
MH733013,HCV,1b,100
MH733016,HCV,1b,100
KX138235,HCV,5a,100
KX138249,HCV,6a,100
FJ791087,HCV,2b,100
MH733024,HCV,1b,100
MH733022,HCV,1b,100
MH733023,HCV,1b,100
KX138237,HCV,5a,100
MH733027,HCV,1b,100
MH733026,HCV,1b,100
MH733018,HCV,1b,100
MH733014,HCV,1b,100
KX138248,HCV,6e,100
MH733030,HCV,1b,100
MH733020,HCV,1b,100
MH733031,HCV,1b,100
MH733039,HCV,1b,100
MH733025,HCV,1b,100
MH733034,HCV,1b,100
MH733037,HCV,1b,100
KX138246,HCV,6a,100
MH733033,HCV,1b,100
MH733036,HCV,1b,100
MH733029,HCV,1b,100
MH733043,HCV,1b,100
MH733046,HCV,1b,100
MH733041,HCV,1b,100
MH733045,HCV,1b,100
MH733048,HCV,1b,100
MH733044,HCV,1b,100
MH733066,HCV,1a,100
MH733067,HCV,1a,100
MH733065,HCV,1a,100
MH733068,HCV,1a,100
MH733049,HCV,1b,100
MH733069,HCV,1a,100
MH733073,HCV,1a,100
MH733071,HCV,1a,100
MH733058,HCV,1a,100
MH733076,HCV,1a,100
MH733078,HCV,1b,100
MH733074,HCV,1a,100
MH733080,HCV,1b,100
MH733077,HCV,1a,100
MH733081,HCV,1b,100
MH733082,HCV,1b,100
MH733062,HCV,1a,100
MH733084,HCV,1b,100
MH733086,HCV,1b,100
MH733085,HCV,1b,100
MH733088,HCV,1b,100
MH733089,HCV,1b,100
MH733083,HCV,1b,100
MH733087,HCV,1b,100
MH733090,HCV,1b,100
MH733070,HCV,1a,100
MH733072,HCV,1a,100
MH733091,HCV,1b,100
MH733102,HCV,1b,100
MH733107,HCV,1b,100
MH733108,HCV,1b,100
MH733109,HCV,1b,100
MH733105,HCV,1b,100
MH733079,HCV,1b,100
MH733113,HCV,1b,100
MH733116,HCV,1b,100
MH733120,HCV,1b,100
MH733117,HCV,1b,100
MH733121,HCV,1b,100
MH733118,HCV,1b,100
MH733124,HCV,1b,100
MH733115,HCV,1b,100
MH733127,HCV,1b,100
MH733104,HCV,1b,100
MH733130,HCV,1a,100
MH733133,HCV,1a,100
MH733126,HCV,1b,100
MH733135,HCV,1a,100
MH733132,HCV,1a,100
MH733129,HCV,1a,100
MH733149,HCV,1a,100
MK215008,HCV,1b,100
MK215011,HCV,1b,100
MK215012,HCV,1b,100
MK215009,HCV,1b,100
MK215017,HCV,1b,100
KY083764,HCV,2k,96
MK215007,HCV,1b,100
KC123440,HCV,1b,100
KC123434,HCV,1b,100
KC123442,HCV,1b,100
KC123447,HCV,1b,100
KC123438,HCV,1b,100
KC123436,HCV,1b,100
KC123449,HCV,1b,100
KC123452,HCV,1b,100
KC123446,HCV,1b,100
KC123450,HCV,1b,100
KC123437,HCV,1b,100
HM009058,HCV,1b,100
OM312120,HCV,1a,100
OM312117,HCV,1a,100
OM312121,HCV,1a,100
OM312123,HCV,1a,100
OM312126,HCV,1a,100
OM312134,HCV,1a,100
OM312112,HCV,1a,100
OM312135,HCV,1a,100
OM312137,HCV,1a,100
OM312141,HCV,1a,100
OM312150,HCV,1a,100
OM312152,HCV,1a,100
OM312162,HCV,1a,100
OM312161,HCV,1a,100
OM312164,HCV,1a,100
OM312146,HCV,1a,100
OM312172,HCV,1a,100
OM312156,HCV,1a,100
OM312160,HCV,1a,100
OM312184,HCV,1b,100
OM312185,HCV,1b,100
OM312179,HCV,1b,100
OM312173,HCV,1a,100
OM312188,HCV,1b,100
OM312196,HCV,1b,100
OM312163,HCV,1a,100
OM312166,HCV,1a,100
OM312197,HCV,1b,100
OM312208,HCV,1b,100
OM312210,HCV,1b,100
OM312198,HCV,1b,100
OM312202,HCV,1b,100
OM312219,HCV,1b,100
OM312191,HCV,1b,100
OM312223,HCV,1b,100
OM312221,HCV,1b,100
OM312226,HCV,1b,100
OM312225,HCV,1b,100
OM312233,HCV,1b,100
OM312238,HCV,1b,100
OM312236,HCV,1b,100
OM312230,HCV,1b,100
OM312239,HCV,1b,100
OM312232,HCV,1b,100
OM312229,HCV,1b,100
OM312241,HCV,1b,100
OM312240,HCV,1b,100
OM312201,HCV,1b,100
OM312244,HCV,1b,100
OM312242,HCV,1b,100
OM312256,HCV,3a,100
OM312261,HCV,3a,100
OM312257,HCV,3a,100
OM312262,HCV,3a,100
OM312259,HCV,3a,100
OM312265,HCV,3a,100
OM312264,HCV,3a,100
OM312246,HCV,1b,100
OM312267,HCV,3a,100
OM312268,HCV,3a,100
OM312269,HCV,3a,100
OM312272,HCV,3a,100
OM312274,HCV,3a,100
OM312271,HCV,3a,100
OM312255,HCV,3a,100
OM312275,HCV,3a,100
OM312276,HCV,3a,100
OM312278,HCV,3a,100
OM312277,HCV,3a,100
OM312279,HCV,3a,100
OM312281,HCV,3a,100
OM312260,HCV,3a,100
OM312282,HCV,3a,100
OM312280,HCV,3a,100
OM312286,HCV,3a,100
OM312289,HCV,3a,100
OM312296,HCV,3a,100
OM312299,HCV,3a,100
OM312300,HCV,3a,100
OM312304,HCV,3a,100
OM312292,HCV,3a,100
OM312311,HCV,3a,100
OM312312,HCV,3a,100
OM312320,HCV,3a,100
OM312306,HCV,3a,100
OM312305,HCV,3a,100
OM312310,HCV,3a,100
OM312333,HCV,3a,100
OM312321,HCV,3a,100
OM312330,HCV,3a,100
OM312344,HCV,3a,100
OM312336,HCV,3a,100
OM312345,HCV,3a,100
OM312349,HCV,3a,100
OM312348,HCV,3a,100
OM312355,HCV,3a,100
OM312358,HCV,3a,100
OM312360,HCV,3a,100
OM312368,HCV,1a,100
OM312376,HCV,1a,100
OM312377,HCV,1a,100
OM312362,HCV,3a,100
OM312375,HCV,1a,100
OM312381,HCV,1a,100
OM312383,HCV,1a,100
OM312373,HCV,1a,100
OM312351,HCV,3a,100
OM312371,HCV,1a,100
OM312387,HCV,1a,100
OM312388,HCV,1a,100
OM312386,HCV,1a,100
OM312393,HCV,1a,100
OM312397,HCV,1a,100
OM312385,HCV,1a,100
OM312389,HCV,1a,100
OM312378,HCV,1a,100
OM312391,HCV,1a,100
OM312394,HCV,1a,100
OM312401,HCV,1a,100
OM312395,HCV,1a,100
OM312392,HCV,1a,100
OM312403,HCV,1a,100
OM312396,HCV,1a,100
OM312398,HCV,1a,100
OM312379,HCV,1a,100
OM312322,HCV,3a,100
OM312390,HCV,1a,100
OM312405,HCV,1a,100
OM312400,HCV,1a,100
OM312407,HCV,1a,100
OM312413,HCV,1a,100
OM312414,HCV,1a,100
OM312410,HCV,1a,100
OM312408,HCV,1a,100
OM312406,HCV,1a,100
OM312415,HCV,1a,100
OM312421,HCV,1a,100
OM312419,HCV,1a,100
OM312411,HCV,1a,100
OM312424,HCV,1a,100
OM312409,HCV,1a,100
OM312425,HCV,1a,100
OM312428,HCV,1a,100
OM312429,HCV,1a,100
OM312431,HCV,1a,100
OM312416,HCV,1a,100
OM312402,HCV,1a,100
OM312418,HCV,1a,100
OM312427,HCV,1a,100
OM312430,HCV,1a,100
OM312434,HCV,1a,100
OM312435,HCV,1a,100
OM312417,HCV,1a,100
OM312436,HCV,1a,100
OM312420,HCV,1a,100
OM312438,HCV,1a,100
OM312441,HCV,1a,100
OM312442,HCV,1a,100
OM312440,HCV,1a,100
OM312422,HCV,1a,100
OM312432,HCV,1a,100
OM312446,HCV,1a,100
OM312443,HCV,1a,100
OM312444,HCV,1a,100
OM312426,HCV,1a,100
OM312433,HCV,1a,100
OM312450,HCV,1a,100
OM312452,HCV,1a,100
OM312423,HCV,1a,100
OM312445,HCV,1a,100
OM312454,HCV,1a,100
OM312455,HCV,1a,100
OM312453,HCV,1a,100
OM312458,HCV,1a,100
OM312448,HCV,1a,100
OM312460,HCV,1a,100
OM312447,HCV,1a,100
OM312457,HCV,1a,100
OM312464,HCV,1a,100
OM312466,HCV,1a,100
OM312456,HCV,1a,100
OM312468,HCV,1a,100
OM312439,HCV,1a,100
OM312449,HCV,1a,100
OM312437,HCV,1a,100
OM312459,HCV,1a,100
OM312471,HCV,1a,100
OM312470,HCV,1a,100
OM312462,HCV,1a,100
OM312463,HCV,1a,100
OM312472,HCV,1a,100
OM312474,HCV,1b,100
OM312451,HCV,1a,100
OM312478,HCV,1b,100
OM312467,HCV,1a,100
OM312476,HCV,1b,100
OM312469,HCV,1a,100
OM312483,HCV,1b,100
OM312473,HCV,1a,100
OM312481,HCV,1b,100
OM312465,HCV,1a,100
OM312486,HCV,1b,100
OM312487,HCV,1b,100
OM312489,HCV,1b,100
OM312488,HCV,1b,100
OM312490,HCV,1b,100
OM312477,HCV,1b,100
OM312461,HCV,1a,100
OM312480,HCV,1b,100
OM312496,HCV,1b,100
OM312493,HCV,1b,100
OM312494,HCV,1b,100
OM312475,HCV,1b,100
OM312479,HCV,1b,100
OM312485,HCV,1b,100
OM312499,HCV,1b,100
OM312484,HCV,1b,100
OM312491,HCV,1b,100
OM312501,HCV,1b,100
OM312492,HCV,1b,100
OM312498,HCV,1b,100
OM312504,HCV,1b,100
OM312506,HCV,1b,100
OM312495,HCV,1b,100
OM312497,HCV,1b,100
OM312482,HCV,1b,100
OM312512,HCV,1b,100
OM312510,HCV,1b,100
OM312509,HCV,1b,100
OM312516,HCV,1b,100
OM312518,HCV,1b,100
OM312517,HCV,1b,100
OM312508,HCV,1b,100
OM312514,HCV,1b,100
OM312520,HCV,1b,100
OM312523,HCV,1b,100
OM312503,HCV,1b,100
OM312500,HCV,1b,100
OM312524,HCV,1b,100
OM312528,HCV,1b,100
OM312525,HCV,1b,100
OM312513,HCV,1b,100
OM312526,HCV,1b,100
OM312530,HCV,1b,100
OM312511,HCV,1b,100
OM312519,HCV,1b,100
OM312532,HCV,1b,100
OM312533,HCV,1b,100
OM312531,HCV,1b,100
OM312522,HCV,1b,100
OM312539,HCV,1b,100
OM312545,HCV,1b,100
OM312529,HCV,1b,100
OM312546,HCV,1b,100
OM312541,HCV,1b,100
OM312515,HCV,1b,100
OM312548,HCV,1b,100
OM312550,HCV,1b,100
OM312542,HCV,1b,100
OM312547,HCV,1b,100
OM312544,HCV,1b,100
OM312553,HCV,1b,100
OM312537,HCV,1b,100
OM312555,HCV,3a,100
OM312554,HCV,3a,100
OM312538,HCV,1b,100
OM312557,HCV,3a,100
OM312559,HCV,3a,100
OM312549,HCV,1b,100
OM312566,HCV,3a,100
OM312568,HCV,3a,100
OM312505,HCV,1b,100
OM312563,HCV,3a,100
OM312571,HCV,3a,100
OM312543,HCV,1b,100
OM312567,HCV,3a,100
OM312579,HCV,3a,100
OM312564,HCV,3a,100
OM312580,HCV,3a,100
OM312582,HCV,3a,100
OM312562,HCV,3a,100
OM312586,HCV,3a,100
OM312590,HCV,3a,100
OM312589,HCV,3a,100
OM312593,HCV,3a,100
OM312577,HCV,3a,100
OM312591,HCV,3a,100
OM312600,HCV,3a,100
OM312573,HCV,3a,100
OM312570,HCV,3a,100
OM312606,HCV,3a,100
OM312604,HCV,3a,100
OM312602,HCV,3a,100
OM312607,HCV,3a,100
OM312609,HCV,3a,100
OM312601,HCV,3a,100
OM312592,HCV,3a,100
OM312605,HCV,3a,100
OM312610,HCV,3a,100
OM312603,HCV,3a,100
OM312614,HCV,3a,100
OM312617,HCV,3a,100
OM312620,HCV,3a,100
OM312625,HCV,3a,100
OM312624,HCV,3a,100
OM312623,HCV,3a,100
OM312626,HCV,3a,100
OM312556,HCV,3a,100
OM312630,HCV,3a,100
OM312629,HCV,3a,100
OM312631,HCV,3a,100
OM312633,HCV,3a,100
OM312622,HCV,3a,100
OM312613,HCV,3a,100
OM312632,HCV,3a,100
OM312638,HCV,3a,100
OM312634,HCV,3a,100
OM312639,HCV,3a,100
OM312643,HCV,3a,100
OM312644,HCV,3a,100
OM312640,HCV,3a,100
OM312611,HCV,3a,100
OM312645,HCV,3a,100
OM312635,HCV,3a,100
OM312649,HCV,3a,100
OM312653,HCV,3a,100
OM312656,HCV,3a,100
OM312654,HCV,3a,100
OM312657,HCV,3a,100
OM312659,HCV,3a,100
OM312662,HCV,3a,100
OM312663,HCV,3a,100
OM312664,HCV,3a,100
OM312658,HCV,3a,100
OM312608,HCV,3a,100
OM312647,HCV,3a,100
OM312661,HCV,3a,100
OM312660,HCV,3a,100
OM312650,HCV,3a,100
JX437300,HCV,1a,100
JX437304,HCV,1a,100
JX437303,HCV,1b,100
JX437317,HCV,1a,100
JX437309,HCV,1b,100
JX437306,HCV,1b,100
JX437319,HCV,1a,100
JX437325,HCV,1b,100
JX437310,HCV,1a,100
JX437322,HCV,1b,100
JX437315,HCV,1a,100
JX437326,HCV,1b,100
JX437327,HCV,1b,100
JX437334,HCV,1b,100
JX437336,HCV,1a,100
JX437335,HCV,1a,100
JX437331,HCV,1a,100
JX437337,HCV,1b,100
JX437343,HCV,1b,100
JX437345,HCV,1a,100
JX437347,HCV,1a,100
JX437356,HCV,1a,100
U37647,HCV,1b,100
U37646,HCV,1a,100
U37648,HCV,1b,100
JX437354,HCV,1b,100
MH477425,HCV,2a,99
KF667803,HCV,1a,100
KF667808,HCV,1a,100
KF667800,HCV,1a,100
KF667807,HCV,1a,100
KF667809,HCV,1a,100
KF667812,HCV,1a,100
KF667814,HCV,1a,100
KF667805,HCV,1a,100
KF667818,HCV,1a,100
KF667819,HCV,1a,100
KF667806,HCV,1a,100
KF667810,HCV,1a,100
KF667817,HCV,1a,100
KF667850,HCV,1b,100
KF667816,HCV,1a,100
KF667853,HCV,1b,100
KF667854,HCV,1b,100
KF667852,HCV,1b,100
KF667851,HCV,1b,100
KF667855,HCV,1b,100
KF667811,HCV,1a,100
KF667864,HCV,1b,100
KF667859,HCV,1b,100
KF667861,HCV,1b,100
KF667869,HCV,1b,100
KF667862,HCV,1b,100
KF667871,HCV,1b,100
KP057785,HCV,3a,100
KP057786,HCV,3a,100
KP057787,HCV,3a,100
KF667879,HCV,1b,100
KP057791,HCV,1a,100
KP057784,HCV,3a,100
KP057794,HCV,1b,100
OR610567,HCV,1a,100
OR610563,HCV,3a,100
OR610579,HCV,1a,100
KF667875,HCV,1b,100
OR610576,HCV,1a,100
KP057795,HCV,1b,100
KF667789,HCV,1a,100
KP057790,HCV,1a,100
KP057782,HCV,3a,100
KF667874,HCV,1b,100
KP057788,HCV,1a,100
KX107850,HCV,5a,100
KX107849,HCV,5a,100
KX107859,HCV,5a,100
KX138241,HCV,6a,100
KX107864,HCV,6a,100
KX138242,HCV,6p,100
KX138243,HCV,6l,100
KX138238,HCV,6n,100
KX646278,HCV,1a,100
KX646277,HCV,1a,100
MH733035,HCV,1b,100
MH733028,HCV,1b,100
MH733032,HCV,1b,100
MH733038,HCV,1b,100
MH733021,HCV,1b,100
MH733052,HCV,1a,100
MH733050,HCV,1a,100
MH733051,HCV,1a,100
MH733053,HCV,1a,100
MH733055,HCV,1a,100
MH733056,HCV,1a,100
MH733040,HCV,1b,100
MH733060,HCV,1a,100
MH733042,HCV,1b,100
MH733047,HCV,1b,100
MH733054,HCV,1a,100
MH733059,HCV,1a,100
MH733063,HCV,1a,100
MH733064,HCV,1a,100
MH733061,HCV,1a,100
MH733094,HCV,1b,100
MH733093,HCV,1b,100
MH733092,HCV,1b,100
MH733098,HCV,1b,100
MH733099,HCV,1b,100
MH733075,HCV,1a,100
MH733101,HCV,1b,100
MH733095,HCV,1b,100
MH733106,HCV,1b,100
MH733110,HCV,1b,100
MH733096,HCV,1b,100
MH733103,HCV,1b,100
MH733111,HCV,1b,100
MH733057,HCV,1a,100
MH733112,HCV,1b,100
MH733114,HCV,1b,100
MH733097,HCV,1b,100
MH733122,HCV,1b,100
MH733123,HCV,1b,100
MH733100,HCV,1b,100
MH733134,HCV,1a,100
MH733136,HCV,1a,100
MH733138,HCV,1a,100
MH733139,HCV,1a,100
MH733137,HCV,1a,100
MH733140,HCV,1a,100
MH733141,HCV,1a,100
MH733143,HCV,1a,100
MH733119,HCV,1b,100
MH733144,HCV,1a,100
MH733146,HCV,1a,100
MH733142,HCV,1a,100
MH733145,HCV,1a,100
MH733147,HCV,1a,100
MH733125,HCV,1b,100
MH733151,HCV,1a,100
MH733128,HCV,1b,100
MH733153,HCV,1a,100
MH733150,HCV,1a,100
MH733131,HCV,1a,100
MH733155,HCV,1a,100
MH733156,HCV,1a,100
MH733158,HCV,1a,100
MH733154,HCV,1a,100
MK215006,HCV,1b,100
MH733152,HCV,1a,100
MK215013,HCV,1b,100
MG821858,HCV,4d,100
MK215015,HCV,1b,100
MH733157,HCV,1a,100
MH733148,HCV,1a,100
MK215014,HCV,1b,100
MH733161,HCV,1a,100
MH733160,HCV,1a,100
MK215016,HCV,1b,100
MK215010,HCV,1b,100
MG821859,HCV,4d,100
KC123435,HCV,1b,100
MH733159,HCV,1a,100
MG821861,HCV,4d,100
KC123441,HCV,1b,100
KC123448,HCV,1b,100
KC123439,HCV,1b,100
KC123454,HCV,1b,100
KC123445,HCV,1b,100
KC123453,HCV,1b,100
KC123451,HCV,1b,100
KC123444,HCV,1b,100
KC123443,HCV,1b,100
KC123456,HCV,1b,100
KC123455,HCV,1b,100
JX437318,HCV,1a,100
OM312105,HCV,1a,100
OM312106,HCV,1a,100
OM312107,HCV,1a,100
OM312108,HCV,1a,100
OM312535,HCV,1b,100
OM312536,HCV,1b,100
JX437323,HCV,1a,100
JX437321,HCV,1b,100
JX437332,HCV,1a,100
JX437330,HCV,1a,100
KC123457,HCV,1b,100
KX646276,HCV,1a,100
OM312110,HCV,1a,100
OM312109,HCV,1a,100
OM312111,HCV,1a,100
OM312113,HCV,1a,100
OM312114,HCV,1a,100
OM312119,HCV,1a,100
OM312116,HCV,1a,100
OM312118,HCV,1a,100
KP057792,HCV,1b,100
KC124379,HCV,1b,100
KC124376,HCV,1b,100
KC124378,HCV,1b,100
KC124375,HCV,1b,100
KC124377,HCV,1b,100
KC124380,HCV,1b,100
KC124387,HCV,1b,100
KC124384,HCV,1b,100
KC124382,HCV,1b,100
KC124388,HCV,1b,100
KC124383,HCV,1b,100
KC124386,HCV,1b,100
KC124390,HCV,1b,100
KC124391,HCV,1b,100
KC124394,HCV,1b,100
KC124393,HCV,1b,100
KC124392,HCV,1b,100
KC124395,HCV,1b,100
KC124396,HCV,1b,100
KC124399,HCV,1b,100
KC124397,HCV,1b,100
KC124401,HCV,1b,100
KC124402,HCV,1b,100
KC124398,HCV,1b,100
KC124403,HCV,1b,100
KC124405,HCV,1b,100
KC124407,HCV,1b,100
KC124409,HCV,1b,100
KC124406,HCV,1b,100
KC124408,HCV,1b,100
KC124411,HCV,1b,100
KC124413,HCV,1b,100
KC124415,HCV,1b,100
KC124410,HCV,1b,100
KC124412,HCV,1b,100
KC124416,HCV,1b,100
KC124417,HCV,1b,100
KC124419,HCV,1b,100
KC124423,HCV,1b,100
KC124420,HCV,1b,100
KC124418,HCV,1b,100
KC124422,HCV,1b,100
KC124428,HCV,1b,100
KC124429,HCV,1b,100
KC124424,HCV,1b,100
KC124430,HCV,1b,100
KC124426,HCV,1b,100
KC124427,HCV,1b,100
KC124433,HCV,1b,100
KC124431,HCV,1b,100
KC124434,HCV,1b,100
KC124436,HCV,1b,100
KC124437,HCV,1b,100
KC124435,HCV,1b,100
KC124441,HCV,1b,100
KC124444,HCV,1b,100
KC124443,HCV,1b,100
KC124442,HCV,1b,100
KC124438,HCV,1b,100
KC124439,HCV,1b,100
KC124448,HCV,1b,100
KC124447,HCV,1b,100
KC124450,HCV,1b,100
KC124449,HCV,1b,100
KC124446,HCV,1b,100
KC124451,HCV,1b,100
KC124456,HCV,1b,100
KC124452,HCV,1b,100
KC124453,HCV,1b,100
KC124457,HCV,1b,100
KC124454,HCV,1b,100
KC124455,HCV,1b,100
KC123460,HCV,1b,100
KC123459,HCV,1b,100
KC123470,HCV,1b,100
KC123467,HCV,1b,100
KC123465,HCV,1b,100
KC123471,HCV,1b,100
KC123472,HCV,1b,100
KC123462,HCV,1b,100
KC123466,HCV,1b,100
KC123461,HCV,1b,100
KC123478,HCV,1b,100
KC123476,HCV,1b,100
KC123473,HCV,1b,100
KC123482,HCV,1b,100
KC123479,HCV,1b,100
KC123477,HCV,1b,100
KC123481,HCV,1b,100
KC123468,HCV,1b,100
KC123480,HCV,1b,100
KC123487,HCV,1b,100
KC123474,HCV,1b,100
KC123493,HCV,1b,100
KC123490,HCV,1b,100
KC123491,HCV,1b,100
KC123489,HCV,1b,100
KC123496,HCV,1b,100
KC123498,HCV,1g,100
KC123499,HCV,1b,100
KC123492,HCV,1b,100
KC123494,HCV,1b,100
KC123500,HCV,1b,100
KC123504,HCV,1b,100
KC123483,HCV,1b,100
KC123503,HCV,1b,100
KC123507,HCV,1b,100
KC123485,HCV,1b,100
KC123506,HCV,1b,100
KC123509,HCV,1b,100
KC123515,HCV,1b,100
KC123516,HCV,1b,100
KC123505,HCV,1b,100
KC123518,HCV,1b,100
KC123513,HCV,1b,100
KC123514,HCV,1b,100
KC123520,HCV,1b,100
KC123519,HCV,1b,100
KC123512,HCV,1b,100
KC123511,HCV,1b,100
KC123508,HCV,1b,100
KC123521,HCV,1b,100
KC123523,HCV,1b,100
KC123524,HCV,1b,100
KC123528,HCV,1b,100
KC123522,HCV,1b,100
KC123532,HCV,1b,100
KC123527,HCV,1b,100
KC123535,HCV,1b,100
KC123536,HCV,1b,100
KC123530,HCV,1b,100
KC123538,HCV,1b,100
KC123525,HCV,1b,100
KC123541,HCV,1b,100
KC123533,HCV,1b,100
KC123546,HCV,1b,100
KC123548,HCV,1b,100
KC123551,HCV,1b,100
KC123549,HCV,1b,100
KC123543,HCV,1b,100
KC123539,HCV,1b,100
KC123553,HCV,1b,100
KC123555,HCV,1b,100
KC123559,HCV,1b,100
KC123558,HCV,1b,100
KC123545,HCV,1b,100
KC123557,HCV,1b,100
KC123552,HCV,1b,100
KC123563,HCV,1b,100
KC123566,HCV,1b,100
KC123569,HCV,1b,100
KC123567,HCV,1b,100
KC123562,HCV,1b,100
KC123574,HCV,1b,100
KC123565,HCV,1b,100
KC123571,HCV,1b,100
KC123573,HCV,1b,100
KC123576,HCV,1b,100
KC123540,HCV,1b,100
KC123575,HCV,1b,100
KC123572,HCV,1b,100
KC123583,HCV,1b,100
KC123586,HCV,1b,100
KC123581,HCV,1b,100
KC123587,HCV,1b,100
KC123590,HCV,1b,100
KC123596,HCV,1b,100
KC123595,HCV,1b,100
KC123594,HCV,1b,100
KC123593,HCV,1b,100
KC123597,HCV,1b,100
KC123592,HCV,1b,100
KC123602,HCV,1b,100
KC123601,HCV,1b,100
KC123591,HCV,1b,100
KC123603,HCV,1b,100
KC123605,HCV,1b,100
KC123609,HCV,1b,100
KC123608,HCV,1b,100
KC123610,HCV,1b,100
KC123612,HCV,1b,100
KC123607,HCV,1b,100
KC123611,HCV,1b,100
KC123615,HCV,1b,100
KC123598,HCV,1b,100
KC123614,HCV,1b,100
KC123616,HCV,1b,100
KC123621,HCV,1b,100
KC123604,HCV,1b,100
KC123618,HCV,1b,100
KC123617,HCV,1b,100
KC123613,HCV,1b,100
KC123620,HCV,1b,100
KC123625,HCV,1b,100
KC123623,HCV,1b,100
KC123606,HCV,1b,100
KC123628,HCV,1b,100
KC123624,HCV,1b,100
KC123622,HCV,1b,100
KC123630,HCV,1b,100
KC123629,HCV,1b,100
KC123635,HCV,1b,100
KC123639,HCV,1b,100
KC123634,HCV,1b,100
KC123640,HCV,1b,100
KC123619,HCV,1b,100
KC123641,HCV,1b,100
KC123644,HCV,1b,100
KC123632,HCV,1b,100
KC123631,HCV,1b,100
KC123638,HCV,1b,100
KC123646,HCV,1b,100
KC123648,HCV,1b,100
KC123642,HCV,1b,100
KC123647,HCV,1b,100
KC123643,HCV,1b,100
KC123652,HCV,1b,100
KC123656,HCV,1b,100
KC123655,HCV,1b,100
KC123658,HCV,1b,100
KC123654,HCV,1b,100
KC123651,HCV,1b,100
KC123645,HCV,1b,100
KC123649,HCV,1b,100
KC123660,HCV,1b,100
KC123650,HCV,1b,100
KC123659,HCV,1b,100
KC123664,HCV,1b,100
KC123663,HCV,1b,100
KC123662,HCV,1b,100
KC123667,HCV,1b,100
KC123653,HCV,1b,100
KC123665,HCV,1b,100
KC123657,HCV,1b,100
KC123672,HCV,1b,100
KC123675,HCV,1b,100
KC123666,HCV,1b,100
KC123668,HCV,1b,100
KC123677,HCV,1b,100
KC123678,HCV,1b,100
KC123671,HCV,1b,100
KC123670,HCV,1b,100
KC123679,HCV,1b,100
KC123680,HCV,1b,100
KC123684,HCV,1b,100
KC123669,HCV,1b,100
KC123681,HCV,1b,100
KC123685,HCV,1b,100
KC123674,HCV,1b,100
KC123686,HCV,1b,100
KC123687,HCV,1b,100
KC123690,HCV,1b,100
KC123688,HCV,1b,100
KC123682,HCV,1b,100
KC123693,HCV,1b,100
KC123683,HCV,1b,100
KC123689,HCV,1b,100
KC123694,HCV,1b,100
KC123695,HCV,1b,100
KC123702,HCV,1b,100
KC123692,HCV,1b,100
KC123704,HCV,1b,100
KC123697,HCV,1b,100
KC123701,HCV,1b,100
KC123703,HCV,1b,100
KC123707,HCV,1b,100
KC123710,HCV,1b,100
KC123708,HCV,1b,100
KC123709,HCV,1b,100
KC123698,HCV,1b,100
KC123696,HCV,1b,100
KC123713,HCV,1b,100
KC123705,HCV,1b,100
KC123717,HCV,1b,100
KC123699,HCV,1b,100
KC123720,HCV,1b,100
KC123711,HCV,1b,100
KC123714,HCV,1b,100
KC123700,HCV,1b,100
KC123719,HCV,1b,100
KC123721,HCV,1b,100
KC123716,HCV,1b,100
KC123718,HCV,1b,100
KC123726,HCV,1b,100
KC123724,HCV,1b,100
KC123728,HCV,1b,100
KC123730,HCV,1b,100
KC123731,HCV,1b,100
KC123734,HCV,1b,100
KC123723,HCV,1b,100
KC123732,HCV,1b,100
KC123733,HCV,1b,100
KC123725,HCV,1b,100
KC123706,HCV,1b,100
KC123738,HCV,1b,100
KC123736,HCV,1b,100
KC123737,HCV,1b,100
KC123727,HCV,1b,100
KC123745,HCV,1b,100
KC123741,HCV,1b,100
KC123739,HCV,1b,100
KC123748,HCV,1b,100
KC123750,HCV,1b,100
KC123751,HCV,1b,100
KC123722,HCV,1b,100
KC123743,HCV,1b,100
KC123754,HCV,1b,100
KC123749,HCV,1b,100
KC123755,HCV,1b,100
KC123735,HCV,1b,100
KC123746,HCV,1b,100
KC123747,HCV,1b,100
KC123757,HCV,1b,100
KC123753,HCV,1b,100
KC123756,HCV,1b,100
KC123758,HCV,1b,100
KC123762,HCV,1b,100
KC123744,HCV,1b,100
KC123767,HCV,1b,100
KC123763,HCV,1b,100
KC123769,HCV,1b,100
KC123768,HCV,1b,100
KC123760,HCV,1b,100
KC123752,HCV,1b,100
KC123765,HCV,1b,100
KC123761,HCV,1b,100
KC123772,HCV,1b,100
KC123776,HCV,1b,100
KC123770,HCV,1b,100
KC123775,HCV,1b,100
KC123766,HCV,1b,100
KC123759,HCV,1b,100
KC123773,HCV,1b,100
KC123783,HCV,1b,100
KC123764,HCV,1b,100
KC123786,HCV,1b,100
KC123785,HCV,1b,100
KC123777,HCV,1b,100
KC123771,HCV,1b,100
KC123787,HCV,1b,100
KC123782,HCV,1b,100
KC123790,HCV,1b,100
KC123781,HCV,1b,100
KC123789,HCV,1b,100
KC123794,HCV,1b,100
KC123795,HCV,1b,100
KC123788,HCV,1b,100
KC123793,HCV,1b,100
KC123796,HCV,1b,100
KC123784,HCV,1b,100
KC123778,HCV,1b,100
KC123779,HCV,1b,100
KC123792,HCV,1b,100
KC123774,HCV,1b,100
KC123800,HCV,1b,100
KC123799,HCV,1b,100
KC123809,HCV,1b,100
KC123802,HCV,1b,100
KC123813,HCV,1b,100
KC123811,HCV,1b,100
KC123818,HCV,1b,100
KC123819,HCV,1b,100
KC123817,HCV,1b,100
KC123822,HCV,1b,100
KC123806,HCV,1b,100
KC123824,HCV,1b,100
KC123803,HCV,1b,100
KC123826,HCV,1b,100
KC123810,HCV,1b,100
KC123827,HCV,1b,100
KC123825,HCV,1b,100
KC123821,HCV,1b,100
KC123830,HCV,1b,100
KC123828,HCV,1b,100
KC123829,HCV,1b,100
KC123835,HCV,1b,100
KC123823,HCV,1b,100
KC123814,HCV,1b,100
KC123836,HCV,1b,100
KC123838,HCV,1b,100
KC123841,HCV,1b,100
KC123837,HCV,1b,100
KC123816,HCV,1b,100
KC123839,HCV,1b,100
KC123843,HCV,1b,100
KC123844,HCV,1b,100
KC123848,HCV,1b,100
KC123849,HCV,1b,100
KC123852,HCV,1b,100
KC123855,HCV,1b,100
KC123857,HCV,1b,100
KC123861,HCV,1b,100
KC123863,HCV,1b,100
KC123864,HCV,1b,100
KC123845,HCV,1b,100
KC123871,HCV,1b,100
KC123847,HCV,1b,100
KC123866,HCV,1b,100
KC123859,HCV,1b,100
KC123865,HCV,1b,100
KC123872,HCV,1b,100
KC123876,HCV,1b,100
KC123875,HCV,1b,100
KC123874,HCV,1b,100
KC123860,HCV,1b,100
KC123877,HCV,1b,100
KC123867,HCV,1b,100
KC123882,HCV,1b,100
KC123870,HCV,1b,100
KC123873,HCV,1b,100
KC123890,HCV,1b,100
KC123888,HCV,1b,100
KC123892,HCV,1b,100
KC123891,HCV,1b,100
KC123896,HCV,1b,100
KC123889,HCV,1b,100
KC123893,HCV,1b,100
KC123899,HCV,1b,100
KC123897,HCV,1b,100
KC123895,HCV,1b,100
KC123884,HCV,1b,100
KC123904,HCV,1b,100
KC123902,HCV,1b,100
KC123906,HCV,1b,100
KC123901,HCV,1b,100
KC123898,HCV,1b,100
KC123910,HCV,1b,100
KC123908,HCV,1b,100
KC123913,HCV,1b,100
KC123894,HCV,1b,100
KC123909,HCV,1b,100
KC123903,HCV,1b,100
KC123885,HCV,1b,100
KC123915,HCV,1b,100
KC123919,HCV,1b,100
KC123917,HCV,1b,100
KC123921,HCV,1b,100
KC123914,HCV,1b,100
KC123916,HCV,1b,100
KC123927,HCV,1b,100
KC123905,HCV,1b,100
KC123923,HCV,1b,100
KC123928,HCV,1b,100
KC123930,HCV,1b,100
KC123929,HCV,1b,100
KC123937,HCV,1b,100
KC123939,HCV,1b,100
KC123942,HCV,1b,100
KC123940,HCV,1b,100
KC123932,HCV,1b,100
KC123924,HCV,1b,100
KC123944,HCV,1b,100
KC123935,HCV,1b,100
KC123934,HCV,1b,100
KC123931,HCV,1b,100
KC123947,HCV,1b,100
KC123949,HCV,1b,100
KC123952,HCV,1b,100
KC123954,HCV,1b,100
KC123955,HCV,1b,100
KC123953,HCV,1b,100
KC123951,HCV,1b,100
KC123946,HCV,1b,100
KC123960,HCV,1b,100
KC123948,HCV,1b,100
KC123963,HCV,1b,100
KC123962,HCV,1b,100
KC123967,HCV,1b,100
KC123970,HCV,1b,100
KC123950,HCV,1b,100
KC123966,HCV,1b,100
KC123972,HCV,1b,100
KC123964,HCV,1b,100
KC123971,HCV,1b,100
KC123973,HCV,1b,100
KC123977,HCV,1b,100
KC123979,HCV,1b,100
KC123978,HCV,1b,100
KC123976,HCV,1b,100
KC123982,HCV,1b,100
KC123968,HCV,1b,100
KC123981,HCV,1b,100
KC123985,HCV,1b,100
KC123984,HCV,1b,100
KC123989,HCV,1b,100
KC123990,HCV,1b,100
KC123959,HCV,1b,100
KC123974,HCV,1b,100
KC123975,HCV,1b,100
KC123993,HCV,1b,100
KC123988,HCV,1b,100
KC123998,HCV,1b,100
KC123996,HCV,1b,100
KC123987,HCV,1b,100
KC123997,HCV,1b,100
KC123994,HCV,1b,100
KC124003,HCV,1b,100
KC124004,HCV,1b,100
KC124007,HCV,1b,100
KC124002,HCV,1b,100
KC123991,HCV,1b,100
KC124001,HCV,1b,100
KC124006,HCV,1b,100
KC124000,HCV,1b,100
KC124008,HCV,1b,100
KC123980,HCV,1b,100
KC124005,HCV,1b,100
KC123992,HCV,1b,100
KC123999,HCV,1b,100
KC124009,HCV,1b,100
KC124015,HCV,1b,100
KC124014,HCV,1b,100
KC124011,HCV,1b,100
KC124021,HCV,1b,100
KC124010,HCV,1b,100
KC124029,HCV,1b,100
KC124026,HCV,1b,100
KC124022,HCV,1b,100
KC124033,HCV,1b,100
KC124030,HCV,1b,100
KC124031,HCV,1b,100
KC124032,HCV,1b,100
KC124025,HCV,1b,100
KC124039,HCV,1b,100
KC124038,HCV,1b,100
KC124040,HCV,1b,100
KC124024,HCV,1b,100
KC124037,HCV,1b,100
KC124043,HCV,1b,100
KC124041,HCV,1b,100
KC124023,HCV,1b,100
KC124035,HCV,1b,100
KC124046,HCV,1b,100
KC124044,HCV,1b,100
KC124052,HCV,1b,100
KC124051,HCV,1b,100
KC124053,HCV,1b,100
KC124042,HCV,1b,100
KC124056,HCV,1b,100
KC124054,HCV,1b,100
KC124048,HCV,1b,100
KC124047,HCV,1b,100
KC124055,HCV,1b,100
KC124065,HCV,1b,100
KC124062,HCV,1b,100
KC124063,HCV,1b,100
KC124061,HCV,1b,100
KC124068,HCV,1b,100
KC124069,HCV,1b,100
KC124064,HCV,1b,100
KC124076,HCV,1b,100
KC124058,HCV,1b,100
KC124077,HCV,1b,100
KC124074,HCV,1b,100
KC124078,HCV,1b,100
KC124085,HCV,1b,100
KC124070,HCV,1b,100
KC124086,HCV,1b,100
KC124091,HCV,1b,100
KC124081,HCV,1b,100
KC124082,HCV,1b,100
KC124088,HCV,1b,100
KC124087,HCV,1b,100
KC124096,HCV,1b,100
KC124098,HCV,1b,100
KC124099,HCV,1b,100
KC124105,HCV,1b,100
KC124108,HCV,1b,100
KC124101,HCV,1b,100
KC124109,HCV,1b,100
KC124094,HCV,1b,100
KC124114,HCV,1b,100
KC124112,HCV,1b,100
KC124117,HCV,1b,100
KC124097,HCV,1b,100
KC124115,HCV,1b,100
KC124119,HCV,1b,100
KC124118,HCV,1b,100
KC124120,HCV,1b,100
KC124113,HCV,1b,100
KC124104,HCV,1b,100
KC124123,HCV,1b,100
KC124124,HCV,1b,100
KC124127,HCV,1b,100
KC124126,HCV,1b,100
KC124125,HCV,1b,100
KC124133,HCV,1b,100
KC124131,HCV,1b,100
KC124130,HCV,1b,100
KC124100,HCV,1b,100
KC124132,HCV,1b,100
KC124128,HCV,1b,100
KC124135,HCV,1b,100
KC124140,HCV,1b,100
KC124134,HCV,1b,100
KC124136,HCV,1b,100
KC124144,HCV,1b,100
KC124145,HCV,1b,100
KC124143,HCV,1b,100
KC124137,HCV,1b,100
KC124146,HCV,1b,100
KC124150,HCV,1b,100
KC124156,HCV,1b,100
KC124159,HCV,1b,100
KC124161,HCV,1b,100
KC124153,HCV,1b,100
KC124165,HCV,1b,100
KC124163,HCV,1b,100
KC124166,HCV,1b,100
KC124152,HCV,1b,100
KC124162,HCV,1b,100
KC124173,HCV,1b,100
KC124168,HCV,1b,100
KC124170,HCV,1b,100
KC124167,HCV,1b,100
KC124169,HCV,1b,100
KC124160,HCV,1b,100
KC124176,HCV,1b,100
KC124175,HCV,1b,100
KC124179,HCV,1b,100
KC124177,HCV,1b,100
KC124182,HCV,1b,100
KC124171,HCV,1b,100
KC124178,HCV,1b,100
KC124181,HCV,1b,100
KC124186,HCV,1b,100
KC124172,HCV,1b,100
KC124183,HCV,1b,100
KC124188,HCV,1b,100
KC124191,HCV,1b,100
KC124174,HCV,1b,100
KC124189,HCV,1b,100
KC124193,HCV,1b,100
KC124187,HCV,1b,100
KC124184,HCV,1b,100
KC124197,HCV,1b,100
KC124192,HCV,1b,100
KC124196,HCV,1b,100
KC124195,HCV,1b,100
KC124200,HCV,1b,100
KC124190,HCV,1b,100
KC124198,HCV,1b,100
KC124194,HCV,1b,100
KC124199,HCV,1b,100
KC124202,HCV,1b,100
KC124206,HCV,1b,100
KC124208,HCV,1b,100
KC124207,HCV,1b,100
KC124201,HCV,1b,100
KC124211,HCV,1b,100
KC124212,HCV,1b,100
KC124204,HCV,1b,100
KC124214,HCV,1b,100
KC124205,HCV,1b,100
KC124215,HCV,1b,100
KC124209,HCV,1b,100
KC124217,HCV,1b,100
KC124203,HCV,1b,100
KC124218,HCV,1b,100
KC124222,HCV,1b,100
KC124220,HCV,1b,100
KC124219,HCV,1b,100
KC124213,HCV,1b,100
KC124225,HCV,1b,100
KC124227,HCV,1b,100
KC124228,HCV,1b,100
KC124229,HCV,1b,100
KC124232,HCV,1b,100
KC124224,HCV,1b,100
KC124231,HCV,1b,100
KC124230,HCV,1b,100
KC124233,HCV,1b,100
KC124236,HCV,1b,100
KC124226,HCV,1b,100
KC124237,HCV,1b,100
KC124238,HCV,1b,100
KC124235,HCV,1b,100
KC124243,HCV,1b,100
KC124221,HCV,1b,100
KC124240,HCV,1b,100
KC124223,HCV,1b,100
KC124246,HCV,1b,100
KC124242,HCV,1b,100
KC124247,HCV,1b,100
KC124239,HCV,1b,100
KC124244,HCV,1b,100
KC124250,HCV,1b,100
KC124248,HCV,1b,100
KC124251,HCV,1b,100
KC124252,HCV,1b,100
KC124260,HCV,1b,100
KC124259,HCV,1b,100
KC124262,HCV,1b,100
KC124245,HCV,1b,100
KC124256,HCV,1b,100
KC124264,HCV,1b,100
KC124261,HCV,1b,100
KC124258,HCV,1b,100
KC124263,HCV,1b,100
KC124257,HCV,1b,100
KC124266,HCV,1b,100
KC124268,HCV,1b,100
KC124269,HCV,1b,100
KC124270,HCV,1b,100
KC124265,HCV,1b,100
KC124267,HCV,1b,100
KC124274,HCV,1b,100
KC124273,HCV,1b,100
KC124276,HCV,1b,100
KC124278,HCV,1b,100
KC124272,HCV,1b,100
KC124283,HCV,1b,100
KC124279,HCV,1b,100
KC124281,HCV,1b,100
KC124277,HCV,1b,100
KC124254,HCV,1b,100
KC124285,HCV,1b,100
KC124290,HCV,1b,100
KC124293,HCV,1b,100
KC124286,HCV,1b,100
KC124288,HCV,1b,100
KC124292,HCV,1b,100
KC124287,HCV,1b,100
KC124297,HCV,1b,100
KC124284,HCV,1b,100
KC124282,HCV,1b,100
KC124298,HCV,1b,100
KC124294,HCV,1b,100
KC124300,HCV,1b,100
KC124296,HCV,1b,100
KC124289,HCV,1b,100
KC124301,HCV,1b,100
KC124295,HCV,1b,100
KC124305,HCV,1b,100
KC124299,HCV,1b,100
KC124304,HCV,1b,100
KC124291,HCV,1b,100
KC124302,HCV,1b,100
KC124308,HCV,1b,100
KC124307,HCV,1b,100
KC124306,HCV,1b,100
KC124303,HCV,1b,100
KC124310,HCV,1b,100
KC124309,HCV,1b,100
KC124312,HCV,1b,100
KC124314,HCV,1b,100
KC124313,HCV,1b,100
KC124311,HCV,1b,100
KC124318,HCV,1b,100
KC124317,HCV,1b,100
KC124319,HCV,1b,100
KC124324,HCV,1b,100
KC124326,HCV,1b,100
KC124328,HCV,1b,100
KC124316,HCV,1b,100
KC124323,HCV,1b,100
KC124320,HCV,1b,100
KC124322,HCV,1b,100
KC124325,HCV,1b,100
KC124315,HCV,1b,100
KC124327,HCV,1b,100
KC124329,HCV,1b,100
KC124330,HCV,1b,100
KC124334,HCV,1b,100
KC124336,HCV,1b,100
KC124333,HCV,1b,100
KC124331,HCV,1b,100
KC124340,HCV,1b,100
KC124339,HCV,1b,100
KC124344,HCV,1b,100
KC124352,HCV,1b,100
KC124357,HCV,1b,100
KC124362,HCV,1b,100
KC124369,HCV,1b,100
KC124381,HCV,1b,100
KC124385,HCV,1b,100
KC124389,HCV,1b,100
KC124400,HCV,1b,100
KC124404,HCV,1b,100
KC124414,HCV,1b,100
KC124421,HCV,1b,100
KC124425,HCV,1b,100
KC124432,HCV,1b,100
KC123463,HCV,1b,100
KC123458,HCV,1b,100
KC123464,HCV,1b,100
KC123469,HCV,1b,100
KC123484,HCV,1b,100
KC123475,HCV,1b,100
KC123488,HCV,1b,100
KC123502,HCV,1b,100
KC123486,HCV,1b,100
KC123501,HCV,1b,100
KC123497,HCV,1b,100
KC123495,HCV,1b,100
KC123510,HCV,1b,100
KC123517,HCV,1b,100
KC123529,HCV,1b,100
KC123531,HCV,1b,100
KC123526,HCV,1b,100
KC123537,HCV,1b,100
KC123534,HCV,1b,100
KC123544,HCV,1b,100
KC123547,HCV,1b,100
KC123550,HCV,1b,100
KC123542,HCV,1b,100
KC123556,HCV,1b,100
KC123560,HCV,1b,100
KC123561,HCV,1b,100
KC123554,HCV,1b,100
KC123568,HCV,1b,100
KC123570,HCV,1b,100
KC123564,HCV,1b,100
KC123580,HCV,1b,100
KC123578,HCV,1b,100
KC123579,HCV,1b,100
KC123577,HCV,1b,100
KC123584,HCV,1b,100
KC123585,HCV,1b,100
KC123582,HCV,1b,100
KC123589,HCV,1b,100
KC123588,HCV,1b,100
KC123600,HCV,1b,100
KC123599,HCV,1b,100
KC123627,HCV,1b,100
KC123626,HCV,1b,100
KC123637,HCV,1b,100
KC123636,HCV,1b,100
KC123633,HCV,1b,100
KC123661,HCV,1b,100
KC123676,HCV,1b,100
KC123673,HCV,1b,100
KC123691,HCV,1b,100
KC123712,HCV,1b,100
KC123715,HCV,1b,100
KC123740,HCV,1b,100
KC123729,HCV,1b,100
KC123742,HCV,1b,100
KC123791,HCV,1b,100
KC123801,HCV,1b,100
KC123798,HCV,1b,100
KC123804,HCV,1b,100
KC123780,HCV,1b,100
KC123805,HCV,1b,100
KC123797,HCV,1b,100
KC123812,HCV,1b,100
KC123808,HCV,1b,100
KC123807,HCV,1b,100
KC123815,HCV,1b,100
KC123831,HCV,1b,100
KC123832,HCV,1b,100
KC123834,HCV,1b,100
KC123840,HCV,1b,100
KC123850,HCV,1b,100
KC123851,HCV,1b,100
KC123853,HCV,1b,100
KC123856,HCV,1b,100
KC123858,HCV,1b,100
KC123862,HCV,1b,100
KC123868,HCV,1b,100
KC123854,HCV,1b,100
KC123880,HCV,1b,100
KC123881,HCV,1b,100
KC123879,HCV,1b,100
KC123869,HCV,1b,100
KC123883,HCV,1b,100
KC123886,HCV,1b,100
KC123887,HCV,1b,100
KC123878,HCV,1b,100
KC123907,HCV,1b,100
KC123900,HCV,1b,100
KC123912,HCV,1b,100
KC123911,HCV,1b,100
KC123918,HCV,1b,100
KC123920,HCV,1b,100
KC123922,HCV,1b,100
KC123926,HCV,1b,100
KC123938,HCV,1b,100
KC123941,HCV,1b,100
KC123936,HCV,1b,100
KC123925,HCV,1b,100
KC123943,HCV,1b,100
KC123957,HCV,1b,100
KC123933,HCV,1b,100
KC123958,HCV,1b,100
KC123956,HCV,1b,100
KC123965,HCV,1b,100
KC123969,HCV,1b,100
KC123945,HCV,1b,100
KC123961,HCV,1b,100
KC123983,HCV,1b,100
KC123986,HCV,1b,100
KC123995,HCV,1b,100
KC124012,HCV,1b,100
KC124018,HCV,1b,100
KC124016,HCV,1b,100
KC124017,HCV,1b,100
KC124020,HCV,1b,100
KC124027,HCV,1b,100
KC124028,HCV,1b,100
KC124019,HCV,1b,100
KC124013,HCV,1b,100
KC124036,HCV,1b,100
KC124034,HCV,1b,100
KC124050,HCV,1b,100
KC124049,HCV,1b,100
KC124057,HCV,1b,100
KC124045,HCV,1b,100
KC124060,HCV,1b,100
KC124059,HCV,1b,100
KC124067,HCV,1b,100
KC124066,HCV,1b,100
KC124071,HCV,1b,100
KC124079,HCV,1b,100
KC124075,HCV,1b,100
KC124080,HCV,1b,100
KC124084,HCV,1b,100
KC124083,HCV,1b,100
KC124072,HCV,1b,100
KC124089,HCV,1b,100
KC124073,HCV,1b,100
KC124090,HCV,1b,100
KC124093,HCV,1b,100
KC124092,HCV,1b,100
KC124095,HCV,1b,100
KC124103,HCV,1b,100
KC124106,HCV,1b,100
KC124107,HCV,1b,100
KC124102,HCV,1b,100
KC124111,HCV,1b,100
KC124110,HCV,1b,100
KC124116,HCV,1b,100
KC124121,HCV,1b,100
KC124129,HCV,1b,100
KC124142,HCV,1b,100
KC124141,HCV,1b,100
KC124122,HCV,1b,100
KC124148,HCV,1b,100
KC124138,HCV,1b,100
KC124139,HCV,1b,100
KC124151,HCV,1b,100
KC124154,HCV,1b,100
KC124155,HCV,1b,100
KC124149,HCV,1b,100
KC124157,HCV,1b,100
KC124158,HCV,1b,100
KC124147,HCV,1b,100
KC124164,HCV,1b,100
KC124180,HCV,1b,100
KC124185,HCV,1b,100
KC124210,HCV,1b,100
KC124216,HCV,1b,100
KC124234,HCV,1b,100
KC124241,HCV,1b,100
KC124253,HCV,1b,100
KC124255,HCV,1b,100
KC124249,HCV,1b,100
KC124271,HCV,1b,100
KC124280,HCV,1b,100
KC124275,HCV,1b,100
KC124440,HCV,1b,100
KC124445,HCV,1b,100
KC123842,HCV,1b,100
KC123846,HCV,1b,100
KC124332,HCV,1b,100
KC123820,HCV,1b,100
KC124321,HCV,1b,100
KC123833,HCV,1b,100
KC124337,HCV,1b,100
KC124347,HCV,1b,100
KC124338,HCV,1b,100
KC124335,HCV,1b,100
KC124358,HCV,1b,100
KC124348,HCV,1b,100
KC124360,HCV,1b,100
KC124355,HCV,1b,100
KC124353,HCV,1b,100
KC124359,HCV,1b,100
KC124354,HCV,1b,100
KC124356,HCV,1b,100
KC124350,HCV,1b,100
KC124351,HCV,1b,100
KC124349,HCV,1b,100
KC124370,HCV,1b,100
KC124343,HCV,1b,100
KC124371,HCV,1b,100
KC124341,HCV,1b,100
KC124342,HCV,1b,100
KC124372,HCV,1b,100
KC124345,HCV,1b,100
KC124346,HCV,1b,100
KC124361,HCV,1b,100
KC124363,HCV,1b,100
KC124366,HCV,1b,100
KC124365,HCV,1b,100
KC124364,HCV,1b,100
KC124367,HCV,1b,100
KC124373,HCV,1b,100
KC124374,HCV,1b,100
KC124368,HCV,1b,100
KC124459,HCV,1b,100
KC125603,HCV,1a,100
KC125604,HCV,1a,100
KC125602,HCV,1a,100
KC125612,HCV,1a,100
KC125610,HCV,1a,100
KC125613,HCV,1a,100
KC125608,HCV,1a,100
KC125616,HCV,1a,100
KC125614,HCV,1a,100
KC125619,HCV,1a,100
KC125620,HCV,1a,100
KC125617,HCV,1a,100
KC125618,HCV,1a,100
KC125622,HCV,1a,100
KC125621,HCV,1a,100
KC125626,HCV,1a,100
KC125624,HCV,1a,100
KC125625,HCV,1a,100
KC125627,HCV,1a,100
KC125634,HCV,1a,100
KC125629,HCV,1a,100
KC125630,HCV,1a,100
KC125632,HCV,1a,100
KC125631,HCV,1a,100
KC125633,HCV,1a,100
KC125637,HCV,1a,100
KC125641,HCV,1a,100
KC125635,HCV,1a,100
KC125640,HCV,1a,100
KC125638,HCV,1a,100
KC125639,HCV,1a,100
KC125646,HCV,1a,100
KC125645,HCV,1a,100
KC125644,HCV,1a,100
KC125642,HCV,1a,100
KC125647,HCV,1a,100
KC125648,HCV,1a,100
KC125651,HCV,1a,100
KC125654,HCV,1a,100
KC125649,HCV,1a,100
KC125653,HCV,1a,100
KC125652,HCV,1a,100
KC125660,HCV,1a,100
KC125659,HCV,1a,100
KC125658,HCV,1a,100
KC125656,HCV,1a,100
KC125661,HCV,1a,100
KC125657,HCV,1a,100
KC125665,HCV,1a,100
KC125667,HCV,1a,100
KC125666,HCV,1a,100
KC125668,HCV,1a,100
KC125662,HCV,1a,100
KC125664,HCV,1a,100
KC125672,HCV,1a,100
KC125675,HCV,1a,100
KC125671,HCV,1a,100
KC125673,HCV,1a,100
KC125679,HCV,1a,100
KC125678,HCV,1a,100
KC125680,HCV,1a,100
KC125677,HCV,1a,100
KC125681,HCV,1a,100
KC125682,HCV,1a,100
KC125684,HCV,1a,100
KC125687,HCV,1a,100
KC125686,HCV,1a,100
KC125688,HCV,1a,100
KC125692,HCV,1b,97
KC125693,HCV,1a,100
KC125694,HCV,1a,100
KC125695,HCV,1a,100
KC125696,HCV,1a,100
KC124466,HCV,1b,100
KC124467,HCV,1b,100
KC124461,HCV,1b,100
KC124470,HCV,1b,100
KC124463,HCV,1b,100
KC124472,HCV,1b,100
KC124464,HCV,1b,100
KC124469,HCV,1b,100
KC124471,HCV,1b,100
KC124474,HCV,1b,100
KC124475,HCV,1b,100
KC124477,HCV,1b,100
KC124476,HCV,1b,100
KC124473,HCV,1b,100
KC124479,HCV,1b,100
KC124480,HCV,1b,100
KC124481,HCV,1b,100
KC124468,HCV,1b,100
KC124483,HCV,1b,100
KC124478,HCV,1b,100
KC124485,HCV,1b,100
KC124482,HCV,1b,100
KC124486,HCV,1b,100
KC124491,HCV,1b,100
KC124487,HCV,1b,100
KC124489,HCV,1b,100
KC124490,HCV,1b,100
KC124503,HCV,1b,100
KC124501,HCV,1b,100
KC124484,HCV,1b,100
KC124502,HCV,1b,100
KC124506,HCV,1b,100
KC124500,HCV,1b,100
KC124504,HCV,1b,100
KC124492,HCV,1b,100
KC124488,HCV,1b,100
KC124510,HCV,1b,100
KC124507,HCV,1b,100
KC124508,HCV,1b,100
KC124509,HCV,1b,100
KC124505,HCV,1b,100
KC124512,HCV,1b,100
KC124513,HCV,1b,100
KC124517,HCV,1b,100
KC124516,HCV,1b,100
KC124515,HCV,1b,100
KC124514,HCV,1b,100
KC124511,HCV,1b,100
KC124519,HCV,1b,100
KC124523,HCV,1b,100
KC124520,HCV,1b,100
KC124527,HCV,1b,100
KC124521,HCV,1b,100
KC124524,HCV,1b,100
KC124525,HCV,1b,100
KC124528,HCV,1b,100
KC124522,HCV,1b,100
KC124518,HCV,1b,100
KC124530,HCV,1b,100
KC124533,HCV,1b,100
KC124534,HCV,1b,100
KC124529,HCV,1b,100
KC124532,HCV,1b,100
KC124526,HCV,1b,100
KC124531,HCV,1b,100
KC124537,HCV,1b,100
KC124538,HCV,1b,100
KC124539,HCV,1b,100
KC124551,HCV,1b,100
KC124541,HCV,1b,100
KC124554,HCV,1b,100
KC124535,HCV,1b,100
KC124549,HCV,1b,100
KC124540,HCV,1b,100
KC124552,HCV,1b,100
KC124550,HCV,1b,100
KC124556,HCV,1b,100
KC124555,HCV,1b,100
KC124553,HCV,1b,100
KC124558,HCV,1b,100
KC124561,HCV,1b,100
KC124557,HCV,1b,100
KC124536,HCV,1b,100
KC124564,HCV,1b,100
KC124568,HCV,1b,100
KC124567,HCV,1b,100
KC124562,HCV,1b,100
KC124565,HCV,1b,100
KC124559,HCV,1b,100
KC124569,HCV,1b,100
KC124563,HCV,1b,100
KC124566,HCV,1b,100
KC124571,HCV,1b,100
KC124570,HCV,1b,100
KC124560,HCV,1b,100
KC124572,HCV,1b,100
KC124574,HCV,1b,100
KC124577,HCV,1b,100
KC124576,HCV,1b,100
KC124579,HCV,1b,100
KC124578,HCV,1b,100
KC124573,HCV,1b,100
KC124575,HCV,1b,100
KC124581,HCV,1b,100
KC124580,HCV,1b,100
KC124585,HCV,1b,100
KC124590,HCV,1b,100
KC124593,HCV,1b,100
KC124583,HCV,1b,100
KC124591,HCV,1b,100
KC124584,HCV,1b,100
KC124592,HCV,1b,100
KC124596,HCV,1b,100
KC124587,HCV,1b,100
KC124589,HCV,1b,100
KC124588,HCV,1b,100
KC124595,HCV,1b,100
KC124600,HCV,1b,100
KC124599,HCV,1b,100
KC124594,HCV,1b,100
KC124598,HCV,1b,100
KC124597,HCV,1b,100
KC124582,HCV,1b,100
KC124605,HCV,1b,100
KC124586,HCV,1b,100
KC124603,HCV,1b,100
KC124604,HCV,1b,100
KC124601,HCV,1b,100
KC124602,HCV,1b,100
KC124609,HCV,1b,100
KC124611,HCV,1b,100
KC124610,HCV,1b,100
KC124618,HCV,1b,100
KC124615,HCV,1b,100
KC124616,HCV,1b,100
KC124608,HCV,1b,100
KC124607,HCV,1b,100
KC124612,HCV,1b,100
KC124613,HCV,1b,100
KC124614,HCV,1b,100
KC124621,HCV,1b,100
KC124620,HCV,1b,100
KC124606,HCV,1b,100
KC124623,HCV,1b,100
KC124624,HCV,1b,100
KC124619,HCV,1b,100
KC124626,HCV,1b,100
KC124622,HCV,1b,100
KC124627,HCV,1b,100
KC124625,HCV,1b,100
KC124630,HCV,1b,100
KC124631,HCV,1b,100
KC124636,HCV,1b,100
KC124632,HCV,1b,100
KC124629,HCV,1b,100
KC124617,HCV,1b,100
KC124634,HCV,1b,100
KC124637,HCV,1b,100
KC124639,HCV,1b,100
KC124633,HCV,1b,100
KC124640,HCV,1b,100
KC124638,HCV,1b,100
KC124641,HCV,1b,100
KC124643,HCV,1b,100
KC124635,HCV,1b,100
KC124642,HCV,1b,100
KC124644,HCV,1b,100
KC124645,HCV,1b,100
KC124649,HCV,1b,100
KC124650,HCV,1b,100
KC124628,HCV,1b,100
KC124651,HCV,1b,100
KC124653,HCV,1b,100
KC124657,HCV,1b,100
KC124656,HCV,1b,100
KC124646,HCV,1b,100
KC124652,HCV,1b,100
KC124647,HCV,1b,100
KC124662,HCV,1b,100
KC124660,HCV,1b,100
KC124648,HCV,1b,100
KC124659,HCV,1b,100
KC124667,HCV,1b,100
KC124669,HCV,1b,100
KC124666,HCV,1b,100
KC124668,HCV,1b,100
KC124665,HCV,1b,100
KC124664,HCV,1b,100
KC124671,HCV,1b,100
KC124674,HCV,1b,100
KC124672,HCV,1b,100
KC124675,HCV,1b,100
KC124676,HCV,1b,100
KC124661,HCV,1b,100
KC124663,HCV,1b,100
KC124678,HCV,1b,100
KC124682,HCV,1b,100
KC124673,HCV,1b,100
KC124670,HCV,1b,100
KC124679,HCV,1b,100
KC124677,HCV,1b,100
KC124685,HCV,1b,100
KC124683,HCV,1b,100
KC124681,HCV,1b,100
KC124684,HCV,1b,100
KC124688,HCV,1b,100
KC124689,HCV,1b,100
KC124687,HCV,1b,100
KC124691,HCV,1b,100
KC124694,HCV,1b,100
KC124690,HCV,1b,100
KC124686,HCV,1b,100
KC124700,HCV,1b,100
KC124693,HCV,1b,100
KC124702,HCV,1b,100
KC124698,HCV,1b,100
KC124703,HCV,1b,100
KC124680,HCV,1b,100
KC124695,HCV,1b,100
KC124692,HCV,1b,100
KC124701,HCV,1b,100
KC124707,HCV,1b,100
KC124706,HCV,1b,100
KC124704,HCV,1b,100
KC124696,HCV,1b,100
KC124709,HCV,1b,100
KC124697,HCV,1b,100
KC124705,HCV,1b,100
KC124719,HCV,1b,100
KC124714,HCV,1b,100
KC124708,HCV,1b,100
KC124699,HCV,1b,100
KC124717,HCV,1b,100
KC124715,HCV,1b,100
KC124712,HCV,1b,100
KC124716,HCV,1b,100
KC124721,HCV,1b,100
KC124720,HCV,1b,100
KC124722,HCV,1b,100
KC124710,HCV,1b,100
KC124718,HCV,1b,100
KC124723,HCV,1b,100
KC124727,HCV,1b,100
KC124733,HCV,1b,100
KC124711,HCV,1b,100
KC124726,HCV,1b,100
KC124731,HCV,1b,100
KC124724,HCV,1b,100
KC124735,HCV,1b,100
KC124734,HCV,1b,100
KC124728,HCV,1b,100
KC124732,HCV,1b,100
KC124725,HCV,1b,100
KC124729,HCV,1b,100
KC124713,HCV,1b,100
KC124743,HCV,1b,100
KC124730,HCV,1b,100
KC124739,HCV,1b,100
KC124740,HCV,1b,100
KC124742,HCV,1b,100
KC124737,HCV,1b,100
KC124744,HCV,1b,100
KC124736,HCV,1b,100
KC124748,HCV,1b,100
KC124738,HCV,1b,100
KC124749,HCV,1b,100
KC124741,HCV,1b,100
KC124752,HCV,1b,100
KC124747,HCV,1b,100
KC124751,HCV,1b,100
KC124746,HCV,1b,100
KC124745,HCV,1b,100
KC124755,HCV,1b,100
KC124757,HCV,1b,100
KC124758,HCV,1b,100
KC124759,HCV,1b,100
KC124756,HCV,1b,100
KC124760,HCV,1b,100
KC124754,HCV,1b,100
KC124750,HCV,1b,100
KC124762,HCV,1b,100
KC124766,HCV,1b,100
KC124767,HCV,1b,100
KC124761,HCV,1b,100
KC124768,HCV,1b,100
KC125015,HCV,1a,100
KC124764,HCV,1b,100
KC124763,HCV,1b,100
KC124753,HCV,1b,100
KC125010,HCV,1a,100
KC125012,HCV,1a,100
KC125018,HCV,1a,100
KC125016,HCV,1a,100
KC125014,HCV,1a,100
KC124765,HCV,1b,100
KC125013,HCV,1a,100
KC125019,HCV,1a,100
KC125011,HCV,1a,100
KC125008,HCV,1a,100
KC125022,HCV,1a,100
KC125023,HCV,1a,100
KC125024,HCV,1a,100
KC125020,HCV,1a,100
KC125009,HCV,1a,100
KC125025,HCV,1a,100
KC125028,HCV,1a,100
KC125027,HCV,1a,100
KC125026,HCV,1a,100
KC125033,HCV,1a,100
KC125035,HCV,1a,100
KC125036,HCV,1a,100
KC125031,HCV,1a,100
KC125030,HCV,1a,100
KC125032,HCV,1a,100
KC125017,HCV,1a,100
KC125021,HCV,1a,100
KC125038,HCV,1a,100
KC125043,HCV,1a,100
KC125045,HCV,1a,100
KC125041,HCV,1a,100
KC125046,HCV,1a,100
KC125049,HCV,1a,100
KC125044,HCV,1a,100
KC125039,HCV,1a,100
KC125048,HCV,1a,100
KC125050,HCV,1a,100
KC125034,HCV,1a,100
KC125052,HCV,1a,100
KC125053,HCV,1a,100
KC125051,HCV,1a,100
KC125054,HCV,1a,100
KC125059,HCV,1a,100
KC125056,HCV,1a,100
KC125057,HCV,1a,100
KC125061,HCV,1a,100
KC125058,HCV,1a,100
KC125063,HCV,1a,100
KC125037,HCV,1a,100
KC125042,HCV,1a,100
KC125055,HCV,1a,100
KC125064,HCV,1a,100
KC125065,HCV,1a,100
KC125069,HCV,1a,100
KC125070,HCV,1a,100
KC125068,HCV,1a,100
KC125060,HCV,1a,100
KC125072,HCV,1a,100
KC125071,HCV,1a,100
KC125067,HCV,1a,100
KC125066,HCV,1a,100
KC125075,HCV,1a,100
KC125079,HCV,1a,100
KC125080,HCV,1a,100
KC125062,HCV,1a,100
KC125078,HCV,1a,100
KC125077,HCV,1a,100
KC125076,HCV,1a,100
KC125090,HCV,1a,100
KC125073,HCV,1a,100
KC125089,HCV,1a,100
KC125086,HCV,1a,100
KC125085,HCV,1a,100
KC125087,HCV,1a,100
KC125088,HCV,1a,100
KC125091,HCV,1a,100
KC125084,HCV,1a,100
KC125093,HCV,1a,100
KC125098,HCV,1a,100
KC125096,HCV,1a,100
KC125083,HCV,1a,100
KC125104,HCV,1a,100
KC125100,HCV,1a,100
KC125101,HCV,1a,100
KC125111,HCV,1a,100
KC125107,HCV,1a,100
KC125082,HCV,1a,100
KC125094,HCV,1a,100
KC125110,HCV,1a,100
KC125109,HCV,1a,100
KC125112,HCV,1a,100
KC125122,HCV,1a,100
KC125119,HCV,1a,100
KC125118,HCV,1a,100
KC125120,HCV,1a,100
KC125127,HCV,1a,100
KC125125,HCV,1a,100
KC125123,HCV,1a,100
KC125124,HCV,1a,100
KC125126,HCV,1a,100
KC125117,HCV,1a,100
KC125129,HCV,1a,100
KC125131,HCV,1a,100
KC125128,HCV,1a,100
KC125135,HCV,1a,100
KC125136,HCV,1a,100
KC125132,HCV,1a,100
KC125144,HCV,1a,100
KC125145,HCV,1a,100
KC125141,HCV,1a,100
KC125146,HCV,1a,100
KC125149,HCV,1a,100
KC125137,HCV,1a,100
KC125138,HCV,1a,100
KC125150,HCV,1a,100
KC125147,HCV,1a,100
KC125148,HCV,1a,100
KC125133,HCV,1a,100
KC125151,HCV,1a,100
KC125152,HCV,1a,100
KC125158,HCV,1a,100
KC125157,HCV,1a,100
KC125130,HCV,1a,100
KC125155,HCV,1a,100
KC125162,HCV,1a,100
KC125165,HCV,1a,100
KC125167,HCV,1a,100
KC125153,HCV,1a,100
KC125171,HCV,1a,100
KC125163,HCV,1a,100
KC125154,HCV,1a,100
KC125172,HCV,1a,100
KC125159,HCV,1a,100
KC125156,HCV,1a,100
KC125173,HCV,1a,100
KC125175,HCV,1a,100
KC125178,HCV,1a,100
KC125174,HCV,1a,100
KC125166,HCV,1a,100
KC125177,HCV,1a,100
KC125179,HCV,1a,100
KC125181,HCV,1a,100
KC125193,HCV,1a,100
KC125170,HCV,1a,100
KC125184,HCV,1a,100
KC125188,HCV,1a,100
KC125186,HCV,1a,100
KC125182,HCV,1a,100
KC125180,HCV,1a,100
KC125185,HCV,1a,100
KC125187,HCV,1a,100
KC125176,HCV,1a,100
KC125190,HCV,1a,100
KC125194,HCV,1a,100
KC125195,HCV,1a,100
KC125191,HCV,1a,100
KC125198,HCV,1a,100
KC125189,HCV,1a,100
KC125197,HCV,1a,100
KC125199,HCV,1a,100
KC125200,HCV,1a,100
KC125203,HCV,1a,100
KC125192,HCV,1a,100
KC125183,HCV,1a,100
KC125204,HCV,1a,100
KC125205,HCV,1a,100
KC125201,HCV,1a,100
KC125208,HCV,1a,100
KC125211,HCV,1a,100
KC125209,HCV,1a,100
KC125207,HCV,1a,100
KC125214,HCV,1a,100
KC125213,HCV,1e,100
KC125202,HCV,1a,100
KC125212,HCV,1a,100
KC125217,HCV,1a,100
KC125219,HCV,1a,100
KC125196,HCV,1a,100
KC125222,HCV,1a,100
KC125224,HCV,1a,100
KC125221,HCV,1a,100
KC125226,HCV,1a,100
KC125223,HCV,1a,100
KC125220,HCV,1a,100
KC125218,HCV,1a,100
KC125210,HCV,1a,100
KC125229,HCV,1a,100
KC125215,HCV,1a,100
KC125228,HCV,1a,100
KC125227,HCV,1a,100
KC125206,HCV,1a,100
KC125234,HCV,1a,100
KC125232,HCV,1a,100
KC125235,HCV,1a,100
KC125233,HCV,1a,100
KC125230,HCV,1a,100
KC125237,HCV,1a,100
KC125239,HCV,1a,100
KC125241,HCV,1a,100
KC125238,HCV,1a,100
KC125236,HCV,1a,100
KC125242,HCV,1a,100
KC125245,HCV,1a,100
KC125243,HCV,1a,100
KC125216,HCV,1a,100
KC125240,HCV,1a,100
KC125255,HCV,1a,100
KC125225,HCV,1a,100
KC125249,HCV,1a,100
KC125247,HCV,1a,100
KC125257,HCV,1a,100
KC125244,HCV,1a,100
KC125259,HCV,1a,100
KC125254,HCV,1a,100
KC125251,HCV,1a,100
KC125250,HCV,1a,100
KC125246,HCV,1a,100
KC125261,HCV,1a,100
KC125260,HCV,1a,100
KC125253,HCV,1a,100
KC125263,HCV,1a,100
KC125266,HCV,1a,100
KC125258,HCV,1a,100
KC125270,HCV,1a,100
KC125265,HCV,1a,100
KC125264,HCV,1a,100
KC125273,HCV,1a,100
KC125276,HCV,1a,100
KC125274,HCV,1a,100
KC125277,HCV,1a,100
KC125269,HCV,1a,100
KC125262,HCV,1a,100
KC125271,HCV,1a,100
KC125275,HCV,1a,100
KC125268,HCV,1a,100
KC125278,HCV,1a,100
KC125281,HCV,1a,100
KC125267,HCV,1a,100
KC125280,HCV,1a,100
KC125283,HCV,1a,100
KC125282,HCV,1a,100
KC125279,HCV,1a,100
KC125289,HCV,1a,100
KC125272,HCV,1a,100
KC125284,HCV,1a,100
KC125290,HCV,1a,100
KC125286,HCV,1a,100
KC125292,HCV,1a,100
KC125288,HCV,1a,100
KC125295,HCV,1a,100
KC125285,HCV,1a,100
KC125294,HCV,1a,100
KC125299,HCV,1a,100
KC125301,HCV,1a,100
KC125296,HCV,1a,100
KC125304,HCV,1a,100
KC125305,HCV,1a,100
KC125303,HCV,1a,100
KC125297,HCV,1a,100
KC125302,HCV,1a,100
KC125287,HCV,1a,100
KC125307,HCV,1a,100
KC125300,HCV,1a,100
KC125311,HCV,1a,100
KC125308,HCV,1a,100
KC125309,HCV,1a,100
KC125298,HCV,1a,100
KC125314,HCV,1a,100
KC125293,HCV,1a,100
KC125325,HCV,1a,100
KC125317,HCV,1a,100
KC125323,HCV,1a,100
KC125322,HCV,1a,100
KC125318,HCV,1a,100
KC125324,HCV,1a,100
KC125306,HCV,1a,100
KC125319,HCV,1a,100
KC125328,HCV,1a,100
KC125329,HCV,1a,100
KC125320,HCV,1a,100
KC125334,HCV,1a,100
KC125326,HCV,1a,100
KC125339,HCV,1a,100
KC125337,HCV,1a,100
KC125338,HCV,1a,100
KC125336,HCV,1a,100
KC125330,HCV,1a,100
KC125331,HCV,1a,100
KC125341,HCV,1a,100
KC125340,HCV,1a,100
KC125332,HCV,1a,100
KC125343,HCV,1a,100
KC125345,HCV,1a,100
KC125347,HCV,1a,100
KC125344,HCV,1a,100
KC125354,HCV,1a,100
KC125348,HCV,1a,100
KC125350,HCV,1a,100
KC125356,HCV,1a,100
KC125351,HCV,1a,100
KC125346,HCV,1a,100
KC125353,HCV,1a,100
KC125335,HCV,1a,100
KC125358,HCV,1a,100
KC125333,HCV,1a,100
KC125352,HCV,1a,100
KC125357,HCV,1a,100
KC125349,HCV,1a,100
KC125355,HCV,1a,100
KC125365,HCV,1a,100
KC125360,HCV,1a,100
KC125362,HCV,1a,100
KC125342,HCV,1a,100
KC125361,HCV,1a,100
KC125359,HCV,1a,100
KC125367,HCV,1a,100
KC125372,HCV,1a,100
KC125363,HCV,1a,100
KC125366,HCV,1a,100
KC125376,HCV,1a,100
KC125370,HCV,1a,100
KC125379,HCV,1a,100
KC125375,HCV,1a,100
KC125377,HCV,1a,100
KC125364,HCV,1a,100
KC125380,HCV,1a,100
KC125378,HCV,1a,100
KC125368,HCV,1a,100
KC125371,HCV,1a,100
KC125369,HCV,1a,100
KC125374,HCV,1a,100
KC125383,HCV,1a,100
KC125385,HCV,1a,100
KC125384,HCV,1a,100
KC125373,HCV,1a,100
KC125390,HCV,1a,100
KC125387,HCV,1a,100
KC125386,HCV,1a,100
KC125392,HCV,1a,100
KC125394,HCV,1a,100
KC125389,HCV,1a,100
KC125391,HCV,1a,100
KC125397,HCV,1a,100
KC125404,HCV,1a,100
KC125401,HCV,1a,100
KC125395,HCV,1a,100
KC125408,HCV,1a,100
KC125399,HCV,1a,100
KC125411,HCV,1a,100
KC125412,HCV,1a,100
KC125414,HCV,1a,100
KC125409,HCV,1a,100
KC125419,HCV,1a,100
KC125417,HCV,1a,100
KC125416,HCV,1a,100
KC125415,HCV,1a,100
KC125418,HCV,1a,100
KC125407,HCV,1a,100
KC125421,HCV,1a,100
KC125410,HCV,1a,100
KC125432,HCV,1a,100
KC125429,HCV,1a,100
KC125434,HCV,1a,100
KC125431,HCV,1a,100
KC125428,HCV,1a,100
KC125425,HCV,1a,100
KC125436,HCV,1a,100
KC125437,HCV,1a,100
KC125430,HCV,1a,100
KC125423,HCV,1a,100
KC125435,HCV,1a,100
KC125439,HCV,1a,100
KC125441,HCV,1a,100
KC125438,HCV,1a,100
KC125442,HCV,1a,100
KC125440,HCV,1a,100
KC125443,HCV,1a,100
KC125424,HCV,1a,100
KC125433,HCV,1a,100
KC125444,HCV,1a,100
KC125451,HCV,1a,100
KC125448,HCV,1a,100
KC125447,HCV,1a,100
KC125452,HCV,1a,100
KC125453,HCV,1a,100
KC125450,HCV,1a,100
KC125455,HCV,1a,100
KC125445,HCV,1a,100
KC125456,HCV,1a,100
KC125449,HCV,1a,100
KC125465,HCV,1a,100
KC125467,HCV,1a,100
KC125469,HCV,1a,100
KC125472,HCV,1a,100
KC125470,HCV,1a,100
KC125462,HCV,1a,100
KC125463,HCV,1a,100
KC125461,HCV,1a,100
KC125473,HCV,1a,100
KC125466,HCV,1a,100
KC125475,HCV,1a,100
KC125471,HCV,1a,100
KC125478,HCV,1a,100
KC125474,HCV,1a,100
KC125476,HCV,1a,100
KC125480,HCV,1a,100
KC125479,HCV,1a,100
KC125458,HCV,1a,100
KC125468,HCV,1a,100
KC125477,HCV,1a,100
KC125486,HCV,1a,100
KC125482,HCV,1a,100
KC125487,HCV,1a,100
KC125485,HCV,1a,100
KC125492,HCV,1a,100
KC125489,HCV,1a,100
KC125493,HCV,1a,100
KC125496,HCV,1a,100
KC125501,HCV,1a,100
KC125497,HCV,1a,100
KC125490,HCV,1a,100
KC125495,HCV,1a,100
KC125483,HCV,1a,100
KC125502,HCV,1a,100
KC125503,HCV,1a,100
KC125500,HCV,1a,100
KC125504,HCV,1a,100
KC125491,HCV,1a,100
KC125509,HCV,1a,100
KC125508,HCV,1a,100
KC125506,HCV,1a,100
KC125499,HCV,1a,100
KC125512,HCV,1a,100
KC125510,HCV,1a,100
KC125516,HCV,1a,100
KC125514,HCV,1a,100
KC125511,HCV,1a,100
KC125518,HCV,1a,100
KC125521,HCV,1a,100
KC125522,HCV,1a,100
KC125528,HCV,1a,100
KC125529,HCV,1a,100
KC125524,HCV,1a,100
KC125515,HCV,1a,100
KC125530,HCV,1a,100
KC125531,HCV,1a,100
KC125513,HCV,1a,100
KC125532,HCV,1a,100
KC125533,HCV,1a,100
KC125520,HCV,1a,100
KC125539,HCV,1a,100
KC125536,HCV,1a,100
KC125537,HCV,1a,100
KC125543,HCV,1a,100
KC125540,HCV,1a,100
KC125538,HCV,1a,100
KC125545,HCV,1a,100
KC125526,HCV,1a,100
KC125535,HCV,1a,100
KC125542,HCV,1a,100
KC125553,HCV,1a,100
KC125554,HCV,1a,100
KC125548,HCV,1a,100
KC125558,HCV,1a,100
KC125557,HCV,1a,100
KC125534,HCV,1a,100
KC125552,HCV,1a,100
KC125559,HCV,1a,100
KC125560,HCV,1a,100
KC125544,HCV,1a,100
KC125564,HCV,1a,100
KC125555,HCV,1a,100
KC125561,HCV,1a,100
KC125563,HCV,1a,100
KC125562,HCV,1a,100
KC125565,HCV,1a,100
KC125575,HCV,1a,100
KC125569,HCV,1a,100
KC125566,HCV,1a,100
KC125572,HCV,1a,100
KC125568,HCV,1a,100
KC125571,HCV,1a,100
KC125574,HCV,1a,100
KC125556,HCV,1a,100
KC125573,HCV,1a,100
KC125577,HCV,1a,100
KC125579,HCV,1a,100
KC125567,HCV,1a,100
KC125578,HCV,1a,100
KC125581,HCV,1a,100
KC125583,HCV,1a,100
KC125580,HCV,1a,100
KC125587,HCV,1a,100
KC125584,HCV,1a,100
KC125586,HCV,1a,100
KC125570,HCV,1a,100
KC125590,HCV,1a,100
KC125585,HCV,1a,100
KC125576,HCV,1a,100
KC125582,HCV,1a,100
KC125589,HCV,1a,100
KC125593,HCV,1a,100
KC125591,HCV,1a,100
KC125592,HCV,1a,100
KC125595,HCV,1a,100
KC125598,HCV,1a,100
KC125594,HCV,1a,100
KC125597,HCV,1a,100
KC125588,HCV,1a,100
KC125596,HCV,1a,100
KC125601,HCV,1a,100
KC125600,HCV,1a,100
KC125605,HCV,1a,100
KC125609,HCV,1a,100
KC125606,HCV,1a,100
KC125599,HCV,1a,100
KC125607,HCV,1a,100
KC125611,HCV,1a,100
KC125615,HCV,1a,100
KC125623,HCV,1a,100
KC125628,HCV,1a,100
KC125636,HCV,1a,100
KC125643,HCV,1a,100
KC125650,HCV,1a,100
KC125655,HCV,1a,100
KC125663,HCV,1a,100
KC125670,HCV,1a,100
KC125676,HCV,1a,100
KC125669,HCV,1a,100
KC125683,HCV,1a,100
KC125674,HCV,1a,100
KC125685,HCV,1a,100
KC125690,HCV,1a,100
KC124544,HCV,1b,100
KC125691,HCV,1a,100
KC125689,HCV,1a,100
KC124543,HCV,1b,100
KC125040,HCV,1a,100
KC125029,HCV,1a,100
KC125047,HCV,1a,100
KC125074,HCV,1a,100
KC125081,HCV,1a,100
KC125097,HCV,1a,100
KC125095,HCV,1a,100
KC125099,HCV,1a,100
KC125116,HCV,1a,100
KC125108,HCV,1a,100
KC125113,HCV,1a,100
KC125114,HCV,1a,100
KC125115,HCV,1a,100
KC125103,HCV,1a,100
KC125140,HCV,1a,100
KC125143,HCV,1a,100
KC125134,HCV,1a,100
KC125139,HCV,1a,100
KC125168,HCV,1a,100
KC125169,HCV,1a,100
KC125160,HCV,1a,100
KC125164,HCV,1a,100
KC125161,HCV,1a,100
KC125142,HCV,1a,100
KC125231,HCV,1a,100
KC125248,HCV,1a,100
KC125252,HCV,1a,100
KC125256,HCV,1a,100
KC125291,HCV,1a,100
KC125310,HCV,1a,100
KC125313,HCV,1a,100
KC125315,HCV,1a,100
KC125312,HCV,1a,100
KC125316,HCV,1a,100
KC125321,HCV,1a,100
KC125327,HCV,1a,100
KC125393,HCV,1a,100
KC125388,HCV,1a,100
KC125398,HCV,1a,100
KC125381,HCV,1a,100
KC125396,HCV,1a,100
KC125382,HCV,1a,100
KC125402,HCV,1a,100
KC125403,HCV,1a,100
KC125400,HCV,1a,100
KC125405,HCV,1a,100
KC125406,HCV,1a,100
KC125420,HCV,1a,100
KC125422,HCV,1a,100
KC125426,HCV,1a,100
KC125413,HCV,1a,100
KC125427,HCV,1a,100
KC125454,HCV,1a,100
KC125446,HCV,1a,100
KC125457,HCV,1a,100
KC125460,HCV,1a,100
KC125459,HCV,1a,100
KC125464,HCV,1a,100
KC125494,HCV,1a,100
KC125488,HCV,1a,100
KC125481,HCV,1a,100
KC125484,HCV,1a,100
KC125498,HCV,1a,100
KC125505,HCV,1a,100
KC125517,HCV,1a,100
KC125519,HCV,1a,100
KC125507,HCV,1a,100
KC125523,HCV,1a,100
KC125527,HCV,1a,100
KC125525,HCV,1a,100
KC125541,HCV,1a,100
KC125549,HCV,1a,100
KC125551,HCV,1a,100
KC125550,HCV,1a,100
KC125547,HCV,1a,100
KC125546,HCV,1a,100
KC124494,HCV,1b,100
KC124493,HCV,1b,100
KC124498,HCV,1b,100
KC124499,HCV,1b,100
KC124497,HCV,1b,100
KC124495,HCV,1b,100
KC124496,HCV,1b,100
KC124542,HCV,1b,100
KC124546,HCV,1b,100
KC124547,HCV,1b,100
KC124545,HCV,1b,100
KC124548,HCV,1b,100
KC125092,HCV,1a,100
KC125102,HCV,1a,100
KC125106,HCV,1a,100
KC125105,HCV,1a,100
KC125121,HCV,1a,100
KC124655,HCV,1b,100
KC124654,HCV,1b,100
KC124658,HCV,1b,100
KC124458,HCV,1b,100
KC124462,HCV,1b,100
KC124465,HCV,1b,100
KC124460,HCV,1b,100
KC126516,HCV,1a,100
KC126518,HCV,1a,100
KC126519,HCV,1a,100
KC126522,HCV,1a,100
KC126521,HCV,1a,100
KC126520,HCV,1a,100
KC126525,HCV,1a,100
KC126523,HCV,1a,100
KC126529,HCV,1a,100
KC126526,HCV,1a,100
KC126527,HCV,1a,100
KC126528,HCV,1a,100
KC126531,HCV,1a,100
KC126532,HCV,1a,100
KC126534,HCV,1a,100
KC126535,HCV,1a,100
KC126533,HCV,1a,100
KC126538,HCV,1a,100
KC126540,HCV,1a,100
KC126539,HCV,1a,100
KC126542,HCV,1a,100
KC126548,HCV,1a,100
KC126544,HCV,1a,100
KC126550,HCV,1a,100
KC126549,HCV,1a,100
KC126546,HCV,1a,100
KC126545,HCV,1a,100
KC126555,HCV,1a,100
KC126553,HCV,1a,100
KC126552,HCV,1a,100
KC126562,HCV,1a,100
KC126558,HCV,1a,100
KC126561,HCV,1a,100
KC126563,HCV,1a,100
KC126564,HCV,1a,100
KC126567,HCV,1a,100
KC126566,HCV,1a,100
KC126570,HCV,1a,100
KC126568,HCV,1a,100
KC126569,HCV,1a,100
KC126572,HCV,1a,100
KC126577,HCV,1a,100
KC126573,HCV,1a,100
KC126576,HCV,1a,100
KC126575,HCV,1a,100
KC126571,HCV,1a,100
KC126578,HCV,1a,100
KC126580,HCV,1a,100
KC126579,HCV,1a,100
KC126584,HCV,1a,100
KC126583,HCV,1a,100
KC126587,HCV,1a,100
KC126588,HCV,1a,100
KC126590,HCV,1a,100
KC126591,HCV,1a,100
KC126586,HCV,1a,100
KC126589,HCV,1a,100
KC126592,HCV,1a,100
KC126594,HCV,1a,100
KC126595,HCV,1a,100
KC126596,HCV,1a,100
KC126598,HCV,1a,100
KC126597,HCV,1a,100
KC126601,HCV,1a,100
KC126604,HCV,1a,100
KC126602,HCV,1a,100
KC126609,HCV,1a,100
KC126610,HCV,1a,100
KC126605,HCV,1a,100
KC126606,HCV,1a,100
KC126611,HCV,1a,100
KC126608,HCV,1a,100
KC126612,HCV,1a,100
KC126618,HCV,1a,100
KC126615,HCV,1a,100
KC126617,HCV,1a,100
KC126616,HCV,1a,100
KC126614,HCV,1a,100
KC126620,HCV,1a,100
KC126622,HCV,1a,100
KC126623,HCV,1a,100
KC126625,HCV,1a,100
KC126624,HCV,1a,100
KC126621,HCV,1a,100
KC126629,HCV,1a,100
KC126626,HCV,1a,100
KC126628,HCV,1a,100
KC126631,HCV,1a,100
KC126632,HCV,1a,100
KC126635,HCV,1a,100
KC126636,HCV,1a,100
KC126634,HCV,1a,100
KC126638,HCV,1a,100
KC126637,HCV,1a,100
KC126639,HCV,1a,100
KC126645,HCV,1a,100
KC126641,HCV,1a,100
KC126646,HCV,1a,100
KC126642,HCV,1a,100
KC126640,HCV,1a,100
KC126644,HCV,1a,100
KC126649,HCV,1a,100
KC126647,HCV,1a,100
KC126651,HCV,1a,100
KC126653,HCV,1a,100
KC126650,HCV,1a,100
KC126652,HCV,1a,100
KC126655,HCV,1a,100
KC126657,HCV,1a,100
KC126659,HCV,1a,100
KC126658,HCV,1a,100
KC126654,HCV,1a,100
KC126662,HCV,1a,100
KC126661,HCV,1a,100
KC126666,HCV,1a,100
KC126663,HCV,1a,100
KC126664,HCV,1a,100
KC126667,HCV,1a,100
KC126673,HCV,1a,100
KC126668,HCV,1a,100
KC126671,HCV,1a,100
KC126670,HCV,1a,100
KC126669,HCV,1a,100
KC126674,HCV,1a,100
KC126676,HCV,1a,100
KC126680,HCV,1a,100
KC126678,HCV,1a,100
KC126679,HCV,1a,100
KC126681,HCV,1a,100
KC126677,HCV,1a,100
KC126682,HCV,1a,100
KC126686,HCV,1a,100
KC126688,HCV,1a,100
KC126687,HCV,1a,100
KC126685,HCV,1a,100
KC126690,HCV,1a,100
KC126694,HCV,1a,100
KC126693,HCV,1a,100
KC126692,HCV,1a,100
KC126696,HCV,1a,100
KC125701,HCV,1a,100
KC125705,HCV,1a,100
KC125707,HCV,1a,100
KC125697,HCV,1a,100
KC125709,HCV,1a,100
KC125700,HCV,1a,100
KC125706,HCV,1a,100
KC125711,HCV,1a,100
KC125699,HCV,1a,100
KC125698,HCV,1a,100
KC125702,HCV,1a,100
KC125708,HCV,1a,100
KC125704,HCV,1a,100
KC125703,HCV,1a,100
KC125714,HCV,1a,100
KC125717,HCV,1a,100
KC125712,HCV,1a,100
KC125713,HCV,1a,100
KC125710,HCV,1a,100
KC125716,HCV,1a,100
KC125718,HCV,1a,100
KC125722,HCV,1a,100
KC125730,HCV,1a,100
KC125726,HCV,1a,100
KC125721,HCV,1a,100
KC125725,HCV,1a,100
KC125724,HCV,1a,100
KC125720,HCV,1a,100
KC125715,HCV,1a,100
KC125731,HCV,1a,100
KC125733,HCV,1a,100
KC125738,HCV,1b,100
KC125742,HCV,1a,100
KC125740,HCV,1a,100
KC125743,HCV,1a,100
KC125741,HCV,1a,100
KC125739,HCV,1a,100
KC125734,HCV,1a,100
KC125732,HCV,1a,100
KC125747,HCV,1a,100
KC125746,HCV,1a,100
KC125745,HCV,1a,100
KC125744,HCV,1a,100
KC125735,HCV,1a,100
KC125751,HCV,1a,100
KC125749,HCV,1a,100
KC125736,HCV,1a,100
KC125752,HCV,1a,100
KC125750,HCV,1a,100
KC125756,HCV,1a,100
KC125757,HCV,1a,100
KC125748,HCV,1a,100
KC125759,HCV,1a,100
KC125754,HCV,1a,100
KC125753,HCV,1a,100
KC125760,HCV,1a,100
KC125755,HCV,1a,100
KC125768,HCV,1a,100
KC125765,HCV,1a,100
KC125758,HCV,1a,100
KC125762,HCV,1a,100
KC125767,HCV,1a,100
KC125773,HCV,1a,100
KC125778,HCV,1a,100
KC125776,HCV,1a,100
KC125769,HCV,1a,100
KC125774,HCV,1a,100
KC125782,HCV,1a,100
KC125775,HCV,1a,100
KC125771,HCV,1a,100
KC125783,HCV,1a,100
KC125784,HCV,1a,100
KC125781,HCV,1a,100
KC125766,HCV,1a,100
KC125786,HCV,1a,100
KC125777,HCV,1a,100
KC125785,HCV,1a,100
KC125787,HCV,1a,100
KC125793,HCV,1a,100
KC125780,HCV,1a,100
KC125779,HCV,1a,100
KC125796,HCV,1a,100
KC125788,HCV,1a,100
KC125790,HCV,1a,100
KC125789,HCV,1a,100
KC125794,HCV,1a,100
KC125791,HCV,1a,100
KC125811,HCV,1a,100
KC125804,HCV,1a,100
KC125813,HCV,1a,100
KC125792,HCV,1a,100
KC125809,HCV,1a,100
KC125816,HCV,1a,100
KC125812,HCV,1a,100
KC125805,HCV,1a,100
KC125797,HCV,1a,100
KC125814,HCV,1a,100
KC125817,HCV,1a,100
KC125819,HCV,1a,100
KC125806,HCV,1a,100
KC125807,HCV,1a,100
KC125824,HCV,1a,100
KC125821,HCV,1a,100
KC125818,HCV,1a,100
KC125823,HCV,1a,100
KC125820,HCV,1a,100
KC125810,HCV,1a,100
KC125826,HCV,1a,100
KC125827,HCV,1a,100
KC125831,HCV,1a,100
KC125833,HCV,1a,100
KC125802,HCV,1a,100
KC125834,HCV,1a,100
KC125822,HCV,1a,100
KC125836,HCV,1a,100
KC125835,HCV,1a,100
KC125825,HCV,1a,100
KC125839,HCV,1a,100
KC125815,HCV,1a,100
KC125841,HCV,1a,100
KC125838,HCV,1a,100
KC125842,HCV,1a,100
KC125828,HCV,1a,100
KC125844,HCV,1a,100
KC125847,HCV,1a,100
KC125840,HCV,1a,100
KC125832,HCV,1a,100
KC125848,HCV,1a,100
KC125845,HCV,1a,100
KC125829,HCV,1a,100
KC125851,HCV,1a,100
KC125830,HCV,1a,100
KC125850,HCV,1a,100
KC125849,HCV,1a,100
KC125854,HCV,1a,100
KC125852,HCV,1a,100
KC125859,HCV,1a,100
KC125846,HCV,1a,100
KC125861,HCV,1a,100
KC125856,HCV,1a,100
KC125858,HCV,1a,100
KC125853,HCV,1a,100
KC125857,HCV,1a,100
KC125868,HCV,1a,100
KC125869,HCV,1a,100
KC125855,HCV,1a,100
KC125872,HCV,1a,100
KC125867,HCV,1a,100
KC125873,HCV,1a,100
KC125863,HCV,1a,100
KC125866,HCV,1a,100
KC125837,HCV,1a,100
KC125876,HCV,1a,100
KC125864,HCV,1a,100
KC125865,HCV,1a,100
KC125877,HCV,1a,100
KC125878,HCV,1a,100
KC125875,HCV,1a,100
KC125880,HCV,1a,100
KC125874,HCV,1a,100
KC125884,HCV,1a,100
KC125886,HCV,1a,100
KC125879,HCV,1a,100
KC125881,HCV,1a,100
KC125892,HCV,1a,100
KC125889,HCV,1a,100
KC125893,HCV,1a,100
KC125887,HCV,1a,100
KC125871,HCV,1a,100
KC125883,HCV,1a,100
KC125870,HCV,1a,100
KC125888,HCV,1a,100
KC125894,HCV,1a,100
KC125895,HCV,1a,100
KC125898,HCV,1a,100
KC125899,HCV,1a,100
KC125896,HCV,1a,100
KC125900,HCV,1a,100
KC125885,HCV,1a,100
KC125901,HCV,1a,100
KC125908,HCV,1a,100
KC125907,HCV,1a,100
KC125909,HCV,1a,100
KC125916,HCV,1a,100
KC125910,HCV,1a,100
KC125905,HCV,1a,100
KC125902,HCV,1a,100
KC125913,HCV,1a,100
KC125911,HCV,1a,100
KC125919,HCV,1a,100
KC125918,HCV,1a,100
KC125922,HCV,1a,100
KC125915,HCV,1a,100
KC125927,HCV,1a,100
KC125928,HCV,1a,100
KC125921,HCV,1a,100
KC125923,HCV,1a,100
KC125925,HCV,1a,100
KC125920,HCV,1a,100
KC125933,HCV,1a,100
KC125931,HCV,1a,100
KC125914,HCV,1a,100
KC125917,HCV,1a,100
KC125938,HCV,1a,100
KC125926,HCV,1a,100
KC125932,HCV,1a,100
KC125947,HCV,1a,100
KC125924,HCV,1a,100
KC125946,HCV,1a,100
KC125945,HCV,1a,100
KC125948,HCV,1a,100
KC125956,HCV,1a,100
KC125943,HCV,1a,100
KC125957,HCV,1a,100
KC125942,HCV,1a,100
KC125941,HCV,1a,100
KC125934,HCV,1a,100
KC125944,HCV,1a,100
KC125936,HCV,1a,100
KC125939,HCV,1a,100
KC125961,HCV,1a,100
KC125959,HCV,1a,100
KC125962,HCV,1a,100
KC125940,HCV,1a,100
KC125958,HCV,1a,100
KC125966,HCV,1a,100
KC125970,HCV,1a,100
KC125974,HCV,1a,100
KC125965,HCV,1a,100
KC125968,HCV,1a,100
KC125967,HCV,1a,100
KC125975,HCV,1a,100
KC125976,HCV,1a,100
KC125960,HCV,1a,100
KC125979,HCV,1a,100
KC125978,HCV,1a,100
KC125980,HCV,1a,100
KC125977,HCV,1a,100
KC125973,HCV,1a,100
KC125987,HCV,1a,100
KC125981,HCV,1a,100
KC125983,HCV,1a,100
KC125985,HCV,1a,100
KC125982,HCV,1a,100
KC125964,HCV,1a,100
KC125969,HCV,1a,100
KC125989,HCV,1a,100
KC125971,HCV,1a,100
KC125984,HCV,1a,100
KC125991,HCV,1a,100
KC125990,HCV,1a,100
KC125988,HCV,1a,100
KC125998,HCV,1a,100
KC125995,HCV,1a,100
KC125992,HCV,1a,100
KC125996,HCV,1a,100
KC125994,HCV,1a,100
KC126000,HCV,1a,100
KC125997,HCV,1a,100
KC126001,HCV,1a,100
KC125999,HCV,1a,100
KC126005,HCV,1a,100
KC126006,HCV,1a,100
KC126007,HCV,1a,100
KC126008,HCV,1a,100
KC126010,HCV,1a,100
KC126012,HCV,1a,100
KC126002,HCV,1a,100
KC126014,HCV,1a,100
KC125993,HCV,1a,100
KC126020,HCV,1a,100
KC126016,HCV,1a,100
KC126003,HCV,1a,100
KC126015,HCV,1a,100
KC126021,HCV,1a,100
KC126022,HCV,1a,100
KC126011,HCV,1a,100
KC126009,HCV,1a,100
KC126019,HCV,1a,100
KC126013,HCV,1a,100
KC126018,HCV,1a,100
KC126026,HCV,1a,100
KC126023,HCV,1a,100
KC126024,HCV,1a,100
KC126033,HCV,1a,100
KC126036,HCV,1a,100
KC126029,HCV,1a,100
KC126039,HCV,1a,100
KC126041,HCV,1a,100
KC126037,HCV,1a,100
KC126028,HCV,1a,100
KC126045,HCV,1a,100
KC126052,HCV,1a,100
KC126054,HCV,1e,100
KC126053,HCV,1a,100
KC126034,HCV,1a,100
KC126055,HCV,1a,100
KC126056,HCV,1a,100
KC126058,HCV,1a,100
KC126062,HCV,1a,100
KC126059,HCV,1a,100
KC126063,HCV,1a,100
KC126057,HCV,1a,100
KC126046,HCV,1a,100
KC126064,HCV,1a,100
KC126070,HCV,1a,100
KC126060,HCV,1a,100
KC126068,HCV,1a,100
KC126066,HCV,1a,100
KC126048,HCV,1a,100
KC126069,HCV,1a,100
KC126065,HCV,1a,100
KC126061,HCV,1a,100
KC126075,HCV,1a,100
KC126072,HCV,1a,100
KC126076,HCV,1a,100
KC126071,HCV,1a,100
KC126083,HCV,1a,100
KC126089,HCV,1a,100
KC126080,HCV,1a,100
KC126086,HCV,1a,100
KC126084,HCV,1a,100
KC126067,HCV,1a,100
KC126077,HCV,1a,100
KC126082,HCV,1a,100
KC126094,HCV,1a,100
KC126092,HCV,1a,100
KC126088,HCV,1a,100
KC126081,HCV,1a,100
KC126090,HCV,1a,100
KC126095,HCV,1a,100
KC126093,HCV,1a,100
KC126100,HCV,1a,100
KC126097,HCV,1a,100
KC126096,HCV,1a,100
KC126099,HCV,1a,100
KC126108,HCV,1a,100
KC126111,HCV,1a,100
KC126104,HCV,1a,100
KC126110,HCV,1a,100
KC126098,HCV,1a,100
KC126107,HCV,1a,100
KC126102,HCV,1a,100
KC126112,HCV,1a,100
KC126103,HCV,1a,100
KC126113,HCV,1a,100
KC126106,HCV,1a,100
KC126105,HCV,1a,100
KC126101,HCV,1a,100
KC126124,HCV,1a,100
KC126119,HCV,1a,100
KC126121,HCV,1a,100
KC126127,HCV,1a,100
KC126120,HCV,1a,100
KC126109,HCV,1a,100
KC126114,HCV,1a,100
KC126130,HCV,1a,100
KC126129,HCV,1a,100
KC126126,HCV,1a,100
KC126135,HCV,1a,100
KC126131,HCV,1a,100
KC126139,HCV,1a,100
KC126133,HCV,1a,100
KC126137,HCV,1a,100
KC126143,HCV,1a,100
KC126118,HCV,1a,100
KC126138,HCV,1a,100
KC126134,HCV,1a,100
KC126141,HCV,1a,100
KC126128,HCV,1a,100
KC126140,HCV,1a,100
KC126142,HCV,1a,100
KC126145,HCV,1a,100
KC126132,HCV,1a,100
KC126149,HCV,1a,100
KC126148,HCV,1a,100
KC126147,HCV,1a,100
KC126144,HCV,1a,100
KC126146,HCV,1a,100
KC126155,HCV,1a,100
KC126157,HCV,1a,100
KC126154,HCV,1a,100
KC126158,HCV,1a,100
KC126150,HCV,1a,100
KC126152,HCV,1a,100
KC126160,HCV,1a,100
KC126153,HCV,1a,100
KC126156,HCV,1a,100
KC126151,HCV,1a,100
KC126165,HCV,1a,100
KC126161,HCV,1a,100
KC126162,HCV,1a,100
KC126166,HCV,1a,100
KC126171,HCV,1a,100
KC126169,HCV,1a,100
KC126164,HCV,1a,100
KC126168,HCV,1a,100
KC126172,HCV,1a,100
KC126176,HCV,1a,100
KC126170,HCV,1a,100
KC126177,HCV,1a,100
KC126174,HCV,1a,100
KC126179,HCV,1a,100
KC126182,HCV,1a,100
KC126175,HCV,1a,100
KC126183,HCV,1a,100
KC126184,HCV,1a,100
KC126163,HCV,1a,100
KC126180,HCV,1a,100
KC126186,HCV,1a,100
KC126185,HCV,1a,100
KC126187,HCV,1a,100
KC126188,HCV,1a,100
KC126190,HCV,1a,100
KC126173,HCV,1a,100
KC126192,HCV,1a,100
KC126194,HCV,1a,100
KC126178,HCV,1a,100
KC126189,HCV,1a,100
KC126201,HCV,1a,100
KC126206,HCV,1a,100
KC126205,HCV,1a,100
KC126204,HCV,1a,100
KC126208,HCV,1a,100
KC126210,HCV,1a,100
KC126209,HCV,1a,100
KC126207,HCV,1a,100
KC126191,HCV,1a,100
KC126211,HCV,1a,100
KC126199,HCV,1a,100
KC126218,HCV,1a,100
KC126213,HCV,1a,100
KC126212,HCV,1a,100
KC126216,HCV,1a,100
KC126219,HCV,1a,100
KC126215,HCV,1a,100
KC126224,HCV,1a,100
KC126217,HCV,1a,100
KC126225,HCV,1a,100
KC126229,HCV,1a,100
KC126222,HCV,1a,100
KC126232,HCV,1a,100
KC126220,HCV,1a,100
KC126231,HCV,1a,100
KC126221,HCV,1a,100
KC126226,HCV,1a,100
KC126239,HCV,1a,100
KC126228,HCV,1a,100
KC126234,HCV,1a,100
KC126238,HCV,1a,100
KC126237,HCV,1a,100
KC126236,HCV,1a,100
KC126242,HCV,1a,100
KC126240,HCV,1a,100
KC126227,HCV,1a,100
KC126235,HCV,1a,100
KC126249,HCV,1a,100
KC126250,HCV,1a,100
KC126241,HCV,1a,100
KC126243,HCV,1a,100
KC126254,HCV,1a,100
KC126246,HCV,1a,100
KC126253,HCV,1a,100
KC126257,HCV,1a,100
KC126255,HCV,1a,100
KC126252,HCV,1a,100
KC126264,HCV,1a,100
KC126261,HCV,1a,100
KC126244,HCV,1a,100
KC126245,HCV,1a,100
KC126256,HCV,1a,100
KC126259,HCV,1a,100
KC126263,HCV,1a,100
KC126251,HCV,1a,100
KC126267,HCV,1a,100
KC126270,HCV,1a,100
KC126260,HCV,1a,100
KC126269,HCV,1a,100
KC126265,HCV,1a,100
KC126262,HCV,1a,100
KC126274,HCV,1a,100
KC126276,HCV,1a,100
KC126272,HCV,1a,100
KC126277,HCV,1a,100
KC126273,HCV,1a,100
KC126275,HCV,1a,100
KC126268,HCV,1a,100
KC126284,HCV,1a,100
KC126288,HCV,1a,100
KC126291,HCV,1a,100
KC126285,HCV,1a,100
KC126292,HCV,1a,100
KC126280,HCV,1a,100
KC126282,HCV,1a,100
KC126283,HCV,1a,100
KC126289,HCV,1a,100
KC126290,HCV,1a,100
KC126266,HCV,1a,100
KC126293,HCV,1a,100
KC126295,HCV,1a,100
KC126294,HCV,1a,100
KC126298,HCV,1a,100
KC126287,HCV,1a,100
KC126297,HCV,1a,100
KC126303,HCV,1a,100
KC126278,HCV,1a,100
KC126301,HCV,1a,100
KC126299,HCV,1a,100
KC126302,HCV,1a,100
KC126307,HCV,1a,100
KC126296,HCV,1a,100
KC126311,HCV,1a,100
KC126300,HCV,1a,100
KC126305,HCV,1a,100
KC126286,HCV,1a,100
KC126310,HCV,1a,100
KC126314,HCV,1a,100
KC126312,HCV,1a,100
KC126306,HCV,1a,100
KC126317,HCV,1a,100
KC126319,HCV,1a,100
KC126309,HCV,1a,100
KC126320,HCV,1a,100
KC126304,HCV,1a,100
KC126318,HCV,1a,100
KC126321,HCV,1a,100
KC126326,HCV,1a,100
KC126315,HCV,1a,100
KC126322,HCV,1a,100
KC126325,HCV,1a,100
KC126328,HCV,1a,100
KC126316,HCV,1a,100
KC126323,HCV,1a,100
KC126331,HCV,1a,100
KC126329,HCV,1a,100
KC126324,HCV,1a,100
KC126327,HCV,1a,100
KC126333,HCV,1a,100
KC126330,HCV,1a,100
KC126334,HCV,1a,100
KC126332,HCV,1a,100
KC126336,HCV,1a,100
KC126337,HCV,1a,100
KC126342,HCV,1a,100
KC126335,HCV,1a,100
KC126344,HCV,1a,100
KC126338,HCV,1a,100
KC126343,HCV,1a,100
KC126341,HCV,1a,100
KC126349,HCV,1a,100
KC126348,HCV,1a,100
KC126345,HCV,1a,100
KC126339,HCV,1a,100
KC126346,HCV,1a,100
KC126353,HCV,1a,100
KC126357,HCV,1a,100
KC126350,HCV,1a,100
KC126360,HCV,1a,100
KC126362,HCV,1a,100
KC126356,HCV,1a,100
KC126365,HCV,1a,100
KC126363,HCV,1a,100
KC126364,HCV,1a,100
KC126367,HCV,1a,100
KC126361,HCV,1a,100
KC126368,HCV,1a,100
KC126359,HCV,1a,100
KC126366,HCV,1a,100
KC126369,HCV,1a,100
KC126358,HCV,1a,100
KC126372,HCV,1a,100
KC126374,HCV,1a,100
KC126371,HCV,1a,100
KC126370,HCV,1a,100
KC126377,HCV,1a,100
KC126376,HCV,1a,100
KC126381,HCV,1a,100
KC126379,HCV,1a,100
KC126380,HCV,1a,100
KC126373,HCV,1a,100
KC126384,HCV,1a,100
KC126387,HCV,1a,100
KC126382,HCV,1a,100
KC126385,HCV,1a,100
KC126375,HCV,1a,100
KC126378,HCV,1a,100
KC126390,HCV,1a,100
KC126388,HCV,1a,100
KC126386,HCV,1a,100
KC126396,HCV,1a,100
KC126393,HCV,1a,100
KC126395,HCV,1a,100
KC126391,HCV,1a,100
KC126389,HCV,1a,100
KC126398,HCV,1a,100
KC126383,HCV,1a,100
KC126394,HCV,1a,100
KC126392,HCV,1a,100
KC126402,HCV,1a,100
KC126405,HCV,1a,100
KC126413,HCV,1a,100
KC126408,HCV,1a,100
KC126406,HCV,1a,100
KC126412,HCV,1a,100
KC126411,HCV,1a,100
KC126403,HCV,1a,100
KC126400,HCV,1a,100
KC126399,HCV,1a,100
KC126414,HCV,1a,100
KC126409,HCV,1a,100
KC126415,HCV,1a,100
KC126410,HCV,1a,100
KC126420,HCV,1a,100
KC126426,HCV,1a,100
KC126416,HCV,1a,100
KC126417,HCV,1a,100
KC126423,HCV,1a,100
KC126424,HCV,1a,100
KC126419,HCV,1a,100
KC126430,HCV,1a,100
KC126418,HCV,1a,100
KC126428,HCV,1a,100
KC126421,HCV,1a,100
KC126427,HCV,1a,100
KC126422,HCV,1a,100
KC126429,HCV,1a,100
KC126432,HCV,1a,100
KC126433,HCV,1a,100
KC126431,HCV,1a,100
KC126437,HCV,1a,100
KC126439,HCV,1a,100
KC126435,HCV,1a,100
KC126434,HCV,1a,100
KC126425,HCV,1a,100
KC126436,HCV,1a,100
KC126440,HCV,1a,100
KC126441,HCV,1a,100
KC126446,HCV,1a,100
KC126442,HCV,1a,100
KC126444,HCV,1a,100
KC126443,HCV,1a,100
KC126445,HCV,1a,100
KC126450,HCV,1a,100
KC126447,HCV,1a,100
KC126455,HCV,1a,100
KC126438,HCV,1a,100
KC126451,HCV,1a,100
KC126449,HCV,1a,100
KC126453,HCV,1a,100
KC126454,HCV,1a,100
KC126462,HCV,1a,100
KC126463,HCV,1a,100
KC126460,HCV,1a,100
KC126465,HCV,1a,100
KC126457,HCV,1a,100
KC126466,HCV,1a,100
KC126458,HCV,1a,100
KC126469,HCV,1a,100
KC126471,HCV,1a,100
KC126464,HCV,1a,100
KC126474,HCV,1a,100
KC126468,HCV,1a,100
KC126467,HCV,1a,100
KC126472,HCV,1a,100
KC126476,HCV,1a,100
KC126473,HCV,1a,100
KC126479,HCV,1a,100
KC126478,HCV,1a,100
KC126459,HCV,1a,100
KC126477,HCV,1a,100
KC126481,HCV,1a,100
KC126475,HCV,1a,100
KC126480,HCV,1a,100
KC126483,HCV,1a,100
KC126485,HCV,1a,100
KC126486,HCV,1a,100
KC126470,HCV,1a,100
KC126482,HCV,1a,100
KC126487,HCV,1a,100
KC126491,HCV,1a,100
KC126490,HCV,1a,100
KC126484,HCV,1a,100
KC126489,HCV,1a,100
KC126497,HCV,1a,100
KC126492,HCV,1a,100
KC126495,HCV,1a,100
KC126499,HCV,1a,100
KC126498,HCV,1a,100
KC126503,HCV,1a,100
KC126506,HCV,1a,100
KC126500,HCV,1a,100
KC126509,HCV,1a,100
KC126505,HCV,1a,100
KC126504,HCV,1a,100
KC126502,HCV,1a,100
KC126517,HCV,1a,100
KC126530,HCV,1a,100
KC126537,HCV,1a,100
KC126536,HCV,1a,100
KC126541,HCV,1a,100
KC126543,HCV,1a,100
KC126547,HCV,1a,100
KC126554,HCV,1a,100
KC126551,HCV,1a,100
KC126560,HCV,1a,100
KC126557,HCV,1a,100
KC126565,HCV,1a,100
KC126581,HCV,1a,100
KC126582,HCV,1a,100
KC126585,HCV,1a,100
KC126593,HCV,1a,100
KC126600,HCV,1a,100
KC126599,HCV,1a,100
KC126607,HCV,1a,100
KC126603,HCV,1a,100
KC126613,HCV,1a,100
KC126619,HCV,1a,100
KC126627,HCV,1a,100
KC126630,HCV,1a,100
KC126633,HCV,1a,100
KC126643,HCV,1a,100
KC126648,HCV,1a,100
KC126656,HCV,1a,100
KC126660,HCV,1a,100
KC126665,HCV,1a,100
KC126672,HCV,1a,100
KC126675,HCV,1a,100
KC125729,HCV,1a,100
KC125719,HCV,1a,100
KC125728,HCV,1a,100
KC125723,HCV,1a,100
KC125727,HCV,1a,100
KC125761,HCV,1a,100
KC125770,HCV,1a,100
KC125763,HCV,1a,100
KC125772,HCV,1a,100
KC125764,HCV,1a,100
KC125737,HCV,1a,100
KC125799,HCV,1a,100
KC125800,HCV,1a,100
KC125798,HCV,1a,100
KC125795,HCV,1a,100
KC125801,HCV,1a,100
KC125803,HCV,1a,100
KC125808,HCV,1a,100
KC125843,HCV,1a,100
KC125906,HCV,1a,100
KC125912,HCV,1a,100
KC125935,HCV,1a,100
KC125937,HCV,1a,100
KC125930,HCV,1a,100
KC125929,HCV,1a,100
KC125963,HCV,1a,100
KC125972,HCV,1a,100
KC126004,HCV,1a,100
KC125986,HCV,1a,100
KC126027,HCV,1a,100
KC126035,HCV,1a,100
KC126017,HCV,1a,100
KC126031,HCV,1a,100
KC126030,HCV,1a,100
KC126038,HCV,1a,100
KC126025,HCV,1a,100
KC126044,HCV,1a,100
KC126042,HCV,1a,100
KC126032,HCV,1a,100
KC126040,HCV,1a,100
KC126043,HCV,1a,100
KC126051,HCV,1a,100
KC126047,HCV,1a,100
KC126049,HCV,1a,100
KC126050,HCV,1a,100
KC126073,HCV,1a,100
KC126078,HCV,1a,100
KC126074,HCV,1a,100
KC126085,HCV,1a,100
KC126079,HCV,1a,100
KC126091,HCV,1a,100
KC126087,HCV,1a,100
KC126116,HCV,1a,100
KC126123,HCV,1a,100
KC126115,HCV,1a,100
KC126122,HCV,1a,100
KC126117,HCV,1a,100
KC126125,HCV,1a,100
KC126136,HCV,1a,100
KC126167,HCV,1a,100
KC126159,HCV,1a,100
KC126197,HCV,1a,100
KC126181,HCV,1a,100
KC126193,HCV,1a,100
KC126198,HCV,1a,100
KC126195,HCV,1a,100
KC126200,HCV,1a,100
KC126202,HCV,1a,100
KC126196,HCV,1a,100
KC126203,HCV,1a,100
KC126214,HCV,1a,100
KC126223,HCV,1a,100
KC126233,HCV,1a,100
KC126248,HCV,1a,100
KC126230,HCV,1a,100
KC126247,HCV,1a,100
KC126281,HCV,1a,100
KC126271,HCV,1a,100
KC126279,HCV,1a,100
KC126308,HCV,1a,100
KC126313,HCV,1a,100
KC126351,HCV,1a,100
KC126347,HCV,1a,100
KC126352,HCV,1a,100
KC126354,HCV,1a,100
KC126355,HCV,1a,100
KC126340,HCV,1a,100
KC126404,HCV,1a,100
KC126401,HCV,1a,100
KC126397,HCV,1a,100
KC126407,HCV,1a,100
KC126448,HCV,1a,100
KC126452,HCV,1a,100
KC126456,HCV,1a,100
KC126461,HCV,1a,100
KC126494,HCV,1a,100
KC126493,HCV,1a,100
KC126496,HCV,1a,100
KC126488,HCV,1a,100
KC126524,HCV,1a,100
KC126556,HCV,1a,100
KC126574,HCV,1a,100
KC126559,HCV,1a,100
KC126683,HCV,1a,100
KC126684,HCV,1a,100
KC126689,HCV,1a,100
KC126691,HCV,1a,100
KC126695,HCV,1a,100
KC125949,HCV,1a,100
KC125882,HCV,1a,100
KC125860,HCV,1a,100
KC125862,HCV,1a,100
KC125897,HCV,1a,100
KC125950,HCV,1a,100
KC125903,HCV,1a,100
KC125904,HCV,1a,100
KC125951,HCV,1a,100
KC125953,HCV,1a,100
KC125952,HCV,1a,100
KC125954,HCV,1a,100
KC125955,HCV,1a,100
KC126258,HCV,1a,100
KC125890,HCV,1a,100
KC125891,HCV,1a,100
KC126510,HCV,1a,100
KC126508,HCV,1a,100
KC126501,HCV,1a,100
KC126507,HCV,1a,100
KC126512,HCV,1a,100
KC126511,HCV,1a,100
KC126514,HCV,1a,100
KC126515,HCV,1a,100
KC126513,HCV,1a,100
KC126697,HCV,1a,100
KC126699,HCV,1a,100
KC126701,HCV,1a,100
KC126698,HCV,1a,100
KC126700,HCV,1a,100
KC126702,HCV,1a,100
KC126706,HCV,1a,100
KC126709,HCV,1a,100
KC126707,HCV,1a,100
KC126713,HCV,1a,100
KC126710,HCV,1a,100
KC126712,HCV,1a,100
KC126708,HCV,1a,100
KC126711,HCV,1b,71
KC126716,HCV,1a,100
KC126715,HCV,1a,100
KC126719,HCV,1a,100
KC126721,HCV,1a,100
KC126720,HCV,1a,100
KC126727,HCV,1a,100
KC126717,HCV,1a,100
KC126722,HCV,1a,100
KC126730,HCV,1a,100
KC126725,HCV,1a,100
KC126728,HCV,1a,100
KC126724,HCV,1a,100
KC126705,HCV,1a,100
KC126726,HCV,1a,100
KC126723,HCV,1a,100
KC126732,HCV,1a,100
KC126731,HCV,1a,100
KC126733,HCV,1a,100
KC126735,HCV,1a,100
KC126742,HCV,1a,100
KC126740,HCV,1a,100
KC126738,HCV,1a,100
KC126736,HCV,1a,100
KC126718,HCV,1a,100
KC126745,HCV,1a,100
KC126744,HCV,1a,100
KC126741,HCV,1a,100
KC126743,HCV,1a,100
KC126746,HCV,1a,100
KC126748,HCV,1a,100
KC126747,HCV,1a,100
KC126752,HCV,1a,100
KC126751,HCV,1a,100
KC126753,HCV,1a,100
KC126737,HCV,1a,100
KC126755,HCV,1a,100
KC126759,HCV,1a,100
KC126760,HCV,1a,100
KC126762,HCV,1a,100
KC126734,HCV,1a,100
KC126756,HCV,1a,100
KC126764,HCV,1a,100
KC126765,HCV,1a,100
KC126768,HCV,1a,100
KC126770,HCV,1a,100
KC126769,HCV,1a,100
KC126776,HCV,1a,100
KC126772,HCV,1a,100
KC126771,HCV,1a,100
KC126766,HCV,1a,100
KC126773,HCV,1a,100
KC126775,HCV,1a,100
KC126777,HCV,1a,100
KC126781,HCV,1a,100
KC126767,HCV,1a,100
KC126783,HCV,1a,100
KC126780,HCV,1a,100
KC126779,HCV,1a,100
KC126763,HCV,1a,100
KC126782,HCV,1a,100
KC126784,HCV,1a,100
KC126785,HCV,1a,100
KC126778,HCV,1a,100
KC126789,HCV,1a,100
KC126786,HCV,1a,100
KC126792,HCV,1a,100
KC126788,HCV,1a,100
KC126791,HCV,1a,100
KC126793,HCV,1a,100
KC126790,HCV,1a,100
KC126774,HCV,1a,100
KC126796,HCV,1a,100
KC126797,HCV,1a,100
KC126798,HCV,1a,100
KC126799,HCV,1a,100
KC126794,HCV,1a,100
KC126802,HCV,1a,100
KC126801,HCV,1a,100
KC126787,HCV,1a,100
KC126805,HCV,1a,100
KC126804,HCV,1a,100
KC126795,HCV,1a,100
KC126807,HCV,1a,100
KC126808,HCV,1a,100
KC126806,HCV,1a,100
KC126811,HCV,1a,100
KC126800,HCV,1a,100
KC126803,HCV,1a,100
KC126815,HCV,1a,100
KC126814,HCV,1a,100
KC126809,HCV,1a,100
KC126810,HCV,1a,100
KC126820,HCV,1a,100
KC126819,HCV,1a,100
KC126818,HCV,1a,100
KC126823,HCV,1a,100
KC126817,HCV,1a,100
KC126825,HCV,1a,100
KC126824,HCV,1a,100
KC126812,HCV,1a,100
KC126827,HCV,1a,100
KC126821,HCV,1a,100
KC126822,HCV,1a,100
KC126826,HCV,1a,100
KC126828,HCV,1a,100
KC126831,HCV,1a,100
KC126829,HCV,1a,100
KC126813,HCV,1a,100
KC126838,HCV,1a,100
KC126834,HCV,1a,100
KC126832,HCV,1a,100
KC126833,HCV,1a,100
KC126837,HCV,1a,100
KC126836,HCV,1a,100
KC126835,HCV,1a,100
KC126830,HCV,1a,100
KC126841,HCV,1a,100
KC126816,HCV,1a,100
KC126840,HCV,1a,100
KC126844,HCV,1a,100
KC126839,HCV,1a,100
KC126845,HCV,1a,100
KC126851,HCV,1a,100
KC126848,HCV,1a,100
KC126849,HCV,1a,100
KC126850,HCV,1a,100
KC126846,HCV,1a,100
KC126847,HCV,1a,100
KC126855,HCV,1a,100
KC126852,HCV,1a,100
KC126858,HCV,1a,100
KC126842,HCV,1a,100
KC126861,HCV,1a,100
KC126867,HCV,1a,100
KC126866,HCV,1a,100
KC126868,HCV,1a,100
KC126854,HCV,1a,100
KC126873,HCV,1a,100
KC126874,HCV,1a,100
KC126856,HCV,1a,100
KC126876,HCV,1a,100
KC126871,HCV,1a,100
KC126877,HCV,1a,100
KC126879,HCV,1a,100
KC126857,HCV,1a,100
KC126869,HCV,1a,100
KC126883,HCV,1a,100
KC126872,HCV,1a,100
KC126882,HCV,1a,100
KC126881,HCV,1a,100
KC126884,HCV,1a,100
KC126885,HCV,1a,100
KC126880,HCV,1a,100
KC126875,HCV,1a,100
KC126892,HCV,1a,100
KC126890,HCV,1a,100
KC126889,HCV,1a,100
KC126886,HCV,1a,100
KC126894,HCV,1a,100
KC126878,HCV,1a,100
KC126891,HCV,1a,100
KC126888,HCV,1a,100
KC126901,HCV,1a,100
KC126895,HCV,1a,100
KC126897,HCV,1a,100
KC126900,HCV,1a,100
KC126896,HCV,1a,100
KC126902,HCV,1a,100
KC126898,HCV,1a,100
KC126903,HCV,1a,100
KC126870,HCV,1a,100
KC126906,HCV,1a,100
KC126908,HCV,1a,100
KC126899,HCV,1a,100
KC126911,HCV,1a,100
KC126913,HCV,1a,100
KC126907,HCV,1a,100
KC126910,HCV,1a,100
KC126915,HCV,1a,100
KC126914,HCV,1a,100
KC126893,HCV,1a,100
KC126887,HCV,1a,100
KC126912,HCV,1a,100
KC126916,HCV,1a,100
KC126919,HCV,1a,100
KC126926,HCV,1a,100
KC126905,HCV,1a,100
KC126927,HCV,1a,100
KC126928,HCV,1a,100
KC126935,HCV,1a,100
KC126936,HCV,1a,100
KC126909,HCV,1a,100
KC126937,HCV,1a,100
KC126925,HCV,1a,100
KC126947,HCV,1a,100
KC126948,HCV,1a,100
KC126939,HCV,1a,100
KC126941,HCV,1a,100
KC126944,HCV,1a,100
KC126949,HCV,1a,100
KC126942,HCV,1a,100
KC126938,HCV,1a,100
KC126951,HCV,1a,100
KC126923,HCV,1a,100
KC126954,HCV,1a,100
KC126940,HCV,1a,100
KC126952,HCV,1a,100
KC126953,HCV,1a,100
KC126943,HCV,1a,100
KC126957,HCV,1a,100
KC126946,HCV,1a,100
KC126956,HCV,1a,100
KC126959,HCV,1a,100
KC126955,HCV,1a,100
KC126958,HCV,1a,100
KC126963,HCV,1a,100
KC126968,HCV,1a,100
KC126961,HCV,1a,100
KC126967,HCV,1a,100
KC126965,HCV,1a,100
KC126962,HCV,1a,100
KC126945,HCV,1a,100
KC126966,HCV,1a,100
KC126971,HCV,1a,100
KC126964,HCV,1a,100
KC126960,HCV,1a,100
KC126970,HCV,1a,100
KC126974,HCV,1a,100
KC126981,HCV,1a,100
KC126976,HCV,1a,100
KC126979,HCV,1a,100
KC126978,HCV,1a,100
KC126980,HCV,1a,100
KC126984,HCV,1a,100
KC126972,HCV,1a,100
KC126950,HCV,1a,100
KC126969,HCV,1a,100
KC126986,HCV,1a,100
KC126973,HCV,1a,100
KC126985,HCV,1a,100
KC126987,HCV,1a,100
KC126977,HCV,1a,100
KC126975,HCV,1a,100
KC126989,HCV,1a,100
KC126990,HCV,1a,100
KC126983,HCV,1a,100
KC126994,HCV,1a,100
KC126991,HCV,1a,100
KC126996,HCV,1a,100
KC126993,HCV,1a,100
KC126999,HCV,1a,100
KC126988,HCV,1a,100
KC126998,HCV,1a,100
KC127000,HCV,1a,100
KC127002,HCV,1a,100
KC127001,HCV,1a,100
KC127008,HCV,1a,100
KC126997,HCV,1a,100
KC127007,HCV,1a,100
KC126982,HCV,1a,100
KC127010,HCV,1a,100
KC127004,HCV,1a,100
KC127011,HCV,1a,100
KC127003,HCV,1a,100
KC127009,HCV,1a,100
KC126995,HCV,1a,100
KC127012,HCV,1a,100
KC127005,HCV,1a,100
KC127015,HCV,1a,100
KC127014,HCV,1a,100
KC126992,HCV,1a,100
KC127006,HCV,1a,100
KC127018,HCV,1a,100
KC127022,HCV,1a,100
KC127016,HCV,1a,100
KC127021,HCV,1a,100
KC127020,HCV,1a,100
KC127017,HCV,1a,100
KC127019,HCV,1a,100
KC127013,HCV,1a,100
KC127023,HCV,1a,100
KC127026,HCV,1a,100
KC127029,HCV,1a,100
KC127025,HCV,1a,100
KC127024,HCV,1a,100
KC127031,HCV,1a,100
KC127032,HCV,1a,100
KC127027,HCV,1a,100
KC127030,HCV,1a,100
KC127033,HCV,1a,100
KC127028,HCV,1a,100
KC127034,HCV,1a,100
KC127035,HCV,1a,100
KC127039,HCV,1a,100
KC127038,HCV,1a,100
KC127045,HCV,1a,100
KC127044,HCV,1a,100
KC127042,HCV,1a,100
KC127040,HCV,1a,100
KC127046,HCV,1a,100
KC127037,HCV,1a,100
KC127052,HCV,1a,100
KC127048,HCV,1a,100
KC127051,HCV,1a,100
KC127043,HCV,1a,100
KC127053,HCV,1a,100
KC127049,HCV,1a,100
KC127050,HCV,1a,100
KC127041,HCV,1a,100
KC127054,HCV,1a,100
KC127057,HCV,1a,100
KC127056,HCV,1a,100
KC127060,HCV,1a,100
KC127063,HCV,1a,100
KC127067,HCV,1a,100
KC127068,HCV,1a,100
KC127058,HCV,1a,100
KC127066,HCV,1a,100
KC127072,HCV,1a,100
KC127070,HCV,1a,100
KC127065,HCV,1a,100
KC127055,HCV,1a,100
KC127074,HCV,1a,100
KC127047,HCV,1a,100
KC127069,HCV,1a,100
KC127062,HCV,1a,100
KC127076,HCV,1a,100
KC127073,HCV,1a,100
KC127080,HCV,1a,100
KC127071,HCV,1a,100
KC127081,HCV,1a,100
KC127078,HCV,1a,100
KC127077,HCV,1a,100
KC127082,HCV,1a,100
KC127085,HCV,1a,100
KC127087,HCV,1a,100
KC127075,HCV,1a,100
KC127083,HCV,1a,100
KC127084,HCV,1a,100
KC127092,HCV,1a,100
KC127093,HCV,1a,100
KC127079,HCV,1a,100
KC127095,HCV,1a,100
KC127097,HCV,1a,100
KC127088,HCV,1a,100
KC127094,HCV,1a,100
KC127098,HCV,1a,100
KC127090,HCV,1a,100
KC127096,HCV,1a,100
KC127099,HCV,1a,100
KC127103,HCV,1a,100
KC127102,HCV,1a,100
KC127105,HCV,1a,100
KC127091,HCV,1a,100
KC127101,HCV,1a,100
KC127110,HCV,1a,100
KC127106,HCV,1a,100
KC127107,HCV,1a,100
KC127108,HCV,1a,100
KY083760,HCV,4r,100
KY083761,HCV,4r,100
KY083763,HCV,4r,100
KC127089,HCV,1a,100
KC127113,HCV,1a,100
KC127111,HCV,1a,100
KC127115,HCV,1a,100
OK001595,HCV,4a,100
KC127100,HCV,1a,100
OK001596,HCV,4a,100
OK001597,HCV,4a,100
OK001598,HCV,4a,100
KC127086,HCV,1a,100
OK001600,HCV,4o,100
KC127118,HCV,1a,100
OK001632,HCV,4a,100
OK001635,HCV,4a,100
OK001637,HCV,4a,100
OK001633,HCV,4a,100
OK001604,HCV,4d,100
OK001641,HCV,4a,100
KC126859,HCV,1a,100
KC127059,HCV,1a,100
KC126703,HCV,1a,100
KC126704,HCV,1a,100
KC126714,HCV,1a,100
KC126729,HCV,1a,100
KC126739,HCV,1a,100
KC126758,HCV,1a,100
KC126754,HCV,1a,100
KC126749,HCV,1a,100
KC126761,HCV,1a,100
KC126750,HCV,1a,100
KC126757,HCV,1a,100
KC126860,HCV,1a,100
KC126863,HCV,1a,100
KC126862,HCV,1a,100
KC126853,HCV,1a,100
KC126843,HCV,1a,100
KC126865,HCV,1a,100
KC126864,HCV,1a,100
KC126917,HCV,1a,100
KC126920,HCV,1a,100
KC126921,HCV,1a,100
KC126924,HCV,1a,100
KC126904,HCV,1a,100
KC126922,HCV,1a,100
KC126932,HCV,1a,100
KC126933,HCV,1a,100
KC126930,HCV,1a,100
KC126931,HCV,1a,100
KC126934,HCV,1a,100
KC126929,HCV,1a,100
KC126918,HCV,1a,100
OK001599,HCV,4a,100
KC127114,HCV,1a,100
OK001603,HCV,4o,100
OK001601,HCV,4o,100
KC127117,HCV,1a,100
OK001605,HCV,4a,100
OK001607,HCV,4a,100
OK001608,HCV,4d,100
KC127109,HCV,1a,100
KC127116,HCV,1a,100
KY083762,HCV,4r,100
KC127104,HCV,1a,100
OK001609,HCV,4d,82
OK001610,HCV,4a,100
OK001631,HCV,4d,100
OK001630,HCV,4a,100
OK001629,HCV,4a,100
OK001602,HCV,4o,100
OK001611,HCV,4d,100
OK001636,HCV,4o,100
OK001642,HCV,4a,100
KC127112,HCV,1a,100
OK001634,HCV,4a,100
OK001606,HCV,4a,100
OK001645,HCV,4a,100
OK001643,HCV,4d,100
OK001644,HCV,4a,100
KY083759,HCV,4r,100
KC127061,HCV,1a,100
KC127036,HCV,1a,100
KC127064,HCV,1a,100
OK001639,HCV,4d,100
OK001640,HCV,4a,100
OK001638,HCV,4a,100