name,virus,subtype,bootstrap support
PV184477,HCV,"unassigned_1, 3a-2b",NA
PV184474,HCV,"unassigned_1, 1a-3a",NA
PV184481,HCV,1a,100
PV184476,HCV,1a,100
PV184472,HCV,3a,100
PV184483,HCV,1a,100
PV184482,HCV,3a,100
PV184471,HCV,3a,100
PV184485,HCV,3a,100
PV184484,HCV,3a,100
PV184479,HCV,3a,100
DQ889296,HCV,1a,100
PV184480,HCV,3a,100
PV184475,HCV,1a,100
PV184478,HCV,3a,100
PV184473,HCV,3a,100
PV184486,HCV,3a,100
PV184488,HCV,1a,100
PV184487,HCV,1a,100
PV184493,HCV,1a,100
PV184491,HCV,1a,100
PV184490,HCV,1a,100
PV184489,HCV,1a,100
PV184495,HCV,1a,100
PV184496,HCV,3a,100
PV184499,HCV,3a,100
PV184500,HCV,3a,100
PV184497,HCV,3a,100
PV184494,HCV,1a,100
PV184492,HCV,3a,100
PV184501,HCV,3a,100
PV184498,HCV,3a,100
PV184504,HCV,3a,100
PV184508,HCV,3a,100
PV184506,HCV,3a,100
PV184512,HCV,1a,100
PV184505,HCV,1a,100
PV184503,HCV,3a,100
PV184502,HCV,3a,100
PV184509,HCV,3a,100
PV184507,HCV,1a,100
PV184514,HCV,1a,100
PV184510,HCV,1a,100
PV184513,HCV,3a,100
PV184511,HCV,3a,100
DQ889312,HCV,1a,100
DQ889308,HCV,1a,100
DQ889314,HCV,1a,100
EU781748,HCV,1a,100
EU781751,HCV,1a,100
EU781746,HCV,1a,100
EU781750,HCV,1a,100
EU781752,HCV,1a,100
KU871278,HCV,2b,100
KU871281,HCV,5a,100
KU871276,HCV,2b,100
KU871280,HCV,5a,100
KU871282,HCV,5a,100
KU871279,HCV,5a,100
KU871283,HCV,4d,100
KU871284,HCV,4d,100
KU871286,HCV,4d,100
KU871287,HCV,4d,100
KU871289,HCV,4a,100
KU871290,HCV,4a,100
KU871291,HCV,4a,100
KU871285,HCV,4d,100
KU871288,HCV,4m,100
KU871292,HCV,4a,100
KU871294,HCV,3a,100
KU871293,HCV,4a,100
KU871296,HCV,3a,100
KU871297,HCV,3a,100
KU871295,HCV,3a,100
KJ747854,HCV,1a,100
KJ747856,HCV,1a,100
KJ747855,HCV,1a,100
KJ747858,HCV,1a,100
KJ747857,HCV,1a,100
KJ747865,HCV,1a,100
KJ747849,HCV,1a,100
KJ747851,HCV,1a,100
KJ747852,HCV,1a,100
DQ889290,HCV,1a,100
DQ889291,HCV,1a,100
DQ889271,HCV,1a,100
DQ889295,HCV,1a,100
KU871304,HCV,"unassigned_1, 1a-3a",NA
KU871305,HCV,"unassigned_1, 1a-2b",NA
KU871301,HCV,1a,100
KU871309,HCV,1b,100
KU871302,HCV,1a,100
KU871299,HCV,3a,100
KU871298,HCV,3a,100
KU871306,HCV,1a,100
KU871308,HCV,1b,100
KU871311,HCV,6a,100
KU871300,HCV,1a,100
KU871303,HCV,1a,100
KU871310,HCV,6a,100
KU871307,HCV,1b,100
KJ747875,HCV,1a,100
KJ747879,HCV,1a,100
KJ747883,HCV,1a,100
KJ747885,HCV,1a,100
KJ747882,HCV,1a,100
KJ747878,HCV,1a,100
KJ747876,HCV,1a,100
KJ747866,HCV,1a,100
KJ747899,HCV,1a,100
KJ747898,HCV,1a,100
KJ747868,HCV,1a,100
KJ747867,HCV,1a,100
KJ747869,HCV,1a,100
KJ747944,HCV,1b,100
KJ747906,HCV,1b,100
KJ747933,HCV,1b,100
KJ747935,HCV,1b,100
KJ747923,HCV,1b,100
KJ747939,HCV,1b,100
KJ747946,HCV,1b,100
AJ507156,HCV,1b,100
KM246392,HCV,6f,100
KM246393,HCV,6f,100
KM246387,HCV,3a,100
MK135186,HCV,1a,100
KU180722,HCV,3a,100
KU180719,HCV,1a,100
KU180721,HCV,3a,100
KU180718,HCV,1a,100
KU180720,HCV,1a,100
KU180723,HCV,2b,100
KU180724,HCV,3a,100
KM102763,HCV,"unassigned_1, 1a-2b",NA
KM102762,HCV,"unassigned_1, 1a-2b",NA
KM102764,HCV,"unassigned_1, 1b-2j-2a-2b",NA
KM102761,HCV,"unassigned_1, 1a-2b",NA
KM102766,HCV,"unassigned_1, 1b-2b",NA
KM102760,HCV,"unassigned_1, 1a-2b",NA
KM102765,HCV,"unassigned_1, 1b-2k",NA
KM102767,HCV,"unassigned_1, 1b-2b",NA
KU180713,HCV,4a,100
KU180716,HCV,1b,100
KU180717,HCV,1a,100
KU180710,HCV,1a,100
KU180715,HCV,4d,100
KU180709,HCV,1b,100
MK135196,HCV,1a,100
MK135197,HCV,1a,100
MK135199,HCV,1a,100
MK135201,HCV,1a,100
MK135204,HCV,1a,100
MK135205,HCV,1a,100
KU180725,HCV,1b,100
KM102769,HCV,"unassigned_1, 1b-2a-2k",NA
MK135184,HCV,1a,100
MK135284,HCV,3a,100
MK135212,HCV,1a,100
MK135299,HCV,3a,100
MK135288,HCV,3a,100
MK135294,HCV,3a,100
MK135298,HCV,3a,100
MK135300,HCV,3a,100
KY620353,HCV,2b,100
KM587623,HCV,"unassigned_1, 3i-3k",NA
KM587625,HCV,"unassigned_1, 4d-4a-4n-4g-1a-3h",NA
KM587616,HCV,2a,100
KM587615,HCV,1b,100
KM587618,HCV,2b,100
KM587628,HCV,6a,100
KM587619,HCV,2c,100
KM587627,HCV,6a,100
KM587614,HCV,1a,100
KY620352,HCV,2b,100
KY620364,HCV,"unassigned_1, 3a-3h",NA
KY620360,HCV,2b,100
KY620378,HCV,3a,100
KY620381,HCV,3a,100
KY620377,HCV,3a,100
KY620379,HCV,3a,100
KY620390,HCV,"unassigned_1, 3a-3h",NA
KY620380,HCV,3a,100
KY620385,HCV,3a,100
KY620382,HCV,3a,100
KY620383,HCV,3a,100
KY620388,HCV,3a,100
KY620391,HCV,3a,100
KY620506,HCV,3a,100
KY620505,HCV,3a,100
KY620503,HCV,3a,100
KY620654,HCV,3a,100
KY620652,HCV,3a,100
KY620651,HCV,3a,100
KY620647,HCV,3a,100
KY620649,HCV,3a,100
KY620658,HCV,3a,100
KY620656,HCV,3a,100
KY620657,HCV,3a,100
KY620659,HCV,3a,100
KY620655,HCV,3a,100
KY620660,HCV,3a,100
KY620671,HCV,"unassigned_1, 3a-3h",NA
KY620664,HCV,3a,100
KY620665,HCV,3a,100
KY620666,HCV,3a,100
KY620661,HCV,3a,100
KY620663,HCV,3a,100
KY620667,HCV,3a,100
KY620662,HCV,3a,100
KY620672,HCV,3a,100
KY620670,HCV,3a,100
KY620669,HCV,3a,100
KY620668,HCV,3a,100
KY620674,HCV,3a,100
KY620673,HCV,3a,100
KY620675,HCV,"unassigned_1, 3a-3h",NA
KY620683,HCV,3a,100
KY620678,HCV,3a,100
KY620680,HCV,3a,100
KY620676,HCV,3a,100
KY620677,HCV,3a,100
KY620682,HCV,3a,100
KY620684,HCV,3a,100
KY620679,HCV,3a,100
KY620687,HCV,3a,100
KY620681,HCV,3a,100
KY620686,HCV,3a,100
KY620685,HCV,3a,100
KY620691,HCV,3a,100
KY620688,HCV,3a,100
KY620690,HCV,3a,100
KY620689,HCV,3a,100
KY620693,HCV,3a,100
KY620699,HCV,3a,100
KY620696,HCV,3a,100
KY620695,HCV,3a,100
KY620692,HCV,3a,100
KY620698,HCV,3a,100
KY620697,HCV,3a,100
KY620694,HCV,3a,100
KY620700,HCV,3a,100
KY620706,HCV,3a,100
KY620702,HCV,3a,100
KY620705,HCV,3a,100
KY620703,HCV,3a,100
KY620701,HCV,3a,100
KY620704,HCV,3a,100
KY620707,HCV,3a,100
KY620711,HCV,3a,100
KY620708,HCV,3a,100
KY620709,HCV,3a,100
KY620712,HCV,3a,100
KY620715,HCV,3a,100
KY620721,HCV,"unassigned_1, 3a-3h",NA
KY620714,HCV,3a,100
KY620716,HCV,3a,100
KY620713,HCV,3a,100
KY620710,HCV,3a,100
KY620717,HCV,3a,100
KJ747871,HCV,1a,100
KJ747874,HCV,1a,100
KJ747888,HCV,1a,100
KJ747873,HCV,1a,100
KJ747886,HCV,1a,100
MW629120,HCV,1b,100
KJ747917,HCV,1b,100
KJ747920,HCV,1b,100
KJ747927,HCV,1b,100
KJ747919,HCV,1b,100
KJ747928,HCV,1b,100
KJ747864,HCV,1a,100
KJ747877,HCV,1a,100
KJ747880,HCV,1a,100
KJ747881,HCV,1a,100
KJ747884,HCV,1a,100
KJ747913,HCV,1b,100
KJ747914,HCV,1b,100
KJ747915,HCV,1b,100
KJ747924,HCV,1b,100
KJ747922,HCV,1b,100
KY620514,HCV,"unassigned_1, 3a-3h",NA
KY620507,HCV,3a,100
KY620515,HCV,"unassigned_1, 3a-3h",NA
KY620499,HCV,3a,100
KY620504,HCV,3a,100
KY620502,HCV,3a,100
KY620516,HCV,"unassigned_1, 3a-3h",NA
KY620513,HCV,3a,100
KY620519,HCV,"unassigned_1, 3a-3h",NA
KY620511,HCV,3a,100
KY620509,HCV,3a,100
KY620517,HCV,"unassigned_1, 3a-3h",NA
KY620512,HCV,3a,100
KY620510,HCV,3a,100
KY620526,HCV,"unassigned_1, 3a-3h",NA
KY620518,HCV,3a,100
KY620522,HCV,3a,100
KY620525,HCV,3a,100
KY620521,HCV,3a,100
KY620520,HCV,3a,100
KY620524,HCV,3a,100
KY620532,HCV,3a,100
KY620523,HCV,3a,100
KY620529,HCV,3a,100
KY620531,HCV,3a,100
KY620530,HCV,3a,100
KY620527,HCV,3a,100
KY620533,HCV,3a,100
KY620534,HCV,3a,100
KY620528,HCV,3a,100
KY620535,HCV,3a,100
KY620536,HCV,3a,100
KY620539,HCV,3a,100
KY620549,HCV,"unassigned_1, 3a-3h",NA
KY620537,HCV,3a,100
KY620544,HCV,3a,100
KY620538,HCV,3a,100
KY620542,HCV,3a,100
KY620540,HCV,3a,100
KY620546,HCV,3a,100
KY620545,HCV,3a,100
KY620552,HCV,"unassigned_1, 3a-3h",NA
KY620543,HCV,3a,100
PV184524,HCV,1a,100
PV184521,HCV,3a,100
PV184526,HCV,3a,100
PV184528,HCV,3a,100
PV184525,HCV,3a,100
PV184527,HCV,3a,100
PV184533,HCV,3a,100
PV184543,HCV,"unassigned_1, 1a-2b",NA
PV184530,HCV,3a,100
PV184532,HCV,3a,100
PV184529,HCV,3a,100
KJ747862,HCV,1a,100
KJ747863,HCV,1a,100
MW629117,HCV,1a,100
KJ747861,HCV,1a,100
KJ747870,HCV,1a,100
MW629119,HCV,2a,100
DQ889268,HCV,1a,100
KJ747887,HCV,1a,100
MW629118,HCV,4a,100
KJ747890,HCV,1a,100
KJ747908,HCV,1b,100
KJ747909,HCV,1b,100
KJ747910,HCV,1b,100
KJ747900,HCV,1b,100
KJ747916,HCV,1b,100
KJ747937,HCV,1b,100
KJ747918,HCV,1b,100
KJ747926,HCV,1b,100
KJ747907,HCV,1b,100
KJ747938,HCV,1b,100
KJ747929,HCV,1b,100
KJ747940,HCV,1b,100
KJ747848,HCV,1a,100
KJ747850,HCV,1a,100
KJ747853,HCV,1a,100
KJ747892,HCV,1a,100
KJ747894,HCV,1a,100
KJ747895,HCV,1a,100
KJ747893,HCV,1a,100
KJ747901,HCV,1b,100
KJ747891,HCV,1a,100
KJ747902,HCV,1b,100
KJ747904,HCV,1b,100
KJ747903,HCV,1b,100
KJ747905,HCV,1b,100
KY620387,HCV,3a,100
KY620393,HCV,3a,100
KY620404,HCV,"unassigned_1, 3a-3h",NA
KY620389,HCV,3a,100
KY620399,HCV,3a,100
KY620386,HCV,3a,100
KY620392,HCV,3a,100
KJ747925,HCV,1b,100
KJ747931,HCV,1b,100
KJ747912,HCV,1b,100
KJ747911,HCV,1b,100
KJ747932,HCV,1b,100
EU781755,HCV,1a,100
EU781753,HCV,1a,100
EU781754,HCV,1a,100
EU781759,HCV,1a,100
KJ747921,HCV,1b,100
EU781749,HCV,1a,100
EU781786,HCV,1a,100
EU781788,HCV,1a,100
EU781787,HCV,1a,100
EU781789,HCV,1a,100
EU781790,HCV,1a,100
EU781791,HCV,1a,100
EU781793,HCV,1a,100
EU781792,HCV,1a,100
EU781797,HCV,1a,100
EU781794,HCV,1a,100
EU781795,HCV,1a,100
EU781776,HCV,1a,100
EU781777,HCV,1a,100
EU781779,HCV,1a,100
EU781778,HCV,1a,100
EU781783,HCV,1a,100
EU781780,HCV,1a,100
EU781782,HCV,1a,100
EU781785,HCV,1a,100
EU781784,HCV,1a,100
EU781781,HCV,1a,100
EU781796,HCV,1a,100
EU781800,HCV,1a,100
EU781798,HCV,1a,100
EU781799,HCV,1a,100
EU781801,HCV,1a,100
EU781757,HCV,1a,100
EU781758,HCV,1a,100
EU781747,HCV,1a,100
KM246375,HCV,1a,100
EU781802,HCV,1a,100
KJ747949,HCV,1b,100
KJ747934,HCV,1b,100
KJ747953,HCV,1b,100
KM246377,HCV,1a,100
KM246376,HCV,1a,100
KJ747952,HCV,1b,100
KJ747947,HCV,1b,100
KJ747950,HCV,1b,100
EU781803,HCV,1a,100
EU781756,HCV,1a,100
KJ747948,HCV,1b,100
EU781761,HCV,1a,100
EU781760,HCV,1a,100
EU781767,HCV,1a,100
EU781765,HCV,1a,100
EU781766,HCV,1a,100
EU781764,HCV,1a,100
EU781768,HCV,1a,100
EU781762,HCV,1a,100
KM246386,HCV,3a,100
EU781769,HCV,1a,100
EU781770,HCV,1a,100
KM246391,HCV,6f,100
KM246382,HCV,3a,100
KM246385,HCV,3a,100
KM246381,HCV,1b,100
AJ507155,HCV,"unassigned_1, 1b-1a",NA
KM246389,HCV,3a,100
KM246378,HCV,1b,100
KJ747951,HCV,1b,100
EU781804,HCV,1a,100
KM246379,HCV,1b,100
KM246380,HCV,1b,100
AJ507162,HCV,1b,100
AJ507161,HCV,1b,100
AJ507160,HCV,1b,100
AJ507163,HCV,1b,100
AJ507166,HCV,1b,100
AJ507164,HCV,1b,100
AJ507168,HCV,1b,100
KM246384,HCV,3a,100
AJ507174,HCV,1b,100
AJ507167,HCV,1b,100
AJ507173,HCV,1b,100
AJ507165,HCV,1b,100
AJ507175,HCV,1b,100
AJ507172,HCV,1b,100
AJ507178,HCV,1b,100
AJ507177,HCV,1b,100
AJ507179,HCV,1b,100
AJ507171,HCV,1b,100
AJ507159,HCV,1b,100
KM246388,HCV,3a,100
AJ507182,HCV,1b,100
MK135174,HCV,1a,100
AJ507190,HCV,1b,100
AJ507192,HCV,1b,100
AJ507181,HCV,1b,100
AJ507176,HCV,1b,100
AJ507183,HCV,1b,100
AJ507184,HCV,1b,100
AJ507180,HCV,1b,100
AJ507185,HCV,1b,100
AJ507191,HCV,1b,100
AJ507197,HCV,1b,100
AJ507186,HCV,1b,100
AJ507188,HCV,1b,100
AJ507158,HCV,1b,100
AJ507187,HCV,1b,100
MK135171,HCV,1a,100
AJ507193,HCV,1b,100
AJ507198,HCV,1b,100
AJ507194,HCV,1b,100
AJ507199,HCV,1b,100
AJ507195,HCV,1b,100
MK135173,HCV,1a,100
MK135170,HCV,1a,100
AJ507196,HCV,1b,100
MK135215,HCV,1a,100
MK135222,HCV,1a,100
MK135216,HCV,1a,100
AJ507189,HCV,1b,100
KU180712,HCV,1a,100
KU180714,HCV,1a,100
KU180711,HCV,1b,100
MK135176,HCV,1a,100
KU180728,HCV,1b,100
MK135179,HCV,1a,100
KM102770,HCV,"unassigned_1, 1b-2k",NA
KU180726,HCV,1a,100
MK135180,HCV,1a,100
MK135182,HCV,1a,100
MK135178,HCV,1a,100
MK135177,HCV,1a,100
MK135190,HCV,1a,100
MK135181,HCV,1a,100
MK135172,HCV,1a,100
MK135187,HCV,1a,100
MK135198,HCV,1a,100
MK135191,HCV,1a,100
MK135192,HCV,1a,100
MK135175,HCV,1a,100
MK135185,HCV,1a,100
MK135195,HCV,1a,100
MK135202,HCV,1a,100
MK135193,HCV,1a,100
MK135194,HCV,1a,100
MK135203,HCV,1a,100
MK135211,HCV,1a,100
MK135214,HCV,1a,100
MK135200,HCV,1a,100
MK135206,HCV,1a,100
MK135207,HCV,1a,100
MK135209,HCV,1a,100
MK135210,HCV,1a,100
MK135217,HCV,1a,100
MK135225,HCV,1a,100
MK135213,HCV,1a,100
MK135224,HCV,1a,100
MK135218,HCV,1a,100
MK135230,HCV,1b,100
MK135232,HCV,1b,100
MK135235,HCV,1b,100
MK135237,HCV,1a,100
MK135233,HCV,1b,100
MK135208,HCV,1a,100
MK135228,HCV,1b,100
MK135245,HCV,1b,100
MK135221,HCV,1a,100
MK135229,HCV,1b,100
MK135227,HCV,1b,100
MK135231,HCV,1b,100
MK135223,HCV,1a,100
MK135220,HCV,1a,100
MK135244,HCV,1b,100
MK135252,HCV,1b,100
MK135247,HCV,1b,100
MK135240,HCV,1b,100
MK135226,HCV,1a,100
MK135243,HCV,1b,100
MK135250,HCV,1b,100
MK135241,HCV,1b,100
MK135238,HCV,1b,100
MK135246,HCV,1b,100
MK135251,HCV,1a,100
MK135248,HCV,1a,100
MK135239,HCV,1b,100
MK135257,HCV,1b,100
MK135265,HCV,1b,100
MK135267,HCV,1a,100
MK135258,HCV,1b,100
MK135269,HCV,1b,100
MK135219,HCV,1a,100
MK135263,HCV,1b,100
MK135234,HCV,1a,100
MK135242,HCV,1b,100
MK135255,HCV,1b,100
MK135253,HCV,1b,100
MK135236,HCV,1a,100
MK135259,HCV,1b,100
MK135256,HCV,1b,100
MK135254,HCV,1a,100
MK135261,HCV,1b,100
MK135260,HCV,1b,100
MK135279,HCV,1b,100
MK135280,HCV,1b,100
MK135286,HCV,3a,100
MK135249,HCV,1b,100
MK135281,HCV,1b,100
MK135270,HCV,1b,100
MK135282,HCV,3a,100
MK135287,HCV,3a,100
MK135283,HCV,3a,100
MK135290,HCV,3a,100
MK135297,HCV,3a,100
MK135291,HCV,3a,100
AB677528,HCV,"unassigned_1, 1b-2b",NA
MK135262,HCV,1b,100
MK135278,HCV,1a,100
MK135277,HCV,1b,100
MK135271,HCV,1b,100
MK135272,HCV,1b,100
MK135276,HCV,1b,100
MK135264,HCV,1b,100
MK135285,HCV,3a,100
MK135289,HCV,3a,100
MK135274,HCV,1b,100
MK135296,HCV,3a,100
MK135293,HCV,3a,100
MK135301,HCV,3a,100
MK135292,HCV,3a,100
MK135295,HCV,3a,100
MK135266,HCV,1b,100
MK135273,HCV,1b,100
MK135275,HCV,1b,100
MK135268,HCV,1b,100
KY620315,HCV,2a,100
KY620319,HCV,2a,100
KY620328,HCV,2a,100
ON123733,HCV,1b,100
AB677530,HCV,"unassigned_1, 1b-2b",NA
KM587626,HCV,5a,100
AB677531,HCV,"unassigned_1, 1b-2b",NA
AB677532,HCV,"unassigned_1, 1b-2b",NA
KM587629,HCV,6e,100
AB677529,HCV,"unassigned_1, 1b-2b",NA
KM587624,HCV,4a,100
AB677533,HCV,"unassigned_1, 1b-2b",NA
ON123736,HCV,1b,100
KM587630,HCV,6j,100
KY620322,HCV,"unassigned_1, 2a-3a",NA
KY620313,HCV,2a,100
KY620317,HCV,2a,100
KY620318,HCV,2a,100
KY620346,HCV,2b,100
KY620343,HCV,2b,100
KY620356,HCV,2b,100
KY620314,HCV,2a,100
KY620321,HCV,2a,100
KY620325,HCV,2a,100
KY620324,HCV,2a,100
KY620316,HCV,2a,100
KY620333,HCV,"unassigned_1, 2c-6h-3h",NA
KY620320,HCV,2a,100
KY620323,HCV,2a,100
KY620330,HCV,"unassigned_1, 2c-2b-3g-2b-2a",NA
KY620326,HCV,2a,100
KY620334,HCV,"unassigned_1, 2c-6h-2b",NA
KY620329,HCV,2m,100
KY620327,HCV,2a,100
KY620341,HCV,2b,100
KY620345,HCV,2b,100
KY620347,HCV,2b,100
KY620350,HCV,2b,100
KY620351,HCV,2b,100
KY620355,HCV,2b,100
KY620331,HCV,2c,100
KY620336,HCV,2b,100
KY620332,HCV,2c,100
KY620335,HCV,2b,100
KY620339,HCV,2b,100
KY620338,HCV,2b,100
KY620340,HCV,2b,100
KY620344,HCV,2b,100
KY620348,HCV,2b,100
KY620342,HCV,2b,100
KY620358,HCV,2b,100
KY620359,HCV,2b,100
KY620370,HCV,"unassigned_1, 3a-3h",NA
KY620361,HCV,2b,100
KY620373,HCV,"unassigned_1, 3a-3h",NA
KY620362,HCV,3a,100
KY620366,HCV,3a,100
KY620363,HCV,3a,100
KY620365,HCV,3a,100
KY620369,HCV,3a,100
KY620372,HCV,3a,100
KY620368,HCV,3a,100
KY620371,HCV,3a,100
KY620375,HCV,3a,100
KY620374,HCV,3a,100
KY620376,HCV,3a,100
KY620384,HCV,"unassigned_1, 3a-3h",NA
KY620400,HCV,3a,100
KY620367,HCV,3a,100
KY620397,HCV,3a,100
KY620395,HCV,3a,100
KY620401,HCV,3a,100
KY620396,HCV,3a,100
KY620394,HCV,3a,100
KY620398,HCV,3a,100
KY620414,HCV,"unassigned_1, 3a-3h",NA
KY620408,HCV,3a,100
KY620402,HCV,3a,100
KY620411,HCV,3a,100
KY620403,HCV,3a,100
KY620416,HCV,3a,100
KY620415,HCV,3a,100
KY620406,HCV,3a,100
KY620419,HCV,3a,100
KY620409,HCV,3a,100
KY620418,HCV,3a,100
KY620410,HCV,3a,100
KY620417,HCV,3a,100
KY620427,HCV,"unassigned_1, 3a-3h",NA
KY620426,HCV,3a,100
KY620423,HCV,3a,100
KY620422,HCV,3a,100
KY620428,HCV,3a,100
KY620420,HCV,3a,100
KY620424,HCV,3a,100
KY620421,HCV,3a,100
KY620429,HCV,3a,100
KY620433,HCV,3a,100
KY620438,HCV,3a,100
KY620437,HCV,"unassigned_1, 3a-3h",NA
KY620435,HCV,3a,100
KY620430,HCV,3a,100
KY620425,HCV,3a,100
KY620432,HCV,3a,100
KY620436,HCV,3a,100
KY620434,HCV,3a,100
KY620441,HCV,3a,100
KY620442,HCV,3a,100
KY620445,HCV,3a,100
KY620431,HCV,3a,100
KY620439,HCV,3a,100
KY620448,HCV,"unassigned_1, 3a-3h",NA
KY620456,HCV,"unassigned_1, 3a-3h",NA
KY620454,HCV,3a,100
KY620447,HCV,3a,100
KY620444,HCV,3a,100
KY620452,HCV,3a,100
KY620453,HCV,3a,100
KY620460,HCV,3a,100
KY620458,HCV,3a,100
KY620459,HCV,3a,100
KY620463,HCV,3a,100
KY620470,HCV,3a,100
KY620469,HCV,3a,100
KY620468,HCV,3a,100
KY620471,HCV,3a,100
KY620473,HCV,3a,100
KY620477,HCV,3a,100
KY620489,HCV,3a,100
KY620472,HCV,3a,100
KY620484,HCV,"unassigned_1, 3a-3h",NA
KY620475,HCV,3a,100
KY620474,HCV,3a,100
KY620464,HCV,3a,100
KY620466,HCV,3a,100
KY620478,HCV,3a,100
KY620481,HCV,3a,100
KY620483,HCV,3a,100
KY620486,HCV,3a,100
KY620480,HCV,3a,100
KY620476,HCV,3a,100
KY620485,HCV,3a,100
KY620492,HCV,3a,100
KY620491,HCV,3a,100
KY620495,HCV,3a,100
KY620551,HCV,3a,100
KY620490,HCV,3a,100
KY620493,HCV,3a,100
KY620541,HCV,3a,100
KY620555,HCV,3a,100
KY620553,HCV,3a,100
KY620556,HCV,3a,100
KY620496,HCV,3a,100
KY620494,HCV,3a,100
KY620497,HCV,3a,100
KY620500,HCV,3a,100
KY620498,HCV,3a,100
KY620508,HCV,"unassigned_1, 3a-3h",NA
KY620548,HCV,3a,100
KY620554,HCV,3a,100
KY620558,HCV,3a,100
KY620568,HCV,"unassigned_1, 3a-3h",NA
KY620559,HCV,3a,100
KY620557,HCV,3a,100
KY620565,HCV,3a,100
KY620562,HCV,3a,100
KY620560,HCV,3a,100
KY620567,HCV,3a,100
KY620574,HCV,"unassigned_1, 3a-3h",NA
KY620571,HCV,3a,100
KY620582,HCV,3a,100
KY620575,HCV,3a,100
KY620585,HCV,3a,100
KY620579,HCV,3a,100
KY620578,HCV,3a,100
KY620587,HCV,3a,100
KY620592,HCV,3a,100
KY620593,HCV,3a,100
KY620600,HCV,3a,100
KY620597,HCV,3a,100
KY620596,HCV,3a,100
KY620595,HCV,3a,100
KY620606,HCV,"unassigned_1, 3a-3h",NA
KY620601,HCV,3a,100
KY620612,HCV,3a,100
KY620617,HCV,3a,100
KY620614,HCV,3a,100
KY620615,HCV,3a,100
KY620616,HCV,3a,100
KY620623,HCV,3a,100
KY620622,HCV,3a,100
KY620621,HCV,3a,100
KY620561,HCV,3a,100
KY620566,HCV,3a,100
KY620580,HCV,"unassigned_1, 3a-3h",NA
KY620576,HCV,3a,100
KY620573,HCV,3a,100
KY620570,HCV,3a,100
KY620581,HCV,3a,100
KY620586,HCV,3a,100
KY620607,HCV,3a,100
KY620608,HCV,3a,100
KY620610,HCV,3a,100
KY620604,HCV,3a,100
KY620609,HCV,3a,100
KY620618,HCV,3a,100
KY620613,HCV,3a,100
KY620619,HCV,3a,100
KY620626,HCV,3a,100
KY620564,HCV,3a,100
KY620627,HCV,3a,100
KY620625,HCV,3a,100
KY620630,HCV,3a,100
KY620563,HCV,3a,100
KY620633,HCV,3a,100
KY620632,HCV,3a,100
KY620644,HCV,3a,100
KY620641,HCV,"unassigned_1, 3a-3h",NA
KY620634,HCV,3a,100
KY620636,HCV,3a,100
KY620635,HCV,3a,100
KY620629,HCV,3a,100
KY620642,HCV,3a,100
KY620637,HCV,3a,100
KY620639,HCV,3a,100
KY620624,HCV,3a,100
KY620620,HCV,3a,100
KY620628,HCV,3a,100
KY620631,HCV,3a,100
KY620643,HCV,3a,100
KY620638,HCV,3a,100
KY620648,HCV,3a,100
KY620646,HCV,3a,100
KY620718,HCV,3a,100
KY620650,HCV,3a,100
KY620645,HCV,3a,100
KY620653,HCV,3a,100
KY620720,HCV,3a,100
KY620724,HCV,"unassigned_1, 3a-3h",NA
KY620719,HCV,3a,100
KY620723,HCV,3a,100
KY620725,HCV,3a,100
KY620726,HCV,3a,100
KY620729,HCV,3a,100
KY620731,HCV,3a,100
PV184565,HCV,1a,100
PV184564,HCV,1a,100
PV184563,HCV,3a,100
PV184568,HCV,3a,100
PV184560,HCV,1a,100
PV184561,HCV,3a,100
PV184570,HCV,3a,100
PV184566,HCV,1a,100
PV184567,HCV,3a,100
MW629116,HCV,6l,100
KJ747859,HCV,1a,100
KJ747860,HCV,1a,100
PV184571,HCV,1a,100
KJ747872,HCV,1a,100
KJ747889,HCV,1a,100
DQ889263,HCV,1a,100
DQ889276,HCV,1a,100
KJ747897,HCV,1a,100
DQ889264,HCV,1a,100
KJ747896,HCV,1a,100
KJ747930,HCV,1b,100
KJ747942,HCV,1b,100
KJ747945,HCV,1b,100
KJ747936,HCV,1b,100
KJ747943,HCV,1b,100
KJ747941,HCV,1b,100
EU781763,HCV,1a,100
EU781772,HCV,1a,100
EU781774,HCV,1a,100
EU781771,HCV,1a,100
EU781775,HCV,1a,100
EU781773,HCV,1a,100
KU871277,HCV,2b,100
KM246390,HCV,3a,100
KM246383,HCV,3a,100
AJ507157,HCV,1b,100
AJ507169,HCV,1b,100
AJ507170,HCV,1b,100
KU180727,HCV,1a,100
KU180730,HCV,2b,100
KU180731,HCV,1b,100
MK135189,HCV,1a,100
MK135188,HCV,1a,100
MK135183,HCV,1a,100
KU180729,HCV,2b,100
KM102768,HCV,"unassigned_1, 1b-2a-2k",NA
AB677527,HCV,"unassigned_1, 1b-2b",NA
ON123731,HCV,1a,100
KM587621,HCV,2j,100
KM587620,HCV,2c,100
KM587622,HCV,3a,100
ON123730,HCV,1a,100
ON123734,HCV,1b,100
ON123735,HCV,1b,100
KM587617,HCV,2b,100
ON123732,HCV,1b,100
KY620337,HCV,2b,100
KY620349,HCV,2b,100
KY620354,HCV,2b,100
KY620357,HCV,2b,100
KY620407,HCV,3a,100
KY620405,HCV,3a,100
KY620413,HCV,3a,100
KY620412,HCV,3a,100
KY620443,HCV,3a,100
KY620446,HCV,3a,100
KY620440,HCV,3a,100
KY620451,HCV,3a,100
KY620449,HCV,3a,100
KY620455,HCV,3a,100
KY620450,HCV,3a,100
KY620461,HCV,3a,100
KY620457,HCV,3a,100
KY620462,HCV,3a,100
KY620465,HCV,3a,100
KY620467,HCV,3a,100
KY620479,HCV,3a,100
KY620487,HCV,3a,100
KY620482,HCV,3a,100
KY620488,HCV,3a,100
KY620501,HCV,3a,100
KY620547,HCV,3a,100
KY620550,HCV,3a,100
KY620603,HCV,3a,100
KY620605,HCV,3a,100
KY620602,HCV,3a,100
KY620611,HCV,3a,100
KY620572,HCV,3a,100
KY620569,HCV,3a,100
KY620577,HCV,3a,100
KY620584,HCV,3a,100
KY620583,HCV,3a,100
KY620590,HCV,3a,100
KY620589,HCV,3a,100
KY620588,HCV,3a,100
KY620594,HCV,3a,100
KY620599,HCV,3a,100
KY620598,HCV,3a,100
KY620591,HCV,3a,100
KY620640,HCV,3a,100
KY620727,HCV,3a,100
KY620722,HCV,3a,100
KY620730,HCV,3a,100
KY620732,HCV,3a,100
KY620728,HCV,3a,100
PV184522,HCV,1a,100
PV184515,HCV,1a,100
PV184518,HCV,1a,100
PV184516,HCV,1a,100
PV184523,HCV,1a,100
PV184517,HCV,3a,100
PV184519,HCV,1a,100
PV184520,HCV,3a,100
PV184534,HCV,3a,100
PV184535,HCV,3a,100
PV184540,HCV,1a,100
PV184537,HCV,1a,100
PV184536,HCV,3a,100
PV184531,HCV,3a,100
PV184538,HCV,3a,100
PV184541,HCV,1a,100
PV184539,HCV,3a,100
PV184542,HCV,3a,100
PV184549,HCV,3a,100
PV184544,HCV,1a,100
PV184548,HCV,3a,100
PV184547,HCV,3a,100
PV184550,HCV,1a,100
PV184546,HCV,3a,100
PV184558,HCV,"unassigned_1, 1a-2b",NA
PV184551,HCV,3a,100
PV184545,HCV,1a,100
PV184553,HCV,1a,100
PV184562,HCV,"unassigned_1, 1a-2b",NA
PV184552,HCV,1a,100
PV184555,HCV,3a,100
PV184559,HCV,1a,100
PV184557,HCV,1a,100
PV184554,HCV,1a,100
PV184569,HCV,"unassigned_1, 1a-2b",NA
PV184556,HCV,3a,100
PX468919,HCV,1b,100
ON630794,HCV,1a,100
ON630793,HCV,1a,100
ON630797,HCV,1a,100
ON630795,HCV,1a,100
ON630796,HCV,1a,100
ON630799,HCV,1a,100
ON630802,HCV,1a,100
ON630800,HCV,1a,100
ON630801,HCV,1a,100
ON630803,HCV,1a,100
ON630806,HCV,1a,100
ON630805,HCV,1a,100
ON630804,HCV,1a,100
ON630807,HCV,1a,100
ON630798,HCV,1a,100
ON630808,HCV,1a,100
ON630810,HCV,1a,100
ON630809,HCV,1a,100
ON630813,HCV,1a,100
ON630811,HCV,1a,100
ON630812,HCV,1a,100
ON630815,HCV,1a,100
ON630816,HCV,1a,100
HQ537009,HCV,4v,100
HQ537007,HCV,1b,100
LC650200,HCV,1g,100
HQ537008,HCV,4v,100
EF407428,HCV,1a,100
KY620850,HCV,3a,100
KY620848,HCV,3a,100
KY620851,HCV,3a,100
KY620854,HCV,3a,100
KY620852,HCV,3a,100
KY620853,HCV,3a,100
KY620859,HCV,3a,100
KY620849,HCV,3a,100
KY620858,HCV,3a,100
KY620855,HCV,3a,100
KY620861,HCV,3a,100
KY620868,HCV,"unassigned_1, 3a-2b",NA
KY620856,HCV,3a,100
KY620862,HCV,3a,100
KY620857,HCV,3a,100
KY620872,HCV,"unassigned_1, 3b-3h",NA
KY620866,HCV,3a,100
KY620875,HCV,"unassigned_1, 3b-3a",NA
KY620870,HCV,3b,100
KY620864,HCV,3a,100
KY620863,HCV,3a,100
KY620876,HCV,3g,100
KY620878,HCV,3i,100
KY620873,HCV,3b,100
KY620879,HCV,3g,100
ON630783,HCV,1a,100
ON630776,HCV,1a,100
ON630780,HCV,1a,100
ON630779,HCV,1a,100
ON630784,HCV,1a,100
ON630836,HCV,1a,100
ON630835,HCV,1a,100
ON630837,HCV,1a,100
ON630834,HCV,1a,100
KX621427,HCV,1a,100
KX621426,HCV,3a,100
KX621423,HCV,1a,100
KX621425,HCV,1a,100
KX621430,HCV,1a,100
KX621422,HCV,1a,100
KX621428,HCV,3a,100
KX621429,HCV,3a,100
KX621434,HCV,3a,100
KX621433,HCV,3a,100
KX621432,HCV,3a,100
KX621437,HCV,1a,100
KX621436,HCV,1a,100
KX621435,HCV,1a,100
KX621440,HCV,1a,100
KX621431,HCV,3a,100
KX621438,HCV,1a,100
KX621442,HCV,1a,100
KX621439,HCV,1a,100
KX621445,HCV,1a,100
KX621441,HCV,3a,100
KX621447,HCV,3a,100
KX621443,HCV,1a,100
KX621448,HCV,1a,100
KX621455,HCV,1a,100
KX621451,HCV,1a,100
KX621453,HCV,3a,100
KX621444,HCV,1a,100
KX621452,HCV,1a,100
KX621450,HCV,1a,100
KX621454,HCV,3a,100
KX621449,HCV,1a,100
KX621446,HCV,1a,100
KX621457,HCV,1a,100
KX621458,HCV,1a,100
KX621456,HCV,1a,100
KX621459,HCV,1a,100
KX621461,HCV,1a,100
KX621466,HCV,1a,100
KX621460,HCV,1a,100
KX621467,HCV,1a,100
KX621496,HCV,3a,100
KX621498,HCV,3a,100
KX621495,HCV,1a,100
KX621497,HCV,3a,100
KX621500,HCV,1a,100
KX621499,HCV,3a,100
KX621501,HCV,3a,100
KX621503,HCV,3a,100
OM525858,HCV,2a,67
OM525860,HCV,2d,100
OM525874,HCV,2d,100
OM525861,HCV,2d,100
OM525883,HCV,1b,100
OM525878,HCV,2a,96
OM525882,HCV,1b,100
OM525881,HCV,2d,100
OM525886,HCV,2d,100
OM525877,HCV,2j,78
OM525899,HCV,"unassigned_1, 2b-1b",NA
OM525880,HCV,2b,100
OM525879,HCV,2j,100
OM525884,HCV,2q,60
OM525908,HCV,"unassigned_1, 2d-2a",NA
OM525898,HCV,2d,100
OM525893,HCV,2a,99
OM525887,HCV,2d,100
OM525901,HCV,2a,80
OM525900,HCV,2j,96
OM525905,HCV,2j,54
OM525904,HCV,2q,99
OM525907,HCV,2d,100
OM525910,HCV,2d,100
D50483,HCV,1b,100
D50481,HCV,1b,100
D50480,HCV,1b,100
KC248194,HCV,1e,100
KC248193,HCV,1l,100
KC248196,HCV,1l,100
KC248195,HCV,1l,100
KC248197,HCV,1l,100
KC248199,HCV,1h,100
KC248198,HCV,1h,100
KY620842,HCV,3a,100
KY620733,HCV,3a,100
KY620844,HCV,3a,100
KY620843,HCV,3a,100
KY620846,HCV,3a,100
KY620845,HCV,3a,100
KY620860,HCV,"unassigned_1, 3a-2b",NA
KY620847,HCV,3a,100
KY620871,HCV,3b,100
KY620867,HCV,3a,100
KY620865,HCV,3a,100
KY620880,HCV,"unassigned_1, 1a-2b",NA
KY620869,HCV,3b,100
ON630763,HCV,1a,100
KY620874,HCV,3b,100
ON630765,HCV,1a,100
ON630764,HCV,1a,100
KY620877,HCV,3g,100
ON630766,HCV,1a,100
ON630770,HCV,1a,100
ON630771,HCV,1a,100
ON630768,HCV,1a,100
ON630769,HCV,1a,100
ON630767,HCV,1a,100
ON630773,HCV,1a,100
ON630774,HCV,1a,100
ON630772,HCV,1a,100
ON630775,HCV,1a,100
ON630778,HCV,1a,100
ON630777,HCV,1a,100
ON630782,HCV,1a,100
ON630785,HCV,1a,100
ON630781,HCV,1a,100
ON630789,HCV,1a,100
ON630790,HCV,1a,100
ON630787,HCV,1a,100
PX468920,HCV,1b,100
ON630841,HCV,1a,100
ON630858,HCV,1a,100
ON630844,HCV,1a,100
ON630849,HCV,1a,100
ON630847,HCV,1a,100
ON630852,HCV,1a,100
ON630855,HCV,1a,100
ON630854,HCV,1a,100
ON630859,HCV,1a,100
ON630857,HCV,1a,100
ON630860,HCV,1a,100
ON630856,HCV,1a,100
ON630862,HCV,1a,100
ON630861,HCV,1a,100
ON630864,HCV,1a,100
ON630865,HCV,1a,100
ON630876,HCV,4d,100
ON630878,HCV,4d,100
ON630875,HCV,4d,100
ON630877,HCV,4d,100
ON630886,HCV,4d,100
ON630885,HCV,4d,100
ON630890,HCV,4d,100
ON630891,HCV,4d,100
ON630899,HCV,4d,100
KC844039,HCV,6w,97
KC844038,HCV,6a,100
PX468913,HCV,1a,100
KC844040,HCV,6w,99
PX468912,HCV,1a,100
KC844041,HCV,3a,100
PX468915,HCV,1a,100
PX468931,HCV,3a,100
KC844052,HCV,"unassigned_1, 1b-3h",NA
KC844045,HCV,4d,100
KC844047,HCV,1c,100
KC844043,HCV,2a,100
ON630863,HCV,1a,100
ON630871,HCV,4d,100
ON630872,HCV,4d,100
ON630870,HCV,4d,100
ON630873,HCV,4d,100
ON630867,HCV,1a,100
ON630868,HCV,1a,100
ON630866,HCV,1a,100
ON630874,HCV,4d,100
ON630881,HCV,4d,100
ON630893,HCV,4d,100
ON630894,HCV,4d,100
ON630896,HCV,4d,100
ON630895,HCV,4d,100
ON630900,HCV,4d,100
PX468918,HCV,1b,100
PX468916,HCV,1a,100
PX468917,HCV,1a,100
PX468922,HCV,1b,100
PX468921,HCV,1b,100
KC844042,HCV,2j,100
PX468930,HCV,3a,100
PX468928,HCV,3a,100
KC844049,HCV,1a,100
KC844044,HCV,3b,100
KC844050,HCV,2j,97
KX621424,HCV,1a,100
KX621465,HCV,1a,100
KX621471,HCV,1a,100
KX621464,HCV,1a,100
KX621463,HCV,1a,100
KX621469,HCV,3a,100
KX621468,HCV,1a,100
KX621470,HCV,3a,100
KX621473,HCV,1a,100
KX621462,HCV,1a,100
KX621476,HCV,3a,100
KX621482,HCV,1a,100
KX621483,HCV,3a,100
KX621481,HCV,3a,100
KX621480,HCV,3a,100
KX621486,HCV,3a,100
KX621489,HCV,3a,100
KX621474,HCV,1a,100
KX621484,HCV,1a,100
KX621491,HCV,3a,100
KX621493,HCV,1a,100
KX621529,HCV,1a,100
KX621487,HCV,3a,100
KX621520,HCV,1a,100
KX621521,HCV,1a,100
KX621522,HCV,3a,100
KX621533,HCV,1a,100
KX621536,HCV,1a,100
KX621538,HCV,1a,100
KX621523,HCV,1a,100
KX621526,HCV,1a,100
KX621525,HCV,1a,100
KX621527,HCV,3a,100
KX621532,HCV,1a,100
KX621537,HCV,3a,100
KX621539,HCV,3a,100
KX621542,HCV,1a,100
KX621544,HCV,1a,100
KJ439768,HCV,1b,100
KX621543,HCV,1a,100
KJ439767,HCV,1c,100
KJ439770,HCV,1g,100
KJ439775,HCV,1a,100
KJ439772,HCV,1b,100
KJ439777,HCV,1a,100
OM525855,HCV,"unassigned_1, 2a-2k",NA
KX621531,HCV,3a,100
KX621530,HCV,3a,100
KJ439776,HCV,1l,100
KJ439774,HCV,1a,100
KJ439769,HCV,1e,100
KJ439778,HCV,1a,100
KJ439780,HCV,1a,100
KJ439781,HCV,1a,100
KJ439782,HCV,1a,100
KF667794,HCV,1a,100
OM525857,HCV,2d,100
KJ439779,HCV,1b,99
OM525867,HCV,1b,100
KF667788,HCV,1a,100
KF667790,HCV,1a,100
KF667795,HCV,1a,100
OM525870,HCV,2d,100
KF667796,HCV,1a,100
KF667789,HCV,1a,100
KF667792,HCV,1a,100
KF667791,HCV,1a,100
KF667805,HCV,1a,100
AB285040,HCV,1b,100
KF667807,HCV,1a,100
KF667793,HCV,1a,100
KF667799,HCV,1a,100
KF667800,HCV,1a,100
KF667801,HCV,1a,100
KF667803,HCV,1a,100
KF667802,HCV,1a,100
KF667806,HCV,1a,100
KF667804,HCV,1a,100
AB285041,HCV,1b,100
KF667797,HCV,1a,100
AB285046,HCV,1b,100
AB285042,HCV,1b,100
KF667798,HCV,1a,100
AB285044,HCV,1b,100
AB285047,HCV,1b,100
AB285043,HCV,1b,100
AB285045,HCV,1b,100
AB285050,HCV,1b,100
AB285053,HCV,1b,100
AB285049,HCV,1b,100
AB285058,HCV,1b,100
AB285055,HCV,1b,100
AB285051,HCV,1b,100
AB285059,HCV,1b,100
AB285060,HCV,1b,100
AB285063,HCV,1b,100
AB285052,HCV,1b,100
AB285057,HCV,1b,100
AB285056,HCV,1b,100
AB285048,HCV,1b,100
AB285054,HCV,1b,100
AB285064,HCV,1b,100
KF667810,HCV,1a,100
KF667808,HCV,1a,100
KF667809,HCV,1a,100
KF667813,HCV,1a,100
KF667815,HCV,1a,100
KF667812,HCV,1a,100
KF667818,HCV,1a,100
KF667819,HCV,1a,100
KF667851,HCV,1b,100
AB285062,HCV,1b,100
KF667852,HCV,1b,100
KF667850,HCV,1b,100
KF667816,HCV,1a,100
KF667857,HCV,1b,100
KF667863,HCV,1b,100
KF667853,HCV,1b,100
KF667855,HCV,1b,100
KF667860,HCV,1b,100
KF667854,HCV,1b,100
KF667864,HCV,1b,100
KF667856,HCV,1b,100
KF667862,HCV,1b,100
KF667870,HCV,1b,100
KF667872,HCV,1b,100
KF667817,HCV,1a,100
KF667866,HCV,1b,100
KF667876,HCV,1b,100
KF667867,HCV,1b,100
KF667859,HCV,1b,100
KF667871,HCV,1b,100
KF667868,HCV,1b,100
KF667877,HCV,1b,100
KF667879,HCV,1b,100
KF667858,HCV,1b,100
HQ850290,HCV,1a,100
KF667878,HCV,1b,100
KF667873,HCV,1b,100
KF667875,HCV,1b,100
KF667874,HCV,1b,100
GU451222,HCV,1b,100
HQ850287,HCV,1a,100
GU451223,HCV,1b,100
HQ850284,HCV,1a,100
HQ850289,HCV,1a,100
HQ850288,HCV,1a,100
GU451220,HCV,1b,100
GU451219,HCV,1b,100
AF165048,HCV,1b,100
AF165052,HCV,1b,100
AF165047,HCV,1b,100
AF165054,HCV,1b,100
GU451224,HCV,1b,100
AF165046,HCV,1b,100
AF165050,HCV,1b,100
AY240968,HCV,1b,100
AY240969,HCV,1b,100
AB285039,HCV,1b,100
MG953813,HCV,1a,100
MG953816,HCV,1a,100
MG953818,HCV,1a,100
MG953821,HCV,1a,100
MG953819,HCV,1a,100
KF667869,HCV,1b,100
AY240966,HCV,1b,100
AY240965,HCV,1b,100
AF165053,HCV,1b,100
AY240967,HCV,1b,100
AF165055,HCV,1b,100
AF165060,HCV,1b,100
AF165062,HCV,1b,100
AB285036,HCV,1b,100
AB285037,HCV,1b,100
D14853,HCV,1c,100
AF165058,HCV,1b,100
AB285038,HCV,1b,100
AF165064,HCV,1b,100
MG953814,HCV,1a,100
MG953820,HCV,1a,100
MG953815,HCV,1a,100
MG953825,HCV,1a,100
MG953827,HCV,1a,100
MG953822,HCV,1a,100
MG953824,HCV,1a,100
MG953823,HCV,1a,100
MG953817,HCV,1a,100
MG953826,HCV,1a,100
MG953828,HCV,1a,100
AB354117,HCV,1b,100
AB354118,HCV,1b,100
AB518774,HCV,1b,100
AB518778,HCV,1b,100
AB518781,HCV,1b,100
AB354116,HCV,1b,100
AB518775,HCV,1b,100
AF165061,HCV,1b,100
AB518776,HCV,1b,100
AB518777,HCV,1b,100
AB518782,HCV,1b,100
AB518783,HCV,1b,100
AB518784,HCV,1b,100
GU451221,HCV,1b,100
AB518780,HCV,1b,100
AB518779,HCV,1b,100
AF165045,HCV,1b,100
AB518791,HCV,1b,100
AB518790,HCV,1b,100
AF165051,HCV,1b,100
AF165049,HCV,1b,100
AB518785,HCV,1b,100
AB518789,HCV,1b,100
AB518786,HCV,1b,100
AB518788,HCV,1b,100
AB518787,HCV,1b,100
AB518795,HCV,1b,100
AB518793,HCV,1b,100
HQ908284,HCV,1b,100
AB518794,HCV,1b,100
HQ908282,HCV,1b,100
HQ908331,HCV,1b,100
HQ908286,HCV,1b,100
HQ908291,HCV,1b,100
HQ908293,HCV,1b,100
HQ908297,HCV,1b,100
HQ908301,HCV,1b,100
HQ908294,HCV,1b,100
HQ908296,HCV,1b,100
HQ908300,HCV,1b,100
HQ908320,HCV,1b,100
HQ908322,HCV,1b,100
HQ908317,HCV,1b,100
HQ908318,HCV,1b,100
HQ908321,HCV,1b,100
HQ908325,HCV,1b,100
HQ908326,HCV,1b,100
HQ908324,HCV,1b,100
HQ908330,HCV,1b,100
HQ908292,HCV,1b,100
HQ908298,HCV,1b,100
HQ908304,HCV,1b,100
HQ908305,HCV,1b,100
HQ908306,HCV,1b,100
HQ908302,HCV,1b,100
HQ908307,HCV,1b,100
HQ908299,HCV,1b,100
HQ908311,HCV,1b,100
HQ908310,HCV,1b,100
HQ908314,HCV,1b,100
HQ908319,HCV,1b,100
HQ908309,HCV,1b,100
HQ908332,HCV,1b,100
HQ908334,HCV,1b,100
HQ908328,HCV,1b,100
HQ908338,HCV,1b,100
HQ908333,HCV,1b,100
HQ908337,HCV,1b,100
HQ908335,HCV,1b,100
HQ908340,HCV,1b,100
HQ908354,HCV,1b,100
HQ908339,HCV,1b,100
HQ908347,HCV,1b,100
HQ908342,HCV,1b,100
HQ908344,HCV,1b,100
HQ908345,HCV,1b,100
HQ908355,HCV,1b,100
KM277571,HCV,1b,100
HQ908341,HCV,1b,100
HQ908352,HCV,1b,100
HQ908350,HCV,1b,100
HQ908343,HCV,1b,100
HQ908351,HCV,1b,100
HQ908349,HCV,1b,100
HQ908359,HCV,1b,100
KM277569,HCV,1b,100
KM277568,HCV,1b,100
KM277570,HCV,1b,100
KM277572,HCV,1b,100
HQ908357,HCV,1b,100
KM277577,HCV,1b,100
KM277573,HCV,1b,100
KM277578,HCV,1b,100
HQ908356,HCV,1b,100
KM277574,HCV,1b,100
KM277579,HCV,1b,100
HQ908358,HCV,1b,100
PX091937,HCV,2a,100
LC435022,HCV,1b,100
LC435026,HCV,1b,100
LC435021,HCV,6a,100
EU362910,HCV,1a,100
LC435023,HCV,6e,100
LC435029,HCV,1b,100
LC435028,HCV,6r,100
LC435030,HCV,1b,100
EF407413,HCV,1a,100
HM746812,HCV,1a,100
HM746815,HCV,1a,100
HM746809,HCV,1a,100
HM746820,HCV,1b,100
AB285066,HCV,1b,100
HM746826,HCV,1b,100
AB285068,HCV,1b,100
HM746825,HCV,1b,100
AB285070,HCV,1b,100
HM746827,HCV,1b,100
AB285067,HCV,1b,100
AB285072,HCV,1b,100
AB285074,HCV,1b,100
AB285075,HCV,1b,100
AB285076,HCV,1b,100
HM746829,HCV,1b,100
AB285080,HCV,1b,100
AB285071,HCV,1b,100
AB285069,HCV,1b,100
AB285079,HCV,1b,100
PX091938,HCV,1b,100
KF420500,HCV,1b,100
KF420497,HCV,1b,100
KF420505,HCV,1b,100
KM277575,HCV,1b,100
HM746803,HCV,1a,100
HM746805,HCV,1a,100
HM746814,HCV,1a,100
PX445001,HCV,"unassigned_1, 1h-4f",NA
HM746808,HCV,1a,100
HM746811,HCV,1a,100
HM746816,HCV,1a,100
HM746807,HCV,1a,100
HM746817,HCV,1a,100
HM746821,HCV,1b,100
HM746828,HCV,1b,100
HM746819,HCV,1b,100
EF407502,HCV,1b,100
AB285065,HCV,1b,100
HM746823,HCV,1b,100
EF407504,HCV,1b,100
EF407493,HCV,1b,100
AB285073,HCV,1b,100
KF420498,HCV,1b,100
MG953810,HCV,1a,100
MG953811,HCV,1a,100
KF420513,HCV,1b,100
KY620747,HCV,3a,100
ON630817,HCV,1a,100
ON630821,HCV,1a,100
ON630819,HCV,1a,100
ON630814,HCV,1a,100
ON630818,HCV,1a,100
ON630820,HCV,1a,100
ON630822,HCV,1a,100
ON630823,HCV,1a,100
ON630826,HCV,1a,100
ON630824,HCV,1a,100
ON630825,HCV,1a,100
ON630828,HCV,1a,100
ON630827,HCV,1a,100
ON630829,HCV,1a,100
ON630831,HCV,1a,100
ON630832,HCV,1a,100
ON630830,HCV,1a,100
D50482,HCV,1b,100
D50485,HCV,1b,100
D50484,HCV,1b,100
HQ850281,HCV,1a,100
HQ850280,HCV,1a,100
HQ850285,HCV,1a,100
HQ850283,HCV,1a,100
HQ850279,HCV,1a,100
HQ850282,HCV,1a,100
HQ850286,HCV,1a,100
HQ850278,HCV,1a,100
GU451218,HCV,1b,100
KF420494,HCV,1b,100
EF407429,HCV,1a,100
EF407430,HCV,1a,100
EF407431,HCV,1a,100
EF407433,HCV,1a,100
EF407436,HCV,1a,100
EF407434,HCV,1a,100
EF407432,HCV,1a,100
EF407435,HCV,1a,100
HM746832,HCV,1b,100
HM746831,HCV,1b,100
HM746830,HCV,1b,100
ON630786,HCV,1a,100
ON630792,HCV,1a,100
ON630788,HCV,1a,100
ON630791,HCV,1a,100
ON630833,HCV,1a,100
ON630838,HCV,1a,100
ON630839,HCV,1a,100
ON630840,HCV,1a,100
ON630842,HCV,1a,100
ON630843,HCV,1a,100
ON630845,HCV,1a,100
ON630848,HCV,1a,100
ON630853,HCV,1a,100
ON630851,HCV,1a,100
ON630850,HCV,1a,100
ON630846,HCV,1a,100
ON630869,HCV,1a,100
ON630879,HCV,4d,100
ON630882,HCV,4d,100
ON630883,HCV,4d,100
ON630884,HCV,4d,100
ON630888,HCV,4d,100
ON630887,HCV,4d,100
ON630880,HCV,4d,100
ON630889,HCV,4d,100
ON630892,HCV,4d,100
ON630898,HCV,4d,100
ON630897,HCV,4d,100
KC844037,HCV,6a,100
PX468914,HCV,1a,100
PX468923,HCV,1b,100
PX468925,HCV,1a,100
PX468924,HCV,1a,100
PX468927,HCV,3a,100
PX468929,HCV,3a,100
PX468926,HCV,1b,100
PX468932,HCV,3a,100
PX468933,HCV,3a,100
KF420512,HCV,1b,100
AB285077,HCV,1b,100
AB285081,HCV,1b,100
PX091939,HCV,3a,100
KF420492,HCV,1b,100
EF407414,HCV,1a,100
KC844048,HCV,2b,100
KC844046,HCV,5a,100
KC844051,HCV,"unassigned_1, 1b-3h",NA
EF407415,HCV,1a,100
KX621477,HCV,3a,100
KX621478,HCV,3a,100
KX621475,HCV,3a,100
KX621472,HCV,3a,100
KX621479,HCV,3a,100
KY620762,HCV,3a,100
KY620752,HCV,3a,100
KY620765,HCV,3a,100
KY620758,HCV,3a,100
KY620768,HCV,3a,100
KY620766,HCV,3a,100
KY620769,HCV,3a,100
KY620764,HCV,3a,100
KY620761,HCV,3a,100
KY620771,HCV,3a,100
KY620774,HCV,3a,100
KY620767,HCV,3a,100
KX621485,HCV,1a,100
KX621494,HCV,3a,100
KX621490,HCV,3a,100
KX621492,HCV,3a,100
KX621505,HCV,1a,100
KX621504,HCV,1a,100
KX621502,HCV,3a,100
KX621509,HCV,1a,100
KX621508,HCV,3a,100
KX621514,HCV,1a,100
KX621524,HCV,1a,100
KX621488,HCV,3a,100
KX621506,HCV,3a,100
KX621511,HCV,1a,100
KX621512,HCV,1a,100
KX621507,HCV,3a,100
KX621515,HCV,1a,100
KX621513,HCV,3a,100
KX621517,HCV,1a,100
KX621518,HCV,3a,100
KX621510,HCV,1a,100
KX621516,HCV,3a,100
KX621519,HCV,3a,100
KX621528,HCV,1a,100
KX621535,HCV,1a,100
KX621534,HCV,3a,100
KX621541,HCV,3a,100
KX621540,HCV,1a,100
KJ439771,HCV,1h,100
KY620776,HCV,3a,100
KY620775,HCV,3a,100
KY620772,HCV,3a,100
KY620779,HCV,3a,100
KY620773,HCV,3a,100
KY620777,HCV,3a,100
KY620780,HCV,3a,100
KY620781,HCV,3a,100
KY620770,HCV,3a,100
KY620783,HCV,3a,100
KY620790,HCV,"unassigned_1, 3a-3h",NA
KY620791,HCV,"unassigned_1, 3a-3h",NA
KY620784,HCV,3a,100
KY620782,HCV,3a,100
KY620778,HCV,3a,100
KY620787,HCV,3a,100
KY620786,HCV,3a,100
KY620785,HCV,3a,100
KY620788,HCV,3a,100
KY620792,HCV,3a,100
KY620796,HCV,3a,100
KY620793,HCV,3a,100
KY620789,HCV,3a,100
KY620797,HCV,3a,100
KY620794,HCV,3a,100
KY620795,HCV,3a,100
KY620801,HCV,"unassigned_1, 3a-3h",NA
KY620800,HCV,3a,100
KY620803,HCV,3a,100
KY620804,HCV,3a,100
KY620811,HCV,"unassigned_1, 3a-3h",NA
KY620798,HCV,3a,100
KY620802,HCV,3a,100
KY620805,HCV,3a,100
KY620799,HCV,3a,100
KY620806,HCV,3a,100
KY620807,HCV,3a,100
KY620815,HCV,3a,100
KY620808,HCV,3a,100
KY620810,HCV,3a,100
KY620814,HCV,3a,100
KY620824,HCV,"unassigned_1, 3a-3h",NA
KY620809,HCV,3a,100
KY620820,HCV,3a,100
KY620821,HCV,3a,100
KY620823,HCV,"unassigned_1, 3a-3h",NA
KY620812,HCV,3a,100
KJ439773,HCV,1a,100
AB285061,HCV,1b,100
KF667811,HCV,1a,100
KF667814,HCV,1a,100
KF667861,HCV,1b,100
KF667865,HCV,1b,100
AF165059,HCV,1b,100
AF165056,HCV,1b,100
AB285035,HCV,1b,100
AF165063,HCV,1b,100
AF165057,HCV,1b,100
HQ908285,HCV,1b,100
HQ908283,HCV,1b,100
HQ908290,HCV,1b,100
HQ908289,HCV,1b,100
HQ908288,HCV,1b,100
HQ908287,HCV,1b,100
HQ908295,HCV,1b,100
HQ908303,HCV,1b,100
HQ908308,HCV,1b,100
HQ908312,HCV,1b,100
HQ908316,HCV,1b,100
HQ908313,HCV,1b,100
HQ908315,HCV,1b,100
HQ908329,HCV,1b,100
HQ908327,HCV,1b,100
HQ908323,HCV,1b,100
HQ908336,HCV,1b,100
HQ908346,HCV,1b,100
HQ908348,HCV,1b,100
HQ908353,HCV,1b,100
KM277576,HCV,1b,100
EU362877,HCV,1a,100
KM277580,HCV,1b,100
EU362879,HCV,1a,100
KM277581,HCV,1b,100
EU362876,HCV,1a,100
EU362881,HCV,1a,100
EU362882,HCV,1a,100
EU362878,HCV,1a,100
EU362883,HCV,1a,100
EU362887,HCV,1a,100
EU362880,HCV,1a,100
EU362889,HCV,1a,100
EU362886,HCV,1a,100
EU362885,HCV,1a,100
EU362888,HCV,1a,100
EU362890,HCV,1a,100
EU362894,HCV,1a,100
EU362892,HCV,1a,100
EU362891,HCV,1a,100
EU362897,HCV,1a,100
EU362893,HCV,1a,100
EU362898,HCV,1a,100
EU362896,HCV,1a,100
EU362903,HCV,1a,100
EU362904,HCV,1a,100
EU362901,HCV,1a,100
EU362884,HCV,1a,100
EU362899,HCV,1a,100
EU362895,HCV,1a,100
DQ364460,HCV,"unassigned_1, 1b-2b",NA
EU362905,HCV,1a,100
EU362900,HCV,1a,100
EU362906,HCV,1a,100
EU362907,HCV,1a,100
EU362908,HCV,1a,100
EU362911,HCV,1a,100
EU362902,HCV,1a,100
EU362909,HCV,1a,100
LC435025,HCV,1b,100
LC435024,HCV,6r,100
LC435027,HCV,6e,100
KY620818,HCV,3a,100
KY620817,HCV,3a,100
KY620819,HCV,3a,100
KY620813,HCV,3a,100
KY620825,HCV,3a,100
KY620816,HCV,3a,100
KY620822,HCV,3a,100
KY620826,HCV,3a,100
KY620827,HCV,3a,100
KY620832,HCV,"unassigned_1, 3a-3h",NA
KY620829,HCV,3a,100
KY620828,HCV,3a,100
KY620835,HCV,3a,100
KY620836,HCV,"unassigned_1, 3a-3h",NA
KY620834,HCV,3a,100
KY620830,HCV,3a,100
KY620833,HCV,3a,100
KY620831,HCV,3a,100
KY620838,HCV,3a,100
KY620837,HCV,3a,100
KY620840,HCV,3a,100
KY620839,HCV,3a,100
KY620841,HCV,3a,100
EF407411,HCV,1a,100
EF407412,HCV,1a,100
EF407419,HCV,1a,100
EF407416,HCV,1a,100
EF407420,HCV,1a,100
EF407421,HCV,1a,100
EF407422,HCV,1a,100
EF407424,HCV,1a,100
EF407417,HCV,1a,100
EF407418,HCV,1a,100
EF407426,HCV,1a,100
EF407425,HCV,1a,100
EF407423,HCV,1a,100
EF407427,HCV,1a,100
EF407438,HCV,1a,100
EF407439,HCV,1a,100
EF407437,HCV,1a,100
EF407444,HCV,1a,100
EF407440,HCV,1a,100
EF407441,HCV,1a,100
EF407445,HCV,1a,100
EF407447,HCV,1a,100
EF407442,HCV,1a,100
EF407454,HCV,1a,100
EF407443,HCV,1a,100
EF407446,HCV,1a,100
EF407452,HCV,1a,100
EF407449,HCV,1a,100
EF407448,HCV,1a,100
EF407453,HCV,1a,100
EF407450,HCV,1a,100
EF407451,HCV,1a,100
EF407457,HCV,1a,100
EF407455,HCV,1a,100
EF407458,HCV,1b,100
EF407456,HCV,1a,100
EF407462,HCV,1b,100
EF407459,HCV,1b,100
EF407460,HCV,1b,100
EF407463,HCV,1b,100
EF407466,HCV,1b,100
EF407465,HCV,1b,100
EF407472,HCV,1b,100
EF407470,HCV,1b,100
EF407461,HCV,1b,100
EF407471,HCV,1b,100
EF407474,HCV,1b,100
EF407468,HCV,1b,100
EF407467,HCV,1b,100
EF407479,HCV,1b,100
EF407475,HCV,1b,100
EF407464,HCV,1b,100
EF407478,HCV,1b,100
EF407481,HCV,1b,100
EF407473,HCV,1b,100
EF407482,HCV,1b,100
EF407484,HCV,1b,100
EF407477,HCV,1b,100
EF407486,HCV,1b,100
EF407469,HCV,1b,100
EF407480,HCV,1b,100
EF407485,HCV,1b,100
EF407476,HCV,1b,100
EF407488,HCV,1b,100
EF407491,HCV,1b,100
EF407492,HCV,1b,100
EF407487,HCV,1b,100
EF407489,HCV,1b,100
EF407490,HCV,1b,100
EF407497,HCV,1b,100
EF407495,HCV,1b,100
EF407496,HCV,1b,100
EF407494,HCV,1b,100
EF407483,HCV,1b,100
EF407498,HCV,1b,100
EF407500,HCV,1b,100
PX445002,HCV,"unassigned_1, 1e-4a-4w-4f",NA
HM746802,HCV,1a,100
EF407499,HCV,1b,100
EF407503,HCV,1b,100
PX446959,HCV,"unassigned_1, 1l-4f",NA
PX445004,HCV,"unassigned_1, 1e-4f-4w-4f-4p",NA
HM746804,HCV,1a,100
HM746813,HCV,1a,100
HM746806,HCV,1a,100
EF407501,HCV,1b,100
HM746818,HCV,1b,100
HM746824,HCV,1b,100
KF420488,HCV,1b,100
KF420489,HCV,1b,100
AB285078,HCV,1b,100
KF420493,HCV,1b,100
KF420491,HCV,1b,100
KF420495,HCV,1b,100
KF420499,HCV,1b,100
KF420502,HCV,1b,100
KF420503,HCV,1b,100
KF420501,HCV,1b,100
KF420507,HCV,1b,100
KF420504,HCV,1b,100
KF420508,HCV,1b,100
KF420510,HCV,1b,100
KF420509,HCV,1b,100
MG953812,HCV,1a,100
KF420506,HCV,1b,100
KF420496,HCV,1b,100
KF420511,HCV,1b,100
KY620738,HCV,"unassigned_1, 3a-3h",NA
KY620748,HCV,"unassigned_1, 3a-3h",NA
KY620737,HCV,3a,100
KY620736,HCV,3a,100
KY620735,HCV,3a,100
KY620739,HCV,3a,100
KY620745,HCV,3a,100
KY620743,HCV,3a,100
KY620749,HCV,3a,100
KY620742,HCV,3a,100
KY620740,HCV,3a,100
KY620744,HCV,3a,100
KY620746,HCV,3a,100
KY620741,HCV,3a,100
KY620734,HCV,3a,100
KY620759,HCV,"unassigned_1, 3a-3h",NA
KY620753,HCV,3a,100
KY620756,HCV,3a,100
KY620760,HCV,3a,100
KY620757,HCV,3a,100
KY620755,HCV,3a,100
KY620751,HCV,3a,100
KY620750,HCV,3a,100
KY620754,HCV,3a,100
KY620763,HCV,3a,100
KJ678744,HCV,6a,100
HM746840,HCV,1b,100
KR870888,HCV,"unassigned_1, 1e-4k-4n-4g-4a-4f-4d-4g",NA
AF207752,HCV,1b,100
AF207760,HCV,1b,100
AF207758,HCV,1b,100
KJ678799,HCV,6a,100
KJ678797,HCV,6a,100
KJ678793,HCV,6a,100
KJ678800,HCV,6a,100
KJ678801,HCV,6a,100
KJ678806,HCV,6a,100
KJ678802,HCV,6a,100
KJ678803,HCV,6a,100
KJ678805,HCV,6a,100
KJ678807,HCV,6a,100
KJ678804,HCV,6a,100
KJ678811,HCV,6a,100
KJ678812,HCV,6a,100
KJ678809,HCV,6a,100
KJ678813,HCV,6a,100
KJ678814,HCV,6a,100
KJ678810,HCV,6a,100
KJ678816,HCV,6a,100
KJ678817,HCV,6a,100
KJ678808,HCV,6a,100
LC773637,HCV,4f,100
LC773639,HCV,4f,95
KJ678750,HCV,6a,100
KJ678746,HCV,6a,100
PQ365528,HCV,3a,100
PQ365527,HCV,1a,100
PQ365529,HCV,3a,100
PQ365533,HCV,1a,100
PQ365530,HCV,3a,100
KJ678752,HCV,6a,100
PQ365531,HCV,3a,100
PQ365534,HCV,3a,100
PQ365532,HCV,3a,100
KJ678753,HCV,6a,100
EU246938,HCV,6n,100
EU246932,HCV,6e,100
EU246940,HCV,6u,100
EU246936,HCV,6f,100
KJ678745,HCV,6a,100
EU246939,HCV,6t,100
EU246935,HCV,6i,100
KJ678751,HCV,6a,100
KJ678756,HCV,6a,100
KJ678758,HCV,6a,100
KJ678768,HCV,"unassigned_1, 6a-3a",NA
KJ678755,HCV,6a,100
KJ678757,HCV,6a,100
KJ678764,HCV,6a,100
MH070043,HCV,1a,100
KJ678763,HCV,6a,100
KJ678762,HCV,6a,100
KJ678766,HCV,6a,100
KJ678760,HCV,6a,100
KJ678765,HCV,6a,100
KJ678759,HCV,6a,100
MH070077,HCV,1b,100
KJ678761,HCV,6a,100
KJ678767,HCV,6a,100
KJ678770,HCV,6a,100
KJ678769,HCV,6a,100
MN146057,HCV,1a,100
MH070079,HCV,1b,100
KC767834,HCV,5a,100
AB049099,HCV,1b,100
AM910652,HCV,1g,100
DQ155561,HCV,2i,100
MN146061,HCV,1a,100
MN146063,HCV,1a,100
MN146058,HCV,1a,100
MN146071,HCV,1a,100
MN146067,HCV,1a,100
MN146065,HCV,1a,100
MN146066,HCV,1a,100
MN146078,HCV,1a,100
MN146076,HCV,1a,100
HM746834,HCV,1b,100
MN146215,HCV,3a,100
MN146081,HCV,1a,100
MN146083,HCV,1a,100
MN146202,HCV,1a,100
MN146221,HCV,1b,100
MN146233,HCV,1a,100
MN146088,HCV,1a,100
MN146087,HCV,1a,100
MN146120,HCV,1a,100
MN146219,HCV,1b,100
MN146218,HCV,1b,100
MN146220,HCV,1b,100
MN146214,HCV,3a,100
MN146362,HCV,1a,100
MN146327,HCV,1a,100
MN146340,HCV,1a,100
MN146358,HCV,1a,100
MN146363,HCV,1a,100
MN146361,HCV,1a,100
HM746833,HCV,1b,100
MN146536,HCV,1a,100
MH742367,HCV,4v,100
AF033368,HCV,1b,100
EU392175,HCV,4f,100
MH940291,HCV,7a,64
EU392172,HCV,4d,100
MH742371,HCV,4k,100
EU392173,HCV,4k,100
EU392170,HCV,4f,100
EU392174,HCV,4f,100
KJ678748,HCV,6a,100
KJ678747,HCV,6a,100
KJ678754,HCV,"unassigned_1, 6a-3h",NA
MN146364,HCV,1a,100
MN146368,HCV,1a,100
MN146571,HCV,1b,100
FJ462437,HCV,"unassigned_1, 4d-4o",NA
FJ462440,HCV,4o,100
FJ462441,HCV,4n,100
FJ462438,HCV,4k,100
FJ462439,HCV,4r,100
AY859526,HCV,6a,100
FJ839869,HCV,4t,100
FJ839870,HCV,4l,100
DQ480513,HCV,6a,100
DQ480512,HCV,6a,100
DQ480514,HCV,6a,100
JF735129,HCV,"unassigned_1, 4v-4k",NA
DQ480517,HCV,6a,100
DQ480516,HCV,6a,100
DQ480518,HCV,6a,100
JF735131,HCV,"unassigned_1, 4v-4g",NA
JF735130,HCV,"unassigned_1, 4v-4o",NA
DQ480522,HCV,6a,100
DQ480521,HCV,6a,100
DQ480519,HCV,6a,100
JF735127,HCV,4k,97
DQ480520,HCV,6a,100
JF735136,HCV,"unassigned_1, 4v-4g",NA
DQ480524,HCV,6a,100
DQ480515,HCV,6a,100
DQ480523,HCV,6a,100
JF735132,HCV,4v,78
JF735134,HCV,4k,100
JF735135,HCV,4a,100
JF735137,HCV,4a,100
AF207759,HCV,1b,100
AF207763,HCV,1b,100
AF207756,HCV,1b,100
AF207765,HCV,1b,100
AF207766,HCV,1b,100
AF207767,HCV,1b,100
AF033359,HCV,1b,100
AF033361,HCV,1b,100
AF033364,HCV,1b,100
AF033363,HCV,1b,100
AF033369,HCV,1b,100
AF033366,HCV,1b,100
AF033371,HCV,1b,100
AF033370,HCV,1b,100
AF033373,HCV,1b,100
KJ678749,HCV,6a,100
AF207762,HCV,1b,100
AF207755,HCV,1b,100
AF207754,HCV,1b,100
AF207761,HCV,1b,100
AF207753,HCV,1b,100
AF207757,HCV,1b,100
MH742360,HCV,"unassigned_1, 4v-4k",NA
AF207764,HCV,1b,100
AF207771,HCV,1b,100
AF207770,HCV,1b,100
AF207772,HCV,1b,100
AF207773,HCV,1b,100
AF207768,HCV,1b,100
AF207774,HCV,1b,100
MH742364,HCV,4k,100
MH742366,HCV,"unassigned_1, 4v-4m",NA
MH742361,HCV,4k,100
AF033372,HCV,1b,100
AF033375,HCV,1b,100
AF033374,HCV,1b,100
AF033376,HCV,1b,100
MH070030,HCV,1a,100
KJ678771,HCV,6a,100
KJ678772,HCV,6a,100
KJ678774,HCV,6a,100
KJ678776,HCV,6a,100
KJ678773,HCV,6a,100
KJ678775,HCV,6a,100
KJ678780,HCV,6a,100
KJ678781,HCV,6a,100
KJ678777,HCV,6a,100
KJ678782,HCV,6a,100
KJ678779,HCV,6a,100
KJ678778,HCV,6a,100
KJ678786,HCV,6a,100
KJ678785,HCV,6a,100
KJ678784,HCV,6a,100
KJ678787,HCV,6a,100
KJ678788,HCV,6a,100
KJ678783,HCV,6a,100
KJ678789,HCV,6a,100
KJ678791,HCV,6a,100
KJ678790,HCV,6a,100
KJ678792,HCV,6a,100
KJ678795,HCV,6a,100
KJ678794,HCV,6a,100
KJ678796,HCV,6a,100
KJ678798,HCV,6a,100
PQ365535,HCV,3a,100
EU246934,HCV,6o,100
MH070048,HCV,1a,100
MH070073,HCV,1b,100
MH070078,HCV,1b,100
MH070072,HCV,1b,100
KM504116,HCV,6q,100
KM504115,HCV,6q,100
KM504113,HCV,6r,100
KM504117,HCV,6e,55
KM504121,HCV,6w,97
KM504123,HCV,6s,100
KM504122,HCV,6h,100
KM504124,HCV,6c,100
DQ835760,HCV,6f,100
DQ835763,HCV,6m,100
AB049089,HCV,"unassigned_1, 1b-6h-6b",NA
AB049088,HCV,"unassigned_1, 1b-6b",NA
AB049090,HCV,"unassigned_1, 1b-6k-6b",NA
DQ835762,HCV,6i,100
DQ835765,HCV,6m,100
DQ835761,HCV,6j,100
DQ835764,HCV,6f,100
DQ835768,HCV,6n,100
DQ835766,HCV,6m,100
AB049091,HCV,"unassigned_1, 1b-2b-6d-6b",NA
AB049087,HCV,1b,100
DQ835767,HCV,6m,100
AB049095,HCV,"unassigned_1, 1b-6h-6b",NA
DQ835769,HCV,6j,100
AB049093,HCV,1b,100
DQ835770,HCV,6i,100
AB049101,HCV,"unassigned_1, 1b-6k-6d-6b",NA
MN146052,HCV,1a,100
MN146072,HCV,1a,100
MN146073,HCV,1a,100
MN146082,HCV,1a,100
MN146075,HCV,1a,100
MN146068,HCV,1a,100
KJ678815,HCV,6a,100
KM043282,HCV,"unassigned_1, 4a-6h-6b-6h-6b",NA
KM043283,HCV,"unassigned_1, 4a-6b-6h-6b",NA
LC773640,HCV,4a,99
LC773638,HCV,4k,100
KM043280,HCV,3a,100
KJ567646,HCV,6e,88
KJ567644,HCV,6l,100
KM043281,HCV,3a,100
KJ567645,HCV,6l,100
KJ567647,HCV,6w,53
PP092205,HCV,6w,79
KJ567651,HCV,6e,100
KJ567648,HCV,6w,100
MH070039,HCV,1a,100
MH070038,HCV,1a,100
MH070040,HCV,1a,100
MH070069,HCV,1b,100
MH070046,HCV,1a,100
EU246931,HCV,6e,100
MH070045,HCV,1a,100
MH070047,HCV,1a,100
MH070071,HCV,1b,100
MH070074,HCV,1b,100
MH070075,HCV,1b,100
MH070076,HCV,1b,100
AB049094,HCV,1b,100
AB049092,HCV,1b,100
MN146038,HCV,1b,100
AB049098,HCV,1b,100
AB049097,HCV,1b,100
MN146039,HCV,1b,100
MN146043,HCV,1a,100
MN146041,HCV,1b,100
AB049096,HCV,1b,100
MN146048,HCV,1a,100
KC767832,HCV,5a,100
MN146040,HCV,1b,100
DQ155560,HCV,"unassigned_1, 6p-2j-2a-2k-2j",NA
MN146042,HCV,1b,100
MN146044,HCV,1a,100
KC767829,HCV,5a,100
AB049100,HCV,1b,100
MN146047,HCV,1a,100
MN146051,HCV,1a,100
KC767831,HCV,5a,100
KC767830,HCV,5a,100
MN146045,HCV,1a,100
MN146049,HCV,1a,100
KC767833,HCV,5a,100
MN146070,HCV,1a,100
MN146079,HCV,1a,100
MN146086,HCV,1a,100
MN146080,HCV,1a,100
MN146085,HCV,1a,100
MN146092,HCV,1a,100
MH070032,HCV,1a,100
MH070035,HCV,1a,100
MZ161158,HCV,6a,100
EU246937,HCV,"unassigned_1, 6n-6o-6e-6a-6o",NA
MH070037,HCV,1a,100
MH070034,HCV,1a,100
MH070042,HCV,1a,100
MN146109,HCV,1a,100
MN146098,HCV,1a,100
MN146089,HCV,1a,100
MN146090,HCV,1a,100
MN146084,HCV,1a,100
MN146099,HCV,1a,100
MN146097,HCV,1a,100
MN146100,HCV,1a,100
MN146108,HCV,1a,100
MN146106,HCV,1a,100
MN146110,HCV,1a,100
MN146103,HCV,1a,100
MN146094,HCV,1a,100
MN146117,HCV,1a,100
MN146095,HCV,1a,100
MN146101,HCV,1a,100
MN146102,HCV,1a,100
MN146119,HCV,1a,100
MN146093,HCV,1a,100
MN146116,HCV,1a,100
MN146107,HCV,1a,100
MN146134,HCV,1a,100
MN146123,HCV,1a,100
MN146127,HCV,1a,100
MN146132,HCV,1a,100
MN146136,HCV,1a,100
MN146131,HCV,1a,100
MN146126,HCV,1a,100
MN146148,HCV,1a,100
MN146138,HCV,1a,100
MN146144,HCV,1a,100
MN146137,HCV,1a,100
MN146130,HCV,1a,100
MN146133,HCV,1a,100
MN146125,HCV,1a,100
MN146128,HCV,1a,100
MN146160,HCV,1b,100
MN146145,HCV,1a,100
MN146157,HCV,1b,100
MN146159,HCV,1b,100
MN146158,HCV,1b,100
MN146161,HCV,1b,100
MN146163,HCV,1a,100
MN146142,HCV,1a,100
MN146164,HCV,1a,100
MN146175,HCV,1b,100
MN146162,HCV,1a,100
MN146173,HCV,1a,100
MN146150,HCV,1a,100
MN146156,HCV,1b,100
MN146151,HCV,1a,100
MN146153,HCV,1a,100
MN146182,HCV,1a,100
MN146166,HCV,1a,100
MN146181,HCV,1a,100
MN146174,HCV,1a,100
MN146184,HCV,1a,100
MN146176,HCV,1b,100
MN146180,HCV,1a,100
MN146167,HCV,1a,100
MN146186,HCV,1a,100
MN146191,HCV,1a,100
MN146210,HCV,1a,100
MN146204,HCV,1a,100
MN146198,HCV,1a,100
MN146208,HCV,1a,100
MN146207,HCV,1a,100
MN146179,HCV,1b,100
MN146227,HCV,1a,100
MN146200,HCV,1a,100
MN146230,HCV,1a,100
MN146211,HCV,1a,100
MN146194,HCV,1a,100
MN146232,HCV,1a,100
MN146213,HCV,1a,100
MN146212,HCV,1a,100
MN146224,HCV,1a,100
MN146229,HCV,1a,100
MN146222,HCV,1b,100
MN146234,HCV,1a,100
MN146236,HCV,1a,100
MN146228,HCV,1a,100
MN146226,HCV,1a,100
MN146225,HCV,1a,100
MN146237,HCV,1a,100
MN146245,HCV,1a,100
MN146239,HCV,1a,100
MN146238,HCV,1a,100
MN146256,HCV,1a,100
MN146235,HCV,1a,100
MN146255,HCV,1a,100
MN146257,HCV,1a,100
MN146254,HCV,1a,100
MN146253,HCV,1a,100
MN146244,HCV,1a,100
MN146241,HCV,1a,100
MN146258,HCV,1a,100
MN146240,HCV,1a,100
MN146249,HCV,1a,100
MN146223,HCV,1a,100
MN146263,HCV,1a,100
MN146231,HCV,1a,100
MN146246,HCV,1a,100
MN146266,HCV,1a,100
MN146242,HCV,1a,100
MN146274,HCV,1a,100
MN146243,HCV,1a,100
MN146271,HCV,1a,100
MN146282,HCV,1b,100
MN146280,HCV,1b,100
MN146251,HCV,1a,100
MN146277,HCV,1b,100
MN146278,HCV,1b,100
MN146281,HCV,1b,100
MN146252,HCV,1a,100
MN146291,HCV,1b,100
MN146285,HCV,1b,100
MN146293,HCV,1b,100
MN146261,HCV,1a,100
MN146269,HCV,1a,100
MN146262,HCV,1a,100
MN146288,HCV,1a,100
MN146296,HCV,1a,100
MN146290,HCV,1b,100
MN146298,HCV,1a,100
MN146283,HCV,1b,100
MN146279,HCV,1b,100
MN146292,HCV,1b,100
MN146273,HCV,1a,100
MN146284,HCV,1b,100
MN146295,HCV,1a,100
MN146308,HCV,1a,100
MN146289,HCV,1b,100
MN146316,HCV,1a,100
MN146287,HCV,1a,100
MN146313,HCV,1a,100
MN146299,HCV,1a,100
MN146318,HCV,1a,100
MN146286,HCV,1b,100
MN146301,HCV,1a,100
MN146317,HCV,1a,100
MN146302,HCV,1a,100
MN146312,HCV,1a,100
MN146314,HCV,1a,100
MN146325,HCV,1a,100
MN146331,HCV,1a,100
MN146334,HCV,1a,100
MN146323,HCV,1a,100
MN146326,HCV,1a,100
MN146330,HCV,1a,100
MN146315,HCV,1a,100
MN146321,HCV,1a,100
MN146328,HCV,1a,100
MN146305,HCV,1a,100
MN146343,HCV,1a,100
MN146332,HCV,1a,100
MN146345,HCV,1a,100
MN146322,HCV,1a,100
MN146342,HCV,1a,100
MN146355,HCV,1a,100
MN146339,HCV,1a,100
MN146351,HCV,1a,100
MN146356,HCV,1a,100
MN146352,HCV,1a,100
MN146353,HCV,1a,100
MN146354,HCV,1a,100
MN146349,HCV,1a,100
MN146357,HCV,1a,100
MN146367,HCV,1a,100
MN146341,HCV,1a,100
MN146359,HCV,1a,100
MN146369,HCV,1a,100
MN146375,HCV,1a,100
MN146372,HCV,1a,100
MN146371,HCV,1a,100
MN146370,HCV,1a,100
MN146376,HCV,1a,100
MN146379,HCV,1a,100
MN146378,HCV,1a,100
MN146377,HCV,1a,100
MN146337,HCV,1a,100
MN146360,HCV,1a,100
MN146384,HCV,1a,100
MN146381,HCV,1a,100
MN146390,HCV,1a,100
MN146395,HCV,1a,100
MN146373,HCV,1a,100
MN146396,HCV,1a,100
MN146385,HCV,1a,100
MN146386,HCV,1a,100
MN146380,HCV,1a,100
MN146392,HCV,1a,100
MN146382,HCV,1a,100
MN146374,HCV,1a,100
MN146388,HCV,1a,100
MN146394,HCV,1a,100
MN146365,HCV,1a,100
MN146403,HCV,1a,100
MN146404,HCV,1a,100
MN146389,HCV,1a,100
MN146387,HCV,1a,100
MN146405,HCV,1a,100
MN146393,HCV,1a,100
MN146409,HCV,1a,100
MN146414,HCV,1a,100
MN146412,HCV,1a,100
MN146397,HCV,1a,100
MN146401,HCV,1a,100
MN146408,HCV,1a,100
MN146417,HCV,1a,100
MN146402,HCV,1a,100
MN146383,HCV,1a,100
MN146427,HCV,1b,100
MN146406,HCV,1a,100
MN146399,HCV,3a,100
MN146400,HCV,1a,100
MN146410,HCV,1a,100
MN146419,HCV,1a,100
MN146423,HCV,1b,100
MN146413,HCV,1a,100
MN146398,HCV,3a,100
MN146391,HCV,1a,100
MN146411,HCV,1a,100
MN146429,HCV,1b,100
MN146425,HCV,1b,100
MN146418,HCV,1a,100
MN146416,HCV,3a,100
MN146422,HCV,1b,100
MN146415,HCV,3a,100
MN146420,HCV,1a,100
MN146407,HCV,1a,100
MN146424,HCV,1b,100
MN146428,HCV,1b,100
MN146431,HCV,1b,100
MN146437,HCV,1a,100
MN146430,HCV,1b,100
MN146438,HCV,1a,100
MN146442,HCV,1a,100
MN146426,HCV,1b,100
MN146451,HCV,1a,100
MN146440,HCV,1a,100
MN146448,HCV,1a,100
MN146456,HCV,1a,100
MN146443,HCV,1b,100
MN146432,HCV,1a,100
MN146446,HCV,1a,100
MN146449,HCV,1a,100
MN146458,HCV,1a,100
MN146460,HCV,1a,100
MN146457,HCV,1a,100
MN146459,HCV,1a,100
MN146450,HCV,1a,100
MN146434,HCV,1a,100
MN146452,HCV,1a,100
MN146447,HCV,1a,100
MN146470,HCV,1a,100
MN146469,HCV,1a,100
MN146467,HCV,1a,100
MN146454,HCV,1a,100
MN146461,HCV,1a,100
MN146455,HCV,1a,100
MN146472,HCV,1a,100
MN146481,HCV,1a,100
MN146466,HCV,1a,100
MN146436,HCV,1a,100
MN146479,HCV,1a,100
MN146471,HCV,1a,100
MN146468,HCV,1a,100
MN146421,HCV,1a,100
MN146463,HCV,1a,100
MN146475,HCV,1a,100
MN146453,HCV,1a,100
MN146476,HCV,1a,100
MN146478,HCV,1a,100
MN146464,HCV,1a,100
MN146477,HCV,1a,100
MN146496,HCV,1a,100
MN146490,HCV,1b,100
MN146499,HCV,3a,100
MN146495,HCV,1a,100
MN146501,HCV,1a,100
MN146503,HCV,1a,100
MN146520,HCV,1b,100
MN146513,HCV,3a,100
MN146526,HCV,1a,100
MN146519,HCV,1b,100
MN146529,HCV,1a,100
MN146524,HCV,1b,100
MN146518,HCV,1b,100
MN146538,HCV,1a,100
MN146530,HCV,1a,100
MN146537,HCV,1a,100
MN146533,HCV,1a,100
MN146512,HCV,1a,100
MN146540,HCV,1b,100
MN146531,HCV,1a,100
MN146550,HCV,1a,100
MN146541,HCV,1a,100
MN146547,HCV,1a,100
MN146553,HCV,1a,100
MN146551,HCV,1a,100
MN146552,HCV,1a,100
MN146559,HCV,1a,100
MN146548,HCV,1a,100
MN146563,HCV,1a,100
MN146568,HCV,1b,100
MN146573,HCV,1a,100
MN146576,HCV,1a,100
MN146580,HCV,1a,100
MN146549,HCV,1a,100
MN146574,HCV,1a,100
MN146557,HCV,1a,100
MN146575,HCV,1a,100
MN146572,HCV,1b,100
MN146570,HCV,1b,100
MN146585,HCV,1a,100
MN146595,HCV,3a,100
MN146611,HCV,1b,100
MN146593,HCV,1b,100
MN146596,HCV,3a,100
MN146602,HCV,1a,100
MN146619,HCV,1a,100
MN146625,HCV,1a,100
MN146615,HCV,1a,100
MN146632,HCV,1b,100
MN146624,HCV,1a,100
MN146640,HCV,1a,100
MN146497,HCV,1a,100
MN146491,HCV,1b,100
MN146487,HCV,1b,100
MN146483,HCV,1a,100
MN146510,HCV,1a,100
MN146505,HCV,1a,100
MN146508,HCV,1a,100
MN146488,HCV,1b,100
MN146509,HCV,1a,100
MN146511,HCV,1a,100
MN146525,HCV,1a,100
MN146523,HCV,1b,100
MN146514,HCV,3a,100
MN146522,HCV,1b,100
MN146527,HCV,1a,100
MN146532,HCV,1a,100
MN146544,HCV,1a,100
MN146542,HCV,1a,100
MN146545,HCV,1a,100
MN146535,HCV,1a,100
MN146521,HCV,1b,100
MN146539,HCV,1b,100
MN146546,HCV,1a,100
MN146534,HCV,1a,100
MN146561,HCV,1a,100
MN146555,HCV,1a,100
MN146543,HCV,1a,100
MN146560,HCV,1a,100
MN146558,HCV,1a,100
MN146562,HCV,1a,100
MN146554,HCV,1a,100
MN146565,HCV,1a,100
MN146564,HCV,1a,100
MN146569,HCV,1b,100
MN146567,HCV,1b,100
MN146597,HCV,3a,100
MN146584,HCV,1a,100
MN146586,HCV,1a,100
MN146599,HCV,1a,100
MN146605,HCV,1a,100
MN146612,HCV,1b,100
MN146614,HCV,1b,100
MN146598,HCV,3a,100
MN146603,HCV,1a,100
MN146617,HCV,1a,100
MN146606,HCV,1a,100
MN146626,HCV,1a,100
MN146631,HCV,1b,100
MN146643,HCV,1a,100
MN146618,HCV,1a,100
MN146633,HCV,1a,100
MN146651,HCV,1a,100
MN146656,HCV,1a,100
MN146654,HCV,1b,100
MN146652,HCV,1a,100
MN146650,HCV,1a,100
MN146644,HCV,1a,100
MN146662,HCV,1b,100
MN146660,HCV,1a,100
MN146610,HCV,1b,100
MN146629,HCV,1b,100
MN146637,HCV,1a,100
MN146627,HCV,1a,100
MN146636,HCV,1a,100
MN146659,HCV,1a,100
MN146655,HCV,1a,100
MN146653,HCV,1b,100
MN146664,HCV,1a,100
MN146661,HCV,1a,100
MN146667,HCV,1a,100
MN146663,HCV,1b,100
MN146657,HCV,1a,100
MN146673,HCV,1a,100
MN146676,HCV,1a,100
MN146679,HCV,1a,100
MN146668,HCV,1a,100
MN146669,HCV,1a,100
MN146658,HCV,1a,100
MN146672,HCV,1a,100
PQ365500,HCV,1a,100
PQ365498,HCV,3a,100
PQ365504,HCV,3i,100
MN146480,HCV,1a,100
PQ365503,HCV,1a,100
KY120330,HCV,6n,100
PQ365505,HCV,3b,100
PQ365506,HCV,3a,100
PQ365507,HCV,1a,100
PQ365513,HCV,3a,100
PQ365509,HCV,3a,100
MN146473,HCV,1a,100
PQ365511,HCV,3a,100
PQ365508,HCV,3a,100
PQ365510,HCV,1b,100
PQ365515,HCV,3a,100
MN146484,HCV,1a,100
PQ365517,HCV,3a,100
PQ365518,HCV,3a,100
MN146115,HCV,1a,100
PQ365516,HCV,1a,100
PQ365519,HCV,3a,100
PQ365512,HCV,3a,100
PQ365514,HCV,3a,100
PQ365520,HCV,3a,100
PQ365521,HCV,3a,100
PQ365522,HCV,3a,100
PQ365524,HCV,3a,100
PQ365523,HCV,3a,100
PQ365526,HCV,3a,100
PQ365525,HCV,3a,100
HM746835,HCV,1b,100
HM746836,HCV,1b,100
HM746839,HCV,1b,100
HM746841,HCV,1b,100
HM746837,HCV,1b,100
HM746838,HCV,1b,100
MH742368,HCV,"unassigned_1, 4v-4g",NA
AF207769,HCV,1b,100
MH742363,HCV,4q,58
AF208024,HCV,1b,100
MH742365,HCV,4v,100
AF033360,HCV,1b,100
AF033358,HCV,1b,100
AF033362,HCV,1b,100
AF033365,HCV,1b,100
MH742369,HCV,"unassigned_1, 4v-4a-4p",NA
MH742362,HCV,4v,100
MH742370,HCV,4k,100
EU392171,HCV,4k,100
AF033367,HCV,1b,100
KJ567649,HCV,6e,100
KJ567650,HCV,6e,100
PP092206,HCV,6w,52
PP092207,HCV,6w,50
KM043284,HCV,4a,100
PP092208,HCV,6w,76
KJ567652,HCV,6e,100
PQ365497,HCV,1a,100
KY120328,HCV,1b,100
EU408326,HCV,6e,100
EU408327,HCV,6o,100
PQ365499,HCV,1a,100
KY120332,HCV,3a,100
KY120329,HCV,6a,100
KY120331,HCV,1b,100
PQ365501,HCV,3a,100
PQ365502,HCV,3a,100
PQ365539,HCV,3g,100
PQ365536,HCV,3a,100
PQ365538,HCV,3a,100
PQ365537,HCV,3a,100
PQ365540,HCV,3a,100
MZ161151,HCV,6a,100
MZ161149,HCV,6a,100
MZ161148,HCV,6a,100
MZ161145,HCV,6a,100
MZ161152,HCV,6a,100
MZ161146,HCV,6a,100
MZ161147,HCV,6a,100
MZ161155,HCV,6a,100
MZ161153,HCV,6a,100
MZ161150,HCV,6a,100
MZ161154,HCV,6a,100
MZ161157,HCV,6a,100
MH070029,HCV,1a,100
MH070031,HCV,1a,100
EU246930,HCV,6a,100
MH070033,HCV,1a,100
MH070044,HCV,1a,100
MH070041,HCV,1a,100
EU246933,HCV,6l,100
MH070036,HCV,1a,100
MZ161156,HCV,6a,100
MH070070,HCV,1b,100
KM504110,HCV,6f,100
KM504114,HCV,6o,68
KM504109,HCV,6n,100
KM504111,HCV,6e,63
KM504119,HCV,6h,100
KM504120,HCV,6e,97
KM504112,HCV,1b,44
KM504118,HCV,6w,77
MN146046,HCV,1a,100
MN146053,HCV,1a,100
MN146050,HCV,1a,100
MN146054,HCV,1a,100
MN146055,HCV,1a,100
MN146056,HCV,1a,100
MN146064,HCV,1a,100
MN146060,HCV,1a,100
MN146059,HCV,1a,100
MN146069,HCV,1a,100
MN146062,HCV,1a,100
MN146074,HCV,1a,100
MN146077,HCV,1a,100
MN146091,HCV,1a,100
MN146096,HCV,1a,100
MN146104,HCV,1a,100
MN146105,HCV,1a,100
MN146118,HCV,1a,100
MN146122,HCV,1a,100
MN146111,HCV,1a,100
MN146113,HCV,1a,100
MN146622,HCV,1a,100
MN146616,HCV,1a,100
MN146630,HCV,1b,100
MN146621,HCV,1a,100
MN146620,HCV,1a,100
MN146628,HCV,1b,100
MN146638,HCV,1a,100
MN146639,HCV,1a,100
MN146635,HCV,1a,100
MN146648,HCV,1a,100
MN146646,HCV,1a,100
MN146634,HCV,1a,100
MN146121,HCV,1a,100
MN146114,HCV,1a,100
MN146124,HCV,1a,100
MN146112,HCV,1a,100
MN146129,HCV,1a,100
MN146147,HCV,1a,100
MN146139,HCV,1a,100
MN146135,HCV,1a,100
MN146140,HCV,1a,100
MN146141,HCV,1a,100
MN146149,HCV,1a,100
MN146155,HCV,1a,100
MN146146,HCV,1a,100
MN146169,HCV,1a,100
MN146170,HCV,1a,100
MN146154,HCV,1a,100
MN146168,HCV,1a,100
MN146152,HCV,1a,100
MN146178,HCV,1b,100
MN146171,HCV,1a,100
MN146177,HCV,1b,100
MN146165,HCV,1a,100
MN146185,HCV,1a,100
MN146172,HCV,1a,100
MN146183,HCV,1a,100
MN146189,HCV,1a,100
MN146192,HCV,1a,100
MN146201,HCV,1a,100
MN146193,HCV,1a,100
MN146199,HCV,1a,100
MN146187,HCV,1a,100
MN146188,HCV,1a,100
MN146196,HCV,1a,100
MN146197,HCV,1a,100
MN146206,HCV,1a,100
MN146195,HCV,1a,100
MN146190,HCV,1a,100
MN146209,HCV,1a,100
MN146203,HCV,1a,100
MN146217,HCV,3a,100
MN146216,HCV,3a,100
MN146205,HCV,1a,100
MN146248,HCV,1a,100
MN146267,HCV,1a,100
MN146250,HCV,1a,100
MN146264,HCV,1a,100
MN146260,HCV,1a,100
MN146272,HCV,1a,100
MN146265,HCV,1a,100
MN146268,HCV,1a,100
MN146259,HCV,1a,100
MN146275,HCV,1a,100
MN146270,HCV,1a,100
MN146294,HCV,1a,100
MN146311,HCV,1a,100
MN146304,HCV,1a,100
MN146300,HCV,1a,100
MN146306,HCV,1a,100
MN146297,HCV,1a,100
MN146310,HCV,1a,100
MN146303,HCV,1a,100
MN146307,HCV,1a,100
MN146320,HCV,1a,100
MN146329,HCV,1a,100
MN146324,HCV,1a,100
MN146309,HCV,1a,100
MN146319,HCV,1a,100
MN146333,HCV,1a,100
MN146344,HCV,1a,100
MN146338,HCV,1a,100
MN146350,HCV,1a,100
MN146347,HCV,1a,100
MN146336,HCV,1a,100
MN146335,HCV,1a,100
MN146346,HCV,1a,100
MN146348,HCV,1a,100
MN146366,HCV,1a,100
MN146433,HCV,1a,100
MN146444,HCV,1a,100
MN146441,HCV,1a,100
MN146435,HCV,1a,100
MN146439,HCV,1a,100
MN146445,HCV,1a,100
MN146462,HCV,1a,100
MN146465,HCV,1a,100
MN146474,HCV,1a,100
MN146494,HCV,1a,100
MN146489,HCV,1b,100
MN146482,HCV,1a,100
MN146486,HCV,1b,100
MN146507,HCV,1a,100
MN146498,HCV,3a,100
MN146492,HCV,1a,100
MN146485,HCV,1a,100
MN146506,HCV,1a,100
MN146502,HCV,1a,100
MN146500,HCV,1a,100
MN146504,HCV,1a,100
MN146516,HCV,1b,100
MN146517,HCV,1b,100
MN146515,HCV,1b,100
MN146528,HCV,1a,100
MN146556,HCV,1a,100
MN146566,HCV,1a,100
MN146579,HCV,1a,100
MN146583,HCV,1a,100
MN146582,HCV,1a,100
MN146581,HCV,1a,100
MN146592,HCV,1b,100
MN146578,HCV,1a,100
MN146577,HCV,1a,100
MN146587,HCV,1a,100
MN146590,HCV,1b,100
MN146594,HCV,1b,100
MN146588,HCV,1b,100
MN146604,HCV,1a,100
MN146591,HCV,1b,100
MN146589,HCV,1b,100
MN146600,HCV,1a,100
MN146607,HCV,1a,100
MN146608,HCV,1a,100
MN146613,HCV,1b,100
MN146601,HCV,1a,100
MN146623,HCV,1a,100
MN146609,HCV,1b,100
MN146647,HCV,1a,100
MN146649,HCV,1a,100
MN146645,HCV,1a,100
MN146641,HCV,1a,100
MN146642,HCV,1a,100
MN146670,HCV,1a,100
MN146674,HCV,1a,100
MN146665,HCV,1a,100
MN146671,HCV,1a,100
MN146666,HCV,1a,100
MN146675,HCV,1a,100
MN146678,HCV,1a,100
MN146677,HCV,1a,100
FJ462431,HCV,4p,100
FJ462434,HCV,4q,100
FJ462433,HCV,4m,100
FJ462435,HCV,4b,100
FJ462432,HCV,4g,100
FJ462436,HCV,4c,100
JX227952,HCV,"unassigned_1, 1b-2j-2a-2j-2q-2k-2q-2k",NA
MZ171127,HCV,6l,100
JX183552,HCV,6l,100
MZ171130,HCV,6l,100
MZ171132,HCV,6l,100
EU643835,HCV,"unassigned_1, 6w-2b",NA
FJ025854,HCV,"unassigned_1, 4k-4f",NA
EU643834,HCV,6w,100
EU798760,HCV,6v,100
FJ025855,HCV,4w,100
MH477420,HCV,1e,100
FJ435090,HCV,6v,100
FJ025856,HCV,4w,100
MH492361,HCV,6n,100
D84265,HCV,6h,100
D84262,HCV,6b,100
JX227953,HCV,2k,100
D84264,HCV,6k,100
JX227949,HCV,2c,100
JX227950,HCV,2c,100
OM896967,HCV,3a,100
JF735125,HCV,"unassigned_1, 3i-3h-6h-6b",NA
OM896971,HCV,3a,100
OM896970,HCV,3a,100
OM896969,HCV,3a,100
OM896968,HCV,3a,100
OM896975,HCV,3a,100
OM896976,HCV,3a,100
OM896974,HCV,3a,100
OM896972,HCV,3a,100
OM896973,HCV,3a,100
OM896978,HCV,3a,100
OM896983,HCV,3a,100
OM896977,HCV,3a,100
OM896982,HCV,3a,100
JF735138,HCV,4k,100
FJ896355,HCV,1a,100
FJ896356,HCV,1a,100
JF735124,HCV,"unassigned_1, 3a-3g",NA
JF735121,HCV,3h,100
JF735122,HCV,3k,100
JF735123,HCV,3g,100
MK328000,HCV,6g,100
JX022758,HCV,1b,100
JX022769,HCV,1b,100
MT233457,HCV,1a,100
MT233460,HCV,1a,100
MT233458,HCV,1a,100
MT233459,HCV,1a,100
KP064120,HCV,1b,100
KP064121,HCV,1b,100
KP064116,HCV,1b,100
KP064115,HCV,1b,100
MZ171134,HCV,6l,100
MZ171131,HCV,6l,100
JX022770,HCV,1b,100
AB601990,HCV,1b,100
AB601992,HCV,1b,100
JX022767,HCV,1b,100
AB601995,HCV,1b,100
JX183556,HCV,6l,100
AB601996,HCV,1b,100
AB601991,HCV,1b,100
JX183549,HCV,6k,99
EF424628,HCV,6l,100
AB601997,HCV,1b,100
AB601993,HCV,1b,100
AB602004,HCV,1b,100
EF424627,HCV,6o,100
JX022766,HCV,1b,100
JX183550,HCV,6l,100
EF424625,HCV,6q,100
JX183553,HCV,6l,100
AB601989,HCV,1b,100
AB601988,HCV,1b,100
AB601994,HCV,1b,100
AB602006,HCV,1b,100
AB602018,HCV,1b,100
AB602005,HCV,1b,100
AB602021,HCV,1b,100
AB602024,HCV,1b,100
JX183555,HCV,6l,100
AB602022,HCV,1b,100
AB602003,HCV,1b,100
AB602023,HCV,1b,100
AB602026,HCV,1b,100
AB602025,HCV,1b,100
AB602033,HCV,1b,100
JX183558,HCV,6j,100
KP064113,HCV,1b,100
KP064114,HCV,1b,100
EF424626,HCV,6p,100
AB602019,HCV,1b,100
JX022752,HCV,1b,100
JX022762,HCV,1b,100
AB602007,HCV,1b,100
AB602027,HCV,1b,100
AB602034,HCV,1b,100
AB602035,HCV,1b,100
KP064111,HCV,1b,100
KP064112,HCV,1b,100
KP064110,HCV,1b,100
AB602020,HCV,1b,100
JX022753,HCV,1b,100
MK612006,HCV,3a,100
EF424629,HCV,6c,100
JX022761,HCV,1b,100
JX022755,HCV,1b,100
JX022771,HCV,1b,100
JX022772,HCV,1b,100
JX022759,HCV,1b,100
JX022764,HCV,1b,100
JX022765,HCV,1b,100
JX022775,HCV,1b,100
JX022757,HCV,1b,100
JX183557,HCV,6n,100
JX022776,HCV,1b,100
JX022773,HCV,1b,100
JX022779,HCV,1b,100
AB601999,HCV,1b,100
AB602000,HCV,1b,100
JX022778,HCV,1b,100
AB602001,HCV,1b,100
AB602010,HCV,1b,100
AB602012,HCV,1b,100
JX022774,HCV,1b,100
AB602015,HCV,1b,100
AB602013,HCV,1b,100
AB602016,HCV,1b,100
AB602009,HCV,1b,100
AB602008,HCV,1b,100
AB601987,HCV,1b,100
JX022763,HCV,1b,100
JX022751,HCV,1b,100
JX022754,HCV,1b,100
AB602029,HCV,1b,100
AB601998,HCV,1b,100
AB602017,HCV,1b,100
AB602031,HCV,1b,100
AB602032,HCV,1b,100
AB602039,HCV,1b,100
AB602014,HCV,1b,100
AB602038,HCV,1b,100
AB602002,HCV,1b,100
JX227951,HCV,2c,100
AB602011,HCV,1b,100
AB602028,HCV,1b,100
JX022777,HCV,1b,100
AB602030,HCV,1b,100
KX107865,HCV,6j,93
KX107867,HCV,6e,100
MK612036,HCV,3a,100
JX227963,HCV,4g?,100
JX227972,HCV,4m,100
MK612033,HCV,3a,100
KX138237,HCV,5a,100
KX138238,HCV,6n,100
JX227977,HCV,4o,100
MK612000,HCV,1a,100
JX227971,HCV,4g,100
JX227968,HCV,2m,100
JX227973,HCV,4n,100
JX227975,HCV,4r,100
JX227974,HCV,2m,100
JX227970,HCV,4n,100
JX227964,HCV,4k,100
MK612039,HCV,4a,100
JX227976,HCV,4r,100
KX138236,HCV,5a,100
KX138246,HCV,6a,100
KX138247,HCV,5a,100
KX107868,HCV,6o,100
KX107869,HCV,6e,100
KX107866,HCV,5a,100
KC591756,HCV,1a,100
MH477419,HCV,1e,100
KX138239,HCV,6f,100
KC591747,HCV,1b,100
KC591765,HCV,1a,100
KX138240,HCV,6n,100
KC591753,HCV,1a,100
KC591755,HCV,1a,100
KC591764,HCV,1a,100
FJ896269,HCV,1a,100
FJ896271,HCV,1a,100
FJ896273,HCV,1a,100
EU643836,HCV,6w,100
FJ896275,HCV,1a,100
FJ896290,HCV,1a,100
FJ896287,HCV,1a,100
FJ896291,HCV,1a,100
FJ896267,HCV,1a,100
MH477417,HCV,4f,100
FJ896272,HCV,1a,100
FJ896274,HCV,1a,100
FJ896289,HCV,1a,100
FJ896294,HCV,1a,100
FJ896317,HCV,1a,100
FJ896315,HCV,1a,100
FJ896319,HCV,1a,100
FJ896328,HCV,1a,100
FJ896325,HCV,1a,100
FJ896323,HCV,1a,100
FJ896339,HCV,1a,100
FJ896338,HCV,1a,100
FJ896337,HCV,1a,100
FJ896345,HCV,1a,100
FJ896346,HCV,1a,100
FJ896336,HCV,1a,100
FJ896342,HCV,1a,100
FJ896348,HCV,1a,100
FJ896352,HCV,1a,100
FJ896350,HCV,1a,100
MH477418,HCV,4f,100
MK612015,HCV,1a,100
MK612021,HCV,2a,100
FJ896351,HCV,1a,100
MK612018,HCV,3a,100
FJ896353,HCV,1a,100
FJ896354,HCV,1a,100
MK612027,HCV,3a,100
MK612024,HCV,3a,100
KX107871,HCV,6e,100
KX138243,HCV,6l,100
KX138244,HCV,6e,100
KX138245,HCV,6e,100
KX138242,HCV,6p,100
KX138241,HCV,6a,100
KC591749,HCV,1b,100
KC591750,HCV,1a,100
EU408332,HCV,6xa,100
KX138233,HCV,5a,100
OM896891,HCV,3b,100
OM896885,HCV,3b,100
OM896896,HCV,3b,100
OM896887,HCV,3b,100
OM896897,HCV,3b,100
OM896895,HCV,3b,100
OM896960,HCV,3a,100
OM896950,HCV,3a,100
OM896948,HCV,3a,100
OM896956,HCV,3a,100
OM896963,HCV,3a,100
OM896955,HCV,3a,100
OM896966,HCV,3a,100
OM896961,HCV,3a,100
OM896959,HCV,3a,100
OM896965,HCV,3a,100
OM896962,HCV,3a,100
OM896958,HCV,3a,100
OM896964,HCV,3a,100
OM896979,HCV,3a,100
OM896980,HCV,3a,100
OM896985,HCV,3a,100
FJ896277,HCV,1a,100
FJ896278,HCV,1a,100
OM896989,HCV,3a,100
FJ896280,HCV,1a,100
FJ896283,HCV,1a,100
FJ896284,HCV,1a,100
FJ896279,HCV,1a,100
AB600775,HCV,2a,100
OM896997,HCV,3a,100
AB600806,HCV,2b,100
AB600809,HCV,2b,100
AB600810,HCV,2b,100
AB600804,HCV,2b,100
AB600816,HCV,2b,100
EU798761,HCV,6v,100
FJ896276,HCV,1a,100
FJ896299,HCV,1a,100
FJ896300,HCV,1a,100
FJ896288,HCV,1a,100
FJ896297,HCV,1a,100
FJ896306,HCV,1a,100
FJ896303,HCV,1a,100
FJ896304,HCV,1a,100
FJ896296,HCV,1a,100
FJ896310,HCV,1a,100
FJ896298,HCV,1a,100
FJ896295,HCV,1a,100
FJ896311,HCV,1a,100
FJ896308,HCV,1a,100
FJ896307,HCV,1a,100
FJ896333,HCV,1a,100
FJ896334,HCV,1a,100
FJ896314,HCV,1a,100
FJ896332,HCV,1a,100
FJ896335,HCV,1a,100
FJ896341,HCV,1a,100
FJ896343,HCV,1a,100
FJ896340,HCV,1a,100
FJ896344,HCV,1a,100
FJ896322,HCV,1a,100
FJ896349,HCV,1a,100
FJ896347,HCV,1a,100
FJ896330,HCV,1a,100
MK612009,HCV,1a,100
MK612012,HCV,3a,100
MK612030,HCV,1a,100
MH477422,HCV,4f,100
MK548363,HCV,"unassigned_1, 1a-2b",NA
MK548362,HCV,"unassigned_1, 1a-2b",NA
MK548364,HCV,"unassigned_1, 1a-2b",NA
MK548367,HCV,"unassigned_1, 1a-2b",NA
MK548366,HCV,"unassigned_1, 1a-2b",NA
MK548369,HCV,"unassigned_1, 1a-2b",NA
MK548365,HCV,"unassigned_1, 1a-2b",NA
MH477423,HCV,2a,84
KC591748,HCV,1b,100
KC591760,HCV,1a,100
KC591759,HCV,1a,100
KC591762,HCV,1a,100
KC591768,HCV,1a,100
KJ470617,HCV,3b,100
OM896936,HCV,3b,100
OM896935,HCV,3b,100
OM896984,HCV,3a,100
OM896987,HCV,3a,100
OM896988,HCV,3a,100
OM896981,HCV,3a,100
OM896986,HCV,3a,100
FJ896265,HCV,1a,100
FJ896266,HCV,1a,100
FJ896264,HCV,1a,100
FJ896282,HCV,1a,100
FJ896281,HCV,1a,100
OM896991,HCV,3a,100
FJ896285,HCV,1a,100
OM896996,HCV,3a,100
AB600777,HCV,2a,100
OM896993,HCV,3a,100
AB600778,HCV,2a,100
AB600776,HCV,2a,100
OM896992,HCV,3a,100
AB600779,HCV,2a,100
AB600774,HCV,2a,100
AB600801,HCV,2b,100
AB600780,HCV,2a,100
OM896990,HCV,3a,100
AB600802,HCV,2b,100
AB600803,HCV,2b,100
AB600805,HCV,2b,100
AB600811,HCV,2b,100
AB600808,HCV,2b,100
AB600812,HCV,2b,100
AB600807,HCV,2b,100
AB600815,HCV,2b,100
AB600813,HCV,2b,100
OM896999,HCV,3a,100
AB600821,HCV,2b,100
AB600820,HCV,2b,100
AB600817,HCV,2b,100
AB600818,HCV,2b,100
AB600822,HCV,2b,100
OM896994,HCV,3a,100
OM896998,HCV,3a,100
OM897000,HCV,3a,100
KJ470624,HCV,6g,93
MK327983,HCV,6g,100
MK327987,HCV,6w,100
KJ470621,HCV,6g,100
MK327981,HCV,6w,100
MK327984,HCV,6g,100
KJ470620,HCV,6g,97
MK327982,HCV,6g,100
MK327985,HCV,6w,100
KJ470625,HCV,6w,94
MK327994,HCV,6w,100
MK327992,HCV,6g,99
MK327995,HCV,6w,100
MK327991,HCV,6w,78
AB600819,HCV,2b,100
AB600814,HCV,2b,100
KJ470622,HCV,6g,100
MK327986,HCV,6a,100
MK327989,HCV,6w,100
KJ470623,HCV,6w,100
MK327988,HCV,6g,100
MK327993,HCV,1b,100
MK327990,HCV,6w,95
MK328004,HCV,6a,99
MK328003,HCV,6w,100
MK328001,HCV,6w,87
MK328008,HCV,6w,98
MK327997,HCV,6g,100
MK328016,HCV,"unassigned_1, 6g-3b",NA
MK328005,HCV,6g,96
MK328007,HCV,6w,100
MK328009,HCV,6w,100
MK328011,HCV,6a,74
MK328012,HCV,1b,90
MH432557,HCV,3a,100
MH432558,HCV,3a,100
MK328022,HCV,6g,100
MH432556,HCV,3a,100
MK328021,HCV,6w,100
MH432559,HCV,3a,100
MH432560,HCV,3a,100
MH432561,HCV,3a,100
MH432563,HCV,3a,100
MH432564,HCV,3a,100
MH432565,HCV,3a,100
MH590699,HCV,"unassigned_1, 2j-5a",NA
MK328015,HCV,6g,89
MK328006,HCV,6w,100
MK328017,HCV,6g,100
MK328010,HCV,6w,100
MH590698,HCV,"unassigned_1, 2j-5a",NA
MK328020,HCV,6w,100
MK328019,HCV,6g,100
MK328024,HCV,6g,93
MK328018,HCV,6w,100
MH432566,HCV,3a,100
MH590701,HCV,"unassigned_1, 2j-5a",NA
MH432567,HCV,3a,100
MH432568,HCV,3a,100
MH432562,HCV,3a,100
MH432570,HCV,3a,100
MK328025,HCV,6w,83
MH432572,HCV,3a,100
MH432574,HCV,3a,100
MH432571,HCV,3a,100
MH432575,HCV,3a,100
MH432577,HCV,3a,100
MH432580,HCV,3a,100
MH432581,HCV,3a,100
MH432582,HCV,3a,100
MK328013,HCV,6g,100
MH432583,HCV,3a,100
MH432569,HCV,3a,100
KC591757,HCV,1a,100
FJ896270,HCV,1a,100
MH432576,HCV,3a,100
MH432578,HCV,3a,100
MH432573,HCV,3a,100
MH432584,HCV,3a,100
MH432585,HCV,3a,100
KC591766,HCV,1a,100
MH432587,HCV,3a,100
KX138248,HCV,6e,100
MH432597,HCV,3a,100
MH432595,HCV,3a,100
MH432586,HCV,3a,100
MH432590,HCV,3a,100
FJ896357,HCV,1a,100
FJ896359,HCV,1a,100
FJ896360,HCV,1a,100
FJ896362,HCV,1a,100
MH432599,HCV,3a,100
FJ896365,HCV,1a,100
MH432601,HCV,3a,100
MH432594,HCV,3a,100
FJ896366,HCV,1a,100
FJ896369,HCV,1a,100
FJ896368,HCV,1a,100
MK328023,HCV,6w,78
MT633133,HCV,3a,35
FJ896364,HCV,1a,100
OR917727,HCV,2j,100
OR917721,HCV,2q,100
FJ896370,HCV,1a,100
OR917726,HCV,2j,77
OR917729,HCV,2c,87
AB600755,HCV,2a,100
OR917720,HCV,2q,100
AB600751,HCV,2a,100
AB600752,HCV,2a,100
AB600758,HCV,2a,100
AB600754,HCV,2a,100
AB600759,HCV,2a,100
AB600761,HCV,2a,100
AB600756,HCV,2a,100
AB600762,HCV,2a,100
AB600764,HCV,2a,100
AB600765,HCV,2a,100
AB600769,HCV,"unassigned_1, 2b-2a",NA
AB600767,HCV,2a,100
AB600753,HCV,2a,100
AB600766,HCV,2a,100
OR917724,HCV,2j,100
KX688342,HCV,1a,100
AB600773,HCV,2a,100
KX688343,HCV,1a,100
KX688341,HCV,1a,100
AB600771,HCV,2a,100
AB600770,HCV,2a,100
KX688344,HCV,1a,100
KX688361,HCV,1a,100
AB600760,HCV,2a,100
KX688345,HCV,1a,100
KX688347,HCV,1a,100
AB600772,HCV,2a,100
AB600763,HCV,2a,100
KX688348,HCV,1a,100
KX688349,HCV,1a,100
KX688351,HCV,1a,100
KX688355,HCV,1a,100
KX688346,HCV,1a,100
KX688357,HCV,1a,100
KX688354,HCV,1a,100
KX688359,HCV,1a,100
KX688358,HCV,1a,100
KX688350,HCV,1a,100
KX688376,HCV,1a,100
KX688352,HCV,1a,100
KX688362,HCV,1a,100
KX688353,HCV,1a,100
KX688364,HCV,1a,100
KX688383,HCV,1a,100
KX688369,HCV,1a,100
KX688366,HCV,1a,100
KX688356,HCV,1a,100
KX688370,HCV,1a,100
KX688377,HCV,1a,100
KX688367,HCV,1a,100
KX688371,HCV,1a,100
KX688379,HCV,1a,100
KX688380,HCV,1a,100
KX688373,HCV,1a,100
KX688389,HCV,1b,100
KX688391,HCV,1b,100
KX688390,HCV,1b,100
KX688392,HCV,1b,100
KX688381,HCV,1a,100
KX688386,HCV,1b,100
KX688387,HCV,1b,100
KX688388,HCV,1b,100
KX688378,HCV,1a,100
KX688400,HCV,1b,100
KX688382,HCV,1a,100
KX688398,HCV,1b,100
KX688401,HCV,1b,100
KX688399,HCV,1b,100
KX688403,HCV,1b,100
KX688394,HCV,1b,100
KX688406,HCV,1b,100
KX688407,HCV,1b,100
KX688402,HCV,1b,100
KX688397,HCV,1b,100
KX688384,HCV,1a,100
KX688385,HCV,1a,100
KX688393,HCV,1b,100
KX688395,HCV,1b,100
KX688396,HCV,1b,100
KX688411,HCV,1b,100
KX688412,HCV,1b,100
KX688413,HCV,1b,100
KX688409,HCV,1b,100
KX688410,HCV,1b,100
KX688416,HCV,1b,100
KX688415,HCV,1b,100
KX688404,HCV,1b,100
KX688405,HCV,1b,100
KX688424,HCV,1b,100
KX688428,HCV,1b,100
KX688417,HCV,1b,100
KX688419,HCV,1b,100
KX688414,HCV,1b,100
KX688431,HCV,1b,100
KX688421,HCV,1b,100
KX688423,HCV,1b,100
KX688422,HCV,1b,100
KX688425,HCV,1b,100
KX688408,HCV,1b,100
KX688429,HCV,1b,100
KX688432,HCV,1b,100
KX688427,HCV,1b,100
KX688430,HCV,1b,100
KX688440,HCV,1b,100
KX688434,HCV,1b,100
KX688445,HCV,1b,100
KX688433,HCV,1b,100
KX688426,HCV,1b,100
KT148665,HCV,1a,100
KX688435,HCV,1b,100
KX688418,HCV,1b,100
KX688436,HCV,1b,100
KX688438,HCV,1b,100
KX688442,HCV,1b,100
KT148652,HCV,1a,100
KT148650,HCV,1a,100
KM252787,HCV,6s,100
KT148653,HCV,1a,100
KT148659,HCV,1a,100
KT148660,HCV,1a,100
KT148656,HCV,1a,100
KT148655,HCV,1a,100
KX688420,HCV,1b,100
KX688439,HCV,1b,100
KX688444,HCV,1b,100
KX688443,HCV,1b,100
KX688446,HCV,1b,100
KT148645,HCV,1a,100
KT148646,HCV,1a,100
KT148644,HCV,1a,100
KT148648,HCV,1a,100
KT148649,HCV,1a,100
KM252789,HCV,6a,100
KT148647,HCV,1a,100
KT148651,HCV,1a,100
KT148643,HCV,1a,100
KT148664,HCV,1a,100
KT148675,HCV,1a,100
KT148676,HCV,1a,100
KT148671,HCV,1a,100
KT148670,HCV,1a,100
KM252793,HCV,6d,77
KT148679,HCV,1a,100
KT148680,HCV,1a,100
KT148682,HCV,1a,100
KT148683,HCV,1a,100
KT148699,HCV,1a,100
KT148702,HCV,1a,100
KT148705,HCV,1a,100
KT148703,HCV,1a,100
KT148689,HCV,1a,100
KT148707,HCV,1a,100
KT148700,HCV,1a,100
KT148704,HCV,1a,100
KT148713,HCV,1b,100
KT148717,HCV,1b,100
KT148718,HCV,1b,100
KT148719,HCV,1b,100
KT148715,HCV,1b,100
KT148720,HCV,1b,100
KT148685,HCV,1a,100
KM252792,HCV,6n,100
KT148678,HCV,1a,100
KT148673,HCV,1a,100
KT148687,HCV,1a,100
KT148667,HCV,1a,100
KT148681,HCV,1a,100
KT148677,HCV,1a,100
KT148688,HCV,1a,100
KT148690,HCV,1a,100
KT148684,HCV,1a,100
KT148692,HCV,1a,100
KT148691,HCV,1a,100
KT148696,HCV,1a,100
KT148697,HCV,1a,100
KM252795,HCV,6j,100
KT148686,HCV,1a,100
KT148694,HCV,1a,100
KT148708,HCV,1a,100
KT148712,HCV,1b,100
KT148706,HCV,1a,100
KT148714,HCV,1b,100
KT148716,HCV,1b,100
KT148693,HCV,1a,100
KT148709,HCV,1a,100
KT148721,HCV,1b,100
KT148723,HCV,1b,100
KT148727,HCV,1b,100
KT148743,HCV,1b,100
KT148736,HCV,1b,100
KT148728,HCV,1b,100
KT148744,HCV,1b,100
KT148751,HCV,1b,100
KT148752,HCV,1b,100
KT148754,HCV,1b,100
KT148748,HCV,1b,100
KT148756,HCV,1b,100
KT148666,HCV,1a,100
KT148663,HCV,1a,100
KT148657,HCV,1a,100
KT148669,HCV,1a,100
KT148668,HCV,1a,100
KT148672,HCV,1a,100
KT148658,HCV,1a,100
MH432606,HCV,3a,100
GQ356207,HCV,3a,100
MH432612,HCV,3a,100
MH432615,HCV,3a,100
GQ356212,HCV,3a,100
MH432610,HCV,3a,100
MH432611,HCV,3a,100
GQ356211,HCV,3a,100
GQ356213,HCV,3a,100
MH432609,HCV,3a,100
GQ356206,HCV,3a,100
MH432618,HCV,3a,100
MH432608,HCV,3a,100
MH432616,HCV,3a,100
MH432640,HCV,3a,100
MH432620,HCV,3a,100
MH432623,HCV,3a,100
MH432627,HCV,3a,100
MH432633,HCV,3a,100
MH432621,HCV,3a,100
MH432619,HCV,3a,100
MH432613,HCV,3a,100
MH432635,HCV,3a,100
MH432636,HCV,3a,100
MH432624,HCV,3a,100
MH432632,HCV,3a,100
MH432634,HCV,3a,100
MH432622,HCV,3a,100
MH432630,HCV,3a,100
MH432641,HCV,3a,100
KX688328,HCV,1a,100
MH432631,HCV,3a,100
MH432628,HCV,3a,100
MH432626,HCV,3a,100
MH432639,HCV,3a,100
MH432625,HCV,3a,100
MH432617,HCV,3a,100
MH432638,HCV,3a,100
MH432629,HCV,3a,100
KX688330,HCV,1a,100
KX688332,HCV,1a,100
KX688326,HCV,1a,100
KX688329,HCV,1a,100
GQ356216,HCV,3a,100
KX688340,HCV,1a,100
KX688335,HCV,1a,100
KX688325,HCV,1a,100
KX688334,HCV,1a,100
KX688327,HCV,1a,100
KP064107,HCV,1b,100
KX688331,HCV,1a,100
KP064108,HCV,1b,100
KP064105,HCV,1b,100
KX688339,HCV,1a,100
KP064106,HCV,1b,100
KX688333,HCV,1a,100
KX688338,HCV,1a,100
KX688336,HCV,1a,100
KX688337,HCV,1a,100
MK327999,HCV,6w,100
MK327996,HCV,6w,100
MH432637,HCV,3a,100
JF735128,HCV,"unassigned_1, 4v-4m-4p-4t-4a-3g-2b-1a-3h",NA
DQ418784,HCV,4a,100
DQ418788,HCV,4a,100
DQ418786,HCV,4d,100
DQ418787,HCV,4a,100
DQ418782,HCV,4a,100
DQ418785,HCV,4a,100
GQ356205,HCV,3a,100
GQ356201,HCV,3a,100
GQ356210,HCV,3a,100
MZ171133,HCV,6l,99
MZ171128,HCV,6l,99
JX183551,HCV,6l,100
KT148735,HCV,1b,100
JX183554,HCV,6l,100
KT148750,HCV,1b,100
JX022756,HCV,1b,100
KT148753,HCV,1b,100
MZ171129,HCV,6l,100
KT148755,HCV,1b,100
KT148740,HCV,1b,100
JX022768,HCV,1b,100
KT148741,HCV,1b,100
KT148745,HCV,1b,100
KT148737,HCV,1b,100
JX022760,HCV,1b,100
AB602036,HCV,1b,100
MK612003,HCV,1a,100
AB602037,HCV,1b,100
JX227954,HCV,3g,100
MH492362,HCV,6n,100
D84263,HCV,6d,100
JX227955,HCV,3i,100
MH492360,HCV,6n,100
JX227958,HCV,4l,100
JX227957,HCV,4l,100
JX227956,HCV,3i,100
JX227961,HCV,4m,100
JX227967,HCV,2m,100
JX227965,HCV,2c,100
JX227969,HCV,3i,100
JX227960,HCV,4v,100
JX227966,HCV,2c,100
JX227962,HCV,4r,100
JX227959,HCV,4v,100
JX227978,HCV,4o,100
JX227979,HCV,4o,100
KC591754,HCV,1a,100
KX138249,HCV,6a,100
KC591763,HCV,1a,100
FJ896292,HCV,1a,100
FJ896293,HCV,1a,100
FJ896268,HCV,1a,100
KC591767,HCV,1a,100
FJ896301,HCV,1a,100
FJ896309,HCV,1a,100
FJ896316,HCV,1a,100
FJ896312,HCV,1a,100
FJ896305,HCV,1a,100
FJ896318,HCV,1a,100
FJ896302,HCV,1a,100
FJ896320,HCV,1a,100
FJ896313,HCV,1a,100
FJ896321,HCV,1a,100
FJ896329,HCV,1a,100
FJ896327,HCV,1a,100
FJ896324,HCV,1a,100
FJ896331,HCV,1a,100
FJ896326,HCV,1a,100
MH477426,HCV,4f,100
MK548368,HCV,"unassigned_1, 1a-2b",NA
KX107862,HCV,6e,100
KX107864,HCV,6a,100
KX107863,HCV,6a,100
KX107870,HCV,6e,100
EU408331,HCV,6xa,100
EU408330,HCV,6xa,100
KJ470612,HCV,3a,100
KX138234,HCV,5a,100
KX138235,HCV,5a,100
MH477424,HCV,4f,100
KJ470616,HCV,3b,100
KC591758,HCV,1a,100
KC591752,HCV,1a,100
KC591751,HCV,1a,100
KJ470618,HCV,3a,100
KC591761,HCV,1a,100
KJ470614,HCV,3a,100
KJ470615,HCV,3a,100
JF735126,HCV,3h,100
KJ470619,HCV,3a,100
OM896903,HCV,3b,100
OM896900,HCV,3b,100
KJ470613,HCV,3a,100
OM896906,HCV,3b,100
OM896899,HCV,3b,100
KT148732,HCV,1b,100
KT148738,HCV,1b,100
KT148731,HCV,1b,100
KT148729,HCV,1b,100
KM252794,HCV,6w,89
KM252797,HCV,6e,57
KT148730,HCV,1b,100
KT148746,HCV,1b,100
KT148739,HCV,1b,100
KT148747,HCV,1b,100
KT148733,HCV,1b,100
KT148742,HCV,1b,100
OM896901,HCV,3b,100
OM896902,HCV,3b,100
OM896898,HCV,3b,100
OM896910,HCV,3b,100
OM896908,HCV,3b,100
OM896907,HCV,3b,100
OM896909,HCV,3b,100
OM896911,HCV,3b,100
OM896916,HCV,3b,100
OM896913,HCV,3b,100
OM896912,HCV,3b,100
OM896914,HCV,3b,100
OM896924,HCV,3b,100
OM896922,HCV,3b,100
OM896915,HCV,3b,100
OM896919,HCV,3b,100
KM252798,HCV,6e,54
KM252796,HCV,6e,82
KT148749,HCV,1b,100
KM252800,HCV,6e,80
GQ356203,HCV,3a,100
MT233451,HCV,1a,100
GQ356215,HCV,3a,100
MT233453,HCV,1a,100
MT233452,HCV,1a,100
GQ356208,HCV,3a,100
GQ356214,HCV,3a,100
MT233455,HCV,1a,100
GQ356200,HCV,3a,100
MT233454,HCV,1a,100
GQ356209,HCV,3a,100
MT233456,HCV,1a,100
MH432602,HCV,3a,100
MH432603,HCV,3a,100
GQ356204,HCV,3a,100
MH432604,HCV,3a,100
GQ356202,HCV,3a,100
MH432607,HCV,3a,100
MH432605,HCV,3a,100
MH432614,HCV,3a,100
KP064109,HCV,1b,100
JF735133,HCV,4v,100
GQ356217,HCV,3a,100
OM896920,HCV,3b,100
OM896917,HCV,3b,100
OM896918,HCV,3b,100
OM896923,HCV,3b,100
OM896921,HCV,3b,100
OM896928,HCV,3b,100
OM896926,HCV,3b,100
OM896927,HCV,3b,100
OM896925,HCV,3b,100
OM896930,HCV,3b,100
OM896929,HCV,3b,100
OM896931,HCV,3b,100
OM896932,HCV,3b,100
OM896941,HCV,3b,100
OM896889,HCV,3b,100
OM896939,HCV,3b,100
OM896933,HCV,3b,100
KC191671,HCV,6n,100
OM896944,HCV,3b,100
OM896946,HCV,3a,100
OM896940,HCV,3b,100
OM896942,HCV,3b,100
OM896886,HCV,3b,100
OM896937,HCV,3b,100
OM896884,HCV,3b,100
OM896934,HCV,3b,100
OM896892,HCV,3b,100
OM896943,HCV,3b,100
OM896881,HCV,3b,100
OM896945,HCV,3a,100
OM896949,HCV,3a,100
OM896890,HCV,3b,100
OM896938,HCV,3b,100
OM896893,HCV,3b,100
OM896947,HCV,3a,100
OM896882,HCV,3b,100
OM896952,HCV,3a,100
OM896953,HCV,3a,100
OM896957,HCV,3a,100
OM896883,HCV,3b,100
OM896954,HCV,3a,100
OM896888,HCV,3b,100
OM896951,HCV,3a,100
FJ896286,HCV,1a,100
OM896894,HCV,3b,100
OM896995,HCV,3a,100
MK328002,HCV,6w,100
MK327998,HCV,6w,100
OM896904,HCV,3b,100
MK328014,HCV,6w,100
OM896905,HCV,3b,100
MH432554,HCV,3a,100
MH432555,HCV,3a,100
MH432579,HCV,3a,100
MH432589,HCV,3a,100
MH432591,HCV,3a,100
MH432592,HCV,3a,100
MH432593,HCV,3a,100
MH590700,HCV,"unassigned_1, 1b-6w",NA
MH432598,HCV,3a,100
MH432596,HCV,3a,100
MH432600,HCV,3a,100
MH432588,HCV,3a,100
FJ896361,HCV,1a,100
FJ896363,HCV,1a,100
OR917722,HCV,2q,100
MK328026,HCV,6w,100
FJ896358,HCV,1a,100
OR917723,HCV,2j,100
OR917725,HCV,2j,98
FJ896367,HCV,1a,100
OR917728,HCV,2j,100
AB600757,HCV,2a,100
OR917730,HCV,2k,100
AB600768,HCV,2a,100
KX688363,HCV,1a,100
KX688365,HCV,1a,100
KX688368,HCV,1a,100
KX688360,HCV,1a,100
KX688372,HCV,1a,100
KX688375,HCV,1a,100
KX688374,HCV,1a,100
KX688441,HCV,1b,100
KX688437,HCV,1b,100
KM252782,HCV,6h,100
KM252783,HCV,6h,100
DQ418789,HCV,4a,100
KM252784,HCV,6h,100
KM252780,HCV,6e,100
KM252779,HCV,6e,100
KM252788,HCV,"unassigned_1, 6u-2b",NA
DQ418783,HCV,4a,100
KM252781,HCV,6e,100
KT148638,HCV,1a,100
KM252785,HCV,6p,100
KT148639,HCV,1a,100
KM252786,HCV,6r,100
KT148640,HCV,1a,100
KT148642,HCV,1a,100
KT148641,HCV,1a,100
KM252790,HCV,6a,100
KT148654,HCV,1a,100
KT148662,HCV,1a,100
KT148661,HCV,1a,100
KT148674,HCV,1a,100
KM252791,HCV,6a,100
KT148695,HCV,1a,100
KT148701,HCV,1a,100
KT148698,HCV,1a,100
KT148711,HCV,1b,100
KT148710,HCV,1a,100
KM252799,HCV,6a,100
KT148724,HCV,1b,100
KT148726,HCV,1b,100
KT148734,HCV,1b,100
KT148722,HCV,1b,100
KT148725,HCV,1b,100
EF589160,HCV,4f,100
MT233472,HCV,1a,100
MT233501,HCV,1a,100
EF108306,HCV,7a,100
AM600922,HCV,1a,100
JF735113,HCV,2j,100
JF735115,HCV,2r,100
JF735118,HCV,2k,100
JF735111,HCV,2m,100
JF735110,HCV,2j,43
JF735120,HCV,2e,100
KT779145,HCV,3a,100
KT779146,HCV,3a,100
MT233489,HCV,1a,100
MT233471,HCV,1a,100
MT233481,HCV,1a,100
MT233484,HCV,1a,100
MT233482,HCV,1a,100
MT233483,HCV,1a,100
OM312664,HCV,3a,100
AM600921,HCV,1a,100
AM600918,HCV,1a,100
AM600916,HCV,1a,100
AM600917,HCV,1a,100
AM600920,HCV,1a,100
AM600919,HCV,1a,100
AM600933,HCV,1a,100
AM600935,HCV,1a,100
AM600932,HCV,1a,100
AM600939,HCV,1a,100
AM600936,HCV,1a,100
AM600930,HCV,1a,100
MT233468,HCV,1a,100
AM600949,HCV,1a,100
AM600951,HCV,1a,100
AM600948,HCV,1a,100
AM600953,HCV,1a,100
AM600952,HCV,1a,100
MT233462,HCV,1a,100
AM600950,HCV,1a,100
MT233464,HCV,1a,100
MT233461,HCV,1a,100
AM600945,HCV,1a,100
MT233467,HCV,1a,100
AM600926,HCV,1a,100
MT233465,HCV,1a,100
AM600942,HCV,1a,100
AM600956,HCV,1a,100
AM600941,HCV,1a,100
EU826175,HCV,3a,100
MT233470,HCV,1a,100
AM600925,HCV,1a,100
AM600940,HCV,1a,100
AM600943,HCV,1a,100
EU826174,HCV,3a,100
EU826178,HCV,3a,100
EU826195,HCV,3a,100
EU826191,HCV,3a,100
EU826180,HCV,3a,100
EU826197,HCV,3a,100
EU826181,HCV,3a,100
EU826189,HCV,3a,100
EU826199,HCV,3a,100
AM600944,HCV,1a,100
EU826176,HCV,3a,100
EU826196,HCV,3a,100
EU826179,HCV,3a,100
EU826204,HCV,3a,100
EU826202,HCV,3a,100
EU826192,HCV,3a,100
EU826193,HCV,3a,100
EU826205,HCV,3a,100
EU826206,HCV,3a,100
EU826208,HCV,3a,100
EU826188,HCV,3a,100
EU826207,HCV,3a,100
EU826214,HCV,3a,100
EU826213,HCV,3a,100
EU826194,HCV,3a,100
EU826211,HCV,3a,100
EU826269,HCV,3a,100
EU826200,HCV,3a,100
EU826212,HCV,3a,100
EU826217,HCV,3a,100
EU826198,HCV,3a,100
EU826220,HCV,3a,100
EU826270,HCV,3a,100
EU826274,HCV,3a,100
EU826271,HCV,3a,100
EU826215,HCV,3a,100
EU826277,HCV,3a,100
EU826267,HCV,3a,100
EU826273,HCV,3a,100
EU826282,HCV,3a,100
EU826284,HCV,3a,100
EU826275,HCV,3a,100
EU826286,HCV,3a,100
EU826276,HCV,3a,100
EU826287,HCV,3a,100
EU826294,HCV,3a,100
EU826216,HCV,3a,100
EU826268,HCV,3a,100
EU826210,HCV,3a,100
EU826218,HCV,3a,100
EU826272,HCV,3a,100
EU826278,HCV,3a,100
EU826279,HCV,3a,100
EU826281,HCV,3a,100
EU826290,HCV,3a,100
EU826288,HCV,3a,100
EU826221,HCV,3a,100
EU826299,HCV,3a,100
EU826298,HCV,3a,100
EU826304,HCV,3a,100
EU826300,HCV,3a,100
EU826219,HCV,3a,100
EU826302,HCV,3a,100
EU826296,HCV,3a,100
EU826301,HCV,3a,100
EU826297,HCV,3a,100
EU826305,HCV,3a,100
EU826308,HCV,3a,100
EU826309,HCV,3a,100
EU826318,HCV,3a,100
EU826306,HCV,3a,100
EU826323,HCV,3a,100
EU826320,HCV,3a,100
EU826326,HCV,3a,100
EU826310,HCV,3a,100
EU826330,HCV,3a,100
EU826312,HCV,3a,100
EU826325,HCV,3a,100
EU826321,HCV,3a,100
EU826291,HCV,3a,100
EU826331,HCV,3a,100
EF589161,HCV,4f,100
EU826340,HCV,3a,100
EU826324,HCV,3a,100
EU826332,HCV,3a,100
EU826335,HCV,3a,100
EU826319,HCV,3a,100
EU826317,HCV,3a,100
EU826333,HCV,3a,100
EU826345,HCV,3a,100
EU826327,HCV,3a,100
JX674832,HCV,3a,100
EU826351,HCV,3a,100
EU826334,HCV,3a,100
EU826343,HCV,3a,100
JX674829,HCV,3a,100
JX674830,HCV,3a,100
JX674831,HCV,3a,100
JX674833,HCV,3a,100
EU826338,HCV,3a,100
EU826348,HCV,3a,100
EU826350,HCV,3a,100
EU826349,HCV,3a,100
EU826339,HCV,3a,100
JX674827,HCV,3a,100
EU826352,HCV,3a,100
JX674828,HCV,3a,100
JX674836,HCV,3a,100
JX674842,HCV,3a,100
JX674843,HCV,3a,100
JX674846,HCV,3a,100
JX674857,HCV,3a,100
JX674849,HCV,3a,100
JX674848,HCV,3a,100
JX674853,HCV,3a,100
JX674852,HCV,3a,100
JX674854,HCV,3a,100
JX674858,HCV,3a,100
JX674855,HCV,3a,100
JX674856,HCV,3a,100
JX674860,HCV,3a,100
JX674859,HCV,3a,100
JX674861,HCV,3a,100
JX674862,HCV,3a,100
JX674865,HCV,3a,100
JX674863,HCV,3a,100
JX674867,HCV,3a,100
JX674866,HCV,3a,100
JX674868,HCV,3a,100
JX674874,HCV,3a,100
JX674895,HCV,3a,100
JX674869,HCV,3a,100
JX674879,HCV,3a,100
JX674876,HCV,3a,100
JX674891,HCV,3a,100
JX674885,HCV,3a,100
JX674864,HCV,3a,100
JX674870,HCV,3a,100
JX674878,HCV,3a,100
JX674877,HCV,3a,100
JX674881,HCV,3a,100
JX674883,HCV,3a,100
JX674875,HCV,3a,100
JX674871,HCV,3a,100
JX674882,HCV,3a,100
JX674880,HCV,3a,100
JX674899,HCV,3a,100
JX674888,HCV,3a,100
JX674904,HCV,3a,100
JX674893,HCV,3a,100
JX674900,HCV,3a,100
JX674914,HCV,3a,100
JX674911,HCV,3a,100
JX674908,HCV,3a,100
JX674913,HCV,3a,100
JX674907,HCV,3a,100
JX674909,HCV,3a,100
JX674918,HCV,3a,100
JX674906,HCV,3a,100
JX674921,HCV,3a,100
JX674924,HCV,3a,100
JX674917,HCV,3a,100
JX674920,HCV,3a,100
JX674915,HCV,3a,100
JX674922,HCV,3a,100
JX674927,HCV,3a,100
OM312365,HCV,1a,100
JX674902,HCV,3a,100
JX674925,HCV,3a,100
JX674926,HCV,3a,100
ON228291,HCV,5a,100
OM312368,HCV,1a,100
OM312370,HCV,1a,100
OM312371,HCV,1a,100
JX674912,HCV,3a,100
OM312402,HCV,1a,100
OM312410,HCV,1a,100
OM312401,HCV,1a,100
OM312412,HCV,1a,100
OM312411,HCV,1a,100
OM312415,HCV,1a,100
OM312416,HCV,1a,100
OM312439,HCV,1a,100
OM312440,HCV,1a,100
OM312441,HCV,1a,100
OM312442,HCV,1a,100
OM312417,HCV,1a,100
OM312420,HCV,1a,100
OM312446,HCV,1a,100
OM312437,HCV,1a,100
OM312447,HCV,1a,100
OM312450,HCV,1a,100
OM312459,HCV,1a,100
OM312460,HCV,1a,100
OM312445,HCV,1a,100
OM312462,HCV,1a,100
OM312423,HCV,1a,100
OM312465,HCV,1a,100
OM312467,HCV,1a,100
OM312463,HCV,1a,100
OM312469,HCV,1a,100
OM312472,HCV,1a,100
OM312471,HCV,1a,100
OM312470,HCV,1a,100
OM312464,HCV,1a,100
OM312475,HCV,1b,100
OM312474,HCV,1b,100
OM312461,HCV,1a,100
OM312476,HCV,1b,100
OM312478,HCV,1b,100
OM312480,HCV,1b,100
JX674890,HCV,3a,100
JX674892,HCV,3a,100
JX674886,HCV,3a,100
JX674884,HCV,3a,100
JX674901,HCV,3a,100
JX674897,HCV,3a,100
JX674898,HCV,3a,100
JX674889,HCV,3a,100
JX674894,HCV,3a,100
ON228292,HCV,5a,100
OM312373,HCV,1a,100
OM312372,HCV,1a,100
OM312377,HCV,1a,100
OM312366,HCV,1a,100
OM312374,HCV,1a,100
OM312381,HCV,1a,100
OM312369,HCV,1a,100
OM312367,HCV,1a,100
OM312376,HCV,1a,100
OM312384,HCV,1a,100
ON228293,HCV,5a,100
OM312387,HCV,1a,100
OM312378,HCV,1a,100
OM312388,HCV,1a,100
OM312385,HCV,1a,100
OM312383,HCV,1a,100
OM312389,HCV,1a,100
OM312400,HCV,1a,100
OM312403,HCV,1a,100
OM312395,HCV,1a,100
OM312399,HCV,1a,100
OM312404,HCV,1a,100
OM312421,HCV,1a,100
OM312422,HCV,1a,100
OM312419,HCV,1a,100
OM312426,HCV,1a,100
OM312431,HCV,1a,100
OM312435,HCV,1a,100
OM312434,HCV,1a,100
OM312436,HCV,1a,100
OM312413,HCV,1a,100
OM312433,HCV,1a,100
OM312449,HCV,1a,100
OM312451,HCV,1a,100
OM312448,HCV,1a,100
OM312452,HCV,1a,100
OM312453,HCV,1a,100
OM312454,HCV,1a,100
OM312455,HCV,1a,100
OM312489,HCV,1b,100
OM312490,HCV,1b,100
OM312491,HCV,1b,100
OM312492,HCV,1b,100
OM312497,HCV,1b,100
OM312498,HCV,1b,100
OM312496,HCV,1b,100
OM312513,HCV,1b,100
OM312510,HCV,1b,100
OM312511,HCV,1b,100
OM312488,HCV,1b,100
OM312509,HCV,1b,100
OM312514,HCV,1b,100
OM312515,HCV,1b,100
OM312481,HCV,1b,100
OM312444,HCV,1a,100
OM312500,HCV,1b,100
OM312495,HCV,1b,100
OM312502,HCV,1b,100
OM312501,HCV,1b,100
OM312503,HCV,1b,100
OM312504,HCV,1b,100
OM312479,HCV,1b,100
OM312520,HCV,1b,100
OM312519,HCV,1b,100
OM312521,HCV,1b,100
OM312499,HCV,1b,100
OM312487,HCV,1b,100
OM312512,HCV,1b,100
OM312526,HCV,1b,100
OM312525,HCV,1b,100
OM312527,HCV,1b,100
OM312523,HCV,1b,100
OM312528,HCV,1b,100
OM312508,HCV,1b,100
OM312533,HCV,1b,100
OM312532,HCV,1b,100
OM312534,HCV,1b,100
OM312522,HCV,1b,100
OM312535,HCV,1b,100
OM312538,HCV,1b,100
OM312539,HCV,1b,100
OM312540,HCV,1b,100
OM312541,HCV,1b,100
OM312531,HCV,1b,100
OM312550,HCV,1b,100
OM312552,HCV,1b,100
OM312549,HCV,1b,100
OM312562,HCV,3a,100
OM312563,HCV,3a,100
OM312557,HCV,3a,100
OM312537,HCV,1b,100
OM312558,HCV,3a,100
OM312560,HCV,3a,100
OM312561,HCV,3a,100
OM312551,HCV,1b,100
OM312547,HCV,1b,100
OM312554,HCV,3a,100
JX674896,HCV,3a,100
OM312559,HCV,3a,100
OM312570,HCV,3a,100
OM312573,HCV,3a,100
OM312569,HCV,3a,100
OM312574,HCV,3a,100
JX674872,HCV,3a,100
OM312572,HCV,3a,100
OM312575,HCV,3a,100
JX674887,HCV,3a,100
JX674873,HCV,3a,100
OM312589,HCV,3a,100
OM312580,HCV,3a,100
OM312581,HCV,3a,100
OM312583,HCV,3a,100
OM312556,HCV,3a,100
OM312576,HCV,3a,100
OM312582,HCV,3a,100
OM312584,HCV,3a,100
OM312587,HCV,3a,100
OM312586,HCV,3a,100
OM312601,HCV,3a,100
OM312600,HCV,3a,100
OM312603,HCV,3a,100
OM312585,HCV,3a,100
OM312579,HCV,3a,100
OM312608,HCV,3a,100
OM312610,HCV,3a,100
OM312611,HCV,3a,100
OM312614,HCV,3a,100
OM312616,HCV,3a,100
OM312578,HCV,3a,100
OM312621,HCV,3a,100
OM312620,HCV,3a,100
OM312622,HCV,3a,100
OM312623,HCV,3a,100
OM312595,HCV,3a,100
OM312625,HCV,3a,100
OM312613,HCV,3a,100
OM312602,HCV,3a,100
OM312596,HCV,3a,100
OM312604,HCV,3a,100
OM312606,HCV,3a,100
OM312590,HCV,3a,100
OM312605,HCV,3a,100
OM312607,HCV,3a,100
OM312629,HCV,3a,100
OM312631,HCV,3a,100
OM312633,HCV,3a,100
OM312618,HCV,3a,100
OM312634,HCV,3a,100
OM312612,HCV,3a,100
OM312635,HCV,3a,100
OM312627,HCV,3a,100
OM312640,HCV,3a,100
OM312638,HCV,3a,100
OM312643,HCV,3a,100
OM312626,HCV,3a,100
OM312652,HCV,3a,100
OM312653,HCV,3a,100
OM312632,HCV,3a,100
OM312651,HCV,3a,100
OM312644,HCV,3a,100
OM312645,HCV,3a,100
OM312588,HCV,3a,100
OM312577,HCV,3a,100
OM312591,HCV,3a,100
OM312593,HCV,3a,100
OM312592,HCV,3a,100
OM312594,HCV,3a,100
EF207987,HCV,3a,100
EF207988,HCV,3a,100
EF207990,HCV,3a,100
EF207991,HCV,3a,100
EF207992,HCV,3a,100
OM312656,HCV,3a,100
OM312642,HCV,3a,100
EF208005,HCV,3a,100
OM312660,HCV,3a,100
OM312663,HCV,3a,100
OM312661,HCV,3a,100
OM312662,HCV,3a,100
OM312647,HCV,3a,100
OM312658,HCV,3a,100
OM312639,HCV,3a,100
EF207993,HCV,3a,100
EF207997,HCV,3a,100
EF207998,HCV,3a,100
EF208000,HCV,3a,100
EF208001,HCV,3a,100
EF208006,HCV,3a,100
EF207994,HCV,3a,100
EF208003,HCV,3a,100
EF207996,HCV,3a,100
EF207995,HCV,3a,100
EF208014,HCV,3a,100
EF208013,HCV,3a,100
EF208004,HCV,3a,100
EU826184,HCV,3a,100
EU826185,HCV,3a,100
EF208012,HCV,3a,100
EF208002,HCV,3a,100
EF208008,HCV,3a,100
EF208007,HCV,3a,100
EF208009,HCV,3a,100
EF208015,HCV,3a,100
EU826223,HCV,3a,100
EU826186,HCV,3a,100
EU826224,HCV,3a,100
EU826225,HCV,3a,100
EF207999,HCV,3a,100
EF208010,HCV,3a,100
EF208011,HCV,3a,100
EF207989,HCV,3a,100
EU826230,HCV,3a,100
EU826235,HCV,3a,100
EU826237,HCV,3a,100
EU826227,HCV,3a,100
EU826228,HCV,3a,100
EU826222,HCV,3a,100
EU826229,HCV,3a,100
EU826231,HCV,3a,100
EU826236,HCV,3a,100
EU826234,HCV,3a,100
EU826232,HCV,3a,100
EU826238,HCV,3a,100
EU826241,HCV,3a,100
EU826239,HCV,3a,100
EU826243,HCV,3a,100
EU826233,HCV,3a,100
EU826247,HCV,3a,100
EU826253,HCV,3a,100
EU826246,HCV,3a,100
EU826248,HCV,3a,100
EU826240,HCV,3a,100
EU826226,HCV,3a,100
EU826249,HCV,3a,100
EU826250,HCV,3a,100
EU826245,HCV,3a,100
EU826252,HCV,3a,100
EU826258,HCV,3a,100
EU826263,HCV,3a,100
EU826261,HCV,3a,100
EU826259,HCV,3a,100
EU826262,HCV,3a,100
EU826251,HCV,3a,100
EU826242,HCV,3a,100
EU826260,HCV,3a,100
EU826244,HCV,3a,100
EU826255,HCV,3a,100
EU826257,HCV,3a,100
OK001606,HCV,4a,100
OK001608,HCV,4d,100
EU826256,HCV,3a,100
OK001607,HCV,4a,100
OK001610,HCV,4a,100
EU826265,HCV,3a,100
EU826264,HCV,3a,100
MT233478,HCV,1a,100
MT233479,HCV,1a,100
EU826254,HCV,3a,100
MT233480,HCV,1a,100
OK001601,HCV,4o,100
OK001602,HCV,4o,100
OK001603,HCV,4o,100
OK001604,HCV,4d,100
OK001605,HCV,4a,100
OK001609,HCV,4d,82
AF320788,HCV,3a,100
AF320790,HCV,3a,100
AF320791,HCV,3a,100
AF320792,HCV,3a,100
AF320800,HCV,3a,100
AF320806,HCV,3a,100
AF320796,HCV,3a,100
AF320794,HCV,3a,100
AF320797,HCV,3a,100
AF320802,HCV,3a,100
AF320803,HCV,3a,100
AF320793,HCV,3a,100
AF320801,HCV,3a,100
AF320795,HCV,3a,100
AF320798,HCV,3a,100
AF320805,HCV,3a,100
AF320809,HCV,3a,100
AF320799,HCV,3a,100
OM811425,HCV,1b,100
OM811436,HCV,1b,100
AF320789,HCV,3a,100
AF320804,HCV,3a,100
AF320812,HCV,3a,100
AF320811,HCV,3a,100
AF320813,HCV,3a,100
AF320810,HCV,3a,100
OM811432,HCV,1b,100
MH373261,HCV,1b,100
OM811430,HCV,1b,100
OM811435,HCV,3a,100
OM811434,HCV,3a,100
MH373273,HCV,1b,100
MH373277,HCV,1b,100
MH373274,HCV,1b,100
ON314825,HCV,2j,69
MH373275,HCV,1b,100
MH373276,HCV,1b,100
MH373278,HCV,1b,100
ON314816,HCV,2j,100
MH373280,HCV,1b,100
MH373281,HCV,1b,100
MH373283,HCV,1b,100
MH373284,HCV,1b,100
MH373267,HCV,1b,100
ON314819,HCV,2q,52
MH373279,HCV,1b,100
MH373293,HCV,1b,100
MH373282,HCV,1b,100
MH373294,HCV,1b,100
MH373296,HCV,1b,100
MH373297,HCV,1b,100
ON314823,HCV,2j,80
MH373298,HCV,1b,100
MH373305,HCV,1b,100
MH373303,HCV,1b,100
MH373307,HCV,1b,100
MH373306,HCV,1b,100
MH373295,HCV,1b,100
MH373314,HCV,1b,100
MH373292,HCV,1b,100
MH373317,HCV,1b,100
MH373318,HCV,1b,100
MH373287,HCV,1b,100
MH373285,HCV,1b,100
MH373286,HCV,1b,100
MH373289,HCV,1b,100
MH373288,HCV,1b,100
MH373290,HCV,1b,100
MH373309,HCV,1b,100
MH373311,HCV,1b,100
MH373312,HCV,1b,100
MH373316,HCV,1b,100
MH373315,HCV,1b,100
MH373321,HCV,1b,100
MH373324,HCV,1b,100
MH373327,HCV,1b,100
MH373325,HCV,1b,100
ON314826,HCV,2j,100
MH373342,HCV,1b,100
MH373332,HCV,1b,100
MH373335,HCV,1b,100
MH373336,HCV,1b,100
MH373326,HCV,1b,100
MH373329,HCV,1b,100
MH373331,HCV,1b,100
MH373333,HCV,1b,100
MH373320,HCV,1b,100
MH373343,HCV,1b,100
MH373344,HCV,1b,100
MH373337,HCV,1b,100
MH373291,HCV,1b,100
MH373346,HCV,1b,100
MH373300,HCV,1b,100
ON314822,HCV,2k,98
MH373301,HCV,1b,100
MH373302,HCV,1b,100
MH373304,HCV,1b,100
KT779133,HCV,3a,100
MH373319,HCV,1b,100
MH373340,HCV,1b,100
KT779127,HCV,3a,100
KT779132,HCV,3a,100
KT779129,HCV,3a,100
KT779128,HCV,3a,100
KT779139,HCV,3a,100
KT779138,HCV,3a,100
KT779142,HCV,3a,100
KT779134,HCV,3a,100
MH373341,HCV,1b,100
MH373323,HCV,1b,100
MH373334,HCV,1b,100
MH373328,HCV,1b,100
MH373349,HCV,1b,100
MH373339,HCV,1b,100
JF735117,HCV,2j,100
JF735114,HCV,2d,100
JF735116,HCV,2j,100
JF735112,HCV,2a,82
JF735119,HCV,2a,98
DQ314806,HCV,6g,100
DQ314805,HCV,6e,100
OK001600,HCV,4o,100
AB661392,HCV,2b,100
MH373348,HCV,1b,100
KT779130,HCV,3a,100
AY956463,HCV,1a,100
AY956467,HCV,3a,100
AY956468,HCV,1a,100
AY956464,HCV,1a,100
AY956466,HCV,1a,100
KT779131,HCV,3a,100
MT233488,HCV,1a,100
MT233486,HCV,1a,100
MT233498,HCV,1a,100
KT779135,HCV,3a,100
MT233493,HCV,1a,100
MT233499,HCV,1a,100
MT233485,HCV,1a,100
KT779136,HCV,3a,100
MT233490,HCV,1a,100
MT233492,HCV,1a,100
MT233487,HCV,1a,100
MT233495,HCV,1a,100
EU826346,HCV,3a,100
MT233491,HCV,1a,100
MT233496,HCV,1a,100
MT233497,HCV,1a,100
MT233494,HCV,1a,100
MT233502,HCV,1a,100
MT233503,HCV,1a,100
MT233500,HCV,1a,100
AM600912,HCV,1a,100
AM600913,HCV,1a,100
AM600915,HCV,1a,100
AM600914,HCV,1a,100
AM600923,HCV,1a,100
AM600924,HCV,1a,100
AM600931,HCV,1a,100
AM600934,HCV,1a,100
AM600937,HCV,1a,100
AM600946,HCV,1a,100
AM600938,HCV,1a,100
AM600947,HCV,1a,100
EU826183,HCV,3a,100
MT233463,HCV,1a,100
MT233466,HCV,1a,100
EU826182,HCV,3a,100
AM600927,HCV,1a,100
AM600928,HCV,1a,100
MT233469,HCV,1a,100
AM600954,HCV,1a,100
AM600929,HCV,1a,100
EU826187,HCV,3a,100
EU826190,HCV,3a,100
EU826177,HCV,3a,100
AM600955,HCV,1a,100
EU826209,HCV,3a,100
EU826203,HCV,3a,100
EU826201,HCV,3a,100
EU826289,HCV,3a,100
EU826285,HCV,3a,100
EU826293,HCV,3a,100
EU826280,HCV,3a,100
EU826303,HCV,3a,100
EU826283,HCV,3a,100
EU826295,HCV,3a,100
EU826292,HCV,3a,100
EU826314,HCV,3a,100
EU826311,HCV,3a,100
EU826307,HCV,3a,100
EU826313,HCV,3a,100
EU826315,HCV,3a,100
EU826316,HCV,3a,100
EU826329,HCV,3a,100
EU826336,HCV,3a,100
EU826322,HCV,3a,100
EU826328,HCV,3a,100
EU826344,HCV,3a,100
MT233477,HCV,1a,100
MT233474,HCV,1a,100
MT233475,HCV,1a,100
MT233476,HCV,1a,100
MT233473,HCV,1a,100
OK001611,HCV,4d,100
AF320787,HCV,3a,100
OM811422,HCV,1b,100
OM811423,HCV,3a,100
AF320807,HCV,3a,100
AF320808,HCV,3a,100
OM811427,HCV,1b,100
OM811428,HCV,3a,100
OM811424,HCV,3a,100
OM811426,HCV,3a,100
OM811437,HCV,1b,100
OM811438,HCV,1b,100
OM811429,HCV,1b,100
OM811431,HCV,3a,100
OM811433,HCV,1a,100
OM811442,HCV,3a,100
OM811443,HCV,1b,100
OM811440,HCV,1a,100
OM811441,HCV,1b,100
OM811439,HCV,3a,100
EF208018,HCV,3a,100
EF208016,HCV,3a,100
OK001595,HCV,4a,100
EF208017,HCV,3a,100
OK001597,HCV,4a,100
OK001599,HCV,4a,100
OK001596,HCV,4a,100
OK001598,HCV,4a,100
MW041295,HCV,2j,100
AB031663,HCV,2k,100
MW041294,HCV,2j,100
MW041299,HCV,2j,100
MW041298,HCV,2j,100
MW041296,HCV,2j,100
DQ278891,HCV,6l,100
MW041297,HCV,2j,100
DQ278893,HCV,6l,100
KU861171,HCV,2j,49
DQ278894,HCV,6n,100
AB661391,HCV,2b,100
DQ278892,HCV,6w,100
AB661393,HCV,2b,100
AB661396,HCV,2b,100
AB661395,HCV,2b,100
AB661397,HCV,2b,100
AB661399,HCV,2b,100
AB661400,HCV,2b,100
AB661401,HCV,2b,100
AB661398,HCV,2b,100
AB661394,HCV,2b,100
AB661405,HCV,2b,100
AB661403,HCV,2b,100
AB661404,HCV,2b,100
AB661406,HCV,2b,100
AB661402,HCV,2b,100
AB661409,HCV,2b,100
AB661407,HCV,2b,100
AB661408,HCV,2b,100
AB661412,HCV,2b,100
AB661413,HCV,2b,100
AB661411,HCV,2b,100
AB661418,HCV,2b,100
AB661414,HCV,2b,100
AB661415,HCV,2b,100
AB661417,HCV,2b,100
AB661410,HCV,2b,100
AB661416,HCV,2b,100
AB661419,HCV,2b,100
AB661422,HCV,2b,100
AB661420,HCV,2b,100
AB661423,HCV,2b,100
AB661427,HCV,2b,100
AB661425,HCV,2b,100
AB661426,HCV,2b,100
AB661421,HCV,2b,100
AB661428,HCV,2b,100
AB661424,HCV,2b,100
ON314812,HCV,2k,91
ON314813,HCV,2k,89
AB661429,HCV,2b,100
AB661430,HCV,2b,100
AB661432,HCV,2b,100
AB661431,HCV,2b,100
MH373257,HCV,1b,100
MH373258,HCV,1b,100
MH373259,HCV,1b,100
ON314817,HCV,2k,68
MH373260,HCV,1b,100
ON314820,HCV,2j,45
MH373262,HCV,1b,100
ON314814,HCV,2q,68
MH373264,HCV,1b,100
MH373263,HCV,1b,100
MH373265,HCV,1b,100
ON314821,HCV,2j,100
MH373268,HCV,1b,100
ON314815,HCV,2j,55
MH373270,HCV,1b,100
MH373272,HCV,1b,100
ON314818,HCV,2k,100
MH373269,HCV,1b,100
ON314824,HCV,2q,100
MH373266,HCV,1b,100
MH373271,HCV,1b,100
MH373299,HCV,1b,100
ON314828,HCV,2q,57
MH373310,HCV,1b,100
MH373313,HCV,1b,100
ON314827,HCV,2q,75
MH373308,HCV,1b,100
MH373322,HCV,1b,100
MH373330,HCV,1b,100
MH373347,HCV,1b,100
MH373338,HCV,1b,100
MH373345,HCV,1b,100
KT779143,HCV,3a,100
KT779144,HCV,3a,100
KT779137,HCV,3a,100
KT779141,HCV,3a,100
KT779140,HCV,3a,100
AB661373,HCV,2b,100
AY956465,HCV,1a,100
AB661375,HCV,2b,100
AB661376,HCV,2b,100
AB661379,HCV,2b,100
AB661377,HCV,2b,100
AY956469,HCV,1a,100
AB661378,HCV,2b,100
AB661380,HCV,2b,100
EU826266,HCV,3a,100
AB661382,HCV,2b,100
AB661383,HCV,2b,100
AB661374,HCV,2b,100
AB661386,HCV,2b,100
AB661381,HCV,2b,100
AB661387,HCV,2b,100
AB661385,HCV,2b,100
AB661384,HCV,2b,100
AB661388,HCV,2b,100
AB661390,HCV,2b,100
AB661389,HCV,2b,100
EU826347,HCV,3a,100
EU826342,HCV,3a,100
EU826337,HCV,3a,100
EU826341,HCV,3a,100
JX674834,HCV,3a,100
JX674837,HCV,3a,100
JX674835,HCV,3a,100
JX674839,HCV,3a,100
JX674838,HCV,3a,100
JX674841,HCV,3a,100
JX674845,HCV,3a,100
JX674844,HCV,3a,100
JX674847,HCV,3a,100
JX674850,HCV,3a,100
JX674851,HCV,3a,100
JX674840,HCV,3a,100
JX674903,HCV,3a,100
JX674905,HCV,3a,100
JX674916,HCV,3a,100
JX674910,HCV,3a,100
JX674928,HCV,3a,100
JX674930,HCV,3a,100
JX674919,HCV,3a,100
OM312375,HCV,1a,100
JX674929,HCV,3a,100
OM312379,HCV,1a,100
OM312380,HCV,1a,100
JX674931,HCV,3b,100
JX674923,HCV,3a,100
OM312393,HCV,1a,100
OM312390,HCV,1a,100
OM312391,HCV,1a,100
OM312386,HCV,1a,100
OM312396,HCV,1a,100
ON228290,HCV,5a,100
ON228289,HCV,5a,100
OM312398,HCV,1a,100
OM312394,HCV,1a,100
OM312392,HCV,1a,100
OM312405,HCV,1a,100
OM312407,HCV,1a,100
OM312382,HCV,1a,100
OM312408,HCV,1a,100
OM312409,HCV,1a,100
OM312414,HCV,1a,100
OM312397,HCV,1a,100
OM312406,HCV,1a,100
OM312424,HCV,1a,100
OM312418,HCV,1a,100
OM312425,HCV,1a,100
OM312427,HCV,1a,100
OM312429,HCV,1a,100
OM312428,HCV,1a,100
OM312430,HCV,1a,100
OM312432,HCV,1a,100
OM312438,HCV,1a,100
OM312456,HCV,1a,100
OM312457,HCV,1a,100
OM312458,HCV,1a,100
OM312443,HCV,1a,100
OM312468,HCV,1a,100
OM312466,HCV,1a,100
OM312483,HCV,1b,100
OM312482,HCV,1b,100
OM312486,HCV,1b,100
OM312485,HCV,1b,100
OM312484,HCV,1b,100
OM312477,HCV,1b,100
OM312493,HCV,1b,100
OM312494,HCV,1b,100
OM312473,HCV,1a,100
OM312507,HCV,1b,100
OM312505,HCV,1b,100
OM312506,HCV,1b,100
OM312516,HCV,1b,100
OM312517,HCV,1b,100
OM312518,HCV,1b,100
OM312524,HCV,1b,100
OM312536,HCV,1b,100
OM312529,HCV,1b,100
OM312545,HCV,1b,100
OM312530,HCV,1b,100
OM312542,HCV,1b,100
OM312543,HCV,1b,100
OM312544,HCV,1b,100
OM312548,HCV,1b,100
OM312553,HCV,1b,100
OM312555,HCV,3a,100
OM312565,HCV,3a,100
OM312567,HCV,3a,100
OM312566,HCV,3a,100
OM312568,HCV,3a,100
OM312546,HCV,1b,100
OM312571,HCV,3a,100
OM312564,HCV,3a,100
OM312598,HCV,3a,100
OM312597,HCV,3a,100
OM312599,HCV,3a,100
OM312619,HCV,3a,100
OM312615,HCV,3a,100
OM312617,HCV,3a,100
OM312628,HCV,3a,100
OM312624,HCV,3a,100
OM312609,HCV,3a,100
OM312636,HCV,3a,100
OM312637,HCV,3a,100
OM312630,HCV,3a,100
OM312648,HCV,3a,100
OM312646,HCV,3a,100
OM312641,HCV,3a,100
OM312654,HCV,3a,100
OM312655,HCV,3a,100
OM312657,HCV,3a,100
OM312649,HCV,3a,100
OM312650,HCV,3a,100
OM312659,HCV,3a,100
AB047641,HCV,2a,100
MK139020,HCV,6n,100
FN666428,HCV,2q,100
AB709673,HCV,1b,100
ON506814,HCV,1a,100
MK143528,HCV,1b,100
ON841557,HCV,3a,100
MK143527,HCV,1a,100
KC415755,HCV,3a,100
AB709590,HCV,1b,100
AB709595,HCV,1b,100
AB709574,HCV,1b,100
ON841537,HCV,1b,100
ON841554,HCV,3a,100
ON841556,HCV,3a,100
ON841553,HCV,3a,100
MF114242,HCV,1b,100
KC415754,HCV,3a,100
MH733087,HCV,1b,100
MH733089,HCV,1b,100
AY232735,HCV,2b,100
MH733088,HCV,1b,100
MH733086,HCV,1b,100
MH733092,HCV,1b,100
MH733135,HCV,1a,100
MH733134,HCV,1a,100
MH733136,HCV,1a,100
MH733116,HCV,1b,100
MH733110,HCV,1b,100
MH733138,HCV,1a,100
ON841550,HCV,3a,100
MF114238,HCV,1b,100
KC415737,HCV,3a,100
ON841555,HCV,3a,100
KC415736,HCV,3a,100
KC415743,HCV,3a,100
KC415734,HCV,3a,100
KC415744,HCV,3a,100
KC415751,HCV,3a,100
MH733085,HCV,1b,100
AY232730,HCV,2b,100
KC415753,HCV,3a,100
MH733114,HCV,1b,100
MK139021,HCV,6n,100
MH885792,HCV,3a,100
MH885794,HCV,3a,100
MH885793,HCV,3a,100
U37654,HCV,1b,100
MH885779,HCV,3a,100
MK139018,HCV,6n,100
MK139015,HCV,6n,100
MH885780,HCV,3a,100
MH885781,HCV,3a,100
MH885782,HCV,3a,100
MH885795,HCV,3a,100
MH885796,HCV,3a,100
MH885784,HCV,3a,100
MK139017,HCV,6n,100
AB693852,HCV,1b,100
KC415745,HCV,3a,100
AB709536,HCV,1b,100
AB709535,HCV,1b,100
AB709537,HCV,1b,100
MH733096,HCV,1b,100
AB709538,HCV,1b,100
JQ717254,HCV,3a,100
AB709556,HCV,1b,100
AB709546,HCV,1b,100
AB709547,HCV,1b,100
AB709551,HCV,1b,100
AB709548,HCV,1b,100
AB709552,HCV,1b,100
AB709549,HCV,1b,100
AB709550,HCV,1b,100
AB709553,HCV,1b,100
AB709587,HCV,1b,100
AB709592,HCV,1b,100
AB709609,HCV,1b,100
AB709610,HCV,1b,100
AB693863,HCV,1b,100
JN714194,HCV,3a,100
AB693865,HCV,1b,100
AB693864,HCV,1b,100
AY878652,HCV,6n,100
AB693866,HCV,1b,100
AB709584,HCV,1b,100
AB709622,HCV,1b,100
AB709653,HCV,1b,100
AB709655,HCV,1b,100
AB709656,HCV,1b,100
AB047640,HCV,2a,100
AB709652,HCV,1b,100
AB709657,HCV,1b,100
AB709654,HCV,1b,100
AB047643,HCV,2a,100
AB709661,HCV,1b,100
AB709660,HCV,1b,100
AB709629,HCV,1b,100
AB709643,HCV,1b,100
AB709664,HCV,1b,100
AB709671,HCV,1b,100
AB709690,HCV,1b,100
AB709647,HCV,1b,100
AB709679,HCV,1b,100
AB709731,HCV,1b,100
AB709719,HCV,1b,100
AB709763,HCV,1b,100
AB709742,HCV,1b,100
AB709775,HCV,1b,100
AB709753,HCV,1b,100
AB709754,HCV,1b,100
AB709756,HCV,1b,100
AB709714,HCV,1b,100
AB709774,HCV,1b,100
AB709777,HCV,1b,100
AB709772,HCV,1b,100
AB709761,HCV,1b,100
MW357797,HCV,1b,100
AB709793,HCV,1b,100
KJ437271,HCV,1a,100
KJ437296,HCV,1a,100
AB709799,HCV,1b,100
AB709796,HCV,1b,100
AB709797,HCV,1b,100
AB709798,HCV,1b,100
AB709787,HCV,1b,100
KX621547,HCV,2b,100
MW357798,HCV,1b,100
ON506758,HCV,3a,100
ON506748,HCV,1a,100
ON506751,HCV,3a,100
ON506750,HCV,1a,100
ON506753,HCV,1a,100
ON506779,HCV,3a,100
ON506781,HCV,4a,100
ON506761,HCV,1a,100
ON506783,HCV,1a,100
ON506782,HCV,3a,100
ON506786,HCV,1a,100
KJ437279,HCV,1a,100
KJ437342,HCV,3a,100
KJ437307,HCV,3a,100
KJ437327,HCV,3a,100
ON506780,HCV,1b,100
ON506754,HCV,4d,100
ON506813,HCV,3a,100
ON506790,HCV,3a,100
ON506778,HCV,4a,100
ON506789,HCV,1a,100
ON506791,HCV,1b,100
ON506793,HCV,4d,100
KX621549,HCV,2b,100
ON506794,HCV,3a,100
ON506798,HCV,3a,100
ON506805,HCV,3a,100
ON506807,HCV,1a,100
ON506800,HCV,3a,100
ON506808,HCV,4d,100
KX621554,HCV,2b,100
ON506809,HCV,1a,100
ON506810,HCV,3a,100
ON506811,HCV,1a,100
ON506812,HCV,1a,100
ON506792,HCV,1a,100
ON506823,HCV,1a,100
MT151156,HCV,2a,100
KX621556,HCV,2b,100
MT151157,HCV,1a,100
ON506824,HCV,1a,100
ON506819,HCV,4d,100
ON506817,HCV,4d,100
ON506818,HCV,4a,100
ON506806,HCV,1b,100
ON506821,HCV,1a,100
ON506820,HCV,1a,100
KX621551,HCV,2b,100
MT151231,HCV,4r,100
MT151182,HCV,1h,74
MT151183,HCV,4f,100
MT151184,HCV,4v,100
MT151185,HCV,4k,100
MT151167,HCV,1l,100
MT151168,HCV,4r,100
MT151169,HCV,1l,100
MT151170,HCV,3h,100
MT151172,HCV,4r,100
MT151181,HCV,4b,99
MT151214,HCV,4v,100
MT151216,HCV,1l,100
MT151197,HCV,1l,100
MT151200,HCV,1a,100
MT151199,HCV,1b,100
MT151198,HCV,4v,100
MT151232,HCV,4r,100
MT151279,HCV,4r,100
KY460658,HCV,4d,100
KY460643,HCV,4d,100
KY460631,HCV,4d,100
KY460661,HCV,4d,100
MH703684,HCV,6q,100
MH703681,HCV,6e,100
MH703687,HCV,6e,100
MH703695,HCV,6a,100
MH703693,HCV,6e,100
MK143456,HCV,1b,100
MK143510,HCV,1a,100
MK143513,HCV,1b,100
MK143512,HCV,1b,100
MF114237,HCV,1b,100
KT779152,HCV,3a,100
ON841561,HCV,3a,100
ON841563,HCV,3a,100
ON841566,HCV,3a,100
ON841565,HCV,3a,100
KT779153,HCV,3a,100
KC415742,HCV,3a,100
KC415746,HCV,3a,100
KC415747,HCV,3a,100
MH733078,HCV,1b,100
MH733079,HCV,1b,100
MH733080,HCV,1b,100
MH733081,HCV,1b,100
MH733101,HCV,1b,100
MH733104,HCV,1b,100
MH733103,HCV,1b,100
ON841562,HCV,3a,100
MH733107,HCV,1b,100
MH733106,HCV,1b,100
MH733105,HCV,1b,100
MH733119,HCV,1b,100
MH733121,HCV,1b,100
MH733120,HCV,1b,100
U37646,HCV,1a,100
U37649,HCV,1b,100
AY232741,HCV,2b,100
AY232739,HCV,2b,100
AY232745,HCV,2b,100
AY232743,HCV,2b,100
AY232736,HCV,2b,100
AY232737,HCV,2b,100
AY232733,HCV,2b,100
AY232740,HCV,2b,100
AY232732,HCV,2b,100
AY232734,HCV,2b,100
AY232742,HCV,2b,100
KF035123,HCV,3a,100
KF035127,HCV,3a,100
KF035126,HCV,3a,100
KF035125,HCV,3a,100
AB047642,HCV,2a,100
AB047645,HCV,2a,100
ON506765,HCV,1a,100
FN666429,HCV,2q,100
MK143529,HCV,1a,100
MK143530,HCV,1b,100
MK143531,HCV,1a,100
MK143533,HCV,1b,100
MK143532,HCV,1a,100
MF114239,HCV,1b,100
MF114241,HCV,1b,100
MF114243,HCV,1b,100
MF114244,HCV,1b,100
MF114240,HCV,1b,100
ON841548,HCV,1b,100
MF114245,HCV,1b,100
ON841549,HCV,3a,100
ON841551,HCV,3a,100
ON841536,HCV,1b,100
ON841535,HCV,1a,100
ON841552,HCV,3a,100
KC415735,HCV,3a,100
KT779147,HCV,3a,100
MH733093,HCV,1b,100
AY232731,HCV,2b,100
MH733094,HCV,1b,100
MH733095,HCV,1b,100
AY232746,HCV,2b,100
MH733108,HCV,1b,100
MH733090,HCV,1b,100
MH733109,HCV,1b,100
MH733111,HCV,1b,100
MH733112,HCV,1b,100
MH733091,HCV,1b,100
MH733115,HCV,1b,100
MH733113,HCV,1b,100
KC415752,HCV,3a,100
MH733117,HCV,1b,100
MH733118,HCV,1b,100
MH733128,HCV,1b,100
MH733129,HCV,1a,100
AY232748,HCV,2b,100
MH733131,HCV,1a,100
MH733130,HCV,1a,100
MH733133,HCV,1a,100
MH733139,HCV,1a,100
MH733151,HCV,1a,100
MH733152,HCV,1a,100
MH733153,HCV,1a,100
MH733154,HCV,1a,100
MH733155,HCV,1a,100
MH733158,HCV,1a,100
MH733157,HCV,1a,100
MH733159,HCV,1a,100
MH733161,HCV,1a,100
MH733160,HCV,1a,100
MH733132,HCV,1a,100
MH733150,HCV,1a,100
U37653,HCV,1b,100
U37652,HCV,1b,100
U37655,HCV,1b,100
U37656,HCV,1b,100
U37657,HCV,1b,100
U37658,HCV,1b,100
MH733137,HCV,1a,100
MH733156,HCV,1a,100
U37659,HCV,1b,100
AY232738,HCV,2b,100
AY232749,HCV,2b,100
AY232744,HCV,2b,100
AY232747,HCV,2b,100
MK139016,HCV,6n,100
AY878651,HCV,6l,100
MK139022,HCV,6n,100
KF035124,HCV,3a,100
MK139019,HCV,6n,100
MH885783,HCV,3a,100
MH885785,HCV,3a,100
MH885778,HCV,3a,100
MH885786,HCV,3a,100
HQ738645,HCV,3a,100
MH885789,HCV,3a,100
MH885788,HCV,3a,100
MH885787,HCV,3a,100
MH885790,HCV,3a,100
AB709670,HCV,1b,100
AB709658,HCV,1b,100
AB709674,HCV,1b,100
AB709672,HCV,1b,100
AB709669,HCV,1b,100
AB709675,HCV,1b,100
AB709676,HCV,1b,100
AB709677,HCV,1b,100
AB709678,HCV,1b,100
AB709681,HCV,1b,100
AB709682,HCV,1b,100
AB709684,HCV,1b,100
AB709683,HCV,1b,100
AB709686,HCV,1b,100
AB709685,HCV,1b,100
AB709632,HCV,1b,100
AB709689,HCV,1b,100
AB709665,HCV,1b,100
AB709687,HCV,1b,100
AB709691,HCV,1b,100
AB709667,HCV,1b,100
AB709692,HCV,1b,100
AB709694,HCV,1b,100
AB709696,HCV,1b,100
AB709698,HCV,1b,100
AB709688,HCV,1b,100
AB709702,HCV,1b,100
AB709703,HCV,1b,100
AB709700,HCV,1b,100
AB709701,HCV,1b,100
AB709704,HCV,1b,100
AB709680,HCV,1b,100
AB709695,HCV,1b,100
AB709705,HCV,1b,100
AB709706,HCV,1b,100
AB709709,HCV,1b,100
AB709710,HCV,1b,100
AB709699,HCV,1b,100
AB709697,HCV,1b,100
AB709712,HCV,1b,100
AB709713,HCV,1b,100
AB709716,HCV,1b,100
AB709717,HCV,1b,100
AB709715,HCV,1b,100
AB709711,HCV,1b,100
AB709718,HCV,1b,100
AB709720,HCV,1b,100
AB709721,HCV,1b,100
AB709693,HCV,1b,100
AB709723,HCV,1b,100
AB709725,HCV,1b,100
AB709726,HCV,1b,100
AB709728,HCV,1b,100
AB709730,HCV,1b,100
AB709729,HCV,1b,100
AB709708,HCV,1b,100
AB709732,HCV,1b,100
AB709727,HCV,1b,100
AB709736,HCV,1b,100
AB709707,HCV,1b,100
AB709734,HCV,1b,100
AB709737,HCV,1b,100
AB709738,HCV,1b,100
AB709739,HCV,1b,100
AB709733,HCV,1b,100
AB709724,HCV,1b,100
AB709743,HCV,1b,100
AB709740,HCV,1b,100
AB709735,HCV,1b,100
AB709744,HCV,1b,100
AB709746,HCV,1b,100
AB709745,HCV,1b,100
AB709722,HCV,1b,100
AB709750,HCV,1b,100
AB709751,HCV,1b,100
AB709752,HCV,1b,100
AB709755,HCV,1b,100
AB709741,HCV,1b,100
AB709758,HCV,1b,100
AB709757,HCV,1b,100
AB709760,HCV,1b,100
AB709759,HCV,1b,100
AB709765,HCV,1b,100
AB709764,HCV,1b,100
AB709766,HCV,1b,100
AB709768,HCV,1b,100
AB709769,HCV,1b,100
AB709771,HCV,1b,100
AB709767,HCV,1b,100
AB709773,HCV,1b,100
AB709770,HCV,1b,100
AB709747,HCV,1b,100
AB709776,HCV,1b,100
AB709778,HCV,1b,100
AB709779,HCV,1b,100
AB709780,HCV,1b,100
AB709749,HCV,1b,100
AB709781,HCV,1b,100
AB709782,HCV,1b,100
AB709748,HCV,1b,100
AB709786,HCV,1b,100
AB709788,HCV,1b,100
AB709789,HCV,1b,100
AB709790,HCV,1b,100
AB709783,HCV,1b,100
AB709791,HCV,1b,100
AB709792,HCV,1b,100
AB709794,HCV,1b,100
AB709762,HCV,1b,100
AB709795,HCV,1b,100
AB709800,HCV,1b,100
AB709801,HCV,1b,100
AB709802,HCV,1b,100
AB709803,HCV,1b,100
AB709784,HCV,1b,100
AB709785,HCV,1b,100
KJ437313,HCV,3a,100
KJ437314,HCV,3a,100
KJ437300,HCV,1a,100
MT893907,HCV,4r,100
KX621545,HCV,2b,100
KX621548,HCV,2b,100
KX621546,HCV,2b,100
MT151224,HCV,1b,100
MT151221,HCV,3h,43
MT151225,HCV,1l,100
MT151226,HCV,1a,100
MT151227,HCV,4r,100
MT151228,HCV,1e,100
MT151229,HCV,5a,100
MT151230,HCV,4r,100
KX621550,HCV,2b,100
KX621555,HCV,2b,100
MT151233,HCV,4m,100
MT151236,HCV,2a,34
MT151235,HCV,1a,100
MT151239,HCV,4r,100
MT151240,HCV,4r,100
MT151238,HCV,1a,44
MT151204,HCV,1l,100
MT151242,HCV,1b,100
MT151241,HCV,1c,77
MT151244,HCV,3a,100
MT151247,HCV,1a,100
MT151245,HCV,4r,100
MT151219,HCV,4r,100
MT151246,HCV,5a,100
MT151249,HCV,3h,80
MT151250,HCV,4d,100
MT151251,HCV,1a,100
MT151252,HCV,4a,100
MT151253,HCV,4r,100
MT151234,HCV,1g,100
MT151254,HCV,1a,100
MT151257,HCV,4r,100
MT151255,HCV,1c,28
MT151256,HCV,3h,100
MT151258,HCV,4v,100
MT151243,HCV,2b,95
MT151260,HCV,3h,100
MT151261,HCV,4d,43
MT151262,HCV,2a,66
MT151263,HCV,1l,100
MT151267,HCV,1a,100
MT151266,HCV,4d,100
MT151268,HCV,4r,100
MT151272,HCV,1a,69
MT151273,HCV,1a,100
MT151274,HCV,4k,100
MT151276,HCV,1a,100
MT151259,HCV,4r,100
MT151275,HCV,4d,100
MT151277,HCV,5a,100
MT151237,HCV,4r,100
MT151278,HCV,1b,100
MT151280,HCV,1b,100
MT151281,HCV,3a,100
MT151283,HCV,4a,100
MT151284,HCV,4k,100
FJ518799,HCV,1a,100
MT151264,HCV,1a,52
FJ518800,HCV,1b,100
FJ518801,HCV,1a,100
FJ518802,HCV,1b,100
KY460625,HCV,4d,100
MT151285,HCV,1b,100
KY460626,HCV,4d,100
KY460628,HCV,4d,100
KY460629,HCV,4d,100
MT151248,HCV,4r,100
KY460632,HCV,4d,100
KY460627,HCV,4d,100
KY460634,HCV,4d,100
KY460635,HCV,4d,100
KY460630,HCV,4d,100
KY460637,HCV,4d,100
KY460638,HCV,4d,100
MT151282,HCV,2j,32
KY460639,HCV,4d,100
KY460640,HCV,4d,100
MT151286,HCV,3h,100
KY460642,HCV,4d,100
KY460622,HCV,4a,100
KY460641,HCV,4d,100
KY460645,HCV,4d,100
KY460650,HCV,4d,100
KY460651,HCV,4d,100
KY460653,HCV,4d,100
KY460654,HCV,4d,100
KY460656,HCV,4d,100
KY460655,HCV,4d,100
KY460657,HCV,4d,100
KY460652,HCV,4d,100
KY460659,HCV,4d,100
KY460644,HCV,4d,100
KY460636,HCV,4d,100
KY460668,HCV,4d,100
KY460667,HCV,4d,100
KY460665,HCV,4d,100
KY460633,HCV,4d,100
KY460666,HCV,4d,100
KY460664,HCV,4d,100
KY460669,HCV,4d,100
KY460671,HCV,4d,100
KY460670,HCV,4d,100
KY460672,HCV,4d,100
MH703670,HCV,6o,79
MH703673,HCV,6a,100
MH703674,HCV,6e,100
KY460663,HCV,4d,100
MH703676,HCV,6o,100
MH703677,HCV,6e,86
MH703678,HCV,6e,100
MH703679,HCV,6a,100
MH703680,HCV,6a,100
MH703683,HCV,6q,100
MH703682,HCV,6e,100
MH703686,HCV,6o,100
MH703685,HCV,6w,26
MH703671,HCV,6o,100
MH703691,HCV,6q,100
MH703689,HCV,6q,100
MH703692,HCV,6a,100
KY460660,HCV,4d,100
MH703690,HCV,6p,100
MT151269,HCV,1a,100
MT151265,HCV,1a,100
MT151270,HCV,4a,99
MT151271,HCV,1b,100
KY460647,HCV,4d,100
KY460646,HCV,4d,100
KY460648,HCV,4d,100
KY460649,HCV,4d,100
KY460673,HCV,4d,100
MH703668,HCV,6t,100
MH703669,HCV,6e,100
MH703672,HCV,6a,100
MK143470,HCV,1b,100
MK143476,HCV,1b,100
MK143478,HCV,1b,100
MK143477,HCV,1b,100
MK143479,HCV,1a,100
MK143465,HCV,1a,100
MH703702,HCV,6p,100
MN641918,HCV,1a,100
MN641919,HCV,1a,100
MN641920,HCV,1a,100
MK143497,HCV,1b,100
MK143491,HCV,1a,100
ON841539,HCV,1b,100
ON841538,HCV,1b,100
ON841540,HCV,1b,100
ON841541,HCV,1b,100
ON841542,HCV,1b,100
ON841543,HCV,1b,100
ON841544,HCV,1b,100
KC415738,HCV,3a,100
KC415740,HCV,3a,100
KC415739,HCV,3a,100
ON841559,HCV,3a,100
ON841564,HCV,3a,100
ON841560,HCV,3a,100
MH733082,HCV,1b,100
KC415749,HCV,3a,100
KC415757,HCV,3a,100
KC415741,HCV,3a,100
MH733125,HCV,1b,100
MH733123,HCV,1b,100
MH733124,HCV,1b,100
KC415750,HCV,3a,100
MH733126,HCV,1b,100
KC415756,HCV,3a,100
MH733102,HCV,1b,100
MH733141,HCV,1a,100
MH733143,HCV,1a,100
MH733148,HCV,1a,100
MH733127,HCV,1b,100
U37645,HCV,1a,100
MH733149,HCV,1a,100
U37647,HCV,1b,100
MH733122,HCV,1b,100
U37644,HCV,1a,100
KT779148,HCV,3a,100
MH885791,HCV,3a,100
MH885797,HCV,3a,100
JQ717255,HCV,3a,100
JQ717257,HCV,3a,100
AB693847,HCV,1b,100
AB693849,HCV,1b,100
AB693848,HCV,1b,100
AB693850,HCV,1b,100
AB693851,HCV,1b,100
AB693854,HCV,1b,100
AB693855,HCV,1b,100
AB693856,HCV,1b,100
AB693853,HCV,1b,100
AB693857,HCV,1b,100
AB693858,HCV,1b,100
AB693859,HCV,1b,100
AB693860,HCV,1b,100
AB693862,HCV,1b,100
AB693861,HCV,1b,100
AB693869,HCV,1b,100
AB693867,HCV,1b,100
AB693868,HCV,1b,100
AB693871,HCV,1b,100
AB693870,HCV,1b,100
AB693872,HCV,1b,100
AB709539,HCV,1b,100
AB709543,HCV,1b,100
AB709545,HCV,1b,100
AB709544,HCV,1b,100
AB709540,HCV,1b,100
AB709541,HCV,1b,100
AB709542,HCV,1b,100
AB709555,HCV,1b,100
AB709554,HCV,1b,100
JQ717256,HCV,3a,100
JQ717260,HCV,3a,100
JQ717258,HCV,3a,100
AB709559,HCV,1b,100
AB709557,HCV,1b,100
AB709558,HCV,1b,100
AB709561,HCV,1b,100
AB709563,HCV,1b,100
AB709564,HCV,1b,100
AB709565,HCV,1b,100
AB709560,HCV,1b,100
AB709566,HCV,1b,100
AB709562,HCV,1b,100
AB709568,HCV,1b,100
AB709570,HCV,1b,100
JQ717259,HCV,3a,100
AB709569,HCV,1b,100
AB709572,HCV,1b,100
AB709571,HCV,1b,100
AB709567,HCV,1b,100
AB709575,HCV,1b,100
AB709576,HCV,1b,100
AB709577,HCV,1b,100
AB709579,HCV,1b,100
AB709583,HCV,1b,100
AB709585,HCV,1b,100
AB709586,HCV,1b,100
AB709581,HCV,1b,100
AB709573,HCV,1b,100
AB709578,HCV,1b,100
AB709580,HCV,1b,100
AB709588,HCV,1b,100
AB709589,HCV,1b,100
AB709582,HCV,1b,100
AB709591,HCV,1b,100
AB709596,HCV,1b,100
AB709598,HCV,1b,100
AB709597,HCV,1b,100
AB709601,HCV,1b,100
AB709600,HCV,1b,100
AB709604,HCV,1b,100
AB709603,HCV,1b,100
AB709606,HCV,1b,100
AB709599,HCV,1b,100
AB709607,HCV,1b,100
AB709605,HCV,1b,100
AB047644,HCV,2a,100
AB709613,HCV,1b,100
AB709612,HCV,1b,100
AB709614,HCV,1b,100
AB709608,HCV,1b,100
AB709615,HCV,1b,100
AB709616,HCV,1b,100
AB709619,HCV,1b,100
AB709618,HCV,1b,100
AB709617,HCV,1b,100
AB709620,HCV,1b,100
AB709593,HCV,1b,100
AB709623,HCV,1b,100
AB709624,HCV,1b,100
AB709594,HCV,1b,100
AB709625,HCV,1b,100
AB709602,HCV,1b,100
AB709611,HCV,1b,100
AB709627,HCV,1b,100
AB709628,HCV,1b,100
AB709630,HCV,1b,100
AB709626,HCV,1b,100
AB709634,HCV,1b,100
AB709633,HCV,1b,100
AB709635,HCV,1b,100
AB709621,HCV,1b,100
AB709636,HCV,1b,100
AB709631,HCV,1b,100
AB709641,HCV,1b,100
AB709639,HCV,1b,100
AB709642,HCV,1b,100
AB709638,HCV,1b,100
AB709644,HCV,1b,100
AB709640,HCV,1b,100
AB709645,HCV,1b,100
AB709646,HCV,1b,100
AB709648,HCV,1b,100
AB709650,HCV,1b,100
AB709651,HCV,1b,100
AB709649,HCV,1b,100
AB709663,HCV,1b,100
AB709659,HCV,1b,100
AB709666,HCV,1b,100
AB709668,HCV,1b,100
AB709637,HCV,1b,100
AB709662,HCV,1b,100
MT893908,HCV,4a,79
MT893910,HCV,4k,100
MT893911,HCV,4r,100
MT893912,HCV,4a,84
MT893913,HCV,4r,100
MT893914,HCV,4r,100
KJ437318,HCV,3a,100
MW357793,HCV,1b,100
MW357794,HCV,1b,100
MW357795,HCV,1b,100
MW357796,HCV,1b,100
MW357799,HCV,1b,100
MT893909,HCV,4a,44
MW357801,HCV,1b,100
MW357800,HCV,1b,100
MW357803,HCV,1b,100
MW357804,HCV,1b,100
MW357805,HCV,1b,100
MW357806,HCV,1b,100
MW357808,HCV,1b,100
MW357809,HCV,1b,100
MW357810,HCV,1b,100
MW357811,HCV,1b,100
MW357812,HCV,1b,100
MW357813,HCV,1b,100
MW357814,HCV,1b,100
ON506742,HCV,1a,100
ON506743,HCV,1a,100
ON506744,HCV,1a,100
ON506745,HCV,1a,100
KJ437295,HCV,1b,100
MW357802,HCV,1b,100
MW357807,HCV,1b,100
ON506746,HCV,1b,100
ON506747,HCV,1a,100
ON506749,HCV,1a,100
ON506752,HCV,1b,100
ON506755,HCV,1b,100
ON506756,HCV,1a,100
ON506757,HCV,4a,100
ON506759,HCV,4a,100
KX621552,HCV,2b,100
ON506763,HCV,1a,100
ON506766,HCV,1a,100
ON506769,HCV,1a,100
ON506768,HCV,1a,100
ON506760,HCV,1a,100
ON506770,HCV,1a,100
ON506771,HCV,1a,100
ON506764,HCV,1b,100
ON506762,HCV,3a,100
ON506772,HCV,1a,100
ON506774,HCV,1b,100
ON506775,HCV,1a,100
ON506767,HCV,1a,100
ON506777,HCV,1a,100
ON506776,HCV,1a,100
ON506785,HCV,1b,100
ON506784,HCV,3a,100
ON506773,HCV,3a,100
KJ437311,HCV,3a,100
ON506787,HCV,1a,100
ON506796,HCV,4a,100
ON506799,HCV,4d,100
ON506788,HCV,1a,100
ON506801,HCV,4a,100
ON506802,HCV,1b,100
ON506803,HCV,1a,100
ON506804,HCV,1a,100
ON506797,HCV,1a,100
ON506795,HCV,1a,100
MT151158,HCV,1b,87
MT151159,HCV,4f,100
MT151160,HCV,1a,100
ON506825,HCV,3a,100
MT151161,HCV,1b,100
MT151162,HCV,4f,79
MT151163,HCV,4r,100
MT151164,HCV,4v,100
MT151166,HCV,4r,100
MT151165,HCV,2j,99
MT151173,HCV,1a,100
MT151174,HCV,4r,100
MT151175,HCV,4v,100
MT151176,HCV,1h,35
MT151177,HCV,4r,100
MT151178,HCV,4r,100
MT151179,HCV,4v,100
ON506822,HCV,3a,100
MT151180,HCV,1e,100
ON506816,HCV,1a,100
MT151186,HCV,1b,100
ON506815,HCV,3a,100
MT151187,HCV,3a,100
MT151188,HCV,3h,100
MT151190,HCV,4k,100
MT151192,HCV,4r,100
MT151191,HCV,3a,100
MT151189,HCV,1b,100
MT151193,HCV,4r,100
MT151195,HCV,1b,100
MT151196,HCV,4r,100
MT151194,HCV,4a,66
MT151201,HCV,1b,100
MT151171,HCV,2j,55
MT151202,HCV,4k,100
MT151203,HCV,4d,100
MT151206,HCV,1a,95
MT151208,HCV,4v,100
MT151207,HCV,4f,93
MT151210,HCV,1b,100
MT151209,HCV,4k,100
MT151211,HCV,1a,98
MT151212,HCV,1b,100
MT151205,HCV,3a,100
MT151213,HCV,1b,100
MT151217,HCV,1b,100
MT151218,HCV,1a,100
MT151220,HCV,1b,100
KX621553,HCV,2b,100
MT151222,HCV,4r,100
MT151215,HCV,4v,100
MT151223,HCV,1b,100
KY460662,HCV,4d,100
MH703697,HCV,6r,100
MH703696,HCV,6e,100
MH703698,HCV,6e,100
MH703699,HCV,6e,100
MK143444,HCV,1b,100
MH703703,HCV,6t,86
MH703700,HCV,6a,100
MH703701,HCV,6f,100
MK143445,HCV,1a,100
MK143447,HCV,1b,100
MK143446,HCV,1b,100
MK143448,HCV,1a,100
MH703675,HCV,6a,100
MK143451,HCV,1b,100
MK143452,HCV,1b,100
MK143453,HCV,1b,100
MK143454,HCV,1b,100
MK143457,HCV,1b,100
MK143449,HCV,1b,100
MK143458,HCV,1b,100
MK143459,HCV,1a,100
MK143455,HCV,1b,100
MK143460,HCV,1a,100
MK143461,HCV,1a,100
MK143462,HCV,1a,100
MK143463,HCV,1b,100
MK143464,HCV,1b,100
MH703688,HCV,6h,100
MK143466,HCV,1b,100
MK143469,HCV,1b,100
MK143471,HCV,1a,100
MK143472,HCV,1b,100
MK143473,HCV,1b,100
MK143475,HCV,1b,100
MK143474,HCV,1b,100
MK143468,HCV,1a,100
MK143480,HCV,1b,100
MK143481,HCV,1a,100
MK143482,HCV,1b,100
MK143483,HCV,1a,100
MK143487,HCV,1a,100
MK143486,HCV,1b,100
MK143485,HCV,1b,100
MK143450,HCV,1b,100
MK143490,HCV,1a,100
MK143492,HCV,1a,100
MK143493,HCV,1a,100
MK143484,HCV,1b,100
MK143489,HCV,1b,100
MK143494,HCV,1b,100
MK143496,HCV,1b,100
MK143495,HCV,1a,100
MK143498,HCV,1b,100
MK143467,HCV,1b,100
MK143501,HCV,1b,100
MK143500,HCV,1b,100
MK143499,HCV,1b,100
MK143502,HCV,1b,100
MK143503,HCV,1b,100
MK143504,HCV,1b,100
MK143505,HCV,1b,100
MK143506,HCV,1b,100
MK143507,HCV,1a,100
MK143508,HCV,1a,100
MK143509,HCV,1b,100
MK143511,HCV,1a,100
MK143514,HCV,1b,100
MK143515,HCV,1a,100
MK143516,HCV,1b,100
MK143518,HCV,1a,100
MK143517,HCV,1b,100
MK143519,HCV,1b,100
MK143520,HCV,1b,100
MK143522,HCV,1b,100
MK143523,HCV,1b,100
MK143524,HCV,1b,100
MK143525,HCV,1a,100
MK143521,HCV,1b,100
MK143526,HCV,1b,100
MK143534,HCV,1b,100
MK143535,HCV,1a,100
MK143488,HCV,1b,100
KT779154,HCV,3a,100
KT779156,HCV,3a,100
ON841547,HCV,1b,100
MK143536,HCV,1b,100
ON841558,HCV,3a,100
ON841545,HCV,1b,100
ON841546,HCV,1b,100
KT779155,HCV,3a,100
KC415748,HCV,3a,100
MH733097,HCV,1b,100
MH733084,HCV,1b,100
MH733083,HCV,1b,100
MH733098,HCV,1b,100
MH733099,HCV,1b,100
MH733100,HCV,1b,100
MH733142,HCV,1a,100
MH733140,HCV,1a,100
MH733144,HCV,1a,100
MH733145,HCV,1a,100
MH733146,HCV,1a,100
MH733147,HCV,1a,100
U37651,HCV,1b,100
U37650,HCV,1b,100
U37648,HCV,1b,100
KT779151,HCV,3a,100
KT779150,HCV,3a,100
KT779149,HCV,3a,100
MH703694,HCV,6k,85
FJ518798,HCV,1a,100
KY460623,HCV,4d,100
KY460624,HCV,4d,100
MN641921,HCV,1a,100
MN641941,HCV,3a,100
MN641924,HCV,1a,100
MN641925,HCV,1a,100
D63821,HCV,3k,100
HM042048,HCV,1a,100
MT603220,HCV,3a,100
KR082124,HCV,3a,100
HM042060,HCV,1b,100
HM042065,HCV,3a,100
LC368336,HCV,1b,100
KX172138,HCV,2j,58
LC368338,HCV,1b,100
LC368337,HCV,1b,100
MN628580,HCV,1a,100
MT259639,HCV,1a,100
KC197229,HCV,"unassigned_1, 2i-2k-2c-3h",NA
KC197234,HCV,2k,100
EF632069,HCV,6t,100
EF632070,HCV,6t,100
MN628577,HCV,3a,100
MN628583,HCV,3a,100
MT603226,HCV,3a,100
MT603200,HCV,1a,100
MT603202,HCV,1a,100
MT603203,HCV,1a,100
MT603204,HCV,1a,100
MT603206,HCV,1a,100
MT603205,HCV,1a,100
MT603207,HCV,1a,100
KR082123,HCV,3a,100
MN641964,HCV,4d,100
MN641963,HCV,4d,100
MN641969,HCV,4d,100
MN641966,HCV,4d,100
MN641958,HCV,3a,100
MN641967,HCV,4d,100
MF182706,HCV,1a,100
MF182705,HCV,1b,100
KR082031,HCV,3a,100
MF182727,HCV,1b,100
MF182700,HCV,1a,100
MF182723,HCV,1a,100
KR082032,HCV,3a,100
MN641956,HCV,3a,100
MF182724,HCV,1b,100
KR082033,HCV,3a,100
MF182729,HCV,1a,100
MF182730,HCV,1a,100
MF182731,HCV,1b,100
KR082029,HCV,3a,100
KR082053,HCV,3a,100
KR082054,HCV,3a,100
KR082055,HCV,3a,100
KR082056,HCV,3a,100
KR082057,HCV,3a,100
MZ131603,HCV,4d,100
KR082071,HCV,3a,100
KR082072,HCV,3a,100
KR082026,HCV,3a,100
MT603225,HCV,3a,100
MN641974,HCV,1a,100
MT603228,HCV,3a,100
MT603229,HCV,3a,100
KR082094,HCV,3a,100
KR082070,HCV,3a,100
MT603230,HCV,3a,100
MT603232,HCV,3a,100
GQ913867,HCV,1a,100
KR082115,HCV,3a,100
KR082121,HCV,3a,100
KR082122,HCV,3a,100
GQ913870,HCV,1b,100
HM042043,HCV,1a,100
GQ913874,HCV,1b,100
HM042040,HCV,1a,100
HM042041,HCV,1a,100
GQ913865,HCV,1a,100
GQ913873,HCV,1b,100
HM042038,HCV,1a,100
HM042046,HCV,1a,100
HM042047,HCV,1a,100
D50409,HCV,2c,100
HM042039,HCV,1a,100
GQ913871,HCV,1b,100
HM042051,HCV,1b,100
HM042052,HCV,1b,100
HM042053,HCV,1b,100
HM042063,HCV,1b,100
HM042062,HCV,1b,100
HM042055,HCV,1b,100
HM042064,HCV,3a,100
HM042054,HCV,1b,100
HM042044,HCV,1a,100
HM042057,HCV,1b,100
HM042058,HCV,1b,100
HM042059,HCV,1b,100
HM042061,HCV,1b,100
HM042042,HCV,1a,100
EU408328,HCV,6r,100
HM042056,HCV,1b,100
HM042045,HCV,1a,100
HM042068,HCV,3a,100
HM042070,HCV,3a,100
HM042072,HCV,3a,100
HM042073,HCV,3a,100
HM042077,HCV,3a,100
HM042076,HCV,3a,100
HM042080,HCV,3a,100
HM042069,HCV,3a,100
HM042082,HCV,3b,100
HM042087,HCV,6f,100
MT233504,HCV,1b,100
HM042075,HCV,3a,100
HM042071,HCV,3a,100
HM042085,HCV,6f,100
HM042086,HCV,6f,100
HM042088,HCV,6f,100
GQ913869,HCV,1b,100
KR082120,HCV,3a,100
HM042091,HCV,6f,100
GQ913868,HCV,1b,100
HM042095,HCV,6f,100
KR082119,HCV,3a,100
HM042084,HCV,3b,100
HM042079,HCV,3a,100
HM042092,HCV,6f,100
GQ913872,HCV,1b,100
HM042096,HCV,6f,100
HM042094,HCV,6f,100
MT233509,HCV,1b,100
MT233508,HCV,1b,100
MT233510,HCV,1b,100
HM042089,HCV,6f,100
HM042093,HCV,6f,100
MT233513,HCV,1b,100
MT233511,HCV,1b,100
MT233512,HCV,1b,100
OR128497,HCV,3a,100
HM042078,HCV,3a,100
HM042090,HCV,6f,100
OR128498,HCV,3a,100
LC368346,HCV,1b,100
OR128499,HCV,1b,100
OR128502,HCV,1a,100
OR128501,HCV,3a,100
OR128500,HCV,1b,100
KP212037,HCV,1a,100
KP212038,HCV,1a,100
OR128503,HCV,3a,100
KP212029,HCV,1a,100
KP212027,HCV,1a,100
KP212039,HCV,1a,100
KP212040,HCV,1a,100
KP212021,HCV,1a,100
KP212022,HCV,1a,100
KP212023,HCV,1a,100
LC368436,HCV,1b,100
KP212024,HCV,1a,100
KP212025,HCV,1a,100
KP212026,HCV,1a,100
KP212047,HCV,1a,100
KP212049,HCV,1a,100
KP212050,HCV,1a,100
KP212051,HCV,1a,100
OR128504,HCV,3a,100
OR128506,HCV,3a,100
OR128509,HCV,3a,100
OR128507,HCV,3a,100
KP212088,HCV,3a,100
KP212060,HCV,1b,100
KP212063,HCV,1b,100
KP212064,HCV,1b,100
KP212065,HCV,1b,100
KP212061,HCV,1b,100
KP212066,HCV,1b,100
MT259632,HCV,1a,100
MT259631,HCV,1a,100
MT259635,HCV,1a,100
MT259637,HCV,1a,100
MK134397,HCV,1a,100
MK134396,HCV,3a,100
MK134398,HCV,3a,100
KP212074,HCV,3a,100
LC368445,HCV,1b,100
KP212077,HCV,3a,100
KP212079,HCV,3a,100
KP212078,HCV,3a,100
MT259595,HCV,1a,100
MT259596,HCV,1a,100
LC633995,HCV,4a,100
MK134435,HCV,1a,100
MK134436,HCV,1a,100
LC634003,HCV,4a,100
KC197237,HCV,2j,92
KC197230,HCV,"unassigned_1, 2i-2k",NA
MK134446,HCV,1a,100
KC197227,HCV,2c,100
MK134448,HCV,1a,100
MK134450,HCV,1a,100
MK134451,HCV,3a,100
MK134452,HCV,3a,100
MK134453,HCV,3a,100
LC633988,HCV,4a,100
MG280931,HCV,1a,100
MG515253,HCV,1a,100
MG515255,HCV,1a,100
MG515256,HCV,1a,100
LC368331,HCV,1a,100
MG515257,HCV,1a,100
MG519802,HCV,1b,100
KY474431,HCV,3a,100
KY474429,HCV,3a,100
KY474430,HCV,3a,100
KY474432,HCV,3a,100
KY474433,HCV,3a,100
KY474447,HCV,3a,100
KY474446,HCV,3a,100
KY474449,HCV,3a,100
MG747304,HCV,1b,100
MG747305,HCV,1b,100
MN628587,HCV,3a,100
MG747312,HCV,1a,100
MG747314,HCV,1b,100
MG747315,HCV,1b,100
MG747316,HCV,1a,100
MG747319,HCV,1b,100
MG747320,HCV,1b,100
MG747323,HCV,1b,100
MG747324,HCV,1a,100
MG747336,HCV,1b,100
MG747327,HCV,1a,100
MG747331,HCV,1b,100
MG747337,HCV,1b,100
MG747338,HCV,1a,100
MG747340,HCV,1a,100
MN628593,HCV,3a,100
MG747342,HCV,1b,100
MG747351,HCV,1b,100
MG747350,HCV,1b,100
MG747364,HCV,1b,100
MG747366,HCV,1b,100
MG747353,HCV,1a,100
MG747368,HCV,1a,100
MG747358,HCV,1b,100
MG747370,HCV,1b,100
MG747371,HCV,1a,100
MG747369,HCV,1b,100
MG747373,HCV,1b,100
MG747377,HCV,1a,100
MG747378,HCV,1a,100
MT603191,HCV,1a,100
MT603192,HCV,1a,100
MT603194,HCV,1a,100
MT603219,HCV,3a,100
MZ131611,HCV,4d,100
MN628596,HCV,3a,100
MT603223,HCV,3a,100
MF182717,HCV,1b,100
KR082022,HCV,3a,100
KR082044,HCV,3a,100
MF182694,HCV,1b,100
KR082043,HCV,3a,100
KR082045,HCV,3a,100
KR082086,HCV,3a,100
MN641932,HCV,4d,100
KR082102,HCV,3a,100
MN641933,HCV,1a,100
MF182721,HCV,1a,100
MF182722,HCV,1b,100
MF182725,HCV,1b,100
MZ131602,HCV,4d,100
MF182726,HCV,1a,100
MF182728,HCV,1a,100
KR082027,HCV,3a,100
MN641968,HCV,4d,100
KR082025,HCV,3a,100
KR082028,HCV,3a,100
KR082030,HCV,3a,100
KR082049,HCV,3a,100
KR082050,HCV,3a,100
MF182699,HCV,1a,100
KR082051,HCV,3a,100
KR082052,HCV,3a,100
KR082069,HCV,3a,100
KR082073,HCV,3a,100
KR082074,HCV,3a,100
KR082076,HCV,3a,100
KR082047,HCV,3a,100
KR082034,HCV,3a,100
KR082035,HCV,3a,100
KR082077,HCV,3a,100
KR082091,HCV,3a,100
KR082078,HCV,3a,100
KR082096,HCV,3a,100
KR082097,HCV,3a,100
KR082098,HCV,3a,100
KR082099,HCV,3a,100
KR082075,HCV,3a,100
KR082048,HCV,3a,100
KR082100,HCV,3a,100
KR082101,HCV,3a,100
KR082113,HCV,3a,100
KR082114,HCV,3a,100
KR082079,HCV,3a,100
KR082092,HCV,3a,100
KR082125,HCV,3a,100
KR082093,HCV,3a,100
KR082126,HCV,3a,100
KR082095,HCV,3a,100
KR082116,HCV,3a,100
KR082118,HCV,3a,100
KR082117,HCV,3a,100
GQ913866,HCV,1a,100
HM042049,HCV,1a,100
HM042050,HCV,1b,100
HM042067,HCV,3a,100
HM042066,HCV,3a,100
HM042074,HCV,3a,100
MT233505,HCV,1b,100
MT233506,HCV,1b,100
MT233507,HCV,1b,100
MT233514,HCV,1b,100
MT233517,HCV,1b,100
MT233515,HCV,1b,100
MT233518,HCV,1b,100
OR128490,HCV,3a,100
OR128492,HCV,3a,100
MK816410,HCV,1a,100
MK816407,HCV,1b,100
MK816409,HCV,1b,100
MK816411,HCV,4d,100
MK816408,HCV,3a,100
MK816412,HCV,1a,100
OR128493,HCV,3a,100
OR128491,HCV,3a,100
OR128495,HCV,1a,100
OR128496,HCV,3a,100
HM042081,HCV,3a,100
OR128510,HCV,3a,100
OR128512,HCV,1b,100
OR128511,HCV,3a,100
OR128513,HCV,1b,100
OR128514,HCV,3a,100
OR128515,HCV,3a,100
OR128516,HCV,1b,100
OR128519,HCV,1b,100
OR128518,HCV,3a,100
OR128517,HCV,1b,100
OR128521,HCV,1a,100
OR128520,HCV,1a,100
OR128522,HCV,1a,100
OR128523,HCV,3a,100
OR128524,HCV,1a,100
OR128525,HCV,1a,100
MT233516,HCV,1b,100
OR128494,HCV,3a,100
HM042083,HCV,3b,100
OR128505,HCV,3a,100
OR128526,HCV,1a,100
OR128527,HCV,1b,100
OR128530,HCV,1a,100
OR128529,HCV,3a,100
OR128528,HCV,1a,100
OR128531,HCV,1b,100
OR128533,HCV,3a,100
OR128532,HCV,3a,100
OR128535,HCV,1a,100
OR128534,HCV,3a,100
OR128508,HCV,3a,100
OR128538,HCV,3a,100
OR128537,HCV,3a,100
OR128536,HCV,3a,100
LC368318,HCV,1b,100
LC368333,HCV,1b,100
LC368334,HCV,1b,100
LC368330,HCV,1b,100
LC368319,HCV,1b,100
LC368335,HCV,1b,100
LC368314,HCV,1b,100
LC368309,HCV,1b,100
LC368310,HCV,1b,100
LC368322,HCV,1b,100
LC368339,HCV,1b,100
LC368340,HCV,1b,100
LC368323,HCV,1b,100
LC368343,HCV,1b,100
LC368341,HCV,1b,100
LC368325,HCV,1b,100
LC368344,HCV,1b,100
LC368352,HCV,"unassigned_1, 3a-1a",NA
KP212076,HCV,3a,100
KP212081,HCV,3a,100
KP212082,HCV,3a,100
KP212069,HCV,3a,100
LC368443,HCV,1b,100
KP212084,HCV,3a,100
MT259593,HCV,1a,100
MT259594,HCV,1a,100
KP212085,HCV,3a,100
KP212087,HCV,3a,100
KP212086,HCV,3a,100
KP212083,HCV,3a,100
MT259597,HCV,1a,100
MT259599,HCV,1a,100
MT259598,HCV,1a,100
MT259602,HCV,1a,100
MT259601,HCV,1a,100
MT259603,HCV,1a,100
MT259600,HCV,1a,100
MT259604,HCV,1a,100
MT259605,HCV,1a,100
MT259606,HCV,1a,100
MT259607,HCV,1a,100
MT259608,HCV,1a,100
MT259609,HCV,1a,100
MT259610,HCV,1a,100
MT259611,HCV,1a,100
MT259613,HCV,1a,100
MT259612,HCV,1a,100
KP212080,HCV,3a,100
MT259616,HCV,1a,100
MT259615,HCV,1a,100
MT259617,HCV,1a,100
MT259618,HCV,1a,100
MT259619,HCV,1a,100
MT259620,HCV,1a,100
MT259621,HCV,1a,100
MT259622,HCV,1a,100
MT259623,HCV,1a,100
MT259624,HCV,1a,100
MT259625,HCV,1a,100
MT259626,HCV,1a,100
MT259627,HCV,1a,100
MT259628,HCV,1a,100
MT259629,HCV,1a,100
MT259630,HCV,1a,100
MT259633,HCV,1a,100
MT259636,HCV,1a,100
MT259638,HCV,1a,100
MT259640,HCV,1a,100
LC368444,HCV,2c,100
MT259643,HCV,1a,100
MT259642,HCV,1a,100
MT259644,HCV,1a,100
MT259641,HCV,1a,100
MT259645,HCV,1a,100
MT259647,HCV,1a,100
MT259646,HCV,1a,100
MT259648,HCV,1a,100
MT259650,HCV,1a,100
MT259649,HCV,1a,100
MT259651,HCV,1a,100
MT259655,HCV,1a,100
MT259656,HCV,1a,100
MT259653,HCV,1a,100
MT259654,HCV,1a,100
MT259657,HCV,1a,100
MT259658,HCV,1a,100
MT259659,HCV,1a,100
MT259614,HCV,1a,100
MT259634,HCV,1a,100
MT259652,HCV,1a,100
LC368448,HCV,1b,100
LC368446,HCV,1b,100
LC368447,HCV,1b,100
MK134386,HCV,3a,100
KC197233,HCV,"unassigned_1, 2j-6k",NA
MK134387,HCV,3i,100
KC197231,HCV,"unassigned_1, 2i-2k-2b-3h",NA
MK134389,HCV,3a,100
MK134390,HCV,1a,100
LC368449,HCV,2a,100
MK134391,HCV,3b,100
MK134392,HCV,3g,100
MK134393,HCV,1a,100
MK134394,HCV,3a,100
MK134395,HCV,1b,100
MK134399,HCV,3a,100
MK134400,HCV,3a,100
MK134401,HCV,1b,100
MK134402,HCV,3a,100
MK134388,HCV,3a,100
MK134405,HCV,1a,100
MK134404,HCV,3a,100
MK134406,HCV,3a,100
MK134403,HCV,3b,100
MK134407,HCV,3a,100
MK134408,HCV,3a,100
MK134409,HCV,3a,100
MK134434,HCV,1a,100
MK134437,HCV,1a,100
MK134438,HCV,1a,100
MK134439,HCV,1a,100
MK134440,HCV,1a,100
MK134441,HCV,1a,100
MK134442,HCV,1a,100
MK134443,HCV,1a,100
MK134444,HCV,1a,100
KC197226,HCV,2b,100
MK134445,HCV,1a,100
MK134447,HCV,1a,100
MK134454,HCV,3i,100
LC633989,HCV,4a,100
KC197235,HCV,2b,94
LC633990,HCV,4a,100
MK134449,HCV,1a,100
KC197228,HCV,2c,100
LC633992,HCV,4a,100
LC633997,HCV,4a,100
LC633998,HCV,4a,100
LC633999,HCV,4a,100
LC633991,HCV,4a,100
LC634000,HCV,4a,100
MN628575,HCV,3a,100
MN628579,HCV,3a,100
MG747299,HCV,1b,100
MN628578,HCV,3a,100
MN628584,HCV,3a,100
MG747300,HCV,1b,100
MN628585,HCV,3a,100
MG747302,HCV,1a,100
MG747303,HCV,1b,100
MG747306,HCV,1a,100
MN628586,HCV,3a,100
MG747307,HCV,1b,100
MG747308,HCV,1a,100
MG747309,HCV,1b,100
MG747301,HCV,1b,100
MG747310,HCV,1a,100
MG747313,HCV,1b,100
MN628588,HCV,3a,100
MG747317,HCV,1b,100
MG747318,HCV,1b,100
KC197239,HCV,2b,79
KY474463,HCV,3a,100
KY474464,HCV,3a,100
MG747321,HCV,1b,100
MG747328,HCV,1a,100
MG747329,HCV,1b,100
MG747334,HCV,1b,100
MG747341,HCV,1b,100
MG747357,HCV,1b,100
MG747348,HCV,1a,100
MG747359,HCV,1a,100
MG747361,HCV,1a,100
MG747360,HCV,1a,100
MG747363,HCV,1a,100
MN628590,HCV,3a,100
MG747380,HCV,1a,100
MG747379,HCV,1b,100
MG747362,HCV,1b,100
MN628597,HCV,3a,100
MT603183,HCV,1a,100
MG747372,HCV,1a,100
MT603184,HCV,1a,100
MG747384,HCV,1b,100
MG747374,HCV,1b,100
MT603188,HCV,1a,100
MT603186,HCV,1a,100
MT603187,HCV,1a,100
MT603189,HCV,1a,100
MT603190,HCV,1a,100
MT603185,HCV,1a,100
MF182695,HCV,1b,100
MF182696,HCV,1b,100
KR082064,HCV,3a,100
MT603231,HCV,3a,100
MN641949,HCV,3a,100
MN641978,HCV,3a,100
MZ131604,HCV,4d,100
MN641962,HCV,4d,100
MF182701,HCV,1b,100
MF182702,HCV,1b,100
MF182703,HCV,1b,100
MF182704,HCV,1b,100
MN641942,HCV,3a,100
MN641944,HCV,3a,100
MN641945,HCV,3a,100
MN641943,HCV,3a,100
MN641947,HCV,3a,100
MN641948,HCV,3a,100
MN641922,HCV,1a,100
MN641946,HCV,3a,100
MN641951,HCV,3a,100
MN641952,HCV,3a,100
MN641953,HCV,3a,100
MN641950,HCV,3a,100
MN641954,HCV,3a,100
MN641957,HCV,3a,100
MN641959,HCV,4d,100
MN641960,HCV,4d,100
MN641961,HCV,4d,100
MN641965,HCV,4d,100
MN641971,HCV,4d,100
MN641972,HCV,4d,100
MN641973,HCV,1a,100
MN641977,HCV,1a,100
MN641970,HCV,4d,100
MN641975,HCV,1a,100
MN641955,HCV,3a,100
MN641979,HCV,3a,100
MT603198,HCV,1a,100
MT603199,HCV,1a,100
MT603201,HCV,1a,100
MT603208,HCV,1a,100
MN641976,HCV,1a,100
MT603209,HCV,1a,100
MT603210,HCV,1a,100
MT603211,HCV,1a,100
MT603212,HCV,1a,100
MT603213,HCV,1a,100
MT603227,HCV,3a,100
MF182707,HCV,1b,100
MF182708,HCV,1b,100
MF182709,HCV,1b,100
LC368345,HCV,1b,100
LC368348,HCV,1b,100
LC368349,HCV,1b,100
LC368342,HCV,1b,100
LC368357,HCV,4a,100
LC368355,HCV,3a,100
LC368360,HCV,3a,100
LC368353,HCV,3a,100
LC368366,HCV,"unassigned_1, 1a-2b",NA
LC368354,HCV,2a,100
LC368350,HCV,1b,100
LC368361,HCV,3a,100
LC368362,HCV,2a,100
LC368356,HCV,4a,100
LC368359,HCV,1b,100
LC368364,HCV,3a,100
LC368369,HCV,3a,100
LC368363,HCV,2b,100
LC368370,HCV,3a,100
LC368358,HCV,3a,100
LC368376,HCV,1b,100
LC368375,HCV,1b,100
LC368372,HCV,3a,100
LC368377,HCV,1b,100
LC368371,HCV,2a,100
LC368379,HCV,1b,100
LC368365,HCV,3a,100
LC368378,HCV,2a,100
LC368373,HCV,2a,100
LC368380,HCV,1b,100
LC368368,HCV,3a,100
LC368367,HCV,2b,100
LC368381,HCV,1b,100
LC368386,HCV,1b,100
LC368389,HCV,2a,100
LC368388,HCV,2a,100
LC368382,HCV,3a,100
LC368383,HCV,1b,100
LC368387,HCV,1b,100
LC368390,HCV,1b,100
LC368385,HCV,1b,100
LC368393,HCV,2a,100
LC368395,HCV,1b,100
LC368392,HCV,2a,100
LC368397,HCV,2b,100
LC368384,HCV,1b,100
LC368394,HCV,1b,100
LC368399,HCV,1b,100
LC368396,HCV,1b,100
LC368400,HCV,1b,100
LC368398,HCV,1b,100
LC368405,HCV,1b,100
LC368406,HCV,1b,100
LC368402,HCV,1b,100
LC368401,HCV,1b,100
LC368411,HCV,2b,100
LC368413,HCV,1b,100
LC368407,HCV,1b,100
LC368403,HCV,1b,100
LC368414,HCV,4a,100
LC368408,HCV,1b,100
LC368415,HCV,2a,100
LC368409,HCV,6n,100
LC368416,HCV,2a,100
LC368410,HCV,1b,100
LC368421,HCV,6w,100
LC368420,HCV,3b,100
LC368419,HCV,1b,100
LC368417,HCV,1b,100
LC368422,HCV,1b,100
LC368418,HCV,1b,100
LC368425,HCV,1b,100
LC368428,HCV,1b,100
LC368423,HCV,6n,100
LC368430,HCV,2b,100
LC368424,HCV,1b,100
LC368426,HCV,2a,100
LC368427,HCV,1b,100
LC368429,HCV,1b,100
LC368432,HCV,2a,100
LC368434,HCV,1b,100
LC368435,HCV,6n,100
LC368437,HCV,1b,100
LC368431,HCV,2a,100
KP212019,HCV,1a,100
LC368438,HCV,2b,100
KP212020,HCV,1a,100
KP212028,HCV,1a,100
KP212030,HCV,1a,100
KP212032,HCV,1a,100
KP212031,HCV,1a,100
KP212033,HCV,1a,100
KP212034,HCV,1a,100
LC368441,HCV,1b,100
LC368442,HCV,2c,100
KP212036,HCV,1a,100
LC368440,HCV,1b,100
LC368433,HCV,1b,100
KP212041,HCV,1a,100
KP212042,HCV,1a,100
LC368439,HCV,2b,100
KP212043,HCV,1a,100
KP212045,HCV,1a,100
KP212046,HCV,1a,100
KP212044,HCV,1a,100
KP212048,HCV,1a,100
KP212052,HCV,1a,100
KP212053,HCV,1a,100
KP212054,HCV,1a,100
KP212035,HCV,1a,100
KP212055,HCV,1a,100
KP212056,HCV,1a,100
KP212057,HCV,1a,100
KP212059,HCV,1b,100
KP212058,HCV,1b,100
KP212062,HCV,1b,100
KP212067,HCV,2b,100
KP212070,HCV,3a,100
KP212071,HCV,3a,100
KP212068,HCV,2b,100
KP212072,HCV,3a,100
KP212073,HCV,3a,100
KP212075,HCV,3a,100
LC634002,HCV,4a,100
LC634001,HCV,4a,100
KC197236,HCV,2j,96
KC197240,HCV,2b,97
KC197232,HCV,2j,100
KC197238,HCV,2b,100
LC368320,HCV,1a,100
LC368313,HCV,1a,100
LC368324,HCV,1a,100
LC368315,HCV,1a,100
LC368326,HCV,1a,100
LC368321,HCV,1a,100
MG214786,HCV,1a,100
MG252617,HCV,1a,100
LC368317,HCV,1a,100
MG266181,HCV,1a,100
MG266182,HCV,1a,100
MG266183,HCV,1a,100
MG266184,HCV,1a,100
MG266185,HCV,1a,100
LC368316,HCV,1a,100
MG266187,HCV,1a,100
MG266186,HCV,1a,100
MG266188,HCV,1a,100
MG266189,HCV,1a,100
MG266190,HCV,1a,100
MG266191,HCV,1a,100
MG280927,HCV,1a,100
MG280928,HCV,1a,100
LC368351,HCV,"unassigned_1, 1a-3a",NA
MG280930,HCV,1a,100
MG460589,HCV,1b,100
MG460591,HCV,1b,100
MG460590,HCV,1b,100
MG460593,HCV,1b,100
MG460592,HCV,1b,100
MG460594,HCV,1b,100
MG460597,HCV,1b,100
MG460595,HCV,1b,100
MG460596,HCV,1b,100
LC368327,HCV,1a,100
LC368328,HCV,1a,100
MG460598,HCV,1b,100
LC368311,HCV,1a,100
MG460599,HCV,1b,100
MG460600,HCV,1b,100
MG460601,HCV,1b,100
MG280929,HCV,1a,100
MG515251,HCV,1a,100
MG515252,HCV,1a,100
MG515254,HCV,1a,100
MG517000,HCV,1b,100
MG515258,HCV,1a,100
MG517001,HCV,1b,100
MG517002,HCV,1b,100
MG517003,HCV,1b,100
MG517004,HCV,1b,100
MG519793,HCV,1a,100
MG519794,HCV,1a,100
MG519795,HCV,1a,100
MG519797,HCV,1a,100
MG519796,HCV,1a,100
MG519799,HCV,1b,100
MG519798,HCV,1b,100
MG519800,HCV,1b,100
MG519801,HCV,1b,100
MG519803,HCV,1b,100
MG545905,HCV,1b,100
MG545904,HCV,1b,100
MG460602,HCV,1b,100
MG545906,HCV,1b,100
MG545908,HCV,1b,100
MG545907,HCV,1b,100
LC368312,HCV,1a,100
MG563373,HCV,1b,100
MH085492,HCV,1a,100
KY474420,HCV,3a,100
KY474422,HCV,3a,100
KY474421,HCV,3a,100
KY474423,HCV,3a,100
KY474425,HCV,3a,100
KY474424,HCV,3a,100
KY474426,HCV,3a,100
KY474427,HCV,3a,100
KY474428,HCV,3a,100
KY474434,HCV,3a,100
MG519804,HCV,1b,100
KY474435,HCV,3a,100
KY474436,HCV,3a,100
KY474437,HCV,3a,100
KY474439,HCV,3a,100
KY474440,HCV,3a,100
KY474438,HCV,3a,100
KY474441,HCV,3a,100
KY474443,HCV,3a,100
KY474444,HCV,3a,100
KY474445,HCV,3a,100
KY474448,HCV,3a,100
KY474450,HCV,3a,100
KY474452,HCV,3a,100
KY474451,HCV,3a,100
LC368332,HCV,1a,100
KY474453,HCV,3a,100
KY474455,HCV,3a,100
KY474454,HCV,3a,100
KY474456,HCV,3a,100
KY474457,HCV,3a,100
KY474458,HCV,3a,100
KY474460,HCV,3a,100
KY474459,HCV,3a,100
KY474461,HCV,3a,100
KY474462,HCV,3a,100
KY474442,HCV,3a,100
LC368391,HCV,1a,100
LC368329,HCV,1a,100
LC368347,HCV,1a,100
LC368412,HCV,1a,100
LC368374,HCV,1a,100
LC368404,HCV,1a,100
MN628576,HCV,3a,100
MN628582,HCV,3a,100
MN628581,HCV,3a,100
MN628574,HCV,3a,100
KR082090,HCV,3a,100
KR082104,HCV,3a,100
MN641926,HCV,1a,100
KR082066,HCV,3a,100
MN641927,HCV,1a,100
MN641928,HCV,1a,100
MN641929,HCV,1a,100
MN641930,HCV,1a,100
KR082087,HCV,3a,100
MN641931,HCV,1a,100
MN641923,HCV,1a,100
MN641934,HCV,1a,100
KR082103,HCV,3a,100
MN641935,HCV,3a,100
MN641940,HCV,3a,100
MN641937,HCV,3a,100
MN641938,HCV,3a,100
MN641939,HCV,3a,100
KR082105,HCV,3a,100
KR082082,HCV,3a,100
KR082106,HCV,3a,100
KR082107,HCV,3a,100
KR082110,HCV,3a,100
KR082108,HCV,3a,100
MN641936,HCV,3a,100
KR082112,HCV,3a,100
KR082111,HCV,3a,100
KR082109,HCV,3a,100
EU158186,HCV,6v,100
EF632071,HCV,6t,100
EU408329,HCV,6s,100
D63822,HCV,6g,100
MG747325,HCV,1b,100
MG747326,HCV,1b,100
MG747311,HCV,1b,100
MG747322,HCV,1b,100
MG747330,HCV,1a,100
MG747333,HCV,1a,100
MN628591,HCV,3a,100
MN628592,HCV,1a,100
MG747335,HCV,1a,100
MG747339,HCV,1a,100
MG747332,HCV,1b,100
MG747343,HCV,1b,100
MG747345,HCV,1b,100
MG747344,HCV,1b,100
MG747346,HCV,1a,100
MN628589,HCV,3a,100
MG747349,HCV,1b,100
MN628595,HCV,3a,100
MG747352,HCV,1a,100
MG747347,HCV,1b,100
MG747354,HCV,1a,100
MG747355,HCV,1b,100
MG747356,HCV,1a,100
MG747376,HCV,1b,100
MG747365,HCV,1b,100
MG747367,HCV,1b,100
MG747382,HCV,1a,100
MG747375,HCV,1b,100
MG747383,HCV,1a,100
MT603195,HCV,1a,100
MT603196,HCV,1a,100
MT603197,HCV,1a,100
MG747381,HCV,1b,100
MT603214,HCV,1b,100
MT603215,HCV,1b,100
MT603217,HCV,1b,100
MT603218,HCV,3a,100
MT603193,HCV,1a,100
MT603222,HCV,3a,100
MT603224,HCV,3a,100
MZ131606,HCV,4d,100
MZ131605,HCV,4d,100
MZ131607,HCV,4d,100
MT603216,HCV,1b,100
MT603221,HCV,3a,100
MZ131610,HCV,4d,100
MZ131613,HCV,4d,100
MF182690,HCV,1a,100
MZ131615,HCV,4d,100
MZ131614,HCV,4d,100
MZ131608,HCV,4d,100
MF182691,HCV,1b,100
MF182692,HCV,1b,100
MZ131609,HCV,4d,100
MF182698,HCV,1a,100
MF182710,HCV,1b,100
MZ131612,HCV,4d,100
MF182712,HCV,1a,100
MF182711,HCV,1b,100
MF182714,HCV,1b,100
MF182713,HCV,1b,100
MF182715,HCV,1a,100
MF182716,HCV,1b,100
MF182719,HCV,1b,100
MF182732,HCV,1a,100
MF182720,HCV,1a,100
MF182733,HCV,1a,100
MF182697,HCV,1b,100
MN628594,HCV,3a,100
MF182693,HCV,1a,100
KR082016,HCV,3a,100
KR082017,HCV,3a,100
KR082018,HCV,3a,100
KR082020,HCV,3a,100
KR082021,HCV,3a,100
KR082023,HCV,3a,100
MF182718,HCV,1a,100
KR082024,HCV,3a,100
KR082036,HCV,3a,100
KR082037,HCV,3a,100
KR082040,HCV,3a,100
KR082041,HCV,3a,100
KR082042,HCV,3a,100
KR082019,HCV,3a,100
KR082039,HCV,3a,100
KR082060,HCV,3a,100
KR082059,HCV,3a,100
KR082061,HCV,3a,100
KR082063,HCV,3a,100
KR082062,HCV,3a,100
KR082038,HCV,3a,100
KR082065,HCV,3a,100
KR082068,HCV,3a,100
KR082067,HCV,3a,100
KR082080,HCV,3a,100
KR082081,HCV,3a,100
KR082058,HCV,3a,100
KR082046,HCV,3a,100
KR082084,HCV,3a,100
KR082083,HCV,3a,100
KR082085,HCV,3a,100
KR082089,HCV,3a,100
KR082088,HCV,3a,100
LC633993,HCV,4a,100
LC633994,HCV,4a,100
LC633996,HCV,4a,100
MN227860,HCV,3a,100
MG747389,HCV,1b,100
MG747391,HCV,1b,100
MG747388,HCV,1b,100
MG747396,HCV,1a,100
MG747398,HCV,1a,100
MG747397,HCV,1a,100
MN227831,HCV,3a,100
MT347801,HCV,3a,100
MN227864,HCV,3a,100
MN227807,HCV,3a,100
MN227812,HCV,3a,100
MN227896,HCV,3a,100
MN227869,HCV,3a,100
MN227866,HCV,3a,100
MN227870,HCV,3a,100
MN227941,HCV,3a,100
MN227937,HCV,3a,100
MN227945,HCV,3a,100
MN227940,HCV,3a,100
MN227832,HCV,3a,100
MN227834,HCV,3a,100
MN227895,HCV,3a,100
MN227925,HCV,3a,100
MN227931,HCV,3a,100
MN227903,HCV,3a,100
MN227932,HCV,3a,100
MN227928,HCV,3a,100
MN227901,HCV,3a,100
MN227898,HCV,3a,100
KC127168,HCV,1a,100
OR498064,HCV,1b,100
OR498066,HCV,1b,100
OR498065,HCV,1b,100
OR498068,HCV,1b,100
FJ024274,HCV,1a,100
OR498070,HCV,1b,100
OR498067,HCV,1b,100
OR498069,HCV,1b,100
KC124807,HCV,1b,100
KC124808,HCV,1b,100
KC124905,HCV,1b,100
OR498014,HCV,1b,100
OR498010,HCV,1b,100
OR498008,HCV,1b,100
OR498015,HCV,1b,100
OR498007,HCV,1b,100
OR498009,HCV,1b,100
OR498017,HCV,1b,100
OR498012,HCV,1b,100
OR498019,HCV,1b,100
OR498018,HCV,1b,100
OR498020,HCV,1b,100
OR498016,HCV,1b,100
OR498026,HCV,1b,100
OR498025,HCV,1b,100
OR498022,HCV,1b,100
OR498027,HCV,1b,100
OR498024,HCV,1b,100
OR498028,HCV,1b,100
OR498029,HCV,1b,100
OR498032,HCV,1b,100
OR498021,HCV,1b,100
OR498030,HCV,1b,100
OR498031,HCV,1b,100
OR498034,HCV,1b,100
OR498035,HCV,1b,100
OR498033,HCV,1b,100
OR498036,HCV,1b,100
OR498023,HCV,1b,100
OR498041,HCV,1b,100
OR498040,HCV,1b,100
OR498038,HCV,1b,100
OR498042,HCV,1b,100
OR498043,HCV,1b,100
OR498039,HCV,1b,100
OR498046,HCV,1b,100
OR498037,HCV,1b,100
OR498045,HCV,1b,100
OR498044,HCV,1b,100
OR498048,HCV,1b,100
OR498050,HCV,1b,100
OR498051,HCV,1b,100
OR498047,HCV,1b,100
OR498052,HCV,1b,100
OR498055,HCV,1b,100
OR498049,HCV,1b,100
OR498062,HCV,1b,100
OR498054,HCV,1b,100
OR498057,HCV,1b,100
OR498056,HCV,1b,100
KC127172,HCV,1a,100
KC127169,HCV,1a,100
KC127219,HCV,1a,100
MG747387,HCV,1b,100
KC127177,HCV,1a,100
MG747400,HCV,1a,100
MG747392,HCV,1a,100
MG747385,HCV,1b,100
MG747403,HCV,1b,100
MG747404,HCV,1b,100
MG747394,HCV,1b,100
MG747402,HCV,1b,100
MG747406,HCV,1b,100
MG747410,HCV,1b,100
MH562116,HCV,1a,100
MH562117,HCV,1a,100
MH562119,HCV,1a,100
MG747407,HCV,1b,100
MH562118,HCV,1a,100
MH562120,HCV,1a,100
MH562121,HCV,1a,100
MG747412,HCV,1b,100
MH562122,HCV,1a,100
MH562124,HCV,1a,100
MH562123,HCV,1a,100
MH562125,HCV,1a,100
MG747408,HCV,1b,100
MG747393,HCV,1b,100
MG747386,HCV,1a,100
MG747409,HCV,1b,100
MG747405,HCV,1b,100
MH562114,HCV,1a,100
MT347800,HCV,3a,100
MT347802,HCV,3a,100
MT347803,HCV,3a,100
MT347798,HCV,3a,100
MH562227,HCV,3k,27
MN227780,HCV,3a,100
MN227781,HCV,3a,100
MN227784,HCV,3a,100
MH562193,HCV,3a,100
MH562200,HCV,3a,100
MH562198,HCV,3a,100
MH562237,HCV,3a,100
MH562234,HCV,3a,100
MH562238,HCV,3a,100
MN227804,HCV,3a,100
MN227806,HCV,3a,100
MN227835,HCV,3a,100
MN227838,HCV,3a,100
MN227836,HCV,3a,100
MN227839,HCV,3a,100
MN227837,HCV,3a,100
MN227841,HCV,3a,100
MN227840,HCV,3a,100
MN227842,HCV,3a,100
MN227843,HCV,3a,100
MH562239,HCV,3a,100
MN227859,HCV,3a,100
MN227873,HCV,3a,100
MN227871,HCV,3a,100
MN227868,HCV,3a,100
MN227872,HCV,3a,100
MN227862,HCV,3a,100
MN227889,HCV,3a,100
MN227944,HCV,3a,100
MN227924,HCV,3a,100
MN227926,HCV,3a,100
MN227939,HCV,3a,100
MN227946,HCV,3a,100
MN227919,HCV,3a,100
MN227921,HCV,3a,100
MN227920,HCV,3a,100
MN227891,HCV,3a,100
MN227890,HCV,3a,100
KC124773,HCV,1b,100
MZ327780,HCV,3a,100
MZ327777,HCV,1a,100
MZ327779,HCV,3a,100
MZ327785,HCV,1a,100
KC124784,HCV,1b,100
MZ327783,HCV,3a,100
MZ327784,HCV,2b,100
MZ327781,HCV,3a,100
MZ327791,HCV,1b,100
MZ327792,HCV,1a,100
MZ327782,HCV,1a,100
MZ327788,HCV,1a,100
KY083761,HCV,4r,100
KY083759,HCV,4r,100
MZ327786,HCV,3a,100
KY083760,HCV,4r,100
MZ327787,HCV,1a,100
KC124777,HCV,1b,100
MZ327796,HCV,3a,100
KC124776,HCV,1b,100
KC124783,HCV,1b,100
KC124786,HCV,1b,100
KC124791,HCV,1b,100
KC124788,HCV,1b,100
KC124787,HCV,1b,100
KC124802,HCV,1b,100
KC124794,HCV,1b,100
MZ327795,HCV,1a,100
KC124795,HCV,1b,100
KC124801,HCV,1b,100
MG747414,HCV,1b,100
MG747416,HCV,1b,100
KC124800,HCV,1b,100
MT347782,HCV,3a,100
MH562210,HCV,3a,100
MT347785,HCV,3a,100
MN227830,HCV,3a,100
MN227874,HCV,3a,100
MN227875,HCV,3a,100
MN227790,HCV,3a,100
MN227878,HCV,3a,100
MN227877,HCV,3a,100
MN227828,HCV,3a,100
MN227876,HCV,3a,100
MN227857,HCV,3a,100
MN227855,HCV,3a,100
MN227856,HCV,3a,100
MG747390,HCV,1a,100
KC124810,HCV,1b,100
KC124811,HCV,1b,100
KC124818,HCV,1b,100
KC124815,HCV,1b,100
KC124825,HCV,1b,100
KC124821,HCV,1b,100
KC124812,HCV,1b,100
KC124816,HCV,1b,100
KC124829,HCV,1b,100
KC124832,HCV,1b,100
KC124827,HCV,1b,100
KC124834,HCV,1b,100
KC124830,HCV,1b,100
KC124838,HCV,1b,100
KC124846,HCV,1b,100
KC124849,HCV,1b,100
KC124850,HCV,1b,100
KC124853,HCV,1b,100
KC124855,HCV,1b,100
KC124837,HCV,1b,100
KC124858,HCV,1b,100
KC124860,HCV,1b,100
KC124856,HCV,1b,100
KC124870,HCV,1b,100
KC124868,HCV,1b,100
KC124871,HCV,1b,100
KC124865,HCV,1b,100
KC124866,HCV,1b,100
KC124867,HCV,1b,100
KC124873,HCV,1b,100
KC124869,HCV,1b,100
KC124863,HCV,1b,100
KC124872,HCV,1b,100
KC124875,HCV,1b,100
KC124886,HCV,1b,100
KC124887,HCV,1b,100
MN227916,HCV,3a,100
MN227917,HCV,3a,100
KC124903,HCV,1b,100
KC124912,HCV,1b,100
KC124911,HCV,1b,100
KC124909,HCV,1b,100
KC124918,HCV,1b,100
KC124910,HCV,1b,100
KC124919,HCV,1b,100
KC124928,HCV,1b,100
KC124920,HCV,1b,100
KC124931,HCV,1b,100
KC124938,HCV,1b,100
KC124956,HCV,1b,100
KC124942,HCV,1b,100
KC124957,HCV,1b,100
KC124954,HCV,1b,100
KC124973,HCV,1b,100
KC124974,HCV,1b,100
KC124986,HCV,1b,100
KC124977,HCV,1b,100
KC124966,HCV,1b,100
KC124987,HCV,1b,100
KC124983,HCV,1b,100
KC125005,HCV,1b,100
KC127119,HCV,1a,100
KC125004,HCV,1b,100
KC125002,HCV,1b,100
KC127124,HCV,1a,100
KC127129,HCV,1a,100
KC127142,HCV,1a,100
KC127137,HCV,1a,100
KC127139,HCV,1a,100
KC127144,HCV,1a,100
KC127136,HCV,1a,100
KC127143,HCV,1a,100
KC127140,HCV,1a,100
KC127150,HCV,1a,100
KC127148,HCV,1a,100
KC124781,HCV,1b,100
MH562204,HCV,3a,100
MH562205,HCV,3a,100
MH562206,HCV,3a,100
KC124803,HCV,1b,100
MH562208,HCV,3a,100
MH562207,HCV,3a,100
MH562211,HCV,3a,100
MH562213,HCV,3a,100
MH562214,HCV,3a,100
MH562215,HCV,3a,100
MG747418,HCV,1b,100
MH562216,HCV,3a,100
MT347795,HCV,3a,100
MN227792,HCV,3a,100
MN227791,HCV,3a,100
MN227789,HCV,3a,100
MN227794,HCV,3a,100
MN227888,HCV,3a,100
KC124804,HCV,1b,100
MN227905,HCV,3a,100
KC124813,HCV,1b,100
KC124809,HCV,1b,100
KC124817,HCV,1b,100
KC124819,HCV,1b,100
KC124828,HCV,1b,100
KC124831,HCV,1b,100
KC124843,HCV,1b,100
KC124841,HCV,1b,100
KC124836,HCV,1b,100
KC124847,HCV,1b,100
KC124840,HCV,1b,100
KC124835,HCV,1b,100
KC124852,HCV,1b,100
KC124857,HCV,1b,100
KC124839,HCV,1b,100
KC124842,HCV,1b,100
KC124859,HCV,1b,100
KC124854,HCV,1b,100
KC124845,HCV,1b,100
KC124876,HCV,1b,100
KC124879,HCV,1b,100
KC124882,HCV,1b,100
KC124881,HCV,1b,100
KC124883,HCV,1b,100
MN227913,HCV,3a,100
KC124897,HCV,1b,100
KC124899,HCV,1b,100
KC124900,HCV,1b,100
KC124901,HCV,1b,100
KC124902,HCV,1b,100
KC124908,HCV,1b,100
KC124929,HCV,1b,100
KC124930,HCV,1b,100
KC124922,HCV,1b,100
KC124932,HCV,1b,100
KC124944,HCV,1b,100
KC124945,HCV,1b,100
KC124953,HCV,1b,100
KC124943,HCV,1b,100
KC124947,HCV,1b,100
KC124963,HCV,1b,100
KC124964,HCV,1b,100
KC124955,HCV,1b,100
KC124965,HCV,1b,100
KC124967,HCV,1b,100
KC124976,HCV,1b,100
KC124975,HCV,1b,100
KC124999,HCV,1b,100
KC124998,HCV,1b,100
KC125007,HCV,1b,100
KC125001,HCV,1b,100
KC125006,HCV,1b,100
KC125003,HCV,1b,100
KC127121,HCV,1a,100
KC127120,HCV,1a,100
KC127131,HCV,1a,100
KC127127,HCV,1a,100
KC127128,HCV,1a,100
KC127132,HCV,1a,100
KC127141,HCV,1a,100
KC127145,HCV,1a,100
KC127149,HCV,1a,100
KC127155,HCV,1a,100
KC127152,HCV,1a,100
KC127147,HCV,1a,100
KC127163,HCV,1a,100
KC127174,HCV,1a,100
KC127171,HCV,1a,100
KC127175,HCV,1a,100
KC127178,HCV,1a,100
KC127182,HCV,1a,100
KC127184,HCV,1a,100
KC127179,HCV,1a,100
KC127185,HCV,1a,100
KC127188,HCV,1a,100
KC127187,HCV,1a,100
KC127194,HCV,1a,100
KC127198,HCV,1a,100
KC127201,HCV,1a,100
KC127207,HCV,1a,100
KC127197,HCV,1a,100
KC127220,HCV,1a,100
KC127221,HCV,1a,100
KC124917,HCV,1b,100
KC124916,HCV,1b,100
KC127222,HCV,1a,100
KC124934,HCV,1b,100
KC124913,HCV,1b,100
KC124948,HCV,1b,100
KC124959,HCV,1b,100
KC124937,HCV,1b,100
KC124952,HCV,1b,100
KC124960,HCV,1b,100
KC124979,HCV,1b,100
KC124978,HCV,1b,100
KC124968,HCV,1b,100
KC124980,HCV,1b,100
KC124991,HCV,1b,100
KC124994,HCV,1b,100
KC124995,HCV,1b,100
KC124992,HCV,1b,100
KC124906,HCV,1b,100
KC124993,HCV,1b,100
KC124981,HCV,1b,100
KC124904,HCV,1b,100
MN227957,HCV,3a,100
MN227956,HCV,3a,100
MN227959,HCV,3a,100
MN227942,HCV,3a,100
MN227961,HCV,3a,100
MN227955,HCV,3a,100
MN227960,HCV,3a,100
MN227963,HCV,3a,100
MN227958,HCV,3a,100
MN227934,HCV,3a,100
MN227962,HCV,3a,100
MN227947,HCV,3a,100
MN227943,HCV,3a,100
OR497859,HCV,4d,100
OR497856,HCV,4d,100
OR497861,HCV,4d,100
OR497851,HCV,4k,100
OR497854,HCV,4d,100
OR497852,HCV,4k,100
KC127162,HCV,1a,100
KC127167,HCV,1a,100
KC127176,HCV,1a,100
KC127170,HCV,1a,100
KC127173,HCV,1a,100
KC127192,HCV,1a,100
KC127190,HCV,1a,100
KC127186,HCV,1a,100
KC127180,HCV,1a,100
KC127181,HCV,1a,100
KC127189,HCV,1a,100
KC127191,HCV,1a,100
KC127205,HCV,1a,100
KC127209,HCV,1a,100
KC127200,HCV,1a,100
KC127206,HCV,1a,100
KC127193,HCV,1a,100
KC127217,HCV,1a,100
KC127218,HCV,1a,100
KC127215,HCV,1a,100
KC127203,HCV,1a,100
KC127213,HCV,1a,100
KC127195,HCV,1a,100
KC124914,HCV,1b,100
KC124923,HCV,1b,100
KC124949,HCV,1b,100
KC124927,HCV,1b,100
KC124926,HCV,1b,100
KC124915,HCV,1b,100
KC124936,HCV,1b,100
KC124925,HCV,1b,100
KC124961,HCV,1b,100
KC124962,HCV,1b,100
KC124951,HCV,1b,100
KC124935,HCV,1b,100
KC124958,HCV,1b,100
KC124990,HCV,1b,100
KC124982,HCV,1b,100
KC124971,HCV,1b,100
KC124989,HCV,1b,100
KC124970,HCV,1b,100
KC124988,HCV,1b,100
KC124997,HCV,1b,100
KC124969,HCV,1b,100
KC124972,HCV,1b,100
MN227861,HCV,3a,100
MN227844,HCV,3a,100
MN227863,HCV,3a,100
MN227865,HCV,3a,100
OR498059,HCV,1b,100
OR498060,HCV,1b,100
OR498058,HCV,1b,100
OR498053,HCV,1b,100
OR498061,HCV,1b,100
OR498063,HCV,1b,100
MH562130,HCV,1b,100
MH562128,HCV,1a,100
MH562131,HCV,1b,100
MH562126,HCV,1a,100
MH562127,HCV,1a,100
MG747411,HCV,1b,100
MH562184,HCV,3a,100
MH562115,HCV,1a,100
MH562188,HCV,3a,100
MH562182,HCV,3a,100
MH562190,HCV,3a,100
MH562191,HCV,3a,100
MH562187,HCV,3a,100
MH562192,HCV,3a,100
MH562189,HCV,3a,100
MH562183,HCV,3a,100
MH562194,HCV,3a,100
MH562195,HCV,3a,100
MH562197,HCV,3a,100
MH562196,HCV,3a,100
MH562201,HCV,3a,100
MH562186,HCV,3a,100
MH562202,HCV,3a,100
MH562199,HCV,3a,100
MH562226,HCV,3a,100
MG747420,HCV,1b,100
MH562228,HCV,3a,100
MH562129,HCV,1a,100
MH562232,HCV,3a,100
MH562132,HCV,1b,100
MH562233,HCV,3a,100
MG747399,HCV,1a,100
MH562240,HCV,3a,100
MH562224,HCV,3a,100
MH562235,HCV,3a,100
MG747401,HCV,1b,100
MH562230,HCV,3a,100
MH562241,HCV,3a,100
MH562185,HCV,3a,100
MH562236,HCV,3a,100
MH562244,HCV,3a,100
MH562243,HCV,3a,100
MH562225,HCV,3a,100
MT347797,HCV,3a,100
MT347799,HCV,3a,100
MH562242,HCV,3a,100
MH562231,HCV,3a,100
MN227785,HCV,3a,100
MN227786,HCV,3a,100
MN227788,HCV,3a,100
MN227803,HCV,3a,100
MH562245,HCV,3a,100
MN227805,HCV,3a,100
MN227783,HCV,3a,100
MN227808,HCV,3a,100
MN227787,HCV,3a,100
MN227810,HCV,3a,100
MN227809,HCV,3a,100
MN227813,HCV,3a,100
MN227814,HCV,3a,100
MN227815,HCV,3a,100
MN227811,HCV,3a,100
MN227782,HCV,3a,100
MN227816,HCV,3a,100
MN227833,HCV,3a,100
MN227867,HCV,3a,100
MN227893,HCV,3a,100
MN227892,HCV,3a,100
MN227897,HCV,3a,100
MN227894,HCV,3a,100
MN227900,HCV,3a,100
MN227902,HCV,3a,100
MN227899,HCV,3a,100
MN227929,HCV,3a,100
MN227923,HCV,3a,100
MN227930,HCV,3a,100
MN227935,HCV,3a,100
MN227922,HCV,3a,100
MN227927,HCV,3a,100
MN227933,HCV,3a,100
MN227936,HCV,3a,100
MN227938,HCV,3a,100
MN227948,HCV,3a,100
MN227949,HCV,3a,100
MN227950,HCV,3a,100
MN227951,HCV,3a,100
MN227952,HCV,3a,100
MN227953,HCV,3a,100
MN227954,HCV,3a,100
OR497953,HCV,1a,100
OR497963,HCV,3a,100
OR497961,HCV,3a,100
OR497967,HCV,3a,100
OR497965,HCV,3a,100
OR497962,HCV,3a,100
OR497960,HCV,3a,100
OR497966,HCV,3a,100
OR497968,HCV,3a,100
OR497964,HCV,3a,100
OR497971,HCV,3a,100
OR497970,HCV,3a,100
OR497975,HCV,3a,100
OR497973,HCV,3a,100
OR497974,HCV,3a,100
OR497972,HCV,3a,100
OR497977,HCV,3a,100
OR497969,HCV,3a,100
OR497983,HCV,3a,100
OR497978,HCV,3a,100
OR497976,HCV,3a,100
OR497981,HCV,3a,100
OR497980,HCV,3a,100
OR497985,HCV,3a,100
OR497982,HCV,3a,100
OR497984,HCV,3a,100
OR497986,HCV,3a,100
OR497989,HCV,1b,100
OR497987,HCV,3a,100
OR497979,HCV,3a,100
OR497988,HCV,4q,100
OR497992,HCV,1b,100
OR497994,HCV,1b,100
OR497993,HCV,1b,100
OR497996,HCV,1b,100
OR497998,HCV,1b,100
OR497990,HCV,1b,100
OR497997,HCV,1b,100
OR498001,HCV,1b,100
OR497995,HCV,1b,100
OR497991,HCV,1b,100
OR498000,HCV,1b,100
OR497999,HCV,1b,100
OR498004,HCV,1b,100
OR498002,HCV,1b,100
OR498006,HCV,1b,100
OR498005,HCV,1b,100
OR498011,HCV,1b,100
OR498003,HCV,1b,100
OR498013,HCV,1b,100
OR498072,HCV,2i,100
FJ024277,HCV,1b,100
OR498071,HCV,1b,100
FJ024275,HCV,1a,100
FJ024276,HCV,1a,100
MZ327731,HCV,1a,100
FJ024279,HCV,1b,100
FJ024278,HCV,1a,100
FJ024281,HCV,1a,100
FJ024282,HCV,1a,100
MZ327732,HCV,1a,100
MZ327730,HCV,3a,100
MZ327743,HCV,"unassigned_1, 1a-1b",NA
MZ327734,HCV,1a,100
MZ327736,HCV,1a,100
MZ327735,HCV,3a,100
FJ024280,HCV,1a,100
MZ327741,HCV,1a,100
MZ327739,HCV,1a,100
MZ327737,HCV,1a,100
MZ327738,HCV,3a,100
MZ327742,HCV,1a,100
MZ327744,HCV,1a,100
MZ327747,HCV,1a,100
MZ327740,HCV,1a,100
MZ327746,HCV,1a,100
MZ327733,HCV,1a,100
MZ327750,HCV,3a,100
MZ327754,HCV,3a,100
MZ327751,HCV,1a,100
MZ327745,HCV,3a,100
MZ327749,HCV,1a,100
MZ327748,HCV,3a,100
MZ327760,HCV,1a,100
MZ327758,HCV,1a,100
MZ327759,HCV,3a,100
MZ327753,HCV,1b,100
MZ327755,HCV,2b,100
MZ327761,HCV,1a,100
MZ327757,HCV,3a,100
MZ327752,HCV,4d,100
MZ327756,HCV,3a,100
MZ327766,HCV,1a,100
MZ327764,HCV,3a,100
MZ327767,HCV,1a,100
MZ327763,HCV,1a,100
MZ327769,HCV,1b,100
MZ327768,HCV,1a,100
OR497858,HCV,4d,100
OR497860,HCV,4d,100
OR497862,HCV,4d,100
OR497855,HCV,4d,100
OR497864,HCV,4d,100
OR497863,HCV,4d,100
OR497849,HCV,4k,100
OR497850,HCV,4k,100
OR497857,HCV,4d,100
OR497853,HCV,4d,100
OR497876,HCV,"unassigned_1, 1b-2k",NA
OR497865,HCV,4d,100
OR497870,HCV,4r,100
OR497866,HCV,4d,100
OR497871,HCV,4r,100
OR497867,HCV,4d,100
OR497875,HCV,4a,100
OR497874,HCV,4a,100
OR497877,HCV,1a,100
OR497868,HCV,4d,100
OR497869,HCV,4d,100
OR497879,HCV,1a,100
OR497878,HCV,1a,100
OR497884,HCV,1a,100
OR497872,HCV,1c,100
OR497873,HCV,4v,100
OR497885,HCV,1a,100
OR497880,HCV,1a,100
OR497887,HCV,1a,100
OR497882,HCV,1a,100
OR497890,HCV,1a,100
OR497889,HCV,1a,100
OR497881,HCV,1a,100
OR497891,HCV,1a,100
OR497888,HCV,1a,100
OR497883,HCV,1a,100
OR497893,HCV,1a,100
OR497892,HCV,1a,100
OR497886,HCV,1a,100
OR497894,HCV,1a,100
OR497900,HCV,1a,100
OR497895,HCV,1a,100
OR497897,HCV,1a,100
OR497898,HCV,1a,100
OR497904,HCV,1a,100
OR497902,HCV,1a,100
OR497901,HCV,1a,100
OR497905,HCV,1a,100
OR497896,HCV,1a,100
OR497906,HCV,1a,100
OR497903,HCV,1a,100
OR497899,HCV,1a,100
OR497909,HCV,1a,100
OR497908,HCV,1a,100
OR497914,HCV,1a,100
OR497911,HCV,1a,100
OR497918,HCV,1a,100
OR497920,HCV,1a,100
OR497919,HCV,1a,100
OR497913,HCV,1a,100
OR497907,HCV,1a,100
OR497910,HCV,1a,100
OR497916,HCV,1a,100
OR497922,HCV,1a,100
OR497912,HCV,1a,100
OR497921,HCV,1a,100
OR497923,HCV,1a,100
OR497917,HCV,1a,100
OR497915,HCV,1a,100
OR497925,HCV,1a,100
OR497924,HCV,1a,100
OR497927,HCV,1a,100
OR497928,HCV,1a,100
OR497926,HCV,1a,100
OR497929,HCV,1a,100
OR497932,HCV,1a,100
OR497934,HCV,1a,100
OR497933,HCV,1a,100
OR497931,HCV,1a,100
OR497935,HCV,1a,100
OR497941,HCV,1a,100
OR497939,HCV,1a,100
OR497936,HCV,1a,100
OR497940,HCV,1a,100
OR497938,HCV,1a,100
OR497937,HCV,1a,100
OR497943,HCV,1a,100
OR497930,HCV,1a,100
OR497942,HCV,1a,100
OR497945,HCV,1a,100
OR497946,HCV,1a,100
OR497948,HCV,1a,100
OR497950,HCV,1a,100
OR497952,HCV,1a,100
OR497957,HCV,2c,100
OR497947,HCV,1a,100
OR497956,HCV,4c,100
OR497954,HCV,1a,100
OR497958,HCV,2c,100
OR497949,HCV,1a,100
OR497944,HCV,1a,100
OR497955,HCV,2a,100
OR497959,HCV,3a,100
OR497951,HCV,1a,100
KC124790,HCV,1b,100
KC124792,HCV,1b,100
KC124798,HCV,1b,100
MG747417,HCV,1b,100
MG747395,HCV,1b,100
MH562133,HCV,1b,100
KC124806,HCV,1b,100
MH562134,HCV,1a,100
MZ327799,HCV,3a,100
MH562135,HCV,1b,100
MH562137,HCV,1a,100
MH562136,HCV,1b,100
MH562138,HCV,1a,100
MH562139,HCV,1a,100
MH562140,HCV,1a,100
MH562141,HCV,1a,100
MH562142,HCV,1a,100
MH562143,HCV,1a,100
MH562144,HCV,1a,100
KC124797,HCV,1b,100
MH562145,HCV,1a,100
MH562147,HCV,1a,100
MH562146,HCV,1a,100
MH562148,HCV,1a,100
MH562149,HCV,1a,100
MH562178,HCV,3a,100
MH562179,HCV,3a,100
MH562180,HCV,3a,100
MH562181,HCV,3a,100
MG747413,HCV,1b,100
MH562203,HCV,3a,100
MG747415,HCV,1b,100
MH562217,HCV,3a,100
MH562219,HCV,3a,100
MH562218,HCV,3a,100
MH562220,HCV,3a,100
MH562221,HCV,3a,100
MH562222,HCV,3a,100
MH562247,HCV,3a,100
MH562212,HCV,3a,100
MG747419,HCV,1b,100
MH562248,HCV,3a,100
MH562249,HCV,3a,100
MT347783,HCV,3a,100
MT347784,HCV,3a,100
KC124796,HCV,1b,100
MT347786,HCV,3a,100
MT347787,HCV,3a,100
MT347788,HCV,3a,100
MH562223,HCV,3a,100
MT347789,HCV,3a,100
MT347790,HCV,3a,100
MT347791,HCV,3a,100
MT347792,HCV,3a,100
MT347794,HCV,3a,100
MT347796,HCV,3a,100
MH562150,HCV,1a,100
MN227795,HCV,3a,100
MN227796,HCV,3a,100
KC124805,HCV,1b,100
MN227798,HCV,3a,100
MN227800,HCV,3a,100
MN227797,HCV,3a,100
MN227817,HCV,3a,100
MN227793,HCV,3a,100
MN227802,HCV,3a,100
MH562246,HCV,3a,100
MN227819,HCV,3a,100
MH562209,HCV,3a,100
MN227820,HCV,3a,100
MN227821,HCV,3a,100
MN227823,HCV,3a,100
MN227822,HCV,3a,100
MN227824,HCV,3a,100
MT347793,HCV,3a,100
MN227826,HCV,3a,100
MN227827,HCV,3a,100
MN227825,HCV,3a,100
MN227845,HCV,3a,100
MN227846,HCV,3a,100
MN227847,HCV,3a,100
MN227848,HCV,3a,100
MN227849,HCV,3a,100
MN227850,HCV,3a,100
MN227851,HCV,3a,100
MN227852,HCV,3a,100
MN227829,HCV,3a,100
MN227799,HCV,3a,100
MN227853,HCV,3a,100
MN227854,HCV,3a,100
MN227858,HCV,3a,100
MN227818,HCV,3a,100
MN227879,HCV,3a,100
MN227881,HCV,3a,100
MN227880,HCV,3a,100
MN227882,HCV,3a,100
MN227801,HCV,3a,100
MN227883,HCV,3a,100
MN227885,HCV,3a,100
MN227886,HCV,3a,100
MN227887,HCV,3a,100
MN227904,HCV,3a,100
MN227907,HCV,3a,100
MN227906,HCV,3a,100
MN227910,HCV,3a,100
MN227908,HCV,3a,100
MN227909,HCV,3a,100
MN227911,HCV,3a,100
MN227912,HCV,3a,100
MN227884,HCV,3a,100
KC124820,HCV,1b,100
KC124824,HCV,1b,100
KC124826,HCV,1b,100
KC124822,HCV,1b,100
KC124833,HCV,1b,100
KC124823,HCV,1b,100
KC124814,HCV,1b,100
KC124844,HCV,1b,100
KC124851,HCV,1b,100
KC124862,HCV,1b,100
MZ327770,HCV,1a,100
MZ327765,HCV,1a,100
MZ327762,HCV,1a,100
MZ327772,HCV,3a,100
MZ327771,HCV,1a,100
MZ327775,HCV,1b,100
MZ327776,HCV,1a,100
MZ327778,HCV,1a,100
MZ327773,HCV,3a,100
MZ327774,HCV,1b,100
MZ327790,HCV,1a,100
MZ327793,HCV,1a,100
KC124769,HCV,1b,100
KC124775,HCV,1b,100
KC124774,HCV,1b,100
MZ327798,HCV,1a,100
KC124772,HCV,1b,100
KC124770,HCV,1b,100
KC124771,HCV,1b,100
KC124778,HCV,"unassigned_1, 1b-1a",NA
MZ327789,HCV,3a,100
MZ327797,HCV,1a,100
KC124782,HCV,1b,100
MZ327800,HCV,2b,100
KC124779,HCV,1b,100
KC124785,HCV,1b,100
MZ327794,HCV,3a,100
KC124780,HCV,1b,100
KC124848,HCV,1b,100
KC124861,HCV,1b,100
KC124864,HCV,1b,100
KC124874,HCV,1b,100
KC124877,HCV,1b,100
KC124878,HCV,1b,100
KC124880,HCV,1b,100
KC124884,HCV,1b,100
KC124885,HCV,1b,100
KC124889,HCV,1b,100
KC124890,HCV,1b,100
KC124891,HCV,1b,100
MN227914,HCV,3a,100
KC124888,HCV,1b,100
KC124893,HCV,1b,100
MN227915,HCV,3a,100
KC124894,HCV,1b,100
KC124892,HCV,1b,100
KC124896,HCV,1b,100
KC124895,HCV,1b,100
KC124898,HCV,1b,100
MN227918,HCV,3a,100
KC124921,HCV,1b,100
KC124939,HCV,1b,100
KC124940,HCV,1b,100
KC124946,HCV,1b,100
KC124941,HCV,1b,100
KC124985,HCV,1b,100
KC125000,HCV,1b,100
KC127122,HCV,1a,100
KC127123,HCV,1a,100
KC127125,HCV,1a,100
KC124984,HCV,1b,100
KC127126,HCV,1a,100
KC127130,HCV,1a,100
KC127133,HCV,1a,100
KC127135,HCV,1a,100
KC127134,HCV,1a,100
KC127138,HCV,1a,100
KC127146,HCV,1a,100
KC127151,HCV,1a,100
KC127154,HCV,1a,100
KC127153,HCV,1a,100
KC127156,HCV,1a,100
KC127161,HCV,1a,100
KC127158,HCV,1a,100
KC127166,HCV,1a,100
KC127157,HCV,1a,100
KC127160,HCV,1a,100
KC127159,HCV,1a,100
KC127164,HCV,1a,100
KC127165,HCV,1a,100
KC127183,HCV,1a,100
KC127202,HCV,1a,100
KC127196,HCV,1a,100
KC127199,HCV,1a,100
KC127204,HCV,1a,100
KC127211,HCV,1a,100
KC127214,HCV,1a,100
KC127212,HCV,1a,100
KC127210,HCV,1a,100
KC127216,HCV,1a,100
KC127208,HCV,1a,100
KC124933,HCV,1b,100
KC124950,HCV,1b,100
KC124924,HCV,1b,100
KC124907,HCV,1b,100
KC124996,HCV,1b,100
KC124799,HCV,1b,100
KC124793,HCV,1b,100
KC124789,HCV,1b,100
KC127610,HCV,1a,100
KC127612,HCV,1a,100
KC127608,HCV,1a,100
KC127611,HCV,1a,100
KC127617,HCV,1a,100
KC127615,HCV,1a,100
KC127613,HCV,1a,100
KC127616,HCV,1a,100
KC127620,HCV,1a,100
KC127622,HCV,1a,100
KC127618,HCV,1a,100
KC127621,HCV,1a,100
KC127624,HCV,1a,100
KC127625,HCV,1a,100
KC127627,HCV,1a,100
KC127626,HCV,1a,100
KC127628,HCV,1a,100
KC127631,HCV,1a,100
KC127632,HCV,1a,100
KC127630,HCV,1a,100
KC127635,HCV,1a,100
KC127636,HCV,1a,100
KC127637,HCV,1a,100
KC127633,HCV,1a,100
KC127641,HCV,1a,100
KC127642,HCV,1a,100
KC127640,HCV,1a,100
KC127645,HCV,1a,100
KC127648,HCV,1a,100
KC127644,HCV,1a,100
KC127651,HCV,1a,100
KC127652,HCV,1a,100
KC127650,HCV,1a,100
KC127653,HCV,1a,100
KC127654,HCV,1a,100
KC127655,HCV,1a,100
PV289041,HCV,1a,100
PV289042,HCV,1a,100
PV289125,HCV,1a,100
MW689950,HCV,1a,100
FJ931539,HCV,3a,100
FJ931540,HCV,3a,100
KT735187,HCV,1a,100
KT735183,HCV,3a,100
KT735184,HCV,1b,100
KT735186,HCV,1a,100
KT735185,HCV,4a,100
FJ931543,HCV,3a,100
FJ931544,HCV,3a,100
FJ931545,HCV,3a,100
FJ931546,HCV,3a,100
FJ931549,HCV,3a,100
FJ931548,HCV,3a,100
FJ931551,HCV,3a,100
FJ931550,HCV,3a,100
FJ931553,HCV,3a,100
FJ931555,HCV,3a,100
FJ931556,HCV,3a,100
FJ931554,HCV,3a,100
FJ931558,HCV,3a,100
FJ931559,HCV,3a,100
FJ931561,HCV,3a,100
FJ931560,HCV,3a,100
FJ931562,HCV,3a,100
FJ931565,HCV,3a,100
FJ931564,HCV,3a,100
FJ931566,HCV,3a,100
FJ931570,HCV,3a,100
FJ931568,HCV,3a,100
FJ931569,HCV,3a,100
FJ931571,HCV,3a,100
FJ931576,HCV,3a,100
FJ931573,HCV,3a,100
FJ931572,HCV,3a,100
FJ931575,HCV,3a,100
FJ931578,HCV,3a,100
FJ931579,HCV,3a,100
FJ931581,HCV,3a,100
FJ931580,HCV,3a,100
FJ931583,HCV,3a,100
FJ931584,HCV,3a,100
FJ931586,HCV,3a,100
FJ931585,HCV,3a,100
FJ931587,HCV,3a,100
FJ931588,HCV,3a,100
FJ931590,HCV,3a,100
FJ931591,HCV,3a,100
FJ931594,HCV,3a,100
FJ931596,HCV,3a,100
FJ931592,HCV,3a,100
FJ931595,HCV,3a,100
FJ931599,HCV,3a,100
FJ931597,HCV,3a,100
FJ931600,HCV,3a,100
FJ931601,HCV,3a,100
FJ931603,HCV,3a,100
FJ931602,HCV,3a,100
FJ931606,HCV,3a,100
FJ931604,HCV,3a,100
FJ931607,HCV,3a,100
FJ931608,HCV,3a,100
FJ931609,HCV,3a,100
FJ932274,HCV,1a,100
FJ932277,HCV,1a,100
FJ932280,HCV,1a,100
FJ932279,HCV,1a,100
FJ932284,HCV,1a,100
FJ932285,HCV,1a,100
FJ932283,HCV,1a,100
FJ932290,HCV,1a,100
FJ932291,HCV,1a,100
FJ932287,HCV,1a,100
FJ932295,HCV,1a,100
FJ932294,HCV,1a,100
FJ932296,HCV,1a,100
FJ932298,HCV,1a,100
FJ932303,HCV,1a,100
FJ932302,HCV,1a,100
FJ932301,HCV,1a,100
FJ932299,HCV,1a,100
FJ932306,HCV,1a,100
FJ932305,HCV,1a,100
FJ932307,HCV,1a,100
FJ932308,HCV,1a,100
FJ932312,HCV,1a,100
FJ932310,HCV,1a,100
FJ932313,HCV,1a,100
FJ932311,HCV,1a,100
FJ932317,HCV,1a,100
FJ932316,HCV,1a,100
FJ932318,HCV,1a,100
FJ932321,HCV,1a,100
FJ932322,HCV,1a,100
KC127229,HCV,1a,100
KC127235,HCV,1a,100
KC127238,HCV,1a,100
KC127232,HCV,1a,100
KC127240,HCV,1a,100
KC127228,HCV,1a,100
KC127239,HCV,1a,100
KC127242,HCV,1a,100
KC127249,HCV,1a,100
KC127241,HCV,1a,100
KC127246,HCV,1a,100
KC127252,HCV,1a,100
KC127248,HCV,1a,100
KC127253,HCV,1a,100
KC127254,HCV,1a,100
KC127251,HCV,1a,100
KC127260,HCV,1a,100
KC127263,HCV,1a,100
KC127259,HCV,1a,100
KC127264,HCV,1a,100
KC127271,HCV,1a,100
KC127268,HCV,1a,100
KC127273,HCV,1a,100
KC127270,HCV,1a,100
KC127275,HCV,1a,100
KC127274,HCV,1a,100
KC127272,HCV,1a,100
KC127282,HCV,1a,100
KC127279,HCV,1a,100
KC127286,HCV,1a,100
KC127277,HCV,1a,100
KC127269,HCV,1a,100
KC127283,HCV,1a,100
KC127287,HCV,1a,100
KC127284,HCV,1a,100
KC127285,HCV,1a,100
KC127293,HCV,1a,100
KC127288,HCV,1a,100
KC127281,HCV,1a,100
KC127289,HCV,1a,100
KC127292,HCV,1a,100
KC127294,HCV,1a,100
KC127291,HCV,1a,100
KC127299,HCV,1a,100
KC127306,HCV,1a,100
KC127305,HCV,1a,100
KC127295,HCV,1a,100
KC127309,HCV,1a,100
KC127308,HCV,1a,100
KC127300,HCV,1a,100
KC127312,HCV,1a,100
KC127311,HCV,1a,100
KC127321,HCV,1a,100
KC127317,HCV,1a,100
KC127315,HCV,1a,100
KC127318,HCV,1a,100
KC127310,HCV,1a,100
KC127319,HCV,1a,100
KC127320,HCV,1a,100
KC127323,HCV,1a,100
KC127324,HCV,1a,100
KC127326,HCV,1a,100
KC127322,HCV,1a,100
KC127327,HCV,1a,100
KC127325,HCV,1a,100
KC127328,HCV,1a,100
KC127329,HCV,1a,100
KC127333,HCV,1a,100
KC127336,HCV,1a,100
KC127332,HCV,1a,100
KC127339,HCV,1a,100
KC127335,HCV,1a,100
KC127330,HCV,1a,100
KC127344,HCV,1a,100
KC127340,HCV,1a,100
KC127334,HCV,1a,100
KC127337,HCV,1a,100
KC127345,HCV,1a,100
KC127347,HCV,1a,100
KC127341,HCV,1a,100
KC127346,HCV,1a,100
KC127349,HCV,1a,100
KC127350,HCV,1a,100
KC127355,HCV,1a,100
KC127354,HCV,1a,100
KC127348,HCV,1a,100
KC127352,HCV,1a,100
KC127358,HCV,1a,100
KC127351,HCV,1a,100
KC127342,HCV,1a,100
KC127363,HCV,1a,100
KC127359,HCV,1a,100
KC127360,HCV,1a,100
KC127361,HCV,1a,100
KC127367,HCV,1a,100
KC127368,HCV,1a,100
KC127357,HCV,1a,100
KC127362,HCV,1a,100
KC127371,HCV,1a,100
KC127369,HCV,1a,100
KC127366,HCV,1a,100
KC127370,HCV,1a,100
KC127374,HCV,1a,100
KC127365,HCV,1a,100
KC127376,HCV,1a,100
KC127378,HCV,1a,100
KC127379,HCV,1a,100
KC127373,HCV,1a,100
KC127382,HCV,1a,100
KC127381,HCV,1a,100
KC127356,HCV,1a,100
KC127375,HCV,1a,100
KC127372,HCV,1a,100
KC127385,HCV,1a,100
KC127386,HCV,1a,100
KC127384,HCV,1a,100
KC127391,HCV,1a,100
KC127387,HCV,1a,100
KC127389,HCV,1a,100
KC127393,HCV,1a,100
KC127395,HCV,1a,100
KC127394,HCV,1a,100
KC127388,HCV,1a,100
KC127390,HCV,1a,100
KC127397,HCV,1a,100
KC127399,HCV,1a,100
KC127403,HCV,1a,100
KC127406,HCV,1a,100
KC127401,HCV,1a,100
KC127409,HCV,1a,100
KC127410,HCV,1a,100
KC127383,HCV,1a,100
KC127408,HCV,1a,100
KC127396,HCV,1a,100
KC127400,HCV,1a,100
KC127402,HCV,1a,100
KC127407,HCV,1a,100
KC127398,HCV,1a,100
KC127411,HCV,1a,100
KC127415,HCV,1a,100
KC127417,HCV,1a,100
KC127405,HCV,1a,100
KC127413,HCV,1a,100
KC127421,HCV,1a,100
KC127418,HCV,1a,100
KC127424,HCV,1a,100
KC127425,HCV,1a,100
KC127420,HCV,1a,100
KC127423,HCV,1a,100
KC127412,HCV,1a,100
KC127414,HCV,1a,100
KC127426,HCV,1a,100
KC127428,HCV,1a,100
KC127429,HCV,1a,100
KC127432,HCV,1a,100
KC127433,HCV,1a,100
KC127427,HCV,1a,100
KC127436,HCV,1a,100
KC127431,HCV,1a,100
KC127419,HCV,1a,100
KC127441,HCV,1a,100
KC127430,HCV,1a,100
KC127439,HCV,1a,100
KC127442,HCV,1a,100
KC127440,HCV,1a,100
KC127438,HCV,1a,100
KC127437,HCV,1a,100
KC127444,HCV,1a,100
KC127445,HCV,1a,100
KC127446,HCV,1a,100
KC127448,HCV,1a,100
KC127452,HCV,1a,100
KC127449,HCV,1a,100
KC127454,HCV,1a,100
KC127451,HCV,1a,100
KC127457,HCV,1a,100
KC127458,HCV,1a,100
KC127460,HCV,1a,100
KC127450,HCV,1a,100
KC127456,HCV,1a,100
KC127461,HCV,1a,100
KC127453,HCV,1a,100
KC127455,HCV,1a,100
KC127464,HCV,1a,100
KC127467,HCV,1a,100
KC127472,HCV,1a,100
KC127476,HCV,1a,100
KC127469,HCV,1a,100
KC127474,HCV,1a,100
KC127475,HCV,1a,100
KC127465,HCV,1a,100
KC127463,HCV,1a,100
KC127470,HCV,1a,100
KC127477,HCV,1a,100
KC127468,HCV,1a,100
KC127480,HCV,1a,100
KC127481,HCV,1a,100
KC127484,HCV,1a,100
KC127482,HCV,1a,100
KC127487,HCV,1a,100
KC127485,HCV,1a,100
KC127478,HCV,1a,100
KC127471,HCV,1a,100
KC127489,HCV,1a,100
KC127491,HCV,1a,100
KC127490,HCV,1a,100
KC127483,HCV,1a,100
KC127479,HCV,1a,100
KC127498,HCV,1a,100
KC127495,HCV,1a,100
KC127497,HCV,1a,100
KC127486,HCV,1a,100
KC127501,HCV,1a,100
KC127504,HCV,1a,100
KC127506,HCV,1a,100
KC127499,HCV,1a,100
KC127502,HCV,1a,100
KC127488,HCV,1a,100
KC127507,HCV,1a,100
KC127508,HCV,1a,100
KC127500,HCV,1a,100
KC127509,HCV,1a,100
KC127505,HCV,1a,100
KC127511,HCV,1a,100
KC127510,HCV,1a,100
KC127515,HCV,1a,100
KC127514,HCV,1a,100
KC127516,HCV,1a,100
KC127521,HCV,1a,100
KC127512,HCV,1a,100
KC127513,HCV,1a,100
KC127519,HCV,1a,100
KC127529,HCV,1a,100
KC127525,HCV,1a,100
KC127526,HCV,1a,100
KC127530,HCV,1a,100
KC127523,HCV,1a,100
KC127518,HCV,1a,100
KC127535,HCV,1a,100
KC127531,HCV,1a,100
KC127533,HCV,1a,100
KC127528,HCV,1a,100
KC127532,HCV,1a,100
KC127534,HCV,1a,100
KC127542,HCV,1a,100
KC127540,HCV,1a,100
KC127539,HCV,1a,100
KC127536,HCV,1a,100
KC127543,HCV,1a,100
KC127541,HCV,1a,100
KC127544,HCV,1a,100
KC127538,HCV,1a,100
KC127537,HCV,1a,100
KC127546,HCV,1a,100
KC127547,HCV,1a,100
KC127524,HCV,1a,100
KC127549,HCV,1a,100
KC127548,HCV,1a,100
KC127551,HCV,1a,100
KC127554,HCV,1a,100
KC127555,HCV,1a,100
KC127557,HCV,1a,100
KC127560,HCV,1a,100
KC127556,HCV,1a,100
KC127561,HCV,1a,100
KC127565,HCV,1a,100
KC127564,HCV,1a,100
KC127566,HCV,1a,100
KC127552,HCV,1a,100
KC127550,HCV,1a,100
KC127563,HCV,1a,100
KC127569,HCV,1a,100
KC127559,HCV,1a,100
KC127562,HCV,1a,100
KC127568,HCV,1a,100
KC127571,HCV,1a,100
KC127567,HCV,1a,100
KC127575,HCV,1a,100
KC127553,HCV,1a,100
KC127570,HCV,1a,100
KC127580,HCV,1a,100
KC127576,HCV,1a,100
KC127579,HCV,1a,100
KC127578,HCV,1a,100
KC127583,HCV,1a,100
KC127572,HCV,1a,100
KC127590,HCV,1a,100
KC127595,HCV,1a,100
KC127598,HCV,1a,100
KC127604,HCV,1a,100
KC127619,HCV,1a,100
KC127623,HCV,1a,100
KC127629,HCV,1a,100
KC127634,HCV,1a,100
KC127638,HCV,1a,100
KC127646,HCV,1a,100
KC127643,HCV,1a,100
KC127647,HCV,1a,100
KC127649,HCV,1a,100
KC127639,HCV,1a,100
KC127656,HCV,1a,100
PV289118,HCV,"unassigned_1, 1a-2b",NA
FJ931542,HCV,3a,100
FJ931547,HCV,3a,100
PQ660859,HCV,4a,100
FJ931552,HCV,3a,100
FJ931557,HCV,3a,100
FJ931563,HCV,3a,100
FJ931567,HCV,3a,100
FJ931574,HCV,3a,100
FJ931577,HCV,3a,100
FJ931582,HCV,3a,100
FJ931589,HCV,3a,100
FJ931593,HCV,3a,100
FJ931598,HCV,3a,100
FJ932276,HCV,1a,100
FJ931605,HCV,3a,100
FJ932275,HCV,1a,100
FJ932278,HCV,1a,100
FJ932288,HCV,1a,100
FJ932281,HCV,1a,100
FJ932282,HCV,1a,100
FJ932286,HCV,1a,100
FJ932289,HCV,1a,100
FJ932292,HCV,1a,100
FJ932297,HCV,1a,100
FJ932300,HCV,1a,100
FJ932293,HCV,1a,100
FJ932304,HCV,1a,100
FJ932309,HCV,1a,100
FJ932314,HCV,1a,100
FJ932320,HCV,1a,100
FJ932319,HCV,1a,100
FJ932315,HCV,1a,100
FJ932326,HCV,1a,100
FJ932324,HCV,1a,100
FJ932325,HCV,1a,100
FJ932323,HCV,1a,100
FJ932327,HCV,1a,100
FJ932329,HCV,1a,100
FJ932330,HCV,1a,100
FJ932332,HCV,1a,100
FJ932331,HCV,1a,100
FJ932333,HCV,1a,100
FJ932334,HCV,1a,100
FJ932336,HCV,1a,100
FJ932335,HCV,1a,100
FJ932338,HCV,1a,100
FJ932339,HCV,1a,100
FJ932337,HCV,1a,100
FJ932343,HCV,1a,100
FJ932340,HCV,1a,100
FJ932342,HCV,1a,100
FJ932348,HCV,1a,100
FJ932344,HCV,1a,100
FJ932346,HCV,1a,100
FJ932347,HCV,1a,100
FJ932349,HCV,1a,100
FJ932353,HCV,1a,100
FJ932345,HCV,1a,100
FJ932352,HCV,1a,100
FJ932354,HCV,1a,100
FJ932356,HCV,1a,100
PV289044,HCV,1a,100
PV289046,HCV,1a,100
PV289051,HCV,1a,100
PV289043,HCV,1a,100
PV289052,HCV,1a,100
PV289040,HCV,1a,100
PV289050,HCV,1a,100
PV289045,HCV,1a,100
PV289047,HCV,1a,100
PV289049,HCV,1a,100
PV289048,HCV,1a,100
PV289054,HCV,1a,100
PV289055,HCV,1a,100
PV289053,HCV,1a,100
PV289057,HCV,1a,100
PV289056,HCV,1a,100
PV289064,HCV,1a,100
PV289062,HCV,1a,100
PV289063,HCV,1a,100
PV289067,HCV,1a,100
PV289060,HCV,1a,100
PV289070,HCV,1a,100
PV289069,HCV,1a,100
PV289065,HCV,1a,100
PV289066,HCV,1a,100
PV289068,HCV,1a,100
PV289061,HCV,1a,100
PV289058,HCV,1a,100
PV289059,HCV,1a,100
PV289071,HCV,1a,100
PV289074,HCV,1a,100
PV289073,HCV,1a,100
PV289072,HCV,1a,100
PV289078,HCV,1a,100
PV289076,HCV,1a,100
PV289075,HCV,1a,100
PV289080,HCV,1a,100
PV289081,HCV,1a,100
PV289082,HCV,1a,100
PV289083,HCV,1a,100
PV289086,HCV,1a,100
PV289079,HCV,1a,100
PV289077,HCV,1a,100
PV289084,HCV,1a,100
PV289085,HCV,1a,100
PV289088,HCV,1a,100
PV289087,HCV,1a,100
PV289092,HCV,1a,100
PV289093,HCV,1a,100
PV289089,HCV,1a,100
PV289094,HCV,1a,100
PV289091,HCV,1a,100
PV289090,HCV,1a,100
PV289096,HCV,1a,100
PV289095,HCV,1a,100
PV289101,HCV,1a,100
PV289100,HCV,1a,100
PV289102,HCV,1a,100
PV289098,HCV,1a,100
PV289097,HCV,1a,100
PV289103,HCV,1a,100
PV289099,HCV,1a,100
PV289104,HCV,1a,100
PV289106,HCV,1a,100
PV289105,HCV,1a,100
PV289116,HCV,"unassigned_1, 1a-2b",NA
PV289108,HCV,1a,100
PV289112,HCV,1a,100
PV289109,HCV,1a,100
PV289110,HCV,1a,100
PV289107,HCV,1a,100
PV289115,HCV,1a,100
PV289111,HCV,1a,100
PV289113,HCV,1a,100
PV289117,HCV,1a,100
PV289114,HCV,1a,100
PV289119,HCV,1a,100
PV289122,HCV,1a,100
PV289130,HCV,"unassigned_1, 1a-2b",NA
PV289124,HCV,1a,100
PV289123,HCV,1a,100
PV289128,HCV,1a,100
PV289127,HCV,1a,100
PV289126,HCV,1a,100
PV289135,HCV,1a,100
PV289129,HCV,1a,100
PV289131,HCV,1a,100
PV289132,HCV,1a,100
PV289136,HCV,3a,100
PV289139,HCV,3a,100
PV289140,HCV,3a,100
PV289141,HCV,3a,100
PV289138,HCV,3a,100
PV289142,HCV,3a,100
PV289137,HCV,3a,100
PV289143,HCV,3a,100
PV289144,HCV,3a,100
PV289147,HCV,3a,100
PV289149,HCV,3a,100
PV289146,HCV,3a,100
PV289154,HCV,3a,100
PV289150,HCV,3a,100
PV289155,HCV,3a,100
PV289156,HCV,3a,100
PV289157,HCV,3a,100
PV289152,HCV,3a,100
PV289153,HCV,3a,100
PV289161,HCV,3a,100
PV289159,HCV,3a,100
PV289164,HCV,3a,100
PV289151,HCV,3a,100
PV289162,HCV,3a,100
PV289167,HCV,3a,100
PV289169,HCV,3a,100
PV289165,HCV,3a,100
PV289160,HCV,3a,100
PV289166,HCV,3a,100
PV289173,HCV,3a,100
PV289170,HCV,3a,100
PV289172,HCV,3a,100
PV289168,HCV,3a,100
PV289176,HCV,3a,100
PV289174,HCV,3a,100
PV289177,HCV,3a,100
PV289180,HCV,3a,100
PV289175,HCV,3a,100
PV289178,HCV,3a,100
PV289185,HCV,3a,100
PV289187,HCV,3a,100
PV289182,HCV,3a,100
PV289183,HCV,3a,100
PV289181,HCV,3a,100
PV289190,HCV,3a,100
PV289188,HCV,3a,100
PV289186,HCV,3a,100
PV289191,HCV,3a,100
PV289193,HCV,3a,100
PV289192,HCV,3a,100
PV289198,HCV,3a,100
PV289194,HCV,3a,100
PV289200,HCV,3a,100
PV289197,HCV,3a,100
PV289196,HCV,3a,100
PV289202,HCV,3a,100
PV289199,HCV,3a,100
PV289210,HCV,"unassigned_1, 3a-2b",NA
PV289203,HCV,3a,100
PV289204,HCV,3a,100
PV289216,HCV,"unassigned_1, 3a-2b",NA
PV289207,HCV,3a,100
PV289206,HCV,3a,100
PV289218,HCV,"unassigned_1, 3a-2b",NA
PV289208,HCV,3a,100
PV289213,HCV,3a,100
PV289217,HCV,3a,100
PV289212,HCV,3a,100
PV289215,HCV,3a,100
PV289211,HCV,3a,100
PV289214,HCV,3a,100
PV289221,HCV,3a,100
PV289219,HCV,3a,100
PV289220,HCV,3a,100
MW689946,HCV,1a,100
MW689949,HCV,1a,100
MW689948,HCV,1a,100
MW689951,HCV,1a,100
MW689970,HCV,1a,100
MW689974,HCV,1a,100
MW689953,HCV,1a,100
MW689967,HCV,1b,100
MW689957,HCV,1a,100
MW689977,HCV,1a,100
MW689982,HCV,1a,100
MW689972,HCV,1a,100
MW689976,HCV,1b,100
MW689995,HCV,"unassigned_1, 1a-4k-1b-4k-1b-4k",NA
MW689986,HCV,1a,100
MW689990,HCV,1a,100
MW690004,HCV,"unassigned_1, 1a-4o-4v-4o",NA
MW689992,HCV,1b,100
MW689979,HCV,1a,100
MW689994,HCV,1a,100
MW689998,HCV,1a,100
MW690009,HCV,"unassigned_1, 1b-1a",NA
MW689997,HCV,1b,100
MW689996,HCV,1a,100
MW690005,HCV,1a,100
MW690011,HCV,1a,100
MW690003,HCV,1a,100
MW690002,HCV,1a,100
MW690014,HCV,1b,100
MW690019,HCV,1a,100
MW690015,HCV,1a,100
LC209865,HCV,1a,100
MW690016,HCV,1b,100
LC209864,HCV,1a,100
LC209866,HCV,1a,100
MW690018,HCV,1a,100
LC209863,HCV,1a,100
LC209867,HCV,1a,100
MW690020,HCV,1a,100
LC209870,HCV,1a,100
LC209869,HCV,1a,100
LC209871,HCV,1a,100
LC209872,HCV,1a,100
LC209873,HCV,1a,100
LC209876,HCV,1a,100
LC209879,HCV,1a,100
LC209880,HCV,1a,100
LC209875,HCV,1a,100
LC209877,HCV,1a,100
LC209881,HCV,1a,100
LC209883,HCV,1a,100
LC209882,HCV,1a,100
LC209884,HCV,1a,100
LC209885,HCV,1a,100
LC209886,HCV,1a,100
PQ660823,HCV,1a,100
LC209887,HCV,1a,100
PQ660825,HCV,1a,100
PQ660824,HCV,1a,100
PQ660828,HCV,1a,100
PQ660827,HCV,1a,100
PQ660835,HCV,"unassigned_1, 1a-4a-4v",NA
PQ660829,HCV,1a,100
PQ660831,HCV,1a,100
PQ660832,HCV,1a,100
PQ660834,HCV,1a,100
PQ660833,HCV,1a,100
PQ660836,HCV,1a,100
PQ660838,HCV,1a,100
PQ660837,HCV,4a,100
PQ660840,HCV,4a,100
PQ660842,HCV,1a,100
PQ660844,HCV,1a,100
PQ660843,HCV,1a,100
PQ660841,HCV,1a,100
PQ660852,HCV,"unassigned_1, 4a-1a",NA
PQ660846,HCV,1a,100
PQ660847,HCV,4a,100
PQ660855,HCV,"unassigned_1, 1a-4a-4v",NA
PQ660849,HCV,1a,100
PQ660848,HCV,4a,100
PQ660850,HCV,1a,100
PQ660851,HCV,1a,100
PQ660854,HCV,1a,100
PQ660856,HCV,4a,100
PQ660858,HCV,1a,100
KT735179,HCV,1a,100
KT735178,HCV,1a,100
KT735181,HCV,1a,100
KT735180,HCV,1b,100
KT735182,HCV,1b,100
PX386747,HCV,1a,100
PX386746,HCV,1b,100
PX386744,HCV,3a,100
PX386745,HCV,1a,100
PX386748,HCV,1a,100
PX386749,HCV,3a,100
PX386751,HCV,3a,100
PX386750,HCV,3a,100
PX386757,HCV,1a,100
PX386754,HCV,1a,100
PX386752,HCV,3a,100
PX386758,HCV,1a,100
PX386753,HCV,3a,100
PX386756,HCV,1a,100
PX386755,HCV,2b,100
PX386764,HCV,1a,100
PX386759,HCV,3a,100
PX386761,HCV,3a,100
PX386760,HCV,3a,100
PX386762,HCV,3a,100
PX386763,HCV,3a,100
PX386766,HCV,1a,100
PX386765,HCV,1a,100
PX386769,HCV,1a,100
PX386767,HCV,1a,100
PX386768,HCV,3a,100
KC127226,HCV,1a,100
KC127234,HCV,1a,100
KC127224,HCV,1a,100
KC127230,HCV,1a,100
KC127237,HCV,1a,100
KC127236,HCV,1a,100
KC127244,HCV,1a,100
KC127245,HCV,1a,100
KC127231,HCV,1a,100
KC127250,HCV,1a,100
KC127243,HCV,1a,100
KC127247,HCV,1a,100
KC127255,HCV,1a,100
KC127257,HCV,1a,100
KC127265,HCV,1a,100
KC127258,HCV,1a,100
KC127261,HCV,1a,100
KC127256,HCV,1a,100
KC127262,HCV,1a,100
KC127266,HCV,1a,100
KC127267,HCV,1a,100
KC127278,HCV,1a,100
KC127276,HCV,1a,100
KC127280,HCV,1a,100
KC127290,HCV,1a,100
KC127302,HCV,1a,100
KC127296,HCV,1a,100
KC127297,HCV,1a,100
KC127298,HCV,1a,100
KC127307,HCV,1a,100
KC127304,HCV,1a,100
KC127301,HCV,1a,100
KC127313,HCV,1a,100
KC127303,HCV,1a,100
KC127316,HCV,1a,100
KC127314,HCV,1a,100
KC127338,HCV,1a,100
KC127343,HCV,1a,100
KC127331,HCV,1a,100
KC127353,HCV,1a,100
KC127364,HCV,1a,100
KC127377,HCV,1a,100
KC127380,HCV,1a,100
KC127404,HCV,1a,100
KC127416,HCV,1a,100
KC127422,HCV,1a,100
KC127435,HCV,1a,100
KC127459,HCV,1a,100
KC127466,HCV,1a,100
KC127473,HCV,1a,100
KC127462,HCV,1a,100
KC127494,HCV,1a,100
KC127492,HCV,1a,100
KC127496,HCV,1a,100
KC127503,HCV,1a,100
KC127517,HCV,1a,100
KC127493,HCV,1a,100
KC127520,HCV,1a,100
KC127522,HCV,1a,100
KC127527,HCV,1a,100
KC127545,HCV,1a,100
KC127558,HCV,1a,100
KC127609,HCV,1a,100
KC127614,HCV,1a,100
PV289120,HCV,1a,100
PV289121,HCV,1a,100
PV289134,HCV,1a,100
PV289133,HCV,1a,100
PV289145,HCV,3a,100
PV289148,HCV,3a,100
PV289158,HCV,3a,100
PV289163,HCV,3a,100
PV289171,HCV,3a,100
PV289179,HCV,3a,100
PV289184,HCV,3a,100
PV289189,HCV,3a,100
PV289195,HCV,3a,100
PV289201,HCV,3a,100
PV289205,HCV,3a,100
PV289209,HCV,3a,100
MW689944,HCV,"unassigned_1, 1a-2k",NA
MW689945,HCV,"unassigned_1, 1a-4a",NA
MW689963,HCV,"unassigned_1, 1a-4a",NA
MW689969,HCV,"unassigned_1, 1a-1b",NA
MW689987,HCV,"unassigned_1, 1a-4r",NA
MW689993,HCV,"unassigned_1, 1a-1b",NA
MW689985,HCV,1a,100
MW689989,HCV,1a,100
MW689991,HCV,1b,100
MW690006,HCV,1a,100
MW690017,HCV,1a,100
LC209868,HCV,1a,100
LC209874,HCV,1a,100
LC209878,HCV,1a,100
LC209888,HCV,1a,100
PQ660826,HCV,1a,100
PQ660830,HCV,4a,100
PQ660839,HCV,4a,100
PQ660845,HCV,1a,100
PQ660853,HCV,"unassigned_1, 1a-4a",NA
PQ660857,HCV,"unassigned_1, 4a-1a",NA
FJ931538,HCV,3a,100
FJ931541,HCV,3a,100
FJ932328,HCV,1a,100
FJ932351,HCV,1a,100
FJ932350,HCV,1a,100
FJ932341,HCV,1a,100
FJ932358,HCV,1a,100
FJ932357,HCV,1a,100
FJ932359,HCV,1a,100
FJ932355,HCV,1a,100
PX386722,HCV,3a,100
PX386717,HCV,3a,100
PX386718,HCV,1a,100
PX386727,HCV,3a,100
PX386720,HCV,3a,100
PX386726,HCV,2b,100
PX386725,HCV,1b,100
PX386731,HCV,1b,100
PX386732,HCV,3a,100
PX386729,HCV,3a,100
PX386730,HCV,3a,100
PX386724,HCV,1a,100
PX386719,HCV,3a,100
PX386721,HCV,1b,100
PX386723,HCV,3a,100
PX386728,HCV,2b,100
PX386736,HCV,3a,100
PX386737,HCV,1a,100
PX386740,HCV,1a,100
PX386733,HCV,3a,100
PX386734,HCV,3a,100
PX386739,HCV,1a,100
PX386738,HCV,3a,100
PX386743,HCV,1b,100
PX386742,HCV,3a,100
PX386741,HCV,3a,100
PX386735,HCV,3a,100
PX386772,HCV,3a,100
PX386770,HCV,1a,100
PX386771,HCV,3a,100
PX386773,HCV,3a,100
PX386777,HCV,1b,100
PX386774,HCV,1a,100
PX386778,HCV,1b,100
PX386776,HCV,3a,100
PX386780,HCV,1a,100
PX386775,HCV,1a,100
PX386779,HCV,1a,100
PX386782,HCV,1a,100
PX386783,HCV,1c,100
PX386781,HCV,3a,100
PX386784,HCV,1a,100
PX386786,HCV,1a,100
PX386787,HCV,3a,100
PX386788,HCV,1a,100
PX386785,HCV,1b,100
PX386789,HCV,1a,100
PX386793,HCV,1b,100
PX386790,HCV,1b,100
PX386791,HCV,3a,100
PX386795,HCV,1a,100
PX386792,HCV,1a,100
PX386794,HCV,1a,100
PX386796,HCV,3a,100
PX386811,HCV,"unassigned_1, 1a-3a",NA
PX386800,HCV,2a,100
PX386797,HCV,3a,100
PX386798,HCV,1a,100
PX386799,HCV,3a,100
PX386803,HCV,1a,100
PX386801,HCV,2b,100
PX386804,HCV,1b,100
PX386805,HCV,1a,100
PX386802,HCV,3a,100
PX386809,HCV,3a,100
PX386810,HCV,3a,100
PX386806,HCV,1a,100
PX386808,HCV,3a,100
PX386807,HCV,1a,100
PX386812,HCV,3a,100
PX386813,HCV,1a,100
PX386814,HCV,1a,100
PX386815,HCV,1b,100
PX386816,HCV,1a,100
PX386817,HCV,3a,100
PX386818,HCV,1a,100
PX386823,HCV,1a,100
PX386819,HCV,1a,100
PX386820,HCV,3a,100
PX386822,HCV,3a,100
PX386821,HCV,3a,100
KC127573,HCV,1a,100
KC127223,HCV,1a,100
KC127233,HCV,1a,100
KC127227,HCV,1a,100
KC127225,HCV,1a,100
KC127434,HCV,1a,100
KC127447,HCV,1a,100
KC127443,HCV,1a,100
KC127581,HCV,1a,100
KC127582,HCV,1a,100
KC127589,HCV,1a,100
KC127592,HCV,1a,100
KC127588,HCV,1a,100
KC127591,HCV,1a,100
KC127600,HCV,1a,100
KC127599,HCV,1a,100
KC127602,HCV,1a,100
KC127601,HCV,1a,100
KC127392,HCV,1a,100
KC127584,HCV,1a,100
KC127586,HCV,1a,100
KC127585,HCV,1a,100
KC127587,HCV,1a,100
KC127593,HCV,1a,100
KC127594,HCV,1a,100
KC127597,HCV,1a,100
KC127596,HCV,1a,100
KC127603,HCV,1a,100
KC127607,HCV,1a,100
KC127606,HCV,1a,100
KC127605,HCV,1a,100
KC127574,HCV,1a,100
KC127577,HCV,1a,100
EU155237,HCV,1a,100
EU155345,HCV,1a,100
EU256097,HCV,1a,100
EU256095,HCV,1a,100
EU256100,HCV,1b,100
EU256099,HCV,1b,100
EU256102,HCV,1b,100
EU781832,HCV,1b,100
EU781831,HCV,1b,100
EU155217,HCV,1b,100
PX386940,HCV,1b,100
PX386941,HCV,3a,100
PX386939,HCV,1a,100
PX386942,HCV,3a,100
PX386944,HCV,1a,100
PX386946,HCV,3a,100
PX386945,HCV,3a,100
PX386948,HCV,1a,100
PX386947,HCV,1a,100
PX386949,HCV,1b,100
PX386952,HCV,1a,100
PX386950,HCV,3a,100
PX386954,HCV,1a,100
PX386953,HCV,1a,100
PX386955,HCV,1a,100
PX386957,HCV,3a,100
PX386958,HCV,1a,100
PX386968,HCV,"unassigned_1, 3h-6a",NA
PX386959,HCV,3a,100
PX386963,HCV,4v,100
PX386962,HCV,1l,100
PX386961,HCV,1b,100
PX386964,HCV,1l,100
PX386966,HCV,3b,100
PX386965,HCV,4b,100
PX386969,HCV,6a,100
PX386970,HCV,3h,100
PX386972,HCV,3h,100
PX386973,HCV,3b,100
PX386979,HCV,6a,100
PX386974,HCV,4r,100
PX386977,HCV,4v,100
PX386975,HCV,4c,100
PX386981,HCV,1g,100
PX386980,HCV,4t,100
PX386978,HCV,6a,100
PX386982,HCV,1g,100
PX386984,HCV,1l,100
PX386983,HCV,4v,100
PX386986,HCV,1e,100
PX386985,HCV,1e,100
PX386989,HCV,2b,100
PX386992,HCV,1a,100
PX386987,HCV,2b,100
PX386990,HCV,2b,100
PX386993,HCV,4f,100
PX386995,HCV,4a,100
PX386994,HCV,4a,100
PX386997,HCV,4d,100
PX386996,HCV,4d,100
PX387000,HCV,4o,100
PX386999,HCV,4k,100
PX387003,HCV,1a,100
PX387001,HCV,5a,100
PX387002,HCV,5a,100
PX387006,HCV,1b,100
PX387004,HCV,1a,100
PX387008,HCV,1a,100
PX387007,HCV,1a,100
PX387012,HCV,1a,100
PX387009,HCV,1a,100
PX387010,HCV,1a,100
PX387014,HCV,1a,100
PX387011,HCV,1a,100
PX387015,HCV,1a,100
PX387016,HCV,1a,100
PX387020,HCV,1a,100
PX387021,HCV,1a,100
PX387019,HCV,1a,100
PX387017,HCV,3a,100
PX387022,HCV,1a,100
PX387023,HCV,1a,100
PX387025,HCV,1a,100
PX387027,HCV,3a,100
PX387028,HCV,1a,100
PX387029,HCV,1b,100
PX387026,HCV,3a,100
PX387031,HCV,3a,100
PX387032,HCV,1a,100
PX387034,HCV,3a,100
PX387035,HCV,1a,100
PX387033,HCV,1a,100
PX387037,HCV,1a,100
PX387039,HCV,3a,100
PX387040,HCV,2b,100
EU155213,HCV,1a,100
PX387038,HCV,3a,100
EU155215,HCV,1a,100
EU155341,HCV,1a,100
EU155336,HCV,1b,100
EU155346,HCV,1a,100
EU155338,HCV,1a,100
EU155344,HCV,1a,100
EU155339,HCV,1a,100
EU155343,HCV,1a,100
EU155342,HCV,1a,100
EU155349,HCV,1a,100
EU155347,HCV,1a,100
EU155352,HCV,1a,100
EU155355,HCV,1a,100
EU155356,HCV,1b,100
EU155348,HCV,1a,100
EU155358,HCV,1b,100
EU155360,HCV,1b,100
EU155351,HCV,1a,100
EU155354,HCV,1a,100
EU155353,HCV,1a,100
EU155357,HCV,1b,100
EU155362,HCV,1b,100
EU155361,HCV,1b,100
EU155359,HCV,1b,100
EU155364,HCV,1b,100
EU155363,HCV,1b,100
EU155366,HCV,1b,100
EU155367,HCV,1b,100
EU155368,HCV,1b,100
EU155371,HCV,1b,100
EU155369,HCV,1b,100
EU155370,HCV,1b,100
EU155365,HCV,1b,100
EU155372,HCV,1b,100
EU155373,HCV,1b,100
EU155376,HCV,1b,100
EU155374,HCV,1b,100
EU155375,HCV,1b,100
EU155378,HCV,1a,100
EU482858,HCV,1a,100
EU482856,HCV,1a,100
PX386937,HCV,1b,100
PX386938,HCV,1a,100
EU256024,HCV,1a,100
EU256023,HCV,1a,100
EU256022,HCV,1a,100
EU256026,HCV,1a,100
EU256027,HCV,1a,100
EU256029,HCV,1a,100
EU256031,HCV,1a,100
EU256035,HCV,1a,100
EU256028,HCV,1a,100
EU256030,HCV,1a,100
EU256034,HCV,1a,100
EU256037,HCV,1a,100
EU256032,HCV,1a,100
EU256036,HCV,1a,100
EU256038,HCV,1a,100
EU256040,HCV,1a,100
EU256039,HCV,1a,100
EU256033,HCV,1a,100
EU256043,HCV,1a,100
EU256047,HCV,1a,100
EU256041,HCV,1a,100
PX386834,HCV,3a,100
PX386836,HCV,1a,100
PX386835,HCV,3a,100
PX386837,HCV,3a,100
PX386839,HCV,1a,100
PX386838,HCV,3a,100
PX386840,HCV,1a,100
PX386841,HCV,1a,100
EU155380,HCV,1a,100
EU155381,HCV,1b,100
EU155382,HCV,1b,100
EU234061,HCV,1b,100
EU234062,HCV,1b,100
EU234063,HCV,1a,100
EU239715,HCV,1a,100
EU239713,HCV,1a,100
EU234065,HCV,1a,100
EU239714,HCV,1b,100
EU239716,HCV,1a,100
EU255929,HCV,1a,100
EU255927,HCV,1a,100
EU250017,HCV,1a,100
EU255930,HCV,1a,100
EU255932,HCV,1a,100
EU255931,HCV,1a,100
EU255934,HCV,1a,100
EU255938,HCV,1a,100
EU255937,HCV,1a,100
EU255936,HCV,1a,100
EU255939,HCV,1a,100
EU255940,HCV,1a,100
EU255943,HCV,1a,100
EU255944,HCV,1a,100
EU255942,HCV,1a,100
EU255941,HCV,1a,100
EU255946,HCV,1a,100
EU255949,HCV,1a,100
EU255948,HCV,1a,100
EU255947,HCV,1a,100
EU255951,HCV,1a,100
EU255952,HCV,1a,100
EU255955,HCV,1a,100
EU255953,HCV,1a,100
EU255956,HCV,1a,100
EU255954,HCV,1a,100
EU255962,HCV,1b,100
EU255958,HCV,1a,100
EU255961,HCV,1b,100
EU255960,HCV,1b,100
EU255963,HCV,1a,100
EU255965,HCV,1a,100
EU255964,HCV,1a,100
EU255970,HCV,1a,100
EU255969,HCV,1a,100
EU255968,HCV,1a,100
EU255973,HCV,1a,100
EU255974,HCV,1a,100
EU255975,HCV,1a,100
EU255977,HCV,1a,100
EU255976,HCV,1a,100
EU256044,HCV,1a,100
EU256051,HCV,1a,100
EU256050,HCV,1a,100
EU256049,HCV,1a,100
EU256046,HCV,1a,100
EU256048,HCV,1a,100
EU256053,HCV,1a,100
EU256054,HCV,1b,100
EU256052,HCV,1a,100
EU256057,HCV,1a,100
EU256058,HCV,1a,100
EU256059,HCV,1b,100
EU256060,HCV,1a,100
EU256061,HCV,1b,100
EU256066,HCV,1b,100
EU256062,HCV,1b,100
EU256064,HCV,1b,100
EU256065,HCV,1b,100
EU256067,HCV,1a,100
EU256072,HCV,1a,100
EU256071,HCV,1a,100
EU256070,HCV,1a,100
EU256074,HCV,1a,100
EU256068,HCV,1a,100
EU256073,HCV,1a,100
EU256076,HCV,1b,100
EU256077,HCV,1b,100
EU256075,HCV,1b,100
EU256069,HCV,1a,100
EU256078,HCV,1b,100
EU256079,HCV,1b,100
EU256081,HCV,1b,100
EU256080,HCV,1b,100
EU256085,HCV,1b,100
EU256083,HCV,1b,100
EU256084,HCV,1b,100
EU256087,HCV,1a,100
EU256088,HCV,1b,100
EU256082,HCV,1b,100
EU256090,HCV,1b,100
EU256089,HCV,1b,100
EU256092,HCV,1b,100
EU256091,HCV,1b,100
EU256101,HCV,1b,100
EU256104,HCV,1a,100
EU256105,HCV,1a,100
EU256103,HCV,1b,100
EU256106,HCV,1a,100
EU260395,HCV,1a,100
EU260396,HCV,1a,100
EU482831,HCV,1a,100
EU482832,HCV,1a,100
EU482834,HCV,1a,100
EU482833,HCV,1b,100
EU482840,HCV,1a,100
EU482836,HCV,1a,100
EU482838,HCV,1a,100
EU482842,HCV,1a,100
EU482839,HCV,1b,100
EU482841,HCV,1a,100
EU482837,HCV,1a,100
EU482843,HCV,1a,100
EU482845,HCV,1a,100
EU482846,HCV,1a,100
EU482848,HCV,1a,100
EU482849,HCV,1b,100
EU482850,HCV,1a,100
EU482852,HCV,1a,100
EU482857,HCV,1a,100
EU482853,HCV,1a,100
EU482854,HCV,1a,100
EU256098,HCV,1b,100
EU256107,HCV,1a,100
EU482835,HCV,1a,100
EU482844,HCV,1a,100
EU482847,HCV,1a,100
EU482855,HCV,1a,100
EU482859,HCV,1b,100
EU482866,HCV,1a,100
EU482874,HCV,1b,100
EU482881,HCV,1b,100
EU529677,HCV,1a,100
EU569722,HCV,1a,100
EU660383,HCV,1a,100
EU781809,HCV,1a,100
EU781813,HCV,1a,100
EU781823,HCV,1a,100
EU781826,HCV,1b,100
PX386824,HCV,3a,100
EU781828,HCV,1b,100
EU781830,HCV,1b,100
EU781829,HCV,1b,100
PX386825,HCV,1a,100
PX386827,HCV,1a,100
PX386826,HCV,2b,100
PX386828,HCV,3a,100
PX386829,HCV,1a,100
PX386831,HCV,3a,100
PX386830,HCV,3a,100
PX386833,HCV,1a,100
PX386832,HCV,3a,100
PX386901,HCV,3a,100
PX386903,HCV,1a,100
PX386905,HCV,3a,100
PX386902,HCV,3a,100
PX386904,HCV,3a,100
PX386906,HCV,1a,100
PX386907,HCV,1a,100
PX386910,HCV,3a,100
PX386911,HCV,3a,100
PX386908,HCV,1a,100
PX386909,HCV,1a,100
PX386913,HCV,1a,100
PX386914,HCV,3a,100
PX386912,HCV,3a,100
PX386915,HCV,1a,100
PX386919,HCV,3a,100
PX386917,HCV,1a,100
PX386921,HCV,3a,100
PX386916,HCV,3a,100
PX386927,HCV,1a,100
PX386922,HCV,1a,100
PX386920,HCV,3a,100
PX386918,HCV,3a,100
PX386923,HCV,1a,100
PX386924,HCV,1a,100
PX386925,HCV,3a,100
PX386929,HCV,3a,100
PX386926,HCV,2j,100
PX386928,HCV,3a,100
PX386931,HCV,1a,100
EU255978,HCV,1a,100
PX386933,HCV,3a,100
PX386932,HCV,1a,100
PX386930,HCV,1a,100
EU255981,HCV,1a,100
EU255980,HCV,1a,100
EU255979,HCV,1a,100
EU255982,HCV,1a,100
EU255983,HCV,1a,100
EU255984,HCV,1a,100
PX386934,HCV,3a,100
EU255986,HCV,1a,100
EU255989,HCV,1a,100
EU255987,HCV,1a,100
EU255985,HCV,1a,100
EU255988,HCV,1a,100
EU255990,HCV,1a,100
EU255993,HCV,1a,100
EU255997,HCV,1a,100
EU255992,HCV,1a,100
EU255991,HCV,1a,100
EU255996,HCV,1a,100
EU255994,HCV,1a,100
EU255998,HCV,1a,100
EU255999,HCV,1a,100
EU255995,HCV,1a,100
EU256000,HCV,1b,100
EU256004,HCV,1a,100
EU256001,HCV,1b,100
EU256002,HCV,1a,100
EU256003,HCV,1a,100
EU256005,HCV,1a,100
EU256007,HCV,1a,100
EU256009,HCV,1a,100
EU256008,HCV,1a,100
EU256010,HCV,1a,100
EU256006,HCV,1a,100
EU256011,HCV,1a,100
EU256014,HCV,1a,100
EU256013,HCV,1a,100
EU256015,HCV,1a,100
EU256017,HCV,1a,100
EU256020,HCV,1a,100
EU256021,HCV,1a,100
EU256016,HCV,1a,100
EU256018,HCV,1a,100
EU256012,HCV,1a,100
EU256025,HCV,1a,100
EU256019,HCV,1a,100
PX386936,HCV,1a,100
PX386943,HCV,3a,100
PX386951,HCV,1a,100
PX386956,HCV,2b,100
PX386960,HCV,3a,100
PX386967,HCV,3b,100
PX386971,HCV,4c,100
PX386976,HCV,4r,100
PX386988,HCV,2b,100
PX386991,HCV,2c,100
PX386998,HCV,4d,100
PX387005,HCV,3a,100
PX387013,HCV,1a,100
PX387018,HCV,1a,100
EU482860,HCV,1b,100
EU482861,HCV,1a,100
EU482863,HCV,1a,100
EU482862,HCV,1a,100
EU482864,HCV,1a,100
EU482865,HCV,1a,100
EU482867,HCV,1a,100
EU482869,HCV,1a,100
EU482873,HCV,1a,100
EU482868,HCV,1a,100
EU482872,HCV,1a,100
EU482871,HCV,1a,100
EU482870,HCV,1a,100
EU482876,HCV,1a,100
EU482875,HCV,1b,100
EU482877,HCV,1b,100
EU482880,HCV,1b,100
EU482878,HCV,1a,100
EU482882,HCV,1a,100
EU482884,HCV,1a,100
EU482883,HCV,1b,100
EU529676,HCV,1a,100
EU482885,HCV,1b,100
EU482886,HCV,1b,100
EU482888,HCV,1b,100
EU529678,HCV,1a,100
EU529679,HCV,1a,100
EU529681,HCV,1a,100
EU529680,HCV,1a,100
EU529682,HCV,1b,100
EU569723,HCV,1a,100
EU595698,HCV,1a,100
EU595697,HCV,1a,100
EU595699,HCV,1a,100
EU660384,HCV,1a,100
EU660385,HCV,1a,100
EU781807,HCV,1a,100
EU781808,HCV,1a,100
EU781806,HCV,1a,100
EU781805,HCV,1a,100
EU781811,HCV,1a,100
EU781810,HCV,1a,100
EU781812,HCV,1a,100
EU781816,HCV,1a,100
EU781815,HCV,1a,100
EU781819,HCV,1a,100
EU781817,HCV,1a,100
EU781814,HCV,1a,100
EU781818,HCV,1a,100
EU781820,HCV,1a,100
EU781821,HCV,1a,100
EU781822,HCV,1a,100
EU781825,HCV,1b,100
EU781824,HCV,1a,100
EU781827,HCV,1b,100
EU155218,HCV,1b,100
EU155216,HCV,1a,100
PX386935,HCV,1a,100
EU155230,HCV,1b,100
EU155227,HCV,1b,100
EU155233,HCV,1a,100
EU155231,HCV,1b,100
EU155234,HCV,1b,100
EU155228,HCV,1b,100
EU155245,HCV,1a,100
EU155244,HCV,1a,100
EU155236,HCV,1a,100
EU155243,HCV,1a,100
EU155232,HCV,1b,100
EU155248,HCV,1a,100
EU155225,HCV,1b,100
EU155292,HCV,1a,100
EU155301,HCV,1b,100
EU155298,HCV,1a,100
EU155304,HCV,1b,100
EU155303,HCV,1b,100
EU155305,HCV,1b,100
EU155309,HCV,1a,100
EU155297,HCV,1a,100
EU155310,HCV,1a,100
EU155311,HCV,1a,100
EU155313,HCV,1a,100
EU155314,HCV,1a,100
EU155308,HCV,1b,100
EU155315,HCV,1b,100
EU155307,HCV,1b,100
EU155317,HCV,1b,100
EU155316,HCV,1b,100
EU155306,HCV,1b,100
EU155321,HCV,1a,100
EU155324,HCV,1b,100
EU155319,HCV,1a,100
EU155326,HCV,1b,100
EU155320,HCV,1a,100
EU155323,HCV,1a,100
EU155327,HCV,1b,100
EU155328,HCV,1b,100
EU155318,HCV,1b,100
EU155329,HCV,1b,100
EU155325,HCV,1b,100
EU155331,HCV,1b,100
EU155322,HCV,1a,100
EU155332,HCV,1b,100
EU155334,HCV,1b,100
EU155333,HCV,1b,100
EU155330,HCV,1b,100
EU155335,HCV,1b,100
EU155340,HCV,1a,100
EU155337,HCV,1b,100
EU155377,HCV,1b,100
EU234064,HCV,1a,100
EU255928,HCV,1a,100
EU255933,HCV,1a,100
EU255935,HCV,1a,100
EU255945,HCV,1a,100
EU255950,HCV,1a,100
EU255957,HCV,1a,100
EU255966,HCV,1a,100
EU255971,HCV,1a,100
EU256094,HCV,1a,100
EU256096,HCV,1a,100
PX387024,HCV,1a,100
PX387030,HCV,1a,100
PX387036,HCV,1b,100
EU155214,HCV,1a,100
EU155222,HCV,1b,100
EU155224,HCV,1b,100
EU155223,HCV,1b,100
EU155220,HCV,1b,100
EU155226,HCV,1b,100
EU155229,HCV,1b,100
EU155221,HCV,1b,100
EU155219,HCV,1b,100
EU155249,HCV,1a,100
EU155238,HCV,1a,100
EU155246,HCV,1a,100
EU155240,HCV,1a,100
EU155250,HCV,1a,100
EU155235,HCV,1b,100
EU155271,HCV,1a,100
EU155282,HCV,1a,100
EU155276,HCV,1a,100
EU155281,HCV,1b,100
EU155284,HCV,1a,100
EU155279,HCV,1b,100
EU155287,HCV,1a,100
EU155280,HCV,1b,100
EU155285,HCV,1a,100
EU155286,HCV,1a,100
EU155283,HCV,1a,100
EU155294,HCV,1a,100
EU155288,HCV,1a,100
EU155293,HCV,1a,100
EU155290,HCV,1a,100
EU155295,HCV,1a,100
EU155289,HCV,1a,100
EU155291,HCV,1a,100
EU155299,HCV,1a,100
EU155300,HCV,1b,100
EU155302,HCV,1b,100
EU155296,HCV,1a,100
PX386842,HCV,3a,100
PX386845,HCV,1a,100
PX386844,HCV,3a,100
PX386843,HCV,3a,100
PX386846,HCV,2b,100
PX386847,HCV,3a,100
PX386848,HCV,3a,100
PX386849,HCV,1a,100
PX386851,HCV,1a,100
PX386850,HCV,3a,100
PX386855,HCV,1a,100
PX386852,HCV,1a,100
PX386853,HCV,1a,100
PX386857,HCV,1b,100
PX386854,HCV,3a,100
PX386856,HCV,1a,100
PX386859,HCV,3a,100
PX386861,HCV,1a,100
PX386858,HCV,3a,100
PX386862,HCV,3a,100
PX386864,HCV,1a,100
PX386863,HCV,3a,100
PX386867,HCV,1a,100
PX386865,HCV,3a,100
PX386860,HCV,3a,100
PX386868,HCV,2b,100
PX386869,HCV,1a,100
PX386866,HCV,2b,100
PX386877,HCV,1a,100
PX386870,HCV,1a,100
PX386874,HCV,3a,100
PX386872,HCV,3a,100
PX386875,HCV,1a,100
PX386873,HCV,3a,100
PX386878,HCV,1a,100
PX386876,HCV,3a,100
PX386880,HCV,3a,100
PX386879,HCV,1a,100
PX386881,HCV,1a,100
PX386883,HCV,3a,100
PX386871,HCV,1b,100
PX386882,HCV,1b,100
PX386884,HCV,3a,100
PX386890,HCV,3a,100
PX386885,HCV,1b,100
PX386889,HCV,1a,100
PX386887,HCV,3a,100
PX386886,HCV,1b,100
PX386893,HCV,3a,100
PX386897,HCV,1a,100
PX386895,HCV,1a,100
PX386891,HCV,1a,100
PX386888,HCV,3a,100
PX386894,HCV,1a,100
PX386892,HCV,1b,100
PX386899,HCV,3a,100
PX386896,HCV,3a,100
PX386898,HCV,1a,100
PX386900,HCV,1a,100
EU155251,HCV,1a,100
EU155239,HCV,1a,100
EU155242,HCV,1a,100
EU155253,HCV,1b,100
EU155257,HCV,1b,100
EU155259,HCV,1b,100
EU155266,HCV,1a,100
EU155264,HCV,1b,100
EU155255,HCV,1b,100
EU155254,HCV,1b,100
EU155256,HCV,1b,100
EU155267,HCV,1a,100
EU155263,HCV,1b,100
EU155252,HCV,1a,100
EU155262,HCV,1b,100
EU155258,HCV,1b,100
EU155270,HCV,1a,100
EU155261,HCV,1b,100
EU155269,HCV,1a,100
EU155272,HCV,1a,100
EU155278,HCV,1a,100
EU155274,HCV,1a,100
EU155268,HCV,1a,100
EU155275,HCV,1a,100
EU155277,HCV,1a,100
OM811418,HCV,1a,100
OM811420,HCV,3a,100
MW357752,HCV,1b,100
OM811403,HCV,1b,100
MW357772,HCV,1b,100
MW357768,HCV,1b,100
MW357773,HCV,1b,100
MW357767,HCV,1b,100
OM811415,HCV,1b,100
MW357755,HCV,1b,100
MW357778,HCV,1b,100
MW357770,HCV,1b,100
MW357779,HCV,1b,100
MW357777,HCV,1b,100
MW357780,HCV,1b,100
MW357788,HCV,1b,100
MW357776,HCV,1b,100
MT603233,HCV,1a,100
MT603257,HCV,1a,100
MW357789,HCV,1b,100
MT603258,HCV,1a,100
MT603251,HCV,1a,100
MT603247,HCV,1a,100
MT603265,HCV,1b,100
MT603260,HCV,1a,100
MT603259,HCV,1a,100
MT603262,HCV,1a,100
MT603250,HCV,1a,100
MT603274,HCV,3a,100
MT603271,HCV,3a,100
MT603277,HCV,3a,100
MT603276,HCV,3a,100
MT603278,HCV,3a,100
MT603280,HCV,3a,100
MT603242,HCV,1a,100
MN146143,HCV,1a,100
MT603281,HCV,3a,100
MT603268,HCV,3a,100
MN146276,HCV,1a,100
MT603282,HCV,3a,100
MT603275,HCV,3a,100
MN146686,HCV,1a,100
MN146690,HCV,1a,100
MN146687,HCV,1a,100
MN146692,HCV,1a,100
MN146689,HCV,1a,100
MN146680,HCV,1b,100
MN146682,HCV,1b,100
MN146700,HCV,1a,100
MN146698,HCV,1a,100
MN146701,HCV,1a,100
MN146702,HCV,1a,100
MN146696,HCV,1a,100
MN146703,HCV,1a,100
MN146697,HCV,1a,100
MN146706,HCV,1a,100
MN146704,HCV,1a,100
MN146699,HCV,1a,100
MN146707,HCV,1a,100
MN146693,HCV,1a,100
MN146711,HCV,1a,100
MN146708,HCV,1a,100
MN146712,HCV,1a,100
MN146716,HCV,1a,100
MN146717,HCV,1a,100
MN146724,HCV,1a,100
MN146719,HCV,1a,100
MN146720,HCV,1a,100
MN146718,HCV,1a,100
MN146715,HCV,1a,100
MN146723,HCV,1a,100
MN146727,HCV,1a,100
MN146728,HCV,1a,100
MN146729,HCV,1a,100
MN146731,HCV,1a,100
MN146730,HCV,1a,100
MN146725,HCV,1a,100
MN146710,HCV,1a,100
MN146722,HCV,1a,100
MN146705,HCV,1a,100
MN146734,HCV,1a,100
MN146735,HCV,1a,100
MN146737,HCV,1a,100
MN146721,HCV,1a,100
MN146740,HCV,1a,100
MN146738,HCV,1a,100
MN146743,HCV,1a,100
MN146726,HCV,1a,100
MN146747,HCV,1a,100
MN146713,HCV,1a,100
MN146746,HCV,1a,100
MN146744,HCV,1a,100
MN146714,HCV,1a,100
MN146742,HCV,1a,100
MN146748,HCV,1a,100
MN146756,HCV,1a,100
MN146752,HCV,1a,100
MN146753,HCV,1a,100
MN146758,HCV,1a,100
MN146760,HCV,1a,100
MN146755,HCV,1a,100
MN146754,HCV,1a,100
MN146761,HCV,1a,100
MN146764,HCV,1a,100
MN146768,HCV,1a,100
MN146757,HCV,1a,100
MN146765,HCV,1a,100
MN146770,HCV,1a,100
MN146766,HCV,1a,100
MN146762,HCV,1a,100
MN146769,HCV,1a,100
MN146775,HCV,1a,100
MN146749,HCV,1a,100
MN146741,HCV,1a,100
MN146763,HCV,1a,100
MN146767,HCV,1a,100
MN146772,HCV,1a,100
MN146778,HCV,1a,100
MN146771,HCV,1a,100
MN146782,HCV,1a,100
MN146779,HCV,1a,100
MN146776,HCV,1a,100
MN146783,HCV,1a,100
MN146780,HCV,1a,100
MN146773,HCV,1a,100
MN146781,HCV,1a,100
MN146774,HCV,1a,100
MN146786,HCV,1a,100
MN146795,HCV,1a,100
MN146790,HCV,1b,100
MN146791,HCV,1b,100
MN146787,HCV,1a,100
MN146789,HCV,1b,100
MN146798,HCV,1a,100
MN146801,HCV,1a,100
MN146796,HCV,1a,100
MN146797,HCV,1a,100
MN146799,HCV,1a,100
MN146793,HCV,1b,100
MN146807,HCV,1b,100
MN146809,HCV,1b,100
MN146813,HCV,1a,100
MN146803,HCV,1a,100
MN146800,HCV,1a,100
MN146808,HCV,1b,100
MN146805,HCV,1a,100
MN146816,HCV,1a,100
MN146815,HCV,1a,100
MN146794,HCV,1b,100
MN146806,HCV,1b,100
MN146810,HCV,1b,100
MN146820,HCV,1a,100
MN146811,HCV,1a,100
MN146825,HCV,1a,100
MN146822,HCV,1a,100
MN146819,HCV,1a,100
MN146823,HCV,1a,100
MN146828,HCV,1a,100
MN146827,HCV,1a,100
MN146824,HCV,1a,100
MN146830,HCV,1a,100
MN146826,HCV,1a,100
MN146831,HCV,1a,100
MN146840,HCV,1a,100
MN146832,HCV,1a,100
MN146842,HCV,1a,100
MN146818,HCV,1a,100
MN146833,HCV,1a,100
MN146835,HCV,1a,100
MN146814,HCV,1a,100
MN146837,HCV,1a,100
MN146836,HCV,1a,100
MN146841,HCV,1a,100
MN146839,HCV,1a,100
MN146848,HCV,1a,100
MN146844,HCV,1b,100
MN146843,HCV,1b,100
MN146845,HCV,1b,100
MN146851,HCV,1a,100
MN146852,HCV,1a,100
MN146849,HCV,1a,100
MN146854,HCV,1a,100
MN146834,HCV,1a,100
MN146857,HCV,1a,100
MN146858,HCV,1a,100
MN146859,HCV,1a,100
MN146860,HCV,1a,100
MN146862,HCV,1a,100
MN146855,HCV,1a,100
MN146861,HCV,1a,100
MN146856,HCV,1a,100
MN146864,HCV,1a,100
MN146868,HCV,1a,100
MN146867,HCV,1a,100
MN146869,HCV,1a,100
MN146850,HCV,1a,100
MN146846,HCV,1b,100
MN146872,HCV,1a,100
MN146863,HCV,1a,100
MN146871,HCV,1a,100
MN146873,HCV,1a,100
MN146853,HCV,1a,100
MN146876,HCV,1a,100
MN146875,HCV,1a,100
MN146883,HCV,1a,100
MN146882,HCV,1a,100
MN146879,HCV,1a,100
MN146877,HCV,1a,100
MN146866,HCV,1a,100
MN146870,HCV,1a,100
MN146878,HCV,1a,100
MN146874,HCV,1a,100
MN146880,HCV,1a,100
MN146887,HCV,1a,100
MN146881,HCV,1a,100
MN146888,HCV,1a,100
MN146885,HCV,1a,100
MN146886,HCV,1a,100
MN146894,HCV,1b,100
MN146892,HCV,1a,100
MN146891,HCV,1a,100
MN146890,HCV,1a,100
MN146895,HCV,1b,100
MN146889,HCV,1a,100
MN146898,HCV,1b,100
MN146899,HCV,1b,100
MN146896,HCV,1b,100
MN146893,HCV,1b,100
MN146884,HCV,1a,100
MN146910,HCV,1b,100
MN146909,HCV,1b,100
MN146912,HCV,1a,100
MN146897,HCV,1b,100
MN146902,HCV,1b,100
MN146911,HCV,1b,100
MN146908,HCV,1b,100
MN146913,HCV,1a,100
MN146900,HCV,1b,100
MN146901,HCV,1b,100
MN146907,HCV,1b,100
MN146916,HCV,1a,100
MN146905,HCV,1a,100
MN146927,HCV,1a,100
MN146922,HCV,1a,100
MN146915,HCV,1a,100
MN146929,HCV,1a,100
MN146930,HCV,1a,100
MN146928,HCV,1a,100
MN146925,HCV,1a,100
MN146918,HCV,1a,100
MN146920,HCV,1a,100
MN146933,HCV,1a,100
MN146937,HCV,1a,100
MN146934,HCV,1a,100
MN146917,HCV,1a,100
MN146941,HCV,1a,100
MN146944,HCV,1a,100
MN146936,HCV,1a,100
MN146939,HCV,1a,100
MN146947,HCV,1a,100
MN146946,HCV,1a,100
MN146942,HCV,1a,100
MN146940,HCV,1a,100
MN146932,HCV,1a,100
MN146949,HCV,1a,100
MN146938,HCV,1a,100
MN146953,HCV,1a,100
MN146951,HCV,1a,100
MN146948,HCV,1a,100
MN146950,HCV,1a,100
MN146957,HCV,1a,100
MN146955,HCV,1a,100
MN146945,HCV,1a,100
MN146943,HCV,1a,100
MN146956,HCV,1a,100
MN146962,HCV,1a,100
MN146961,HCV,1a,100
MN146960,HCV,1a,100
MN146954,HCV,1a,100
MN146967,HCV,1a,100
MN146965,HCV,1a,100
MN146952,HCV,1a,100
MN146966,HCV,1a,100
MN146968,HCV,1a,100
MN146958,HCV,1a,100
MN146963,HCV,1a,100
MN146959,HCV,1a,100
MN146964,HCV,1a,100
MN146971,HCV,1a,100
MN146973,HCV,1a,100
MN146974,HCV,1a,100
MN146985,HCV,1a,100
MN146986,HCV,1a,100
MN146972,HCV,1a,100
MN146977,HCV,1a,100
MN146981,HCV,1a,100
MN146978,HCV,1a,100
MN146988,HCV,1a,100
MN146991,HCV,1a,100
MN146980,HCV,1a,100
MN146993,HCV,1a,100
MN146994,HCV,1a,100
MN146995,HCV,1a,100
MN146996,HCV,1a,100
MN146982,HCV,1a,100
MN146983,HCV,1a,100
MN146969,HCV,1a,100
MN147001,HCV,1a,100
MN146984,HCV,1a,100
MN147006,HCV,1a,100
MN146976,HCV,1a,100
MN146999,HCV,1a,100
MN147002,HCV,1a,100
MN146998,HCV,1a,100
MN146997,HCV,1a,100
MN147004,HCV,1a,100
MN147005,HCV,1a,100
MN147008,HCV,1a,100
MN147007,HCV,1a,100
MN147021,HCV,1a,100
MN147011,HCV,1a,100
MN147022,HCV,1a,100
MN147013,HCV,1a,100
MN147020,HCV,1a,100
MN147016,HCV,1a,100
MN147017,HCV,1a,100
MN147015,HCV,1a,100
MN147014,HCV,1a,100
MN147024,HCV,1a,100
MN147023,HCV,1a,100
MN147035,HCV,1a,100
MN147026,HCV,1a,100
MN147027,HCV,1b,100
MN147037,HCV,1a,100
MN147039,HCV,1a,100
MN147033,HCV,1a,100
MN147040,HCV,1a,100
MN147047,HCV,1a,100
MN147050,HCV,1a,100
MN147044,HCV,1b,100
MN147051,HCV,1a,100
MN147041,HCV,1a,100
MN147056,HCV,1a,100
MN147053,HCV,1a,100
MN147049,HCV,1a,100
MN147057,HCV,1a,100
MN147058,HCV,1a,100
MN147029,HCV,1b,100
MN147059,HCV,1a,100
MN147062,HCV,1a,100
MN147061,HCV,1a,100
MN147063,HCV,1a,100
MN147060,HCV,1a,100
MN147065,HCV,1a,100
MN147066,HCV,1a,100
MN147067,HCV,1a,100
MN147054,HCV,1a,100
MN147030,HCV,1b,100
MN147055,HCV,1a,100
MN147068,HCV,1a,100
MN147069,HCV,1a,100
MN147071,HCV,1a,100
MN147073,HCV,1a,100
MN147052,HCV,1a,100
MN147070,HCV,1a,100
MN147074,HCV,1a,100
MN147064,HCV,1a,100
MN147076,HCV,1a,100
MN147080,HCV,1a,100
MN147083,HCV,1a,100
MN147081,HCV,1a,100
MN147085,HCV,1b,100
MN147075,HCV,1a,100
MN147086,HCV,1b,100
MN147078,HCV,1a,100
MN147089,HCV,1b,100
MN147084,HCV,1a,100
MN147079,HCV,1a,100
MN147077,HCV,1a,100
MN147091,HCV,1a,100
MN147092,HCV,1a,100
MN147098,HCV,1a,100
MN147096,HCV,1a,100
MN147108,HCV,1b,100
MN147109,HCV,1b,100
MN147104,HCV,1a,100
MN147106,HCV,1b,100
MN147105,HCV,1b,100
MN147113,HCV,1b,100
MN147103,HCV,1a,100
MN147114,HCV,1b,100
MN147126,HCV,1a,100
MN147112,HCV,1b,100
MN147115,HCV,1a,100
MN147118,HCV,1a,100
MN147127,HCV,1a,100
MN147121,HCV,1a,100
MN147117,HCV,1a,100
MN147128,HCV,1a,100
MN147119,HCV,1a,100
MN147122,HCV,1a,100
MN147130,HCV,1b,100
MN147131,HCV,1a,100
MN147095,HCV,1a,100
MN147132,HCV,1a,100
MN147138,HCV,1a,100
MN147134,HCV,1a,100
MN147133,HCV,1a,100
MN147140,HCV,1a,100
MN147142,HCV,1a,100
MN147120,HCV,1a,100
MN147141,HCV,1a,100
MN147139,HCV,1a,100
MN147143,HCV,1a,100
MN147147,HCV,1a,100
MN147146,HCV,1a,100
MN147149,HCV,1a,100
MN147136,HCV,1a,100
MN147151,HCV,1a,100
MN147144,HCV,1a,100
MN147153,HCV,1a,100
MN147137,HCV,1a,100
MN147157,HCV,1b,100
MN147155,HCV,1b,100
MN147150,HCV,1a,100
MN147154,HCV,1b,100
MN147145,HCV,1a,100
MN147163,HCV,1a,100
MN147152,HCV,1a,100
MN147158,HCV,1a,100
MN147166,HCV,1a,100
MN147159,HCV,1a,100
MN147162,HCV,1a,100
MN147167,HCV,1a,100
MN147168,HCV,1a,100
MN147164,HCV,1a,100
MN147169,HCV,1a,100
MN147170,HCV,1a,100
MN147175,HCV,1b,100
MN147160,HCV,1a,100
MN147174,HCV,1b,100
MN147148,HCV,1a,100
MN147176,HCV,1b,100
MN147177,HCV,1b,100
MN147182,HCV,1a,100
MN147184,HCV,1a,100
MN147181,HCV,1a,100
MN147186,HCV,1a,100
MN147189,HCV,1a,100
MN147156,HCV,1b,100
MN147188,HCV,1a,100
MN147187,HCV,1a,100
MN147183,HCV,1a,100
MN147197,HCV,1a,100
MN147198,HCV,1a,100
MN147161,HCV,1a,100
MN147185,HCV,1a,100
MN147200,HCV,1a,100
MN147209,HCV,1b,100
MN147195,HCV,1b,100
MN147199,HCV,1a,100
MN147204,HCV,1a,100
MN147190,HCV,1b,100
MN147206,HCV,1a,100
MN147208,HCV,1b,100
MN147196,HCV,1a,100
MN147213,HCV,1a,100
MN147212,HCV,1b,100
MN147207,HCV,1a,100
MN147211,HCV,1b,100
MN147214,HCV,1a,100
MN147203,HCV,1a,100
MN147202,HCV,1a,100
MN147216,HCV,1a,100
MN147218,HCV,1a,100
MN147219,HCV,1a,100
MN147201,HCV,1a,100
MN147220,HCV,1a,100
MN147210,HCV,1b,100
MN147236,HCV,1a,100
MN147231,HCV,1a,100
MN147228,HCV,1a,100
MN147229,HCV,1a,100
MN147230,HCV,1a,100
MN147240,HCV,1a,100
MN147227,HCV,1a,100
MN147242,HCV,1b,100
MN147232,HCV,1b,100
MN147244,HCV,1a,100
MN147223,HCV,1a,100
MN147248,HCV,1a,100
MN147252,HCV,1a,100
MN147246,HCV,1a,100
MN147247,HCV,1a,100
MN147259,HCV,1a,100
MN147241,HCV,1b,100
MN147255,HCV,1a,100
MN147251,HCV,1a,100
MN147245,HCV,1a,100
MN147261,HCV,3a,100
MN147256,HCV,1a,100
MN147260,HCV,3a,100
MN147249,HCV,1a,100
MN147262,HCV,1a,100
MN147250,HCV,1a,100
MN147258,HCV,1a,100
MN147265,HCV,1a,100
MN147257,HCV,1a,100
MN147254,HCV,1a,100
MN147268,HCV,3a,100
MN147269,HCV,3a,100
MN147267,HCV,3a,100
MN147275,HCV,1b,100
MN147273,HCV,3a,100
MN147274,HCV,3a,100
MN147276,HCV,1a,100
MN147278,HCV,1a,100
MN147264,HCV,1a,100
MN147270,HCV,3a,100
MN147280,HCV,3a,100
MN147271,HCV,3a,100
MN147279,HCV,1a,100
MN147277,HCV,1a,100
MN147287,HCV,3a,100
MN147288,HCV,3a,100
MN147286,HCV,3a,100
MN147283,HCV,3a,100
MN147266,HCV,1a,100
MN147290,HCV,1a,100
MN147281,HCV,3a,100
MN147272,HCV,3a,100
MN147291,HCV,1a,100
MN147292,HCV,1a,100
MN147298,HCV,1a,100
MN147296,HCV,1a,100
MN147297,HCV,1a,100
MN147299,HCV,1a,100
MN147302,HCV,1a,100
MN147306,HCV,3a,100
MN147305,HCV,3a,100
MN147295,HCV,1a,100
MN147311,HCV,1a,100
MN147312,HCV,1a,100
MN147301,HCV,1a,100
MN147315,HCV,3a,100
MN147316,HCV,3a,100
MN147313,HCV,1a,100
MN147318,HCV,3a,100
MN147309,HCV,1a,100
MN147320,HCV,1a,100
MN147307,HCV,3a,100
MN147293,HCV,1a,100
MN147319,HCV,1a,100
MN147324,HCV,1a,100
MN147323,HCV,1a,100
MN147321,HCV,1a,100
MN147330,HCV,1a,100
MN147326,HCV,1a,100
MN147327,HCV,1a,100
MN147310,HCV,1a,100
MN147329,HCV,1a,100
MN147308,HCV,1a,100
MN147325,HCV,1a,100
MN147322,HCV,1a,100
MN147340,HCV,3a,100
MN147342,HCV,3a,100
MN147338,HCV,3a,100
MN147345,HCV,1b,100
MN147349,HCV,3a,100
MN147341,HCV,3a,100
MN147350,HCV,3a,100
MN147344,HCV,1a,100
MN147333,HCV,1a,100
MN147354,HCV,3a,100
MN147343,HCV,3a,100
MN147353,HCV,3a,100
MN147356,HCV,3a,100
MN147357,HCV,3a,100
MN147358,HCV,3a,100
MN147351,HCV,3a,100
MN147346,HCV,1b,100
MN147359,HCV,1a,100
MN147360,HCV,1a,100
MN147365,HCV,2b,100
MN147363,HCV,2b,100
MN147362,HCV,2b,100
MN147355,HCV,3a,100
MN147369,HCV,1a,100
MN147364,HCV,2b,100
MN147366,HCV,2b,100
MN147352,HCV,3a,100
MN147371,HCV,1a,100
MN147368,HCV,1a,100
MN147375,HCV,1a,100
MN147377,HCV,1a,100
MN147370,HCV,1a,100
MN147378,HCV,1a,100
MN147361,HCV,2b,100
MN147379,HCV,1a,100
MN147376,HCV,1a,100
MN147380,HCV,3a,100
MN147381,HCV,3a,100
MN147372,HCV,1a,100
MN147373,HCV,1a,100
MN147383,HCV,3a,100
MN147367,HCV,1a,100
MN147374,HCV,1a,100
MN147385,HCV,3a,100
MN147384,HCV,3a,100
MN147386,HCV,3a,100
MN147382,HCV,3a,100
MN147390,HCV,4a,100
MN147387,HCV,3a,100
MN147396,HCV,3a,100
MN147391,HCV,4a,100
MN147393,HCV,4a,100
MN147395,HCV,3a,100
MN147398,HCV,3a,100
MN147401,HCV,3a,100
MN147399,HCV,3a,100
MN147388,HCV,4a,100
MN147403,HCV,1b,100
MN147402,HCV,3a,100
MN147400,HCV,3a,100
MN147397,HCV,3a,100
MN147406,HCV,1b,100
MN147405,HCV,1b,100
MN147404,HCV,1b,100
MN147389,HCV,4a,100
MN147409,HCV,2a,100
MN147394,HCV,3a,100
MN147411,HCV,1b,100
MN147423,HCV,3a,100
MN147412,HCV,1a,100
MN147415,HCV,1a,100
MN147408,HCV,2a,100
MN147417,HCV,1a,100
MN147416,HCV,1a,100
MN147419,HCV,1a,100
MN147425,HCV,1a,100
MN147422,HCV,3a,100
MN147424,HCV,3a,100
MN147426,HCV,1a,100
MN147427,HCV,1a,100
MN147410,HCV,1b,100
MN147431,HCV,3a,100
MN147420,HCV,1a,100
MN147414,HCV,1a,100
MN147428,HCV,1a,100
MN147430,HCV,3a,100
MN147429,HCV,1a,100
MN147432,HCV,3a,100
MN147418,HCV,1a,100
MN147421,HCV,3a,100
MN147438,HCV,1a,100
MN147435,HCV,1a,100
MN147436,HCV,1a,100
MN147440,HCV,3a,100
MN147434,HCV,3a,100
MN147441,HCV,3a,100
MN147439,HCV,1a,100
MN147437,HCV,1a,100
MN147433,HCV,3a,100
MN147444,HCV,1a,100
MN147443,HCV,3a,100
MN147446,HCV,1a,100
MN147452,HCV,3a,100
MN147445,HCV,1a,100
MN147449,HCV,1a,100
MN147447,HCV,1a,100
MN147450,HCV,1a,100
MN147442,HCV,3a,100
MN147451,HCV,1a,100
MN147448,HCV,1a,100
MN147454,HCV,3a,100
MN147455,HCV,3a,100
MN147462,HCV,1a,100
MN147460,HCV,3a,100
MN147456,HCV,3a,100
MN147466,HCV,1b,100
MN147464,HCV,1a,100
MN147459,HCV,3a,100
MN147463,HCV,1a,100
MN147461,HCV,3a,100
MN147465,HCV,1b,100
MN147458,HCV,3a,100
MN147467,HCV,1b,100
MN147457,HCV,3a,100
MN147473,HCV,1a,100
MN147453,HCV,3a,100
MN147474,HCV,1a,100
MN147472,HCV,1a,100
MN147468,HCV,1b,100
MN147469,HCV,1b,100
MN147477,HCV,3a,100
MN147479,HCV,3a,100
MN147481,HCV,1a,100
MN147476,HCV,3a,100
MN147478,HCV,3a,100
MN147471,HCV,1b,100
MN147475,HCV,1a,100
MN147470,HCV,1b,100
MN147485,HCV,3a,100
MN147480,HCV,1a,100
MN147483,HCV,3a,100
MN147484,HCV,3a,100
MN146694,HCV,1a,100
MN146695,HCV,1a,100
MN146777,HCV,1a,100
MN147019,HCV,1a,100
MN227968,HCV,3a,100
MN227969,HCV,3a,100
MN227971,HCV,3a,100
MN227972,HCV,3a,100
MN227973,HCV,3a,100
MN227974,HCV,3a,100
MN227975,HCV,3a,100
MN227976,HCV,3a,100
MN227978,HCV,3a,100
MN227982,HCV,3a,100
MN227979,HCV,3a,100
MN227981,HCV,3a,100
MN227983,HCV,3a,100
MN227985,HCV,3a,100
MN227980,HCV,3a,100
MN227988,HCV,3a,100
MN227989,HCV,3a,100
MN227993,HCV,3a,100
MN227990,HCV,3a,100
MN227992,HCV,3a,100
MN227994,HCV,3a,100
MN227991,HCV,3a,100
MN227995,HCV,3a,100
MN227977,HCV,3a,100
MN228000,HCV,3a,100
MN227997,HCV,3a,100
MN227999,HCV,3a,100
MN227998,HCV,3a,100
MN228001,HCV,3a,100
MN228002,HCV,3a,100
MN228003,HCV,3a,100
MN228004,HCV,3a,100
MN228005,HCV,3a,100
MN228006,HCV,3a,100
MN228007,HCV,3a,100
MN228008,HCV,3a,100
MN228009,HCV,3a,100
MN227987,HCV,3a,100
MN228012,HCV,3a,100
MN228013,HCV,3a,100
MN228015,HCV,3a,100
MN228010,HCV,3a,100
OM811380,HCV,1b,100
OM811381,HCV,1b,100
OM811383,HCV,3a,100
OM811387,HCV,1b,100
OM811392,HCV,1b,100
OM811389,HCV,1b,100
OM811388,HCV,3a,100
OM811391,HCV,3a,100
OM811390,HCV,1a,100
MN228016,HCV,3a,100
MN228014,HCV,3a,100
OM811394,HCV,1b,100
OM811411,HCV,3a,100
OM811409,HCV,1b,100
MN228011,HCV,3a,100
OM811413,HCV,3a,100
OM811416,HCV,1b,100
OM811414,HCV,1b,100
OM811419,HCV,1b,100
OM811421,HCV,1b,100
MW357754,HCV,1b,100
MW357753,HCV,1b,100
OM811417,HCV,3a,100
MW357758,HCV,1b,100
MW357757,HCV,1b,100
MW357756,HCV,1b,100
MW357760,HCV,1b,100
MW357759,HCV,1b,100
MW357761,HCV,1b,100
MW357764,HCV,1b,100
MW357763,HCV,1b,100
MW357762,HCV,1b,100
MW357766,HCV,1b,100
OM811412,HCV,1a,100
MW357775,HCV,1b,100
MW357771,HCV,1b,100
MW357784,HCV,1b,100
MW357765,HCV,1b,100
MW357785,HCV,1b,100
MW357781,HCV,1b,100
MW357769,HCV,1b,100
MW357786,HCV,1b,100
MW357787,HCV,1b,100
MW357782,HCV,1b,100
MW357791,HCV,1b,100
MW357774,HCV,1b,100
MW357792,HCV,1b,100
MT603237,HCV,1a,100
MT603234,HCV,1a,100
MT603238,HCV,1a,100
MT603235,HCV,1a,100
MT603239,HCV,1a,100
MT603240,HCV,1a,100
MT603241,HCV,1a,100
MW357790,HCV,1b,100
MW357783,HCV,1b,100
MT603243,HCV,1a,100
MT603236,HCV,1a,100
MT603244,HCV,1a,100
MT603246,HCV,1a,100
MT603248,HCV,1a,100
MT603245,HCV,1a,100
MT603252,HCV,1a,100
MT603255,HCV,1a,100
MN146247,HCV,1a,100
MT603273,HCV,3a,100
MN146493,HCV,1a,100
MN146684,HCV,1b,100
MN146685,HCV,1a,100
MN146683,HCV,1b,100
MN146709,HCV,1a,100
MN146736,HCV,1a,100
MN146732,HCV,1a,100
MN146739,HCV,1a,100
MN146745,HCV,1a,100
MN146751,HCV,1a,100
MN146750,HCV,1a,100
MN146733,HCV,1a,100
MN146759,HCV,1a,100
MN146784,HCV,1a,100
MN146785,HCV,1a,100
MN146788,HCV,1a,100
MN146792,HCV,1b,100
MN146802,HCV,1a,100
MN146804,HCV,1a,100
MN146812,HCV,1a,100
MN146821,HCV,1a,100
MN146817,HCV,1a,100
MN146829,HCV,1a,100
MN146847,HCV,1b,100
MN146865,HCV,1a,100
MN146904,HCV,1b,100
MN146906,HCV,1a,100
MN146903,HCV,1b,100
MN146919,HCV,1a,100
MN146921,HCV,1a,100
MN146923,HCV,1a,100
MN146924,HCV,1a,100
MN146914,HCV,1a,100
MN146926,HCV,1a,100
MN146931,HCV,1a,100
MN146935,HCV,1a,100
MN146979,HCV,1a,100
MN146992,HCV,1a,100
MN146990,HCV,1a,100
MN146970,HCV,1a,100
MN146989,HCV,1a,100
MN147010,HCV,1a,100
MN147003,HCV,1a,100
MN147018,HCV,1a,100
MN147009,HCV,1a,100
MN147000,HCV,1a,100
MN146975,HCV,1a,100
MN147012,HCV,1a,100
MN147025,HCV,1a,100
MN147031,HCV,1b,100
MN147032,HCV,1b,100
MN147028,HCV,1b,100
MN147036,HCV,1a,100
MN147038,HCV,1a,100
MN147034,HCV,1a,100
MN147042,HCV,1a,100
MN147046,HCV,1a,100
MN147045,HCV,1a,100
MN147043,HCV,1a,100
MN147048,HCV,1a,100
MN147072,HCV,1a,100
MN147099,HCV,1a,100
MN147082,HCV,1a,100
MN147090,HCV,1b,100
MN147087,HCV,1b,100
MN147100,HCV,1a,100
MN147093,HCV,1a,100
MN147102,HCV,1a,100
MN147101,HCV,1a,100
MN147094,HCV,1a,100
MN147097,HCV,1a,100
MN147107,HCV,1b,100
MN147110,HCV,1b,100
MN147129,HCV,1b,100
MN147116,HCV,1a,100
MN147123,HCV,1a,100
MN147135,HCV,1a,100
MN147125,HCV,1a,100
MN147179,HCV,1b,100
MN147165,HCV,1a,100
MN147173,HCV,1b,100
MN147171,HCV,1a,100
MN147180,HCV,1a,100
MN147178,HCV,1b,100
MN147191,HCV,1b,100
MN147172,HCV,1a,100
MN147192,HCV,1b,100
MN147193,HCV,1b,100
MN147194,HCV,1b,100
MN147221,HCV,1a,100
MN147215,HCV,1a,100
MN147234,HCV,1a,100
MN147217,HCV,1a,100
MN147226,HCV,1a,100
MN147205,HCV,1a,100
MN147225,HCV,1a,100
MN147222,HCV,1a,100
MN147224,HCV,1a,100
MN147237,HCV,1a,100
MN147239,HCV,1a,100
MN147235,HCV,1a,100
MN147243,HCV,1a,100
MN147233,HCV,1b,100
MN147263,HCV,1a,100
MN147285,HCV,3a,100
MN147289,HCV,1a,100
MN147284,HCV,3a,100
MN147282,HCV,3a,100
MN147300,HCV,1a,100
MN147294,HCV,1a,100
MN147303,HCV,3a,100
MN147304,HCV,3a,100
MN147314,HCV,3a,100
MN147317,HCV,3a,100
MN147335,HCV,1a,100
MN147336,HCV,1a,100
MN147332,HCV,1a,100
MN147334,HCV,1a,100
MN147331,HCV,1a,100
MN147328,HCV,1a,100
MN147337,HCV,3a,100
MN147347,HCV,1b,100
MN147348,HCV,3a,100
MN147392,HCV,4a,100
MN147407,HCV,1b,100
MN147413,HCV,1a,100
MN147482,HCV,3a,100
MN147487,HCV,3a,100
MN147488,HCV,1a,100
MN147486,HCV,3a,100
MT603256,HCV,1a,100
MT603264,HCV,1b,100
MT603270,HCV,3a,100
MT603254,HCV,1a,100
MT603266,HCV,1b,100
MT603269,HCV,3a,100
MT603267,HCV,1b,100
MT603272,HCV,3a,100
MT603261,HCV,1a,100
OM811393,HCV,1b,100
MT603249,HCV,1a,100
MT603253,HCV,1a,100
MT603279,HCV,3a,100
MT603263,HCV,1a,100
MN147088,HCV,1b,100
MN146681,HCV,1b,100
MN146838,HCV,1a,100
MN146987,HCV,1a,100
MN146691,HCV,1a,100
MN146688,HCV,1a,100
MN147111,HCV,1b,100
MN227964,HCV,3a,100
MN147124,HCV,1a,100
MN147339,HCV,1a,100
MN147238,HCV,1a,100
MN147253,HCV,1a,100
MN147489,HCV,1a,100
MN227986,HCV,3a,100
OM811382,HCV,1b,100
OM811386,HCV,1b,100
OM811384,HCV,3a,100
MN227984,HCV,3a,100
OM811385,HCV,1b,100
MN227965,HCV,3a,100
MN227967,HCV,3a,100
OM811405,HCV,3a,100
OM811397,HCV,3a,100
OM811400,HCV,1b,100
OM811410,HCV,1b,100
OM811398,HCV,1a,100
OM811395,HCV,3a,100
OM811399,HCV,1b,100
MN227970,HCV,3a,100
MN227996,HCV,3a,100
OM811402,HCV,1b,100
MN227966,HCV,3a,100
OM811408,HCV,3a,100
OM811406,HCV,3a,100
OM811396,HCV,1b,100
OM811401,HCV,3a,100
OM811407,HCV,1b,100
OM811404,HCV,1b,100
MG453221,HCV,1b,100
MG453222,HCV,1b,100
MN147496,HCV,3a,100
MN147499,HCV,3a,100
MN147498,HCV,3a,100
MN147497,HCV,3a,100
MN147500,HCV,3a,100
MN147503,HCV,1a,100
MN147494,HCV,1a,100
MN147495,HCV,1a,100
MN147501,HCV,3a,100
MN147507,HCV,1a,100
MN147506,HCV,1a,100
MN147509,HCV,1a,100
MN147504,HCV,1a,100
MN147511,HCV,3a,100
MN147521,HCV,2b,100
MN147512,HCV,3a,100
MN147513,HCV,3a,100
MN147502,HCV,1a,100
MN147515,HCV,3a,100
MN147505,HCV,1a,100
MN147518,HCV,3a,100
MN147517,HCV,3a,100
MN147514,HCV,3a,100
MN147519,HCV,2b,100
MN147520,HCV,2b,100
MN147490,HCV,1a,100
MN147516,HCV,3a,100
MN147523,HCV,2b,100
MN147525,HCV,3a,100
MN147527,HCV,1b,100
MN147529,HCV,1a,100
MN147532,HCV,3a,100
MN147533,HCV,3a,100
MN147534,HCV,3a,100
MN147536,HCV,3a,100
MN147535,HCV,3a,100
MN147539,HCV,1a,100
MN147524,HCV,3a,100
MN147537,HCV,1a,100
MN147526,HCV,1b,100
MN147531,HCV,3a,100
MN147542,HCV,1a,100
MN147528,HCV,1a,100
MN147522,HCV,2b,100
MN147544,HCV,1a,100
MN147508,HCV,1a,100
MN147543,HCV,1a,100
MN147548,HCV,1a,100
MN147549,HCV,3a,100
MN147538,HCV,1a,100
MN147552,HCV,3a,100
MN147551,HCV,3a,100
MN147547,HCV,1a,100
MN147554,HCV,1a,100
MN147510,HCV,1a,100
MN147541,HCV,1a,100
MN147556,HCV,1a,100
MN147558,HCV,1a,100
MN147557,HCV,1a,100
MN147550,HCV,3a,100
MN147560,HCV,3a,100
MN147561,HCV,3a,100
MN147545,HCV,3a,100
MN147562,HCV,1a,100
MN147564,HCV,1b,100
MN147567,HCV,1b,100
MN147566,HCV,1b,100
MN147568,HCV,1b,100
MN147559,HCV,1a,100
MN147555,HCV,1a,100
MN147546,HCV,3a,100
MN147570,HCV,1b,100
MN147540,HCV,1a,100
MN147571,HCV,1b,100
MN147578,HCV,1a,100
MN147553,HCV,3a,100
MN147573,HCV,1a,100
MN147575,HCV,1a,100
MN147576,HCV,1a,100
MN147563,HCV,1b,100
MN147581,HCV,1a,100
MN147582,HCV,1a,100
MN147583,HCV,1a,100
MN147584,HCV,1a,100
MN147580,HCV,1a,100
MN147579,HCV,1a,100
MN147586,HCV,3a,100
MN147569,HCV,1b,100
MN147565,HCV,1b,100
MN147577,HCV,1a,100
MN147574,HCV,1a,100
MN147592,HCV,1a,100
MN147572,HCV,1b,100
MN147588,HCV,1a,100
MN147593,HCV,1a,100
MN147595,HCV,1a,100
MN147589,HCV,1a,100
MN147598,HCV,1b,100
MN147596,HCV,1b,100
MN147585,HCV,1a,100
MN147591,HCV,1a,100
MN147602,HCV,3a,100
MN147590,HCV,1a,100
MN147600,HCV,3a,100
MN147604,HCV,3a,100
MN147599,HCV,1b,100
MN147597,HCV,1b,100
MN147587,HCV,3a,100
MN147607,HCV,3a,100
MN147608,HCV,1a,100
MN147609,HCV,1a,100
MN147605,HCV,3a,100
MN147601,HCV,3a,100
MN147611,HCV,3a,100
MN147613,HCV,3a,100
MN147614,HCV,1b,100
MN147594,HCV,1a,100
MN147619,HCV,1a,100
MN147612,HCV,3a,100
MN147620,HCV,1a,100
MN147603,HCV,3a,100
MN147616,HCV,1b,100
MN147621,HCV,1a,100
MN147622,HCV,3a,100
MN147606,HCV,3a,100
MN147610,HCV,3a,100
MN147624,HCV,3a,100
MN147633,HCV,1a,100
MN147630,HCV,1a,100
MN147625,HCV,3a,100
MN147632,HCV,1a,100
MN147628,HCV,3a,100
MN147629,HCV,1a,100
MN147617,HCV,1b,100
MN147635,HCV,1b,100
MN147626,HCV,3a,100
MN147631,HCV,1a,100
MN147634,HCV,1b,100
MN147615,HCV,1b,100
MN147639,HCV,1a,100
MN147642,HCV,1a,100
MN147644,HCV,1a,100
MN147645,HCV,1a,100
MN147641,HCV,1a,100
MN147638,HCV,1b,100
MN147647,HCV,3a,100
MN147637,HCV,1b,100
MN147649,HCV,1a,100
MN147650,HCV,3a,100
MN147636,HCV,1b,100
MN147643,HCV,1a,100
MN147653,HCV,3a,100
MN147651,HCV,3a,100
MN147623,HCV,3a,100
MN147652,HCV,3a,100
MN147654,HCV,3a,100
MN147648,HCV,1a,100
MN147640,HCV,1a,100
MN147646,HCV,3a,100
MN147658,HCV,1a,100
MN147657,HCV,3a,100
MN147655,HCV,3a,100
MN147659,HCV,1a,100
MN147665,HCV,1b,100
MN147667,HCV,1a,100
MN147666,HCV,1a,100
MN147661,HCV,1a,100
MN147656,HCV,3a,100
MN147663,HCV,1b,100
MN147660,HCV,1a,100
MN147673,HCV,3a,100
MN147671,HCV,3a,100
MN147668,HCV,1a,100
MN147672,HCV,3a,100
MN147675,HCV,3a,100
MN147677,HCV,3a,100
MN147670,HCV,3a,100
MN147678,HCV,3a,100
MN147676,HCV,3a,100
MN147679,HCV,3a,100
MN147684,HCV,1a,100
MN147685,HCV,1a,100
MN147682,HCV,3a,100
MN147683,HCV,1a,100
MN147681,HCV,3a,100
MN147687,HCV,1a,100
MN147680,HCV,3a,100
MN147688,HCV,1a,100
MN147690,HCV,1a,100
MN147689,HCV,1a,100
MN147662,HCV,1a,100
MN147674,HCV,3a,100
MN147695,HCV,1b,100
MN147693,HCV,1b,100
MN147699,HCV,1a,100
MN147698,HCV,1b,100
MN147696,HCV,1b,100
MN147691,HCV,1a,100
MN147669,HCV,3a,100
MN147701,HCV,1a,100
MN147692,HCV,1a,100
MN147704,HCV,3a,100
MN147706,HCV,3a,100
MN147705,HCV,3a,100
MN147707,HCV,3a,100
MN147702,HCV,1a,100
MN147708,HCV,3a,100
MN147710,HCV,1a,100
MN147703,HCV,1a,100
MN147712,HCV,1a,100
MN147711,HCV,1a,100
MN147714,HCV,1a,100
MN147715,HCV,1a,100
MN147700,HCV,1a,100
MN147709,HCV,1a,100
MN147686,HCV,1a,100
MN147697,HCV,1b,100
MN147718,HCV,1b,100
MN147719,HCV,1b,100
MN147720,HCV,1a,100
MN147716,HCV,1b,100
MN147713,HCV,1a,100
MN147717,HCV,1b,100
MN147694,HCV,1b,100
MN147724,HCV,3a,100
MN147725,HCV,3a,100
MN147721,HCV,1a,100
MN147733,HCV,3a,100
MN147732,HCV,3a,100
MN147730,HCV,3a,100
MN147726,HCV,1a,100
MN147728,HCV,1a,100
MN147737,HCV,3a,100
MN147723,HCV,3a,100
MN147735,HCV,1b,100
MN147739,HCV,3a,100
MN147741,HCV,1a,100
MN147731,HCV,3a,100
MN147722,HCV,3a,100
MN147736,HCV,3a,100
MN147743,HCV,1a,100
MN147747,HCV,1a,100
MN147751,HCV,1a,100
MN147748,HCV,1a,100
MN147749,HCV,1a,100
MN147750,HCV,1a,100
MN147729,HCV,1a,100
MN147752,HCV,1a,100
MN147754,HCV,1a,100
MN147742,HCV,1a,100
MN147757,HCV,1a,100
MN147755,HCV,1a,100
MN147756,HCV,1a,100
MN147740,HCV,3a,100
MN147746,HCV,1a,100
MN147753,HCV,1a,100
MN147745,HCV,1a,100
MN147758,HCV,1a,100
MN147761,HCV,1a,100
MN147760,HCV,1a,100
MN147759,HCV,1a,100
MN147763,HCV,1a,100
MN147734,HCV,1b,100
MN147764,HCV,1a,100
KT148757,HCV,1a,100
KT148758,HCV,1a,100
MN147765,HCV,1a,100
KT148759,HCV,1a,100
KT148761,HCV,1a,100
KT148762,HCV,1a,100
KT148760,HCV,1a,100
MN147762,HCV,1a,100
KT148763,HCV,1a,100
KT148764,HCV,1a,100
MN147767,HCV,1a,100
MN147766,HCV,1a,100
KT148765,HCV,1a,100
KT148770,HCV,1a,100
KT148769,HCV,1a,100
KT148771,HCV,1a,100
KT148772,HCV,1a,100
KT148776,HCV,1a,100
KT148774,HCV,1a,100
KT148773,HCV,1a,100
KT148778,HCV,1a,100
KT148775,HCV,1a,100
KT148777,HCV,1a,100
KT148779,HCV,1a,100
KT148782,HCV,1a,100
KT148781,HCV,1a,100
KT148783,HCV,1a,100
KT148788,HCV,1a,100
KT148786,HCV,1a,100
KT148785,HCV,1a,100
KT148787,HCV,1a,100
KT148790,HCV,1a,100
KT148789,HCV,1a,100
KT148791,HCV,1a,100
KT148792,HCV,1a,100
KT148793,HCV,1b,100
KT148795,HCV,1b,100
KT148794,HCV,1b,100
KT148767,HCV,1a,100
KT148798,HCV,1b,100
KT148797,HCV,1b,100
MN147770,HCV,1a,100
KT148784,HCV,1a,100
KT148799,HCV,1b,100
MN147768,HCV,1a,100
KT148780,HCV,1a,100
KT148802,HCV,1b,100
KT148805,HCV,1b,100
KT148806,HCV,1b,100
AY834931,HCV,3b,100
KT148807,HCV,1b,100
KT148814,HCV,1b,100
AY834932,HCV,3b,100
KT148815,HCV,1b,100
AY834938,HCV,6n,43
AY834937,HCV,6l,78
AY834952,HCV,6a,100
KT148803,HCV,1b,100
AY834956,HCV,2a,100
AY834957,HCV,2a,100
AY834965,HCV,2a,100
AY834969,HCV,2a,100
AY834971,HCV,2a,100
AY834970,HCV,2a,100
AY834968,HCV,2a,100
AY834984,HCV,1b,100
AY834986,HCV,1b,100
AY835001,HCV,1b,100
AY834990,HCV,1b,100
AY835005,HCV,1b,100
AY835009,HCV,1b,100
AY835003,HCV,1b,100
AY835019,HCV,1b,100
AY835018,HCV,1b,100
AY835016,HCV,1b,100
AY835020,HCV,1b,100
AY835033,HCV,1b,100
AY835036,HCV,1b,100
AY835039,HCV,1b,100
AY835041,HCV,1b,100
AY835040,HCV,1b,100
AY835056,HCV,1b,100
AY835062,HCV,1b,100
AY835058,HCV,1b,100
AY835063,HCV,1b,100
AY835059,HCV,1b,100
AM055838,HCV,1b,100
AM055845,HCV,1b,100
AM055844,HCV,1a,100
AM055843,HCV,1b,100
AM055839,HCV,1b,100
AM055840,HCV,1b,100
AM055842,HCV,1a,100
AM055841,HCV,1a,100
AM055846,HCV,1b,100
AM055836,HCV,1b,100
AM055837,HCV,1b,100
AM055853,HCV,1b,100
AM055850,HCV,1b,100
AM055855,HCV,1a,100
AM055852,HCV,1b,100
AM055860,HCV,1b,100
AM055849,HCV,1b,100
AM055854,HCV,1a,100
AM055888,HCV,1b,100
AM055889,HCV,1b,100
AM055892,HCV,1b,100
AM055890,HCV,1b,100
AM055893,HCV,1a,100
AM055891,HCV,1b,100
AM055894,HCV,1a,100
AM055848,HCV,1b,100
AM055904,HCV,1b,100
AM055903,HCV,1a,100
AM055907,HCV,1a,100
AM055905,HCV,1b,100
AM055906,HCV,1a,100
AM055908,HCV,1b,100
AM055909,HCV,1b,100
AM055912,HCV,1b,100
AM055910,HCV,1b,100
AM055911,HCV,1b,100
AM055913,HCV,1b,100
DQ525425,HCV,6a,100
AM055859,HCV,1b,100
DQ525424,HCV,6a,100
DQ525428,HCV,6a,100
DQ525426,HCV,6a,100
DQ525427,HCV,6a,100
DQ525430,HCV,6a,100
ON256661,HCV,2q,92
ON256663,HCV,2c,70
ON256662,HCV,2k,59
KP064118,HCV,1b,100
ON256667,HCV,2j,99
ON256664,HCV,2j,54
ON256665,HCV,2j,80
ON256660,HCV,2j,84
KP064117,HCV,1b,100
ON256666,HCV,2j,99
KF420490,HCV,1b,100
DQ525433,HCV,6a,100
AM055857,HCV,1b,100
HM746867,HCV,1a,100
DQ525429,HCV,6a,100
HM746872,HCV,1a,100
HM746869,HCV,1a,100
AM055851,HCV,1a,100
HM746870,HCV,1a,100
AM055861,HCV,1b,100
HM746810,HCV,1a,100
HM746822,HCV,1b,100
AM055856,HCV,1b,100
HM746868,HCV,1a,100
HM746875,HCV,1a,100
HM746873,HCV,1a,100
EF127909,HCV,3a,100
HM746885,HCV,1a,100
HM746884,HCV,1a,100
HM746877,HCV,1a,100
HM746880,HCV,1a,100
HM746881,HCV,1a,100
HM746883,HCV,1a,100
EF127910,HCV,3a,100
EF127911,HCV,3a,100
HM746886,HCV,1a,100
EF127913,HCV,3a,100
EF127912,HCV,3a,100
EF127918,HCV,3a,100
EF127915,HCV,3a,100
EF127914,HCV,3a,100
EF127916,HCV,3a,100
HM746878,HCV,1a,100
EF127917,HCV,3a,100
EF127920,HCV,3a,100
EF127921,HCV,3a,100
EF127919,HCV,3a,100
EF127928,HCV,3a,100
EF127922,HCV,3a,100
EF127924,HCV,3a,100
EF127926,HCV,3a,100
EF127925,HCV,3a,100
EF127927,HCV,3a,100
EF127930,HCV,3a,100
EF127929,HCV,3a,100
EF127933,HCV,3a,100
HM746876,HCV,1a,100
HM746887,HCV,1b,100
DQ155502,HCV,6a,100
AB602043,HCV,1b,100
DQ155503,HCV,6a,100
DQ155505,HCV,1a,100
AB602040,HCV,1b,100
AB602041,HCV,1b,100
DQ155506,HCV,1a,100
HM746874,HCV,1a,100
EF127931,HCV,3a,100
DQ155507,HCV,1b,100
EF127932,HCV,3a,100
DQ155508,HCV,6a,100
HM746879,HCV,1a,100
DQ155511,HCV,6a,100
DQ155510,HCV,6a,100
DQ155524,HCV,1b,100
DQ155527,HCV,6a,100
DQ155526,HCV,6e,100
DQ155538,HCV,2a,100
DQ155541,HCV,6e,100
DQ155545,HCV,6a,100
DQ155542,HCV,6e,100
DQ155546,HCV,1b,100
DQ155547,HCV,1b,100
DQ155550,HCV,2a,99
DQ155549,HCV,6e,100
DQ155551,HCV,6e,100
DQ155552,HCV,6u,100
DQ155544,HCV,1b,100
DQ155556,HCV,1b,100
DQ155554,HCV,6o,100
DQ155553,HCV,1b,100
DQ155555,HCV,1b,100
DQ155558,HCV,1a,100
HM746882,HCV,1a,100
MH070059,HCV,1a,100
MH070063,HCV,1a,100
MH070062,HCV,1a,100
DQ155548,HCV,6a,100
MH070065,HCV,1a,100
MH070067,HCV,1a,100
MH070066,HCV,1a,100
MH070064,HCV,1a,100
MH070084,HCV,1b,100
MH070056,HCV,1a,100
AB207766,HCV,1b,100
AB207767,HCV,1b,100
MH070082,HCV,1b,100
AB207772,HCV,1b,100
AB207773,HCV,1b,100
AB207774,HCV,1b,100
MH070081,HCV,1b,100
AB207776,HCV,1b,100
MH070086,HCV,1b,100
AB207780,HCV,1b,100
AB207777,HCV,1b,100
AB207779,HCV,1b,100
MH070085,HCV,1b,100
AB207781,HCV,1b,100
MH070083,HCV,1b,100
MH070080,HCV,1b,100
AB207791,HCV,1b,100
AB207786,HCV,1b,100
AB207788,HCV,1b,100
AB207787,HCV,1b,100
AB207785,HCV,1b,100
AB207793,HCV,1b,100
AB207769,HCV,1b,100
AB207800,HCV,1b,100
MH070087,HCV,1b,100
PX091941,HCV,1b,100
ON841499,HCV,1b,100
PX091935,HCV,1b,100
ON841502,HCV,1b,100
ON841501,HCV,1b,100
LC773634,HCV,4a,63
ON841500,HCV,1b,100
ON841498,HCV,1b,100
ON841503,HCV,1b,100
D16192,HCV,1c,100
ON841504,HCV,1b,100
AB207795,HCV,1b,100
ON841525,HCV,3a,100
ON841529,HCV,3a,100
ON841567,HCV,1b,100
ON841568,HCV,1b,100
AF359354,HCV,1a,100
ON841570,HCV,1b,100
ON841518,HCV,3a,100
ON841581,HCV,3a,100
ON841584,HCV,1b,100
ON841579,HCV,3a,100
ON841569,HCV,1b,100
MG453025,HCV,4a,100
MG453027,HCV,1a,100
ON841583,HCV,3a,100
ON841578,HCV,3a,100
MG453033,HCV,1a,100
MG453026,HCV,4a,100
MG453024,HCV,4a,100
MG453030,HCV,4a,100
MG453029,HCV,4o,100
MG453028,HCV,4a,100
MG453032,HCV,4a,100
MG453031,HCV,1a,100
MG453036,HCV,1a,100
MG453035,HCV,2a,100
MG453037,HCV,1b,100
MG453034,HCV,1b,100
MG453040,HCV,1a,100
MG453044,HCV,1a,100
MG453045,HCV,1a,100
MG453038,HCV,1a,100
MG453041,HCV,1a,100
MG453046,HCV,1a,100
MG453047,HCV,1a,100
MG453053,HCV,6a,100
MG453043,HCV,1b,100
MG453049,HCV,1a,100
MG453056,HCV,1a,100
MG453055,HCV,1a,100
MG453050,HCV,1a,100
MG453057,HCV,1a,100
MG453052,HCV,1a,100
MG453039,HCV,1a,100
MG453051,HCV,1a,100
MG453048,HCV,1a,100
MG453058,HCV,1a,100
MG453065,HCV,1a,100
MG453060,HCV,1b,100
MG453063,HCV,1a,100
MG453059,HCV,1a,100
MG453054,HCV,1a,100
MG453061,HCV,1a,100
MG453064,HCV,1b,100
MG453042,HCV,1b,100
MG453062,HCV,1a,100
MG453071,HCV,1a,100
MG453074,HCV,2b,100
MG453068,HCV,1a,100
MG453069,HCV,1b,100
MG453067,HCV,1a,100
MG453070,HCV,2b,100
MG453076,HCV,1a,100
MG453072,HCV,1a,100
MG453073,HCV,1a,100
MG453082,HCV,1a,100
MG453080,HCV,1a,100
MG453078,HCV,1b,100
MG453079,HCV,1a,100
MG453075,HCV,1a,100
MG453077,HCV,1b,100
MG453066,HCV,1a,100
MG453089,HCV,1a,100
MG453085,HCV,2b,100
MG453087,HCV,1a,100
MG453090,HCV,1a,100
MG453084,HCV,1b,100
MG453092,HCV,1a,100
MG453091,HCV,1a,100
MG453093,HCV,1a,100
MG453081,HCV,1a,100
MG453083,HCV,1b,100
MG453086,HCV,2a,100
MG453098,HCV,2b,100
MG453099,HCV,1a,100
MG453100,HCV,1a,100
MG453101,HCV,1a,100
MG453096,HCV,1a,100
MG453105,HCV,1a,100
MG453094,HCV,1b,100
MG453107,HCV,1b,100
MG453095,HCV,2c,100
MG453102,HCV,1a,100
MG453097,HCV,4a,100
MG453088,HCV,1b,100
MG453104,HCV,1b,100
MG453106,HCV,1a,100
MG453112,HCV,1b,100
MG453108,HCV,1b,100
MG453110,HCV,2c,100
MG453103,HCV,1a,100
MG453115,HCV,1a,100
MG453120,HCV,4d,100
MG453122,HCV,1a,100
MG453118,HCV,4d,100
MG453113,HCV,1a,100
MG453111,HCV,2c,100
MG453114,HCV,2b,100
MG453119,HCV,4d,100
MG453125,HCV,1a,100
MG453124,HCV,1a,100
MG453127,HCV,2b,100
MG453126,HCV,1b,100
MG453129,HCV,1a,100
MG453116,HCV,2b,100
MG453123,HCV,1b,100
MG453137,HCV,1a,100
MG453121,HCV,1b,100
MG453136,HCV,2a,100
MG453133,HCV,1b,100
MG453134,HCV,1a,100
MG453109,HCV,1b,100
MG453117,HCV,1a,100
MG453128,HCV,2c,100
MG453138,HCV,1a,100
MG453139,HCV,2b,100
MG453142,HCV,1a,100
MG453144,HCV,1a,100
MG453143,HCV,1b,100
MG453141,HCV,2b,100
MG453146,HCV,1b,100
MG453131,HCV,1a,100
MG453150,HCV,1b,100
MG453140,HCV,1a,100
MG453135,HCV,1a,100
MG453130,HCV,1a,100
MG453149,HCV,1a,100
MG453152,HCV,1b,100
MG453156,HCV,1b,100
MG453148,HCV,1a,100
MG453158,HCV,2a,100
MG453153,HCV,1a,100
MG453147,HCV,1b,100
MG453166,HCV,1b,100
MG453157,HCV,4a,100
MG453159,HCV,1a,100
MG453167,HCV,1b,100
MG453155,HCV,2b,100
MG453162,HCV,6a,100
MG453164,HCV,1a,100
MG453169,HCV,2b,100
MG453170,HCV,1b,100
MG453160,HCV,4a,100
MG453171,HCV,2b,100
MG453172,HCV,1a,100
MG453175,HCV,1b,100
MG453177,HCV,1a,100
MG453173,HCV,1a,100
MG453176,HCV,1a,100
MG453168,HCV,6a,100
MG453179,HCV,1b,100
MG453180,HCV,1a,100
MG453182,HCV,4d,100
MG453174,HCV,1a,100
MG453178,HCV,1a,100
MG453184,HCV,1b,100
MG453187,HCV,2b,100
MG453188,HCV,2b,100
MG453183,HCV,1a,100
MG453186,HCV,1a,100
MG453185,HCV,4d,100
MG453189,HCV,1a,100
MG453194,HCV,1a,100
MG453195,HCV,1b,100
MG453192,HCV,1a,100
MG453197,HCV,1a,100
MG453191,HCV,4a,100
MG453200,HCV,1a,100
MG453196,HCV,2a,100
MG453199,HCV,1a,100
MG453190,HCV,2b,100
MG453198,HCV,1a,100
MG453201,HCV,1b,100
MG453193,HCV,1a,100
MG453203,HCV,1b,100
MG453165,HCV,1a,100
MG453181,HCV,1a,100
MG453204,HCV,1b,100
MG453205,HCV,1a,100
MG453208,HCV,4a,100
MG453210,HCV,1b,100
MG453202,HCV,5a,100
MG453207,HCV,2b,100
MG453209,HCV,1a,100
MG453206,HCV,1a,100
MG453212,HCV,1b,100
MG453215,HCV,1a,100
MG453211,HCV,1a,100
MG453213,HCV,6a,100
MG453161,HCV,2b,100
MG453219,HCV,1a,100
MG453218,HCV,2a,100
MG453216,HCV,2a,87
MG453214,HCV,1a,100
MG453217,HCV,4a,100
ON841497,HCV,1a,100
ON841534,HCV,3a,100
KT148766,HCV,1a,100
MN147744,HCV,1a,100
KT148768,HCV,1a,100
KT148796,HCV,1b,100
KT148801,HCV,1b,100
KT148810,HCV,1b,100
KT148809,HCV,1b,100
AY834933,HCV,3b,100
KT148811,HCV,1b,100
KT148804,HCV,1b,100
AY834934,HCV,3b,100
AY834936,HCV,3a,100
KT148800,HCV,1b,100
AY834935,HCV,3b,100
AY834939,HCV,6n,100
KT148816,HCV,1b,100
AY834940,HCV,6a,100
AY834941,HCV,6a,100
AY834943,HCV,6a,100
AY834944,HCV,6a,100
AY834945,HCV,6a,100
AY834946,HCV,6a,100
AY834947,HCV,6a,100
AY834948,HCV,6a,100
AY834953,HCV,6a,100
AY834949,HCV,6a,100
AY834950,HCV,6a,100
AY834951,HCV,6a,100
AY834955,HCV,2a,100
AY834960,HCV,2a,100
MN147769,HCV,1a,100
AY834964,HCV,2a,100
AY834958,HCV,2a,100
AY834959,HCV,2a,100
KT148812,HCV,1b,100
AY834962,HCV,2a,100
AY834963,HCV,2a,100
AY834972,HCV,2a,100
AY834973,HCV,2a,100
AY834974,HCV,2j,42
AY834975,HCV,1b,100
AY834978,HCV,1b,100
AY834976,HCV,1b,100
AY834977,HCV,1b,100
AY834979,HCV,1b,100
AY834961,HCV,2a,100
AY834980,HCV,1b,100
AY834981,HCV,1b,100
AY834983,HCV,1b,100
AY834982,HCV,1b,100
AY834985,HCV,1b,100
AY834988,HCV,1b,100
AY834987,HCV,1b,100
AY834991,HCV,1b,100
AY834989,HCV,1b,100
AY834992,HCV,1b,100
AY834993,HCV,1b,100
KT148808,HCV,1b,100
AY834998,HCV,1b,100
AY834995,HCV,1b,100
AY834996,HCV,1b,100
AY834997,HCV,1b,100
AY835000,HCV,1b,100
AY835002,HCV,1b,100
AY834999,HCV,1b,100
AY835010,HCV,1b,100
AY835004,HCV,1b,100
AY835007,HCV,1b,100
AY835006,HCV,1b,100
AY835008,HCV,1b,100
AY835011,HCV,1b,100
AY835012,HCV,1b,100
AY835014,HCV,1b,100
AY835013,HCV,1b,100
AY835015,HCV,1b,100
AY835017,HCV,1b,100
AY834942,HCV,6a,100
AY834966,HCV,2a,100
AY835022,HCV,1b,100
AY835021,HCV,1b,100
AY835024,HCV,1b,100
AY835023,HCV,1b,100
AY835026,HCV,1b,100
AY835027,HCV,1b,100
AY834994,HCV,1b,100
AY835034,HCV,1b,100
AY835031,HCV,1b,100
AY835037,HCV,1b,100
AY835032,HCV,1b,100
AY835030,HCV,1b,100
AY835038,HCV,1b,100
AY835035,HCV,1b,100
AY835043,HCV,1b,100
AY835042,HCV,1b,100
AY835044,HCV,1b,100
AY835046,HCV,1b,100
AY835045,HCV,1b,100
AY835047,HCV,1b,100
AY835048,HCV,1b,100
AY835049,HCV,1b,100
AY834967,HCV,2a,100
AY835051,HCV,1b,100
AY835050,HCV,1b,100
AY835055,HCV,1b,100
AY835057,HCV,1b,100
AM055847,HCV,1b,100
AM055897,HCV,1b,100
AM055895,HCV,1b,100
AM055896,HCV,1a,100
AM055898,HCV,1b,100
AM055900,HCV,1b,100
AM055899,HCV,1b,100
AM055901,HCV,1b,100
AM055902,HCV,1b,100
AM055858,HCV,1b,100
DQ525431,HCV,6a,100
DQ525432,HCV,6a,100
DQ525434,HCV,6a,100
EF127923,HCV,3a,100
HM746888,HCV,1b,100
DQ155512,HCV,1b,100
DQ155514,HCV,6a,100
DQ155513,HCV,2a,99
DQ155517,HCV,6e,100
DQ155515,HCV,6a,100
DQ155504,HCV,6p,100
DQ155516,HCV,1a,100
DQ155518,HCV,1a,100
DQ155520,HCV,1b,100
DQ155521,HCV,6l,100
DQ155523,HCV,6a,100
DQ155529,HCV,1b,100
DQ155519,HCV,6a,100
DQ155525,HCV,6e,100
DQ155530,HCV,6t,100
DQ155531,HCV,1b,100
DQ155522,HCV,2a,100
DQ155528,HCV,1a,100
DQ155533,HCV,6e,100
DQ155535,HCV,1a,100
DQ155532,HCV,6a,100
DQ155509,HCV,6a,100
DQ155534,HCV,2i,100
DQ155536,HCV,1a,100
DQ155537,HCV,6e,100
AB602042,HCV,1b,100
DQ155540,HCV,1a,100
DQ155557,HCV,6e,100
MH070049,HCV,1a,100
DQ155559,HCV,6e,100
MH070054,HCV,1a,100
MH070050,HCV,1a,100
DQ155539,HCV,2a,100
MH070052,HCV,1a,100
MH070051,HCV,1a,100
MH070055,HCV,1a,100
MH070057,HCV,1a,100
MH070061,HCV,1a,100
DQ155543,HCV,1b,100
MH070060,HCV,1a,100
MH070058,HCV,1a,100
MH070053,HCV,1a,100
AB207768,HCV,1b,100
AB207770,HCV,1b,100
AB207771,HCV,1b,100
AB207778,HCV,1b,100
MH070090,HCV,1b,100
MH070088,HCV,1b,100
AB207782,HCV,1b,100
AB207784,HCV,1b,100
AB207783,HCV,1b,100
AB207790,HCV,1b,100
AB207792,HCV,1b,100
AB207789,HCV,1b,100
AB207794,HCV,1b,100
AB207796,HCV,1b,100
PX091940,HCV,2a,100
AB207799,HCV,1b,100
AB207801,HCV,1b,100
AF359350,HCV,1a,100
AF359351,HCV,1a,100
D16190,HCV,1c,100
PX091942,HCV,3a,100
AB207798,HCV,1b,100
LC773635,HCV,4a,45
LC773636,HCV,4a,77
ON841505,HCV,1b,100
ON841506,HCV,1b,100
AF359353,HCV,1a,100
ON841507,HCV,1b,100
MH070089,HCV,1b,100
ON841508,HCV,1b,100
ON841509,HCV,1b,100
ON841510,HCV,1b,100
ON841516,HCV,1b,100
ON841515,HCV,1b,100
PX091936,HCV,3a,100
ON841517,HCV,3a,100
AB207797,HCV,1b,100
ON841521,HCV,3a,100
ON841512,HCV,1b,100
ON841520,HCV,3a,100
ON841519,HCV,3a,100
ON841523,HCV,3a,100
ON841522,HCV,3a,100
ON841514,HCV,1b,100
ON841524,HCV,3a,100
ON841527,HCV,3a,100
ON841528,HCV,3a,100
ON841513,HCV,1b,100
ON841531,HCV,3a,100
ON841526,HCV,3a,100
ON841532,HCV,3a,100
ON841530,HCV,3a,100
ON841573,HCV,1b,100
ON841511,HCV,1b,100
ON841574,HCV,1b,100
ON841571,HCV,1b,100
ON841575,HCV,1b,100
ON841576,HCV,3a,100
ON841533,HCV,3a,100
AF359352,HCV,1a,100
ON841572,HCV,1b,100
PX091934,HCV,2a,100
ON841582,HCV,3a,100
MG453151,HCV,1a,100
MG453132,HCV,1b,100
MG453154,HCV,1b,100
MG453145,HCV,1b,100
MG453163,HCV,6h,100
MG453220,HCV,4k,100
MN147530,HCV,1a,100
MN147491,HCV,1a,100
MN147492,HCV,1a,100
MN147493,HCV,1a,100
MN147664,HCV,1b,100
MN147618,HCV,1a,100
MN147627,HCV,3a,100
KT148813,HCV,1b,100
MN147727,HCV,1a,100
AY835053,HCV,1b,100
AY835025,HCV,1b,100
AY835029,HCV,1b,100
AY835028,HCV,1b,100
MN147738,HCV,3a,100
AY835054,HCV,1b,100
AY835052,HCV,1b,100
AY835060,HCV,1b,100
AY835065,HCV,1b,100
AY835064,HCV,1b,100
AY835067,HCV,1a,100
AY835066,HCV,1b,100
AY835061,HCV,1b,100
MH070068,HCV,1a,100
HM746871,HCV,1a,100
AB207775,HCV,1b,100
ON841577,HCV,1b,100
ON841580,HCV,3a,100
MG453470,HCV,2j,54
MG454220,HCV,4a,100
MG453231,HCV,1a,100
MG453229,HCV,1b,100
MG453230,HCV,2b,100
MG453228,HCV,2b,100
MG453227,HCV,2a,100
MG453235,HCV,1a,100
MG453233,HCV,2b,100
MG453242,HCV,2j,78
MG453240,HCV,4a,100
MG453238,HCV,4a,100
MG453241,HCV,1a,100
MG453236,HCV,5a,100
MG453243,HCV,1b,100
MG453234,HCV,1a,100
MG453244,HCV,2b,100
MG453250,HCV,4a,100
MG453249,HCV,1b,100
MG453257,HCV,5a,100
MG453248,HCV,1b,100
MG453246,HCV,1a,100
MG453247,HCV,4a,100
MG453245,HCV,4a,100
MG453253,HCV,5a,100
MG453252,HCV,1b,100
MG453251,HCV,1a,100
MG453226,HCV,2a,100
MG453258,HCV,1a,100
MG453262,HCV,1b,100
MG453263,HCV,1a,100
MG453260,HCV,1a,100
MG453255,HCV,1a,100
MG453239,HCV,2b,100
MG453259,HCV,1a,100
MG453261,HCV,1a,100
MG453265,HCV,1a,100
MG453264,HCV,4d,100
MG453269,HCV,2a,100
MG453254,HCV,1b,100
MG453266,HCV,1a,100
MG453256,HCV,2b,100
MG453237,HCV,5a,100
MG453270,HCV,1a,100
MG453278,HCV,1b,51
MG453272,HCV,5a,100
MG453274,HCV,4d,100
MG453280,HCV,1c,58
MG453277,HCV,1b,100
MG453275,HCV,2k,39
MG453267,HCV,1b,100
MG453268,HCV,1b,100
MG453276,HCV,1a,100
MG453281,HCV,4a,100
MG453273,HCV,5a,100
MG453285,HCV,2a,100
MG453283,HCV,5a,100
MG453284,HCV,4a,100
MG453286,HCV,1b,100
MG453287,HCV,1b,100
MG453290,HCV,1a,100
MG453295,HCV,2b,100
MG453291,HCV,1a,100
MG453271,HCV,1b,100
MG453294,HCV,1a,100
MG453282,HCV,2c,100
MG453288,HCV,2b,100
MG453289,HCV,4a,100
MG453293,HCV,1a,100
MG453297,HCV,4a,100
MG453301,HCV,1a,100
MG453303,HCV,1b,100
MG453302,HCV,4a,100
MG453304,HCV,1a,100
MG453299,HCV,4a,100
MG453296,HCV,1a,100
MG453300,HCV,4d,100
MG453292,HCV,6a,100
MG453306,HCV,6a,100
MG453298,HCV,1a,100
MG453310,HCV,2j,91
MG453307,HCV,1b,100
MG453315,HCV,1a,100
MG453312,HCV,1b,100
MG453311,HCV,5a,100
MG453316,HCV,1b,100
MG453314,HCV,2a,100
MG453317,HCV,2a,100
MG453320,HCV,1a,100
MG453313,HCV,1b,100
MG453321,HCV,1b,100
MG453324,HCV,1a,100
MG453322,HCV,1b,100
MG453323,HCV,1a,100
MG453326,HCV,1b,100
MG453327,HCV,2b,100
MG453309,HCV,1b,100
MG453329,HCV,1a,100
MG453325,HCV,4a,100
MG453318,HCV,5a,100
MG453319,HCV,1b,100
MG453328,HCV,1b,100
MG453330,HCV,2b,100
MG453332,HCV,6a,100
MG453333,HCV,2c,100
MG453335,HCV,1b,100
MG453331,HCV,6a,100
MG453338,HCV,1b,100
MG453337,HCV,2b,100
MG453347,HCV,6w,67
MG453334,HCV,6a,100
MG453342,HCV,1a,100
MG453308,HCV,5a,100
MG453305,HCV,4a,100
MG453339,HCV,2c,100
MG453341,HCV,2c,100
MG453343,HCV,1a,100
MG453348,HCV,1b,100
MG453349,HCV,1b,100
MG453345,HCV,1a,100
MG453340,HCV,1b,100
MG453350,HCV,2c,100
MG453344,HCV,1a,100
MG453353,HCV,1b,100
MG453356,HCV,1a,100
MG453352,HCV,5a,100
MG453365,HCV,6a,100
MG453357,HCV,4a,100
MG453336,HCV,2b,100
MG453351,HCV,1b,100
MG453355,HCV,2b,100
MG453346,HCV,2b,97
MG453363,HCV,1a,100
MG453358,HCV,1a,100
MG453368,HCV,2c,100
MG453359,HCV,1a,100
MG453367,HCV,4d,100
MG453369,HCV,1a,100
MG453362,HCV,1a,100
MG453361,HCV,2b,100
MG453378,HCV,5a,100
MG453372,HCV,1b,100
MG453360,HCV,1a,100
MG453370,HCV,4d,100
MG453364,HCV,6a,100
MG453366,HCV,6a,100
MG453380,HCV,1a,100
MG453375,HCV,1a,100
MG453379,HCV,1a,100
MG453376,HCV,1b,100
MG453383,HCV,5a,100
MG453374,HCV,4a,100
MG453386,HCV,2b,100
MG453381,HCV,1a,100
MG453373,HCV,1b,100
MG453354,HCV,2b,100
MG453385,HCV,2a,100
MG453396,HCV,2c,100
MG453395,HCV,4a,100
MG453384,HCV,2c,100
MG453387,HCV,2b,100
MG453391,HCV,1a,100
MG453394,HCV,4a,100
MG453402,HCV,2a,100
MG453392,HCV,1b,100
MG453388,HCV,2b,100
MG453393,HCV,1a,100
MG453405,HCV,1a,100
MG453404,HCV,2b,100
MG453408,HCV,4d,100
MG453403,HCV,1b,100
MG453406,HCV,1b,100
MG453412,HCV,1b,100
MG453398,HCV,1a,100
MG453409,HCV,1a,100
MG453407,HCV,1b,100
MG453413,HCV,1a,100
MG453420,HCV,1a,100
MG453414,HCV,4a,100
MG453425,HCV,1a,100
MG453424,HCV,1a,100
MG453419,HCV,1b,100
MG453428,HCV,2c,100
MG453418,HCV,1a,100
MG453432,HCV,1b,100
MG453415,HCV,5a,100
MG453433,HCV,1a,100
MG453431,HCV,2a,100
MG453434,HCV,1a,100
MG453429,HCV,6a,100
MG453435,HCV,2a,100
MG453438,HCV,4a,100
MG453422,HCV,1b,100
MG453437,HCV,4a,100
MG453439,HCV,1a,100
MG453410,HCV,1a,100
MG453447,HCV,6l,100
MG453446,HCV,1a,100
MG453452,HCV,4d,100
MG453445,HCV,4d,100
MG453458,HCV,1b,100
MG453460,HCV,4d,100
MG453453,HCV,4a,100
MG453459,HCV,1a,100
MG453454,HCV,1b,100
MG453465,HCV,5a,100
MG453464,HCV,1a,100
MG453463,HCV,5a,100
MG453467,HCV,1a,100
MG453468,HCV,1b,100
MG453462,HCV,5a,100
MG453479,HCV,1b,100
MG453476,HCV,1b,100
MG453480,HCV,1a,100
MG453474,HCV,1a,100
MG453486,HCV,4a,100
MG453482,HCV,2b,100
MG453483,HCV,1a,100
MG453478,HCV,4a,100
MG453490,HCV,4a,100
MG453481,HCV,6a,100
MG453494,HCV,1a,100
MG453503,HCV,4a,100
MG453502,HCV,1a,100
MG453501,HCV,2b,100
MG453491,HCV,1a,100
MG453515,HCV,4a,100
MG453512,HCV,1a,100
MG453523,HCV,2q,63
MG453505,HCV,5a,100
MG453509,HCV,1b,100
MG453534,HCV,1a,100
MG453536,HCV,1b,100
MG453516,HCV,6a,100
MG453531,HCV,1b,100
MG453535,HCV,4a,100
MG453539,HCV,4d,100
MG453541,HCV,4a,100
MG453540,HCV,1a,100
MG453538,HCV,1a,100
MG453546,HCV,1a,100
MG453529,HCV,2c,100
MG453542,HCV,1b,100
MG453549,HCV,6a,100
MG453554,HCV,1a,100
MG453547,HCV,1b,100
MG453551,HCV,4d,100
MG453571,HCV,2a,100
MG453560,HCV,4a,100
MG453574,HCV,6a,100
MG453576,HCV,5a,100
MG453563,HCV,2c,100
MG453581,HCV,4v,95
MG453591,HCV,1a,100
MG453582,HCV,5a,100
MG453588,HCV,5a,100
MG453602,HCV,6m,100
MG453595,HCV,6a,100
MG453601,HCV,4a,100
MG453599,HCV,1a,100
MG453609,HCV,2b,100
MG453606,HCV,2b,100
MG453605,HCV,2a,100
MG453615,HCV,2a,100
MG453608,HCV,2a,100
MG453600,HCV,4a,100
MG453603,HCV,6a,100
MG453611,HCV,2b,100
MG453620,HCV,2a,100
MG453616,HCV,2b,100
MG453621,HCV,2b,100
MG453625,HCV,2b,100
MG453619,HCV,2b,100
MG453631,HCV,2b,100
MG453632,HCV,2b,100
MG453636,HCV,2b,100
MG453633,HCV,2a,100
MG453617,HCV,2b,100
MG453640,HCV,2b,100
MG453641,HCV,2b,100
MG453637,HCV,2b,100
MG453643,HCV,2a,100
MG453647,HCV,2b,100
MG453646,HCV,2a,100
MG453653,HCV,2a,100
MG453656,HCV,2b,100
MG453629,HCV,2b,100
MG453651,HCV,2b,100
MG453665,HCV,2b,100
MG453659,HCV,2b,100
MG453655,HCV,2b,100
MG453657,HCV,1a,100
MG453671,HCV,2b,100
MG453667,HCV,2b,100
MG453675,HCV,2b,100
MG453670,HCV,2b,100
MG453683,HCV,2b,100
MG453649,HCV,2b,100
MG453680,HCV,2b,100
MG453684,HCV,2a,100
MG453687,HCV,2b,100
MG453690,HCV,2b,100
MG453688,HCV,2b,100
MG453673,HCV,2b,100
MG453696,HCV,2b,100
MG453691,HCV,2b,100
MG453698,HCV,2b,100
MG453699,HCV,2b,100
MG453701,HCV,2b,100
MG453678,HCV,2b,100
MG453705,HCV,2b,100
MG453706,HCV,2b,100
MG453693,HCV,2b,100
MG453712,HCV,2a,100
MG453702,HCV,2b,100
MG453704,HCV,2b,100
MG453717,HCV,2a,100
MG453715,HCV,2b,100
MG453718,HCV,2b,100
MG453722,HCV,2b,100
MG453727,HCV,2b,100
MG453730,HCV,2b,100
MG453726,HCV,2b,100
MG453735,HCV,2b,100
MG453720,HCV,2b,100
MG453737,HCV,2b,100
MG453738,HCV,3a,100
MG453733,HCV,2b,100
MG453743,HCV,3a,100
MG453740,HCV,3a,100
MG453736,HCV,2a,100
MG453723,HCV,2b,100
MG453745,HCV,3a,100
MG453732,HCV,2b,100
MG453753,HCV,3a,100
MG453767,HCV,3a,100
MG453768,HCV,3a,100
MG453762,HCV,3a,100
MG453761,HCV,3a,100
MG453760,HCV,3a,100
MG453773,HCV,3a,100
MG453775,HCV,3a,100
MG453774,HCV,3a,100
MG453776,HCV,3a,100
MG453777,HCV,3a,100
MG453779,HCV,3a,100
MG453766,HCV,3a,100
MG453755,HCV,3a,100
MG453788,HCV,3a,100
MG453780,HCV,3a,100
MG453792,HCV,3a,100
MG453783,HCV,3a,100
MG453796,HCV,3a,100
MG453801,HCV,3a,100
MG453786,HCV,3a,100
MG453793,HCV,3a,100
MG453805,HCV,3a,100
MG453785,HCV,3a,100
MG453806,HCV,3a,100
MG453818,HCV,3a,100
MG453798,HCV,3a,100
MG453794,HCV,3a,100
MG453821,HCV,3a,100
MG453822,HCV,3a,100
MG453827,HCV,3a,100
MG453832,HCV,3a,100
MG453817,HCV,3a,100
MG453834,HCV,3a,100
MG453838,HCV,3a,100
MG453836,HCV,3a,100
MG453833,HCV,3a,100
MG453843,HCV,3a,100
MG453841,HCV,3a,100
MG453835,HCV,3a,100
MG453849,HCV,3a,100
MG453848,HCV,3a,100
MG453851,HCV,3a,100
MG453839,HCV,3a,100
MG453844,HCV,3a,100
MG453829,HCV,3a,100
MG453850,HCV,3a,100
MG453859,HCV,3a,100
MG453860,HCV,3a,100
MG453847,HCV,3a,100
MG453863,HCV,3a,100
MG453864,HCV,3a,100
MG453855,HCV,3a,100
MG453861,HCV,3a,100
MG453870,HCV,3a,100
MG453873,HCV,3a,100
MG453867,HCV,3a,100
MG453876,HCV,3a,100
MG453880,HCV,3a,100
MG453879,HCV,3a,100
MG453868,HCV,3a,100
MG453885,HCV,3a,100
MG453886,HCV,3a,100
MG453871,HCV,3a,100
MG453888,HCV,3a,100
MG453877,HCV,3a,100
MG453889,HCV,3a,100
MG453893,HCV,3a,100
MG453884,HCV,3a,100
MG453901,HCV,3a,100
MG453900,HCV,3a,100
MG453898,HCV,3a,100
MG453905,HCV,3a,100
MG453906,HCV,3a,100
MG453881,HCV,3a,100
MG453913,HCV,3a,100
MG453912,HCV,3a,100
MG453915,HCV,3a,100
MG453914,HCV,3a,100
MG453907,HCV,3a,100
MG453910,HCV,3a,100
MG453918,HCV,3a,100
MG453903,HCV,3a,100
MG453919,HCV,3a,100
MG453922,HCV,3a,100
MG453917,HCV,3a,100
MG453920,HCV,3a,100
MG453935,HCV,3a,100
MG453927,HCV,3a,100
MG453943,HCV,3a,100
MG453945,HCV,3a,100
MG453941,HCV,3a,100
MG453944,HCV,3a,100
MG453946,HCV,3a,100
MG453940,HCV,3a,100
MG453947,HCV,3a,100
MG453949,HCV,3a,100
MG453959,HCV,3a,100
MG453958,HCV,3a,100
MG453951,HCV,3a,100
MG453952,HCV,3a,100
MG453960,HCV,3a,100
MG453965,HCV,3a,100
MG453942,HCV,3a,100
MG453972,HCV,3a,100
MG453956,HCV,3a,100
MG453971,HCV,3a,100
MG453966,HCV,3a,100
MG453974,HCV,3a,100
MG453964,HCV,3a,100
MG453975,HCV,3a,100
MG453970,HCV,3a,100
MG453969,HCV,3a,100
MG453984,HCV,3a,100
MG453977,HCV,3a,100
MG453981,HCV,3a,100
MG453986,HCV,3a,100
MG453990,HCV,3a,100
MG453992,HCV,3a,100
MG453993,HCV,3a,100
MG453983,HCV,3a,100
MG453999,HCV,3a,100
MG453996,HCV,3a,100
MG453989,HCV,3a,100
MG454004,HCV,3a,100
MG454006,HCV,3a,100
MG453985,HCV,3a,100
MG454002,HCV,3a,100
MG454005,HCV,3a,100
MG454016,HCV,3a,100
MG454007,HCV,3a,100
MG454014,HCV,3a,100
MG454021,HCV,3a,100
MG454024,HCV,2b,100
MG454013,HCV,3a,100
MG454025,HCV,1b,100
MG454018,HCV,3a,100
MG454030,HCV,1a,100
MG454010,HCV,3a,100
MG454032,HCV,1a,100
MG454029,HCV,4a,100
MG454033,HCV,1b,100
MG454034,HCV,1a,100
MG454035,HCV,1a,100
MG454026,HCV,1b,100
MG454041,HCV,3a,100
MG454015,HCV,3a,100
MG454043,HCV,1b,100
MG454038,HCV,1a,100
MG454045,HCV,1a,100
MG454036,HCV,1a,100
MG454049,HCV,1a,100
MG454054,HCV,1a,100
MG454051,HCV,1a,100
MG454053,HCV,2b,100
MG454057,HCV,1a,100
MG454040,HCV,1a,100
MG454058,HCV,1a,100
MG454062,HCV,1a,100
MG454060,HCV,1a,100
MG454061,HCV,1a,100
MG454069,HCV,1a,100
MG454066,HCV,4a,100
MG454063,HCV,1a,100
MG454076,HCV,3a,100
MG454071,HCV,4d,100
MG454073,HCV,1a,100
MG454080,HCV,3a,100
MG454081,HCV,2b,100
MG454082,HCV,3a,100
MG454088,HCV,1b,100
MG454087,HCV,1a,100
MG454072,HCV,1a,100
MG454095,HCV,1a,100
MG454093,HCV,1a,100
MG454101,HCV,2b,100
MG454096,HCV,3a,100
MG454104,HCV,1a,100
MG454107,HCV,1a,100
MG454091,HCV,1a,100
MG454106,HCV,1a,100
MG454111,HCV,1a,100
MG454110,HCV,1b,100
MG454103,HCV,1a,100
MG454114,HCV,1a,100
MG454113,HCV,3a,100
MG454124,HCV,1a,100
MG454117,HCV,3a,100
MG454122,HCV,1a,100
MG454115,HCV,1a,100
MG454127,HCV,1a,100
MG454128,HCV,1a,100
MG454118,HCV,1a,100
MG454137,HCV,1a,100
MG454131,HCV,1a,100
MG454133,HCV,1a,100
MG454136,HCV,1a,100
MG454144,HCV,1a,100
MG454143,HCV,2a,100
MG454145,HCV,1a,100
MG454146,HCV,1a,100
MG454152,HCV,1a,100
MG454150,HCV,2b,100
MG454139,HCV,1a,100
MG454141,HCV,1a,100
MG454158,HCV,1a,100
MG454159,HCV,1a,100
MG454157,HCV,1a,100
MG454161,HCV,1b,100
MG454168,HCV,1a,100
MG454173,HCV,2j,74
MG454169,HCV,4a,100
MG454170,HCV,1a,100
MG454162,HCV,2b,100
MG454175,HCV,1b,100
MG454148,HCV,1b,100
MG454180,HCV,6a,100
MG454179,HCV,4a,100
MG454183,HCV,1a,100
MG454187,HCV,1b,100
MG454186,HCV,1a,100
MG454191,HCV,1b,100
MG454185,HCV,1b,100
MG454194,HCV,2c,100
MG454195,HCV,1b,100
MG454206,HCV,1a,100
MG454205,HCV,1a,100
MG454202,HCV,1b,100
MG454208,HCV,1b,100
MG454213,HCV,2c,72
MG454219,HCV,1b,100
MG454218,HCV,1a,100
MG454207,HCV,2c,100
MG453377,HCV,4a,100
MG453371,HCV,1b,100
MG453390,HCV,1a,100
MG453416,HCV,1a,100
MG453417,HCV,1b,100
MG453421,HCV,2j,99
MG453426,HCV,1b,100
MG453448,HCV,1b,100
MG453430,HCV,1a,100
MG453456,HCV,4b,67
MG453496,HCV,2a,100
MG453489,HCV,2b,100
MG453504,HCV,5a,100
MG453499,HCV,4a,100
MG453517,HCV,4a,100
MG453506,HCV,1a,100
MG453526,HCV,1a,100
MG453223,HCV,1b,100
MG453224,HCV,1a,100
MG453225,HCV,1a,100
MG453401,HCV,2a,100
MG453389,HCV,4a,100
MG453411,HCV,1a,100
MG453400,HCV,2a,94
MG453279,HCV,1c,65
MG453461,HCV,6e,100
MG453511,HCV,2i,86
MG453514,HCV,5a,100
MG453570,HCV,1b,100
MG453575,HCV,5a,100
MG453577,HCV,5a,100
MG453586,HCV,6a,100
MG454176,HCV,4r,100
MG453397,HCV,2a,100
MG453382,HCV,1a,100
MG453399,HCV,1b,100
MG453423,HCV,4d,100
MG453441,HCV,4a,100
MG453427,HCV,2b,100
MG453443,HCV,1a,100
MG453436,HCV,4d,100
MG453449,HCV,5a,100
MG453444,HCV,1a,100
MG453451,HCV,1a,100
MG453440,HCV,1b,100
MG453442,HCV,2a,100
MG453450,HCV,4d,100
MG453457,HCV,1a,100
MG453469,HCV,4d,100
MG453471,HCV,1a,100
MG453473,HCV,1a,100
MG453466,HCV,2b,100
MG453475,HCV,4d,100
MG453455,HCV,1a,100
MG453484,HCV,1b,100
MG453485,HCV,4a,100
MG453477,HCV,5a,100
MG453498,HCV,1a,100
MG453492,HCV,1a,100
MG453487,HCV,1b,100
MG453493,HCV,1a,100
MG453488,HCV,6a,100
MG453500,HCV,1b,100
MG453507,HCV,4a,100
MG453510,HCV,5a,100
MG453513,HCV,1a,100
MG453519,HCV,1a,100
MG453520,HCV,1b,100
MG453495,HCV,4a,100
MG453522,HCV,4t,100
MG453532,HCV,4d,100
MG453521,HCV,4d,100
MG453533,HCV,5a,100
MG453527,HCV,4a,100
MG453530,HCV,4a,100
MG453545,HCV,5a,100
MG453543,HCV,1a,100
MG453537,HCV,1b,100
MG453561,HCV,1b,100
MG453553,HCV,1a,100
MG453555,HCV,6a,100
MG453557,HCV,1b,100
MG453548,HCV,1a,100
MG453559,HCV,4d,100
MG453564,HCV,4a,100
MG453567,HCV,1a,100
MG453572,HCV,1a,100
MG453573,HCV,4a,100
MG453583,HCV,1a,100
MG453580,HCV,2a,100
MG453585,HCV,1a,100
MG453589,HCV,5a,100
MG453569,HCV,1a,100
MG453578,HCV,4a,100
MG453593,HCV,4a,100
MG453592,HCV,6a,100
MG453594,HCV,4a,100
MG453562,HCV,1b,100
MG453596,HCV,5a,100
MG453607,HCV,2b,100
MG453610,HCV,2b,100
MG453613,HCV,2b,100
MG453612,HCV,2b,100
MG453614,HCV,2a,100
MG453624,HCV,2a,94
MG453598,HCV,1a,100
MG453623,HCV,2b,100
MG453626,HCV,2b,100
MG453622,HCV,2b,100
MG453628,HCV,2b,100
MG453618,HCV,2b,100
MG453634,HCV,2b,100
MG453638,HCV,2b,100
MG453639,HCV,2b,100
MG453627,HCV,2b,100
MG453642,HCV,2b,100
MG453635,HCV,2a,100
MG453645,HCV,2a,100
MG453644,HCV,2c,100
MG453648,HCV,2b,100
MG453650,HCV,2a,100
MG453652,HCV,2a,100
MG453658,HCV,2a,100
MG453662,HCV,2b,100
MG453661,HCV,2b,100
MG453654,HCV,2b,100
MG453660,HCV,2b,100
MG453666,HCV,2b,100
MG453668,HCV,2b,100
MG453676,HCV,2b,100
MG453677,HCV,2b,100
MG453681,HCV,2b,100
MG453679,HCV,2a,100
MG453682,HCV,2b,100
MG453685,HCV,2b,100
MG453689,HCV,2b,100
MG453672,HCV,2b,100
MG453692,HCV,2b,100
MG453686,HCV,2b,100
MG453695,HCV,2b,100
MG453697,HCV,2b,100
MG453700,HCV,2a,100
MG453694,HCV,2a,100
MG453709,HCV,2b,100
MG453710,HCV,2b,100
MG453711,HCV,2b,100
MG453713,HCV,2b,100
MG453716,HCV,2b,100
MG453708,HCV,2b,100
MG453721,HCV,2a,100
MG453729,HCV,2b,100
MG453725,HCV,2b,100
MG453728,HCV,2b,100
MG453724,HCV,2b,100
MG453734,HCV,2a,100
MG453731,HCV,2b,100
MG453714,HCV,2b,100
MG453744,HCV,3a,100
MG453750,HCV,3a,100
MG453748,HCV,3a,100
MG453746,HCV,3a,100
MG453742,HCV,3a,100
MG453747,HCV,3a,100
MG453757,HCV,3a,100
MG453752,HCV,3a,100
MG453763,HCV,3a,100
MG453758,HCV,3a,100
MG453765,HCV,3a,100
MG453764,HCV,3a,100
MG453770,HCV,3a,100
MG453771,HCV,3a,100
MG453772,HCV,3a,100
MG453778,HCV,3a,100
MG453754,HCV,3a,100
MG453781,HCV,3a,100
MG453782,HCV,3a,100
MG453784,HCV,3a,100
MG453787,HCV,3a,100
MG453789,HCV,3a,100
MG453790,HCV,3a,100
MG453791,HCV,3a,100
MG453802,HCV,3a,100
MG453795,HCV,3a,100
MG453803,HCV,3a,100
MG453804,HCV,3a,100
MG453807,HCV,3a,100
MG453811,HCV,3a,100
MG453813,HCV,3a,100
MG453812,HCV,3a,100
MG453815,HCV,3a,100
MG453824,HCV,3a,100
MG453825,HCV,3a,100
MG453816,HCV,3a,100
MG453814,HCV,3a,100
MG453820,HCV,3a,100
MG453823,HCV,3a,100
MG453826,HCV,3a,100
MG453830,HCV,3a,100
MG453831,HCV,3a,100
MG453828,HCV,3a,100
MG453840,HCV,3a,100
MG453837,HCV,3a,100
MG453845,HCV,3a,100
MG453852,HCV,3a,100
MG453853,HCV,3a,100
MG453856,HCV,3a,100
MG453846,HCV,3a,100
MG453858,HCV,3a,100
MG453857,HCV,3a,100
MG453862,HCV,3a,100
MG453866,HCV,3a,100
MG453869,HCV,3a,100
MG453872,HCV,3a,100
MG453883,HCV,3a,100
MG453875,HCV,3a,100
MG453887,HCV,3a,100
MG453874,HCV,3a,100
MG453890,HCV,3a,100
MG453894,HCV,3a,100
MG453895,HCV,3a,100
MG453896,HCV,3a,100
MG453897,HCV,3a,100
MG453899,HCV,3a,100
MG453902,HCV,3a,100
MG453904,HCV,3a,100
MG453891,HCV,3a,100
MG453908,HCV,3a,100
MG453916,HCV,3a,100
MG453911,HCV,3a,100
MG453892,HCV,3a,100
MG453909,HCV,3a,100
MG453923,HCV,3a,100
MG453921,HCV,3a,100
MG453924,HCV,3a,100
MG453931,HCV,3a,100
MG453933,HCV,3a,100
MG453936,HCV,3a,100
MG453925,HCV,3a,100
MG453928,HCV,3a,100
MG453932,HCV,3a,100
MG453929,HCV,3a,100
MG453930,HCV,3a,100
MG453948,HCV,3a,100
MG453955,HCV,3a,100
MG453950,HCV,3a,100
MG453954,HCV,3a,100
MG453957,HCV,3a,100
MG453961,HCV,3a,100
MG453963,HCV,3a,100
MG453962,HCV,3a,100
MG453968,HCV,3a,100
MG453967,HCV,3a,100
MG453953,HCV,3a,100
MG453926,HCV,3a,100
MG453978,HCV,3a,100
MG453973,HCV,3b,100
MG453976,HCV,3a,100
MG453980,HCV,3a,100
MG453987,HCV,3a,100
MG453988,HCV,3a,100
MG453991,HCV,3a,100
MG453979,HCV,3a,100
MG453982,HCV,3a,100
MG454001,HCV,3a,100
MG454000,HCV,3a,100
MG453998,HCV,3a,100
MG453995,HCV,3a,100
MG453994,HCV,3a,100
MG454003,HCV,3a,100
MG453997,HCV,3a,100
MG454011,HCV,3a,100
MG454012,HCV,3a,100
MG454008,HCV,3b,100
MG454009,HCV,3a,100
MG454017,HCV,3a,100
MG454023,HCV,2a,100
MG454019,HCV,3a,100
MG454028,HCV,2b,100
MG454027,HCV,1a,100
MG454020,HCV,3a,100
MG454031,HCV,1a,100
MG454039,HCV,2a,100
MG454046,HCV,1b,100
MG454047,HCV,1b,100
MG454037,HCV,1a,100
MG454052,HCV,1a,100
MG454055,HCV,1a,100
MG454044,HCV,1a,100
MG454056,HCV,1a,100
MG454050,HCV,4d,100
MG454048,HCV,3a,100
MG454042,HCV,3a,100
MG454059,HCV,1a,100
MG454064,HCV,1a,100
MG454067,HCV,4a,100
MG454075,HCV,1a,100
MG454070,HCV,1a,100
MG454074,HCV,1a,100
MG454078,HCV,1a,100
MG454077,HCV,1a,100
MG454079,HCV,3a,100
MG454083,HCV,1a,100
MG454084,HCV,1a,100
MG454086,HCV,1a,100
MG454068,HCV,1a,100
MG454090,HCV,1a,100
MG454094,HCV,1a,100
MG454092,HCV,1a,100
MG454085,HCV,2b,100
MG454097,HCV,1a,100
MG454089,HCV,1a,100
MG454065,HCV,1a,100
MG454100,HCV,1a,100
MG454109,HCV,1a,100
MG454108,HCV,1a,100
MG454105,HCV,3a,100
MG454098,HCV,1b,100
MG454112,HCV,1a,100
MG454099,HCV,1a,100
MG454102,HCV,2b,100
MG454116,HCV,1a,100
MG454119,HCV,1a,100
MG454121,HCV,2b,100
MG454123,HCV,2b,100
MG454126,HCV,1a,100
MG454125,HCV,1b,100
MG454130,HCV,1a,100
MG454129,HCV,1a,100
MG454132,HCV,1a,100
MG454138,HCV,1a,100
MG454140,HCV,4a,100
MG454142,HCV,1b,100
MG454147,HCV,2b,100
MG454120,HCV,1a,100
MG454151,HCV,1a,100
MG454134,HCV,1a,100
MG454149,HCV,1a,100
MG454153,HCV,1b,100
MG454154,HCV,4d,100
MG454155,HCV,1b,100
MG454160,HCV,1a,100
MG454164,HCV,4d,100
MG454171,HCV,2b,100
MG454166,HCV,1a,100
MG454167,HCV,2a,100
MG454165,HCV,6a,100
MG454172,HCV,1a,100
MG454163,HCV,2q,57
MG454174,HCV,1b,100
MG454156,HCV,1a,100
MG454178,HCV,1a,100
MG454181,HCV,6a,100
MG454184,HCV,1a,100
MG454177,HCV,1a,100
MG454188,HCV,1a,100
MG454189,HCV,4a,100
MG454192,HCV,4d,100
MG454190,HCV,4d,100
MG454199,HCV,1a,100
MG454197,HCV,2b,100
MG454203,HCV,4a,100
MG454182,HCV,4a,100
MG454200,HCV,1b,100
MG454193,HCV,1a,100
MG454204,HCV,1a,100
MG454210,HCV,4a,100
MG454209,HCV,1a,100
MG454201,HCV,1a,100
MG454198,HCV,1a,100
MG454214,HCV,4k,100
MG454217,HCV,1b,100
MG454215,HCV,4d,100
MG454211,HCV,2b,100
MG453518,HCV,4d,100
MG453524,HCV,4a,100
MG453508,HCV,4a,100
MG453497,HCV,2b,100
MG453525,HCV,1b,100
MG453528,HCV,1b,100
MG453550,HCV,4a,100
MG453544,HCV,4a,100
MG453552,HCV,4a,100
MG453558,HCV,5a,100
MG453556,HCV,4a,100
MG453565,HCV,2a,100
MG453579,HCV,4f,100
MG453584,HCV,1a,100
MG453587,HCV,1b,100
MG453604,HCV,4a,100
MG453663,HCV,2b,100
MG453630,HCV,2b,100
MG453664,HCV,2b,100
MG453669,HCV,2b,100
MG453674,HCV,2b,100
MG453703,HCV,2b,100
MG453719,HCV,2b,100
MG453707,HCV,2b,100
MG453749,HCV,3a,100
MG453741,HCV,3a,100
MG453739,HCV,3a,100
MG453751,HCV,3a,100
MG453756,HCV,3a,100
MG453759,HCV,3a,100
MG453799,HCV,3a,100
MG453808,HCV,3a,100
MG453800,HCV,3a,100
MG453819,HCV,3a,100
MG453810,HCV,3a,100
MG453809,HCV,3a,100
MG453842,HCV,3a,100
MG453854,HCV,3a,100
MG453878,HCV,3a,100
MG453865,HCV,3a,100
MG453882,HCV,3a,100
MG453938,HCV,3a,100
MG453937,HCV,3a,100
MG453939,HCV,3a,100
MG454022,HCV,1b,100
MG454221,HCV,1b,100
MG454212,HCV,2b,100
MG454216,HCV,4b,100
MG454222,HCV,4d,100
MG453232,HCV,1c,67
MG453566,HCV,1b,100
MG453568,HCV,6l,100
MG453590,HCV,2c,100
MG453597,HCV,4a,100
MG453769,HCV,3a,100
MG453797,HCV,3a,100
MG453934,HCV,3k,100
MG454135,HCV,1a,100
MG454196,HCV,6l,100
MG453472,HCV,2c,100
MG454256,HCV,3a,100
MG454264,HCV,1a,100
MG454261,HCV,2b,100
MG454263,HCV,4a,100
MG454262,HCV,2a,100
MG454266,HCV,1a,100
MG454246,HCV,1a,100
MG454265,HCV,2a,96
MG454269,HCV,1a,100
MG454267,HCV,3a,100
MG454272,HCV,1a,100
MG454274,HCV,1a,100
MG454248,HCV,2a,100
MG454275,HCV,1a,100
MG454273,HCV,3a,100
MG454276,HCV,3a,100
MG454277,HCV,2b,100
MG454278,HCV,1a,100
MG454279,HCV,4a,100
MG454268,HCV,4a,100
MG454281,HCV,3a,100
MG454283,HCV,1a,100
MG454285,HCV,1a,100
MG454280,HCV,1a,100
MG454270,HCV,1a,100
MG454287,HCV,2b,100
MG454290,HCV,1a,100
MG454282,HCV,3a,100
MG454291,HCV,1a,100
MG454284,HCV,6a,100
MG454294,HCV,1a,100
MG454292,HCV,1a,100
MG454289,HCV,3a,100
MG454293,HCV,3a,100
MG454271,HCV,2b,100
MG454295,HCV,1a,100
MG454298,HCV,3a,100
MG454286,HCV,1b,100
MG454288,HCV,1b,100
MG454296,HCV,1b,100
MG454300,HCV,1a,100
MG454305,HCV,1a,100
MG454304,HCV,1b,100
MG454299,HCV,2b,100
MG454297,HCV,2b,100
MG454307,HCV,3a,100
MG454309,HCV,1b,100
MG454312,HCV,1a,100
MG454303,HCV,1a,100
MG454315,HCV,3a,100
MG454301,HCV,4a,100
MG454310,HCV,3a,100
MG454313,HCV,3a,100
MG454311,HCV,4a,100
MG454306,HCV,2a,100
MG454308,HCV,3a,100
MG454317,HCV,1b,100
MG454302,HCV,3a,100
MG454318,HCV,4a,100
MG454319,HCV,1a,100
MG454322,HCV,1b,100
MG454316,HCV,1a,100
MG454321,HCV,2b,100
MG454325,HCV,2b,100
MG454320,HCV,1a,100
MG454326,HCV,1b,100
MG454314,HCV,1a,100
MG454324,HCV,3a,100
MG454331,HCV,1a,100
MG454330,HCV,3a,100
MG454327,HCV,4a,100
MG454332,HCV,3a,100
MG454334,HCV,4a,100
MG454333,HCV,1b,100
MG454328,HCV,3a,100
MG454335,HCV,1a,100
MG454338,HCV,2a,100
MG454337,HCV,4a,100
MG454329,HCV,4a,100
MG454341,HCV,1a,100
MG454339,HCV,1b,100
MG454336,HCV,2b,100
MG454323,HCV,1a,100
MG454344,HCV,1a,100
MG454342,HCV,3a,100
MG454346,HCV,2b,100
MG454345,HCV,3a,100
MG454354,HCV,2b,100
MG454350,HCV,1a,100
MG454347,HCV,2b,100
MG454348,HCV,1a,100
MG454353,HCV,4a,100
MG454356,HCV,1a,100
MG454340,HCV,2b,100
MG454349,HCV,1b,100
MG454357,HCV,1a,100
MG454343,HCV,3a,100
MG454355,HCV,2b,100
MG454352,HCV,3a,100
MG454351,HCV,1a,100
MG454365,HCV,2a,100
MG454363,HCV,2b,100
MG454362,HCV,3a,100
MG454367,HCV,1a,100
MG454359,HCV,1a,100
MG454370,HCV,1a,100
MG454372,HCV,1a,100
MG454369,HCV,3a,100
MG454371,HCV,1b,100
MG454366,HCV,1a,100
MG454360,HCV,2b,100
MG454364,HCV,2b,100
MG454361,HCV,2a,100
MG454368,HCV,3a,100
MG454378,HCV,1a,100
MG454375,HCV,1a,100
MG454374,HCV,4d,100
MG454373,HCV,1a,100
MG454377,HCV,1a,100
MG454376,HCV,1a,100
MG454381,HCV,1b,100
MG454382,HCV,1b,100
MG454379,HCV,2a,100
MG454387,HCV,1b,100
MG454388,HCV,2b,100
MG454393,HCV,1a,100
MG454358,HCV,1a,100
MG454389,HCV,4a,100
MG454384,HCV,3a,100
MG454385,HCV,1b,100
MG454391,HCV,3a,100
MG454397,HCV,3a,100
MG454395,HCV,4a,100
MG454400,HCV,4a,100
MG454392,HCV,1a,100
MG454401,HCV,1a,100
MG454390,HCV,1a,100
MG454405,HCV,1a,100
MG454408,HCV,1a,100
MG454404,HCV,1b,100
MG454413,HCV,1a,100
MG454399,HCV,3a,100
MG454410,HCV,1a,100
MG454409,HCV,2b,100
MG454406,HCV,1a,100
MG454394,HCV,1b,100
MG454415,HCV,1a,100
MG454417,HCV,1a,100
MG454403,HCV,3a,100
MG454407,HCV,1a,100
MG454411,HCV,1a,100
MG454412,HCV,4a,100
MG454418,HCV,3b,100
MG454419,HCV,4a,100
MG454420,HCV,2a,100
MG454414,HCV,1a,100
MG454423,HCV,1a,100
MG454426,HCV,1b,100
MG454427,HCV,3a,100
MG454421,HCV,2a,100
MG454429,HCV,1a,100
MG454422,HCV,1b,100
MG454430,HCV,1a,100
MG454431,HCV,3a,100
MG454416,HCV,3a,100
MG454432,HCV,1a,100
MG454435,HCV,3a,100
MG454436,HCV,1a,100
MG454428,HCV,6a,100
MG454438,HCV,3a,100
MG454443,HCV,4o,77
MG454445,HCV,2a,86
MG454442,HCV,1a,100
MG454446,HCV,1a,100
MG454434,HCV,1a,100
MG454447,HCV,1a,100
MG454433,HCV,3a,100
MG454444,HCV,1a,100
MG454456,HCV,6e,100
MG454425,HCV,1a,100
MG454440,HCV,3a,100
MG454449,HCV,1a,100
MG454441,HCV,1a,100
MG454439,HCV,1b,100
MG454450,HCV,1a,100
MG454453,HCV,2b,100
MG454448,HCV,1a,100
MG454452,HCV,1a,100
MG454455,HCV,2b,100
MG454460,HCV,1a,100
MG454457,HCV,3a,100
MG454459,HCV,1b,100
MG454451,HCV,4a,100
MG454463,HCV,1a,100
MG454461,HCV,1a,100
MG454424,HCV,3a,100
MG454464,HCV,1a,100
MG454462,HCV,4a,100
MG454454,HCV,2b,100
MG454468,HCV,1a,100
MG454458,HCV,1a,100
MG454469,HCV,1a,100
MG454471,HCV,1b,100
MG454466,HCV,1a,100
MG454472,HCV,4k,100
MG454465,HCV,1a,100
MG454473,HCV,1a,100
MG454482,HCV,4a,100
MG454474,HCV,3a,100
MG454480,HCV,1a,100
MG454484,HCV,1b,100
MG454477,HCV,2b,100
MG454485,HCV,1a,100
MG454479,HCV,3a,100
MG454483,HCV,4d,100
MG454486,HCV,3a,100
MG454470,HCV,1b,100
MG454487,HCV,4a,100
MG454475,HCV,1a,100
MG454489,HCV,1a,100
MG454476,HCV,2b,100
MG454488,HCV,3a,100
MG454491,HCV,6a,100
MG454481,HCV,4a,100
MG454492,HCV,1a,100
MG454478,HCV,1a,100
MG454496,HCV,1b,100
MG454497,HCV,3a,100
MG454493,HCV,1b,100
MG454499,HCV,2b,100
MG454502,HCV,1a,100
MG454494,HCV,1b,100
MG454498,HCV,3a,100
MG454507,HCV,1a,100
MG454495,HCV,4d,100
MG454509,HCV,3a,100
MG454506,HCV,3a,100
MG454490,HCV,1b,100
MG454510,HCV,6a,100
MG454500,HCV,3a,100
MG454505,HCV,4k,100
MG454501,HCV,4k,100
MG454512,HCV,1a,100
MG454513,HCV,1b,100
MG454514,HCV,3a,100
MG454519,HCV,1a,100
MG454521,HCV,1a,100
MG454508,HCV,1a,100
MG454504,HCV,1b,100
MG454516,HCV,1b,100
MG454526,HCV,4v,100
MG454525,HCV,1b,100
MG454523,HCV,1a,100
MG454520,HCV,1a,100
MG454518,HCV,4d,100
MG454522,HCV,3a,100
MG454515,HCV,1a,100
MG454528,HCV,1a,100
MG454530,HCV,1a,100
MG454524,HCV,1b,100
MG454531,HCV,3a,100
MG454511,HCV,1b,100
MG454532,HCV,4a,100
MG454534,HCV,3g,100
MG454517,HCV,1h,100
MG454536,HCV,2a,100
MG454529,HCV,2a,100
MG454540,HCV,4k,100
MG454533,HCV,2b,100
MG454544,HCV,1b,100
MG454543,HCV,1a,100
MG454527,HCV,1b,100
MG454548,HCV,1a,100
MG454539,HCV,3a,100
MG454537,HCV,1b,100
MG454535,HCV,1b,100
MG454538,HCV,3a,100
MG454541,HCV,1b,100
MG454549,HCV,4v,100
MG454555,HCV,3a,100
MG454552,HCV,1a,100
MG454547,HCV,1a,100
MG454556,HCV,3a,100
MG454558,HCV,1a,100
MG454560,HCV,2b,100
MG454545,HCV,1a,100
MG454554,HCV,1a,100
MG454546,HCV,1a,100
MG454553,HCV,3a,100
MG454563,HCV,3a,100
MG454567,HCV,1a,100
MG454542,HCV,4a,100
MG454565,HCV,1a,100
MG454559,HCV,3a,100
MG454566,HCV,4a,100
MG454561,HCV,1a,100
MG454570,HCV,1a,100
MG454557,HCV,1b,100
MG454573,HCV,4a,76
MG454562,HCV,1a,100
MG454575,HCV,3a,100
MG454577,HCV,1b,100
MG454580,HCV,1b,100
MG454583,HCV,3a,100
MG454572,HCV,1a,100
MG454584,HCV,3a,100
MG454579,HCV,1a,100
MG454574,HCV,4d,100
MG454571,HCV,3a,100
MG454581,HCV,1b,100
MG454578,HCV,1b,100
MG454586,HCV,1a,100
MG454576,HCV,4a,100
MG454587,HCV,1a,100
MG454590,HCV,1a,100
MG454564,HCV,2b,100
MG454589,HCV,3a,100
MG454582,HCV,4f,100
MG454588,HCV,1a,100
MG454595,HCV,1b,100
MG454585,HCV,3a,100
MG454598,HCV,4a,100
MG454596,HCV,3a,100
MG454592,HCV,3a,100
MG454591,HCV,1b,100
MG454601,HCV,2b,100
MG454602,HCV,1a,100
MG454599,HCV,1a,100
MG454603,HCV,4a,100
MG454604,HCV,4a,100
MG454606,HCV,1a,100
MG454600,HCV,3a,100
MG454593,HCV,4a,100
MG454618,HCV,6e,100
MG454608,HCV,1b,100
MG454594,HCV,3a,100
MG454612,HCV,3a,100
MG454597,HCV,4a,55
MG454611,HCV,1b,100
MG454616,HCV,1b,100
MG454615,HCV,1a,100
MG454614,HCV,2b,100
MG454617,HCV,1b,100
MG454610,HCV,1b,100
MG454613,HCV,1a,100
MG454620,HCV,1a,100
MG454625,HCV,3a,100
MG454621,HCV,4a,100
MG454623,HCV,4d,100
MG454609,HCV,1a,100
MG454622,HCV,1a,100
MG454626,HCV,3a,100
MG454607,HCV,4a,100
MG454629,HCV,4d,100
MG454624,HCV,1a,100
MG454635,HCV,1a,100
MG454632,HCV,4a,100
MG454634,HCV,4d,100
MG454636,HCV,1a,100
MG454633,HCV,1a,100
MG454639,HCV,1a,100
MG454638,HCV,1b,100
MG454640,HCV,1a,100
MG454637,HCV,3a,100
MG454644,HCV,1a,100
MG454643,HCV,1a,100
MG454628,HCV,2d,100
MG454645,HCV,2k,100
MG454647,HCV,2b,100
MG454648,HCV,4a,100
MG454651,HCV,3a,100
MG454649,HCV,1a,100
MG454650,HCV,2a,84
MG454653,HCV,3a,100
MG454630,HCV,4k,100
MG454646,HCV,1a,100
MG454642,HCV,1a,100
MG454655,HCV,1a,100
MG454654,HCV,2b,100
MG454658,HCV,1a,100
MG454657,HCV,1a,100
MG454652,HCV,4d,100
MG454662,HCV,4a,100
MG454664,HCV,1b,100
MG454663,HCV,1a,100
MG454660,HCV,1b,100
MG454670,HCV,3a,100
MG454659,HCV,3a,100
MG454668,HCV,3a,100
MG454669,HCV,3a,100
MG454667,HCV,3a,100
MG454671,HCV,3a,100
MG454656,HCV,1b,100
MG454674,HCV,3a,100
MG454673,HCV,3a,100
MG454661,HCV,2b,100
MG454675,HCV,3a,100
MG454676,HCV,3a,100
MG454665,HCV,3a,100
MG454678,HCV,3a,100
MG454679,HCV,3a,100
MG454680,HCV,3a,100
MG454641,HCV,1a,100
MG454684,HCV,3a,100
MG454682,HCV,3a,100
MG454677,HCV,3a,100
MG454681,HCV,3a,100
MG454683,HCV,3a,100
MG454693,HCV,3a,100
MG454685,HCV,3a,100
MG454666,HCV,3a,100
MG454687,HCV,3a,100
MG454688,HCV,3a,100
MG454690,HCV,3a,100
MG454694,HCV,3a,100
MG454691,HCV,3a,100
MG454697,HCV,3a,100
MG454692,HCV,3a,100
MG454696,HCV,3a,100
MG454699,HCV,3a,100
MG454695,HCV,3a,100
MG454704,HCV,3a,100
MG454700,HCV,3a,100
MG454701,HCV,3a,100
MG454686,HCV,3a,100
MG454698,HCV,3a,100
MG454706,HCV,3a,100
MG454707,HCV,3a,100
MG454708,HCV,3a,100
MG454709,HCV,3a,100
MG454705,HCV,3a,100
MG454672,HCV,3a,100
MG454710,HCV,3a,100
MG454702,HCV,3a,100
MG454689,HCV,3a,100
MG454712,HCV,3a,100
MG454703,HCV,3a,100
MG454713,HCV,3a,100
MG454726,HCV,3a,100
MG454711,HCV,3a,100
MG454720,HCV,3a,100
MG454721,HCV,3a,100
MG454722,HCV,3a,100
MG454717,HCV,3a,100
MG454723,HCV,3a,100
MG454718,HCV,3a,100
MG454724,HCV,3a,100
MG454714,HCV,3a,100
MG454730,HCV,3a,100
MG454716,HCV,3a,100
MG454737,HCV,3a,100
MG454735,HCV,3a,100
MG454734,HCV,3a,100
MG454731,HCV,3a,100
MG454733,HCV,3a,100
MG454732,HCV,3a,100
MG454725,HCV,3a,100
MG454738,HCV,3a,100
MG454729,HCV,3a,100
MG454728,HCV,3a,100
MG454739,HCV,3a,100
MG454748,HCV,3g,100
MG454715,HCV,3a,100
MG454727,HCV,3a,100
MG454746,HCV,3a,100
MG454751,HCV,3a,100
MG454745,HCV,3a,100
MG454743,HCV,3a,100
MG454756,HCV,3a,100
MG454749,HCV,3a,100
MG454742,HCV,3a,100
MG454752,HCV,3a,100
MG454753,HCV,3a,100
MG454755,HCV,3a,100
MG454740,HCV,3a,100
MG454741,HCV,3a,100
MG454754,HCV,3a,100
MG454747,HCV,3a,100
MG454758,HCV,3a,100
MG454763,HCV,3a,100
MG454760,HCV,3a,100
MG454762,HCV,3a,100
MG454766,HCV,3a,100
MG454761,HCV,3a,100
MG454744,HCV,3a,100
MG454757,HCV,3a,100
MG454768,HCV,3a,100
MG454770,HCV,3a,100
MG454750,HCV,3a,100
MG454772,HCV,3a,100
MG454773,HCV,4a,100
MG454776,HCV,6q,100
MG454777,HCV,4a,100
MG454774,HCV,4a,100
MG454778,HCV,1a,100
MG454769,HCV,3a,100
MG454779,HCV,4a,100
MG454764,HCV,3a,100
MG454780,HCV,4o,100
MG454771,HCV,3a,100
MG454783,HCV,4a,100
MG454785,HCV,1b,100
MG454790,HCV,1a,100
MG454786,HCV,2b,100
MG454793,HCV,1a,100
MG454781,HCV,4a,100
MG454795,HCV,1b,100
MG454798,HCV,1a,100
MG454784,HCV,1a,100
MG454794,HCV,1b,100
MG454797,HCV,1a,100
MG454800,HCV,1a,100
MG454801,HCV,1a,100
MG454796,HCV,1a,100
MG454805,HCV,6a,100
MG454767,HCV,3a,100
MG454799,HCV,1a,100
MG454804,HCV,1a,100
MG454792,HCV,1a,100
MG454802,HCV,1a,100
MG454806,HCV,1a,100
MG454808,HCV,1a,100
MG454812,HCV,1b,100
MG454814,HCV,1a,100
MG454788,HCV,1b,100
MG454811,HCV,1a,100
MG454803,HCV,1a,100
MG454813,HCV,1a,100
MG454817,HCV,1a,100
MG454815,HCV,1a,100
MG454818,HCV,1a,100
MG454809,HCV,1a,100
MG454819,HCV,1a,100
MG454820,HCV,1a,100
MG454810,HCV,1a,100
MG454824,HCV,1a,100
MG454807,HCV,1a,100
MG454827,HCV,2b,100
MG454825,HCV,1a,100
MG454833,HCV,1a,100
MG454822,HCV,1b,100
MG454828,HCV,1a,100
MG454823,HCV,2b,100
MG454821,HCV,4o,100
MG454826,HCV,1a,100
MG454816,HCV,1b,100
MG454830,HCV,1b,100
MG454831,HCV,1b,100
MG454834,HCV,1a,100
MG454836,HCV,1b,100
MG454837,HCV,1b,100
MG454835,HCV,1a,100
MG454832,HCV,1a,100
MG454842,HCV,1a,100
MG454838,HCV,2b,100
MG454840,HCV,1a,100
MG454839,HCV,2a,100
MG454844,HCV,1a,100
MG454849,HCV,1a,100
MG454847,HCV,1b,100
MG454848,HCV,2b,100
MG454851,HCV,2b,100
MG454850,HCV,4a,100
MG454841,HCV,1b,100
MG454846,HCV,1a,100
MG454853,HCV,1a,100
MG454857,HCV,1b,100
MG454856,HCV,1a,100
MG454855,HCV,1a,100
MG454859,HCV,1a,100
MG454845,HCV,1a,100
MG454852,HCV,1a,100
MG454854,HCV,1a,100
MG454862,HCV,1b,100
MG454829,HCV,1a,100
MG454843,HCV,1a,100
MG454861,HCV,1b,100
MG454858,HCV,1a,100
MG454865,HCV,1b,100
MG454863,HCV,2c,100
MG454874,HCV,6e,100
MG454860,HCV,1b,100
MG454876,HCV,1a,100
MG454871,HCV,4d,100
MG454867,HCV,2b,100
MG454868,HCV,1a,100
MG454866,HCV,1a,100
MG454864,HCV,2c,100
MG454875,HCV,1b,100
MG454873,HCV,4d,100
MG454872,HCV,4d,100
MG454882,HCV,2c,100
MG454878,HCV,1a,100
MG454869,HCV,2b,100
MG454870,HCV,1a,100
MG454885,HCV,1a,100
MG454884,HCV,1a,100
MG454886,HCV,1b,100
MG454879,HCV,1a,100
MG454877,HCV,1b,100
MG454887,HCV,1b,100
MG454890,HCV,2a,100
MG454889,HCV,1a,100
MG454888,HCV,1a,100
MG454881,HCV,2b,100
MG454896,HCV,1a,100
MG454891,HCV,1a,100
MG454880,HCV,1b,100
MG454898,HCV,1a,100
MG454897,HCV,1b,100
MG454895,HCV,2b,100
MG454892,HCV,1a,100
MG454902,HCV,1a,100
MG454899,HCV,1b,100
MG454893,HCV,2b,100
MG454900,HCV,1b,100
MG454904,HCV,1a,100
MG454883,HCV,1a,100
MG454901,HCV,1b,100
MG454903,HCV,6e,100
MG454906,HCV,1a,100
MG454894,HCV,1a,100
MG454909,HCV,1b,100
MG454905,HCV,1b,100
MG454908,HCV,1a,100
MG454917,HCV,6a,100
MG454907,HCV,1b,100
MG454918,HCV,6h,100
MG454914,HCV,1a,100
MG454915,HCV,4a,100
MG454921,HCV,1a,100
MG454911,HCV,1b,100
MG454910,HCV,2b,100
MG454922,HCV,1b,100
MG454912,HCV,4a,100
MG454916,HCV,2b,100
MG454924,HCV,6a,100
MG454920,HCV,6e,100
MG454925,HCV,2b,100
MG454929,HCV,1a,100
MG454927,HCV,2b,100
MG454919,HCV,1a,100
MG454926,HCV,1b,100
MG454936,HCV,1a,100
MG454935,HCV,1b,100
MG454937,HCV,1a,100
MG454932,HCV,1a,100
MG454933,HCV,1a,100
MG454941,HCV,"unassigned_1, 4r-4d",NA
MG454938,HCV,4d,100
MG454939,HCV,1a,100
MG454928,HCV,1a,100
MG454934,HCV,1a,100
MG454913,HCV,2a,100
MG454923,HCV,1b,100
MG454943,HCV,2b,100
MG454940,HCV,1b,100
MG454930,HCV,1a,100
MG454942,HCV,1a,100
MG454944,HCV,2b,100
MG454949,HCV,1a,100
MG454952,HCV,2a,100
MG454948,HCV,1a,100
MG454951,HCV,1b,100
MG454954,HCV,1a,100
MG454946,HCV,2b,100
MG454931,HCV,1b,100
MG454961,HCV,1a,100
MG454953,HCV,1a,100
MG454957,HCV,1b,100
MG454955,HCV,1a,100
MG454950,HCV,1a,100
MG454956,HCV,1a,100
MG454945,HCV,1a,100
MG454947,HCV,4a,100
MG454958,HCV,5a,100
MG454963,HCV,2b,100
MG454960,HCV,1b,100
MG454964,HCV,4a,100
MG454966,HCV,1b,100
MG454967,HCV,1a,100
MG454971,HCV,1a,100
MG454968,HCV,1b,100
MG454969,HCV,6a,100
MG454965,HCV,1a,100
MG454976,HCV,4k,100
MG454975,HCV,1a,100
MG454972,HCV,2q,48
MG454973,HCV,4a,100
MG454974,HCV,2a,100
MG454979,HCV,1b,100
MG454962,HCV,1a,100
MG454978,HCV,1b,100
MG454981,HCV,4n,100
MG454982,HCV,1a,100
MG454983,HCV,2a,100
MG454984,HCV,2a,100
MG454988,HCV,1a,100
MG454987,HCV,2b,100
MG454977,HCV,1b,100
MG454980,HCV,1a,100
MG454959,HCV,1b,100
MG454989,HCV,1c,45
MG454985,HCV,2b,100
MG454986,HCV,1b,100
MG454991,HCV,1a,100
MG454992,HCV,1a,100
MG454994,HCV,5a,100
MG454970,HCV,1a,100
MG454990,HCV,2b,100
MG454997,HCV,6e,100
MG455006,HCV,1b,100
MG454993,HCV,5a,100
MG455007,HCV,1b,100
MG454998,HCV,4a,100
MG455002,HCV,2b,100
MG455005,HCV,4a,100
MG455001,HCV,1b,100
MG454999,HCV,1a,100
MG454995,HCV,4a,100
MG455004,HCV,1a,100
MG455011,HCV,5a,100
MG455009,HCV,1a,100
MG455016,HCV,1a,100
MG455015,HCV,5a,100
MG455013,HCV,1a,100
MG455003,HCV,4a,100
MG455000,HCV,2j,98
MG455017,HCV,1a,100
MG455019,HCV,1a,100
MG455021,HCV,1a,100
MG455018,HCV,1a,100
MG455024,HCV,1a,100
MG455023,HCV,4d,100
MG455014,HCV,2b,100
MG454996,HCV,2b,100
MG455022,HCV,2i,95
MG455026,HCV,1b,100
MG455029,HCV,4r,100
MG455020,HCV,1b,100
MG455008,HCV,4a,100
MG455030,HCV,1a,100
MG455010,HCV,1b,100
MG455032,HCV,5a,100
MG455031,HCV,1b,100
MG455033,HCV,5a,100
MG455038,HCV,1b,76
MG455040,HCV,1b,93
MG455037,HCV,1b,100
MG455025,HCV,1a,100
MG455034,HCV,4d,100
MG455045,HCV,2a,100
MG455027,HCV,1b,100
MG455012,HCV,1b,100
MG455047,HCV,1b,100
MG455049,HCV,4a,100
MG455048,HCV,2b,100
MG455043,HCV,5a,100
MG455039,HCV,1b,85
MG455050,HCV,1a,100
MG455035,HCV,2q,66
MG455053,HCV,1a,100
MG455028,HCV,2a,100
MG455042,HCV,2c,100
MG455046,HCV,1b,100
MG455052,HCV,6a,100
MG455051,HCV,1a,100
MG455054,HCV,1a,100
MG455055,HCV,2b,100
MG455057,HCV,4a,100
MG455061,HCV,1a,100
MG455062,HCV,4a,100
MG455036,HCV,1a,100
MG455058,HCV,1a,100
MG455059,HCV,4a,100
MG455068,HCV,1b,100
MG455063,HCV,1b,100
MG455065,HCV,4c,95
MG455066,HCV,4a,100
MG455056,HCV,1a,100
MG455067,HCV,6a,100
MG455069,HCV,5a,100
MG455044,HCV,4a,100
MG455070,HCV,1b,100
MG455073,HCV,1b,100
MG455041,HCV,4a,100
MG455071,HCV,2j,60
MG455064,HCV,1a,100
MG455076,HCV,2a,100
MG455078,HCV,1b,100
MG455083,HCV,1b,100
MG455072,HCV,5a,100
MG455074,HCV,1b,100
MG455080,HCV,5a,100
MG455086,HCV,1a,100
MG455081,HCV,1b,100
MG455084,HCV,1b,100
MG455088,HCV,1b,100
MG455077,HCV,1a,100
MG455087,HCV,4a,100
MG455085,HCV,1a,100
MG455075,HCV,4t,100
MG455060,HCV,4d,100
MG455091,HCV,1b,100
MG455090,HCV,2b,100
MG455082,HCV,1a,100
MG455094,HCV,6a,100
MG455093,HCV,2b,100
MG455095,HCV,6a,100
MG455101,HCV,1b,100
MG455097,HCV,6a,100
MG455102,HCV,2c,100
MG455103,HCV,1b,100
MG455098,HCV,1b,100
MG455100,HCV,2b,100
MG455079,HCV,2a,100
MG455092,HCV,1a,100
MG455107,HCV,1a,100
MG455099,HCV,2b,100
MG455104,HCV,2c,100
MG455096,HCV,2c,100
MG455105,HCV,1a,100
MG455109,HCV,4n,100
MG455111,HCV,1b,100
MG455112,HCV,1b,100
MG455110,HCV,2a,78
MG455108,HCV,1a,100
MG455089,HCV,2i,100
MG455114,HCV,1b,100
MG455116,HCV,1b,100
MG455106,HCV,1a,100
MG455122,HCV,1a,100
MG455119,HCV,1a,100
MG455117,HCV,2b,98
MG455113,HCV,2c,100
MG455121,HCV,1a,100
MG455125,HCV,1a,100
MG455123,HCV,1a,100
MG455126,HCV,1a,100
MG455124,HCV,2b,100
MG455133,HCV,4d,100
MG455128,HCV,6a,100
MG455118,HCV,2b,100
MG455120,HCV,4a,100
MG455127,HCV,6a,100
MG455131,HCV,2c,100
MG455115,HCV,5a,100
MG455136,HCV,1b,100
MG455137,HCV,1b,100
MG455141,HCV,1b,100
MG455129,HCV,6a,100
MG455130,HCV,4d,100
MG455146,HCV,1a,100
MG455140,HCV,2i,100
MG455147,HCV,1a,100
MG455148,HCV,1a,100
MG455144,HCV,5a,100
MG455150,HCV,2c,100
MG455151,HCV,2a,100
MG455138,HCV,4a,100
MG455142,HCV,2i,100
MG455143,HCV,4a,100
MG455134,HCV,2i,100
MG455135,HCV,1b,100
MG455139,HCV,1a,100
MG455152,HCV,2b,100
MG455155,HCV,4a,100
MG455158,HCV,1b,100
MG455156,HCV,1a,100
MG455154,HCV,2b,100
MG455161,HCV,4a,100
MG455160,HCV,4a,100
MG455162,HCV,2c,100
MG455149,HCV,5a,100
MG455157,HCV,1a,100
MG455153,HCV,2b,100
MG455167,HCV,2a,100
MG455163,HCV,2j,100
MG455166,HCV,2j,75
MG455159,HCV,1a,100
MG455132,HCV,1a,100
MG455165,HCV,1b,100
MG455172,HCV,1b,100
MG455171,HCV,1a,100
MG455170,HCV,2b,100
MG455177,HCV,1a,100
MG455180,HCV,1a,100
MG455176,HCV,1a,100
MG455168,HCV,2a,100
MG455179,HCV,1b,100
MG455175,HCV,6l,100
MG455169,HCV,1b,100
MG455164,HCV,1a,100
MG455182,HCV,5a,100
MG455181,HCV,4a,100
MG455183,HCV,1a,100
MG455174,HCV,4d,100
MG455145,HCV,1a,100
MG455178,HCV,1a,100
MG455193,HCV,1b,100
MG455192,HCV,1a,100
MG455173,HCV,1b,100
MG455187,HCV,1a,100
MG455184,HCV,1b,100
MG455189,HCV,1b,100
MG455190,HCV,4d,100
MG455194,HCV,2b,55
MG455188,HCV,2j,63
MG455198,HCV,1a,100
MG455196,HCV,6a,100
MG455186,HCV,1b,100
MG455185,HCV,1a,100
MG455202,HCV,1a,100
MG455201,HCV,1a,100
MG455197,HCV,2k,100
MG455191,HCV,1a,100
MG455195,HCV,2c,100
MG455200,HCV,1b,100
MG455207,HCV,1a,100
MG455204,HCV,4d,100
MG455205,HCV,4a,100
MG455203,HCV,2a,100
MG455206,HCV,4a,100
MG455199,HCV,2a,100
MG455212,HCV,1a,100
MG455215,HCV,6k,100
MG455214,HCV,1a,100
MG455211,HCV,1a,100
MG455216,HCV,1b,100
MG455217,HCV,5a,100
MG455213,HCV,4d,100
MG455209,HCV,4a,100
MG455208,HCV,1b,100
MG455219,HCV,1a,100
MG455210,HCV,2a,100
MG454380,HCV,4a,100
MG454386,HCV,1a,100
MG454383,HCV,3a,100
MG454396,HCV,6e,100
MG454437,HCV,2a,100
MG454719,HCV,3a,100
MG454736,HCV,3a,100
MG454765,HCV,3a,100
MG454775,HCV,6l,100
MG454782,HCV,1a,100
MG454787,HCV,1a,100
MG454759,HCV,3a,100
MG454789,HCV,1a,100
MG454791,HCV,4o,100
MG455220,HCV,4d,100
MG455218,HCV,4d,100
MG455221,HCV,4f,100
MG454223,HCV,2a,100
MG454226,HCV,2c,100
MG454225,HCV,1b,100
MG454398,HCV,4a,100
MG454402,HCV,1a,100
MG454503,HCV,1b,100
MG454568,HCV,4v,100
MG454467,HCV,1a,100
MG454569,HCV,1a,100
MG454619,HCV,3a,100
MG454605,HCV,4a,100
MG454631,HCV,1a,100
MG454224,HCV,4a,100
MG454627,HCV,3a,100
MG454550,HCV,6v,100
MG454551,HCV,6l,100
MG454229,HCV,1a,100
MG454230,HCV,1a,100
MG454227,HCV,1a,100
MG454235,HCV,3a,100
MG454231,HCV,1a,100
MG454241,HCV,1a,100
MG455222,HCV,4a,100
MG454228,HCV,1b,100
MG454237,HCV,1a,100
MG454234,HCV,1a,100
MG454243,HCV,1a,100
MG454242,HCV,4a,100
MG454244,HCV,1a,100
MG454236,HCV,1a,100
MG454238,HCV,1a,100
MG454239,HCV,1b,100
MG454240,HCV,3a,100
MG454245,HCV,1a,100
MG454251,HCV,2b,100
MG454233,HCV,1a,100
MG454249,HCV,1a,100
MG454247,HCV,2b,100
MG454255,HCV,1a,100
MG454253,HCV,1a,100
MG454254,HCV,3a,100
MG454257,HCV,1a,100
MG454250,HCV,1a,100
MG454252,HCV,1b,100
MG454259,HCV,2b,100
MG454260,HCV,1a,100
MG454232,HCV,1a,100
MG454258,HCV,1a,100
MG455232,HCV,4n,100
MG455234,HCV,5a,100
MG455237,HCV,2b,100
MG455242,HCV,4d,100
MG455238,HCV,1a,100
MG455240,HCV,1b,100
MG455241,HCV,2i,100
MG455244,HCV,1a,100
MG455239,HCV,4r,100
MG455235,HCV,1a,100
MG455236,HCV,5a,100
MG455245,HCV,1a,100
MG455249,HCV,5a,100
MG455251,HCV,1b,100
MG455255,HCV,1a,100
MG455247,HCV,4d,100
MG455243,HCV,2b,66
MG455250,HCV,4a,100
MG455254,HCV,2b,100
MG455256,HCV,1b,100
MG455253,HCV,6a,100
MG455248,HCV,1b,100
MG455252,HCV,1a,100
MG455257,HCV,4o,100
MG455264,HCV,1a,100
MG455258,HCV,4a,100
MG455263,HCV,4a,100
MG455261,HCV,6a,100
MG455262,HCV,2b,100
MG455268,HCV,1a,100
MG455269,HCV,4a,100
MG455246,HCV,1a,100
MG455267,HCV,1a,100
MG455260,HCV,1b,100
MG455272,HCV,1a,100
MG455270,HCV,2a,99
MG455259,HCV,4a,100
MG455266,HCV,1a,100
MG455273,HCV,4a,100
MG455265,HCV,4n,100
MG455279,HCV,5a,100
MG455275,HCV,1b,100
MG455276,HCV,2b,100
MG455271,HCV,2b,100
MG455274,HCV,4o,100
MG455278,HCV,4a,100
MG455281,HCV,1a,100
MG455283,HCV,4a,100
MG455277,HCV,1a,100
MG455282,HCV,6h,100
MG455287,HCV,4c,100
MG455290,HCV,1e,100
MG455288,HCV,2i,100
MG455291,HCV,5a,100
MG455293,HCV,2i,100
MG455294,HCV,6a,100
MG455292,HCV,4a,100
MG455285,HCV,1b,100
MG455296,HCV,4d,100
MG455295,HCV,4a,100
MG455286,HCV,5a,100
MG455284,HCV,4a,100
MG455280,HCV,5a,100
MG455300,HCV,4t,100
MG455289,HCV,1a,100
MG455302,HCV,4n,100
MG455301,HCV,2k,66
MG455303,HCV,4a,100
MG455304,HCV,1b,100
MG455305,HCV,1a,100
MG455306,HCV,4a,100
MG455297,HCV,1a,100
MG455307,HCV,1b,100
MG455298,HCV,1b,100
MG455308,HCV,2c,100
MG455312,HCV,5a,100
MG455311,HCV,4d,100
MG455315,HCV,4a,100
MG455317,HCV,1b,100
MG455309,HCV,4a,100
MG455299,HCV,4d,100
MG455316,HCV,1b,100
MG455318,HCV,1a,100
MG455319,HCV,4d,100
MG455313,HCV,1a,100
MG455322,HCV,1b,100
MG455327,HCV,4o,86
MG455310,HCV,1b,100
MG455330,HCV,6a,100
MG455325,HCV,5a,100
MG455321,HCV,4a,100
MG455320,HCV,1a,100
MG455331,HCV,4a,100
MG455333,HCV,4a,100
MG455324,HCV,4a,100
MG455335,HCV,1a,100
MG455336,HCV,6a,100
MG455326,HCV,1a,100
MG455332,HCV,4d,100
MG455337,HCV,4a,100
MG455314,HCV,6l,100
MG455323,HCV,1a,100
MG455338,HCV,1b,100
MG455344,HCV,2c,100
MG455339,HCV,5a,100
MG455347,HCV,1b,100
MG455348,HCV,1a,100
MG455350,HCV,1a,100
MG455342,HCV,1b,100
MG455340,HCV,4d,100
MG455341,HCV,4a,100
MG455334,HCV,1a,100
MG455328,HCV,1b,100
MG455353,HCV,1a,100
MG455343,HCV,1b,100
MG455351,HCV,1b,100
MG455354,HCV,4a,100
MG455346,HCV,2a,100
MG455329,HCV,1a,100
MG455355,HCV,6e,100
MG455358,HCV,5a,100
MG455357,HCV,5a,100
MG455359,HCV,5a,100
MG455363,HCV,2i,100
MG455349,HCV,6l,100
MG455345,HCV,4a,100
MG455365,HCV,2a,100
MG455356,HCV,6a,100
MG455369,HCV,1a,100
MG455352,HCV,2a,100
MG455360,HCV,4n,100
MG455373,HCV,1b,100
MG455362,HCV,4a,100
MG455371,HCV,6e,100
MG455366,HCV,4v,100
MG455372,HCV,6a,100
MG455370,HCV,1a,100
MG455364,HCV,4f,100
MG455367,HCV,5a,100
MG455381,HCV,4a,100
MG455386,HCV,1a,100
MG455384,HCV,5a,100
MG455377,HCV,1a,100
MG455382,HCV,6e,100
MG455388,HCV,4a,100
MG455385,HCV,4a,100
MG455390,HCV,6m,100
MG455379,HCV,4a,100
MG455387,HCV,1a,100
MG455389,HCV,4a,100
MG455391,HCV,6a,100
MG455383,HCV,6a,100
MG455378,HCV,6a,100
MG455393,HCV,2a,100
MG455392,HCV,4a,100
MG455375,HCV,5a,100
MG455374,HCV,5a,100
MG455361,HCV,6n,100
MG455397,HCV,2b,100
MG455401,HCV,2b,100
MG455396,HCV,2a,100
MG455380,HCV,6e,100
MG455402,HCV,2a,100
MG455394,HCV,2b,100
MG455404,HCV,2b,100
MG455398,HCV,2b,100
MG455395,HCV,2b,100
MG455409,HCV,2b,100
MG455410,HCV,2b,100
MG455399,HCV,2b,100
MG455406,HCV,2b,100
MG455411,HCV,2b,100
MG455403,HCV,2a,100
MG455405,HCV,2b,100
MG455413,HCV,2b,100
MG455414,HCV,2b,100
MG455408,HCV,2a,100
MG455400,HCV,2b,100
MG455415,HCV,2b,100
MG455419,HCV,2b,100
MG455412,HCV,2a,100
MG455407,HCV,2b,100
MG455425,HCV,2b,100
MG455424,HCV,2b,100
MG455427,HCV,2b,100
MG455420,HCV,2b,100
MG455426,HCV,2b,100
MG455423,HCV,2a,100
MG455429,HCV,2b,100
MG455418,HCV,2b,100
MG455428,HCV,2b,100
MG455421,HCV,2a,100
MG455432,HCV,2c,100
MG455431,HCV,2a,100
MG455433,HCV,2a,100
MG455417,HCV,2b,100
MG455439,HCV,2b,100
MG455440,HCV,2a,100
MG455437,HCV,2b,100
MG455416,HCV,2b,100
MG455436,HCV,2b,100
MG455445,HCV,1a,100
MG455430,HCV,2b,100
MG455444,HCV,2b,100
MG455442,HCV,2b,100
MG455443,HCV,2b,100
MG455447,HCV,2b,100
MG455441,HCV,2a,100
MG455422,HCV,2b,100
MG455451,HCV,2b,100
MG455448,HCV,2b,100
MG455454,HCV,2b,100
MG455453,HCV,2b,100
MG455456,HCV,2b,100
MG455458,HCV,2b,100
MG455449,HCV,2b,100
MG455457,HCV,2b,100
MG455461,HCV,2b,100
MG455460,HCV,2b,100
MG455434,HCV,2a,100
MG455450,HCV,2b,100
MG455446,HCV,2a,100
MG455462,HCV,2b,100
MG455464,HCV,2b,100
MG455467,HCV,2a,100
MG455452,HCV,2b,100
MG455463,HCV,2b,100
MG455471,HCV,2b,100
MG455466,HCV,2b,100
MG455468,HCV,2b,100
MG455470,HCV,2b,100
MG455465,HCV,2b,100
MG455472,HCV,2a,100
MG455477,HCV,2b,100
MG455476,HCV,2b,100
MG455475,HCV,2b,100
MG455478,HCV,2b,100
MG455480,HCV,2b,100
MG455479,HCV,2b,100
MG455455,HCV,2b,100
MG455484,HCV,2b,100
MG455487,HCV,2b,100
MG455474,HCV,2b,100
MG455486,HCV,2b,100
MG455483,HCV,2b,100
MG455485,HCV,2b,100
MG455469,HCV,2b,100
MG455492,HCV,2b,100
MG455493,HCV,2b,100
MG455491,HCV,2b,100
MG455482,HCV,2a,100
MG455488,HCV,2a,100
MG455489,HCV,2b,100
MG455490,HCV,2b,100
MG455496,HCV,2b,100
MG455495,HCV,2b,100
MG455481,HCV,2b,100
MG455459,HCV,2b,100
MG455473,HCV,2b,100
MG455498,HCV,2b,100
MG455500,HCV,2a,100
MG455497,HCV,2b,100
MG455501,HCV,2b,100
MG455494,HCV,2b,100
MG455503,HCV,2b,100
MG455505,HCV,2a,100
MG455499,HCV,2b,100
MG455502,HCV,2b,100
MG455511,HCV,2b,100
MG455512,HCV,2b,100
MG455507,HCV,2b,100
MG455517,HCV,2b,100
MG455513,HCV,2b,100
MG455506,HCV,2b,100
MG455509,HCV,2a,100
MG455521,HCV,2b,100
MG455514,HCV,2b,100
MG455522,HCV,2a,100
MG455516,HCV,2b,100
MG455525,HCV,2b,100
MG455524,HCV,2a,100
MG455526,HCV,3a,100
MG455527,HCV,3a,100
MG455510,HCV,2b,100
MG455518,HCV,2b,100
MG455528,HCV,3a,100
MG455530,HCV,3a,100
MG455523,HCV,2b,100
MG455529,HCV,3a,100
MG455519,HCV,2b,100
MG455508,HCV,2b,100
MG455504,HCV,2b,100
MG455534,HCV,3a,100
MG455536,HCV,3a,100
MG455535,HCV,3a,100
MG455515,HCV,2b,100
MG455533,HCV,3a,100
MG455538,HCV,3a,100
MG455542,HCV,3a,100
MG455543,HCV,3a,100
MG455541,HCV,3a,100
MG455545,HCV,3a,100
MG455531,HCV,3a,100
MG455546,HCV,3a,100
MG455548,HCV,3a,100
MG455540,HCV,3a,100
MG455549,HCV,3a,100
MG455547,HCV,3a,100
MG455551,HCV,3a,100
MG455552,HCV,3a,100
MG455554,HCV,3a,100
MG455539,HCV,3a,100
MG455532,HCV,3a,100
MG455520,HCV,2b,100
MG455556,HCV,3a,100
MG455550,HCV,3a,100
MG455537,HCV,3a,100
MG455559,HCV,3a,100
MG455555,HCV,3a,100
MG455560,HCV,3a,100
MG455564,HCV,3a,100
MG455561,HCV,3a,100
MG455544,HCV,3a,100
MG455565,HCV,3a,100
MG455563,HCV,3a,100
MG455558,HCV,3a,100
MG455567,HCV,3a,100
MG455571,HCV,3a,100
MG455557,HCV,3a,100
MG455570,HCV,3a,100
MG455576,HCV,3a,100
MG455572,HCV,3a,100
MG455574,HCV,3a,100
MG455577,HCV,3a,100
MG455562,HCV,3a,100
MG455569,HCV,3a,100
MG455578,HCV,3a,100
MG455573,HCV,3a,100
MG455553,HCV,3a,100
MG455580,HCV,3a,100
MG455586,HCV,3a,100
MG455575,HCV,3a,100
MG455568,HCV,3a,100
MG455585,HCV,3a,100
MG455587,HCV,3a,100
MG455584,HCV,3a,100
MG455589,HCV,3a,100
MG455591,HCV,3a,100
MG455581,HCV,3a,100
MG455593,HCV,3a,100
MG455596,HCV,3a,100
MG455583,HCV,3a,100
MG455582,HCV,3a,100
MG455588,HCV,3a,100
MG455579,HCV,3a,100
MG455595,HCV,3a,100
MG455566,HCV,3a,100
MG455602,HCV,3a,100
MG455606,HCV,3a,100
MG455600,HCV,3a,100
MG455592,HCV,3a,100
MG455599,HCV,3a,100
MG455597,HCV,3a,100
MG455607,HCV,3a,100
MG455605,HCV,3a,100
MG455603,HCV,3a,100
MG455608,HCV,3a,100
MG455598,HCV,3a,100
MG455610,HCV,3a,100
MG455594,HCV,3a,100
MG455611,HCV,3a,100
MG455609,HCV,3a,100
MG455613,HCV,3a,100
MG455614,HCV,3a,100
MG455617,HCV,3a,100
MG455601,HCV,3a,100
MG455620,HCV,3a,100
MG455616,HCV,3a,100
MG455612,HCV,3a,100
MG455604,HCV,3a,100
MG455621,HCV,3a,100
MG455590,HCV,3a,100
MG455615,HCV,3a,100
MG455619,HCV,3a,100
MG455627,HCV,3a,100
MG455626,HCV,3a,100
MG455623,HCV,3a,100
MG455633,HCV,3a,100
MG455630,HCV,3a,100
MG455632,HCV,3a,100
MG455636,HCV,3a,100
MG455618,HCV,3a,100
MG455635,HCV,3a,100
MG455631,HCV,3a,100
MG455634,HCV,3a,100
MG455624,HCV,3a,100
MG455629,HCV,3a,100
MG455638,HCV,3a,100
MG455641,HCV,3a,100
MG455639,HCV,3a,100
MG455637,HCV,3a,100
MG455643,HCV,3a,100
MG455645,HCV,3a,100
MG455646,HCV,3a,100
MG455647,HCV,3a,100
MG455625,HCV,3a,100
MG455628,HCV,3a,100
MG455640,HCV,3a,100
MG455648,HCV,3a,100
MG455642,HCV,3a,100
MG455649,HCV,3a,100
MG455653,HCV,3a,100
MG455650,HCV,3a,100
MG455651,HCV,3a,100
MG455652,HCV,3a,100
MG455661,HCV,3a,100
MG455657,HCV,3a,100
MG455654,HCV,3a,100
MG455658,HCV,3a,100
MG455622,HCV,3a,100
MG455660,HCV,3a,100
MG455659,HCV,3a,100
MG455644,HCV,3a,100
MG455662,HCV,3a,100
MG455663,HCV,3a,100
MG455667,HCV,3a,100
MG455666,HCV,3a,100
MG455668,HCV,3a,100
MG455672,HCV,3a,100
MG455669,HCV,3a,100
MG455671,HCV,3a,100
MG455670,HCV,3a,100
MG455674,HCV,3a,100
MG455665,HCV,3a,100
MG455677,HCV,3a,100
MG455680,HCV,3a,100
MG455679,HCV,3a,100
MG455684,HCV,3a,100
MG455656,HCV,3a,100
MG455655,HCV,3a,100
MG455681,HCV,3a,100
MG455675,HCV,3a,100
MG455673,HCV,3a,100
MG455676,HCV,3a,100
MG455687,HCV,3a,100
MG455682,HCV,3a,100
MG455691,HCV,3a,100
MG455664,HCV,3a,100
MG455694,HCV,3a,100
MG455695,HCV,3a,100
MG455678,HCV,3a,100
MG455692,HCV,3a,100
MG455690,HCV,3a,100
MG455686,HCV,3a,100
MG455683,HCV,3a,100
MG455689,HCV,3a,100
MG455688,HCV,3a,100
MG455693,HCV,3a,100
MG455703,HCV,3a,100
MG455699,HCV,3a,100
MG455700,HCV,3a,100
MG455704,HCV,3a,100
MG455705,HCV,3a,100
MG455710,HCV,3a,100
MG455709,HCV,3a,100
MG455707,HCV,3a,100
MG455711,HCV,3a,100
MG455701,HCV,3a,100
MG455708,HCV,3a,100
MG455702,HCV,3a,100
MG455716,HCV,3a,100
MG455712,HCV,3a,100
MG455714,HCV,3a,100
MG455697,HCV,3a,100
MG455715,HCV,3a,100
MG455719,HCV,3a,100
MG455717,HCV,3a,100
MG455706,HCV,3a,100
MG455723,HCV,3a,100
MG455727,HCV,3a,100
MG455722,HCV,3a,100
MG455728,HCV,3a,100
MG455718,HCV,3a,100
MG455730,HCV,3a,100
MG455733,HCV,3a,100
MG455725,HCV,3a,100
MG455734,HCV,3a,100
MG455731,HCV,3a,100
MG455713,HCV,3a,100
MG455720,HCV,3a,100
MG455736,HCV,3a,100
MG455732,HCV,3a,100
MG455721,HCV,3a,100
MG455737,HCV,3a,100
MG455738,HCV,3a,100
MG455742,HCV,3a,100
MG455741,HCV,3a,100
MG455743,HCV,3a,100
MG455740,HCV,3a,100
MG455735,HCV,3a,100
MG455744,HCV,3a,100
MG455726,HCV,3a,100
MG455739,HCV,3a,100
MG455745,HCV,3a,100
MG455724,HCV,3a,100
MG455746,HCV,3a,100
MG455750,HCV,3a,100
MG455747,HCV,3a,100
MG455729,HCV,3a,100
MG455748,HCV,3a,100
MG455749,HCV,3a,100
MG455756,HCV,3a,100
MG455757,HCV,3a,100
MG455759,HCV,3a,100
MG455761,HCV,3a,100
MG455755,HCV,3a,100
MG455752,HCV,3a,100
MG455760,HCV,3b,100
MG455754,HCV,3a,100
MG455753,HCV,3a,100
MG455766,HCV,3a,100
MG455765,HCV,3a,100
MG455763,HCV,3a,100
MG455768,HCV,3a,100
MG455767,HCV,3a,100
MG455773,HCV,3a,100
MG455770,HCV,3a,100
MG455769,HCV,3a,100
MG455771,HCV,3a,100
MG455762,HCV,3a,100
MG455772,HCV,3a,100
MG455774,HCV,3a,100
MG455776,HCV,3a,100
MG455758,HCV,3a,100
MG455779,HCV,3a,100
MG455777,HCV,3a,100
MG455778,HCV,3a,100
MG455780,HCV,3a,100
MG455782,HCV,3a,100
MG455783,HCV,3a,100
MG455781,HCV,3a,100
MG455786,HCV,3a,100
MG455784,HCV,3a,100
MG455787,HCV,3a,100
MG455788,HCV,3a,100
MG455790,HCV,3a,100
MG455794,HCV,3a,100
MG455791,HCV,3a,100
MG455751,HCV,3a,100
MG455792,HCV,3a,100
MG455795,HCV,3a,100
MG455785,HCV,3a,100
MG455799,HCV,3a,100
MG455797,HCV,3a,100
MG455796,HCV,3b,100
MG455793,HCV,3a,100
MG455802,HCV,3a,100
MG455800,HCV,3a,100
MG455801,HCV,3a,100
MG455775,HCV,3a,100
MG455805,HCV,3a,100
MG455798,HCV,3a,100
MG455803,HCV,3a,100
MG455789,HCV,3a,100
MG455806,HCV,3a,100
MG455807,HCV,3a,100
MG455808,HCV,3a,100
MG455809,HCV,3a,100
MG455813,HCV,1b,100
MG455814,HCV,1b,100
MG455815,HCV,1a,100
MG455811,HCV,2a,100
MG455820,HCV,1a,100
MG455816,HCV,2b,100
MG455818,HCV,1a,100
MG455764,HCV,3a,100
MG455812,HCV,2b,100
MG455804,HCV,3a,100
MG455825,HCV,1a,100
MG455819,HCV,1a,100
MG455823,HCV,1a,100
MG455822,HCV,1a,100
MG455821,HCV,1b,100
MG455824,HCV,1a,100
MG455810,HCV,1b,100
MG455817,HCV,4a,100
MG455827,HCV,2a,100
MG455829,HCV,3a,100
MG455833,HCV,1a,100
MG455834,HCV,1b,100
MG455830,HCV,3a,100
MG455832,HCV,1a,100
MG455835,HCV,1b,100
MG455837,HCV,1a,100
MG455840,HCV,1a,100
MG455826,HCV,1a,100
MG455838,HCV,4d,100
MG455842,HCV,1a,100
MG455843,HCV,1a,100
MG455841,HCV,2b,100
MG455831,HCV,1b,100
MG455844,HCV,1a,100
MG455850,HCV,1a,100
MG455846,HCV,1a,100
MG455845,HCV,1a,100
MG455853,HCV,1a,100
MG455854,HCV,4a,100
MG455828,HCV,1a,100
MG455852,HCV,1a,100
MG455836,HCV,3a,100
MG455851,HCV,1a,100
MG455839,HCV,1a,100
MG455858,HCV,1a,100
MG455849,HCV,1a,100
MG455857,HCV,1a,100
MG455862,HCV,1a,100
MG455860,HCV,1a,100
MG455856,HCV,1a,100
MG455861,HCV,1a,100
MG455855,HCV,4a,100
MG455865,HCV,1a,100
MG455864,HCV,3a,100
MG455866,HCV,1a,100
MG455867,HCV,3a,100
MG455868,HCV,3a,100
MG455859,HCV,4d,100
MG455848,HCV,1a,100
MG455872,HCV,1a,100
MG455875,HCV,1a,100
MG455871,HCV,1a,100
MG455869,HCV,2b,100
MG455874,HCV,1a,100
MG455879,HCV,1a,100
MG455880,HCV,1a,100
MG455877,HCV,1a,100
MG455881,HCV,1a,100
MG455863,HCV,1a,100
MG455882,HCV,1a,100
MG455873,HCV,2b,100
MG455870,HCV,3a,100
MG455886,HCV,1b,100
MG455885,HCV,1a,100
MG455876,HCV,1b,100
MG455890,HCV,2b,100
MG455883,HCV,1a,100
MG455888,HCV,1a,100
MG455887,HCV,1a,100
MG455884,HCV,3a,100
MG455878,HCV,1a,100
MG455892,HCV,1a,100
MG455847,HCV,1a,100
MG455889,HCV,2b,100
MG455897,HCV,1a,100
MG455896,HCV,1a,100
MG455898,HCV,1b,100
MG455903,HCV,1a,100
MG455900,HCV,1a,100
MG455891,HCV,1a,100
MG455902,HCV,1a,100
MG455904,HCV,1a,100
MG455893,HCV,3a,100
MG455907,HCV,1a,100
MG455905,HCV,3a,100
MG455911,HCV,2b,100
MG455908,HCV,1a,100
MG455899,HCV,1a,100
MG455910,HCV,1a,100
MG455901,HCV,3a,100
MG455909,HCV,2b,100
MG455912,HCV,1a,100
MG455894,HCV,1a,100
MG455914,HCV,1a,100
MG455917,HCV,1a,100
MG455916,HCV,1a,100
MG455895,HCV,1a,100
MG455919,HCV,1a,100
MG455918,HCV,1a,100
MG455924,HCV,1a,100
MG455923,HCV,1a,100
MG455913,HCV,1b,100
MG455922,HCV,1a,100
MG455925,HCV,1a,100
MG455929,HCV,4a,100
MG455921,HCV,1a,100
MG455926,HCV,1a,100
MG455928,HCV,6n,100
MG455920,HCV,1a,100
MG455933,HCV,1a,100
MG455932,HCV,2a,100
MG455934,HCV,2k,100
MG455915,HCV,1a,100
MG455927,HCV,1a,100
MG455931,HCV,1b,100
MG455935,HCV,1a,100
MG455940,HCV,2b,100
MG455938,HCV,1b,100
MG455941,HCV,1a,100
MG455906,HCV,1a,100
MG455948,HCV,1a,100
MG455944,HCV,4d,100
MG455942,HCV,1a,100
MG455947,HCV,1a,100
MG455949,HCV,1a,100
MG455945,HCV,1b,100
MG455951,HCV,1b,100
MG455943,HCV,1b,100
MG455937,HCV,2c,100
MG455952,HCV,2b,100
MG455939,HCV,1a,100
MG455957,HCV,2a,100
MG455950,HCV,1a,100
MG455955,HCV,6a,100
MG455958,HCV,1a,100
MG455961,HCV,2b,100
MG455964,HCV,1b,100
MG455954,HCV,4d,100
MG455930,HCV,1a,100
MG455936,HCV,1a,100
MG455962,HCV,1a,100
MG455963,HCV,2j,93
MG455960,HCV,1a,100
MG455953,HCV,2q,100
MG455967,HCV,1a,100
MG455968,HCV,1a,100
MG455974,HCV,1a,100
MG455946,HCV,1a,100
MG455971,HCV,6a,100
MG455959,HCV,4a,100
MG455972,HCV,4a,100
MG455969,HCV,4a,100
MG455975,HCV,1b,100
MG455965,HCV,1b,100
MG455956,HCV,1a,100
MG455978,HCV,1a,100
MG455973,HCV,1a,100
MG455980,HCV,4a,100
MG455981,HCV,4d,100
MG455983,HCV,4d,100
MG455982,HCV,1b,100
MG455985,HCV,1a,100
MG455986,HCV,6e,100
MG455989,HCV,6l,100
MG455979,HCV,2j,100
MG455976,HCV,1a,100
MG455988,HCV,1b,100
MG455990,HCV,2b,100
MG455977,HCV,1b,100
MG455992,HCV,1a,100
MG455991,HCV,1a,100
MG455987,HCV,2c,100
MG455995,HCV,1b,100
MG455996,HCV,4a,100
MG455993,HCV,1b,100
MG455999,HCV,1a,100
MG455970,HCV,6a,100
MG456000,HCV,2c,100
MG455997,HCV,1a,100
MG455998,HCV,1a,100
MG456002,HCV,1a,100
MG456005,HCV,2b,100
MG456004,HCV,2b,100
MG455994,HCV,1a,100
MG456003,HCV,4k,100
MG456007,HCV,4k,100
MG456011,HCV,1b,100
MG456006,HCV,2j,49
MG456009,HCV,6q,100
MG456013,HCV,1b,100
MG456001,HCV,1b,100
MG456008,HCV,4d,100
MG456015,HCV,1b,100
MG455984,HCV,4o,100
MG456017,HCV,4d,100
MG455966,HCV,4r,100
MG456016,HCV,2k,100
MG456019,HCV,4a,100
MG456023,HCV,1b,100
MG456012,HCV,1a,100
MG456024,HCV,2k,100
MG456014,HCV,4d,100
MG456025,HCV,1a,100
MG456028,HCV,1a,100
MG456010,HCV,4b,100
MG456026,HCV,1a,100
MG456031,HCV,3a,100
MG456027,HCV,1a,100
MG456020,HCV,1b,100
MG456033,HCV,1a,100
MG456032,HCV,1a,100
MG456040,HCV,1a,100
MG456039,HCV,1a,100
MG456036,HCV,3a,100
MG456030,HCV,1a,100
MG456018,HCV,2a,100
MG456029,HCV,1a,100
MG456034,HCV,1a,100
MG456041,HCV,1a,100
MG456022,HCV,1a,100
MG456021,HCV,2c,100
MG456042,HCV,1a,100
MG456043,HCV,2b,100
MG456046,HCV,1a,100
MG456037,HCV,1a,100
MG456045,HCV,1a,100
MG456044,HCV,2a,100
MG456048,HCV,1b,100
MG456047,HCV,2b,100
MG456052,HCV,3a,100
MG456058,HCV,2a,100
MG456054,HCV,1a,100
MG456053,HCV,1a,100
MG456038,HCV,4a,100
MG456057,HCV,2b,100
MG456059,HCV,4a,100
MG456062,HCV,1a,100
MG456060,HCV,1a,100
MG456066,HCV,1a,100
MG456035,HCV,1b,100
MG456049,HCV,1a,100
MG456065,HCV,1a,100
MG456056,HCV,1a,100
MG456064,HCV,4a,100
MG456063,HCV,3a,100
MG456055,HCV,2b,100
MG456067,HCV,2b,100
MG456051,HCV,1a,100
MG456070,HCV,1a,100
MG456069,HCV,3a,100
MG456061,HCV,2a,100
MG456050,HCV,3a,100
MG456072,HCV,3a,100
MG456074,HCV,1a,100
MG456068,HCV,1a,100
MG456076,HCV,1a,100
MG456080,HCV,6a,100
MG456075,HCV,4a,100
MG456077,HCV,3a,100
MG456081,HCV,1a,100
MG456084,HCV,1b,100
MG456083,HCV,2b,100
MG456073,HCV,2b,100
MG456087,HCV,1a,100
MG456079,HCV,1a,100
MG456090,HCV,1a,100
MG456088,HCV,1a,100
MG456091,HCV,1a,100
MG456089,HCV,3a,100
MG456085,HCV,3a,100
MG456096,HCV,1a,100
MG456093,HCV,2b,100
MG456086,HCV,1a,100
MG456082,HCV,1b,100
MG456071,HCV,1a,100
MG456099,HCV,1a,100
MG456097,HCV,4a,100
MG456100,HCV,1b,100
MG456098,HCV,3a,100
MG456102,HCV,2a,100
MG456094,HCV,3a,100
MG456103,HCV,3a,100
MG456104,HCV,3a,100
MG456105,HCV,1b,100
MG456108,HCV,1a,100
MG456106,HCV,3a,100
MG456109,HCV,3a,100
MG456092,HCV,1b,100
MG456111,HCV,3a,100
MG456078,HCV,3a,100
MG456110,HCV,1a,100
MG456113,HCV,1b,100
MG456115,HCV,1a,100
MG456117,HCV,2b,100
MG456119,HCV,1a,100
MG456116,HCV,1a,100
MG456118,HCV,1b,100
MG456122,HCV,1b,100
MG456121,HCV,2b,100
MG456120,HCV,3a,100
MG456114,HCV,4a,100
MG456127,HCV,1a,100
MG456126,HCV,3a,100
MG456129,HCV,1b,100
MG456128,HCV,3a,100
MG456101,HCV,1a,100
MG456130,HCV,4a,100
MG456134,HCV,2a,100
MG456131,HCV,1a,100
MG456135,HCV,1b,100
MG456132,HCV,2b,100
MG456133,HCV,4a,100
MG456095,HCV,2b,100
MG456123,HCV,4a,100
MG456125,HCV,4a,100
MG456112,HCV,1a,100
MG456107,HCV,4a,100
MG456137,HCV,1a,100
MG456136,HCV,2b,100
MG456140,HCV,1a,100
MG456124,HCV,3a,100
MG456138,HCV,3a,100
MG456145,HCV,1b,100
MG456139,HCV,3a,100
MG456143,HCV,2b,100
MG456142,HCV,2b,100
MG456147,HCV,1a,100
MG456148,HCV,3a,100
MG456150,HCV,2b,100
MG456152,HCV,1a,100
MG456151,HCV,2b,100
MG456157,HCV,2a,100
MG456144,HCV,1a,100
MG456146,HCV,1a,100
MG456141,HCV,3a,100
MG456156,HCV,2b,100
MG456153,HCV,1a,100
MG456158,HCV,3a,100
MG456160,HCV,2b,100
MG456163,HCV,1a,100
MG456159,HCV,2b,100
MG456162,HCV,1a,100
MG456164,HCV,3a,100
MG456154,HCV,1a,100
MG456161,HCV,2a,100
MG456168,HCV,1a,100
MG456167,HCV,1b,100
MG456170,HCV,4d,100
MG456169,HCV,1a,100
MG456172,HCV,1a,100
MG456173,HCV,1a,100
MG456174,HCV,1a,100
MG456166,HCV,1a,100
MG456175,HCV,2a,100
MG456180,HCV,3a,100
MG456176,HCV,4a,100
MG456178,HCV,1b,100
MG456165,HCV,3a,100
MG456171,HCV,1a,100
MG456179,HCV,3a,100
MG456182,HCV,1a,100
MG456183,HCV,1b,100
MG456181,HCV,1b,100
MG456155,HCV,1a,100
MG456185,HCV,4a,100
MG456184,HCV,2b,100
MG456188,HCV,1a,100
MG456177,HCV,1b,100
MG456189,HCV,1a,100
MG456187,HCV,3a,100
MG456190,HCV,1b,100
MG456200,HCV,1b,100
MG456193,HCV,3a,100
MG456186,HCV,1a,100
MG456196,HCV,4a,100
MG456149,HCV,4a,100
MG456198,HCV,1a,100
MG456195,HCV,3a,100
MG456199,HCV,3a,100
MG456203,HCV,1a,100
MG456202,HCV,1a,100
MG456194,HCV,4a,100
MG456204,HCV,1a,100
MG456206,HCV,1a,100
MG456205,HCV,2b,100
MG456209,HCV,1a,100
MG456211,HCV,1a,100
MG456210,HCV,1a,100
MG456201,HCV,1a,100
MG456208,HCV,4a,100
MG456213,HCV,1a,100
MG456192,HCV,6e,100
MG456212,HCV,3a,100
MG456191,HCV,4a,100
MG456207,HCV,1a,100
MG456197,HCV,1a,100
MG456216,HCV,2a,100
MG456215,HCV,4a,100
MG455368,HCV,1a,100
MG455376,HCV,2c,100
MG456214,HCV,3b,100
MG456219,HCV,1a,100
MG456218,HCV,1b,100
MG456217,HCV,2a,100
MG456220,HCV,3a,100
MG455438,HCV,2a,100
MG455435,HCV,2b,100
MG455696,HCV,3a,100
MG455698,HCV,3a,100
MG455231,HCV,5a,100
MG455229,HCV,4d,100
MG455228,HCV,1a,100
MG455225,HCV,4b,72
MG455233,HCV,4n,100
MG455226,HCV,1a,100
MG455685,HCV,3a,100
MG456222,HCV,1b,100
MG456221,HCV,1a,100
MG455223,HCV,1b,100
MG455224,HCV,1a,100
MG455227,HCV,1b,100
MG455230,HCV,6e,94
JF749234,HCV,1a,100
MG456293,HCV,3a,100
MG456299,HCV,1b,100
MG456295,HCV,2b,100
MG456294,HCV,3a,100
MG456297,HCV,4k,62
MG456303,HCV,1a,100
MG456306,HCV,6a,100
MG456308,HCV,1a,100
MG456311,HCV,1a,100
MG456312,HCV,1b,100
MG456310,HCV,3a,100
MG456316,HCV,1a,100
MG456309,HCV,1b,100
MG456320,HCV,1b,100
MG456305,HCV,3a,100
MG456322,HCV,4a,42
MG456319,HCV,1a,100
MG456313,HCV,1h,100
MG456321,HCV,1b,100
MG456307,HCV,1b,100
MG456315,HCV,1a,100
MG456323,HCV,1b,100
MG456324,HCV,1a,100
MG456326,HCV,1a,100
MG456327,HCV,3a,100
MG456304,HCV,1a,100
MG456329,HCV,2b,100
MG456332,HCV,2a,100
MG456331,HCV,1b,100
MG456335,HCV,3a,100
MG456330,HCV,3g,100
MG456318,HCV,3a,100
MG456328,HCV,4a,100
MG456336,HCV,4k,96
MG456325,HCV,2a,100
MG456337,HCV,1b,100
MG456340,HCV,1b,100
MG456314,HCV,4d,100
MG456341,HCV,1a,100
MG456338,HCV,4a,100
MG456333,HCV,1b,100
MG456339,HCV,1a,100
MG456344,HCV,1a,100
MG456351,HCV,3a,100
MG456347,HCV,6l,100
MG456350,HCV,1a,100
MG456349,HCV,3a,100
MG456353,HCV,1b,100
MG456317,HCV,1a,100
MG456343,HCV,1a,100
MG456346,HCV,6v,100
MG456334,HCV,3a,100
MG456345,HCV,4a,100
MG456357,HCV,2b,100
MG456348,HCV,1a,100
MG456358,HCV,1a,100
MG456356,HCV,3a,100
MG456362,HCV,1a,100
MG456352,HCV,3a,100
MG456360,HCV,3a,100
MG456354,HCV,1a,100
MG456364,HCV,1a,100
MG456365,HCV,4v,100
MG456363,HCV,4a,100
MG456368,HCV,3a,100
MG456359,HCV,1a,100
MG456366,HCV,1a,100
MG456361,HCV,2b,100
MG456367,HCV,1a,100
MG456355,HCV,3a,100
MG456371,HCV,4d,100
MG456377,HCV,1b,100
MG456373,HCV,4a,100
MG456372,HCV,3a,100
MG456369,HCV,1a,100
MG456380,HCV,3a,100
MG456381,HCV,3a,100
MG456378,HCV,1b,100
MG456375,HCV,1b,100
MG456376,HCV,1a,100
MG456374,HCV,1b,100
MG456386,HCV,3a,100
MG456387,HCV,1a,100
MG456342,HCV,1a,100
MG456383,HCV,1a,100
MG456384,HCV,1a,100
MG456394,HCV,4v,100
MG456395,HCV,4a,100
MG456370,HCV,4a,66
MG456397,HCV,3a,100
MG456379,HCV,4f,100
MG456388,HCV,1b,100
MG456390,HCV,4a,100
MG456393,HCV,3a,100
MG456391,HCV,3a,100
MG456392,HCV,1b,100
MG456385,HCV,1a,100
MG456382,HCV,3a,100
MG456402,HCV,4a,100
MG456401,HCV,4a,100
MG456398,HCV,2b,100
MG456396,HCV,1a,100
MG456399,HCV,1a,100
MG456389,HCV,3a,100
MG456400,HCV,4a,100
MG456406,HCV,1a,100
MG456411,HCV,2b,100
MG456413,HCV,1b,100
MG456403,HCV,1a,100
MG456418,HCV,4a,100
MG456417,HCV,1a,100
MG456410,HCV,1a,100
MG456409,HCV,3a,100
MG456415,HCV,6e,100
MG456419,HCV,1a,100
MG456416,HCV,3a,100
MG456412,HCV,1a,100
MG456405,HCV,1b,100
MG456414,HCV,1b,100
MG456423,HCV,3a,100
MG456404,HCV,4a,100
MG456425,HCV,2d,100
MG456407,HCV,1b,100
MG456426,HCV,4d,100
MG456427,HCV,4k,100
MG456421,HCV,1a,100
MG456431,HCV,4d,100
MG456420,HCV,4d,100
MG456428,HCV,1a,100
MG456424,HCV,3a,100
MG456408,HCV,1b,100
MG456432,HCV,1a,100
MG456429,HCV,4a,100
MG456436,HCV,1a,100
MG456434,HCV,3a,100
MG456439,HCV,1a,100
MG456422,HCV,3a,100
MG456430,HCV,1a,100
MG456438,HCV,1a,100
MG456433,HCV,1a,100
MG456441,HCV,1a,100
MG456435,HCV,1b,100
MG456442,HCV,2k,100
MG456446,HCV,1a,100
MG456449,HCV,4d,100
MG456448,HCV,3a,100
MG456445,HCV,4a,100
MG456440,HCV,1a,100
MG456444,HCV,2b,100
MG456450,HCV,3a,100
MG456453,HCV,1b,100
MG456443,HCV,1a,100
MG456447,HCV,2j,76
MG456451,HCV,2b,100
MG456461,HCV,1b,100
MG456452,HCV,1a,100
MG456437,HCV,1a,100
MG456459,HCV,4a,100
MG456464,HCV,3a,100
MG456462,HCV,3a,100
MG456456,HCV,3a,100
MG456463,HCV,3a,100
MG456471,HCV,3a,100
MG456460,HCV,1a,100
MG456470,HCV,3a,100
MG456454,HCV,1a,100
MG456466,HCV,3a,100
MG456455,HCV,1a,100
MG456465,HCV,3a,100
MG456468,HCV,3a,100
MG456469,HCV,3a,100
MG456472,HCV,3a,100
MG456467,HCV,3a,100
MG456478,HCV,3a,100
MG456484,HCV,3a,100
MG456476,HCV,3a,100
MG456483,HCV,3a,100
MG456482,HCV,3a,100
MG456480,HCV,3a,100
MG456473,HCV,3a,100
MG456475,HCV,3a,100
MG456487,HCV,3a,100
MG456474,HCV,3a,100
MG456486,HCV,3a,100
MG456485,HCV,3a,100
MG456490,HCV,3a,100
MG456493,HCV,3a,100
MG456496,HCV,3a,100
MG456492,HCV,3a,100
MG456494,HCV,3a,100
MG456497,HCV,3a,100
MG456488,HCV,3a,100
MG456489,HCV,3a,100
MG456498,HCV,3a,100
MG456479,HCV,3a,100
MG456481,HCV,3a,100
MG456507,HCV,3a,100
MG456491,HCV,3a,100
MG456502,HCV,3a,100
MG456503,HCV,3a,100
MG456505,HCV,3a,100
MG456501,HCV,3a,100
MG456506,HCV,3a,100
MG456495,HCV,3a,100
MG456508,HCV,3a,100
MG456500,HCV,3a,100
MG456518,HCV,3a,100
MG456504,HCV,3a,100
MG456515,HCV,3a,100
MG456516,HCV,3a,100
MG456499,HCV,3a,100
MG456509,HCV,3a,100
MG456517,HCV,3a,100
MG456519,HCV,3a,100
MG456522,HCV,3a,100
MG456524,HCV,3a,100
MG456520,HCV,3a,100
MG456514,HCV,3a,100
MG456525,HCV,3a,100
MG456523,HCV,3a,100
MG456512,HCV,3a,100
MG456513,HCV,3a,100
MG456530,HCV,3a,100
MG456527,HCV,3a,100
MG456521,HCV,3a,100
MG456529,HCV,3a,100
MG456532,HCV,3a,100
MG456531,HCV,3a,100
MG456528,HCV,3a,100
MG456526,HCV,3a,100
MG456533,HCV,3a,100
MG456534,HCV,3a,100
MG456538,HCV,3a,100
MG456535,HCV,3a,100
MG456511,HCV,3a,100
MG456536,HCV,3a,100
MG456542,HCV,3a,100
MG456543,HCV,3a,100
MG456544,HCV,3a,100
MG456545,HCV,3a,100
MG456540,HCV,3a,100
MG456550,HCV,3a,100
MG456549,HCV,3a,100
MG456552,HCV,3a,100
MG456547,HCV,3g,100
MG456548,HCV,3a,100
MG456539,HCV,3a,100
MG456541,HCV,3a,100
MG456510,HCV,3a,100
MG456546,HCV,3a,100
MG456537,HCV,3a,100
MG456557,HCV,3a,100
MG456554,HCV,3a,100
MG456555,HCV,3a,100
MG456563,HCV,3a,100
MG456562,HCV,3a,100
MG456559,HCV,3a,100
MG456560,HCV,3a,100
MG456558,HCV,3a,100
MG456567,HCV,3a,100
JF749239,HCV,1a,100
JF749241,HCV,1a,100
JF749230,HCV,1a,100
MK134455,HCV,1a,100
MK134463,HCV,1a,100
MK134458,HCV,1a,100
MK134460,HCV,1a,100
MK134459,HCV,1a,100
MK134462,HCV,1a,100
MK134461,HCV,1a,100
MK134457,HCV,1a,100
MK134466,HCV,1a,100
JF749246,HCV,1a,100
MK134471,HCV,1a,100
MK134470,HCV,1a,100
MK134472,HCV,1a,100
MK134473,HCV,3a,100
MK134475,HCV,3a,100
MK134467,HCV,1a,100
MK134482,HCV,4c,100
AB518792,HCV,1b,100
MK134480,HCV,3i,100
D49761,HCV,2e,100
MG456565,HCV,3a,100
D49762,HCV,3k,100
D49764,HCV,3k,100
D49763,HCV,6g,100
D49765,HCV,3k,100
D49759,HCV,3k,100
MG456553,HCV,3a,100
D49768,HCV,3k,100
D49771,HCV,3k,100
D49766,HCV,6g,100
D49760,HCV,2e,95
MK134474,HCV,3a,100
D49770,HCV,3k,100
D49774,HCV,3k,100
D49769,HCV,2q,11
OM312068,HCV,1a,100
D49776,HCV,2a,59
OM312065,HCV,1a,100
D49779,HCV,6g,100
OM312075,HCV,1a,100
OM312074,HCV,1a,100
D49772,HCV,2e,96
OM312081,HCV,1a,100
OM312082,HCV,1a,100
OM312087,HCV,1a,100
OM312084,HCV,1a,100
OM312083,HCV,1a,100
OM312091,HCV,1a,100
OM312093,HCV,1a,100
OM312092,HCV,1a,100
OM312096,HCV,1a,100
OM312076,HCV,1a,100
OM312103,HCV,1a,100
OM312104,HCV,1a,100
OM312102,HCV,1a,100
OM312120,HCV,1a,100
OM312124,HCV,1a,100
OM312123,HCV,1a,100
OM312105,HCV,1a,100
OM312090,HCV,1a,100
OM312128,HCV,1a,100
OM312119,HCV,1a,100
OM312133,HCV,1a,100
OM312134,HCV,1a,100
OM312135,HCV,1a,100
OM312132,HCV,1a,100
OM312148,HCV,1a,100
OM312113,HCV,1a,100
OM312151,HCV,1a,100
OM312150,HCV,1a,100
OM312157,HCV,1a,100
OM312160,HCV,1a,100
OM312146,HCV,1a,100
OM312162,HCV,1a,100
OM312161,HCV,1a,100
OM312170,HCV,1a,100
OM312169,HCV,1a,100
OM312172,HCV,1a,100
OM312176,HCV,1b,100
OM312159,HCV,1a,100
OM312186,HCV,1b,100
OM312183,HCV,1b,100
OM312187,HCV,1b,100
OM312196,HCV,1b,100
OM312197,HCV,1b,100
OM312181,HCV,1b,100
OM312204,HCV,1b,100
OM312198,HCV,1b,100
OM312210,HCV,1b,100
OM312188,HCV,1b,100
OM312209,HCV,1b,100
OM312212,HCV,1b,100
OM312208,HCV,1b,100
OM312194,HCV,1b,100
OM312225,HCV,1b,100
OM312222,HCV,1b,100
OM312228,HCV,1b,100
OM312226,HCV,1b,100
OM312236,HCV,1b,100
OM312218,HCV,1b,100
OM312237,HCV,1b,100
OM312238,HCV,1b,100
OM312239,HCV,1b,100
OM312245,HCV,1b,100
OM312247,HCV,1b,100
OM312249,HCV,1b,100
OM312250,HCV,1b,100
OM312231,HCV,1b,100
OM312261,HCV,3a,100
OM312262,HCV,3a,100
OM312265,HCV,3a,100
OM312264,HCV,3a,100
OM312271,HCV,3a,100
OM312278,HCV,3a,100
OM312283,HCV,3a,100
OM312282,HCV,3a,100
OM312280,HCV,3a,100
OM312266,HCV,3a,100
OM312287,HCV,3a,100
OM312292,HCV,3a,100
OM312294,HCV,3a,100
OM312299,HCV,3a,100
OM312298,HCV,3a,100
OM312302,HCV,3a,100
OM312290,HCV,3a,100
OM312306,HCV,3a,100
OM312305,HCV,3a,100
OM312310,HCV,3a,100
OM312293,HCV,3a,100
OM312318,HCV,3a,100
OM312319,HCV,3a,100
OM312311,HCV,3a,100
OM312322,HCV,3a,100
OM312316,HCV,3a,100
OM312331,HCV,3a,100
OM312334,HCV,3a,100
OM312335,HCV,3a,100
OM312336,HCV,3a,100
OM312344,HCV,3a,100
OM312345,HCV,3a,100
OM312346,HCV,3a,100
OM312347,HCV,3a,100
OM312348,HCV,3a,100
OM312363,HCV,3a,100
OM312665,HCV,1a,100
OM312668,HCV,1a,100
OM312675,HCV,1a,100
OM312669,HCV,1a,100
OM312667,HCV,1a,100
OM312677,HCV,1a,100
OM312679,HCV,1a,100
OM312673,HCV,1a,100
OM312678,HCV,1a,100
OM312674,HCV,1a,100
OM312680,HCV,1a,100
OM312672,HCV,1a,100
OM312682,HCV,1a,100
OM312683,HCV,1a,100
OM312681,HCV,1a,100
OM312684,HCV,1a,100
OM312670,HCV,1a,100
OM312690,HCV,1a,100
OM312691,HCV,1a,100
OM312671,HCV,1a,100
OM312685,HCV,1a,100
OM312688,HCV,1a,100
OM312686,HCV,1a,100
OM312692,HCV,1a,100
OM312694,HCV,1a,100
OM312697,HCV,1a,100
OM312676,HCV,1a,100
OM312687,HCV,1a,100
OM312699,HCV,1a,100
OM312696,HCV,1a,100
OM312689,HCV,1a,100
OM312703,HCV,1a,100
OM312701,HCV,1a,100
OM312702,HCV,1a,100
OM312695,HCV,1a,100
OM312706,HCV,1a,100
OM312705,HCV,1a,100
OM312698,HCV,1a,100
OM312708,HCV,1a,100
OM312707,HCV,1a,100
OM312704,HCV,1a,100
OM312710,HCV,1a,100
OM312713,HCV,1a,100
OM312693,HCV,1a,100
OM312712,HCV,1a,100
OM312714,HCV,1a,100
OM312720,HCV,1a,100
OM312709,HCV,1a,100
OM312715,HCV,1a,100
OM312716,HCV,1a,100
OM312719,HCV,1a,100
OM312718,HCV,1a,100
OM312722,HCV,1a,100
OM312727,HCV,1a,100
OM312724,HCV,1a,100
OM312721,HCV,1a,100
OM312723,HCV,1a,100
OM312700,HCV,1a,100
OM312726,HCV,1a,100
OM312711,HCV,1a,100
OM312729,HCV,1a,100
OM312728,HCV,1a,100
OM312733,HCV,1a,100
OM312717,HCV,1a,100
OM312738,HCV,1a,100
OM312735,HCV,1a,100
OM312731,HCV,1a,100
OM312734,HCV,1a,100
OM312732,HCV,1a,100
OM312737,HCV,1a,100
OM312725,HCV,1a,100
OM312740,HCV,1a,100
OM312746,HCV,1a,100
OM312730,HCV,1a,100
OM312744,HCV,1a,100
OM312743,HCV,1a,100
OM312736,HCV,1a,100
OM312739,HCV,1a,100
OM312742,HCV,1a,100
OM312748,HCV,1a,100
OM312745,HCV,1a,100
OM312741,HCV,1a,100
OM312753,HCV,1a,100
OM312752,HCV,1a,100
OM312759,HCV,1a,100
OM312751,HCV,1a,100
OM312758,HCV,1a,100
OM312756,HCV,1a,100
OM312749,HCV,1a,100
OM312757,HCV,1a,100
OM312760,HCV,1a,100
OM312754,HCV,1a,100
OM312761,HCV,1a,100
OM312747,HCV,1a,100
OM312755,HCV,1a,100
OM312762,HCV,1a,100
OM312766,HCV,1a,100
OM312767,HCV,1a,100
OM312764,HCV,1a,100
OM312750,HCV,1a,100
OM312765,HCV,1a,100
OM312772,HCV,1a,100
OM312771,HCV,1a,100
OM312775,HCV,1b,100
OM312774,HCV,1b,100
OM312769,HCV,1a,100
OM312773,HCV,1a,100
OM312780,HCV,1b,100
OM312777,HCV,1b,100
OM312778,HCV,1b,100
OM312763,HCV,1a,100
OM312770,HCV,1a,100
OM312779,HCV,1b,100
OM312783,HCV,1b,100
OM312785,HCV,1b,100
OM312786,HCV,1b,100
OM312784,HCV,1b,100
OM312768,HCV,1a,100
OM312790,HCV,1b,100
OM312788,HCV,1b,100
OM312781,HCV,1b,100
OM312789,HCV,1b,100
OM312792,HCV,1b,100
OM312782,HCV,1b,100
OM312791,HCV,1b,100
OM312796,HCV,1b,100
OM312793,HCV,1b,100
OM312787,HCV,1b,100
OM312795,HCV,1b,100
OM312799,HCV,1b,100
OM312776,HCV,1b,100
OM312797,HCV,1b,100
OM312800,HCV,1b,100
OM312801,HCV,1b,100
OM312804,HCV,1b,100
OM312805,HCV,1b,100
OM312798,HCV,1b,100
OM312803,HCV,1b,100
OM312808,HCV,1b,100
OM312807,HCV,1b,100
OM312809,HCV,1b,100
OM312814,HCV,1b,100
OM312812,HCV,1b,100
OM312813,HCV,1b,100
OM312811,HCV,1b,100
OM312815,HCV,1b,100
OM312818,HCV,1b,100
OM312817,HCV,1b,100
OM312820,HCV,1b,100
OM312810,HCV,1b,100
OM312823,HCV,1b,100
OM312802,HCV,1b,100
OM312822,HCV,1b,100
OM312806,HCV,1b,100
OM312824,HCV,1b,100
OM312821,HCV,1b,100
OM312819,HCV,1b,100
OM312794,HCV,1b,100
OM312829,HCV,1b,100
OM312826,HCV,1b,100
OM312833,HCV,1b,100
OM312828,HCV,1b,100
OM312825,HCV,1b,100
OM312831,HCV,1b,100
OM312832,HCV,1b,100
OM312836,HCV,1b,100
OM312837,HCV,1b,100
OM312827,HCV,1b,100
OM312834,HCV,1b,100
OM312842,HCV,1b,100
OM312839,HCV,1b,100
OM312830,HCV,1b,100
OM312816,HCV,1b,100
OM312845,HCV,1b,100
OM312848,HCV,1b,100
OM312844,HCV,1b,100
OM312847,HCV,1b,100
OM312846,HCV,1b,100
OM312849,HCV,1b,100
OM312838,HCV,1b,100
OM312840,HCV,1b,100
OM312843,HCV,1b,100
OM312835,HCV,1b,100
OM312851,HCV,1b,100
OM312856,HCV,3a,100
OM312852,HCV,1b,100
OM312858,HCV,3a,100
OM312841,HCV,1b,100
OM312862,HCV,3a,100
OM312859,HCV,3a,100
OM312855,HCV,3a,100
OM312850,HCV,1b,100
OM312857,HCV,3a,100
OM312860,HCV,3a,100
OM312865,HCV,3a,100
OM312868,HCV,3a,100
OM312864,HCV,3a,100
OM312867,HCV,3a,100
OM312854,HCV,3a,100
OM312870,HCV,3a,100
OM312866,HCV,3a,100
OM312871,HCV,3a,100
OM312874,HCV,3a,100
OM312873,HCV,3a,100
OM312875,HCV,3a,100
OM312877,HCV,3a,100
OM312878,HCV,3a,100
OM312876,HCV,3a,100
OM312861,HCV,3a,100
OM312880,HCV,3a,100
OM312872,HCV,3a,100
OM312853,HCV,1b,100
OM312863,HCV,3a,100
OM312883,HCV,3a,100
OM312885,HCV,3a,100
OM312884,HCV,3a,100
OM312891,HCV,3a,100
OM312886,HCV,3a,100
OM312889,HCV,3a,100
OM312881,HCV,3a,100
OM312879,HCV,3a,100
OM312887,HCV,3a,100
OM312888,HCV,3a,100
OM312882,HCV,3a,100
OM312895,HCV,3a,100
OM312890,HCV,3a,100
OM312894,HCV,3a,100
OM312897,HCV,3a,100
OM312901,HCV,3a,100
OM312898,HCV,3a,100
OM312893,HCV,3a,100
OM312899,HCV,3a,100
OM312904,HCV,3a,100
OM312903,HCV,3a,100
OM312896,HCV,3a,100
OM312869,HCV,3a,100
OM312906,HCV,3a,100
OM312905,HCV,3a,100
OM312902,HCV,3a,100
OM312910,HCV,3a,100
OM312909,HCV,3a,100
OM312900,HCV,3a,100
OM312913,HCV,3a,100
OM312892,HCV,3a,100
OM312914,HCV,3a,100
OM312907,HCV,3a,100
OM312912,HCV,3a,100
OM312915,HCV,3a,100
OM312921,HCV,3a,100
OM312923,HCV,3a,100
OM312920,HCV,3a,100
OM312919,HCV,3a,100
OM312911,HCV,3a,100
OM312916,HCV,3a,100
OM312922,HCV,3a,100
OM312908,HCV,3a,100
OM312924,HCV,3a,100
OM312925,HCV,3a,100
OM312918,HCV,3a,100
OM312930,HCV,3a,100
OM312917,HCV,3a,100
OM312934,HCV,3a,100
OM312932,HCV,3a,100
OM312928,HCV,3a,100
OM312933,HCV,3a,100
OM312931,HCV,3a,100
OM312935,HCV,3a,100
OM312929,HCV,3a,100
OM312927,HCV,3a,100
MG456561,HCV,3a,100
JF749235,HCV,1a,100
MG456551,HCV,3a,100
JF749238,HCV,1a,100
JF749231,HCV,1a,100
JF749236,HCV,1a,100
MG456569,HCV,3a,100
JF749237,HCV,1a,100
MG456458,HCV,2b,100
MG456457,HCV,1b,100
MG456477,HCV,3a,100
MG456566,HCV,3a,100
JF749227,HCV,1a,100
MG456564,HCV,3a,100
JF749229,HCV,1a,100
JF749228,HCV,1a,100
JF749232,HCV,1a,100
MG456568,HCV,3a,100
JF749233,HCV,1a,100
MG456556,HCV,3a,100
JF749240,HCV,1a,100
JF749243,HCV,1a,100
JF749242,HCV,1a,100
MG456570,HCV,3a,100
JF749247,HCV,1a,100
JF749245,HCV,1a,100
JF749248,HCV,1a,100
JF749250,HCV,1a,100
JF749249,HCV,1a,100
JF749251,HCV,1a,100
MK134464,HCV,1a,100
JF749244,HCV,1a,100
MK134465,HCV,1a,100
MK134468,HCV,1a,100
MK134478,HCV,3a,100
MK134469,HCV,1a,100
MK134477,HCV,3a,100
MK134476,HCV,3a,100
MK134456,HCV,1a,100
MK134481,HCV,3a,98
D49773,HCV,3k,100
D49775,HCV,2e,100
OM312066,HCV,1a,100
D49780,HCV,2e,94
OM312069,HCV,1a,100
MK134479,HCV,3a,98
OM312070,HCV,1a,100
OM312067,HCV,1a,100
OM312071,HCV,1a,100
OM312078,HCV,1a,100
OM312077,HCV,1a,100
OM312079,HCV,1a,100
D49777,HCV,2a,55
OM312080,HCV,1a,100
OM312085,HCV,1a,100
OM312086,HCV,1a,100
OM312088,HCV,1a,100
D49778,HCV,2e,100
OM312089,HCV,1a,100
OM312073,HCV,1a,100
OM312072,HCV,1a,100
OM312095,HCV,1a,100
OM312099,HCV,1a,100
D49767,HCV,3k,100
OM312097,HCV,1a,100
OM312100,HCV,1a,100
OM312098,HCV,1a,100
OM312101,HCV,1a,100
OM312106,HCV,1a,100
OM312110,HCV,1a,100
OM312094,HCV,1a,100
OM312109,HCV,1a,100
OM312107,HCV,1a,100
OM312116,HCV,1a,100
OM312112,HCV,1a,100
OM312115,HCV,1a,100
OM312117,HCV,1a,100
OM312118,HCV,1a,100
OM312122,HCV,1a,100
OM312125,HCV,1a,100
OM312108,HCV,1a,100
OM312131,HCV,1a,100
OM312114,HCV,1a,100
OM312130,HCV,1a,100
OM312127,HCV,1a,100
OM312126,HCV,1a,100
OM312129,HCV,1a,100
OM312137,HCV,1a,100
OM312141,HCV,1a,100
OM312139,HCV,1a,100
OM312140,HCV,1a,100
OM312111,HCV,1a,100
OM312142,HCV,1a,100
OM312143,HCV,1a,100
OM312121,HCV,1a,100
OM312145,HCV,1a,100
OM312147,HCV,1a,100
OM312138,HCV,1a,100
OM312154,HCV,1a,100
OM312153,HCV,1a,100
OM312152,HCV,1a,100
OM312156,HCV,1a,100
OM312149,HCV,1a,100
OM312163,HCV,1a,100
OM312158,HCV,1a,100
OM312136,HCV,1a,100
OM312164,HCV,1a,100
OM312167,HCV,1a,100
OM312171,HCV,1a,100
OM312166,HCV,1a,100
OM312174,HCV,1b,100
OM312175,HCV,1b,100
OM312179,HCV,1b,100
OM312173,HCV,1a,100
OM312155,HCV,1a,100
OM312177,HCV,1b,100
OM312178,HCV,1b,100
OM312168,HCV,1a,100
OM312144,HCV,1a,100
OM312180,HCV,1b,100
OM312184,HCV,1b,100
OM312185,HCV,1b,100
OM312189,HCV,1b,100
OM312190,HCV,1b,100
OM312165,HCV,1a,100
OM312195,HCV,1b,100
OM312193,HCV,1b,100
OM312192,HCV,1b,100
OM312200,HCV,1b,100
OM312202,HCV,1b,100
OM312203,HCV,1b,100
OM312201,HCV,1b,100
OM312205,HCV,1b,100
OM312207,HCV,1b,100
OM312199,HCV,1b,100
OM312182,HCV,1b,100
OM312217,HCV,1b,100
OM312214,HCV,1b,100
OM312211,HCV,1b,100
OM312191,HCV,1b,100
OM312215,HCV,1b,100
OM312216,HCV,1b,100
OM312219,HCV,1b,100
OM312220,HCV,1b,100
OM312224,HCV,1b,100
OM312223,HCV,1b,100
OM312213,HCV,1b,100
OM312206,HCV,1b,100
OM312229,HCV,1b,100
OM312230,HCV,1b,100
OM312234,HCV,1b,100
OM312232,HCV,1b,100
OM312227,HCV,1b,100
OM312241,HCV,1b,100
OM312235,HCV,1b,100
OM312244,HCV,1b,100
OM312221,HCV,1b,100
OM312233,HCV,1b,100
OM312246,HCV,1b,100
OM312248,HCV,1b,100
OM312251,HCV,1b,100
OM312257,HCV,3a,100
OM312252,HCV,1b,100
OM312255,HCV,3a,100
OM312259,HCV,3a,100
OM312256,HCV,3a,100
OM312242,HCV,1b,100
OM312263,HCV,3a,100
OM312270,HCV,3a,100
OM312268,HCV,3a,100
OM312269,HCV,3a,100
OM312275,HCV,3a,100
OM312273,HCV,3a,100
OM312276,HCV,3a,100
OM312272,HCV,3a,100
OM312277,HCV,3a,100
OM312267,HCV,3a,100
OM312284,HCV,3a,100
OM312279,HCV,3a,100
OM312281,HCV,3a,100
OM312274,HCV,3a,100
OM312289,HCV,3a,100
OM312288,HCV,3a,100
OM312291,HCV,3a,100
OM312285,HCV,3a,100
OM312297,HCV,3a,100
OM312300,HCV,3a,100
OM312296,HCV,3a,100
OM312301,HCV,3a,100
OM312307,HCV,3a,100
OM312304,HCV,3a,100
OM312295,HCV,3a,100
OM312286,HCV,3a,100
OM312309,HCV,3a,100
OM312308,HCV,3a,100
OM312314,HCV,3a,100
OM312313,HCV,3a,100
OM312303,HCV,3a,100
OM312317,HCV,3a,100
OM312315,HCV,3a,100
OM312321,HCV,3a,100
OM312323,HCV,3a,100
OM312324,HCV,3a,100
OM312325,HCV,3a,100
OM312332,HCV,3a,100
OM312328,HCV,3a,100
OM312329,HCV,3a,100
OM312326,HCV,3a,100
OM312339,HCV,3a,100
OM312337,HCV,3a,100
OM312338,HCV,3a,100
OM312320,HCV,3a,100
OM312312,HCV,3a,100
OM312340,HCV,3a,100
OM312342,HCV,3a,100
OM312341,HCV,3a,100
OM312343,HCV,3a,100
OM312349,HCV,3a,100
OM312351,HCV,3a,100
OM312350,HCV,3a,100
OM312327,HCV,3a,100
OM312353,HCV,3a,100
OM312355,HCV,3a,100
OM312356,HCV,3a,100
OM312358,HCV,3a,100
OM312360,HCV,3a,100
OM312359,HCV,3a,100
OM312357,HCV,3a,100
OM312333,HCV,3a,100
OM312330,HCV,3a,100
OM312362,HCV,3a,100
OM312364,HCV,3a,100
OM312352,HCV,3a,100
OM312354,HCV,3a,100
OM312361,HCV,3a,100
OM312666,HCV,1a,100
OM312926,HCV,3a,100
OM312936,HCV,3a,100
OM312938,HCV,3a,100
OM312940,HCV,3a,100
OM312937,HCV,3a,100
OM312240,HCV,1b,100
OM312243,HCV,1b,100
OM312260,HCV,3a,100
MG456224,HCV,6a,100
MG456226,HCV,1a,100
MG456232,HCV,1a,100
MG456225,HCV,1a,100
MG456233,HCV,2a,100
MG456234,HCV,3a,100
MG456236,HCV,3a,100
MG456238,HCV,1a,100
MG456246,HCV,1a,100
MG456243,HCV,1a,100
MG456242,HCV,1a,100
MG456241,HCV,2a,79
MG456235,HCV,1b,100
MG456256,HCV,1a,100
MG456237,HCV,1a,100
MG456249,HCV,2b,100
MG456259,HCV,1a,100
MG456250,HCV,2b,100
MG456266,HCV,1b,100
MG456248,HCV,1a,100
MG456268,HCV,4k,100
MG456272,HCV,2b,100
MG456271,HCV,1a,100
MG456270,HCV,3a,100
MG456274,HCV,1a,100
OM312258,HCV,3a,100
OM312254,HCV,3a,100
OM312253,HCV,1b,100
OM312939,HCV,3a,100
MG456230,HCV,1a,100
MG456227,HCV,3a,100
MG456231,HCV,3a,100
MG456229,HCV,3a,100
MG456228,HCV,1a,100
MG456240,HCV,1a,100
MG456244,HCV,1a,100
MG456245,HCV,1a,100
MG456247,HCV,4a,100
MG456223,HCV,3a,100
MG456257,HCV,1a,100
MG456254,HCV,1a,100
MG456251,HCV,2b,100
MG456255,HCV,1b,100
MG456258,HCV,4a,100
MG456252,HCV,6e,100
MG456253,HCV,3a,100
MG456261,HCV,1a,100
MG456260,HCV,1a,100
MG456239,HCV,4o,69
MG456264,HCV,1a,100
MG456269,HCV,1a,100
MG456267,HCV,1b,100
MG456265,HCV,1a,100
MG456262,HCV,1a,100
MG456275,HCV,3a,100
MG456277,HCV,4a,100
MG456273,HCV,2b,100
MG456278,HCV,4a,100
MG456276,HCV,1a,100
MG456283,HCV,4a,100
MG456263,HCV,1a,100
MG456287,HCV,6a,100
MG456280,HCV,1b,100
MG456285,HCV,1a,100
MG456290,HCV,1b,100
MG456288,HCV,1a,100
MG456284,HCV,3a,100
MG456282,HCV,3a,100
MG456292,HCV,1b,100
MG456286,HCV,1b,100
MG456289,HCV,1b,100
MG456300,HCV,1b,100
MG456281,HCV,1a,100
MG456291,HCV,4d,100
MG456302,HCV,3a,100
MG456296,HCV,3a,100
MG456298,HCV,1a,100
MG456301,HCV,4k,100
MG456279,HCV,4d,100
KJ678633,HCV,6a,100
KJ678646,HCV,6a,100
KJ678662,HCV,6a,100
KJ678664,HCV,6a,100
KJ678652,HCV,6a,100
KJ678663,HCV,6a,100
KJ678672,HCV,6a,100
KJ678673,HCV,6a,100
KJ678668,HCV,6a,100
KJ678675,HCV,6a,100
KJ678660,HCV,6a,100
KJ678679,HCV,6a,100
KJ678678,HCV,6a,100
KJ678682,HCV,6a,100
KJ678696,HCV,6a,100
KJ678676,HCV,6a,100
KJ678697,HCV,6a,100
KJ678715,HCV,6a,100
KJ678716,HCV,6a,100
KJ678718,HCV,6a,100
KJ678719,HCV,6a,100
KJ678720,HCV,6a,100
KJ678721,HCV,6a,100
KJ678722,HCV,6a,100
KJ678710,HCV,6a,100
KJ678725,HCV,6a,100
KJ678724,HCV,6a,100
KJ678713,HCV,6a,100
KJ678727,HCV,6a,100
KJ678729,HCV,6a,100
KJ678704,HCV,6a,100
KJ678869,HCV,6a,100
KJ678867,HCV,6a,100
KJ678728,HCV,6a,100
KJ678868,HCV,6a,100
KJ678730,HCV,6a,100
KJ678731,HCV,6a,100
KJ678873,HCV,6a,100
KJ678732,HCV,6a,100
KJ678872,HCV,6a,100
KJ678677,HCV,6a,100
KJ678875,HCV,6a,100
KJ678876,HCV,6a,100
KJ678877,HCV,6a,100
KJ678879,HCV,6a,100
KJ678881,HCV,6a,100
KJ678880,HCV,6a,100
KJ678874,HCV,6a,100
KJ678723,HCV,6a,100
KJ678882,HCV,6a,100
KJ678870,HCV,6a,100
KJ678885,HCV,6a,100
KJ678886,HCV,6a,100
KJ678889,HCV,6a,100
KJ678884,HCV,6a,100
KJ678888,HCV,6a,100
KJ678887,HCV,6a,100
KJ678890,HCV,6a,100
KJ678892,HCV,6a,100
KJ678894,HCV,6a,100
KJ678726,HCV,6a,100
KJ678891,HCV,6a,100
KJ678897,HCV,6a,100
KJ678871,HCV,6a,100
KJ678896,HCV,6a,100
KJ678899,HCV,6a,100
KJ678903,HCV,6a,100
KJ678898,HCV,6a,100
KJ678883,HCV,6a,100
KJ678878,HCV,6a,100
KJ678895,HCV,6a,100
KJ678904,HCV,6a,100
KJ678901,HCV,6a,100
KJ678905,HCV,6a,100
KJ678910,HCV,6a,100
KJ678906,HCV,6a,100
KJ678907,HCV,6a,100
KJ678908,HCV,6a,100
KJ678913,HCV,6a,100
KJ678917,HCV,6a,100
KJ678912,HCV,6a,100
KJ678911,HCV,6a,100
KJ678914,HCV,6a,100
KJ678916,HCV,6a,100
KJ678918,HCV,6a,100
KJ678919,HCV,6a,100
KJ678923,HCV,6a,100
KJ678921,HCV,6a,100
KJ678922,HCV,6a,100
KJ678925,HCV,6a,100
KJ678893,HCV,6a,100
KJ678924,HCV,6a,100
KJ678926,HCV,6a,100
KJ678927,HCV,6a,100
KJ678928,HCV,6a,100
KJ678909,HCV,6a,100
KJ678717,HCV,6a,100
KJ678934,HCV,6a,100
KJ678931,HCV,6a,100
KJ678929,HCV,6a,100
KJ678932,HCV,6a,100
KJ678933,HCV,6a,100
KJ678938,HCV,6a,100
KJ678936,HCV,6a,100
KJ678935,HCV,6a,100
KJ678937,HCV,6a,100
KJ678939,HCV,6a,100
KJ678900,HCV,6a,100
KJ678902,HCV,6a,100
KJ678940,HCV,6a,100
KJ678942,HCV,6a,100
KJ678944,HCV,6a,100
KJ678943,HCV,6a,100
KJ678915,HCV,6a,100
KJ678945,HCV,6a,100
KJ678947,HCV,6a,100
KJ678920,HCV,6a,100
KJ678949,HCV,6a,100
KJ678951,HCV,6a,100
KJ678950,HCV,6a,100
KJ678941,HCV,6a,100
KJ678953,HCV,6a,100
KJ678954,HCV,6a,100
KJ678946,HCV,6a,100
KJ678955,HCV,6a,100
KJ678961,HCV,6a,100
KJ678957,HCV,6a,100
KJ678948,HCV,6a,100
KJ678959,HCV,6a,100
KJ678958,HCV,6a,100
KJ678956,HCV,6a,100
KJ678930,HCV,6a,100
KJ678963,HCV,6a,100
KJ678967,HCV,6a,100
KJ678969,HCV,6a,100
KJ678964,HCV,6a,100
KJ678966,HCV,6a,100
KJ678968,HCV,6a,100
KJ678970,HCV,6a,100
KJ678972,HCV,6a,100
KJ678973,HCV,6a,100
KJ678960,HCV,6a,100
KJ678971,HCV,6a,100
KJ678974,HCV,6a,100
KJ700860,HCV,6a,100
KJ678975,HCV,6a,100
KJ700861,HCV,6a,100
KJ678952,HCV,6a,100
KJ678962,HCV,6a,100
MH714565,HCV,6a,100
MH714561,HCV,6t,100
MH714563,HCV,6o,100
MH714564,HCV,6o,100
KJ700858,HCV,6a,100
MH714562,HCV,6e,100
MH714566,HCV,6a,100
MH714570,HCV,6e,44
MH714568,HCV,6a,100
MH714569,HCV,6o,100
MH714573,HCV,6a,100
KJ678965,HCV,6a,100
MH714576,HCV,6q,100
MH714572,HCV,6a,100
MH714574,HCV,6e,100
MH714575,HCV,6e,100
MH714577,HCV,6q,100
MH714578,HCV,6e,90
KJ700859,HCV,6a,100
MH714580,HCV,6e,100
MH714581,HCV,6h,100
MH714582,HCV,6q,100
MH714583,HCV,6p,100
MH714586,HCV,6e,100
MH714585,HCV,6a,100
MH714587,HCV,6l,79
MH714588,HCV,6a,100
MH714590,HCV,6r,100
MH714592,HCV,6e,100
MH714589,HCV,6e,100
MH714591,HCV,6e,100
MH714594,HCV,6f,100
MH714593,HCV,6a,100
MH714584,HCV,6q,100
MH714596,HCV,4k,26
EU980107,HCV,1b,100
EU980108,HCV,1b,100
EU980110,HCV,1b,100
EU980109,HCV,1b,100
MH714579,HCV,6o,100
MH714571,HCV,6e,100
EU980111,HCV,1b,100
MH562153,HCV,1a,100
MH562154,HCV,1a,100
MH714595,HCV,6p,100
MH562151,HCV,1a,100
MH562156,HCV,1a,100
MH562157,HCV,1a,100
MH562158,HCV,1a,100
MH562160,HCV,1a,100
EU980112,HCV,1b,100
MH562163,HCV,1a,100
MH562165,HCV,1a,100
MH714567,HCV,6e,100
MH562166,HCV,1a,100
MH562168,HCV,1a,100
MH562169,HCV,1a,100
MH562155,HCV,1a,100
MH562159,HCV,1a,100
MH562152,HCV,1a,100
MH562172,HCV,1a,100
MH562171,HCV,1b,100
MH562164,HCV,1a,100
MH562170,HCV,1a,100
MH562167,HCV,1a,100
MH562229,HCV,3a,100
MH562252,HCV,3a,100
MH562255,HCV,3a,100
MH562175,HCV,1a,100
MH562253,HCV,3a,100
MH562254,HCV,3a,100
MH562257,HCV,3a,100
MH562256,HCV,3a,100
MH562258,HCV,3a,100
MH562259,HCV,3a,100
MH562260,HCV,3a,100
MH562261,HCV,3a,100
MH562266,HCV,3a,100
MH562262,HCV,3a,100
MH562263,HCV,3a,100
MH562265,HCV,3a,100
MH562264,HCV,3a,100
MH562267,HCV,3a,100
MH562269,HCV,3a,100
MH562174,HCV,1a,100
MH562268,HCV,3a,100
MH562270,HCV,3a,100
MH562271,HCV,3a,100
MH562273,HCV,3a,100
MH562272,HCV,3a,100
MH562279,HCV,3a,100
MH562280,HCV,3a,100
MH562275,HCV,3a,100
MH562276,HCV,3a,100
MH562278,HCV,3a,100
MH562282,HCV,3a,100
MH562277,HCV,3a,100
MH562283,HCV,3a,100
MH562284,HCV,3a,100
MH562285,HCV,3a,100
MH562288,HCV,3a,100
MH562274,HCV,3a,100
MH562251,HCV,3a,100
MH562289,HCV,3a,100
MH562290,HCV,3a,100
MH562292,HCV,3a,100
MH562293,HCV,3a,100
MH562291,HCV,3a,100
MH562294,HCV,3a,100
MH562297,HCV,3a,100
MH562296,HCV,3a,100
MH562295,HCV,3a,100
MH562300,HCV,3a,100
MH562301,HCV,3a,100
MH562287,HCV,3a,100
MH562303,HCV,3a,100
MH562304,HCV,3a,100
MH562308,HCV,3a,100
MH562306,HCV,3a,100
MH562302,HCV,3a,100
MH562305,HCV,3a,100
MH562309,HCV,3a,100
MH562311,HCV,3a,100
MH562298,HCV,3a,100
MH562316,HCV,3a,100
MH562281,HCV,3a,100
MH562313,HCV,3a,100
MH562312,HCV,3a,100
MH562314,HCV,3a,100
MH562320,HCV,3a,100
MH562322,HCV,3a,100
MH562310,HCV,3a,100
MH562286,HCV,3a,100
MH562307,HCV,3a,100
KF667756,HCV,1a,100
MH562321,HCV,3a,100
KF667765,HCV,1a,100
KF667758,HCV,1a,100
KF667759,HCV,1a,100
KF667764,HCV,1a,100
KF667763,HCV,1a,100
KF667761,HCV,1a,100
KF667767,HCV,1a,100
KF667762,HCV,1a,100
KF667760,HCV,1a,100
KF667769,HCV,1a,100
KF667766,HCV,1a,100
KF667776,HCV,1a,100
KF667771,HCV,1a,100
MH562299,HCV,3a,100
KF667770,HCV,1a,100
KF667768,HCV,1a,100
KF667757,HCV,1a,100
KF667778,HCV,1a,100
KF667779,HCV,1a,100
KF667774,HCV,1a,100
KF667780,HCV,1a,100
KF667777,HCV,1a,100
KF667772,HCV,1a,100
KF667782,HCV,1a,100
KF667783,HCV,1a,100
KF667781,HCV,1a,100
KF667773,HCV,1a,100
KF667785,HCV,1a,100
KF667786,HCV,1a,100
KF667820,HCV,1b,100
KF667787,HCV,1a,100
KF667784,HCV,1a,100
KF667821,HCV,1b,100
KF667823,HCV,1b,100
KF667824,HCV,1b,100
KF667826,HCV,1b,100
KF667828,HCV,1b,100
KF667830,HCV,1b,100
KF667775,HCV,1a,100
KF667822,HCV,1b,100
KF667832,HCV,1b,100
KF667831,HCV,1b,100
KF667827,HCV,1b,100
KF667829,HCV,1b,100
KF667834,HCV,1b,100
KF667838,HCV,1b,100
KF667825,HCV,1b,100
KF667837,HCV,1b,100
KF667836,HCV,1b,100
KF667835,HCV,1b,100
FJ483410,HCV,1b,100
FJ483408,HCV,1b,100
KF667833,HCV,1b,100
KF667846,HCV,1b,100
FJ483409,HCV,1b,100
FJ483411,HCV,1b,100
KF667841,HCV,1b,100
FJ483416,HCV,1b,100
KF667847,HCV,1b,100
FJ483415,HCV,1b,100
FJ483424,HCV,1b,100
FJ483422,HCV,1b,100
AY861452,HCV,1b,100
AY861453,HCV,1b,100
FJ483452,HCV,1b,100
AY861451,HCV,1b,100
AY861450,HCV,1b,100
KJ678628,HCV,6a,100
KJ678635,HCV,6a,100
KJ678638,HCV,6a,100
KJ678642,HCV,6a,100
KJ678634,HCV,6a,100
KJ678637,HCV,6a,100
KJ678627,HCV,6a,100
KJ678644,HCV,6a,100
KJ678647,HCV,6a,100
KJ678648,HCV,6a,100
KJ678649,HCV,6a,100
KJ678639,HCV,6a,100
KJ678650,HCV,6a,100
KJ678640,HCV,6a,100
KJ678655,HCV,6a,100
KJ678643,HCV,6a,100
KJ678657,HCV,6a,100
KJ678658,HCV,6a,100
KJ678636,HCV,6a,100
KJ678659,HCV,6a,100
KJ678651,HCV,6a,100
KJ678653,HCV,6a,100
KJ678661,HCV,6a,100
KJ678641,HCV,6a,100
KJ678665,HCV,6a,100
KJ678667,HCV,6a,100
KJ678666,HCV,6a,100
KJ678670,HCV,6a,100
KJ678669,HCV,6a,100
MH562315,HCV,3a,100
MH562317,HCV,3a,100
MH562318,HCV,3a,100
KF667845,HCV,1b,100
KF667842,HCV,1b,100
FJ483412,HCV,1b,100
FJ483414,HCV,1b,100
FJ483413,HCV,1b,100
FJ483417,HCV,1b,100
FJ483418,HCV,1b,100
FJ483420,HCV,1b,100
KF667848,HCV,1b,100
FJ483419,HCV,1b,100
KF667840,HCV,1b,100
FJ483421,HCV,1b,100
FJ483423,HCV,1b,100
FJ483426,HCV,1b,100
KF667844,HCV,1b,100
KF667843,HCV,1b,100
FJ483428,HCV,1b,100
KF667839,HCV,1b,100
FJ483429,HCV,1b,100
FJ483433,HCV,1b,100
FJ483430,HCV,1b,100
FJ483432,HCV,1b,100
FJ483425,HCV,1b,100
FJ483434,HCV,1b,100
FJ483439,HCV,1b,100
FJ483435,HCV,1b,100
FJ483437,HCV,1b,100
FJ483440,HCV,1b,100
FJ483438,HCV,1b,100
FJ483444,HCV,1b,100
FJ483441,HCV,1b,100
FJ483447,HCV,1b,100
FJ483446,HCV,1b,100
FJ483427,HCV,1b,100
FJ483448,HCV,1b,100
FJ483449,HCV,1b,100
FJ483451,HCV,1b,100
FJ483453,HCV,1b,100
KF667849,HCV,1b,100
FJ483442,HCV,1b,100
FJ483431,HCV,1b,100
FJ483436,HCV,1b,100
FJ483454,HCV,1b,100
FJ483450,HCV,1b,100
FJ483443,HCV,1b,100
FJ483445,HCV,1b,100
OM525873,HCV,"unassigned_1, 1a-1b",NA
OM525865,HCV,1b,100
OM525869,HCV,1b,100
OM525856,HCV,1a,100
OM525863,HCV,1c,100
OM525871,HCV,1a,100
OM525866,HCV,1a,100
OM525872,HCV,1b,100
OM525868,HCV,1b,100
OM525862,HCV,1b,100
OM525854,HCV,1b,100
OM525864,HCV,1a,100
KJ678687,HCV,6a,100
KJ678686,HCV,6a,100
KJ678688,HCV,6a,100
KJ678689,HCV,6a,100
KJ678690,HCV,6a,100
KJ678693,HCV,6a,100
KJ678691,HCV,6a,100
KJ678692,HCV,6a,100
KJ678694,HCV,6a,100
KJ678695,HCV,6a,100
OM525875,HCV,1a,100
AY861446,HCV,1b,100
AY861448,HCV,1b,100
AY861447,HCV,1b,100
AY861449,HCV,1b,100
AY861454,HCV,1a,100
OM525859,HCV,1b,100
ON123711,HCV,1b,100
ON123713,HCV,4d,100
ON123717,HCV,1b,100
ON123718,HCV,1a,100
OM312944,HCV,3a,100
ON123716,HCV,1a,100
OM312959,HCV,3a,100
OM312964,HCV,3a,100
KC845151,HCV,3a,100
KC845150,HCV,3a,100
ON123726,HCV,1b,99
KC845153,HCV,3a,100
KC845154,HCV,3a,100
KC845158,HCV,3a,100
KC845157,HCV,3a,100
KC845156,HCV,3a,100
KC845160,HCV,3a,100
KC845148,HCV,3a,100
KC845155,HCV,3a,100
KC845165,HCV,3a,100
ON123725,HCV,1b,100
KC845161,HCV,3a,100
KC845164,HCV,3a,100
KC845159,HCV,3a,100
OM312962,HCV,3a,100
ON123728,HCV,1b,100
KC845166,HCV,3a,100
KC845167,HCV,3a,100
KC845162,HCV,3a,100
KC845174,HCV,3a,100
KC845173,HCV,3a,100
KC845176,HCV,3a,100
KC845175,HCV,3a,100
KC845177,HCV,3a,100
KC845179,HCV,3a,100
KC845181,HCV,3a,100
KC845180,HCV,3a,100
KC845188,HCV,3a,100
KC845187,HCV,3a,100
OM312958,HCV,3a,100
KC845191,HCV,3a,100
KC845190,HCV,3a,100
KC845193,HCV,3a,100
KC845178,HCV,3a,100
KC845192,HCV,3a,100
KY460557,HCV,4d,100
KY460567,HCV,4d,100
KY460568,HCV,4d,100
KC845189,HCV,3a,100
KY460574,HCV,4d,100
KY460570,HCV,4d,100
KY460556,HCV,4d,100
KY460555,HCV,4d,100
KY460571,HCV,4d,100
KY460566,HCV,4d,100
KY460582,HCV,4d,100
KY460583,HCV,4d,100
KY460584,HCV,4d,100
KY460569,HCV,4d,100
KY460586,HCV,4a,100
KY460585,HCV,4d,100
KY460587,HCV,4d,100
KY460594,HCV,4d,100
KY460596,HCV,4d,100
KY460600,HCV,4d,100
KY460581,HCV,4d,100
KY460601,HCV,4d,100
KY460602,HCV,4d,100
KY460603,HCV,4d,100
KY460591,HCV,4d,100
KY460612,HCV,4d,100
KY460597,HCV,4d,100
KY460614,HCV,4d,100
KY460615,HCV,4d,100
KY460599,HCV,4d,100
KY460616,HCV,4d,100
KY460607,HCV,4d,100
KY460620,HCV,4d,100
KY460572,HCV,4d,100
KY460613,HCV,4d,100
KY460617,HCV,4d,100
MH477346,HCV,1e,100
MH477347,HCV,1e,100
MH477348,HCV,1e,100
MH477349,HCV,1e,100
MH477351,HCV,1g,98
MH477352,HCV,1g,90
MH477353,HCV,1h,100
MH477354,HCV,1h,100
MH477355,HCV,1h,100
KY460619,HCV,4d,100
MH477350,HCV,1e,100
MH477364,HCV,2j,95
MH477358,HCV,2j,80
MH477361,HCV,2j,86
ON228300,HCV,5a,100
MH477367,HCV,2j,73
ON228298,HCV,5a,100
MH477368,HCV,2a,64
MH477371,HCV,4f,50
MH477366,HCV,2q,39
MH477370,HCV,4m,67
ON228285,HCV,5a,100
MH477372,HCV,4f,100
MH477373,HCV,4f,100
MH477374,HCV,4f,100
ON228286,HCV,5a,100
ON228295,HCV,5a,100
ON228287,HCV,5a,100
MH477375,HCV,4f,100
MH477377,HCV,4f,100
MH477378,HCV,4f,100
MH477383,HCV,4f,100
MH477381,HCV,4f,100
MH477379,HCV,4f,100
MH477384,HCV,4f,100
MH477385,HCV,4f,100
MH477389,HCV,4f,100
MH477387,HCV,4f,100
MH477390,HCV,4f,100
MH477388,HCV,4f,100
MH477391,HCV,4f,100
MH477392,HCV,4f,100
MH477393,HCV,4f,100
MH477394,HCV,4f,100
MH477395,HCV,4f,100
MH477400,HCV,4v,75
AB600793,HCV,2a,100
AB600796,HCV,2a,100
MH477401,HCV,4p,99
AB600789,HCV,2a,100
AB600823,HCV,2b,100
AB600787,HCV,2a,100
AB600790,HCV,2a,100
AB600797,HCV,2a,100
AB600794,HCV,2a,100
AB600826,HCV,2b,100
AB600785,HCV,2a,100
AB600800,HCV,2a,100
AB600831,HCV,2b,100
AB600825,HCV,2b,100
AB600832,HCV,2b,100
AB600828,HCV,2b,100
AB600834,HCV,2b,100
U37669,HCV,1b,100
KJ678211,HCV,2a,100
KJ678210,HCV,2a,100
KJ678208,HCV,2a,100
KJ678206,HCV,2a,100
KJ678209,HCV,2a,100
KJ678201,HCV,2a,100
KJ678207,HCV,2a,100
KJ678216,HCV,2a,100
KJ678203,HCV,2a,100
KJ678215,HCV,2a,100
KJ678220,HCV,2a,100
KJ678219,HCV,2a,100
KJ678223,HCV,2a,100
KJ678213,HCV,2a,100
KJ678212,HCV,2a,100
KJ678225,HCV,2a,100
KJ678227,HCV,2a,100
KJ678205,HCV,2a,100
KJ678293,HCV,2a,100
KJ678295,HCV,2a,100
KJ678217,HCV,2a,100
KJ678294,HCV,2a,100
KJ678296,HCV,2a,100
KJ678299,HCV,2a,100
KJ678301,HCV,2a,100
KJ678302,HCV,2a,100
KJ678291,HCV,2a,100
KJ678303,HCV,2a,100
KJ678304,HCV,2a,100
KJ678308,HCV,2a,100
KJ678305,HCV,2a,100
KJ678306,HCV,2a,100
KJ678307,HCV,2a,100
KJ678292,HCV,2a,100
KJ678297,HCV,2a,100
KJ678311,HCV,2a,100
KJ678315,HCV,2a,100
KJ678312,HCV,2a,100
KJ678310,HCV,2a,100
KJ678317,HCV,2a,100
KJ678319,HCV,2a,100
KJ678320,HCV,2a,100
KJ678309,HCV,2a,100
KJ678321,HCV,2a,100
KJ678324,HCV,2a,100
KJ678322,HCV,2a,100
KJ678314,HCV,2a,100
KJ678318,HCV,2a,100
KJ678331,HCV,2a,100
KJ678333,HCV,2a,100
KJ678332,HCV,2a,100
KJ678218,HCV,2a,100
KJ678340,HCV,2a,100
KJ678328,HCV,2a,100
KJ678329,HCV,2a,100
KJ678342,HCV,2a,100
KJ678341,HCV,2a,100
KJ678330,HCV,2a,100
KJ678349,HCV,2a,100
KJ678351,HCV,2a,100
KJ678337,HCV,2a,100
KJ678352,HCV,2a,100
KJ678347,HCV,2a,100
KJ678353,HCV,2a,100
KJ678354,HCV,2a,100
KJ678336,HCV,2a,100
KJ678367,HCV,2a,100
KJ678368,HCV,2a,100
KJ678384,HCV,2a,100
KJ678381,HCV,2a,100
KJ678382,HCV,2a,100
KJ678388,HCV,2a,100
KJ678389,HCV,2a,100
KJ678390,HCV,2a,100
KJ678392,HCV,2a,100
KJ678394,HCV,2a,100
KJ678393,HCV,2a,100
KJ678359,HCV,2a,100
KJ678398,HCV,2a,100
KJ678395,HCV,2a,100
KJ678396,HCV,2a,100
KJ678397,HCV,2a,100
KJ678399,HCV,2a,100
KJ678407,HCV,2a,100
KJ678377,HCV,2a,100
KJ678408,HCV,2a,100
KJ678409,HCV,2a,100
KJ678411,HCV,2a,100
KJ678414,HCV,2a,100
KJ678410,HCV,2a,100
KJ678412,HCV,2a,100
KJ678365,HCV,2a,100
KJ678363,HCV,2a,100
KJ678415,HCV,2a,100
KJ678383,HCV,2a,100
KJ678413,HCV,2a,100
KJ678595,HCV,6a,100
KJ678593,HCV,6a,100
KJ678596,HCV,6a,100
KJ678606,HCV,6a,100
KJ678604,HCV,6a,100
KJ678603,HCV,6a,100
KJ678583,HCV,6a,100
KJ678614,HCV,6a,100
KJ678589,HCV,6a,100
KJ678621,HCV,6a,100
KJ678620,HCV,6a,100
KJ678624,HCV,6a,100
KJ678611,HCV,6a,100
KJ678631,HCV,6a,100
KJ678629,HCV,6a,100
KJ678626,HCV,6a,100
OM312946,HCV,3a,100
OM312943,HCV,3a,100
OM312942,HCV,3a,100
OM312941,HCV,3a,100
KJ678404,HCV,2a,100
KJ678585,HCV,6a,100
KJ678579,HCV,6a,100
KY460610,HCV,4d,100
MH477402,HCV,4p,100
MH477421,HCV,4f,100
MH562162,HCV,1a,100
MH562161,HCV,1a,100
MH562173,HCV,1a,100
MH562176,HCV,1b,100
MH562250,HCV,3a,100
MH562177,HCV,1b,100
MH562319,HCV,3a,100
OM312947,HCV,3a,100
OM312948,HCV,3a,100
OM312949,HCV,3a,100
OM312950,HCV,3a,100
OM312951,HCV,3a,100
OM312953,HCV,3a,100
OM312945,HCV,3a,100
ON123710,HCV,1b,100
ON123712,HCV,1b,100
OM312961,HCV,3a,100
OM312952,HCV,3a,100
OM312954,HCV,3a,100
ON123722,HCV,1b,100
ON123721,HCV,1b,100
ON123720,HCV,4a,100
ON123719,HCV,2a,100
ON123723,HCV,1b,100
ON123724,HCV,1b,100
OM312956,HCV,3a,100
ON123727,HCV,1a,100
OM312960,HCV,3a,100
ON123714,HCV,1b,100
ON123729,HCV,1a,100
OM312963,HCV,3a,100
KC845147,HCV,3a,100
KC845146,HCV,3a,100
OM312955,HCV,3a,100
KC845152,HCV,3a,100
KC845149,HCV,3a,100
KC845163,HCV,3a,100
KC845169,HCV,3a,100
OM312957,HCV,3a,100
KC845172,HCV,3a,100
KC845171,HCV,3a,100
KC845168,HCV,3a,100
KC845184,HCV,3a,100
KC845182,HCV,3a,100
KC845183,HCV,3a,100
KC845185,HCV,3a,100
KC845186,HCV,3a,100
KY460559,HCV,4d,100
KY460560,HCV,4d,100
KY460561,HCV,4d,100
KY460562,HCV,4d,100
KY460565,HCV,4d,100
KY460563,HCV,4d,100
KY460564,HCV,4d,100
KY460575,HCV,4d,100
KY460558,HCV,4d,100
KY460576,HCV,4d,100
KY460577,HCV,4a,100
KY460578,HCV,4d,100
KY460579,HCV,4d,100
KY460580,HCV,4d,100
KC845170,HCV,3a,63
KY460573,HCV,4d,100
KY460590,HCV,4d,100
KY460592,HCV,4d,100
KY460593,HCV,4d,100
KY460595,HCV,4d,100
KY460598,HCV,4d,100
KY460588,HCV,4d,100
KY460589,HCV,4d,100
KY460606,HCV,4d,100
KY460608,HCV,4d,100
KY460609,HCV,4d,100
KY460604,HCV,4d,100
KY460611,HCV,4d,100
KY460605,HCV,4d,100
KY460621,HCV,4d,100
KY460618,HCV,4d,100
MH477345,HCV,1e,100
ON228299,HCV,5a,100
MH477359,HCV,2j,49
MH477360,HCV,2j,86
MH477356,HCV,1h,100
ON228296,HCV,5a,100
ON228294,HCV,5a,100
MH477357,HCV,1l,100
MH477363,HCV,2j,85
ON228297,HCV,5a,100
MH477369,HCV,4a,81
MH477376,HCV,4f,100
MH477365,HCV,2j,60
MH477382,HCV,4f,100
MH477380,HCV,4f,100
MH477362,HCV,2j,67
MH477397,HCV,4v,72
MH477399,HCV,4p,59
MH477398,HCV,4p,42
MH477386,HCV,4f,100
MH477403,HCV,4v,63
MH477405,HCV,4t,95
MH477407,HCV,4t,56
MH477409,HCV,4t,100
MH477406,HCV,4t,96
MH477396,HCV,4f,100
MH477412,HCV,4t,100
MH477411,HCV,4t,87
MH477410,HCV,4t,56
MH477404,HCV,4p,91
MH477414,HCV,4t,66
MH477413,HCV,4t,82
ON228288,HCV,5a,100
AB600783,HCV,2a,100
AB600781,HCV,2a,100
MH477408,HCV,4t,87
AB600791,HCV,2a,100
AB600784,HCV,2a,100
AB600782,HCV,2a,100
AB600788,HCV,2a,100
AB600795,HCV,2a,100
AB600792,HCV,2a,100
AB600824,HCV,2b,100
AB600786,HCV,2a,100
AB600799,HCV,2a,100
MH477425,HCV,2a,96
AB600833,HCV,2b,100
AB600798,HCV,2a,100
AB600830,HCV,2b,100
U37660,HCV,1b,100
U37643,HCV,1b,100
U37642,HCV,1b,100
U37662,HCV,1b,100
U37641,HCV,1b,100
U37661,HCV,1b,100
U37665,HCV,1b,100
AB600827,HCV,2b,100
U37668,HCV,1b,100
U37671,HCV,1b,100
KJ678192,HCV,2a,100
U37664,HCV,1b,100
U37640,HCV,1b,100
AB600829,HCV,2b,100
KJ678193,HCV,2a,100
KJ678195,HCV,2a,100
KJ678194,HCV,2a,100
U37666,HCV,1b,100
U37670,HCV,1b,100
KJ678202,HCV,2a,100
U37663,HCV,1b,100
KJ678198,HCV,2a,100
KJ678199,HCV,2a,100
KJ678197,HCV,2a,100
U37667,HCV,1b,100
KJ678196,HCV,2a,100
KJ678200,HCV,2a,100
KJ678214,HCV,2a,100
KJ678221,HCV,2a,100
KJ678222,HCV,2a,100
KJ678228,HCV,2a,100
KJ678290,HCV,2a,100
KJ678289,HCV,2a,100
KJ678226,HCV,2a,100
KJ678298,HCV,2a,100
KJ678224,HCV,2a,100
KJ678300,HCV,2a,100
KJ678316,HCV,2a,100
KJ678326,HCV,2a,100
KJ678327,HCV,2a,100
KJ678313,HCV,2a,100
KJ678334,HCV,2a,100
KJ678323,HCV,2a,100
KJ678325,HCV,2a,100
KJ678343,HCV,2a,100
KJ678344,HCV,2a,100
KJ678335,HCV,2a,100
KJ678350,HCV,2a,100
KJ678355,HCV,2a,99
KJ678356,HCV,2a,100
KJ678338,HCV,2a,100
KJ678357,HCV,2a,100
KJ678358,HCV,2a,100
KJ678360,HCV,2a,100
KJ678364,HCV,2a,100
KJ678361,HCV,2a,100
KJ678339,HCV,2a,100
KJ678362,HCV,2a,100
KJ678345,HCV,2a,100
KJ678366,HCV,2a,100
KJ678204,HCV,2a,100
KJ678371,HCV,2a,100
KJ678369,HCV,2a,100
KJ678370,HCV,2a,100
KJ678372,HCV,2a,100
KJ678373,HCV,2a,100
KJ678375,HCV,2a,100
KJ678376,HCV,2a,100
KJ678380,HCV,2a,100
KJ678378,HCV,2a,100
KJ678379,HCV,2a,100
KJ678346,HCV,2a,100
KJ678348,HCV,2a,100
KJ678385,HCV,2a,100
KJ678386,HCV,2a,100
KJ678387,HCV,2a,100
KJ678391,HCV,2a,100
KJ678400,HCV,2a,100
KJ678402,HCV,2a,100
KJ678403,HCV,2a,100
KJ678406,HCV,2a,100
KJ678405,HCV,2a,100
KJ678417,HCV,2a,100
KJ678416,HCV,2a,100
KJ678374,HCV,2a,100
KJ678418,HCV,2a,100
KJ678419,HCV,2a,100
KJ678420,HCV,2a,100
KJ678401,HCV,2a,100
KJ678581,HCV,6a,100
KJ678580,HCV,6a,100
KJ678582,HCV,6a,100
KJ678584,HCV,6a,100
KJ678586,HCV,6a,100
KJ678590,HCV,6a,100
KJ678592,HCV,6a,100
KJ678597,HCV,6a,100
KJ678594,HCV,6a,100
KJ678598,HCV,6a,100
KJ678601,HCV,6a,100
KJ678602,HCV,6a,100
KJ678591,HCV,6a,100
KJ678588,HCV,6a,100
KJ678605,HCV,6a,100
KJ678608,HCV,6a,100
KJ678609,HCV,6a,100
KJ678607,HCV,6a,100
KJ678600,HCV,6a,100
KJ678610,HCV,6a,100
KJ678612,HCV,6a,100
KJ678616,HCV,6a,100
KJ678617,HCV,6a,100
KJ678615,HCV,6a,100
KJ678618,HCV,6a,100
KJ678619,HCV,6a,100
KJ678587,HCV,6a,100
KJ678622,HCV,6a,100
KJ678625,HCV,6a,100
KJ678630,HCV,6a,100
KJ678599,HCV,6a,100
KJ678623,HCV,6a,100
KJ678613,HCV,6a,100
KJ678632,HCV,6a,100
KJ678654,HCV,6a,100
KJ678656,HCV,6a,100
KJ678671,HCV,6a,100
KJ678680,HCV,6a,100
KJ678681,HCV,6a,100
KJ678684,HCV,6a,100
KJ678702,HCV,6a,100
KJ678703,HCV,6a,100
KJ678701,HCV,6a,100
KJ678705,HCV,6a,100
KJ678645,HCV,6a,100
KJ678706,HCV,6a,100
KJ678685,HCV,6a,100
KJ678700,HCV,6a,100
KJ678674,HCV,6a,100
KJ678699,HCV,6a,100
KJ678698,HCV,6a,100
KJ678708,HCV,6a,100
KJ678707,HCV,6a,100
KJ678709,HCV,6a,100
KJ678711,HCV,6a,100
KJ678683,HCV,6a,100
KJ678712,HCV,6a,100
KJ678714,HCV,6a,100
AB719738,HCV,1b,100
AB719810,HCV,1b,100
AB719811,HCV,1b,100
AB719814,HCV,1b,100
AB719798,HCV,1b,100
AB719817,HCV,1b,100
AB719803,HCV,1b,100
AB719800,HCV,1b,100
AB719824,HCV,1b,100
AB719822,HCV,1b,100
AB719815,HCV,1b,100
AB719807,HCV,1b,100
AB719823,HCV,1b,100
AB719820,HCV,1b,100
AB719831,HCV,1b,100
AB719834,HCV,1b,100
AB719821,HCV,1b,100
AB719832,HCV,1b,100
AB719835,HCV,1b,100
AB719812,HCV,1b,100
AB719837,HCV,1b,100
AB719816,HCV,1b,100
AB719826,HCV,1b,100
AY689295,HCV,1a,100
AY689296,HCV,1a,100
AB719830,HCV,1b,100
AY689309,HCV,1a,100
AY689307,HCV,1a,100
AB719840,HCV,1b,100
AY689308,HCV,1a,100
AY689290,HCV,1b,100
AY689314,HCV,1a,100
AB719842,HCV,1b,100
AY689312,HCV,1a,100
AB719829,HCV,1b,100
AY689315,HCV,1a,100
AY689318,HCV,1a,100
AB719841,HCV,1b,100
AY689326,HCV,3a,100
AY689327,HCV,3a,100
AY689329,HCV,3a,100
AY689328,HCV,3a,100
AY689301,HCV,1a,100
AY689306,HCV,1a,100
AB725988,HCV,4a,100
AY689316,HCV,1a,100
AB725989,HCV,4a,100
AB725987,HCV,4a,100
AB725997,HCV,4a,100
AB725991,HCV,4a,100
AB726000,HCV,4a,100
AB725999,HCV,4a,100
AB726002,HCV,4a,100
AB726003,HCV,4a,100
AB725994,HCV,4a,100
AB725990,HCV,4a,100
AB725998,HCV,4a,100
AB726008,HCV,4a,100
AB726004,HCV,4a,100
AB726011,HCV,4a,100
AB726005,HCV,4a,100
AB726010,HCV,4a,100
AB725992,HCV,4a,100
AB726015,HCV,4a,100
AB726018,HCV,4a,100
AB726017,HCV,4a,100
AB726019,HCV,4a,100
AB726025,HCV,4n,100
AB726022,HCV,4m,100
AB726021,HCV,4m,100
AB726006,HCV,4a,100
AB726024,HCV,4n,100
AB726028,HCV,4o,100
AB726009,HCV,4a,100
AB726027,HCV,4o,100
AB726023,HCV,4m,100
FJ932360,HCV,1a,100
AB726012,HCV,4a,100
AB726016,HCV,4a,100
AB726029,HCV,4o,98
MK611999,HCV,1a,100
MK612002,HCV,1a,100
KX107891,HCV,6j,100
MK612029,HCV,1a,100
MT893916,HCV,4c,66
KX107849,HCV,5a,100
KX107850,HCV,5a,100
KX107858,HCV,6a,100
KX107874,HCV,5a,100
KX107876,HCV,5a,100
KX107878,HCV,6n,100
KX107883,HCV,6a,100
KX107889,HCV,6a,100
MH885687,HCV,4d,100
MH885707,HCV,4d,100
MH885711,HCV,1a,100
MH885717,HCV,1a,100
MH885737,HCV,1a,100
MH885738,HCV,1a,100
MH885736,HCV,1a,100
MH885744,HCV,1a,100
MH885741,HCV,1a,100
MH885739,HCV,1a,100
MH885742,HCV,1a,100
MH885743,HCV,1a,100
FJ709590,HCV,1b,100
FJ709512,HCV,1b,100
KC123470,HCV,1b,100
KC123471,HCV,1b,100
KC123472,HCV,1b,100
AB719597,HCV,1b,100
AB719598,HCV,1b,100
AB719600,HCV,2b,100
AB719599,HCV,1b,100
AB719602,HCV,1b,100
AB719603,HCV,1b,100
AB719601,HCV,1b,100
AB719604,HCV,1b,100
AB719610,HCV,1b,100
AB719612,HCV,1b,100
AB719614,HCV,1b,100
AB719621,HCV,1b,100
AB719625,HCV,1b,100
OM525906,HCV,1b,100
AB719631,HCV,1b,100
AB719645,HCV,1b,100
AB719644,HCV,1b,100
AB719643,HCV,1b,100
OM525903,HCV,2q,92
AB719656,HCV,1b,100
AB719638,HCV,1b,100
AB719659,HCV,1b,100
AB719660,HCV,1b,100
AB719661,HCV,1b,100
AB719658,HCV,1b,100
OM525909,HCV,1a,100
AB719671,HCV,1b,100
AB719672,HCV,1b,100
AB719673,HCV,1b,100
AB719648,HCV,1b,100
AB719675,HCV,1b,100
AB719677,HCV,1b,100
AB719680,HCV,1b,100
AB719676,HCV,1b,100
AB719684,HCV,1b,100
AB719686,HCV,1b,100
AB719678,HCV,1b,100
AB719689,HCV,1b,100
AB719694,HCV,1b,100
AB719691,HCV,1b,100
AB719688,HCV,1b,100
AB719702,HCV,1b,100
AB719703,HCV,1b,100
AB719705,HCV,1b,100
AB719704,HCV,1b,100
AB719706,HCV,1b,100
AB719707,HCV,1b,100
AB719700,HCV,1b,100
AB719718,HCV,1b,100
AB719734,HCV,1b,100
AB719711,HCV,1b,100
AB719724,HCV,1b,100
AB719737,HCV,1b,100
MK612023,HCV,3a,100
MK612035,HCV,3a,100
MK612026,HCV,3a,100
MT893901,HCV,4c,78
MT893905,HCV,4r,100
MT893899,HCV,4r,100
MT893906,HCV,4r,100
MH940292,HCV,3a,68
MT893924,HCV,4r,100
KT190710,HCV,6e,62
KX107892,HCV,5a,100
MK612020,HCV,2a,100
MT893918,HCV,4k,100
KX107851,HCV,5a,100
KX107848,HCV,5a,100
KX107854,HCV,6a,100
KX107853,HCV,6e,100
MK612038,HCV,4a,100
KX107855,HCV,5a,100
KX107856,HCV,6l,100
KX107857,HCV,6l,100
KX107852,HCV,6a,100
KX107872,HCV,5a,100
KX107880,HCV,6n,100
KX107875,HCV,5a,100
KX107873,HCV,5a,100
KX107859,HCV,5a,100
KX107885,HCV,5a,100
KX107884,HCV,6e,100
KX107888,HCV,6e,100
KX107882,HCV,6e,100
KX107887,HCV,6a,100
KX107879,HCV,6f,100
KX107877,HCV,6i,100
MH458977,HCV,3a,100
KX107860,HCV,6e,100
KX107894,HCV,6o,100
KX107881,HCV,6l,100
MH458981,HCV,3b,100
KX107886,HCV,6e,100
MH458980,HCV,6xa,100
KX107896,HCV,6e,100
MH458984,HCV,6xa,100
MH458979,HCV,6n,100
MH458987,HCV,3b,100
MH458988,HCV,3b,100
MH885655,HCV,1a,100
MH885657,HCV,1a,100
MH885665,HCV,1a,100
MH885671,HCV,1a,100
MH885673,HCV,1a,100
MH458986,HCV,6n,100
MH885686,HCV,4d,100
MH885706,HCV,1a,100
MH885712,HCV,1a,100
MH885708,HCV,4d,100
MH885758,HCV,1a,100
MH885769,HCV,4d,100
MH885766,HCV,4d,100
MH733014,HCV,1b,100
MH885763,HCV,1a,100
MH733017,HCV,1b,100
MH733018,HCV,1b,100
MH733019,HCV,1b,100
MH885772,HCV,4d,100
MH733015,HCV,1b,100
MH733012,HCV,1b,100
MH733025,HCV,1b,100
MH733013,HCV,1b,100
MH733023,HCV,1b,100
MH733026,HCV,1b,100
MH733030,HCV,1b,100
MH733033,HCV,1b,100
MH733029,HCV,1b,100
MH733020,HCV,1b,100
MH733031,HCV,1b,100
MH733021,HCV,1b,100
MH733034,HCV,1b,100
MH733024,HCV,1b,100
MH733037,HCV,1b,100
MH733036,HCV,1b,100
MH733048,HCV,1b,100
MH733053,HCV,1a,100
MH733051,HCV,1a,100
MH733038,HCV,1b,100
MH733044,HCV,1b,100
MH733047,HCV,1b,100
MH733032,HCV,1b,100
MH733028,HCV,1b,100
MH733052,HCV,1a,100
MH733035,HCV,1b,100
MH733057,HCV,1a,100
MH733058,HCV,1a,100
MH733045,HCV,1b,100
MH733055,HCV,1a,100
MH733050,HCV,1a,100
MH733062,HCV,1a,100
MH733061,HCV,1a,100
MH733064,HCV,1a,100
MH733060,HCV,1a,100
MH733069,HCV,1a,100
MH733056,HCV,1a,100
MH733071,HCV,1a,100
MH733070,HCV,1a,100
MH733075,HCV,1a,100
MH733166,HCV,1b,100
MH733073,HCV,1a,100
MH733172,HCV,1b,100
MH733164,HCV,1b,100
MH733171,HCV,1b,100
MH733163,HCV,1b,100
MH733169,HCV,1b,100
MH733183,HCV,1b,100
MH733162,HCV,1b,100
MH733170,HCV,1b,100
MH733181,HCV,1b,100
MH733185,HCV,1b,100
MH733179,HCV,1b,100
MH733188,HCV,1b,100
MH733187,HCV,1b,100
MH733186,HCV,1b,100
MH733189,HCV,1b,100
MH733167,HCV,1b,100
MH733190,HCV,1b,100
MH733191,HCV,1b,100
MH733194,HCV,1b,100
MH733177,HCV,1b,100
MH733193,HCV,1b,100
MH733184,HCV,1b,100
MH733198,HCV,1b,100
MH733196,HCV,1b,100
MH733175,HCV,1b,100
MH733199,HCV,1b,100
MH733201,HCV,1b,100
MH733192,HCV,1b,100
MH733206,HCV,1b,100
MH733203,HCV,1b,100
MH733195,HCV,1b,100
MH733207,HCV,1b,100
MH733197,HCV,1b,100
MH733176,HCV,1b,100
MH733210,HCV,1b,100
MH733211,HCV,1a,100
MH733202,HCV,1b,100
MH733214,HCV,1a,100
MH733174,HCV,1b,100
MH733208,HCV,1b,100
MH733216,HCV,1a,100
MH733212,HCV,1a,100
MH733205,HCV,1b,100
MH733219,HCV,1a,100
MH733213,HCV,1a,100
MH733218,HCV,1a,100
MH733220,HCV,1a,100
MH733222,HCV,1a,100
MH733200,HCV,1b,100
MH733225,HCV,1a,100
MH733217,HCV,1a,100
MH733204,HCV,1b,100
MH733228,HCV,1a,100
MH733235,HCV,1a,100
MH733240,HCV,1a,100
MK215008,HCV,1b,100
MH733209,HCV,1b,100
MH733227,HCV,1a,100
MH733230,HCV,1a,100
MH733224,HCV,1a,100
MN650762,HCV,1a,100
MN650771,HCV,1a,100
MN650773,HCV,1a,100
MN650772,HCV,1a,100
MN650775,HCV,3a,100
MK215016,HCV,1b,100
MN650776,HCV,3a,100
MN650764,HCV,1a,100
MN650783,HCV,3a,100
MN650768,HCV,1a,100
MK215015,HCV,1b,100
MN650791,HCV,3a,100
MN650787,HCV,3a,100
MN650798,HCV,3a,100
MN650797,HCV,3a,100
MN650802,HCV,4d,100
MN650807,HCV,"unassigned_1, 1a-4d",NA
MN650813,HCV,1a,100
FJ709522,HCV,1b,100
FJ709520,HCV,1b,100
MN650804,HCV,4d,100
FJ709523,HCV,1b,100
FJ709539,HCV,1b,100
FJ709536,HCV,1b,100
FJ709556,HCV,1b,100
FJ709560,HCV,1b,100
FJ709558,HCV,1b,100
FJ709561,HCV,1b,100
FJ709550,HCV,1b,100
FJ709572,HCV,1b,100
FJ709571,HCV,1b,100
FJ709586,HCV,1b,100
FJ709589,HCV,1b,100
FJ709577,HCV,1b,100
FJ709566,HCV,1b,100
FJ709579,HCV,1b,100
FJ709580,HCV,1b,100
FJ709594,HCV,1b,100
FJ709588,HCV,1b,100
DQ793141,HCV,3a,66
DQ793139,HCV,3a,100
DQ793143,HCV,3a,45
FJ709587,HCV,1b,100
FJ709596,HCV,1b,100
FJ709592,HCV,1b,100
DQ793148,HCV,3a,76
FJ709591,HCV,1b,100
DQ793146,HCV,3a,63
DQ793147,HCV,3a,100
DQ793157,HCV,3a,100
DQ793154,HCV,3a,100
DQ793155,HCV,3a,100
FJ709497,HCV,1b,100
DQ793136,HCV,3a,100
DQ793145,HCV,3a,84
FJ709506,HCV,1b,100
FJ709505,HCV,1b,100
FJ709508,HCV,1b,100
FJ709510,HCV,1b,100
DQ793153,HCV,3a,100
DQ793149,HCV,3a,100
DQ793150,HCV,3a,100
FJ709504,HCV,1b,100
KF460472,HCV,1b,100
KF460470,HCV,1b,100
FJ709501,HCV,1b,100
KF460474,HCV,1b,100
FJ709507,HCV,1b,100
DQ793151,HCV,3a,71
FJ709511,HCV,1b,100
DQ793159,HCV,3a,74
KF460477,HCV,1b,100
FJ709509,HCV,1b,100
KF460486,HCV,1b,100
KF460471,HCV,1b,100
KF460491,HCV,1b,100
KF460489,HCV,1b,100
KF460493,HCV,1b,100
KF460494,HCV,1b,100
KJ704193,HCV,1b,100
KF460480,HCV,1b,100
KJ704194,HCV,1b,100
KF460495,HCV,1b,100
FJ828858,HCV,1b,100
FJ828849,HCV,1b,100
FJ828845,HCV,1b,100
KC123435,HCV,1b,100
KC123434,HCV,1b,100
KC123446,HCV,1b,100
KC123449,HCV,1b,100
KC123442,HCV,1b,100
KC123445,HCV,1b,100
KC123439,HCV,1b,100
KC123444,HCV,1b,100
KC123441,HCV,1b,100
KC123443,HCV,1b,100
KC123450,HCV,1b,100
KC123440,HCV,1b,100
KC123452,HCV,1b,100
KC123436,HCV,1b,100
KC123448,HCV,1b,100
KC123447,HCV,1b,100
KC123453,HCV,1b,100
KC123451,HCV,1b,100
KC123454,HCV,1b,100
KC123456,HCV,1b,100
KC123455,HCV,1b,100
KC123458,HCV,1b,100
KC123464,HCV,1b,100
KC123460,HCV,1b,100
KC123465,HCV,1b,100
KC123463,HCV,1b,100
KC123462,HCV,1b,100
KC123457,HCV,1b,100
AB719759,HCV,1b,100
AB719743,HCV,1b,100
AB719761,HCV,1b,100
AB719766,HCV,1b,100
AB719774,HCV,1b,100
AB719764,HCV,1b,100
AB719789,HCV,1b,100
AB719790,HCV,1b,100
AB719792,HCV,1b,100
AB719801,HCV,1b,100
AB719779,HCV,1b,100
AB719799,HCV,1b,100
AB719806,HCV,1b,100
AB719809,HCV,1b,100
AB719794,HCV,1b,100
AB719819,HCV,1b,100
AB719818,HCV,1b,100
AB719808,HCV,1b,100
AB719828,HCV,1b,100
AB719825,HCV,1b,100
AB719833,HCV,1b,100
AB719804,HCV,1b,100
AB719836,HCV,1b,100
AB719839,HCV,1b,100
AY689298,HCV,1a,100
AY689293,HCV,1a,100
AY689299,HCV,1a,100
AB719838,HCV,1b,100
AY689297,HCV,1a,100
AY689300,HCV,1a,100
AY689302,HCV,1a,100
AY689304,HCV,1a,100
AB719827,HCV,1b,100
AY689303,HCV,1a,100
AY689311,HCV,1a,100
AY689305,HCV,1a,100
AY689310,HCV,1a,100
AY689292,HCV,1a,100
AY689321,HCV,1a,100
AY689313,HCV,1a,100
AY689322,HCV,1a,100
AY689325,HCV,3a,100
AY689320,HCV,1a,100
AB725993,HCV,4a,100
AY689317,HCV,1a,100
AB725995,HCV,4a,100
AY689319,HCV,1a,100
AY689324,HCV,3a,100
AB725996,HCV,4a,100
AB726007,HCV,4a,100
AB726001,HCV,4a,100
AB726014,HCV,4a,100
AB726020,HCV,4a,100
AB726013,HCV,4a,100
AB726026,HCV,4n,100
MH885721,HCV,1a,100
MH885719,HCV,1a,100
MH885716,HCV,1a,100
AB719605,HCV,1b,100
AB719606,HCV,1b,100
AB719607,HCV,1b,100
AB719608,HCV,1b,100
AB719609,HCV,1b,100
AB719611,HCV,1b,100
AB719613,HCV,1b,100
OM525876,HCV,1b,100
AB719615,HCV,1b,100
AB719616,HCV,1b,100
AB719619,HCV,1b,100
AB719618,HCV,1b,100
AB719620,HCV,1b,100
OM525888,HCV,1b,100
AB719617,HCV,1b,100
AB719622,HCV,1b,100
AB719623,HCV,1b,100
AB719624,HCV,1b,100
OM525894,HCV,1b,100
OM525902,HCV,1a,100
AB719627,HCV,1b,100
OM525885,HCV,2j,96
AB719629,HCV,1b,100
OM525896,HCV,1b,100
AB719633,HCV,1b,100
AB719626,HCV,1b,100
AB719628,HCV,1b,100
AB719630,HCV,1b,100
AB719634,HCV,1b,100
AB719635,HCV,1b,100
AB719639,HCV,1b,100
AB719636,HCV,1b,100
AB719637,HCV,1b,100
AB719642,HCV,1b,100
AB719649,HCV,1b,100
AB719647,HCV,1b,100
AB719650,HCV,1b,100
AB719651,HCV,1b,100
OM525889,HCV,1b,100
AB719641,HCV,1b,100
AB719640,HCV,1b,100
AB719652,HCV,1b,100
AB719653,HCV,1b,100
AB719654,HCV,1b,100
AB719655,HCV,1b,100
AB719657,HCV,1b,100
OM525891,HCV,1a,100
AB719646,HCV,1b,100
AB719666,HCV,1b,100
AB719663,HCV,1b,100
AB719662,HCV,1b,100
AB719664,HCV,1b,100
AB719669,HCV,1b,100
AB719670,HCV,1b,100
AB719674,HCV,1b,100
AB719679,HCV,1b,100
AB719665,HCV,1b,100
AB719681,HCV,1b,100
AB719683,HCV,1b,100
AB719685,HCV,1b,100
AB719682,HCV,1b,100
AB719695,HCV,1b,100
AB719693,HCV,1b,100
OM525897,HCV,1b,100
AB719696,HCV,1b,100
AB719668,HCV,1b,100
AB719632,HCV,1b,100
AB719667,HCV,1b,100
AB719697,HCV,1b,100
AB719701,HCV,1b,100
AB719690,HCV,1b,100
AB719710,HCV,1b,100
AB719708,HCV,1b,100
AB719698,HCV,1b,100
AB719715,HCV,1b,100
AB719714,HCV,1b,100
AB719692,HCV,1b,100
AB719713,HCV,1b,100
AB719716,HCV,1b,100
AB719709,HCV,1b,100
AB719719,HCV,1b,100
AB719717,HCV,1b,100
AB719720,HCV,1b,100
AB719722,HCV,1b,100
AB719721,HCV,1b,100
AB719725,HCV,1b,100
AB719723,HCV,1b,100
AB719727,HCV,1b,100
AB719699,HCV,1b,100
AB719726,HCV,1b,100
AB719712,HCV,1b,100
AB719732,HCV,1b,100
AB719735,HCV,1b,100
MT893903,HCV,4r,100
MT893902,HCV,4k,100
MT893904,HCV,4c,91
MT893915,HCV,4r,100
MT893917,HCV,4c,66
MT893919,HCV,4r,100
MT893900,HCV,4c,92
MT893923,HCV,4r,100
MT893920,HCV,4r,100
MT893922,HCV,4c,86
KT190711,HCV,6e,56
MK612032,HCV,3a,100
MT893921,HCV,4k,93
KX107861,HCV,6a,100
MH458978,HCV,6xa,100
KX107895,HCV,6e,100
MH458990,HCV,3b,100
MH458983,HCV,6n,100
MH458989,HCV,1a,100
MH458985,HCV,3b,100
MH458997,HCV,3a,100
MH458992,HCV,3b,100
MH458993,HCV,6xa,100
MH458994,HCV,6n,100
MH885654,HCV,1a,100
MH458991,HCV,1a,100
FJ518803,HCV,1a,100
MH885658,HCV,1a,100
MH885656,HCV,1a,100
KX107897,HCV,6e,100
MH885661,HCV,1a,100
MH885662,HCV,1a,100
MH885659,HCV,1a,100
MH459000,HCV,3a,100
MH885664,HCV,1a,100
MH885667,HCV,1a,100
MH885663,HCV,1a,100
MH458982,HCV,6n,100
MH885668,HCV,1a,100
MH885669,HCV,1a,100
MH885672,HCV,1a,100
MH885670,HCV,1a,100
MH885679,HCV,4d,100
MH885677,HCV,1a,100
MH885674,HCV,1a,100
MH885681,HCV,4d,100
MH885680,HCV,4d,100
MH458999,HCV,1a,100
MH458995,HCV,6n,100
MH885678,HCV,4d,100
MH458998,HCV,6e,51
MH885683,HCV,4d,100
MH885688,HCV,4d,100
MH885682,HCV,4d,100
MH885689,HCV,4d,100
MH885692,HCV,4d,100
MH885684,HCV,4d,100
MH885675,HCV,1a,100
MH885691,HCV,4d,100
MH885690,HCV,4d,100
MH885693,HCV,1a,100
MH885697,HCV,1a,100
MH885694,HCV,4d,100
MH885660,HCV,1a,100
MH885699,HCV,1a,100
MH885700,HCV,1a,100
MH885676,HCV,1a,100
MH885701,HCV,1a,100
MH885696,HCV,4d,100
MH885695,HCV,1a,100
MH885703,HCV,1a,100
MH885685,HCV,4d,100
MH885709,HCV,4d,100
MH885705,HCV,1a,100
MH885704,HCV,1a,100
MH885714,HCV,1a,100
MH458996,HCV,6n,100
MH885710,HCV,4d,100
MH885713,HCV,1a,100
MH885722,HCV,1a,100
MH885698,HCV,1a,100
MH885723,HCV,1a,100
MH885724,HCV,1a,100
MH885726,HCV,1a,100
MH885725,HCV,1a,100
MH885666,HCV,1a,100
MH885720,HCV,1a,100
MH885702,HCV,1a,100
MH885728,HCV,1a,100
MH885730,HCV,1a,100
MH885729,HCV,1a,100
MH885718,HCV,1a,100
MH885727,HCV,1a,100
MH885733,HCV,1a,100
MH885734,HCV,1a,100
MH885731,HCV,1a,100
MH885732,HCV,1a,100
MH885715,HCV,1a,100
MH885735,HCV,1a,100
MH885740,HCV,1a,100
MH885745,HCV,1a,100
MH885747,HCV,1a,100
MH885746,HCV,1a,100
MH885750,HCV,1a,100
MH885748,HCV,1a,100
MH885749,HCV,1a,100
MH885752,HCV,1a,100
MH885751,HCV,1a,100
MH885756,HCV,1a,100
MH885759,HCV,1a,100
MH885764,HCV,1a,100
MH885762,HCV,1a,100
MH885757,HCV,1a,100
MH885765,HCV,1a,100
MH885767,HCV,4d,100
MH885753,HCV,1a,100
MH885754,HCV,1a,100
MH885755,HCV,1a,100
MH885760,HCV,1a,100
MH885773,HCV,4d,100
MH885774,HCV,4d,100
MH885775,HCV,4d,100
MH885776,HCV,4d,100
MH885777,HCV,4d,100
MH885768,HCV,4d,100
MH885761,HCV,1a,100
MH885770,HCV,4d,100
MH733027,HCV,1b,100
MH885771,HCV,4d,100
MH733022,HCV,1b,100
MH733016,HCV,1b,100
MH733040,HCV,1b,100
MH733043,HCV,1b,100
MH733042,HCV,1b,100
MH733039,HCV,1b,100
MH733041,HCV,1b,100
MH733046,HCV,1b,100
MH733049,HCV,1b,100
MH733059,HCV,1a,100
MH733067,HCV,1a,100
MH733068,HCV,1a,100
MH733063,HCV,1a,100
MH733054,HCV,1a,100
MH733072,HCV,1a,100
MH733074,HCV,1a,100
MH733066,HCV,1a,100
MH733076,HCV,1a,100
MH733077,HCV,1a,100
MH733178,HCV,1b,100
MH733165,HCV,1b,100
MH733065,HCV,1a,100
MH733182,HCV,1b,100
MH733180,HCV,1b,100
MH733168,HCV,1b,100
MH733223,HCV,1a,100
MH733226,HCV,1a,100
MH733215,HCV,1a,100
MH733229,HCV,1a,100
MH733231,HCV,1a,100
MH733221,HCV,1a,100
MK215006,HCV,1b,100
MK215007,HCV,1b,100
MK215009,HCV,1b,100
MK215010,HCV,1b,100
MH733237,HCV,1a,100
MK215011,HCV,1b,100
MK215013,HCV,1b,100
MK215012,HCV,1b,100
MK215014,HCV,1b,100
MH733233,HCV,1a,100
MH733234,HCV,1a,100
MN650759,HCV,1a,100
MK215017,HCV,1b,100
MN650761,HCV,1a,100
MH733236,HCV,1a,100
MN650763,HCV,1a,100
MN650760,HCV,1a,100
MN650765,HCV,1a,100
MH733238,HCV,1a,100
MH733239,HCV,1a,100
MH733232,HCV,1a,100
MN650767,HCV,1a,100
MN650770,HCV,1a,100
MN650774,HCV,1a,100
MN650758,HCV,1a,100
MN650780,HCV,3a,100
MN650778,HCV,3a,100
MN650779,HCV,3a,100
MN650766,HCV,1a,100
MN650781,HCV,3a,100
MN650782,HCV,3a,100
MN650769,HCV,1a,100
MN650789,HCV,3a,100
MN650790,HCV,3a,100
MN650794,HCV,3a,100
MN650795,HCV,3a,100
MN650793,HCV,3a,100
MN650796,HCV,3a,100
MN650799,HCV,4d,100
MN650777,HCV,3a,100
MN650801,HCV,4d,100
MN650805,HCV,4d,100
MN650806,HCV,4d,100
MN650785,HCV,3a,100
MN650786,HCV,3a,100
MN650808,HCV,1a,100
MN650810,HCV,1a,100
MN650788,HCV,3a,100
MN650784,HCV,3a,100
MN650816,HCV,4d,100
MN650811,HCV,1a,100
MN650815,HCV,4d,100
MN650814,HCV,3a,100
MN650792,HCV,3a,100
FJ709513,HCV,1b,100
FJ709516,HCV,1b,100
MN650817,HCV,4d,100
FJ709517,HCV,1b,100
MN650800,HCV,4d,100
MN650812,HCV,1a,100
FJ709518,HCV,1b,100
MN650803,HCV,4d,100
FJ709519,HCV,1b,100
FJ709524,HCV,1b,100
FJ709525,HCV,1b,100
FJ709526,HCV,1b,100
FJ709530,HCV,1b,100
FJ709529,HCV,1b,100
FJ709527,HCV,1b,100
FJ709528,HCV,1b,100
FJ709532,HCV,1b,100
FJ709533,HCV,1b,100
FJ709534,HCV,1b,100
FJ709535,HCV,1a,100
MN650809,HCV,1a,100
FJ709537,HCV,1b,100
MN650818,HCV,4d,100
FJ709538,HCV,1b,100
FJ709540,HCV,1b,100
MN650819,HCV,3a,100
FJ709545,HCV,1b,100
FJ709542,HCV,1b,100
FJ709544,HCV,1b,100
FJ709546,HCV,1b,100
FJ709549,HCV,1b,100
FJ709548,HCV,1b,100
FJ709514,HCV,1b,100
FJ709552,HCV,1b,100
FJ709531,HCV,1b,100
FJ709521,HCV,1b,100
FJ709553,HCV,1b,100
FJ709547,HCV,1b,100
FJ709554,HCV,1b,100
FJ709515,HCV,1b,100
FJ709559,HCV,1b,100
FJ709541,HCV,1b,100
FJ709564,HCV,1b,100
FJ709565,HCV,1b,100
FJ709567,HCV,1b,100
FJ709568,HCV,1b,100
FJ709543,HCV,1b,100
FJ709569,HCV,1b,100
FJ709570,HCV,1b,100
FJ709551,HCV,1b,100
FJ709573,HCV,1b,100
FJ709562,HCV,1b,100
FJ709574,HCV,1b,100
FJ709575,HCV,1b,100
FJ709555,HCV,1b,100
FJ709576,HCV,1b,100
FJ709581,HCV,1b,100
FJ709578,HCV,1b,100
FJ709557,HCV,1b,100
FJ709583,HCV,1b,100
FJ709584,HCV,1b,100
FJ709563,HCV,1b,100
FJ709585,HCV,1b,100
FJ709593,HCV,1b,100
DQ793137,HCV,3a,62
DQ793138,HCV,3a,100
DQ793142,HCV,3a,100
FJ709582,HCV,1b,100
FJ709595,HCV,1b,100
DQ793152,HCV,3a,100
DQ793140,HCV,3a,100
DQ793156,HCV,3a,100
FJ709498,HCV,1b,100
FJ709499,HCV,1b,100
DQ793144,HCV,3a,69
DQ793158,HCV,3g,34
FJ709500,HCV,1b,100
FJ709502,HCV,1b,100
FJ709503,HCV,1b,100
KF460475,HCV,1b,100
KF460478,HCV,1b,100
KF460479,HCV,1b,100
KF460469,HCV,1b,100
KF460483,HCV,1b,100
KF460482,HCV,1b,100
KF460473,HCV,1b,100
KF460487,HCV,1b,100
KF460468,HCV,1b,100
KF460485,HCV,1b,100
KF460476,HCV,1b,100
KF460492,HCV,1b,100
KF460488,HCV,1b,100
KF460481,HCV,1b,100
KJ704198,HCV,1b,100
KJ704197,HCV,1b,100
FJ828844,HCV,1b,100
KF460484,HCV,1b,100
FJ828846,HCV,1b,100
FJ828847,HCV,1b,100
KF460490,HCV,1b,100
KJ704196,HCV,1b,100
FJ828851,HCV,1b,100
FJ828850,HCV,1b,100
FJ828853,HCV,1b,100
FJ828855,HCV,1b,100
KJ704195,HCV,1b,100
FJ828857,HCV,1b,100
FJ828848,HCV,1b,100
FJ828852,HCV,1b,100
FJ828854,HCV,1b,100
FJ828856,HCV,1b,100
KC123438,HCV,1b,100
KC123437,HCV,1b,100
KC123469,HCV,1b,100
KC123461,HCV,1b,100
KC123468,HCV,1b,100
KC123459,HCV,1b,100
KC123466,HCV,1b,100
KC123467,HCV,1b,100
OM525895,HCV,"unassigned_1, 1b-2a",NA
OM525890,HCV,2j,72
OM525892,HCV,1b,100
AY689291,HCV,1a,100
AY689289,HCV,1b,100
AY689294,HCV,1a,100
MK612005,HCV,3a,100
MK612008,HCV,1a,100
KX107893,HCV,6e,100
MK612014,HCV,1a,100
MK612011,HCV,3a,100
AY689323,HCV,3a,100
KX107890,HCV,6a,100
AB719739,HCV,1b,100
AB719742,HCV,1b,100
AB719736,HCV,1b,100
AB719740,HCV,1b,100
AB719744,HCV,1b,100
AB719729,HCV,1b,100
MK612017,HCV,3a,100
AB719741,HCV,1b,100
AB719733,HCV,1b,100
AB719746,HCV,1b,100
AB719750,HCV,1b,100
AB719728,HCV,1b,100
AB719730,HCV,1b,100
AB719731,HCV,1b,100
AB719753,HCV,1b,100
AB719768,HCV,1b,100
AB719758,HCV,1b,100
AB719776,HCV,1b,100
AB719777,HCV,1b,100
AB719762,HCV,1b,100
AB719778,HCV,1b,100
AB719780,HCV,1b,100
AB719771,HCV,1b,100
AB719782,HCV,1b,100
AB719755,HCV,1b,100
AB719783,HCV,1b,100
AB719770,HCV,1b,100
AB719772,HCV,1b,100
AB719787,HCV,1b,100
AB719786,HCV,1b,100
AB719793,HCV,1b,100
AB719773,HCV,1b,100
AB719805,HCV,1b,100
AB719781,HCV,1b,100
AB719802,HCV,1b,100
AB719813,HCV,1b,100
AB719748,HCV,1b,100
AB719747,HCV,1b,100
AB719745,HCV,1b,100
AB719754,HCV,1b,100
AB719763,HCV,1b,100
AB719765,HCV,1b,100
AB719687,HCV,1b,100
AB719769,HCV,1b,100
AB719767,HCV,1b,100
AB719775,HCV,1b,100
AB719796,HCV,1b,100
AB719788,HCV,1b,100
AB719785,HCV,1b,100
AB719797,HCV,1b,100
AB719791,HCV,1b,100
AB719795,HCV,1b,100
AB719784,HCV,1b,100
AB719752,HCV,1b,100
AB719756,HCV,1b,100
AB719749,HCV,1b,100
AB719757,HCV,1b,100
AB719760,HCV,1b,100
AB719751,HCV,1b,100
KC123619,HCV,1b,100
KC124440,HCV,1b,100
KC124442,HCV,1b,100
KC124444,HCV,1b,100
KC124445,HCV,1b,100
KC124443,HCV,1b,100
KC124441,HCV,1b,100
KC124446,HCV,1b,100
KC124450,HCV,1b,100
KC124449,HCV,1b,100
KC124451,HCV,1b,100
KC124447,HCV,1b,100
KC124452,HCV,1b,100
KC124455,HCV,1b,100
KC124453,HCV,1b,100
KC124458,HCV,1b,100
KC124459,HCV,1b,100
KC124456,HCV,1b,100
KC124457,HCV,1b,100
KC124461,HCV,1b,100
KC124463,HCV,1b,100
KC124464,HCV,1b,100
KC124462,HCV,1b,100
KC124465,HCV,1b,100
KC124466,HCV,1b,100
KC124470,HCV,1b,100
KC124468,HCV,1b,100
KC124471,HCV,1b,100
KC124467,HCV,1b,100
KC124472,HCV,1b,100
KC124469,HCV,1b,100
KC123478,HCV,1b,100
KC123480,HCV,1b,100
KC123473,HCV,1b,100
KC123481,HCV,1b,100
KC123479,HCV,1b,100
KC123475,HCV,1b,100
KC123484,HCV,1b,100
KC123476,HCV,1b,100
KC123487,HCV,1b,100
KC123488,HCV,1b,100
KC123482,HCV,1b,100
KC123483,HCV,1b,100
KC123491,HCV,1b,100
KC123501,HCV,1b,100
KC123502,HCV,1b,100
KC123504,HCV,1b,100
KC123489,HCV,1b,100
KC123505,HCV,1b,100
KC123500,HCV,1b,100
KC123499,HCV,1b,100
KC123507,HCV,1b,100
KC123506,HCV,1b,100
KC123503,HCV,1b,100
KC123490,HCV,1b,100
KC123511,HCV,1b,100
KC123514,HCV,1b,100
KC123495,HCV,1b,100
KC123517,HCV,1b,100
KC123512,HCV,1b,100
KC123508,HCV,1b,100
KC123516,HCV,1b,100
KC123509,HCV,1b,100
KC123519,HCV,1b,100
KC123520,HCV,1b,100
KC123518,HCV,1b,100
KC123521,HCV,1b,100
KC123522,HCV,1b,100
KC123515,HCV,1b,100
KC123525,HCV,1b,100
KC123510,HCV,1b,100
KC123533,HCV,1b,100
KC123530,HCV,1b,100
KC123527,HCV,1b,100
KC123526,HCV,1b,100
KC123531,HCV,1b,100
KC123534,HCV,1b,100
KC123537,HCV,1b,100
KC123532,HCV,1b,100
KC123536,HCV,1b,100
KC123528,HCV,1b,100
KC123538,HCV,1b,100
KC123540,HCV,1b,100
KC123542,HCV,1b,100
KC123543,HCV,1b,100
KC123546,HCV,1b,100
KC123541,HCV,1b,100
KC123547,HCV,1b,100
KC123548,HCV,1b,100
KC123551,HCV,1b,100
KC123549,HCV,1b,100
KC123550,HCV,1b,100
KC123553,HCV,1b,100
KC123539,HCV,1b,100
KC123545,HCV,1b,100
KC123552,HCV,1b,100
KC123555,HCV,1b,100
KC123554,HCV,1b,100
KC123529,HCV,1b,100
KC123560,HCV,1b,100
KC123562,HCV,1b,100
KC123565,HCV,1b,100
KC123557,HCV,1b,100
KC123556,HCV,1b,100
KC123561,HCV,1b,100
KC123570,HCV,1b,100
KC123567,HCV,1b,100
KC123572,HCV,1b,100
KC123573,HCV,1b,100
KC123568,HCV,1b,100
KC123575,HCV,1b,100
KC123563,HCV,1b,100
KC123566,HCV,1b,100
KC123578,HCV,1b,100
KC123580,HCV,1b,100
KC123577,HCV,1b,100
KC123576,HCV,1b,100
KC123569,HCV,1b,100
KC123571,HCV,1b,100
KC123583,HCV,1b,100
KC123593,HCV,1b,100
KC123591,HCV,1b,100
KC123594,HCV,1b,100
KC123596,HCV,1b,100
KC123592,HCV,1b,100
KC123574,HCV,1b,100
KC123597,HCV,1b,100
KC123601,HCV,1b,100
KC123605,HCV,1b,100
KC123606,HCV,1b,100
KC123603,HCV,1b,100
KC123588,HCV,1b,100
KC123598,HCV,1b,100
KC123600,HCV,1b,100
KC123599,HCV,1b,100
KC123602,HCV,1b,100
KC123611,HCV,1b,100
KC123613,HCV,1b,100
KC123604,HCV,1b,100
KC123616,HCV,1b,100
KC123617,HCV,1b,100
KC123608,HCV,1b,100
KC123618,HCV,1b,100
KC123615,HCV,1b,100
KC123609,HCV,1b,100
KC123610,HCV,1b,100
KC123622,HCV,1b,100
KC123612,HCV,1b,100
KC123607,HCV,1b,100
KC123623,HCV,1b,100
KC123614,HCV,1b,100
KC123625,HCV,1b,100
KC123627,HCV,1b,100
KC123630,HCV,1b,100
KC123632,HCV,1b,100
KC123633,HCV,1b,100
KC123628,HCV,1b,100
KC123621,HCV,1b,100
KC123629,HCV,1b,100
KC123624,HCV,1b,100
KC123636,HCV,1b,100
KC123639,HCV,1b,100
KC123626,HCV,1b,100
KC123640,HCV,1b,100
KC123634,HCV,1b,100
KC123635,HCV,1b,100
KC123641,HCV,1b,100
KC123644,HCV,1b,100
KC123638,HCV,1b,100
KC123642,HCV,1b,100
KC123643,HCV,1b,100
KC123651,HCV,1b,100
KC123650,HCV,1b,100
KC123652,HCV,1b,100
KC123646,HCV,1b,100
KC123656,HCV,1b,100
KC123648,HCV,1b,100
KC123647,HCV,1b,100
KC123649,HCV,1b,100
KC123645,HCV,1b,100
KC123662,HCV,1b,100
KC123661,HCV,1b,100
KC123664,HCV,1b,100
KC123668,HCV,1b,100
KC123669,HCV,1b,100
KC123670,HCV,1b,100
KC123667,HCV,1b,100
KC123673,HCV,1b,100
KC123672,HCV,1b,100
KC123666,HCV,1b,100
KC123663,HCV,1b,100
KC123671,HCV,1b,100
KC123675,HCV,1b,100
KC123678,HCV,1b,100
KC123681,HCV,1b,100
KC123682,HCV,1b,100
KC123683,HCV,1b,100
KC123674,HCV,1b,100
KC123684,HCV,1b,100
KC123679,HCV,1b,100
KC123685,HCV,1b,100
KC123687,HCV,1b,100
KC123695,HCV,1b,100
KC123692,HCV,1b,100
KC123696,HCV,1b,100
KC123686,HCV,1b,100
KC123690,HCV,1b,100
KC123697,HCV,1b,100
KC123699,HCV,1b,100
KC123680,HCV,1b,100
KC123700,HCV,1b,100
KC123691,HCV,1b,100
KC123694,HCV,1b,100
KC123701,HCV,1b,100
KC123698,HCV,1b,100
KC123705,HCV,1b,100
KC123703,HCV,1b,100
KC123665,HCV,1b,100
KC123677,HCV,1b,100
KC123709,HCV,1b,100
KC123702,HCV,1b,100
KC123713,HCV,1b,100
KC123707,HCV,1b,100
KC123708,HCV,1b,100
KC123706,HCV,1b,100
KC123715,HCV,1b,100
KC123719,HCV,1b,100
KC123717,HCV,1b,100
KC123712,HCV,1b,100
KC123721,HCV,1b,100
KC123716,HCV,1b,100
KC123722,HCV,1b,100
KC123725,HCV,1b,100
KC123718,HCV,1b,100
KC123727,HCV,1b,100
KC123728,HCV,1b,100
KC123723,HCV,1b,100
KC123726,HCV,1b,100
KC123732,HCV,1b,100
KC123737,HCV,1b,100
KC123731,HCV,1b,100
KC123738,HCV,1b,100
KC123724,HCV,1b,100
KC123740,HCV,1b,100
KC123729,HCV,1b,100
KC123734,HCV,1b,100
KC123736,HCV,1b,100
KC123733,HCV,1b,100
KC123742,HCV,1b,100
KC123747,HCV,1b,100
KC123741,HCV,1b,100
KC123745,HCV,1b,100
KC123749,HCV,1b,100
KC123748,HCV,1b,100
KC123743,HCV,1b,100
KC123746,HCV,1b,100
KC123758,HCV,1b,100
KC123752,HCV,1b,100
KC123755,HCV,1b,100
KC123756,HCV,1b,100
KC123759,HCV,1b,100
KC123744,HCV,1b,100
KC123760,HCV,1b,100
KC123754,HCV,1b,100
KC123753,HCV,1b,100
KC123761,HCV,1b,100
KC123762,HCV,1b,100
KC123763,HCV,1b,100
KC123768,HCV,1b,100
KC123765,HCV,1b,100
KC123757,HCV,1b,100
KC123766,HCV,1b,100
KC123764,HCV,1b,100
KC123770,HCV,1b,100
KC123769,HCV,1b,100
KC123767,HCV,1b,100
KC123774,HCV,1b,100
KC123772,HCV,1b,100
KC123771,HCV,1b,100
KC123775,HCV,1b,100
KC123773,HCV,1b,100
KC123782,HCV,1b,100
KC123780,HCV,1b,100
KC123781,HCV,1b,100
KC123779,HCV,1b,100
KC123777,HCV,1b,100
KC123784,HCV,1b,100
KC123786,HCV,1b,100
KC123785,HCV,1b,100
KC123787,HCV,1b,100
KC123776,HCV,1b,100
KC123788,HCV,1b,100
KC123794,HCV,1b,100
KC123797,HCV,1b,100
KC123783,HCV,1b,100
KC123795,HCV,1b,100
KC123803,HCV,1b,100
KC123805,HCV,1b,100
KC123796,HCV,1b,100
KC123789,HCV,1b,100
KC123801,HCV,1b,100
KC123798,HCV,1b,100
KC123804,HCV,1b,100
KC123793,HCV,1b,100
KC123802,HCV,1b,100
KC123807,HCV,1b,100
KC123811,HCV,1b,100
KC123809,HCV,1b,100
KC123790,HCV,1b,100
KC123806,HCV,1b,100
KC123813,HCV,1b,100
KC123812,HCV,1b,100
KC123814,HCV,1b,100
KC123815,HCV,1b,100
KC123819,HCV,1b,100
KC123810,HCV,1b,100
KC123820,HCV,1b,100
KC123824,HCV,1b,100
KC123829,HCV,1b,100
KC123825,HCV,1b,100
KC123828,HCV,1b,100
KC123800,HCV,1b,100
KC123832,HCV,1b,100
KC123831,HCV,1b,100
KC123834,HCV,1b,100
KC123836,HCV,1b,100
KC123823,HCV,1b,100
KC123842,HCV,1b,100
KC123808,HCV,1b,100
KC123841,HCV,1b,100
KC123839,HCV,1b,100
KC123838,HCV,1b,100
KC123822,HCV,1b,100
KC123830,HCV,1b,100
KC123843,HCV,1b,100
KC123835,HCV,1b,100
KC123840,HCV,1b,100
KC123846,HCV,1b,100
KC123847,HCV,1b,100
KC123844,HCV,1b,100
KC123850,HCV,1b,100
KC123816,HCV,1b,100
KC123857,HCV,1b,100
KC123849,HCV,1b,100
KC123853,HCV,1b,100
KC123854,HCV,1b,100
KC123851,HCV,1b,100
KC123859,HCV,1b,100
KC123845,HCV,1b,100
KC123848,HCV,1b,100
KC123852,HCV,1b,100
KC123862,HCV,1b,100
KC123863,HCV,1b,100
KC123858,HCV,1b,100
KC123867,HCV,1b,100
KC123865,HCV,1b,100
KC123866,HCV,1b,100
KC123869,HCV,1b,100
KC123870,HCV,1b,100
KC123856,HCV,1b,100
KC123871,HCV,1b,100
KC123872,HCV,1b,100
KC123864,HCV,1b,100
KC123876,HCV,1b,100
KC123875,HCV,1b,100
KC123860,HCV,1b,100
KC123879,HCV,1b,100
KC123878,HCV,1b,100
KC123883,HCV,1b,100
KC123868,HCV,1b,100
KC123888,HCV,1b,100
KC123881,HCV,1b,100
KC123887,HCV,1b,100
KC123884,HCV,1b,100
KC123877,HCV,1b,100
KC123893,HCV,1b,100
KC123892,HCV,1b,100
KC123891,HCV,1b,100
KC123885,HCV,1b,100
KC123894,HCV,1b,100
KC123873,HCV,1b,100
KC123896,HCV,1b,100
KC123880,HCV,1b,100
KC123897,HCV,1b,100
KC123889,HCV,1b,100
KC123902,HCV,1b,100
KC123898,HCV,1b,100
KC123907,HCV,1b,100
KC123886,HCV,1b,100
KC123905,HCV,1b,100
KC123903,HCV,1b,100
KC123906,HCV,1b,100
KC123908,HCV,1b,100
KC123911,HCV,1b,100
KC123909,HCV,1b,100
KC123912,HCV,1b,100
KC123913,HCV,1b,100
KC123915,HCV,1b,100
KC123914,HCV,1b,100
KC123910,HCV,1b,100
KC123918,HCV,1b,100
KC123921,HCV,1b,100
KC123924,HCV,1b,100
KC123920,HCV,1b,100
KC123916,HCV,1b,100
KC123900,HCV,1b,100
KC123922,HCV,1b,100
KC123923,HCV,1b,100
KC123926,HCV,1b,100
KC123917,HCV,1b,100
KC123929,HCV,1b,100
KC123930,HCV,1b,100
KC123925,HCV,1b,100
KC123931,HCV,1b,100
KC123932,HCV,1b,100
KC123937,HCV,1b,100
KC123934,HCV,1b,100
KC123939,HCV,1b,100
KC123941,HCV,1b,100
KC123938,HCV,1b,100
KC123927,HCV,1b,100
KC123942,HCV,1b,100
KC123944,HCV,1b,100
KC123943,HCV,1b,100
KC123919,HCV,1b,100
KC123945,HCV,1b,100
KC123936,HCV,1b,100
KC123950,HCV,1b,100
KC123935,HCV,1b,100
KC123928,HCV,1b,100
KC123948,HCV,1b,100
KC123947,HCV,1b,100
KC123940,HCV,1b,100
KC123949,HCV,1b,100
KC123951,HCV,1b,100
KC123953,HCV,1b,100
KC123954,HCV,1b,100
KC123966,HCV,1b,100
KC123965,HCV,1b,100
KC123964,HCV,1b,100
KC123946,HCV,1b,100
KC123962,HCV,1b,100
KC123958,HCV,1b,100
KC123960,HCV,1b,100
KC123969,HCV,1b,100
KC123956,HCV,1b,100
KC123952,HCV,1b,100
KC123972,HCV,1b,100
KC123971,HCV,1b,100
KC123970,HCV,1b,100
KC123973,HCV,1b,100
KC123977,HCV,1b,100
KC123984,HCV,1b,100
KC123981,HCV,1b,100
KC123978,HCV,1b,100
KC123990,HCV,1b,100
KC123987,HCV,1b,100
KC123989,HCV,1b,100
KC123983,HCV,1b,100
KC123986,HCV,1b,100
KC123992,HCV,1b,100
KC123985,HCV,1b,100
KC123982,HCV,1b,100
KC123996,HCV,1b,100
KC123995,HCV,1b,100
KC123993,HCV,1b,100
KC123991,HCV,1b,100
KC123979,HCV,1b,100
KC123998,HCV,1b,100
KC124000,HCV,1b,100
KC124003,HCV,1b,100
KC124008,HCV,1b,100
KC124004,HCV,1b,100
KC123997,HCV,1b,100
KC124006,HCV,1b,100
KC124001,HCV,1b,100
KC124010,HCV,1b,100
KC123999,HCV,1b,100
KC124012,HCV,1b,100
KC124002,HCV,1b,100
KC124011,HCV,1b,100
KC124005,HCV,1b,100
KC124007,HCV,1b,100
KC124016,HCV,1b,100
KC124015,HCV,1b,100
KC124013,HCV,1b,100
KC124025,HCV,1b,100
KC124017,HCV,1b,100
KC124021,HCV,1b,100
KC124022,HCV,1b,100
KC124034,HCV,1b,100
KC124020,HCV,1b,100
KC124035,HCV,1b,100
KC124024,HCV,1b,100
KC124033,HCV,1b,100
KC124036,HCV,1b,100
KC124031,HCV,1b,100
KC124037,HCV,1b,100
KC124038,HCV,1b,100
KC124019,HCV,1b,100
KC124018,HCV,1b,100
KC124040,HCV,1b,100
KC124042,HCV,1b,100
KC124045,HCV,1b,100
KC124041,HCV,1b,100
KC124039,HCV,1b,100
KC124043,HCV,1b,100
KC124047,HCV,1b,100
KC124051,HCV,1b,100
KC124053,HCV,1b,100
KC124052,HCV,1b,100
KC124054,HCV,1b,100
KC124049,HCV,1b,100
KC124062,HCV,1b,100
KC124055,HCV,1b,100
KC124061,HCV,1b,100
KC124063,HCV,1b,100
KC124058,HCV,1b,100
KC124064,HCV,1b,100
KC124057,HCV,1b,100
KC124065,HCV,1b,100
KC124060,HCV,1b,100
KC124070,HCV,1b,100
KC124068,HCV,1b,100
KC124069,HCV,1b,100
KC124071,HCV,1b,100
KC124078,HCV,1b,100
KC124081,HCV,1b,100
KC124079,HCV,1b,100
KC124076,HCV,1b,100
KC124083,HCV,1b,100
KC124066,HCV,1b,100
KC124084,HCV,1b,100
KC124088,HCV,1b,100
KC124073,HCV,1b,100
KC124086,HCV,1b,100
KC124087,HCV,1b,100
KC124067,HCV,1b,100
KC124092,HCV,1b,100
KC124075,HCV,1b,100
KC124091,HCV,1b,100
KC124094,HCV,1b,100
KC124098,HCV,1b,100
KC124095,HCV,1b,100
KC124099,HCV,1b,100
KC124090,HCV,1b,100
KC124103,HCV,1b,100
KC124100,HCV,1b,100
KC124101,HCV,1b,100
KC124107,HCV,1b,100
KC124093,HCV,1b,100
KC124110,HCV,1b,100
KC124106,HCV,1b,100
KC124113,HCV,1b,100
KC124114,HCV,1b,100
KC124116,HCV,1b,100
KC124118,HCV,1b,100
KC124102,HCV,1b,100
KC124096,HCV,1b,100
KC124117,HCV,1b,100
KC124115,HCV,1b,100
KC124120,HCV,1b,100
KC124125,HCV,1b,100
KC124126,HCV,1b,100
KC124124,HCV,1b,100
KC124123,HCV,1b,100
KC124127,HCV,1b,100
KC124119,HCV,1b,100
KC124128,HCV,1b,100
KC124112,HCV,1b,100
KC124130,HCV,1b,100
KC124132,HCV,1b,100
KC124134,HCV,1b,100
KC124129,HCV,1b,100
KC124141,HCV,1b,100
KC124109,HCV,1b,100
KC124122,HCV,1b,100
KC124131,HCV,1b,100
KC124136,HCV,1b,100
KC124138,HCV,1b,100
KC124137,HCV,1b,100
KC124144,HCV,1b,100
KC124145,HCV,1b,100
KC124148,HCV,1b,100
KC124135,HCV,1b,100
KC124151,HCV,1b,100
KC124147,HCV,1b,100
KC124150,HCV,1b,100
KC124154,HCV,1b,100
KC124152,HCV,1b,100
KC124153,HCV,1b,100
KC124142,HCV,1b,100
KC124140,HCV,1b,100
KC124158,HCV,1b,100
KC124160,HCV,1b,100
KC124156,HCV,1b,100
KC124159,HCV,1b,100
KC124149,HCV,1b,100
KC124157,HCV,1b,100
KC124169,HCV,1b,100
KC124164,HCV,1b,100
KC124161,HCV,1b,100
KC124174,HCV,1b,100
KC124171,HCV,1b,100
KC124155,HCV,1b,100
KC124180,HCV,1b,100
KC124179,HCV,1b,100
KC124178,HCV,1b,100
KC124177,HCV,1b,100
KC124182,HCV,1b,100
KC124183,HCV,1b,100
KC124175,HCV,1b,100
KC124186,HCV,1b,100
KC124185,HCV,1b,100
KC124188,HCV,1b,100
KC124172,HCV,1b,100
KC124190,HCV,1b,100
KC124181,HCV,1b,100
KC124189,HCV,1b,100
KC124176,HCV,1b,100
KC124195,HCV,1b,100
KC124184,HCV,1b,100
KC124194,HCV,1b,100
KC124197,HCV,1b,100
KC124191,HCV,1b,100
KC124196,HCV,1b,100
KC124199,HCV,1b,100
KC124192,HCV,1b,100
KC124203,HCV,1b,100
KC124193,HCV,1b,100
KC124198,HCV,1b,100
KC124205,HCV,1b,100
KC124206,HCV,1b,100
KC124202,HCV,1b,100
KC124201,HCV,1b,100
KC124211,HCV,1b,100
KC124204,HCV,1b,100
KC124210,HCV,1b,100
KC124214,HCV,1b,100
KC124212,HCV,1b,100
KC124215,HCV,1b,100
KC124222,HCV,1b,100
KC124225,HCV,1b,100
KC124208,HCV,1b,100
KC124217,HCV,1b,100
KC124224,HCV,1b,100
KC124220,HCV,1b,100
KC124209,HCV,1b,100
KC124218,HCV,1b,100
KC124216,HCV,1b,100
KC124228,HCV,1b,100
KC124230,HCV,1b,100
KC124221,HCV,1b,100
KC124231,HCV,1b,100
KC124232,HCV,1b,100
KC124234,HCV,1b,100
KC124235,HCV,1b,100
KC124238,HCV,1b,100
KC124236,HCV,1b,100
KC124229,HCV,1b,100
KC124237,HCV,1b,100
KC124240,HCV,1b,100
KC124239,HCV,1b,100
KC124246,HCV,1b,100
KC124245,HCV,1b,100
KC124247,HCV,1b,100
KC124249,HCV,1b,100
KC124251,HCV,1b,100
KC124255,HCV,1b,100
KC124250,HCV,1b,100
KC124242,HCV,1b,100
KC124243,HCV,1b,100
KC124257,HCV,1b,100
KC124262,HCV,1b,100
KC124261,HCV,1b,100
KC124253,HCV,1b,100
KC124263,HCV,1b,100
KC124258,HCV,1b,100
KC124267,HCV,1b,100
KC124268,HCV,1b,100
KC124252,HCV,1b,100
KC124266,HCV,1b,100
KC124259,HCV,1b,100
KC124254,HCV,1b,100
KC124276,HCV,1b,100
KC124279,HCV,1b,100
KC124273,HCV,1b,100
KC124272,HCV,1b,100
KC124264,HCV,1b,100
KC124270,HCV,1b,100
KC124281,HCV,1b,100
KC124282,HCV,1b,100
KC124275,HCV,1b,100
KC124287,HCV,1b,100
KC124286,HCV,1b,100
KC124289,HCV,1b,100
KC124285,HCV,1b,100
KC124292,HCV,1b,100
KC124284,HCV,1b,100
KC124288,HCV,1b,100
KC124295,HCV,1b,100
KC124293,HCV,1b,100
KC124296,HCV,1b,100
KC124283,HCV,1b,100
KC124298,HCV,1b,100
KC124302,HCV,1b,100
KC124299,HCV,1b,100
KC124300,HCV,1b,100
KC124303,HCV,1b,100
KC124297,HCV,1b,100
KC124301,HCV,1b,100
KC124304,HCV,1b,100
KC124290,HCV,1b,100
KC124307,HCV,1b,100
KC124294,HCV,1b,100
KC124306,HCV,1b,100
KC124309,HCV,1b,100
KC124305,HCV,1b,100
KC124312,HCV,1b,100
KC124316,HCV,1b,100
KC124314,HCV,1b,100
KC124317,HCV,1b,100
KC124310,HCV,1b,100
KC124321,HCV,1b,100
KC124323,HCV,1b,100
KC124311,HCV,1b,100
KC124322,HCV,1b,100
KC124319,HCV,1b,100
KC124308,HCV,1b,100
KC124327,HCV,1b,100
KC124318,HCV,1b,100
KC124326,HCV,1b,100
KC124325,HCV,1b,100
KC124324,HCV,1b,100
KC124332,HCV,1b,100
KC124330,HCV,1b,100
KC124329,HCV,1b,100
KC124333,HCV,1b,100
KC124328,HCV,1b,100
KC124338,HCV,1b,100
KC124340,HCV,1b,100
KC124342,HCV,1b,100
KC124336,HCV,1b,100
KC124337,HCV,1b,100
KC124345,HCV,1b,100
KC124343,HCV,1b,100
KC124339,HCV,1b,100
KC124341,HCV,1b,100
KC124346,HCV,1b,100
KC124353,HCV,1b,100
KC124349,HCV,1b,100
KC124355,HCV,1b,100
KC124331,HCV,1b,100
KC124348,HCV,1b,100
KC124352,HCV,1b,100
KC124344,HCV,1b,100
KC124347,HCV,1b,100
KC124350,HCV,1b,100
KC124354,HCV,1b,100
KC124357,HCV,1b,100
KC124358,HCV,1b,100
KC124361,HCV,1b,100
KC124359,HCV,1b,100
KC124351,HCV,1b,100
KC124356,HCV,1b,100
KC124364,HCV,1b,100
KC124365,HCV,1b,100
KC124360,HCV,1b,100
KC124368,HCV,1b,100
KC124362,HCV,1b,100
KC124366,HCV,1b,100
KC124369,HCV,1b,100
KC124370,HCV,1b,100
KC124373,HCV,1b,100
KC124363,HCV,1b,100
KC124371,HCV,1b,100
KC124374,HCV,1b,100
KC124372,HCV,1b,100
KC124378,HCV,1b,100
KC124377,HCV,1b,100
KC124375,HCV,1b,100
KC124379,HCV,1b,100
KC124380,HCV,1b,100
KC124381,HCV,1b,100
KC124376,HCV,1b,100
KC124387,HCV,1b,100
KC124385,HCV,1b,100
KC124388,HCV,1b,100
KC124382,HCV,1b,100
KC124389,HCV,1b,100
KC124384,HCV,1b,100
KC124391,HCV,1b,100
KC124396,HCV,1b,100
KC124393,HCV,1b,100
KC124390,HCV,1b,100
KC124386,HCV,1b,100
KC124394,HCV,1b,100
KC124397,HCV,1b,100
KC124395,HCV,1b,100
KC124392,HCV,1b,100
KC124383,HCV,1b,100
KC124398,HCV,1b,100
KC124401,HCV,1b,100
KC124400,HCV,1b,100
KC124404,HCV,1b,100
KC124402,HCV,1b,100
KC124399,HCV,1b,100
KC124408,HCV,1b,100
KC124410,HCV,1b,100
KC124409,HCV,1b,100
KC124403,HCV,1b,100
KC124411,HCV,1b,100
KC124405,HCV,1b,100
KC124419,HCV,1b,100
KC123474,HCV,1b,100
KC123477,HCV,1b,100
KC123485,HCV,1b,100
KC123486,HCV,1b,100
KC123493,HCV,1b,100
KC123496,HCV,1b,100
KC123497,HCV,1b,100
KC123494,HCV,1b,100
KC123492,HCV,1b,100
KC123513,HCV,1b,100
KC123523,HCV,1b,100
KC123524,HCV,1b,100
KC123535,HCV,1b,100
KC123544,HCV,1b,100
KC123559,HCV,1b,100
KC123558,HCV,1b,100
KC123564,HCV,1b,100
KC123581,HCV,1b,100
KC123582,HCV,1b,100
KC123586,HCV,1b,100
KC123579,HCV,1b,100
KC123584,HCV,1b,100
KC123589,HCV,1b,100
KC123585,HCV,1b,100
KC123595,HCV,1b,100
KC123587,HCV,1b,100
KC123590,HCV,1b,100
KC123637,HCV,1b,100
KC123620,HCV,1b,100
KC123631,HCV,1b,100
KC123660,HCV,1b,100
KC123657,HCV,1b,100
KC123676,HCV,1b,100
KC123688,HCV,1b,100
KC123689,HCV,1b,100
KC123693,HCV,1b,100
KC123720,HCV,1b,100
KC123739,HCV,1b,100
KC123730,HCV,1b,100
KC123735,HCV,1b,100
KC123751,HCV,1b,100
KC123750,HCV,1b,100
KC123778,HCV,1b,100
KC123791,HCV,1b,100
KC123792,HCV,1b,100
KC123799,HCV,1b,100
KC123817,HCV,1b,100
KC123818,HCV,1b,100
KC123821,HCV,1b,100
KC123827,HCV,1b,100
KC123826,HCV,1b,100
KC123833,HCV,1b,100
KC123855,HCV,1b,100
KC123837,HCV,1b,100
KC123861,HCV,1b,100
KC123874,HCV,1b,100
KC123882,HCV,1b,100
KC123895,HCV,1b,100
KC123890,HCV,1b,100
KC123899,HCV,1b,100
KC123901,HCV,1b,100
KC123904,HCV,1b,100
KC123933,HCV,1b,100
KC123957,HCV,1b,100
KC123959,HCV,1b,100
KC123963,HCV,1b,100
KC123961,HCV,1b,100
KC123968,HCV,1b,100
KC123967,HCV,1b,100
KC123955,HCV,1b,100
KC123976,HCV,1b,100
KC123974,HCV,1b,100
KC123980,HCV,1b,100
KC123975,HCV,1b,100
KC123994,HCV,1b,100
KC123988,HCV,1b,100
KC124009,HCV,1b,100
KC124026,HCV,1b,100
KC124014,HCV,1b,100
KC124023,HCV,1b,100
KC124029,HCV,1b,100
KC124028,HCV,1b,100
KC124027,HCV,1b,100
KC124030,HCV,1b,100
KC124032,HCV,1b,100
KC124044,HCV,1b,100
KC124050,HCV,1b,100
KC124046,HCV,1b,100
KC124059,HCV,1b,100
KC124056,HCV,1b,100
KC124074,HCV,1b,100
KC124072,HCV,1b,100
KC124048,HCV,1b,100
KC124080,HCV,1b,100
KC124082,HCV,1b,100
KC124077,HCV,1b,100
KC124085,HCV,1b,100
KC124089,HCV,1b,100
KC124104,HCV,1b,100
KC124105,HCV,1b,100
KC124097,HCV,1b,100
KC124108,HCV,1b,100
KC124111,HCV,1b,100
KC124121,HCV,1b,100
KC124133,HCV,1b,100
KC124139,HCV,1b,100
KC124143,HCV,1b,100
KC124162,HCV,1b,100
KC124163,HCV,1b,100
KC124166,HCV,1b,100
KC124165,HCV,1b,100
KC124170,HCV,1b,100
KC124168,HCV,1b,100
KC124167,HCV,1b,100
KC124146,HCV,1b,100
KC124173,HCV,1b,100
KC124200,HCV,1b,100
KC124187,HCV,1b,100
KC124207,HCV,1b,100
KC124223,HCV,1b,100
KC124227,HCV,1b,100
KC124213,HCV,1b,100
KC124219,HCV,1b,100
KC124226,HCV,1b,100
KC124233,HCV,1b,100
KC124241,HCV,1b,100
KC124244,HCV,1b,100
KC124248,HCV,1b,100
KC124260,HCV,1b,100
KC124256,HCV,1b,100
KC124265,HCV,1b,100
KC124271,HCV,1b,100
KC124269,HCV,1b,100
KC124277,HCV,1b,100
KC124274,HCV,1b,100
KC124280,HCV,1b,100
KC124291,HCV,1b,100
KC124278,HCV,1b,100
KC124313,HCV,1b,100
KC124315,HCV,1b,100
KC124320,HCV,1b,100
KC124335,HCV,1b,100
KC124334,HCV,1b,100
KC124367,HCV,1b,100
KC124425,HCV,1b,100
KC124434,HCV,1b,100
KC124439,HCV,1b,100
KC124448,HCV,1b,100
KC124454,HCV,1b,100
KC124460,HCV,1b,100
KC123655,HCV,1b,100
KC123653,HCV,1b,100
KC123654,HCV,1b,100
KC123659,HCV,1b,100
KC123498,HCV,1g,100
KC123704,HCV,1b,100
KC123710,HCV,1b,100
KC124415,HCV,1b,100
KC124412,HCV,1b,100
KC124417,HCV,1b,100
KC124416,HCV,1b,100
KC124414,HCV,1b,100
KC124413,HCV,1b,100
KC124430,HCV,1b,100
KC124431,HCV,1b,100
KC124429,HCV,1b,100
KC124426,HCV,1b,100
KC124428,HCV,1b,100
KC124427,HCV,1b,100
KC123714,HCV,1b,100
KC123711,HCV,1b,100
KC124406,HCV,1b,100
KC124407,HCV,1b,100
KC124420,HCV,1b,100
KC124423,HCV,1b,100
KC124422,HCV,1b,100
KC124424,HCV,1b,100
KC124418,HCV,1b,100
KC124421,HCV,1b,100
KC124435,HCV,1b,100
KC124433,HCV,1b,100
KC124436,HCV,1b,100
KC124438,HCV,1b,100
KC124432,HCV,1b,100
KC124437,HCV,1b,100
KC123658,HCV,1b,100
KC124650,HCV,1b,100
KC124513,HCV,1b,100
KC124514,HCV,1b,100
KC124512,HCV,1b,100
KC124506,HCV,1b,100
KC124518,HCV,1b,100
KC124517,HCV,1b,100
KC124510,HCV,1b,100
KC124519,HCV,1b,100
KC124515,HCV,1b,100
KC124490,HCV,1b,100
KC124523,HCV,1b,100
KC124504,HCV,1b,100
KC124521,HCV,1b,100
KC124527,HCV,1b,100
KC124528,HCV,1b,100
KC124520,HCV,1b,100
KC124522,HCV,1b,100
KC124532,HCV,1b,100
KC124524,HCV,1b,100
KC124530,HCV,1b,100
KC124529,HCV,1b,100
KC124531,HCV,1b,100
KC124525,HCV,1b,100
KC124538,HCV,1b,100
KC124516,HCV,1b,100
KC124536,HCV,1b,100
KC124540,HCV,1b,100
KC124534,HCV,1b,100
KC124537,HCV,1b,100
KC124535,HCV,1b,100
KC124543,HCV,1b,100
KC124544,HCV,1b,100
KC124546,HCV,1b,100
KC124539,HCV,1b,100
KC124547,HCV,1b,100
KC124541,HCV,1b,100
KC124548,HCV,1b,100
KC124545,HCV,1b,100
KC124542,HCV,1b,100
KC124551,HCV,1b,100
KC124533,HCV,1b,100
KC124555,HCV,1b,100
KC124550,HCV,1b,100
KC124559,HCV,1b,100
KC124560,HCV,1b,100
KC124558,HCV,1b,100
KC124553,HCV,1b,100
KC124557,HCV,1b,100
KC124567,HCV,1b,100
KC124569,HCV,1b,100
KC124572,HCV,1b,100
KC124563,HCV,1b,100
KC124566,HCV,1b,100
KC124562,HCV,1b,100
KC124565,HCV,1b,100
KC124577,HCV,1b,100
KC124574,HCV,1b,100
KC124575,HCV,1b,100
KC124568,HCV,1b,100
KC124579,HCV,1b,100
KC124570,HCV,1b,100
KC124581,HCV,1b,100
KC124585,HCV,1b,100
KC124590,HCV,1b,100
KC124576,HCV,1b,100
KC124592,HCV,1b,100
KC124586,HCV,1b,100
KC124582,HCV,1b,100
KC124587,HCV,1b,100
KC124589,HCV,1b,100
KC124584,HCV,1b,100
KC124588,HCV,1b,100
KC124580,HCV,1b,100
KC124598,HCV,1b,100
KC124591,HCV,1b,100
KC124595,HCV,1b,100
KC124596,HCV,1b,100
KC124597,HCV,1b,100
KC124583,HCV,1b,100
KC124603,HCV,1b,100
KC124593,HCV,1b,100
KC124604,HCV,1b,100
KC124599,HCV,1b,100
KC124607,HCV,1b,100
KC124611,HCV,1b,100
KC124602,HCV,1b,100
KC124605,HCV,1b,100
KC124600,HCV,1b,100
KC124608,HCV,1b,100
KC124610,HCV,1b,100
KC124612,HCV,1b,100
KC124613,HCV,1b,100
KC124601,HCV,1b,100
KC124616,HCV,1b,100
KC124618,HCV,1b,100
KC124614,HCV,1b,100
KC124617,HCV,1b,100
KC124625,HCV,1b,100
KC124622,HCV,1b,100
KC124626,HCV,1b,100
KC124628,HCV,1b,100
KC124620,HCV,1b,100
KC124637,HCV,1b,100
KC124633,HCV,1b,100
KC124636,HCV,1b,100
KC124623,HCV,1b,100
KC124630,HCV,1b,100
KC124619,HCV,1b,100
KC124645,HCV,1b,100
KC124644,HCV,1b,100
KC124654,HCV,1b,100
KC124643,HCV,1b,100
KC124655,HCV,1b,100
KC124641,HCV,1b,100
KC124651,HCV,1b,100
KC124656,HCV,1b,100
KC124653,HCV,1b,100
KC124635,HCV,1b,100
KC124660,HCV,1b,100
KC124661,HCV,1b,100
KC124663,HCV,1b,100
KC124665,HCV,1b,100
KC124671,HCV,1b,100
KC124669,HCV,1b,100
KC124670,HCV,1b,100
KC124664,HCV,1b,100
KC124659,HCV,1b,100
KC124674,HCV,1b,100
KC124673,HCV,1b,100
KC124676,HCV,1b,100
KC124657,HCV,1b,100
KC124675,HCV,1b,100
KC124668,HCV,1b,100
KC124672,HCV,1b,100
KC124677,HCV,1b,100
KC124678,HCV,1b,100
KC124658,HCV,1b,100
KC124682,HCV,1b,100
KC124679,HCV,1b,100
KC124666,HCV,1b,100
KC124684,HCV,1b,100
KC124681,HCV,1b,100
KC124687,HCV,1b,100
KC124667,HCV,1b,100
KC124688,HCV,1b,100
KC124695,HCV,1b,100
KC124686,HCV,1b,100
KC124691,HCV,1b,100
KC124680,HCV,1b,100
KC124690,HCV,1b,100
KC124697,HCV,1b,100
KC124698,HCV,1b,100
KC124696,HCV,1b,100
KC124694,HCV,1b,100
KC124693,HCV,1b,100
KC124685,HCV,1b,100
KC124701,HCV,1b,100
KC124705,HCV,1b,100
KC124707,HCV,1b,100
KC124704,HCV,1b,100
KC124708,HCV,1b,100
KC124711,HCV,1b,100
KC124710,HCV,1b,100
KC124706,HCV,1b,100
KC124714,HCV,1b,100
KC124702,HCV,1b,100
KC124720,HCV,1b,100
KC124724,HCV,1b,100
KC124716,HCV,1b,100
KC124723,HCV,1b,100
KC124721,HCV,1b,100
KC124713,HCV,1b,100
KC124722,HCV,1b,100
KC124709,HCV,1b,100
KC124729,HCV,1b,100
KC124719,HCV,1b,100
KC124732,HCV,1b,100
KC124718,HCV,1b,100
KC124730,HCV,1b,100
KC124726,HCV,1b,100
KC124725,HCV,1b,100
KC124731,HCV,1b,100
KC124728,HCV,1b,100
KC124739,HCV,1b,100
KC124737,HCV,1b,100
KC124727,HCV,1b,100
KC124740,HCV,1b,100
KC124746,HCV,1b,100
KC124741,HCV,1b,100
KC124745,HCV,1b,100
KC124747,HCV,1b,100
KC124748,HCV,1b,100
KC124749,HCV,1b,100
KC124752,HCV,1b,100
KC124736,HCV,1b,100
KC124742,HCV,1b,100
KC124754,HCV,1b,100
KC124755,HCV,1b,100
KC124757,HCV,1b,100
KC124756,HCV,1b,100
KC124762,HCV,1b,100
KC125009,HCV,1a,100
KC124760,HCV,1b,100
KC125010,HCV,1a,100
KC124765,HCV,1b,100
KC124768,HCV,1b,100
KC124767,HCV,1b,100
KC125012,HCV,1a,100
KC125018,HCV,1a,100
KC125013,HCV,1a,100
KC125016,HCV,1a,100
KC125019,HCV,1a,100
KC125021,HCV,1a,100
KC125015,HCV,1a,100
KC125026,HCV,1a,100
KC125017,HCV,1a,100
KC125024,HCV,1a,100
KC125023,HCV,1a,100
KC125033,HCV,1a,100
KC125027,HCV,1a,100
KC125025,HCV,1a,100
KC125022,HCV,1a,100
KC125034,HCV,1a,100
KC125030,HCV,1a,100
KC125014,HCV,1a,100
KC125036,HCV,1a,100
KC125040,HCV,1a,100
KC125037,HCV,1a,100
KC125032,HCV,1a,100
KC125042,HCV,1a,100
KC125038,HCV,1a,100
KC125039,HCV,1a,100
KC125043,HCV,1a,100
KC125045,HCV,1a,100
KC125041,HCV,1a,100
KC125048,HCV,1a,100
KC125046,HCV,1a,100
KC125047,HCV,1a,100
KC125031,HCV,1a,100
KC125035,HCV,1a,100
KC125051,HCV,1a,100
KC125055,HCV,1a,100
KC125053,HCV,1a,100
KC125054,HCV,1a,100
KC125049,HCV,1a,100
KC125056,HCV,1a,100
KC125052,HCV,1a,100
KC125050,HCV,1a,100
KC125061,HCV,1a,100
KC125064,HCV,1a,100
KC125068,HCV,1a,100
KC125069,HCV,1a,100
KC125062,HCV,1a,100
KC125059,HCV,1a,100
KC125063,HCV,1a,100
KC125067,HCV,1a,100
KC125071,HCV,1a,100
KC125066,HCV,1a,100
KC125070,HCV,1a,100
KC125075,HCV,1a,100
KC125065,HCV,1a,100
KC125077,HCV,1a,100
KC125078,HCV,1a,100
KC125074,HCV,1a,100
KC125072,HCV,1a,100
KC125081,HCV,1a,100
KC125080,HCV,1a,100
KC125073,HCV,1a,100
KC125084,HCV,1a,100
KC125083,HCV,1a,100
KC125087,HCV,1a,100
KC125092,HCV,1a,100
KC125090,HCV,1a,100
KC125076,HCV,1a,100
KC125093,HCV,1a,100
KC125091,HCV,1a,100
KC125088,HCV,1a,100
KC125095,HCV,1a,100
KC125094,HCV,1a,100
KC125104,HCV,1a,100
KC125103,HCV,1a,100
KC125107,HCV,1a,100
KC125100,HCV,1a,100
KC125116,HCV,1a,100
KC125110,HCV,1a,100
KC125111,HCV,1a,100
KC125109,HCV,1a,100
KC125114,HCV,1a,100
KC125118,HCV,1a,100
KC125117,HCV,1a,100
KC125108,HCV,1a,100
KC125123,HCV,1a,100
KC125120,HCV,1a,100
KC125127,HCV,1a,100
KC125126,HCV,1a,100
KC125124,HCV,1a,100
KC125125,HCV,1a,100
KC125134,HCV,1a,100
KC125135,HCV,1a,100
KC125138,HCV,1a,100
KC125133,HCV,1a,100
KC125129,HCV,1a,100
KC125139,HCV,1a,100
KC125144,HCV,1a,100
KC125130,HCV,1a,100
KC125140,HCV,1a,100
KC125143,HCV,1a,100
KC125142,HCV,1a,100
KC125141,HCV,1a,100
KC125146,HCV,1a,100
KC125150,HCV,1a,100
KC125152,HCV,1a,100
KC125155,HCV,1a,100
KC125145,HCV,1a,100
KC125149,HCV,1a,100
KC125136,HCV,1a,100
KC125147,HCV,1a,100
KC125161,HCV,1a,100
KC125163,HCV,1a,100
KC125165,HCV,1a,100
KC125153,HCV,1a,100
KC125160,HCV,1a,100
KC125162,HCV,1a,100
KC125168,HCV,1a,100
KC125167,HCV,1a,100
KC125171,HCV,1a,100
KC125177,HCV,1a,100
KC125174,HCV,1a,100
KC125178,HCV,1a,100
KC125159,HCV,1a,100
KC125173,HCV,1a,100
KC125172,HCV,1a,100
KC125184,HCV,1a,100
KC125158,HCV,1a,100
KC125182,HCV,1a,100
KC125186,HCV,1a,100
KC125193,HCV,1a,100
KC125175,HCV,1a,100
KC125181,HCV,1a,100
KC125180,HCV,1a,100
KC125188,HCV,1a,100
KC125187,HCV,1a,100
KC125189,HCV,1a,100
KC125194,HCV,1a,100
KC125198,HCV,1a,100
KC125201,HCV,1a,100
KC125190,HCV,1a,100
KC125191,HCV,1a,100
KC125206,HCV,1a,100
KC125199,HCV,1a,100
KC125209,HCV,1a,100
KC125207,HCV,1a,100
KC125204,HCV,1a,100
KC125215,HCV,1a,100
KC125210,HCV,1a,100
KC125214,HCV,1a,100
KC125212,HCV,1a,100
KC125203,HCV,1a,100
KC125205,HCV,1a,100
KC125213,HCV,1e,100
KC125217,HCV,1a,100
KC125216,HCV,1a,100
KC125211,HCV,1a,100
KC125218,HCV,1a,100
KC125223,HCV,1a,100
KC125219,HCV,1a,100
KC125225,HCV,1a,100
KC125230,HCV,1a,100
KC125232,HCV,1a,100
KC125234,HCV,1a,100
KC125227,HCV,1a,100
KC125235,HCV,1a,100
KC125239,HCV,1a,100
KC125233,HCV,1a,100
KC125236,HCV,1a,100
KC125241,HCV,1a,100
KC125243,HCV,1a,100
KC125242,HCV,1a,100
KC125245,HCV,1a,100
KC125246,HCV,1a,100
KC125251,HCV,1a,100
KC125254,HCV,1a,100
KC125231,HCV,1a,100
KC125244,HCV,1a,100
KC125255,HCV,1a,100
KC125260,HCV,1a,100
KC125259,HCV,1a,100
KC125250,HCV,1a,100
KC125258,HCV,1a,100
KC125262,HCV,1a,100
KC125264,HCV,1a,100
KC125229,HCV,1a,100
KC125261,HCV,1a,100
KC125268,HCV,1a,100
KC125266,HCV,1a,100
KC125249,HCV,1a,100
KC125267,HCV,1a,100
KC125270,HCV,1a,100
KC125252,HCV,1a,100
KC125274,HCV,1a,100
KC125276,HCV,1a,100
KC125281,HCV,1a,100
KC125273,HCV,1a,100
KC125280,HCV,1a,100
KC125275,HCV,1a,100
KC125269,HCV,1a,100
KC125284,HCV,1a,100
KC125278,HCV,1a,100
KC125283,HCV,1a,100
KC125287,HCV,1a,100
KC125288,HCV,1a,100
KC125290,HCV,1a,100
KC125285,HCV,1a,100
KC125286,HCV,1a,100
KC125291,HCV,1a,100
KC125282,HCV,1a,100
KC125294,HCV,1a,100
KC125298,HCV,1a,100
KC125299,HCV,1a,100
KC125301,HCV,1a,100
KC125272,HCV,1a,100
KC125292,HCV,1a,100
KC125304,HCV,1a,100
KC125302,HCV,1a,100
KC125305,HCV,1a,100
KC125300,HCV,1a,100
KC125296,HCV,1a,100
KC125307,HCV,1a,100
KC125306,HCV,1a,100
KC125303,HCV,1a,100
KC125310,HCV,1a,100
KC125311,HCV,1a,100
KC125319,HCV,1a,100
KC125312,HCV,1a,100
KC125313,HCV,1a,100
KC125316,HCV,1a,100
KC125317,HCV,1a,100
KC125314,HCV,1a,100
KC125318,HCV,1a,100
KC125315,HCV,1a,100
KC125324,HCV,1a,100
KC125321,HCV,1a,100
KC125320,HCV,1a,100
KC125322,HCV,1a,100
KC125330,HCV,1a,100
KC125327,HCV,1a,100
KC125323,HCV,1a,100
KC125326,HCV,1a,100
KC125308,HCV,1a,100
KC125325,HCV,1a,100
KC125331,HCV,1a,100
KC125333,HCV,1a,100
KC125337,HCV,1a,100
KC125334,HCV,1a,100
KC125328,HCV,1a,100
KC125329,HCV,1a,100
KC125338,HCV,1a,100
KC125339,HCV,1a,100
KC125345,HCV,1a,100
KC125342,HCV,1a,100
KC125340,HCV,1a,100
KC125341,HCV,1a,100
KC125344,HCV,1a,100
KC125346,HCV,1a,100
KC125349,HCV,1a,100
KC125332,HCV,1a,100
KC125348,HCV,1a,100
KC125336,HCV,1a,100
KC125351,HCV,1a,100
KC125355,HCV,1a,100
KC125352,HCV,1a,100
KC125359,HCV,1a,100
KC125343,HCV,1a,100
KC125356,HCV,1a,100
KC125357,HCV,1a,100
KC125358,HCV,1a,100
KC125353,HCV,1a,100
KC125360,HCV,1a,100
KC125354,HCV,1a,100
KC125361,HCV,1a,100
KC125347,HCV,1a,100
KC125364,HCV,1a,100
KC125363,HCV,1a,100
KC125365,HCV,1a,100
KC125370,HCV,1a,100
KC125368,HCV,1a,100
KC125369,HCV,1a,100
KC125362,HCV,1a,100
KC125371,HCV,1a,100
KC125375,HCV,1a,100
KC125373,HCV,1a,100
KC125374,HCV,1a,100
KC125372,HCV,1a,100
KC125377,HCV,1a,100
KC125383,HCV,1a,100
KC125385,HCV,1a,100
KC125386,HCV,1a,100
KC125388,HCV,1a,100
KC125382,HCV,1a,100
KC125387,HCV,1a,100
KC125384,HCV,1a,100
KC125392,HCV,1a,100
KC125335,HCV,1a,100
KC125391,HCV,1a,100
KC125393,HCV,1a,100
KC125394,HCV,1a,100
KC125397,HCV,1a,100
KC125396,HCV,1a,100
KC125366,HCV,1a,100
KC125399,HCV,1a,100
KC125404,HCV,1a,100
KC125407,HCV,1a,100
KC125408,HCV,1a,100
KC125395,HCV,1a,100
KC125402,HCV,1a,100
KC125380,HCV,1a,100
KC125406,HCV,1a,100
KC125413,HCV,1a,100
KC125411,HCV,1a,100
KC125410,HCV,1a,100
KC125403,HCV,1a,100
KC125409,HCV,1a,100
KC125417,HCV,1a,100
KC125400,HCV,1a,100
KC125416,HCV,1a,100
KC125412,HCV,1a,100
KC125414,HCV,1a,100
KC125420,HCV,1a,100
KC125418,HCV,1a,100
KC125401,HCV,1a,100
KC125415,HCV,1a,100
KC125421,HCV,1a,100
KC125424,HCV,1a,100
KC125427,HCV,1a,100
KC125428,HCV,1a,100
KC125433,HCV,1a,100
KC125432,HCV,1a,100
KC125431,HCV,1a,100
KC125429,HCV,1a,100
KC125422,HCV,1a,100
KC125426,HCV,1a,100
KC125423,HCV,1a,100
KC125435,HCV,1a,100
KC125419,HCV,1a,100
KC125436,HCV,1a,100
KC125439,HCV,1a,100
KC125443,HCV,1a,100
KC125434,HCV,1a,100
KC125438,HCV,1a,100
KC125440,HCV,1a,100
KC125425,HCV,1a,100
KC125445,HCV,1a,100
KC125446,HCV,1a,100
KC125437,HCV,1a,100
KC125442,HCV,1a,100
KC125430,HCV,1a,100
KC125447,HCV,1a,100
KC125450,HCV,1a,100
KC125448,HCV,1a,100
KC125456,HCV,1a,100
KC125452,HCV,1a,100
KC125451,HCV,1a,100
KC125457,HCV,1a,100
KC125441,HCV,1a,100
KC125444,HCV,1a,100
KC125459,HCV,1a,100
KC125466,HCV,1a,100
KC125462,HCV,1a,100
KC125461,HCV,1a,100
KC125455,HCV,1a,100
KC125469,HCV,1a,100
KC125458,HCV,1a,100
KC125464,HCV,1a,100
KC125453,HCV,1a,100
KC125467,HCV,1a,100
KC125472,HCV,1a,100
KC125471,HCV,1a,100
KC125463,HCV,1a,100
KC125473,HCV,1a,100
KC125460,HCV,1a,100
KC125474,HCV,1a,100
KC125476,HCV,1a,100
KC125477,HCV,1a,100
KC125475,HCV,1a,100
KC125480,HCV,1a,100
KC125478,HCV,1a,100
KC125468,HCV,1a,100
KC125465,HCV,1a,100
KC125482,HCV,1a,100
KC125479,HCV,1a,100
KC125484,HCV,1a,100
KC125483,HCV,1a,100
KC125470,HCV,1a,100
KC125489,HCV,1a,100
KC125485,HCV,1a,100
KC125486,HCV,1a,100
KC125488,HCV,1a,100
KC125491,HCV,1a,100
KC125481,HCV,1a,100
KC125499,HCV,1a,100
KC125501,HCV,1a,100
KC125492,HCV,1a,100
KC125498,HCV,1a,100
KC125503,HCV,1a,100
KC125493,HCV,1a,100
KC125496,HCV,1a,100
KC125506,HCV,1a,100
KC125507,HCV,1a,100
KC125504,HCV,1a,100
KC125508,HCV,1a,100
KC125509,HCV,1a,100
KC125500,HCV,1a,100
KC125494,HCV,1a,100
KC125502,HCV,1a,100
KC125510,HCV,1a,100
KC125515,HCV,1a,100
KC125514,HCV,1a,100
KC125517,HCV,1a,100
KC125505,HCV,1a,100
KC125511,HCV,1a,100
KC125520,HCV,1a,100
KC125521,HCV,1a,100
KC125519,HCV,1a,100
KC125516,HCV,1a,100
KC125518,HCV,1a,100
KC125525,HCV,1a,100
KC125512,HCV,1a,100
KC125522,HCV,1a,100
KC125527,HCV,1a,100
KC125526,HCV,1a,100
KC125524,HCV,1a,100
KC125528,HCV,1a,100
KC125531,HCV,1a,100
KC125513,HCV,1a,100
KC125523,HCV,1a,100
KC125533,HCV,1a,100
KC125532,HCV,1a,100
KC125539,HCV,1a,100
KC125543,HCV,1a,100
KC125538,HCV,1a,100
KC125529,HCV,1a,100
KC125547,HCV,1a,100
KC125546,HCV,1a,100
KC125550,HCV,1a,100
KC125545,HCV,1a,100
KC125542,HCV,1a,100
KC125549,HCV,1a,100
KC125541,HCV,1a,100
KC125551,HCV,1a,100
KC125552,HCV,1a,100
KC125548,HCV,1a,100
KC125537,HCV,1a,100
KC125553,HCV,1a,100
KC125530,HCV,1a,100
KC125556,HCV,1a,100
KC125554,HCV,1a,100
KC125555,HCV,1a,100
KC125559,HCV,1a,100
KC125558,HCV,1a,100
KC125564,HCV,1a,100
KC125562,HCV,1a,100
KC125565,HCV,1a,100
KC125557,HCV,1a,100
KC125563,HCV,1a,100
KC125570,HCV,1a,100
KC125572,HCV,1a,100
KC125568,HCV,1a,100
KC125560,HCV,1a,100
KC125567,HCV,1a,100
KC125576,HCV,1a,100
KC125577,HCV,1a,100
KC125571,HCV,1a,100
KC125575,HCV,1a,100
KC125579,HCV,1a,100
KC125561,HCV,1a,100
KC125566,HCV,1a,100
KC125586,HCV,1a,100
KC125587,HCV,1a,100
KC125582,HCV,1a,100
KC125588,HCV,1a,100
KC125585,HCV,1a,100
KC125583,HCV,1a,100
KC125580,HCV,1a,100
KC125590,HCV,1a,100
KC125584,HCV,1a,100
KC125581,HCV,1a,100
KC125589,HCV,1a,100
KC125591,HCV,1a,100
KC125594,HCV,1a,100
KC125592,HCV,1a,100
KC125593,HCV,1a,100
KC125598,HCV,1a,100
KC125574,HCV,1a,100
KC125595,HCV,1a,100
KC125600,HCV,1a,100
KC125599,HCV,1a,100
KC125604,HCV,1a,100
KC125606,HCV,1a,100
KC125602,HCV,1a,100
KC125607,HCV,1a,100
KC125612,HCV,1a,100
KC125601,HCV,1a,100
KC125597,HCV,1a,100
KC125611,HCV,1a,100
KC125605,HCV,1a,100
KC125610,HCV,1a,100
KC125614,HCV,1a,100
KC125609,HCV,1a,100
KC125608,HCV,1a,100
KC125613,HCV,1a,100
KC125616,HCV,1a,100
KC125617,HCV,1a,100
KC125603,HCV,1a,100
KC125622,HCV,1a,100
KC125623,HCV,1a,100
KC125615,HCV,1a,100
KC125625,HCV,1a,100
KC125618,HCV,1a,100
KC125626,HCV,1a,100
KC125621,HCV,1a,100
KC125624,HCV,1a,100
KC125627,HCV,1a,100
KC125633,HCV,1a,100
KC125620,HCV,1a,100
KC125631,HCV,1a,100
KC125632,HCV,1a,100
KC125630,HCV,1a,100
KC125634,HCV,1a,100
KC125637,HCV,1a,100
KC125639,HCV,1a,100
KC125638,HCV,1a,100
KC125640,HCV,1a,100
KC125636,HCV,1a,100
KC125641,HCV,1a,100
KC125642,HCV,1a,100
KC125644,HCV,1a,100
KC125635,HCV,1a,100
KC125643,HCV,1a,100
KC125648,HCV,1a,100
KC125652,HCV,1a,100
KC125651,HCV,1a,100
KC125655,HCV,1a,100
KC125650,HCV,1a,100
KC125649,HCV,1a,100
KC125653,HCV,1a,100
KC125658,HCV,1a,100
KC125656,HCV,1a,100
KC125646,HCV,1a,100
KC125654,HCV,1a,100
KC125647,HCV,1a,100
KC125659,HCV,1a,100
KC125667,HCV,1a,100
KC125663,HCV,1a,100
KC125665,HCV,1a,100
KC125662,HCV,1a,100
KC125668,HCV,1a,100
KC125672,HCV,1a,100
KC125669,HCV,1a,100
KC125674,HCV,1a,100
KC125666,HCV,1a,100
KC125670,HCV,1a,100
KC125661,HCV,1a,100
KC125660,HCV,1a,100
KC125657,HCV,1a,100
KC125676,HCV,1a,100
KC125675,HCV,1a,100
KC125677,HCV,1a,100
KC125673,HCV,1a,100
KC125671,HCV,1a,100
KC125681,HCV,1a,100
KC125682,HCV,1a,100
KC125679,HCV,1a,100
KC125687,HCV,1a,100
KC125680,HCV,1a,100
KC125685,HCV,1a,100
KC125683,HCV,1a,100
KC125691,HCV,1a,100
KC125686,HCV,1a,100
KC125690,HCV,1a,100
KC125692,HCV,1b,99
KC125696,HCV,1a,100
KC125693,HCV,1a,100
KC125695,HCV,1a,100
KC125702,HCV,1a,100
KC125698,HCV,1a,100
KC125697,HCV,1a,100
KC125701,HCV,1a,100
KC125705,HCV,1a,100
KC125694,HCV,1a,100
KC125700,HCV,1a,100
KC125711,HCV,1a,100
KC125703,HCV,1a,100
KC125704,HCV,1a,100
KC125707,HCV,1a,100
KC124526,HCV,1b,100
KC124549,HCV,1b,100
KC124552,HCV,1b,100
KC124561,HCV,1b,100
KC124556,HCV,1b,100
KC124571,HCV,1b,100
KC124573,HCV,1b,100
KC124564,HCV,1b,100
KC124554,HCV,1b,100
KC124594,HCV,1b,100
KC124578,HCV,1b,100
KC124609,HCV,1b,100
KC124615,HCV,1b,100
KC124621,HCV,1b,100
KC124606,HCV,1b,100
KC124624,HCV,1b,100
KC124627,HCV,1b,100
KC124638,HCV,1b,100
KC124632,HCV,1b,100
KC124640,HCV,1b,100
KC124639,HCV,1b,100
KC124634,HCV,1b,100
KC124631,HCV,1b,100
KC124629,HCV,1b,100
KC124642,HCV,1b,100
KC124646,HCV,1b,100
KC124652,HCV,1b,100
KC124649,HCV,1b,100
KC124647,HCV,1b,100
KC124648,HCV,1b,100
KC124662,HCV,1b,100
KC124683,HCV,1b,100
KC124712,HCV,1b,100
KC124717,HCV,1b,100
KC124715,HCV,1b,100
KC124743,HCV,1b,100
KC124738,HCV,1b,100
KC124735,HCV,1b,100
KC124734,HCV,1b,100
KC124744,HCV,1b,100
KC124733,HCV,1b,100
KC124751,HCV,1b,100
KC124750,HCV,1b,100
KC124758,HCV,1b,100
KC124753,HCV,1b,100
KC124763,HCV,1b,100
KC124759,HCV,1b,100
KC124761,HCV,1b,100
KC124764,HCV,1b,100
KC125008,HCV,1a,100
KC124766,HCV,1b,100
KC125020,HCV,1a,100
KC125011,HCV,1a,100
KC125044,HCV,1a,100
KC125029,HCV,1a,100
KC125028,HCV,1a,100
KC125058,HCV,1a,100
KC125060,HCV,1a,100
KC125057,HCV,1a,100
KC125079,HCV,1a,100
KC125085,HCV,1a,100
KC125089,HCV,1a,100
KC125082,HCV,1a,100
KC125086,HCV,1a,100
KC125099,HCV,1a,100
KC125096,HCV,1a,100
KC125101,HCV,1a,100
KC125106,HCV,1a,100
KC125098,HCV,1a,100
KC125119,HCV,1a,100
KC125115,HCV,1a,100
KC125105,HCV,1a,100
KC125113,HCV,1a,100
KC125097,HCV,1a,100
KC125112,HCV,1a,100
KC125132,HCV,1a,100
KC125131,HCV,1a,100
KC125122,HCV,1a,100
KC125128,HCV,1a,100
KC125137,HCV,1a,100
KC125154,HCV,1a,100
KC125121,HCV,1a,100
KC125148,HCV,1a,100
KC125157,HCV,1a,100
KC125151,HCV,1a,100
KC125164,HCV,1a,100
KC125166,HCV,1a,100
KC125156,HCV,1a,100
KC125169,HCV,1a,100
KC125170,HCV,1a,100
KC125176,HCV,1a,100
KC125183,HCV,1a,100
KC125185,HCV,1a,100
KC125179,HCV,1a,100
KC125192,HCV,1a,100
KC125197,HCV,1a,100
KC125195,HCV,1a,100
KC125196,HCV,1a,100
KC125202,HCV,1a,100
KC125200,HCV,1a,100
KC125208,HCV,1a,100
KC125224,HCV,1a,100
KC125220,HCV,1a,100
KC125222,HCV,1a,100
KC125226,HCV,1a,100
KC125237,HCV,1a,100
KC125221,HCV,1a,100
KC125238,HCV,1a,100
KC125240,HCV,1a,100
KC125247,HCV,1a,100
KC125228,HCV,1a,100
KC125248,HCV,1a,100
KC125256,HCV,1a,100
KC125253,HCV,1a,100
KC125257,HCV,1a,100
KC125265,HCV,1a,100
KC125263,HCV,1a,100
KC125279,HCV,1a,100
KC125277,HCV,1a,100
KC125271,HCV,1a,100
KC125289,HCV,1a,100
KC125297,HCV,1a,100
KC125293,HCV,1a,100
KC125295,HCV,1a,100
KC125309,HCV,1a,100
KC125350,HCV,1a,100
KC125376,HCV,1a,100
KC125378,HCV,1a,100
KC125381,HCV,1a,100
KC125379,HCV,1a,100
KC125367,HCV,1a,100
KC125398,HCV,1a,100
KC125390,HCV,1a,100
KC125405,HCV,1a,100
KC125389,HCV,1a,100
KC125454,HCV,1a,100
KC125449,HCV,1a,100
KC125487,HCV,1a,100
KC125495,HCV,1a,100
KC125490,HCV,1a,100
KC125497,HCV,1a,100
KC125535,HCV,1a,100
KC125534,HCV,1a,100
KC125536,HCV,1a,100
KC125544,HCV,1a,100
KC125540,HCV,1a,100
KC125569,HCV,1a,100
KC125573,HCV,1a,100
KC125578,HCV,1a,100
KC125596,HCV,1a,100
KC125619,HCV,1a,100
KC125629,HCV,1a,100
KC125628,HCV,1a,100
KC125645,HCV,1a,100
KC125664,HCV,1a,100
KC125688,HCV,1a,100
KC125684,HCV,1a,100
KC125689,HCV,1a,100
KC125678,HCV,1a,100
KC125706,HCV,1a,100
KC125699,HCV,1a,100
KC125710,HCV,1a,100
KC125708,HCV,1a,100
KC124480,HCV,1b,100
KC124485,HCV,1b,100
KC124482,HCV,1b,100
KC124474,HCV,1b,100
KC124479,HCV,1b,100
KC124689,HCV,1b,100
KC124700,HCV,1b,100
KC124703,HCV,1b,100
KC124699,HCV,1b,100
KC125102,HCV,1a,100
KC125709,HCV,1a,100
KC124476,HCV,1b,100
KC124475,HCV,1b,100
KC124477,HCV,1b,100
KC124481,HCV,1b,100
KC124473,HCV,1b,100
KC124484,HCV,1b,100
KC124483,HCV,1b,100
KC124492,HCV,1b,100
KC124489,HCV,1b,100
KC124478,HCV,1b,100
KC124493,HCV,1b,100
KC124495,HCV,1b,100
KC124491,HCV,1b,100
KC124488,HCV,1b,100
KC124508,HCV,1b,100
KC124507,HCV,1b,100
KC124501,HCV,1b,100
KC124511,HCV,1b,100
KC124498,HCV,1b,100
KC124500,HCV,1b,100
KC124509,HCV,1b,100
KC124692,HCV,1b,100
KC124486,HCV,1b,100
KC124487,HCV,1b,100
KC124494,HCV,1b,100
KC124497,HCV,1b,100
KC124496,HCV,1b,100
KC124502,HCV,1b,100
KC124503,HCV,1b,100
KC124499,HCV,1b,100
KC124505,HCV,1b,100
KC125762,HCV,1a,100
KC125756,HCV,1a,100
KC125757,HCV,1a,100
KC125758,HCV,1a,100
KC125760,HCV,1a,100
KC125761,HCV,1a,100
KC125763,HCV,1a,100
KC125755,HCV,1a,100
KC125759,HCV,1a,100
KC125724,HCV,1a,100
KC125764,HCV,1a,100
KC125767,HCV,1a,100
KC125773,HCV,1a,100
KC125772,HCV,1a,100
KC125775,HCV,1a,100
KC125780,HCV,1a,100
KC125778,HCV,1a,100
KC125779,HCV,1a,100
KC125770,HCV,1a,100
KC125777,HCV,1a,100
KC125781,HCV,1a,100
KC125785,HCV,1a,100
KC125782,HCV,1a,100
KC125783,HCV,1a,100
KC125786,HCV,1a,100
KC125788,HCV,1a,100
KC125793,HCV,1a,100
KC125784,HCV,1a,100
KC125787,HCV,1a,100
KC125791,HCV,1a,100
KC125789,HCV,1a,100
KC125766,HCV,1a,100
KC125792,HCV,1a,100
KC125794,HCV,1a,100
KC125796,HCV,1a,100
KC125801,HCV,1a,100
KC125795,HCV,1a,100
KC125800,HCV,1a,100
KC125804,HCV,1a,100
KC125805,HCV,1a,100
KC125797,HCV,1a,100
KC125803,HCV,1a,100
KC125807,HCV,1a,100
KC125810,HCV,1a,100
KC125802,HCV,1a,100
KC125790,HCV,1a,100
KC125798,HCV,1a,100
KC125812,HCV,1a,100
KC125811,HCV,1a,100
KC125813,HCV,1a,100
KC125806,HCV,1a,100
KC125814,HCV,1a,100
KC125816,HCV,1a,100
KC125808,HCV,1a,100
KC125819,HCV,1a,100
KC125817,HCV,1a,100
KC125829,HCV,1a,100
KC125827,HCV,1a,100
KC125826,HCV,1a,100
KC125815,HCV,1a,100
KC125832,HCV,1a,100
KC125830,HCV,1a,100
KC125831,HCV,1a,100
KC125823,HCV,1a,100
KC125824,HCV,1a,100
KC125828,HCV,1a,100
KC125809,HCV,1a,100
KC125837,HCV,1a,100
KC125836,HCV,1a,100
KC125838,HCV,1a,100
KC125840,HCV,1a,100
KC125834,HCV,1a,100
KC125833,HCV,1a,100
KC125843,HCV,1a,100
KC125821,HCV,1a,100
KC125825,HCV,1a,100
KC125845,HCV,1a,100
KC125839,HCV,1a,100
KC125847,HCV,1a,100
KC125848,HCV,1a,100
KC125850,HCV,1a,100
KC125851,HCV,1a,100
KC125849,HCV,1a,100
KC125853,HCV,1a,100
KC125856,HCV,1a,100
KC125846,HCV,1a,100
KC125852,HCV,1a,100
KC125858,HCV,1a,100
KC125855,HCV,1a,100
KC125861,HCV,1a,100
KC125854,HCV,1a,100
KC125859,HCV,1a,100
KC125864,HCV,1a,100
KC125863,HCV,1a,100
KC125857,HCV,1a,100
KC125867,HCV,1a,100
KC125860,HCV,1a,100
KC125871,HCV,1a,100
KC125869,HCV,1a,100
KC125870,HCV,1a,100
KC125872,HCV,1a,100
KC125876,HCV,1a,100
KC125877,HCV,1a,100
KC125878,HCV,1a,100
KC125865,HCV,1a,100
KC125880,HCV,1a,100
KC125882,HCV,1a,100
KC125875,HCV,1a,100
KC125883,HCV,1a,100
KC125884,HCV,1a,100
KC125874,HCV,1a,100
KC125868,HCV,1a,100
KC125888,HCV,1a,100
KC125890,HCV,1a,100
KC125889,HCV,1a,100
KC125887,HCV,1a,100
KC125891,HCV,1a,100
KC125873,HCV,1a,100
KC125896,HCV,1a,100
KC125893,HCV,1a,100
KC125892,HCV,1a,100
KC125898,HCV,1a,100
KC125897,HCV,1a,100
KC125894,HCV,1a,100
KC125902,HCV,1a,100
KC125903,HCV,1a,100
KC125900,HCV,1a,100
KC125886,HCV,1a,100
KC125905,HCV,1a,100
KC125906,HCV,1a,100
KC125909,HCV,1a,100
KC125907,HCV,1a,100
KC125910,HCV,1a,100
KC125912,HCV,1a,100
KC125899,HCV,1a,100
KC125914,HCV,1a,100
KC125913,HCV,1a,100
KC125915,HCV,1a,100
KC125911,HCV,1a,100
KC125904,HCV,1a,100
KC125917,HCV,1a,100
KC125901,HCV,1a,100
KC125922,HCV,1a,100
KC125918,HCV,1a,100
KC125926,HCV,1a,100
KC125921,HCV,1a,100
KC125916,HCV,1a,100
KC125931,HCV,1a,100
KC125929,HCV,1a,100
KC125937,HCV,1a,100
KC125940,HCV,1a,100
KC125928,HCV,1a,100
KC125936,HCV,1a,100
KC125934,HCV,1a,100
KC125941,HCV,1a,100
KC125939,HCV,1a,100
KC125943,HCV,1a,100
KC125944,HCV,1a,100
KC125950,HCV,1a,100
KC125952,HCV,1a,100
KC125947,HCV,1a,100
KC125949,HCV,1a,100
KC125932,HCV,1a,100
KC125938,HCV,1a,100
KC125948,HCV,1a,100
KC125954,HCV,1a,100
KC125953,HCV,1a,100
KC125945,HCV,1a,100
KC125951,HCV,1a,100
KC125955,HCV,1a,100
KC125956,HCV,1a,100
KC125930,HCV,1a,100
KC125963,HCV,1a,100
KC125960,HCV,1a,100
KC125958,HCV,1a,100
KC125962,HCV,1a,100
KC125970,HCV,1a,100
KC125971,HCV,1a,100
KC125968,HCV,1a,100
KC125973,HCV,1a,100
KC125974,HCV,1a,100
KC125967,HCV,1a,100
KC125975,HCV,1a,100
KC125961,HCV,1a,100
KC125957,HCV,1a,100
KC125977,HCV,1a,100
KC125978,HCV,1a,100
KC125984,HCV,1a,100
KC125979,HCV,1a,100
KC125986,HCV,1a,100
KC125985,HCV,1a,100
KC125964,HCV,1a,100
KC125972,HCV,1a,100
KC125987,HCV,1a,100
KC125983,HCV,1a,100
KC125982,HCV,1a,100
KC125991,HCV,1a,100
KC125993,HCV,1a,100
KC125976,HCV,1a,100
KC125994,HCV,1a,100
KC125997,HCV,1a,100
KC125998,HCV,1a,100
KC125981,HCV,1a,100
KC126000,HCV,1a,100
KC125999,HCV,1a,100
KC126007,HCV,1a,100
KC126001,HCV,1a,100
KC126003,HCV,1a,100
KC126006,HCV,1a,100
KC125996,HCV,1a,100
KC126004,HCV,1a,100
KC126009,HCV,1a,100
KC126010,HCV,1a,100
KC126002,HCV,1a,100
KC125980,HCV,1a,100
KC126017,HCV,1a,100
KC126016,HCV,1a,100
KC126008,HCV,1a,100
KC126018,HCV,1a,100
KC126019,HCV,1a,100
KC126014,HCV,1a,100
KC126021,HCV,1a,100
KC126023,HCV,1a,100
KC126005,HCV,1a,100
KC126015,HCV,1a,100
KC126026,HCV,1a,100
KC126028,HCV,1a,100
KC126027,HCV,1a,100
KC126022,HCV,1a,100
KC126032,HCV,1a,100
KC126030,HCV,1a,100
KC126033,HCV,1a,100
KC126035,HCV,1a,100
KC126039,HCV,1a,100
KC126036,HCV,1a,100
KC126042,HCV,1a,100
KC126041,HCV,1a,100
KC126049,HCV,1a,100
KC126040,HCV,1a,100
KC126044,HCV,1a,100
KC126048,HCV,1a,100
KC126031,HCV,1a,100
KC126045,HCV,1a,100
KC126046,HCV,1a,100
KC126051,HCV,1a,100
KC126050,HCV,1a,100
KC126024,HCV,1a,100
KC126052,HCV,1a,100
KC126057,HCV,1a,100
KC126058,HCV,1a,100
KC126047,HCV,1a,100
KC126054,HCV,1e,100
KC126060,HCV,1a,100
KC126056,HCV,1a,100
KC126061,HCV,1a,100
KC126053,HCV,1a,100
KC126063,HCV,1a,100
KC126055,HCV,1a,100
KC126071,HCV,1a,100
KC126066,HCV,1a,100
KC126070,HCV,1a,100
KC126069,HCV,1a,100
KC126059,HCV,1a,100
KC126068,HCV,1a,100
KC126072,HCV,1a,100
KC126074,HCV,1a,100
KC126075,HCV,1a,100
KC126077,HCV,1a,100
KC126076,HCV,1a,100
KC126084,HCV,1a,100
KC126079,HCV,1a,100
KC126086,HCV,1a,100
KC126078,HCV,1a,100
KC126080,HCV,1a,100
KC126082,HCV,1a,100
KC126073,HCV,1a,100
KC126088,HCV,1a,100
KC126087,HCV,1a,100
KC126090,HCV,1a,100
KC126081,HCV,1a,100
KC126085,HCV,1a,100
KC126097,HCV,1a,100
KC126083,HCV,1a,100
KC126092,HCV,1a,100
KC126098,HCV,1a,100
KC126095,HCV,1a,100
KC126102,HCV,1a,100
KC126101,HCV,1a,100
KC126100,HCV,1a,100
KC126099,HCV,1a,100
KC126089,HCV,1a,100
KC126104,HCV,1a,100
KC126110,HCV,1a,100
KC126106,HCV,1a,100
KC126108,HCV,1a,100
KC126113,HCV,1a,100
KC126112,HCV,1a,100
KC126111,HCV,1a,100
KC126116,HCV,1a,100
KC126107,HCV,1a,100
KC126117,HCV,1a,100
KC126115,HCV,1a,100
KC126118,HCV,1a,100
KC126119,HCV,1a,100
KC126124,HCV,1a,100
KC126120,HCV,1a,100
KC126122,HCV,1a,100
KC126121,HCV,1a,100
KC126125,HCV,1a,100
KC126126,HCV,1a,100
KC126114,HCV,1a,100
KC126131,HCV,1a,100
KC126123,HCV,1a,100
KC126127,HCV,1a,100
KC126128,HCV,1a,100
KC126132,HCV,1a,100
KC126134,HCV,1a,100
KC126109,HCV,1a,100
KC126136,HCV,1a,100
KC126135,HCV,1a,100
KC126133,HCV,1a,100
KC126129,HCV,1a,100
KC126137,HCV,1a,100
KC126141,HCV,1a,100
KC126143,HCV,1a,100
KC126142,HCV,1a,100
KC126140,HCV,1a,100
KC126138,HCV,1a,100
KC126139,HCV,1a,100
KC126145,HCV,1a,100
KC126130,HCV,1a,100
KC126146,HCV,1a,100
KC126153,HCV,1a,100
KC126150,HCV,1a,100
KC126149,HCV,1a,100
KC126154,HCV,1a,100
KC126152,HCV,1a,100
KC126156,HCV,1a,100
KC126155,HCV,1a,100
KC126148,HCV,1a,100
KC126157,HCV,1a,100
KC126144,HCV,1a,100
KC126161,HCV,1a,100
KC126168,HCV,1a,100
KC126147,HCV,1a,100
KC126162,HCV,1a,100
KC126165,HCV,1a,100
KC126167,HCV,1a,100
KC126163,HCV,1a,100
KC126170,HCV,1a,100
KC126166,HCV,1a,100
KC126164,HCV,1a,100
KC126171,HCV,1a,100
KC126178,HCV,1a,100
KC126169,HCV,1a,100
KC126180,HCV,1a,100
KC126175,HCV,1a,100
KC126151,HCV,1a,100
KC126173,HCV,1a,100
KC126174,HCV,1a,100
KC126160,HCV,1a,100
KC126184,HCV,1a,100
KC126187,HCV,1a,100
KC126179,HCV,1a,100
KC126176,HCV,1a,100
KC126183,HCV,1a,100
KC126188,HCV,1a,100
KC126172,HCV,1a,100
KC126181,HCV,1a,100
KC126177,HCV,1a,100
KC126185,HCV,1a,100
KC126194,HCV,1a,100
KC126189,HCV,1a,100
KC126200,HCV,1a,100
KC126193,HCV,1a,100
KC126191,HCV,1a,100
KC126196,HCV,1a,100
KC126190,HCV,1a,100
KC126202,HCV,1a,100
KC126199,HCV,1a,100
KC126197,HCV,1a,100
KC126198,HCV,1a,100
KC126192,HCV,1a,100
KC126203,HCV,1a,100
KC126206,HCV,1a,100
KC126208,HCV,1a,100
KC126207,HCV,1a,100
KC126204,HCV,1a,100
KC126209,HCV,1a,100
KC126201,HCV,1a,100
KC126211,HCV,1a,100
KC126205,HCV,1a,100
KC126186,HCV,1a,100
KC126218,HCV,1a,100
KC126214,HCV,1a,100
KC126210,HCV,1a,100
KC126222,HCV,1a,100
KC126226,HCV,1a,100
KC126219,HCV,1a,100
KC126230,HCV,1a,100
KC126232,HCV,1a,100
KC126229,HCV,1a,100
KC126223,HCV,1a,100
KC126231,HCV,1a,100
KC126215,HCV,1a,100
KC126236,HCV,1a,100
KC126217,HCV,1a,100
KC126224,HCV,1a,100
KC126228,HCV,1a,100
KC126227,HCV,1a,100
KC126243,HCV,1a,100
KC126241,HCV,1a,100
KC126239,HCV,1a,100
KC126235,HCV,1a,100
KC126234,HCV,1a,100
KC126246,HCV,1a,100
KC126233,HCV,1a,100
KC126242,HCV,1a,100
KC126237,HCV,1a,100
KC126248,HCV,1a,100
KC126244,HCV,1a,100
KC126240,HCV,1a,100
KC126245,HCV,1a,100
KC126253,HCV,1a,100
KC126252,HCV,1a,100
KC126251,HCV,1a,100
KC126249,HCV,1a,100
KC126247,HCV,1a,100
KC126263,HCV,1a,100
KC126260,HCV,1a,100
KC126266,HCV,1a,100
KC126254,HCV,1a,100
KC126262,HCV,1a,100
KC126258,HCV,1a,100
KC126259,HCV,1a,100
KC126268,HCV,1a,100
KC126267,HCV,1a,100
KC126256,HCV,1a,100
KC126265,HCV,1a,100
KC126261,HCV,1a,100
KC126273,HCV,1a,100
KC126272,HCV,1a,100
KC126255,HCV,1a,100
KC126276,HCV,1a,100
KC126281,HCV,1a,100
KC126280,HCV,1a,100
KC126284,HCV,1a,100
KC126279,HCV,1a,100
KC126278,HCV,1a,100
KC126269,HCV,1a,100
KC126283,HCV,1a,100
KC126286,HCV,1a,100
KC126264,HCV,1a,100
KC126285,HCV,1a,100
KC126290,HCV,1a,100
KC126288,HCV,1a,100
KC126292,HCV,1a,100
KC126289,HCV,1a,100
KC126293,HCV,1a,100
KC126277,HCV,1a,100
KC126287,HCV,1a,100
KC126282,HCV,1a,100
KC126296,HCV,1a,100
KC126291,HCV,1a,100
KC126294,HCV,1a,100
KC126274,HCV,1a,100
KC126295,HCV,1a,100
KC126302,HCV,1a,100
KC126301,HCV,1a,100
KC126299,HCV,1a,100
KC126297,HCV,1a,100
KC126303,HCV,1a,100
KC126310,HCV,1a,100
KC126321,HCV,1a,100
KC126314,HCV,1a,100
KC126313,HCV,1a,100
KC126319,HCV,1a,100
KC126307,HCV,1a,100
KC126316,HCV,1a,100
KC126318,HCV,1a,100
KC126332,HCV,1a,100
KC126334,HCV,1a,100
KC126328,HCV,1a,100
KC126315,HCV,1a,100
KC126330,HCV,1a,100
KC126335,HCV,1a,100
KC126337,HCV,1a,100
KC126333,HCV,1a,100
KC126338,HCV,1a,100
KC126340,HCV,1a,100
KC126331,HCV,1a,100
KC126336,HCV,1a,100
KC126342,HCV,1a,100
KC126339,HCV,1a,100
KC126325,HCV,1a,100
KC126346,HCV,1a,100
KC126341,HCV,1a,100
KC126343,HCV,1a,100
KC126344,HCV,1a,100
KC126347,HCV,1a,100
KC126326,HCV,1a,100
KC126320,HCV,1a,100
KC126349,HCV,1a,100
KC126348,HCV,1a,100
KC126353,HCV,1a,100
KC126350,HCV,1a,100
KC126357,HCV,1a,100
KC126345,HCV,1a,100
KC126356,HCV,1a,100
KC126359,HCV,1a,100
KC126358,HCV,1a,100
KC126363,HCV,1a,100
KC126351,HCV,1a,100
KC126364,HCV,1a,100
KC126367,HCV,1a,100
KC126354,HCV,1a,100
KC126371,HCV,1a,100
KC126366,HCV,1a,100
KC126370,HCV,1a,100
KC126352,HCV,1a,100
KC126362,HCV,1a,100
KC126376,HCV,1a,100
KC126373,HCV,1a,100
KC126377,HCV,1a,100
KC126380,HCV,1a,100
KC126379,HCV,1a,100
KC126368,HCV,1a,100
KC126382,HCV,1a,100
KC126384,HCV,1a,100
KC126378,HCV,1a,100
KC126374,HCV,1a,100
KC126355,HCV,1a,100
KC126375,HCV,1a,100
KC126386,HCV,1a,100
KC126383,HCV,1a,100
KC126388,HCV,1a,100
KC126361,HCV,1a,100
KC126381,HCV,1a,100
KC126390,HCV,1a,100
KC126394,HCV,1a,100
KC126395,HCV,1a,100
KC126393,HCV,1a,100
KC126397,HCV,1a,100
KC126392,HCV,1a,100
KC126389,HCV,1a,100
KC126396,HCV,1a,100
KC126385,HCV,1a,100
KC126398,HCV,1a,100
KC126399,HCV,1a,100
KC126402,HCV,1a,100
KC126406,HCV,1a,100
KC126408,HCV,1a,100
KC126404,HCV,1a,100
KC126403,HCV,1a,100
KC126413,HCV,1a,100
KC126409,HCV,1a,100
KC126412,HCV,1a,100
KC126422,HCV,1a,100
KC126425,HCV,1a,100
KC126419,HCV,1a,100
KC126400,HCV,1a,100
KC126416,HCV,1a,100
KC126428,HCV,1a,100
KC126417,HCV,1a,100
KC126432,HCV,1a,100
KC126434,HCV,1a,100
KC126430,HCV,1a,100
KC126437,HCV,1a,100
KC126435,HCV,1a,100
KC126443,HCV,1a,100
KC126433,HCV,1a,100
KC126442,HCV,1a,100
KC126446,HCV,1a,100
KC126444,HCV,1a,100
KC126441,HCV,1a,100
KC126447,HCV,1a,100
KC126448,HCV,1a,100
KC126436,HCV,1a,100
KC126450,HCV,1a,100
KC126445,HCV,1a,100
KC126451,HCV,1a,100
KC126438,HCV,1a,100
KC126449,HCV,1a,100
KC126452,HCV,1a,100
KC126453,HCV,1a,100
KC126463,HCV,1a,100
KC126462,HCV,1a,100
KC126464,HCV,1a,100
KC126456,HCV,1a,100
KC126465,HCV,1a,100
KC126469,HCV,1a,100
KC126471,HCV,1a,100
KC126460,HCV,1a,100
KC126479,HCV,1a,100
KC126481,HCV,1a,100
KC126482,HCV,1a,100
KC126459,HCV,1a,100
KC126480,HCV,1a,100
KC126475,HCV,1a,100
KC126461,HCV,1a,100
KC126470,HCV,1a,100
KC126485,HCV,1a,100
KC126484,HCV,1a,100
KC126487,HCV,1a,100
KC126486,HCV,1a,100
KC126477,HCV,1a,100
KC126488,HCV,1a,100
KC126491,HCV,1a,100
KC126489,HCV,1a,100
KC126492,HCV,1a,100
KC126490,HCV,1a,100
KC126473,HCV,1a,100
KC126498,HCV,1a,100
KC126502,HCV,1a,100
KC126503,HCV,1a,100
KC126505,HCV,1a,100
KC126496,HCV,1a,100
KC126508,HCV,1a,100
KC126510,HCV,1a,100
KC126511,HCV,1a,100
KC126493,HCV,1a,100
KC126513,HCV,1a,100
KC126516,HCV,1a,100
KC126519,HCV,1a,100
KC126515,HCV,1a,100
KC126499,HCV,1a,100
KC126525,HCV,1a,100
KC126528,HCV,1a,100
KC126529,HCV,1a,100
KC126518,HCV,1a,100
KC126524,HCV,1a,100
KC126530,HCV,1a,100
KC126535,HCV,1a,100
KC126521,HCV,1a,100
KC126526,HCV,1a,100
KC126533,HCV,1a,100
KC126536,HCV,1a,100
KC126540,HCV,1a,100
KC126543,HCV,1a,100
KC126539,HCV,1a,100
KC126551,HCV,1a,100
KC126548,HCV,1a,100
KC126550,HCV,1a,100
KC126537,HCV,1a,100
KC126541,HCV,1a,100
KC126552,HCV,1a,100
KC126553,HCV,1a,100
KC126556,HCV,1a,100
KC126557,HCV,1a,100
KC126555,HCV,1a,100
KC126554,HCV,1a,100
KC126558,HCV,1a,100
KC126561,HCV,1a,100
KC126559,HCV,1a,100
KC126534,HCV,1a,100
KC126538,HCV,1a,100
KC126567,HCV,1a,100
KC126562,HCV,1a,100
KC126566,HCV,1a,100
KC126568,HCV,1a,100
KC126563,HCV,1a,100
KC126571,HCV,1a,100
KC126574,HCV,1a,100
KC126565,HCV,1a,100
KC126585,HCV,1a,100
KC126578,HCV,1a,100
KC126575,HCV,1a,100
KC126576,HCV,1a,100
KC126573,HCV,1a,100
KC126586,HCV,1a,100
KC126587,HCV,1a,100
KC126590,HCV,1a,100
KC126588,HCV,1a,100
KC126594,HCV,1a,100
KC126589,HCV,1a,100
KC126602,HCV,1a,100
KC126603,HCV,1a,100
KC126606,HCV,1a,100
KC126607,HCV,1a,100
KC126597,HCV,1a,100
KC126601,HCV,1a,100
KC126611,HCV,1a,100
KC126605,HCV,1a,100
KC126595,HCV,1a,100
KC126609,HCV,1a,100
KC126612,HCV,1a,100
KC126614,HCV,1a,100
KC126615,HCV,1a,100
KC126620,HCV,1a,100
KC126625,HCV,1a,100
KC126618,HCV,1a,100
KC126617,HCV,1a,100
KC126626,HCV,1a,100
KC126622,HCV,1a,100
KC126627,HCV,1a,100
KC126628,HCV,1a,100
KC126631,HCV,1a,100
KC126600,HCV,1a,100
KC126632,HCV,1a,100
KC126610,HCV,1a,100
KC126630,HCV,1a,100
KC126629,HCV,1a,100
KC126636,HCV,1a,100
KC126633,HCV,1a,100
KC126638,HCV,1a,100
KC126644,HCV,1a,100
KC126645,HCV,1a,100
KC126647,HCV,1a,100
KC126650,HCV,1a,100
KC126649,HCV,1a,100
KC126652,HCV,1a,100
KC126651,HCV,1a,100
KC126641,HCV,1a,100
KC126634,HCV,1a,100
KC126648,HCV,1a,100
KC126655,HCV,1a,100
KC126642,HCV,1a,100
KC126656,HCV,1a,100
KC126659,HCV,1a,100
KC126660,HCV,1a,100
KC126658,HCV,1a,100
KC126643,HCV,1a,100
KC126665,HCV,1a,100
KC126666,HCV,1a,100
KC126663,HCV,1a,100
KC126668,HCV,1a,100
KC126664,HCV,1a,100
KC126672,HCV,1a,100
KC126670,HCV,1a,100
KC126669,HCV,1a,100
KC126661,HCV,1a,100
KC126675,HCV,1a,100
KC126667,HCV,1a,100
KC126683,HCV,1a,100
KC126676,HCV,1a,100
KC126680,HCV,1a,100
KC126685,HCV,1a,100
KC126671,HCV,1a,100
KC126674,HCV,1a,100
KC126681,HCV,1a,100
KC126684,HCV,1a,100
KC126679,HCV,1a,100
KC126687,HCV,1a,100
KC126693,HCV,1a,100
KC126695,HCV,1a,100
KC126696,HCV,1a,100
KC126698,HCV,1a,100
KC126694,HCV,1a,100
KC126691,HCV,1a,100
KC126686,HCV,1a,100
KC126677,HCV,1a,100
KC126697,HCV,1a,100
KC126702,HCV,1a,100
KC126708,HCV,1a,100
KC126705,HCV,1a,100
KC126699,HCV,1a,100
KC126706,HCV,1a,100
KC126700,HCV,1a,100
KC125768,HCV,1a,100
KC125769,HCV,1a,100
KC125765,HCV,1a,100
KC125771,HCV,1a,100
KC125774,HCV,1a,100
KC125776,HCV,1a,100
KC125799,HCV,1a,100
KC125820,HCV,1a,100
KC125818,HCV,1a,100
KC125822,HCV,1a,100
KC125842,HCV,1a,100
KC125841,HCV,1a,100
KC125835,HCV,1a,100
KC125844,HCV,1a,100
KC125862,HCV,1a,100
KC125866,HCV,1a,100
KC125885,HCV,1a,100
KC125881,HCV,1a,100
KC125920,HCV,1a,100
KC125923,HCV,1a,100
KC125925,HCV,1a,100
KC125919,HCV,1a,100
KC125924,HCV,1a,100
KC125908,HCV,1a,100
KC125927,HCV,1a,100
KC125935,HCV,1a,100
KC125942,HCV,1a,100
KC125946,HCV,1a,100
KC125933,HCV,1a,100
KC125959,HCV,1a,100
KC125966,HCV,1a,100
KC125965,HCV,1a,100
KC125969,HCV,1a,100
KC125990,HCV,1a,100
KC125995,HCV,1a,100
KC125989,HCV,1a,100
KC125988,HCV,1a,100
KC125992,HCV,1a,100
KC126013,HCV,1a,100
KC126012,HCV,1a,100
KC126011,HCV,1a,100
KC126020,HCV,1a,100
KC126029,HCV,1a,100
KC126025,HCV,1a,100
KC126037,HCV,1a,100
KC126038,HCV,1a,100
KC126043,HCV,1a,100
KC126034,HCV,1a,100
KC126062,HCV,1a,100
KC126065,HCV,1a,100
KC126067,HCV,1a,100
KC126091,HCV,1a,100
KC126094,HCV,1a,100
KC126093,HCV,1a,100
KC126158,HCV,1a,100
KC126159,HCV,1a,100
KC126182,HCV,1a,100
KC126195,HCV,1a,100
KC126212,HCV,1a,100
KC126216,HCV,1a,100
KC126213,HCV,1a,100
KC126221,HCV,1a,100
KC126220,HCV,1a,100
KC126225,HCV,1a,100
KC126238,HCV,1a,100
KC126257,HCV,1a,100
KC126250,HCV,1a,100
KC126271,HCV,1a,100
KC126270,HCV,1a,100
KC126275,HCV,1a,100
KC126300,HCV,1a,100
KC126308,HCV,1a,100
KC126306,HCV,1a,100
KC126304,HCV,1a,100
KC126311,HCV,1a,100
KC126309,HCV,1a,100
KC126305,HCV,1a,100
KC126298,HCV,1a,100
KC126312,HCV,1a,100
KC126322,HCV,1a,100
KC126317,HCV,1a,100
KC126324,HCV,1a,100
KC126323,HCV,1a,100
KC126327,HCV,1a,100
KC126329,HCV,1a,100
KC126360,HCV,1a,100
KC126365,HCV,1a,100
KC126369,HCV,1a,100
KC126372,HCV,1a,100
KC126387,HCV,1a,100
KC126401,HCV,1a,100
KC126407,HCV,1a,100
KC126405,HCV,1a,100
KC126411,HCV,1a,100
KC126391,HCV,1a,100
KC126410,HCV,1a,100
KC126420,HCV,1a,100
KC126421,HCV,1a,100
KC126415,HCV,1a,100
KC126423,HCV,1a,100
KC126426,HCV,1a,100
KC126418,HCV,1a,100
KC126427,HCV,1a,100
KC126429,HCV,1a,100
KC126431,HCV,1a,100
KC126414,HCV,1a,100
KC126424,HCV,1a,100
KC126440,HCV,1a,100
KC126455,HCV,1a,100
KC126458,HCV,1a,100
KC126454,HCV,1a,100
KC126439,HCV,1a,100
KC126457,HCV,1a,100
KC126466,HCV,1a,100
KC126467,HCV,1a,100
KC126468,HCV,1a,100
KC126478,HCV,1a,100
KC126476,HCV,1a,100
KC126474,HCV,1a,100
KC126483,HCV,1a,100
KC126497,HCV,1a,100
KC126495,HCV,1a,100
KC126494,HCV,1a,100
KC126504,HCV,1a,100
KC126506,HCV,1a,100
KC126472,HCV,1a,100
KC126501,HCV,1a,100
KC126509,HCV,1a,100
KC126512,HCV,1a,100
KC126500,HCV,1a,100
KC126517,HCV,1a,100
KC126514,HCV,1a,100
KC126507,HCV,1a,100
KC126522,HCV,1a,100
KC126523,HCV,1a,100
KC126527,HCV,1a,100
KC126520,HCV,1a,100
KC126531,HCV,1a,100
KC126532,HCV,1a,100
KC126542,HCV,1a,100
KC126545,HCV,1a,100
KC126549,HCV,1a,100
KC126546,HCV,1a,100
KC126544,HCV,1a,100
KC126547,HCV,1a,100
KC126569,HCV,1a,100
KC126560,HCV,1a,100
KC126572,HCV,1a,100
KC126570,HCV,1a,100
KC126582,HCV,1a,100
KC126577,HCV,1a,100
KC126564,HCV,1a,100
KC126581,HCV,1a,100
KC126580,HCV,1a,100
KC126584,HCV,1a,100
KC126583,HCV,1a,100
KC126579,HCV,1a,100
KC126593,HCV,1a,100
KC126598,HCV,1a,100
KC126591,HCV,1a,100
KC126592,HCV,1a,100
KC126596,HCV,1a,100
KC126604,HCV,1a,100
KC126608,HCV,1a,100
KC126613,HCV,1a,100
KC126616,HCV,1a,100
KC126619,HCV,1a,100
KC126623,HCV,1a,100
KC126624,HCV,1a,100
KC126599,HCV,1a,100
KC126621,HCV,1a,100
KC126635,HCV,1a,100
KC126640,HCV,1a,100
KC126639,HCV,1a,100
KC126646,HCV,1a,100
KC126637,HCV,1a,100
KC126653,HCV,1a,100
KC126657,HCV,1a,100
KC126654,HCV,1a,100
KC126662,HCV,1a,100
KC126673,HCV,1a,100
KC126678,HCV,1a,100
KC126688,HCV,1a,100
KC126689,HCV,1a,100
KC126682,HCV,1a,100
KC126690,HCV,1a,100
KC126692,HCV,1a,100
KC126701,HCV,1a,100
KC126704,HCV,1a,100
KC126703,HCV,1a,100
KC126710,HCV,1a,100
KC126709,HCV,1a,100
KC126711,HCV,1b,84
KC126103,HCV,1a,100
KC125895,HCV,1a,100
KC125879,HCV,1a,100
KC126064,HCV,1a,100
KC126105,HCV,1a,100
KC126707,HCV,1a,100
KC125715,HCV,1a,100
KC125712,HCV,1a,100
KC125723,HCV,1a,100
KC125719,HCV,1a,100
KC125714,HCV,1a,100
KC125720,HCV,1a,100
KC125716,HCV,1a,100
KC125721,HCV,1a,100
KC125726,HCV,1a,100
KC125733,HCV,1a,100
KC125730,HCV,1a,100
KC125729,HCV,1a,100
KC125722,HCV,1a,100
KC125734,HCV,1a,100
KC125732,HCV,1a,100
KC125731,HCV,1a,100
KC125713,HCV,1a,100
KC125718,HCV,1a,100
KC125725,HCV,1a,100
KC125735,HCV,1a,100
KC125728,HCV,1a,100
KC125736,HCV,1a,100
KC125739,HCV,1a,100
KC125740,HCV,1a,100
KC125746,HCV,1a,100
KC125738,HCV,1b,100
KC126096,HCV,1a,100
KC125717,HCV,1a,100
KC125743,HCV,1a,100
KC125737,HCV,1a,100
KC125742,HCV,1a,100
KC125747,HCV,1a,100
KC125744,HCV,1a,100
KC125741,HCV,1a,100
KC125745,HCV,1a,100
KC125727,HCV,1a,100
KC125750,HCV,1a,100
KC125748,HCV,1a,100
KC125751,HCV,1a,100
KC125754,HCV,1a,100
KC125753,HCV,1a,100
KC125749,HCV,1a,100
KC125752,HCV,1a,100
KC126779,HCV,1a,100
KC126778,HCV,1a,100
KC126773,HCV,1a,100
KC126780,HCV,1a,100
KC126774,HCV,1a,100
KC126784,HCV,1a,100
KC126788,HCV,1a,100
KC126792,HCV,1a,100
KC126793,HCV,1a,100
KC126789,HCV,1a,100
KC126790,HCV,1a,100
KC126794,HCV,1a,100
KC126791,HCV,1a,100
KC126795,HCV,1a,100
KC126801,HCV,1a,100
KC126797,HCV,1a,100
KC126805,HCV,1a,100
KC126800,HCV,1a,100
KC126807,HCV,1a,100
KC126802,HCV,1a,100
KC126809,HCV,1a,100
KC126804,HCV,1a,100
KC126810,HCV,1a,100
KC126814,HCV,1a,100
KC126817,HCV,1a,100
KC126812,HCV,1a,100
KC126820,HCV,1a,100
KC126818,HCV,1a,100
KC126806,HCV,1a,100
KC126821,HCV,1a,100
KC126819,HCV,1a,100
KC126813,HCV,1a,100
KC126830,HCV,1a,100
KC126827,HCV,1a,100
KC126826,HCV,1a,100
KC126823,HCV,1a,100
KC126828,HCV,1a,100
KC126829,HCV,1a,100
KC126832,HCV,1a,100
KC126838,HCV,1a,100
KC126839,HCV,1a,100
KC126846,HCV,1a,100
KC126833,HCV,1a,100
KC126842,HCV,1a,100
KC126843,HCV,1a,100
KC126848,HCV,1a,100
KC126841,HCV,1a,100
KC126853,HCV,1a,100
KC126849,HCV,1a,100
KC126847,HCV,1a,100
KC126851,HCV,1a,100
KC126850,HCV,1a,100
KC126855,HCV,1a,100
KC126844,HCV,1a,100
KC126861,HCV,1a,100
KC126845,HCV,1a,100
KC126863,HCV,1a,100
KC126871,HCV,1a,100
KC126866,HCV,1a,100
KC126869,HCV,1a,100
KC126873,HCV,1a,100
KC126876,HCV,1a,100
KC126867,HCV,1a,100
KC126881,HCV,1a,100
KC126878,HCV,1a,100
KC126880,HCV,1a,100
KC126886,HCV,1a,100
KC126885,HCV,1a,100
KC126882,HCV,1a,100
KC126875,HCV,1a,100
KC126877,HCV,1a,100
KC126893,HCV,1a,100
KC126896,HCV,1a,100
KC126895,HCV,1a,100
KC126897,HCV,1a,100
KC126892,HCV,1a,100
KC126900,HCV,1a,100
KC126902,HCV,1a,100
KC126903,HCV,1a,100
KC126901,HCV,1a,100
KC126899,HCV,1a,100
KC126891,HCV,1a,100
KC126909,HCV,1a,100
KC126906,HCV,1a,100
KC126913,HCV,1a,100
KC126904,HCV,1a,100
KC126912,HCV,1a,100
KC126920,HCV,1a,100
KC126923,HCV,1a,100
KC126919,HCV,1a,100
KC126925,HCV,1a,100
KC126924,HCV,1a,100
KC126922,HCV,1a,100
KC126917,HCV,1a,100
KC126926,HCV,1a,100
KC126915,HCV,1a,100
KC126929,HCV,1a,100
KC126935,HCV,1a,100
KC126918,HCV,1a,100
KC126937,HCV,1a,100
KC126938,HCV,1a,100
KC126933,HCV,1a,100
KC126911,HCV,1a,100
KC126939,HCV,1a,100
KC126941,HCV,1a,100
KC126936,HCV,1a,100
KC126934,HCV,1a,100
KC126945,HCV,1a,100
KC126942,HCV,1a,100
KC126957,HCV,1a,100
KC126956,HCV,1a,100
KC126944,HCV,1a,100
KC126952,HCV,1a,100
KC126955,HCV,1a,100
KC126940,HCV,1a,100
KC126954,HCV,1a,100
KC126951,HCV,1a,100
KC126948,HCV,1a,100
KC126959,HCV,1a,100
KC126949,HCV,1a,100
KC126950,HCV,1a,100
KC126953,HCV,1a,100
KC126963,HCV,1a,100
KC126946,HCV,1a,100
KC126965,HCV,1a,100
KC126960,HCV,1a,100
KC126962,HCV,1a,100
KC126968,HCV,1a,100
KC126971,HCV,1a,100
KC126964,HCV,1a,100
KC126973,HCV,1a,100
KC126966,HCV,1a,100
KC126974,HCV,1a,100
KC126975,HCV,1a,100
KC126978,HCV,1a,100
KC126981,HCV,1a,100
KC126970,HCV,1a,100
KC126969,HCV,1a,100
KC126979,HCV,1a,100
KC126977,HCV,1a,100
KC126967,HCV,1a,100
KC126976,HCV,1a,100
KC126986,HCV,1a,100
KC126982,HCV,1a,100
KC126983,HCV,1a,100
KC126972,HCV,1a,100
KC126984,HCV,1a,100
KC126989,HCV,1a,100
KC126988,HCV,1a,100
KC126990,HCV,1a,100
KC126992,HCV,1a,100
KC126987,HCV,1a,100
KC126961,HCV,1a,100
KC126993,HCV,1a,100
KC126997,HCV,1a,100
KC126991,HCV,1a,100
KC126994,HCV,1a,100
KC126999,HCV,1a,100
KC126998,HCV,1a,100
KC126995,HCV,1a,100
KC127001,HCV,1a,100
KC126985,HCV,1a,100
KC127000,HCV,1a,100
KC126996,HCV,1a,100
KC127003,HCV,1a,100
KC127008,HCV,1a,100
KC127006,HCV,1a,100
KC126980,HCV,1a,100
KC127007,HCV,1a,100
KC127013,HCV,1a,100
KC127002,HCV,1a,100
KC127014,HCV,1a,100
KC127015,HCV,1a,100
KC127009,HCV,1a,100
KC127018,HCV,1a,100
KC127012,HCV,1a,100
KC127010,HCV,1a,100
KC127005,HCV,1a,100
KC127021,HCV,1a,100
KC127022,HCV,1a,100
KC127004,HCV,1a,100
KC127011,HCV,1a,100
KC127016,HCV,1a,100
KC127017,HCV,1a,100
KC127019,HCV,1a,100
KC127030,HCV,1a,100
KC127025,HCV,1a,100
KC127020,HCV,1a,100
KC127023,HCV,1a,100
KC127027,HCV,1a,100
KC127031,HCV,1a,100
KC127026,HCV,1a,100
KC127033,HCV,1a,100
KC127029,HCV,1a,100
KC127024,HCV,1a,100
KC127028,HCV,1a,100
KC127038,HCV,1a,100
KC127034,HCV,1a,100
KC127039,HCV,1a,100
KC127040,HCV,1a,100
KC127036,HCV,1a,100
KC127032,HCV,1a,100
KC127041,HCV,1a,100
KC127049,HCV,1a,100
KC127043,HCV,1a,100
KC127045,HCV,1a,100
KC127042,HCV,1a,100
KC127048,HCV,1a,100
KC127051,HCV,1a,100
KC127047,HCV,1a,100
KC127044,HCV,1a,100
KC127052,HCV,1a,100
KC127053,HCV,1a,100
KC127057,HCV,1a,100
KC127035,HCV,1a,100
KC127055,HCV,1a,100
KC127061,HCV,1a,100
KC127050,HCV,1a,100
KC127058,HCV,1a,100
KC127060,HCV,1a,100
KC127037,HCV,1a,100
KC127063,HCV,1a,100
KC127064,HCV,1a,100
KC127059,HCV,1a,100
KC127056,HCV,1a,100
KC127046,HCV,1a,100
KC127065,HCV,1a,100
KC127069,HCV,1a,100
KC127068,HCV,1a,100
KC127062,HCV,1a,100
KC127071,HCV,1a,100
KC127073,HCV,1a,100
KC127074,HCV,1a,100
KC127076,HCV,1a,100
KC127070,HCV,1a,100
KC127072,HCV,1a,100
KC127080,HCV,1a,100
KC127075,HCV,1a,100
KC127078,HCV,1a,100
KC127079,HCV,1a,100
KC127077,HCV,1a,100
KC127083,HCV,1a,100
KC127081,HCV,1a,100
KC127054,HCV,1a,100
KC127086,HCV,1a,100
KC127089,HCV,1a,100
KC127082,HCV,1a,100
KC127091,HCV,1a,100
KC127090,HCV,1a,100
KC127085,HCV,1a,100
KC127066,HCV,1a,100
KC127084,HCV,1a,100
KC127094,HCV,1a,100
KC127097,HCV,1a,100
KC127095,HCV,1a,100
KC127067,HCV,1a,100
KC127098,HCV,1a,100
KC127087,HCV,1a,100
KC127096,HCV,1a,100
KC127088,HCV,1a,100
KC127093,HCV,1a,100
KC127100,HCV,1a,100
KC127105,HCV,1a,100
KC127101,HCV,1a,100
KC127104,HCV,1a,100
KC127092,HCV,1a,100
KC127107,HCV,1a,100
KC127106,HCV,1a,100
KY474465,HCV,3a,100
KC127103,HCV,1a,100
KC127102,HCV,1a,100
KC127113,HCV,1a,100
KY474466,HCV,3a,100
KY474467,HCV,3a,100
KY474473,HCV,3a,100
KY474472,HCV,3a,100
KY474471,HCV,3a,100
KY474475,HCV,3a,100
KY474481,HCV,3a,100
KY474483,HCV,3a,100
KY474482,HCV,3a,100
KY474489,HCV,3a,100
KY474491,HCV,3a,100
KY474490,HCV,3a,100
KY474474,HCV,3a,100
KC127110,HCV,1a,100
KY474493,HCV,3a,100
KY474496,HCV,3a,100
KY474499,HCV,3a,100
KY474497,HCV,3a,100
KY474494,HCV,3a,100
KY474500,HCV,3a,100
KY474495,HCV,3a,100
KC127111,HCV,1a,100
KY474503,HCV,3a,100
MZ131623,HCV,4d,100
MZ131621,HCV,4d,100
KC127099,HCV,1a,100
KC127112,HCV,1a,100
HQ729761,HCV,1b,100
HQ729767,HCV,1b,100
AJ405059,HCV,3a,100
MT633132,HCV,1b,65
AJ405064,HCV,3a,100
HQ729763,HCV,1b,100
AJ405072,HCV,3a,100
AJ405073,HCV,3a,100
HQ729762,HCV,1b,100
AJ405070,HCV,3a,100
AJ405078,HCV,3a,100
DQ499532,HCV,1b,100
AJ405087,HCV,3a,100
DQ499535,HCV,1b,100
DQ499534,HCV,1b,100
DQ499540,HCV,1b,100
DQ499536,HCV,1b,100
DQ499533,HCV,1b,100
DQ499537,HCV,1b,100
DQ499547,HCV,1b,100
DQ499555,HCV,1b,100
DQ499559,HCV,1b,100
DQ499545,HCV,1b,100
DQ499573,HCV,1b,100
DQ499572,HCV,1b,100
MW689965,HCV,1b,100
MW689960,HCV,1a,100
DQ648510,HCV,2a,95
DQ648509,HCV,2a,100
DQ648516,HCV,2b,100
DQ648515,HCV,2b,100
DQ648517,HCV,2b,100
D86531,HCV,1b,100
D86532,HCV,2k,100
D86533,HCV,4a,100
D84398,HCV,2c,100
DQ648512,HCV,2b,100
KY083757,HCV,4r,100
D86530,HCV,2j,100
D86534,HCV,4l,100
D86535,HCV,4a,100
D86529,HCV,2q,100
D86537,HCV,4d,100
D86539,HCV,4l,100
D86536,HCV,4a,100
MW689981,HCV,1a,100
D86543,HCV,4m,100
D86542,HCV,4a,100
MW689988,HCV,1a,100
OK001612,HCV,4a,100
OK001614,HCV,4a,100
MW690010,HCV,1e,100
OK001616,HCV,4a,100
OK001617,HCV,4o,100
OK001618,HCV,4a,100
OK001619,HCV,4a,100
OK001620,HCV,4o,100
D86541,HCV,4a,100
OK001629,HCV,4a,100
D86540,HCV,4a,100
OK001631,HCV,4d,100
OK001624,HCV,4a,100
OK001627,HCV,4a,100
OK001621,HCV,4d,100
OK001622,HCV,4a,100
MW690007,HCV,1g,100
MW690013,HCV,1c,92
OK001630,HCV,4a,100
OK001632,HCV,4a,100
OK001634,HCV,4a,100
OK001635,HCV,4a,100
OK001633,HCV,4a,100
OK001626,HCV,4v,96
OK001628,HCV,4d,100
OK001638,HCV,4a,100
OK001642,HCV,4a,100
OK001636,HCV,4o,100
OK001645,HCV,4a,100
OK001623,HCV,4a,100
OK001641,HCV,4a,100
OK001625,HCV,4d,100
OK001640,HCV,4a,100
MF182661,HCV,1b,100
MF182664,HCV,1b,100
MF182666,HCV,1b,100
MF182671,HCV,1b,100
MF182674,HCV,1b,100
MF182672,HCV,1a,100
MF182676,HCV,1b,100
MF182677,HCV,1a,100
MF182681,HCV,1b,100
MF182682,HCV,1a,100
MF182683,HCV,1b,100
MF182680,HCV,1a,100
MF182686,HCV,1a,100
MF182689,HCV,1a,100
MF182688,HCV,1a,100
MF182685,HCV,1a,100
MF182735,HCV,6n,100
MF182741,HCV,3a,100
MF182744,HCV,3b,100
MF182745,HCV,3a,100
MF182752,HCV,3b,100
MF182678,HCV,1a,100
MF182750,HCV,1b,100
MF182751,HCV,3a,100
MF182756,HCV,1a,100
MF182755,HCV,1a,100
MF182758,HCV,3a,100
MF182757,HCV,1a,100
MF182746,HCV,3a,100
MF182764,HCV,6i,100
MF182687,HCV,1b,100
MF182668,HCV,1b,100
MF182673,HCV,1b,100
MF182761,HCV,3a,100
MF182765,HCV,1b,100
MF182739,HCV,1b,100
MF182740,HCV,6n,100
MF182810,HCV,1a,100
MF182808,HCV,6v,100
MF182796,HCV,6i,100
MF182814,HCV,3a,100
MF182818,HCV,3a,100
MF182817,HCV,3a,100
MF182820,HCV,1a,100
MF182816,HCV,1b,100
MF182813,HCV,6f,100
MF182826,HCV,3b,100
MF182819,HCV,3a,100
MF182824,HCV,3a,100
MF182821,HCV,1a,100
MF182825,HCV,1b,100
MF182804,HCV,3b,100
MF182830,HCV,1b,100
MF182832,HCV,6e,82
MF182831,HCV,1a,100
MF182835,HCV,6e,100
MF182797,HCV,3a,100
MF182836,HCV,6e,100
MF182829,HCV,6f,100
MF182839,HCV,1a,100
MF182822,HCV,3a,100
MF182828,HCV,1b,100
MF182841,HCV,3a,100
MF182840,HCV,3a,100
MF182815,HCV,6i,100
MF182843,HCV,1a,100
MF182842,HCV,3a,100
MF182850,HCV,3a,100
MF182833,HCV,3a,100
MF182847,HCV,1a,100
MF182849,HCV,6i,100
MF182846,HCV,3a,100
MF182845,HCV,3a,100
MF182852,HCV,3b,100
MF182838,HCV,1a,100
AM712228,HCV,1a,100
AM712230,HCV,1a,100
AM712224,HCV,1a,100
AY379553,HCV,1b,100
AY379555,HCV,1b,100
AY379556,HCV,1b,100
AY379557,HCV,1b,100
AY379554,HCV,1b,100
AY379558,HCV,1b,100
AY379559,HCV,1b,100
AY379560,HCV,1b,100
AY379561,HCV,1b,100
AY379562,HCV,1b,100
AY379564,HCV,1b,100
AM712231,HCV,1a,100
AY379566,HCV,1b,100
AM712229,HCV,1a,100
AM712212,HCV,1a,100
AY379565,HCV,1b,100
AY379570,HCV,1b,100
AY379575,HCV,1b,100
AY379573,HCV,1b,100
AY379579,HCV,1b,100
AY379567,HCV,1b,100
AY379582,HCV,1b,100
AY379572,HCV,1b,100
AY379586,HCV,1b,100
AY379577,HCV,1b,100
AY379589,HCV,1b,100
AY379583,HCV,1b,100
AY379580,HCV,1b,100
AY379587,HCV,1b,100
AY379594,HCV,1b,100
AY379592,HCV,1b,100
AY379602,HCV,1b,100
AY379596,HCV,1b,100
AY379597,HCV,1b,100
AY379576,HCV,1b,100
AY379603,HCV,1b,100
AY379604,HCV,1b,100
AY379598,HCV,1b,100
AY379574,HCV,1b,100
AY379612,HCV,1b,100
AY379617,HCV,1b,100
AY379610,HCV,1b,100
AY379601,HCV,1b,100
AY379619,HCV,1b,100
AY379613,HCV,1b,100
AY379625,HCV,1b,100
AY379623,HCV,1b,100
AY379632,HCV,1b,100
AY379636,HCV,1b,100
AY379638,HCV,1b,100
AY379639,HCV,1b,100
AY379644,HCV,1b,100
AY379633,HCV,1b,100
AY379646,HCV,1b,100
AY379649,HCV,1b,100
AY379660,HCV,1b,100
AY379657,HCV,1b,100
AY379663,HCV,1b,100
AY379655,HCV,1b,100
AY379672,HCV,1b,100
AY379670,HCV,1b,100
AY379677,HCV,1b,100
AY379674,HCV,1b,100
AY379676,HCV,1b,100
AY379642,HCV,1b,100
AY379675,HCV,1b,100
AY379679,HCV,1b,100
AY379685,HCV,1b,100
AY379684,HCV,1b,100
AY379686,HCV,1b,100
AY379682,HCV,1b,100
AY379688,HCV,1b,100
AY379683,HCV,1b,100
AY379689,HCV,1b,100
MF182667,HCV,1b,100
KC126741,HCV,1a,100
KC126743,HCV,1a,100
KC126752,HCV,1a,100
KC126753,HCV,1a,100
KC126747,HCV,1a,100
KC126756,HCV,1a,100
KC126750,HCV,1a,100
KC126759,HCV,1a,100
KC126760,HCV,1a,100
KC126768,HCV,1a,100
KC126762,HCV,1a,100
KC126772,HCV,1a,100
KC126766,HCV,1a,100
KC126770,HCV,1a,100
KC126782,HCV,1a,100
KC126785,HCV,1a,100
KC126776,HCV,1a,100
KC126786,HCV,1a,100
KC126787,HCV,1a,100
KC126796,HCV,1a,100
KC126783,HCV,1a,100
KC126798,HCV,1a,100
KC126799,HCV,1a,100
KC126777,HCV,1a,100
KC126808,HCV,1a,100
KC126811,HCV,1a,100
KC126803,HCV,1a,100
KC126816,HCV,1a,100
KC126822,HCV,1a,100
KC126825,HCV,1a,100
KC126824,HCV,1a,100
KC126835,HCV,1a,100
KC126834,HCV,1a,100
KC126831,HCV,1a,100
KC126836,HCV,1a,100
KC126837,HCV,1a,100
KC126840,HCV,1a,100
KC126852,HCV,1a,100
KC126815,HCV,1a,100
KC126854,HCV,1a,100
KC126856,HCV,1a,100
KC126858,HCV,1a,100
KC126859,HCV,1a,100
KC126857,HCV,1a,100
KC126864,HCV,1a,100
KC126862,HCV,1a,100
KC126865,HCV,1a,100
KC126860,HCV,1a,100
KC126872,HCV,1a,100
KC126870,HCV,1a,100
KC126874,HCV,1a,100
KC126868,HCV,1a,100
KC126884,HCV,1a,100
KC126890,HCV,1a,100
KC126879,HCV,1a,100
KC126887,HCV,1a,100
KC126883,HCV,1a,100
KC126888,HCV,1a,100
KC126898,HCV,1a,100
KC126889,HCV,1a,100
KC126894,HCV,1a,100
KC126908,HCV,1a,100
KC126905,HCV,1a,100
KC126910,HCV,1a,100
KC126916,HCV,1a,100
KC126914,HCV,1a,100
KC126907,HCV,1a,100
KC126921,HCV,1a,100
KC126928,HCV,1a,100
KC126930,HCV,1a,100
KC126927,HCV,1a,100
KC126947,HCV,1a,100
KC126943,HCV,1a,100
KC126958,HCV,1a,100
KY474468,HCV,3a,100
KC127108,HCV,1a,100
KY474469,HCV,3a,100
KY474470,HCV,3a,100
KY474476,HCV,3a,100
KC127117,HCV,1a,100
KC127115,HCV,1a,100
KC127118,HCV,1a,100
KY474478,HCV,3a,100
KY474480,HCV,3a,100
KY474477,HCV,3a,100
KY474484,HCV,3a,100
KY474479,HCV,3a,100
KY474488,HCV,3a,100
KC127116,HCV,1a,100
KY474486,HCV,3a,100
KC127114,HCV,1a,100
KY474487,HCV,3a,100
KC127109,HCV,1a,100
KY474501,HCV,3a,100
KY474505,HCV,3a,100
KY474506,HCV,3a,100
KY474507,HCV,3a,100
KY474502,HCV,3a,100
KY474509,HCV,3a,100
KY474492,HCV,3a,100
KY474485,HCV,3a,100
MZ131618,HCV,4d,100
KY474508,HCV,3a,100
MZ131619,HCV,4d,100
MZ131620,HCV,4d,100
MZ131624,HCV,4d,100
MZ131626,HCV,4d,100
MZ131625,HCV,4d,100
MZ131622,HCV,4d,100
MZ131628,HCV,4d,100
KR870893,HCV,1l,100
KR870894,HCV,1e,100
KY474498,HCV,3a,100
MZ131627,HCV,4d,100
HQ729766,HCV,1b,100
HQ729765,HCV,1b,100
MZ131616,HCV,4d,100
HQ729768,HCV,1b,100
HQ729769,HCV,1b,100
MT633134,HCV,4v,58
KY474510,HCV,3a,100
MZ131617,HCV,4d,100
HQ729770,HCV,1b,100
HQ729772,HCV,1b,100
HQ729771,HCV,1b,100
HQ729773,HCV,1b,100
HQ729764,HCV,1b,100
AJ405056,HCV,3a,100
AJ405057,HCV,3a,100
AJ405058,HCV,3a,100
AJ405060,HCV,3a,100
AJ405063,HCV,3a,100
AJ405068,HCV,3a,100
AJ405069,HCV,3a,100
AJ405065,HCV,3a,100
AJ405062,HCV,3a,100
AJ405061,HCV,3a,100
AJ405066,HCV,3a,100
AJ405067,HCV,3a,100
KY474504,HCV,3a,100
AJ405076,HCV,3a,100
AJ405074,HCV,3a,100
AJ405075,HCV,3a,100
AJ405084,HCV,3a,100
AJ405081,HCV,3a,100
AJ405086,HCV,3a,100
AJ405080,HCV,3a,100
AJ405083,HCV,3a,100
AJ405088,HCV,3a,100
AJ405085,HCV,3a,100
AJ405071,HCV,3a,100
DQ499543,HCV,1b,100
DQ499539,HCV,1b,100
AJ405079,HCV,3a,100
DQ499541,HCV,1b,100
DQ499544,HCV,1b,100
AJ405077,HCV,3a,100
DQ499551,HCV,1b,100
DQ499546,HCV,1b,100
DQ499550,HCV,1b,100
DQ499553,HCV,1b,100
DQ499552,HCV,1b,100
DQ499549,HCV,1b,100
DQ499548,HCV,1b,100
DQ499542,HCV,1b,100
DQ499557,HCV,1b,100
DQ499554,HCV,1b,100
DQ499556,HCV,1b,100
DQ499558,HCV,1b,100
DQ499563,HCV,1b,100
DQ499560,HCV,1b,100
DQ499566,HCV,1b,100
DQ499567,HCV,1b,100
DQ499538,HCV,1b,100
DQ499569,HCV,1b,100
DQ499565,HCV,1b,100
DQ499564,HCV,1b,100
DQ499571,HCV,1b,100
DQ499568,HCV,1b,100
DQ499570,HCV,1b,100
DQ499576,HCV,1b,100
DQ499574,HCV,1b,100
DQ499575,HCV,1b,100
DQ499581,HCV,1b,100
DQ499577,HCV,1b,100
DQ499584,HCV,1b,100
DQ499580,HCV,1b,100
DQ499583,HCV,1b,100
AJ405082,HCV,3a,100
DQ499587,HCV,1b,100
DQ499586,HCV,1b,100
DQ499590,HCV,1b,100
DQ499588,HCV,1b,100
DQ499589,HCV,1b,100
DQ499591,HCV,1b,100
DQ499562,HCV,1b,100
DQ499582,HCV,1b,100
DQ499594,HCV,1b,100
DQ499593,HCV,1b,100
DQ499579,HCV,1b,100
DQ499592,HCV,1b,100
DQ499561,HCV,1b,100
DQ499585,HCV,1b,100
DQ499578,HCV,1b,100
MW689961,HCV,1a,100
MW689958,HCV,1a,100
MW689962,HCV,1a,100
MW689947,HCV,1a,100
MW689959,HCV,1a,100
MW689966,HCV,1b,100
MW689952,HCV,1l,100
MW689968,HCV,1b,100
MW689955,HCV,1a,100
MW689971,HCV,1b,100
MW689964,HCV,1l,100
MW689956,HCV,1a,100
MW689954,HCV,1a,100
KY083754,HCV,4r,100
MW689978,HCV,1g,100
MW689980,HCV,1a,100
MW689983,HCV,1l,100
KY083756,HCV,4r,100
KY083755,HCV,4r,100
KY083762,HCV,4r,100
DQ648506,HCV,1b,100
DQ648505,HCV,1b,100
KY083763,HCV,4r,100
DQ648507,HCV,1b,100
MW689984,HCV,1g,100
MW690000,HCV,1a,100
MW689999,HCV,1b,100
MW689975,HCV,1b,100
DQ648511,HCV,2b,100
DQ648514,HCV,2b,100
DQ648513,HCV,2b,100
OK001613,HCV,4a,100
D86538,HCV,4d,100
MW689973,HCV,1b,100
OK001644,HCV,4a,100
MF182660,HCV,1b,100
MF182662,HCV,1b,100
MF182665,HCV,1b,100
MF182663,HCV,1a,100
MF182670,HCV,1b,100
MF182669,HCV,1a,100
MF182684,HCV,1a,100
MF182734,HCV,6b,100
MF182736,HCV,1a,100
MF182738,HCV,1b,100
MF182675,HCV,1a,100
MF182737,HCV,3b,100
MF182743,HCV,1b,100
MF182742,HCV,1a,100
MF182679,HCV,1b,100
MF182748,HCV,2a,100
MF182747,HCV,4d,100
MF182749,HCV,3a,100
MF182753,HCV,1b,100
MF182759,HCV,1b,100
MF182760,HCV,3b,100
MF182769,HCV,2a,100
MF182767,HCV,6i,100
MF182771,HCV,1a,100
MF182774,HCV,6e,100
MF182754,HCV,1b,100
MF182770,HCV,1b,100
MF182778,HCV,1b,100
MF182777,HCV,1b,100
MF182772,HCV,1b,100
MF182776,HCV,3a,100
MF182762,HCV,1b,100
MF182779,HCV,3b,100
MF182782,HCV,6i,100
MF182766,HCV,3a,100
MF182786,HCV,3a,100
MF182785,HCV,6i,100
MF182763,HCV,3a,100
MF182780,HCV,3a,100
MF182790,HCV,6f,100
MF182787,HCV,1b,100
MF182768,HCV,1b,100
MF182791,HCV,1a,100
MF182781,HCV,3a,100
MF182789,HCV,3a,100
MF182788,HCV,1b,100
MF182793,HCV,6a,75
MF182773,HCV,6e,92
MF182775,HCV,6n,100
MF182801,HCV,3a,100
MF182799,HCV,3a,100
MF182795,HCV,1b,100
MF182794,HCV,1b,100
MF182800,HCV,1a,100
MF182805,HCV,6n,100
MF182802,HCV,1b,100
MF182798,HCV,6i,100
MF182783,HCV,3a,100
MF182803,HCV,6n,100
MF182807,HCV,1b,100
MF182806,HCV,3b,100
MF182784,HCV,3a,100
MF182809,HCV,3b,100
MF182811,HCV,3a,100
MF182812,HCV,3a,100
MF182792,HCV,3a,100
MF182837,HCV,1b,100
MF182834,HCV,3a,100
MF182827,HCV,1a,100
MF182823,HCV,3b,100
MF182851,HCV,3a,100
AM712211,HCV,1a,100
AM712216,HCV,1a,100
AM712218,HCV,1a,100
AM712213,HCV,1a,100
AM712220,HCV,1a,100
AM712222,HCV,1a,100
AM712219,HCV,1a,100
AM712214,HCV,1a,100
AM712221,HCV,1a,100
AM712225,HCV,1a,100
MF182853,HCV,6n,100
MF182844,HCV,1b,100
MF182848,HCV,1a,100
AM712217,HCV,1a,100
AM712215,HCV,1a,100
AM712226,HCV,1a,100
AM712232,HCV,1a,100
AM712223,HCV,1a,100
AY379552,HCV,1b,100
AM712235,HCV,1a,100
AM712234,HCV,1a,100
AM712233,HCV,1a,100
AY379551,HCV,1b,100
AY379578,HCV,1b,100
AY379581,HCV,1b,100
AY379569,HCV,1b,100
AY379584,HCV,1b,100
AM712227,HCV,1a,100
AY379568,HCV,1b,100
AY379585,HCV,1b,100
AY379563,HCV,1b,100
AY379571,HCV,1b,100
AY379593,HCV,1b,100
AY379588,HCV,1b,100
AY379599,HCV,1b,100
AY379600,HCV,1b,100
AY379595,HCV,1b,100
AY379606,HCV,1b,100
AY379590,HCV,1b,100
AY379608,HCV,1b,100
AY379591,HCV,1b,100
AY379611,HCV,1b,100
AY379618,HCV,1b,100
AY379620,HCV,1b,100
AY379622,HCV,1b,100
AY379614,HCV,1b,100
AY379609,HCV,1b,100
AY379624,HCV,1b,100
AY379615,HCV,1b,100
AY379616,HCV,1b,100
AY379628,HCV,1b,100
AY379626,HCV,1b,100
AY379630,HCV,1b,100
AY379631,HCV,1b,100
AY379637,HCV,1b,100
AY379629,HCV,1b,100
AY379641,HCV,1b,100
AY379635,HCV,1b,100
AY379605,HCV,1b,100
AY379643,HCV,1b,100
AY379621,HCV,1b,100
AY379634,HCV,1b,100
AY379607,HCV,1b,100
AY379647,HCV,1b,100
AY379640,HCV,1b,100
AY379650,HCV,1b,100
AY379648,HCV,1b,100
AY379651,HCV,1b,100
AY379656,HCV,1b,100
AY379653,HCV,1b,100
AY379652,HCV,1b,100
AY379658,HCV,1b,100
AY379659,HCV,1b,100
AY379662,HCV,1b,100
AY379665,HCV,1b,100
AY379667,HCV,1b,100
AY379668,HCV,1b,100
AY379645,HCV,1b,100
AY379669,HCV,1b,100
AY379627,HCV,1b,100
AY379666,HCV,1b,100
AY379678,HCV,1b,100
AY379661,HCV,1b,100
AY379654,HCV,1b,100
AY379680,HCV,1b,100
AY379687,HCV,1b,100
AY379671,HCV,1b,100
AY379691,HCV,1b,100
AY379681,HCV,1b,100
AY379664,HCV,1b,100
AY379673,HCV,1b,100
AY379693,HCV,1b,100
AY379692,HCV,1b,100
AY379690,HCV,1b,100
AY379694,HCV,1b,100
AY379695,HCV,1b,100
AY379696,HCV,1b,100
AY379697,HCV,1b,100
MW690008,HCV,"unassigned_1, 1b-4r-1a-4r",NA
KC126932,HCV,1a,100
KC126931,HCV,1a,100
OK001615,HCV,4a,100
OK001637,HCV,4a,100
OK001643,HCV,4d,100
OK001639,HCV,4d,100
MW690012,HCV,1g,100
MW690001,HCV,1a,100
KC126713,HCV,1a,100
KC126716,HCV,1a,100
KC126723,HCV,1a,100
KC126715,HCV,1a,100
KC126719,HCV,1a,100
KC126724,HCV,1a,100
KC126721,HCV,1a,100
KC126726,HCV,1a,100
KC126718,HCV,1a,100
KC126727,HCV,1a,100
KC126714,HCV,1a,100
KC126717,HCV,1a,100
KC126722,HCV,1a,100
KC126712,HCV,1a,100
KC126731,HCV,1a,100
KC126725,HCV,1a,100
KC126740,HCV,1a,100
KC126739,HCV,1a,100
KC126734,HCV,1a,100
KC126744,HCV,1a,100
KC126735,HCV,1a,100
KC126751,HCV,1a,100
KC126738,HCV,1a,100
KC126742,HCV,1a,100
KC126736,HCV,1a,100
KC126746,HCV,1a,100
KC126745,HCV,1a,100
KC126748,HCV,1a,100
KC126749,HCV,1a,100
KC126758,HCV,1a,100
KC126754,HCV,1a,100
KC126761,HCV,1a,100
KC126771,HCV,1a,100
KC126755,HCV,1a,100
KC126764,HCV,1a,100
KC126763,HCV,1a,100
KC126765,HCV,1a,100
KC126767,HCV,1a,100
KC126769,HCV,1a,100
KC126757,HCV,1a,100
KC126775,HCV,1a,100
KC126781,HCV,1a,100
KC126720,HCV,1a,100
KC126729,HCV,1a,100
KC126732,HCV,1a,100
KC126733,HCV,1a,100
KC126728,HCV,1a,100
KC126730,HCV,1a,100
KC126737,HCV,1a,100
AB709381,HCV,1b,100
AB709254,HCV,1b,100
AB709252,HCV,1b,100
AB709255,HCV,1b,100
AB709256,HCV,1b,100
AB709258,HCV,1b,100
AB709250,HCV,1b,100
AB709262,HCV,1b,100
AB709263,HCV,1b,100
AB709261,HCV,1b,100
AB709259,HCV,1b,100
AB709264,HCV,1b,100
AB709273,HCV,1b,100
AB709260,HCV,1b,100
AB693846,HCV,1b,100
AB709275,HCV,1b,100
AB709272,HCV,1b,100
AB709293,HCV,1b,100
AB709289,HCV,1b,100
AB709286,HCV,1b,100
AB709297,HCV,1b,100
AB709291,HCV,1b,100
AB709292,HCV,1b,100
AB709298,HCV,1b,100
AB709270,HCV,1b,100
AB709287,HCV,1b,100
AB709285,HCV,1b,100
AB709296,HCV,1b,100
AB709301,HCV,1b,100
AB709299,HCV,1b,100
AB709294,HCV,1b,100
AB709307,HCV,1b,100
AB709309,HCV,1b,100
AB709304,HCV,1b,100
AB709303,HCV,1b,100
AB709302,HCV,1b,100
AB709311,HCV,1b,100
AB709310,HCV,1b,100
AB709312,HCV,1b,100
AB709313,HCV,1b,100
AB709314,HCV,1b,100
AB709320,HCV,1b,100
AB709318,HCV,1b,100
AB709317,HCV,1b,100
AB709319,HCV,1b,100
AB709300,HCV,1b,100
AB709325,HCV,1b,100
AB709323,HCV,1b,100
AB709328,HCV,1b,100
AB709326,HCV,1b,100
AB709327,HCV,1b,100
AB709316,HCV,1b,100
AB709322,HCV,1b,100
AB709332,HCV,1b,100
AB709329,HCV,1b,100
AB709331,HCV,1b,100
AB709330,HCV,1b,100
AB709340,HCV,1b,100
AB709324,HCV,1b,100
AB709336,HCV,1b,100
AB709333,HCV,1b,100
AB709335,HCV,1b,100
AB709338,HCV,1b,100
AB709341,HCV,1b,100
AB709334,HCV,1b,100
AB709339,HCV,1b,100
AB709306,HCV,1b,100
AB709342,HCV,1b,100
AB709343,HCV,1b,100
AB709344,HCV,1b,100
AB709346,HCV,1b,100
AB709295,HCV,1b,100
AB709354,HCV,1b,100
AB709337,HCV,1b,100
AB709308,HCV,1b,100
AB709305,HCV,1b,100
AB709356,HCV,1b,100
AB709345,HCV,1b,100
AB709352,HCV,1b,100
AB709353,HCV,1b,100
AB709350,HCV,1b,100
AB709361,HCV,1b,100
AB709360,HCV,1b,100
AB709349,HCV,1b,100
AB709351,HCV,1b,100
AB709347,HCV,1b,100
AB709358,HCV,1b,100
AB709359,HCV,1b,100
AB709364,HCV,1b,100
AB709365,HCV,1b,100
AB709368,HCV,1b,100
AB709370,HCV,1b,100
AB709372,HCV,1b,100
AB709366,HCV,1b,100
AB709357,HCV,1b,100
AB709375,HCV,1b,100
AB709371,HCV,1b,100
AB709374,HCV,1b,100
AB709377,HCV,1b,100
AB709363,HCV,1b,100
AB709362,HCV,1b,100
AB709379,HCV,1b,100
AB709376,HCV,1b,100
AB709367,HCV,1b,100
AB709382,HCV,1b,100
AB709369,HCV,1b,100
AB709383,HCV,1b,100
AB709380,HCV,1b,100
AB709373,HCV,1b,100
AB709378,HCV,1b,100
AB709387,HCV,1b,100
AB709388,HCV,1b,100
AB709321,HCV,1b,100
AB709389,HCV,1b,100
AB709396,HCV,1b,100
AB709391,HCV,1b,100
AB709355,HCV,1b,100
AB709385,HCV,1b,100
AB709390,HCV,1b,100
AB709401,HCV,1b,100
AB709386,HCV,1b,100
AB709399,HCV,1b,100
AB709400,HCV,1b,100
AB709402,HCV,1b,100
AB709384,HCV,1b,100
AB709404,HCV,1b,100
AB709408,HCV,1b,100
AB709397,HCV,1b,100
AB709412,HCV,1b,100
AB709411,HCV,1b,100
AB709413,HCV,1b,100
AB709398,HCV,1b,100
AB709395,HCV,1b,100
AB709392,HCV,1b,100
AB709414,HCV,1b,100
AB709415,HCV,1b,100
AB709419,HCV,1b,100
AB709420,HCV,1b,100
AB709403,HCV,1b,100
AB709406,HCV,1b,100
AB709405,HCV,1b,100
AB709394,HCV,1b,100
AB709424,HCV,1b,100
AB709417,HCV,1b,100
AB709425,HCV,1b,100
AB709409,HCV,1b,100
AB709418,HCV,1b,100
AB709407,HCV,1b,100
AB709426,HCV,1b,100
AB709429,HCV,1b,100
AB709435,HCV,1b,100
AB709431,HCV,1b,100
AB709433,HCV,1b,100
AB709432,HCV,1b,100
AB709416,HCV,1b,100
AB709438,HCV,1b,100
AB709439,HCV,1b,100
AB709434,HCV,1b,100
AB709442,HCV,1b,100
AB709444,HCV,1b,100
AB709423,HCV,1b,100
AB709422,HCV,1b,100
AB709427,HCV,1b,100
AB709440,HCV,1b,100
AB709441,HCV,1b,100
AB709430,HCV,1b,100
AB709446,HCV,1b,100
AB709448,HCV,1b,100
AB709437,HCV,1b,100
AB709445,HCV,1b,100
AB709447,HCV,1b,100
AB709436,HCV,1b,100
AB709452,HCV,1b,100
AB709453,HCV,1b,100
AB709455,HCV,1b,100
AB709456,HCV,1b,100
AB709454,HCV,1b,100
AB709462,HCV,1b,100
AB709458,HCV,1b,100
AB709451,HCV,1b,100
AB709465,HCV,1b,100
AB709464,HCV,1b,100
AB709467,HCV,1b,100
AB709457,HCV,1b,100
AB709469,HCV,1b,100
AB709468,HCV,1b,100
AB709463,HCV,1b,100
AB709471,HCV,1b,100
AB709482,HCV,1b,100
AB709460,HCV,1b,100
AB709490,HCV,1b,100
AB709485,HCV,1b,100
AB709489,HCV,1b,100
AB709491,HCV,1b,100
AB709494,HCV,1b,100
AB709486,HCV,1b,100
AB709506,HCV,1b,100
AB709498,HCV,1b,100
AB709510,HCV,1b,100
AB709508,HCV,1b,100
AB709484,HCV,1b,100
AB709507,HCV,1b,100
AB709511,HCV,1b,100
AB709487,HCV,1b,100
AB709512,HCV,1b,100
AB709513,HCV,1b,100
AB709514,HCV,1b,100
AB709505,HCV,1b,100
AB709516,HCV,1b,100
AB709520,HCV,1b,100
AB709521,HCV,1b,100
AB709509,HCV,1b,100
AB709522,HCV,1b,100
AB709517,HCV,1b,100
AB709524,HCV,1b,100
AB709525,HCV,1b,100
AB709528,HCV,1b,100
AB709518,HCV,1b,100
AB709515,HCV,1b,100
AB709527,HCV,1b,100
AM713293,HCV,1a,100
AB709533,HCV,1b,100
AB709531,HCV,1b,100
AM713295,HCV,1a,100
AB709532,HCV,1b,100
AM713294,HCV,1a,100
AM713297,HCV,1a,100
AM713296,HCV,1a,100
AB709502,HCV,1b,100
AM713298,HCV,1a,100
AB709526,HCV,1b,100
AM713310,HCV,1a,100
AM713301,HCV,1a,100
AM713313,HCV,1a,100
AM713314,HCV,1a,100
AM713299,HCV,1a,100
AM713311,HCV,1a,100
AM713321,HCV,1a,100
AM713317,HCV,1a,100
AM713312,HCV,1a,100
AM713322,HCV,1a,100
AM713318,HCV,1a,100
AM713323,HCV,1a,100
AM713309,HCV,1a,100
AM713328,HCV,1a,100
AM713327,HCV,1a,100
AM713325,HCV,1a,100
AM713330,HCV,1a,100
AM713324,HCV,1a,100
AM713335,HCV,1a,100
AM713326,HCV,1a,100
AM713331,HCV,1a,100
AM713333,HCV,1a,100
AM713336,HCV,1a,100
AM713338,HCV,1a,100
AM713332,HCV,1a,100
AM713339,HCV,1a,100
AM713337,HCV,1a,100
AM713342,HCV,1a,100
AM713344,HCV,1a,100
AM713315,HCV,1a,100
AM713345,HCV,1a,100
AM713346,HCV,1a,100
AM713347,HCV,1a,100
AM713341,HCV,1a,100
AM713343,HCV,1a,100
AM713352,HCV,1a,100
AM713350,HCV,1a,100
AM713353,HCV,1a,100
AM713351,HCV,1a,100
AM713334,HCV,1a,100
AM713354,HCV,1a,100
AM713358,HCV,1a,100
AM713360,HCV,1a,100
AM713356,HCV,1a,100
AM713359,HCV,1a,100
AM713361,HCV,1a,100
AM713363,HCV,1a,100
AM713348,HCV,1a,100
AB709495,HCV,1b,100
AM713365,HCV,1a,100
AM713366,HCV,1a,100
AM713362,HCV,1a,100
AM713357,HCV,1a,100
AM713364,HCV,1a,100
AM713369,HCV,1a,100
AM713349,HCV,1a,100
AY379711,HCV,1b,100
AY379712,HCV,1b,100
AY379705,HCV,1b,100
AY379714,HCV,1b,100
AY379707,HCV,1b,100
AY379721,HCV,1b,100
AY379728,HCV,1b,100
AY379727,HCV,1b,100
AY379718,HCV,1b,100
AY379726,HCV,1b,100
AY379732,HCV,1b,100
AY379720,HCV,1b,100
AB693836,HCV,1b,100
AB693838,HCV,1b,100
AB709243,HCV,1b,100
AB709249,HCV,1b,100
AB709247,HCV,1b,100
AB709268,HCV,1b,100
AB709266,HCV,1b,100
AB709267,HCV,1b,100
AB709276,HCV,1b,100
AB709277,HCV,1b,100
AB709280,HCV,1b,100
AB709265,HCV,1b,100
AB709284,HCV,1b,100
AB709274,HCV,1b,100
AB709279,HCV,1b,100
AB709282,HCV,1b,100
AB709281,HCV,1b,100
AB709283,HCV,1b,100
AB709288,HCV,1b,100
AB709278,HCV,1b,100
AB709271,HCV,1b,100
AB709290,HCV,1b,100
AB709315,HCV,1b,100
AB709348,HCV,1b,100
AB709393,HCV,1b,100
AB709421,HCV,1b,100
AB709443,HCV,1b,100
AB709450,HCV,1b,100
AB709428,HCV,1b,100
AB709474,HCV,1b,100
AB709470,HCV,1b,100
AB709476,HCV,1b,100
AB709475,HCV,1b,100
AB709466,HCV,1b,100
AB709481,HCV,1b,100
AB709479,HCV,1b,100
AB709480,HCV,1b,100
AB709478,HCV,1b,100
AB709472,HCV,1b,100
AB709449,HCV,1b,100
AB709461,HCV,1b,100
AB709473,HCV,1b,100
AB709493,HCV,1b,100
AB709496,HCV,1b,100
AB709497,HCV,1b,100
AB709477,HCV,1a,100
AB709499,HCV,1b,100
AB709483,HCV,1b,100
AB709492,HCV,1b,100
AB709501,HCV,1b,100
AB709500,HCV,1b,100
AB709503,HCV,1b,100
AB709504,HCV,1b,100
AB709519,HCV,1b,100
AB709523,HCV,1b,100
AM713302,HCV,1a,100
AM713306,HCV,1a,100
AM713303,HCV,1a,100
AB709530,HCV,1b,100
AB709529,HCV,1b,100
AM713300,HCV,1a,100
AM713307,HCV,1a,100
AB709534,HCV,1b,100
AM713304,HCV,1a,100
AM713308,HCV,1a,100
AM713305,HCV,1a,100
AM713320,HCV,1a,100
AM713329,HCV,1a,100
AM713319,HCV,1a,100
AM713340,HCV,1a,100
AM713355,HCV,1a,100
AM713368,HCV,1a,100
AM713367,HCV,1a,100
AM713316,HCV,1a,100
AM713371,HCV,1a,100
AM713370,HCV,1a,100
AM713372,HCV,1a,100
AB709269,HCV,1b,100
AB709410,HCV,1b,100
AB709459,HCV,1b,100
AB709488,HCV,1b,100
AY379698,HCV,1b,100
AY379704,HCV,1b,100
AY379703,HCV,1b,100
AY379700,HCV,1b,100
AY379701,HCV,1b,100
AY379706,HCV,1b,100
AY379708,HCV,1b,100
AY379709,HCV,1b,100
AY379713,HCV,1b,100
AY379717,HCV,1b,100
AY379715,HCV,1b,100
AY379716,HCV,1b,100
AY379723,HCV,1b,100
AY379699,HCV,1b,100
AY379729,HCV,1b,100
AY379702,HCV,1b,100
AY379731,HCV,1b,100
AY379725,HCV,1b,100
AY379730,HCV,1b,100
AY379722,HCV,1b,100
AY379724,HCV,1b,100
AB693839,HCV,1b,100
AY379719,HCV,1b,100
AY379710,HCV,1b,100
AB693834,HCV,1b,100
AB693841,HCV,1b,100
AB693840,HCV,1b,100
AB693843,HCV,1b,100
AB709242,HCV,1b,100
AB693845,HCV,1b,100
AB709241,HCV,1b,100
AB693835,HCV,1b,100
AB693842,HCV,1b,100
AB709248,HCV,1b,100
AB709244,HCV,1b,100
AB709245,HCV,1b,100
AB709246,HCV,1b,100
AB709251,HCV,1b,100
AB709253,HCV,1b,100
AB693844,HCV,1b,100
AB693837,HCV,1b,100
AB709257,HCV,1b,100
AM713373,HCV,1a,100
AM713377,HCV,1a,100
AM713376,HCV,1a,100
AM713374,HCV,1a,100
AM713375,HCV,1a,100