Gene,Accession,CometSubtype,BlastPerGeneSubtype,CompareCondition
NS3,MZ325443,"unassigned_1, 3a-3g",3a,Comet_vs_PerGene
NS3,MZ325444,"unassigned_1, 3a-6k-3g",3a,Comet_vs_PerGene
NS3,MZ327743,"unassigned_1, 1a-1b",1a,Comet_vs_PerGene
NS3,ON314813,2k,2q,Comet_vs_PerGene
NS3,ON314815,2j,2q,Comet_vs_PerGene
NS3,ON314816,2j,2d,Comet_vs_PerGene
NS3,ON314817,2k,2q,Comet_vs_PerGene
NS3,ON314818,2k,2q,Comet_vs_PerGene
NS3,ON314820,2j,2k,Comet_vs_PerGene
NS3,ON314821,2j,2v,Comet_vs_PerGene
NS3,ON314823,2j,2m,Comet_vs_PerGene
NS3,ON314825,2j,2q,Comet_vs_PerGene
NS3,ON314826,2j,2c,Comet_vs_PerGene
NS3,ON314828,2q,2k,Comet_vs_PerGene
NS3,PQ365513,3a,3d,Comet_vs_PerGene
NS3,PQ365524,3a,3e,Comet_vs_PerGene
NS3,MT633132,1b,7b,Comet_vs_PerGene
NS3,MW041294,2j,2r,Comet_vs_PerGene
NS3,MW041295,2j,2v,Comet_vs_PerGene
NS3,MW041296,2j,2r,Comet_vs_PerGene
NS3,MW041297,2j,2v,Comet_vs_PerGene
NS3,MW041298,2j,2v,Comet_vs_PerGene
NS3,MW041299,2j,2v,Comet_vs_PerGene
NS3,MW531222,"unassigned_1, 4a-3h-6h-6d-6h-6d",4a,Comet_vs_PerGene
NS3,MW689944,"unassigned_1, 1a-2k",1a,Comet_vs_PerGene
NS3,MW689945,"unassigned_1, 1a-4a",1a,Comet_vs_PerGene
NS3,MW689963,"unassigned_1, 1a-4a",1a,Comet_vs_PerGene
NS3,MW689965,1b,1i,Comet_vs_PerGene
NS3,MW689966,1b,1i,Comet_vs_PerGene
NS3,MW689969,"unassigned_1, 1a-1b",1b,Comet_vs_PerGene
NS3,MW689971,1b,1i,Comet_vs_PerGene
NS3,MW689975,1b,1n,Comet_vs_PerGene
NS3,MW689980,1a,1o,Comet_vs_PerGene
NS3,MW689987,"unassigned_1, 1a-4r",1a,Comet_vs_PerGene
NS3,MW689988,1a,1m,Comet_vs_PerGene
NS3,MW689993,"unassigned_1, 1a-1b",1a,Comet_vs_PerGene
NS3,MW689995,"unassigned_1, 1a-4k-1b-4k-1b-4k",1b,Comet_vs_PerGene
NS3,MW690004,"unassigned_1, 1a-4o-4v-4o",1a,Comet_vs_PerGene
NS3,MW690008,"unassigned_1, 1b-4r-1a-4r",1g,Comet_vs_PerGene
NS3,MW690009,"unassigned_1, 1b-1a",1b,Comet_vs_PerGene
NS3,MN650807,"unassigned_1, 1a-4d",1a,Comet_vs_PerGene
NS3,MT113067,1b,3i,Comet_vs_PerGene
NS3,MT512570,"unassigned_1, 1b-6d-6b",1b,Comet_vs_PerGene
NS3,MT632127,"unassigned_1, 1a-1b",1a,Comet_vs_PerGene
NS3,PQ660835,"unassigned_1, 1a-4a-4v",1a,Comet_vs_PerGene
NS3,PQ660852,"unassigned_1, 4a-1a",4a,Comet_vs_PerGene
NS3,PQ660853,"unassigned_1, 1a-4a",1a,Comet_vs_PerGene
NS3,PQ660855,"unassigned_1, 1a-4a-4v",1a,Comet_vs_PerGene
NS3,PQ660857,"unassigned_1, 4a-1a",4a,Comet_vs_PerGene
NS3,MK327981,6w,6g,Comet_vs_PerGene
NS3,MK327985,6w,6g,Comet_vs_PerGene
NS3,MK327987,6w,6g,Comet_vs_PerGene
NS3,MK327989,6w,6xh,Comet_vs_PerGene
NS3,MK327990,6w,6s,Comet_vs_PerGene
NS3,MK327991,6w,6xd,Comet_vs_PerGene
NS3,MK327993,1b,6xd,Comet_vs_PerGene
NS3,MK327994,6w,6xh,Comet_vs_PerGene
NS3,MK327995,6w,6g,Comet_vs_PerGene
NS3,MK327996,6w,6xh,Comet_vs_PerGene
NS3,MK327998,6w,6g,Comet_vs_PerGene
NS3,MK327999,6w,6g,Comet_vs_PerGene
NS3,MK328001,6w,6d,Comet_vs_PerGene
NS3,MK328002,6w,6xh,Comet_vs_PerGene
NS3,MK328003,6w,6xh,Comet_vs_PerGene
NS3,MK328004,6a,6xd,Comet_vs_PerGene
NS3,MK328006,6w,6xh,Comet_vs_PerGene
NS3,MK328007,6w,6g,Comet_vs_PerGene
NS3,MK328008,6w,6g,Comet_vs_PerGene
NS3,MK328009,6w,6g,Comet_vs_PerGene
NS3,MK328010,6w,6xh,Comet_vs_PerGene
NS3,MK328011,6a,6xd,Comet_vs_PerGene
NS3,MK328012,1b,6d,Comet_vs_PerGene
NS3,MK328014,6w,6g,Comet_vs_PerGene
NS3,MK328016,"unassigned_1, 6g-3b",6g,Comet_vs_PerGene
NS3,MK328018,6w,6g,Comet_vs_PerGene
NS3,MK328020,6w,6g,Comet_vs_PerGene
NS3,MK328021,6w,6s,Comet_vs_PerGene
NS3,MK328023,6w,6xd,Comet_vs_PerGene
NS3,MK328025,6w,6g,Comet_vs_PerGene
NS3,MK328026,6w,6g,Comet_vs_PerGene
NS3,MK468928,6w,6g,Comet_vs_PerGene
NS3,MK527319,"unassigned_1, 1b-2k",1b,Comet_vs_PerGene
NS3,MK527508,"unassigned_1, 1b-2j-2k",1b,Comet_vs_PerGene
NS3,MK527509,"unassigned_1, 1b-2j-2k",1b,Comet_vs_PerGene
NS3,MK548362,"unassigned_1, 1a-2b",1a,Comet_vs_PerGene
NS3,MK548363,"unassigned_1, 1a-2b",1a,Comet_vs_PerGene
NS3,MK548364,"unassigned_1, 1a-2b",1a,Comet_vs_PerGene
NS3,MK548365,"unassigned_1, 1a-2b",1a,Comet_vs_PerGene
NS3,MK548366,"unassigned_1, 1a-2b",1a,Comet_vs_PerGene
NS3,MK548367,"unassigned_1, 1a-2b",1a,Comet_vs_PerGene
NS3,MK548368,"unassigned_1, 1a-2b",1a,Comet_vs_PerGene
NS3,MK548369,"unassigned_1, 1a-2b",1a,Comet_vs_PerGene
NS3,MK962402,1b,1h,Comet_vs_PerGene
NS3,MK962404,1b,1m,Comet_vs_PerGene
NS3,MK962414,1b,2l,Comet_vs_PerGene
NS3,MK962419,4v,4b,Comet_vs_PerGene
NS3,MK962420,2j,2q,Comet_vs_PerGene
NS3,MK990302,2j,2d,Comet_vs_PerGene
NS3,MK990303,2a,2u,Comet_vs_PerGene
NS3,MK990304,2c,2f,Comet_vs_PerGene
NS3,MK990306,2j,2q,Comet_vs_PerGene
NS3,MK990307,2k,2j,Comet_vs_PerGene
NS3,MK990308,2c,2q,Comet_vs_PerGene
NS3,MN164845,1a,1o,Comet_vs_PerGene
NS3,MN164847,1a,1o,Comet_vs_PerGene
NS3,MN164848,"unassigned_1, 1a-1l",1l,Comet_vs_PerGene
NS3,MN164849,1a,1c,Comet_vs_PerGene
NS3,MN164850,"unassigned_1, 1a-1c",1o,Comet_vs_PerGene
NS3,MN164851,"unassigned_1, 1b-1a",1i,Comet_vs_PerGene
NS3,MN164852,1a,1m,Comet_vs_PerGene
NS3,MN164853,"unassigned_1, 1a-1b",1b,Comet_vs_PerGene
NS3,MN164854,"unassigned_1, 1a-1l",1l,Comet_vs_PerGene
NS3,MN164855,"unassigned_1, 1b-1a",1i,Comet_vs_PerGene
NS3,MN164857,"unassigned_1, 1a-4a",1a,Comet_vs_PerGene
NS3,MN164858,1a,1o,Comet_vs_PerGene
NS3,MN164859,1a,1o,Comet_vs_PerGene
NS3,MN164862,"unassigned_1, 1a-1b",1a,Comet_vs_PerGene
NS3,MN164868,"unassigned_1, 1a-1b",1b,Comet_vs_PerGene
NS3,MN164870,"unassigned_1, 1l-1a-1b",1l,Comet_vs_PerGene
NS3,MN164871,1a,1o,Comet_vs_PerGene
NS3,MN164872,1a,1m,Comet_vs_PerGene
NS3,MN164873,"unassigned_1, 1b-1a",1b,Comet_vs_PerGene
NS3,MN164874,"unassigned_1, 1b-1a",1b,Comet_vs_PerGene
NS3,MN164876,"unassigned_1, 1b-1a",1b,Comet_vs_PerGene
NS3,MN164877,"unassigned_1, 1l-1a",1l,Comet_vs_PerGene
NS3,MN240359,6w,6xa,Comet_vs_PerGene
NS3,LC773640,4a,4c,Comet_vs_PerGene
NS3,MG406987,"unassigned_1, 2a-1b",2a,Comet_vs_PerGene
NS3,MG406988,"unassigned_1, 2a-2b",2a,Comet_vs_PerGene
NS3,MG428679,"unassigned_1, 3a-1a",3a,Comet_vs_PerGene
NS3,MG717926,"unassigned_1, 6a-3h-6b-6h-3h",6a,Comet_vs_PerGene
NS3,MG717927,"unassigned_1, 6a-3h-6h",6a,Comet_vs_PerGene
NS3,MG717928,"unassigned_1, 6a-3h-6h",6a,Comet_vs_PerGene
NS3,MG717929,"unassigned_1, 6a-3h-6b-6h-3h",6a,Comet_vs_PerGene
NS3,MG717930,"unassigned_1, 6a-3h-6h",6a,Comet_vs_PerGene
NS3,PQ899568,"unassigned_1, 5a-1c",5b,Comet_vs_PerGene
NS3,PP092205,6w,8a,Comet_vs_PerGene
NS3,PP092206,6w,8a,Comet_vs_PerGene
NS3,PP092207,6w,8a,Comet_vs_PerGene
NS3,PP092208,6w,8a,Comet_vs_PerGene
NS3,PP101905,6e,6xc,Comet_vs_PerGene
NS3,PP101906,6w,6xf,Comet_vs_PerGene
NS3,PP101907,6e,6xf,Comet_vs_PerGene
NS3,PP101908,6f,6r,Comet_vs_PerGene
NS3,PP101909,6f,6r,Comet_vs_PerGene
NS3,PP101916,6w,6q,Comet_vs_PerGene
NS3,PP101925,"unassigned_1, 6t-6f",6q,Comet_vs_PerGene
NS3,PP101938,6w,6xf,Comet_vs_PerGene
NS3,PP101939,6e,6xc,Comet_vs_PerGene
NS3,PP101940,6e,6xc,Comet_vs_PerGene
NS3,MG878999,1b,6xd,Comet_vs_PerGene
NS3,MG879000,6w,6xh,Comet_vs_PerGene
NS3,MH155319,"unassigned_1, 6a-2a-6k-3a-4r-3h-6b-6h-3h",6a,Comet_vs_PerGene
NS3,MH477423,2a,2u,Comet_vs_PerGene
NS3,MH492360,6n,6xg,Comet_vs_PerGene
NS3,MH492361,6n,6xg,Comet_vs_PerGene
NS3,MH492362,6n,6xg,Comet_vs_PerGene
NS3,MH590698,"unassigned_1, 2j-5a",8a,Comet_vs_PerGene
NS3,MH590699,"unassigned_1, 2j-5a",8a,Comet_vs_PerGene
NS3,MH590700,"unassigned_1, 1b-6w",8a,Comet_vs_PerGene
NS3,MH590701,"unassigned_1, 2j-5a",8a,Comet_vs_PerGene
NS3,MH714570,6e,6xc,Comet_vs_PerGene
NS3,MH714578,6e,6xc,Comet_vs_PerGene
NS3,MH714587,6l,6xb,Comet_vs_PerGene
NS3,MH714596,4k,6q,Comet_vs_PerGene
NS3,MH742360,"unassigned_1, 4v-4k",4q,Comet_vs_PerGene
NS3,MH742362,4v,4q,Comet_vs_PerGene
NS3,MH742366,"unassigned_1, 4v-4m",4q,Comet_vs_PerGene
NS3,MH742368,"unassigned_1, 4v-4g",4s,Comet_vs_PerGene
NS3,MH742369,"unassigned_1, 4v-4a-4p",4v,Comet_vs_PerGene
NS3,MH885469,1c,1o,Comet_vs_PerGene
NS3,MK039720,"unassigned_1, 1b-2j-2a-2j-2k",1b,Comet_vs_PerGene
NS3,MK139015,6n,6xg,Comet_vs_PerGene
NS3,MK139016,6n,6xg,Comet_vs_PerGene
NS3,MK139017,6n,6xg,Comet_vs_PerGene
NS3,MK139018,6n,6xg,Comet_vs_PerGene
NS3,MK139019,6n,6xg,Comet_vs_PerGene
NS3,MK139020,6n,6xg,Comet_vs_PerGene
NS3,MK139021,6n,6xg,Comet_vs_PerGene
NS3,MK139022,6n,6xg,Comet_vs_PerGene
NS3,D85516,"unassigned_1, 1b-6b",1b,Comet_vs_PerGene
NS3,D89815,"unassigned_1, 1b-6d-6b",1b,Comet_vs_PerGene
NS3,DQ071885,"unassigned_1, 1b-3h",1b,Comet_vs_PerGene
NS3,DQ155560,"unassigned_1, 6p-2j-2a-2k-2j",6p,Comet_vs_PerGene
NS3,DQ278891,6l,6xj,Comet_vs_PerGene
NS3,DQ278893,6l,6xj,Comet_vs_PerGene
NS3,DQ364460,"unassigned_1, 1b-2b",1b,Comet_vs_PerGene
NS3,EF026073,2j,5a,Comet_vs_PerGene
NS3,EF139664,"unassigned_1, 1b-3b",1b,Comet_vs_PerGene
NS3,EF420134,6h,5a,Comet_vs_PerGene
NS3,EF638081,"unassigned_1, 1b-1a",1b,Comet_vs_PerGene
NS3,OR497876,"unassigned_1, 1b-2k",1b,Comet_vs_PerGene
NS3,OR594285,4a,4c,Comet_vs_PerGene
NS3,X78952,1b,1a,Comet_vs_PerGene
NS3,OQ979437,"unassigned_1, 1b-1a",1b,Comet_vs_PerGene
NS3,OQ979440,"unassigned_1, 1b-2j-2m",1b,Comet_vs_PerGene
NS3,AB016785,"unassigned_1, 1b-3g-6b",1b,Comet_vs_PerGene
NS3,AB049088,"unassigned_1, 1b-6b",1b,Comet_vs_PerGene
NS3,AB049089,"unassigned_1, 1b-6h-6b",1b,Comet_vs_PerGene
NS3,AB049090,"unassigned_1, 1b-6k-6b",1b,Comet_vs_PerGene
NS3,AB049091,"unassigned_1, 1b-2b-6d-6b",1b,Comet_vs_PerGene
NS3,AB049095,"unassigned_1, 1b-6h-6b",1b,Comet_vs_PerGene
NS3,AB049101,"unassigned_1, 1b-6k-6d-6b",1b,Comet_vs_PerGene
NS3,AB080299,"unassigned_1, 1b-6d-6b",1b,Comet_vs_PerGene
NS3,AB119282,"unassigned_1, 1b-3k",1b,Comet_vs_PerGene
NS3,AB191333,"unassigned_1, 1b-6d-6b",1b,Comet_vs_PerGene
NS3,AB249644,"unassigned_1, 1b-6b-6h-6b",1b,Comet_vs_PerGene
NS3,AB426117,"unassigned_1, 1b-6b-6h-6b",1b,Comet_vs_PerGene
NS3,AB435162,"unassigned_1, 1b-6b-6h-6b",1b,Comet_vs_PerGene
NS3,AB442219,"unassigned_1, 1b-6d-6b",1b,Comet_vs_PerGene
NS3,AB442220,"unassigned_1, 1b-6d-6b",1b,Comet_vs_PerGene
NS3,AB442221,"unassigned_1, 1b-6d-6b",1b,Comet_vs_PerGene
NS3,AB442222,"unassigned_1, 1b-6d-6b",1b,Comet_vs_PerGene
NS3,AB558135,"unassigned_1, 1b-2b",1b,Comet_vs_PerGene
NS3,AB622121,"unassigned_1, 1b-2b",1b,Comet_vs_PerGene
NS3,AB622123,"unassigned_1, 2b-1b",1b,Comet_vs_PerGene
NS3,AB677527,"unassigned_1, 1b-2b",1b,Comet_vs_PerGene
NS3,AB677528,"unassigned_1, 1b-2b",1b,Comet_vs_PerGene
NS3,AB677529,"unassigned_1, 1b-2b",1b,Comet_vs_PerGene
NS3,AB677530,"unassigned_1, 1b-2b",1b,Comet_vs_PerGene
NS3,AB677531,"unassigned_1, 1b-2b",1b,Comet_vs_PerGene
NS3,AB677532,"unassigned_1, 1b-2b",1b,Comet_vs_PerGene
NS3,AB677533,"unassigned_1, 1b-2b",1b,Comet_vs_PerGene
NS3,AB691595,"unassigned_1, 3a-3h-6k-3h-2b",3a,Comet_vs_PerGene
NS3,AB691596,"unassigned_1, 3a-3h-6k-3h-2b",3a,Comet_vs_PerGene
NS3,AB691953,"unassigned_1, 1b-3g-6d-6b",1b,Comet_vs_PerGene
NS3,AB792683,"unassigned_1, 3a-3h",3a,Comet_vs_PerGene
NS3,AB795432,"unassigned_1, 4a-6k",4a,Comet_vs_PerGene
NS3,AB828699,"unassigned_1, 1b-6b",1b,Comet_vs_PerGene
NS3,AB828700,"unassigned_1, 1b-6k-6d-6k-6d-6k-6d",1b,Comet_vs_PerGene
NS3,AB828701,"unassigned_1, 1b-6k-6d-6k-6d-6k-6d",1b,Comet_vs_PerGene
NS3,AF054247,"unassigned_1, 1b-1a-6k-1a-6b-1a",1b,Comet_vs_PerGene
NS3,AF054248,"unassigned_1, 1b-1a-6k-1a-6b-1a",1b,Comet_vs_PerGene
NS3,AF054249,"unassigned_1, 1b-1a-6k-1a-6b-1a",1b,Comet_vs_PerGene
NS3,AF139594,"unassigned_1, 1b-6k-6d-6b-3g",1b,Comet_vs_PerGene
NS3,AF176573,"unassigned_1, 1b-6h-6d",1b,Comet_vs_PerGene
NS3,AF333324,"unassigned_1, 1b-1a",1b,Comet_vs_PerGene
NS3,AF356827,"unassigned_1, 1b-6h-2a-6h-6d-3g",1b,Comet_vs_PerGene
NS3,AJ132997,"unassigned_1, 1b-6b",1b,Comet_vs_PerGene
NS3,AJ238799,"unassigned_1, 1b-3h",1b,Comet_vs_PerGene
NS3,AM400420,1b,1d,Comet_vs_PerGene
NS3,AM400421,1b,1d,Comet_vs_PerGene
NS3,AM400422,1b,1d,Comet_vs_PerGene
NS3,AM400423,1b,1d,Comet_vs_PerGene
NS3,AM400424,1b,1d,Comet_vs_PerGene
NS3,AM400425,1b,1d,Comet_vs_PerGene
NS3,AM400426,1b,1d,Comet_vs_PerGene
NS3,AM400427,1b,1d,Comet_vs_PerGene
NS3,AM400428,1b,1d,Comet_vs_PerGene
NS3,AM400429,1b,1d,Comet_vs_PerGene
NS3,AM400430,1b,1d,Comet_vs_PerGene
NS3,AM400431,1b,1d,Comet_vs_PerGene
NS3,AM400432,1b,1d,Comet_vs_PerGene
NS3,AM400433,1b,1d,Comet_vs_PerGene
NS3,AM400434,1b,1d,Comet_vs_PerGene
NS3,AM400435,1b,1d,Comet_vs_PerGene
NS3,AM400436,1b,1d,Comet_vs_PerGene
NS3,AM400437,1b,1d,Comet_vs_PerGene
NS3,AM400438,1b,1d,Comet_vs_PerGene
NS3,AM400439,1b,1d,Comet_vs_PerGene
NS3,AM400440,1b,1d,Comet_vs_PerGene
NS3,AM400441,1b,1d,Comet_vs_PerGene
NS3,AM400442,1b,1d,Comet_vs_PerGene
NS3,AM400443,1b,1d,Comet_vs_PerGene
NS3,AM400444,1b,1d,Comet_vs_PerGene
NS3,AM400445,1b,1d,Comet_vs_PerGene
NS3,AM400446,1b,1d,Comet_vs_PerGene
NS3,AM400447,1b,1d,Comet_vs_PerGene
NS3,AM400448,1b,1d,Comet_vs_PerGene
NS3,AM400449,1b,1d,Comet_vs_PerGene
NS3,AM400450,1b,1d,Comet_vs_PerGene
NS3,AM400451,1b,1d,Comet_vs_PerGene
NS3,AM400452,1b,1d,Comet_vs_PerGene
NS3,AM400453,1b,1d,Comet_vs_PerGene
NS3,AM400454,1b,1d,Comet_vs_PerGene
NS3,AM400455,1b,1d,Comet_vs_PerGene
NS3,AM400456,1b,1d,Comet_vs_PerGene
NS3,AM400457,1b,1d,Comet_vs_PerGene
NS3,AM400458,1b,1d,Comet_vs_PerGene
NS3,AM400459,1b,1d,Comet_vs_PerGene
NS3,AM400460,1b,1d,Comet_vs_PerGene
NS3,AM400461,1b,1d,Comet_vs_PerGene
NS3,AM400462,1b,1d,Comet_vs_PerGene
NS3,AM400463,1b,1d,Comet_vs_PerGene
NS3,AM400464,1b,1d,Comet_vs_PerGene
NS3,AM400465,1b,1d,Comet_vs_PerGene
NS3,AM400466,1b,1d,Comet_vs_PerGene
NS3,AM400467,1b,1d,Comet_vs_PerGene
NS3,AM400468,1b,1d,Comet_vs_PerGene
NS3,AM400469,1b,1d,Comet_vs_PerGene
NS3,AM400470,1b,1d,Comet_vs_PerGene
NS3,AM400471,1b,1d,Comet_vs_PerGene
NS3,AM400472,1b,1d,Comet_vs_PerGene
NS3,AM400473,1b,1d,Comet_vs_PerGene
NS3,AM408911,2j,5a,Comet_vs_PerGene
NS3,AM712639,1b,1d,Comet_vs_PerGene
NS3,AY045702,"unassigned_1, 1b-6b",1b,Comet_vs_PerGene
NS3,AY070170,"unassigned_1, 2k-1b",1b,Comet_vs_PerGene
NS3,AY070171,"unassigned_1, 2k-1b",1b,Comet_vs_PerGene
NS3,AY070172,"unassigned_1, 2k-1b",1b,Comet_vs_PerGene
NS3,AY070214,"unassigned_1, 2k-1b",1b,Comet_vs_PerGene
NS3,AY070215,"unassigned_1, 2k-1b",1b,Comet_vs_PerGene
NS3,AY460204,"unassigned_1, 1b-6h-6b",1b,Comet_vs_PerGene
NS3,AY587845,"unassigned_1, 1b-2j-2a-2j-2k",1b,Comet_vs_PerGene
NS3,AY878650,6l,6xj,Comet_vs_PerGene
NS3,AY878651,6l,6xj,Comet_vs_PerGene
NS3,GU133617,"unassigned_1, 1b-1a",1b,Comet_vs_PerGene
NS3,GU294484,"unassigned_1, 3a-1a",3a,Comet_vs_PerGene
NS3,HM106713,1b,4f,Comet_vs_PerGene
NS3,HQ537005,"unassigned_1, 1b-2j-2k",1b,Comet_vs_PerGene
NS3,HQ537006,"unassigned_1, 1b-2j-2q-2k",1b,Comet_vs_PerGene
NS3,HQ537007,1b,1k,Comet_vs_PerGene
NS3,HQ623209,1b,1i,Comet_vs_PerGene
NS3,HQ623229,1b,1d,Comet_vs_PerGene
NS3,HQ623274,1b,1d,Comet_vs_PerGene
NS3,HQ623282,5a,2l,Comet_vs_PerGene
NS3,HQ623283,6w,2t,Comet_vs_PerGene
NS3,HQ623284,2j,2f,Comet_vs_PerGene
NS3,HQ623287,2j,2t,Comet_vs_PerGene
NS3,HQ623293,6w,2l,Comet_vs_PerGene
NS3,HQ623295,4v,2l,Comet_vs_PerGene
NS3,HQ623303,2j,2u,Comet_vs_PerGene
NS3,HQ623305,2j,2c,Comet_vs_PerGene
NS3,HQ623306,2j,2a,Comet_vs_PerGene
NS3,HQ623310,2j,2q,Comet_vs_PerGene
NS3,HQ623318,2j,2u,Comet_vs_PerGene
NS3,HQ623340,2j,3a,Comet_vs_PerGene
NS3,HQ623402,4a,4p,Comet_vs_PerGene
NS3,HQ623403,4a,4c,Comet_vs_PerGene
NS3,JF735112,2a,2u,Comet_vs_PerGene
NS3,JF735116,2j,2f,Comet_vs_PerGene
NS3,JF735117,2j,2c,Comet_vs_PerGene
NS3,JF735118,2k,2q,Comet_vs_PerGene
NS3,JF735119,2a,2u,Comet_vs_PerGene
NS3,JF735121,3h,8a,Comet_vs_PerGene
NS3,JF735124,"unassigned_1, 3a-3g",3i,Comet_vs_PerGene
NS3,JF735125,"unassigned_1, 3i-3h-6h-6b",3i,Comet_vs_PerGene
NS3,JF735127,4k,4b,Comet_vs_PerGene
NS3,JF735128,"unassigned_1, 4v-4m-4p-4t-4a-3g-2b-1a-3h",4v,Comet_vs_PerGene
NS3,JF735129,"unassigned_1, 4v-4k",4v,Comet_vs_PerGene
NS3,JF735130,"unassigned_1, 4v-4o",4v,Comet_vs_PerGene
NS3,JF735131,"unassigned_1, 4v-4g",4q,Comet_vs_PerGene
NS3,JF735132,4v,4q,Comet_vs_PerGene
NS3,JF735134,4k,4b,Comet_vs_PerGene
NS3,JF735135,4a,4c,Comet_vs_PerGene
NS3,JF735136,"unassigned_1, 4v-4g",4s,Comet_vs_PerGene
NS3,JF735138,4k,4b,Comet_vs_PerGene
NS3,JF779679,"unassigned_1, 1a-2b",1a,Comet_vs_PerGene
NS3,OP555741,"unassigned_1, 4d-3g-2b-6k-2b-6k-1a-6k-6d-6k",4d,Comet_vs_PerGene
NS3,OP555742,"unassigned_1, 4d-4a-4n-4g-4n-4k-4g-4w-3g-3h-6h-6d-6h-6d",4d,Comet_vs_PerGene
NS3,OP555743,"unassigned_1, 4d-2j-2a-2m-2a",4d,Comet_vs_PerGene
NS3,OP555744,"unassigned_1, 4d-2j-2a-2m-2a",4d,Comet_vs_PerGene
NS3,OP555745,"unassigned_1, 4d-2j-2a-2m-2a",4d,Comet_vs_PerGene
NS3,PX361034,"unassigned_1, 1l-2a",1l,Comet_vs_PerGene
NS3,PX376057,"unassigned_1, 1l-2k-2j-2a-2q",1l,Comet_vs_PerGene
NS3,PX376058,"unassigned_1, 1l-2a",1l,Comet_vs_PerGene
NS3,PX376059,"unassigned_1, 1l-4v-4f",1l,Comet_vs_PerGene
NS3,PX386811,"unassigned_1, 1a-3a",1a,Comet_vs_PerGene
NS3,PX386926,2j,2m,Comet_vs_PerGene
NS3,PX386968,"unassigned_1, 3h-6a",3h,Comet_vs_PerGene
NS3,PX445001,"unassigned_1, 1h-4f",1h,Comet_vs_PerGene
NS3,PX445002,"unassigned_1, 1e-4a-4w-4f",1e,Comet_vs_PerGene
NS3,PX445003,"unassigned_1, 1h-4f-4l-4f",1h,Comet_vs_PerGene
NS3,PX445004,"unassigned_1, 1e-4f-4w-4f-4p",1e,Comet_vs_PerGene
NS3,PX446221,"unassigned_1, 1l-2k-2a",1l,Comet_vs_PerGene
NS3,PX446959,"unassigned_1, 1l-4f",1l,Comet_vs_PerGene
NS3,PX446960,"unassigned_1, 1l-4f",1l,Comet_vs_PerGene
NS3,PX459183,4v,4c,Comet_vs_PerGene
NS3,PX459184,4a,4c,Comet_vs_PerGene
NS3,EU246937,"unassigned_1, 6n-6o-6e-6a-6o",6n,Comet_vs_PerGene
NS3,EU643835,"unassigned_1, 6w-2b",6w,Comet_vs_PerGene
NS3,EU857431,"unassigned_1, 1b-3h",1b,Comet_vs_PerGene
NS3,FJ025854,"unassigned_1, 4k-4f",4w,Comet_vs_PerGene
NS3,FJ462437,"unassigned_1, 4d-4o",4d,Comet_vs_PerGene
NS3,FJ775756,4v,4q,Comet_vs_PerGene
NS3,FJ775759,4l,4v,Comet_vs_PerGene
NS3,FJ775762,4f,4q,Comet_vs_PerGene
NS3,FN435993,"unassigned_1, 1b-6h-6b-6h-6b-6d",1b,Comet_vs_PerGene
NS3,JX183549,6k,6xi,Comet_vs_PerGene
NS3,JX183550,6l,6xi,Comet_vs_PerGene
NS3,JX183551,6l,6xb,Comet_vs_PerGene
NS3,JX183552,6l,6xb,Comet_vs_PerGene
NS3,JX183557,6n,6xe,Comet_vs_PerGene
NS3,JX227952,"unassigned_1, 1b-2j-2a-2j-2q-2k-2q-2k",1b,Comet_vs_PerGene
NS3,JX227963,4g?,4g,Comet_vs_PerGene
NS3,JX227964,4k,4r,Comet_vs_PerGene
NS3,KC123631,1b,1d,Comet_vs_PerGene
NS3,KC124575,1b,1d,Comet_vs_PerGene
NS3,KC125692,1b,1n,Comet_vs_PerGene
NS3,KC126711,1b,1c,Comet_vs_PerGene
NS3,KC197229,"unassigned_1, 2i-2k-2c-3h",2i,Comet_vs_PerGene
NS3,KC197230,"unassigned_1, 2i-2k",2i,Comet_vs_PerGene
NS3,KC197231,"unassigned_1, 2i-2k-2b-3h",2i,Comet_vs_PerGene
NS3,KC197233,"unassigned_1, 2j-6k",2j,Comet_vs_PerGene
NS3,KC197235,2b,2l,Comet_vs_PerGene
NS3,KC197236,2j,2d,Comet_vs_PerGene
NS3,KC197237,2j,2q,Comet_vs_PerGene
NS3,KC197238,2b,2t,Comet_vs_PerGene
NS3,KC197239,2b,2c,Comet_vs_PerGene
NS3,KC197240,2b,2l,Comet_vs_PerGene
NS3,KC844039,6w,6xa,Comet_vs_PerGene
NS3,KC844040,6w,6a,Comet_vs_PerGene
NS3,KC844042,2j,2f,Comet_vs_PerGene
NS3,KC844050,2j,2f,Comet_vs_PerGene
NS3,KC844051,"unassigned_1, 1b-3h",1b,Comet_vs_PerGene
NS3,KC844052,"unassigned_1, 1b-3h",1b,Comet_vs_PerGene
NS3,KC960825,1b,1d,Comet_vs_PerGene
NS3,KC960826,1b,1d,Comet_vs_PerGene
NS3,KC960827,1b,1d,Comet_vs_PerGene
NS3,KC960828,1b,1d,Comet_vs_PerGene
NS3,KC960829,1b,1i,Comet_vs_PerGene
NS3,KC960831,1b,1i,Comet_vs_PerGene
NS3,KC960832,1b,1d,Comet_vs_PerGene
NS3,KC960841,1b,1d,Comet_vs_PerGene
NS3,KC960843,1b,1h,Comet_vs_PerGene
NS3,KC960849,1b,1d,Comet_vs_PerGene
NS3,KC960858,1b,1d,Comet_vs_PerGene
NS3,KC960868,1b,1d,Comet_vs_PerGene
NS3,KC960875,1b,1d,Comet_vs_PerGene
NS3,KC960877,1b,1j,Comet_vs_PerGene
NS3,KC960878,1c,1o,Comet_vs_PerGene
NS3,KC960879,6w,1o,Comet_vs_PerGene
NS3,KC960883,1b,1d,Comet_vs_PerGene
NS3,KC960884,1b,1d,Comet_vs_PerGene
NS3,KC967477,"unassigned_1, 2a-2b",2a,Comet_vs_PerGene
NS3,KC967478,"unassigned_1, 2a-2b",2a,Comet_vs_PerGene
NS3,KC967479,"unassigned_1, 2a-2c",2a,Comet_vs_PerGene
NS3,OP022918,"unassigned_1, 2b-2d",2b,Comet_vs_PerGene
NS3,KJ148619,1c,2l,Comet_vs_PerGene
NS3,KJ148620,4v,2l,Comet_vs_PerGene
NS3,KJ439768,1b,1d,Comet_vs_PerGene
NS3,KJ439772,1b,1i,Comet_vs_PerGene
NS3,KJ439773,1a,1j,Comet_vs_PerGene
NS3,KJ439774,1a,1k,Comet_vs_PerGene
NS3,KJ439775,1a,1n,Comet_vs_PerGene
NS3,KJ439777,1a,1k,Comet_vs_PerGene
NS3,KJ439778,1a,1m,Comet_vs_PerGene
NS3,KJ439779,1b,1o,Comet_vs_PerGene
NS3,KJ439780,1a,1m,Comet_vs_PerGene
NS3,KJ439781,1a,1n,Comet_vs_PerGene
NS3,KJ439782,1a,1m,Comet_vs_PerGene
NS3,KJ470618,3a,3e,Comet_vs_PerGene
NS3,KJ470619,3a,3d,Comet_vs_PerGene
NS3,KJ470623,6w,6g,Comet_vs_PerGene
NS3,KJ470625,6w,6g,Comet_vs_PerGene
NS3,KJ567644,6l,6xb,Comet_vs_PerGene
NS3,KJ567645,6l,6xb,Comet_vs_PerGene
NS3,KJ567646,6e,6xf,Comet_vs_PerGene
NS3,KJ567647,6w,6xf,Comet_vs_PerGene
NS3,KJ567648,6w,6xf,Comet_vs_PerGene
NS3,KJ567649,6e,6xc,Comet_vs_PerGene
NS3,KJ567650,6e,6xc,Comet_vs_PerGene
NS3,KJ567651,6e,6xc,Comet_vs_PerGene
NS3,KJ567652,6e,6u,Comet_vs_PerGene
NS3,KJ678754,"unassigned_1, 6a-3h",6a,Comet_vs_PerGene
NS3,KJ678768,"unassigned_1, 6a-3a",6a,Comet_vs_PerGene
NS3,KM043282,"unassigned_1, 4a-6h-6b-6h-6b",4a,Comet_vs_PerGene
NS3,KM043283,"unassigned_1, 4a-6b-6h-6b",4a,Comet_vs_PerGene
NS3,KM043285,"unassigned_1, 1b-6k-6b",1b,Comet_vs_PerGene
NS3,KM057781,2k,2q,Comet_vs_PerGene
NS3,KM102760,"unassigned_1, 1a-2b",1a,Comet_vs_PerGene
NS3,KM102761,"unassigned_1, 1a-2b",1a,Comet_vs_PerGene
NS3,KM102762,"unassigned_1, 1a-2b",1a,Comet_vs_PerGene
NS3,KM102763,"unassigned_1, 1a-2b",1a,Comet_vs_PerGene
NS3,KM102764,"unassigned_1, 1b-2j-2a-2b",1b,Comet_vs_PerGene
NS3,KM102765,"unassigned_1, 1b-2k",1b,Comet_vs_PerGene
NS3,KM102766,"unassigned_1, 1b-2b",1b,Comet_vs_PerGene
NS3,KM102767,"unassigned_1, 1b-2b",1b,Comet_vs_PerGene
NS3,KM102768,"unassigned_1, 1b-2a-2k",1b,Comet_vs_PerGene
NS3,KM102769,"unassigned_1, 1b-2a-2k",1b,Comet_vs_PerGene
NS3,KM102770,"unassigned_1, 1b-2k",1b,Comet_vs_PerGene
NS3,KM252788,"unassigned_1, 6u-2b",6u,Comet_vs_PerGene
NS3,KM252789,6a,6xd,Comet_vs_PerGene
NS3,KM252790,6a,6xd,Comet_vs_PerGene
NS3,KM252791,6a,6xd,Comet_vs_PerGene
NS3,KM252792,6n,6xe,Comet_vs_PerGene
NS3,KM252794,6w,6h,Comet_vs_PerGene
NS3,KM252796,6e,6c,Comet_vs_PerGene
NS3,KM252797,6e,6q,Comet_vs_PerGene
NS3,KM252798,6e,6xf,Comet_vs_PerGene
NS3,KM252799,6a,6xd,Comet_vs_PerGene
NS3,KM252800,6e,6q,Comet_vs_PerGene
NS3,KM495736,"unassigned_1, 1b-2k",1b,Comet_vs_PerGene
NS3,KM504111,6e,6c,Comet_vs_PerGene
NS3,KM504112,1b,6xf,Comet_vs_PerGene
NS3,KM504114,6o,6q,Comet_vs_PerGene
NS3,KM504117,6e,6q,Comet_vs_PerGene
NS3,KM504118,6w,6xf,Comet_vs_PerGene
NS3,KM504120,6e,6q,Comet_vs_PerGene
NS3,KM504121,6w,6q,Comet_vs_PerGene
NS3,KM580619,1b,1a,Comet_vs_PerGene
NS3,KM587623,"unassigned_1, 3i-3k",3i,Comet_vs_PerGene
NS3,KM587625,"unassigned_1, 4d-4a-4n-4g-1a-3h",4d,Comet_vs_PerGene
NS3,KP162364,2j,2t,Comet_vs_PerGene
NS3,KP162567,1b,1d,Comet_vs_PerGene
NS3,KP162585,1b,1i,Comet_vs_PerGene
NS3,KP162611,2j,2f,Comet_vs_PerGene
NS3,KP162680,2j,2u,Comet_vs_PerGene
NS3,KP162796,2j,2u,Comet_vs_PerGene
NS3,KP163083,1b,1d,Comet_vs_PerGene
NS3,KP163084,1b,1d,Comet_vs_PerGene
NS3,KP163194,2b,2t,Comet_vs_PerGene
NS3,KP163260,4a,4c,Comet_vs_PerGene
NS3,KP163456,1b,1d,Comet_vs_PerGene
NS3,KP898279,"unassigned_1, 1a-1b",1a,Comet_vs_PerGene
NS3,OM222702,"unassigned_1, 1b-6k-6b",1b,Comet_vs_PerGene
NS3,OM222703,"unassigned_1, 1b-6k-6b",1b,Comet_vs_PerGene
NS3,KX852188,1b,1k,Comet_vs_PerGene
NS3,KY014622,"unassigned_1, 6n-2m-2a-6d",6n,Comet_vs_PerGene
NS3,KY283130,"unassigned_1, 4a-2a-3g-6b-3g",4a,Comet_vs_PerGene
NS3,KY620322,"unassigned_1, 2a-3a",2a,Comet_vs_PerGene
NS3,KY620330,"unassigned_1, 2c-2b-3g-2b-2a",2c,Comet_vs_PerGene
NS3,KY620333,"unassigned_1, 2c-6h-3h",2c,Comet_vs_PerGene
NS3,KY620334,"unassigned_1, 2c-6h-2b",2c,Comet_vs_PerGene
NS3,KY620364,"unassigned_1, 3a-3h",3a,Comet_vs_PerGene
NS3,KY620370,"unassigned_1, 3a-3h",3a,Comet_vs_PerGene
NS3,KY620373,"unassigned_1, 3a-3h",3a,Comet_vs_PerGene
NS3,KY620384,"unassigned_1, 3a-3h",3a,Comet_vs_PerGene
NS3,KY620390,"unassigned_1, 3a-3h",3a,Comet_vs_PerGene
NS3,KY620404,"unassigned_1, 3a-3h",3a,Comet_vs_PerGene
NS3,KY620414,"unassigned_1, 3a-3h",3a,Comet_vs_PerGene
NS3,KY620427,"unassigned_1, 3a-3h",3a,Comet_vs_PerGene
NS3,KY620437,"unassigned_1, 3a-3h",3a,Comet_vs_PerGene
NS3,KY620448,"unassigned_1, 3a-3h",3a,Comet_vs_PerGene
NS3,KY620456,"unassigned_1, 3a-3h",3a,Comet_vs_PerGene
NS3,KY620484,"unassigned_1, 3a-3h",3a,Comet_vs_PerGene
NS3,KY620508,"unassigned_1, 3a-3h",3a,Comet_vs_PerGene
NS3,KY620514,"unassigned_1, 3a-3h",3a,Comet_vs_PerGene
NS3,KY620515,"unassigned_1, 3a-3h",3a,Comet_vs_PerGene
NS3,KY620516,"unassigned_1, 3a-3h",3a,Comet_vs_PerGene
NS3,KY620517,"unassigned_1, 3a-3h",3a,Comet_vs_PerGene
NS3,KY620519,"unassigned_1, 3a-3h",3a,Comet_vs_PerGene
NS3,KY620526,"unassigned_1, 3a-3h",3a,Comet_vs_PerGene
NS3,KY620549,"unassigned_1, 3a-3h",3a,Comet_vs_PerGene
NS3,KY620552,"unassigned_1, 3a-3h",3a,Comet_vs_PerGene
NS3,KY620568,"unassigned_1, 3a-3h",3a,Comet_vs_PerGene
NS3,KY620574,"unassigned_1, 3a-3h",3a,Comet_vs_PerGene
NS3,KY620580,"unassigned_1, 3a-3h",3a,Comet_vs_PerGene
NS3,KY620606,"unassigned_1, 3a-3h",3a,Comet_vs_PerGene
NS3,KY620641,"unassigned_1, 3a-3h",3a,Comet_vs_PerGene
NS3,KY620671,"unassigned_1, 3a-3h",3a,Comet_vs_PerGene
NS3,KY620675,"unassigned_1, 3a-3h",3a,Comet_vs_PerGene
NS3,KY620721,"unassigned_1, 3a-3h",3a,Comet_vs_PerGene
NS3,KY620724,"unassigned_1, 3a-3h",3a,Comet_vs_PerGene
NS3,KY620738,"unassigned_1, 3a-3h",3a,Comet_vs_PerGene
NS3,KY620748,"unassigned_1, 3a-3h",3a,Comet_vs_PerGene
NS3,KY620759,"unassigned_1, 3a-3h",3a,Comet_vs_PerGene
NS3,KY620790,"unassigned_1, 3a-3h",3a,Comet_vs_PerGene
NS3,KY620791,"unassigned_1, 3a-3h",3a,Comet_vs_PerGene
NS3,KY620801,"unassigned_1, 3a-3h",3a,Comet_vs_PerGene
NS3,KY620811,"unassigned_1, 3a-3h",3a,Comet_vs_PerGene
NS3,KY620823,"unassigned_1, 3a-3h",3a,Comet_vs_PerGene
NS3,KY620824,"unassigned_1, 3a-3h",3a,Comet_vs_PerGene
NS3,KY620832,"unassigned_1, 3a-3h",3a,Comet_vs_PerGene
NS3,KY620836,"unassigned_1, 3a-3h",3a,Comet_vs_PerGene
NS3,KY620860,"unassigned_1, 3a-2b",3a,Comet_vs_PerGene
NS3,KY620868,"unassigned_1, 3a-2b",3a,Comet_vs_PerGene
NS3,KY620872,"unassigned_1, 3b-3h",3b,Comet_vs_PerGene
NS3,KY620875,"unassigned_1, 3b-3a",3b,Comet_vs_PerGene
NS3,KY620879,3g,3b,Comet_vs_PerGene
NS3,KY620880,"unassigned_1, 1a-2b",1a,Comet_vs_PerGene
NS3,KY697856,4f,4c,Comet_vs_PerGene
NS3,KY780122,"unassigned_1, 1b-2j-2k",1b,Comet_vs_PerGene
NS3,KY780123,"unassigned_1, 1b-2j-2k",1b,Comet_vs_PerGene
NS3,KY883981,"unassigned_1, 1b-2j-2k",1b,Comet_vs_PerGene
NS3,KY883982,"unassigned_1, 1b-2j-2k",1b,Comet_vs_PerGene
NS3,LC011927,"unassigned_1, 1b-6k-6d-6b-6d",1b,Comet_vs_PerGene
NS3,LC011928,"unassigned_1, 1b-6k-6d-6b-6d",1b,Comet_vs_PerGene
NS3,LC011929,"unassigned_1, 1b-6k-6d-6b-6d",1b,Comet_vs_PerGene
NS3,LC011930,"unassigned_1, 1b-6k-6d-6b-6d",1b,Comet_vs_PerGene
NS3,LC011931,"unassigned_1, 1b-6k-6d-6b-6d",1b,Comet_vs_PerGene
NS3,LC150893,"unassigned_1, 1b-2j-2a-2b",1b,Comet_vs_PerGene
NS3,LC273304,"unassigned_1, 1b-2b",1b,Comet_vs_PerGene
NS3,LC368351,"unassigned_1, 1a-3a",1a,Comet_vs_PerGene
NS3,LC368352,"unassigned_1, 3a-1a",3a,Comet_vs_PerGene
NS3,LC368366,"unassigned_1, 1a-2b",1a,Comet_vs_PerGene
NS3,LC368421,6w,6xa,Comet_vs_PerGene
NS3,LC495890,2j,1a,Comet_vs_PerGene
NS3,LC495891,2j,1a,Comet_vs_PerGene
NS3,LC495892,2j,1a,Comet_vs_PerGene
NS3,LC495893,2j,1a,Comet_vs_PerGene
NS3,LC495894,2j,1a,Comet_vs_PerGene
NS3,LC495895,2j,1a,Comet_vs_PerGene
NS3,LC495896,2j,1a,Comet_vs_PerGene
NS3,LC495897,2j,1a,Comet_vs_PerGene
NS3,LC495898,2b,1a,Comet_vs_PerGene
NS3,LC495899,6w,1a,Comet_vs_PerGene
NS3,LC495900,2b,1a,Comet_vs_PerGene
NS3,LC495901,6w,1a,Comet_vs_PerGene
NS3,LC495902,6w,1a,Comet_vs_PerGene
NS3,LC495903,2j,1a,Comet_vs_PerGene
NS3,KR870888,"unassigned_1, 1e-4k-4n-4g-4a-4f-4d-4g",1e,Comet_vs_PerGene
NS3,KT233297,1b,1d,Comet_vs_PerGene
NS3,KT233414,1h,1c,Comet_vs_PerGene
NS3,KU180713,4a,4c,Comet_vs_PerGene
NS3,KU746825,"unassigned_1, 3a-1a",3a,Comet_vs_PerGene
NS3,KU861171,2j,5a,Comet_vs_PerGene
NS3,KU871304,"unassigned_1, 1a-3a",1a,Comet_vs_PerGene
NS3,KU871305,"unassigned_1, 1a-2b",1a,Comet_vs_PerGene
NS3,KX092342,2b,1k,Comet_vs_PerGene
NS3,KX172138,2j,7b,Comet_vs_PerGene
NS3,OP894632,1b,1d,Comet_vs_PerGene
NS3,OP894633,1b,1d,Comet_vs_PerGene
NS3,OP894636,1b,1d,Comet_vs_PerGene
NS3,OP894646,1b,1o,Comet_vs_PerGene
NS3,OP894648,"unassigned_1, 1l-1b-1a-4t-1a-4t",1l,Comet_vs_PerGene
NS3,OP894649,1b,1d,Comet_vs_PerGene
NS3,OK001630,4a,4c,Comet_vs_PerGene
NS3,OR917741,2j,2c,Comet_vs_PerGene
NS3,OR917742,2j,2q,Comet_vs_PerGene
NS3,OR917743,2k,2q,Comet_vs_PerGene
NS3,OR917749,2k,2q,Comet_vs_PerGene
NS3,OR917751,2j,2q,Comet_vs_PerGene
NS3,OQ863056,"unassigned_1, 3a-6n",3a,Comet_vs_PerGene
NS3,OQ873159,"unassigned_1, 3b-3a-3g-2b-3h-2b-3h",3b,Comet_vs_PerGene
NS3,OQ873160,"unassigned_1, 3b-3h",3b,Comet_vs_PerGene
NS3,OQ873161,"unassigned_1, 3b-3a-2b-3k-2b-3h",3b,Comet_vs_PerGene
NS3,OQ832071,6w,6xa,Comet_vs_PerGene
NS3,OM525854,1b,1m,Comet_vs_PerGene
NS3,OM525855,"unassigned_1, 2a-2k",2m,Comet_vs_PerGene
NS3,OM525858,2a,2m,Comet_vs_PerGene
NS3,OM525864,1a,1n,Comet_vs_PerGene
NS3,OM525871,1a,1n,Comet_vs_PerGene
NS3,OM525873,"unassigned_1, 1a-1b",1n,Comet_vs_PerGene
NS3,OM525875,1a,1n,Comet_vs_PerGene
NS3,OM525877,2j,2q,Comet_vs_PerGene
NS3,OM525878,2a,2m,Comet_vs_PerGene
NS3,OM525879,2j,2e,Comet_vs_PerGene
NS3,OM525885,2j,2q,Comet_vs_PerGene
NS3,OM525888,1b,1n,Comet_vs_PerGene
NS3,OM525889,1b,1h,Comet_vs_PerGene
NS3,OM525890,2j,2m,Comet_vs_PerGene
NS3,OM525891,1a,1m,Comet_vs_PerGene
NS3,OM525893,2a,2m,Comet_vs_PerGene
NS3,OM525895,"unassigned_1, 1b-2a",1b,Comet_vs_PerGene
NS3,OM525899,"unassigned_1, 2b-1b",2b,Comet_vs_PerGene
NS3,OM525900,2j,2i,Comet_vs_PerGene
NS3,OM525901,2a,2m,Comet_vs_PerGene
NS3,OM525902,1a,1n,Comet_vs_PerGene
NS3,OM525905,2j,2r,Comet_vs_PerGene
NS3,OM525908,"unassigned_1, 2d-2a",2d,Comet_vs_PerGene
NS3,OM525909,1a,1n,Comet_vs_PerGene
NS3,PV184474,"unassigned_1, 1a-3a",1a,Comet_vs_PerGene
NS3,PV184477,"unassigned_1, 3a-2b",3a,Comet_vs_PerGene
NS3,PV184543,"unassigned_1, 1a-2b",1a,Comet_vs_PerGene
NS3,PV184558,"unassigned_1, 1a-2b",1a,Comet_vs_PerGene
NS3,PV184562,"unassigned_1, 1a-2b",1a,Comet_vs_PerGene
NS3,PV184569,"unassigned_1, 1a-2b",1a,Comet_vs_PerGene
NS3,PV289116,"unassigned_1, 1a-2b",1a,Comet_vs_PerGene
NS3,PV289118,"unassigned_1, 1a-2b",1a,Comet_vs_PerGene
NS3,PV289130,"unassigned_1, 1a-2b",1a,Comet_vs_PerGene
NS3,PV289210,"unassigned_1, 3a-2b",3a,Comet_vs_PerGene
NS3,PV289216,"unassigned_1, 3a-2b",3a,Comet_vs_PerGene
NS3,PV289218,"unassigned_1, 3a-2b",3a,Comet_vs_PerGene
NS3,MZ171127,6l,6xj,Comet_vs_PerGene
NS3,MZ171128,6l,6xj,Comet_vs_PerGene
NS3,MZ171129,6l,6xj,Comet_vs_PerGene
NS3,MZ171130,6l,6xj,Comet_vs_PerGene
NS3,MZ171131,6l,6xj,Comet_vs_PerGene
NS3,MZ171132,6l,6xj,Comet_vs_PerGene
NS3,MZ171133,6l,6xj,Comet_vs_PerGene
NS3,MZ171134,6l,6xj,Comet_vs_PerGene
NS3,MZ504973,6l,6xi,Comet_vs_PerGene
NS3,MZ504974,6k,6xi,Comet_vs_PerGene
NS3,MZ504975,6k,6xi,Comet_vs_PerGene
NS3,MZ504976,6k,6xi,Comet_vs_PerGene
NS3,MZ541883,1b,1o,Comet_vs_PerGene
NS3,MZ541884,1b,1o,Comet_vs_PerGene
NS3,OM884322,4v,4s,Comet_vs_PerGene
NS3,OM884335,4v,4s,Comet_vs_PerGene
NS3,OM884347,4v,4s,Comet_vs_PerGene
NS3,MZ394742,2b,1b,Comet_vs_PerGene
NS5A,MW205378,4v,4q,Comet_vs_PerGene
NS5A,MW205380,4v,4p,Comet_vs_PerGene
NS5A,MW205386,4a,4c,Comet_vs_PerGene
NS5A,MW205388,4a,4c,Comet_vs_PerGene
NS5A,MW205390,4a,4c,Comet_vs_PerGene
NS5A,MW205396,4k,4g,Comet_vs_PerGene
NS5A,MW205397,4k,4d,Comet_vs_PerGene
NS5A,MW205398,4r,4v,Comet_vs_PerGene
NS5A,MW205415,4d,6f,Comet_vs_PerGene
NS5A,MW205416,1l,4d,Comet_vs_PerGene
NS5A,MW205436,2j,2i,Comet_vs_PerGene
NS5A,MW205437,2j,2i,Comet_vs_PerGene
NS5A,MW205438,2j,2i,Comet_vs_PerGene
NS5A,MW205439,2j,2v,Comet_vs_PerGene
NS5A,MW205440,2a,2u,Comet_vs_PerGene
NS5A,MW205441,2a,2i,Comet_vs_PerGene
NS5A,MW205442,2j,2d,Comet_vs_PerGene
NS5A,MW205443,2j,2v,Comet_vs_PerGene
NS5A,MW205445,2j,2u,Comet_vs_PerGene
NS5A,MW205450,2j,2i,Comet_vs_PerGene
NS5A,MW205456,2a,2f,Comet_vs_PerGene
NS5A,MW205457,2b,2q,Comet_vs_PerGene
NS5A,MW205458,2j,2f,Comet_vs_PerGene
NS5A,MW205459,2a,2f,Comet_vs_PerGene
NS5A,MW205460,2a,2f,Comet_vs_PerGene
NS5A,MW205461,2a,2i,Comet_vs_PerGene
NS5A,MW205462,2j,2q,Comet_vs_PerGene
NS5A,MW205463,2a,2u,Comet_vs_PerGene
NS5A,MW205464,2a,2q,Comet_vs_PerGene
NS5A,MW205465,2a,2i,Comet_vs_PerGene
NS5A,MZ325443,"unassigned_1, 3a-3g",3a,Comet_vs_PerGene
NS5A,MZ325444,"unassigned_1, 3a-6k-3g",3a,Comet_vs_PerGene
NS5A,MZ327743,"unassigned_1, 1a-1b",1a,Comet_vs_PerGene
NS5A,ON314812,2k,2q,Comet_vs_PerGene
NS5A,ON314813,2k,2f,Comet_vs_PerGene
NS5A,ON314815,2j,2q,Comet_vs_PerGene
NS5A,ON314817,2k,2q,Comet_vs_PerGene
NS5A,ON314818,2k,2u,Comet_vs_PerGene
NS5A,ON314820,2j,2q,Comet_vs_PerGene
NS5A,ON314821,2j,2q,Comet_vs_PerGene
NS5A,ON314822,2k,2q,Comet_vs_PerGene
NS5A,ON314823,2j,2q,Comet_vs_PerGene
NS5A,ON314825,2j,2q,Comet_vs_PerGene
NS5A,ON314826,2j,2q,Comet_vs_PerGene
NS5A,PQ365513,3a,3d,Comet_vs_PerGene
NS5A,PQ365524,3a,3e,Comet_vs_PerGene
NS5A,MT633133,3a,7b,Comet_vs_PerGene
NS5A,MT893908,4a,4c,Comet_vs_PerGene
NS5A,MT893909,4a,4c,Comet_vs_PerGene
NS5A,MT893912,4a,4c,Comet_vs_PerGene
NS5A,MW041294,2j,2e,Comet_vs_PerGene
NS5A,MW041295,2j,2v,Comet_vs_PerGene
NS5A,MW041296,2j,2q,Comet_vs_PerGene
NS5A,MW041297,2j,2v,Comet_vs_PerGene
NS5A,MW041298,2j,2v,Comet_vs_PerGene
NS5A,MW041299,2j,2v,Comet_vs_PerGene
NS5A,MW531222,"unassigned_1, 4a-3h-6h-6d-6h-6d",4a,Comet_vs_PerGene
NS5A,MW689944,"unassigned_1, 1a-2k",1a,Comet_vs_PerGene
NS5A,MW689945,"unassigned_1, 1a-4a",1a,Comet_vs_PerGene
NS5A,MW689963,"unassigned_1, 1a-4a",1a,Comet_vs_PerGene
NS5A,MW689965,1b,1d,Comet_vs_PerGene
NS5A,MW689969,"unassigned_1, 1a-1b",1a,Comet_vs_PerGene
NS5A,MW689971,1b,1i,Comet_vs_PerGene
NS5A,MW689980,1a,1j,Comet_vs_PerGene
NS5A,MW689987,"unassigned_1, 1a-4r",1a,Comet_vs_PerGene
NS5A,MW689993,"unassigned_1, 1a-1b",1a,Comet_vs_PerGene
NS5A,MW689995,"unassigned_1, 1a-4k-1b-4k-1b-4k",1a,Comet_vs_PerGene
NS5A,MW690001,1a,1n,Comet_vs_PerGene
NS5A,MW690004,"unassigned_1, 1a-4o-4v-4o",1a,Comet_vs_PerGene
NS5A,MW690008,"unassigned_1, 1b-4r-1a-4r",1g,Comet_vs_PerGene
NS5A,MW690009,"unassigned_1, 1b-1a",1a,Comet_vs_PerGene
NS5A,MW690013,1c,1o,Comet_vs_PerGene
NS5A,MN641932,4d,1d,Comet_vs_PerGene
NS5A,MN641972,4d,1a,Comet_vs_PerGene
NS5A,MT113068,3a,3d,Comet_vs_PerGene
NS5A,MT113070,3a,3h,Comet_vs_PerGene
NS5A,MT113073,4l,,Comet_vs_PerGene
NS5A,MT151161,1b,1n,Comet_vs_PerGene
NS5A,MT151162,4f,4g,Comet_vs_PerGene
NS5A,MT151165,2j,2r,Comet_vs_PerGene
NS5A,MT151171,2j,2u,Comet_vs_PerGene
NS5A,MT151176,1h,1d,Comet_vs_PerGene
NS5A,MT151194,4a,4c,Comet_vs_PerGene
NS5A,MT151206,1a,1o,Comet_vs_PerGene
NS5A,MT151207,4f,4d,Comet_vs_PerGene
NS5A,MT151211,1a,1o,Comet_vs_PerGene
NS5A,MT151212,1b,1d,Comet_vs_PerGene
NS5A,MT151222,4r,1a,Comet_vs_PerGene
NS5A,MT151226,1a,1o,Comet_vs_PerGene
NS5A,MT151236,2a,2c,Comet_vs_PerGene
NS5A,MT151238,1a,1c,Comet_vs_PerGene
NS5A,MT151241,1c,1o,Comet_vs_PerGene
NS5A,MT151243,2b,2i,Comet_vs_PerGene
NS5A,MT151252,4a,4c,Comet_vs_PerGene
NS5A,MT151255,1c,1o,Comet_vs_PerGene
NS5A,MT151261,4d,4b,Comet_vs_PerGene
NS5A,MT151262,2a,2r,Comet_vs_PerGene
NS5A,MT151264,1a,1b,Comet_vs_PerGene
NS5A,MT151270,4a,4c,Comet_vs_PerGene
NS5A,MT151272,1a,1o,Comet_vs_PerGene
NS5A,MT151282,2j,3h,Comet_vs_PerGene
NS5A,MT151283,4a,4c,Comet_vs_PerGene
NS5A,MT512570,"unassigned_1, 1b-6d-6b",1b,Comet_vs_PerGene
NS5A,MT554099,4a,,Comet_vs_PerGene
NS5A,MT554100,1a,,Comet_vs_PerGene
NS5A,MT554101,1b,,Comet_vs_PerGene
NS5A,MT632127,"unassigned_1, 1a-1b",1a,Comet_vs_PerGene
NS5A,PQ660835,"unassigned_1, 1a-4a-4v",1a,Comet_vs_PerGene
NS5A,PQ660852,"unassigned_1, 4a-1a",4a,Comet_vs_PerGene
NS5A,PQ660853,"unassigned_1, 1a-4a",1a,Comet_vs_PerGene
NS5A,PQ660855,"unassigned_1, 1a-4a-4v",1a,Comet_vs_PerGene
NS5A,PQ660857,"unassigned_1, 4a-1a",4a,Comet_vs_PerGene
NS5A,MK252769,6xa,5a,Comet_vs_PerGene
NS5A,MK252770,6n,5a,Comet_vs_PerGene
NS5A,MK252771,6xa,5a,Comet_vs_PerGene
NS5A,MK252773,6xa,5a,Comet_vs_PerGene
NS5A,MK252775,6xa,5a,Comet_vs_PerGene
NS5A,MK252776,6xa,5a,Comet_vs_PerGene
NS5A,MK252780,6xa,5a,Comet_vs_PerGene
NS5A,MK252782,6xa,5a,Comet_vs_PerGene
NS5A,MK252784,6xa,5a,Comet_vs_PerGene
NS5A,MK252789,6n,4v,Comet_vs_PerGene
NS5A,MK252790,6xa,5a,Comet_vs_PerGene
NS5A,MK252797,6n,4d,Comet_vs_PerGene
NS5A,MK252798,6n,5a,Comet_vs_PerGene
NS5A,MK252803,6xa,5a,Comet_vs_PerGene
NS5A,MK252804,1b,5a,Comet_vs_PerGene
NS5A,MK252807,6xa,5a,Comet_vs_PerGene
NS5A,MK252808,6xa,5a,Comet_vs_PerGene
NS5A,MK252809,6xa,5a,Comet_vs_PerGene
NS5A,MK252810,6n,4d,Comet_vs_PerGene
NS5A,MK252812,6xa,5a,Comet_vs_PerGene
NS5A,MK252814,6xa,5a,Comet_vs_PerGene
NS5A,MK252815,6xa,5a,Comet_vs_PerGene
NS5A,MK252819,6xa,5a,Comet_vs_PerGene
NS5A,MK252823,6xa,5a,Comet_vs_PerGene
NS5A,MK255495,1b,1i,Comet_vs_PerGene
NS5A,MK255579,1b,1i,Comet_vs_PerGene
NS5A,MK327981,6w,6g,Comet_vs_PerGene
NS5A,MK327985,6w,6g,Comet_vs_PerGene
NS5A,MK327987,6w,6q,Comet_vs_PerGene
NS5A,MK327988,6g,5b,Comet_vs_PerGene
NS5A,MK327989,6w,6xh,Comet_vs_PerGene
NS5A,MK327993,1b,6xa,Comet_vs_PerGene
NS5A,MK327994,6w,6xh,Comet_vs_PerGene
NS5A,MK327995,6w,5a,Comet_vs_PerGene
NS5A,MK327996,6w,6xh,Comet_vs_PerGene
NS5A,MK327998,6w,5a,Comet_vs_PerGene
NS5A,MK327999,6w,6q,Comet_vs_PerGene
NS5A,MK328002,6w,6xh,Comet_vs_PerGene
NS5A,MK328003,6w,6xh,Comet_vs_PerGene
NS5A,MK328004,6a,6xj,Comet_vs_PerGene
NS5A,MK328006,6w,6xh,Comet_vs_PerGene
NS5A,MK328007,6w,6q,Comet_vs_PerGene
NS5A,MK328008,6w,6g,Comet_vs_PerGene
NS5A,MK328009,6w,6q,Comet_vs_PerGene
NS5A,MK328010,6w,6xh,Comet_vs_PerGene
NS5A,MK328011,6a,5a,Comet_vs_PerGene
NS5A,MK328012,1b,6b,Comet_vs_PerGene
NS5A,MK328014,6w,6g,Comet_vs_PerGene
NS5A,MK328016,"unassigned_1, 6g-3b",6g,Comet_vs_PerGene
NS5A,MK328018,6w,6g,Comet_vs_PerGene
NS5A,MK328020,6w,6g,Comet_vs_PerGene
NS5A,MK328023,6w,6xe,Comet_vs_PerGene
NS5A,MK328025,6w,6xg,Comet_vs_PerGene
NS5A,MK328026,6w,6g,Comet_vs_PerGene
NS5A,MK468928,6w,6g,Comet_vs_PerGene
NS5A,MK527508,"unassigned_1, 1b-2j-2k",1b,Comet_vs_PerGene
NS5A,MK527509,"unassigned_1, 1b-2j-2k",1b,Comet_vs_PerGene
NS5A,MK548362,"unassigned_1, 1a-2b",1a,Comet_vs_PerGene
NS5A,MK548363,"unassigned_1, 1a-2b",1a,Comet_vs_PerGene
NS5A,MK548364,"unassigned_1, 1a-2b",1a,Comet_vs_PerGene
NS5A,MK548365,"unassigned_1, 1a-2b",1a,Comet_vs_PerGene
NS5A,MK548366,"unassigned_1, 1a-2b",1a,Comet_vs_PerGene
NS5A,MK548367,"unassigned_1, 1a-2b",1a,Comet_vs_PerGene
NS5A,MK548368,"unassigned_1, 1a-2b",1a,Comet_vs_PerGene
NS5A,MK548369,"unassigned_1, 1a-2b",1a,Comet_vs_PerGene
NS5A,MK814771,4a,4c,Comet_vs_PerGene
NS5A,MN146143,1a,,Comet_vs_PerGene
NS5A,MN146247,1a,,Comet_vs_PerGene
NS5A,MN146276,1a,,Comet_vs_PerGene
NS5A,MN146493,1a,,Comet_vs_PerGene
NS5A,MN164845,1a,1o,Comet_vs_PerGene
NS5A,MN164847,1a,1j,Comet_vs_PerGene
NS5A,MN164848,"unassigned_1, 1a-1l",1l,Comet_vs_PerGene
NS5A,MN164850,"unassigned_1, 1a-1c",1a,Comet_vs_PerGene
NS5A,MN164851,"unassigned_1, 1b-1a",1b,Comet_vs_PerGene
NS5A,MN164852,1a,1n,Comet_vs_PerGene
NS5A,MN164853,"unassigned_1, 1a-1b",1a,Comet_vs_PerGene
NS5A,MN164854,"unassigned_1, 1a-1l",1a,Comet_vs_PerGene
NS5A,MN164855,"unassigned_1, 1b-1a",1b,Comet_vs_PerGene
NS5A,MN164856,1a,1k,Comet_vs_PerGene
NS5A,MN164857,"unassigned_1, 1a-4a",1a,Comet_vs_PerGene
NS5A,MN164859,1a,1n,Comet_vs_PerGene
NS5A,MN164862,"unassigned_1, 1a-1b",1a,Comet_vs_PerGene
NS5A,MN164868,"unassigned_1, 1a-1b",1i,Comet_vs_PerGene
NS5A,MN164870,"unassigned_1, 1l-1a-1b",1l,Comet_vs_PerGene
NS5A,MN164871,1a,1o,Comet_vs_PerGene
NS5A,MN164872,1a,1n,Comet_vs_PerGene
NS5A,MN164873,"unassigned_1, 1b-1a",1b,Comet_vs_PerGene
NS5A,MN164874,"unassigned_1, 1b-1a",1n,Comet_vs_PerGene
NS5A,MN164876,"unassigned_1, 1b-1a",1k,Comet_vs_PerGene
NS5A,MN164877,"unassigned_1, 1l-1a",1l,Comet_vs_PerGene
NS5A,MN240359,6w,6xa,Comet_vs_PerGene
NS5A,LC773639,4f,4v,Comet_vs_PerGene
NS5A,LC773640,4a,4v,Comet_vs_PerGene
NS5A,M55974,1a,,Comet_vs_PerGene
NS5A,M95105,2a,,Comet_vs_PerGene
NS5A,MG000203,4r,1b,Comet_vs_PerGene
NS5A,MG000204,4r,1a,Comet_vs_PerGene
NS5A,MG000217,4r,1a,Comet_vs_PerGene
NS5A,MG000218,4r,1a,Comet_vs_PerGene
NS5A,MG000219,4r,1a,Comet_vs_PerGene
NS5A,MG000220,4r,1a,Comet_vs_PerGene
NS5A,MG000223,4r,1k,Comet_vs_PerGene
NS5A,MG000225,4r,1b,Comet_vs_PerGene
NS5A,MG000226,4r,1a,Comet_vs_PerGene
NS5A,MG000227,4r,1a,Comet_vs_PerGene
NS5A,MG000229,4r,1b,Comet_vs_PerGene
NS5A,MG000234,4r,1k,Comet_vs_PerGene
NS5A,MG406987,"unassigned_1, 2a-1b",1b,Comet_vs_PerGene
NS5A,MG406988,"unassigned_1, 2a-2b",2b,Comet_vs_PerGene
NS5A,MG428679,"unassigned_1, 3a-1a",3a,Comet_vs_PerGene
NS5A,MG450359,2b,1b,Comet_vs_PerGene
NS5A,MG454780,4o,4v,Comet_vs_PerGene
NS5A,MG454941,"unassigned_1, 4r-4d",4r,Comet_vs_PerGene
NS5A,MG454972,2q,2r,Comet_vs_PerGene
NS5A,MG454989,1c,1o,Comet_vs_PerGene
NS5A,MG455035,2q,2u,Comet_vs_PerGene
NS5A,MG455038,1b,1o,Comet_vs_PerGene
NS5A,MG455039,1b,1o,Comet_vs_PerGene
NS5A,MG455040,1b,1o,Comet_vs_PerGene
NS5A,MG455071,2j,2q,Comet_vs_PerGene
NS5A,MG455110,2a,2l,Comet_vs_PerGene
NS5A,MG455117,2b,2t,Comet_vs_PerGene
NS5A,MG455166,2j,2f,Comet_vs_PerGene
NS5A,MG455188,2j,2u,Comet_vs_PerGene
NS5A,MG455205,4a,4c,Comet_vs_PerGene
NS5A,MG455215,6k,6xb,Comet_vs_PerGene
NS5A,MG455230,6e,6xc,Comet_vs_PerGene
NS5A,MG455243,2b,2l,Comet_vs_PerGene
NS5A,MG455270,2a,2f,Comet_vs_PerGene
NS5A,MG455301,2k,2q,Comet_vs_PerGene
NS5A,MG455953,2q,2u,Comet_vs_PerGene
NS5A,MG455963,2j,2u,Comet_vs_PerGene
NS5A,MG456006,2j,2f,Comet_vs_PerGene
NS5A,MG456023,1b,1i,Comet_vs_PerGene
NS5A,MG456239,4o,4p,Comet_vs_PerGene
NS5A,MG456241,2a,2f,Comet_vs_PerGene
NS5A,MG456297,4k,4r,Comet_vs_PerGene
NS5A,MG456322,4a,4c,Comet_vs_PerGene
NS5A,MG456336,4k,4g,Comet_vs_PerGene
NS5A,MG456370,4a,4v,Comet_vs_PerGene
NS5A,MG456394,4v,4q,Comet_vs_PerGene
NS5A,MG456405,1b,1d,Comet_vs_PerGene
NS5A,MG456447,2j,2q,Comet_vs_PerGene
NS5A,MG717926,"unassigned_1, 6a-3h-6b-6h-3h",6a,Comet_vs_PerGene
NS5A,MG717927,"unassigned_1, 6a-3h-6h",6a,Comet_vs_PerGene
NS5A,MG717928,"unassigned_1, 6a-3h-6h",6a,Comet_vs_PerGene
NS5A,MG717929,"unassigned_1, 6a-3h-6b-6h-3h",6a,Comet_vs_PerGene
NS5A,MG717930,"unassigned_1, 6a-3h-6h",6a,Comet_vs_PerGene
NS5A,PQ899568,"unassigned_1, 5a-1c",5b,Comet_vs_PerGene
NS5A,PP092205,6w,8a,Comet_vs_PerGene
NS5A,PP092206,6w,8a,Comet_vs_PerGene
NS5A,PP092207,6w,6xe,Comet_vs_PerGene
NS5A,PP092208,6w,5a,Comet_vs_PerGene
NS5A,PP101890,6r,1k,Comet_vs_PerGene
NS5A,PP101891,6r,1k,Comet_vs_PerGene
NS5A,PP101894,6r,1k,Comet_vs_PerGene
NS5A,PP101899,6r,1d,Comet_vs_PerGene
NS5A,PP101905,6e,6xc,Comet_vs_PerGene
NS5A,PP101906,6w,6xf,Comet_vs_PerGene
NS5A,PP101907,6e,6xf,Comet_vs_PerGene
NS5A,PP101916,6w,6xh,Comet_vs_PerGene
NS5A,PP101925,"unassigned_1, 6t-6f",6q,Comet_vs_PerGene
NS5A,PP101938,6w,6xf,Comet_vs_PerGene
NS5A,PP101939,6e,6xc,Comet_vs_PerGene
NS5A,PP101940,6e,6xc,Comet_vs_PerGene
NS5A,MG878999,1b,6w,Comet_vs_PerGene
NS5A,MG879000,6w,6xh,Comet_vs_PerGene
NS5A,MG983361,"unassigned_1, 1b-1a",1b,Comet_vs_PerGene
NS5A,MH155319,"unassigned_1, 6a-2a-6k-3a-4r-3h-6b-6h-3h",6a,Comet_vs_PerGene
NS5A,MH477423,2a,2u,Comet_vs_PerGene
NS5A,MH492360,6n,6xg,Comet_vs_PerGene
NS5A,MH492361,6n,6xg,Comet_vs_PerGene
NS5A,MH492362,6n,6xg,Comet_vs_PerGene
NS5A,MH562227,3k,3h,Comet_vs_PerGene
NS5A,MH590698,"unassigned_1, 2j-5a",8a,Comet_vs_PerGene
NS5A,MH590699,"unassigned_1, 2j-5a",8a,Comet_vs_PerGene
NS5A,MH590700,"unassigned_1, 1b-6w",8a,Comet_vs_PerGene
NS5A,MH590701,"unassigned_1, 2j-5a",8a,Comet_vs_PerGene
NS5A,MH703668,6t,4r,Comet_vs_PerGene
NS5A,MH703669,6e,4v,Comet_vs_PerGene
NS5A,MH703670,6o,5a,Comet_vs_PerGene
NS5A,MH703676,6o,8a,Comet_vs_PerGene
NS5A,MH703677,6e,6xc,Comet_vs_PerGene
NS5A,MH703678,6e,5b,Comet_vs_PerGene
NS5A,MH703683,6q,1b,Comet_vs_PerGene
NS5A,MH703684,6q,1d,Comet_vs_PerGene
NS5A,MH703685,6w,6xc,Comet_vs_PerGene
NS5A,MH703686,6o,4r,Comet_vs_PerGene
NS5A,MH703689,6q,5b,Comet_vs_PerGene
NS5A,MH703691,6q,1d,Comet_vs_PerGene
NS5A,MH703693,6e,5b,Comet_vs_PerGene
NS5A,MH703694,6k,4v,Comet_vs_PerGene
NS5A,MH703702,6p,4q,Comet_vs_PerGene
NS5A,MH703703,6t,1b,Comet_vs_PerGene
NS5A,MH742360,"unassigned_1, 4v-4k",4s,Comet_vs_PerGene
NS5A,MH742361,4k,1e,Comet_vs_PerGene
NS5A,MH742362,4v,4q,Comet_vs_PerGene
NS5A,MH742366,"unassigned_1, 4v-4m",4q,Comet_vs_PerGene
NS5A,MH742368,"unassigned_1, 4v-4g",4s,Comet_vs_PerGene
NS5A,MH742369,"unassigned_1, 4v-4a-4p",4v,Comet_vs_PerGene
NS5A,MH743151,4r,1e,Comet_vs_PerGene
NS5A,MH883232,1b,,Comet_vs_PerGene
NS5A,MH883233,1b,,Comet_vs_PerGene
NS5A,MH883234,1b,,Comet_vs_PerGene
NS5A,MH885469,1c,1o,Comet_vs_PerGene
NS5A,MH921830,1b,1k,Comet_vs_PerGene
NS5A,MK039720,"unassigned_1, 1b-2j-2a-2j-2k",1b,Comet_vs_PerGene
NS5A,MK093754,4a,4c,Comet_vs_PerGene
NS5A,MK139015,6n,6xg,Comet_vs_PerGene
NS5A,MK139016,6n,6xg,Comet_vs_PerGene
NS5A,MK139017,6n,6xg,Comet_vs_PerGene
NS5A,MK139018,6n,6xg,Comet_vs_PerGene
NS5A,MK139019,6n,6xg,Comet_vs_PerGene
NS5A,MK139020,6n,6xg,Comet_vs_PerGene
NS5A,MK139021,6n,6xg,Comet_vs_PerGene
NS5A,MK139022,6n,6xg,Comet_vs_PerGene
NS5A,MK170210,4a,4c,Comet_vs_PerGene
NS5A,D85516,"unassigned_1, 1b-6b",1b,Comet_vs_PerGene
NS5A,D89815,"unassigned_1, 1b-6d-6b",1b,Comet_vs_PerGene
NS5A,DQ071885,"unassigned_1, 1b-3h",1b,Comet_vs_PerGene
NS5A,DQ095860,1b,,Comet_vs_PerGene
NS5A,DQ095861,1b,,Comet_vs_PerGene
NS5A,DQ140322,3b,,Comet_vs_PerGene
NS5A,DQ155560,"unassigned_1, 6p-2j-2a-2k-2j",6p,Comet_vs_PerGene
NS5A,DQ278891,6l,6xj,Comet_vs_PerGene
NS5A,DQ278893,6l,6xj,Comet_vs_PerGene
NS5A,DQ364460,"unassigned_1, 1b-2b",1b,Comet_vs_PerGene
NS5A,DQ793136,3a,,Comet_vs_PerGene
NS5A,DQ793137,3a,,Comet_vs_PerGene
NS5A,DQ793138,3a,,Comet_vs_PerGene
NS5A,DQ793139,3a,,Comet_vs_PerGene
NS5A,DQ793140,3a,,Comet_vs_PerGene
NS5A,DQ793141,3a,,Comet_vs_PerGene
NS5A,DQ793142,3a,,Comet_vs_PerGene
NS5A,DQ793143,3a,,Comet_vs_PerGene
NS5A,DQ793144,3a,,Comet_vs_PerGene
NS5A,DQ793145,3a,,Comet_vs_PerGene
NS5A,DQ793146,3a,,Comet_vs_PerGene
NS5A,DQ793147,3a,,Comet_vs_PerGene
NS5A,DQ793148,3a,,Comet_vs_PerGene
NS5A,DQ793149,3a,,Comet_vs_PerGene
NS5A,DQ793150,3a,,Comet_vs_PerGene
NS5A,DQ793151,3a,,Comet_vs_PerGene
NS5A,DQ793152,3a,,Comet_vs_PerGene
NS5A,DQ793153,3a,,Comet_vs_PerGene
NS5A,DQ793154,3a,,Comet_vs_PerGene
NS5A,DQ793155,3a,,Comet_vs_PerGene
NS5A,DQ793156,3a,,Comet_vs_PerGene
NS5A,DQ793157,3a,,Comet_vs_PerGene
NS5A,DQ793158,3g,,Comet_vs_PerGene
NS5A,DQ793159,3a,,Comet_vs_PerGene
NS5A,EF026073,2j,5a,Comet_vs_PerGene
NS5A,EF115300,1b,,Comet_vs_PerGene
NS5A,EF115301,1b,,Comet_vs_PerGene
NS5A,EF115302,1b,,Comet_vs_PerGene
NS5A,EF127909,3a,,Comet_vs_PerGene
NS5A,EF127910,3a,,Comet_vs_PerGene
NS5A,EF127911,3a,,Comet_vs_PerGene
NS5A,EF127912,3a,,Comet_vs_PerGene
NS5A,EF127913,3a,,Comet_vs_PerGene
NS5A,EF127914,3a,,Comet_vs_PerGene
NS5A,EF127915,3a,,Comet_vs_PerGene
NS5A,EF127916,3a,,Comet_vs_PerGene
NS5A,EF127917,3a,,Comet_vs_PerGene
NS5A,EF127918,3a,,Comet_vs_PerGene
NS5A,EF127919,3a,,Comet_vs_PerGene
NS5A,EF127920,3a,,Comet_vs_PerGene
NS5A,EF127921,3a,,Comet_vs_PerGene
NS5A,EF127922,3a,,Comet_vs_PerGene
NS5A,EF127923,3a,,Comet_vs_PerGene
NS5A,EF127924,3a,,Comet_vs_PerGene
NS5A,EF127925,3a,,Comet_vs_PerGene
NS5A,EF127926,3a,,Comet_vs_PerGene
NS5A,EF127927,3a,,Comet_vs_PerGene
NS5A,EF127928,3a,,Comet_vs_PerGene
NS5A,EF127929,3a,,Comet_vs_PerGene
NS5A,EF127930,3a,,Comet_vs_PerGene
NS5A,EF127931,3a,,Comet_vs_PerGene
NS5A,EF127932,3a,,Comet_vs_PerGene
NS5A,EF127933,3a,,Comet_vs_PerGene
NS5A,EF638081,"unassigned_1, 1b-1a",1b,Comet_vs_PerGene
NS5A,OR497849,4k,1i,Comet_vs_PerGene
NS5A,OR497876,"unassigned_1, 1b-2k",1b,Comet_vs_PerGene
NS5A,OR594285,4a,4q,Comet_vs_PerGene
NS5A,S70341,1b,,Comet_vs_PerGene
NS5A,U37640,1b,,Comet_vs_PerGene
NS5A,U37641,1b,,Comet_vs_PerGene
NS5A,U37642,1b,,Comet_vs_PerGene
NS5A,U37643,1b,,Comet_vs_PerGene
NS5A,U37660,1b,,Comet_vs_PerGene
NS5A,U37661,1b,,Comet_vs_PerGene
NS5A,U37662,1b,,Comet_vs_PerGene
NS5A,U37663,1b,,Comet_vs_PerGene
NS5A,U37664,1b,,Comet_vs_PerGene
NS5A,U37665,1b,,Comet_vs_PerGene
NS5A,U37666,1b,,Comet_vs_PerGene
NS5A,U37667,1b,,Comet_vs_PerGene
NS5A,U37668,1b,,Comet_vs_PerGene
NS5A,U37669,1b,,Comet_vs_PerGene
NS5A,U37670,1b,,Comet_vs_PerGene
NS5A,U37671,1b,,Comet_vs_PerGene
NS5A,U56563,1a,,Comet_vs_PerGene
NS5A,U56564,1a,,Comet_vs_PerGene
NS5A,U56565,1a,,Comet_vs_PerGene
NS5A,U56566,1a,,Comet_vs_PerGene
NS5A,U56567,1a,,Comet_vs_PerGene
NS5A,U56568,1a,,Comet_vs_PerGene
NS5A,U56569,1a,,Comet_vs_PerGene
NS5A,U56570,1a,,Comet_vs_PerGene
NS5A,U56571,1a,,Comet_vs_PerGene
NS5A,U56572,1a,,Comet_vs_PerGene
NS5A,U56573,1a,,Comet_vs_PerGene
NS5A,U56574,1a,,Comet_vs_PerGene
NS5A,U56575,1a,,Comet_vs_PerGene
NS5A,U56576,1a,,Comet_vs_PerGene
NS5A,U56577,1a,,Comet_vs_PerGene
NS5A,U56578,1a,,Comet_vs_PerGene
NS5A,U56579,1a,,Comet_vs_PerGene
NS5A,U56580,1a,,Comet_vs_PerGene
NS5A,U56581,1a,,Comet_vs_PerGene
NS5A,U56582,1a,,Comet_vs_PerGene
NS5A,U56583,1a,,Comet_vs_PerGene
NS5A,U56584,1a,,Comet_vs_PerGene
NS5A,U56585,1a,,Comet_vs_PerGene
NS5A,U56586,1a,,Comet_vs_PerGene
NS5A,U56587,1a,,Comet_vs_PerGene
NS5A,U56588,1a,,Comet_vs_PerGene
NS5A,U56589,1a,,Comet_vs_PerGene
NS5A,U56590,1a,,Comet_vs_PerGene
NS5A,U56591,1a,,Comet_vs_PerGene
NS5A,U56592,1a,,Comet_vs_PerGene
NS5A,U56593,1a,,Comet_vs_PerGene
NS5A,U56594,1a,,Comet_vs_PerGene
NS5A,U56595,1a,,Comet_vs_PerGene
NS5A,U56596,1a,,Comet_vs_PerGene
NS5A,U56597,1a,,Comet_vs_PerGene
NS5A,U56598,1a,,Comet_vs_PerGene
NS5A,U56599,1a,,Comet_vs_PerGene
NS5A,U56600,1a,,Comet_vs_PerGene
NS5A,U56601,1a,,Comet_vs_PerGene
NS5A,U81615,1b,,Comet_vs_PerGene
NS5A,U81616,1b,,Comet_vs_PerGene
NS5A,U81617,1b,,Comet_vs_PerGene
NS5A,U81618,1b,,Comet_vs_PerGene
NS5A,X59609,1b,,Comet_vs_PerGene
NS5A,OQ979437,"unassigned_1, 1b-1a",1b,Comet_vs_PerGene
NS5A,OQ979440,"unassigned_1, 1b-2j-2m",1b,Comet_vs_PerGene
NS5A,AB016785,"unassigned_1, 1b-3g-6b",1b,Comet_vs_PerGene
NS5A,AB049088,"unassigned_1, 1b-6b",1b,Comet_vs_PerGene
NS5A,AB049089,"unassigned_1, 1b-6h-6b",1b,Comet_vs_PerGene
NS5A,AB049090,"unassigned_1, 1b-6k-6b",1b,Comet_vs_PerGene
NS5A,AB049091,"unassigned_1, 1b-2b-6d-6b",1b,Comet_vs_PerGene
NS5A,AB049095,"unassigned_1, 1b-6h-6b",1b,Comet_vs_PerGene
NS5A,AB049101,"unassigned_1, 1b-6k-6d-6b",1b,Comet_vs_PerGene
NS5A,AB080299,"unassigned_1, 1b-6d-6b",1b,Comet_vs_PerGene
NS5A,AB119282,"unassigned_1, 1b-3k",1b,Comet_vs_PerGene
NS5A,AB191333,"unassigned_1, 1b-6d-6b",1b,Comet_vs_PerGene
NS5A,AB249644,"unassigned_1, 1b-6b-6h-6b",1b,Comet_vs_PerGene
NS5A,AB426117,"unassigned_1, 1b-6b-6h-6b",1b,Comet_vs_PerGene
NS5A,AB435162,"unassigned_1, 1b-6b-6h-6b",1b,Comet_vs_PerGene
NS5A,AB440794,1b,,Comet_vs_PerGene
NS5A,AB440795,1b,,Comet_vs_PerGene
NS5A,AB440796,1b,,Comet_vs_PerGene
NS5A,AB440797,1b,,Comet_vs_PerGene
NS5A,AB440798,1b,,Comet_vs_PerGene
NS5A,AB440799,1b,,Comet_vs_PerGene
NS5A,AB440800,1b,,Comet_vs_PerGene
NS5A,AB440801,1b,,Comet_vs_PerGene
NS5A,AB440802,1b,,Comet_vs_PerGene
NS5A,AB440803,1b,,Comet_vs_PerGene
NS5A,AB440804,1b,,Comet_vs_PerGene
NS5A,AB440805,1b,,Comet_vs_PerGene
NS5A,AB440806,1b,,Comet_vs_PerGene
NS5A,AB440807,1b,,Comet_vs_PerGene
NS5A,AB440808,1b,,Comet_vs_PerGene
NS5A,AB440809,1b,,Comet_vs_PerGene
NS5A,AB440810,1b,,Comet_vs_PerGene
NS5A,AB440811,1b,,Comet_vs_PerGene
NS5A,AB440812,1b,,Comet_vs_PerGene
NS5A,AB440813,1b,,Comet_vs_PerGene
NS5A,AB440814,1b,,Comet_vs_PerGene
NS5A,AB440815,1b,,Comet_vs_PerGene
NS5A,AB440816,1b,,Comet_vs_PerGene
NS5A,AB440817,1b,,Comet_vs_PerGene
NS5A,AB440818,1b,,Comet_vs_PerGene
NS5A,AB440819,1b,,Comet_vs_PerGene
NS5A,AB440820,1b,,Comet_vs_PerGene
NS5A,AB440821,1b,,Comet_vs_PerGene
NS5A,AB440822,1b,,Comet_vs_PerGene
NS5A,AB440823,1b,,Comet_vs_PerGene
NS5A,AB440824,1b,,Comet_vs_PerGene
NS5A,AB440825,1b,,Comet_vs_PerGene
NS5A,AB440826,1b,,Comet_vs_PerGene
NS5A,AB440827,1b,,Comet_vs_PerGene
NS5A,AB440828,1b,,Comet_vs_PerGene
NS5A,AB440829,1b,,Comet_vs_PerGene
NS5A,AB440830,1b,,Comet_vs_PerGene
NS5A,AB440831,1b,,Comet_vs_PerGene
NS5A,AB440832,1b,,Comet_vs_PerGene
NS5A,AB440833,1b,,Comet_vs_PerGene
NS5A,AB440834,1b,,Comet_vs_PerGene
NS5A,AB440835,1b,,Comet_vs_PerGene
NS5A,AB440836,1b,,Comet_vs_PerGene
NS5A,AB440837,1b,,Comet_vs_PerGene
NS5A,AB440838,1b,,Comet_vs_PerGene
NS5A,AB440839,1b,,Comet_vs_PerGene
NS5A,AB440840,1b,,Comet_vs_PerGene
NS5A,AB440841,1b,,Comet_vs_PerGene
NS5A,AB440842,1b,,Comet_vs_PerGene
NS5A,AB440843,1b,,Comet_vs_PerGene
NS5A,AB440844,1b,,Comet_vs_PerGene
NS5A,AB440845,1b,,Comet_vs_PerGene
NS5A,AB440846,1b,,Comet_vs_PerGene
NS5A,AB440847,1b,,Comet_vs_PerGene
NS5A,AB440848,1b,,Comet_vs_PerGene
NS5A,AB440849,1b,,Comet_vs_PerGene
NS5A,AB440850,1b,,Comet_vs_PerGene
NS5A,AB440851,1b,,Comet_vs_PerGene
NS5A,AB440852,1b,,Comet_vs_PerGene
NS5A,AB440853,1b,,Comet_vs_PerGene
NS5A,AB440854,1b,,Comet_vs_PerGene
NS5A,AB440855,1b,,Comet_vs_PerGene
NS5A,AB440856,1b,,Comet_vs_PerGene
NS5A,AB440857,1b,,Comet_vs_PerGene
NS5A,AB440858,1b,,Comet_vs_PerGene
NS5A,AB440859,1b,,Comet_vs_PerGene
NS5A,AB440860,1b,,Comet_vs_PerGene
NS5A,AB440861,1b,,Comet_vs_PerGene
NS5A,AB440862,1b,,Comet_vs_PerGene
NS5A,AB440863,1b,,Comet_vs_PerGene
NS5A,AB440864,1b,,Comet_vs_PerGene
NS5A,AB440865,1b,,Comet_vs_PerGene
NS5A,AB440866,1b,,Comet_vs_PerGene
NS5A,AB440867,1b,,Comet_vs_PerGene
NS5A,AB440868,1b,,Comet_vs_PerGene
NS5A,AB440869,1b,,Comet_vs_PerGene
NS5A,AB440870,1b,,Comet_vs_PerGene
NS5A,AB440871,1b,,Comet_vs_PerGene
NS5A,AB440872,1b,,Comet_vs_PerGene
NS5A,AB440873,1b,,Comet_vs_PerGene
NS5A,AB440874,1b,,Comet_vs_PerGene
NS5A,AB440875,1b,,Comet_vs_PerGene
NS5A,AB440876,1b,,Comet_vs_PerGene
NS5A,AB440877,1b,,Comet_vs_PerGene
NS5A,AB440878,1b,,Comet_vs_PerGene
NS5A,AB440879,1b,,Comet_vs_PerGene
NS5A,AB440880,1b,,Comet_vs_PerGene
NS5A,AB440881,1b,,Comet_vs_PerGene
NS5A,AB440882,1b,,Comet_vs_PerGene
NS5A,AB440883,1b,,Comet_vs_PerGene
NS5A,AB440884,1b,,Comet_vs_PerGene
NS5A,AB440885,1b,,Comet_vs_PerGene
NS5A,AB440886,1b,,Comet_vs_PerGene
NS5A,AB440887,1b,,Comet_vs_PerGene
NS5A,AB440888,1b,,Comet_vs_PerGene
NS5A,AB440889,1b,,Comet_vs_PerGene
NS5A,AB440890,1b,,Comet_vs_PerGene
NS5A,AB440891,1b,,Comet_vs_PerGene
NS5A,AB440892,1b,,Comet_vs_PerGene
NS5A,AB440893,1b,,Comet_vs_PerGene
NS5A,AB440894,1b,,Comet_vs_PerGene
NS5A,AB440895,1b,,Comet_vs_PerGene
NS5A,AB440896,1b,,Comet_vs_PerGene
NS5A,AB440897,1b,,Comet_vs_PerGene
NS5A,AB440898,1b,,Comet_vs_PerGene
NS5A,AB440899,1b,,Comet_vs_PerGene
NS5A,AB440900,1b,,Comet_vs_PerGene
NS5A,AB440901,1b,,Comet_vs_PerGene
NS5A,AB440902,1b,,Comet_vs_PerGene
NS5A,AB440903,1b,,Comet_vs_PerGene
NS5A,AB440904,1b,,Comet_vs_PerGene
NS5A,AB440905,1b,,Comet_vs_PerGene
NS5A,AB440906,1b,,Comet_vs_PerGene
NS5A,AB440907,1b,,Comet_vs_PerGene
NS5A,AB440908,1b,,Comet_vs_PerGene
NS5A,AB440909,1b,,Comet_vs_PerGene
NS5A,AB440910,1b,,Comet_vs_PerGene
NS5A,AB440911,1b,,Comet_vs_PerGene
NS5A,AB440912,1b,,Comet_vs_PerGene
NS5A,AB440913,1b,,Comet_vs_PerGene
NS5A,AB440914,1b,,Comet_vs_PerGene
NS5A,AB440915,1b,,Comet_vs_PerGene
NS5A,AB440916,1b,,Comet_vs_PerGene
NS5A,AB440917,1b,,Comet_vs_PerGene
NS5A,AB440918,1b,,Comet_vs_PerGene
NS5A,AB440919,1b,,Comet_vs_PerGene
NS5A,AB440920,1b,,Comet_vs_PerGene
NS5A,AB440921,1b,,Comet_vs_PerGene
NS5A,AB440922,1b,,Comet_vs_PerGene
NS5A,AB440923,1b,,Comet_vs_PerGene
NS5A,AB440924,1b,,Comet_vs_PerGene
NS5A,AB440925,1b,,Comet_vs_PerGene
NS5A,AB440926,1b,,Comet_vs_PerGene
NS5A,AB440927,1b,,Comet_vs_PerGene
NS5A,AB440928,1b,,Comet_vs_PerGene
NS5A,AB440929,1b,,Comet_vs_PerGene
NS5A,AB440930,1b,,Comet_vs_PerGene
NS5A,AB440931,1b,,Comet_vs_PerGene
NS5A,AB440932,1b,,Comet_vs_PerGene
NS5A,AB440933,1b,,Comet_vs_PerGene
NS5A,AB440934,1b,,Comet_vs_PerGene
NS5A,AB440935,1b,,Comet_vs_PerGene
NS5A,AB440936,1b,,Comet_vs_PerGene
NS5A,AB440937,1b,,Comet_vs_PerGene
NS5A,AB440938,1b,,Comet_vs_PerGene
NS5A,AB440939,1b,,Comet_vs_PerGene
NS5A,AB440940,1b,,Comet_vs_PerGene
NS5A,AB440941,1b,,Comet_vs_PerGene
NS5A,AB440942,1b,,Comet_vs_PerGene
NS5A,AB440943,1b,,Comet_vs_PerGene
NS5A,AB440944,1b,,Comet_vs_PerGene
NS5A,AB440945,1b,,Comet_vs_PerGene
NS5A,AB440946,1b,,Comet_vs_PerGene
NS5A,AB440947,1b,,Comet_vs_PerGene
NS5A,AB440948,1b,,Comet_vs_PerGene
NS5A,AB440949,1b,,Comet_vs_PerGene
NS5A,AB440950,1b,,Comet_vs_PerGene
NS5A,AB440951,1b,,Comet_vs_PerGene
NS5A,AB440952,1b,,Comet_vs_PerGene
NS5A,AB440953,1b,,Comet_vs_PerGene
NS5A,AB440954,1b,,Comet_vs_PerGene
NS5A,AB440955,1b,,Comet_vs_PerGene
NS5A,AB440956,1b,,Comet_vs_PerGene
NS5A,AB440957,1b,,Comet_vs_PerGene
NS5A,AB440958,1b,,Comet_vs_PerGene
NS5A,AB440959,1b,,Comet_vs_PerGene
NS5A,AB440960,1b,,Comet_vs_PerGene
NS5A,AB440961,1b,,Comet_vs_PerGene
NS5A,AB440962,1b,,Comet_vs_PerGene
NS5A,AB440963,1b,,Comet_vs_PerGene
NS5A,AB440964,1b,,Comet_vs_PerGene
NS5A,AB440965,1b,,Comet_vs_PerGene
NS5A,AB440966,1b,,Comet_vs_PerGene
NS5A,AB440967,1b,,Comet_vs_PerGene
NS5A,AB440968,1b,,Comet_vs_PerGene
NS5A,AB440969,1b,,Comet_vs_PerGene
NS5A,AB440970,1b,,Comet_vs_PerGene
NS5A,AB440971,1b,,Comet_vs_PerGene
NS5A,AB440972,1b,,Comet_vs_PerGene
NS5A,AB440973,1b,,Comet_vs_PerGene
NS5A,AB440974,1b,,Comet_vs_PerGene
NS5A,AB440975,1b,,Comet_vs_PerGene
NS5A,AB440976,1b,,Comet_vs_PerGene
NS5A,AB440977,1b,,Comet_vs_PerGene
NS5A,AB440978,1b,,Comet_vs_PerGene
NS5A,AB440979,1b,,Comet_vs_PerGene
NS5A,AB440980,1b,,Comet_vs_PerGene
NS5A,AB440981,1b,,Comet_vs_PerGene
NS5A,AB440982,1b,,Comet_vs_PerGene
NS5A,AB440983,1b,,Comet_vs_PerGene
NS5A,AB440984,1b,,Comet_vs_PerGene
NS5A,AB440985,1b,,Comet_vs_PerGene
NS5A,AB440986,1b,,Comet_vs_PerGene
NS5A,AB440987,1b,,Comet_vs_PerGene
NS5A,AB440988,1b,,Comet_vs_PerGene
NS5A,AB440989,1b,,Comet_vs_PerGene
NS5A,AB440990,1b,,Comet_vs_PerGene
NS5A,AB440991,1b,,Comet_vs_PerGene
NS5A,AB440992,1b,,Comet_vs_PerGene
NS5A,AB440993,1b,,Comet_vs_PerGene
NS5A,AB440994,1b,,Comet_vs_PerGene
NS5A,AB440995,1b,,Comet_vs_PerGene
NS5A,AB440996,1b,,Comet_vs_PerGene
NS5A,AB440997,1b,,Comet_vs_PerGene
NS5A,AB440998,1b,,Comet_vs_PerGene
NS5A,AB440999,1b,,Comet_vs_PerGene
NS5A,AB441000,1b,,Comet_vs_PerGene
NS5A,AB441001,1b,,Comet_vs_PerGene
NS5A,AB441002,1b,,Comet_vs_PerGene
NS5A,AB441003,1b,,Comet_vs_PerGene
NS5A,AB441004,1b,,Comet_vs_PerGene
NS5A,AB441005,1b,,Comet_vs_PerGene
NS5A,AB441006,1b,,Comet_vs_PerGene
NS5A,AB441007,1b,,Comet_vs_PerGene
NS5A,AB441008,1b,,Comet_vs_PerGene
NS5A,AB441009,1b,,Comet_vs_PerGene
NS5A,AB441010,1b,,Comet_vs_PerGene
NS5A,AB441011,1b,,Comet_vs_PerGene
NS5A,AB441012,1b,,Comet_vs_PerGene
NS5A,AB441013,1b,,Comet_vs_PerGene
NS5A,AB441014,1b,,Comet_vs_PerGene
NS5A,AB441015,1b,,Comet_vs_PerGene
NS5A,AB441016,1b,,Comet_vs_PerGene
NS5A,AB441017,1b,,Comet_vs_PerGene
NS5A,AB441018,1b,,Comet_vs_PerGene
NS5A,AB441019,1b,,Comet_vs_PerGene
NS5A,AB441020,1b,,Comet_vs_PerGene
NS5A,AB441021,1b,,Comet_vs_PerGene
NS5A,AB441022,1b,,Comet_vs_PerGene
NS5A,AB441023,1b,,Comet_vs_PerGene
NS5A,AB441024,1b,,Comet_vs_PerGene
NS5A,AB441025,1b,,Comet_vs_PerGene
NS5A,AB441026,1b,,Comet_vs_PerGene
NS5A,AB441027,1b,,Comet_vs_PerGene
NS5A,AB442219,"unassigned_1, 1b-6d-6b",1b,Comet_vs_PerGene
NS5A,AB442220,"unassigned_1, 1b-6d-6b",1b,Comet_vs_PerGene
NS5A,AB442221,"unassigned_1, 1b-6d-6b",1b,Comet_vs_PerGene
NS5A,AB442222,"unassigned_1, 1b-6d-6b",1b,Comet_vs_PerGene
NS5A,AB518792,1b,,Comet_vs_PerGene
NS5A,AB558135,"unassigned_1, 1b-2b",1b,Comet_vs_PerGene
NS5A,AB600769,"unassigned_1, 2b-2a",2b,Comet_vs_PerGene
NS5A,AB600781,2a,,Comet_vs_PerGene
NS5A,AB600782,2a,,Comet_vs_PerGene
NS5A,AB600783,2a,,Comet_vs_PerGene
NS5A,AB600784,2a,,Comet_vs_PerGene
NS5A,AB600785,2a,,Comet_vs_PerGene
NS5A,AB600786,2a,,Comet_vs_PerGene
NS5A,AB600787,2a,,Comet_vs_PerGene
NS5A,AB600788,2a,,Comet_vs_PerGene
NS5A,AB600789,2a,,Comet_vs_PerGene
NS5A,AB600790,2a,,Comet_vs_PerGene
NS5A,AB600791,2a,,Comet_vs_PerGene
NS5A,AB600792,2a,,Comet_vs_PerGene
NS5A,AB600793,2a,,Comet_vs_PerGene
NS5A,AB600794,2a,,Comet_vs_PerGene
NS5A,AB600795,2a,,Comet_vs_PerGene
NS5A,AB600796,2a,,Comet_vs_PerGene
NS5A,AB600797,2a,,Comet_vs_PerGene
NS5A,AB600798,2a,,Comet_vs_PerGene
NS5A,AB600799,2a,,Comet_vs_PerGene
NS5A,AB600800,2a,,Comet_vs_PerGene
NS5A,AB600823,2b,,Comet_vs_PerGene
NS5A,AB600824,2b,,Comet_vs_PerGene
NS5A,AB600825,2b,,Comet_vs_PerGene
NS5A,AB600826,2b,,Comet_vs_PerGene
NS5A,AB600827,2b,,Comet_vs_PerGene
NS5A,AB600828,2b,,Comet_vs_PerGene
NS5A,AB600829,2b,,Comet_vs_PerGene
NS5A,AB600830,2b,,Comet_vs_PerGene
NS5A,AB600831,2b,,Comet_vs_PerGene
NS5A,AB600832,2b,,Comet_vs_PerGene
NS5A,AB600833,2b,,Comet_vs_PerGene
NS5A,AB600834,2b,,Comet_vs_PerGene
NS5A,AB602040,1b,,Comet_vs_PerGene
NS5A,AB602041,1b,,Comet_vs_PerGene
NS5A,AB602042,1b,,Comet_vs_PerGene
NS5A,AB602043,1b,,Comet_vs_PerGene
NS5A,AB622121,"unassigned_1, 1b-2b",1b,Comet_vs_PerGene
NS5A,AB677527,"unassigned_1, 1b-2b",1b,Comet_vs_PerGene
NS5A,AB677528,"unassigned_1, 1b-2b",1b,Comet_vs_PerGene
NS5A,AB677529,"unassigned_1, 1b-2b",1b,Comet_vs_PerGene
NS5A,AB677530,"unassigned_1, 1b-2b",1b,Comet_vs_PerGene
NS5A,AB677531,"unassigned_1, 1b-2b",1b,Comet_vs_PerGene
NS5A,AB677532,"unassigned_1, 1b-2b",1b,Comet_vs_PerGene
NS5A,AB677533,"unassigned_1, 1b-2b",1b,Comet_vs_PerGene
NS5A,AB691595,"unassigned_1, 3a-3h-6k-3h-2b",3a,Comet_vs_PerGene
NS5A,AB691596,"unassigned_1, 3a-3h-6k-3h-2b",3a,Comet_vs_PerGene
NS5A,AB691953,"unassigned_1, 1b-3g-6d-6b",1b,Comet_vs_PerGene
NS5A,AB719727,1b,,Comet_vs_PerGene
NS5A,AB719728,1b,,Comet_vs_PerGene
NS5A,AB719729,1b,,Comet_vs_PerGene
NS5A,AB719730,1b,,Comet_vs_PerGene
NS5A,AB719731,1b,,Comet_vs_PerGene
NS5A,AB719732,1b,,Comet_vs_PerGene
NS5A,AB719733,1b,,Comet_vs_PerGene
NS5A,AB719734,1b,,Comet_vs_PerGene
NS5A,AB719735,1b,,Comet_vs_PerGene
NS5A,AB719736,1b,,Comet_vs_PerGene
NS5A,AB719737,1b,,Comet_vs_PerGene
NS5A,AB719738,1b,,Comet_vs_PerGene
NS5A,AB719739,1b,,Comet_vs_PerGene
NS5A,AB719740,1b,,Comet_vs_PerGene
NS5A,AB719741,1b,,Comet_vs_PerGene
NS5A,AB719742,1b,,Comet_vs_PerGene
NS5A,AB719743,1b,,Comet_vs_PerGene
NS5A,AB719744,1b,,Comet_vs_PerGene
NS5A,AB719745,1b,,Comet_vs_PerGene
NS5A,AB719746,1b,,Comet_vs_PerGene
NS5A,AB719747,1b,,Comet_vs_PerGene
NS5A,AB719748,1b,,Comet_vs_PerGene
NS5A,AB719749,1b,,Comet_vs_PerGene
NS5A,AB719750,1b,,Comet_vs_PerGene
NS5A,AB719751,1b,,Comet_vs_PerGene
NS5A,AB719752,1b,,Comet_vs_PerGene
NS5A,AB719753,1b,,Comet_vs_PerGene
NS5A,AB719754,1b,,Comet_vs_PerGene
NS5A,AB719755,1b,,Comet_vs_PerGene
NS5A,AB719756,1b,,Comet_vs_PerGene
NS5A,AB719757,1b,,Comet_vs_PerGene
NS5A,AB719758,1b,,Comet_vs_PerGene
NS5A,AB719759,1b,,Comet_vs_PerGene
NS5A,AB719760,1b,,Comet_vs_PerGene
NS5A,AB719761,1b,,Comet_vs_PerGene
NS5A,AB719762,1b,,Comet_vs_PerGene
NS5A,AB719763,1b,,Comet_vs_PerGene
NS5A,AB719764,1b,,Comet_vs_PerGene
NS5A,AB719765,1b,,Comet_vs_PerGene
NS5A,AB719766,1b,,Comet_vs_PerGene
NS5A,AB719767,1b,,Comet_vs_PerGene
NS5A,AB719768,1b,,Comet_vs_PerGene
NS5A,AB719769,1b,,Comet_vs_PerGene
NS5A,AB719770,1b,,Comet_vs_PerGene
NS5A,AB719771,1b,,Comet_vs_PerGene
NS5A,AB719772,1b,,Comet_vs_PerGene
NS5A,AB719773,1b,,Comet_vs_PerGene
NS5A,AB719774,1b,,Comet_vs_PerGene
NS5A,AB719775,1b,,Comet_vs_PerGene
NS5A,AB719776,1b,,Comet_vs_PerGene
NS5A,AB719777,1b,,Comet_vs_PerGene
NS5A,AB719778,1b,,Comet_vs_PerGene
NS5A,AB719779,1b,,Comet_vs_PerGene
NS5A,AB719780,1b,,Comet_vs_PerGene
NS5A,AB719781,1b,,Comet_vs_PerGene
NS5A,AB719782,1b,,Comet_vs_PerGene
NS5A,AB719783,1b,,Comet_vs_PerGene
NS5A,AB719784,1b,,Comet_vs_PerGene
NS5A,AB719785,1b,,Comet_vs_PerGene
NS5A,AB719786,1b,,Comet_vs_PerGene
NS5A,AB719787,1b,,Comet_vs_PerGene
NS5A,AB719788,1b,,Comet_vs_PerGene
NS5A,AB719789,1b,,Comet_vs_PerGene
NS5A,AB719790,1b,,Comet_vs_PerGene
NS5A,AB719791,1b,,Comet_vs_PerGene
NS5A,AB719792,1b,,Comet_vs_PerGene
NS5A,AB719793,1b,,Comet_vs_PerGene
NS5A,AB719794,1b,,Comet_vs_PerGene
NS5A,AB719795,1b,,Comet_vs_PerGene
NS5A,AB719796,1b,,Comet_vs_PerGene
NS5A,AB719797,1b,,Comet_vs_PerGene
NS5A,AB719798,1b,,Comet_vs_PerGene
NS5A,AB719799,1b,,Comet_vs_PerGene
NS5A,AB719800,1b,,Comet_vs_PerGene
NS5A,AB719801,1b,,Comet_vs_PerGene
NS5A,AB719802,1b,,Comet_vs_PerGene
NS5A,AB719803,1b,,Comet_vs_PerGene
NS5A,AB719804,1b,,Comet_vs_PerGene
NS5A,AB719805,1b,,Comet_vs_PerGene
NS5A,AB719806,1b,,Comet_vs_PerGene
NS5A,AB719807,1b,,Comet_vs_PerGene
NS5A,AB719808,1b,,Comet_vs_PerGene
NS5A,AB719809,1b,,Comet_vs_PerGene
NS5A,AB719810,1b,,Comet_vs_PerGene
NS5A,AB719811,1b,,Comet_vs_PerGene
NS5A,AB719812,1b,,Comet_vs_PerGene
NS5A,AB719813,1b,,Comet_vs_PerGene
NS5A,AB719814,1b,,Comet_vs_PerGene
NS5A,AB719815,1b,,Comet_vs_PerGene
NS5A,AB719816,1b,,Comet_vs_PerGene
NS5A,AB719817,1b,,Comet_vs_PerGene
NS5A,AB719818,1b,,Comet_vs_PerGene
NS5A,AB719819,1b,,Comet_vs_PerGene
NS5A,AB719820,1b,,Comet_vs_PerGene
NS5A,AB719821,1b,,Comet_vs_PerGene
NS5A,AB719822,1b,,Comet_vs_PerGene
NS5A,AB719823,1b,,Comet_vs_PerGene
NS5A,AB719824,1b,,Comet_vs_PerGene
NS5A,AB719825,1b,,Comet_vs_PerGene
NS5A,AB719826,1b,,Comet_vs_PerGene
NS5A,AB719827,1b,,Comet_vs_PerGene
NS5A,AB719828,1b,,Comet_vs_PerGene
NS5A,AB719829,1b,,Comet_vs_PerGene
NS5A,AB719830,1b,,Comet_vs_PerGene
NS5A,AB719831,1b,,Comet_vs_PerGene
NS5A,AB719832,1b,,Comet_vs_PerGene
NS5A,AB719833,1b,,Comet_vs_PerGene
NS5A,AB719834,1b,,Comet_vs_PerGene
NS5A,AB719835,1b,,Comet_vs_PerGene
NS5A,AB719836,1b,,Comet_vs_PerGene
NS5A,AB719837,1b,,Comet_vs_PerGene
NS5A,AB719838,1b,,Comet_vs_PerGene
NS5A,AB719839,1b,,Comet_vs_PerGene
NS5A,AB719840,1b,,Comet_vs_PerGene
NS5A,AB719841,1b,,Comet_vs_PerGene
NS5A,AB719842,1b,,Comet_vs_PerGene
NS5A,AB725987,4a,,Comet_vs_PerGene
NS5A,AB725988,4a,,Comet_vs_PerGene
NS5A,AB725989,4a,,Comet_vs_PerGene
NS5A,AB725990,4a,,Comet_vs_PerGene
NS5A,AB725991,4a,,Comet_vs_PerGene
NS5A,AB725992,4a,,Comet_vs_PerGene
NS5A,AB725993,4a,,Comet_vs_PerGene
NS5A,AB725994,4a,,Comet_vs_PerGene
NS5A,AB725995,4a,,Comet_vs_PerGene
NS5A,AB725996,4a,,Comet_vs_PerGene
NS5A,AB725997,4a,,Comet_vs_PerGene
NS5A,AB725998,4a,,Comet_vs_PerGene
NS5A,AB725999,4a,,Comet_vs_PerGene
NS5A,AB726000,4a,,Comet_vs_PerGene
NS5A,AB726001,4a,,Comet_vs_PerGene
NS5A,AB726002,4a,,Comet_vs_PerGene
NS5A,AB726003,4a,,Comet_vs_PerGene
NS5A,AB726004,4a,,Comet_vs_PerGene
NS5A,AB726005,4a,,Comet_vs_PerGene
NS5A,AB726006,4a,,Comet_vs_PerGene
NS5A,AB726007,4a,,Comet_vs_PerGene
NS5A,AB726008,4a,,Comet_vs_PerGene
NS5A,AB726009,4a,,Comet_vs_PerGene
NS5A,AB726010,4a,,Comet_vs_PerGene
NS5A,AB726011,4a,,Comet_vs_PerGene
NS5A,AB726012,4a,,Comet_vs_PerGene
NS5A,AB726013,4a,,Comet_vs_PerGene
NS5A,AB726014,4a,,Comet_vs_PerGene
NS5A,AB726015,4a,,Comet_vs_PerGene
NS5A,AB726016,4a,,Comet_vs_PerGene
NS5A,AB726017,4a,,Comet_vs_PerGene
NS5A,AB726018,4a,,Comet_vs_PerGene
NS5A,AB726019,4a,,Comet_vs_PerGene
NS5A,AB726020,4a,,Comet_vs_PerGene
NS5A,AB726021,4m,,Comet_vs_PerGene
NS5A,AB726022,4m,,Comet_vs_PerGene
NS5A,AB726023,4m,,Comet_vs_PerGene
NS5A,AB726024,4n,,Comet_vs_PerGene
NS5A,AB726025,4n,,Comet_vs_PerGene
NS5A,AB726026,4n,,Comet_vs_PerGene
NS5A,AB726027,4o,,Comet_vs_PerGene
NS5A,AB726028,4o,,Comet_vs_PerGene
NS5A,AB726029,4o,,Comet_vs_PerGene
NS5A,AB792683,"unassigned_1, 3a-3h",3a,Comet_vs_PerGene
NS5A,AB795432,"unassigned_1, 4a-6k",4a,Comet_vs_PerGene
NS5A,AB828699,"unassigned_1, 1b-6b",1b,Comet_vs_PerGene
NS5A,AB828700,"unassigned_1, 1b-6k-6d-6k-6d-6k-6d",1b,Comet_vs_PerGene
NS5A,AB828701,"unassigned_1, 1b-6k-6d-6k-6d-6k-6d",1b,Comet_vs_PerGene
NS5A,AF054247,"unassigned_1, 1b-1a-6k-1a-6b-1a",1b,Comet_vs_PerGene
NS5A,AF054248,"unassigned_1, 1b-1a-6k-1a-6b-1a",1b,Comet_vs_PerGene
NS5A,AF054249,"unassigned_1, 1b-1a-6k-1a-6b-1a",1b,Comet_vs_PerGene
NS5A,AF139594,"unassigned_1, 1b-6k-6d-6b-3g",1b,Comet_vs_PerGene
NS5A,AF176573,"unassigned_1, 1b-6h-6d",1b,Comet_vs_PerGene
NS5A,AF333324,"unassigned_1, 1b-1a",1b,Comet_vs_PerGene
NS5A,AF356827,"unassigned_1, 1b-6h-2a-6h-6d-3g",1b,Comet_vs_PerGene
NS5A,AF359414,1b,,Comet_vs_PerGene
NS5A,AF486051,1b,,Comet_vs_PerGene
NS5A,AF486052,1b,,Comet_vs_PerGene
NS5A,AF486053,1b,,Comet_vs_PerGene
NS5A,AF486054,1b,,Comet_vs_PerGene
NS5A,AF486055,1b,,Comet_vs_PerGene
NS5A,AF486056,1b,,Comet_vs_PerGene
NS5A,AF486057,1b,,Comet_vs_PerGene
NS5A,AF486058,1b,,Comet_vs_PerGene
NS5A,AF486059,1b,,Comet_vs_PerGene
NS5A,AF486060,1b,,Comet_vs_PerGene
NS5A,AF486061,1b,,Comet_vs_PerGene
NS5A,AF486062,1b,,Comet_vs_PerGene
NS5A,AF486063,1b,,Comet_vs_PerGene
NS5A,AF486064,1b,,Comet_vs_PerGene
NS5A,AF486065,1b,,Comet_vs_PerGene
NS5A,AF486066,1b,,Comet_vs_PerGene
NS5A,AF486067,1b,,Comet_vs_PerGene
NS5A,AF486068,1b,,Comet_vs_PerGene
NS5A,AF486069,1b,,Comet_vs_PerGene
NS5A,AF486070,1b,,Comet_vs_PerGene
NS5A,AF486071,1b,,Comet_vs_PerGene
NS5A,AJ132997,"unassigned_1, 1b-6b",1b,Comet_vs_PerGene
NS5A,AJ238799,"unassigned_1, 1b-3h",1b,Comet_vs_PerGene
NS5A,AJ507155,"unassigned_1, 1b-1a",1b,Comet_vs_PerGene
NS5A,AJ851228,1b,1k,Comet_vs_PerGene
NS5A,AM055888,1b,,Comet_vs_PerGene
NS5A,AM055889,1b,,Comet_vs_PerGene
NS5A,AM055890,1b,,Comet_vs_PerGene
NS5A,AM055891,1b,,Comet_vs_PerGene
NS5A,AM055892,1b,,Comet_vs_PerGene
NS5A,AM055893,1a,,Comet_vs_PerGene
NS5A,AM055894,1a,,Comet_vs_PerGene
NS5A,AM055895,1b,,Comet_vs_PerGene
NS5A,AM055896,1a,,Comet_vs_PerGene
NS5A,AM055897,1b,,Comet_vs_PerGene
NS5A,AM055898,1b,,Comet_vs_PerGene
NS5A,AM055899,1b,,Comet_vs_PerGene
NS5A,AM055900,1b,,Comet_vs_PerGene
NS5A,AM055901,1b,,Comet_vs_PerGene
NS5A,AM055902,1b,,Comet_vs_PerGene
NS5A,AM055903,1a,,Comet_vs_PerGene
NS5A,AM055904,1b,,Comet_vs_PerGene
NS5A,AM055905,1b,,Comet_vs_PerGene
NS5A,AM055906,1a,,Comet_vs_PerGene
NS5A,AM055907,1a,,Comet_vs_PerGene
NS5A,AM055908,1b,,Comet_vs_PerGene
NS5A,AM055909,1b,,Comet_vs_PerGene
NS5A,AM055910,1b,,Comet_vs_PerGene
NS5A,AM055911,1b,,Comet_vs_PerGene
NS5A,AM055912,1b,,Comet_vs_PerGene
NS5A,AM055913,1b,,Comet_vs_PerGene
NS5A,AM401713,1b,1d,Comet_vs_PerGene
NS5A,AM401714,1b,1d,Comet_vs_PerGene
NS5A,AM401715,1b,1d,Comet_vs_PerGene
NS5A,AM401716,1b,1d,Comet_vs_PerGene
NS5A,AM401717,1b,1d,Comet_vs_PerGene
NS5A,AM401718,1b,1d,Comet_vs_PerGene
NS5A,AM401719,1b,1d,Comet_vs_PerGene
NS5A,AM401720,1b,1d,Comet_vs_PerGene
NS5A,AM401721,1b,1d,Comet_vs_PerGene
NS5A,AM401722,1b,1d,Comet_vs_PerGene
NS5A,AM401723,1b,1d,Comet_vs_PerGene
NS5A,AM401724,1b,1d,Comet_vs_PerGene
NS5A,AM401725,1b,1d,Comet_vs_PerGene
NS5A,AM401726,1b,1d,Comet_vs_PerGene
NS5A,AM401727,1b,1d,Comet_vs_PerGene
NS5A,AM401728,1b,1d,Comet_vs_PerGene
NS5A,AM401729,1b,1d,Comet_vs_PerGene
NS5A,AM401730,1b,1d,Comet_vs_PerGene
NS5A,AM401731,1b,1d,Comet_vs_PerGene
NS5A,AM401732,1b,1d,Comet_vs_PerGene
NS5A,AM401733,1b,1d,Comet_vs_PerGene
NS5A,AM401734,1b,1d,Comet_vs_PerGene
NS5A,AM401735,1b,1d,Comet_vs_PerGene
NS5A,AM401736,1b,1d,Comet_vs_PerGene
NS5A,AM401737,1b,1d,Comet_vs_PerGene
NS5A,AM401738,1b,1d,Comet_vs_PerGene
NS5A,AM401739,1b,1d,Comet_vs_PerGene
NS5A,AM401740,1b,1d,Comet_vs_PerGene
NS5A,AM401741,1b,1d,Comet_vs_PerGene
NS5A,AM401742,1b,1d,Comet_vs_PerGene
NS5A,AM401743,1b,1d,Comet_vs_PerGene
NS5A,AM401744,1b,1d,Comet_vs_PerGene
NS5A,AM401745,1b,1d,Comet_vs_PerGene
NS5A,AM401746,1b,1d,Comet_vs_PerGene
NS5A,AM401747,1b,1d,Comet_vs_PerGene
NS5A,AM401748,1b,1d,Comet_vs_PerGene
NS5A,AM401749,1b,1d,Comet_vs_PerGene
NS5A,AM401750,1b,1d,Comet_vs_PerGene
NS5A,AM401751,1b,1d,Comet_vs_PerGene
NS5A,AM401752,1b,1d,Comet_vs_PerGene
NS5A,AM401753,1b,1d,Comet_vs_PerGene
NS5A,AM401754,1b,1d,Comet_vs_PerGene
NS5A,AM401755,1b,1d,Comet_vs_PerGene
NS5A,AM401756,1b,1d,Comet_vs_PerGene
NS5A,AM401757,1b,1d,Comet_vs_PerGene
NS5A,AM401758,1b,1d,Comet_vs_PerGene
NS5A,AM401759,1b,1d,Comet_vs_PerGene
NS5A,AM401760,1b,1d,Comet_vs_PerGene
NS5A,AM401761,1b,1d,Comet_vs_PerGene
NS5A,AM401762,1b,1d,Comet_vs_PerGene
NS5A,AM401763,1b,1d,Comet_vs_PerGene
NS5A,AM401764,1b,1d,Comet_vs_PerGene
NS5A,AM401765,1b,1d,Comet_vs_PerGene
NS5A,AM401766,1b,1d,Comet_vs_PerGene
NS5A,AM401767,1b,1d,Comet_vs_PerGene
NS5A,AM401768,1b,1d,Comet_vs_PerGene
NS5A,AM401769,1b,1d,Comet_vs_PerGene
NS5A,AM401770,1b,1d,Comet_vs_PerGene
NS5A,AM401771,1b,1d,Comet_vs_PerGene
NS5A,AM401772,1b,1d,Comet_vs_PerGene
NS5A,AM401773,1b,1d,Comet_vs_PerGene
NS5A,AM401774,1b,1d,Comet_vs_PerGene
NS5A,AM401775,1b,1d,Comet_vs_PerGene
NS5A,AM401776,1b,1d,Comet_vs_PerGene
NS5A,AM401777,1b,1d,Comet_vs_PerGene
NS5A,AM408911,2j,5a,Comet_vs_PerGene
NS5A,AM710847,1b,1i,Comet_vs_PerGene
NS5A,AM710856,1b,1i,Comet_vs_PerGene
NS5A,AM710881,1b,1i,Comet_vs_PerGene
NS5A,AM710921,1b,1i,Comet_vs_PerGene
NS5A,AM710922,1b,1i,Comet_vs_PerGene
NS5A,AM710923,1b,1i,Comet_vs_PerGene
NS5A,AM710924,1b,1i,Comet_vs_PerGene
NS5A,AM710925,1b,1i,Comet_vs_PerGene
NS5A,AM710926,1b,1i,Comet_vs_PerGene
NS5A,AM710927,1b,1i,Comet_vs_PerGene
NS5A,AM710928,1b,1i,Comet_vs_PerGene
NS5A,AM710929,1b,1i,Comet_vs_PerGene
NS5A,AM710930,1b,1i,Comet_vs_PerGene
NS5A,AM710931,1b,1i,Comet_vs_PerGene
NS5A,AM710932,1b,1i,Comet_vs_PerGene
NS5A,AM710934,1h,1i,Comet_vs_PerGene
NS5A,AM710935,1b,1i,Comet_vs_PerGene
NS5A,AM710936,1b,1i,Comet_vs_PerGene
NS5A,AM710937,1b,1i,Comet_vs_PerGene
NS5A,AM710939,1b,1i,Comet_vs_PerGene
NS5A,AM710941,1b,1n,Comet_vs_PerGene
NS5A,AM710942,1b,1i,Comet_vs_PerGene
NS5A,AM710943,1b,1i,Comet_vs_PerGene
NS5A,AM710944,1b,1i,Comet_vs_PerGene
NS5A,AM710945,1b,1i,Comet_vs_PerGene
NS5A,AM710946,1b,1i,Comet_vs_PerGene
NS5A,AM710948,1b,1i,Comet_vs_PerGene
NS5A,AM710949,1b,1i,Comet_vs_PerGene
NS5A,AM710950,1b,1i,Comet_vs_PerGene
NS5A,AM710951,1b,1i,Comet_vs_PerGene
NS5A,AM710952,1b,1i,Comet_vs_PerGene
NS5A,AM710955,1b,1i,Comet_vs_PerGene
NS5A,AM710956,1b,1i,Comet_vs_PerGene
NS5A,AM710957,1b,1i,Comet_vs_PerGene
NS5A,AM710959,1b,1i,Comet_vs_PerGene
NS5A,AM710960,1b,1i,Comet_vs_PerGene
NS5A,AM710961,1b,1i,Comet_vs_PerGene
NS5A,AM710962,1b,1i,Comet_vs_PerGene
NS5A,AM710963,1b,1i,Comet_vs_PerGene
NS5A,AM710964,1b,1i,Comet_vs_PerGene
NS5A,AM710965,1b,1i,Comet_vs_PerGene
NS5A,AM710967,1b,1i,Comet_vs_PerGene
NS5A,AM710968,1b,1i,Comet_vs_PerGene
NS5A,AM710969,1b,1i,Comet_vs_PerGene
NS5A,AM710970,1h,1i,Comet_vs_PerGene
NS5A,AM710971,1b,1i,Comet_vs_PerGene
NS5A,AM710972,1b,1i,Comet_vs_PerGene
NS5A,AM710973,1b,1i,Comet_vs_PerGene
NS5A,AM710974,1b,1i,Comet_vs_PerGene
NS5A,AM710975,1b,1i,Comet_vs_PerGene
NS5A,AM710976,1b,1i,Comet_vs_PerGene
NS5A,AM710977,1b,1i,Comet_vs_PerGene
NS5A,AM710978,1b,1i,Comet_vs_PerGene
NS5A,AM710979,1h,1i,Comet_vs_PerGene
NS5A,AM710980,1b,1i,Comet_vs_PerGene
NS5A,AM710981,1b,1i,Comet_vs_PerGene
NS5A,AM710982,1b,1i,Comet_vs_PerGene
NS5A,AM710983,1b,1i,Comet_vs_PerGene
NS5A,AM710984,1b,1i,Comet_vs_PerGene
NS5A,AM710985,1b,1i,Comet_vs_PerGene
NS5A,AM710986,1b,1i,Comet_vs_PerGene
NS5A,AY045702,"unassigned_1, 1b-6b",1b,Comet_vs_PerGene
NS5A,AY354527,1b,,Comet_vs_PerGene
NS5A,AY354528,1b,,Comet_vs_PerGene
NS5A,AY354529,1b,,Comet_vs_PerGene
NS5A,AY354530,1b,,Comet_vs_PerGene
NS5A,AY354532,1b,,Comet_vs_PerGene
NS5A,AY354533,1b,,Comet_vs_PerGene
NS5A,AY354534,1b,,Comet_vs_PerGene
NS5A,AY354535,1b,,Comet_vs_PerGene
NS5A,AY354537,1b,,Comet_vs_PerGene
NS5A,AY460204,"unassigned_1, 1b-6h-6b",1b,Comet_vs_PerGene
NS5A,AY587845,"unassigned_1, 1b-2j-2a-2j-2k",1b,Comet_vs_PerGene
NS5A,AY861446,1b,,Comet_vs_PerGene
NS5A,AY861447,1b,,Comet_vs_PerGene
NS5A,AY861448,1b,,Comet_vs_PerGene
NS5A,AY861449,1b,,Comet_vs_PerGene
NS5A,AY861450,1b,,Comet_vs_PerGene
NS5A,AY861451,1b,,Comet_vs_PerGene
NS5A,AY861452,1b,,Comet_vs_PerGene
NS5A,AY861453,1b,,Comet_vs_PerGene
NS5A,AY861454,1a,,Comet_vs_PerGene
NS5A,AY878650,6l,6xj,Comet_vs_PerGene
NS5A,AY878651,6l,6xj,Comet_vs_PerGene
NS5A,GU133617,"unassigned_1, 1b-1a",1b,Comet_vs_PerGene
NS5A,GU294484,"unassigned_1, 3a-1a",3a,Comet_vs_PerGene
NS5A,HM348899,1b,,Comet_vs_PerGene
NS5A,HM348900,1b,,Comet_vs_PerGene
NS5A,HM348901,1b,,Comet_vs_PerGene
NS5A,HM348902,1b,,Comet_vs_PerGene
NS5A,HM348903,1b,,Comet_vs_PerGene
NS5A,HM348904,1b,,Comet_vs_PerGene
NS5A,HM348905,1b,,Comet_vs_PerGene
NS5A,HM348906,1b,,Comet_vs_PerGene
NS5A,HM348907,1b,,Comet_vs_PerGene
NS5A,HM348908,1b,,Comet_vs_PerGene
NS5A,HM348909,1b,,Comet_vs_PerGene
NS5A,HM348910,1b,,Comet_vs_PerGene
NS5A,HM348911,1b,,Comet_vs_PerGene
NS5A,HM348912,1b,,Comet_vs_PerGene
NS5A,HM348913,1b,,Comet_vs_PerGene
NS5A,HM348914,1b,,Comet_vs_PerGene
NS5A,HM348915,1b,,Comet_vs_PerGene
NS5A,HM348916,1b,,Comet_vs_PerGene
NS5A,HM348917,1b,,Comet_vs_PerGene
NS5A,HM348918,1b,,Comet_vs_PerGene
NS5A,HM348919,1b,,Comet_vs_PerGene
NS5A,HM348920,1b,,Comet_vs_PerGene
NS5A,HM348921,1b,,Comet_vs_PerGene
NS5A,HM348922,1b,,Comet_vs_PerGene
NS5A,HM348923,1b,,Comet_vs_PerGene
NS5A,HM348924,1b,,Comet_vs_PerGene
NS5A,HM348925,1b,,Comet_vs_PerGene
NS5A,HM348926,1b,,Comet_vs_PerGene
NS5A,HM348927,1b,,Comet_vs_PerGene
NS5A,HM348928,1b,,Comet_vs_PerGene
NS5A,HM348929,1b,,Comet_vs_PerGene
NS5A,HM348930,1b,,Comet_vs_PerGene
NS5A,HM348931,1b,,Comet_vs_PerGene
NS5A,HM348932,1b,,Comet_vs_PerGene
NS5A,HM348933,1b,,Comet_vs_PerGene
NS5A,HM348934,1b,,Comet_vs_PerGene
NS5A,HM348935,1b,,Comet_vs_PerGene
NS5A,HM348936,1b,,Comet_vs_PerGene
NS5A,HM348937,1b,,Comet_vs_PerGene
NS5A,HM348938,1b,,Comet_vs_PerGene
NS5A,HM348939,1b,,Comet_vs_PerGene
NS5A,HM348940,1b,,Comet_vs_PerGene
NS5A,HM348941,1b,,Comet_vs_PerGene
NS5A,HM348942,1b,,Comet_vs_PerGene
NS5A,HM348943,1b,,Comet_vs_PerGene
NS5A,HM348944,1b,,Comet_vs_PerGene
NS5A,HM348945,1b,,Comet_vs_PerGene
NS5A,HM348946,1b,,Comet_vs_PerGene
NS5A,HM348947,1b,,Comet_vs_PerGene
NS5A,HM348948,1b,,Comet_vs_PerGene
NS5A,HM348949,1b,,Comet_vs_PerGene
NS5A,HM348950,1b,,Comet_vs_PerGene
NS5A,HM348951,1b,,Comet_vs_PerGene
NS5A,HM348952,1b,,Comet_vs_PerGene
NS5A,HM348953,1b,,Comet_vs_PerGene
NS5A,HM348954,1b,,Comet_vs_PerGene
NS5A,HM348955,1b,,Comet_vs_PerGene
NS5A,HM348956,1b,,Comet_vs_PerGene
NS5A,HM348957,1b,,Comet_vs_PerGene
NS5A,HM348958,1b,,Comet_vs_PerGene
NS5A,HM348959,1b,,Comet_vs_PerGene
NS5A,HM348960,1b,,Comet_vs_PerGene
NS5A,HM348961,1b,,Comet_vs_PerGene
NS5A,HM348962,1b,,Comet_vs_PerGene
NS5A,HM348963,1b,,Comet_vs_PerGene
NS5A,HM348964,1b,,Comet_vs_PerGene
NS5A,HM348965,1b,,Comet_vs_PerGene
NS5A,HM348966,1b,,Comet_vs_PerGene
NS5A,HM348967,1b,,Comet_vs_PerGene
NS5A,HM348968,1b,,Comet_vs_PerGene
NS5A,HM348969,1b,,Comet_vs_PerGene
NS5A,HM348970,1b,,Comet_vs_PerGene
NS5A,HM348971,1b,,Comet_vs_PerGene
NS5A,HM348972,1b,,Comet_vs_PerGene
NS5A,HM348973,1b,,Comet_vs_PerGene
NS5A,HM348974,1b,,Comet_vs_PerGene
NS5A,HM348975,1b,,Comet_vs_PerGene
NS5A,HM348976,1b,,Comet_vs_PerGene
NS5A,HM348977,1b,,Comet_vs_PerGene
NS5A,HM348978,1b,,Comet_vs_PerGene
NS5A,HM348979,1b,,Comet_vs_PerGene
NS5A,HM348980,1b,,Comet_vs_PerGene
NS5A,HM348981,1b,,Comet_vs_PerGene
NS5A,HM348982,1b,,Comet_vs_PerGene
NS5A,HM348983,1b,,Comet_vs_PerGene
NS5A,HM348984,1b,,Comet_vs_PerGene
NS5A,HM348985,1b,,Comet_vs_PerGene
NS5A,HM348986,1b,,Comet_vs_PerGene
NS5A,HM348987,1b,,Comet_vs_PerGene
NS5A,HM348988,1b,,Comet_vs_PerGene
NS5A,HM348989,1b,,Comet_vs_PerGene
NS5A,HM348990,1b,,Comet_vs_PerGene
NS5A,HM348991,1b,,Comet_vs_PerGene
NS5A,HM348992,1b,,Comet_vs_PerGene
NS5A,HM348993,1b,,Comet_vs_PerGene
NS5A,HM348994,1b,,Comet_vs_PerGene
NS5A,HM348995,1b,,Comet_vs_PerGene
NS5A,HM348996,1b,,Comet_vs_PerGene
NS5A,HM348997,1b,,Comet_vs_PerGene
NS5A,HM348998,1b,,Comet_vs_PerGene
NS5A,HM348999,1b,,Comet_vs_PerGene
NS5A,HM349000,1b,,Comet_vs_PerGene
NS5A,HM349001,1b,,Comet_vs_PerGene
NS5A,HM349002,1b,,Comet_vs_PerGene
NS5A,HM349003,1b,,Comet_vs_PerGene
NS5A,HM349004,1b,,Comet_vs_PerGene
NS5A,HM349005,1b,,Comet_vs_PerGene
NS5A,HM349006,1b,,Comet_vs_PerGene
NS5A,HM349007,1b,,Comet_vs_PerGene
NS5A,HM349008,1b,,Comet_vs_PerGene
NS5A,HM349009,1b,,Comet_vs_PerGene
NS5A,HM349010,1b,,Comet_vs_PerGene
NS5A,HM349011,1b,,Comet_vs_PerGene
NS5A,HM349012,1b,,Comet_vs_PerGene
NS5A,HM349013,1b,,Comet_vs_PerGene
NS5A,HM349014,1b,,Comet_vs_PerGene
NS5A,HM349015,1b,,Comet_vs_PerGene
NS5A,HM349016,1b,,Comet_vs_PerGene
NS5A,HM349017,1b,,Comet_vs_PerGene
NS5A,HM349018,1b,,Comet_vs_PerGene
NS5A,HM349019,1b,,Comet_vs_PerGene
NS5A,HM349020,1b,,Comet_vs_PerGene
NS5A,HM349021,1b,,Comet_vs_PerGene
NS5A,HM349022,1b,,Comet_vs_PerGene
NS5A,HM349023,1b,,Comet_vs_PerGene
NS5A,HM349024,1b,,Comet_vs_PerGene
NS5A,HM349025,1b,,Comet_vs_PerGene
NS5A,HM349026,1b,,Comet_vs_PerGene
NS5A,HM349027,1b,,Comet_vs_PerGene
NS5A,HM349028,1b,,Comet_vs_PerGene
NS5A,HM349029,1b,,Comet_vs_PerGene
NS5A,HM349030,1b,,Comet_vs_PerGene
NS5A,HM349031,1b,,Comet_vs_PerGene
NS5A,HM349032,1b,,Comet_vs_PerGene
NS5A,HM349033,1b,,Comet_vs_PerGene
NS5A,HM349034,1b,,Comet_vs_PerGene
NS5A,HM349035,1b,,Comet_vs_PerGene
NS5A,HM349036,1b,,Comet_vs_PerGene
NS5A,HM349037,1b,,Comet_vs_PerGene
NS5A,HM349038,1b,,Comet_vs_PerGene
NS5A,HM349039,1b,,Comet_vs_PerGene
NS5A,HM349040,1b,,Comet_vs_PerGene
NS5A,HM349041,1b,,Comet_vs_PerGene
NS5A,HM349042,1b,,Comet_vs_PerGene
NS5A,HM349043,1b,,Comet_vs_PerGene
NS5A,HM349044,1b,,Comet_vs_PerGene
NS5A,HM349045,1b,,Comet_vs_PerGene
NS5A,HM349046,1b,,Comet_vs_PerGene
NS5A,HM349047,1b,,Comet_vs_PerGene
NS5A,HM349048,1b,,Comet_vs_PerGene
NS5A,HM349049,1b,,Comet_vs_PerGene
NS5A,HM349050,1b,,Comet_vs_PerGene
NS5A,HM349051,1b,,Comet_vs_PerGene
NS5A,HM349052,1b,,Comet_vs_PerGene
NS5A,HM349053,1b,,Comet_vs_PerGene
NS5A,HM349054,1b,,Comet_vs_PerGene
NS5A,HM349055,1b,,Comet_vs_PerGene
NS5A,HM349056,1b,,Comet_vs_PerGene
NS5A,HM349057,1b,,Comet_vs_PerGene
NS5A,HM349058,1b,,Comet_vs_PerGene
NS5A,HM349059,1b,,Comet_vs_PerGene
NS5A,HM349060,1b,,Comet_vs_PerGene
NS5A,HM349061,1b,,Comet_vs_PerGene
NS5A,HM349062,1b,,Comet_vs_PerGene
NS5A,HM349063,1b,,Comet_vs_PerGene
NS5A,HM349064,1b,,Comet_vs_PerGene
NS5A,HM349065,1b,,Comet_vs_PerGene
NS5A,HM349066,1b,,Comet_vs_PerGene
NS5A,HM349067,1b,,Comet_vs_PerGene
NS5A,HM349068,1b,,Comet_vs_PerGene
NS5A,HM349069,1b,,Comet_vs_PerGene
NS5A,HM349070,1b,,Comet_vs_PerGene
NS5A,HM349071,1b,,Comet_vs_PerGene
NS5A,HM349072,1b,,Comet_vs_PerGene
NS5A,HM349073,1b,,Comet_vs_PerGene
NS5A,HM349074,1b,,Comet_vs_PerGene
NS5A,HM349075,1b,,Comet_vs_PerGene
NS5A,HM349076,1b,,Comet_vs_PerGene
NS5A,HM349077,1b,,Comet_vs_PerGene
NS5A,HM349078,1b,,Comet_vs_PerGene
NS5A,HM349079,1b,,Comet_vs_PerGene
NS5A,HM349080,1b,,Comet_vs_PerGene
NS5A,HM349081,1b,,Comet_vs_PerGene
NS5A,HM349082,1b,,Comet_vs_PerGene
NS5A,HM349083,1b,,Comet_vs_PerGene
NS5A,HM349084,1b,,Comet_vs_PerGene
NS5A,HM349085,1b,,Comet_vs_PerGene
NS5A,HM349086,1b,,Comet_vs_PerGene
NS5A,HM349087,1b,,Comet_vs_PerGene
NS5A,HM349088,1b,,Comet_vs_PerGene
NS5A,HM349089,1b,,Comet_vs_PerGene
NS5A,HM349090,1b,,Comet_vs_PerGene
NS5A,HM349091,1b,,Comet_vs_PerGene
NS5A,HM349092,1b,,Comet_vs_PerGene
NS5A,HM349093,1b,,Comet_vs_PerGene
NS5A,HM349094,1b,,Comet_vs_PerGene
NS5A,HM349095,1b,,Comet_vs_PerGene
NS5A,HM349096,1b,,Comet_vs_PerGene
NS5A,HM349097,1b,,Comet_vs_PerGene
NS5A,HM349098,1b,,Comet_vs_PerGene
NS5A,HM349099,1b,,Comet_vs_PerGene
NS5A,HM349100,1b,,Comet_vs_PerGene
NS5A,HM349101,1b,,Comet_vs_PerGene
NS5A,HM349102,1b,,Comet_vs_PerGene
NS5A,HM349103,1b,,Comet_vs_PerGene
NS5A,HM349104,1b,,Comet_vs_PerGene
NS5A,HM349105,1b,,Comet_vs_PerGene
NS5A,HM349106,1b,,Comet_vs_PerGene
NS5A,HM349107,1b,,Comet_vs_PerGene
NS5A,HM349108,1b,,Comet_vs_PerGene
NS5A,HM349109,1b,,Comet_vs_PerGene
NS5A,HM349110,1b,,Comet_vs_PerGene
NS5A,HM349111,1b,,Comet_vs_PerGene
NS5A,HM349112,1b,,Comet_vs_PerGene
NS5A,HM349113,1b,,Comet_vs_PerGene
NS5A,HM349114,1b,,Comet_vs_PerGene
NS5A,HM349115,1b,,Comet_vs_PerGene
NS5A,HM349116,1b,,Comet_vs_PerGene
NS5A,HM349117,1b,,Comet_vs_PerGene
NS5A,HM349118,1b,,Comet_vs_PerGene
NS5A,HM349119,1b,,Comet_vs_PerGene
NS5A,HM349120,1b,,Comet_vs_PerGene
NS5A,HM349121,1b,,Comet_vs_PerGene
NS5A,HM349122,1a,,Comet_vs_PerGene
NS5A,HM349123,1a,,Comet_vs_PerGene
NS5A,HM349124,1a,,Comet_vs_PerGene
NS5A,HM349125,1a,,Comet_vs_PerGene
NS5A,HM349126,1a,,Comet_vs_PerGene
NS5A,HM349127,1a,,Comet_vs_PerGene
NS5A,HM349128,1a,,Comet_vs_PerGene
NS5A,HM349129,1a,,Comet_vs_PerGene
NS5A,HM349130,1a,,Comet_vs_PerGene
NS5A,HM349131,1a,,Comet_vs_PerGene
NS5A,HM349132,1a,,Comet_vs_PerGene
NS5A,HM349133,1a,,Comet_vs_PerGene
NS5A,HM349134,1a,,Comet_vs_PerGene
NS5A,HM349135,1a,,Comet_vs_PerGene
NS5A,HM349136,1a,,Comet_vs_PerGene
NS5A,HM349137,1a,,Comet_vs_PerGene
NS5A,HM349138,1a,,Comet_vs_PerGene
NS5A,HM349139,1a,,Comet_vs_PerGene
NS5A,HM349140,1a,,Comet_vs_PerGene
NS5A,HM349141,1a,,Comet_vs_PerGene
NS5A,HM349142,1a,,Comet_vs_PerGene
NS5A,HM349143,1a,,Comet_vs_PerGene
NS5A,HM349144,1a,,Comet_vs_PerGene
NS5A,HM349145,1a,,Comet_vs_PerGene
NS5A,HM349146,1a,,Comet_vs_PerGene
NS5A,HM349147,1a,,Comet_vs_PerGene
NS5A,HM349148,1a,,Comet_vs_PerGene
NS5A,HM349149,1a,,Comet_vs_PerGene
NS5A,HM349150,1a,,Comet_vs_PerGene
NS5A,HM349151,1a,,Comet_vs_PerGene
NS5A,HM349152,1a,,Comet_vs_PerGene
NS5A,HM349153,1a,,Comet_vs_PerGene
NS5A,HM349154,1a,,Comet_vs_PerGene
NS5A,HM349155,1a,,Comet_vs_PerGene
NS5A,HM349156,1a,,Comet_vs_PerGene
NS5A,HM349157,1a,,Comet_vs_PerGene
NS5A,HM349158,1a,,Comet_vs_PerGene
NS5A,HM349159,1a,,Comet_vs_PerGene
NS5A,HM349160,1a,,Comet_vs_PerGene
NS5A,HM349161,1a,,Comet_vs_PerGene
NS5A,HM349162,1a,,Comet_vs_PerGene
NS5A,HM349163,1a,,Comet_vs_PerGene
NS5A,HM349164,1a,,Comet_vs_PerGene
NS5A,HM349165,1a,,Comet_vs_PerGene
NS5A,HM349166,1a,,Comet_vs_PerGene
NS5A,HM349167,1a,,Comet_vs_PerGene
NS5A,HM349168,1a,,Comet_vs_PerGene
NS5A,HM349169,1a,,Comet_vs_PerGene
NS5A,HM349170,1a,,Comet_vs_PerGene
NS5A,HM349171,1a,,Comet_vs_PerGene
NS5A,HM349172,1a,,Comet_vs_PerGene
NS5A,HM349173,1a,,Comet_vs_PerGene
NS5A,HM349174,1a,,Comet_vs_PerGene
NS5A,HM349175,1a,,Comet_vs_PerGene
NS5A,HM349176,1a,,Comet_vs_PerGene
NS5A,HM349177,1a,,Comet_vs_PerGene
NS5A,HM349178,1a,,Comet_vs_PerGene
NS5A,HM349179,1a,,Comet_vs_PerGene
NS5A,HM349180,1a,,Comet_vs_PerGene
NS5A,HM349181,1a,,Comet_vs_PerGene
NS5A,HM349182,1a,,Comet_vs_PerGene
NS5A,HM349183,1a,,Comet_vs_PerGene
NS5A,HM349184,1a,,Comet_vs_PerGene
NS5A,HM349185,1a,,Comet_vs_PerGene
NS5A,HM349186,1a,,Comet_vs_PerGene
NS5A,HM349187,1a,,Comet_vs_PerGene
NS5A,HM349188,1a,,Comet_vs_PerGene
NS5A,HM349189,1a,,Comet_vs_PerGene
NS5A,HM349190,1a,,Comet_vs_PerGene
NS5A,HM349191,1a,,Comet_vs_PerGene
NS5A,HM349192,1a,,Comet_vs_PerGene
NS5A,HM349193,1a,,Comet_vs_PerGene
NS5A,HM349194,1a,,Comet_vs_PerGene
NS5A,HM349195,1a,,Comet_vs_PerGene
NS5A,HM349196,1a,,Comet_vs_PerGene
NS5A,HM349197,1a,,Comet_vs_PerGene
NS5A,HM349198,1a,,Comet_vs_PerGene
NS5A,HM349199,1a,,Comet_vs_PerGene
NS5A,HM349200,1a,,Comet_vs_PerGene
NS5A,HM349201,1a,,Comet_vs_PerGene
NS5A,HM349202,1a,,Comet_vs_PerGene
NS5A,HM349203,1a,,Comet_vs_PerGene
NS5A,HM349204,1a,,Comet_vs_PerGene
NS5A,HM349205,1a,,Comet_vs_PerGene
NS5A,HM349206,1a,,Comet_vs_PerGene
NS5A,HM349207,1a,,Comet_vs_PerGene
NS5A,HM349208,1a,,Comet_vs_PerGene
NS5A,HM349209,1a,,Comet_vs_PerGene
NS5A,HM349210,1a,,Comet_vs_PerGene
NS5A,HM349211,1a,,Comet_vs_PerGene
NS5A,HM349212,1a,,Comet_vs_PerGene
NS5A,HM349213,1a,,Comet_vs_PerGene
NS5A,HM349214,1a,,Comet_vs_PerGene
NS5A,HM349215,1a,,Comet_vs_PerGene
NS5A,HM349216,1a,,Comet_vs_PerGene
NS5A,HM349217,1a,,Comet_vs_PerGene
NS5A,HM349218,1a,,Comet_vs_PerGene
NS5A,HM349219,1a,,Comet_vs_PerGene
NS5A,HM349220,1a,,Comet_vs_PerGene
NS5A,HM349221,1a,,Comet_vs_PerGene
NS5A,HM349222,1a,,Comet_vs_PerGene
NS5A,HM349223,1a,,Comet_vs_PerGene
NS5A,HM349224,1a,,Comet_vs_PerGene
NS5A,HM349225,1a,,Comet_vs_PerGene
NS5A,HM349226,1a,,Comet_vs_PerGene
NS5A,HM349227,1a,,Comet_vs_PerGene
NS5A,HM349228,1a,,Comet_vs_PerGene
NS5A,HM349229,1a,,Comet_vs_PerGene
NS5A,HM349230,1a,,Comet_vs_PerGene
NS5A,HM349231,1a,,Comet_vs_PerGene
NS5A,HM349232,1a,,Comet_vs_PerGene
NS5A,HM349233,1a,,Comet_vs_PerGene
NS5A,HM349234,1a,,Comet_vs_PerGene
NS5A,HM349235,1a,,Comet_vs_PerGene
NS5A,HM349236,1a,,Comet_vs_PerGene
NS5A,HM349237,1a,,Comet_vs_PerGene
NS5A,HM349238,1a,,Comet_vs_PerGene
NS5A,HM349239,1a,,Comet_vs_PerGene
NS5A,HM349240,1a,,Comet_vs_PerGene
NS5A,HM349241,1a,,Comet_vs_PerGene
NS5A,HM349242,1a,,Comet_vs_PerGene
NS5A,HM349243,1a,,Comet_vs_PerGene
NS5A,HM349244,1a,,Comet_vs_PerGene
NS5A,HM349245,1a,,Comet_vs_PerGene
NS5A,HM349246,1a,,Comet_vs_PerGene
NS5A,HM349247,1a,,Comet_vs_PerGene
NS5A,HM349248,1a,,Comet_vs_PerGene
NS5A,HM349249,1a,,Comet_vs_PerGene
NS5A,HM349250,1a,,Comet_vs_PerGene
NS5A,HM349251,1a,,Comet_vs_PerGene
NS5A,HM349252,1a,,Comet_vs_PerGene
NS5A,HM349253,1a,,Comet_vs_PerGene
NS5A,HM349254,1a,,Comet_vs_PerGene
NS5A,HM349255,1a,,Comet_vs_PerGene
NS5A,HM349256,1a,,Comet_vs_PerGene
NS5A,HM349257,1a,,Comet_vs_PerGene
NS5A,HM349258,1a,,Comet_vs_PerGene
NS5A,HM349259,1a,,Comet_vs_PerGene
NS5A,HM349260,1a,,Comet_vs_PerGene
NS5A,HM349261,1a,,Comet_vs_PerGene
NS5A,HM349262,1a,,Comet_vs_PerGene
NS5A,HM349263,1a,,Comet_vs_PerGene
NS5A,HM349264,1a,,Comet_vs_PerGene
NS5A,HM349265,1a,,Comet_vs_PerGene
NS5A,HM349266,1a,,Comet_vs_PerGene
NS5A,HM349267,1a,,Comet_vs_PerGene
NS5A,HM349268,1a,,Comet_vs_PerGene
NS5A,HM349269,1a,,Comet_vs_PerGene
NS5A,HM349270,1a,,Comet_vs_PerGene
NS5A,HM349271,1a,,Comet_vs_PerGene
NS5A,HM349272,1a,,Comet_vs_PerGene
NS5A,HM349273,1a,,Comet_vs_PerGene
NS5A,HM349274,1a,,Comet_vs_PerGene
NS5A,HM349275,1a,,Comet_vs_PerGene
NS5A,HM349276,1a,,Comet_vs_PerGene
NS5A,HM349277,1a,,Comet_vs_PerGene
NS5A,HM349278,1a,,Comet_vs_PerGene
NS5A,HM349279,1a,,Comet_vs_PerGene
NS5A,HM349280,1a,,Comet_vs_PerGene
NS5A,HM349281,1a,,Comet_vs_PerGene
NS5A,HM349282,1a,,Comet_vs_PerGene
NS5A,HM349283,1a,,Comet_vs_PerGene
NS5A,HM349284,1a,,Comet_vs_PerGene
NS5A,HM349285,1a,,Comet_vs_PerGene
NS5A,HM349286,1a,,Comet_vs_PerGene
NS5A,HM349287,1a,,Comet_vs_PerGene
NS5A,HM349288,1a,,Comet_vs_PerGene
NS5A,HM349289,1a,,Comet_vs_PerGene
NS5A,HM349290,1a,,Comet_vs_PerGene
NS5A,HM349291,1a,,Comet_vs_PerGene
NS5A,HM349292,1a,,Comet_vs_PerGene
NS5A,HM349293,1a,,Comet_vs_PerGene
NS5A,HM349294,1a,,Comet_vs_PerGene
NS5A,HM349295,1a,,Comet_vs_PerGene
NS5A,HM349296,1a,,Comet_vs_PerGene
NS5A,HM349297,1a,,Comet_vs_PerGene
NS5A,HM349298,1a,,Comet_vs_PerGene
NS5A,HM349299,1a,,Comet_vs_PerGene
NS5A,HM349300,1a,,Comet_vs_PerGene
NS5A,HM349301,1a,,Comet_vs_PerGene
NS5A,HM349302,1a,,Comet_vs_PerGene
NS5A,HM349303,1a,,Comet_vs_PerGene
NS5A,HM349304,1a,,Comet_vs_PerGene
NS5A,HM349305,1a,,Comet_vs_PerGene
NS5A,HM349306,1a,,Comet_vs_PerGene
NS5A,HM349307,1a,,Comet_vs_PerGene
NS5A,HM349308,1a,,Comet_vs_PerGene
NS5A,HM349309,1a,,Comet_vs_PerGene
NS5A,HM349310,1a,,Comet_vs_PerGene
NS5A,HM349311,1a,,Comet_vs_PerGene
NS5A,HM349312,1a,,Comet_vs_PerGene
NS5A,HM349313,1a,,Comet_vs_PerGene
NS5A,HM349314,1a,,Comet_vs_PerGene
NS5A,HM349315,1a,,Comet_vs_PerGene
NS5A,HM349316,1a,,Comet_vs_PerGene
NS5A,HM349317,1a,,Comet_vs_PerGene
NS5A,HM349318,1a,,Comet_vs_PerGene
NS5A,HM349319,1a,,Comet_vs_PerGene
NS5A,HM349320,1a,,Comet_vs_PerGene
NS5A,HM349321,1a,,Comet_vs_PerGene
NS5A,HM349322,1a,,Comet_vs_PerGene
NS5A,HM349323,1a,,Comet_vs_PerGene
NS5A,HM349324,1a,,Comet_vs_PerGene
NS5A,HM349325,1a,,Comet_vs_PerGene
NS5A,HM349326,1a,,Comet_vs_PerGene
NS5A,HM349327,1a,,Comet_vs_PerGene
NS5A,HM349328,1a,,Comet_vs_PerGene
NS5A,HM349329,1a,,Comet_vs_PerGene
NS5A,HM349330,1a,,Comet_vs_PerGene
NS5A,HM349331,1a,,Comet_vs_PerGene
NS5A,HM349332,1a,,Comet_vs_PerGene
NS5A,HM349333,1a,,Comet_vs_PerGene
NS5A,HM349334,1a,,Comet_vs_PerGene
NS5A,HM349335,1a,,Comet_vs_PerGene
NS5A,HM349336,1a,,Comet_vs_PerGene
NS5A,HM349337,1a,,Comet_vs_PerGene
NS5A,HM349338,1a,,Comet_vs_PerGene
NS5A,HM349339,1a,,Comet_vs_PerGene
NS5A,HM349340,1a,,Comet_vs_PerGene
NS5A,HM349341,1a,,Comet_vs_PerGene
NS5A,HM349342,1a,,Comet_vs_PerGene
NS5A,HM349343,1a,,Comet_vs_PerGene
NS5A,HM349344,1a,,Comet_vs_PerGene
NS5A,HM349345,1a,,Comet_vs_PerGene
NS5A,HM349346,1a,,Comet_vs_PerGene
NS5A,HM349347,1a,,Comet_vs_PerGene
NS5A,HM349348,1a,,Comet_vs_PerGene
NS5A,HM349349,1a,,Comet_vs_PerGene
NS5A,HM349350,1a,,Comet_vs_PerGene
NS5A,HM349351,1a,,Comet_vs_PerGene
NS5A,HM349352,1a,,Comet_vs_PerGene
NS5A,HM349353,1a,,Comet_vs_PerGene
NS5A,HM349354,1a,,Comet_vs_PerGene
NS5A,HM349355,1a,,Comet_vs_PerGene
NS5A,HM349356,1a,,Comet_vs_PerGene
NS5A,HM349357,1a,,Comet_vs_PerGene
NS5A,HM349358,1a,,Comet_vs_PerGene
NS5A,HM349359,1a,,Comet_vs_PerGene
NS5A,HM349360,1a,,Comet_vs_PerGene
NS5A,HM349361,1a,,Comet_vs_PerGene
NS5A,HM349362,1a,,Comet_vs_PerGene
NS5A,HM349363,1a,,Comet_vs_PerGene
NS5A,HM349364,1a,,Comet_vs_PerGene
NS5A,HM349365,1a,,Comet_vs_PerGene
NS5A,HM349366,1a,,Comet_vs_PerGene
NS5A,HM349367,1a,,Comet_vs_PerGene
NS5A,HM349368,1a,,Comet_vs_PerGene
NS5A,HM349369,1a,,Comet_vs_PerGene
NS5A,HM349370,1a,,Comet_vs_PerGene
NS5A,HM349371,1a,,Comet_vs_PerGene
NS5A,HM349372,1a,,Comet_vs_PerGene
NS5A,HM349373,1a,,Comet_vs_PerGene
NS5A,HM349374,1a,,Comet_vs_PerGene
NS5A,HM349375,1a,,Comet_vs_PerGene
NS5A,HM349376,1a,,Comet_vs_PerGene
NS5A,HM349377,1a,,Comet_vs_PerGene
NS5A,HM349378,1a,,Comet_vs_PerGene
NS5A,HM349379,1a,,Comet_vs_PerGene
NS5A,HM349380,1a,,Comet_vs_PerGene
NS5A,HM349381,1a,,Comet_vs_PerGene
NS5A,HM349382,1a,,Comet_vs_PerGene
NS5A,HM349383,1a,,Comet_vs_PerGene
NS5A,HM349384,1a,,Comet_vs_PerGene
NS5A,HM349385,1a,,Comet_vs_PerGene
NS5A,HM349386,1a,,Comet_vs_PerGene
NS5A,HM349387,1a,,Comet_vs_PerGene
NS5A,HM349388,1a,,Comet_vs_PerGene
NS5A,HM349389,1a,,Comet_vs_PerGene
NS5A,HM349390,1a,,Comet_vs_PerGene
NS5A,HM349391,1a,,Comet_vs_PerGene
NS5A,HM349392,1a,,Comet_vs_PerGene
NS5A,HM349393,1a,,Comet_vs_PerGene
NS5A,HM349394,1a,,Comet_vs_PerGene
NS5A,HM349395,1a,,Comet_vs_PerGene
NS5A,HM349396,1a,,Comet_vs_PerGene
NS5A,HM349397,1a,,Comet_vs_PerGene
NS5A,HM349398,1a,,Comet_vs_PerGene
NS5A,HM349399,1a,,Comet_vs_PerGene
NS5A,HM349400,1a,,Comet_vs_PerGene
NS5A,HM349401,1a,,Comet_vs_PerGene
NS5A,HM349402,1a,,Comet_vs_PerGene
NS5A,HM349403,1a,,Comet_vs_PerGene
NS5A,HM349404,1a,,Comet_vs_PerGene
NS5A,HM349405,1a,,Comet_vs_PerGene
NS5A,HM349406,1a,,Comet_vs_PerGene
NS5A,HM349407,1a,,Comet_vs_PerGene
NS5A,HM349408,1a,,Comet_vs_PerGene
NS5A,HM349409,1a,,Comet_vs_PerGene
NS5A,HM349410,1a,,Comet_vs_PerGene
NS5A,HM349411,1a,,Comet_vs_PerGene
NS5A,HM349412,1a,,Comet_vs_PerGene
NS5A,HM349413,1a,,Comet_vs_PerGene
NS5A,HM349414,1a,,Comet_vs_PerGene
NS5A,HM349415,1a,,Comet_vs_PerGene
NS5A,HM349416,1a,,Comet_vs_PerGene
NS5A,HM349417,1a,,Comet_vs_PerGene
NS5A,HM349418,1a,,Comet_vs_PerGene
NS5A,HM349419,1a,,Comet_vs_PerGene
NS5A,HM349420,1a,,Comet_vs_PerGene
NS5A,HM349421,1a,,Comet_vs_PerGene
NS5A,HM349422,1a,,Comet_vs_PerGene
NS5A,HM349423,1a,,Comet_vs_PerGene
NS5A,HM349424,1a,,Comet_vs_PerGene
NS5A,HM349425,1a,,Comet_vs_PerGene
NS5A,HM349426,1a,,Comet_vs_PerGene
NS5A,HM349427,1a,,Comet_vs_PerGene
NS5A,HM349428,1a,,Comet_vs_PerGene
NS5A,HM349429,1a,,Comet_vs_PerGene
NS5A,HM349430,1a,,Comet_vs_PerGene
NS5A,HM349431,1a,,Comet_vs_PerGene
NS5A,HM349432,1a,,Comet_vs_PerGene
NS5A,HM349433,1a,,Comet_vs_PerGene
NS5A,HM349434,1a,,Comet_vs_PerGene
NS5A,HM349435,1a,,Comet_vs_PerGene
NS5A,HM349436,1a,,Comet_vs_PerGene
NS5A,HM349437,1a,,Comet_vs_PerGene
NS5A,HM349438,1a,,Comet_vs_PerGene
NS5A,HM349439,1a,,Comet_vs_PerGene
NS5A,HM349440,1a,,Comet_vs_PerGene
NS5A,HM349441,1a,,Comet_vs_PerGene
NS5A,HM349442,1a,,Comet_vs_PerGene
NS5A,HM349443,1a,,Comet_vs_PerGene
NS5A,HM349444,1a,,Comet_vs_PerGene
NS5A,HM349445,1a,,Comet_vs_PerGene
NS5A,HM349446,1a,,Comet_vs_PerGene
NS5A,HM349447,1a,,Comet_vs_PerGene
NS5A,HM349448,1a,,Comet_vs_PerGene
NS5A,HM349449,1a,,Comet_vs_PerGene
NS5A,HM349450,1a,,Comet_vs_PerGene
NS5A,HM349451,1a,,Comet_vs_PerGene
NS5A,HM349452,1a,,Comet_vs_PerGene
NS5A,HM349453,1a,,Comet_vs_PerGene
NS5A,HM349454,1a,,Comet_vs_PerGene
NS5A,HM349455,1a,,Comet_vs_PerGene
NS5A,HM349456,1a,,Comet_vs_PerGene
NS5A,HM349457,1a,,Comet_vs_PerGene
NS5A,HM349458,1a,,Comet_vs_PerGene
NS5A,HM349459,1a,,Comet_vs_PerGene
NS5A,HM349460,1a,,Comet_vs_PerGene
NS5A,HM349461,1a,,Comet_vs_PerGene
NS5A,HM349462,1a,,Comet_vs_PerGene
NS5A,HM349463,1a,,Comet_vs_PerGene
NS5A,HM349464,1a,,Comet_vs_PerGene
NS5A,HM349465,1a,,Comet_vs_PerGene
NS5A,HM349466,1a,,Comet_vs_PerGene
NS5A,HM349467,1a,,Comet_vs_PerGene
NS5A,HM349468,1a,,Comet_vs_PerGene
NS5A,HM349469,1a,,Comet_vs_PerGene
NS5A,HM349470,1a,,Comet_vs_PerGene
NS5A,HM349471,1a,,Comet_vs_PerGene
NS5A,HM349472,1a,,Comet_vs_PerGene
NS5A,HM349473,1a,,Comet_vs_PerGene
NS5A,HM349474,1a,,Comet_vs_PerGene
NS5A,HM349475,1a,,Comet_vs_PerGene
NS5A,HM349476,1a,,Comet_vs_PerGene
NS5A,HM349477,1a,,Comet_vs_PerGene
NS5A,HM349478,1a,,Comet_vs_PerGene
NS5A,HM349479,1a,,Comet_vs_PerGene
NS5A,HM349480,1a,,Comet_vs_PerGene
NS5A,HM349481,1a,,Comet_vs_PerGene
NS5A,HM349482,1a,,Comet_vs_PerGene
NS5A,HM349483,1a,,Comet_vs_PerGene
NS5A,HM349484,1a,,Comet_vs_PerGene
NS5A,HM349485,1a,,Comet_vs_PerGene
NS5A,HM349486,1a,,Comet_vs_PerGene
NS5A,HM349487,1a,,Comet_vs_PerGene
NS5A,HM349488,1a,,Comet_vs_PerGene
NS5A,HM349489,1a,,Comet_vs_PerGene
NS5A,HM349490,1a,,Comet_vs_PerGene
NS5A,HM349491,1a,,Comet_vs_PerGene
NS5A,HM349492,1a,,Comet_vs_PerGene
NS5A,HM349493,1a,,Comet_vs_PerGene
NS5A,HM349494,1a,,Comet_vs_PerGene
NS5A,HM349495,1a,,Comet_vs_PerGene
NS5A,HM349496,1a,,Comet_vs_PerGene
NS5A,HM349497,1a,,Comet_vs_PerGene
NS5A,HM349498,1a,,Comet_vs_PerGene
NS5A,HM349499,1a,,Comet_vs_PerGene
NS5A,HM349500,1a,,Comet_vs_PerGene
NS5A,HM349501,1a,,Comet_vs_PerGene
NS5A,HM349502,1a,,Comet_vs_PerGene
NS5A,HM349503,1a,,Comet_vs_PerGene
NS5A,HM349504,1a,,Comet_vs_PerGene
NS5A,HM349505,1a,,Comet_vs_PerGene
NS5A,HM349506,1a,,Comet_vs_PerGene
NS5A,HM349507,1a,,Comet_vs_PerGene
NS5A,HM349508,1a,,Comet_vs_PerGene
NS5A,HM349509,1a,,Comet_vs_PerGene
NS5A,HM349510,1a,,Comet_vs_PerGene
NS5A,HM349511,1a,,Comet_vs_PerGene
NS5A,HM349512,1a,,Comet_vs_PerGene
NS5A,HM349513,1a,,Comet_vs_PerGene
NS5A,HM349514,1a,,Comet_vs_PerGene
NS5A,HM349515,1a,,Comet_vs_PerGene
NS5A,HM349516,1a,,Comet_vs_PerGene
NS5A,HM349517,1a,,Comet_vs_PerGene
NS5A,HM349518,1a,,Comet_vs_PerGene
NS5A,HM349519,1a,,Comet_vs_PerGene
NS5A,HM349520,1a,,Comet_vs_PerGene
NS5A,HM349521,1a,,Comet_vs_PerGene
NS5A,HM349522,1a,,Comet_vs_PerGene
NS5A,HM349523,1a,,Comet_vs_PerGene
NS5A,HM349524,1a,,Comet_vs_PerGene
NS5A,HM349525,1a,,Comet_vs_PerGene
NS5A,HM349526,1a,,Comet_vs_PerGene
NS5A,HM349527,1a,,Comet_vs_PerGene
NS5A,HM349528,1a,,Comet_vs_PerGene
NS5A,HM349529,1a,,Comet_vs_PerGene
NS5A,HM349530,1a,,Comet_vs_PerGene
NS5A,HM349531,1a,,Comet_vs_PerGene
NS5A,HM349532,1a,,Comet_vs_PerGene
NS5A,HM349533,1a,,Comet_vs_PerGene
NS5A,HM349534,1a,,Comet_vs_PerGene
NS5A,HM349535,1a,,Comet_vs_PerGene
NS5A,HM349536,1a,,Comet_vs_PerGene
NS5A,HM349537,1a,,Comet_vs_PerGene
NS5A,HM349538,1a,,Comet_vs_PerGene
NS5A,HM349539,1a,,Comet_vs_PerGene
NS5A,HM349540,1a,,Comet_vs_PerGene
NS5A,HM349541,1a,,Comet_vs_PerGene
NS5A,HM349542,1a,,Comet_vs_PerGene
NS5A,HM349543,1a,,Comet_vs_PerGene
NS5A,HM349544,1a,,Comet_vs_PerGene
NS5A,HM349545,1a,,Comet_vs_PerGene
NS5A,HM349546,1a,,Comet_vs_PerGene
NS5A,HM349547,1a,,Comet_vs_PerGene
NS5A,HM349548,1a,,Comet_vs_PerGene
NS5A,HM349549,1a,,Comet_vs_PerGene
NS5A,HM349550,1a,,Comet_vs_PerGene
NS5A,HM349551,1a,,Comet_vs_PerGene
NS5A,HM349552,1a,,Comet_vs_PerGene
NS5A,HM349553,1a,,Comet_vs_PerGene
NS5A,HM349554,1a,,Comet_vs_PerGene
NS5A,HM349555,1a,,Comet_vs_PerGene
NS5A,HM349556,1a,,Comet_vs_PerGene
NS5A,HM349557,1a,,Comet_vs_PerGene
NS5A,HM349558,1a,,Comet_vs_PerGene
NS5A,HM349559,1a,,Comet_vs_PerGene
NS5A,HM349560,1a,,Comet_vs_PerGene
NS5A,HM349561,1a,,Comet_vs_PerGene
NS5A,HM349562,1a,,Comet_vs_PerGene
NS5A,HM349563,1a,,Comet_vs_PerGene
NS5A,HM349564,1a,,Comet_vs_PerGene
NS5A,HM349565,1a,,Comet_vs_PerGene
NS5A,HM349566,1a,,Comet_vs_PerGene
NS5A,HM349567,1a,,Comet_vs_PerGene
NS5A,HM349568,1a,,Comet_vs_PerGene
NS5A,HM349569,1a,,Comet_vs_PerGene
NS5A,HM349570,1a,,Comet_vs_PerGene
NS5A,HM349571,1a,,Comet_vs_PerGene
NS5A,HM349572,1a,,Comet_vs_PerGene
NS5A,HM349573,1a,,Comet_vs_PerGene
NS5A,HM349574,1a,,Comet_vs_PerGene
NS5A,HM349575,1a,,Comet_vs_PerGene
NS5A,HM349576,1a,,Comet_vs_PerGene
NS5A,HM349577,1a,,Comet_vs_PerGene
NS5A,HM349578,1a,,Comet_vs_PerGene
NS5A,HM349579,1a,,Comet_vs_PerGene
NS5A,HM349580,1a,,Comet_vs_PerGene
NS5A,HM349581,1a,,Comet_vs_PerGene
NS5A,HM349582,1a,,Comet_vs_PerGene
NS5A,HM349583,1a,,Comet_vs_PerGene
NS5A,HM349584,1a,,Comet_vs_PerGene
NS5A,HM349585,1a,,Comet_vs_PerGene
NS5A,HM349586,1a,,Comet_vs_PerGene
NS5A,HM349587,1a,,Comet_vs_PerGene
NS5A,HM349588,1a,,Comet_vs_PerGene
NS5A,HM349589,1a,,Comet_vs_PerGene
NS5A,HM349590,1a,,Comet_vs_PerGene
NS5A,HM349591,1a,,Comet_vs_PerGene
NS5A,HM349592,1a,,Comet_vs_PerGene
NS5A,HM349593,1a,,Comet_vs_PerGene
NS5A,HM349594,1a,,Comet_vs_PerGene
NS5A,HM349595,1a,,Comet_vs_PerGene
NS5A,HM349596,1a,,Comet_vs_PerGene
NS5A,HM349597,1a,,Comet_vs_PerGene
NS5A,HM349598,1a,,Comet_vs_PerGene
NS5A,HM349599,1a,,Comet_vs_PerGene
NS5A,HM349600,1a,,Comet_vs_PerGene
NS5A,HM349601,1a,,Comet_vs_PerGene
NS5A,HM349602,1a,,Comet_vs_PerGene
NS5A,HM349603,1a,,Comet_vs_PerGene
NS5A,HM349604,1a,,Comet_vs_PerGene
NS5A,HM349605,1a,,Comet_vs_PerGene
NS5A,HM349606,1a,,Comet_vs_PerGene
NS5A,HM349607,1a,,Comet_vs_PerGene
NS5A,HM349608,1a,,Comet_vs_PerGene
NS5A,HM349609,1a,,Comet_vs_PerGene
NS5A,HM349610,1a,,Comet_vs_PerGene
NS5A,HM349611,1a,,Comet_vs_PerGene
NS5A,HM349612,1a,,Comet_vs_PerGene
NS5A,HM349613,1a,,Comet_vs_PerGene
NS5A,HM349614,1a,,Comet_vs_PerGene
NS5A,HM349615,1a,,Comet_vs_PerGene
NS5A,HM349616,1a,,Comet_vs_PerGene
NS5A,HM349617,1a,,Comet_vs_PerGene
NS5A,HM349618,1a,,Comet_vs_PerGene
NS5A,HM349619,1a,,Comet_vs_PerGene
NS5A,HM349620,1a,,Comet_vs_PerGene
NS5A,HM349621,1a,,Comet_vs_PerGene
NS5A,HM349622,1a,,Comet_vs_PerGene
NS5A,HM349623,1a,,Comet_vs_PerGene
NS5A,HM349624,1a,,Comet_vs_PerGene
NS5A,HM349625,1a,,Comet_vs_PerGene
NS5A,HM349626,1a,,Comet_vs_PerGene
NS5A,HM349627,1a,,Comet_vs_PerGene
NS5A,HM349628,1a,,Comet_vs_PerGene
NS5A,HM349629,1a,,Comet_vs_PerGene
NS5A,HM349630,1a,,Comet_vs_PerGene
NS5A,HM349631,1a,,Comet_vs_PerGene
NS5A,HM349632,1a,,Comet_vs_PerGene
NS5A,HM349633,1a,,Comet_vs_PerGene
NS5A,HM349634,1a,,Comet_vs_PerGene
NS5A,HM349635,1a,,Comet_vs_PerGene
NS5A,HM349636,1a,,Comet_vs_PerGene
NS5A,HM349637,1a,,Comet_vs_PerGene
NS5A,HM349638,1a,,Comet_vs_PerGene
NS5A,HM349639,1a,,Comet_vs_PerGene
NS5A,HM349640,1a,,Comet_vs_PerGene
NS5A,HM349641,1a,,Comet_vs_PerGene
NS5A,HM349642,1a,,Comet_vs_PerGene
NS5A,HM349643,1a,,Comet_vs_PerGene
NS5A,HM349644,1a,,Comet_vs_PerGene
NS5A,HM349645,1a,,Comet_vs_PerGene
NS5A,HM349646,1a,,Comet_vs_PerGene
NS5A,HM349647,1a,,Comet_vs_PerGene
NS5A,HM349648,1a,,Comet_vs_PerGene
NS5A,HM349649,1a,,Comet_vs_PerGene
NS5A,HM349650,1a,,Comet_vs_PerGene
NS5A,HM349651,1a,,Comet_vs_PerGene
NS5A,HM349652,1a,,Comet_vs_PerGene
NS5A,HM349653,1a,,Comet_vs_PerGene
NS5A,HM349654,1a,,Comet_vs_PerGene
NS5A,HM349655,1a,,Comet_vs_PerGene
NS5A,HM349656,1a,,Comet_vs_PerGene
NS5A,HM349657,1a,,Comet_vs_PerGene
NS5A,HM349658,1a,,Comet_vs_PerGene
NS5A,HM349659,1a,,Comet_vs_PerGene
NS5A,HM349660,1a,,Comet_vs_PerGene
NS5A,HM349661,1a,,Comet_vs_PerGene
NS5A,HM349662,1a,,Comet_vs_PerGene
NS5A,HM349663,1a,,Comet_vs_PerGene
NS5A,HM349664,1a,,Comet_vs_PerGene
NS5A,HM349665,1a,,Comet_vs_PerGene
NS5A,HM349666,1a,,Comet_vs_PerGene
NS5A,HM349667,1a,,Comet_vs_PerGene
NS5A,HM349668,1a,,Comet_vs_PerGene
NS5A,HM349669,1a,,Comet_vs_PerGene
NS5A,HM349670,1a,,Comet_vs_PerGene
NS5A,HM349671,1a,,Comet_vs_PerGene
NS5A,HM349672,1a,,Comet_vs_PerGene
NS5A,HM349673,1a,,Comet_vs_PerGene
NS5A,HM349674,1a,,Comet_vs_PerGene
NS5A,HM349675,1a,,Comet_vs_PerGene
NS5A,HM349676,1a,,Comet_vs_PerGene
NS5A,HM349677,1a,,Comet_vs_PerGene
NS5A,HM349678,1a,,Comet_vs_PerGene
NS5A,HM349679,1a,,Comet_vs_PerGene
NS5A,HM349680,1a,,Comet_vs_PerGene
NS5A,HM349681,1a,,Comet_vs_PerGene
NS5A,HM349682,1a,,Comet_vs_PerGene
NS5A,HM349683,1a,,Comet_vs_PerGene
NS5A,HM349684,1a,,Comet_vs_PerGene
NS5A,HM349685,1a,,Comet_vs_PerGene
NS5A,HM349686,1a,,Comet_vs_PerGene
NS5A,HM349687,1a,,Comet_vs_PerGene
NS5A,HM349688,1a,,Comet_vs_PerGene
NS5A,HM349689,1a,,Comet_vs_PerGene
NS5A,HM349690,1a,,Comet_vs_PerGene
NS5A,HM349691,1a,,Comet_vs_PerGene
NS5A,HM349692,1a,,Comet_vs_PerGene
NS5A,HM349693,1a,,Comet_vs_PerGene
NS5A,HM349694,1a,,Comet_vs_PerGene
NS5A,HM349695,1a,,Comet_vs_PerGene
NS5A,HM349696,1a,,Comet_vs_PerGene
NS5A,HM349697,1a,,Comet_vs_PerGene
NS5A,HM349698,1a,,Comet_vs_PerGene
NS5A,HM349699,1a,,Comet_vs_PerGene
NS5A,HM349700,1a,,Comet_vs_PerGene
NS5A,HM349701,1a,,Comet_vs_PerGene
NS5A,HM349702,1a,,Comet_vs_PerGene
NS5A,HM349703,1a,,Comet_vs_PerGene
NS5A,HM349704,1a,,Comet_vs_PerGene
NS5A,HM349705,1a,,Comet_vs_PerGene
NS5A,HM349706,1a,,Comet_vs_PerGene
NS5A,HM349707,1a,,Comet_vs_PerGene
NS5A,HM349708,1a,,Comet_vs_PerGene
NS5A,HM349709,1a,,Comet_vs_PerGene
NS5A,HM349710,1a,,Comet_vs_PerGene
NS5A,HM349711,1a,,Comet_vs_PerGene
NS5A,HM349712,1a,,Comet_vs_PerGene
NS5A,HM349713,1a,,Comet_vs_PerGene
NS5A,HM349714,1a,,Comet_vs_PerGene
NS5A,HM349715,1a,,Comet_vs_PerGene
NS5A,HM349716,1a,,Comet_vs_PerGene
NS5A,HM349717,1a,,Comet_vs_PerGene
NS5A,HM349718,1a,,Comet_vs_PerGene
NS5A,HM349719,1a,,Comet_vs_PerGene
NS5A,HM349720,1a,,Comet_vs_PerGene
NS5A,HM349721,1a,,Comet_vs_PerGene
NS5A,HM349722,1a,,Comet_vs_PerGene
NS5A,HM349723,1a,,Comet_vs_PerGene
NS5A,HM349724,1a,,Comet_vs_PerGene
NS5A,HM349725,1a,,Comet_vs_PerGene
NS5A,HM349726,1a,,Comet_vs_PerGene
NS5A,HM349727,1a,,Comet_vs_PerGene
NS5A,HM349728,1a,,Comet_vs_PerGene
NS5A,HM349729,1a,,Comet_vs_PerGene
NS5A,HM349730,1a,,Comet_vs_PerGene
NS5A,HM349731,1a,,Comet_vs_PerGene
NS5A,HM349732,1a,,Comet_vs_PerGene
NS5A,HM349733,1a,,Comet_vs_PerGene
NS5A,HM349734,1a,,Comet_vs_PerGene
NS5A,HM349735,1a,,Comet_vs_PerGene
NS5A,HM349736,1a,,Comet_vs_PerGene
NS5A,HM349737,1a,,Comet_vs_PerGene
NS5A,HM349738,1a,,Comet_vs_PerGene
NS5A,HM349739,1a,,Comet_vs_PerGene
NS5A,HM349740,1a,,Comet_vs_PerGene
NS5A,HM349741,1a,,Comet_vs_PerGene
NS5A,HM349742,1a,,Comet_vs_PerGene
NS5A,HM349743,1a,,Comet_vs_PerGene
NS5A,HM349744,1a,,Comet_vs_PerGene
NS5A,HM349745,1a,,Comet_vs_PerGene
NS5A,HM349746,1a,,Comet_vs_PerGene
NS5A,HM349747,1a,,Comet_vs_PerGene
NS5A,HM349748,1a,,Comet_vs_PerGene
NS5A,HM349749,1a,,Comet_vs_PerGene
NS5A,HM349750,1a,,Comet_vs_PerGene
NS5A,HM349751,1a,,Comet_vs_PerGene
NS5A,HM349752,1a,,Comet_vs_PerGene
NS5A,HM349753,1a,,Comet_vs_PerGene
NS5A,HM349754,1a,,Comet_vs_PerGene
NS5A,HM349755,1a,,Comet_vs_PerGene
NS5A,HM349756,1a,,Comet_vs_PerGene
NS5A,HM349757,1a,,Comet_vs_PerGene
NS5A,HM349758,1a,,Comet_vs_PerGene
NS5A,HM349759,1a,,Comet_vs_PerGene
NS5A,HM349760,1a,,Comet_vs_PerGene
NS5A,HM349761,1a,,Comet_vs_PerGene
NS5A,HM349762,1a,,Comet_vs_PerGene
NS5A,HM349763,1a,,Comet_vs_PerGene
NS5A,HM349764,1a,,Comet_vs_PerGene
NS5A,HM349765,1a,,Comet_vs_PerGene
NS5A,HM349766,1a,,Comet_vs_PerGene
NS5A,HM349767,1a,,Comet_vs_PerGene
NS5A,HM349768,1a,,Comet_vs_PerGene
NS5A,HM349769,1a,,Comet_vs_PerGene
NS5A,HM349770,1a,,Comet_vs_PerGene
NS5A,HM349771,1a,,Comet_vs_PerGene
NS5A,HM349772,1a,,Comet_vs_PerGene
NS5A,HM349773,1a,,Comet_vs_PerGene
NS5A,HM349774,1a,,Comet_vs_PerGene
NS5A,HM349775,1a,,Comet_vs_PerGene
NS5A,HM349776,1a,,Comet_vs_PerGene
NS5A,HM349777,1a,,Comet_vs_PerGene
NS5A,HM349778,1a,,Comet_vs_PerGene
NS5A,HM349779,1a,,Comet_vs_PerGene
NS5A,HM349780,1a,,Comet_vs_PerGene
NS5A,HM349781,1a,,Comet_vs_PerGene
NS5A,HM349782,1a,,Comet_vs_PerGene
NS5A,HM349783,1a,,Comet_vs_PerGene
NS5A,HM349784,1a,,Comet_vs_PerGene
NS5A,HM349785,1a,,Comet_vs_PerGene
NS5A,HM349786,1a,,Comet_vs_PerGene
NS5A,HM349787,1a,,Comet_vs_PerGene
NS5A,HM349788,1a,,Comet_vs_PerGene
NS5A,HM349789,1a,,Comet_vs_PerGene
NS5A,HM349790,1a,,Comet_vs_PerGene
NS5A,HM349791,1a,,Comet_vs_PerGene
NS5A,HM349792,1a,,Comet_vs_PerGene
NS5A,HM349793,1a,,Comet_vs_PerGene
NS5A,HM349794,1a,,Comet_vs_PerGene
NS5A,HM349795,1a,,Comet_vs_PerGene
NS5A,HM349796,1a,,Comet_vs_PerGene
NS5A,HM349797,1a,,Comet_vs_PerGene
NS5A,HM349798,1a,,Comet_vs_PerGene
NS5A,HM349799,1a,,Comet_vs_PerGene
NS5A,HM349800,1a,,Comet_vs_PerGene
NS5A,HM349801,1a,,Comet_vs_PerGene
NS5A,HM349802,1a,,Comet_vs_PerGene
NS5A,HM349803,1a,,Comet_vs_PerGene
NS5A,HM349804,1a,,Comet_vs_PerGene
NS5A,HM349805,1a,,Comet_vs_PerGene
NS5A,HM349806,1a,,Comet_vs_PerGene
NS5A,HM349807,1a,,Comet_vs_PerGene
NS5A,HM349808,1a,,Comet_vs_PerGene
NS5A,HM349809,1a,,Comet_vs_PerGene
NS5A,HM349810,1a,,Comet_vs_PerGene
NS5A,HM349811,1a,,Comet_vs_PerGene
NS5A,HM349812,1a,,Comet_vs_PerGene
NS5A,HM349813,1a,,Comet_vs_PerGene
NS5A,HM349814,1a,,Comet_vs_PerGene
NS5A,HM349815,1a,,Comet_vs_PerGene
NS5A,HM349816,1a,,Comet_vs_PerGene
NS5A,HM349817,1a,,Comet_vs_PerGene
NS5A,HM349818,1a,,Comet_vs_PerGene
NS5A,HM349819,1a,,Comet_vs_PerGene
NS5A,HM349820,1a,,Comet_vs_PerGene
NS5A,HM349821,1a,,Comet_vs_PerGene
NS5A,HM349822,1a,,Comet_vs_PerGene
NS5A,HM349823,1a,,Comet_vs_PerGene
NS5A,HM349824,1a,,Comet_vs_PerGene
NS5A,HM349825,1a,,Comet_vs_PerGene
NS5A,HM349826,1a,,Comet_vs_PerGene
NS5A,HM349827,1a,,Comet_vs_PerGene
NS5A,HM349828,1a,,Comet_vs_PerGene
NS5A,HM349829,1a,,Comet_vs_PerGene
NS5A,HM349830,1a,,Comet_vs_PerGene
NS5A,HM349831,1a,,Comet_vs_PerGene
NS5A,HM349832,1a,,Comet_vs_PerGene
NS5A,HM349833,1a,,Comet_vs_PerGene
NS5A,HM349834,1a,,Comet_vs_PerGene
NS5A,HM349835,1a,,Comet_vs_PerGene
NS5A,HM349836,1a,,Comet_vs_PerGene
NS5A,HM349837,1a,,Comet_vs_PerGene
NS5A,HM349838,1a,,Comet_vs_PerGene
NS5A,HM349839,1a,,Comet_vs_PerGene
NS5A,HM349840,1a,,Comet_vs_PerGene
NS5A,HM349841,1a,,Comet_vs_PerGene
NS5A,HM349842,1a,,Comet_vs_PerGene
NS5A,HM349843,1a,,Comet_vs_PerGene
NS5A,HM349844,1a,,Comet_vs_PerGene
NS5A,HM349845,1a,,Comet_vs_PerGene
NS5A,HM349846,1a,,Comet_vs_PerGene
NS5A,HM349847,1a,,Comet_vs_PerGene
NS5A,HM349848,1a,,Comet_vs_PerGene
NS5A,HM349849,1a,,Comet_vs_PerGene
NS5A,HM349850,1a,,Comet_vs_PerGene
NS5A,HM349851,1a,,Comet_vs_PerGene
NS5A,HM349852,1a,,Comet_vs_PerGene
NS5A,HM349853,1a,,Comet_vs_PerGene
NS5A,HM349854,1a,,Comet_vs_PerGene
NS5A,HM349855,1a,,Comet_vs_PerGene
NS5A,HM349856,1a,,Comet_vs_PerGene
NS5A,HM349857,1a,,Comet_vs_PerGene
NS5A,HM349858,1a,,Comet_vs_PerGene
NS5A,HM349859,1a,,Comet_vs_PerGene
NS5A,HM349860,1a,,Comet_vs_PerGene
NS5A,HM349861,1a,,Comet_vs_PerGene
NS5A,HM349862,1a,,Comet_vs_PerGene
NS5A,HM349863,1a,,Comet_vs_PerGene
NS5A,HM349864,1a,,Comet_vs_PerGene
NS5A,HM349865,1a,,Comet_vs_PerGene
NS5A,HM349866,1a,,Comet_vs_PerGene
NS5A,HM349867,1a,,Comet_vs_PerGene
NS5A,HM349868,1a,,Comet_vs_PerGene
NS5A,HM349869,1a,,Comet_vs_PerGene
NS5A,HM349870,1a,,Comet_vs_PerGene
NS5A,HM349871,1a,,Comet_vs_PerGene
NS5A,HM349872,1a,,Comet_vs_PerGene
NS5A,HM349873,1a,,Comet_vs_PerGene
NS5A,HM349874,1a,,Comet_vs_PerGene
NS5A,HM349875,1a,,Comet_vs_PerGene
NS5A,HM349876,1a,,Comet_vs_PerGene
NS5A,HM349877,1a,,Comet_vs_PerGene
NS5A,HM349878,1a,,Comet_vs_PerGene
NS5A,HM349879,1a,,Comet_vs_PerGene
NS5A,HM349880,1a,,Comet_vs_PerGene
NS5A,HM349881,1a,,Comet_vs_PerGene
NS5A,HM349882,1a,,Comet_vs_PerGene
NS5A,HM349883,1a,,Comet_vs_PerGene
NS5A,HM349884,1a,,Comet_vs_PerGene
NS5A,HM349885,1a,,Comet_vs_PerGene
NS5A,HM349886,1a,,Comet_vs_PerGene
NS5A,HM349887,1a,,Comet_vs_PerGene
NS5A,HM349888,1a,,Comet_vs_PerGene
NS5A,HM349889,1a,,Comet_vs_PerGene
NS5A,HM349890,1a,,Comet_vs_PerGene
NS5A,HM349891,1a,,Comet_vs_PerGene
NS5A,HM349892,1a,,Comet_vs_PerGene
NS5A,HM349893,1a,,Comet_vs_PerGene
NS5A,HM349894,1a,,Comet_vs_PerGene
NS5A,HM349895,1a,,Comet_vs_PerGene
NS5A,HM349896,1a,,Comet_vs_PerGene
NS5A,HM349897,1a,,Comet_vs_PerGene
NS5A,HM349898,1a,,Comet_vs_PerGene
NS5A,HM349899,1a,,Comet_vs_PerGene
NS5A,HM349900,1a,,Comet_vs_PerGene
NS5A,HM349901,1a,,Comet_vs_PerGene
NS5A,HM349902,1a,,Comet_vs_PerGene
NS5A,HM349903,1a,,Comet_vs_PerGene
NS5A,HM349904,1a,,Comet_vs_PerGene
NS5A,HM349905,1a,,Comet_vs_PerGene
NS5A,HM349906,1a,,Comet_vs_PerGene
NS5A,HM349907,1a,,Comet_vs_PerGene
NS5A,HM349908,1a,,Comet_vs_PerGene
NS5A,HM349909,1a,,Comet_vs_PerGene
NS5A,HM349910,1a,,Comet_vs_PerGene
NS5A,HM349911,1a,,Comet_vs_PerGene
NS5A,HM349912,1a,,Comet_vs_PerGene
NS5A,HM349913,1a,,Comet_vs_PerGene
NS5A,HM349914,1a,,Comet_vs_PerGene
NS5A,HM349915,1a,,Comet_vs_PerGene
NS5A,HM349916,1a,,Comet_vs_PerGene
NS5A,HM349917,1a,,Comet_vs_PerGene
NS5A,HM349918,1a,,Comet_vs_PerGene
NS5A,HM349919,1a,,Comet_vs_PerGene
NS5A,HM349920,1a,,Comet_vs_PerGene
NS5A,HM349921,1a,,Comet_vs_PerGene
NS5A,HM349922,1a,,Comet_vs_PerGene
NS5A,HM349923,1a,,Comet_vs_PerGene
NS5A,HM349924,1a,,Comet_vs_PerGene
NS5A,HM349925,1a,,Comet_vs_PerGene
NS5A,HM349926,1a,,Comet_vs_PerGene
NS5A,HM349927,1a,,Comet_vs_PerGene
NS5A,HM349928,1a,,Comet_vs_PerGene
NS5A,HM349929,1a,,Comet_vs_PerGene
NS5A,HM349930,1a,,Comet_vs_PerGene
NS5A,HM349931,1a,,Comet_vs_PerGene
NS5A,HM349932,1a,,Comet_vs_PerGene
NS5A,HM349933,1a,,Comet_vs_PerGene
NS5A,HM349934,1a,,Comet_vs_PerGene
NS5A,HM349935,1a,,Comet_vs_PerGene
NS5A,HM349936,1a,,Comet_vs_PerGene
NS5A,HM349937,1a,,Comet_vs_PerGene
NS5A,HM349938,1a,,Comet_vs_PerGene
NS5A,HM349939,1a,,Comet_vs_PerGene
NS5A,HM349940,1a,,Comet_vs_PerGene
NS5A,HM349941,1a,,Comet_vs_PerGene
NS5A,HM349942,1a,,Comet_vs_PerGene
NS5A,HM349943,1a,,Comet_vs_PerGene
NS5A,HM349944,1a,,Comet_vs_PerGene
NS5A,HM349945,1a,,Comet_vs_PerGene
NS5A,HM349946,1a,,Comet_vs_PerGene
NS5A,HM349947,1a,,Comet_vs_PerGene
NS5A,HM349948,1a,,Comet_vs_PerGene
NS5A,HM349949,1a,,Comet_vs_PerGene
NS5A,HM349950,1a,,Comet_vs_PerGene
NS5A,HM349951,1a,,Comet_vs_PerGene
NS5A,HM349952,1a,,Comet_vs_PerGene
NS5A,HM349953,1a,,Comet_vs_PerGene
NS5A,HM349954,1a,,Comet_vs_PerGene
NS5A,HM349955,1a,,Comet_vs_PerGene
NS5A,HM349956,1a,,Comet_vs_PerGene
NS5A,HM349957,1a,,Comet_vs_PerGene
NS5A,HM349958,1a,,Comet_vs_PerGene
NS5A,HM349959,1a,,Comet_vs_PerGene
NS5A,HM349960,1a,,Comet_vs_PerGene
NS5A,HM349961,1a,,Comet_vs_PerGene
NS5A,HM349962,1a,,Comet_vs_PerGene
NS5A,HM349963,1a,,Comet_vs_PerGene
NS5A,HM349964,1a,,Comet_vs_PerGene
NS5A,HM349965,1a,,Comet_vs_PerGene
NS5A,HM349966,1a,,Comet_vs_PerGene
NS5A,HM349967,1a,,Comet_vs_PerGene
NS5A,HM349968,1a,,Comet_vs_PerGene
NS5A,HM349969,1a,,Comet_vs_PerGene
NS5A,HM349970,1a,,Comet_vs_PerGene
NS5A,HM349971,1a,,Comet_vs_PerGene
NS5A,HM349972,1a,,Comet_vs_PerGene
NS5A,HM349973,1a,,Comet_vs_PerGene
NS5A,HM349974,1a,,Comet_vs_PerGene
NS5A,HM349975,1a,,Comet_vs_PerGene
NS5A,HM349976,1a,,Comet_vs_PerGene
NS5A,HM349977,1a,,Comet_vs_PerGene
NS5A,HM349978,1a,,Comet_vs_PerGene
NS5A,HM349979,1a,,Comet_vs_PerGene
NS5A,HM349980,1a,,Comet_vs_PerGene
NS5A,HM349981,1a,,Comet_vs_PerGene
NS5A,HM349982,1a,,Comet_vs_PerGene
NS5A,HM349983,1a,,Comet_vs_PerGene
NS5A,HM349984,1a,,Comet_vs_PerGene
NS5A,HM349985,1a,,Comet_vs_PerGene
NS5A,HM349986,1a,,Comet_vs_PerGene
NS5A,HM349987,1a,,Comet_vs_PerGene
NS5A,HM349988,1a,,Comet_vs_PerGene
NS5A,HM349989,1a,,Comet_vs_PerGene
NS5A,HM349990,1a,,Comet_vs_PerGene
NS5A,HM349991,1a,,Comet_vs_PerGene
NS5A,HM349992,1a,,Comet_vs_PerGene
NS5A,HM349993,1a,,Comet_vs_PerGene
NS5A,HM349994,1a,,Comet_vs_PerGene
NS5A,HM349995,1a,,Comet_vs_PerGene
NS5A,HM349996,1a,,Comet_vs_PerGene
NS5A,HM349997,1a,,Comet_vs_PerGene
NS5A,HM349998,1a,,Comet_vs_PerGene
NS5A,HM349999,1a,,Comet_vs_PerGene
NS5A,HM350000,1a,,Comet_vs_PerGene
NS5A,HM350001,1a,,Comet_vs_PerGene
NS5A,HM350002,1a,,Comet_vs_PerGene
NS5A,HM350003,1a,,Comet_vs_PerGene
NS5A,HM350004,1a,,Comet_vs_PerGene
NS5A,HM350005,1a,,Comet_vs_PerGene
NS5A,HM350006,1a,,Comet_vs_PerGene
NS5A,HM350007,1a,,Comet_vs_PerGene
NS5A,HM350008,1a,,Comet_vs_PerGene
NS5A,HM350009,1a,,Comet_vs_PerGene
NS5A,HM350010,1a,,Comet_vs_PerGene
NS5A,HM350011,1a,,Comet_vs_PerGene
NS5A,HM350012,1a,,Comet_vs_PerGene
NS5A,HM350013,1a,,Comet_vs_PerGene
NS5A,HM350014,1a,,Comet_vs_PerGene
NS5A,HM350015,1a,,Comet_vs_PerGene
NS5A,HM350016,1a,,Comet_vs_PerGene
NS5A,HM350017,1a,,Comet_vs_PerGene
NS5A,HM350018,1a,,Comet_vs_PerGene
NS5A,HM350019,1a,,Comet_vs_PerGene
NS5A,HM350020,1a,,Comet_vs_PerGene
NS5A,HM350021,1a,,Comet_vs_PerGene
NS5A,HM350022,1a,,Comet_vs_PerGene
NS5A,HM350023,1a,,Comet_vs_PerGene
NS5A,HM350024,1a,,Comet_vs_PerGene
NS5A,HM350025,1a,,Comet_vs_PerGene
NS5A,HM350026,1a,,Comet_vs_PerGene
NS5A,HM350027,1a,,Comet_vs_PerGene
NS5A,HM350028,1a,,Comet_vs_PerGene
NS5A,HM350029,1a,,Comet_vs_PerGene
NS5A,HM350030,1a,,Comet_vs_PerGene
NS5A,HM350031,1a,,Comet_vs_PerGene
NS5A,HM350032,1a,,Comet_vs_PerGene
NS5A,HM350033,1a,,Comet_vs_PerGene
NS5A,HM350034,1a,,Comet_vs_PerGene
NS5A,HM350035,1a,,Comet_vs_PerGene
NS5A,HM350036,1a,,Comet_vs_PerGene
NS5A,HM350037,1a,,Comet_vs_PerGene
NS5A,HM350038,1a,,Comet_vs_PerGene
NS5A,HM350039,1a,,Comet_vs_PerGene
NS5A,HM350040,1a,,Comet_vs_PerGene
NS5A,HM350041,1a,,Comet_vs_PerGene
NS5A,HM350042,1a,,Comet_vs_PerGene
NS5A,HM350043,1a,,Comet_vs_PerGene
NS5A,HM350044,1a,,Comet_vs_PerGene
NS5A,HM350045,1a,,Comet_vs_PerGene
NS5A,HM350046,1a,,Comet_vs_PerGene
NS5A,HM350047,1a,,Comet_vs_PerGene
NS5A,HM350048,1a,,Comet_vs_PerGene
NS5A,HM350049,1a,,Comet_vs_PerGene
NS5A,HM350050,1a,,Comet_vs_PerGene
NS5A,HM350051,1a,,Comet_vs_PerGene
NS5A,HM350052,1a,,Comet_vs_PerGene
NS5A,HM350053,1a,,Comet_vs_PerGene
NS5A,HM350054,1a,,Comet_vs_PerGene
NS5A,HM350055,1a,,Comet_vs_PerGene
NS5A,HM350056,1a,,Comet_vs_PerGene
NS5A,HM350057,1a,,Comet_vs_PerGene
NS5A,HM350058,1a,,Comet_vs_PerGene
NS5A,HM350059,1a,,Comet_vs_PerGene
NS5A,HM350060,1a,,Comet_vs_PerGene
NS5A,HM350061,1a,,Comet_vs_PerGene
NS5A,HM350062,1a,,Comet_vs_PerGene
NS5A,HM350063,1a,,Comet_vs_PerGene
NS5A,HM350064,1a,,Comet_vs_PerGene
NS5A,HM350065,1a,,Comet_vs_PerGene
NS5A,HM350066,1a,,Comet_vs_PerGene
NS5A,HM350067,1a,,Comet_vs_PerGene
NS5A,HM350068,1a,,Comet_vs_PerGene
NS5A,HM350069,1a,,Comet_vs_PerGene
NS5A,HM350070,1a,,Comet_vs_PerGene
NS5A,HM350071,1a,,Comet_vs_PerGene
NS5A,HM350072,1a,,Comet_vs_PerGene
NS5A,HM350073,1a,,Comet_vs_PerGene
NS5A,HM350074,1a,,Comet_vs_PerGene
NS5A,HM350075,1a,,Comet_vs_PerGene
NS5A,HM350076,1a,,Comet_vs_PerGene
NS5A,HM350077,1a,,Comet_vs_PerGene
NS5A,HM350078,1a,,Comet_vs_PerGene
NS5A,HM350079,1a,,Comet_vs_PerGene
NS5A,HM350080,1a,,Comet_vs_PerGene
NS5A,HM350081,1a,,Comet_vs_PerGene
NS5A,HM350082,1a,,Comet_vs_PerGene
NS5A,HM350083,1a,,Comet_vs_PerGene
NS5A,HM350084,1a,,Comet_vs_PerGene
NS5A,HM350085,1a,,Comet_vs_PerGene
NS5A,HM350086,1a,,Comet_vs_PerGene
NS5A,HM350087,1a,,Comet_vs_PerGene
NS5A,HM350088,1a,,Comet_vs_PerGene
NS5A,HM350089,1a,,Comet_vs_PerGene
NS5A,HM350090,1a,,Comet_vs_PerGene
NS5A,HM350091,1a,,Comet_vs_PerGene
NS5A,HM350092,1a,,Comet_vs_PerGene
NS5A,HM350093,1a,,Comet_vs_PerGene
NS5A,HM350094,1a,,Comet_vs_PerGene
NS5A,HM350095,1a,,Comet_vs_PerGene
NS5A,HM350096,1a,,Comet_vs_PerGene
NS5A,HM350097,1a,,Comet_vs_PerGene
NS5A,HM350098,1a,,Comet_vs_PerGene
NS5A,HM350099,1a,,Comet_vs_PerGene
NS5A,HM350100,1a,,Comet_vs_PerGene
NS5A,HM350101,1a,,Comet_vs_PerGene
NS5A,HM350102,1a,,Comet_vs_PerGene
NS5A,HM350103,1a,,Comet_vs_PerGene
NS5A,HM350104,1a,,Comet_vs_PerGene
NS5A,HM350105,1a,,Comet_vs_PerGene
NS5A,HM350106,1a,,Comet_vs_PerGene
NS5A,HM350107,1a,,Comet_vs_PerGene
NS5A,HM350108,1a,,Comet_vs_PerGene
NS5A,HM350109,1a,,Comet_vs_PerGene
NS5A,HM350110,1a,,Comet_vs_PerGene
NS5A,HM350111,1a,,Comet_vs_PerGene
NS5A,HM350112,1a,,Comet_vs_PerGene
NS5A,HM350113,1a,,Comet_vs_PerGene
NS5A,HM350114,1a,,Comet_vs_PerGene
NS5A,HM350115,1a,,Comet_vs_PerGene
NS5A,HM350116,1a,,Comet_vs_PerGene
NS5A,HM350117,1a,,Comet_vs_PerGene
NS5A,HM350118,1a,,Comet_vs_PerGene
NS5A,HM350119,1a,,Comet_vs_PerGene
NS5A,HM350120,1a,,Comet_vs_PerGene
NS5A,HM350121,1a,,Comet_vs_PerGene
NS5A,HM350122,1a,,Comet_vs_PerGene
NS5A,HM350123,1a,,Comet_vs_PerGene
NS5A,HM350124,1a,,Comet_vs_PerGene
NS5A,HM350125,1a,,Comet_vs_PerGene
NS5A,HM350126,1a,,Comet_vs_PerGene
NS5A,HM350127,1a,,Comet_vs_PerGene
NS5A,HM350128,1a,,Comet_vs_PerGene
NS5A,HM350129,1a,,Comet_vs_PerGene
NS5A,HM350130,1a,,Comet_vs_PerGene
NS5A,HM350131,1a,,Comet_vs_PerGene
NS5A,HM350132,1a,,Comet_vs_PerGene
NS5A,HM350133,1a,,Comet_vs_PerGene
NS5A,HM350134,1a,,Comet_vs_PerGene
NS5A,HM350135,1a,,Comet_vs_PerGene
NS5A,HM350136,1a,,Comet_vs_PerGene
NS5A,HM350137,1a,,Comet_vs_PerGene
NS5A,HM350138,1a,,Comet_vs_PerGene
NS5A,HM350139,1a,,Comet_vs_PerGene
NS5A,HM350140,1a,,Comet_vs_PerGene
NS5A,HM350141,1a,,Comet_vs_PerGene
NS5A,HM350142,1a,,Comet_vs_PerGene
NS5A,HM350143,1a,,Comet_vs_PerGene
NS5A,HM350144,1a,,Comet_vs_PerGene
NS5A,HM350145,1a,,Comet_vs_PerGene
NS5A,HM350146,1a,,Comet_vs_PerGene
NS5A,HM350147,1a,,Comet_vs_PerGene
NS5A,HM350148,1a,,Comet_vs_PerGene
NS5A,HM350149,1a,,Comet_vs_PerGene
NS5A,HM350150,1a,,Comet_vs_PerGene
NS5A,HM350151,1a,,Comet_vs_PerGene
NS5A,HM350152,1a,,Comet_vs_PerGene
NS5A,HM350153,1a,,Comet_vs_PerGene
NS5A,HM350154,1a,,Comet_vs_PerGene
NS5A,HM350155,1a,,Comet_vs_PerGene
NS5A,HM350156,1a,,Comet_vs_PerGene
NS5A,HM350157,1a,,Comet_vs_PerGene
NS5A,HM350158,1a,,Comet_vs_PerGene
NS5A,HM350159,1a,,Comet_vs_PerGene
NS5A,HM350160,1a,,Comet_vs_PerGene
NS5A,HM350161,1a,,Comet_vs_PerGene
NS5A,HM350162,1a,,Comet_vs_PerGene
NS5A,HM350163,1a,,Comet_vs_PerGene
NS5A,HM350164,1a,,Comet_vs_PerGene
NS5A,HM350165,1a,,Comet_vs_PerGene
NS5A,HM350166,1a,,Comet_vs_PerGene
NS5A,HM350167,1a,,Comet_vs_PerGene
NS5A,HM350168,1a,,Comet_vs_PerGene
NS5A,HM350169,1a,,Comet_vs_PerGene
NS5A,HM350170,1a,,Comet_vs_PerGene
NS5A,HM350171,1a,,Comet_vs_PerGene
NS5A,HM350172,1a,,Comet_vs_PerGene
NS5A,HM350173,1a,,Comet_vs_PerGene
NS5A,HM350174,1a,,Comet_vs_PerGene
NS5A,HM350175,1a,,Comet_vs_PerGene
NS5A,HM350176,1a,,Comet_vs_PerGene
NS5A,HM350177,1a,,Comet_vs_PerGene
NS5A,HM350178,1a,,Comet_vs_PerGene
NS5A,HM350179,1a,,Comet_vs_PerGene
NS5A,HM350180,1a,,Comet_vs_PerGene
NS5A,HM350181,1a,,Comet_vs_PerGene
NS5A,HM350182,1a,,Comet_vs_PerGene
NS5A,HM350183,1a,,Comet_vs_PerGene
NS5A,HM350184,1a,,Comet_vs_PerGene
NS5A,HM350185,1a,,Comet_vs_PerGene
NS5A,HM350186,1a,,Comet_vs_PerGene
NS5A,HM350187,1a,,Comet_vs_PerGene
NS5A,HM350188,1a,,Comet_vs_PerGene
NS5A,HM350189,1a,,Comet_vs_PerGene
NS5A,HM350190,1a,,Comet_vs_PerGene
NS5A,HM350191,1a,,Comet_vs_PerGene
NS5A,HM350192,1a,,Comet_vs_PerGene
NS5A,HM350193,1a,,Comet_vs_PerGene
NS5A,HM350194,1a,,Comet_vs_PerGene
NS5A,HM350195,1a,,Comet_vs_PerGene
NS5A,HM350196,1a,,Comet_vs_PerGene
NS5A,HM350197,1a,,Comet_vs_PerGene
NS5A,HM350198,1a,,Comet_vs_PerGene
NS5A,HM350199,1a,,Comet_vs_PerGene
NS5A,HM350200,1a,,Comet_vs_PerGene
NS5A,HM350201,1a,,Comet_vs_PerGene
NS5A,HM350202,1a,,Comet_vs_PerGene
NS5A,HM350203,1a,,Comet_vs_PerGene
NS5A,HM350204,1a,,Comet_vs_PerGene
NS5A,HM350205,1a,,Comet_vs_PerGene
NS5A,HM350206,1a,,Comet_vs_PerGene
NS5A,HM350207,1a,,Comet_vs_PerGene
NS5A,HM350208,1a,,Comet_vs_PerGene
NS5A,HM350209,1a,,Comet_vs_PerGene
NS5A,HM350210,1a,,Comet_vs_PerGene
NS5A,HM350211,1a,,Comet_vs_PerGene
NS5A,HM350212,1a,,Comet_vs_PerGene
NS5A,HM350213,1a,,Comet_vs_PerGene
NS5A,HM350214,1a,,Comet_vs_PerGene
NS5A,HM350215,1a,,Comet_vs_PerGene
NS5A,HM350216,1a,,Comet_vs_PerGene
NS5A,HM350217,1a,,Comet_vs_PerGene
NS5A,HM350218,1a,,Comet_vs_PerGene
NS5A,HM350219,1a,,Comet_vs_PerGene
NS5A,HM350220,1a,,Comet_vs_PerGene
NS5A,HM350221,1a,,Comet_vs_PerGene
NS5A,HM350222,1a,,Comet_vs_PerGene
NS5A,HM350223,1a,,Comet_vs_PerGene
NS5A,HM350224,1a,,Comet_vs_PerGene
NS5A,HM350225,1a,,Comet_vs_PerGene
NS5A,HM350226,1a,,Comet_vs_PerGene
NS5A,HM350227,1a,,Comet_vs_PerGene
NS5A,HM350228,1a,,Comet_vs_PerGene
NS5A,HM350229,1a,,Comet_vs_PerGene
NS5A,HM350230,1a,,Comet_vs_PerGene
NS5A,HM350231,1a,,Comet_vs_PerGene
NS5A,HM350232,1a,,Comet_vs_PerGene
NS5A,HM350233,1a,,Comet_vs_PerGene
NS5A,HM350234,1a,,Comet_vs_PerGene
NS5A,HM350235,1a,,Comet_vs_PerGene
NS5A,HM350236,1a,,Comet_vs_PerGene
NS5A,HM350237,1a,,Comet_vs_PerGene
NS5A,HM350238,1a,,Comet_vs_PerGene
NS5A,HM350239,1a,,Comet_vs_PerGene
NS5A,HM350240,1a,,Comet_vs_PerGene
NS5A,HM350241,1a,,Comet_vs_PerGene
NS5A,HM350242,1a,,Comet_vs_PerGene
NS5A,HM350243,1a,,Comet_vs_PerGene
NS5A,HM350244,1a,,Comet_vs_PerGene
NS5A,HM350245,1a,,Comet_vs_PerGene
NS5A,HM350246,1a,,Comet_vs_PerGene
NS5A,HM350247,1a,,Comet_vs_PerGene
NS5A,HM350248,1a,,Comet_vs_PerGene
NS5A,HM350249,1a,,Comet_vs_PerGene
NS5A,HM350250,1a,,Comet_vs_PerGene
NS5A,HM350251,1a,,Comet_vs_PerGene
NS5A,HM350252,1a,,Comet_vs_PerGene
NS5A,HM350253,1a,,Comet_vs_PerGene
NS5A,HM350254,1a,,Comet_vs_PerGene
NS5A,HM350255,1a,,Comet_vs_PerGene
NS5A,HM350256,1a,,Comet_vs_PerGene
NS5A,HM350257,1a,,Comet_vs_PerGene
NS5A,HM350258,1a,,Comet_vs_PerGene
NS5A,HM350259,1a,,Comet_vs_PerGene
NS5A,HM350260,1a,,Comet_vs_PerGene
NS5A,HM350261,1a,,Comet_vs_PerGene
NS5A,HM350262,1a,,Comet_vs_PerGene
NS5A,HM350263,1a,,Comet_vs_PerGene
NS5A,HM350264,1a,,Comet_vs_PerGene
NS5A,HM350265,1a,,Comet_vs_PerGene
NS5A,HM350266,1a,,Comet_vs_PerGene
NS5A,HM350267,1a,,Comet_vs_PerGene
NS5A,HM350268,1a,,Comet_vs_PerGene
NS5A,HM350269,1a,,Comet_vs_PerGene
NS5A,HM350270,1a,,Comet_vs_PerGene
NS5A,HM350271,1a,,Comet_vs_PerGene
NS5A,HM350272,1a,,Comet_vs_PerGene
NS5A,HM350273,1a,,Comet_vs_PerGene
NS5A,HM350274,1a,,Comet_vs_PerGene
NS5A,HM350275,1a,,Comet_vs_PerGene
NS5A,HM350276,1a,,Comet_vs_PerGene
NS5A,HM350277,1a,,Comet_vs_PerGene
NS5A,HM350278,1a,,Comet_vs_PerGene
NS5A,HM350279,1a,,Comet_vs_PerGene
NS5A,HM350280,1a,,Comet_vs_PerGene
NS5A,HM350281,1a,,Comet_vs_PerGene
NS5A,HM350282,1a,,Comet_vs_PerGene
NS5A,HM350283,1a,,Comet_vs_PerGene
NS5A,HM350284,1a,,Comet_vs_PerGene
NS5A,HM350285,1a,,Comet_vs_PerGene
NS5A,HM350286,1a,,Comet_vs_PerGene
NS5A,HM350287,1a,,Comet_vs_PerGene
NS5A,HM350288,1a,,Comet_vs_PerGene
NS5A,HM350289,1a,,Comet_vs_PerGene
NS5A,HM350290,1a,,Comet_vs_PerGene
NS5A,HM350291,1a,,Comet_vs_PerGene
NS5A,HM350292,1a,,Comet_vs_PerGene
NS5A,HM350293,1a,,Comet_vs_PerGene
NS5A,HM350294,1a,,Comet_vs_PerGene
NS5A,HM350295,1a,,Comet_vs_PerGene
NS5A,HM350296,1a,,Comet_vs_PerGene
NS5A,HM350297,1a,,Comet_vs_PerGene
NS5A,HM350298,1a,,Comet_vs_PerGene
NS5A,HM350299,1a,,Comet_vs_PerGene
NS5A,HM350300,1a,,Comet_vs_PerGene
NS5A,HM350301,1a,,Comet_vs_PerGene
NS5A,HM350302,1a,,Comet_vs_PerGene
NS5A,HM350303,1a,,Comet_vs_PerGene
NS5A,HM350304,1a,,Comet_vs_PerGene
NS5A,HM350305,1a,,Comet_vs_PerGene
NS5A,HM350306,1a,,Comet_vs_PerGene
NS5A,HM350307,1a,,Comet_vs_PerGene
NS5A,HM350308,1a,,Comet_vs_PerGene
NS5A,HM350309,1a,,Comet_vs_PerGene
NS5A,HM350310,1a,,Comet_vs_PerGene
NS5A,HM350311,1a,,Comet_vs_PerGene
NS5A,HM350312,1a,,Comet_vs_PerGene
NS5A,HM350313,1a,,Comet_vs_PerGene
NS5A,HM350314,1a,,Comet_vs_PerGene
NS5A,HM350315,1a,,Comet_vs_PerGene
NS5A,HM350316,1a,,Comet_vs_PerGene
NS5A,HM350317,1a,,Comet_vs_PerGene
NS5A,HM350318,1a,,Comet_vs_PerGene
NS5A,HM350319,1a,,Comet_vs_PerGene
NS5A,HM350320,1a,,Comet_vs_PerGene
NS5A,HM350321,1a,,Comet_vs_PerGene
NS5A,HM350322,1a,,Comet_vs_PerGene
NS5A,HM350323,1a,,Comet_vs_PerGene
NS5A,HM350324,1a,,Comet_vs_PerGene
NS5A,HM350325,1a,,Comet_vs_PerGene
NS5A,HM350326,1a,,Comet_vs_PerGene
NS5A,HM350327,1a,,Comet_vs_PerGene
NS5A,HM350328,1a,,Comet_vs_PerGene
NS5A,HM350329,1a,,Comet_vs_PerGene
NS5A,HM350330,1a,,Comet_vs_PerGene
NS5A,HM350331,1a,,Comet_vs_PerGene
NS5A,HM350332,1a,,Comet_vs_PerGene
NS5A,HM350333,1a,,Comet_vs_PerGene
NS5A,HM350334,1a,,Comet_vs_PerGene
NS5A,HM350335,1a,,Comet_vs_PerGene
NS5A,HM350336,1a,,Comet_vs_PerGene
NS5A,HM350337,1a,,Comet_vs_PerGene
NS5A,HM350338,1a,,Comet_vs_PerGene
NS5A,HM350339,1a,,Comet_vs_PerGene
NS5A,HM350340,1a,,Comet_vs_PerGene
NS5A,HM350341,1a,,Comet_vs_PerGene
NS5A,HM350342,1a,,Comet_vs_PerGene
NS5A,HM350343,1a,,Comet_vs_PerGene
NS5A,HM350344,1a,,Comet_vs_PerGene
NS5A,HM350345,1a,,Comet_vs_PerGene
NS5A,HM350346,1a,,Comet_vs_PerGene
NS5A,HM350347,1a,,Comet_vs_PerGene
NS5A,HM350348,1a,,Comet_vs_PerGene
NS5A,HM350349,1a,,Comet_vs_PerGene
NS5A,HM350350,1a,,Comet_vs_PerGene
NS5A,HM350351,1a,,Comet_vs_PerGene
NS5A,HM350352,1a,,Comet_vs_PerGene
NS5A,HM350353,1a,,Comet_vs_PerGene
NS5A,HM350354,1a,,Comet_vs_PerGene
NS5A,HM350355,1a,,Comet_vs_PerGene
NS5A,HM350356,1a,,Comet_vs_PerGene
NS5A,HM350357,1a,,Comet_vs_PerGene
NS5A,HM350358,1a,,Comet_vs_PerGene
NS5A,HM350359,1a,,Comet_vs_PerGene
NS5A,HM350360,1a,,Comet_vs_PerGene
NS5A,HM350361,1a,,Comet_vs_PerGene
NS5A,HM350362,1a,,Comet_vs_PerGene
NS5A,HM350363,1a,,Comet_vs_PerGene
NS5A,HM350364,1a,,Comet_vs_PerGene
NS5A,HM350365,1a,,Comet_vs_PerGene
NS5A,HM350366,1a,,Comet_vs_PerGene
NS5A,HM350367,1a,,Comet_vs_PerGene
NS5A,HM350368,1a,,Comet_vs_PerGene
NS5A,HM350369,1a,,Comet_vs_PerGene
NS5A,HM350370,1a,,Comet_vs_PerGene
NS5A,HM350371,1a,,Comet_vs_PerGene
NS5A,HM350372,1a,,Comet_vs_PerGene
NS5A,HM350373,1a,,Comet_vs_PerGene
NS5A,HM350374,1a,,Comet_vs_PerGene
NS5A,HM350375,1a,,Comet_vs_PerGene
NS5A,HM350376,1a,,Comet_vs_PerGene
NS5A,HM350377,1a,,Comet_vs_PerGene
NS5A,HM350378,1a,,Comet_vs_PerGene
NS5A,HM350379,1a,,Comet_vs_PerGene
NS5A,HM350380,1a,,Comet_vs_PerGene
NS5A,HM350381,1a,,Comet_vs_PerGene
NS5A,HM350382,1a,,Comet_vs_PerGene
NS5A,HM350383,1a,,Comet_vs_PerGene
NS5A,HM350384,1a,,Comet_vs_PerGene
NS5A,HM350385,1a,,Comet_vs_PerGene
NS5A,HM350386,1a,,Comet_vs_PerGene
NS5A,HM350387,1a,,Comet_vs_PerGene
NS5A,HM350388,1a,,Comet_vs_PerGene
NS5A,HM350389,1a,,Comet_vs_PerGene
NS5A,HM350390,1a,,Comet_vs_PerGene
NS5A,HM350391,1a,,Comet_vs_PerGene
NS5A,HM350392,1a,,Comet_vs_PerGene
NS5A,HM350393,1a,,Comet_vs_PerGene
NS5A,HM350394,1a,,Comet_vs_PerGene
NS5A,HM350395,1a,,Comet_vs_PerGene
NS5A,HM350396,1a,,Comet_vs_PerGene
NS5A,HM350397,1a,,Comet_vs_PerGene
NS5A,HM350398,1a,,Comet_vs_PerGene
NS5A,HM350399,1a,,Comet_vs_PerGene
NS5A,HM350400,1a,,Comet_vs_PerGene
NS5A,HM350401,1a,,Comet_vs_PerGene
NS5A,HM350402,1a,,Comet_vs_PerGene
NS5A,HM350403,1a,,Comet_vs_PerGene
NS5A,HM350404,1a,,Comet_vs_PerGene
NS5A,HM350405,1a,,Comet_vs_PerGene
NS5A,HM350406,1a,,Comet_vs_PerGene
NS5A,HM350407,1a,,Comet_vs_PerGene
NS5A,HM350408,1a,,Comet_vs_PerGene
NS5A,HM350409,1a,,Comet_vs_PerGene
NS5A,HM350410,1a,,Comet_vs_PerGene
NS5A,HM350411,1a,,Comet_vs_PerGene
NS5A,HM350412,1a,,Comet_vs_PerGene
NS5A,HM350413,1a,,Comet_vs_PerGene
NS5A,HM350414,1a,,Comet_vs_PerGene
NS5A,HM350415,1a,,Comet_vs_PerGene
NS5A,HM350416,1a,,Comet_vs_PerGene
NS5A,HM350417,1a,,Comet_vs_PerGene
NS5A,HM350418,1a,,Comet_vs_PerGene
NS5A,HM350419,1a,,Comet_vs_PerGene
NS5A,HM350420,1a,,Comet_vs_PerGene
NS5A,HM350421,1a,,Comet_vs_PerGene
NS5A,HM350422,1a,,Comet_vs_PerGene
NS5A,HM350423,1a,,Comet_vs_PerGene
NS5A,HM350424,1a,,Comet_vs_PerGene
NS5A,HM350425,1a,,Comet_vs_PerGene
NS5A,HM350426,1a,,Comet_vs_PerGene
NS5A,HM350427,1a,,Comet_vs_PerGene
NS5A,HM350428,1a,,Comet_vs_PerGene
NS5A,HM350429,1a,,Comet_vs_PerGene
NS5A,HM350430,1a,,Comet_vs_PerGene
NS5A,HM350431,1a,,Comet_vs_PerGene
NS5A,HM350432,1a,,Comet_vs_PerGene
NS5A,HM350433,1a,,Comet_vs_PerGene
NS5A,HM350434,1a,,Comet_vs_PerGene
NS5A,HM350435,1a,,Comet_vs_PerGene
NS5A,HM350436,1a,,Comet_vs_PerGene
NS5A,HM350437,1a,,Comet_vs_PerGene
NS5A,HM350438,1a,,Comet_vs_PerGene
NS5A,HM350439,1a,,Comet_vs_PerGene
NS5A,HM350440,1a,,Comet_vs_PerGene
NS5A,HM350441,1a,,Comet_vs_PerGene
NS5A,HM350442,1a,,Comet_vs_PerGene
NS5A,HM350443,1a,,Comet_vs_PerGene
NS5A,HM350444,1a,,Comet_vs_PerGene
NS5A,HM350445,1a,,Comet_vs_PerGene
NS5A,HM350446,1a,,Comet_vs_PerGene
NS5A,HM350447,1a,,Comet_vs_PerGene
NS5A,HM350448,1a,,Comet_vs_PerGene
NS5A,HM350449,1a,,Comet_vs_PerGene
NS5A,HM350450,1a,,Comet_vs_PerGene
NS5A,HM350451,1a,,Comet_vs_PerGene
NS5A,HM350452,1a,,Comet_vs_PerGene
NS5A,HM350453,1a,,Comet_vs_PerGene
NS5A,HM350454,1a,,Comet_vs_PerGene
NS5A,HM350455,1a,,Comet_vs_PerGene
NS5A,HM350456,1a,,Comet_vs_PerGene
NS5A,HM350457,1a,,Comet_vs_PerGene
NS5A,HM350458,1a,,Comet_vs_PerGene
NS5A,HM350459,1a,,Comet_vs_PerGene
NS5A,HM350460,1a,,Comet_vs_PerGene
NS5A,HM350461,1a,,Comet_vs_PerGene
NS5A,HM350462,1a,,Comet_vs_PerGene
NS5A,HM350463,1a,,Comet_vs_PerGene
NS5A,HM350464,1a,,Comet_vs_PerGene
NS5A,HM350465,1a,,Comet_vs_PerGene
NS5A,HM350466,1a,,Comet_vs_PerGene
NS5A,HM350467,1a,,Comet_vs_PerGene
NS5A,HM350468,1a,,Comet_vs_PerGene
NS5A,HM350469,1a,,Comet_vs_PerGene
NS5A,HM350470,1a,,Comet_vs_PerGene
NS5A,HM350471,1a,,Comet_vs_PerGene
NS5A,HM350472,1a,,Comet_vs_PerGene
NS5A,HM350473,1a,,Comet_vs_PerGene
NS5A,HM350474,1a,,Comet_vs_PerGene
NS5A,HM350475,1a,,Comet_vs_PerGene
NS5A,HM350476,1a,,Comet_vs_PerGene
NS5A,HM350477,1a,,Comet_vs_PerGene
NS5A,HM350478,1a,,Comet_vs_PerGene
NS5A,HM350479,1a,,Comet_vs_PerGene
NS5A,HM350480,1a,,Comet_vs_PerGene
NS5A,HM350481,1a,,Comet_vs_PerGene
NS5A,HM350482,1a,,Comet_vs_PerGene
NS5A,HM350483,1a,,Comet_vs_PerGene
NS5A,HM350484,1a,,Comet_vs_PerGene
NS5A,HM350485,1a,,Comet_vs_PerGene
NS5A,HM350486,1a,,Comet_vs_PerGene
NS5A,HM350487,1a,,Comet_vs_PerGene
NS5A,HM350488,1a,,Comet_vs_PerGene
NS5A,HM350489,1a,,Comet_vs_PerGene
NS5A,HM350490,1a,,Comet_vs_PerGene
NS5A,HM350491,1a,,Comet_vs_PerGene
NS5A,HM350492,1a,,Comet_vs_PerGene
NS5A,HM350493,1a,,Comet_vs_PerGene
NS5A,HM350494,1a,,Comet_vs_PerGene
NS5A,HM350495,1a,,Comet_vs_PerGene
NS5A,HM350496,1a,,Comet_vs_PerGene
NS5A,HM350497,1a,,Comet_vs_PerGene
NS5A,HM350498,1a,,Comet_vs_PerGene
NS5A,HM350499,1a,,Comet_vs_PerGene
NS5A,HM350500,1a,,Comet_vs_PerGene
NS5A,HM350501,1a,,Comet_vs_PerGene
NS5A,HM350502,1a,,Comet_vs_PerGene
NS5A,HM350503,1a,,Comet_vs_PerGene
NS5A,HM350504,1a,,Comet_vs_PerGene
NS5A,HM350505,1a,,Comet_vs_PerGene
NS5A,HM350506,1a,,Comet_vs_PerGene
NS5A,HM350507,1a,,Comet_vs_PerGene
NS5A,HM350508,1a,,Comet_vs_PerGene
NS5A,HM350509,1a,,Comet_vs_PerGene
NS5A,HM350510,1a,,Comet_vs_PerGene
NS5A,HM350511,1a,,Comet_vs_PerGene
NS5A,HM350512,1a,,Comet_vs_PerGene
NS5A,HM350513,1a,,Comet_vs_PerGene
NS5A,HM350514,1a,,Comet_vs_PerGene
NS5A,HM350515,1a,,Comet_vs_PerGene
NS5A,HM350516,1a,,Comet_vs_PerGene
NS5A,HM350517,1a,,Comet_vs_PerGene
NS5A,HM350518,1a,,Comet_vs_PerGene
NS5A,HM350519,1a,,Comet_vs_PerGene
NS5A,HM350520,1a,,Comet_vs_PerGene
NS5A,HM350521,1a,,Comet_vs_PerGene
NS5A,HM350522,1a,,Comet_vs_PerGene
NS5A,HM350523,1a,,Comet_vs_PerGene
NS5A,HM350524,1a,,Comet_vs_PerGene
NS5A,HM350525,1a,,Comet_vs_PerGene
NS5A,HM350526,1a,,Comet_vs_PerGene
NS5A,HM350527,1a,,Comet_vs_PerGene
NS5A,HM350528,1a,,Comet_vs_PerGene
NS5A,HM350529,1a,,Comet_vs_PerGene
NS5A,HM350530,1a,,Comet_vs_PerGene
NS5A,HM350531,1a,,Comet_vs_PerGene
NS5A,HM350532,1a,,Comet_vs_PerGene
NS5A,HM350533,1a,,Comet_vs_PerGene
NS5A,HM350534,1a,,Comet_vs_PerGene
NS5A,HM350535,1a,,Comet_vs_PerGene
NS5A,HM350536,1a,,Comet_vs_PerGene
NS5A,HM350537,1a,,Comet_vs_PerGene
NS5A,HM350538,1a,,Comet_vs_PerGene
NS5A,HM350539,1a,,Comet_vs_PerGene
NS5A,HM350540,1a,,Comet_vs_PerGene
NS5A,HM350541,1a,,Comet_vs_PerGene
NS5A,HM350542,1a,,Comet_vs_PerGene
NS5A,HM350543,1a,,Comet_vs_PerGene
NS5A,HM350544,1a,,Comet_vs_PerGene
NS5A,HM350545,1a,,Comet_vs_PerGene
NS5A,HM350546,1a,,Comet_vs_PerGene
NS5A,HM350547,1a,,Comet_vs_PerGene
NS5A,HM350548,1a,,Comet_vs_PerGene
NS5A,HM350549,1a,,Comet_vs_PerGene
NS5A,HM350550,1a,,Comet_vs_PerGene
NS5A,HM350551,1a,,Comet_vs_PerGene
NS5A,HM350552,1a,,Comet_vs_PerGene
NS5A,HQ022864,1a,,Comet_vs_PerGene
NS5A,HQ022865,1b,,Comet_vs_PerGene
NS5A,HQ022866,1b,,Comet_vs_PerGene
NS5A,HQ022867,1a,,Comet_vs_PerGene
NS5A,HQ022868,1a,,Comet_vs_PerGene
NS5A,HQ022869,1b,,Comet_vs_PerGene
NS5A,HQ022870,1a,,Comet_vs_PerGene
NS5A,HQ022871,1a,,Comet_vs_PerGene
NS5A,HQ022872,1b,,Comet_vs_PerGene
NS5A,HQ022873,1a,,Comet_vs_PerGene
NS5A,HQ022874,1b,,Comet_vs_PerGene
NS5A,HQ022875,1a,,Comet_vs_PerGene
NS5A,HQ022876,1b,,Comet_vs_PerGene
NS5A,HQ022877,1a,,Comet_vs_PerGene
NS5A,HQ113630,1a,,Comet_vs_PerGene
NS5A,HQ537005,"unassigned_1, 1b-2j-2k",1b,Comet_vs_PerGene
NS5A,HQ537006,"unassigned_1, 1b-2j-2q-2k",1b,Comet_vs_PerGene
NS5A,HQ537007,1b,1l,Comet_vs_PerGene
NS5A,HQ729761,1b,,Comet_vs_PerGene
NS5A,HQ729762,1b,,Comet_vs_PerGene
NS5A,HQ729763,1b,,Comet_vs_PerGene
NS5A,HQ729764,1b,,Comet_vs_PerGene
NS5A,HQ729765,1b,,Comet_vs_PerGene
NS5A,HQ729766,1b,,Comet_vs_PerGene
NS5A,HQ729767,1b,,Comet_vs_PerGene
NS5A,HQ729768,1b,,Comet_vs_PerGene
NS5A,HQ729769,1b,,Comet_vs_PerGene
NS5A,HQ729770,1b,,Comet_vs_PerGene
NS5A,HQ729771,1b,,Comet_vs_PerGene
NS5A,HQ729772,1b,,Comet_vs_PerGene
NS5A,HQ729773,1b,,Comet_vs_PerGene
NS5A,JF735110,2j,2f,Comet_vs_PerGene
NS5A,JF735112,2a,2u,Comet_vs_PerGene
NS5A,JF735116,2j,2q,Comet_vs_PerGene
NS5A,JF735117,2j,2f,Comet_vs_PerGene
NS5A,JF735118,2k,2q,Comet_vs_PerGene
NS5A,JF735119,2a,2u,Comet_vs_PerGene
NS5A,JF735124,"unassigned_1, 3a-3g",3h,Comet_vs_PerGene
NS5A,JF735125,"unassigned_1, 3i-3h-6h-6b",3i,Comet_vs_PerGene
NS5A,JF735127,4k,4b,Comet_vs_PerGene
NS5A,JF735128,"unassigned_1, 4v-4m-4p-4t-4a-3g-2b-1a-3h",4v,Comet_vs_PerGene
NS5A,JF735129,"unassigned_1, 4v-4k",4v,Comet_vs_PerGene
NS5A,JF735130,"unassigned_1, 4v-4o",4q,Comet_vs_PerGene
NS5A,JF735131,"unassigned_1, 4v-4g",4v,Comet_vs_PerGene
NS5A,JF735132,4v,4q,Comet_vs_PerGene
NS5A,JF735134,4k,4b,Comet_vs_PerGene
NS5A,JF735135,4a,4c,Comet_vs_PerGene
NS5A,JF735136,"unassigned_1, 4v-4g",4s,Comet_vs_PerGene
NS5A,JF735138,4k,4b,Comet_vs_PerGene
NS5A,JF749227,1a,,Comet_vs_PerGene
NS5A,JF749228,1a,,Comet_vs_PerGene
NS5A,JF749229,1a,,Comet_vs_PerGene
NS5A,JF749230,1a,,Comet_vs_PerGene
NS5A,JF749231,1a,,Comet_vs_PerGene
NS5A,JF749232,1a,,Comet_vs_PerGene
NS5A,JF749233,1a,,Comet_vs_PerGene
NS5A,JF749234,1a,,Comet_vs_PerGene
NS5A,JF749235,1a,,Comet_vs_PerGene
NS5A,JF749236,1a,,Comet_vs_PerGene
NS5A,JF749237,1a,,Comet_vs_PerGene
NS5A,JF749238,1a,,Comet_vs_PerGene
NS5A,JF749239,1a,,Comet_vs_PerGene
NS5A,JF749240,1a,,Comet_vs_PerGene
NS5A,JF749241,1a,,Comet_vs_PerGene
NS5A,JF749242,1a,,Comet_vs_PerGene
NS5A,JF749243,1a,,Comet_vs_PerGene
NS5A,JF749244,1a,,Comet_vs_PerGene
NS5A,JF749245,1a,,Comet_vs_PerGene
NS5A,JF749246,1a,,Comet_vs_PerGene
NS5A,JF749247,1a,,Comet_vs_PerGene
NS5A,JF749248,1a,,Comet_vs_PerGene
NS5A,JF749249,1a,,Comet_vs_PerGene
NS5A,JF749250,1a,,Comet_vs_PerGene
NS5A,JF749251,1a,,Comet_vs_PerGene
NS5A,JF779679,"unassigned_1, 1a-2b",1a,Comet_vs_PerGene
NS5A,JN377747,1b,,Comet_vs_PerGene
NS5A,JN377748,1b,,Comet_vs_PerGene
NS5A,JN377749,1b,,Comet_vs_PerGene
NS5A,JN377750,1b,,Comet_vs_PerGene
NS5A,JN377751,1b,,Comet_vs_PerGene
NS5A,JN377752,1b,,Comet_vs_PerGene
NS5A,JN377753,1b,,Comet_vs_PerGene
NS5A,JN377754,1b,,Comet_vs_PerGene
NS5A,JN377755,1b,,Comet_vs_PerGene
NS5A,JN377756,1b,,Comet_vs_PerGene
NS5A,JN377757,1b,,Comet_vs_PerGene
NS5A,JN377759,1b,,Comet_vs_PerGene
NS5A,JN377760,1b,,Comet_vs_PerGene
NS5A,JN377761,1b,,Comet_vs_PerGene
NS5A,JN377762,1b,,Comet_vs_PerGene
NS5A,JN377763,1b,,Comet_vs_PerGene
NS5A,JN377764,1b,,Comet_vs_PerGene
NS5A,JN377765,1b,,Comet_vs_PerGene
NS5A,JN377766,1b,,Comet_vs_PerGene
NS5A,JN377767,1b,,Comet_vs_PerGene
NS5A,JN377768,1b,,Comet_vs_PerGene
NS5A,JN377769,1b,,Comet_vs_PerGene
NS5A,JN377770,1b,,Comet_vs_PerGene
NS5A,JN377771,1b,,Comet_vs_PerGene
NS5A,JN377772,1b,,Comet_vs_PerGene
NS5A,JN377773,1b,,Comet_vs_PerGene
NS5A,JN377774,1b,,Comet_vs_PerGene
NS5A,JN377775,1b,,Comet_vs_PerGene
NS5A,JN377776,1b,,Comet_vs_PerGene
NS5A,JN377777,1b,,Comet_vs_PerGene
NS5A,JN377779,1b,,Comet_vs_PerGene
NS5A,JN377780,1b,,Comet_vs_PerGene
NS5A,JN377781,1b,,Comet_vs_PerGene
NS5A,JQ061347,1a,,Comet_vs_PerGene
NS5A,JQ061348,1a,,Comet_vs_PerGene
NS5A,JQ061349,1a,,Comet_vs_PerGene
NS5A,JQ061350,1a,,Comet_vs_PerGene
NS5A,JQ061351,1a,,Comet_vs_PerGene
NS5A,JQ061352,1a,,Comet_vs_PerGene
NS5A,JQ061353,1a,,Comet_vs_PerGene
NS5A,JQ061354,1a,,Comet_vs_PerGene
NS5A,JQ061386,1a,,Comet_vs_PerGene
NS5A,JQ061387,1a,,Comet_vs_PerGene
NS5A,JQ061388,1a,,Comet_vs_PerGene
NS5A,JQ061389,1a,,Comet_vs_PerGene
NS5A,JQ061390,1a,,Comet_vs_PerGene
NS5A,JQ061391,1a,,Comet_vs_PerGene
NS5A,JQ061392,1a,,Comet_vs_PerGene
NS5A,JQ061460,2b,,Comet_vs_PerGene
NS5A,JQ061461,2b,,Comet_vs_PerGene
NS5A,JQ061462,2b,,Comet_vs_PerGene
NS5A,JQ061463,2b,,Comet_vs_PerGene
NS5A,JQ061464,2b,,Comet_vs_PerGene
NS5A,JQ061465,2b,,Comet_vs_PerGene
NS5A,JQ061466,2b,,Comet_vs_PerGene
NS5A,JQ061467,2b,,Comet_vs_PerGene
NS5A,JQ061496,2b,,Comet_vs_PerGene
NS5A,JQ061497,2b,,Comet_vs_PerGene
NS5A,JQ061498,2b,,Comet_vs_PerGene
NS5A,JQ061499,2b,,Comet_vs_PerGene
NS5A,JQ061500,2b,,Comet_vs_PerGene
NS5A,JQ061501,2b,,Comet_vs_PerGene
NS5A,JQ061502,2b,,Comet_vs_PerGene
NS5A,JQ061503,2b,,Comet_vs_PerGene
NS5A,JQ061568,2b,,Comet_vs_PerGene
NS5A,JQ061569,2b,,Comet_vs_PerGene
NS5A,JQ061570,2b,,Comet_vs_PerGene
NS5A,JQ061571,2b,,Comet_vs_PerGene
NS5A,JQ061572,2b,,Comet_vs_PerGene
NS5A,JQ061573,2b,,Comet_vs_PerGene
NS5A,JQ061574,2b,,Comet_vs_PerGene
NS5A,JQ061575,2b,,Comet_vs_PerGene
NS5A,JQ061576,2b,,Comet_vs_PerGene
NS5A,JQ061577,2b,,Comet_vs_PerGene
NS5A,JQ061598,2b,,Comet_vs_PerGene
NS5A,JQ061599,2b,,Comet_vs_PerGene
NS5A,JQ061600,2b,,Comet_vs_PerGene
NS5A,JQ061601,2b,,Comet_vs_PerGene
NS5A,JQ061602,2b,,Comet_vs_PerGene
NS5A,JQ061603,2b,,Comet_vs_PerGene
NS5A,JQ061604,2b,,Comet_vs_PerGene
NS5A,JQ061605,2b,,Comet_vs_PerGene
NS5A,JQ061606,2b,,Comet_vs_PerGene
NS5A,JQ061607,2b,,Comet_vs_PerGene
NS5A,JQ061676,2b,,Comet_vs_PerGene
NS5A,JQ061677,2b,,Comet_vs_PerGene
NS5A,JQ061678,2b,,Comet_vs_PerGene
NS5A,JQ061679,2b,,Comet_vs_PerGene
NS5A,JQ061680,2b,,Comet_vs_PerGene
NS5A,JQ061681,2b,,Comet_vs_PerGene
NS5A,JQ061682,2b,,Comet_vs_PerGene
NS5A,JQ061683,2b,,Comet_vs_PerGene
NS5A,JQ061684,2b,,Comet_vs_PerGene
NS5A,JQ061685,2b,,Comet_vs_PerGene
NS5A,JQ061740,2b,,Comet_vs_PerGene
NS5A,JQ061741,2b,,Comet_vs_PerGene
NS5A,JQ061742,2b,,Comet_vs_PerGene
NS5A,JQ061743,2b,,Comet_vs_PerGene
NS5A,JQ061744,2b,,Comet_vs_PerGene
NS5A,JQ061745,2b,,Comet_vs_PerGene
NS5A,JQ061746,2b,,Comet_vs_PerGene
NS5A,JQ061747,2b,,Comet_vs_PerGene
NS5A,JQ061748,2b,,Comet_vs_PerGene
NS5A,JQ061749,2b,,Comet_vs_PerGene
NS5A,JQ061772,1a,,Comet_vs_PerGene
NS5A,JQ061773,1a,,Comet_vs_PerGene
NS5A,JQ061774,1a,,Comet_vs_PerGene
NS5A,JQ061775,1a,,Comet_vs_PerGene
NS5A,JQ061776,1a,,Comet_vs_PerGene
NS5A,JQ061777,1a,,Comet_vs_PerGene
NS5A,JQ061788,1a,,Comet_vs_PerGene
NS5A,JQ061789,1a,,Comet_vs_PerGene
NS5A,JQ061790,1a,,Comet_vs_PerGene
NS5A,JQ061791,1a,,Comet_vs_PerGene
NS5A,JQ061792,1a,,Comet_vs_PerGene
NS5A,JQ061793,1a,,Comet_vs_PerGene
NS5A,JQ061794,1a,,Comet_vs_PerGene
NS5A,JQ061795,1a,,Comet_vs_PerGene
NS5A,JQ061796,1a,,Comet_vs_PerGene
NS5A,JQ061910,1a,,Comet_vs_PerGene
NS5A,JQ061911,1a,,Comet_vs_PerGene
NS5A,JQ061912,1a,,Comet_vs_PerGene
NS5A,JQ061913,1a,,Comet_vs_PerGene
NS5A,JQ061914,1a,,Comet_vs_PerGene
NS5A,JQ061915,1a,,Comet_vs_PerGene
NS5A,JQ061956,1a,,Comet_vs_PerGene
NS5A,JQ061957,1a,,Comet_vs_PerGene
NS5A,JQ061958,1a,,Comet_vs_PerGene
NS5A,JQ061959,1a,,Comet_vs_PerGene
NS5A,JQ061960,1a,,Comet_vs_PerGene
NS5A,JQ061961,1a,,Comet_vs_PerGene
NS5A,JQ061962,1a,,Comet_vs_PerGene
NS5A,JQ061964,1a,,Comet_vs_PerGene
NS5A,JQ061965,1a,,Comet_vs_PerGene
NS5A,JQ061966,1a,,Comet_vs_PerGene
NS5A,JQ061968,1a,,Comet_vs_PerGene
NS5A,JQ061969,1a,,Comet_vs_PerGene
NS5A,JQ061970,1a,,Comet_vs_PerGene
NS5A,JQ061971,1a,,Comet_vs_PerGene
NS5A,JQ061972,1a,,Comet_vs_PerGene
NS5A,JQ061973,1a,,Comet_vs_PerGene
NS5A,JQ061974,1a,,Comet_vs_PerGene
NS5A,JQ061975,1a,,Comet_vs_PerGene
NS5A,JQ061976,1a,,Comet_vs_PerGene
NS5A,JQ061977,1a,,Comet_vs_PerGene
NS5A,JQ061978,1a,,Comet_vs_PerGene
NS5A,JQ062095,1a,,Comet_vs_PerGene
NS5A,JQ062096,1a,,Comet_vs_PerGene
NS5A,JQ062097,1a,,Comet_vs_PerGene
NS5A,JQ062098,1a,,Comet_vs_PerGene
NS5A,JQ062099,1a,,Comet_vs_PerGene
NS5A,JQ062100,1a,,Comet_vs_PerGene
NS5A,JQ062101,1a,,Comet_vs_PerGene
NS5A,JQ062102,1a,,Comet_vs_PerGene
NS5A,JQ062103,1a,,Comet_vs_PerGene
NS5A,JQ062104,1a,,Comet_vs_PerGene
NS5A,JQ062161,1a,,Comet_vs_PerGene
NS5A,JQ062162,1a,,Comet_vs_PerGene
NS5A,JQ062163,1a,,Comet_vs_PerGene
NS5A,JQ062164,1a,,Comet_vs_PerGene
NS5A,JQ062165,1a,,Comet_vs_PerGene
NS5A,JQ062166,1a,,Comet_vs_PerGene
NS5A,JQ062167,1a,,Comet_vs_PerGene
NS5A,JQ062168,1a,,Comet_vs_PerGene
NS5A,JQ062169,1a,,Comet_vs_PerGene
NS5A,JQ062170,1a,,Comet_vs_PerGene
NS5A,JQ062325,1a,,Comet_vs_PerGene
NS5A,JQ062326,1a,,Comet_vs_PerGene
NS5A,JQ062327,1a,,Comet_vs_PerGene
NS5A,JQ062328,1a,,Comet_vs_PerGene
NS5A,JQ062329,1a,,Comet_vs_PerGene
NS5A,JQ062371,1a,,Comet_vs_PerGene
NS5A,JQ062374,1a,,Comet_vs_PerGene
NS5A,JQ062375,1a,,Comet_vs_PerGene
NS5A,JQ062376,1a,,Comet_vs_PerGene
NS5A,JQ062377,1a,,Comet_vs_PerGene
NS5A,JQ062378,1a,,Comet_vs_PerGene
NS5A,JQ062379,1a,,Comet_vs_PerGene
NS5A,JQ062380,1a,,Comet_vs_PerGene
NS5A,JQ062381,1a,,Comet_vs_PerGene
NS5A,JQ065825,1a,,Comet_vs_PerGene
NS5A,JQ065826,1a,,Comet_vs_PerGene
NS5A,JQ065827,1a,,Comet_vs_PerGene
NS5A,JQ065828,1a,,Comet_vs_PerGene
NS5A,JQ065829,1a,,Comet_vs_PerGene
NS5A,JQ065830,1a,,Comet_vs_PerGene
NS5A,JQ065831,1a,,Comet_vs_PerGene
NS5A,JQ065832,1a,,Comet_vs_PerGene
NS5A,JQ065833,1a,,Comet_vs_PerGene
NS5A,JQ065834,1a,,Comet_vs_PerGene
NS5A,JQ065835,1a,,Comet_vs_PerGene
NS5A,JQ065836,1a,,Comet_vs_PerGene
NS5A,JQ065837,1a,,Comet_vs_PerGene
NS5A,JQ065838,1a,,Comet_vs_PerGene
NS5A,JQ065839,1a,,Comet_vs_PerGene
NS5A,JQ065840,1a,,Comet_vs_PerGene
NS5A,JQ065841,1a,,Comet_vs_PerGene
NS5A,JQ065842,1a,,Comet_vs_PerGene
NS5A,JQ065843,1a,,Comet_vs_PerGene
NS5A,JQ065844,1a,,Comet_vs_PerGene
NS5A,JQ065845,1a,,Comet_vs_PerGene
NS5A,JQ065846,1a,,Comet_vs_PerGene
NS5A,JQ065847,1a,,Comet_vs_PerGene
NS5A,JQ065848,1a,,Comet_vs_PerGene
NS5A,JQ065849,1a,,Comet_vs_PerGene
NS5A,JQ065850,1a,,Comet_vs_PerGene
NS5A,JQ065851,1a,,Comet_vs_PerGene
NS5A,JQ065852,1a,,Comet_vs_PerGene
NS5A,JQ065853,1a,,Comet_vs_PerGene
NS5A,JQ065854,1a,,Comet_vs_PerGene
NS5A,JQ065855,1a,,Comet_vs_PerGene
NS5A,JQ065856,1a,,Comet_vs_PerGene
NS5A,JQ065857,1a,,Comet_vs_PerGene
NS5A,JQ065858,1a,,Comet_vs_PerGene
NS5A,JQ065859,1a,,Comet_vs_PerGene
NS5A,JQ065860,1a,,Comet_vs_PerGene
NS5A,JQ065861,1a,,Comet_vs_PerGene
NS5A,JQ065862,1a,,Comet_vs_PerGene
NS5A,JQ065863,1a,,Comet_vs_PerGene
NS5A,JQ065864,1a,,Comet_vs_PerGene
NS5A,JQ065865,1a,,Comet_vs_PerGene
NS5A,JQ065866,1a,,Comet_vs_PerGene
NS5A,JQ065867,1a,,Comet_vs_PerGene
NS5A,JQ065868,1a,,Comet_vs_PerGene
NS5A,JQ403112,1b,,Comet_vs_PerGene
NS5A,JQ403113,1b,,Comet_vs_PerGene
NS5A,JQ403114,1b,,Comet_vs_PerGene
NS5A,JQ403115,1b,,Comet_vs_PerGene
NS5A,JQ403116,1b,,Comet_vs_PerGene
NS5A,JQ403117,1b,,Comet_vs_PerGene
NS5A,JQ403118,1b,,Comet_vs_PerGene
NS5A,JQ403119,1b,,Comet_vs_PerGene
NS5A,JQ403120,1b,,Comet_vs_PerGene
NS5A,JQ403121,1b,,Comet_vs_PerGene
NS5A,JQ403122,1b,,Comet_vs_PerGene
NS5A,JQ403123,1b,,Comet_vs_PerGene
NS5A,JQ403124,1b,,Comet_vs_PerGene
NS5A,JQ403125,1b,,Comet_vs_PerGene
NS5A,JQ403126,1b,,Comet_vs_PerGene
NS5A,JQ403127,1b,,Comet_vs_PerGene
NS5A,JQ403128,1b,,Comet_vs_PerGene
NS5A,JQ403129,1b,,Comet_vs_PerGene
NS5A,JQ403130,1b,,Comet_vs_PerGene
NS5A,JQ403131,1b,,Comet_vs_PerGene
NS5A,JQ403132,1b,,Comet_vs_PerGene
NS5A,JQ403133,1b,,Comet_vs_PerGene
NS5A,JQ403134,1b,,Comet_vs_PerGene
NS5A,JQ403135,1b,,Comet_vs_PerGene
NS5A,JQ403136,1b,,Comet_vs_PerGene
NS5A,JQ403137,1b,,Comet_vs_PerGene
NS5A,JQ403138,1b,,Comet_vs_PerGene
NS5A,JQ403139,1b,,Comet_vs_PerGene
NS5A,JQ403140,1b,,Comet_vs_PerGene
NS5A,JQ403141,1b,,Comet_vs_PerGene
NS5A,JQ403142,1b,,Comet_vs_PerGene
NS5A,JQ403143,1b,,Comet_vs_PerGene
NS5A,JQ403144,1b,,Comet_vs_PerGene
NS5A,JQ403145,1b,,Comet_vs_PerGene
NS5A,JQ403146,1b,,Comet_vs_PerGene
NS5A,JQ403147,1b,,Comet_vs_PerGene
NS5A,JQ403148,1b,,Comet_vs_PerGene
NS5A,JQ403149,1b,,Comet_vs_PerGene
NS5A,JQ403150,1b,,Comet_vs_PerGene
NS5A,JQ403151,1b,,Comet_vs_PerGene
NS5A,JQ403152,1b,,Comet_vs_PerGene
NS5A,JQ403153,1b,,Comet_vs_PerGene
NS5A,JQ403154,1b,,Comet_vs_PerGene
NS5A,JQ403155,1b,,Comet_vs_PerGene
NS5A,JQ403156,1b,,Comet_vs_PerGene
NS5A,JQ403157,1b,,Comet_vs_PerGene
NS5A,JQ403158,1b,,Comet_vs_PerGene
NS5A,JQ403159,1b,,Comet_vs_PerGene
NS5A,JQ403160,1b,,Comet_vs_PerGene
NS5A,JQ403161,1b,,Comet_vs_PerGene
NS5A,JQ403162,1b,,Comet_vs_PerGene
NS5A,JQ403163,1b,,Comet_vs_PerGene
NS5A,JQ403164,1b,,Comet_vs_PerGene
NS5A,JQ403165,1b,,Comet_vs_PerGene
NS5A,JQ403166,1b,,Comet_vs_PerGene
NS5A,JQ403167,1b,,Comet_vs_PerGene
NS5A,JQ403168,1b,,Comet_vs_PerGene
NS5A,JQ403169,1b,,Comet_vs_PerGene
NS5A,JQ403170,1b,,Comet_vs_PerGene
NS5A,JQ403171,1b,,Comet_vs_PerGene
NS5A,JQ403172,1b,,Comet_vs_PerGene
NS5A,JQ403173,1b,,Comet_vs_PerGene
NS5A,JQ403174,1b,,Comet_vs_PerGene
NS5A,JQ403175,1b,,Comet_vs_PerGene
NS5A,JQ403176,1b,,Comet_vs_PerGene
NS5A,JQ403177,1b,,Comet_vs_PerGene
NS5A,JQ403178,1b,,Comet_vs_PerGene
NS5A,JQ403179,1b,,Comet_vs_PerGene
NS5A,JQ403180,1b,,Comet_vs_PerGene
NS5A,JQ403181,1b,,Comet_vs_PerGene
NS5A,JQ403182,1b,,Comet_vs_PerGene
NS5A,JQ403183,1b,,Comet_vs_PerGene
NS5A,JQ403184,1b,,Comet_vs_PerGene
NS5A,JQ403185,1b,,Comet_vs_PerGene
NS5A,JQ403186,1b,,Comet_vs_PerGene
NS5A,JQ403187,1b,,Comet_vs_PerGene
NS5A,JQ403188,1b,,Comet_vs_PerGene
NS5A,JQ403189,1b,,Comet_vs_PerGene
NS5A,JQ403190,1b,,Comet_vs_PerGene
NS5A,JQ403191,1b,,Comet_vs_PerGene
NS5A,JQ403192,1b,,Comet_vs_PerGene
NS5A,JQ403193,1b,,Comet_vs_PerGene
NS5A,JQ403194,1b,,Comet_vs_PerGene
NS5A,JQ403195,1b,,Comet_vs_PerGene
NS5A,JQ403196,1b,,Comet_vs_PerGene
NS5A,JQ403197,1b,,Comet_vs_PerGene
NS5A,JQ403198,1b,,Comet_vs_PerGene
NS5A,JQ403199,1b,,Comet_vs_PerGene
NS5A,JQ403200,1b,,Comet_vs_PerGene
NS5A,JQ403201,1b,,Comet_vs_PerGene
NS5A,JQ403202,1b,,Comet_vs_PerGene
NS5A,JQ403203,1b,,Comet_vs_PerGene
NS5A,JQ403204,1b,,Comet_vs_PerGene
NS5A,JQ403205,1b,,Comet_vs_PerGene
NS5A,JQ403206,1b,,Comet_vs_PerGene
NS5A,JQ403207,1b,,Comet_vs_PerGene
NS5A,JQ403208,1b,,Comet_vs_PerGene
NS5A,JQ403209,1b,,Comet_vs_PerGene
NS5A,JQ403210,1b,,Comet_vs_PerGene
NS5A,JQ403211,1b,,Comet_vs_PerGene
NS5A,JQ403212,1b,,Comet_vs_PerGene
NS5A,JQ403213,1b,,Comet_vs_PerGene
NS5A,JQ403214,1b,,Comet_vs_PerGene
NS5A,JQ403215,1b,,Comet_vs_PerGene
NS5A,JQ403216,1b,,Comet_vs_PerGene
NS5A,JQ403217,1b,,Comet_vs_PerGene
NS5A,JQ403218,1b,,Comet_vs_PerGene
NS5A,JQ403219,1b,,Comet_vs_PerGene
NS5A,JQ403220,1b,,Comet_vs_PerGene
NS5A,JQ403221,1b,,Comet_vs_PerGene
NS5A,JQ403222,1b,,Comet_vs_PerGene
NS5A,JQ403223,1b,,Comet_vs_PerGene
NS5A,JQ403224,1b,,Comet_vs_PerGene
NS5A,JQ403225,1b,,Comet_vs_PerGene
NS5A,JQ403226,1b,,Comet_vs_PerGene
NS5A,JQ403227,1b,,Comet_vs_PerGene
NS5A,JQ403228,1b,,Comet_vs_PerGene
NS5A,JQ403229,1b,,Comet_vs_PerGene
NS5A,JQ403230,1b,,Comet_vs_PerGene
NS5A,JQ403231,1b,,Comet_vs_PerGene
NS5A,JQ403232,1b,,Comet_vs_PerGene
NS5A,JQ403233,1b,,Comet_vs_PerGene
NS5A,JQ403234,1b,,Comet_vs_PerGene
NS5A,JQ403235,1b,,Comet_vs_PerGene
NS5A,JQ403236,1b,,Comet_vs_PerGene
NS5A,JQ403237,1b,,Comet_vs_PerGene
NS5A,JQ403238,1b,,Comet_vs_PerGene
NS5A,JQ403239,1b,,Comet_vs_PerGene
NS5A,JQ403240,1b,,Comet_vs_PerGene
NS5A,JQ403241,1b,,Comet_vs_PerGene
NS5A,JQ403242,1b,,Comet_vs_PerGene
NS5A,JQ403243,1b,,Comet_vs_PerGene
NS5A,JQ403244,1b,,Comet_vs_PerGene
NS5A,JQ403245,1b,,Comet_vs_PerGene
NS5A,JQ403246,1b,,Comet_vs_PerGene
NS5A,JQ403247,1b,,Comet_vs_PerGene
NS5A,JQ403248,1b,,Comet_vs_PerGene
NS5A,JQ403249,1b,,Comet_vs_PerGene
NS5A,JQ403250,1b,,Comet_vs_PerGene
NS5A,JQ403251,1b,,Comet_vs_PerGene
NS5A,JQ403252,1b,,Comet_vs_PerGene
NS5A,JQ403253,1b,,Comet_vs_PerGene
NS5A,OP555741,"unassigned_1, 4d-3g-2b-6k-2b-6k-1a-6k-6d-6k",4d,Comet_vs_PerGene
NS5A,OP555742,"unassigned_1, 4d-4a-4n-4g-4n-4k-4g-4w-3g-3h-6h-6d-6h-6d",4d,Comet_vs_PerGene
NS5A,OP555743,"unassigned_1, 4d-2j-2a-2m-2a",4d,Comet_vs_PerGene
NS5A,OP555744,"unassigned_1, 4d-2j-2a-2m-2a",4d,Comet_vs_PerGene
NS5A,OP555745,"unassigned_1, 4d-2j-2a-2m-2a",4d,Comet_vs_PerGene
NS5A,PX216756,6xa,1i,Comet_vs_PerGene
NS5A,PX361034,"unassigned_1, 1l-2a",1l,Comet_vs_PerGene
NS5A,PX376057,"unassigned_1, 1l-2k-2j-2a-2q",1l,Comet_vs_PerGene
NS5A,PX376058,"unassigned_1, 1l-2a",1l,Comet_vs_PerGene
NS5A,PX376059,"unassigned_1, 1l-4v-4f",1l,Comet_vs_PerGene
NS5A,PX386811,"unassigned_1, 1a-3a",1a,Comet_vs_PerGene
NS5A,PX386926,2j,2q,Comet_vs_PerGene
NS5A,PX386968,"unassigned_1, 3h-6a",3h,Comet_vs_PerGene
NS5A,PX386999,4k,1g,Comet_vs_PerGene
NS5A,PX390139,1a,,Comet_vs_PerGene
NS5A,PX445001,"unassigned_1, 1h-4f",1h,Comet_vs_PerGene
NS5A,PX445002,"unassigned_1, 1e-4a-4w-4f",1e,Comet_vs_PerGene
NS5A,PX445003,"unassigned_1, 1h-4f-4l-4f",1h,Comet_vs_PerGene
NS5A,PX445004,"unassigned_1, 1e-4f-4w-4f-4p",1e,Comet_vs_PerGene
NS5A,PX446221,"unassigned_1, 1l-2k-2a",1l,Comet_vs_PerGene
NS5A,PX446959,"unassigned_1, 1l-4f",1l,Comet_vs_PerGene
NS5A,PX446960,"unassigned_1, 1l-4f",1l,Comet_vs_PerGene
NS5A,EU246937,"unassigned_1, 6n-6o-6e-6a-6o",6n,Comet_vs_PerGene
NS5A,EU408331,6xa,1d,Comet_vs_PerGene
NS5A,EU408332,6xa,1d,Comet_vs_PerGene
NS5A,EU643835,"unassigned_1, 6w-2b",6w,Comet_vs_PerGene
NS5A,EU857431,"unassigned_1, 1b-3h",1b,Comet_vs_PerGene
NS5A,FJ025854,"unassigned_1, 4k-4f",4w,Comet_vs_PerGene
NS5A,FJ462437,"unassigned_1, 4d-4o",4d,Comet_vs_PerGene
NS5A,FJ483408,1b,,Comet_vs_PerGene
NS5A,FJ483409,1b,,Comet_vs_PerGene
NS5A,FJ483410,1b,,Comet_vs_PerGene
NS5A,FJ483411,1b,,Comet_vs_PerGene
NS5A,FJ483412,1b,,Comet_vs_PerGene
NS5A,FJ483413,1b,,Comet_vs_PerGene
NS5A,FJ483414,1b,,Comet_vs_PerGene
NS5A,FJ483415,1b,,Comet_vs_PerGene
NS5A,FJ483416,1b,,Comet_vs_PerGene
NS5A,FJ483417,1b,,Comet_vs_PerGene
NS5A,FJ483418,1b,,Comet_vs_PerGene
NS5A,FJ483419,1b,,Comet_vs_PerGene
NS5A,FJ483420,1b,,Comet_vs_PerGene
NS5A,FJ483421,1b,,Comet_vs_PerGene
NS5A,FJ483422,1b,,Comet_vs_PerGene
NS5A,FJ483423,1b,,Comet_vs_PerGene
NS5A,FJ483424,1b,,Comet_vs_PerGene
NS5A,FJ483425,1b,,Comet_vs_PerGene
NS5A,FJ483426,1b,,Comet_vs_PerGene
NS5A,FJ483427,1b,,Comet_vs_PerGene
NS5A,FJ483428,1b,,Comet_vs_PerGene
NS5A,FJ483429,1b,,Comet_vs_PerGene
NS5A,FJ483430,1b,,Comet_vs_PerGene
NS5A,FJ483431,1b,,Comet_vs_PerGene
NS5A,FJ483432,1b,,Comet_vs_PerGene
NS5A,FJ483433,1b,,Comet_vs_PerGene
NS5A,FJ483434,1b,,Comet_vs_PerGene
NS5A,FJ483435,1b,,Comet_vs_PerGene
NS5A,FJ483436,1b,,Comet_vs_PerGene
NS5A,FJ483437,1b,,Comet_vs_PerGene
NS5A,FJ483438,1b,,Comet_vs_PerGene
NS5A,FJ483439,1b,,Comet_vs_PerGene
NS5A,FJ483440,1b,,Comet_vs_PerGene
NS5A,FJ483441,1b,,Comet_vs_PerGene
NS5A,FJ483442,1b,,Comet_vs_PerGene
NS5A,FJ483443,1b,,Comet_vs_PerGene
NS5A,FJ483444,1b,,Comet_vs_PerGene
NS5A,FJ483445,1b,,Comet_vs_PerGene
NS5A,FJ483446,1b,,Comet_vs_PerGene
NS5A,FJ483447,1b,,Comet_vs_PerGene
NS5A,FJ483448,1b,,Comet_vs_PerGene
NS5A,FJ483449,1b,,Comet_vs_PerGene
NS5A,FJ483450,1b,,Comet_vs_PerGene
NS5A,FJ483451,1b,,Comet_vs_PerGene
NS5A,FJ483452,1b,,Comet_vs_PerGene
NS5A,FJ483453,1b,,Comet_vs_PerGene
NS5A,FJ483454,1b,,Comet_vs_PerGene
NS5A,FJ494921,3a,,Comet_vs_PerGene
NS5A,FJ709497,1b,,Comet_vs_PerGene
NS5A,FJ709498,1b,,Comet_vs_PerGene
NS5A,FJ709499,1b,,Comet_vs_PerGene
NS5A,FJ709500,1b,,Comet_vs_PerGene
NS5A,FJ709501,1b,,Comet_vs_PerGene
NS5A,FJ709502,1b,,Comet_vs_PerGene
NS5A,FJ709503,1b,,Comet_vs_PerGene
NS5A,FJ709504,1b,,Comet_vs_PerGene
NS5A,FJ709505,1b,,Comet_vs_PerGene
NS5A,FJ709506,1b,,Comet_vs_PerGene
NS5A,FJ709507,1b,,Comet_vs_PerGene
NS5A,FJ709508,1b,,Comet_vs_PerGene
NS5A,FJ709509,1b,,Comet_vs_PerGene
NS5A,FJ709510,1b,,Comet_vs_PerGene
NS5A,FJ709511,1b,,Comet_vs_PerGene
NS5A,FJ709512,1b,,Comet_vs_PerGene
NS5A,FJ709554,1b,,Comet_vs_PerGene
NS5A,FJ709555,1b,,Comet_vs_PerGene
NS5A,FJ709556,1b,,Comet_vs_PerGene
NS5A,FJ709557,1b,,Comet_vs_PerGene
NS5A,FJ709558,1b,,Comet_vs_PerGene
NS5A,FJ709559,1b,,Comet_vs_PerGene
NS5A,FJ709560,1b,,Comet_vs_PerGene
NS5A,FJ709561,1b,,Comet_vs_PerGene
NS5A,FJ709562,1b,,Comet_vs_PerGene
NS5A,FJ709563,1b,,Comet_vs_PerGene
NS5A,FJ709564,1b,,Comet_vs_PerGene
NS5A,FJ709565,1b,,Comet_vs_PerGene
NS5A,FJ709566,1b,,Comet_vs_PerGene
NS5A,FJ709567,1b,,Comet_vs_PerGene
NS5A,FJ709568,1b,,Comet_vs_PerGene
NS5A,FJ709569,1b,,Comet_vs_PerGene
NS5A,FJ709570,1b,,Comet_vs_PerGene
NS5A,FJ709571,1b,,Comet_vs_PerGene
NS5A,FJ709572,1b,,Comet_vs_PerGene
NS5A,FJ709573,1b,,Comet_vs_PerGene
NS5A,FJ709574,1b,,Comet_vs_PerGene
NS5A,FJ709575,1b,,Comet_vs_PerGene
NS5A,FJ709576,1b,,Comet_vs_PerGene
NS5A,FJ709577,1b,,Comet_vs_PerGene
NS5A,FJ709578,1b,,Comet_vs_PerGene
NS5A,FJ709579,1b,,Comet_vs_PerGene
NS5A,FJ709580,1b,,Comet_vs_PerGene
NS5A,FJ709581,1b,,Comet_vs_PerGene
NS5A,FJ709582,1b,,Comet_vs_PerGene
NS5A,FJ709583,1b,,Comet_vs_PerGene
NS5A,FJ709584,1b,,Comet_vs_PerGene
NS5A,FJ709585,1b,,Comet_vs_PerGene
NS5A,FJ709586,1b,,Comet_vs_PerGene
NS5A,FJ709587,1b,,Comet_vs_PerGene
NS5A,FJ709588,1b,,Comet_vs_PerGene
NS5A,FJ709589,1b,,Comet_vs_PerGene
NS5A,FJ709590,1b,,Comet_vs_PerGene
NS5A,FJ709591,1b,,Comet_vs_PerGene
NS5A,FJ709592,1b,,Comet_vs_PerGene
NS5A,FJ709593,1b,,Comet_vs_PerGene
NS5A,FJ709594,1b,,Comet_vs_PerGene
NS5A,FJ709595,1b,,Comet_vs_PerGene
NS5A,FJ709596,1b,,Comet_vs_PerGene
NS5A,FJ828844,1b,,Comet_vs_PerGene
NS5A,FJ828845,1b,,Comet_vs_PerGene
NS5A,FJ828846,1b,,Comet_vs_PerGene
NS5A,FJ828847,1b,,Comet_vs_PerGene
NS5A,FJ828848,1b,,Comet_vs_PerGene
NS5A,FJ828849,1b,,Comet_vs_PerGene
NS5A,FJ828850,1b,,Comet_vs_PerGene
NS5A,FJ828851,1b,,Comet_vs_PerGene
NS5A,FJ828852,1b,,Comet_vs_PerGene
NS5A,FJ828853,1b,,Comet_vs_PerGene
NS5A,FJ828854,1b,,Comet_vs_PerGene
NS5A,FJ828855,1b,,Comet_vs_PerGene
NS5A,FJ828856,1b,,Comet_vs_PerGene
NS5A,FJ828857,1b,,Comet_vs_PerGene
NS5A,FJ828858,1b,,Comet_vs_PerGene
NS5A,FJ976046,1b,,Comet_vs_PerGene
NS5A,FN435993,"unassigned_1, 1b-6h-6b-6h-6b-6d",1b,Comet_vs_PerGene
NS5A,GQ848857,1a,,Comet_vs_PerGene
NS5A,GQ848858,1a,,Comet_vs_PerGene
NS5A,GQ848859,1a,,Comet_vs_PerGene
NS5A,GQ848860,1a,,Comet_vs_PerGene
NS5A,GQ848861,1a,,Comet_vs_PerGene
NS5A,GQ848862,1a,,Comet_vs_PerGene
NS5A,GQ848863,1a,,Comet_vs_PerGene
NS5A,GQ848864,1a,,Comet_vs_PerGene
NS5A,GQ848865,1a,,Comet_vs_PerGene
NS5A,GQ848866,1a,,Comet_vs_PerGene
NS5A,GQ848867,1a,,Comet_vs_PerGene
NS5A,GQ848868,1a,,Comet_vs_PerGene
NS5A,GQ848869,1a,,Comet_vs_PerGene
NS5A,GQ848870,1a,,Comet_vs_PerGene
NS5A,GQ848871,1a,,Comet_vs_PerGene
NS5A,GQ848872,1a,,Comet_vs_PerGene
NS5A,GQ870586,1a,,Comet_vs_PerGene
NS5A,GQ870587,1a,,Comet_vs_PerGene
NS5A,GQ870588,1a,,Comet_vs_PerGene
NS5A,GQ870589,1a,,Comet_vs_PerGene
NS5A,GQ870590,1a,,Comet_vs_PerGene
NS5A,GQ870591,1a,,Comet_vs_PerGene
NS5A,GQ870592,1a,,Comet_vs_PerGene
NS5A,GQ870593,1a,,Comet_vs_PerGene
NS5A,GQ870594,1a,,Comet_vs_PerGene
NS5A,GQ870595,1a,,Comet_vs_PerGene
NS5A,GQ870596,1a,,Comet_vs_PerGene
NS5A,GQ870597,1a,,Comet_vs_PerGene
NS5A,GQ870598,1a,,Comet_vs_PerGene
NS5A,GQ870599,1a,,Comet_vs_PerGene
NS5A,GQ870600,1a,,Comet_vs_PerGene
NS5A,GQ870601,1a,,Comet_vs_PerGene
NS5A,GQ870602,1a,,Comet_vs_PerGene
NS5A,GQ870603,1a,,Comet_vs_PerGene
NS5A,GQ870604,1a,,Comet_vs_PerGene
NS5A,GQ870605,1a,,Comet_vs_PerGene
NS5A,GQ870606,1a,,Comet_vs_PerGene
NS5A,GQ870607,1a,,Comet_vs_PerGene
NS5A,GQ870608,1a,,Comet_vs_PerGene
NS5A,GQ870609,1a,,Comet_vs_PerGene
NS5A,GQ870610,1a,,Comet_vs_PerGene
NS5A,GQ870611,1a,,Comet_vs_PerGene
NS5A,GQ870612,1a,,Comet_vs_PerGene
NS5A,GQ870613,1a,,Comet_vs_PerGene
NS5A,GQ870614,1a,,Comet_vs_PerGene
NS5A,GQ870615,1a,,Comet_vs_PerGene
NS5A,GQ870616,1a,,Comet_vs_PerGene
NS5A,GQ870617,1a,,Comet_vs_PerGene
NS5A,GQ870618,1a,,Comet_vs_PerGene
NS5A,JX183549,6k,6xi,Comet_vs_PerGene
NS5A,JX183550,6l,6xb,Comet_vs_PerGene
NS5A,JX183551,6l,6xb,Comet_vs_PerGene
NS5A,JX183552,6l,6xb,Comet_vs_PerGene
NS5A,JX183553,6l,6xi,Comet_vs_PerGene
NS5A,JX183557,6n,6xe,Comet_vs_PerGene
NS5A,JX227952,"unassigned_1, 1b-2j-2a-2j-2q-2k-2q-2k",1b,Comet_vs_PerGene
NS5A,JX227963,4g?,4g,Comet_vs_PerGene
NS5A,JX227964,4k,4v,Comet_vs_PerGene
NS5A,JX457830,1b,,Comet_vs_PerGene
NS5A,JX457831,1b,,Comet_vs_PerGene
NS5A,JX457832,1a,,Comet_vs_PerGene
NS5A,JX457833,1a,,Comet_vs_PerGene
NS5A,JX457834,1a,,Comet_vs_PerGene
NS5A,JX457835,1a,,Comet_vs_PerGene
NS5A,KC124778,"unassigned_1, 1b-1a",1b,Comet_vs_PerGene
NS5A,KC197229,"unassigned_1, 2i-2k-2c-3h",2i,Comet_vs_PerGene
NS5A,KC197230,"unassigned_1, 2i-2k",2i,Comet_vs_PerGene
NS5A,KC197231,"unassigned_1, 2i-2k-2b-3h",2i,Comet_vs_PerGene
NS5A,KC197233,"unassigned_1, 2j-6k",2j,Comet_vs_PerGene
NS5A,KC197235,2b,2l,Comet_vs_PerGene
NS5A,KC197236,2j,2q,Comet_vs_PerGene
NS5A,KC197237,2j,2u,Comet_vs_PerGene
NS5A,KC197238,2b,2t,Comet_vs_PerGene
NS5A,KC197239,2b,2q,Comet_vs_PerGene
NS5A,KC197240,2b,2l,Comet_vs_PerGene
NS5A,KC204831,1a,,Comet_vs_PerGene
NS5A,KC204832,1a,,Comet_vs_PerGene
NS5A,KC204833,1a,,Comet_vs_PerGene
NS5A,KC204834,1a,,Comet_vs_PerGene
NS5A,KC204835,1a,,Comet_vs_PerGene
NS5A,KC204836,1a,,Comet_vs_PerGene
NS5A,KC204837,1a,,Comet_vs_PerGene
NS5A,KC204838,1a,,Comet_vs_PerGene
NS5A,KC204839,1a,,Comet_vs_PerGene
NS5A,KC204840,1a,,Comet_vs_PerGene
NS5A,KC204841,1a,,Comet_vs_PerGene
NS5A,KC204842,1a,,Comet_vs_PerGene
NS5A,KC204843,1a,,Comet_vs_PerGene
NS5A,KC204844,1a,,Comet_vs_PerGene
NS5A,KC204845,1a,,Comet_vs_PerGene
NS5A,KC204846,1a,,Comet_vs_PerGene
NS5A,KC204847,1a,,Comet_vs_PerGene
NS5A,KC204848,1a,,Comet_vs_PerGene
NS5A,KC204849,1a,,Comet_vs_PerGene
NS5A,KC204850,1a,,Comet_vs_PerGene
NS5A,KC204851,1a,,Comet_vs_PerGene
NS5A,KC204852,1a,,Comet_vs_PerGene
NS5A,KC204853,1a,,Comet_vs_PerGene
NS5A,KC204854,1a,,Comet_vs_PerGene
NS5A,KC204855,1a,,Comet_vs_PerGene
NS5A,KC204856,1a,,Comet_vs_PerGene
NS5A,KC204857,1a,,Comet_vs_PerGene
NS5A,KC204858,1a,,Comet_vs_PerGene
NS5A,KC204859,1a,,Comet_vs_PerGene
NS5A,KC204860,1a,,Comet_vs_PerGene
NS5A,KC204861,1a,,Comet_vs_PerGene
NS5A,KC204862,1a,,Comet_vs_PerGene
NS5A,KC204863,1a,,Comet_vs_PerGene
NS5A,KC204864,1a,,Comet_vs_PerGene
NS5A,KC204865,1a,,Comet_vs_PerGene
NS5A,KC204866,1a,,Comet_vs_PerGene
NS5A,KC204867,1a,,Comet_vs_PerGene
NS5A,KC204868,1a,,Comet_vs_PerGene
NS5A,KC204869,1a,,Comet_vs_PerGene
NS5A,KC204870,1a,,Comet_vs_PerGene
NS5A,KC204871,1a,,Comet_vs_PerGene
NS5A,KC204872,1a,,Comet_vs_PerGene
NS5A,KC204873,1a,,Comet_vs_PerGene
NS5A,KC204874,1a,,Comet_vs_PerGene
NS5A,KC204875,1a,,Comet_vs_PerGene
NS5A,KC204876,1a,,Comet_vs_PerGene
NS5A,KC204877,1a,,Comet_vs_PerGene
NS5A,KC204878,1a,,Comet_vs_PerGene
NS5A,KC204879,1a,,Comet_vs_PerGene
NS5A,KC204880,1a,,Comet_vs_PerGene
NS5A,KC204881,1a,,Comet_vs_PerGene
NS5A,KC204882,1a,,Comet_vs_PerGene
NS5A,KC204883,1a,,Comet_vs_PerGene
NS5A,KC204884,1a,,Comet_vs_PerGene
NS5A,KC204885,1a,,Comet_vs_PerGene
NS5A,KC204886,1a,,Comet_vs_PerGene
NS5A,KC204887,1a,,Comet_vs_PerGene
NS5A,KC204888,1a,,Comet_vs_PerGene
NS5A,KC204889,1a,,Comet_vs_PerGene
NS5A,KC204890,1a,,Comet_vs_PerGene
NS5A,KC204891,1a,,Comet_vs_PerGene
NS5A,KC204892,1a,,Comet_vs_PerGene
NS5A,KC204893,1a,,Comet_vs_PerGene
NS5A,KC204894,1a,,Comet_vs_PerGene
NS5A,KC204895,1a,,Comet_vs_PerGene
NS5A,KC204896,1a,,Comet_vs_PerGene
NS5A,KC204897,1a,,Comet_vs_PerGene
NS5A,KC204898,1a,,Comet_vs_PerGene
NS5A,KC204899,1a,,Comet_vs_PerGene
NS5A,KC204900,1a,,Comet_vs_PerGene
NS5A,KC204901,1a,,Comet_vs_PerGene
NS5A,KC204902,1a,,Comet_vs_PerGene
NS5A,KC204903,1a,,Comet_vs_PerGene
NS5A,KC204904,1a,,Comet_vs_PerGene
NS5A,KC204905,1a,,Comet_vs_PerGene
NS5A,KC204906,1a,,Comet_vs_PerGene
NS5A,KC204907,1a,,Comet_vs_PerGene
NS5A,KC204908,1a,,Comet_vs_PerGene
NS5A,KC204909,1a,,Comet_vs_PerGene
NS5A,KC204910,1a,,Comet_vs_PerGene
NS5A,KC204911,1a,,Comet_vs_PerGene
NS5A,KC204912,1a,,Comet_vs_PerGene
NS5A,KC204913,1a,,Comet_vs_PerGene
NS5A,KC204914,1a,,Comet_vs_PerGene
NS5A,KC204915,1a,,Comet_vs_PerGene
NS5A,KC204916,1a,,Comet_vs_PerGene
NS5A,KC204917,1a,,Comet_vs_PerGene
NS5A,KC204918,1a,,Comet_vs_PerGene
NS5A,KC477398,4a,,Comet_vs_PerGene
NS5A,KC844039,6w,6t,Comet_vs_PerGene
NS5A,KC844040,6w,6a,Comet_vs_PerGene
NS5A,KC844042,2j,2f,Comet_vs_PerGene
NS5A,KC844050,2j,2f,Comet_vs_PerGene
NS5A,KC844051,"unassigned_1, 1b-3h",1b,Comet_vs_PerGene
NS5A,KC844052,"unassigned_1, 1b-3h",1b,Comet_vs_PerGene
NS5A,KC845146,3a,,Comet_vs_PerGene
NS5A,KC845147,3a,,Comet_vs_PerGene
NS5A,KC845148,3a,,Comet_vs_PerGene
NS5A,KC845149,3a,,Comet_vs_PerGene
NS5A,KC845150,3a,,Comet_vs_PerGene
NS5A,KC845151,3a,,Comet_vs_PerGene
NS5A,KC845152,3a,,Comet_vs_PerGene
NS5A,KC845153,3a,,Comet_vs_PerGene
NS5A,KC845154,3a,,Comet_vs_PerGene
NS5A,KC845155,3a,,Comet_vs_PerGene
NS5A,KC845156,3a,,Comet_vs_PerGene
NS5A,KC845157,3a,,Comet_vs_PerGene
NS5A,KC845158,3a,,Comet_vs_PerGene
NS5A,KC845159,3a,,Comet_vs_PerGene
NS5A,KC845160,3a,,Comet_vs_PerGene
NS5A,KC845161,3a,,Comet_vs_PerGene
NS5A,KC845162,3a,,Comet_vs_PerGene
NS5A,KC845163,3a,,Comet_vs_PerGene
NS5A,KC845164,3a,,Comet_vs_PerGene
NS5A,KC845165,3a,,Comet_vs_PerGene
NS5A,KC845166,3a,,Comet_vs_PerGene
NS5A,KC845167,3a,,Comet_vs_PerGene
NS5A,KC845168,3a,,Comet_vs_PerGene
NS5A,KC845169,3a,,Comet_vs_PerGene
NS5A,KC845170,3a,,Comet_vs_PerGene
NS5A,KC845171,3a,,Comet_vs_PerGene
NS5A,KC845172,3a,,Comet_vs_PerGene
NS5A,KC845173,3a,,Comet_vs_PerGene
NS5A,KC845174,3a,,Comet_vs_PerGene
NS5A,KC845175,3a,,Comet_vs_PerGene
NS5A,KC845176,3a,,Comet_vs_PerGene
NS5A,KC845177,3a,,Comet_vs_PerGene
NS5A,KC845178,3a,,Comet_vs_PerGene
NS5A,KC845179,3a,,Comet_vs_PerGene
NS5A,KC845180,3a,,Comet_vs_PerGene
NS5A,KC845181,3a,,Comet_vs_PerGene
NS5A,KC845182,3a,,Comet_vs_PerGene
NS5A,KC845183,3a,,Comet_vs_PerGene
NS5A,KC845184,3a,,Comet_vs_PerGene
NS5A,KC845185,3a,,Comet_vs_PerGene
NS5A,KC845186,3a,,Comet_vs_PerGene
NS5A,KC845187,3a,,Comet_vs_PerGene
NS5A,KC845188,3a,,Comet_vs_PerGene
NS5A,KC845189,3a,,Comet_vs_PerGene
NS5A,KC845190,3a,,Comet_vs_PerGene
NS5A,KC845191,3a,,Comet_vs_PerGene
NS5A,KC845192,3a,,Comet_vs_PerGene
NS5A,KC845193,3a,,Comet_vs_PerGene
NS5A,KC967477,"unassigned_1, 2a-2b",2a,Comet_vs_PerGene
NS5A,KC967478,"unassigned_1, 2a-2b",2a,Comet_vs_PerGene
NS5A,KC967479,"unassigned_1, 2a-2c",2a,Comet_vs_PerGene
NS5A,KF263686,4a,,Comet_vs_PerGene
NS5A,KF420490,1b,,Comet_vs_PerGene
NS5A,KF460468,1b,,Comet_vs_PerGene
NS5A,KF460469,1b,,Comet_vs_PerGene
NS5A,KF460470,1b,,Comet_vs_PerGene
NS5A,KF460471,1b,,Comet_vs_PerGene
NS5A,KF460472,1b,,Comet_vs_PerGene
NS5A,KF460473,1b,,Comet_vs_PerGene
NS5A,KF460474,1b,,Comet_vs_PerGene
NS5A,KF460475,1b,,Comet_vs_PerGene
NS5A,KF460476,1b,,Comet_vs_PerGene
NS5A,KF460477,1b,,Comet_vs_PerGene
NS5A,KF460478,1b,,Comet_vs_PerGene
NS5A,KF460479,1b,,Comet_vs_PerGene
NS5A,KF460480,1b,,Comet_vs_PerGene
NS5A,KF460481,1b,,Comet_vs_PerGene
NS5A,KF460482,1b,,Comet_vs_PerGene
NS5A,KF460483,1b,,Comet_vs_PerGene
NS5A,KF460484,1b,,Comet_vs_PerGene
NS5A,KF460485,1b,,Comet_vs_PerGene
NS5A,KF460486,1b,,Comet_vs_PerGene
NS5A,KF460487,1b,,Comet_vs_PerGene
NS5A,KF460488,1b,,Comet_vs_PerGene
NS5A,KF460489,1b,,Comet_vs_PerGene
NS5A,KF460490,1b,,Comet_vs_PerGene
NS5A,KF460491,1b,,Comet_vs_PerGene
NS5A,KF460492,1b,,Comet_vs_PerGene
NS5A,KF460493,1b,,Comet_vs_PerGene
NS5A,KF460494,1b,,Comet_vs_PerGene
NS5A,KF460495,1b,,Comet_vs_PerGene
NS5A,OP022918,"unassigned_1, 2b-2d",2b,Comet_vs_PerGene
NS5A,KJ362067,2a,,Comet_vs_PerGene
NS5A,KJ362068,2a,,Comet_vs_PerGene
NS5A,KJ362069,2a,,Comet_vs_PerGene
NS5A,KJ362070,2a,,Comet_vs_PerGene
NS5A,KJ362071,2a,,Comet_vs_PerGene
NS5A,KJ362072,2a,,Comet_vs_PerGene
NS5A,KJ362073,2a,,Comet_vs_PerGene
NS5A,KJ362074,2a,,Comet_vs_PerGene
NS5A,KJ362075,2a,,Comet_vs_PerGene
NS5A,KJ439768,1b,1d,Comet_vs_PerGene
NS5A,KJ439772,1b,1i,Comet_vs_PerGene
NS5A,KJ439773,1a,1j,Comet_vs_PerGene
NS5A,KJ439774,1a,1k,Comet_vs_PerGene
NS5A,KJ439775,1a,1n,Comet_vs_PerGene
NS5A,KJ439777,1a,1k,Comet_vs_PerGene
NS5A,KJ439778,1a,1m,Comet_vs_PerGene
NS5A,KJ439779,1b,1o,Comet_vs_PerGene
NS5A,KJ439780,1a,1k,Comet_vs_PerGene
NS5A,KJ439781,1a,1n,Comet_vs_PerGene
NS5A,KJ439782,1a,1m,Comet_vs_PerGene
NS5A,KJ470618,3a,3e,Comet_vs_PerGene
NS5A,KJ470619,3a,3d,Comet_vs_PerGene
NS5A,KJ470622,6g,5a,Comet_vs_PerGene
NS5A,KJ470625,6w,6g,Comet_vs_PerGene
NS5A,KJ567644,6l,6xj,Comet_vs_PerGene
NS5A,KJ567645,6l,6xb,Comet_vs_PerGene
NS5A,KJ567646,6e,6xf,Comet_vs_PerGene
NS5A,KJ567647,6w,6xf,Comet_vs_PerGene
NS5A,KJ567648,6w,6q,Comet_vs_PerGene
NS5A,KJ567649,6e,6xc,Comet_vs_PerGene
NS5A,KJ567650,6e,6xc,Comet_vs_PerGene
NS5A,KJ567651,6e,6xc,Comet_vs_PerGene
NS5A,KJ567652,6e,6xc,Comet_vs_PerGene
NS5A,KJ678192,2a,,Comet_vs_PerGene
NS5A,KJ678193,2a,,Comet_vs_PerGene
NS5A,KJ678194,2a,,Comet_vs_PerGene
NS5A,KJ678195,2a,,Comet_vs_PerGene
NS5A,KJ678196,2a,,Comet_vs_PerGene
NS5A,KJ678197,2a,,Comet_vs_PerGene
NS5A,KJ678198,2a,,Comet_vs_PerGene
NS5A,KJ678199,2a,,Comet_vs_PerGene
NS5A,KJ678200,2a,,Comet_vs_PerGene
NS5A,KJ678201,2a,,Comet_vs_PerGene
NS5A,KJ678202,2a,,Comet_vs_PerGene
NS5A,KJ678203,2a,,Comet_vs_PerGene
NS5A,KJ678204,2a,,Comet_vs_PerGene
NS5A,KJ678205,2a,,Comet_vs_PerGene
NS5A,KJ678206,2a,,Comet_vs_PerGene
NS5A,KJ678207,2a,,Comet_vs_PerGene
NS5A,KJ678208,2a,,Comet_vs_PerGene
NS5A,KJ678209,2a,,Comet_vs_PerGene
NS5A,KJ678210,2a,,Comet_vs_PerGene
NS5A,KJ678211,2a,,Comet_vs_PerGene
NS5A,KJ678212,2a,,Comet_vs_PerGene
NS5A,KJ678213,2a,,Comet_vs_PerGene
NS5A,KJ678214,2a,,Comet_vs_PerGene
NS5A,KJ678215,2a,,Comet_vs_PerGene
NS5A,KJ678216,2a,,Comet_vs_PerGene
NS5A,KJ678217,2a,,Comet_vs_PerGene
NS5A,KJ678218,2a,,Comet_vs_PerGene
NS5A,KJ678219,2a,,Comet_vs_PerGene
NS5A,KJ678220,2a,,Comet_vs_PerGene
NS5A,KJ678221,2a,,Comet_vs_PerGene
NS5A,KJ678222,2a,,Comet_vs_PerGene
NS5A,KJ678223,2a,,Comet_vs_PerGene
NS5A,KJ678224,2a,,Comet_vs_PerGene
NS5A,KJ678225,2a,,Comet_vs_PerGene
NS5A,KJ678226,2a,,Comet_vs_PerGene
NS5A,KJ678227,2a,,Comet_vs_PerGene
NS5A,KJ678228,2a,,Comet_vs_PerGene
NS5A,KJ678289,2a,,Comet_vs_PerGene
NS5A,KJ678290,2a,,Comet_vs_PerGene
NS5A,KJ678291,2a,,Comet_vs_PerGene
NS5A,KJ678292,2a,,Comet_vs_PerGene
NS5A,KJ678293,2a,,Comet_vs_PerGene
NS5A,KJ678294,2a,,Comet_vs_PerGene
NS5A,KJ678295,2a,,Comet_vs_PerGene
NS5A,KJ678296,2a,,Comet_vs_PerGene
NS5A,KJ678297,2a,,Comet_vs_PerGene
NS5A,KJ678298,2a,,Comet_vs_PerGene
NS5A,KJ678299,2a,,Comet_vs_PerGene
NS5A,KJ678300,2a,,Comet_vs_PerGene
NS5A,KJ678301,2a,,Comet_vs_PerGene
NS5A,KJ678302,2a,,Comet_vs_PerGene
NS5A,KJ678303,2a,,Comet_vs_PerGene
NS5A,KJ678304,2a,,Comet_vs_PerGene
NS5A,KJ678305,2a,,Comet_vs_PerGene
NS5A,KJ678306,2a,,Comet_vs_PerGene
NS5A,KJ678307,2a,,Comet_vs_PerGene
NS5A,KJ678308,2a,,Comet_vs_PerGene
NS5A,KJ678309,2a,,Comet_vs_PerGene
NS5A,KJ678310,2a,,Comet_vs_PerGene
NS5A,KJ678311,2a,,Comet_vs_PerGene
NS5A,KJ678312,2a,,Comet_vs_PerGene
NS5A,KJ678313,2a,,Comet_vs_PerGene
NS5A,KJ678314,2a,,Comet_vs_PerGene
NS5A,KJ678315,2a,,Comet_vs_PerGene
NS5A,KJ678316,2a,,Comet_vs_PerGene
NS5A,KJ678317,2a,,Comet_vs_PerGene
NS5A,KJ678318,2a,,Comet_vs_PerGene
NS5A,KJ678319,2a,,Comet_vs_PerGene
NS5A,KJ678320,2a,,Comet_vs_PerGene
NS5A,KJ678321,2a,,Comet_vs_PerGene
NS5A,KJ678322,2a,,Comet_vs_PerGene
NS5A,KJ678323,2a,,Comet_vs_PerGene
NS5A,KJ678324,2a,,Comet_vs_PerGene
NS5A,KJ678325,2a,,Comet_vs_PerGene
NS5A,KJ678326,2a,,Comet_vs_PerGene
NS5A,KJ678327,2a,,Comet_vs_PerGene
NS5A,KJ678328,2a,,Comet_vs_PerGene
NS5A,KJ678329,2a,,Comet_vs_PerGene
NS5A,KJ678330,2a,,Comet_vs_PerGene
NS5A,KJ678331,2a,,Comet_vs_PerGene
NS5A,KJ678332,2a,,Comet_vs_PerGene
NS5A,KJ678333,2a,,Comet_vs_PerGene
NS5A,KJ678334,2a,,Comet_vs_PerGene
NS5A,KJ678335,2a,,Comet_vs_PerGene
NS5A,KJ678336,2a,,Comet_vs_PerGene
NS5A,KJ678337,2a,,Comet_vs_PerGene
NS5A,KJ678338,2a,,Comet_vs_PerGene
NS5A,KJ678339,2a,,Comet_vs_PerGene
NS5A,KJ678340,2a,,Comet_vs_PerGene
NS5A,KJ678341,2a,,Comet_vs_PerGene
NS5A,KJ678342,2a,,Comet_vs_PerGene
NS5A,KJ678343,2a,,Comet_vs_PerGene
NS5A,KJ678344,2a,,Comet_vs_PerGene
NS5A,KJ678345,2a,,Comet_vs_PerGene
NS5A,KJ678346,2a,,Comet_vs_PerGene
NS5A,KJ678347,2a,,Comet_vs_PerGene
NS5A,KJ678348,2a,,Comet_vs_PerGene
NS5A,KJ678579,6a,,Comet_vs_PerGene
NS5A,KJ678580,6a,,Comet_vs_PerGene
NS5A,KJ678581,6a,,Comet_vs_PerGene
NS5A,KJ678582,6a,,Comet_vs_PerGene
NS5A,KJ678583,6a,,Comet_vs_PerGene
NS5A,KJ678584,6a,,Comet_vs_PerGene
NS5A,KJ678585,6a,,Comet_vs_PerGene
NS5A,KJ678586,6a,,Comet_vs_PerGene
NS5A,KJ678587,6a,,Comet_vs_PerGene
NS5A,KJ678588,6a,,Comet_vs_PerGene
NS5A,KJ678589,6a,,Comet_vs_PerGene
NS5A,KJ678590,6a,,Comet_vs_PerGene
NS5A,KJ678591,6a,,Comet_vs_PerGene
NS5A,KJ678592,6a,,Comet_vs_PerGene
NS5A,KJ678593,6a,,Comet_vs_PerGene
NS5A,KJ678594,6a,,Comet_vs_PerGene
NS5A,KJ678595,6a,,Comet_vs_PerGene
NS5A,KJ678596,6a,,Comet_vs_PerGene
NS5A,KJ678597,6a,,Comet_vs_PerGene
NS5A,KJ678598,6a,,Comet_vs_PerGene
NS5A,KJ678599,6a,,Comet_vs_PerGene
NS5A,KJ678600,6a,,Comet_vs_PerGene
NS5A,KJ678601,6a,,Comet_vs_PerGene
NS5A,KJ678602,6a,,Comet_vs_PerGene
NS5A,KJ678603,6a,,Comet_vs_PerGene
NS5A,KJ678604,6a,,Comet_vs_PerGene
NS5A,KJ678605,6a,,Comet_vs_PerGene
NS5A,KJ678606,6a,,Comet_vs_PerGene
NS5A,KJ678607,6a,,Comet_vs_PerGene
NS5A,KJ678608,6a,,Comet_vs_PerGene
NS5A,KJ678609,6a,,Comet_vs_PerGene
NS5A,KJ678610,6a,,Comet_vs_PerGene
NS5A,KJ678611,6a,,Comet_vs_PerGene
NS5A,KJ678612,6a,,Comet_vs_PerGene
NS5A,KJ678613,6a,,Comet_vs_PerGene
NS5A,KJ678614,6a,,Comet_vs_PerGene
NS5A,KJ678615,6a,,Comet_vs_PerGene
NS5A,KJ678616,6a,,Comet_vs_PerGene
NS5A,KJ678617,6a,,Comet_vs_PerGene
NS5A,KJ678618,6a,,Comet_vs_PerGene
NS5A,KJ678619,6a,,Comet_vs_PerGene
NS5A,KJ678620,6a,,Comet_vs_PerGene
NS5A,KJ678621,6a,,Comet_vs_PerGene
NS5A,KJ678622,6a,,Comet_vs_PerGene
NS5A,KJ678623,6a,,Comet_vs_PerGene
NS5A,KJ678624,6a,,Comet_vs_PerGene
NS5A,KJ678625,6a,,Comet_vs_PerGene
NS5A,KJ678626,6a,,Comet_vs_PerGene
NS5A,KJ678627,6a,,Comet_vs_PerGene
NS5A,KJ678628,6a,,Comet_vs_PerGene
NS5A,KJ678629,6a,,Comet_vs_PerGene
NS5A,KJ678630,6a,,Comet_vs_PerGene
NS5A,KJ678631,6a,,Comet_vs_PerGene
NS5A,KJ678632,6a,,Comet_vs_PerGene
NS5A,KJ678633,6a,,Comet_vs_PerGene
NS5A,KJ678634,6a,,Comet_vs_PerGene
NS5A,KJ678635,6a,,Comet_vs_PerGene
NS5A,KJ678636,6a,,Comet_vs_PerGene
NS5A,KJ678637,6a,,Comet_vs_PerGene
NS5A,KJ678638,6a,,Comet_vs_PerGene
NS5A,KJ678639,6a,,Comet_vs_PerGene
NS5A,KJ678640,6a,,Comet_vs_PerGene
NS5A,KJ678641,6a,,Comet_vs_PerGene
NS5A,KJ678642,6a,,Comet_vs_PerGene
NS5A,KJ678643,6a,,Comet_vs_PerGene
NS5A,KJ678644,6a,,Comet_vs_PerGene
NS5A,KJ678645,6a,,Comet_vs_PerGene
NS5A,KJ678646,6a,,Comet_vs_PerGene
NS5A,KJ678647,6a,,Comet_vs_PerGene
NS5A,KJ678648,6a,,Comet_vs_PerGene
NS5A,KJ678649,6a,,Comet_vs_PerGene
NS5A,KJ678650,6a,,Comet_vs_PerGene
NS5A,KJ678651,6a,,Comet_vs_PerGene
NS5A,KJ678652,6a,,Comet_vs_PerGene
NS5A,KJ678653,6a,,Comet_vs_PerGene
NS5A,KJ678654,6a,,Comet_vs_PerGene
NS5A,KJ678655,6a,,Comet_vs_PerGene
NS5A,KJ678656,6a,,Comet_vs_PerGene
NS5A,KJ678657,6a,,Comet_vs_PerGene
NS5A,KJ678658,6a,,Comet_vs_PerGene
NS5A,KJ678659,6a,,Comet_vs_PerGene
NS5A,KJ678660,6a,,Comet_vs_PerGene
NS5A,KJ678661,6a,,Comet_vs_PerGene
NS5A,KJ678662,6a,,Comet_vs_PerGene
NS5A,KJ678663,6a,,Comet_vs_PerGene
NS5A,KJ678664,6a,,Comet_vs_PerGene
NS5A,KJ678665,6a,,Comet_vs_PerGene
NS5A,KJ678666,6a,,Comet_vs_PerGene
NS5A,KJ678667,6a,,Comet_vs_PerGene
NS5A,KJ678668,6a,,Comet_vs_PerGene
NS5A,KJ678669,6a,,Comet_vs_PerGene
NS5A,KJ678670,6a,,Comet_vs_PerGene
NS5A,KJ678671,6a,,Comet_vs_PerGene
NS5A,KJ678672,6a,,Comet_vs_PerGene
NS5A,KJ678673,6a,,Comet_vs_PerGene
NS5A,KJ678674,6a,,Comet_vs_PerGene
NS5A,KJ678675,6a,,Comet_vs_PerGene
NS5A,KJ678676,6a,,Comet_vs_PerGene
NS5A,KJ678677,6a,,Comet_vs_PerGene
NS5A,KJ678678,6a,,Comet_vs_PerGene
NS5A,KJ678679,6a,,Comet_vs_PerGene
NS5A,KJ678680,6a,,Comet_vs_PerGene
NS5A,KJ678681,6a,,Comet_vs_PerGene
NS5A,KJ678682,6a,,Comet_vs_PerGene
NS5A,KJ678683,6a,,Comet_vs_PerGene
NS5A,KJ678684,6a,,Comet_vs_PerGene
NS5A,KJ678685,6a,,Comet_vs_PerGene
NS5A,KJ678686,6a,,Comet_vs_PerGene
NS5A,KJ678687,6a,,Comet_vs_PerGene
NS5A,KJ678688,6a,,Comet_vs_PerGene
NS5A,KJ678689,6a,,Comet_vs_PerGene
NS5A,KJ678690,6a,,Comet_vs_PerGene
NS5A,KJ678691,6a,,Comet_vs_PerGene
NS5A,KJ678692,6a,,Comet_vs_PerGene
NS5A,KJ678693,6a,,Comet_vs_PerGene
NS5A,KJ678694,6a,,Comet_vs_PerGene
NS5A,KJ678695,6a,,Comet_vs_PerGene
NS5A,KJ678696,6a,,Comet_vs_PerGene
NS5A,KJ678697,6a,,Comet_vs_PerGene
NS5A,KJ678698,6a,,Comet_vs_PerGene
NS5A,KJ678699,6a,,Comet_vs_PerGene
NS5A,KJ678700,6a,,Comet_vs_PerGene
NS5A,KJ678701,6a,,Comet_vs_PerGene
NS5A,KJ678702,6a,,Comet_vs_PerGene
NS5A,KJ678703,6a,,Comet_vs_PerGene
NS5A,KJ678704,6a,,Comet_vs_PerGene
NS5A,KJ678705,6a,,Comet_vs_PerGene
NS5A,KJ678706,6a,,Comet_vs_PerGene
NS5A,KJ678707,6a,,Comet_vs_PerGene
NS5A,KJ678708,6a,,Comet_vs_PerGene
NS5A,KJ678709,6a,,Comet_vs_PerGene
NS5A,KJ678710,6a,,Comet_vs_PerGene
NS5A,KJ678711,6a,,Comet_vs_PerGene
NS5A,KJ678712,6a,,Comet_vs_PerGene
NS5A,KJ678713,6a,,Comet_vs_PerGene
NS5A,KJ678714,6a,,Comet_vs_PerGene
NS5A,KJ678715,6a,,Comet_vs_PerGene
NS5A,KJ678716,6a,,Comet_vs_PerGene
NS5A,KJ678717,6a,,Comet_vs_PerGene
NS5A,KJ678718,6a,,Comet_vs_PerGene
NS5A,KJ678719,6a,,Comet_vs_PerGene
NS5A,KJ678720,6a,,Comet_vs_PerGene
NS5A,KJ678721,6a,,Comet_vs_PerGene
NS5A,KJ678722,6a,,Comet_vs_PerGene
NS5A,KJ678723,6a,,Comet_vs_PerGene
NS5A,KJ678724,6a,,Comet_vs_PerGene
NS5A,KJ678725,6a,,Comet_vs_PerGene
NS5A,KJ678726,6a,,Comet_vs_PerGene
NS5A,KJ678727,6a,,Comet_vs_PerGene
NS5A,KJ678728,6a,,Comet_vs_PerGene
NS5A,KJ678729,6a,,Comet_vs_PerGene
NS5A,KJ678730,6a,,Comet_vs_PerGene
NS5A,KJ678731,6a,,Comet_vs_PerGene
NS5A,KJ678732,6a,,Comet_vs_PerGene
NS5A,KJ678754,"unassigned_1, 6a-3h",6a,Comet_vs_PerGene
NS5A,KJ678768,"unassigned_1, 6a-3a",6a,Comet_vs_PerGene
NS5A,KJ700858,6a,,Comet_vs_PerGene
NS5A,KJ700859,6a,,Comet_vs_PerGene
NS5A,KJ704193,1b,,Comet_vs_PerGene
NS5A,KJ704194,1b,,Comet_vs_PerGene
NS5A,KJ704195,1b,,Comet_vs_PerGene
NS5A,KJ704196,1b,,Comet_vs_PerGene
NS5A,KJ704197,1b,,Comet_vs_PerGene
NS5A,KJ704198,1b,,Comet_vs_PerGene
NS5A,KM043282,"unassigned_1, 4a-6h-6b-6h-6b",4a,Comet_vs_PerGene
NS5A,KM043283,"unassigned_1, 4a-6b-6h-6b",4a,Comet_vs_PerGene
NS5A,KM043285,"unassigned_1, 1b-6k-6b",1b,Comet_vs_PerGene
NS5A,KM102760,"unassigned_1, 1a-2b",1a,Comet_vs_PerGene
NS5A,KM102761,"unassigned_1, 1a-2b",1a,Comet_vs_PerGene
NS5A,KM102762,"unassigned_1, 1a-2b",1a,Comet_vs_PerGene
NS5A,KM102763,"unassigned_1, 1a-2b",1a,Comet_vs_PerGene
NS5A,KM102764,"unassigned_1, 1b-2j-2a-2b",1b,Comet_vs_PerGene
NS5A,KM102765,"unassigned_1, 1b-2k",1b,Comet_vs_PerGene
NS5A,KM102766,"unassigned_1, 1b-2b",1b,Comet_vs_PerGene
NS5A,KM102767,"unassigned_1, 1b-2b",1b,Comet_vs_PerGene
NS5A,KM102768,"unassigned_1, 1b-2a-2k",1b,Comet_vs_PerGene
NS5A,KM102769,"unassigned_1, 1b-2a-2k",1b,Comet_vs_PerGene
NS5A,KM102770,"unassigned_1, 1b-2k",1b,Comet_vs_PerGene
NS5A,KM252788,"unassigned_1, 6u-2b",6u,Comet_vs_PerGene
NS5A,KM252789,6a,6xd,Comet_vs_PerGene
NS5A,KM252790,6a,6xd,Comet_vs_PerGene
NS5A,KM252791,6a,6xd,Comet_vs_PerGene
NS5A,KM252792,6n,6xe,Comet_vs_PerGene
NS5A,KM252794,6w,6xe,Comet_vs_PerGene
NS5A,KM252796,6e,6q,Comet_vs_PerGene
NS5A,KM252797,6e,6q,Comet_vs_PerGene
NS5A,KM252798,6e,6p,Comet_vs_PerGene
NS5A,KM252800,6e,6q,Comet_vs_PerGene
NS5A,KM495736,"unassigned_1, 1b-2k",1b,Comet_vs_PerGene
NS5A,KM502264,2a,,Comet_vs_PerGene
NS5A,KM502265,2a,,Comet_vs_PerGene
NS5A,KM504109,6n,6xe,Comet_vs_PerGene
NS5A,KM504111,6e,6q,Comet_vs_PerGene
NS5A,KM504112,1b,6u,Comet_vs_PerGene
NS5A,KM504114,6o,6q,Comet_vs_PerGene
NS5A,KM504117,6e,6q,Comet_vs_PerGene
NS5A,KM504118,6w,6q,Comet_vs_PerGene
NS5A,KM504120,6e,6q,Comet_vs_PerGene
NS5A,KM504121,6w,6q,Comet_vs_PerGene
NS5A,KM587623,"unassigned_1, 3i-3k",3i,Comet_vs_PerGene
NS5A,KM587625,"unassigned_1, 4d-4a-4n-4g-1a-3h",4d,Comet_vs_PerGene
NS5A,KP064117,1b,,Comet_vs_PerGene
NS5A,KP064118,1b,,Comet_vs_PerGene
NS5A,OM222702,"unassigned_1, 1b-6k-6b",1b,Comet_vs_PerGene
NS5A,OM222703,"unassigned_1, 1b-6k-6b",1b,Comet_vs_PerGene
NS5A,KY014622,"unassigned_1, 6n-2m-2a-6d",6n,Comet_vs_PerGene
NS5A,KY083759,4r,1e,Comet_vs_PerGene
NS5A,KY083760,4r,1b,Comet_vs_PerGene
NS5A,KY283130,"unassigned_1, 4a-2a-3g-6b-3g",4a,Comet_vs_PerGene
NS5A,KY348757,1b,1i,Comet_vs_PerGene
NS5A,KY420663,"unassigned_1, 2c-2a",2c,Comet_vs_PerGene
NS5A,KY460622,4a,4l,Comet_vs_PerGene
NS5A,KY620322,"unassigned_1, 2a-3a",2a,Comet_vs_PerGene
NS5A,KY620330,"unassigned_1, 2c-2b-3g-2b-2a",2c,Comet_vs_PerGene
NS5A,KY620333,"unassigned_1, 2c-6h-3h",2c,Comet_vs_PerGene
NS5A,KY620334,"unassigned_1, 2c-6h-2b",2c,Comet_vs_PerGene
NS5A,KY620364,"unassigned_1, 3a-3h",3a,Comet_vs_PerGene
NS5A,KY620370,"unassigned_1, 3a-3h",3a,Comet_vs_PerGene
NS5A,KY620373,"unassigned_1, 3a-3h",3a,Comet_vs_PerGene
NS5A,KY620384,"unassigned_1, 3a-3h",3a,Comet_vs_PerGene
NS5A,KY620390,"unassigned_1, 3a-3h",3a,Comet_vs_PerGene
NS5A,KY620404,"unassigned_1, 3a-3h",3a,Comet_vs_PerGene
NS5A,KY620414,"unassigned_1, 3a-3h",3a,Comet_vs_PerGene
NS5A,KY620427,"unassigned_1, 3a-3h",3a,Comet_vs_PerGene
NS5A,KY620437,"unassigned_1, 3a-3h",3a,Comet_vs_PerGene
NS5A,KY620448,"unassigned_1, 3a-3h",3a,Comet_vs_PerGene
NS5A,KY620456,"unassigned_1, 3a-3h",3a,Comet_vs_PerGene
NS5A,KY620484,"unassigned_1, 3a-3h",3a,Comet_vs_PerGene
NS5A,KY620508,"unassigned_1, 3a-3h",3a,Comet_vs_PerGene
NS5A,KY620514,"unassigned_1, 3a-3h",3a,Comet_vs_PerGene
NS5A,KY620515,"unassigned_1, 3a-3h",3a,Comet_vs_PerGene
NS5A,KY620516,"unassigned_1, 3a-3h",3a,Comet_vs_PerGene
NS5A,KY620517,"unassigned_1, 3a-3h",3a,Comet_vs_PerGene
NS5A,KY620519,"unassigned_1, 3a-3h",3a,Comet_vs_PerGene
NS5A,KY620526,"unassigned_1, 3a-3h",3a,Comet_vs_PerGene
NS5A,KY620549,"unassigned_1, 3a-3h",3a,Comet_vs_PerGene
NS5A,KY620552,"unassigned_1, 3a-3h",3a,Comet_vs_PerGene
NS5A,KY620568,"unassigned_1, 3a-3h",3a,Comet_vs_PerGene
NS5A,KY620574,"unassigned_1, 3a-3h",3a,Comet_vs_PerGene
NS5A,KY620580,"unassigned_1, 3a-3h",3a,Comet_vs_PerGene
NS5A,KY620606,"unassigned_1, 3a-3h",3a,Comet_vs_PerGene
NS5A,KY620641,"unassigned_1, 3a-3h",3a,Comet_vs_PerGene
NS5A,KY620671,"unassigned_1, 3a-3h",3a,Comet_vs_PerGene
NS5A,KY620675,"unassigned_1, 3a-3h",3a,Comet_vs_PerGene
NS5A,KY620721,"unassigned_1, 3a-3h",3a,Comet_vs_PerGene
NS5A,KY620724,"unassigned_1, 3a-3h",3a,Comet_vs_PerGene
NS5A,KY620738,"unassigned_1, 3a-3h",3a,Comet_vs_PerGene
NS5A,KY620748,"unassigned_1, 3a-3h",3a,Comet_vs_PerGene
NS5A,KY620759,"unassigned_1, 3a-3h",3a,Comet_vs_PerGene
NS5A,KY620790,"unassigned_1, 3a-3h",3a,Comet_vs_PerGene
NS5A,KY620791,"unassigned_1, 3a-3h",3a,Comet_vs_PerGene
NS5A,KY620801,"unassigned_1, 3a-3h",3a,Comet_vs_PerGene
NS5A,KY620811,"unassigned_1, 3a-3h",3a,Comet_vs_PerGene
NS5A,KY620823,"unassigned_1, 3a-3h",3a,Comet_vs_PerGene
NS5A,KY620824,"unassigned_1, 3a-3h",3a,Comet_vs_PerGene
NS5A,KY620832,"unassigned_1, 3a-3h",3a,Comet_vs_PerGene
NS5A,KY620836,"unassigned_1, 3a-3h",3a,Comet_vs_PerGene
NS5A,KY620860,"unassigned_1, 3a-2b",3a,Comet_vs_PerGene
NS5A,KY620868,"unassigned_1, 3a-2b",3a,Comet_vs_PerGene
NS5A,KY620872,"unassigned_1, 3b-3h",3b,Comet_vs_PerGene
NS5A,KY620875,"unassigned_1, 3b-3a",3b,Comet_vs_PerGene
NS5A,KY620880,"unassigned_1, 1a-2b",1a,Comet_vs_PerGene
NS5A,KY697866,4r,1h,Comet_vs_PerGene
NS5A,KY697867,4r,1b,Comet_vs_PerGene
NS5A,KY697868,4r,1b,Comet_vs_PerGene
NS5A,KY780122,"unassigned_1, 1b-2j-2k",1b,Comet_vs_PerGene
NS5A,KY780123,"unassigned_1, 1b-2j-2k",1b,Comet_vs_PerGene
NS5A,KY883981,"unassigned_1, 1b-2j-2k",1b,Comet_vs_PerGene
NS5A,KY883982,"unassigned_1, 1b-2j-2k",1b,Comet_vs_PerGene
NS5A,KY926904,4a,4c,Comet_vs_PerGene
NS5A,KY926906,4a,4c,Comet_vs_PerGene
NS5A,KY926909,4a,4c,Comet_vs_PerGene
NS5A,KY926915,4a,4c,Comet_vs_PerGene
NS5A,KY926916,4a,4c,Comet_vs_PerGene
NS5A,KY926917,4a,4c,Comet_vs_PerGene
NS5A,KY926918,4a,4l,Comet_vs_PerGene
NS5A,KY926920,4a,4c,Comet_vs_PerGene
NS5A,KY926923,4a,4c,Comet_vs_PerGene
NS5A,KY926924,4a,4c,Comet_vs_PerGene
NS5A,KY926925,4a,4c,Comet_vs_PerGene
NS5A,KY926926,4a,4c,Comet_vs_PerGene
NS5A,KY926928,4a,4c,Comet_vs_PerGene
NS5A,KY926930,4a,4c,Comet_vs_PerGene
NS5A,KY926933,4a,4c,Comet_vs_PerGene
NS5A,KY926934,4a,4c,Comet_vs_PerGene
NS5A,KY926936,4a,4c,Comet_vs_PerGene
NS5A,KY926938,4a,4c,Comet_vs_PerGene
NS5A,KY926940,4a,4c,Comet_vs_PerGene
NS5A,KY926942,4a,4c,Comet_vs_PerGene
NS5A,KY926944,4a,4c,Comet_vs_PerGene
NS5A,KY926946,4a,4c,Comet_vs_PerGene
NS5A,KY926949,4a,4c,Comet_vs_PerGene
NS5A,KY926950,4a,4c,Comet_vs_PerGene
NS5A,KY926954,4a,4c,Comet_vs_PerGene
NS5A,KY926957,4a,4c,Comet_vs_PerGene
NS5A,KY926961,4a,4c,Comet_vs_PerGene
NS5A,KY926963,4a,4n,Comet_vs_PerGene
NS5A,KY926965,4a,4c,Comet_vs_PerGene
NS5A,KY926967,4a,4c,Comet_vs_PerGene
NS5A,KY926968,4a,4c,Comet_vs_PerGene
NS5A,KY926969,4a,4c,Comet_vs_PerGene
NS5A,KY926970,4a,4c,Comet_vs_PerGene
NS5A,KY926971,4a,4c,Comet_vs_PerGene
NS5A,KY926972,4a,4l,Comet_vs_PerGene
NS5A,KY926975,4a,4c,Comet_vs_PerGene
NS5A,KY926976,4a,4c,Comet_vs_PerGene
NS5A,KY926977,4a,4c,Comet_vs_PerGene
NS5A,KY926979,4a,4c,Comet_vs_PerGene
NS5A,KY926982,4a,4c,Comet_vs_PerGene
NS5A,KY926985,4a,4c,Comet_vs_PerGene
NS5A,KY926986,4a,4c,Comet_vs_PerGene
NS5A,KY926987,4a,4l,Comet_vs_PerGene
NS5A,KY926989,4a,4c,Comet_vs_PerGene
NS5A,KY926990,4a,4l,Comet_vs_PerGene
NS5A,KY926991,4a,4c,Comet_vs_PerGene
NS5A,KY927002,1b,1d,Comet_vs_PerGene
NS5A,KY927008,4a,4o,Comet_vs_PerGene
NS5A,KY927009,4a,4c,Comet_vs_PerGene
NS5A,KY927013,4a,4c,Comet_vs_PerGene
NS5A,KY927014,4a,4c,Comet_vs_PerGene
NS5A,KY927015,4a,4c,Comet_vs_PerGene
NS5A,KY927018,4a,4n,Comet_vs_PerGene
NS5A,KY927019,4a,4c,Comet_vs_PerGene
NS5A,KY927022,4a,4c,Comet_vs_PerGene
NS5A,LC011927,"unassigned_1, 1b-6k-6d-6b-6d",1b,Comet_vs_PerGene
NS5A,LC011928,"unassigned_1, 1b-6k-6d-6b-6d",1b,Comet_vs_PerGene
NS5A,LC011929,"unassigned_1, 1b-6k-6d-6b-6d",1b,Comet_vs_PerGene
NS5A,LC011930,"unassigned_1, 1b-6k-6d-6b-6d",1b,Comet_vs_PerGene
NS5A,LC011931,"unassigned_1, 1b-6k-6d-6b-6d",1b,Comet_vs_PerGene
NS5A,LC150893,"unassigned_1, 1b-2j-2a-2b",1b,Comet_vs_PerGene
NS5A,LC273304,"unassigned_1, 1b-2b",1b,Comet_vs_PerGene
NS5A,LC368351,"unassigned_1, 1a-3a",1a,Comet_vs_PerGene
NS5A,LC368352,"unassigned_1, 3a-1a",3a,Comet_vs_PerGene
NS5A,LC368366,"unassigned_1, 1a-2b",1a,Comet_vs_PerGene
NS5A,LC368421,6w,6v,Comet_vs_PerGene
NS5A,LC480953,2a,,Comet_vs_PerGene
NS5A,LC642116,4a,4c,Comet_vs_PerGene
NS5A,OQ446441,4a,4c,Comet_vs_PerGene
NS5A,KR870888,"unassigned_1, 1e-4k-4n-4g-4a-4f-4d-4g",1e,Comet_vs_PerGene
NS5A,KU180713,4a,4c,Comet_vs_PerGene
NS5A,KU746825,"unassigned_1, 3a-1a",1a,Comet_vs_PerGene
NS5A,KU861171,2j,7b,Comet_vs_PerGene
NS5A,KU871304,"unassigned_1, 1a-3a",1a,Comet_vs_PerGene
NS5A,KU871305,"unassigned_1, 1a-2b",1a,Comet_vs_PerGene
NS5A,KX092342,2b,7b,Comet_vs_PerGene
NS5A,KX107893,6e,,Comet_vs_PerGene
NS5A,KX172138,2j,1g,Comet_vs_PerGene
NS5A,OP894632,1b,1d,Comet_vs_PerGene
NS5A,OP894633,1b,1d,Comet_vs_PerGene
NS5A,OP894636,1b,1d,Comet_vs_PerGene
NS5A,OP894646,1b,1o,Comet_vs_PerGene
NS5A,OP894648,"unassigned_1, 1l-1b-1a-4t-1a-4t",1l,Comet_vs_PerGene
NS5A,OP894649,1b,1d,Comet_vs_PerGene
NS5A,OK001596,4a,4c,Comet_vs_PerGene
NS5A,OR917725,2j,2f,Comet_vs_PerGene
NS5A,OR917726,2j,2c,Comet_vs_PerGene
NS5A,OR917729,2c,2f,Comet_vs_PerGene
NS5A,OR917730,2k,2q,Comet_vs_PerGene
NS5A,OQ873159,"unassigned_1, 3b-3a-3g-2b-3h-2b-3h",3b,Comet_vs_PerGene
NS5A,OQ873160,"unassigned_1, 3b-3h",3b,Comet_vs_PerGene
NS5A,OQ873161,"unassigned_1, 3b-3a-2b-3k-2b-3h",3b,Comet_vs_PerGene
NS5A,OQ832071,6w,6v,Comet_vs_PerGene
NS5A,OM525854,1b,1o,Comet_vs_PerGene
NS5A,OM525855,"unassigned_1, 2a-2k",2q,Comet_vs_PerGene
NS5A,OM525856,1a,1k,Comet_vs_PerGene
NS5A,OM525858,2a,2q,Comet_vs_PerGene
NS5A,OM525859,1b,1m,Comet_vs_PerGene
NS5A,OM525863,1c,1n,Comet_vs_PerGene
NS5A,OM525864,1a,1k,Comet_vs_PerGene
NS5A,OM525865,1b,1i,Comet_vs_PerGene
NS5A,OM525868,1b,1n,Comet_vs_PerGene
NS5A,OM525871,1a,1k,Comet_vs_PerGene
NS5A,OM525873,"unassigned_1, 1a-1b",1k,Comet_vs_PerGene
NS5A,OM525875,1a,1k,Comet_vs_PerGene
NS5A,OM525877,2j,2q,Comet_vs_PerGene
NS5A,OM525878,2a,2q,Comet_vs_PerGene
NS5A,OM525879,2j,2f,Comet_vs_PerGene
NS5A,OM525884,2q,2u,Comet_vs_PerGene
NS5A,OM525885,2j,2a,Comet_vs_PerGene
NS5A,OM525888,1b,1m,Comet_vs_PerGene
NS5A,OM525890,2j,2a,Comet_vs_PerGene
NS5A,OM525893,2a,2q,Comet_vs_PerGene
NS5A,OM525894,1b,1h,Comet_vs_PerGene
NS5A,OM525895,"unassigned_1, 1b-2a",1b,Comet_vs_PerGene
NS5A,OM525896,1b,1g,Comet_vs_PerGene
NS5A,OM525897,1b,1g,Comet_vs_PerGene
NS5A,OM525899,"unassigned_1, 2b-1b",2b,Comet_vs_PerGene
NS5A,OM525900,2j,2d,Comet_vs_PerGene
NS5A,OM525901,2a,2q,Comet_vs_PerGene
NS5A,OM525902,1a,1k,Comet_vs_PerGene
NS5A,OM525903,2q,2a,Comet_vs_PerGene
NS5A,OM525905,2j,2r,Comet_vs_PerGene
NS5A,OM525908,"unassigned_1, 2d-2a",2d,Comet_vs_PerGene
NS5A,OM525909,1a,1k,Comet_vs_PerGene
NS5A,OM811666,4a,4l,Comet_vs_PerGene
NS5A,PV083188,1b,,Comet_vs_PerGene
NS5A,PV083189,1b,,Comet_vs_PerGene
NS5A,PV083190,1b,,Comet_vs_PerGene
NS5A,PV083191,1b,,Comet_vs_PerGene
NS5A,PV083192,1b,,Comet_vs_PerGene
NS5A,PV083193,1b,,Comet_vs_PerGene
NS5A,PV083194,1b,,Comet_vs_PerGene
NS5A,PV083195,1b,,Comet_vs_PerGene
NS5A,PV083196,1b,,Comet_vs_PerGene
NS5A,PV083197,1b,,Comet_vs_PerGene
NS5A,PV083198,1b,,Comet_vs_PerGene
NS5A,PV083199,1b,,Comet_vs_PerGene
NS5A,PV083200,1b,,Comet_vs_PerGene
NS5A,PV083201,1b,,Comet_vs_PerGene
NS5A,PV083202,1b,,Comet_vs_PerGene
NS5A,PV083203,1b,,Comet_vs_PerGene
NS5A,PV083204,1b,,Comet_vs_PerGene
NS5A,PV083205,1b,,Comet_vs_PerGene
NS5A,PV083206,1b,,Comet_vs_PerGene
NS5A,PV184474,"unassigned_1, 1a-3a",1a,Comet_vs_PerGene
NS5A,PV184477,"unassigned_1, 3a-2b",3a,Comet_vs_PerGene
NS5A,PV184543,"unassigned_1, 1a-2b",1a,Comet_vs_PerGene
NS5A,PV184558,"unassigned_1, 1a-2b",1a,Comet_vs_PerGene
NS5A,PV184562,"unassigned_1, 1a-2b",1a,Comet_vs_PerGene
NS5A,PV184569,"unassigned_1, 1a-2b",1a,Comet_vs_PerGene
NS5A,PV289116,"unassigned_1, 1a-2b",1a,Comet_vs_PerGene
NS5A,PV289118,"unassigned_1, 1a-2b",1a,Comet_vs_PerGene
NS5A,PV289130,"unassigned_1, 1a-2b",1a,Comet_vs_PerGene
NS5A,PV289210,"unassigned_1, 3a-2b",3a,Comet_vs_PerGene
NS5A,PV289216,"unassigned_1, 3a-2b",3a,Comet_vs_PerGene
NS5A,PV289218,"unassigned_1, 3a-2b",3a,Comet_vs_PerGene
NS5A,MZ171127,6l,6xj,Comet_vs_PerGene
NS5A,MZ171128,6l,6xj,Comet_vs_PerGene
NS5A,MZ171129,6l,6xj,Comet_vs_PerGene
NS5A,MZ171130,6l,6xj,Comet_vs_PerGene
NS5A,MZ171131,6l,6xj,Comet_vs_PerGene
NS5A,MZ171132,6l,6xj,Comet_vs_PerGene
NS5A,MZ171133,6l,6xj,Comet_vs_PerGene
NS5A,MZ171134,6l,6xj,Comet_vs_PerGene
NS5A,MZ504973,6l,6xi,Comet_vs_PerGene
NS5A,MZ504974,6k,6xi,Comet_vs_PerGene
NS5A,MZ504975,6k,6xi,Comet_vs_PerGene
NS5A,MZ504976,6k,6xi,Comet_vs_PerGene
NS5A,MZ541883,1b,1k,Comet_vs_PerGene
NS5A,MZ541884,1b,1k,Comet_vs_PerGene
NS5A,OM884379,4k,1e,Comet_vs_PerGene
NS5A,OM884381,4r,1g,Comet_vs_PerGene
NS5A,OM884386,4r,1a,Comet_vs_PerGene
NS5A,OM884391,4r,1e,Comet_vs_PerGene
NS5A,OM884399,4k,1g,Comet_vs_PerGene
NS5A,OM884400,4v,4s,Comet_vs_PerGene
NS5A,OM884416,4k,1b,Comet_vs_PerGene
NS5B,MW205274,4a,4c,Comet_vs_PerGene
NS5B,MW205290,4v,4q,Comet_vs_PerGene
NS5B,MW205307,4v,4l,Comet_vs_PerGene
NS5B,MW205308,2q,2k,Comet_vs_PerGene
NS5B,MW205312,2j,2v,Comet_vs_PerGene
NS5B,MW205313,2j,2v,Comet_vs_PerGene
NS5B,MW205314,2j,2a,Comet_vs_PerGene
NS5B,MW205329,2c,2f,Comet_vs_PerGene
NS5B,MW205330,2a,2f,Comet_vs_PerGene
NS5B,MW205331,2c,2f,Comet_vs_PerGene
NS5B,MW205332,2b,2f,Comet_vs_PerGene
NS5B,MW205333,2b,2f,Comet_vs_PerGene
NS5B,MW205334,2b,2f,Comet_vs_PerGene
NS5B,MW205335,2j,2d,Comet_vs_PerGene
NS5B,MW205336,2j,2d,Comet_vs_PerGene
NS5B,MW205337,2j,2m,Comet_vs_PerGene
NS5B,MW205338,2j,2u,Comet_vs_PerGene
NS5B,MW205340,2m,2k,Comet_vs_PerGene
NS5B,MW205341,2j,2f,Comet_vs_PerGene
NS5B,MW205342,2j,2m,Comet_vs_PerGene
NS5B,MW205343,2j,2m,Comet_vs_PerGene
NS5B,MW205345,2j,2m,Comet_vs_PerGene
NS5B,MW205347,2j,2m,Comet_vs_PerGene
NS5B,MW205350,2j,2f,Comet_vs_PerGene
NS5B,MW205351,2a,2f,Comet_vs_PerGene
NS5B,MW205352,2j,2u,Comet_vs_PerGene
NS5B,MW205353,2j,2d,Comet_vs_PerGene
NS5B,MW205354,2j,2f,Comet_vs_PerGene
NS5B,MW205355,2j,2k,Comet_vs_PerGene
NS5B,MW205359,2j,2d,Comet_vs_PerGene
NS5B,MW205361,2j,2v,Comet_vs_PerGene
NS5B,MW205362,2j,2v,Comet_vs_PerGene
NS5B,MW205363,2j,2v,Comet_vs_PerGene
NS5B,MW205364,2j,2v,Comet_vs_PerGene
NS5B,MW205365,2j,2f,Comet_vs_PerGene
NS5B,MW205366,2j,2u,Comet_vs_PerGene
NS5B,MW205369,2j,2k,Comet_vs_PerGene
NS5B,MW205370,2q,2r,Comet_vs_PerGene
NS5B,MW205374,6t,1a,Comet_vs_PerGene
NS5B,MW205375,6w,8a,Comet_vs_PerGene
NS5B,MW205467,2j,2c,Comet_vs_PerGene
NS5B,MW205468,2j,2v,Comet_vs_PerGene
NS5B,MW205469,2b,2v,Comet_vs_PerGene
NS5B,MW205470,2j,2v,Comet_vs_PerGene
NS5B,MW205471,2j,2u,Comet_vs_PerGene
NS5B,MW205472,2j,2c,Comet_vs_PerGene
NS5B,MW205475,2a,2k,Comet_vs_PerGene
NS5B,MW205477,2j,2u,Comet_vs_PerGene
NS5B,MW205479,2j,2a,Comet_vs_PerGene
NS5B,MW205480,2b,2f,Comet_vs_PerGene
NS5B,MW205481,2b,2f,Comet_vs_PerGene
NS5B,MW205482,2j,2f,Comet_vs_PerGene
NS5B,MW205483,2j,2d,Comet_vs_PerGene
NS5B,MW205484,2j,2d,Comet_vs_PerGene
NS5B,MW205487,2j,2q,Comet_vs_PerGene
NS5B,MW205488,2j,2k,Comet_vs_PerGene
NS5B,MW205489,2j,2v,Comet_vs_PerGene
NS5B,MW205490,2j,2v,Comet_vs_PerGene
NS5B,MW205494,2j,2r,Comet_vs_PerGene
NS5B,MZ325443,"unassigned_1, 3a-3g",3a,Comet_vs_PerGene
NS5B,MZ325444,"unassigned_1, 3a-6k-3g",3a,Comet_vs_PerGene
NS5B,MZ327743,"unassigned_1, 1a-1b",1b,Comet_vs_PerGene
NS5B,MZ356315,1b,1d,Comet_vs_PerGene
NS5B,MZ356316,1b,1d,Comet_vs_PerGene
NS5B,MZ356318,1b,1d,Comet_vs_PerGene
NS5B,MZ356319,1b,1d,Comet_vs_PerGene
NS5B,MZ356321,2c,2l,Comet_vs_PerGene
NS5B,MZ356323,1b,1d,Comet_vs_PerGene
NS5B,MZ356324,1b,1d,Comet_vs_PerGene
NS5B,MZ356329,1b,1d,Comet_vs_PerGene
NS5B,PP484707,2b,2u,Comet_vs_PerGene
NS5B,PP484708,1c,1d,Comet_vs_PerGene
NS5B,PP484709,1c,1l,Comet_vs_PerGene
NS5B,PP484710,2m,2u,Comet_vs_PerGene
NS5B,PP484712,2j,2u,Comet_vs_PerGene
NS5B,PP484715,2a,2u,Comet_vs_PerGene
NS5B,PP484716,4d,4p,Comet_vs_PerGene
NS5B,PP484719,2a,2u,Comet_vs_PerGene
NS5B,PP484722,4f,4m,Comet_vs_PerGene
NS5B,PP484723,4v,4l,Comet_vs_PerGene
NS5B,PP484724,2q,2u,Comet_vs_PerGene
NS5B,PP484729,2j,2a,Comet_vs_PerGene
NS5B,PP484731,2m,2u,Comet_vs_PerGene
NS5B,PP484732,2q,2u,Comet_vs_PerGene
NS5B,PP484737,2q,2u,Comet_vs_PerGene
NS5B,PP484740,4k,4m,Comet_vs_PerGene
NS5B,PP484741,4f,4m,Comet_vs_PerGene
NS5B,PP484744,4r,4p,Comet_vs_PerGene
NS5B,PP484745,1b,1o,Comet_vs_PerGene
NS5B,PP484746,1b,1o,Comet_vs_PerGene
NS5B,PP484750,2m,2u,Comet_vs_PerGene
NS5B,PP484752,4d,4p,Comet_vs_PerGene
NS5B,PP484753,2q,2u,Comet_vs_PerGene
NS5B,PP484756,2m,2u,Comet_vs_PerGene
NS5B,PP484757,2m,2u,Comet_vs_PerGene
NS5B,PP484762,4f,4l,Comet_vs_PerGene
NS5B,PP484769,2q,2u,Comet_vs_PerGene
NS5B,PP484771,2a,2r,Comet_vs_PerGene
NS5B,PP484775,4f,4l,Comet_vs_PerGene
NS5B,PP484776,1b,1c,Comet_vs_PerGene
NS5B,PP484777,2j,2u,Comet_vs_PerGene
NS5B,PP484779,2j,2u,Comet_vs_PerGene
NS5B,PP484785,2j,2u,Comet_vs_PerGene
NS5B,PP484786,2q,2u,Comet_vs_PerGene
NS5B,PP484790,2q,2u,Comet_vs_PerGene
NS5B,PP484794,2j,2u,Comet_vs_PerGene
NS5B,PP484795,2j,2u,Comet_vs_PerGene
NS5B,PP484798,4v,4t,Comet_vs_PerGene
NS5B,PP484799,4v,4p,Comet_vs_PerGene
NS5B,PP484802,4v,4c,Comet_vs_PerGene
NS5B,PP484803,2j,2u,Comet_vs_PerGene
NS5B,PP484805,1b,1o,Comet_vs_PerGene
NS5B,PP484807,2q,2u,Comet_vs_PerGene
NS5B,PP484810,4v,4l,Comet_vs_PerGene
NS5B,PP484813,2m,2u,Comet_vs_PerGene
NS5B,PP484822,2a,2u,Comet_vs_PerGene
NS5B,PP484824,1b,1o,Comet_vs_PerGene
NS5B,PP484825,2j,2u,Comet_vs_PerGene
NS5B,PP484826,4v,4p,Comet_vs_PerGene
NS5B,PP484827,4a,4v,Comet_vs_PerGene
NS5B,PP484828,2m,2u,Comet_vs_PerGene
NS5B,PP484831,2m,2u,Comet_vs_PerGene
NS5B,PP484836,2j,2u,Comet_vs_PerGene
NS5B,PP484842,2m,2u,Comet_vs_PerGene
NS5B,PP484843,2m,2u,Comet_vs_PerGene
NS5B,PP484844,2j,2u,Comet_vs_PerGene
NS5B,PP484845,2j,2u,Comet_vs_PerGene
NS5B,PP484847,2j,2u,Comet_vs_PerGene
NS5B,PP484848,2q,2u,Comet_vs_PerGene
NS5B,PP484851,2m,2u,Comet_vs_PerGene
NS5B,PP484864,2j,2u,Comet_vs_PerGene
NS5B,PP484869,2q,2t,Comet_vs_PerGene
NS5B,PP484871,2j,2u,Comet_vs_PerGene
NS5B,PP484872,2a,2u,Comet_vs_PerGene
NS5B,PP583866,2j,2u,Comet_vs_PerGene
NS5B,PP583871,4d,4l,Comet_vs_PerGene
NS5B,PP583874,2j,2u,Comet_vs_PerGene
NS5B,PP583875,4l,4t,Comet_vs_PerGene
NS5B,PP583876,2q,2u,Comet_vs_PerGene
NS5B,PP583877,2j,2u,Comet_vs_PerGene
NS5B,PP583879,4k,4p,Comet_vs_PerGene
NS5B,PP583880,2a,2u,Comet_vs_PerGene
NS5B,PP583882,2j,2u,Comet_vs_PerGene
NS5B,PP583884,2j,2u,Comet_vs_PerGene
NS5B,PP583885,4v,4c,Comet_vs_PerGene
NS5B,PP583887,1b,1o,Comet_vs_PerGene
NS5B,PP583890,4m,4p,Comet_vs_PerGene
NS5B,PP583891,2j,2u,Comet_vs_PerGene
NS5B,PP583892,2j,2u,Comet_vs_PerGene
NS5B,PP583893,4v,4l,Comet_vs_PerGene
NS5B,PP583897,4r,4l,Comet_vs_PerGene
NS5B,PP583904,2j,2u,Comet_vs_PerGene
NS5B,PP583905,2j,2u,Comet_vs_PerGene
NS5B,PP583916,4v,4p,Comet_vs_PerGene
NS5B,PP583917,4a,4c,Comet_vs_PerGene
NS5B,PP583918,2j,2u,Comet_vs_PerGene
NS5B,PP583920,4v,4l,Comet_vs_PerGene
NS5B,PP583921,4v,4p,Comet_vs_PerGene
NS5B,PP583928,2q,2u,Comet_vs_PerGene
NS5B,PP583931,2j,2u,Comet_vs_PerGene
NS5B,PP583932,4v,4p,Comet_vs_PerGene
NS5B,PP583937,2q,2u,Comet_vs_PerGene
NS5B,PP583948,2j,2q,Comet_vs_PerGene
NS5B,PP583949,2j,2u,Comet_vs_PerGene
NS5B,PP583953,2a,2u,Comet_vs_PerGene
NS5B,PP583957,2a,2u,Comet_vs_PerGene
NS5B,PP583958,4v,4t,Comet_vs_PerGene
NS5B,PP583959,2a,2u,Comet_vs_PerGene
NS5B,PP583962,1a,1g,Comet_vs_PerGene
NS5B,PP583965,2j,2u,Comet_vs_PerGene
NS5B,PP583973,1l,1o,Comet_vs_PerGene
NS5B,PP583974,4l,4c,Comet_vs_PerGene
NS5B,PP583976,2j,2u,Comet_vs_PerGene
NS5B,PP583979,2j,2u,Comet_vs_PerGene
NS5B,PP583991,2j,2u,Comet_vs_PerGene
NS5B,PP583995,4l,4c,Comet_vs_PerGene
NS5B,PP583997,2j,2u,Comet_vs_PerGene
NS5B,PP583999,2j,2u,Comet_vs_PerGene
NS5B,PP584009,2j,2u,Comet_vs_PerGene
NS5B,PP584012,4l,4t,Comet_vs_PerGene
NS5B,PQ335095,4a,4c,Comet_vs_PerGene
NS5B,PQ335096,4a,4c,Comet_vs_PerGene
NS5B,PQ335103,4a,4c,Comet_vs_PerGene
NS5B,PQ335105,4a,4c,Comet_vs_PerGene
NS5B,PQ335106,4a,4c,Comet_vs_PerGene
NS5B,PQ335110,4a,4l,Comet_vs_PerGene
NS5B,PQ335116,4a,4c,Comet_vs_PerGene
NS5B,PQ335125,4a,4c,Comet_vs_PerGene
NS5B,PQ335137,4a,4c,Comet_vs_PerGene
NS5B,PQ335139,4a,4c,Comet_vs_PerGene
NS5B,PQ335155,4a,4c,Comet_vs_PerGene
NS5B,ON540744,2b,2t,Comet_vs_PerGene
NS5B,ON314813,2k,2q,Comet_vs_PerGene
NS5B,ON314815,2j,2q,Comet_vs_PerGene
NS5B,ON314816,2j,2v,Comet_vs_PerGene
NS5B,ON314820,2j,2q,Comet_vs_PerGene
NS5B,ON314821,2j,2d,Comet_vs_PerGene
NS5B,ON314823,2j,2k,Comet_vs_PerGene
NS5B,ON314825,2j,2q,Comet_vs_PerGene
NS5B,ON314826,2j,2r,Comet_vs_PerGene
NS5B,PQ365513,3a,3d,Comet_vs_PerGene
NS5B,PQ365524,3a,3e,Comet_vs_PerGene
NS5B,PQ442802,4v,4s,Comet_vs_PerGene
NS5B,PQ442814,4f,4b,Comet_vs_PerGene
NS5B,PQ442816,4f,4b,Comet_vs_PerGene
NS5B,PQ442830,4v,4s,Comet_vs_PerGene
NS5B,PQ442843,4v,4s,Comet_vs_PerGene
NS5B,PQ442845,4v,4s,Comet_vs_PerGene
NS5B,PQ442846,4v,4q,Comet_vs_PerGene
NS5B,PQ442847,4v,4q,Comet_vs_PerGene
NS5B,PQ442870,4v,4q,Comet_vs_PerGene
NS5B,PQ442871,4v,4q,Comet_vs_PerGene
NS5B,PQ442873,4v,4q,Comet_vs_PerGene
NS5B,PQ442874,4v,4q,Comet_vs_PerGene
NS5B,PQ442875,4v,4q,Comet_vs_PerGene
NS5B,PQ442876,4v,4q,Comet_vs_PerGene
NS5B,PQ442888,4v,4q,Comet_vs_PerGene
NS5B,PQ442889,4v,4q,Comet_vs_PerGene
NS5B,PQ442890,4v,4q,Comet_vs_PerGene
NS5B,PQ442891,4v,4q,Comet_vs_PerGene
NS5B,MT633134,4v,7b,Comet_vs_PerGene
NS5B,MT897489,2j,2v,Comet_vs_PerGene
NS5B,MT897490,2a,2v,Comet_vs_PerGene
NS5B,MT897491,2j,2v,Comet_vs_PerGene
NS5B,MT897504,2a,2v,Comet_vs_PerGene
NS5B,MT897518,2j,2v,Comet_vs_PerGene
NS5B,MT897519,2a,2v,Comet_vs_PerGene
NS5B,MT897550,4a,4m,Comet_vs_PerGene
NS5B,MT897593,1b,1d,Comet_vs_PerGene
NS5B,MT897609,1b,1d,Comet_vs_PerGene
NS5B,MT897620,1b,1d,Comet_vs_PerGene
NS5B,MT897621,1b,1d,Comet_vs_PerGene
NS5B,MT897652,1b,1d,Comet_vs_PerGene
NS5B,MT897655,1b,1d,Comet_vs_PerGene
NS5B,MT897667,1b,1d,Comet_vs_PerGene
NS5B,MT897669,1b,1d,Comet_vs_PerGene
NS5B,MT897679,1b,1d,Comet_vs_PerGene
NS5B,MT897705,1b,1d,Comet_vs_PerGene
NS5B,MT897721,1b,1d,Comet_vs_PerGene
NS5B,MT897779,1b,1d,Comet_vs_PerGene
NS5B,MT897793,1b,1d,Comet_vs_PerGene
NS5B,MT897799,1b,1d,Comet_vs_PerGene
NS5B,MT897826,1b,1d,Comet_vs_PerGene
NS5B,MT897827,1b,1d,Comet_vs_PerGene
NS5B,MT897828,1b,1d,Comet_vs_PerGene
NS5B,MT897832,1b,1d,Comet_vs_PerGene
NS5B,MW041294,2j,2c,Comet_vs_PerGene
NS5B,MW041295,2j,2v,Comet_vs_PerGene
NS5B,MW041296,2j,2c,Comet_vs_PerGene
NS5B,MW041297,2j,2v,Comet_vs_PerGene
NS5B,MW041298,2j,2v,Comet_vs_PerGene
NS5B,MW041299,2j,2v,Comet_vs_PerGene
NS5B,MW531222,"unassigned_1, 4a-3h-6h-6d-6h-6d",4a,Comet_vs_PerGene
NS5B,PQ110140,4k,2r,Comet_vs_PerGene
NS5B,PQ110141,2m,2u,Comet_vs_PerGene
NS5B,PQ110142,2q,2u,Comet_vs_PerGene
NS5B,PQ110143,2j,2u,Comet_vs_PerGene
NS5B,PQ110148,2j,2u,Comet_vs_PerGene
NS5B,PQ110149,2q,2u,Comet_vs_PerGene
NS5B,PQ110151,1a,1o,Comet_vs_PerGene
NS5B,PQ110156,2r,2u,Comet_vs_PerGene
NS5B,PQ110158,2m,2u,Comet_vs_PerGene
NS5B,PQ110159,2j,2u,Comet_vs_PerGene
NS5B,PQ110160,2j,2u,Comet_vs_PerGene
NS5B,PQ110161,2j,2u,Comet_vs_PerGene
NS5B,PQ110162,2j,2u,Comet_vs_PerGene
NS5B,PQ110164,2q,2u,Comet_vs_PerGene
NS5B,PQ110165,2j,2u,Comet_vs_PerGene
NS5B,PQ110166,2j,2u,Comet_vs_PerGene
NS5B,PQ110169,2r,2u,Comet_vs_PerGene
NS5B,PQ110172,2j,2u,Comet_vs_PerGene
NS5B,PQ110173,2j,2u,Comet_vs_PerGene
NS5B,PQ110176,1a,1j,Comet_vs_PerGene
NS5B,PQ110178,2j,2u,Comet_vs_PerGene
NS5B,PQ110179,2j,2u,Comet_vs_PerGene
NS5B,PQ110180,2j,2u,Comet_vs_PerGene
NS5B,PQ110184,4m,4p,Comet_vs_PerGene
NS5B,PQ110185,2q,2u,Comet_vs_PerGene
NS5B,PQ110189,2b,2u,Comet_vs_PerGene
NS5B,PQ110191,2j,2u,Comet_vs_PerGene
NS5B,PQ110195,2j,2u,Comet_vs_PerGene
NS5B,PQ110197,1b,4f,Comet_vs_PerGene
NS5B,PQ110198,2a,2u,Comet_vs_PerGene
NS5B,PQ110201,2q,2u,Comet_vs_PerGene
NS5B,PQ110202,4n,4f,Comet_vs_PerGene
NS5B,PQ110203,4o,2r,Comet_vs_PerGene
NS5B,PQ110204,4m,4f,Comet_vs_PerGene
NS5B,PQ110208,4n,4f,Comet_vs_PerGene
NS5B,PQ110210,4v,4l,Comet_vs_PerGene
NS5B,PQ110212,2j,2u,Comet_vs_PerGene
NS5B,PQ110214,4f,4l,Comet_vs_PerGene
NS5B,PQ110216,4d,4p,Comet_vs_PerGene
NS5B,PQ110220,4n,4f,Comet_vs_PerGene
NS5B,PQ110223,2r,2u,Comet_vs_PerGene
NS5B,PQ110230,2j,2u,Comet_vs_PerGene
NS5B,PQ110231,4v,4c,Comet_vs_PerGene
NS5B,PP319952,"unassigned_1, 1b-3g",1b,Comet_vs_PerGene
NS5B,MW689944,"unassigned_1, 1a-2k",1a,Comet_vs_PerGene
NS5B,MW689945,"unassigned_1, 1a-4a",1a,Comet_vs_PerGene
NS5B,MW689963,"unassigned_1, 1a-4a",1a,Comet_vs_PerGene
NS5B,MW689966,1b,1d,Comet_vs_PerGene
NS5B,MW689969,"unassigned_1, 1a-1b",1a,Comet_vs_PerGene
NS5B,MW689971,1b,1d,Comet_vs_PerGene
NS5B,MW689975,1b,1o,Comet_vs_PerGene
NS5B,MW689980,1a,1o,Comet_vs_PerGene
NS5B,MW689981,1a,1o,Comet_vs_PerGene
NS5B,MW689987,"unassigned_1, 1a-4r",1a,Comet_vs_PerGene
NS5B,MW689988,1a,1o,Comet_vs_PerGene
NS5B,MW689993,"unassigned_1, 1a-1b",1a,Comet_vs_PerGene
NS5B,MW689995,"unassigned_1, 1a-4k-1b-4k-1b-4k",1b,Comet_vs_PerGene
NS5B,MW690001,1a,1b,Comet_vs_PerGene
NS5B,MW690004,"unassigned_1, 1a-4o-4v-4o",1a,Comet_vs_PerGene
NS5B,MW690008,"unassigned_1, 1b-4r-1a-4r",1g,Comet_vs_PerGene
NS5B,MW690009,"unassigned_1, 1b-1a",1b,Comet_vs_PerGene
NS5B,MN895095,4v,4p,Comet_vs_PerGene
NS5B,MN895103,2j,2u,Comet_vs_PerGene
NS5B,MN895104,4v,4c,Comet_vs_PerGene
NS5B,MN895107,2m,2u,Comet_vs_PerGene
NS5B,MN895108,4v,4c,Comet_vs_PerGene
NS5B,MN895109,4v,4c,Comet_vs_PerGene
NS5B,MN895110,4v,4c,Comet_vs_PerGene
NS5B,MN895111,2j,2u,Comet_vs_PerGene
NS5B,MN895114,4v,4c,Comet_vs_PerGene
NS5B,MN895117,2j,2u,Comet_vs_PerGene
NS5B,MN895118,2j,2u,Comet_vs_PerGene
NS5B,MN895119,2j,2m,Comet_vs_PerGene
NS5B,MN895120,2a,2u,Comet_vs_PerGene
NS5B,MN895123,2m,2u,Comet_vs_PerGene
NS5B,MN895126,2j,2u,Comet_vs_PerGene
NS5B,MN895127,2m,2u,Comet_vs_PerGene
NS5B,MN895130,2m,2u,Comet_vs_PerGene
NS5B,MN895131,2j,2u,Comet_vs_PerGene
NS5B,MN895132,2b,2a,Comet_vs_PerGene
NS5B,MN895133,2m,2u,Comet_vs_PerGene
NS5B,MN895134,2j,2u,Comet_vs_PerGene
NS5B,MN895136,2b,2a,Comet_vs_PerGene
NS5B,MN895138,2m,2u,Comet_vs_PerGene
NS5B,MT032266,6n,8a,Comet_vs_PerGene
NS5B,MT032267,6n,1g,Comet_vs_PerGene
NS5B,MT032269,6n,8a,Comet_vs_PerGene
NS5B,MT032270,6n,8a,Comet_vs_PerGene
NS5B,MT032272,6n,8a,Comet_vs_PerGene
NS5B,MT032273,6n,1a,Comet_vs_PerGene
NS5B,MT032275,6n,8a,Comet_vs_PerGene
NS5B,MT032276,6n,8a,Comet_vs_PerGene
NS5B,MT032278,6n,8a,Comet_vs_PerGene
NS5B,MT032279,6n,8a,Comet_vs_PerGene
NS5B,MT032280,6n,8a,Comet_vs_PerGene
NS5B,MT113068,3a,3h,Comet_vs_PerGene
NS5B,MT113071,4a,3d,Comet_vs_PerGene
NS5B,MT151024,2j,2r,Comet_vs_PerGene
NS5B,MT151026,1b,1o,Comet_vs_PerGene
NS5B,MT151061,1b,1d,Comet_vs_PerGene
NS5B,MT151062,2a,2v,Comet_vs_PerGene
NS5B,MT151063,1c,1o,Comet_vs_PerGene
NS5B,MT151068,2j,2u,Comet_vs_PerGene
NS5B,MT151076,1c,1o,Comet_vs_PerGene
NS5B,MT151077,1b,1i,Comet_vs_PerGene
NS5B,MT151084,1c,1d,Comet_vs_PerGene
NS5B,MT151085,1h,1d,Comet_vs_PerGene
NS5B,MT151089,1a,1o,Comet_vs_PerGene
NS5B,MT151093,1l,1o,Comet_vs_PerGene
NS5B,MT151095,1b,1o,Comet_vs_PerGene
NS5B,MT151096,1c,1i,Comet_vs_PerGene
NS5B,MT151098,1a,1d,Comet_vs_PerGene
NS5B,MT151100,1c,1o,Comet_vs_PerGene
NS5B,MT512570,"unassigned_1, 1b-6d-6b",1b,Comet_vs_PerGene
NS5B,MT632127,"unassigned_1, 1a-1b",1a,Comet_vs_PerGene
NS5B,PQ660835,"unassigned_1, 1a-4a-4v",1a,Comet_vs_PerGene
NS5B,PQ660852,"unassigned_1, 4a-1a",4a,Comet_vs_PerGene
NS5B,PQ660853,"unassigned_1, 1a-4a",1a,Comet_vs_PerGene
NS5B,PQ660855,"unassigned_1, 1a-4a-4v",1a,Comet_vs_PerGene
NS5B,PQ660857,"unassigned_1, 4a-1a",4a,Comet_vs_PerGene
NS5B,ON256660,2j,2k,Comet_vs_PerGene
NS5B,ON256661,2q,2k,Comet_vs_PerGene
NS5B,ON256663,2c,2l,Comet_vs_PerGene
NS5B,ON256664,2j,2v,Comet_vs_PerGene
NS5B,ON256666,2j,2q,Comet_vs_PerGene
NS5B,PQ666864,1h,5b,Comet_vs_PerGene
NS5B,PQ666867,1h,5b,Comet_vs_PerGene
NS5B,MK252834,6n,8a,Comet_vs_PerGene
NS5B,MK252839,6n,1g,Comet_vs_PerGene
NS5B,MK252847,6n,8a,Comet_vs_PerGene
NS5B,MK252854,6n,8a,Comet_vs_PerGene
NS5B,MK252858,6n,8a,Comet_vs_PerGene
NS5B,MK252866,6n,8a,Comet_vs_PerGene
NS5B,MK252867,6n,1a,Comet_vs_PerGene
NS5B,MK252869,6n,8a,Comet_vs_PerGene
NS5B,MK252870,6n,8a,Comet_vs_PerGene
NS5B,MK252872,6n,8a,Comet_vs_PerGene
NS5B,MK252881,6n,8a,Comet_vs_PerGene
NS5B,MK252888,6n,8a,Comet_vs_PerGene
NS5B,MK291449,"unassigned_1, 1b-2a",1b,Comet_vs_PerGene
NS5B,MK291466,"unassigned_1, 1b-1a",1b,Comet_vs_PerGene
NS5B,MK291467,"unassigned_1, 1b-3g",1b,Comet_vs_PerGene
NS5B,MK291468,"unassigned_1, 1b-2a",1b,Comet_vs_PerGene
NS5B,MK291470,"unassigned_1, 1b-2a",1b,Comet_vs_PerGene
NS5B,MK327981,6w,6g,Comet_vs_PerGene
NS5B,MK327985,6w,6g,Comet_vs_PerGene
NS5B,MK327987,6w,6g,Comet_vs_PerGene
NS5B,MK327989,6w,6xh,Comet_vs_PerGene
NS5B,MK327990,6w,6r,Comet_vs_PerGene
NS5B,MK327991,6w,6xg,Comet_vs_PerGene
NS5B,MK327993,1b,6r,Comet_vs_PerGene
NS5B,MK327994,6w,6xh,Comet_vs_PerGene
NS5B,MK327995,6w,6g,Comet_vs_PerGene
NS5B,MK327996,6w,6xh,Comet_vs_PerGene
NS5B,MK327998,6w,6g,Comet_vs_PerGene
NS5B,MK327999,6w,6g,Comet_vs_PerGene
NS5B,MK328001,6w,6r,Comet_vs_PerGene
NS5B,MK328002,6w,6xh,Comet_vs_PerGene
NS5B,MK328003,6w,6xh,Comet_vs_PerGene
NS5B,MK328004,6a,6p,Comet_vs_PerGene
NS5B,MK328006,6w,6xh,Comet_vs_PerGene
NS5B,MK328007,6w,6g,Comet_vs_PerGene
NS5B,MK328008,6w,6g,Comet_vs_PerGene
NS5B,MK328009,6w,6g,Comet_vs_PerGene
NS5B,MK328010,6w,6xh,Comet_vs_PerGene
NS5B,MK328011,6a,6n,Comet_vs_PerGene
NS5B,MK328012,1b,6g,Comet_vs_PerGene
NS5B,MK328014,6w,6g,Comet_vs_PerGene
NS5B,MK328016,"unassigned_1, 6g-3b",6g,Comet_vs_PerGene
NS5B,MK328018,6w,6g,Comet_vs_PerGene
NS5B,MK328020,6w,6g,Comet_vs_PerGene
NS5B,MK328021,6w,6r,Comet_vs_PerGene
NS5B,MK328023,6w,6n,Comet_vs_PerGene
NS5B,MK328025,6w,6g,Comet_vs_PerGene
NS5B,MK328026,6w,6g,Comet_vs_PerGene
NS5B,MK436251,2j,2q,Comet_vs_PerGene
NS5B,MK436266,2j,2q,Comet_vs_PerGene
NS5B,MK436278,2j,2u,Comet_vs_PerGene
NS5B,MK436286,2j,2u,Comet_vs_PerGene
NS5B,MK436291,2j,2k,Comet_vs_PerGene
NS5B,MK436295,2j,2t,Comet_vs_PerGene
NS5B,MK436298,6s,1a,Comet_vs_PerGene
NS5B,MK436356,6s,1a,Comet_vs_PerGene
NS5B,MK437951,6r,8a,Comet_vs_PerGene
NS5B,MK437954,6e,6xc,Comet_vs_PerGene
NS5B,MK437955,6q,8a,Comet_vs_PerGene
NS5B,MK437957,6r,1e,Comet_vs_PerGene
NS5B,MK437962,6s,1a,Comet_vs_PerGene
NS5B,MK437967,6e,6xc,Comet_vs_PerGene
NS5B,MK437970,6e,6xf,Comet_vs_PerGene
NS5B,MK437971,6e,6xc,Comet_vs_PerGene
NS5B,MK437975,6e,6xc,Comet_vs_PerGene
NS5B,MK437977,6e,6xc,Comet_vs_PerGene
NS5B,MK437978,6e,6xc,Comet_vs_PerGene
NS5B,MK437979,6q,8a,Comet_vs_PerGene
NS5B,MK437984,6r,1m,Comet_vs_PerGene
NS5B,MK437985,6r,1e,Comet_vs_PerGene
NS5B,MK437986,6q,8a,Comet_vs_PerGene
NS5B,MK437988,6e,8a,Comet_vs_PerGene
NS5B,MK437994,6q,8a,Comet_vs_PerGene
NS5B,MK437995,6s,1a,Comet_vs_PerGene
NS5B,MK437997,6q,8a,Comet_vs_PerGene
NS5B,MK438002,6q,8a,Comet_vs_PerGene
NS5B,MK438008,6e,6xc,Comet_vs_PerGene
NS5B,MK438012,6e,6xf,Comet_vs_PerGene
NS5B,MK438013,6q,8a,Comet_vs_PerGene
NS5B,MK438020,6g,6xf,Comet_vs_PerGene
NS5B,MK438021,6e,6p,Comet_vs_PerGene
NS5B,MK438024,6e,8a,Comet_vs_PerGene
NS5B,MK438036,6e,6xc,Comet_vs_PerGene
NS5B,MK438037,6q,8a,Comet_vs_PerGene
NS5B,MK438047,6e,6xc,Comet_vs_PerGene
NS5B,MK438048,6e,6xc,Comet_vs_PerGene
NS5B,MK438049,6q,8a,Comet_vs_PerGene
NS5B,MK438052,6q,8a,Comet_vs_PerGene
NS5B,MK438056,6e,6xc,Comet_vs_PerGene
NS5B,MK438058,6e,6xf,Comet_vs_PerGene
NS5B,MK438061,6e,6xc,Comet_vs_PerGene
NS5B,MK438069,6e,6xf,Comet_vs_PerGene
NS5B,MK438070,6e,6xc,Comet_vs_PerGene
NS5B,MK438073,6e,8a,Comet_vs_PerGene
NS5B,MK438074,6s,1a,Comet_vs_PerGene
NS5B,MK438076,6e,7a,Comet_vs_PerGene
NS5B,MK438084,6e,6xf,Comet_vs_PerGene
NS5B,MK438086,6e,6xc,Comet_vs_PerGene
NS5B,MK438088,6e,6xf,Comet_vs_PerGene
NS5B,MK438090,6e,6xf,Comet_vs_PerGene
NS5B,MK438093,6w,6xf,Comet_vs_PerGene
NS5B,MK438097,6o,6p,Comet_vs_PerGene
NS5B,MK438106,6s,1a,Comet_vs_PerGene
NS5B,MK438108,6e,8a,Comet_vs_PerGene
NS5B,MK438115,6r,1e,Comet_vs_PerGene
NS5B,MK438118,6s,1a,Comet_vs_PerGene
NS5B,MK438129,6e,6xf,Comet_vs_PerGene
NS5B,MK438135,6q,8a,Comet_vs_PerGene
NS5B,MK438144,6e,6xc,Comet_vs_PerGene
NS5B,MK438145,6q,8a,Comet_vs_PerGene
NS5B,MK438151,6e,6xc,Comet_vs_PerGene
NS5B,MK438152,6q,8a,Comet_vs_PerGene
NS5B,MK438157,6e,6xc,Comet_vs_PerGene
NS5B,MK438159,6t,6p,Comet_vs_PerGene
NS5B,MK438160,6q,8a,Comet_vs_PerGene
NS5B,MK438161,6e,6xf,Comet_vs_PerGene
NS5B,MK438163,6q,8a,Comet_vs_PerGene
NS5B,MK438165,6e,6xf,Comet_vs_PerGene
NS5B,MK438176,6q,8a,Comet_vs_PerGene
NS5B,MK438177,6e,6xc,Comet_vs_PerGene
NS5B,MK438178,6e,6xf,Comet_vs_PerGene
NS5B,MK438179,6f,6xf,Comet_vs_PerGene
NS5B,MK438189,6e,6xf,Comet_vs_PerGene
NS5B,MK438192,6q,8a,Comet_vs_PerGene
NS5B,MK438194,6i,6p,Comet_vs_PerGene
NS5B,MK438204,6p,8a,Comet_vs_PerGene
NS5B,MK438207,6e,6p,Comet_vs_PerGene
NS5B,MK438211,6e,6xf,Comet_vs_PerGene
NS5B,MK438220,6e,6xf,Comet_vs_PerGene
NS5B,MK438222,6e,6p,Comet_vs_PerGene
NS5B,MK438223,6q,8a,Comet_vs_PerGene
NS5B,MK438225,6q,8a,Comet_vs_PerGene
NS5B,MK438228,6q,8a,Comet_vs_PerGene
NS5B,MK438240,6e,7a,Comet_vs_PerGene
NS5B,MK438247,6r,1e,Comet_vs_PerGene
NS5B,MK438253,6q,8a,Comet_vs_PerGene
NS5B,MK438255,6s,1a,Comet_vs_PerGene
NS5B,MK438265,6r,1e,Comet_vs_PerGene
NS5B,MK438267,6e,6xc,Comet_vs_PerGene
NS5B,MK438273,6e,6u,Comet_vs_PerGene
NS5B,MK438288,6s,1a,Comet_vs_PerGene
NS5B,MK438298,6e,6xf,Comet_vs_PerGene
NS5B,MK438305,6e,3d,Comet_vs_PerGene
NS5B,MK438307,6e,8a,Comet_vs_PerGene
NS5B,MK438309,6e,6xf,Comet_vs_PerGene
NS5B,MK438310,6h,8a,Comet_vs_PerGene
NS5B,MK438316,6s,1j,Comet_vs_PerGene
NS5B,MK438317,6e,6xc,Comet_vs_PerGene
NS5B,MK438323,6r,1e,Comet_vs_PerGene
NS5B,MK438324,6t,8a,Comet_vs_PerGene
NS5B,MK438347,6e,6xf,Comet_vs_PerGene
NS5B,MK438348,6q,3d,Comet_vs_PerGene
NS5B,MK438349,6q,8a,Comet_vs_PerGene
NS5B,MK438351,6e,6xc,Comet_vs_PerGene
NS5B,MK438363,6q,8a,Comet_vs_PerGene
NS5B,MK438364,6q,8a,Comet_vs_PerGene
NS5B,MK438366,6s,1a,Comet_vs_PerGene
NS5B,MK438369,6e,8a,Comet_vs_PerGene
NS5B,MK438372,6w,6p,Comet_vs_PerGene
NS5B,MK438373,6r,1e,Comet_vs_PerGene
NS5B,MK438377,6e,6xf,Comet_vs_PerGene
NS5B,MK438379,6s,1a,Comet_vs_PerGene
NS5B,MK438388,6e,6xc,Comet_vs_PerGene
NS5B,MK438389,6q,8a,Comet_vs_PerGene
NS5B,MK438396,6q,8a,Comet_vs_PerGene
NS5B,MK438400,6e,7a,Comet_vs_PerGene
NS5B,MK438407,6q,8a,Comet_vs_PerGene
NS5B,MK438412,6e,6xf,Comet_vs_PerGene
NS5B,MK438419,3g,6xf,Comet_vs_PerGene
NS5B,MK438423,6q,8a,Comet_vs_PerGene
NS5B,MK438424,6q,8a,Comet_vs_PerGene
NS5B,MK438427,6r,8a,Comet_vs_PerGene
NS5B,MK438432,6e,6xc,Comet_vs_PerGene
NS5B,MK438433,6e,6xc,Comet_vs_PerGene
NS5B,MK438446,6e,6xf,Comet_vs_PerGene
NS5B,MK438448,6q,8a,Comet_vs_PerGene
NS5B,MK438449,6e,6xf,Comet_vs_PerGene
NS5B,MK438452,6e,6xf,Comet_vs_PerGene
NS5B,MK438462,6e,6xf,Comet_vs_PerGene
NS5B,MK438468,6r,1e,Comet_vs_PerGene
NS5B,MK438490,6s,1a,Comet_vs_PerGene
NS5B,MK438492,6e,6xc,Comet_vs_PerGene
NS5B,MK438499,6h,8a,Comet_vs_PerGene
NS5B,MK438505,6e,8a,Comet_vs_PerGene
NS5B,MK438509,6q,8a,Comet_vs_PerGene
NS5B,MK438515,6f,6xf,Comet_vs_PerGene
NS5B,MK438519,6q,8a,Comet_vs_PerGene
NS5B,MK438522,6q,3d,Comet_vs_PerGene
NS5B,MK438524,6e,6xc,Comet_vs_PerGene
NS5B,MK438530,6s,1a,Comet_vs_PerGene
NS5B,MK438541,6s,1a,Comet_vs_PerGene
NS5B,MK438544,6q,8a,Comet_vs_PerGene
NS5B,MK438547,6q,8a,Comet_vs_PerGene
NS5B,MK438549,6e,8a,Comet_vs_PerGene
NS5B,MK438552,6q,8a,Comet_vs_PerGene
NS5B,MK438557,6e,6xc,Comet_vs_PerGene
NS5B,MK438559,6q,3d,Comet_vs_PerGene
NS5B,MK438562,6e,6xf,Comet_vs_PerGene
NS5B,MK438573,6q,8a,Comet_vs_PerGene
NS5B,MK438584,6q,8a,Comet_vs_PerGene
NS5B,MK438585,6q,8a,Comet_vs_PerGene
NS5B,MK438586,6s,1a,Comet_vs_PerGene
NS5B,MK438595,6s,1a,Comet_vs_PerGene
NS5B,MK438599,6e,6xf,Comet_vs_PerGene
NS5B,MK438620,6e,8a,Comet_vs_PerGene
NS5B,MK438626,6e,7a,Comet_vs_PerGene
NS5B,MK438628,6q,8a,Comet_vs_PerGene
NS5B,MK438630,6e,6xc,Comet_vs_PerGene
NS5B,MK438631,6r,8a,Comet_vs_PerGene
NS5B,MK438636,6q,8a,Comet_vs_PerGene
NS5B,MK438645,6e,6xc,Comet_vs_PerGene
NS5B,MK438649,6w,6p,Comet_vs_PerGene
NS5B,MK438653,6q,8a,Comet_vs_PerGene
NS5B,MK438657,6e,8a,Comet_vs_PerGene
NS5B,MK438673,6e,6xc,Comet_vs_PerGene
NS5B,MK438697,6e,6xc,Comet_vs_PerGene
NS5B,MK438700,6q,8a,Comet_vs_PerGene
NS5B,MK438703,6e,6xf,Comet_vs_PerGene
NS5B,MK438706,6q,3e,Comet_vs_PerGene
NS5B,MK438707,6e,6p,Comet_vs_PerGene
NS5B,MK438713,6q,3d,Comet_vs_PerGene
NS5B,MK438722,6e,6xc,Comet_vs_PerGene
NS5B,MK438723,6r,8a,Comet_vs_PerGene
NS5B,MK438724,6q,8a,Comet_vs_PerGene
NS5B,MK438726,6e,6xc,Comet_vs_PerGene
NS5B,MK438727,6e,6xc,Comet_vs_PerGene
NS5B,MK438731,6s,1a,Comet_vs_PerGene
NS5B,MK438736,6e,6xc,Comet_vs_PerGene
NS5B,MK438740,6e,8a,Comet_vs_PerGene
NS5B,MK438746,6e,6xc,Comet_vs_PerGene
NS5B,MK438750,6l,1n,Comet_vs_PerGene
NS5B,MK438751,6s,1a,Comet_vs_PerGene
NS5B,MK438758,6e,6xf,Comet_vs_PerGene
NS5B,MK438760,6q,8a,Comet_vs_PerGene
NS5B,MK438770,6p,8a,Comet_vs_PerGene
NS5B,MK438772,6q,8a,Comet_vs_PerGene
NS5B,MK438773,6s,1e,Comet_vs_PerGene
NS5B,MK438784,6q,8a,Comet_vs_PerGene
NS5B,MK438787,6r,1e,Comet_vs_PerGene
NS5B,MK438790,6q,8a,Comet_vs_PerGene
NS5B,MK438791,6s,1a,Comet_vs_PerGene
NS5B,MK438803,6e,8a,Comet_vs_PerGene
NS5B,MK438804,6q,8a,Comet_vs_PerGene
NS5B,MK438810,6r,1e,Comet_vs_PerGene
NS5B,MK438831,6l,6xf,Comet_vs_PerGene
NS5B,MK438832,6s,1a,Comet_vs_PerGene
NS5B,MK438833,6w,6xf,Comet_vs_PerGene
NS5B,MK438835,6w,6xf,Comet_vs_PerGene
NS5B,MK438840,6o,1d,Comet_vs_PerGene
NS5B,MK438844,6q,8a,Comet_vs_PerGene
NS5B,MK438848,6q,8a,Comet_vs_PerGene
NS5B,MK438849,6w,6xf,Comet_vs_PerGene
NS5B,MK438850,6e,6p,Comet_vs_PerGene
NS5B,MK438852,6e,8a,Comet_vs_PerGene
NS5B,MK438853,6e,7a,Comet_vs_PerGene
NS5B,MK438857,6r,3k,Comet_vs_PerGene
NS5B,MK438862,6l,6xf,Comet_vs_PerGene
NS5B,MK438867,6q,8a,Comet_vs_PerGene
NS5B,MK438868,6q,8a,Comet_vs_PerGene
NS5B,MK438874,6s,1a,Comet_vs_PerGene
NS5B,MK438881,6e,6xf,Comet_vs_PerGene
NS5B,MK438882,6s,1a,Comet_vs_PerGene
NS5B,MK438883,6s,1a,Comet_vs_PerGene
NS5B,MK438886,6s,1a,Comet_vs_PerGene
NS5B,MK438894,6q,8a,Comet_vs_PerGene
NS5B,MK438900,6s,1a,Comet_vs_PerGene
NS5B,MK438902,6e,6xf,Comet_vs_PerGene
NS5B,MK438904,6e,6xc,Comet_vs_PerGene
NS5B,MK438907,6q,8a,Comet_vs_PerGene
NS5B,MK438912,6q,3d,Comet_vs_PerGene
NS5B,MK438926,6f,6xf,Comet_vs_PerGene
NS5B,MK438932,6s,1a,Comet_vs_PerGene
NS5B,MK438933,6e,8a,Comet_vs_PerGene
NS5B,MK438940,6e,6xc,Comet_vs_PerGene
NS5B,MK438941,6s,1a,Comet_vs_PerGene
NS5B,MK438942,6q,8a,Comet_vs_PerGene
NS5B,MK438945,6e,8a,Comet_vs_PerGene
NS5B,MK438946,6s,1a,Comet_vs_PerGene
NS5B,MK438956,6e,6xc,Comet_vs_PerGene
NS5B,MK438959,6r,8a,Comet_vs_PerGene
NS5B,MK438960,6s,1a,Comet_vs_PerGene
NS5B,MK438961,6w,6xf,Comet_vs_PerGene
NS5B,MK438966,6q,8a,Comet_vs_PerGene
NS5B,MK438969,6e,8a,Comet_vs_PerGene
NS5B,MK438970,6r,1e,Comet_vs_PerGene
NS5B,MK438972,6q,8a,Comet_vs_PerGene
NS5B,MK438974,6r,1e,Comet_vs_PerGene
NS5B,MK438975,6e,6xf,Comet_vs_PerGene
NS5B,MK438982,6e,6xc,Comet_vs_PerGene
NS5B,MK438985,6e,6xc,Comet_vs_PerGene
NS5B,MK438989,6s,1a,Comet_vs_PerGene
NS5B,MK438999,6q,8a,Comet_vs_PerGene
NS5B,MK439001,6e,6xc,Comet_vs_PerGene
NS5B,MK439003,6q,8a,Comet_vs_PerGene
NS5B,MK439007,6r,8a,Comet_vs_PerGene
NS5B,MK439009,6s,1a,Comet_vs_PerGene
NS5B,MK439010,6q,3d,Comet_vs_PerGene
NS5B,MK439016,6q,8a,Comet_vs_PerGene
NS5B,MK439024,6s,1a,Comet_vs_PerGene
NS5B,MK439045,6w,6xf,Comet_vs_PerGene
NS5B,MK439049,6r,8a,Comet_vs_PerGene
NS5B,MK439056,6s,1a,Comet_vs_PerGene
NS5B,MK439062,6e,6u,Comet_vs_PerGene
NS5B,MK439063,6q,8a,Comet_vs_PerGene
NS5B,MK439066,6e,6u,Comet_vs_PerGene
NS5B,MK439070,6e,6xf,Comet_vs_PerGene
NS5B,MK439071,6s,1a,Comet_vs_PerGene
NS5B,MK439074,6q,8a,Comet_vs_PerGene
NS5B,MK439080,6e,6xf,Comet_vs_PerGene
NS5B,MK439084,6s,1a,Comet_vs_PerGene
NS5B,MK439086,6e,6xf,Comet_vs_PerGene
NS5B,MK439088,6s,1a,Comet_vs_PerGene
NS5B,MK439089,6g,6xf,Comet_vs_PerGene
NS5B,MK439090,6e,6xf,Comet_vs_PerGene
NS5B,MK439091,6g,6xf,Comet_vs_PerGene
NS5B,MK439092,6q,8a,Comet_vs_PerGene
NS5B,MK439093,6f,6xf,Comet_vs_PerGene
NS5B,MK439095,6e,6xf,Comet_vs_PerGene
NS5B,MK439101,6e,6xc,Comet_vs_PerGene
NS5B,MK439102,6e,8a,Comet_vs_PerGene
NS5B,MK439106,6e,6xc,Comet_vs_PerGene
NS5B,MK439111,6s,1a,Comet_vs_PerGene
NS5B,MK439116,6e,1d,Comet_vs_PerGene
NS5B,MK439118,6r,8a,Comet_vs_PerGene
NS5B,MK439127,6r,8a,Comet_vs_PerGene
NS5B,MK439128,6r,1e,Comet_vs_PerGene
NS5B,MK439130,6q,8a,Comet_vs_PerGene
NS5B,MK439131,6q,8a,Comet_vs_PerGene
NS5B,MK439138,6e,6xc,Comet_vs_PerGene
NS5B,MK439139,6q,8a,Comet_vs_PerGene
NS5B,MK439143,6q,8a,Comet_vs_PerGene
NS5B,MK439144,6r,1e,Comet_vs_PerGene
NS5B,MK439147,6q,7a,Comet_vs_PerGene
NS5B,MK439148,6e,6xf,Comet_vs_PerGene
NS5B,MK439153,6f,6xf,Comet_vs_PerGene
NS5B,MK439154,6e,6xc,Comet_vs_PerGene
NS5B,MK439155,6p,8a,Comet_vs_PerGene
NS5B,MK439159,6q,8a,Comet_vs_PerGene
NS5B,MK439161,6e,6xc,Comet_vs_PerGene
NS5B,MK439164,6e,6xf,Comet_vs_PerGene
NS5B,MK439169,6s,1a,Comet_vs_PerGene
NS5B,MK439177,6e,7a,Comet_vs_PerGene
NS5B,MK439179,6q,8a,Comet_vs_PerGene
NS5B,MK439180,6s,1a,Comet_vs_PerGene
NS5B,MK439183,6s,1a,Comet_vs_PerGene
NS5B,MK439191,6q,8a,Comet_vs_PerGene
NS5B,MK439207,6r,1m,Comet_vs_PerGene
NS5B,MK439208,6e,6xc,Comet_vs_PerGene
NS5B,MK439215,6e,8a,Comet_vs_PerGene
NS5B,MK439220,6q,8a,Comet_vs_PerGene
NS5B,MK439222,6e,6u,Comet_vs_PerGene
NS5B,MK439225,6r,1d,Comet_vs_PerGene
NS5B,MK439228,6e,8a,Comet_vs_PerGene
NS5B,MK439229,6e,6xc,Comet_vs_PerGene
NS5B,MK439241,6e,6xc,Comet_vs_PerGene
NS5B,MK439250,3a,6r,Comet_vs_PerGene
NS5B,MK439251,6q,8a,Comet_vs_PerGene
NS5B,MK439257,6q,8a,Comet_vs_PerGene
NS5B,MK439263,6e,6xf,Comet_vs_PerGene
NS5B,MK439271,6e,6xf,Comet_vs_PerGene
NS5B,MK439278,6r,8a,Comet_vs_PerGene
NS5B,MK439281,6s,1a,Comet_vs_PerGene
NS5B,MK439282,6f,8a,Comet_vs_PerGene
NS5B,MK439283,6q,8a,Comet_vs_PerGene
NS5B,MK439284,6q,3b,Comet_vs_PerGene
NS5B,MK439285,6q,2u,Comet_vs_PerGene
NS5B,MK439287,6q,8a,Comet_vs_PerGene
NS5B,MK439290,6w,6xf,Comet_vs_PerGene
NS5B,MK439302,6f,8a,Comet_vs_PerGene
NS5B,MK439304,6p,8a,Comet_vs_PerGene
NS5B,MK439308,6e,8a,Comet_vs_PerGene
NS5B,MK439317,6f,6xf,Comet_vs_PerGene
NS5B,MK439320,6q,8a,Comet_vs_PerGene
NS5B,MK439321,6q,8a,Comet_vs_PerGene
NS5B,MK439326,6e,6xf,Comet_vs_PerGene
NS5B,MK439329,6q,8a,Comet_vs_PerGene
NS5B,MK439331,6g,3d,Comet_vs_PerGene
NS5B,MK439337,6r,1e,Comet_vs_PerGene
NS5B,MK439338,6e,6xc,Comet_vs_PerGene
NS5B,MK439340,6q,8a,Comet_vs_PerGene
NS5B,MK439343,6q,3d,Comet_vs_PerGene
NS5B,MK439349,6e,6xc,Comet_vs_PerGene
NS5B,MK439361,6s,1a,Comet_vs_PerGene
NS5B,MK439362,6q,8a,Comet_vs_PerGene
NS5B,MK439365,6e,7a,Comet_vs_PerGene
NS5B,MK439371,6q,8a,Comet_vs_PerGene
NS5B,MK439377,6e,6xc,Comet_vs_PerGene
NS5B,MK468928,6w,6g,Comet_vs_PerGene
NS5B,MK527508,"unassigned_1, 1b-2j-2k",1b,Comet_vs_PerGene
NS5B,MK527509,"unassigned_1, 1b-2j-2k",1b,Comet_vs_PerGene
NS5B,MK548362,"unassigned_1, 1a-2b",1a,Comet_vs_PerGene
NS5B,MK548363,"unassigned_1, 1a-2b",1a,Comet_vs_PerGene
NS5B,MK548364,"unassigned_1, 1a-2b",1a,Comet_vs_PerGene
NS5B,MK548365,"unassigned_1, 1a-2b",1a,Comet_vs_PerGene
NS5B,MK548366,"unassigned_1, 1a-2b",1a,Comet_vs_PerGene
NS5B,MK548367,"unassigned_1, 1a-2b",1a,Comet_vs_PerGene
NS5B,MK548368,"unassigned_1, 1a-2b",1a,Comet_vs_PerGene
NS5B,MK548369,"unassigned_1, 1a-2b",1a,Comet_vs_PerGene
NS5B,MK962421,1b,1d,Comet_vs_PerGene
NS5B,MK962422,1b,1i,Comet_vs_PerGene
NS5B,MK962423,1l,1a,Comet_vs_PerGene
NS5B,MK962426,4a,4c,Comet_vs_PerGene
NS5B,MK962433,2b,2l,Comet_vs_PerGene
NS5B,MK962438,4l,4b,Comet_vs_PerGene
NS5B,MK962439,2j,2v,Comet_vs_PerGene
NS5B,MK990309,2m,2d,Comet_vs_PerGene
NS5B,MK990310,2j,2v,Comet_vs_PerGene
NS5B,MK990311,2j,2c,Comet_vs_PerGene
NS5B,MK990312,2j,2r,Comet_vs_PerGene
NS5B,MK990313,2j,2a,Comet_vs_PerGene
NS5B,MK990314,2j,2k,Comet_vs_PerGene
NS5B,MK990315,2j,2c,Comet_vs_PerGene
NS5B,MK990316,2b,2v,Comet_vs_PerGene
NS5B,MK990317,2j,2v,Comet_vs_PerGene
NS5B,MN164845,1a,1o,Comet_vs_PerGene
NS5B,MN164846,1a,1o,Comet_vs_PerGene
NS5B,MN164847,1a,1o,Comet_vs_PerGene
NS5B,MN164848,"unassigned_1, 1a-1l",1l,Comet_vs_PerGene
NS5B,MN164849,1a,1c,Comet_vs_PerGene
NS5B,MN164850,"unassigned_1, 1a-1c",1o,Comet_vs_PerGene
NS5B,MN164851,"unassigned_1, 1b-1a",1d,Comet_vs_PerGene
NS5B,MN164852,1a,1c,Comet_vs_PerGene
NS5B,MN164853,"unassigned_1, 1a-1b",1d,Comet_vs_PerGene
NS5B,MN164854,"unassigned_1, 1a-1l",1l,Comet_vs_PerGene
NS5B,MN164855,"unassigned_1, 1b-1a",1d,Comet_vs_PerGene
NS5B,MN164856,1a,1h,Comet_vs_PerGene
NS5B,MN164857,"unassigned_1, 1a-4a",1a,Comet_vs_PerGene
NS5B,MN164858,1a,1o,Comet_vs_PerGene
NS5B,MN164859,1a,1o,Comet_vs_PerGene
NS5B,MN164862,"unassigned_1, 1a-1b",1a,Comet_vs_PerGene
NS5B,MN164863,1a,1b,Comet_vs_PerGene
NS5B,MN164867,1a,1o,Comet_vs_PerGene
NS5B,MN164868,"unassigned_1, 1a-1b",1d,Comet_vs_PerGene
NS5B,MN164870,"unassigned_1, 1l-1a-1b",1l,Comet_vs_PerGene
NS5B,MN164871,1a,1o,Comet_vs_PerGene
NS5B,MN164872,1a,1c,Comet_vs_PerGene
NS5B,MN164873,"unassigned_1, 1b-1a",1h,Comet_vs_PerGene
NS5B,MN164874,"unassigned_1, 1b-1a",1h,Comet_vs_PerGene
NS5B,MN164876,"unassigned_1, 1b-1a",1h,Comet_vs_PerGene
NS5B,MN164877,"unassigned_1, 1l-1a",1l,Comet_vs_PerGene
NS5B,MN208523,1a,1e,Comet_vs_PerGene
NS5B,MN208543,1a,1e,Comet_vs_PerGene
NS5B,MN208545,1a,1g,Comet_vs_PerGene
NS5B,MN208590,1b,1o,Comet_vs_PerGene
NS5B,MN208591,1b,1o,Comet_vs_PerGene
NS5B,MN208592,1b,1o,Comet_vs_PerGene
NS5B,MN208593,1b,1o,Comet_vs_PerGene
NS5B,MN208594,1b,1o,Comet_vs_PerGene
NS5B,MN208595,1b,1o,Comet_vs_PerGene
NS5B,MN208596,1c,1d,Comet_vs_PerGene
NS5B,MN208597,1c,1d,Comet_vs_PerGene
NS5B,MN208600,1a,1g,Comet_vs_PerGene
NS5B,MN208601,1b,1l,Comet_vs_PerGene
NS5B,MN208602,1a,1o,Comet_vs_PerGene
NS5B,MN208603,2j,2u,Comet_vs_PerGene
NS5B,MN208604,2j,2u,Comet_vs_PerGene
NS5B,MN208605,2b,2u,Comet_vs_PerGene
NS5B,MN208606,2j,2u,Comet_vs_PerGene
NS5B,MN208607,2q,2u,Comet_vs_PerGene
NS5B,MN208608,2j,2u,Comet_vs_PerGene
NS5B,MN208609,2b,2u,Comet_vs_PerGene
NS5B,MN208610,2j,2u,Comet_vs_PerGene
NS5B,MN208611,2a,2u,Comet_vs_PerGene
NS5B,MN208612,2m,2u,Comet_vs_PerGene
NS5B,MN208613,2j,2u,Comet_vs_PerGene
NS5B,MN208614,2j,2u,Comet_vs_PerGene
NS5B,MN208615,2j,2u,Comet_vs_PerGene
NS5B,MN208616,2q,2u,Comet_vs_PerGene
NS5B,MN208617,2j,2u,Comet_vs_PerGene
NS5B,MN208618,2q,2u,Comet_vs_PerGene
NS5B,MN208619,2a,2u,Comet_vs_PerGene
NS5B,MN208620,2j,2u,Comet_vs_PerGene
NS5B,MN208621,2j,2u,Comet_vs_PerGene
NS5B,MN208622,2j,2u,Comet_vs_PerGene
NS5B,MN208623,2m,2u,Comet_vs_PerGene
NS5B,MN208624,2m,2u,Comet_vs_PerGene
NS5B,MN208626,2j,2u,Comet_vs_PerGene
NS5B,MN208627,2a,2u,Comet_vs_PerGene
NS5B,MN208628,2q,2u,Comet_vs_PerGene
NS5B,MN208629,2j,2u,Comet_vs_PerGene
NS5B,MN208631,2j,2u,Comet_vs_PerGene
NS5B,MN208632,2j,2u,Comet_vs_PerGene
NS5B,MN208633,2a,2u,Comet_vs_PerGene
NS5B,MN208634,2j,2u,Comet_vs_PerGene
NS5B,MN208635,2j,2u,Comet_vs_PerGene
NS5B,MN208636,2b,2u,Comet_vs_PerGene
NS5B,MN208637,2j,2u,Comet_vs_PerGene
NS5B,MN208638,2a,2u,Comet_vs_PerGene
NS5B,MN208639,2m,2u,Comet_vs_PerGene
NS5B,MN208640,2j,2r,Comet_vs_PerGene
NS5B,MN208641,2j,2u,Comet_vs_PerGene
NS5B,MN208642,2j,2u,Comet_vs_PerGene
NS5B,MN208643,2j,2u,Comet_vs_PerGene
NS5B,MN208644,2m,2u,Comet_vs_PerGene
NS5B,MN208645,2j,2u,Comet_vs_PerGene
NS5B,MN208646,2j,2u,Comet_vs_PerGene
NS5B,MN208647,2m,2u,Comet_vs_PerGene
NS5B,MN208648,2a,2u,Comet_vs_PerGene
NS5B,MN208649,2m,2u,Comet_vs_PerGene
NS5B,MN208650,2m,2u,Comet_vs_PerGene
NS5B,MN208651,2j,2u,Comet_vs_PerGene
NS5B,MN208652,2j,2u,Comet_vs_PerGene
NS5B,MN208653,2j,2u,Comet_vs_PerGene
NS5B,MN208654,2m,2u,Comet_vs_PerGene
NS5B,MN208655,2j,2u,Comet_vs_PerGene
NS5B,MN208656,2j,2u,Comet_vs_PerGene
NS5B,MN208657,2j,2u,Comet_vs_PerGene
NS5B,MN208658,2j,2u,Comet_vs_PerGene
NS5B,MN208659,2j,2u,Comet_vs_PerGene
NS5B,MN208660,2j,2u,Comet_vs_PerGene
NS5B,MN208661,2j,2u,Comet_vs_PerGene
NS5B,MN208662,2j,2u,Comet_vs_PerGene
NS5B,MN208663,2j,2u,Comet_vs_PerGene
NS5B,MN208664,2j,2u,Comet_vs_PerGene
NS5B,MN208665,2j,2u,Comet_vs_PerGene
NS5B,MN208666,2j,2u,Comet_vs_PerGene
NS5B,MN208667,2a,2u,Comet_vs_PerGene
NS5B,MN208668,2a,2u,Comet_vs_PerGene
NS5B,MN208669,2j,2u,Comet_vs_PerGene
NS5B,MN208670,2m,2u,Comet_vs_PerGene
NS5B,MN208671,2j,2u,Comet_vs_PerGene
NS5B,MN208672,2j,2u,Comet_vs_PerGene
NS5B,MN208673,2j,2u,Comet_vs_PerGene
NS5B,MN208674,2j,2u,Comet_vs_PerGene
NS5B,MN208675,2j,2u,Comet_vs_PerGene
NS5B,MN208676,2j,2u,Comet_vs_PerGene
NS5B,MN208677,2j,2u,Comet_vs_PerGene
NS5B,MN208678,2j,2u,Comet_vs_PerGene
NS5B,MN208679,2j,2u,Comet_vs_PerGene
NS5B,MN208680,2b,2u,Comet_vs_PerGene
NS5B,MN208681,2j,2q,Comet_vs_PerGene
NS5B,MN208682,2a,2u,Comet_vs_PerGene
NS5B,MN208683,2j,2u,Comet_vs_PerGene
NS5B,MN208686,2b,2t,Comet_vs_PerGene
NS5B,MN208773,4v,4p,Comet_vs_PerGene
NS5B,MN208785,4v,4p,Comet_vs_PerGene
NS5B,MN208789,4v,4p,Comet_vs_PerGene
NS5B,MN208790,4v,4p,Comet_vs_PerGene
NS5B,MN208791,4v,4p,Comet_vs_PerGene
NS5B,MN208792,4f,4p,Comet_vs_PerGene
NS5B,MN208793,4m,4p,Comet_vs_PerGene
NS5B,MN208794,4v,4p,Comet_vs_PerGene
NS5B,MN208795,4v,4p,Comet_vs_PerGene
NS5B,MN208796,4v,4p,Comet_vs_PerGene
NS5B,MN208797,4v,4p,Comet_vs_PerGene
NS5B,MN208798,4l,4t,Comet_vs_PerGene
NS5B,MN208805,4l,4t,Comet_vs_PerGene
NS5B,MN208806,4v,4p,Comet_vs_PerGene
NS5B,MN208807,4v,4c,Comet_vs_PerGene
NS5B,MN208808,4a,4c,Comet_vs_PerGene
NS5B,MN208809,4a,4c,Comet_vs_PerGene
NS5B,MN208810,4v,4c,Comet_vs_PerGene
NS5B,MN208811,4a,4c,Comet_vs_PerGene
NS5B,MN208813,4n,4l,Comet_vs_PerGene
NS5B,MN208816,4d,4l,Comet_vs_PerGene
NS5B,MN208817,4a,4m,Comet_vs_PerGene
NS5B,MN208818,4a,4l,Comet_vs_PerGene
NS5B,MN208819,4v,4m,Comet_vs_PerGene
NS5B,MN208820,4a,4o,Comet_vs_PerGene
NS5B,MN208821,4v,4l,Comet_vs_PerGene
NS5B,MN208822,4v,4p,Comet_vs_PerGene
NS5B,MN240359,6w,6xa,Comet_vs_PerGene
NS5B,LC773640,4a,4c,Comet_vs_PerGene
NS5B,MF000447,4k,4v,Comet_vs_PerGene
NS5B,MF000452,4v,4q,Comet_vs_PerGene
NS5B,MF000453,4v,4l,Comet_vs_PerGene
NS5B,MF000455,4v,4q,Comet_vs_PerGene
NS5B,MF182773,6e,6xc,Comet_vs_PerGene
NS5B,MF182793,6a,6q,Comet_vs_PerGene
NS5B,MF182832,6e,6c,Comet_vs_PerGene
NS5B,MF182849,6i,4o,Comet_vs_PerGene
NS5B,MF986829,2j,3b,Comet_vs_PerGene
NS5B,MF986939,6n,1m,Comet_vs_PerGene
NS5B,MF986940,6n,1m,Comet_vs_PerGene
NS5B,MF986947,6g,1m,Comet_vs_PerGene
NS5B,MG406987,"unassigned_1, 2a-1b",2a,Comet_vs_PerGene
NS5B,MG406988,"unassigned_1, 2a-2b",2a,Comet_vs_PerGene
NS5B,MG428679,"unassigned_1, 3a-1a",3a,Comet_vs_PerGene
NS5B,MG453163,6h,8a,Comet_vs_PerGene
NS5B,MG453216,2a,2q,Comet_vs_PerGene
NS5B,MG453232,1c,1o,Comet_vs_PerGene
NS5B,MG453242,2j,2f,Comet_vs_PerGene
NS5B,MG453243,1b,1d,Comet_vs_PerGene
NS5B,MG453275,2k,2u,Comet_vs_PerGene
NS5B,MG453278,1b,1c,Comet_vs_PerGene
NS5B,MG453310,2j,2v,Comet_vs_PerGene
NS5B,MG453346,2b,2l,Comet_vs_PerGene
NS5B,MG453347,6w,7b,Comet_vs_PerGene
NS5B,MG453354,2b,2t,Comet_vs_PerGene
NS5B,MG453397,2a,2r,Comet_vs_PerGene
NS5B,MG453400,2a,2q,Comet_vs_PerGene
NS5B,MG453421,2j,2u,Comet_vs_PerGene
NS5B,MG453447,6l,6xb,Comet_vs_PerGene
NS5B,MG453461,6e,6xc,Comet_vs_PerGene
NS5B,MG453470,2j,2l,Comet_vs_PerGene
NS5B,MG453496,2a,2k,Comet_vs_PerGene
NS5B,MG453513,1a,1e,Comet_vs_PerGene
NS5B,MG453523,2q,2k,Comet_vs_PerGene
NS5B,MG453568,6l,1n,Comet_vs_PerGene
NS5B,MG453581,4v,4l,Comet_vs_PerGene
NS5B,MG453624,2a,2b,Comet_vs_PerGene
NS5B,MG454163,2q,2u,Comet_vs_PerGene
NS5B,MG454173,2j,2r,Comet_vs_PerGene
NS5B,MG454213,2c,2k,Comet_vs_PerGene
NS5B,MG454228,1b,1i,Comet_vs_PerGene
NS5B,MG454445,2a,2u,Comet_vs_PerGene
NS5B,MG454456,6e,7a,Comet_vs_PerGene
NS5B,MG454526,4v,4p,Comet_vs_PerGene
NS5B,MG454573,4a,4c,Comet_vs_PerGene
NS5B,MG454597,4a,4l,Comet_vs_PerGene
NS5B,MG454608,1b,1d,Comet_vs_PerGene
NS5B,MG454650,2a,2q,Comet_vs_PerGene
NS5B,MG717926,"unassigned_1, 6a-3h-6b-6h-3h",6a,Comet_vs_PerGene
NS5B,MG717927,"unassigned_1, 6a-3h-6h",6a,Comet_vs_PerGene
NS5B,MG717928,"unassigned_1, 6a-3h-6h",6a,Comet_vs_PerGene
NS5B,MG717929,"unassigned_1, 6a-3h-6b-6h-3h",6a,Comet_vs_PerGene
NS5B,MG717930,"unassigned_1, 6a-3h-6h",6a,Comet_vs_PerGene
NS5B,MG821780,2b,2t,Comet_vs_PerGene
NS5B,MG821781,2b,2t,Comet_vs_PerGene
NS5B,MG821782,2j,2a,Comet_vs_PerGene
NS5B,PP164867,6i,1m,Comet_vs_PerGene
NS5B,PP164868,6i,1m,Comet_vs_PerGene
NS5B,PP164869,6i,1m,Comet_vs_PerGene
NS5B,PP164870,6i,1m,Comet_vs_PerGene
NS5B,PP164871,6i,1m,Comet_vs_PerGene
NS5B,PP164872,6i,1m,Comet_vs_PerGene
NS5B,PP164873,6i,1d,Comet_vs_PerGene
NS5B,PP164874,6i,1m,Comet_vs_PerGene
NS5B,PP164908,6i,1m,Comet_vs_PerGene
NS5B,PP164962,6i,1m,Comet_vs_PerGene
NS5B,ON156334,6v,2a,Comet_vs_PerGene
NS5B,PQ899568,"unassigned_1, 5a-1c",5b,Comet_vs_PerGene
NS5B,PP092205,6w,8a,Comet_vs_PerGene
NS5B,PP092206,6w,8a,Comet_vs_PerGene
NS5B,PP092207,6w,6xg,Comet_vs_PerGene
NS5B,PP092208,6w,8a,Comet_vs_PerGene
NS5B,PP101905,6e,6xc,Comet_vs_PerGene
NS5B,PP101906,6w,6xf,Comet_vs_PerGene
NS5B,PP101907,6e,6xf,Comet_vs_PerGene
NS5B,PP101908,6f,6r,Comet_vs_PerGene
NS5B,PP101909,6f,6r,Comet_vs_PerGene
NS5B,PP101916,6w,6u,Comet_vs_PerGene
NS5B,PP101925,"unassigned_1, 6t-6f",6q,Comet_vs_PerGene
NS5B,PP101938,6w,6xf,Comet_vs_PerGene
NS5B,PP101939,6e,6xc,Comet_vs_PerGene
NS5B,PP101940,6e,6xc,Comet_vs_PerGene
NS5B,MG878999,1b,6n,Comet_vs_PerGene
NS5B,MG879000,6w,6xh,Comet_vs_PerGene
NS5B,MH155319,"unassigned_1, 6a-2a-6k-3a-4r-3h-6b-6h-3h",6a,Comet_vs_PerGene
NS5B,MH192045,6e,8a,Comet_vs_PerGene
NS5B,MH192060,6l,1m,Comet_vs_PerGene
NS5B,MH192069,6l,1a,Comet_vs_PerGene
NS5B,MH192111,6l,1l,Comet_vs_PerGene
NS5B,MH192112,6l,1a,Comet_vs_PerGene
NS5B,MH192120,6e,8a,Comet_vs_PerGene
NS5B,MH192159,6l,1a,Comet_vs_PerGene
NS5B,MH192164,2b,2t,Comet_vs_PerGene
NS5B,MH192177,6l,1l,Comet_vs_PerGene
NS5B,MH192208,6l,1l,Comet_vs_PerGene
NS5B,MH192266,6e,8a,Comet_vs_PerGene
NS5B,MH192279,6e,1g,Comet_vs_PerGene
NS5B,MH192281,6e,7a,Comet_vs_PerGene
NS5B,MH192295,6e,6t,Comet_vs_PerGene
NS5B,MH192308,6e,1a,Comet_vs_PerGene
NS5B,MH298133,6w,7b,Comet_vs_PerGene
NS5B,MH298134,6w,7a,Comet_vs_PerGene
NS5B,MH298135,6w,6g,Comet_vs_PerGene
NS5B,MH298136,6w,8a,Comet_vs_PerGene
NS5B,MH298137,4w,8a,Comet_vs_PerGene
NS5B,MH298138,6e,7b,Comet_vs_PerGene
NS5B,MH298139,6g,1m,Comet_vs_PerGene
NS5B,MH298140,6g,6r,Comet_vs_PerGene
NS5B,MH298141,6w,7a,Comet_vs_PerGene
NS5B,MH298142,6w,7a,Comet_vs_PerGene
NS5B,MH298143,6w,8a,Comet_vs_PerGene
NS5B,MH298144,6e,8a,Comet_vs_PerGene
NS5B,MH298145,6w,7a,Comet_vs_PerGene
NS5B,MH298146,6w,6xh,Comet_vs_PerGene
NS5B,MH298147,6g,6r,Comet_vs_PerGene
NS5B,MH298148,6w,6xh,Comet_vs_PerGene
NS5B,MH298149,6w,8a,Comet_vs_PerGene
NS5B,MH298150,6w,1a,Comet_vs_PerGene
NS5B,MH298152,6w,7b,Comet_vs_PerGene
NS5B,MH298153,6g,7b,Comet_vs_PerGene
NS5B,MH298154,6w,6r,Comet_vs_PerGene
NS5B,MH298155,6e,8a,Comet_vs_PerGene
NS5B,MH298156,6w,7a,Comet_vs_PerGene
NS5B,MH298158,6g,8a,Comet_vs_PerGene
NS5B,MH298159,6w,8a,Comet_vs_PerGene
NS5B,MH298160,6e,6xh,Comet_vs_PerGene
NS5B,MH298161,6w,6xh,Comet_vs_PerGene
NS5B,MH298162,6w,8a,Comet_vs_PerGene
NS5B,MH298164,6w,7b,Comet_vs_PerGene
NS5B,MH298166,6w,6g,Comet_vs_PerGene
NS5B,MH298167,4f,8a,Comet_vs_PerGene
NS5B,MH298168,6w,6p,Comet_vs_PerGene
NS5B,MH298169,6w,6xh,Comet_vs_PerGene
NS5B,MH298170,6g,1m,Comet_vs_PerGene
NS5B,MH298172,6e,6xh,Comet_vs_PerGene
NS5B,MH298173,6g,6r,Comet_vs_PerGene
NS5B,MH298174,6w,6xd,Comet_vs_PerGene
NS5B,MH298175,6g,1n,Comet_vs_PerGene
NS5B,MH298176,6g,1m,Comet_vs_PerGene
NS5B,MH298177,6w,6r,Comet_vs_PerGene
NS5B,MH298178,6w,8a,Comet_vs_PerGene
NS5B,MH298179,6g,3d,Comet_vs_PerGene
NS5B,MH298181,6g,6o,Comet_vs_PerGene
NS5B,MH298182,6w,8a,Comet_vs_PerGene
NS5B,MH298183,6w,6g,Comet_vs_PerGene
NS5B,MH298184,6w,7b,Comet_vs_PerGene
NS5B,MH298185,6w,8a,Comet_vs_PerGene
NS5B,MH298186,6w,7a,Comet_vs_PerGene
NS5B,MH298187,6w,1m,Comet_vs_PerGene
NS5B,MH298189,6w,8a,Comet_vs_PerGene
NS5B,MH298190,6g,8a,Comet_vs_PerGene
NS5B,MH458982,6n,6xg,Comet_vs_PerGene
NS5B,MH458994,6n,6xg,Comet_vs_PerGene
NS5B,MH458996,6n,6xg,Comet_vs_PerGene
NS5B,MH458998,6e,6xa,Comet_vs_PerGene
NS5B,MH477358,2j,2u,Comet_vs_PerGene
NS5B,MH477359,2j,2u,Comet_vs_PerGene
NS5B,MH477360,2j,2u,Comet_vs_PerGene
NS5B,MH477361,2j,2u,Comet_vs_PerGene
NS5B,MH477362,2j,2u,Comet_vs_PerGene
NS5B,MH477363,2j,2u,Comet_vs_PerGene
NS5B,MH477364,2j,2u,Comet_vs_PerGene
NS5B,MH477365,2j,2u,Comet_vs_PerGene
NS5B,MH477366,2q,2u,Comet_vs_PerGene
NS5B,MH477367,2j,2u,Comet_vs_PerGene
NS5B,MH477368,2a,2u,Comet_vs_PerGene
NS5B,MH477370,4m,4p,Comet_vs_PerGene
NS5B,MH477371,4f,4l,Comet_vs_PerGene
NS5B,MH477397,4v,4p,Comet_vs_PerGene
NS5B,MH477400,4v,4p,Comet_vs_PerGene
NS5B,MH477403,4v,4p,Comet_vs_PerGene
NS5B,MH477423,2a,2u,Comet_vs_PerGene
NS5B,MH477425,2a,2r,Comet_vs_PerGene
NS5B,MH492360,6n,6xg,Comet_vs_PerGene
NS5B,MH492361,6n,6xg,Comet_vs_PerGene
NS5B,MH492362,6n,6xg,Comet_vs_PerGene
NS5B,MH590698,"unassigned_1, 2j-5a",8a,Comet_vs_PerGene
NS5B,MH590699,"unassigned_1, 2j-5a",8a,Comet_vs_PerGene
NS5B,MH590700,"unassigned_1, 1b-6w",8a,Comet_vs_PerGene
NS5B,MH590701,"unassigned_1, 2j-5a",8a,Comet_vs_PerGene
NS5B,MH607777,4v,4q,Comet_vs_PerGene
NS5B,MH607789,4v,4q,Comet_vs_PerGene
NS5B,MH607795,4v,4q,Comet_vs_PerGene
NS5B,MH607809,4v,4q,Comet_vs_PerGene
NS5B,MH607810,4v,4q,Comet_vs_PerGene
NS5B,MH607811,4k,4q,Comet_vs_PerGene
NS5B,MH607812,4v,4q,Comet_vs_PerGene
NS5B,MH607817,4v,4q,Comet_vs_PerGene
NS5B,MH607823,4v,4q,Comet_vs_PerGene
NS5B,MH607826,4v,4q,Comet_vs_PerGene
NS5B,MH607835,4r,4v,Comet_vs_PerGene
NS5B,MH607836,4v,4q,Comet_vs_PerGene
NS5B,MH666011,1b,1d,Comet_vs_PerGene
NS5B,MH742360,"unassigned_1, 4v-4k",4q,Comet_vs_PerGene
NS5B,MH742362,4v,4q,Comet_vs_PerGene
NS5B,MH742366,"unassigned_1, 4v-4m",4v,Comet_vs_PerGene
NS5B,MH742368,"unassigned_1, 4v-4g",4s,Comet_vs_PerGene
NS5B,MH742369,"unassigned_1, 4v-4a-4p",4v,Comet_vs_PerGene
NS5B,MH885469,1c,1o,Comet_vs_PerGene
NS5B,MH921830,1b,1o,Comet_vs_PerGene
NS5B,MH940292,3a,7b,Comet_vs_PerGene
NS5B,MK039720,"unassigned_1, 1b-2j-2a-2j-2k",1b,Comet_vs_PerGene
NS5B,MK134479,3a,3i,Comet_vs_PerGene
NS5B,MK134481,3a,3i,Comet_vs_PerGene
NS5B,MK135357,"unassigned_1, 1b-1a",1b,Comet_vs_PerGene
NS5B,MK135358,"unassigned_1, 1b-1a",1b,Comet_vs_PerGene
NS5B,MK135366,"unassigned_1, 1b-1a",1b,Comet_vs_PerGene
NS5B,MK135368,"unassigned_1, 1b-1a",1b,Comet_vs_PerGene
NS5B,MK135369,"unassigned_1, 1b-1a",1b,Comet_vs_PerGene
NS5B,MK135380,"unassigned_1, 1b-1a",1b,Comet_vs_PerGene
NS5B,MK135383,"unassigned_1, 1b-1a",1b,Comet_vs_PerGene
NS5B,MK135386,"unassigned_1, 1b-1a",1b,Comet_vs_PerGene
NS5B,MK135399,"unassigned_1, 1b-1a",1b,Comet_vs_PerGene
NS5B,MK135410,"unassigned_1, 1b-1a",1b,Comet_vs_PerGene
NS5B,MK139015,6n,6xg,Comet_vs_PerGene
NS5B,MK139016,6n,6xg,Comet_vs_PerGene
NS5B,MK139017,6n,6xg,Comet_vs_PerGene
NS5B,MK139018,6n,6xg,Comet_vs_PerGene
NS5B,MK139019,6n,6xg,Comet_vs_PerGene
NS5B,MK139020,6n,6xg,Comet_vs_PerGene
NS5B,MK139021,6n,6xg,Comet_vs_PerGene
NS5B,MK139022,6n,6xg,Comet_vs_PerGene
NS5B,D14193,6j,8a,Comet_vs_PerGene
NS5B,D14198,3a,3d,Comet_vs_PerGene
NS5B,D14200,3a,3d,Comet_vs_PerGene
NS5B,D14203,3a,3i,Comet_vs_PerGene
NS5B,D16613,3a,3d,Comet_vs_PerGene
NS5B,D16615,3g,3i,Comet_vs_PerGene
NS5B,D16619,3a,3e,Comet_vs_PerGene
NS5B,D16621,3a,3d,Comet_vs_PerGene
NS5B,D17494,6e,7a,Comet_vs_PerGene
NS5B,D28849,6f,8a,Comet_vs_PerGene
NS5B,D28850,6f,8a,Comet_vs_PerGene
NS5B,D28851,6f,8a,Comet_vs_PerGene
NS5B,D28852,6f,8a,Comet_vs_PerGene
NS5B,D28853,6f,8a,Comet_vs_PerGene
NS5B,D28854,6j,8a,Comet_vs_PerGene
NS5B,D28855,6f,8a,Comet_vs_PerGene
NS5B,D37856,6e,6t,Comet_vs_PerGene
NS5B,D49769,2q,2f,Comet_vs_PerGene
NS5B,D49776,2a,2e,Comet_vs_PerGene
NS5B,D49777,2a,2f,Comet_vs_PerGene
NS5B,D85516,"unassigned_1, 1b-6b",1b,Comet_vs_PerGene
NS5B,D86531,1b,1d,Comet_vs_PerGene
NS5B,D89815,"unassigned_1, 1b-6d-6b",1b,Comet_vs_PerGene
NS5B,DQ071885,"unassigned_1, 1b-3h",1b,Comet_vs_PerGene
NS5B,DQ155521,6l,1l,Comet_vs_PerGene
NS5B,DQ155526,6e,7a,Comet_vs_PerGene
NS5B,DQ155541,6e,8a,Comet_vs_PerGene
NS5B,DQ155542,6e,8a,Comet_vs_PerGene
NS5B,DQ155551,6e,7a,Comet_vs_PerGene
NS5B,DQ155560,"unassigned_1, 6p-2j-2a-2k-2j",6p,Comet_vs_PerGene
NS5B,DQ179117,6v,3d,Comet_vs_PerGene
NS5B,DQ202324,3g,3h,Comet_vs_PerGene
NS5B,DQ220813,2j,2u,Comet_vs_PerGene
NS5B,DQ220814,2j,2u,Comet_vs_PerGene
NS5B,DQ220815,2j,2a,Comet_vs_PerGene
NS5B,DQ220816,2j,2a,Comet_vs_PerGene
NS5B,DQ220837,2a,2i,Comet_vs_PerGene
NS5B,DQ220840,2a,2i,Comet_vs_PerGene
NS5B,DQ220841,2j,2i,Comet_vs_PerGene
NS5B,DQ220846,2j,2i,Comet_vs_PerGene
NS5B,DQ220847,2j,2i,Comet_vs_PerGene
NS5B,DQ220848,2j,2i,Comet_vs_PerGene
NS5B,DQ220851,2j,2i,Comet_vs_PerGene
NS5B,DQ220852,2j,2i,Comet_vs_PerGene
NS5B,DQ220853,2j,2i,Comet_vs_PerGene
NS5B,DQ220912,2j,2r,Comet_vs_PerGene
NS5B,DQ220913,2j,2d,Comet_vs_PerGene
NS5B,DQ220914,2j,2d,Comet_vs_PerGene
NS5B,DQ220915,2j,2f,Comet_vs_PerGene
NS5B,DQ220916,2b,2f,Comet_vs_PerGene
NS5B,DQ220917,2q,2d,Comet_vs_PerGene
NS5B,DQ220920,2q,2u,Comet_vs_PerGene
NS5B,DQ220921,2j,2u,Comet_vs_PerGene
NS5B,DQ220922,2j,2a,Comet_vs_PerGene
NS5B,DQ220929,2j,2a,Comet_vs_PerGene
NS5B,DQ220933,2j,2a,Comet_vs_PerGene
NS5B,DQ220941,2a,2r,Comet_vs_PerGene
NS5B,DQ220942,2j,2t,Comet_vs_PerGene
NS5B,DQ220943,2b,2t,Comet_vs_PerGene
NS5B,DQ220944,2q,2l,Comet_vs_PerGene
NS5B,DQ220945,4k,2l,Comet_vs_PerGene
NS5B,DQ220946,2b,2l,Comet_vs_PerGene
NS5B,DQ220947,2b,2l,Comet_vs_PerGene
NS5B,DQ220948,2b,2l,Comet_vs_PerGene
NS5B,DQ238629,2c,2e,Comet_vs_PerGene
NS5B,DQ278891,6l,6xj,Comet_vs_PerGene
NS5B,DQ278893,6l,6xj,Comet_vs_PerGene
NS5B,DQ345614,2b,2t,Comet_vs_PerGene
NS5B,DQ345615,2b,2t,Comet_vs_PerGene
NS5B,DQ345616,2b,2t,Comet_vs_PerGene
NS5B,DQ345617,2b,2l,Comet_vs_PerGene
NS5B,DQ345618,2j,2t,Comet_vs_PerGene
NS5B,DQ345628,2q,2t,Comet_vs_PerGene
NS5B,DQ345629,2j,2t,Comet_vs_PerGene
NS5B,DQ364460,"unassigned_1, 1b-2b",1b,Comet_vs_PerGene
NS5B,DQ508478,4d,4o,Comet_vs_PerGene
NS5B,DQ640366,6i,1m,Comet_vs_PerGene
NS5B,DQ640367,6i,1l,Comet_vs_PerGene
NS5B,DQ790366,2j,2a,Comet_vs_PerGene
NS5B,EF015700,3a,3i,Comet_vs_PerGene
NS5B,EF015702,3a,3i,Comet_vs_PerGene
NS5B,EF015713,3a,3i,Comet_vs_PerGene
NS5B,EF026073,2j,5a,Comet_vs_PerGene
NS5B,EF115981,1l,1m,Comet_vs_PerGene
NS5B,EF115982,1a,1n,Comet_vs_PerGene
NS5B,EF115985,1l,1n,Comet_vs_PerGene
NS5B,EF115987,1b,1d,Comet_vs_PerGene
NS5B,EF115988,1a,1m,Comet_vs_PerGene
NS5B,EF115989,1b,1d,Comet_vs_PerGene
NS5B,EF115990,1a,1n,Comet_vs_PerGene
NS5B,EF115994,1b,1d,Comet_vs_PerGene
NS5B,EF115998,1a,1m,Comet_vs_PerGene
NS5B,EF116013,1a,1k,Comet_vs_PerGene
NS5B,EF116014,1a,1m,Comet_vs_PerGene
NS5B,EF116018,1b,1o,Comet_vs_PerGene
NS5B,EF116020,1a,1k,Comet_vs_PerGene
NS5B,EF116021,1a,1j,Comet_vs_PerGene
NS5B,EF116025,2j,2r,Comet_vs_PerGene
NS5B,EF116026,2b,2t,Comet_vs_PerGene
NS5B,EF116027,2j,2v,Comet_vs_PerGene
NS5B,EF116028,2j,2a,Comet_vs_PerGene
NS5B,EF116033,2k,2r,Comet_vs_PerGene
NS5B,EF116034,2j,2k,Comet_vs_PerGene
NS5B,EF116035,2j,2l,Comet_vs_PerGene
NS5B,EF116038,2j,2r,Comet_vs_PerGene
NS5B,EF116040,2a,2r,Comet_vs_PerGene
NS5B,EF116042,2j,2u,Comet_vs_PerGene
NS5B,EF116044,2b,2j,Comet_vs_PerGene
NS5B,EF116053,2j,2k,Comet_vs_PerGene
NS5B,EF116054,2j,2u,Comet_vs_PerGene
NS5B,EF116061,2j,2u,Comet_vs_PerGene
NS5B,EF116062,2j,2d,Comet_vs_PerGene
NS5B,EF116063,2j,2q,Comet_vs_PerGene
NS5B,EF116064,2j,2u,Comet_vs_PerGene
NS5B,EF116065,2j,2a,Comet_vs_PerGene
NS5B,EF116066,2j,2u,Comet_vs_PerGene
NS5B,EF116067,2j,2u,Comet_vs_PerGene
NS5B,EF116070,3g,3h,Comet_vs_PerGene
NS5B,EF116096,4v,4b,Comet_vs_PerGene
NS5B,EF116101,4v,4w,Comet_vs_PerGene
NS5B,EF116102,4l,4b,Comet_vs_PerGene
NS5B,EF116104,4f,4k,Comet_vs_PerGene
NS5B,EF116105,4v,4q,Comet_vs_PerGene
NS5B,EF116119,4v,4l,Comet_vs_PerGene
NS5B,EF116121,4v,4m,Comet_vs_PerGene
NS5B,EF116127,4v,4l,Comet_vs_PerGene
NS5B,EF116132,4k,4b,Comet_vs_PerGene
NS5B,EF116134,4v,4c,Comet_vs_PerGene
NS5B,EF116142,4v,4l,Comet_vs_PerGene
NS5B,EF116144,4v,4q,Comet_vs_PerGene
NS5B,EF116151,6e,6t,Comet_vs_PerGene
NS5B,EF116152,6l,6xf,Comet_vs_PerGene
NS5B,EF116166,6e,6xc,Comet_vs_PerGene
NS5B,EF116170,6l,1m,Comet_vs_PerGene
NS5B,EF116175,6e,1a,Comet_vs_PerGene
NS5B,EF116176,6h,8a,Comet_vs_PerGene
NS5B,EF116177,6q,8a,Comet_vs_PerGene
NS5B,EF116179,6j,1m,Comet_vs_PerGene
NS5B,EF116180,6l,6xi,Comet_vs_PerGene
NS5B,EF116182,6q,8a,Comet_vs_PerGene
NS5B,EF116183,6h,8a,Comet_vs_PerGene
NS5B,EF116186,6r,1e,Comet_vs_PerGene
NS5B,EF116191,6q,3d,Comet_vs_PerGene
NS5B,EF116198,6k,8a,Comet_vs_PerGene
NS5B,EF116201,3a,7b,Comet_vs_PerGene
NS5B,EF175826,2j,2a,Comet_vs_PerGene
NS5B,EF175837,6e,7a,Comet_vs_PerGene
NS5B,EF638081,"unassigned_1, 1b-1a",1b,Comet_vs_PerGene
NS5B,EF694398,4v,4l,Comet_vs_PerGene
NS5B,EF694407,4v,4l,Comet_vs_PerGene
NS5B,EF694408,4a,4m,Comet_vs_PerGene
NS5B,EF694412,4a,4m,Comet_vs_PerGene
NS5B,EF694429,4v,4l,Comet_vs_PerGene
NS5B,EF694431,4v,4l,Comet_vs_PerGene
NS5B,EF694435,4v,4l,Comet_vs_PerGene
NS5B,EF694459,4v,4l,Comet_vs_PerGene
NS5B,EF694461,4v,4q,Comet_vs_PerGene
NS5B,EF694463,4v,4l,Comet_vs_PerGene
NS5B,EF694466,4v,4l,Comet_vs_PerGene
NS5B,EF694471,4v,4l,Comet_vs_PerGene
NS5B,EF694474,4v,4l,Comet_vs_PerGene
NS5B,EF694481,4v,4l,Comet_vs_PerGene
NS5B,EF694484,4v,4l,Comet_vs_PerGene
NS5B,EF694488,4v,4l,Comet_vs_PerGene
NS5B,EF694490,4v,4l,Comet_vs_PerGene
NS5B,EF694492,4v,4l,Comet_vs_PerGene
NS5B,EF694494,4v,4l,Comet_vs_PerGene
NS5B,EF694496,4v,4l,Comet_vs_PerGene
NS5B,EF694497,4v,4l,Comet_vs_PerGene
NS5B,EF694516,4v,4l,Comet_vs_PerGene
NS5B,EU081324,6n,6xg,Comet_vs_PerGene
NS5B,EU127994,6t,7a,Comet_vs_PerGene
NS5B,OR477028,2j,2u,Comet_vs_PerGene
NS5B,OR477034,2j,2u,Comet_vs_PerGene
NS5B,OR477037,4v,4p,Comet_vs_PerGene
NS5B,OR477040,2a,2u,Comet_vs_PerGene
NS5B,OR477042,2j,2k,Comet_vs_PerGene
NS5B,OR477044,2j,2u,Comet_vs_PerGene
NS5B,OR477045,2j,2u,Comet_vs_PerGene
NS5B,OR477046,2j,2u,Comet_vs_PerGene
NS5B,OR477047,2m,2u,Comet_vs_PerGene
NS5B,OR477052,1l,1d,Comet_vs_PerGene
NS5B,OR477054,1b,1o,Comet_vs_PerGene
NS5B,OR477066,2j,2u,Comet_vs_PerGene
NS5B,OR477068,2j,2u,Comet_vs_PerGene
NS5B,OR477070,1b,1o,Comet_vs_PerGene
NS5B,OR478291,2m,2u,Comet_vs_PerGene
NS5B,OR478296,2j,2u,Comet_vs_PerGene
NS5B,OR478302,4v,4t,Comet_vs_PerGene
NS5B,OR478309,4v,4p,Comet_vs_PerGene
NS5B,OR478310,1b,1i,Comet_vs_PerGene
NS5B,OR478311,2j,2u,Comet_vs_PerGene
NS5B,OR478314,2j,2u,Comet_vs_PerGene
NS5B,OR478315,2b,2t,Comet_vs_PerGene
NS5B,OR478316,4v,4p,Comet_vs_PerGene
NS5B,OR478317,4l,4c,Comet_vs_PerGene
NS5B,OR478319,4a,4c,Comet_vs_PerGene
NS5B,OR478320,1a,1o,Comet_vs_PerGene
NS5B,OR478322,4k,4p,Comet_vs_PerGene
NS5B,OR478325,2j,2u,Comet_vs_PerGene
NS5B,OR478330,4v,4t,Comet_vs_PerGene
NS5B,OR478331,1b,1o,Comet_vs_PerGene
NS5B,OR478340,2j,2u,Comet_vs_PerGene
NS5B,OR478341,2a,2u,Comet_vs_PerGene
NS5B,OR478343,2j,2u,Comet_vs_PerGene
NS5B,OR478347,4v,4p,Comet_vs_PerGene
NS5B,OR478348,2j,2u,Comet_vs_PerGene
NS5B,OR478350,4d,4m,Comet_vs_PerGene
NS5B,OR478353,2q,2u,Comet_vs_PerGene
NS5B,OR478354,2q,2r,Comet_vs_PerGene
NS5B,OR478355,2j,2u,Comet_vs_PerGene
NS5B,OR478357,4l,4t,Comet_vs_PerGene
NS5B,OR478360,2j,2u,Comet_vs_PerGene
NS5B,OR478361,4a,4c,Comet_vs_PerGene
NS5B,OR478363,2j,2u,Comet_vs_PerGene
NS5B,OR478371,2j,2u,Comet_vs_PerGene
NS5B,OR478372,2j,2u,Comet_vs_PerGene
NS5B,OR478373,1b,1o,Comet_vs_PerGene
NS5B,OR478374,2q,2u,Comet_vs_PerGene
NS5B,OR478378,2a,2u,Comet_vs_PerGene
NS5B,OR480599,2q,2u,Comet_vs_PerGene
NS5B,OR480600,2m,2r,Comet_vs_PerGene
NS5B,OR480603,2q,2u,Comet_vs_PerGene
NS5B,OR480604,2m,2u,Comet_vs_PerGene
NS5B,OR480606,4a,4l,Comet_vs_PerGene
NS5B,OR480608,2m,2u,Comet_vs_PerGene
NS5B,OR480610,2j,2u,Comet_vs_PerGene
NS5B,OR480612,2j,2u,Comet_vs_PerGene
NS5B,OR480613,1a,1e,Comet_vs_PerGene
NS5B,OR480616,2j,2u,Comet_vs_PerGene
NS5B,OR480618,2q,2u,Comet_vs_PerGene
NS5B,OR480620,2m,2u,Comet_vs_PerGene
NS5B,OR480621,4v,4t,Comet_vs_PerGene
NS5B,OR480622,2j,2u,Comet_vs_PerGene
NS5B,OR480623,2j,2u,Comet_vs_PerGene
NS5B,OR480626,4a,4p,Comet_vs_PerGene
NS5B,OR480631,2a,2u,Comet_vs_PerGene
NS5B,OR480635,2b,2u,Comet_vs_PerGene
NS5B,OR480636,2j,2u,Comet_vs_PerGene
NS5B,OR480638,2j,2u,Comet_vs_PerGene
NS5B,OR480641,2j,2r,Comet_vs_PerGene
NS5B,OR480642,2j,2u,Comet_vs_PerGene
NS5B,OR480644,4a,4p,Comet_vs_PerGene
NS5B,OR480645,2j,2u,Comet_vs_PerGene
NS5B,OR490539,2m,2u,Comet_vs_PerGene
NS5B,OR490540,2a,2u,Comet_vs_PerGene
NS5B,OR490542,2m,2u,Comet_vs_PerGene
NS5B,OR490544,2m,2u,Comet_vs_PerGene
NS5B,OR490549,2b,2u,Comet_vs_PerGene
NS5B,OR490550,2j,2u,Comet_vs_PerGene
NS5B,OR490551,2m,2u,Comet_vs_PerGene
NS5B,OR490552,2j,2u,Comet_vs_PerGene
NS5B,OR490553,4v,4p,Comet_vs_PerGene
NS5B,OR490554,2k,2u,Comet_vs_PerGene
NS5B,OR490555,4f,4l,Comet_vs_PerGene
NS5B,OR490556,2b,2u,Comet_vs_PerGene
NS5B,OR490557,2j,2u,Comet_vs_PerGene
NS5B,OR490558,2b,2u,Comet_vs_PerGene
NS5B,OR490559,2j,2u,Comet_vs_PerGene
NS5B,OR490564,2j,2u,Comet_vs_PerGene
NS5B,OR490565,2j,2u,Comet_vs_PerGene
NS5B,OR490566,2j,2u,Comet_vs_PerGene
NS5B,OR490568,1a,1o,Comet_vs_PerGene
NS5B,OR490569,2j,2u,Comet_vs_PerGene
NS5B,OR490572,2j,2u,Comet_vs_PerGene
NS5B,OR490578,4d,4p,Comet_vs_PerGene
NS5B,OR490579,4v,4c,Comet_vs_PerGene
NS5B,OR490581,2a,2r,Comet_vs_PerGene
NS5B,OR490582,2a,2u,Comet_vs_PerGene
NS5B,OR490583,4m,4p,Comet_vs_PerGene
NS5B,OR490584,2m,2u,Comet_vs_PerGene
NS5B,OR497876,"unassigned_1, 1b-2k",1b,Comet_vs_PerGene
NS5B,OR520306,1a,1e,Comet_vs_PerGene
NS5B,OR520307,4l,4c,Comet_vs_PerGene
NS5B,OR520309,2q,2u,Comet_vs_PerGene
NS5B,OR520312,2j,2u,Comet_vs_PerGene
NS5B,OR520314,4v,4p,Comet_vs_PerGene
NS5B,OR520317,2j,2r,Comet_vs_PerGene
NS5B,OR520320,2j,2u,Comet_vs_PerGene
NS5B,OR520330,2j,2u,Comet_vs_PerGene
NS5B,OR520331,1b,1o,Comet_vs_PerGene
NS5B,OR520339,2j,2u,Comet_vs_PerGene
NS5B,OR520341,2j,2u,Comet_vs_PerGene
NS5B,OR520344,2a,2u,Comet_vs_PerGene
NS5B,OR520348,1l,1o,Comet_vs_PerGene
NS5B,OR520353,2j,2k,Comet_vs_PerGene
NS5B,OR520355,2j,2u,Comet_vs_PerGene
NS5B,OR520357,2m,2u,Comet_vs_PerGene
NS5B,OR520358,2j,2u,Comet_vs_PerGene
NS5B,OR520359,1b,1o,Comet_vs_PerGene
NS5B,OR520360,2j,2u,Comet_vs_PerGene
NS5B,OR520362,2j,2u,Comet_vs_PerGene
NS5B,OR520365,1c,1o,Comet_vs_PerGene
NS5B,OR520373,2a,2u,Comet_vs_PerGene
NS5B,OR529249,1a,1o,Comet_vs_PerGene
NS5B,OR529255,2j,2u,Comet_vs_PerGene
NS5B,OR529257,4l,4t,Comet_vs_PerGene
NS5B,OR529258,2j,2u,Comet_vs_PerGene
NS5B,OR529262,4v,4d,Comet_vs_PerGene
NS5B,OR529264,2j,2u,Comet_vs_PerGene
NS5B,OR529266,4m,4p,Comet_vs_PerGene
NS5B,OR529268,2j,2u,Comet_vs_PerGene
NS5B,OR529273,1b,1d,Comet_vs_PerGene
NS5B,OR529274,2j,2u,Comet_vs_PerGene
NS5B,OR529280,2a,2u,Comet_vs_PerGene
NS5B,OR529285,2j,2u,Comet_vs_PerGene
NS5B,OR529289,2j,2u,Comet_vs_PerGene
NS5B,OR529291,2j,2u,Comet_vs_PerGene
NS5B,OR529292,2j,2u,Comet_vs_PerGene
NS5B,OP425926,1a,1g,Comet_vs_PerGene
NS5B,OP425950,4v,4t,Comet_vs_PerGene
NS5B,OP425955,4v,4m,Comet_vs_PerGene
NS5B,OP425956,4v,4l,Comet_vs_PerGene
NS5B,OR594285,4a,4c,Comet_vs_PerGene
NS5B,PX934547,6i,1l,Comet_vs_PerGene
NS5B,PX934556,6i,8a,Comet_vs_PerGene
NS5B,PX934574,6i,1a,Comet_vs_PerGene
NS5B,PX934580,6j,5a,Comet_vs_PerGene
NS5B,PX934587,6i,1l,Comet_vs_PerGene
NS5B,PX934590,6i,1l,Comet_vs_PerGene
NS5B,PX934607,6i,1l,Comet_vs_PerGene
NS5B,S70341,1b,6c,Comet_vs_PerGene
NS5B,U14315,3b,3g,Comet_vs_PerGene
NS5B,U31267,1b,1d,Comet_vs_PerGene
NS5B,U31276,6f,1b,Comet_vs_PerGene
NS5B,U50851,4l,4d,Comet_vs_PerGene
NS5B,Z35549,4a,4c,Comet_vs_PerGene
NS5B,OR765772,4v,4t,Comet_vs_PerGene
NS5B,OR765774,2a,2u,Comet_vs_PerGene
NS5B,OR765782,1a,1e,Comet_vs_PerGene
NS5B,OR765784,4l,4c,Comet_vs_PerGene
NS5B,OR765785,4v,4m,Comet_vs_PerGene
NS5B,OR765787,2j,2u,Comet_vs_PerGene
NS5B,OR765789,2m,2u,Comet_vs_PerGene
NS5B,OR765791,2q,2u,Comet_vs_PerGene
NS5B,OR765798,2j,2r,Comet_vs_PerGene
NS5B,OR765800,4v,4p,Comet_vs_PerGene
NS5B,OR765803,4v,4c,Comet_vs_PerGene
NS5B,OR765804,2j,2r,Comet_vs_PerGene
NS5B,OR765807,2j,2u,Comet_vs_PerGene
NS5B,OR765818,2j,2u,Comet_vs_PerGene
NS5B,OR765819,1b,1o,Comet_vs_PerGene
NS5B,OR765827,2j,2u,Comet_vs_PerGene
NS5B,OR765829,2j,2u,Comet_vs_PerGene
NS5B,OR818230,2j,2u,Comet_vs_PerGene
NS5B,OR818231,2j,2u,Comet_vs_PerGene
NS5B,OR818232,2j,2u,Comet_vs_PerGene
NS5B,OR818235,2m,2u,Comet_vs_PerGene
NS5B,OR818237,2j,2u,Comet_vs_PerGene
NS5B,OR818238,2j,2u,Comet_vs_PerGene
NS5B,OR818239,2j,2u,Comet_vs_PerGene
NS5B,OR818242,4l,4t,Comet_vs_PerGene
NS5B,OR818243,2j,2u,Comet_vs_PerGene
NS5B,OR818246,2a,2u,Comet_vs_PerGene
NS5B,OR818247,4v,4m,Comet_vs_PerGene
NS5B,OR818249,4v,4p,Comet_vs_PerGene
NS5B,OR818250,2j,2u,Comet_vs_PerGene
NS5B,OR818251,1l,1o,Comet_vs_PerGene
NS5B,OR818254,4m,4p,Comet_vs_PerGene
NS5B,OR818256,2j,2u,Comet_vs_PerGene
NS5B,OR818258,2j,2u,Comet_vs_PerGene
NS5B,OR818259,2j,2u,Comet_vs_PerGene
NS5B,OR818261,2j,2u,Comet_vs_PerGene
NS5B,OR818262,2j,2u,Comet_vs_PerGene
NS5B,OR818263,2j,2r,Comet_vs_PerGene
NS5B,OR818265,1b,1o,Comet_vs_PerGene
NS5B,OR818266,2j,2u,Comet_vs_PerGene
NS5B,OR818269,4v,4c,Comet_vs_PerGene
NS5B,OR818273,2j,2u,Comet_vs_PerGene
NS5B,OR818275,2q,2u,Comet_vs_PerGene
NS5B,OR818277,4v,4p,Comet_vs_PerGene
NS5B,OR818279,2j,2u,Comet_vs_PerGene
NS5B,OR818283,2j,2u,Comet_vs_PerGene
NS5B,OR818284,4v,4p,Comet_vs_PerGene
NS5B,OR818285,2j,2u,Comet_vs_PerGene
NS5B,OR818286,4v,4c,Comet_vs_PerGene
NS5B,OR818287,4f,4p,Comet_vs_PerGene
NS5B,OR818289,2j,2u,Comet_vs_PerGene
NS5B,OR818290,2j,2r,Comet_vs_PerGene
NS5B,OR818293,1c,1o,Comet_vs_PerGene
NS5B,OR818294,2j,2u,Comet_vs_PerGene
NS5B,OR818297,1b,1o,Comet_vs_PerGene
NS5B,OR818298,2m,2u,Comet_vs_PerGene
NS5B,OR818300,2q,2u,Comet_vs_PerGene
NS5B,OR818302,2m,2u,Comet_vs_PerGene
NS5B,OR818303,2b,2u,Comet_vs_PerGene
NS5B,OR818304,2m,2u,Comet_vs_PerGene
NS5B,OR818306,2j,2u,Comet_vs_PerGene
NS5B,OR818309,2j,2u,Comet_vs_PerGene
NS5B,OR818310,4d,4p,Comet_vs_PerGene
NS5B,OR818313,4a,4p,Comet_vs_PerGene
NS5B,OR818314,2j,2u,Comet_vs_PerGene
NS5B,OR818317,1b,1o,Comet_vs_PerGene
NS5B,OR818321,4v,4p,Comet_vs_PerGene
NS5B,OR818329,2q,2u,Comet_vs_PerGene
NS5B,OR818341,4v,4d,Comet_vs_PerGene
NS5B,OR818343,2j,2u,Comet_vs_PerGene
NS5B,OR818348,2j,2u,Comet_vs_PerGene
NS5B,OR825137,4v,4t,Comet_vs_PerGene
NS5B,OR825139,2a,2u,Comet_vs_PerGene
NS5B,OR825146,4v,4c,Comet_vs_PerGene
NS5B,OR825148,1a,1e,Comet_vs_PerGene
NS5B,OR825150,4l,4c,Comet_vs_PerGene
NS5B,OR825152,2j,2u,Comet_vs_PerGene
NS5B,OR825153,2q,2u,Comet_vs_PerGene
NS5B,OR825154,2m,2u,Comet_vs_PerGene
NS5B,OR825155,2q,2u,Comet_vs_PerGene
NS5B,OR825162,2j,2u,Comet_vs_PerGene
NS5B,OR825164,4v,4p,Comet_vs_PerGene
NS5B,OR825167,4v,4c,Comet_vs_PerGene
NS5B,OR825180,2j,2u,Comet_vs_PerGene
NS5B,OR825181,1b,1o,Comet_vs_PerGene
NS5B,OR825184,2a,2u,Comet_vs_PerGene
NS5B,OR825189,2b,2u,Comet_vs_PerGene
NS5B,OR825190,2j,2u,Comet_vs_PerGene
NS5B,OR825191,1b,1o,Comet_vs_PerGene
NS5B,OR825194,4a,4c,Comet_vs_PerGene
NS5B,OR825199,2j,2u,Comet_vs_PerGene
NS5B,OR825201,2j,2u,Comet_vs_PerGene
NS5B,OR825202,2j,2u,Comet_vs_PerGene
NS5B,OR825204,2j,2u,Comet_vs_PerGene
NS5B,OR825213,4v,4t,Comet_vs_PerGene
NS5B,OR825217,1b,1o,Comet_vs_PerGene
NS5B,OR825223,4f,4v,Comet_vs_PerGene
NS5B,OR825224,4v,4t,Comet_vs_PerGene
NS5B,OR825225,2j,2u,Comet_vs_PerGene
NS5B,OR825226,1b,1o,Comet_vs_PerGene
NS5B,OR825227,2q,2a,Comet_vs_PerGene
NS5B,OR825236,4l,4t,Comet_vs_PerGene
NS5B,OR825237,2j,2u,Comet_vs_PerGene
NS5B,OR825239,1c,1o,Comet_vs_PerGene
NS5B,OR825241,4r,4m,Comet_vs_PerGene
NS5B,OR825247,2j,2u,Comet_vs_PerGene
NS5B,OR825249,4v,4t,Comet_vs_PerGene
NS5B,OR825251,4f,4l,Comet_vs_PerGene
NS5B,OR825252,1b,1o,Comet_vs_PerGene
NS5B,OR825253,1c,1d,Comet_vs_PerGene
NS5B,OR825257,4m,4l,Comet_vs_PerGene
NS5B,OR825258,4a,4v,Comet_vs_PerGene
NS5B,OR825259,4a,4c,Comet_vs_PerGene
NS5B,OR825269,2j,2u,Comet_vs_PerGene
NS5B,OR825274,4v,4l,Comet_vs_PerGene
NS5B,OR825275,1b,1o,Comet_vs_PerGene
NS5B,OR825283,4v,4t,Comet_vs_PerGene
NS5B,OR825290,4m,4l,Comet_vs_PerGene
NS5B,OR825291,4a,4v,Comet_vs_PerGene
NS5B,OR825292,4a,4c,Comet_vs_PerGene
NS5B,OR825299,4d,4c,Comet_vs_PerGene
NS5B,OR825301,2j,2u,Comet_vs_PerGene
NS5B,OR825307,2m,2u,Comet_vs_PerGene
NS5B,OR825309,2q,2u,Comet_vs_PerGene
NS5B,OR825311,2j,2u,Comet_vs_PerGene
NS5B,OR825313,2j,2u,Comet_vs_PerGene
NS5B,OR825314,2q,2u,Comet_vs_PerGene
NS5B,OR825316,2m,2u,Comet_vs_PerGene
NS5B,OR825317,4v,4l,Comet_vs_PerGene
NS5B,OQ979437,"unassigned_1, 1b-1a",1a,Comet_vs_PerGene
NS5B,OQ979440,"unassigned_1, 1b-2j-2m",1b,Comet_vs_PerGene
NS5B,OR661239,3a,3i,Comet_vs_PerGene
NS5B,OR661240,3a,3i,Comet_vs_PerGene
NS5B,AB001040,"unassigned_1, 1b-6b",1b,Comet_vs_PerGene
NS5B,AB016785,"unassigned_1, 1b-3g-6b",1b,Comet_vs_PerGene
NS5B,AB027608,6j,7a,Comet_vs_PerGene
NS5B,AB027609,6i,1l,Comet_vs_PerGene
NS5B,AB049088,"unassigned_1, 1b-6b",1b,Comet_vs_PerGene
NS5B,AB049089,"unassigned_1, 1b-6h-6b",1b,Comet_vs_PerGene
NS5B,AB049090,"unassigned_1, 1b-6k-6b",1b,Comet_vs_PerGene
NS5B,AB049091,"unassigned_1, 1b-2b-6d-6b",1b,Comet_vs_PerGene
NS5B,AB049095,"unassigned_1, 1b-6h-6b",1b,Comet_vs_PerGene
NS5B,AB049101,"unassigned_1, 1b-6k-6d-6b",1b,Comet_vs_PerGene
NS5B,AB080299,"unassigned_1, 1b-6d-6b",1b,Comet_vs_PerGene
NS5B,AB110290,"unassigned_1, 1b-1a",1b,Comet_vs_PerGene
NS5B,AB110302,"unassigned_1, 1a-1b",1a,Comet_vs_PerGene
NS5B,AB119282,"unassigned_1, 1b-3k",1b,Comet_vs_PerGene
NS5B,AB162890,6o,8a,Comet_vs_PerGene
NS5B,AB191333,"unassigned_1, 1b-6d-6b",1b,Comet_vs_PerGene
NS5B,AB249644,"unassigned_1, 1b-6b-6h-6b",1b,Comet_vs_PerGene
NS5B,AB281397,6o,8a,Comet_vs_PerGene
NS5B,AB281405,6e,6p,Comet_vs_PerGene
NS5B,AB426117,"unassigned_1, 1b-6b-6h-6b",1b,Comet_vs_PerGene
NS5B,AB435162,"unassigned_1, 1b-6b-6h-6b",1b,Comet_vs_PerGene
NS5B,AB442219,"unassigned_1, 1b-6d-6b",1b,Comet_vs_PerGene
NS5B,AB442220,"unassigned_1, 1b-6d-6b",1b,Comet_vs_PerGene
NS5B,AB442221,"unassigned_1, 1b-6d-6b",1b,Comet_vs_PerGene
NS5B,AB442222,"unassigned_1, 1b-6d-6b",1b,Comet_vs_PerGene
NS5B,AB444480,4a,4c,Comet_vs_PerGene
NS5B,AB470015,4a,4c,Comet_vs_PerGene
NS5B,AB470026,4a,4c,Comet_vs_PerGene
NS5B,AB470251,4a,4l,Comet_vs_PerGene
NS5B,AB472165,2c,2a,Comet_vs_PerGene
NS5B,AB523257,6h,1m,Comet_vs_PerGene
NS5B,AB523259,6h,1m,Comet_vs_PerGene
NS5B,AB523261,2j,2u,Comet_vs_PerGene
NS5B,AB523289,6h,1m,Comet_vs_PerGene
NS5B,AB523290,6h,1m,Comet_vs_PerGene
NS5B,AB523312,6h,8a,Comet_vs_PerGene
NS5B,AB523332,6h,8a,Comet_vs_PerGene
NS5B,AB523339,6e,8a,Comet_vs_PerGene
NS5B,AB558135,"unassigned_1, 1b-2b",1b,Comet_vs_PerGene
NS5B,AB622121,"unassigned_1, 1b-2b",1b,Comet_vs_PerGene
NS5B,AB661826,6n,1n,Comet_vs_PerGene
NS5B,AB677527,"unassigned_1, 1b-2b",1b,Comet_vs_PerGene
NS5B,AB677528,"unassigned_1, 1b-2b",1b,Comet_vs_PerGene
NS5B,AB677529,"unassigned_1, 1b-2b",1b,Comet_vs_PerGene
NS5B,AB677530,"unassigned_1, 1b-2b",1b,Comet_vs_PerGene
NS5B,AB677531,"unassigned_1, 1b-2b",1b,Comet_vs_PerGene
NS5B,AB677532,"unassigned_1, 1b-2b",1b,Comet_vs_PerGene
NS5B,AB677533,"unassigned_1, 1b-2b",1b,Comet_vs_PerGene
NS5B,AB691595,"unassigned_1, 3a-3h-6k-3h-2b",3a,Comet_vs_PerGene
NS5B,AB691596,"unassigned_1, 3a-3h-6k-3h-2b",3a,Comet_vs_PerGene
NS5B,AB691953,"unassigned_1, 1b-3g-6d-6b",1b,Comet_vs_PerGene
NS5B,AB792683,"unassigned_1, 3a-3h",3a,Comet_vs_PerGene
NS5B,AB795432,"unassigned_1, 4a-6k",4a,Comet_vs_PerGene
NS5B,AB828699,"unassigned_1, 1b-6b",1b,Comet_vs_PerGene
NS5B,AB828700,"unassigned_1, 1b-6k-6d-6k-6d-6k-6d",1b,Comet_vs_PerGene
NS5B,AB828701,"unassigned_1, 1b-6k-6d-6k-6d-6k-6d",1b,Comet_vs_PerGene
NS5B,AB989307,6r,8a,Comet_vs_PerGene
NS5B,AB989310,6e,6xc,Comet_vs_PerGene
NS5B,AB989322,6e,6xc,Comet_vs_PerGene
NS5B,AB989342,6e,6xc,Comet_vs_PerGene
NS5B,AB989344,6e,6xf,Comet_vs_PerGene
NS5B,AB989351,6r,8a,Comet_vs_PerGene
NS5B,AB989359,6e,6xf,Comet_vs_PerGene
NS5B,AB989362,6e,6xc,Comet_vs_PerGene
NS5B,AB989365,6e,6o,Comet_vs_PerGene
NS5B,AB989401,6e,6xc,Comet_vs_PerGene
NS5B,AB989409,6r,8a,Comet_vs_PerGene
NS5B,AB989426,6e,6c,Comet_vs_PerGene
NS5B,AF037230,1l,1a,Comet_vs_PerGene
NS5B,AF037232,1b,1d,Comet_vs_PerGene
NS5B,AF037233,1b,1d,Comet_vs_PerGene
NS5B,AF037234,1b,1i,Comet_vs_PerGene
NS5B,AF037235,1b,1d,Comet_vs_PerGene
NS5B,AF037236,1b,1d,Comet_vs_PerGene
NS5B,AF037237,1b,1d,Comet_vs_PerGene
NS5B,AF037238,1b,1d,Comet_vs_PerGene
NS5B,AF037239,2j,2a,Comet_vs_PerGene
NS5B,AF037240,2q,2a,Comet_vs_PerGene
NS5B,AF037248,2j,2v,Comet_vs_PerGene
NS5B,AF037249,2j,2k,Comet_vs_PerGene
NS5B,AF037250,2j,2d,Comet_vs_PerGene
NS5B,AF037253,2b,2a,Comet_vs_PerGene
NS5B,AF037254,2j,2t,Comet_vs_PerGene
NS5B,AF041323,1b,2c,Comet_vs_PerGene
NS5B,AF046195,2b,2a,Comet_vs_PerGene
NS5B,AF046824,4d,4o,Comet_vs_PerGene
NS5B,AF054247,"unassigned_1, 1b-1a-6k-1a-6b-1a",1b,Comet_vs_PerGene
NS5B,AF054248,"unassigned_1, 1b-1a-6k-1a-6b-1a",1b,Comet_vs_PerGene
NS5B,AF054249,"unassigned_1, 1b-1a-6k-1a-6b-1a",1b,Comet_vs_PerGene
NS5B,AF139594,"unassigned_1, 1b-6k-6d-6b-3g",1b,Comet_vs_PerGene
NS5B,AF164105,2j,2m,Comet_vs_PerGene
NS5B,AF164106,2a,2j,Comet_vs_PerGene
NS5B,AF164107,2j,2d,Comet_vs_PerGene
NS5B,AF164109,2j,2r,Comet_vs_PerGene
NS5B,AF164111,2j,2d,Comet_vs_PerGene
NS5B,AF164112,2j,2u,Comet_vs_PerGene
NS5B,AF176573,"unassigned_1, 1b-6h-6d",1b,Comet_vs_PerGene
NS5B,AF271806,4a,4c,Comet_vs_PerGene
NS5B,AF333324,"unassigned_1, 1b-1a",1b,Comet_vs_PerGene
NS5B,AF356827,"unassigned_1, 1b-6h-2a-6h-6d-3g",1b,Comet_vs_PerGene
NS5B,AF515978,2j,2t,Comet_vs_PerGene
NS5B,AF515979,2j,2t,Comet_vs_PerGene
NS5B,AF516027,2j,2i,Comet_vs_PerGene
NS5B,AF516029,2j,2t,Comet_vs_PerGene
NS5B,AH014140,1b,1a,Comet_vs_PerGene
NS5B,AH014196,"unassigned_1, 2k-1b",1b,Comet_vs_PerGene
NS5B,AH014197,"unassigned_1, 2k-1b",1b,Comet_vs_PerGene
NS5B,AJ132997,"unassigned_1, 1b-6b",1b,Comet_vs_PerGene
NS5B,AJ231454,2j,2i,Comet_vs_PerGene
NS5B,AJ231455,2b,2l,Comet_vs_PerGene
NS5B,AJ231493,1l,1a,Comet_vs_PerGene
NS5B,AJ231494,1l,1a,Comet_vs_PerGene
NS5B,AJ238799,"unassigned_1, 1b-3h",1b,Comet_vs_PerGene
NS5B,AJ291268,4a,4m,Comet_vs_PerGene
NS5B,AJ581487,4a,4c,Comet_vs_PerGene
NS5B,AJ581494,4d,4o,Comet_vs_PerGene
NS5B,AJ581505,4d,4o,Comet_vs_PerGene
NS5B,AJ851228,1b,1d,Comet_vs_PerGene
NS5B,AM177500,4v,4m,Comet_vs_PerGene
NS5B,AM177502,4a,4m,Comet_vs_PerGene
NS5B,AM177503,4v,4m,Comet_vs_PerGene
NS5B,AM177504,4v,4a,Comet_vs_PerGene
NS5B,AM177505,4v,4m,Comet_vs_PerGene
NS5B,AM177506,4v,4a,Comet_vs_PerGene
NS5B,AM177507,4v,4a,Comet_vs_PerGene
NS5B,AM177508,4v,4m,Comet_vs_PerGene
NS5B,AM408911,2j,5a,Comet_vs_PerGene
NS5B,AM888292,4v,4p,Comet_vs_PerGene
NS5B,AM888293,4v,4m,Comet_vs_PerGene
NS5B,AM888294,4f,4m,Comet_vs_PerGene
NS5B,AM888295,4v,4c,Comet_vs_PerGene
NS5B,AM888296,4v,4c,Comet_vs_PerGene
NS5B,AM888297,4v,4a,Comet_vs_PerGene
NS5B,AM888298,4v,4d,Comet_vs_PerGene
NS5B,AM888300,4a,4v,Comet_vs_PerGene
NS5B,AM888303,4v,4m,Comet_vs_PerGene
NS5B,AM888304,4v,4p,Comet_vs_PerGene
NS5B,AY045702,"unassigned_1, 1b-6b",1b,Comet_vs_PerGene
NS5B,AY236368,2j,2a,Comet_vs_PerGene
NS5B,AY236369,1b,1i,Comet_vs_PerGene
NS5B,AY236370,1c,1o,Comet_vs_PerGene
NS5B,AY236371,2j,2a,Comet_vs_PerGene
NS5B,AY236376,2m,2a,Comet_vs_PerGene
NS5B,AY236378,2a,2m,Comet_vs_PerGene
NS5B,AY236379,2c,2v,Comet_vs_PerGene
NS5B,AY236381,2b,2l,Comet_vs_PerGene
NS5B,AY236382,2j,2d,Comet_vs_PerGene
NS5B,AY236383,2j,2u,Comet_vs_PerGene
NS5B,AY236385,2j,2a,Comet_vs_PerGene
NS5B,AY257072,4l,4t,Comet_vs_PerGene
NS5B,AY257076,2j,2u,Comet_vs_PerGene
NS5B,AY257079,2a,2u,Comet_vs_PerGene
NS5B,AY257080,2j,2u,Comet_vs_PerGene
NS5B,AY257081,2j,2u,Comet_vs_PerGene
NS5B,AY257082,4v,4l,Comet_vs_PerGene
NS5B,AY257084,2j,2u,Comet_vs_PerGene
NS5B,AY257085,4a,4c,Comet_vs_PerGene
NS5B,AY257088,2j,2u,Comet_vs_PerGene
NS5B,AY257089,4v,4l,Comet_vs_PerGene
NS5B,AY257099,2j,2u,Comet_vs_PerGene
NS5B,AY257100,2j,2u,Comet_vs_PerGene
NS5B,AY257430,4k,2l,Comet_vs_PerGene
NS5B,AY257437,2j,2t,Comet_vs_PerGene
NS5B,AY257462,2j,2d,Comet_vs_PerGene
NS5B,AY257463,2j,2v,Comet_vs_PerGene
NS5B,AY257464,2j,2t,Comet_vs_PerGene
NS5B,AY257465,2b,2l,Comet_vs_PerGene
NS5B,AY265420,2j,2r,Comet_vs_PerGene
NS5B,AY265422,2j,2u,Comet_vs_PerGene
NS5B,AY265423,2j,2r,Comet_vs_PerGene
NS5B,AY265426,2j,2r,Comet_vs_PerGene
NS5B,AY265427,2j,2a,Comet_vs_PerGene
NS5B,AY265429,4v,4p,Comet_vs_PerGene
NS5B,AY265433,2q,2u,Comet_vs_PerGene
NS5B,AY265435,4v,4a,Comet_vs_PerGene
NS5B,AY265436,2j,2u,Comet_vs_PerGene
NS5B,AY265437,2j,2q,Comet_vs_PerGene
NS5B,AY265439,1l,1b,Comet_vs_PerGene
NS5B,AY265442,2j,2u,Comet_vs_PerGene
NS5B,AY265443,2j,2u,Comet_vs_PerGene
NS5B,AY265444,2b,2u,Comet_vs_PerGene
NS5B,AY265449,2q,2r,Comet_vs_PerGene
NS5B,AY265451,2j,2u,Comet_vs_PerGene
NS5B,AY434106,1a,1j,Comet_vs_PerGene
NS5B,AY434113,1l,1k,Comet_vs_PerGene
NS5B,AY434120,1b,1i,Comet_vs_PerGene
NS5B,AY434123,1a,1k,Comet_vs_PerGene
NS5B,AY434126,4v,4q,Comet_vs_PerGene
NS5B,AY434129,1a,1j,Comet_vs_PerGene
NS5B,AY434147,4v,4q,Comet_vs_PerGene
NS5B,AY460204,"unassigned_1, 1b-6h-6b",1b,Comet_vs_PerGene
NS5B,AY548708,4l,4v,Comet_vs_PerGene
NS5B,AY548723,4a,4o,Comet_vs_PerGene
NS5B,AY587235,4l,1m,Comet_vs_PerGene
NS5B,AY587236,4m,1m,Comet_vs_PerGene
NS5B,AY587237,4m,1m,Comet_vs_PerGene
NS5B,AY587238,6w,1n,Comet_vs_PerGene
NS5B,AY587239,4m,2a,Comet_vs_PerGene
NS5B,AY587240,4m,2a,Comet_vs_PerGene
NS5B,AY587241,3b,3a,Comet_vs_PerGene
NS5B,AY587242,3b,3a,Comet_vs_PerGene
NS5B,AY587845,"unassigned_1, 1b-2j-2a-2j-2k",1b,Comet_vs_PerGene
NS5B,AY632130,1b,1o,Comet_vs_PerGene
NS5B,AY632131,1b,1o,Comet_vs_PerGene
NS5B,AY632132,1b,1o,Comet_vs_PerGene
NS5B,AY632133,1b,1o,Comet_vs_PerGene
NS5B,AY632147,1c,1d,Comet_vs_PerGene
NS5B,AY632152,1l,1c,Comet_vs_PerGene
NS5B,AY632154,2j,2u,Comet_vs_PerGene
NS5B,AY632155,2a,2r,Comet_vs_PerGene
NS5B,AY632156,2j,2u,Comet_vs_PerGene
NS5B,AY632157,2q,2u,Comet_vs_PerGene
NS5B,AY632158,2j,2u,Comet_vs_PerGene
NS5B,AY632159,2j,2u,Comet_vs_PerGene
NS5B,AY632160,2j,2u,Comet_vs_PerGene
NS5B,AY632161,2j,2u,Comet_vs_PerGene
NS5B,AY632162,2j,2u,Comet_vs_PerGene
NS5B,AY632163,2j,2u,Comet_vs_PerGene
NS5B,AY632164,2q,2r,Comet_vs_PerGene
NS5B,AY632165,2j,2u,Comet_vs_PerGene
NS5B,AY632166,2j,2u,Comet_vs_PerGene
NS5B,AY632167,2j,2u,Comet_vs_PerGene
NS5B,AY632168,2q,2u,Comet_vs_PerGene
NS5B,AY632169,2q,2u,Comet_vs_PerGene
NS5B,AY632170,2j,2u,Comet_vs_PerGene
NS5B,AY632171,2q,2u,Comet_vs_PerGene
NS5B,AY632172,2q,2r,Comet_vs_PerGene
NS5B,AY632173,2j,2r,Comet_vs_PerGene
NS5B,AY632174,2q,2r,Comet_vs_PerGene
NS5B,AY632175,2j,2r,Comet_vs_PerGene
NS5B,AY632176,2j,2u,Comet_vs_PerGene
NS5B,AY632177,2j,2u,Comet_vs_PerGene
NS5B,AY632178,2j,2u,Comet_vs_PerGene
NS5B,AY632179,2j,2u,Comet_vs_PerGene
NS5B,AY632180,2j,2r,Comet_vs_PerGene
NS5B,AY632181,2j,2u,Comet_vs_PerGene
NS5B,AY632182,2j,2u,Comet_vs_PerGene
NS5B,AY632183,2j,2u,Comet_vs_PerGene
NS5B,AY632185,2j,2u,Comet_vs_PerGene
NS5B,AY632186,2j,2u,Comet_vs_PerGene
NS5B,AY632187,2a,2u,Comet_vs_PerGene
NS5B,AY632188,2a,2u,Comet_vs_PerGene
NS5B,AY632189,2j,2u,Comet_vs_PerGene
NS5B,AY632190,2j,2k,Comet_vs_PerGene
NS5B,AY632221,4v,4t,Comet_vs_PerGene
NS5B,AY632228,4l,4t,Comet_vs_PerGene
NS5B,AY632229,4v,4t,Comet_vs_PerGene
NS5B,AY632230,4v,4p,Comet_vs_PerGene
NS5B,AY632231,4v,4p,Comet_vs_PerGene
NS5B,AY632232,4v,4p,Comet_vs_PerGene
NS5B,AY632234,4a,4l,Comet_vs_PerGene
NS5B,AY632235,4v,4p,Comet_vs_PerGene
NS5B,AY632238,4v,4q,Comet_vs_PerGene
NS5B,AY682765,"unassigned_1, 1b-1a",1a,Comet_vs_PerGene
NS5B,AY685018,2j,2u,Comet_vs_PerGene
NS5B,AY685022,2j,2r,Comet_vs_PerGene
NS5B,AY685024,4f,4p,Comet_vs_PerGene
NS5B,AY685027,4a,4c,Comet_vs_PerGene
NS5B,AY685029,2j,2v,Comet_vs_PerGene
NS5B,AY685030,4l,4t,Comet_vs_PerGene
NS5B,AY685033,2j,2r,Comet_vs_PerGene
NS5B,AY685037,2j,2u,Comet_vs_PerGene
NS5B,AY685040,2j,2u,Comet_vs_PerGene
NS5B,AY685041,2a,2u,Comet_vs_PerGene
NS5B,AY685043,2j,2u,Comet_vs_PerGene
NS5B,AY685047,4d,4p,Comet_vs_PerGene
NS5B,AY685048,2q,2u,Comet_vs_PerGene
NS5B,AY735102,6q,8a,Comet_vs_PerGene
NS5B,AY743090,4a,4c,Comet_vs_PerGene
NS5B,AY743105,4a,4o,Comet_vs_PerGene
NS5B,AY743139,4a,4w,Comet_vs_PerGene
NS5B,AY743152,4a,4l,Comet_vs_PerGene
NS5B,AY743215,4f,4p,Comet_vs_PerGene
NS5B,AY754612,6q,3d,Comet_vs_PerGene
NS5B,AY754615,6q,8a,Comet_vs_PerGene
NS5B,AY754618,6q,8a,Comet_vs_PerGene
NS5B,AY754624,1b,1i,Comet_vs_PerGene
NS5B,AY754627,6q,3d,Comet_vs_PerGene
NS5B,AY754630,6e,8a,Comet_vs_PerGene
NS5B,AY754633,6q,8a,Comet_vs_PerGene
NS5B,AY754637,6q,8a,Comet_vs_PerGene
NS5B,AY834937,6l,2a,Comet_vs_PerGene
NS5B,AY834938,6n,1c,Comet_vs_PerGene
NS5B,AY834939,6n,1m,Comet_vs_PerGene
NS5B,AY834974,2j,2f,Comet_vs_PerGene
NS5B,AY878650,6l,6xj,Comet_vs_PerGene
NS5B,AY878651,6l,6xj,Comet_vs_PerGene
NS5B,GU133617,"unassigned_1, 1b-1a",1b,Comet_vs_PerGene
NS5B,GU294484,"unassigned_1, 3a-1a",3a,Comet_vs_PerGene
NS5B,GU376755,1c,1o,Comet_vs_PerGene
NS5B,GU441423,2a,2e,Comet_vs_PerGene
NS5B,HE580354,6j,1m,Comet_vs_PerGene
NS5B,HE580355,6j,1m,Comet_vs_PerGene
NS5B,HE580356,6j,1m,Comet_vs_PerGene
NS5B,HE580357,6j,1m,Comet_vs_PerGene
NS5B,HE580358,6e,6d,Comet_vs_PerGene
NS5B,HE580359,6a,6xd,Comet_vs_PerGene
NS5B,HE580360,6l,1a,Comet_vs_PerGene
NS5B,HE580361,6l,1a,Comet_vs_PerGene
NS5B,HE580362,6l,1a,Comet_vs_PerGene
NS5B,HE580363,6l,1a,Comet_vs_PerGene
NS5B,HE580364,6l,1a,Comet_vs_PerGene
NS5B,HE580365,6l,1a,Comet_vs_PerGene
NS5B,HE580366,6l,1a,Comet_vs_PerGene
NS5B,HE580367,6l,1a,Comet_vs_PerGene
NS5B,HE580368,6l,1a,Comet_vs_PerGene
NS5B,HE580369,6l,1a,Comet_vs_PerGene
NS5B,HE580370,6l,1a,Comet_vs_PerGene
NS5B,HE580371,6l,1a,Comet_vs_PerGene
NS5B,HE580372,6l,1a,Comet_vs_PerGene
NS5B,HE580373,6l,1a,Comet_vs_PerGene
NS5B,HE580374,6l,1a,Comet_vs_PerGene
NS5B,HE580376,6b,6xd,Comet_vs_PerGene
NS5B,HE580377,6e,7a,Comet_vs_PerGene
NS5B,HE580378,6b,6xd,Comet_vs_PerGene
NS5B,HE580379,6j,1m,Comet_vs_PerGene
NS5B,HE580380,6i,7a,Comet_vs_PerGene
NS5B,HE580381,6j,1m,Comet_vs_PerGene
NS5B,HE580382,6j,1m,Comet_vs_PerGene
NS5B,HE580383,6j,1m,Comet_vs_PerGene
NS5B,HE580385,6j,1m,Comet_vs_PerGene
NS5B,HE580386,6j,1m,Comet_vs_PerGene
NS5B,HE580387,6j,1m,Comet_vs_PerGene
NS5B,HE580388,6j,1m,Comet_vs_PerGene
NS5B,HE580389,6j,1m,Comet_vs_PerGene
NS5B,HE580390,6j,1m,Comet_vs_PerGene
NS5B,HE580391,6j,1m,Comet_vs_PerGene
NS5B,HE580392,6j,1m,Comet_vs_PerGene
NS5B,HE580393,6j,1m,Comet_vs_PerGene
NS5B,HE580394,6j,1m,Comet_vs_PerGene
NS5B,HE580395,6j,1m,Comet_vs_PerGene
NS5B,HE580396,6j,1m,Comet_vs_PerGene
NS5B,HE580397,6j,1m,Comet_vs_PerGene
NS5B,HE580398,6j,1m,Comet_vs_PerGene
NS5B,HE580399,6j,1m,Comet_vs_PerGene
NS5B,HE580400,6j,1m,Comet_vs_PerGene
NS5B,HE580401,6j,1m,Comet_vs_PerGene
NS5B,HE580402,6j,1m,Comet_vs_PerGene
NS5B,HE580404,6h,1l,Comet_vs_PerGene
NS5B,HE580405,6j,1m,Comet_vs_PerGene
NS5B,HE580406,6j,1m,Comet_vs_PerGene
NS5B,HE580407,6j,1m,Comet_vs_PerGene
NS5B,HE580408,6w,6t,Comet_vs_PerGene
NS5B,HE580409,6j,1m,Comet_vs_PerGene
NS5B,HE580410,6j,1m,Comet_vs_PerGene
NS5B,HE580411,6j,1m,Comet_vs_PerGene
NS5B,HE580412,6w,6t,Comet_vs_PerGene
NS5B,HE580413,6e,6d,Comet_vs_PerGene
NS5B,HE580414,6t,6xf,Comet_vs_PerGene
NS5B,HE580415,6t,6xf,Comet_vs_PerGene
NS5B,HE580416,6q,8a,Comet_vs_PerGene
NS5B,HE580417,6l,1a,Comet_vs_PerGene
NS5B,HE580418,6t,8a,Comet_vs_PerGene
NS5B,HE580419,6n,1a,Comet_vs_PerGene
NS5B,HM009308,6h,1l,Comet_vs_PerGene
NS5B,HM031218,6n,8a,Comet_vs_PerGene
NS5B,HM172592,6j,2a,Comet_vs_PerGene
NS5B,HM172593,6j,7a,Comet_vs_PerGene
NS5B,HM172594,6j,2a,Comet_vs_PerGene
NS5B,HM172595,6j,2a,Comet_vs_PerGene
NS5B,HM172596,6j,1l,Comet_vs_PerGene
NS5B,HM172597,6j,7a,Comet_vs_PerGene
NS5B,HM172598,6j,1l,Comet_vs_PerGene
NS5B,HM172600,6j,2a,Comet_vs_PerGene
NS5B,HM777246,2j,2u,Comet_vs_PerGene
NS5B,HM777325,2j,2v,Comet_vs_PerGene
NS5B,HM777328,2b,2a,Comet_vs_PerGene
NS5B,HM777329,2b,2j,Comet_vs_PerGene
NS5B,HM777330,2b,2j,Comet_vs_PerGene
NS5B,HM777331,2b,2a,Comet_vs_PerGene
NS5B,HM777332,2b,2k,Comet_vs_PerGene
NS5B,HQ229446,6i,1m,Comet_vs_PerGene
NS5B,HQ385865,4v,4p,Comet_vs_PerGene
NS5B,HQ385867,4v,4p,Comet_vs_PerGene
NS5B,HQ385879,4v,4l,Comet_vs_PerGene
NS5B,HQ385882,4d,4c,Comet_vs_PerGene
NS5B,HQ385883,4v,4q,Comet_vs_PerGene
NS5B,HQ385884,4v,4q,Comet_vs_PerGene
NS5B,HQ537005,"unassigned_1, 1b-2j-2k",1b,Comet_vs_PerGene
NS5B,HQ537006,"unassigned_1, 1b-2j-2q-2k",1b,Comet_vs_PerGene
NS5B,HQ537007,1b,1e,Comet_vs_PerGene
NS5B,HQ699733,1b,1d,Comet_vs_PerGene
NS5B,HQ699734,1b,1d,Comet_vs_PerGene
NS5B,HQ699735,2j,2l,Comet_vs_PerGene
NS5B,HQ699741,1b,1d,Comet_vs_PerGene
NS5B,HQ699742,1b,1i,Comet_vs_PerGene
NS5B,HQ699744,1b,1i,Comet_vs_PerGene
NS5B,HQ699748,2j,2i,Comet_vs_PerGene
NS5B,HQ699752,1b,1d,Comet_vs_PerGene
NS5B,HQ699763,2k,2i,Comet_vs_PerGene
NS5B,HQ699765,1b,1i,Comet_vs_PerGene
NS5B,HQ699770,2j,2i,Comet_vs_PerGene
NS5B,HQ699772,1b,1i,Comet_vs_PerGene
NS5B,HQ699774,2c,2d,Comet_vs_PerGene
NS5B,HQ699776,1b,1d,Comet_vs_PerGene
NS5B,JF722454,2j,2v,Comet_vs_PerGene
NS5B,JF722456,2q,2v,Comet_vs_PerGene
NS5B,JF722507,2j,2m,Comet_vs_PerGene
NS5B,JF722514,2j,2a,Comet_vs_PerGene
NS5B,JF722521,2a,2v,Comet_vs_PerGene
NS5B,JF722533,2j,2v,Comet_vs_PerGene
NS5B,JF722536,2c,2f,Comet_vs_PerGene
NS5B,JF722537,2c,2e,Comet_vs_PerGene
NS5B,JF722544,2j,2m,Comet_vs_PerGene
NS5B,JF722552,2j,2u,Comet_vs_PerGene
NS5B,JF722554,2k,2e,Comet_vs_PerGene
NS5B,JF722560,2q,2m,Comet_vs_PerGene
NS5B,JF722563,2a,2r,Comet_vs_PerGene
NS5B,JF722566,2j,2v,Comet_vs_PerGene
NS5B,JF722567,2j,2v,Comet_vs_PerGene
NS5B,JF722568,2k,2v,Comet_vs_PerGene
NS5B,JF722569,2j,2v,Comet_vs_PerGene
NS5B,JF722571,2c,2f,Comet_vs_PerGene
NS5B,JF722572,2j,2e,Comet_vs_PerGene
NS5B,JF722573,2j,2m,Comet_vs_PerGene
NS5B,JF722576,2k,2r,Comet_vs_PerGene
NS5B,JF722586,2j,2d,Comet_vs_PerGene
NS5B,JF722587,2j,2v,Comet_vs_PerGene
NS5B,JF722590,2c,2f,Comet_vs_PerGene
NS5B,JF722593,2j,2v,Comet_vs_PerGene
NS5B,JF722596,2c,2d,Comet_vs_PerGene
NS5B,JF722597,2j,2f,Comet_vs_PerGene
NS5B,JF722598,2j,2v,Comet_vs_PerGene
NS5B,JF722600,2b,2t,Comet_vs_PerGene
NS5B,JF722603,2q,2v,Comet_vs_PerGene
NS5B,JF722609,2j,2v,Comet_vs_PerGene
NS5B,JF722610,2j,2f,Comet_vs_PerGene
NS5B,JF722612,2j,2v,Comet_vs_PerGene
NS5B,JF722613,2j,2v,Comet_vs_PerGene
NS5B,JF722618,2j,2m,Comet_vs_PerGene
NS5B,JF735110,2j,2r,Comet_vs_PerGene
NS5B,JF735112,2a,2u,Comet_vs_PerGene
NS5B,JF735116,2j,2a,Comet_vs_PerGene
NS5B,JF735117,2j,2f,Comet_vs_PerGene
NS5B,JF735118,2k,2q,Comet_vs_PerGene
NS5B,JF735119,2a,2u,Comet_vs_PerGene
NS5B,JF735124,"unassigned_1, 3a-3g",3h,Comet_vs_PerGene
NS5B,JF735125,"unassigned_1, 3i-3h-6h-6b",3i,Comet_vs_PerGene
NS5B,JF735127,4k,4b,Comet_vs_PerGene
NS5B,JF735128,"unassigned_1, 4v-4m-4p-4t-4a-3g-2b-1a-3h",4v,Comet_vs_PerGene
NS5B,JF735129,"unassigned_1, 4v-4k",4v,Comet_vs_PerGene
NS5B,JF735130,"unassigned_1, 4v-4o",4l,Comet_vs_PerGene
NS5B,JF735131,"unassigned_1, 4v-4g",4l,Comet_vs_PerGene
NS5B,JF735132,4v,4p,Comet_vs_PerGene
NS5B,JF735134,4k,4b,Comet_vs_PerGene
NS5B,JF735135,4a,4c,Comet_vs_PerGene
NS5B,JF735136,"unassigned_1, 4v-4g",4s,Comet_vs_PerGene
NS5B,JF735138,4k,4b,Comet_vs_PerGene
NS5B,JF779679,"unassigned_1, 1a-2b",1a,Comet_vs_PerGene
NS5B,JN038189,4d,4o,Comet_vs_PerGene
NS5B,JN168947,4l,4b,Comet_vs_PerGene
NS5B,JN203143,4a,4c,Comet_vs_PerGene
NS5B,JN203145,4a,4m,Comet_vs_PerGene
NS5B,JN642780,1a,1e,Comet_vs_PerGene
NS5B,JN642783,4a,4m,Comet_vs_PerGene
NS5B,JN642784,4v,4c,Comet_vs_PerGene
NS5B,JN642786,4v,4r,Comet_vs_PerGene
NS5B,JN642788,4v,4m,Comet_vs_PerGene
NS5B,JN642790,4v,4m,Comet_vs_PerGene
NS5B,JN642791,4a,4c,Comet_vs_PerGene
NS5B,JN642792,4f,4a,Comet_vs_PerGene
NS5B,JN642794,4v,4m,Comet_vs_PerGene
NS5B,JN642795,4v,4r,Comet_vs_PerGene
NS5B,JN642800,4v,4m,Comet_vs_PerGene
NS5B,JN642806,4v,4m,Comet_vs_PerGene
NS5B,JN642811,4v,4a,Comet_vs_PerGene
NS5B,JN642814,4v,4a,Comet_vs_PerGene
NS5B,JN642818,4a,4f,Comet_vs_PerGene
NS5B,JN642819,4v,4r,Comet_vs_PerGene
NS5B,JN642820,4v,4m,Comet_vs_PerGene
NS5B,JN642822,4f,4b,Comet_vs_PerGene
NS5B,JN642824,4f,4w,Comet_vs_PerGene
NS5B,JN642826,4v,4c,Comet_vs_PerGene
NS5B,JN642828,4v,4a,Comet_vs_PerGene
NS5B,JN642829,2j,2r,Comet_vs_PerGene
NS5B,JN642830,4v,4r,Comet_vs_PerGene
NS5B,JN642832,4v,4m,Comet_vs_PerGene
NS5B,JN642833,4v,4c,Comet_vs_PerGene
NS5B,JN642834,4f,4a,Comet_vs_PerGene
NS5B,JN642835,1b,1i,Comet_vs_PerGene
NS5B,JN642836,4v,4c,Comet_vs_PerGene
NS5B,JN642838,2j,2r,Comet_vs_PerGene
NS5B,JN642841,2j,2q,Comet_vs_PerGene
NS5B,JN642842,4v,4r,Comet_vs_PerGene
NS5B,JN642844,4v,4m,Comet_vs_PerGene
NS5B,JN642845,4v,4a,Comet_vs_PerGene
NS5B,JN642846,4v,4p,Comet_vs_PerGene
NS5B,JN642847,4v,4m,Comet_vs_PerGene
NS5B,JN642848,4v,4f,Comet_vs_PerGene
NS5B,JN642849,4v,4m,Comet_vs_PerGene
NS5B,JN642853,4a,4m,Comet_vs_PerGene
NS5B,JN642854,4v,4d,Comet_vs_PerGene
NS5B,JN642857,4v,4t,Comet_vs_PerGene
NS5B,JN642858,4v,4a,Comet_vs_PerGene
NS5B,JN642859,4v,4m,Comet_vs_PerGene
NS5B,JN642861,4v,4f,Comet_vs_PerGene
NS5B,JN642862,4v,4m,Comet_vs_PerGene
NS5B,JN642863,4v,4a,Comet_vs_PerGene
NS5B,JN642864,4v,4d,Comet_vs_PerGene
NS5B,JN642865,4v,4d,Comet_vs_PerGene
NS5B,JN642866,4v,4a,Comet_vs_PerGene
NS5B,JN642867,4v,4a,Comet_vs_PerGene
NS5B,JN642868,4v,4a,Comet_vs_PerGene
NS5B,JN642871,4v,4m,Comet_vs_PerGene
NS5B,JN642872,4v,4a,Comet_vs_PerGene
NS5B,JN642873,4v,4a,Comet_vs_PerGene
NS5B,JN642874,4a,4m,Comet_vs_PerGene
NS5B,JN642875,4a,4c,Comet_vs_PerGene
NS5B,JN642876,4v,4l,Comet_vs_PerGene
NS5B,JN642877,4d,4a,Comet_vs_PerGene
NS5B,JN642878,4v,4f,Comet_vs_PerGene
NS5B,JN642883,4v,4a,Comet_vs_PerGene
NS5B,JN642884,4v,4c,Comet_vs_PerGene
NS5B,JN642885,4a,4c,Comet_vs_PerGene
NS5B,JN642886,4v,4m,Comet_vs_PerGene
NS5B,JN642887,4v,4a,Comet_vs_PerGene
NS5B,JN642888,4v,4m,Comet_vs_PerGene
NS5B,JN642889,4a,4c,Comet_vs_PerGene
NS5B,JN642890,4f,4d,Comet_vs_PerGene
NS5B,JN642891,4v,4m,Comet_vs_PerGene
NS5B,JN642892,4v,4a,Comet_vs_PerGene
NS5B,JN642893,4v,4a,Comet_vs_PerGene
NS5B,JN642894,4v,4f,Comet_vs_PerGene
NS5B,JN642895,4v,4m,Comet_vs_PerGene
NS5B,JN642897,4g?,4g,Comet_vs_PerGene
NS5B,JN642898,4v,4m,Comet_vs_PerGene
NS5B,JN642899,4f,4d,Comet_vs_PerGene
NS5B,JN642900,4v,4p,Comet_vs_PerGene
NS5B,JN642901,4v,4c,Comet_vs_PerGene
NS5B,JN642903,4v,4d,Comet_vs_PerGene
NS5B,JN642904,4v,4a,Comet_vs_PerGene
NS5B,JN642907,4v,4p,Comet_vs_PerGene
NS5B,JN642908,4v,4p,Comet_vs_PerGene
NS5B,JN642909,4v,4m,Comet_vs_PerGene
NS5B,JN642912,4v,4a,Comet_vs_PerGene
NS5B,JN642913,4v,4d,Comet_vs_PerGene
NS5B,JN642914,4v,4a,Comet_vs_PerGene
NS5B,JN642919,4f,4d,Comet_vs_PerGene
NS5B,JN642922,4v,4m,Comet_vs_PerGene
NS5B,JN642930,4f,4a,Comet_vs_PerGene
NS5B,JN642931,4v,4d,Comet_vs_PerGene
NS5B,JN642932,4v,4l,Comet_vs_PerGene
NS5B,JN642933,4v,4t,Comet_vs_PerGene
NS5B,JN642935,4v,4a,Comet_vs_PerGene
NS5B,JN642936,4a,4t,Comet_vs_PerGene
NS5B,JN642937,4l,4t,Comet_vs_PerGene
NS5B,JN642939,4v,4c,Comet_vs_PerGene
NS5B,JN642943,4l,4m,Comet_vs_PerGene
NS5B,JN642945,4v,4f,Comet_vs_PerGene
NS5B,JN642946,4v,4p,Comet_vs_PerGene
NS5B,JN642949,4v,4m,Comet_vs_PerGene
NS5B,JN642951,4a,4c,Comet_vs_PerGene
NS5B,JN642952,4v,4p,Comet_vs_PerGene
NS5B,JN642953,4v,4a,Comet_vs_PerGene
NS5B,JN642954,4v,4f,Comet_vs_PerGene
NS5B,JN642955,4v,4a,Comet_vs_PerGene
NS5B,JN642956,4v,4d,Comet_vs_PerGene
NS5B,JN642957,4v,4f,Comet_vs_PerGene
NS5B,JN642958,4v,4f,Comet_vs_PerGene
NS5B,JN642959,4v,4a,Comet_vs_PerGene
NS5B,JN642960,4v,4c,Comet_vs_PerGene
NS5B,JN642964,4v,4r,Comet_vs_PerGene
NS5B,JN642965,4v,4a,Comet_vs_PerGene
NS5B,JN642966,2j,2u,Comet_vs_PerGene
NS5B,JN642967,4v,4f,Comet_vs_PerGene
NS5B,JN642968,4v,4d,Comet_vs_PerGene
NS5B,JN642969,4v,4d,Comet_vs_PerGene
NS5B,JN642972,4v,4c,Comet_vs_PerGene
NS5B,JN642973,4f,4c,Comet_vs_PerGene
NS5B,JN642974,2a,2u,Comet_vs_PerGene
NS5B,JN642975,4v,4m,Comet_vs_PerGene
NS5B,JN642976,4d,4c,Comet_vs_PerGene
NS5B,JN642978,4v,4r,Comet_vs_PerGene
NS5B,JN642980,4v,4m,Comet_vs_PerGene
NS5B,JN642982,4v,4r,Comet_vs_PerGene
NS5B,JN642983,4v,4c,Comet_vs_PerGene
NS5B,JQ272557,2b,2a,Comet_vs_PerGene
NS5B,JQ318407,2j,2a,Comet_vs_PerGene
NS5B,JQ318415,6q,8a,Comet_vs_PerGene
NS5B,JQ318416,2j,2q,Comet_vs_PerGene
NS5B,JQ318419,2a,2d,Comet_vs_PerGene
NS5B,JQ318420,4k,4l,Comet_vs_PerGene
NS5B,JQ318422,4v,4s,Comet_vs_PerGene
NS5B,JQ318423,4a,4c,Comet_vs_PerGene
NS5B,JQ318424,6h,8a,Comet_vs_PerGene
NS5B,JQ318428,6h,8a,Comet_vs_PerGene
NS5B,JQ318432,4a,4s,Comet_vs_PerGene
NS5B,JQ318437,1a,1m,Comet_vs_PerGene
NS5B,JQ318441,2q,2r,Comet_vs_PerGene
NS5B,JQ318444,1b,1d,Comet_vs_PerGene
NS5B,JQ318446,6b,6xd,Comet_vs_PerGene
NS5B,JQ318450,1l,1o,Comet_vs_PerGene
NS5B,JQ318452,1l,1m,Comet_vs_PerGene
NS5B,JQ318454,6l,2m,Comet_vs_PerGene
NS5B,JQ318455,1a,1k,Comet_vs_PerGene
NS5B,JQ318456,1a,1d,Comet_vs_PerGene
NS5B,JQ318460,2j,2t,Comet_vs_PerGene
NS5B,JQ318462,1l,1m,Comet_vs_PerGene
NS5B,JQ318465,4v,4s,Comet_vs_PerGene
NS5B,JQ318466,4v,4q,Comet_vs_PerGene
NS5B,JQ318467,2j,2a,Comet_vs_PerGene
NS5B,JQ318469,2q,2u,Comet_vs_PerGene
NS5B,JQ318472,1a,1k,Comet_vs_PerGene
NS5B,JQ318473,1c,1k,Comet_vs_PerGene
NS5B,JQ318474,1b,1d,Comet_vs_PerGene
NS5B,JQ318475,1a,1n,Comet_vs_PerGene
NS5B,JQ318478,1b,1d,Comet_vs_PerGene
NS5B,JQ318480,2k,2f,Comet_vs_PerGene
NS5B,JQ318482,6h,8a,Comet_vs_PerGene
NS5B,JQ318490,1a,1m,Comet_vs_PerGene
NS5B,JQ318495,1l,1k,Comet_vs_PerGene
NS5B,JQ318497,2j,2u,Comet_vs_PerGene
NS5B,JQ318500,2a,2t,Comet_vs_PerGene
NS5B,JQ318501,2j,2t,Comet_vs_PerGene
NS5B,JQ318502,4v,4l,Comet_vs_PerGene
NS5B,JQ318503,4g,4w,Comet_vs_PerGene
NS5B,JQ318504,2j,2r,Comet_vs_PerGene
NS5B,JQ318510,2j,2r,Comet_vs_PerGene
NS5B,JQ318519,6b,6xd,Comet_vs_PerGene
NS5B,JQ318525,2j,2t,Comet_vs_PerGene
NS5B,JQ318530,6q,3d,Comet_vs_PerGene
NS5B,JQ318536,2j,2d,Comet_vs_PerGene
NS5B,JQ318541,4d,4v,Comet_vs_PerGene
NS5B,JQ318546,2b,2t,Comet_vs_PerGene
NS5B,JQ318556,4v,4q,Comet_vs_PerGene
NS5B,JQ318561,1b,1d,Comet_vs_PerGene
NS5B,JQ318569,6e,6xc,Comet_vs_PerGene
NS5B,JQ318571,4l,4s,Comet_vs_PerGene
NS5B,JQ650333,2c,2v,Comet_vs_PerGene
NS5B,JQ650334,2j,2v,Comet_vs_PerGene
NS5B,JQ650335,2a,2v,Comet_vs_PerGene
NS5B,JQ650336,2j,2v,Comet_vs_PerGene
NS5B,JQ650337,2j,2v,Comet_vs_PerGene
NS5B,JQ650338,2j,2v,Comet_vs_PerGene
NS5B,JQ650339,2j,2v,Comet_vs_PerGene
NS5B,JQ650340,2j,2v,Comet_vs_PerGene
NS5B,JQ650341,2j,2v,Comet_vs_PerGene
NS5B,JQ650342,2j,2v,Comet_vs_PerGene
NS5B,JQ650343,2j,2f,Comet_vs_PerGene
NS5B,JQ650346,2j,2v,Comet_vs_PerGene
NS5B,JQ650347,2c,2k,Comet_vs_PerGene
NS5B,JQ679028,2j,2a,Comet_vs_PerGene
NS5B,JQ679029,2j,2a,Comet_vs_PerGene
NS5B,JQ679030,2a,2d,Comet_vs_PerGene
NS5B,JQ679034,2j,2d,Comet_vs_PerGene
NS5B,JQ679035,2a,2d,Comet_vs_PerGene
NS5B,JQ679036,2j,2a,Comet_vs_PerGene
NS5B,JQ679037,1a,1l,Comet_vs_PerGene
NS5B,JQ679038,1a,1l,Comet_vs_PerGene
NS5B,JQ679039,1c,1k,Comet_vs_PerGene
NS5B,JQ679040,1c,1a,Comet_vs_PerGene
NS5B,JQ679041,1l,1j,Comet_vs_PerGene
NS5B,JQ679042,1l,1m,Comet_vs_PerGene
NS5B,JQ679044,1l,1o,Comet_vs_PerGene
NS5B,JQ679045,1l,1k,Comet_vs_PerGene
NS5B,JQ679046,1b,1l,Comet_vs_PerGene
NS5B,JQ679048,1a,1c,Comet_vs_PerGene
NS5B,JQ679049,1l,1c,Comet_vs_PerGene
NS5B,JQ679050,1l,1d,Comet_vs_PerGene
NS5B,JQ679051,1b,1m,Comet_vs_PerGene
NS5B,JQ679053,1c,1o,Comet_vs_PerGene
NS5B,JQ679054,1c,1o,Comet_vs_PerGene
NS5B,JQ679055,1c,1o,Comet_vs_PerGene
NS5B,JQ679056,1c,1o,Comet_vs_PerGene
NS5B,JQ679057,1c,1o,Comet_vs_PerGene
NS5B,JQ679058,1c,1o,Comet_vs_PerGene
NS5B,JQ679060,1b,1d,Comet_vs_PerGene
NS5B,JQ679061,1c,1o,Comet_vs_PerGene
NS5B,JQ679062,1c,1o,Comet_vs_PerGene
NS5B,JQ679064,1c,1o,Comet_vs_PerGene
NS5B,JQ679065,1l,1o,Comet_vs_PerGene
NS5B,JQ679068,1a,1d,Comet_vs_PerGene
NS5B,JQ679069,1a,1d,Comet_vs_PerGene
NS5B,JQ679070,1b,1d,Comet_vs_PerGene
NS5B,JQ679071,1b,1d,Comet_vs_PerGene
NS5B,JQ679072,1b,1d,Comet_vs_PerGene
NS5B,JQ679073,1b,1d,Comet_vs_PerGene
NS5B,JQ679074,1b,1d,Comet_vs_PerGene
NS5B,JQ679075,1b,1d,Comet_vs_PerGene
NS5B,JQ679076,1b,1d,Comet_vs_PerGene
NS5B,JQ679077,1b,1d,Comet_vs_PerGene
NS5B,JQ679078,1b,1d,Comet_vs_PerGene
NS5B,JQ679079,1c,1d,Comet_vs_PerGene
NS5B,JQ679080,1b,1d,Comet_vs_PerGene
NS5B,JQ679081,1b,1d,Comet_vs_PerGene
NS5B,JQ679082,1b,1d,Comet_vs_PerGene
NS5B,JQ679084,1b,1a,Comet_vs_PerGene
NS5B,JQ679085,1a,1h,Comet_vs_PerGene
NS5B,JQ679087,1h,1d,Comet_vs_PerGene
NS5B,OP555741,"unassigned_1, 4d-3g-2b-6k-2b-6k-1a-6k-6d-6k",4d,Comet_vs_PerGene
NS5B,OP555742,"unassigned_1, 4d-4a-4n-4g-4n-4k-4g-4w-3g-3h-6h-6d-6h-6d",4d,Comet_vs_PerGene
NS5B,OP555743,"unassigned_1, 4d-2j-2a-2m-2a",2a,Comet_vs_PerGene
NS5B,OP555744,"unassigned_1, 4d-2j-2a-2m-2a",2a,Comet_vs_PerGene
NS5B,OP555745,"unassigned_1, 4d-2j-2a-2m-2a",2a,Comet_vs_PerGene
NS5B,PX361034,"unassigned_1, 1l-2a",1l,Comet_vs_PerGene
NS5B,PX376057,"unassigned_1, 1l-2k-2j-2a-2q",1l,Comet_vs_PerGene
NS5B,PX376058,"unassigned_1, 1l-2a",1l,Comet_vs_PerGene
NS5B,PX376059,"unassigned_1, 1l-4v-4f",1l,Comet_vs_PerGene
NS5B,PX386811,"unassigned_1, 1a-3a",1a,Comet_vs_PerGene
NS5B,PX386926,2j,2q,Comet_vs_PerGene
NS5B,PX386968,"unassigned_1, 3h-6a",3h,Comet_vs_PerGene
NS5B,PX445001,"unassigned_1, 1h-4f",1h,Comet_vs_PerGene
NS5B,PX445002,"unassigned_1, 1e-4a-4w-4f",1e,Comet_vs_PerGene
NS5B,PX445003,"unassigned_1, 1h-4f-4l-4f",1h,Comet_vs_PerGene
NS5B,PX445004,"unassigned_1, 1e-4f-4w-4f-4p",1e,Comet_vs_PerGene
NS5B,PX446221,"unassigned_1, 1l-2k-2a",1l,Comet_vs_PerGene
NS5B,PX446959,"unassigned_1, 1l-4f",1l,Comet_vs_PerGene
NS5B,PX446960,"unassigned_1, 1l-4f",1l,Comet_vs_PerGene
NS5B,EU246937,"unassigned_1, 6n-6o-6e-6a-6o",6n,Comet_vs_PerGene
NS5B,EU420973,4k,8a,Comet_vs_PerGene
NS5B,EU420974,6a,6xd,Comet_vs_PerGene
NS5B,EU420975,6j,8a,Comet_vs_PerGene
NS5B,EU420978,6e,6f,Comet_vs_PerGene
NS5B,EU420979,6a,6d,Comet_vs_PerGene
NS5B,EU420980,6a,6xd,Comet_vs_PerGene
NS5B,EU420981,6e,6xf,Comet_vs_PerGene
NS5B,EU420982,6a,6xd,Comet_vs_PerGene
NS5B,EU420983,6h,1l,Comet_vs_PerGene
NS5B,EU420984,6a,6xd,Comet_vs_PerGene
NS5B,EU420985,6e,6q,Comet_vs_PerGene
NS5B,EU420986,6l,1a,Comet_vs_PerGene
NS5B,EU643835,"unassigned_1, 6w-2b",6w,Comet_vs_PerGene
NS5B,EU684606,4f,1n,Comet_vs_PerGene
NS5B,EU710349,"unassigned_1, 3a-6h",3a,Comet_vs_PerGene
NS5B,EU857431,"unassigned_1, 1b-3h",1b,Comet_vs_PerGene
NS5B,FJ025854,"unassigned_1, 4k-4f",4b,Comet_vs_PerGene
NS5B,FJ462437,"unassigned_1, 4d-4o",4d,Comet_vs_PerGene
NS5B,FJ462853,6v,2u,Comet_vs_PerGene
NS5B,FJ515062,"unassigned_1, 1b-1a",1b,Comet_vs_PerGene
NS5B,FJ515077,"unassigned_1, 1b-3a",1b,Comet_vs_PerGene
NS5B,FJ515092,"unassigned_1, 6a-1b",6a,Comet_vs_PerGene
NS5B,FJ755932,4v,4p,Comet_vs_PerGene
NS5B,FJ755933,4v,4p,Comet_vs_PerGene
NS5B,FJ755935,4v,4c,Comet_vs_PerGene
NS5B,FJ755936,4v,4r,Comet_vs_PerGene
NS5B,FJ755937,4g?,4g,Comet_vs_PerGene
NS5B,FJ755938,4v,4c,Comet_vs_PerGene
NS5B,FJ755939,4v,4m,Comet_vs_PerGene
NS5B,FJ755941,4g,4k,Comet_vs_PerGene
NS5B,FJ768776,6l,2a,Comet_vs_PerGene
NS5B,FJ791060,2j,2u,Comet_vs_PerGene
NS5B,FJ791061,4a,4l,Comet_vs_PerGene
NS5B,FJ791064,4a,4c,Comet_vs_PerGene
NS5B,FJ791069,4a,4c,Comet_vs_PerGene
NS5B,FJ791070,4a,4c,Comet_vs_PerGene
NS5B,FJ791083,4a,4c,Comet_vs_PerGene
NS5B,FJ791086,4a,4c,Comet_vs_PerGene
NS5B,FJ791088,2b,2l,Comet_vs_PerGene
NS5B,FJ791089,1b,1o,Comet_vs_PerGene
NS5B,FJ791090,4a,4c,Comet_vs_PerGene
NS5B,FJ791093,4a,4c,Comet_vs_PerGene
NS5B,FJ791094,2j,2u,Comet_vs_PerGene
NS5B,FJ791099,2b,2u,Comet_vs_PerGene
NS5B,FJ791103,4a,4c,Comet_vs_PerGene
NS5B,FJ791107,4a,4c,Comet_vs_PerGene
NS5B,FJ791111,4a,4m,Comet_vs_PerGene
NS5B,FJ795691,4v,4l,Comet_vs_PerGene
NS5B,FJ795711,4f,4r,Comet_vs_PerGene
NS5B,FJ795720,4v,4p,Comet_vs_PerGene
NS5B,FJ807073,4a,4o,Comet_vs_PerGene
NS5B,FJ859286,6i,1a,Comet_vs_PerGene
NS5B,FJ859289,6i,1m,Comet_vs_PerGene
NS5B,FJ859295,6i,1a,Comet_vs_PerGene
NS5B,FJ859297,6j,1a,Comet_vs_PerGene
NS5B,FJ859305,6j,3g,Comet_vs_PerGene
NS5B,FJ859316,6j,1m,Comet_vs_PerGene
NS5B,FJ859319,6i,1m,Comet_vs_PerGene
NS5B,FJ859323,6i,1m,Comet_vs_PerGene
NS5B,FJ859325,6i,1m,Comet_vs_PerGene
NS5B,FJ859328,6j,3h,Comet_vs_PerGene
NS5B,FJ859329,6i,1a,Comet_vs_PerGene
NS5B,FJ859331,6j,8a,Comet_vs_PerGene
NS5B,FJ859333,6j,3i,Comet_vs_PerGene
NS5B,FJ872268,2a,2u,Comet_vs_PerGene
NS5B,FJ872269,2b,2t,Comet_vs_PerGene
NS5B,FJ872270,2a,2l,Comet_vs_PerGene
NS5B,FJ872342,1b,1i,Comet_vs_PerGene
NS5B,FN435993,"unassigned_1, 1b-6h-6b-6h-6b-6d",1b,Comet_vs_PerGene
NS5B,FN668611,4a,4o,Comet_vs_PerGene
NS5B,FN668612,4a,4o,Comet_vs_PerGene
NS5B,GQ153856,2j,2r,Comet_vs_PerGene
NS5B,GQ153857,2c,2f,Comet_vs_PerGene
NS5B,GQ153858,2b,2a,Comet_vs_PerGene
NS5B,GQ153859,2b,2k,Comet_vs_PerGene
NS5B,GQ153860,2j,2d,Comet_vs_PerGene
NS5B,GQ153861,2j,2a,Comet_vs_PerGene
NS5B,GQ153862,2j,2u,Comet_vs_PerGene
NS5B,GQ153863,2a,2d,Comet_vs_PerGene
NS5B,GQ153864,2m,2u,Comet_vs_PerGene
NS5B,GQ153865,2k,2r,Comet_vs_PerGene
NS5B,GQ153866,2b,2u,Comet_vs_PerGene
NS5B,GQ153867,2a,2t,Comet_vs_PerGene
NS5B,GQ153868,2b,2d,Comet_vs_PerGene
NS5B,GQ153869,2j,2u,Comet_vs_PerGene
NS5B,GQ153870,2j,2u,Comet_vs_PerGene
NS5B,GQ153871,2j,2d,Comet_vs_PerGene
NS5B,GQ153872,2j,2q,Comet_vs_PerGene
NS5B,GQ153873,2j,2a,Comet_vs_PerGene
NS5B,GQ153874,2j,2a,Comet_vs_PerGene
NS5B,GQ153875,2b,2a,Comet_vs_PerGene
NS5B,GQ153876,2b,2u,Comet_vs_PerGene
NS5B,GQ153877,2b,2t,Comet_vs_PerGene
NS5B,GQ153878,2b,2v,Comet_vs_PerGene
NS5B,GQ153880,2a,2b,Comet_vs_PerGene
NS5B,GQ153883,2b,2t,Comet_vs_PerGene
NS5B,GQ153884,2a,2k,Comet_vs_PerGene
NS5B,GQ153885,2j,2r,Comet_vs_PerGene
NS5B,GQ153887,2b,2t,Comet_vs_PerGene
NS5B,GQ153888,2j,2k,Comet_vs_PerGene
NS5B,GQ153889,2b,2u,Comet_vs_PerGene
NS5B,GQ153890,2b,2a,Comet_vs_PerGene
NS5B,GQ153891,2b,2t,Comet_vs_PerGene
NS5B,GQ153892,2b,2v,Comet_vs_PerGene
NS5B,GQ153893,2a,2u,Comet_vs_PerGene
NS5B,GQ153894,2b,2j,Comet_vs_PerGene
NS5B,GQ153895,2k,2r,Comet_vs_PerGene
NS5B,GQ153896,2b,2u,Comet_vs_PerGene
NS5B,GQ153897,2b,2k,Comet_vs_PerGene
NS5B,GQ153898,2b,2r,Comet_vs_PerGene
NS5B,GQ153899,2j,2u,Comet_vs_PerGene
NS5B,GQ153900,2q,2r,Comet_vs_PerGene
NS5B,GQ153901,2j,2r,Comet_vs_PerGene
NS5B,GQ153902,2b,2t,Comet_vs_PerGene
NS5B,GQ153904,2q,2r,Comet_vs_PerGene
NS5B,GQ153905,2j,2r,Comet_vs_PerGene
NS5B,GQ153906,2b,2r,Comet_vs_PerGene
NS5B,GQ153909,2b,2t,Comet_vs_PerGene
NS5B,GQ153910,2q,2r,Comet_vs_PerGene
NS5B,GQ153911,2j,2d,Comet_vs_PerGene
NS5B,GQ285044,6k,6xi,Comet_vs_PerGene
NS5B,GQ285045,6l,6xi,Comet_vs_PerGene
NS5B,GQ418370,2c,2f,Comet_vs_PerGene
NS5B,GU049345,1b,1o,Comet_vs_PerGene
NS5B,GU049346,1c,1o,Comet_vs_PerGene
NS5B,GU049349,2j,2v,Comet_vs_PerGene
NS5B,GU049350,2a,2f,Comet_vs_PerGene
NS5B,GU049351,2j,2a,Comet_vs_PerGene
NS5B,GU049352,2j,2q,Comet_vs_PerGene
NS5B,GU049353,4v,4c,Comet_vs_PerGene
NS5B,GU049354,4a,4c,Comet_vs_PerGene
NS5B,GU049356,4g?,4g,Comet_vs_PerGene
NS5B,GU049359,4v,4l,Comet_vs_PerGene
NS5B,GU049360,4o,4w,Comet_vs_PerGene
NS5B,GU049364,6q,7a,Comet_vs_PerGene
NS5B,GU049365,6e,6c,Comet_vs_PerGene
NS5B,GU049366,6f,6q,Comet_vs_PerGene
NS5B,GU049367,6l,6k,Comet_vs_PerGene
NS5B,GU049368,6t,6o,Comet_vs_PerGene
NS5B,GU049369,6t,6c,Comet_vs_PerGene
NS5B,GU049370,6k,1c,Comet_vs_PerGene
NS5B,GU049371,6l,6k,Comet_vs_PerGene
NS5B,GU049372,6q,,Comet_vs_PerGene
NS5B,GU049374,6t,6xf,Comet_vs_PerGene
NS5B,GU049375,6t,6xf,Comet_vs_PerGene
NS5B,GU049376,6t,8a,Comet_vs_PerGene
NS5B,GU049379,6k,6xi,Comet_vs_PerGene
NS5B,GU049380,6l,6xb,Comet_vs_PerGene
NS5B,GU049381,6e,1n,Comet_vs_PerGene
NS5B,GU049383,6j,4k,Comet_vs_PerGene
NS5B,GU049384,6e,6q,Comet_vs_PerGene
NS5B,GU049385,6e,6xf,Comet_vs_PerGene
NS5B,GU049386,6b,6xd,Comet_vs_PerGene
NS5B,GU049387,6c,6f,Comet_vs_PerGene
NS5B,GU049388,6t,4w,Comet_vs_PerGene
NS5B,GU049389,6t,4d,Comet_vs_PerGene
NS5B,GU049390,6k,1j,Comet_vs_PerGene
NS5B,GU049393,6l,1m,Comet_vs_PerGene
NS5B,GU049395,6l,1c,Comet_vs_PerGene
NS5B,GU049396,6e,6f,Comet_vs_PerGene
NS5B,GU049397,6a,6xd,Comet_vs_PerGene
NS5B,GU049398,6t,4w,Comet_vs_PerGene
NS5B,GU049400,6e,6xf,Comet_vs_PerGene
NS5B,GU054415,2j,2t,Comet_vs_PerGene
NS5B,GU054416,2k,2t,Comet_vs_PerGene
NS5B,GU054417,2b,2l,Comet_vs_PerGene
NS5B,GU054418,2j,2r,Comet_vs_PerGene
NS5B,GU054419,2j,2v,Comet_vs_PerGene
NS5B,GU054420,2j,2t,Comet_vs_PerGene
NS5B,GU054423,2j,2u,Comet_vs_PerGene
NS5B,GU054424,2b,2l,Comet_vs_PerGene
NS5B,GU054425,2j,2d,Comet_vs_PerGene
NS5B,GU054426,2b,2l,Comet_vs_PerGene
NS5B,GU054428,2j,2v,Comet_vs_PerGene
NS5B,GU054431,2j,2u,Comet_vs_PerGene
NS5B,GU054432,2j,2a,Comet_vs_PerGene
NS5B,GU054433,2j,2d,Comet_vs_PerGene
NS5B,GU054434,2b,2f,Comet_vs_PerGene
NS5B,GU054435,2j,2v,Comet_vs_PerGene
NS5B,GU054438,2j,2d,Comet_vs_PerGene
NS5B,GU054439,2k,2f,Comet_vs_PerGene
NS5B,GU054440,2j,2u,Comet_vs_PerGene
NS5B,GU054444,2j,2u,Comet_vs_PerGene
NS5B,GU054448,2j,2l,Comet_vs_PerGene
NS5B,GU054449,2b,2l,Comet_vs_PerGene
NS5B,GU054450,2b,2l,Comet_vs_PerGene
NS5B,GU054451,2j,2d,Comet_vs_PerGene
NS5B,GU054452,4a,4c,Comet_vs_PerGene
NS5B,GU054464,4l,4b,Comet_vs_PerGene
NS5B,GU054472,4f,4w,Comet_vs_PerGene
NS5B,GU054482,4l,4b,Comet_vs_PerGene
NS5B,GU088159,2b,2l,Comet_vs_PerGene
NS5B,GU088162,4d,4w,Comet_vs_PerGene
NS5B,GU088163,4d,4w,Comet_vs_PerGene
NS5B,GU088164,4a,4v,Comet_vs_PerGene
NS5B,GU088166,4a,4c,Comet_vs_PerGene
NS5B,GU088167,4a,4c,Comet_vs_PerGene
NS5B,GU088169,4a,4c,Comet_vs_PerGene
NS5B,JQ746502,2a,2r,Comet_vs_PerGene
NS5B,JQ746503,2j,2v,Comet_vs_PerGene
NS5B,JQ746504,2c,2v,Comet_vs_PerGene
NS5B,JQ746505,2k,2m,Comet_vs_PerGene
NS5B,JX102881,6e,7a,Comet_vs_PerGene
NS5B,JX102882,6h,1m,Comet_vs_PerGene
NS5B,JX102919,6h,3g,Comet_vs_PerGene
NS5B,JX102929,6h,1m,Comet_vs_PerGene
NS5B,JX102940,6h,3d,Comet_vs_PerGene
NS5B,JX102946,6h,8a,Comet_vs_PerGene
NS5B,JX102967,6h,8a,Comet_vs_PerGene
NS5B,JX103031,6h,8a,Comet_vs_PerGene
NS5B,JX103085,6f,7a,Comet_vs_PerGene
NS5B,JX103121,6h,8a,Comet_vs_PerGene
NS5B,JX103122,6w,6xf,Comet_vs_PerGene
NS5B,JX103123,6h,8a,Comet_vs_PerGene
NS5B,JX103126,6w,6xf,Comet_vs_PerGene
NS5B,JX103127,6h,8a,Comet_vs_PerGene
NS5B,JX103128,6w,6xf,Comet_vs_PerGene
NS5B,JX103130,6h,8a,Comet_vs_PerGene
NS5B,JX103131,6h,8a,Comet_vs_PerGene
NS5B,JX103132,6w,6xf,Comet_vs_PerGene
NS5B,JX183549,6k,6xi,Comet_vs_PerGene
NS5B,JX183550,6l,6xj,Comet_vs_PerGene
NS5B,JX183551,6l,6xi,Comet_vs_PerGene
NS5B,JX183552,6l,6xb,Comet_vs_PerGene
NS5B,JX183557,6n,6xe,Comet_vs_PerGene
NS5B,JX227952,"unassigned_1, 1b-2j-2a-2j-2q-2k-2q-2k",1b,Comet_vs_PerGene
NS5B,JX227963,4g?,4g,Comet_vs_PerGene
NS5B,JX457320,4d,4o,Comet_vs_PerGene
NS5B,JX677266,4k,6r,Comet_vs_PerGene
NS5B,JX677410,2c,2f,Comet_vs_PerGene
NS5B,JX677555,3b,6xa,Comet_vs_PerGene
NS5B,KC012575,1c,1d,Comet_vs_PerGene
NS5B,KC012576,1b,1d,Comet_vs_PerGene
NS5B,KC012580,1b,1d,Comet_vs_PerGene
NS5B,KC012581,1b,1d,Comet_vs_PerGene
NS5B,KC012583,1b,1d,Comet_vs_PerGene
NS5B,KC012584,2j,2u,Comet_vs_PerGene
NS5B,KC012585,2q,2u,Comet_vs_PerGene
NS5B,KC012586,2j,2u,Comet_vs_PerGene
NS5B,KC012587,2j,2a,Comet_vs_PerGene
NS5B,KC012588,2j,2u,Comet_vs_PerGene
NS5B,KC012589,2a,2l,Comet_vs_PerGene
NS5B,KC124778,"unassigned_1, 1b-1a",1b,Comet_vs_PerGene
NS5B,KC197229,"unassigned_1, 2i-2k-2c-3h",2i,Comet_vs_PerGene
NS5B,KC197230,"unassigned_1, 2i-2k",2i,Comet_vs_PerGene
NS5B,KC197231,"unassigned_1, 2i-2k-2b-3h",2i,Comet_vs_PerGene
NS5B,KC197233,"unassigned_1, 2j-6k",2j,Comet_vs_PerGene
NS5B,KC197235,2b,2l,Comet_vs_PerGene
NS5B,KC197236,2j,2t,Comet_vs_PerGene
NS5B,KC197237,2j,2r,Comet_vs_PerGene
NS5B,KC197238,2b,2t,Comet_vs_PerGene
NS5B,KC197239,2b,2r,Comet_vs_PerGene
NS5B,KC197240,2b,2l,Comet_vs_PerGene
NS5B,KC506771,4a,4l,Comet_vs_PerGene
NS5B,KC506774,4v,4l,Comet_vs_PerGene
NS5B,KC632144,4d,4a,Comet_vs_PerGene
NS5B,KC632147,2j,2d,Comet_vs_PerGene
NS5B,KC632148,1b,1n,Comet_vs_PerGene
NS5B,KC632149,2b,2l,Comet_vs_PerGene
NS5B,KC632150,2j,2a,Comet_vs_PerGene
NS5B,KC632151,2b,2l,Comet_vs_PerGene
NS5B,KC632152,1b,1o,Comet_vs_PerGene
NS5B,KC844039,6w,6xa,Comet_vs_PerGene
NS5B,KC844040,6w,6xa,Comet_vs_PerGene
NS5B,KC844042,2j,2f,Comet_vs_PerGene
NS5B,KC844050,2j,2f,Comet_vs_PerGene
NS5B,KC844051,"unassigned_1, 1b-3h",1b,Comet_vs_PerGene
NS5B,KC844052,"unassigned_1, 1b-3h",1b,Comet_vs_PerGene
NS5B,KC960765,1b,1d,Comet_vs_PerGene
NS5B,KC960766,1b,1d,Comet_vs_PerGene
NS5B,KC960767,1b,1d,Comet_vs_PerGene
NS5B,KC960768,1b,1d,Comet_vs_PerGene
NS5B,KC960769,1b,1i,Comet_vs_PerGene
NS5B,KC960770,1b,1i,Comet_vs_PerGene
NS5B,KC960771,1b,1i,Comet_vs_PerGene
NS5B,KC960772,1b,1d,Comet_vs_PerGene
NS5B,KC960773,1b,1i,Comet_vs_PerGene
NS5B,KC960781,1b,1d,Comet_vs_PerGene
NS5B,KC960783,1b,1d,Comet_vs_PerGene
NS5B,KC960789,1b,1d,Comet_vs_PerGene
NS5B,KC960798,1b,1d,Comet_vs_PerGene
NS5B,KC960808,1b,1d,Comet_vs_PerGene
NS5B,KC960815,1b,1d,Comet_vs_PerGene
NS5B,KC960818,1a,1o,Comet_vs_PerGene
NS5B,KC960819,1c,1o,Comet_vs_PerGene
NS5B,KC960823,1b,1d,Comet_vs_PerGene
NS5B,KC960824,1b,1d,Comet_vs_PerGene
NS5B,KC967477,"unassigned_1, 2a-2b",2a,Comet_vs_PerGene
NS5B,KC967478,"unassigned_1, 2a-2b",2a,Comet_vs_PerGene
NS5B,KC967479,"unassigned_1, 2a-2c",2a,Comet_vs_PerGene
NS5B,KF437708,6h,3d,Comet_vs_PerGene
NS5B,KF437709,6h,3d,Comet_vs_PerGene
NS5B,KF437710,6h,3d,Comet_vs_PerGene
NS5B,KF437711,6h,3d,Comet_vs_PerGene
NS5B,KF437712,6h,3d,Comet_vs_PerGene
NS5B,KF437713,6h,3d,Comet_vs_PerGene
NS5B,KF437714,6h,3d,Comet_vs_PerGene
NS5B,KF437715,6l,2a,Comet_vs_PerGene
NS5B,KF437716,6l,2a,Comet_vs_PerGene
NS5B,KF437717,6l,2a,Comet_vs_PerGene
NS5B,KF585672,6n,1g,Comet_vs_PerGene
NS5B,KF585674,6n,1m,Comet_vs_PerGene
NS5B,KF585719,6n,1a,Comet_vs_PerGene
NS5B,KF667838,1b,1d,Comet_vs_PerGene
NS5B,KF686354,4o,4l,Comet_vs_PerGene
NS5B,KF686369,4a,4c,Comet_vs_PerGene
NS5B,KF686425,4m,4l,Comet_vs_PerGene
NS5B,KF686430,4n,4o,Comet_vs_PerGene
NS5B,KF686451,4a,4c,Comet_vs_PerGene
NS5B,KF686463,4v,4p,Comet_vs_PerGene
NS5B,KF686470,4a,4c,Comet_vs_PerGene
NS5B,KF686485,4v,4q,Comet_vs_PerGene
NS5B,KF686508,4v,4f,Comet_vs_PerGene
NS5B,KF686535,4a,4c,Comet_vs_PerGene
NS5B,KF686540,4v,4l,Comet_vs_PerGene
NS5B,KF686553,4a,4c,Comet_vs_PerGene
NS5B,KF686574,4v,4l,Comet_vs_PerGene
NS5B,KF686580,4a,4c,Comet_vs_PerGene
NS5B,KF826154,4a,4c,Comet_vs_PerGene
NS5B,KF826182,4k,4m,Comet_vs_PerGene
NS5B,KF826189,4k,4l,Comet_vs_PerGene
NS5B,OR210427,6l,6xi,Comet_vs_PerGene
NS5B,OR210432,6l,6xi,Comet_vs_PerGene
NS5B,OR210481,6n,1l,Comet_vs_PerGene
NS5B,OR210544,6n,6xe,Comet_vs_PerGene
NS5B,OR210624,6n,1m,Comet_vs_PerGene
NS5B,OR210678,6n,1m,Comet_vs_PerGene
NS5B,OR210689,6l,6xj,Comet_vs_PerGene
NS5B,OR210766,6n,1m,Comet_vs_PerGene
NS5B,OR210783,6l,6xi,Comet_vs_PerGene
NS5B,OR210805,6l,2a,Comet_vs_PerGene
NS5B,OR210850,6n,1m,Comet_vs_PerGene
NS5B,OR210878,6n,1m,Comet_vs_PerGene
NS5B,OP022918,"unassigned_1, 2b-2d",2b,Comet_vs_PerGene
NS5B,OR097220,"unassigned_1, 2a-6v",2a,Comet_vs_PerGene
NS5B,KJ148617,2j,2l,Comet_vs_PerGene
NS5B,KJ148618,2a,2l,Comet_vs_PerGene
NS5B,KJ439768,1b,1d,Comet_vs_PerGene
NS5B,KJ439772,1b,1i,Comet_vs_PerGene
NS5B,KJ439773,1a,1j,Comet_vs_PerGene
NS5B,KJ439774,1a,1k,Comet_vs_PerGene
NS5B,KJ439775,1a,1n,Comet_vs_PerGene
NS5B,KJ439777,1a,1k,Comet_vs_PerGene
NS5B,KJ439778,1a,1m,Comet_vs_PerGene
NS5B,KJ439779,1b,1o,Comet_vs_PerGene
NS5B,KJ439780,1a,1m,Comet_vs_PerGene
NS5B,KJ439781,1a,1n,Comet_vs_PerGene
NS5B,KJ439782,1a,1m,Comet_vs_PerGene
NS5B,KJ470148,6w,6xf,Comet_vs_PerGene
NS5B,KJ470155,4k,1a,Comet_vs_PerGene
NS5B,KJ470169,6e,1l,Comet_vs_PerGene
NS5B,KJ470190,6e,6xc,Comet_vs_PerGene
NS5B,KJ470197,6e,8a,Comet_vs_PerGene
NS5B,KJ470202,6l,1c,Comet_vs_PerGene
NS5B,KJ470210,6l,1a,Comet_vs_PerGene
NS5B,KJ470214,6e,6xc,Comet_vs_PerGene
NS5B,KJ470254,6h,1l,Comet_vs_PerGene
NS5B,KJ470262,6l,1c,Comet_vs_PerGene
NS5B,KJ470278,6l,1n,Comet_vs_PerGene
NS5B,KJ470282,6e,8a,Comet_vs_PerGene
NS5B,KJ470285,6p,3d,Comet_vs_PerGene
NS5B,KJ470298,6e,7a,Comet_vs_PerGene
NS5B,KJ470303,6l,2m,Comet_vs_PerGene
NS5B,KJ470312,6e,8a,Comet_vs_PerGene
NS5B,KJ470317,6e,3d,Comet_vs_PerGene
NS5B,KJ470322,6h,8a,Comet_vs_PerGene
NS5B,KJ470326,2j,2i,Comet_vs_PerGene
NS5B,KJ470327,6e,8a,Comet_vs_PerGene
NS5B,KJ470356,6l,1a,Comet_vs_PerGene
NS5B,KJ470365,6e,8a,Comet_vs_PerGene
NS5B,KJ470370,6l,1a,Comet_vs_PerGene
NS5B,KJ470618,3a,3e,Comet_vs_PerGene
NS5B,KJ470619,3a,3d,Comet_vs_PerGene
NS5B,KJ470623,6w,6g,Comet_vs_PerGene
NS5B,KJ470625,6w,6g,Comet_vs_PerGene
NS5B,KJ567644,6l,6xi,Comet_vs_PerGene
NS5B,KJ567645,6l,6xb,Comet_vs_PerGene
NS5B,KJ567646,6e,6xf,Comet_vs_PerGene
NS5B,KJ567647,6w,6xf,Comet_vs_PerGene
NS5B,KJ567648,6w,6xf,Comet_vs_PerGene
NS5B,KJ567649,6e,6xc,Comet_vs_PerGene
NS5B,KJ567650,6e,6xc,Comet_vs_PerGene
NS5B,KJ567651,6e,6xc,Comet_vs_PerGene
NS5B,KJ642631,2j,2r,Comet_vs_PerGene
NS5B,KJ642632,2j,2l,Comet_vs_PerGene
NS5B,KJ642633,2b,2l,Comet_vs_PerGene
NS5B,KJ642635,2j,2a,Comet_vs_PerGene
NS5B,KJ642636,2c,2l,Comet_vs_PerGene
NS5B,KJ642637,2j,2r,Comet_vs_PerGene
NS5B,KJ642638,1b,1i,Comet_vs_PerGene
NS5B,KJ678754,"unassigned_1, 6a-3h",6a,Comet_vs_PerGene
NS5B,KJ678768,"unassigned_1, 6a-3a",6a,Comet_vs_PerGene
NS5B,KM043282,"unassigned_1, 4a-6h-6b-6h-6b",4a,Comet_vs_PerGene
NS5B,KM043283,"unassigned_1, 4a-6b-6h-6b",4a,Comet_vs_PerGene
NS5B,KM043285,"unassigned_1, 1b-6k-6b",1b,Comet_vs_PerGene
NS5B,KM102760,"unassigned_1, 1a-2b",1a,Comet_vs_PerGene
NS5B,KM102761,"unassigned_1, 1a-2b",1a,Comet_vs_PerGene
NS5B,KM102762,"unassigned_1, 1a-2b",1a,Comet_vs_PerGene
NS5B,KM102763,"unassigned_1, 1a-2b",1a,Comet_vs_PerGene
NS5B,KM102764,"unassigned_1, 1b-2j-2a-2b",1b,Comet_vs_PerGene
NS5B,KM102765,"unassigned_1, 1b-2k",1b,Comet_vs_PerGene
NS5B,KM102766,"unassigned_1, 1b-2b",1b,Comet_vs_PerGene
NS5B,KM102767,"unassigned_1, 1b-2b",1b,Comet_vs_PerGene
NS5B,KM102768,"unassigned_1, 1b-2a-2k",1b,Comet_vs_PerGene
NS5B,KM102769,"unassigned_1, 1b-2a-2k",1b,Comet_vs_PerGene
NS5B,KM102770,"unassigned_1, 1b-2k",1b,Comet_vs_PerGene
NS5B,KM213527,2j,2v,Comet_vs_PerGene
NS5B,KM213528,1c,1m,Comet_vs_PerGene
NS5B,KM213529,2j,2d,Comet_vs_PerGene
NS5B,KM213530,2j,2u,Comet_vs_PerGene
NS5B,KM213532,2b,2l,Comet_vs_PerGene
NS5B,KM213533,2a,2d,Comet_vs_PerGene
NS5B,KM213534,2a,2u,Comet_vs_PerGene
NS5B,KM213535,2j,2d,Comet_vs_PerGene
NS5B,KM213538,2j,2q,Comet_vs_PerGene
NS5B,KM213539,2j,2f,Comet_vs_PerGene
NS5B,KM213540,2c,2u,Comet_vs_PerGene
NS5B,KM213541,1b,1d,Comet_vs_PerGene
NS5B,KM213542,2b,2l,Comet_vs_PerGene
NS5B,KM213543,2j,2a,Comet_vs_PerGene
NS5B,KM213544,1l,1m,Comet_vs_PerGene
NS5B,KM213545,2j,2u,Comet_vs_PerGene
NS5B,KM213546,2j,2v,Comet_vs_PerGene
NS5B,KM213547,2j,2a,Comet_vs_PerGene
NS5B,KM213548,2b,2a,Comet_vs_PerGene
NS5B,KM213549,1b,1d,Comet_vs_PerGene
NS5B,KM213550,2j,2d,Comet_vs_PerGene
NS5B,KM213551,2a,2u,Comet_vs_PerGene
NS5B,KM213552,2c,2f,Comet_vs_PerGene
NS5B,KM213553,2j,2l,Comet_vs_PerGene
NS5B,KM213554,1h,1d,Comet_vs_PerGene
NS5B,KM213555,2j,2v,Comet_vs_PerGene
NS5B,KM213556,2c,2k,Comet_vs_PerGene
NS5B,KM213558,1l,1d,Comet_vs_PerGene
NS5B,KM213559,2j,2a,Comet_vs_PerGene
NS5B,KM213560,2j,2v,Comet_vs_PerGene
NS5B,KM213562,2j,2a,Comet_vs_PerGene
NS5B,KM213563,2c,2j,Comet_vs_PerGene
NS5B,KM213565,2j,2q,Comet_vs_PerGene
NS5B,KM213569,2j,2a,Comet_vs_PerGene
NS5B,KM213570,2j,2a,Comet_vs_PerGene
NS5B,KM213572,2b,2l,Comet_vs_PerGene
NS5B,KM213573,2j,2v,Comet_vs_PerGene
NS5B,KM213574,4a,1m,Comet_vs_PerGene
NS5B,KM213575,1b,1d,Comet_vs_PerGene
NS5B,KM213576,2j,2v,Comet_vs_PerGene
NS5B,KM213577,1b,1d,Comet_vs_PerGene
NS5B,KM213578,2a,2d,Comet_vs_PerGene
NS5B,KM213579,2a,2u,Comet_vs_PerGene
NS5B,KM213580,2j,2a,Comet_vs_PerGene
NS5B,KM213581,2j,2a,Comet_vs_PerGene
NS5B,KM213582,2j,2r,Comet_vs_PerGene
NS5B,KM213584,2q,2f,Comet_vs_PerGene
NS5B,KM213586,2j,2d,Comet_vs_PerGene
NS5B,KM213587,2b,2l,Comet_vs_PerGene
NS5B,KM213590,2j,2q,Comet_vs_PerGene
NS5B,KM252788,"unassigned_1, 6u-2b",6u,Comet_vs_PerGene
NS5B,KM252789,6a,6xd,Comet_vs_PerGene
NS5B,KM252790,6a,6xd,Comet_vs_PerGene
NS5B,KM252791,6a,6xd,Comet_vs_PerGene
NS5B,KM252792,6n,6xe,Comet_vs_PerGene
NS5B,KM252794,6w,6i,Comet_vs_PerGene
NS5B,KM252796,6e,6c,Comet_vs_PerGene
NS5B,KM252797,6e,6c,Comet_vs_PerGene
NS5B,KM252798,6e,6xf,Comet_vs_PerGene
NS5B,KM252799,6a,6xd,Comet_vs_PerGene
NS5B,KM252800,6e,6q,Comet_vs_PerGene
NS5B,KM285119,6n,6xg,Comet_vs_PerGene
NS5B,KM285120,6n,6xg,Comet_vs_PerGene
NS5B,KM285121,6n,6xg,Comet_vs_PerGene
NS5B,KM285122,6n,6xg,Comet_vs_PerGene
NS5B,KM285123,6n,6xg,Comet_vs_PerGene
NS5B,KM495736,"unassigned_1, 1b-2k",1b,Comet_vs_PerGene
NS5B,KM504109,6n,6xg,Comet_vs_PerGene
NS5B,KM504111,6e,6c,Comet_vs_PerGene
NS5B,KM504112,1b,6o,Comet_vs_PerGene
NS5B,KM504114,6o,6q,Comet_vs_PerGene
NS5B,KM504117,6e,6q,Comet_vs_PerGene
NS5B,KM504118,6w,6xf,Comet_vs_PerGene
NS5B,KM504120,6e,6q,Comet_vs_PerGene
NS5B,KM504121,6w,6c,Comet_vs_PerGene
NS5B,KM587623,"unassigned_1, 3i-3k",3i,Comet_vs_PerGene
NS5B,KM587625,"unassigned_1, 4d-4a-4n-4g-1a-3h",4d,Comet_vs_PerGene
NS5B,KP324195,6i,1a,Comet_vs_PerGene
NS5B,KP324196,6i,1m,Comet_vs_PerGene
NS5B,KP324197,6i,1m,Comet_vs_PerGene
NS5B,KP324198,6i,1l,Comet_vs_PerGene
NS5B,KP324199,6i,1l,Comet_vs_PerGene
NS5B,KP324200,6i,1m,Comet_vs_PerGene
NS5B,KP324201,6i,1m,Comet_vs_PerGene
NS5B,KP324202,6i,1m,Comet_vs_PerGene
NS5B,KP324203,6i,1m,Comet_vs_PerGene
NS5B,KP324204,6i,7a,Comet_vs_PerGene
NS5B,KP324205,6i,1a,Comet_vs_PerGene
NS5B,KP324206,6i,1m,Comet_vs_PerGene
NS5B,KP324207,6i,1m,Comet_vs_PerGene
NS5B,KP324208,6i,1m,Comet_vs_PerGene
NS5B,KP347333,4k,4r,Comet_vs_PerGene
NS5B,KP347336,4a,4c,Comet_vs_PerGene
NS5B,KP347339,4g?,4g,Comet_vs_PerGene
NS5B,KP347347,4v,4q,Comet_vs_PerGene
NS5B,KP347350,4g?,4g,Comet_vs_PerGene
NS5B,KP347363,4v,4w,Comet_vs_PerGene
NS5B,KP347364,4k,4r,Comet_vs_PerGene
NS5B,KP347368,4d,4p,Comet_vs_PerGene
NS5B,KP347380,4a,4c,Comet_vs_PerGene
NS5B,KP347389,4k,4r,Comet_vs_PerGene
NS5B,KP347415,4v,4l,Comet_vs_PerGene
NS5B,KP347416,4a,4r,Comet_vs_PerGene
NS5B,KP347417,4r,4p,Comet_vs_PerGene
NS5B,KP347426,4l,4b,Comet_vs_PerGene
NS5B,KR095342,6i,1m,Comet_vs_PerGene
NS5B,OM222702,"unassigned_1, 1b-6k-6b",1b,Comet_vs_PerGene
NS5B,OM222703,"unassigned_1, 1b-6k-6b",1b,Comet_vs_PerGene
NS5B,KX789412,3a,7b,Comet_vs_PerGene
NS5B,KX810083,"unassigned_1, 4a-1a",4a,Comet_vs_PerGene
NS5B,KX810085,"unassigned_1, 4a-1a",4a,Comet_vs_PerGene
NS5B,KX810086,"unassigned_1, 4a-1a",4a,Comet_vs_PerGene
NS5B,KY014622,"unassigned_1, 6n-2m-2a-6d",6n,Comet_vs_PerGene
NS5B,KY083758,2c,2v,Comet_vs_PerGene
NS5B,KY283130,"unassigned_1, 4a-2a-3g-6b-3g",4a,Comet_vs_PerGene
NS5B,KY348757,1b,1d,Comet_vs_PerGene
NS5B,KY569749,6e,8a,Comet_vs_PerGene
NS5B,KY569753,6e,7a,Comet_vs_PerGene
NS5B,KY569765,6e,8a,Comet_vs_PerGene
NS5B,KY569785,6e,6xc,Comet_vs_PerGene
NS5B,KY569788,6e,6xc,Comet_vs_PerGene
NS5B,KY569792,6e,6xc,Comet_vs_PerGene
NS5B,KY569795,6e,6xc,Comet_vs_PerGene
NS5B,KY569798,6e,6xc,Comet_vs_PerGene
NS5B,KY569800,6q,8a,Comet_vs_PerGene
NS5B,KY569801,6e,6xc,Comet_vs_PerGene
NS5B,KY569802,6e,6xc,Comet_vs_PerGene
NS5B,KY608650,4a,4c,Comet_vs_PerGene
NS5B,KY608701,6h,8a,Comet_vs_PerGene
NS5B,KY620322,"unassigned_1, 2a-3a",2a,Comet_vs_PerGene
NS5B,KY620330,"unassigned_1, 2c-2b-3g-2b-2a",2c,Comet_vs_PerGene
NS5B,KY620333,"unassigned_1, 2c-6h-3h",2c,Comet_vs_PerGene
NS5B,KY620334,"unassigned_1, 2c-6h-2b",2c,Comet_vs_PerGene
NS5B,KY620364,"unassigned_1, 3a-3h",3a,Comet_vs_PerGene
NS5B,KY620370,"unassigned_1, 3a-3h",3a,Comet_vs_PerGene
NS5B,KY620373,"unassigned_1, 3a-3h",3a,Comet_vs_PerGene
NS5B,KY620384,"unassigned_1, 3a-3h",3a,Comet_vs_PerGene
NS5B,KY620390,"unassigned_1, 3a-3h",3a,Comet_vs_PerGene
NS5B,KY620404,"unassigned_1, 3a-3h",3a,Comet_vs_PerGene
NS5B,KY620414,"unassigned_1, 3a-3h",3a,Comet_vs_PerGene
NS5B,KY620427,"unassigned_1, 3a-3h",3a,Comet_vs_PerGene
NS5B,KY620437,"unassigned_1, 3a-3h",3a,Comet_vs_PerGene
NS5B,KY620448,"unassigned_1, 3a-3h",3a,Comet_vs_PerGene
NS5B,KY620456,"unassigned_1, 3a-3h",3a,Comet_vs_PerGene
NS5B,KY620484,"unassigned_1, 3a-3h",3a,Comet_vs_PerGene
NS5B,KY620508,"unassigned_1, 3a-3h",3a,Comet_vs_PerGene
NS5B,KY620514,"unassigned_1, 3a-3h",3a,Comet_vs_PerGene
NS5B,KY620515,"unassigned_1, 3a-3h",3a,Comet_vs_PerGene
NS5B,KY620516,"unassigned_1, 3a-3h",3a,Comet_vs_PerGene
NS5B,KY620517,"unassigned_1, 3a-3h",3a,Comet_vs_PerGene
NS5B,KY620519,"unassigned_1, 3a-3h",3a,Comet_vs_PerGene
NS5B,KY620526,"unassigned_1, 3a-3h",3a,Comet_vs_PerGene
NS5B,KY620549,"unassigned_1, 3a-3h",3a,Comet_vs_PerGene
NS5B,KY620552,"unassigned_1, 3a-3h",3a,Comet_vs_PerGene
NS5B,KY620568,"unassigned_1, 3a-3h",3a,Comet_vs_PerGene
NS5B,KY620574,"unassigned_1, 3a-3h",3a,Comet_vs_PerGene
NS5B,KY620580,"unassigned_1, 3a-3h",3a,Comet_vs_PerGene
NS5B,KY620606,"unassigned_1, 3a-3h",3a,Comet_vs_PerGene
NS5B,KY620641,"unassigned_1, 3a-3h",3a,Comet_vs_PerGene
NS5B,KY620671,"unassigned_1, 3a-3h",3a,Comet_vs_PerGene
NS5B,KY620675,"unassigned_1, 3a-3h",3a,Comet_vs_PerGene
NS5B,KY620721,"unassigned_1, 3a-3h",3a,Comet_vs_PerGene
NS5B,KY620724,"unassigned_1, 3a-3h",3a,Comet_vs_PerGene
NS5B,KY620738,"unassigned_1, 3a-3h",3a,Comet_vs_PerGene
NS5B,KY620748,"unassigned_1, 3a-3h",3a,Comet_vs_PerGene
NS5B,KY620759,"unassigned_1, 3a-3h",3a,Comet_vs_PerGene
NS5B,KY620790,"unassigned_1, 3a-3h",3a,Comet_vs_PerGene
NS5B,KY620791,"unassigned_1, 3a-3h",3a,Comet_vs_PerGene
NS5B,KY620801,"unassigned_1, 3a-3h",3a,Comet_vs_PerGene
NS5B,KY620811,"unassigned_1, 3a-3h",3a,Comet_vs_PerGene
NS5B,KY620823,"unassigned_1, 3a-3h",3a,Comet_vs_PerGene
NS5B,KY620824,"unassigned_1, 3a-3h",3a,Comet_vs_PerGene
NS5B,KY620832,"unassigned_1, 3a-3h",3a,Comet_vs_PerGene
NS5B,KY620836,"unassigned_1, 3a-3h",3a,Comet_vs_PerGene
NS5B,KY620860,"unassigned_1, 3a-2b",3a,Comet_vs_PerGene
NS5B,KY620868,"unassigned_1, 3a-2b",3a,Comet_vs_PerGene
NS5B,KY620872,"unassigned_1, 3b-3h",3b,Comet_vs_PerGene
NS5B,KY620875,"unassigned_1, 3b-3a",3a,Comet_vs_PerGene
NS5B,KY620879,3g,3i,Comet_vs_PerGene
NS5B,KY620880,"unassigned_1, 1a-2b",1a,Comet_vs_PerGene
NS5B,KY624459,6v,6u,Comet_vs_PerGene
NS5B,KY624469,6a,6u,Comet_vs_PerGene
NS5B,KY624475,6n,1m,Comet_vs_PerGene
NS5B,KY627918,1l,1o,Comet_vs_PerGene
NS5B,KY661737,4v,4p,Comet_vs_PerGene
NS5B,KY661738,4g?,4g,Comet_vs_PerGene
NS5B,KY661739,4a,4c,Comet_vs_PerGene
NS5B,KY661740,4v,4a,Comet_vs_PerGene
NS5B,KY661743,2j,2u,Comet_vs_PerGene
NS5B,KY661745,4v,4p,Comet_vs_PerGene
NS5B,KY661746,4g?,4g,Comet_vs_PerGene
NS5B,KY661747,4a,4c,Comet_vs_PerGene
NS5B,KY661748,4v,4a,Comet_vs_PerGene
NS5B,KY661751,2j,2u,Comet_vs_PerGene
NS5B,KY780122,"unassigned_1, 1b-2j-2k",1b,Comet_vs_PerGene
NS5B,KY780123,"unassigned_1, 1b-2j-2k",1b,Comet_vs_PerGene
NS5B,KY793132,4f,4l,Comet_vs_PerGene
NS5B,KY883981,"unassigned_1, 1b-2j-2k",1b,Comet_vs_PerGene
NS5B,KY883982,"unassigned_1, 1b-2j-2k",1b,Comet_vs_PerGene
NS5B,L29590,4v,4d,Comet_vs_PerGene
NS5B,L29605,4a,4c,Comet_vs_PerGene
NS5B,L29626,4v,4c,Comet_vs_PerGene
NS5B,L29627,4v,4c,Comet_vs_PerGene
NS5B,L36437,4f,4r,Comet_vs_PerGene
NS5B,L38369,6h,8a,Comet_vs_PerGene
NS5B,L38371,1b,1l,Comet_vs_PerGene
NS5B,L38373,2j,2d,Comet_vs_PerGene
NS5B,L38377,1b,1d,Comet_vs_PerGene
NS5B,L38378,1b,1d,Comet_vs_PerGene
NS5B,L38381,6e,8a,Comet_vs_PerGene
NS5B,L44601,2a,2f,Comet_vs_PerGene
NS5B,L44602,2j,2f,Comet_vs_PerGene
NS5B,L48491,2b,2l,Comet_vs_PerGene
NS5B,L48493,2b,2l,Comet_vs_PerGene
NS5B,L48494,2b,2l,Comet_vs_PerGene
NS5B,L48495,1l,1i,Comet_vs_PerGene
NS5B,L48496,1b,1d,Comet_vs_PerGene
NS5B,L48497,2j,2k,Comet_vs_PerGene
NS5B,L49481,6j,1m,Comet_vs_PerGene
NS5B,L49484,6m,8a,Comet_vs_PerGene
NS5B,L50535,6i,8a,Comet_vs_PerGene
NS5B,L78842,3a,3i,Comet_vs_PerGene
NS5B,LC011927,"unassigned_1, 1b-6k-6d-6b-6d",1b,Comet_vs_PerGene
NS5B,LC011928,"unassigned_1, 1b-6k-6d-6b-6d",1b,Comet_vs_PerGene
NS5B,LC011929,"unassigned_1, 1b-6k-6d-6b-6d",1b,Comet_vs_PerGene
NS5B,LC011930,"unassigned_1, 1b-6k-6d-6b-6d",1b,Comet_vs_PerGene
NS5B,LC011931,"unassigned_1, 1b-6k-6d-6b-6d",1b,Comet_vs_PerGene
NS5B,LC109128,4d,4o,Comet_vs_PerGene
NS5B,LC109172,4d,4c,Comet_vs_PerGene
NS5B,LC109229,4a,4c,Comet_vs_PerGene
NS5B,LC109232,4a,4c,Comet_vs_PerGene
NS5B,LC150893,"unassigned_1, 1b-2j-2a-2b",1b,Comet_vs_PerGene
NS5B,LC273304,"unassigned_1, 1b-2b",1b,Comet_vs_PerGene
NS5B,LC368351,"unassigned_1, 1a-3a",1a,Comet_vs_PerGene
NS5B,LC368352,"unassigned_1, 3a-1a",3a,Comet_vs_PerGene
NS5B,LC368366,"unassigned_1, 1a-2b",1a,Comet_vs_PerGene
NS5B,LC368421,6w,6xa,Comet_vs_PerGene
NS5B,LC484058,5a,1a,Comet_vs_PerGene
NS5B,LC538248,5a,1a,Comet_vs_PerGene
NS5B,LC538258,1c,1o,Comet_vs_PerGene
NS5B,LC538259,1c,1o,Comet_vs_PerGene
NS5B,LC699305,4a,4c,Comet_vs_PerGene
NS5B,KR870888,"unassigned_1, 1e-4k-4n-4g-4a-4f-4d-4g",1e,Comet_vs_PerGene
NS5B,KT190710,6e,6xf,Comet_vs_PerGene
NS5B,KT190711,6e,6xf,Comet_vs_PerGene
NS5B,KT735681,6n,6xg,Comet_vs_PerGene
NS5B,KT735687,6n,6xg,Comet_vs_PerGene
NS5B,KT735689,6n,6xg,Comet_vs_PerGene
NS5B,KT735697,6n,6xg,Comet_vs_PerGene
NS5B,KT735698,6n,6xg,Comet_vs_PerGene
NS5B,KT735704,6n,6xg,Comet_vs_PerGene
NS5B,KT735709,6n,6xg,Comet_vs_PerGene
NS5B,KT735715,6n,6xg,Comet_vs_PerGene
NS5B,KT735727,6n,6xe,Comet_vs_PerGene
NS5B,KT735743,6n,6xe,Comet_vs_PerGene
NS5B,KT735827,6n,6xe,Comet_vs_PerGene
NS5B,KT735834,6n,6xe,Comet_vs_PerGene
NS5B,KT735855,6n,6xe,Comet_vs_PerGene
NS5B,KT871773,1b,1d,Comet_vs_PerGene
NS5B,KT921389,6i,1m,Comet_vs_PerGene
NS5B,KT921390,6j,8a,Comet_vs_PerGene
NS5B,KU167534,6h,2l,Comet_vs_PerGene
NS5B,KU167535,6l,2a,Comet_vs_PerGene
NS5B,KU180713,4a,4c,Comet_vs_PerGene
NS5B,KU531462,1b,3a,Comet_vs_PerGene
NS5B,KU707103,6n,1m,Comet_vs_PerGene
NS5B,KU707104,6n,1m,Comet_vs_PerGene
NS5B,KU746825,"unassigned_1, 3a-1a",1a,Comet_vs_PerGene
NS5B,KU861171,2j,7a,Comet_vs_PerGene
NS5B,KU871304,"unassigned_1, 1a-3a",1a,Comet_vs_PerGene
NS5B,KU871305,"unassigned_1, 1a-2b",1a,Comet_vs_PerGene
NS5B,KU902395,"unassigned_1, 1b-1a",1b,Comet_vs_PerGene
NS5B,KX092342,2b,7b,Comet_vs_PerGene
NS5B,KX172138,2j,7b,Comet_vs_PerGene
NS5B,KX284730,2j,2a,Comet_vs_PerGene
NS5B,KX284731,2j,2a,Comet_vs_PerGene
NS5B,KX284732,2j,2m,Comet_vs_PerGene
NS5B,KX284733,2k,2v,Comet_vs_PerGene
NS5B,KX284734,2k,2c,Comet_vs_PerGene
NS5B,KX284735,2k,2v,Comet_vs_PerGene
NS5B,KX284736,2j,2v,Comet_vs_PerGene
NS5B,KX284737,2j,2v,Comet_vs_PerGene
NS5B,KX284738,2j,2v,Comet_vs_PerGene
NS5B,KX284739,2j,2c,Comet_vs_PerGene
NS5B,KX284740,2j,2v,Comet_vs_PerGene
NS5B,KX284741,2j,2v,Comet_vs_PerGene
NS5B,KX284743,2q,2f,Comet_vs_PerGene
NS5B,KX284744,2c,2f,Comet_vs_PerGene
NS5B,KX346808,2a,2u,Comet_vs_PerGene
NS5B,KX346809,2j,2c,Comet_vs_PerGene
NS5B,KX346810,2a,2r,Comet_vs_PerGene
NS5B,KX346811,2j,2t,Comet_vs_PerGene
NS5B,KX346824,2q,2l,Comet_vs_PerGene
NS5B,OQ656813,6n,1m,Comet_vs_PerGene
NS5B,OQ656818,6n,1m,Comet_vs_PerGene
NS5B,OQ660325,2j,8a,Comet_vs_PerGene
NS5B,OQ660330,3a,3i,Comet_vs_PerGene
NS5B,OQ660338,3a,3i,Comet_vs_PerGene
NS5B,OP894632,1b,1d,Comet_vs_PerGene
NS5B,OP894633,1b,1d,Comet_vs_PerGene
NS5B,OP894636,1b,1d,Comet_vs_PerGene
NS5B,OP894642,1b,1d,Comet_vs_PerGene
NS5B,OP894646,1b,1o,Comet_vs_PerGene
NS5B,OP894648,"unassigned_1, 1l-1b-1a-4t-1a-4t",1l,Comet_vs_PerGene
NS5B,OP894649,1b,1d,Comet_vs_PerGene
NS5B,OK001626,4v,4c,Comet_vs_PerGene
NS5B,OK180912,1b,1d,Comet_vs_PerGene
NS5B,OK180913,1b,1d,Comet_vs_PerGene
NS5B,OK180914,1b,1d,Comet_vs_PerGene
NS5B,OK180915,1b,1d,Comet_vs_PerGene
NS5B,OK180916,1b,1d,Comet_vs_PerGene
NS5B,OK180917,1b,1d,Comet_vs_PerGene
NS5B,OK180918,1b,1d,Comet_vs_PerGene
NS5B,OK180919,1b,1d,Comet_vs_PerGene
NS5B,OK180920,1b,1d,Comet_vs_PerGene
NS5B,OK180921,1b,1d,Comet_vs_PerGene
NS5B,OK180922,1b,1d,Comet_vs_PerGene
NS5B,OK180923,1b,1d,Comet_vs_PerGene
NS5B,OK180924,1b,1d,Comet_vs_PerGene
NS5B,OK180925,1b,1d,Comet_vs_PerGene
NS5B,OK180926,1b,1d,Comet_vs_PerGene
NS5B,OK180953,2a,2i,Comet_vs_PerGene
NS5B,OK180954,2j,2q,Comet_vs_PerGene
NS5B,OK180955,2b,2f,Comet_vs_PerGene
NS5B,OR902099,2j,2u,Comet_vs_PerGene
NS5B,OR902102,2j,2u,Comet_vs_PerGene
NS5B,OR902103,2j,2c,Comet_vs_PerGene
NS5B,OR902104,2k,2q,Comet_vs_PerGene
NS5B,OR902263,4a,4c,Comet_vs_PerGene
NS5B,OR902268,4v,4t,Comet_vs_PerGene
NS5B,OR902269,1c,1o,Comet_vs_PerGene
NS5B,OR902271,2a,2u,Comet_vs_PerGene
NS5B,OR923669,4v,4c,Comet_vs_PerGene
NS5B,OR923671,2j,2u,Comet_vs_PerGene
NS5B,OR923680,2j,2u,Comet_vs_PerGene
NS5B,OR923685,2j,2u,Comet_vs_PerGene
NS5B,OR923690,4v,4p,Comet_vs_PerGene
NS5B,OR923691,4m,4c,Comet_vs_PerGene
NS5B,OR923692,4v,4p,Comet_vs_PerGene
NS5B,OR923699,4a,4c,Comet_vs_PerGene
NS5B,OR923703,4v,4t,Comet_vs_PerGene
NS5B,OR923705,4a,4v,Comet_vs_PerGene
NS5B,OR923706,4v,4c,Comet_vs_PerGene
NS5B,OR923709,2j,2u,Comet_vs_PerGene
NS5B,OR923710,2j,2u,Comet_vs_PerGene
NS5B,OR923713,1b,1o,Comet_vs_PerGene
NS5B,OQ873159,"unassigned_1, 3b-3a-3g-2b-3h-2b-3h",3b,Comet_vs_PerGene
NS5B,OQ873160,"unassigned_1, 3b-3h",3b,Comet_vs_PerGene
NS5B,OQ873161,"unassigned_1, 3b-3a-2b-3k-2b-3h",3b,Comet_vs_PerGene
NS5B,OQ832071,6w,6xa,Comet_vs_PerGene
NS5B,OM525854,1b,1o,Comet_vs_PerGene
NS5B,OM525855,"unassigned_1, 2a-2k",2k,Comet_vs_PerGene
NS5B,OM525856,1a,1m,Comet_vs_PerGene
NS5B,OM525858,2a,2u,Comet_vs_PerGene
NS5B,OM525862,1b,1d,Comet_vs_PerGene
NS5B,OM525864,1a,1k,Comet_vs_PerGene
NS5B,OM525865,1b,1d,Comet_vs_PerGene
NS5B,OM525868,1b,1d,Comet_vs_PerGene
NS5B,OM525871,1a,1k,Comet_vs_PerGene
NS5B,OM525872,1b,1d,Comet_vs_PerGene
NS5B,OM525873,"unassigned_1, 1a-1b",1k,Comet_vs_PerGene
NS5B,OM525875,1a,1k,Comet_vs_PerGene
NS5B,OM525876,1b,1d,Comet_vs_PerGene
NS5B,OM525877,2j,2m,Comet_vs_PerGene
NS5B,OM525878,2a,2r,Comet_vs_PerGene
NS5B,OM525879,2j,2r,Comet_vs_PerGene
NS5B,OM525885,2j,2q,Comet_vs_PerGene
NS5B,OM525888,1b,1a,Comet_vs_PerGene
NS5B,OM525889,1b,1d,Comet_vs_PerGene
NS5B,OM525890,2j,2m,Comet_vs_PerGene
NS5B,OM525892,1b,1d,Comet_vs_PerGene
NS5B,OM525893,2a,2k,Comet_vs_PerGene
NS5B,OM525894,1b,1d,Comet_vs_PerGene
NS5B,OM525895,"unassigned_1, 1b-2a",1d,Comet_vs_PerGene
NS5B,OM525897,1b,1d,Comet_vs_PerGene
NS5B,OM525899,"unassigned_1, 2b-1b",2b,Comet_vs_PerGene
NS5B,OM525900,2j,2k,Comet_vs_PerGene
NS5B,OM525901,2a,2q,Comet_vs_PerGene
NS5B,OM525905,2j,2q,Comet_vs_PerGene
NS5B,OM525906,1b,1d,Comet_vs_PerGene
NS5B,OM525908,"unassigned_1, 2d-2a",2d,Comet_vs_PerGene
NS5B,OM525909,1a,1k,Comet_vs_PerGene
NS5B,PV184474,"unassigned_1, 1a-3a",1a,Comet_vs_PerGene
NS5B,PV184477,"unassigned_1, 3a-2b",3a,Comet_vs_PerGene
NS5B,PV184543,"unassigned_1, 1a-2b",1a,Comet_vs_PerGene
NS5B,PV184558,"unassigned_1, 1a-2b",1a,Comet_vs_PerGene
NS5B,PV184562,"unassigned_1, 1a-2b",1a,Comet_vs_PerGene
NS5B,PV184569,"unassigned_1, 1a-2b",1a,Comet_vs_PerGene
NS5B,PV289116,"unassigned_1, 1a-2b",1a,Comet_vs_PerGene
NS5B,PV289118,"unassigned_1, 1a-2b",1a,Comet_vs_PerGene
NS5B,PV289130,"unassigned_1, 1a-2b",1a,Comet_vs_PerGene
NS5B,PV289210,"unassigned_1, 3a-2b",3a,Comet_vs_PerGene
NS5B,PV289216,"unassigned_1, 3a-2b",3a,Comet_vs_PerGene
NS5B,PV289218,"unassigned_1, 3a-2b",3a,Comet_vs_PerGene
NS5B,PP856539,"unassigned_1, 1b-2a",1b,Comet_vs_PerGene
NS5B,PP763752,3a,3i,Comet_vs_PerGene
NS5B,MZ171127,6l,6xj,Comet_vs_PerGene
NS5B,MZ171128,6l,6xj,Comet_vs_PerGene
NS5B,MZ171129,6l,6xj,Comet_vs_PerGene
NS5B,MZ171130,6l,6xj,Comet_vs_PerGene
NS5B,MZ171131,6l,6xj,Comet_vs_PerGene
NS5B,MZ171132,6l,6xj,Comet_vs_PerGene
NS5B,MZ171133,6l,6xj,Comet_vs_PerGene
NS5B,MZ171134,6l,6xj,Comet_vs_PerGene
NS5B,MZ504973,6l,6xi,Comet_vs_PerGene
NS5B,MZ504974,6k,6xi,Comet_vs_PerGene
NS5B,MZ504975,6k,6xi,Comet_vs_PerGene
NS5B,MZ504976,6k,6xi,Comet_vs_PerGene
NS5B,MZ541883,1b,1a,Comet_vs_PerGene
NS5B,MZ541884,1b,1a,Comet_vs_PerGene
NS5B,OM884436,4v,4q,Comet_vs_PerGene
NS5B,OM884438,4v,4q,Comet_vs_PerGene
NS5B,OM884444,4v,4q,Comet_vs_PerGene
NS5B,OM884445,4v,4q,Comet_vs_PerGene
NS5B,MZ418139,2j,2l,Comet_vs_PerGene
NS5B,MZ418143,1b,1d,Comet_vs_PerGene
NS5B,MZ418144,1b,1d,Comet_vs_PerGene
NS5B,MZ418154,1b,1d,Comet_vs_PerGene
NS5B,MZ418155,2j,2l,Comet_vs_PerGene
NS5B,MZ418161,1b,1d,Comet_vs_PerGene
NS5B,MZ418171,1b,1d,Comet_vs_PerGene
NS5B,MZ418172,2j,2d,Comet_vs_PerGene
NS5B,MZ418173,1b,1d,Comet_vs_PerGene
NS5B,MZ418175,1b,1d,Comet_vs_PerGene
NS5B,MZ418184,1b,1d,Comet_vs_PerGene
NS5B,MZ418186,1b,1d,Comet_vs_PerGene
NS5B,MZ418187,2b,2l,Comet_vs_PerGene
NS5B,MZ418189,1b,1i,Comet_vs_PerGene
NS5B,MZ418190,1b,1d,Comet_vs_PerGene
NS5B,MZ418196,1b,1i,Comet_vs_PerGene
NS5B,MZ418201,2j,2f,Comet_vs_PerGene
NS5B,MZ418204,1b,1d,Comet_vs_PerGene
NS5B,MZ418211,2c,2f,Comet_vs_PerGene
NS5B,MZ418214,1b,1i,Comet_vs_PerGene
NS5B,MZ418215,1b,1d,Comet_vs_PerGene
NS5B,MZ418217,2j,2l,Comet_vs_PerGene
